t_Roll,Roll_true_future,Roll_selected_model,Roll_naive_yk,Roll_constant_velocity,Roll_selected_model_error,Roll_naive_error,Roll_cv_error,t_Pitch,Pitch_true_future,Pitch_selected_model,Pitch_naive_yk,Pitch_constant_velocity,Pitch_selected_model_error,Pitch_naive_error,Pitch_cv_error,t_Yaw,Yaw_true_future,Yaw_selected_model,Yaw_naive_yk,Yaw_constant_velocity,Yaw_selected_model_error,Yaw_naive_error,Yaw_cv_error
100.299864,0.0967454463243484,0.10000134382379228,0.0996062159538269,0.10110149532556541,0.0032558974994438827,0.00286076962947851,0.004356049001217013,100.299864,0.0800635889172554,0.08330639645151051,0.0827193185687065,0.0831287875771523,0.0032428075342551127,0.002655729651451097,0.0030651986598968922,100.299864,352.6801452636719,352.67938232421875,352.6802062988281,352.67938232421875,-0.000762939453125,6.103515625e-05,-0.000762939453125
100.399824,0.0985469743609428,0.09385641509396538,0.0967454463243484,0.09388467669486988,-0.004690559266977423,-0.0018015280365944047,-0.004662297666072915,100.399824,0.0822465419769287,0.07802968264229433,0.0800635889172554,0.0774078592658043,-0.004216859334634365,-0.0021829530596732954,-0.004838682711124392,100.399824,352.6800842285156,352.6800842285156,352.6801452636719,352.6800842285156,0.0,6.103515625e-05,0.0
100.499784,0.097006469964981,0.10117786250948313,0.0985469743609428,0.1003485023975372,0.004171392544502134,0.001540504395961803,0.003342032432556208,100.499784,0.0825774222612381,0.08558869126835622,0.0822465419769287,0.08442949503660199,0.0030112690071181225,-0.0003308802843094011,0.0018520727753638944,100.499784,352.6813049316406,352.6800231933594,352.6800842285156,352.6800231933594,-0.00128173828125,-0.001220703125,-0.00128173828125
100.599744,0.095435120165348,0.09492663085396365,0.097006469964981,0.09546596556901919,-0.0005084893113843497,0.0015713497996329984,3.084540367119526e-05,100.599744,0.0806173831224441,0.08193487344647588,0.0825774222612381,0.0829083025455475,0.0013174903240317781,0.001960039138794001,0.002290919423103402,100.599744,352.6837463378906,352.6825256347656,352.6813049316406,352.6825256347656,-0.001220703125,-0.00244140625,-0.001220703125
100.699704,0.097215861082077,0.09502357446401384,0.095435120165348,0.093863770365715,-0.002192286618063158,-0.0017807409167290011,-0.0033520907163619995,100.699704,0.0781267583370208,0.07994178272639786,0.0806173831224441,0.0786573439836501,0.0018150243893770568,0.0024906247854232927,0.0005305856466292919,100.699704,352.6833801269531,352.6861877441406,352.6837463378906,352.6861877441406,0.0028076171875,0.0003662109375,0.0028076171875
100.799664,0.0957150682806968,0.09892371616800716,0.097215861082077,0.098996601998806,0.003208647887310359,0.001500792801380199,0.0032815337181092002,100.799664,0.0762966871261596,0.0778637722859242,0.0781267583370208,0.07563613355159751,0.0015670851597646002,0.001830071210861206,-0.0006605535745620866,100.799664,352.6809997558594,352.6830139160156,352.6833801269531,352.6830139160156,0.00201416015625,0.00238037109375,0.00201416015625
100.899624,0.0946235284209251,0.09425247509396256,0.0957150682806968,0.0942142754793166,-0.00037105332696253657,0.0010915398597717008,-0.00040925294160849834,100.899624,0.0825011655688285,0.07683996453574576,0.0762966871261596,0.07446661591529839,-0.005661201033082736,-0.006204478442668901,-0.008034549653530107,100.899624,352.67889404296875,352.6786193847656,352.6809997558594,352.6786193847656,-0.000274658203125,0.002105712890625,-0.000274658203125
100.999584,0.0918107703328132,0.09519582910253659,0.0946235284209251,0.0935319885611534,0.0033850587697233925,0.002812758088111905,0.0017212182283402044,100.999584,0.0911537483334541,0.09034541694770094,0.0825011655688285,0.0887056440114974,-0.000808331385753161,-0.008652582764625605,-0.002448104321956704,100.999584,352.6781005859375,352.6767883300781,352.67889404296875,352.6767883300781,-0.001312255859375,0.00079345703125,-0.001312255859375
101.099544,0.085871547460556,0.08944067563001774,0.0918107703328132,0.08899801224470129,0.003569128169461741,0.005939222872257191,0.003126464784145286,101.099544,0.0945397093892097,0.09742906802392508,0.0911537483334541,0.09980633109807971,0.002889358634715372,-0.0033859610557556014,0.0052666217088700035,101.099544,352.6778869628906,352.67730712890625,352.6781005859375,352.67730712890625,-0.000579833984375,0.000213623046875,-0.000579833984375
101.199504,0.0821436122059822,0.08106077879689659,0.085871547460556,0.07993232458829881,-0.001082833409085604,0.003727935254573808,-0.002211287617683383,101.199504,0.0961648747324943,0.0953939976335921,0.0945397093892097,0.09792567044496531,-0.0007708770989021951,-0.001625165343284593,0.0017607957124710083,101.199504,352.67828369140625,352.67767333984375,352.6778869628906,352.67767333984375,-0.0006103515625,-0.000396728515625,-0.0006103515625
101.299464,0.0829521566629409,0.08116960376806183,0.0821436122059822,0.07841567695140839,-0.0017825528948790664,-0.0008085444569587014,-0.0045364797115325095,101.299464,0.0998845845460891,0.09743997124634446,0.0961648747324943,0.09779004007577889,-0.002444613299744644,-0.0037197098135948042,-0.002094544470310211,101.299464,352.6788024902344,352.6786804199219,352.67828369140625,352.6786804199219,-0.0001220703125,-0.000518798828125,-0.0001220703125
101.399424,0.082170121371746,0.08564155743328122,0.0829521566629409,0.0837607011198996,0.0034714360615352297,0.0007820352911949019,0.0015905797481536033,101.399424,0.101112812757492,0.10277523654584667,0.0998845845460891,0.10360429435968391,0.0016624237883546694,-0.001228228211402893,0.002491481602191911,101.399424,352.6795349121094,352.6793212890625,352.6788024902344,352.6793212890625,-0.000213623046875,-0.000732421875,-0.000213623046875
101.499384,0.0835417136549949,0.08241746025113128,0.082170121371746,0.08138808608055109,-0.0011242534038636148,-0.0013715922832489014,-0.0021536275744438033,101.499384,0.1035123169422149,0.10064098250442965,0.101112812757492,0.10234104096889489,-0.0028713344377852418,-0.0023995041847229004,-0.0011712759733200073,101.499384,352.67999267578125,352.6802673339844,352.6795349121094,352.6802673339844,0.000274658203125,-0.000457763671875,0.000274658203125
101.599344,0.0874276012182235,0.08676824081340832,0.0835417136549949,0.0849133059382438,-0.0006593604048151791,-0.003885887563228607,-0.002514295279979706,101.599344,0.0993965119123458,0.1050065264552193,0.1035123169422149,0.1059118211269378,0.005610014542873493,0.0041158050298690935,0.006515309214591994,101.599344,352.6800231933594,352.6804504394531,352.67999267578125,352.6804504394531,0.00042724609375,-3.0517578125e-05,0.00042724609375
101.699304,0.089522086083889,0.09073966447944996,0.0874276012182235,0.09131348878145211,0.0012175783955609698,-0.0020944848656654913,0.0017914026975631159,101.699304,0.0975523069500923,0.09473860950036805,0.0993965119123458,0.09528070688247671,-0.002813697449724248,0.0018442049622535012,-0.0022716000676155923,101.699304,352.6806030273437,352.6800537109375,352.6800231933594,352.6800537109375,-0.0005493164061931566,-0.0005798339843181566,-0.0005493164061931566
101.799264,0.0931736752390861,0.09195546113822456,0.089522086083889,0.09161657094955448,-0.0012182141008615366,-0.003651589155197102,-0.0015571042895316106,101.799264,0.0965058282017707,0.09708130965633346,0.0975523069500923,0.0957081019878388,0.0005754814545627651,0.0010464787483216026,-0.0007977262139318986,101.799264,352.68096923828125,352.681182861328,352.6806030273437,352.681182861328,0.00021362304676131316,-0.0003662109375568434,0.00021362304676131316
101.899224,0.0932782739400863,0.09636712200607421,0.0931736752390861,0.0968252643942832,0.0030888480659879147,-0.00010459870100019975,0.003546990454196902,101.899224,0.0942954272031784,0.09609847564505511,0.0965058282017707,0.0954593494534491,0.0018030484418767034,0.0022104009985922934,0.0011639222502706909,101.899224,352.67999267578125,352.6813354492188,352.68096923828125,352.6813354492188,0.0013427734375568434,0.0009765625,0.0013427734375568434
102.000017,0.0950536131858825,0.09266686311258478,0.0932782739400863,0.0933828726410865,-0.002386750073297722,-0.0017753392457962036,-0.0016707405447960039,102.000017,0.0944141745567321,0.09212614684611345,0.0942954272031784,0.09208502620458611,-0.0022880277106186453,-0.0001187473535536887,-0.002329148352145982,102.000017,352.67926025390625,352.67901611328125,352.67999267578125,352.67901611328125,-0.000244140625,0.000732421875,-0.000244140625
102.099977,0.0921361595392227,0.09724805857456337,0.0950536131858825,0.0968289524316787,0.005111899035340664,0.0029174536466597956,0.004692792892455999,102.099977,0.0902867168188095,0.09535693797764418,0.0944141745567321,0.09453292191028578,0.005070221158834681,0.004127457737922599,0.004246205091476288,102.099977,352.6791076660156,352.67852783203125,352.67926025390625,352.67852783203125,-0.000579833984375,0.000152587890625,-0.000579833984375
102.199937,0.0899241343140602,0.08866732538550069,0.0921361595392227,0.08921870589256291,-0.0012568089285595052,0.002212025225162506,-0.0007054284214972895,102.199937,0.0914362668991088,0.08600859155162668,0.0902867168188095,0.0861592590808869,-0.005427675347482119,-0.001149550080299308,-0.005277007818221907,102.199937,352.6791076660156,352.678955078125,352.6791076660156,352.678955078125,-0.000152587890625,0.0,-0.000152587890625
102.299897,0.0927761122584343,0.09058082668620493,0.0899241343140602,0.08771210908889769,-0.0021952855722293663,-0.0028519779443740984,-0.0050640031695366045,102.299897,0.0940749123692512,0.09405937912888865,0.0914362668991088,0.09258581697940811,-1.553324036254744e-05,-0.0026386454701423923,-0.0014890953898430842,102.299897,352.6792907714844,352.6791076660156,352.6791076660156,352.6791076660156,-0.00018310546875,-0.00018310546875,-0.00018310546875
102.399857,0.092498280107975,0.09671353131414039,0.0927761122584343,0.0956280902028084,0.00421525120616538,0.00027783215045928955,0.003129810094833388,102.399857,0.0892045646905899,0.09616695222521604,0.0940749123692512,0.09671355783939359,0.0069623875346261355,0.004870347678661291,0.007508993148803683,102.399857,352.67926025390625,352.6794738769531,352.6792907714844,352.6794738769531,0.000213623046875,3.0517578125e-05,0.000213623046875
102.499817,0.0891169235110282,0.0916563302740464,0.092498280107975,0.09222044795751572,0.0025394067630181982,0.0033813565969467996,0.00310352444648751,102.499817,0.0846350640058517,0.08450723832939713,0.0892045646905899,0.08433421701192861,-0.000127825676454571,0.004569500684738201,-0.0003008469939230901,102.499817,352.6796569824219,352.6792297363281,352.67926025390625,352.6792297363281,-0.00042724609375,-0.000396728515625,-0.00042724609375
102.599777,0.0896575972437858,0.087240425914819,0.0891169235110282,0.08573556691408141,-0.002417171328966808,-0.0005406737327575961,-0.003922030329704396,102.599777,0.0830540731549263,0.08238463802590346,0.0846350640058517,0.0800655633211135,-0.000669435129022844,0.001580990850925404,-0.002988509833812797,102.599777,352.6797790527344,352.6800537109375,352.6796569824219,352.6800537109375,0.000274658203125,-0.0001220703125,0.000274658203125
102.699737,0.0909363403916359,0.09158484065870902,0.0896575972437858,0.0901982709765434,0.0006485002670731238,-0.0012787431478500921,-0.000738069415092496,102.699737,0.0764238089323043,0.08339377926918136,0.0830540731549263,0.0814730823040009,0.00696997033687706,0.006630264222622001,0.005049273371696597,102.699737,352.680419921875,352.6799011230469,352.6797790527344,352.6799011230469,-0.000518798828125,-0.000640869140625,-0.000518798828125
102.799697,0.090908482670784,0.09109407580832213,0.0909363403916359,0.09221508353948599,0.00018559313753813145,2.7857720851898193e-05,0.0013066008687019903,102.799697,0.0741571262478828,0.07205825123626892,0.0764238089323043,0.0697935447096823,-0.0020988750116138766,0.0022666826844214977,-0.004363581538200503,102.799697,352.68096923828125,352.6810607910156,352.680419921875,352.6810607910156,9.1552734375e-05,-0.00054931640625,9.1552734375e-05
102.899657,0.0918938070535659,0.09112250730830923,0.090908482670784,0.0908806249499321,-0.000771299745256665,-0.0009853243827818992,-0.0010131821036337973,102.899657,0.0704288333654403,0.07540460020086805,0.0741571262478828,0.0718904435634613,0.004975766835427747,0.003728292882442502,0.0014616101980210044,102.899657,352.6813049316406,352.6815185546875,352.68096923828125,352.6815185546875,0.000213623046875,-0.000335693359375,0.000213623046875
102.999617,0.095133252441883,0.09228452296232881,0.0918938070535659,0.0928791314363478,-0.002848729479554196,-0.003239445388317108,-0.002254121005535209,102.999617,0.0643395707011222,0.06882011289608775,0.0704288333654403,0.0667005404829978,0.004480542194965548,0.006089262664318099,0.0023609697818755965,102.999617,352.6810302734375,352.681640625,352.6813049316406,352.681640625,0.0006103515625,0.000274658203125,0.0006103515625
103.099577,0.0924301296472549,0.09731399308932463,0.095133252441883,0.09837269783020011,0.00488386344206973,0.0027031227946281017,0.00594256818294521,103.099577,0.0609268248081207,0.06214919195065248,0.0643395707011222,0.0582503080368041,0.00122236714253178,0.003412745893001501,-0.0026765167713165977,103.099577,352.6807861328125,352.6807556152344,352.6810302734375,352.6807556152344,-3.0517578125e-05,0.000244140625,-3.0517578125e-05
103.199537,0.0933978408575058,0.08974374033314135,0.0924301296472549,0.0897270068526268,-0.003654100524364448,-0.0009677112102508961,-0.003670834004878998,103.199537,0.0611779354512691,0.06066431025705306,0.0609268248081207,0.0575140789151192,-0.0005136251942160427,-0.0002511106431484014,-0.0036638565361499023,103.199537,352.68048095703125,352.6805419921875,352.6807861328125,352.6805419921875,6.103515625e-05,0.00030517578125,6.103515625e-05
103.299497,0.0942678973078727,0.0956030421435123,0.0933978408575058,0.0943655520677567,0.0013351448356395956,-0.0008700564503669045,9.765475988399164e-05,103.299497,0.0576066263020038,0.06388051475496931,0.0611779354512691,0.0614290460944175,0.006273888452965511,0.003571309149265303,0.0038224197924137046,103.299497,352.6801147460937,352.68017578125,352.68048095703125,352.68017578125,6.103515630684342e-05,0.0003662109375568434,6.103515630684342e-05
103.399457,0.0917910635471344,0.09425112972730885,0.0942678973078727,0.09513795375823961,0.0024600661801744556,0.0024768337607383034,0.003346890211105208,103.399457,0.0565933771431446,0.05566270958870763,0.0576066263020038,0.054035317152738495,-0.0009306675544369716,0.0010132491588591974,-0.0025580599904061058,103.399457,352.6797790527344,352.67974853515614,352.6801147460937,352.67974853515614,-3.051757823868684e-05,0.0003356933593181566,-3.051757823868684e-05
103.499417,0.0948278382420539,0.09024182481200128,0.0917910635471344,0.0893142297863961,-0.004586013430052618,-0.003036774694919503,-0.005513608455657806,103.499417,0.0578973442316055,0.0579639872452458,0.0565933771431446,0.0555801279842854,6.66430136402954e-05,-0.0013039670884609014,-0.002317216247320099,103.499417,352.6798095703125,352.67944335937506,352.6797790527344,352.67944335937506,-0.0003662109374431566,-3.0517578125e-05,-0.0003662109374431566
103.599377,0.0922487527132034,0.09805109693479357,0.0948278382420539,0.0978646129369734,0.005802344221590164,0.0025790855288505,0.005615860223770003,103.599377,0.0545270591974258,0.06056797380907788,0.0578973442316055,0.0592013113200664,0.006040914611652078,0.0033702850341797014,0.004674252122640603,103.599377,352.6801147460937,352.6798400878906,352.6798095703125,352.6798400878906,-0.0002746582030681566,-0.0003051757811931566,-0.0002746582030681566
103.699337,0.0929611250758171,0.08864332010797671,0.0922487527132034,0.0896696671843529,-0.004317804967840386,-0.0007123723626136919,-0.0032914578914641918,103.699337,0.0553850755095481,0.05165306131077261,0.0545270591974258,0.0511567741632461,-0.003732014198775488,-0.0008580163121222964,-0.004228301346301998,103.699337,352.6801147460937,352.6804199218749,352.6801147460937,352.6804199218749,0.0003051757811931566,0.0,0.0003051757811931566
103.799297,0.093666635453701,0.09502572396333764,0.0929611250758171,0.09367349743843079,0.0013590885096366329,-0.0007055103778839111,6.8619847297807235e-06,103.799297,0.0548761114478111,0.05884845126543593,0.0553850755095481,0.05624309182167039,0.003972339817624834,0.0005089640617369981,0.0013669803738592945,103.799297,352.6798095703125,352.6801147460937,352.6801147460937,352.6801147460937,0.0003051757811931566,0.0003051757811931566,0.0003051757811931566
103.899257,0.0933186113834381,0.09345859742948916,0.093666635453701,0.09437214583158492,0.00013998604605106046,0.00034802407026290894,0.00105353444814682,103.899257,0.0551075972616672,0.054993104633095514,0.0548761114478111,0.0543671473860741,-0.00011449262857168852,-0.00023148581385610406,-0.0007404498755931022,103.899257,352.6796875,352.6795043945313,352.6798095703125,352.6795043945313,-0.00018310546869315658,0.0001220703125,-0.00018310546869315658
103.999217,0.0960128456354141,0.09339750429533435,0.0933186113834381,0.09297058731317519,-0.0026153413400797493,-0.0026942342519759993,-0.0030422583222389082,103.999217,0.0619681812822818,0.05738471276596923,0.0551075972616672,0.05533908307552331,-0.004583468516312569,-0.006860584020614596,-0.006629098206758492,103.999217,352.6796264648437,352.6795654296875,352.6796875,352.6795654296875,-6.103515619315658e-05,6.103515630684342e-05,-6.103515619315658e-05
104.10001,0.0940389558672905,0.09893667502028672,0.0960128456354141,0.0987070798873901,0.004897719152996222,0.001973889768123599,0.004668124020099598,104.10001,0.0646230280399322,0.06929218321201161,0.0619681812822818,0.06882876530289639,0.0046691551720794144,-0.002654846757650396,0.004205737262964193,104.10001,352.6794128417969,352.6795654296874,352.6796264648437,352.6795654296874,0.00015258789051131316,0.00021362304681815658,0.00015258789051131316
104.19997,0.0928137898445129,0.09071832168522426,0.0940389558672905,0.0920650660991669,-0.002095468159288641,0.001225166022777599,-0.000748723745346,104.19997,0.070139467716217,0.06534231571774268,0.0646230280399322,0.0672778747975826,-0.004797151998474317,-0.005516439676284804,-0.002861592918634401,104.19997,352.678955078125,352.67919921875006,352.6794128417969,352.67919921875006,0.0002441406250568434,0.000457763671875,0.0002441406250568434
104.29993,0.0942711755633354,0.09312568666767397,0.0928137898445129,0.0915886238217353,-0.001145488895661434,-0.001457385718822507,-0.002682551741600106,104.29993,0.07326390594244,0.07546135908211947,0.070139467716217,0.0756559073925018,0.0021974531396794644,-0.003124438226223006,0.002392001450061798,104.29993,352.6786193847656,352.6784973144531,352.678955078125,352.6784973144531,-0.0001220703125,0.000335693359375,-0.0001220703125
104.39989,0.0973648130893707,0.09559181817036255,0.0942711755633354,0.09572856128215791,-0.0017729949190081473,-0.003093637526035295,-0.001636251807212788,104.39989,0.0734910070896148,0.07521851115275474,0.07326390594244,0.07638834416866301,0.0017275040631399424,-0.00022710114717479357,0.0028973370790482122,104.39989,352.6781921386719,352.67828369140625,352.6786193847656,352.67828369140625,9.1552734375e-05,0.00042724609375,9.1552734375e-05
104.49985,0.0952025204896926,0.09954496302414303,0.0973648130893707,0.100458450615406,0.00434244253445043,0.002162292599678095,0.00525593012571339,104.49985,0.0750708654522895,0.07474620043142063,0.0734910070896148,0.07371810823678959,-0.00032466502086886395,-0.0015798583626746993,-0.0013527572154999057,104.49985,352.6783752441406,352.6777648925781,352.6781921386719,352.6777648925781,-0.0006103515625,-0.00018310546875,-0.0006103515625
104.59981,0.0950974971055984,0.09299351195021763,0.0952025204896926,0.09304022789001451,-0.0021039851553807665,0.00010502338409421053,-0.0020572692155838845,104.59981,0.0715774074196815,0.0773082442475335,0.0750708654522895,0.0766507238149642,0.005730836827852012,0.0034934580326080045,0.005073316395282704,104.59981,352.6787414550781,352.6785583496094,352.6783752441406,352.6785583496094,-0.00018310546875,-0.0003662109375,-0.00018310546875
104.69977,0.0915328860282898,0.09492449681077196,0.0950974971055984,0.09499247372150418,0.0033916107824821656,0.0035646110773085993,0.0034595876932143887,104.69977,0.0697497576475143,0.06998152872205136,0.0715774074196815,0.06808394938707349,0.0002317710745370627,0.001827649772167192,-0.0016658082604408125,104.69977,352.6789855957031,352.6791076660156,352.6787414550781,352.6791076660156,0.0001220703125,-0.000244140625,0.0001220703125
104.79973,0.0891580879688263,0.08903807891355488,0.0915328860282898,0.0879682749509812,-0.0001200090552714167,0.002374798059463501,-0.0011898130178450983,104.79973,0.0706352367997169,0.07056282067459822,0.0697497576475143,0.06792210787534711,-7.241612511867113e-05,-0.0008854791522025923,-0.0027131289243697843,104.79973,352.6791687011719,352.6792297363281,352.6789855957031,352.6792297363281,6.103515625e-05,-0.00018310546875,6.103515625e-05
104.89969,0.0910616517066955,0.08922435045705061,0.0891580879688263,0.08678328990936279,-0.0018373012496448876,-0.0019035637378692072,-0.004278361797332708,104.89969,0.0689738914370536,0.07351636232786696,0.0706352367997169,0.07152071595191949,0.00454247089081336,0.0016613453626632968,0.002546824514865889,104.89969,352.6791687011719,352.6793518066406,352.6791687011719,352.6793518066406,0.00018310546875,0.0,0.00018310546875
104.99965,0.0882878303527832,0.09349966352140038,0.0910616517066955,0.09296521544456471,0.005211833168617175,0.002773821353912298,0.004677385091781505,104.99965,0.0787543281912803,0.06956431585593409,0.0689738914370536,0.0673125460743903,-0.009190012335346207,-0.009780436754226698,-0.011441782116889995,104.99965,352.6787414550781,352.6791687011719,352.6791687011719,352.6791687011719,0.00042724609375,0.00042724609375,0.00042724609375
105.09961,0.0887835994362831,0.08760661483094621,0.0882878303527832,0.0855140089988709,-0.0011769846053368838,-0.0004957690834998946,-0.0032695904374121926,105.09961,0.0867105275392532,0.08876075240786171,0.0787543281912803,0.088534764945507,0.0020502248686085217,-0.007956199347972898,0.0018242374062538008,105.09961,352.6791381835937,352.6783142089844,352.6787414550781,352.6783142089844,-0.0008239746093181566,-0.0003967285155681566,-0.0008239746093181566
105.19957,0.0822403654456138,0.0893397587527959,0.0887835994362831,0.08927936851978299,0.007099393307182095,0.006543233990669292,0.007039003074169187,105.19957,0.0902147740125656,0.09201737471233074,0.0867105275392532,0.09466672688722609,0.0018026006997651361,-0.0035042464733124057,0.004451952874660492,105.19957,352.67926025390625,352.67953491210926,352.6791381835937,352.67953491210926,0.00027465820301131316,-0.00012207031255684342,0.00027465820301131316
105.29953,0.0742689818143844,0.07540205474311275,0.0822403654456138,0.07569713145494451,0.001133072928728343,0.0079713836312294,0.0014281496405601085,105.29953,0.0927395969629287,0.09109681194066557,0.0902147740125656,0.093719020485878,-0.0016427850222631296,-0.0025248229503631037,0.000979423522949302,105.29953,352.679443359375,352.6793823242188,352.67926025390625,352.6793823242188,-6.103515619315658e-05,-0.00018310546875,-6.103515619315658e-05
105.39949,0.0698445960879325,0.06924663109906529,0.0742689818143844,0.066297598183155,-0.0005979649888672167,0.0044243857264519015,-0.003546997904777499,105.39949,0.0936220437288284,0.09435367590448243,0.0927395969629287,0.0952644199132918,0.0007316321756540289,-0.0008824467658996998,0.0016423761844634038,105.39949,352.6793212890625,352.67962646484375,352.679443359375,352.67962646484375,0.00030517578125,0.0001220703125,0.00030517578125
105.49945,0.0665564909577369,0.06830710488387257,0.0698445960879325,0.0654202103614806,0.0017506139261356662,0.003288105130195604,-0.0011362805962562977,105.49945,0.0873990058898925,0.09356981810678969,0.0936220437288284,0.0945044904947281,0.006170812216897192,0.0062230378389359076,0.007105484604835607,105.49945,352.6792297363281,352.67919921875,352.6793212890625,352.67919921875,-3.0517578125e-05,9.1552734375e-05,-3.0517578125e-05
105.59941,0.0645918771624565,0.06465521199942649,0.0665564909577369,0.0632683858275413,6.333483696999154e-05,0.001964613795280401,-0.0013234913349152028,105.59941,0.0856034457683563,0.08221245183900365,0.0873990058898925,0.08117596805095659,-0.0033909939293526453,0.0017955601215361994,-0.004427477717399708,105.59941,352.6789245605469,352.67913818359375,352.6792297363281,352.67913818359375,0.000213623046875,0.00030517578125,0.000213623046875
105.69937,0.0652172341942787,0.06516134767202211,0.0645918771624565,0.0626272633671761,-5.588652225659019e-05,-0.0006253570318222046,-0.0025899708271026056,105.69937,0.085741750895977,0.08675690187017542,0.0856034457683563,0.0838078856468201,0.0010151509741984088,-0.0001383051276207109,-0.0019338652491569103,105.69937,352.67889404296875,352.6786193847656,352.6789245605469,352.6786193847656,-0.000274658203125,3.0517578125e-05,-0.000274658203125
105.79933,0.0645370632410049,0.06673796269231824,0.0652172341942787,0.06584259122610091,0.00220089945131334,0.000680170953273801,0.0013055279850960055,105.79933,0.0847223252058029,0.08673915023299102,0.085741750895977,0.08588005602359772,0.0020168250271881127,0.0010194256901741028,0.0011577308177948137,105.79933,352.6790771484375,352.6788635253906,352.67889404296875,352.6788635253906,-0.000213623046875,-0.00018310546875,-0.000213623046875
105.89929,0.0629908591508865,0.06436409261503921,0.0645370632410049,0.0638568922877311,0.0013732334641527177,0.0015462040901184082,0.0008660331368446073,105.89929,0.0839706063270568,0.08418681930668243,0.0847223252058029,0.0837028995156288,0.00021621297962562402,0.0007517188787461021,-0.0002677068114280007,105.89929,352.6798095703125,352.67926025390625,352.6790771484375,352.67926025390625,-0.00054931640625,-0.000732421875,-0.00054931640625
105.99925,0.0630013644695282,0.06279988932789457,0.0629908591508865,0.061444655060768086,-0.000201475141633628,-1.0505318641704231e-05,-0.0015567094087601124,105.99925,0.0829873830080032,0.08397237905264558,0.0839706063270568,0.0832188874483107,0.0009849960446423889,0.0009832233190536083,0.00023150444030750617,105.99925,352.6806335449219,352.6805419921875,352.6798095703125,352.6805419921875,-9.1552734375e-05,-0.000823974609375,-9.1552734375e-05
106.09921,0.0599454194307327,0.0642129474025821,0.0630013644695282,0.0630118697881699,0.0042675279718494,0.003055945038795499,0.003066450357437203,106.09921,0.0799528136849403,0.08259164107253346,0.0829873830080032,0.08200415968894958,0.0026388273875931623,0.0030345693230628967,0.0020513460040092885,106.09921,352.6813659667969,352.68145751953125,352.6806335449219,352.68145751953125,9.1552734375e-05,-0.000732421875,9.1552734375e-05
106.200003,0.0631280317902565,0.058133712742282656,0.0599454194307327,0.0568894743919372,-0.004994319047973844,-0.003182612359523801,-0.0062385573983193,106.200003,0.0833631977438926,0.07744879120444917,0.0799528136849403,0.0769182443618774,-0.005914406539443431,-0.003410384058952304,-0.0064449533820152005,106.200003,352.6818542480469,352.6820983886719,352.6813659667969,352.6820983886719,0.000244140625,-0.00048828125,0.000244140625
106.299963,0.0683668628334999,0.06862706498634244,0.0631280317902565,0.0663106441497803,0.0002602021528425452,-0.005238831043243394,-0.0020562186837195934,106.299963,0.08407823741436,0.08802372113204736,0.0833631977438926,0.0867735818028449,0.003945483717687354,-0.0007150396704674045,0.0026953443884848993,106.299963,352.6819152832031,352.6823425292969,352.6818542480469,352.6823425292969,0.00042724609375,-6.103515625e-05,0.00042724609375
106.399923,0.0694736465811729,0.07260489375263901,0.0683668628334999,0.07360569387674329,0.003131247171466109,-0.001106783747673007,0.004132047295570387,106.399923,0.0818734914064407,0.08383031598883425,0.08407823741436,0.08479327708482741,0.00195682458239356,0.0022047460079193115,0.002919785678386716,106.399923,352.68182373046875,352.6819763183594,352.6819152832031,352.6819763183594,0.000152587890625,9.1552734375e-05,0.000152587890625
106.499883,0.0749271064996719,0.07037248495651774,0.0694736465811729,0.07058043032884591,-0.004554621543154155,-0.005453459918498993,-0.004346676170825986,106.499883,0.080668032169342,0.07982050609724185,0.0818734914064407,0.07966874539852138,-0.0008475260721001465,0.0012054592370986938,-0.0009992867708206177,106.499883,352.68170166015625,352.6817321777344,352.68182373046875,352.6817321777344,3.0517578125e-05,0.0001220703125,3.0517578125e-05
106.599843,0.0785357505083084,0.08040462855233507,0.0749271064996719,0.08038056641817089,0.0018688780440266756,-0.0036086440086365024,0.0018448159098624906,106.599843,0.0792618542909622,0.08039412363540888,0.080668032169342,0.0794625729322433,0.0011322693444466708,0.001406177878379794,0.00020071864128110017,106.599843,352.68133544921875,352.68157958984375,352.68170166015625,352.68157958984375,0.000244140625,0.0003662109375,0.000244140625
106.699803,0.0759914517402648,0.08112440339887873,0.0785357505083084,0.0821443945169449,0.005132951658613938,0.0025442987680436013,0.006152942776680104,106.699803,0.0739424675703048,0.078250109455475,0.0792618542909622,0.07785567641258241,0.004307641885170202,0.005319386720657404,0.00391320884227761,106.699803,352.6810302734375,352.68096923828125,352.68133544921875,352.68096923828125,-6.103515625e-05,0.00030517578125,-6.103515625e-05
106.799763,0.0750044509768486,0.07369411741178755,0.0759914517402648,0.0734471529722212,-0.0013103335650610504,0.0009870007634161931,-0.0015572980046274082,106.799763,0.0726625025272369,0.07007827719829621,0.0739424675703048,0.0686230808496474,-0.0025842253289406897,0.0012799650430679044,-0.0040394216775895,106.799763,352.68072509765625,352.68072509765625,352.6810302734375,352.68072509765625,0.0,0.00030517578125,0.0
106.899723,0.0797870233654975,0.0764448135859135,0.0750044509768486,0.07401745021343241,-0.0033422097795840072,-0.0047825723886489035,-0.005769573152065097,106.899723,0.0734426453709602,0.07410572769211154,0.0726625025272369,0.07138253748416899,0.0006630823211513509,-0.0007801428437232971,-0.0020601078867912015,106.899723,352.6810302734375,352.680419921875,352.68072509765625,352.680419921875,-0.0006103515625,-0.00030517578125,-0.0006103515625
106.999683,0.0765672698616981,0.08482105409100131,0.0797870233654975,0.08456959575414641,0.008253784229303215,0.0032197535037994107,0.008002325892448314,106.999683,0.0713956877589225,0.07597111033258955,0.0734426453709602,0.07422278821468349,0.004575422573667054,0.0020469576120377003,0.0028271004557609974,106.999683,352.6813049316406,352.68133544921875,352.6810302734375,352.68133544921875,3.0517578125e-05,-0.000274658203125,3.0517578125e-05
107.099643,0.0793609768152237,0.07312529920495144,0.0765672698616981,0.07334751635789868,-0.006235677610272258,-0.0027937069535255987,-0.0060134604573250094,107.099643,0.0769010856747627,0.0700661934812938,0.0713956877589225,0.0693487301468848,-0.006834892193468903,-0.0055053979158402044,-0.007552355527877905,107.099643,352.6814880371094,352.68157958984375,352.6813049316406,352.68157958984375,9.1552734375e-05,-0.00018310546875,9.1552734375e-05
107.199603,0.0818850696086883,0.08449851878053319,0.0793609768152237,0.08215468376874929,0.0026134491718448893,-0.002524092793464605,0.0002696141600609936,107.199603,0.0775885581970214,0.083854494095755,0.0769010856747627,0.0824064835906029,0.006265935898733602,-0.000687472522258703,0.004817925393581501,107.199603,352.68133544921875,352.6816711425781,352.6814880371094,352.6816711425781,0.000335693359375,0.000152587890625,0.000335693359375
107.299563,0.0810229778289794,0.08275421035599417,0.0818850696086883,0.0844091624021529,0.0017312325270147783,0.0008620917797089039,0.003386184573173509,107.299563,0.0794473737478256,0.076469212465161,0.0775885581970214,0.0782760307192801,-0.002978161282664593,-0.0018588155508041937,-0.0011713430285454907,107.299563,352.6814880371094,352.6811828613281,352.68133544921875,352.6811828613281,-0.00030517578125,-0.000152587890625,-0.00030517578125
107.399523,0.0842268317937851,0.08112585359949967,0.0810229778289794,0.08016088604927049,-0.0031009781942854253,-0.0032038539648057,-0.004065945744514604,107.399523,0.0782163366675376,0.08136548899817175,0.0794473737478256,0.08130618929862979,0.0031491523306341473,0.0012310370802879889,0.0030898526310921826,107.399523,352.6815490722656,352.681640625,352.6814880371094,352.681640625,9.1552734375e-05,-6.103515625e-05,9.1552734375e-05
107.499483,0.0887329801917076,0.08741398936827463,0.0842268317937851,0.0874306857585908,-0.0013189908234329667,-0.004506148397922502,-0.0013022944331168018,107.499483,0.0791435241699218,0.07768536694419449,0.0782163366675376,0.07698529958724962,-0.0014581572257273134,-0.0009271875023841997,-0.0021582245826721885,107.499483,352.68170166015625,352.6816101074219,352.6815490722656,352.6816101074219,-9.1552734375e-05,-0.000152587890625,-9.1552734375e-05
107.599443,0.0871867313981056,0.09255473245403714,0.0887329801917076,0.0932391285896301,0.005368001055931548,0.0015462487936020036,0.006052397191524506,107.599443,0.0859837159514427,0.08237311171864653,0.0791435241699218,0.080070711672306,-0.0036106042327961746,-0.006840191781520899,-0.005913004279136699,107.599443,352.6814880371094,352.6818542480469,352.68170166015625,352.6818542480469,0.0003662109375,0.000213623046875,0.0003662109375
107.699403,0.0888397544622421,0.08594536093194602,0.0871867313981056,0.08564048260450359,-0.00289439353029608,-0.0016530230641365051,-0.0031992718577385088,107.699403,0.097057819366455,0.09234663971196046,0.0859837159514427,0.0928239077329636,-0.004711179654494538,-0.01107410341501229,-0.004233911633491391,107.699403,352.681396484375,352.6812744140625,352.6814880371094,352.6812744140625,-0.0001220703125,9.1552734375e-05,-0.0001220703125
107.799363,0.092961810529232,0.09167849719892886,0.0888397544622421,0.0904927775263786,-0.0012833133303031402,-0.004122056066989899,-0.0024690330028533936,107.799363,0.1013557314872741,0.10523739159210871,0.097057819366455,0.10813192278146729,0.0038816601048346083,-0.004297912120819106,0.0067761912941931846,107.799363,352.6816101074219,352.6813049316406,352.681396484375,352.6813049316406,-0.00030517578125,-0.000213623046875,-0.00030517578125
107.899323,0.0900100171566009,0.09528540344335665,0.092961810529232,0.0970838665962219,0.005275386286755751,0.0029517933726311008,0.0070738494396209994,107.899323,0.103842943906784,0.10279095712549698,0.1013557314872741,0.1056536436080932,-0.001051986781287026,-0.0024872124195099016,0.001810699701309204,107.899323,352.681640625,352.68182373046875,352.6816101074219,352.68182373046875,0.00018310546875,-3.0517578125e-05,0.00018310546875
107.999283,0.088124893605709,0.0867136003008236,0.0900100171566009,0.0870582237839698,-0.0014112933048854026,0.00188512355089189,-0.0010666698217392107,107.999283,0.1050762236118316,0.10510026885097132,0.103842943906784,0.1063301563262939,2.404523913972223e-05,-0.0012332797050475935,0.001253932714462308,107.999283,352.6816711425781,352.6816711425781,352.681640625,352.6816711425781,0.0,-3.0517578125e-05,0.0
108.099243,0.085100382566452,0.0875072584442989,0.088124893605709,0.08623977005481712,0.002406875877846895,0.003024511039257008,0.0011393874883651178,108.099243,0.1049140244722366,0.10653376293607456,0.1050762236118316,0.10630950331687919,0.0016197384638379497,0.0001621991395949901,0.0013954788446425836,108.099243,352.6817932128906,352.68170166015625,352.6816711425781,352.68170166015625,-9.1552734375e-05,-0.0001220703125,-9.1552734375e-05
108.199203,0.0885235220193862,0.083061533614502,0.085100382566452,0.08207587152719499,-0.005461988404884197,-0.0034231394529341957,-0.006447650492191204,108.199203,0.0973478853702545,0.10507253375101613,0.1049140244722366,0.10475182533264162,0.007724648380761631,0.007566139101982103,0.007403939962387113,108.199203,352.6816711425781,352.6819152832031,352.6817932128906,352.6819152832031,0.000244140625,0.0001220703125,0.000244140625
108.299996,0.090199589729309,0.0903192163277321,0.0885235220193862,0.09194666147232039,0.00011962659842310042,-0.0016760677099228044,0.0017470717430113913,108.299996,0.0915855690836906,0.09432462860819314,0.0973478853702545,0.0897817462682724,0.0027390595245025406,0.005762316286563901,-0.0018038228154182018,108.299996,352.6820068359375,352.6815490722656,352.6816711425781,352.6815490722656,-0.000457763671875,-0.000335693359375,-0.000457763671875
108.399956,0.0909436792135238,0.08769877188479998,0.090199589729309,0.0918756574392318,-0.0032449073287238173,-0.0007440894842147966,0.0009319782257080078,108.399956,0.0894469916820526,0.09258796691986838,0.0915855690836906,0.0858232527971267,0.003140975237815785,0.0021385774016380033,-0.003623738884925898,108.399956,352.6822509765625,352.6823425292969,352.6820068359375,352.6823425292969,9.1552734375e-05,-0.000244140625,9.1552734375e-05
108.499916,0.0910317823290824,0.08772520970503243,0.0909436792135238,0.09168776869773859,-0.003306572624049972,-8.810311555861039e-05,0.0006559863686561862,108.499916,0.0881358087062835,0.09461708562001131,0.0894469916820526,0.0873084142804146,0.00648127691372781,0.0013111829757690985,-0.0008273944258689048,108.499916,352.6829528808594,352.6824951171875,352.6822509765625,352.6824951171875,-0.000457763671875,-0.000701904296875,-0.000457763671875
108.599876,0.091268666088581,0.08507564364362213,0.0910317823290824,0.09111988544464102,-0.006193022444958868,-0.0002368837594985962,-0.0001487806439399858,108.599876,0.0876750349998474,0.09285521249067977,0.0881358087062835,0.0868246257305144,0.005180177490832369,0.0004607737064361017,-0.0008504092693329968,108.599876,352.683349609375,352.68365478515625,352.6829528808594,352.68365478515625,0.00030517578125,-0.000396728515625,0.00030517578125
108.699836,0.0910189375281333,0.07806211810708902,0.091268666088581,0.0915055498480796,-0.012956819421044277,0.00024972856044770675,0.00048661231994630294,108.699836,0.0871282517910003,0.0872644428426316,0.0876750349998474,0.0872142612934113,0.00013619105163130418,0.0005467832088471014,8.60095024109997e-05,108.699836,352.683837890625,352.6837463378906,352.683349609375,352.6837463378906,-9.1552734375e-05,-0.00048828125,-9.1552734375e-05
108.799796,0.0908994227647781,0.07412854004491923,0.0910189375281333,0.09076920896768559,-0.016770882719858868,0.00011951476335519962,-0.00013021379709250713,108.799796,0.0868435204029083,0.08544300097300964,0.0871282517910003,0.0865814685821532,-0.0014005194298986612,0.0002847313880919994,-0.00026205182075510203,108.799796,352.6842041015625,352.684326171875,352.683837890625,352.684326171875,0.0001220703125,-0.0003662109375,0.0001220703125
108.899756,0.090700663626194,0.07731078189370219,0.0908994227647781,0.0907799080014229,-0.01338988173249181,0.00019875913858409533,7.924437522889571e-05,108.899756,0.0865752696990966,0.09113087044061213,0.0868435204029083,0.0865587890148163,0.004555600741515536,0.000268250703811701,-1.6480684280298363e-05,108.899756,352.6846008300781,352.6845703125,352.6842041015625,352.6845703125,-3.0517578125e-05,-0.000396728515625,-3.0517578125e-05
108.999716,0.0906601101160049,0.07959284908326505,0.090700663626194,0.0905019044876099,-0.011067261032739847,4.055351018909803e-05,-0.0001582056283949973,108.999716,0.0865274742245674,0.0956937546902055,0.0865752696990966,0.0863070189952849,0.009166280465638096,4.779547452919697e-05,-0.00022045522928250405,108.999716,352.684814453125,352.68499755859375,352.6846008300781,352.68499755859375,0.00018310546875,-0.000213623046875,0.00018310546875
109.099676,0.0903387814760208,0.08094596634772948,0.0906601101160049,0.0906195566058158,-0.00939281512829132,0.0003213286399841031,0.0002807751297950051,109.099676,0.0860949680209159,0.09823721935414598,0.0865274742245674,0.0864796787500382,0.012142251333230075,0.0004325062036514976,0.00038471072912230064,109.099676,352.68511962890625,352.6850280761719,352.684814453125,352.6850280761719,-9.1552734375e-05,-0.00030517578125,-9.1552734375e-05
109.199636,0.0904200449585914,0.08124735089911754,0.0903387814760208,0.0900174528360367,-0.009172694059473865,-8.126348257060656e-05,-0.00040259212255470966,109.199636,0.0860685855150222,0.09462621112227401,0.0860949680209159,0.0856624618172644,0.008557625607251818,2.6382505893707275e-05,-0.00040612369775779034,109.199636,352.6854248046875,352.6854248046875,352.68511962890625,352.6854248046875,0.0,-0.00030517578125,0.0
109.299596,0.0900559723377227,0.08381591994543136,0.0904200449585914,0.09050130844116201,-0.006240052392291334,0.0003640726208687106,0.0004453361034393172,109.299596,0.085706278681755,0.09149591742641809,0.0860685855150222,0.08604220300912849,0.005789638744663095,0.00036230683326719804,0.00033592432737349076,109.299596,352.6857604980469,352.68572998046875,352.6854248046875,352.68572998046875,-3.0517578125e-05,-0.000335693359375,-3.0517578125e-05
109.399556,0.0900342538952827,0.0800598135167098,0.0900559723377227,0.08969189971685398,-0.00997444037857291,2.1718442439991326e-05,-0.0003423541784287193,109.399556,0.0857167541980743,0.08388820898068759,0.085706278681755,0.0853439718484878,-0.0018285452173867067,-1.0475516319302658e-05,-0.0003727823495865007,109.399556,352.6859130859375,352.68609619140625,352.6857604980469,352.68609619140625,0.00018310546875,-0.000152587890625,0.00018310546875
109.499516,0.0897676199674606,0.06988913500679783,0.0900342538952827,0.09001253545284271,-0.019878484960662773,0.00026663392782209916,0.00024491548538210783,109.499516,0.0855045765638351,0.07167561086768968,0.0857167541980743,0.0857272297143936,-0.013828965696145418,0.00021217763423919678,0.00022265315055849944,109.499516,352.6863098144531,352.6860656738281,352.6859130859375,352.6860656738281,-0.000244140625,-0.000396728515625,-0.000244140625
109.599476,0.0896740481257438,0.06649732293478676,0.0897676199674606,0.0895009860396385,-0.023176725190957037,9.357184171680799e-05,-0.00017306208610529117,109.599476,0.0855427905917167,0.0679368723614345,0.0855045765638351,0.0852923989295959,-0.017605918230282194,-3.821402788159456e-05,-0.00025039166212079134,109.599476,352.6863098144531,352.68670654296875,352.6863098144531,352.68670654296875,0.000396728515625,0.0,0.000396728515625
109.699436,0.0894784405827522,0.06943483466964442,0.0896740481257438,0.08958047628402699,-0.020043605913107776,0.00019560754299159655,0.00010203570127478856,109.699436,0.0851929411292076,0.0713078043335984,0.0855427905917167,0.08558100461959829,-0.013885136795609196,0.00034984946250909976,0.0003880634903906943,109.699436,352.6865234375,352.6863098144531,352.6863098144531,352.6863098144531,-0.000213623046875,-0.000213623046875,-0.000213623046875
109.799396,0.0893975496292114,0.07112159400189716,0.0894784405827522,0.0892828330397606,-0.01827595562731424,8.0890953540802e-05,-0.00011471658945079455,109.799396,0.0851249918341636,0.07301718074082539,0.0851929411292076,0.0848430916666985,-0.012107811093338208,6.794929504400082e-05,-0.00028190016746509894,109.799396,352.6865234375,352.6867370605469,352.6865234375,352.6867370605469,0.000213623046875,0.0,0.000213623046875
109.899356,0.0890899300575256,0.07413611534881323,0.0893975496292114,0.0893166586756706,-0.014953814708712362,0.0003076195716858049,0.0002267286181450029,109.899356,0.0849136039614677,0.07583855999897347,0.0851249918341636,0.0850570425391196,-0.009075043962494228,0.0002113878726958951,0.00014343857765189427,109.899356,352.686767578125,352.6865234375,352.6865234375,352.6865234375,-0.000244140625,-0.000244140625,-0.000244140625
109.999316,0.0889946669340133,0.07526720421842518,0.0890899300575256,0.08878231048583979,-0.013727462715588112,9.526312351229582e-05,-0.00021235644817350907,109.999316,0.0849457457661628,0.07556784132580785,0.0849136039614677,0.0847022160887718,-0.009377904440354953,-3.214180469510164e-05,-0.00024352967739099673,109.999316,352.68682861328125,352.68701171875,352.686767578125,352.68701171875,0.00018310546875,-6.103515625e-05,0.00018310546875
110.099276,0.0888180956244468,0.07741132486903349,0.0889946669340133,0.088899403810501,-0.011406770755413312,0.0001765713095664978,8.130818605420198e-05,110.099276,0.0848279669880867,0.07633418604334861,0.0849457457661628,0.0849778875708579,-0.008493780944738086,0.00011777877807610249,0.00014992058277120413,110.099276,352.6869812011719,352.6868896484375,352.68682861328125,352.6868896484375,-9.1552734375e-05,-0.000152587890625,-9.1552734375e-05
110.199236,0.0888732895255088,0.0880060152350811,0.0888180956244468,0.0886415243148803,-0.000867274290427697,-5.519390106199784e-05,-0.00023176521062849564,110.199236,0.0849875658750534,0.08625536795552045,0.0848279669880867,0.0847101882100106,0.0012678020804670481,-0.00015959888696670532,-0.0002773776650428078,110.199236,352.6871643066406,352.6871337890625,352.6869812011719,352.6871337890625,-3.0517578125e-05,-0.00018310546875,-3.0517578125e-05
110.299196,0.0886942893266677,0.09759957156629755,0.0888732895255088,0.0889284834265708,0.008905282239629844,0.00017900019884109497,0.0002341940999030928,110.299196,0.0850187540054321,0.09585739668063913,0.0849875658750534,0.08514716476202011,0.010838642675207025,-3.118813037869539e-05,0.00012841075658800993,110.299196,352.6781005859375,352.6873474121094,352.6871643066406,352.6873474121094,0.009246826171875,0.009063720703125,0.009246826171875
110.399989,0.0886462852358818,0.09326207556586158,0.0886942893266677,0.08851528912782661,0.004615790329979774,4.800409078589696e-05,-0.000130996108055198,110.399989,0.0851095840334892,0.09141840698412129,0.0850187540054321,0.0850499421358108,0.0063088229506320925,-9.083002805709839e-05,-5.9641897678403e-05,110.399989,352.65289306640625,352.6690368652344,352.6781005859375,352.6690368652344,0.016143798828125,0.02520751953125,0.016143798828125
110.499949,0.088668867945671,0.08918866053264149,0.0886462852358818,0.08859828114509591,0.0005197925869704911,-2.2582709789192856e-05,-7.058680057508981e-05,110.499949,0.085021786391735,0.0872164733020882,0.0851095840334892,0.0852004140615463,0.0021946869103532107,8.77976417542059e-05,0.0001786276698113043,110.499949,352.6221923828125,352.627685546875,352.65289306640625,352.627685546875,0.0054931640625,0.03070068359375,0.0054931640625
110.599909,0.0885092616081237,0.08649124274823106,0.088668867945671,0.08869145065546019,-0.0020180188598926396,0.00015960633754730225,0.0001821890473364951,110.599909,0.0849912986159324,0.08418584151484071,0.085021786391735,0.08493398874998079,-0.0008054571010916861,3.0487775802598427e-05,-5.7309865951607475e-05,110.599909,352.5929870605469,352.59149169921875,352.6221923828125,352.59149169921875,-0.001495361328125,0.029205322265625,-0.001495361328125
110.699869,0.0884846523404121,0.08481406856733296,0.0885092616081237,0.0883496552705764,-0.0036705837730791335,2.460926771159777e-05,-0.00013499706983570448,110.699869,0.0850713774561882,0.08277971092569003,0.0849912986159324,0.0849608108401298,-0.002291666530498171,-8.00788402558067e-05,-0.00011056661605840512,110.699869,352.568115234375,352.56378173828125,352.5929870605469,352.56378173828125,-0.00433349609375,0.024871826171875,-0.00433349609375
110.799829,0.0884298682212829,0.08435781257000297,0.0884846523404121,0.0884600430727005,-0.004072055651279938,5.4784119129194786e-05,3.0174851417597015e-05,110.799829,0.0848703682422638,0.08226158535758196,0.0850713774561882,0.08515145629644401,-0.0026087828846818317,0.00020100921392440796,0.00028108805418021465,110.799829,352.5475769042969,352.5432434082031,352.568115234375,352.5432434082031,-0.00433349609375,0.020538330078125,-0.00433349609375
110.899789,0.0881780162453651,0.0839811950613212,0.0884298682212829,0.08837508410215371,-0.004196821184043895,0.0002518519759178023,0.0001970678567886075,110.899789,0.0848014950752258,0.08154300679849041,0.0848703682422638,0.08466935902833939,-0.0032584882767353884,6.887316703799162e-05,-0.00013213604688641634,110.899789,352.5302429199219,352.52703857421875,352.5475769042969,352.52703857421875,-0.003204345703125,0.017333984375,-0.003204345703125
110.999749,0.0876114219427108,0.08337925819487438,0.0881780162453651,0.0879261642694473,-0.004232163747836415,0.000566594302654308,0.0003147423267365057,110.999749,0.084288515150547,0.08138782671300032,0.0848014950752258,0.08473262190818781,-0.002900688437546678,0.0005129799246788025,0.00044410675764081087,110.999749,352.51470947265625,352.5129089355469,352.5302429199219,352.5129089355469,-0.001800537109375,0.015533447265625,-0.001800537109375
111.099709,0.0874915495514869,0.08233676572047412,0.0876114219427108,0.08704482764005649,-0.0051547838310127825,0.00011987239122389359,-0.0004467219114304144,111.099709,0.0838242843747139,0.08025277202656575,0.084288515150547,0.0837755352258682,-0.003571512348148148,0.00046423077583310213,-4.874914884570036e-05,111.099709,352.5010681152344,352.4991760253906,352.51470947265625,352.4991760253906,-0.00189208984375,0.013641357421875,-0.00189208984375
111.199669,0.0869130194187164,0.08267739510713176,0.0874915495514869,0.087371677160263,-0.00423562431158464,0.0005785301327704967,0.0004586577415466031,111.199669,0.0832948386669159,0.0800627221191329,0.0838242843747139,0.0833600535988808,-0.0032321165477829927,0.0005294457077980042,6.521493196490202e-05,111.199669,352.4884948730469,352.4874267578125,352.5010681152344,352.4874267578125,-0.001068115234375,0.0125732421875,-0.001068115234375
111.299629,0.0861709639430046,0.08162336255577146,0.0869130194187164,0.0863344892859459,-0.004547601387233133,0.0007420554757118086,0.00016352534294131194,111.299629,0.0827341601252555,0.07945104497827271,0.0832948386669159,0.08276539295911789,-0.00328311514698279,0.0005606785416603921,3.1232833862387954e-05,111.299629,352.4772644042969,352.4759216308594,352.4884948730469,352.4759216308594,-0.0013427734375,0.01123046875,-0.0013427734375
111.399589,0.0855701118707656,0.08098022457037829,0.0861709639430046,0.08542890846729279,-0.004589887300387313,0.0006008520722389915,-0.00014120340347281712,111.399589,0.0820969641208648,0.07901362367118739,0.0827341601252555,0.08217348158359511,-0.0030833404496774103,0.0006371960043907027,7.651746273031057e-05,111.399589,352.46710205078125,352.4660339355469,352.4772644042969,352.4660339355469,-0.001068115234375,0.010162353515625,-0.001068115234375
111.499549,0.0851713865995407,0.08051489797631647,0.0855701118707656,0.08496925979852661,-0.0046564886232242225,0.0003987252712249062,-0.0002021268010140853,111.499549,0.0814816802740097,0.07832923273799469,0.0820969641208648,0.0814597681164741,-0.003152447536015013,0.0006152838468550942,-2.191215753560849e-05,111.499549,352.4578552246094,352.4569396972656,352.46710205078125,352.4569396972656,-0.00091552734375,0.009246826171875,-0.00091552734375
111.599509,0.0844378024339675,0.08030462787807126,0.0851713865995407,0.08477266132831579,-0.004133174555896235,0.0007335841655732034,0.0003348588943482972,111.599509,0.0807111784815788,0.0778588342639204,0.0814816802740097,0.08086639642715461,-0.002852344217658398,0.0007705017924309054,0.00015521794557581126,111.599509,352.4495849609375,352.4486083984375,352.4578552246094,352.4486083984375,-0.0009765625,0.008270263671875,-0.0009765625
111.699469,0.0838406905531883,0.07923690691808918,0.0844378024339675,0.08370421826839429,-0.004603783635099112,0.000597111880779197,-0.00013647228479400642,111.699469,0.0799338370561599,0.07695653139762562,0.0807111784815788,0.0799406766891479,-0.002977305658534282,0.0007773414254188954,6.839632987989952e-06,111.699469,352.4420471191406,352.4413146972656,352.4495849609375,352.4413146972656,-0.000732421875,0.007537841796875,-0.000732421875
111.799429,0.0834990218281745,0.07887018684809786,0.0838406905531883,0.0832435786724091,-0.004628834980076629,0.0003416687250138023,-0.00025544315576539467,111.799429,0.0790275931358337,0.07632708971343902,0.0799338370561599,0.07915649563074101,-0.0027005034223946817,0.0009062439203262052,0.00012890249490730976,111.799429,352.4354553222656,352.43450927734375,352.4420471191406,352.43450927734375,-0.000946044921875,0.006591796875,-0.000946044921875
111.899389,0.0829582214355468,0.07864952048095532,0.0834990218281745,0.08315735310316069,-0.004308700954591488,0.0005408003926276883,0.000199131667613886,111.899389,0.0784582123160362,0.07540230760104208,0.0790275931358337,0.0781213492155075,-0.0030559047149941176,0.000569380819797502,-0.00033686310052870316,111.899389,352.4290771484375,352.4288635253906,352.4354553222656,352.4288635253906,-0.000213623046875,0.006378173828125,-0.000213623046875
111.999349,0.0824110135436058,0.07797838881188096,0.0829582214355468,0.08241742104291912,-0.0044326247317248435,0.0005472078919410012,6.407499313312859e-06,111.999349,0.0780836343765258,0.07521727029184974,0.0784582123160362,0.0778888314962387,-0.002866364084676054,0.00037457793951040097,-0.00019480288028710102,111.999349,352.42340087890625,352.4226989746094,352.4290771484375,352.4226989746094,-0.000701904296875,0.00567626953125,-0.000701904296875
112.099309,0.0819540992379188,0.07748141418811673,0.0824110135436058,0.0818638056516648,-0.004472685049802069,0.0004569143056870062,-9.029358625399497e-05,112.099309,0.0774758830666542,0.07492580700198033,0.0780836343765258,0.0777090564370154,-0.0025500760646738757,0.0006077513098715903,0.00023317337036118935,112.099309,352.41845703125,352.417724609375,352.42340087890625,352.417724609375,-0.000732421875,0.00494384765625,-0.000732421875
112.199269,0.0815684348344802,0.07705428328183231,0.0819540992379188,0.08149718493223179,-0.004514151552647894,0.00038566440343859587,-7.124990224841032e-05,112.199269,0.0770701542496681,0.07409470425601306,0.0774758830666542,0.07686813175678262,-0.0029754499936550383,0.00040572881698611174,-0.00020202249288547858,112.199269,352.4137878417969,352.41351318359375,352.41845703125,352.41351318359375,-0.000274658203125,0.004669189453125,-0.000274658203125
112.299229,0.080948531627655,0.07677998754267992,0.0815684348344802,0.0811827704310416,-0.004168544084975079,0.0006199032068252008,0.00023423880338660497,112.299229,0.076504074037075,0.07396837632038045,0.0770701542496681,0.07666442543268198,-0.0025356977166945543,0.0005660802125930925,0.00016035139560698075,112.299229,352.4097595214844,352.40911865234375,352.4137878417969,352.40911865234375,-0.000640869140625,0.0040283203125,-0.000640869140625
112.399189,0.0806379690766334,0.0759070332113116,0.080948531627655,0.0803286284208298,-0.004730935865321792,0.0003105625510216037,-0.00030934065580359715,112.399189,0.0762680992484092,0.07318056947830671,0.076504074037075,0.07593799382448191,-0.0030875297701024873,0.00023597478866579924,-0.00033010542392729325,112.399189,352.4060363769531,352.4057312011719,352.4097595214844,352.4057312011719,-0.00030517578125,0.00372314453125,-0.00030517578125
112.499982,0.0802503749728202,0.07602068620534051,0.0806379690766334,0.0803274065256118,-0.004229688767479686,0.00038759410381319914,7.703155279159546e-05,112.499982,0.0760895758867263,0.07335780687167415,0.0762680992484092,0.0760321244597434,-0.002731769015052149,0.00017852336168290572,-5.7451426982893516e-05,112.499982,352.4027404785156,352.4023132324219,352.4060363769531,352.4023132324219,-0.00042724609375,0.0032958984375,-0.00042724609375
112.599942,0.0801830664277076,0.07545950859642084,0.0802503749728202,0.079862780869007,-0.004723557831286765,6.730854511259599e-05,-0.00032028555870060316,112.599942,0.0757538527250289,0.07304825387452887,0.0760895758867263,0.07591105252504339,-0.002705598850500021,0.0003357231616974016,0.00015719980001449585,112.599942,352.3995666503906,352.3994445800781,352.4027404785156,352.3994445800781,-0.0001220703125,0.003173828125,-0.0001220703125
112.699902,0.0799998790025711,0.0756812447115411,0.0801830664277076,0.080115757882595,-0.004318634291030007,0.00018318742513649677,0.00011587888002390079,112.699902,0.0755399912595748,0.07267772343799445,0.0757538527250289,0.07541812956333149,-0.002862267821580361,0.00021386146545408768,-0.00012186169624331389,112.699902,352.3965759277344,352.3963928222656,352.3995666503906,352.3963928222656,-0.00018310546875,0.00299072265625,-0.00018310546875
112.799862,0.0799792930483818,0.07529896973834557,0.0799998790025711,0.07981669157743461,-0.004680323310036233,2.0585954189300537e-05,-0.00016260147094719624,112.799862,0.0752680599689483,0.07254327237234008,0.0755399912595748,0.07532612979412072,-0.0027247875966082136,0.000271931290626512,5.8069825172424316e-05,112.799862,352.3937683105469,352.3935852050781,352.3965759277344,352.3935852050781,-0.00018310546875,0.0028076171875,-0.00018310546875
112.899822,0.0798991471529007,0.0754044318399738,0.0799792930483818,0.0799587070941925,-0.004494715312926889,8.014589548110962e-05,5.955994129180908e-05,112.899822,0.0749585255980491,0.07225675681121706,0.0752680599689483,0.07499612867832178,-0.0027017687868320373,0.00030953437089920044,3.760308027268844e-05,112.899822,352.3913879394531,352.3909606933594,352.3937683105469,352.3909606933594,-0.00042724609375,0.00238037109375,-0.00042724609375
112.999782,0.0800845772027969,0.07519664006218438,0.0798991471529007,0.07981900125741959,-0.004887937140612517,-0.0001854300498961986,-0.0002655759453773082,112.999782,0.0747988149523735,0.07193187113550943,0.0749585255980491,0.0746489912271499,-0.002866943816864073,0.0001597106456755898,-0.00014982372522361065,112.999782,352.3890686035156,352.3890075683594,352.3913879394531,352.3890075683594,-6.103515625e-05,0.0023193359375,-6.103515625e-05
113.099742,0.0801165327429771,0.07561697245204226,0.0800845772027969,0.08027000725269309,-0.004499560290934845,-3.19555401802063e-05,0.0001534745097159923,113.099742,0.0746375098824501,0.07200433605625284,0.0747988149523735,0.07463910430669791,-0.002633173826197266,0.00016130506992340088,1.5944242478110882e-06,113.099742,352.38690185546875,352.3867492675781,352.3890686035156,352.3867492675781,-0.000152587890625,0.002166748046875,-0.000152587890625
113.199702,0.0803195014595985,0.07538987700417242,0.0801165327429771,0.08014848828315731,-0.004929624455426079,-0.00020296871662139893,-0.00017101317644119263,113.199702,0.074700653553009,0.07177361969707105,0.0746375098824501,0.0744762048125267,-0.002927033855937955,-6.314367055890169e-05,-0.00022444874048230257,113.199702,352.3848876953125,352.3847351074219,352.38690185546875,352.3847351074219,-0.000152587890625,0.00201416015625,-0.000152587890625
113.299662,0.0805740728974342,0.07579615152400677,0.0803195014595985,0.0805224701762199,-0.004777921373427432,-0.00025457143783570724,-5.160272121430831e-05,113.299662,0.0746636167168617,0.07210014049641807,0.074700653553009,0.07476379722356791,-0.0025634762204436307,3.703683614730835e-05,0.00010018050670621004,113.299662,352.3830261230469,352.38287353515625,352.3848876953125,352.38287353515625,-0.000152587890625,0.001861572265625,-0.000152587890625
113.399622,0.0808613821864128,0.07593708340278514,0.0805740728974342,0.08082864433526991,-0.004924298783627656,-0.00028730928897859054,-3.27378511428833e-05,113.399622,0.0749945417046547,0.07188874506596107,0.0746636167168617,0.07462657988071439,-0.0031057966386936198,-0.0003309249877929965,-0.00036796182394030486,113.399622,352.3814697265625,352.38116455078125,352.3830261230469,352.38116455078125,-0.00030517578125,0.001556396484375,-0.00030517578125
113.499582,0.0811933726072311,0.07629790847393833,0.0808613821864128,0.08114869147539139,-0.004895464133292768,-0.0003319904208183011,-4.4681131839710564e-05,113.499582,0.0751213058829307,0.07257812217652107,0.0749945417046547,0.07532546669244769,-0.0025431837064096297,-0.0001267641782760065,0.00020416080951699,113.499582,352.3798522949219,352.3799133300781,352.3814697265625,352.3799133300781,6.103515625e-05,0.001617431640625,6.103515625e-05
113.599542,0.0815997421741485,0.07651879725674474,0.0811933726072311,0.0815253630280494,-0.005080944917403768,-0.00040636956691740556,-7.437914609910445e-05,113.599542,0.0755259469151496,0.07239180625421199,0.0751213058829307,0.0752480700612067,-0.0031341406609376177,-0.00040464103221890535,-0.00027787685394289885,113.599542,352.37823486328125,352.37823486328125,352.3798522949219,352.37823486328125,0.0,0.001617431640625,0.0
113.699502,0.0819076150655746,0.07701761985358686,0.0815997421741485,0.08200611174106591,-0.004889995211987741,-0.0003078728914261003,9.849667549130525e-05,113.699502,0.0755385160446167,0.07309437884425396,0.0755259469151496,0.07593058794736851,-0.0024441372003627393,-1.2569129467093765e-05,0.0003920719027518116,113.699502,352.3769836425781,352.3766174316406,352.37823486328125,352.3766174316406,-0.0003662109375,0.001251220703125,-0.0003662109375
113.799462,0.0823711305856704,0.07706173625566902,0.0819076150655746,0.0822154879570007,-0.005309394330001382,-0.00046351552009579744,-0.00015564262866969714,113.799462,0.0757655203342437,0.07265503154491859,0.0755385160446167,0.07555108517408379,-0.0031104887893251137,-0.0002270042896270058,-0.00021443516015991204,113.799462,352.37579345703125,352.375732421875,352.3769836425781,352.375732421875,-6.103515625e-05,0.001190185546875,-6.103515625e-05
113.899422,0.0826674327254295,0.07773005599297249,0.0823711305856704,0.0828346461057662,-0.004937376732457005,-0.0002963021397590915,0.00016721338033670596,113.899422,0.0760097801685333,0.07324783371176513,0.0757655203342437,0.07599252462387071,-0.002761946456768166,-0.0002442598342895924,-1.7255544662586608e-05,113.899422,352.3747253417969,352.3746032714844,352.37579345703125,352.3746032714844,-0.0001220703125,0.001068115234375,-0.0001220703125
113.999382,0.0830026343464851,0.0777571742542404,0.0826674327254295,0.08296373486518858,-0.0052454600922446915,-0.00033520162105560303,-3.889948129651155e-05,113.999382,0.0764602422714233,0.0733709211673882,0.0760097801685333,0.07625404000282289,-0.003089321104035092,-0.00045046210289000077,-0.00020620226860040836,113.999382,352.3739929199219,352.3736572265625,352.3747253417969,352.3736572265625,-0.000335693359375,0.000732421875,-0.000335693359375
114.099342,0.0831773206591606,0.07821685854618188,0.0830026343464851,0.0833378359675407,-0.004960462112978722,-0.00017468631267550383,0.0001605153083800992,114.099342,0.0767059251666069,0.07402253262944342,0.0764602422714233,0.0769107043743133,-0.002683392537163487,-0.00024568289518360487,0.0002047792077063959,114.099342,352.37322998046875,352.3732604980469,352.3739929199219,352.3732604980469,3.0517578125e-05,0.000762939453125,3.0517578125e-05
114.199302,0.0835173204541206,0.07815690028202135,0.0831773206591606,0.0833520069718361,-0.005360420172099242,-0.0003399997949599942,-0.0001653134822844904,114.199302,0.0772726014256477,0.07394886578082335,0.0767059251666069,0.07695160806179051,-0.003323735644824341,-0.0005666762590407909,-0.000320993363857186,114.199302,352.37237548828125,352.3724670410156,352.37322998046875,352.3724670410156,9.1552734375e-05,0.0008544921875,9.1552734375e-05
114.299262,0.0839971601963043,0.07876339693022301,0.0835173204541206,0.08385732024908059,-0.005233763266081284,-0.0004798397421836992,-0.00013983994722370496,114.299262,0.0774711593985557,0.0748564213432509,0.0772726014256477,0.07783927768468848,-0.002614738055304794,-0.00019855797290800614,0.00036811828613278474,114.299262,352.37158203125,352.37152099609375,352.37237548828125,352.37152099609375,-6.103515625e-05,0.00079345703125,-6.103515625e-05
114.399222,0.0843730643391609,0.07916132515351912,0.0839971601963043,0.08447699993848799,-0.005211739185641787,-0.0003759041428566118,0.0001039355993270874,114.399222,0.0781243816018104,0.07461069714371266,0.0774711593985557,0.0776697173714637,-0.0035136844580977433,-0.0006532222032546997,-0.00045466423034669357,114.399222,352.3706970214844,352.37078857421875,352.37158203125,352.37078857421875,9.1552734375e-05,0.000885009765625,9.1552734375e-05
114.500015,0.0850849226117134,0.07953320389885934,0.0843730643391609,0.08474896848201752,-0.005551718712854051,-0.0007118582725524902,-0.00033595412969587846,114.500015,0.0785588473081588,0.07572610263011809,0.0781243816018104,0.0787776038050651,-0.002832744678040719,-0.0004344657063484053,0.0002187564969062944,114.500015,352.3702697753906,352.36981201171875,352.3706970214844,352.36981201171875,-0.000457763671875,0.00042724609375,-0.000457763671875
114.599975,0.0856627598404884,0.08037593028972581,0.0850849226117134,0.08579678088426589,-0.005286829550762595,-0.0005778372287750105,0.0001340210437774797,114.599975,0.0788996666669845,0.07582211187094538,0.0785588473081588,0.07899331301450721,-0.0030775547960391197,-0.00034081935882569747,9.364634752270784e-05,114.599975,352.3696594238281,352.3698425292969,352.3702697753906,352.3698425292969,0.00018310546875,0.0006103515625,0.00018310546875
114.699935,0.0861020684242248,0.08072144936992058,0.0856627598404884,0.08624059706926342,-0.005380619054304217,-0.0004393085837363919,0.00013852864503861861,114.699935,0.0792667791247367,0.07611868443673328,0.0788996666669845,0.0792404860258102,-0.003148094688003422,-0.00036711245775220003,-2.6293098926502556e-05,114.699935,352.36895751953125,352.3690490722656,352.3696594238281,352.3690490722656,9.1552734375e-05,0.000701904296875,9.1552734375e-05
114.799895,0.0865679159760475,0.08103190933980288,0.0861020684242248,0.08654137700796119,-0.0055360066362446225,-0.000465847551822704,-2.6538968086312065e-05,114.799895,0.0798186361789703,0.07651127477992505,0.0792667791247367,0.0796338915824889,-0.00330736139904525,-0.0005518570542335927,-0.00018474459648139263,114.799895,352.3683166503906,352.3682556152344,352.36895751953125,352.3682556152344,-6.103515625e-05,0.000640869140625,-6.103515625e-05
114.899855,0.0869908928871154,0.08153268847589877,0.0865679159760475,0.0870337635278702,-0.0054582044112166245,-0.00042297691106789326,4.287064075481073e-05,114.899855,0.0802883431315422,0.07717237969574753,0.0798186361789703,0.08037049323320389,-0.0031159634357946775,-0.00046970695257191053,8.215010166168213e-05,114.899855,352.367919921875,352.36767578125,352.3683166503906,352.36767578125,-0.000244140625,0.000396728515625,-0.000244140625
114.999815,0.087327666580677,0.08187281097023603,0.0869908928871154,0.08741386979818329,-0.00545485561044097,-0.00033677369356160947,8.620321750628379e-05,114.999815,0.0808174610137939,0.07748525710570806,0.0802883431315422,0.08075805008411412,-0.0033322039080858484,-0.0005291178822516979,-5.941092967978734e-05,114.999815,352.3676452636719,352.3675231933594,352.367919921875,352.3675231933594,-0.0001220703125,0.000274658203125,-0.0001220703125
115.099775,0.0877155289053917,0.08217050153202769,0.087327666580677,0.08766444027423861,-0.005545027373364,-0.0003878623247146884,-5.1088631153078934e-05,115.099775,0.0814937204122543,0.07805034244087014,0.0808174610137939,0.0813465788960456,-0.003443377971384165,-0.0006762593984604021,-0.0001471415162087042,115.099775,352.36724853515625,352.36737060546875,352.3676452636719,352.36737060546875,0.0001220703125,0.000396728515625,0.0001220703125
115.199735,0.0883702114224433,0.08261785978056368,0.0877155289053917,0.08810339123010638,-0.005752351641879622,-0.0006546825170516135,-0.0002668201923369251,115.199735,0.0820374637842178,0.07876162849311633,0.0814937204122543,0.08216997981071471,-0.003275835291101481,-0.000543743371963501,0.00013251602649690108,115.199735,352.3667907714844,352.3668518066406,352.36724853515625,352.3668518066406,6.103515625e-05,0.000457763671875,6.103515625e-05
115.299695,0.0890993922948837,0.08341587375404734,0.0883702114224433,0.08902489393949492,-0.00568351854083636,-0.0007291808724403936,-7.449835538878014e-05,115.299695,0.0824527516961097,0.07913906189553013,0.0820374637842178,0.08258120715618131,-0.0033136898005795695,-0.0004152879118918956,0.00012845546007160535,115.299695,352.3666076660156,352.3663330078125,352.3667907714844,352.3663330078125,-0.000274658203125,0.00018310546875,-0.000274658203125
115.399655,0.0896323174238205,0.08407320483352017,0.0890993922948837,0.0898285731673241,-0.0055591125903003274,-0.0005329251289367953,0.0001962557435035983,115.399655,0.0829995721578598,0.07947116623244216,0.0824527516961097,0.0828680396080016,-0.0035284059254176436,-0.0005468204617500999,-0.00013153254985820428,115.399655,352.36627197265625,352.3664245605469,352.3666076660156,352.3664245605469,0.000152587890625,0.000335693359375,0.000152587890625
115.499615,0.0900662094354629,0.08439133454702036,0.0896323174238205,0.09016524255275729,-0.005674874888442538,-0.00043389201164240054,9.903311729439479e-05,115.499615,0.083584725856781,0.08010434397874866,0.0829995721578598,0.0835463926196099,-0.003480381878032346,-0.0005851536989212036,-3.833323717110371e-05,115.499615,352.3661499023437,352.3659362792969,352.36627197265625,352.3659362792969,-0.00021362304681815658,0.00012207031255684342,-0.00021362304681815658
115.599575,0.0906264781951904,0.08474247219623657,0.0900662094354629,0.0905001014471053,-0.005884005998953834,-0.0005602687597275058,-0.00012637674808510524,115.599575,0.0841991528868675,0.08062201465938475,0.083584725856781,0.08416987955570221,-0.0035771382274827485,-0.0006144270300864896,-2.9273331165285965e-05,115.599575,352.3661193847656,352.36602783203114,352.3661499023437,352.36602783203114,-9.155273448868684e-05,3.051757806815658e-05,-9.155273448868684e-05
115.699535,0.0913288369774818,0.08541336162125265,0.0906264781951904,0.09118674695491791,-0.005915475356229147,-0.0007023587822913985,-0.0001420900225638927,115.699535,0.0847477987408638,0.08122766837500289,0.0841991528868675,0.08481357991695399,-0.0035201303658609073,-0.0005486458539963046,6.578117609018497e-05,115.699535,352.3658142089844,352.36608886718756,352.3661193847656,352.36608886718756,0.0002746582031818434,0.00030517578125,0.0002746582031818434
115.799495,0.0920023843646049,0.08614974413951842,0.0913288369774818,0.0920311957597732,-0.0058526402250864695,-0.000673547387123094,2.8811395168304443e-05,115.799495,0.0852930396795272,0.08169755108851429,0.0847477987408638,0.0852964445948601,-0.003595488591012913,-0.0005452409386633994,3.4049153329052118e-06,115.799495,352.365966796875,352.3655090332031,352.3658142089844,352.3655090332031,-0.000457763671875,-0.000152587890625,-0.000457763671875
115.899455,0.092424564063549,0.0867196366435098,0.0920023843646049,0.09267593175172799,-0.005704927420039196,-0.0004221796989441057,0.00025136768817898836,115.899455,0.0859874859452247,0.08223082502040238,0.0852930396795272,0.0858382806181906,-0.003756660924822325,-0.000694446265697507,-0.0001492053270341076,115.899455,352.365966796875,352.3661193847656,352.365966796875,352.3661193847656,0.000152587890625,0.0,0.000152587890625
115.999415,0.0928666591644287,0.08692251486986174,0.092424564063549,0.0928467437624931,-0.005944144294566953,-0.00044209510087969695,-1.991540193559127e-05,115.999415,0.0865615457296371,0.08295735636028752,0.0859874859452247,0.08668193221092221,-0.0036041893693495863,-0.0005740597844123979,0.00012038648128510909,115.999415,352.3658447265625,352.365966796875,352.365966796875,352.365966796875,0.0001220703125,0.0001220703125,0.0001220703125
116.099375,0.0933255329728126,0.08738974337654436,0.0928666591644287,0.0933087542653084,-0.00593578959626824,-0.0004588738083839,-1.6778707504203072e-05,116.099375,0.0870275720953941,0.08334033812926198,0.0865615457296371,0.0871356055140495,-0.0036872339661321307,-0.0004660263657570024,0.00010803341865539551,116.099375,352.36572265625,352.36572265625,352.3658447265625,352.36572265625,0.0,0.0001220703125,0.0
116.199335,0.0938942953944206,0.08783652506957573,0.0933255329728126,0.0937844067811965,-0.006057770324844863,-0.000568762421607999,-0.00010988861322409893,116.199335,0.0875947028398513,0.08371542072636623,0.0870275720953941,0.08749359846115111,-0.0038792821134850664,-0.0005671307444571894,-0.00010110437870018696,116.199335,352.3656921386719,352.3656005859375,352.36572265625,352.3656005859375,-9.1552734375e-05,3.0517578125e-05,-9.1552734375e-05
116.299295,0.0944147706031799,0.08849744507311014,0.0938942953944206,0.0944630578160286,-0.005917325530069767,-0.0005204752087593079,4.8287212848691086e-05,116.299295,0.088026039302349,0.08439006223572787,0.0875947028398513,0.08816183358430849,-0.003635977066621124,-0.0004313364624976973,0.00013579428195949206,116.299295,352.3658447265625,352.36566162109375,352.3656921386719,352.36566162109375,-0.00018310546875,-0.000152587890625,-0.00018310546875
116.399255,0.0951955690979957,0.08887739631625086,0.0944147706031799,0.09493524581193921,-0.006318172781744846,-0.0007807984948157987,-0.0002603232860564908,116.399255,0.0886140540242195,0.08463538618130742,0.088026039302349,0.08845737576484669,-0.003978667842912079,-0.0005880147218705056,-0.00015667825937280833,116.399255,352.3659362792969,352.3659973144531,352.3658447265625,352.3659973144531,6.103515625e-05,-9.1552734375e-05,6.103515625e-05
116.499215,0.0957112088799476,0.08987951106907535,0.0951955690979957,0.0959763675928115,-0.005831697810872255,-0.0005156397819519043,0.00026515871286389436,116.499215,0.0889347046613693,0.08542667248618221,0.0886140540242195,0.08920206874609,-0.0035080321751870813,-0.0003206506371497969,0.0002673640847207087,116.499215,352.3661804199219,352.36602783203125,352.3659362792969,352.36602783203125,-0.000152587890625,-0.000244140625,-0.000152587890625
116.600008,0.0964463576674461,0.08997170636755636,0.0957112088799476,0.09622684866189951,-0.006474651299889736,-0.000735148787498488,-0.0002195090055465837,116.600008,0.0895406380295753,0.08539022295420542,0.0889347046613693,0.08925535529851909,-0.0041504150753698815,-0.0006059333682060103,-0.0002852827310562134,116.600008,352.3662414550781,352.3664245605469,352.3661804199219,352.3664245605469,0.00018310546875,-6.103515625e-05,0.00018310546875
116.699968,0.0970029234886169,0.09099955450468626,0.0964463576674461,0.09718150645494458,-0.00600336898393064,-0.0005565658211708069,0.00017858296632768111,116.699968,0.0898245349526405,0.08638212616426413,0.0895406380295753,0.09014657139778132,-0.003442408788376372,-0.0002838969230651994,0.00032203644514081087,116.699968,352.36651611328125,352.3663024902344,352.3662414550781,352.3663024902344,-0.000213623046875,-0.000274658203125,-0.000213623046875
116.799928,0.0978109613060951,0.09117220533412701,0.0970029234886169,0.09755948930978771,-0.0066387559719680855,-0.0008080378174781938,-0.0002514719963073869,116.799928,0.0902371108531951,0.08621949200304822,0.0898245349526405,0.0901084318757057,-0.00401761885014687,-0.0004125759005545876,-0.00012867897748938817,116.799928,352.3668518066406,352.3667907714844,352.36651611328125,352.3667907714844,-6.103515625e-05,-0.000335693359375,-6.103515625e-05
116.899888,0.0983539819717407,0.092273409189655,0.0978109613060951,0.09861899912357329,-0.006080572782085694,-0.0005430206656455994,0.00026501715183259444,116.899888,0.0909444540739059,0.08696068830134857,0.0902371108531951,0.09064968675374968,-0.003983765772557338,-0.0007073432207108099,-0.0002947673201562223,116.899888,352.3672180175781,352.3671875,352.3668518066406,352.3671875,-3.0517578125e-05,-0.0003662109375,-3.0517578125e-05
116.999848,0.0990794450044632,0.09247184993210525,0.0983539819717407,0.0988970026373863,-0.006607595072357947,-0.0007254630327225009,-0.00018244236707690153,116.999848,0.0916211903095245,0.0877405606720066,0.0909444540739059,0.09165179729461671,-0.003880629637517896,-0.0006767362356185913,3.06069850922186e-05,116.999848,352.3674011230469,352.3675842285156,352.3672180175781,352.3675842285156,0.00018310546875,-0.00018310546875,0.00018310546875
117.099808,0.0996095612645149,0.09337669707827718,0.0990794450044632,0.0998049080371857,-0.0062328641862377104,-0.0005301162600516995,0.00019534677267080136,117.099808,0.092099905014038,0.08834907646968171,0.0916211903095245,0.09229792654514309,-0.003750828544356294,-0.00047871470451350817,0.00019802153110508314,117.099808,352.36767578125,352.3675842285156,352.3674011230469,352.3675842285156,-9.1552734375e-05,-0.000274658203125,-9.1552734375e-05
117.199768,0.0999841019511222,0.09360511738128924,0.0996095612645149,0.1001396775245666,-0.006378984569832963,-0.00037454068660730533,0.0001555755734443942,117.199768,0.0925251245498657,0.08856791906174893,0.092099905014038,0.09257861971855151,-0.003957205488116761,-0.00042521953582769223,5.349516868581594e-05,117.199768,352.3680725097656,352.3679504394531,352.36767578125,352.3679504394531,-0.0001220703125,-0.000396728515625,-0.0001220703125
117.299728,0.1004654169082641,0.09390058356026498,0.0999841019511222,0.1003586426377295,-0.006564833347999122,-0.000481314957141904,-0.00010677427053459865,117.299728,0.093082845211029,0.08899316651407363,0.0925251245498657,0.09295034408569339,-0.004089678696955368,-0.0005577206611633023,-0.0001325011253356101,117.299728,352.3684387207031,352.36846923828125,352.3680725097656,352.36846923828125,3.0517578125e-05,-0.0003662109375,3.0517578125e-05
117.399688,0.1009066179394722,0.09450008326717149,0.1004654169082641,0.10094673186540601,-0.006406534672300707,-0.00044120103120809384,4.0113925933810135e-05,117.399688,0.0936897099018096,0.08964611654426873,0.093082845211029,0.0936405658721923,-0.00404359335754087,-0.000606864690780598,-4.914402961729569e-05,117.399688,352.3688659667969,352.3688049316406,352.3684387207031,352.3688049316406,-6.103515625e-05,-0.00042724609375,-6.103515625e-05
117.499648,0.101286232471466,0.09487950761052266,0.1009066179394722,0.10134781897068029,-0.006406724860943333,-0.0003796145319937966,6.158649921429726e-05,117.499648,0.0939993262290954,0.09021109943757785,0.0936897099018096,0.0942965745925902,-0.0037882267915175516,-0.00030961632728580823,0.0002972483634947898,117.499648,352.3691711425781,352.3692932128906,352.3688659667969,352.3692932128906,0.0001220703125,-0.00030517578125,0.0001220703125
117.599608,0.1014982163906097,0.09516220548065049,0.101286232471466,0.10166584700345979,-0.006336010909959208,-0.0002119839191437045,0.00016763061285009206,117.599608,0.094423159956932,0.09024500042159725,0.0939993262290954,0.09430894255638121,-0.0041781595353347495,-0.000423833727836595,-0.00011421740055078677,117.599608,352.3695373535156,352.3694763183594,352.3691711425781,352.3694763183594,-6.103515625e-05,-0.0003662109375,-6.103515625e-05
117.699568,0.10187778621912,0.0952803849789816,0.1014982163906097,0.1017102003097534,-0.006597401240138398,-0.0003795698285102983,-0.0001675859093665938,117.699568,0.0949097722768783,0.09078689284601063,0.094423159956932,0.0948469936847686,-0.004122879430867671,-0.00048661231994630294,-6.277859210970793e-05,117.699568,352.3698425292969,352.3699035644531,352.3695373535156,352.3699035644531,6.103515625e-05,-0.00030517578125,6.103515625e-05
117.799528,0.102101944386959,0.09582499451615858,0.10187778621912,0.1022573560476303,-0.006276949870800422,-0.00022415816783900866,0.00015541166067128964,117.799528,0.0953117460012435,0.09127743512136205,0.0949097722768783,0.0953963845968246,-0.004034310879881445,-0.00040197372436519274,8.46385955811102e-05,117.799528,352.3702697753906,352.3701477050781,352.3698425292969,352.3701477050781,-0.0001220703125,-0.00042724609375,-0.0001220703125
117.899488,0.1023658588528633,0.0958724093900776,0.102101944386959,0.10232610255479802,-0.006493449462785697,-0.00026391446590429135,-3.975629806528269e-05,117.899488,0.0956355556845665,0.09152691701930096,0.0953117460012435,0.09571371972560869,-0.004108638665265535,-0.00032380968332300364,7.81640410421891e-05,117.899488,352.3706970214844,352.3706970214844,352.3702697753906,352.3706970214844,0.0,-0.00042724609375,0.0
117.999448,0.1028861477971077,0.0962114406006128,0.1023658588528633,0.10262977331876759,-0.006674707196494892,-0.0005202889442443986,-0.0002563744783401073,117.999448,0.0959410294890403,0.0918104533097117,0.0956355556845665,0.0959593653678895,-0.0041305761793286044,-0.00030547380447380756,1.8335878849196074e-05,117.999448,352.3708801269531,352.3711242675781,352.3706970214844,352.3711242675781,0.000244140625,-0.00018310546875,0.000244140625
118.099408,0.1031446456909179,0.09688507909232058,0.1028861477971077,0.1034064367413521,-0.006259566598597319,-0.00025849789381020283,0.0002617910504341958,118.099408,0.0964498594403266,0.0921196108169226,0.0959410294890403,0.09624650329351411,-0.00433024862340399,-0.0005088299512862882,-0.0002033561468124806,118.099408,352.3714904785156,352.3710632324219,352.3708801269531,352.3710632324219,-0.00042724609375,-0.0006103515625,-0.00042724609375
118.199368,0.1036053150892257,0.09688814497530215,0.1031446456909179,0.1034031435847281,-0.006717170113923546,-0.0004606693983078003,-0.00020217150449759747,118.199368,0.0969890654087066,0.0927269244415049,0.0964498594403266,0.09695868939161288,-0.004262140967201691,-0.0005392059683800021,-3.037601709371396e-05,118.199368,352.3719177246094,352.3721008300781,352.3714904785156,352.3721008300781,0.00018310546875,-0.00042724609375,0.00018310546875
118.299328,0.1039460897445678,0.09755224726793182,0.1036053150892257,0.1040659844875335,-0.0063938424766359775,-0.00034077465534210205,0.00011989474296569824,118.299328,0.0971765890717506,0.09323687748905224,0.0969890654087066,0.0975282713770866,-0.00393971158269836,-0.00018752366304400359,0.00035168230533599854,118.299328,352.3725891113281,352.3723449707031,352.3719177246094,352.3723449707031,-0.000244140625,-0.00067138671875,-0.000244140625
118.399288,0.1042870804667472,0.09763795799193856,0.1039460897445678,0.1042868643999099,-0.006649122474808644,-0.00034099072217939896,-2.1606683729691323e-07,118.399288,0.0975808799266815,0.09304434083353386,0.0971765890717506,0.0973641127347946,-0.0045365390931476485,-0.00040429085493090544,-0.00021676719188690186,118.399288,352.3730773925781,352.3732604980469,352.3725891113281,352.3732604980469,0.00018310546875,-0.00048828125,0.00018310546875
118.499248,0.1043618768453598,0.09807751167284673,0.1042870804667472,0.1046280711889266,-0.006284365172513073,-7.479637861260158e-05,0.0002661943435667974,118.499248,0.0977553054690361,0.09375344399658742,0.0975808799266815,0.09798517078161241,-0.004001861472448687,-0.00017442554235459762,0.00022986531257630782,118.499248,352.373779296875,352.3735656738281,352.3730773925781,352.3735656738281,-0.000213623046875,-0.000701904296875,-0.000213623046875
118.599208,0.1047238260507583,0.09783871100597845,0.1043618768453598,0.1044366732239724,-0.006885115044779858,-0.00036194920539850406,-0.0002871528267859025,118.599208,0.0977471470832824,0.09357787691996947,0.0977553054690361,0.0979297310113907,-0.004169270163312935,8.15838575370098e-06,0.0001825839281082986,118.599208,352.37469482421875,352.3744812011719,352.373779296875,352.3744812011719,-0.000213623046875,-0.00091552734375,-0.000213623046875
118.700001,0.1048805862665176,0.09852218455636493,0.1047238260507583,0.10508577525615681,-0.006358401710152672,-0.00015676021575929122,0.00020518898963921284,118.700001,0.097672700881958,0.09360807110573753,0.0977471470832824,0.0977389886975287,-0.004064629776220463,7.444620132440738e-05,6.62878155707064e-05,118.700001,352.3753967285156,352.3756103515625,352.37469482421875,352.3756103515625,0.000213623046875,-0.000701904296875,0.000213623046875
118.799961,0.1051856204867363,0.09839506679852791,0.1048805862665176,0.10503734648227689,-0.006790553688208384,-0.0003050342202187001,-0.00014827400445940886,118.799961,0.0980841889977455,0.0934960391413249,0.097672700881958,0.09759825468063359,-0.004588149856420601,-0.0004114881157875061,-0.0004859343171119135,118.799961,352.3762512207031,352.3760986328125,352.3753967285156,352.3760986328125,-0.000152587890625,-0.0008544921875,-0.000152587890625
118.899921,0.1051331013441085,0.09897799655165139,0.1051856204867363,0.105490654706955,-0.006155104792457108,5.251914262779933e-05,0.0003575533628464994,118.899921,0.0984823703765869,0.09440779194059813,0.0980841889977455,0.098495677113533,-0.004074578435988768,-0.00039818137884140015,1.3306736946105957e-05,118.899921,352.376953125,352.3771057128906,352.3762512207031,352.3771057128906,0.000152587890625,-0.000701904296875,0.000152587890625
118.999881,0.1052252948284149,0.09852832631400786,0.1051331013441085,0.1050805822014807,-0.006696968514407042,-9.219348430640484e-05,-0.00014471262693420417,118.999881,0.0987663641571998,0.09450384758386085,0.0984823703765869,0.0988805517554283,-0.004262516573338954,-0.0002839937806129039,0.00011418759822849622,118.999881,352.3775634765625,352.3776550292969,352.376953125,352.3776550292969,9.1552734375e-05,-0.0006103515625,9.1552734375e-05
119.099841,0.1053410246968269,0.09887675995329663,0.1052252948284149,0.10531748831272131,-0.0064642647435302625,-0.00011572986841199007,-2.353638410558523e-05,119.099841,0.0990044251084327,0.09473170607738027,0.0987663641571998,0.09905035793781271,-0.004272719031052433,-0.00023806095123289628,4.5932829380007645e-05,119.099841,352.3783874511719,352.378173828125,352.3775634765625,352.378173828125,-0.000213623046875,-0.000823974609375,-0.000213623046875
119.199801,0.1054349243640899,0.09894597421267784,0.1053410246968269,0.10545675456523888,-0.006488950151412057,-9.389966726300325e-05,2.1830201148986816e-05,119.199801,0.0992723479866981,0.09487096611192374,0.0990044251084327,0.0992424860596656,-0.00440138187477436,-0.00026792287826539474,-2.986192703249846e-05,119.199801,352.3792419433594,352.37921142578125,352.3783874511719,352.37921142578125,-3.0517578125e-05,-0.0008544921875,-3.0517578125e-05
119.299761,0.1055605635046958,0.09906063888006687,0.1054349243640899,0.1055288240313529,-0.006499924624628922,-0.00012563914060589876,-3.173947334289551e-05,119.299761,0.0993071869015693,0.09517196553864223,0.0992723479866981,0.09954027086496349,-0.004135221362927072,-3.483891487120194e-05,0.0002330839633941928,119.299761,352.37994384765625,352.3800964355469,352.3792419433594,352.3800964355469,0.000152587890625,-0.000701904296875,0.000152587890625
119.399721,0.1057780534029007,0.09916521714681585,0.1055605635046958,0.1056862026453017,-0.006612836256084845,-0.0002174898982049006,-9.185075759900185e-05,119.399721,0.0993880778551101,0.094989122279111,0.0993071869015693,0.0993420258164405,-0.004398955575999106,-8.0890953540802e-05,-4.605203866960006e-05,119.399721,352.3808288574219,352.3806457519531,352.37994384765625,352.3806457519531,-0.00018310546875,-0.000885009765625,-0.00018310546875
119.499681,0.105878546833992,0.0994686039894806,0.1057780534029007,0.1059955433011056,-0.006409942844511407,-0.0001004934310913086,0.00011699646711359202,119.499681,0.0996355786919593,0.09519902235117705,0.0993880778551101,0.0994689688086509,-0.004436556340782244,-0.00024750083684919877,-0.00016660988330839677,119.499681,352.3817749023437,352.3817138671875,352.3808288574219,352.3817138671875,-6.103515619315658e-05,-0.0009460449218181566,-6.103515619315658e-05
119.599641,0.1060552895069122,0.09945671160289696,0.105878546833992,0.10597904026508331,-0.006598577904015246,-0.0001767426729201993,-7.62492418288907e-05,119.599641,0.0997512936592102,0.09553004203757506,0.0996355786919593,0.0998830795288085,-0.0042212516216351414,-0.00011571496725090724,0.00013178586959829153,119.599641,352.3826599121094,352.3827209472655,352.3817749023437,352.3827209472655,6.103515613631316e-05,-0.0008850097656818434,6.103515613631316e-05
119.699601,0.1062768101692199,0.0996935633046562,0.1060552895069122,0.1062320321798324,-0.006583246864563699,-0.00022152066230769762,-4.477798938749833e-05,119.699601,0.0999220311641693,0.09550663537970841,0.0997512936592102,0.09986700862646111,-0.004415395784460888,-0.00017073750495909257,-5.5022537708185326e-05,119.699601,352.38360595703125,352.38354492187506,352.3826599121094,352.38354492187506,-6.103515619315658e-05,-0.000946044921875,-6.103515619315658e-05
119.799561,0.1063274964690208,0.09993555221820612,0.1062768101692199,0.1064983308315276,-0.006391944250814685,-5.068629980090056e-05,0.00017083436250679707,119.799561,0.1000154986977577,0.09575009345431146,0.0999220311641693,0.10009276866912839,-0.004265405243446235,-9.346753358839555e-05,7.726997137069702e-05,119.799561,352.384521484375,352.3845520019531,352.38360595703125,352.3845520019531,3.0517578125e-05,-0.00091552734375,3.0517578125e-05
119.899521,0.1063407734036445,0.09980662102118215,0.1063274964690208,0.1063781827688217,-0.006534152382462355,-1.3276934623704384e-05,3.7409365177196174e-05,119.899521,0.0999990701675415,0.09572932750753556,0.1000154986977577,0.10010896623134609,-0.004269742660005946,1.6428530216189285e-05,0.00010989606380458483,119.899521,352.3853454589844,352.38543701171875,352.384521484375,352.38543701171875,9.1552734375e-05,-0.000823974609375,9.1552734375e-05
119.999481,0.1062589362263679,0.09983052508752804,0.1063407734036445,0.10635405033826821,-0.006428411138839851,8.183717727661133e-05,9.511411190031571e-05,119.999481,0.1003531962633133,0.09565986320024122,0.0999990701675415,0.09998264163732531,-0.004693333063072069,-0.00035412609577178955,-0.00037055462598797884,119.999481,352.38653564453125,352.38616943359375,352.3853454589844,352.38616943359375,-0.0003662109375,-0.001190185546875,-0.0003662109375
120.099441,0.1059863492846489,0.09976783347585232,0.1062589362263679,0.10617709904909128,-0.006218515808796579,0.00027258694171899966,0.00019074976444238834,120.099441,0.1004123091697692,0.09629774612427905,0.1003531962633133,0.10070732235908508,-0.004114563045490155,-5.9112906455910386e-05,0.00029501318931587917,120.099441,352.38751220703125,352.3877258300781,352.38653564453125,352.3877258300781,0.000213623046875,-0.0009765625,0.000213623046875
120.199401,0.1061389669775962,0.09933196014674028,0.1059863492846489,0.1057137623429299,-0.006807006830855916,-0.00015261769294730443,-0.0004252046346663041,120.199401,0.1004298329353332,0.09594691866914201,0.1004123091697692,0.10047142207622511,-0.004482914266191185,-1.75237655639926e-05,4.1589140891917786e-05,120.199401,352.38848876953125,352.38848876953125,352.38751220703125,352.38848876953125,0.0,-0.0009765625,0.0
120.299361,0.1061161011457443,0.09994572634838628,0.1061389669775962,0.1062915846705435,-0.006170374797358019,2.2865831851903717e-05,0.00017548352479920815,120.299361,0.1003119647502899,0.09609957820128912,0.1004298329353332,0.10044735670089719,-0.004212386549000788,0.00011786818504329333,0.00013539195060728593,120.299361,352.3896484375,352.38946533203125,352.38848876953125,352.38946533203125,-0.00018310546875,-0.00115966796875,-0.00018310546875
120.399321,0.1061130389571189,0.0996178287531501,0.1061161011457443,0.10609323531389239,-0.0064952102039688014,3.0621886253912045e-06,-1.9803643226512513e-05,120.399321,0.1003927364945411,0.09581044777557854,0.1003119647502899,0.10019409656524661,-0.00458228871896256,-8.077174425119571e-05,-0.00019863992929448904,120.399321,352.3908996582031,352.39080810546875,352.3896484375,352.39080810546875,-9.1552734375e-05,-0.001251220703125,-9.1552734375e-05
120.499281,0.1060642600059509,0.09976117284140103,0.1061130389571189,0.10610997676849351,-0.006303087164549873,4.877895116800479e-05,4.571676254261359e-05,120.499281,0.1002248153090477,0.096160422729426,0.1003927364945411,0.1004735082387923,-0.004064392579621698,0.00016792118549339985,0.00024869292974459556,120.499281,352.3918151855469,352.39215087890625,352.3908996582031,352.39215087890625,0.000335693359375,-0.00091552734375,0.000335693359375
120.599241,0.1063503548502922,0.09956976046032527,0.1060642600059509,0.1060154810547829,-0.006780594389966935,-0.00028609484434130583,-0.0003348737955093106,120.599241,0.100353330373764,0.09568238141765528,0.1002248153090477,0.1000568941235543,-0.004670948956108714,-0.00012851506471629748,-0.00029643625020969733,120.599241,352.3929138183594,352.3927307128906,352.3918151855469,352.3927307128906,-0.00018310546875,-0.0010986328125,-0.00018310546875
120.699201,0.1063553318381309,0.10023359727868539,0.1063503548502922,0.10663644969463351,-0.0061217345594455075,-4.976987838689606e-06,0.0002811178565026162,120.699201,0.1003605052828788,0.09622943876189964,0.100353330373764,0.1004818454384803,-0.004131066520979165,-7.174909114809891e-06,0.00012134015560148759,120.699201,352.3941650390625,352.3940124511719,352.3929138183594,352.3940124511719,-0.000152587890625,-0.001251220703125,-0.000152587890625
120.799994,0.1062927022576332,0.09983129557062885,0.1063553318381309,0.10636030882596959,-0.006461406687004345,6.262958049770007e-05,6.760656833638967e-05,120.799994,0.1002425476908683,0.09596067350606938,0.1003605052828788,0.10036768019199362,-0.004281874184798917,0.00011795759201051192,0.00012513250112532182,120.799994,352.3955078125,352.3954162597656,352.3941650390625,352.3954162597656,-9.1552734375e-05,-0.0013427734375,-9.1552734375e-05
120.899954,0.1061017662286758,0.09981419470080616,0.1062927022576332,0.1062300726771355,-0.006287571527869643,0.0001909360289573947,0.00012830644845969463,120.899954,0.100233718752861,0.09583677168901561,0.1002425476908683,0.10012459009885778,-0.004396947063845386,8.828938007299225e-06,-0.0001091286540032127,120.899954,352.3966064453125,352.3968505859375,352.3955078125,352.3968505859375,0.000244140625,-0.0010986328125,0.000244140625
120.999914,0.1062656044960022,0.09953971930567024,0.1061017662286758,0.1059108301997184,-0.006725885190331959,-0.00016383826732639661,-0.0003547742962837913,120.999914,0.0999895930290222,0.09589048432783442,0.100233718752861,0.1002248898148537,-0.004099108701187779,0.00024412572383879227,0.00023529678583149305,120.999914,352.3978881835937,352.397705078125,352.3966064453125,352.397705078125,-0.00018310546869315658,-0.0012817382811931566,-0.00018310546869315658
121.099874,0.1062760949134826,0.10000381822538883,0.1062656044960022,0.1064294427633286,-0.00627227668809377,-1.0490417480399361e-05,0.00015334784984599725,121.099874,0.1000118851661682,0.095537224932108,0.0999895930290222,0.09974546730518341,-0.004474660234060193,-2.2292137145996094e-05,-0.00026641786098478837,121.099874,352.3991394042969,352.3991699218749,352.3978881835937,352.3991699218749,3.0517578011313162e-05,-0.0012512207031818434,3.0517578011313162e-05
121.199834,0.106172539293766,0.09986445994894058,0.1062760949134826,0.106286585330963,-0.0063080793448254124,0.00010355561971660265,0.00011404603719700201,121.199834,0.0999454110860824,0.09583836656913239,0.1000118851661682,0.1000341773033142,-0.004107044516950015,6.647408008579603e-05,8.876621723179212e-05,121.199834,352.4002685546875,352.40039062500006,352.3991394042969,352.40039062500006,0.00012207031255684342,-0.001129150390625,0.00012207031255684342
121.299794,0.1061741858720779,0.09966911991713026,0.106172539293766,0.10606898367404939,-0.006505065954947639,-1.6465783119062882e-06,-0.00010520219802850894,121.299794,0.0999902784824371,0.09562599366857949,0.0999454110860824,0.09987893700599661,-0.004364284813857616,-4.486739635470305e-05,-0.00011134147644049908,121.299794,352.4013671875,352.4013977050781,352.4002685546875,352.4013977050781,3.0517578125e-05,-0.0010986328125,3.0517578125e-05
121.399754,0.1059840396046638,0.09981420088735622,0.1061741858720779,0.1061758324503898,-0.006169838717307571,0.0001901462674141069,0.00019179284572601318,121.399754,0.099754512310028,0.0957969448759144,0.0999902784824371,0.10003514587879181,-0.003957567434113601,0.00023576617240909925,0.0002806335687638023,121.399754,352.40283203125,352.4024658203125,352.4013671875,352.4024658203125,-0.0003662109375,-0.00146484375,-0.0003662109375
121.499714,0.1058619394898414,0.09938958083233057,0.1059840396046638,0.10579389333724969,-0.006472358657510835,0.0001221001148223877,-6.80461525917192e-05,121.499714,0.0997183546423912,0.09526440470955623,0.099754512310028,0.09951874613761891,-0.004453949932834975,3.615766763680195e-05,-0.0001996085047722973,121.499714,352.40399169921875,352.404296875,352.40283203125,352.404296875,0.00030517578125,-0.00115966796875,0.00030517578125
121.599674,0.105815939605236,0.0994756096197244,0.1058619394898414,0.10573983937501902,-0.006340329985511595,4.5999884605407715e-05,-7.610023021697998e-05,121.599674,0.0998502075672149,0.09553720815745564,0.0997183546423912,0.0996821969747544,-0.004312999409759252,-0.0001318529248236916,-0.00016801059246049355,121.599674,352.405517578125,352.4051513671875,352.40399169921875,352.4051513671875,-0.0003662109375,-0.00152587890625,-0.0003662109375
121.699634,0.1058291122317314,0.0994742088925145,0.105815939605236,0.10576993972063059,-0.0063549033392169,-1.3172626495402961e-05,-5.9172511100810676e-05,121.699634,0.0999121442437172,0.0957061771474075,0.0998502075672149,0.09998206049203859,-0.004205967096309687,-6.193667650229717e-05,6.991624832139443e-05,121.699634,352.40704345703125,352.40704345703125,352.405517578125,352.40704345703125,0.0,-0.00152587890625,0.0
121.799594,0.105880469083786,0.09953257396572432,0.1058291122317314,0.1058422848582268,-0.006347895118061678,-5.135685205459595e-05,-3.8184225559192986e-05,121.799594,0.0998321175575256,0.0956825265129386,0.0999121442437172,0.09997408092021949,-0.004149591044586995,8.002668619160047e-05,0.00014196336269389764,121.799594,352.40875244140625,352.4085693359375,352.40704345703125,352.4085693359375,-0.00018310546875,-0.001708984375,-0.00018310546875
121.899554,0.105703093111515,0.09957149817455425,0.105880469083786,0.10593182593584059,-0.006131594936960749,0.00017737597227099333,0.00022873282432558928,121.899554,0.0997500196099281,0.09549862011660995,0.0998321175575256,0.09975209087133399,-0.004251399493318153,8.209794759748978e-05,2.071261405889313e-06,121.899554,352.41015625,352.41046142578125,352.40875244140625,352.41046142578125,0.00030517578125,-0.00140380859375,0.00030517578125
121.999514,0.1057683527469635,0.09920203065275873,0.105703093111515,0.10552571713924401,-0.006566322094204768,-6.525963544849744e-05,-0.00024263560771949078,121.999514,0.0995243117213249,0.09541649498887878,0.0997500196099281,0.09966792166233061,-0.004107816732446132,0.00022570788860319657,0.0001436099410057068,121.999514,352.41168212890625,352.41156005859375,352.41015625,352.41156005859375,-0.0001220703125,-0.00152587890625,-0.0001220703125
122.099474,0.1059114038944244,0.09950112379114713,0.1057683527469635,0.105833612382412,-0.006410280103277266,-0.00014305114746089587,-7.779151201239842e-05,122.099474,0.0994385629892349,0.09515112500464765,0.0995243117213249,0.09929860383272171,-0.00428743798458725,8.574873209001022e-05,-0.00013995915651318636,122.099474,352.4131774902344,352.4132080078125,352.41168212890625,352.4132080078125,3.0517578125e-05,-0.001495361328125,3.0517578125e-05
122.199434,0.1059386655688285,0.09966646902189022,0.1059114038944244,0.10605445504188529,-0.00627219654693828,-2.7261674404102654e-05,0.00011578947305679321,122.199434,0.0993395522236824,0.09525474717424737,0.0994385629892349,0.09935281425714489,-0.004084805049435036,9.9010765552493e-05,1.326203346248278e-05,122.199434,352.4143371582031,352.4146728515625,352.4131774902344,352.4146728515625,0.000335693359375,-0.00115966796875,0.000335693359375
122.299394,0.1058061197400093,0.0995604347958817,0.1059386655688285,0.1059659272432326,-0.006245684944127597,0.0001325458288192055,0.00015980750322330817,122.299394,0.0992294773459434,0.09513039817615304,0.0993395522236824,0.09924054145812991,-0.004099079169790354,0.00011007487773900815,1.1064112186515151e-05,122.299394,352.4156188964844,352.4154968261719,352.4143371582031,352.4154968261719,-0.0001220703125,-0.00128173828125,-0.0001220703125
122.399354,0.1057743281126022,0.09932156609671396,0.1058061197400093,0.10567357391119009,-0.00645276201588825,3.179162740708785e-05,-0.00010075420141211766,122.399354,0.0992143750190734,0.09501088740543506,0.0992294773459434,0.09911940246820439,-0.00420348761363834,1.5102326869992355e-05,-9.497255086901579e-05,122.399354,352.4169616699219,352.4169006347656,352.4156188964844,352.4169006347656,-6.103515625e-05,-0.0013427734375,-6.103515625e-05
122.499314,0.1056269705295562,0.0994302886412144,0.1057743281126022,0.10574253648519512,-0.0061966818883417984,0.0001473575830460011,0.00011556595563891325,122.499314,0.099222294986248,0.09509673469458227,0.0992143750190734,0.09919927269220341,-0.004125560291665734,-7.919967174599418e-06,-2.3022294044591773e-05,122.499314,352.4183349609375,352.4183044433594,352.4169616699219,352.4183044433594,-3.0517578125e-05,-0.001373291015625,-3.0517578125e-05
122.599274,0.1053495705127716,0.09918311655527437,0.1056269705295562,0.1054796129465102,-0.006166453957497237,0.0002774000167845986,0.00013004243373859747,122.599274,0.0991010442376136,0.09506949053534032,0.099222294986248,0.0992302149534226,-0.0040315537022732745,0.00012125074863440777,0.00012917071580900719,122.599274,352.4198913574219,352.4197082519531,352.4183349609375,352.4197082519531,-0.00018310546875,-0.001556396484375,-0.00018310546875
122.699234,0.1054848358035087,0.098854623469118,0.1053495705127716,0.10507217049598701,-0.006630212334390706,-0.0001352652907370966,-0.00041266530752169517,122.699234,0.0991856753826141,0.09483696889459116,0.0991010442376136,0.09897979348897919,-0.004348706488022935,-8.46311450004994e-05,-0.00020588189363490716,122.699234,352.4212646484375,352.42144775390625,352.4198913574219,352.42144775390625,0.00018310546875,-0.001373291015625,0.00018310546875
122.799194,0.1055315360426902,0.0994102536640549,0.1054848358035087,0.1056201010942458,-0.0061212823786352955,-4.67002391814908e-05,8.856505155560579e-05,122.799194,0.0990226417779922,0.0951816221704948,0.0991856753826141,0.0992703065276146,-0.0038410196074974007,0.0001630336046218872,0.0002476647496223866,122.799194,352.4226989746094,352.4226379394531,352.4212646484375,352.4226379394531,-6.103515625e-05,-0.001434326171875,-6.103515625e-05
122.899987,0.1054476499557495,0.09920145643370303,0.1055315360426902,0.10557823628187168,-0.006246193522046473,8.388608694069599e-05,0.0001305863261221868,122.899987,0.0990562960505485,0.0947196493842199,0.0990226417779922,0.09885960817337032,-0.004336646666328603,-3.3654272556291054e-05,-0.00019668787717817826,122.899987,352.424072265625,352.42413330078125,352.4226989746094,352.42413330078125,6.103515625e-05,-0.001373291015625,6.103515625e-05
122.999947,0.1055401191115379,0.09911920202953677,0.1054476499557495,0.1053637638688088,-0.00642091708200114,-9.246915578840775e-05,-0.00017635524272910374,122.999947,0.0992483124136924,0.09502435427566622,0.0990562960505485,0.09908995032310479,-0.004223958138026188,-0.00019201636314390702,-0.00015836209058761597,122.999947,352.42535400390625,352.4254455566406,352.424072265625,352.4254455566406,9.1552734375e-05,-0.00128173828125,9.1552734375e-05
123.099907,0.1054984107613563,0.0993491414510431,0.1055401191115379,0.10563258826732631,-0.0061492693103132046,4.1708350181607345e-05,0.0001341775059700151,123.099907,0.0991490557789802,0.09524821829247544,0.0992483124136924,0.09944032877683631,-0.0039008374865047574,9.925663471220536e-05,0.0002912729978561124,123.099907,352.4267578125,352.4266357421875,352.42535400390625,352.4266357421875,-0.0001220703125,-0.00140380859375,-0.0001220703125
123.199867,0.1052365973591804,0.09911461936652263,0.1054984107613563,0.10545670241117469,-0.006121977992657762,0.0002618134021759033,0.00022010505199429597,123.199867,0.0988431572914123,0.09484514392495745,0.0991490557789802,0.099049799144268,-0.003998013366454847,0.0003058984875679016,0.00020664185285569625,123.199867,352.4283142089844,352.42816162109375,352.4267578125,352.42816162109375,-0.000152587890625,-0.001556396484375,-0.000152587890625
123.299827,0.105166845023632,0.09872828867740151,0.1052365973591804,0.10497478395700449,-0.006438556346230487,6.975233554840088e-05,-0.00019206106662750244,123.299827,0.0985481217503547,0.09447231844347195,0.0988431572914123,0.0985372588038444,-0.004075803306882744,0.00029503554105760055,-1.0862946510301064e-05,123.299827,352.4300842285156,352.42987060546875,352.4283142089844,352.42987060546875,-0.000213623046875,-0.00177001953125,-0.000213623046875
123.399787,0.1051815673708915,0.09888060981542492,0.105166845023632,0.1050970926880836,-0.006300957555466585,-1.4722347259507607e-05,-8.447468280790849e-05,123.399787,0.0983589515089988,0.09430474370997627,0.0985481217503547,0.0982530862092971,-0.004054207799022533,0.000189170241355896,-0.00010586529970170455,123.399787,352.4317626953125,352.4318542480469,352.4300842285156,352.4318542480469,9.1552734375e-05,-0.001678466796875,9.1552734375e-05
123.499747,0.1050275638699531,0.09894559776310377,0.1051815673708915,0.10519628971815101,-0.006081966106849329,0.00015400350093840165,0.00016872584819790926,123.499747,0.0980163067579269,0.09425845291783105,0.0983589515089988,0.0981697812676429,-0.0037578538400958456,0.0003426447510719022,0.00015347450971600618,123.499747,352.4336242675781,352.4334411621094,352.4317626953125,352.4334411621094,-0.00018310546875,-0.001861572265625,-0.00018310546875
123.599707,0.1049850508570671,0.09862104522120196,0.1050275638699531,0.1048735603690147,-0.00636400563586513,4.251301288600573e-05,-0.00011149048805239592,123.599707,0.0980758816003799,0.0938065513082709,0.0980163067579269,0.097673662006855,-0.004269330292109005,-5.957484245300293e-05,-0.0004022195935249051,123.599707,352.4352111816406,352.43548583984375,352.4336242675781,352.43548583984375,0.000274658203125,-0.0015869140625,0.000274658203125
123.699667,0.1048898324370384,0.0987919567101784,0.1049850508570671,0.10494253784418109,-0.0060978757268599915,9.52184200287004e-05,5.270540714269467e-05,123.699667,0.0979658290743827,0.09428107682090894,0.0980758816003799,0.0981354564428329,-0.0036847522534737553,0.0001100525259972035,0.00016962736845020643,123.699667,352.4366455078125,352.4367980957031,352.4352111816406,352.4367980957031,0.000152587890625,-0.001434326171875,0.000152587890625
123.799627,0.1051312759518623,0.09854266618795435,0.1048898324370384,0.1047946140170097,-0.006588609763907946,-0.0002414435148238997,-0.0003366619348526001,123.799627,0.0981360748410224,0.09386923875753561,0.0979658290743827,0.0978557765483855,-0.004266836083486783,-0.0001702457666396956,-0.0002802982926368991,123.799627,352.43829345703125,352.4380798339844,352.4366455078125,352.4380798339844,-0.000213623046875,-0.00164794921875,-0.000213623046875
123.899587,0.1049455404281616,0.09916808689214379,0.1051312759518623,0.1053727194666862,-0.005777453536017801,0.00018573552370070023,0.00042717903852459993,123.899587,0.0979706048965454,0.09441384451121264,0.0981360748410224,0.09830632060766209,-0.003556760385332758,0.00016546994447699803,0.0003357157111166936,123.899587,352.4398803710937,352.43994140625,352.43829345703125,352.43994140625,6.103515630684342e-05,-0.0015869140624431566,6.103515630684342e-05
123.999547,0.1050106212496757,0.09841818182604396,0.1049455404281616,0.1047598049044609,-0.006592439423631732,-6.508082151410188e-05,-0.0002508163452148021,123.999547,0.0980347320437431,0.09375957498950561,0.0979706048965454,0.0978051349520684,-0.004275157054237491,-6.412714719770951e-05,-0.00022959709167470754,123.999547,352.4413452148437,352.44146728515614,352.4398803710937,352.44146728515614,0.00012207031244315658,-0.00146484375,0.00012207031244315658
124.099507,0.1048775389790535,0.09891134114394368,0.1050106212496757,0.1050757020711898,-0.005966197835109821,0.0001330822706221979,0.0001981630921362998,124.099507,0.0980477631092071,0.09422490585262909,0.0980347320437431,0.09809885919094082,-0.003822857256578008,-1.303106546399202e-05,5.109608173371749e-05,124.099507,352.4429626464844,352.4428100585937,352.4413452148437,352.4428100585937,-0.00015258789068184342,-0.0016174316406818434,-0.00015258789068184342
124.199467,0.1049613282084465,0.09847207504891936,0.1048775389790535,0.1047444567084313,-0.006489253159527142,-8.378922939300537e-05,-0.00021687150001520328,124.199467,0.0978300422430038,0.09400200551742391,0.0980477631092071,0.09806079417467109,-0.0038280367255798947,0.00021772086620329423,0.00023075193166728625,124.199467,352.44464111328125,352.44458007812506,352.4429626464844,352.44458007812506,-6.103515619315658e-05,-0.001678466796875,-6.103515619315658e-05
124.299427,0.1045958250761032,0.09881914614618642,0.1049613282084465,0.10504511743783951,-0.005776678929916776,0.0003655031323433061,0.0004492923617363115,124.299427,0.0979670137166976,0.09374929312422631,0.0978300422430038,0.09761232137680051,-0.0042177205924712885,-0.00013697147369379215,-0.00035469233989708637,124.299427,352.44635009765625,352.4463195800781,352.44464111328125,352.4463195800781,-3.0517578125e-05,-0.001708984375,-3.0517578125e-05
124.399387,0.1044531464576721,0.09810040755597915,0.1045958250761032,0.10423032194375989,-0.006352738901692953,0.0001426786184310913,-0.0002228245139122148,124.399387,0.097769871354103,0.09411471703397904,0.0979670137166976,0.09810398519039139,-0.003655154320123963,0.00019714236259459061,0.00033411383628838276,124.399387,352.44781494140625,352.44805908203125,352.44635009765625,352.44805908203125,0.000244140625,-0.00146484375,0.000244140625
124.499347,0.1043064445257186,0.09821544082630154,0.1044531464576721,0.10431046783924101,-0.0060910036994170635,0.00014670193195349956,4.023313522408256e-06,124.499347,0.0976812914013862,0.09361357515751981,0.097769871354103,0.09757272899150841,-0.004067716243866398,8.857995271679964e-05,-0.00010856240987779098,124.499347,352.4494934082031,352.44927978515625,352.44781494140625,352.44927978515625,-0.000213623046875,-0.001678466796875,-0.000213623046875
124.599307,0.1043566465377807,0.09808203390398317,0.1043064445257186,0.1041597425937651,-0.006274612633797541,-5.020201206210051e-05,-0.00019690394401560007,124.599307,0.097615547478199,0.09369414228962555,0.0976812914013862,0.0975927114486694,-0.003921405188573451,6.574392318720035e-05,-2.283602952959929e-05,124.599307,352.4513244628906,352.451171875,352.4494934082031,352.451171875,-0.000152587890625,-0.0018310546875,-0.000152587890625
124.699267,0.1039813235402107,0.0983018872140826,0.1043566465377807,0.1044068485498428,-0.005679436326128093,0.0003753229975700101,0.0004255250096321106,124.699267,0.0974812135100364,0.09367251972399486,0.097615547478199,0.0975498035550118,-0.0038086937860415393,0.000134333968162606,6.859004497540566e-05,124.699267,352.4532470703125,352.4531555175781,352.4513244628906,352.4531555175781,-9.1552734375e-05,-0.001922607421875,-9.1552734375e-05
124.799227,0.1037983745336532,0.0975337827332915,0.1039813235402107,0.10360600054264069,-0.006264591800361707,0.00018294900655749236,-0.00019237399101251773,124.799227,0.0973368138074874,0.09339544386656043,0.0974812135100364,0.0973468795418738,-0.003941369940926975,0.0001443997025489946,1.006573438638858e-05,124.799227,352.4552001953125,352.4551696777344,352.4532470703125,352.4551696777344,-3.0517578125e-05,-0.001953125,-3.0517578125e-05
124.90002,0.1037363708019256,0.09765936158724815,0.1037983745336532,0.10361542552709571,-0.006077009214677451,6.20037317276001e-05,-0.00012094527482989226,124.90002,0.0969326421618461,0.09333052652753238,0.0973368138074874,0.09719241410493841,-0.0036021156343137295,0.00040417164564129915,0.00025977194309230456,124.90002,352.4571838378906,352.4571533203125,352.4552001953125,352.4571533203125,-3.0517578125e-05,-0.001983642578125,-3.0517578125e-05
124.99998,0.1037329286336898,0.09758837155545612,0.1037363708019256,0.103674367070198,-0.006144557078233678,3.442168235806564e-06,-5.8561563491793533e-05,124.99998,0.0968552008271217,0.09272345869030596,0.0969326421618461,0.0965284705162048,-0.004131742136815747,7.744133472439851e-05,-0.00032673031091690063,124.99998,352.4588928222656,352.45916748046875,352.4571838378906,352.45916748046875,0.000274658203125,-0.001708984375,0.000274658203125
125.09994,0.1034485027194023,0.09771729880935487,0.1037329286336898,0.10372948646545399,-0.0057312039100474305,0.00028442591428749775,0.0002809837460516912,125.09994,0.0969883874058723,0.09308014826409458,0.0968552008271217,0.09677775949239731,-0.003908239141777722,-0.00013318657875059647,-0.000210627913474995,125.09994,352.46051025390625,352.4606018066406,352.4588928222656,352.4606018066406,9.1552734375e-05,-0.001617431640625,9.1552734375e-05
125.1999,0.1032512485980987,0.09718227397509621,0.1034485027194023,0.1031640768051148,-0.006068974623002488,0.00019725412130359998,-8.717179298389777e-05,125.1999,0.0968302711844444,0.09320016496544145,0.0969883874058723,0.0971215739846229,-0.0036301062190029487,0.0001581162214279036,0.0002913028001785001,125.1999,352.46240234375,352.4621276855469,352.46051025390625,352.4621276855469,-0.000274658203125,-0.00189208984375,-0.000274658203125
