t_sec,TimeUS,DesRoll,DesPitch,DesYaw,PN,PE,PD,Roll,Pitch,Yaw,VN,VE,VD,GX,GY,GZ
0.0,54645633,-0.0001420835760654,8.693498239153996e-05,354.856201171875,-0.010420867241919,0.0124294506385922,-0.003693732433021,0.06,0.05,354.85,-0.0138480560854077,0.0164314731955528,9.217689512297512e-05,0.02,0.02,-0.09
0.09996,54745593,-0.0001420835760654,8.693498966749758e-05,354.8540344238281,-0.0104738855734467,0.0124824130907654,-0.0036908783949911,0.06,0.05,354.85,-0.0138806756585836,0.0164567753672599,6.11960276728496e-05,0.02,0.02,-0.09
0.19992,54845553,-0.0001420835615135,8.693499694345519e-05,354.8520202636719,-0.0103872641921043,0.0123712727800011,-0.0036871368065476,0.06,0.05,354.85,-0.0136904940009117,0.0161841232329607,0.0001080649599316,0.02,0.02,-0.09
0.29988,54945513,-0.0001420835469616,8.693498966749758e-05,354.8489685058594,-0.0104435738176107,0.0124274520203471,-0.0036780682858079,0.06,0.05,354.84,-0.0135098835453391,0.0160128530114889,0.0001816190633689,0.02,0.02,-0.09
0.39984,55045473,-0.0001420835469616,8.693502604728565e-05,354.84619140625,-0.0103212455287575,0.0122849578037858,-0.0036627857480198,0.06,0.05,354.84,-0.0129881110042333,0.0154627887532114,0.0002333420416107,0.02,0.02,-0.09
0.4998,55145433,-0.0001420835033059,8.693496783962473e-05,354.8433532714844,-0.0102802338078618,0.0122472587972879,-0.003645648015663,0.06,0.05,354.84,-0.012454536743462,0.0149175729602575,0.0002453837369102,0.02,0.02,-0.09
0.59976,55245393,-0.0001420835324097,8.693496783962473e-05,354.84039306640625,-0.0100365877151489,0.0119710974395275,-0.0036301738582551,0.06,0.05,354.84,-0.0115723060443997,0.013889574445784,0.0002785450778901,0.02,0.02,-0.09
0.69972,55345353,-0.0001420835469616,8.693496056366712e-05,354.83770751953125,-0.0098279882222414,0.0117364814504981,-0.0036130319349467,0.06,0.05,354.83,-0.0107062198221683,0.0128263346850872,0.0002935900411102,0.02,0.02,-0.09
0.79968,55445313,-0.0001420835469616,8.69349532877095e-05,354.835205078125,-0.0094170393422245,0.0112529341131448,-0.0035997680388391,0.06,0.05,354.83,-0.0095191290602087,0.0113679859787225,0.0002793406019918,0.02,0.02,-0.09
0.89964,55545273,-0.0001420835324097,8.693496056366712e-05,354.832275390625,-0.0090203266590833,0.0107820015400648,-0.0035854515153914,0.06,0.05,354.83,-0.0083520263433456,0.0099863773211836,0.0003122745838481,0.02,0.02,-0.09
0.9996,55645233,-0.0001420835033059,8.693493873579428e-05,354.82940673828125,-0.0084402877837419,0.0100941620767116,-0.0035708264913409,0.06,0.05,354.82,-0.0070218271575868,0.0084919538348913,0.0003634205495472,0.02,0.02,-0.09
1.09956,55745193,-0.0001420834887539,8.693494601175189e-05,354.8265991210937,-0.0078901313245296,0.0094486037269234,-0.0035535574425011,0.07,0.05,354.82,-0.0057924664579331,0.0070822318084537,0.0003396636457182,0.02,0.02,-0.09
1.19952,55845153,-0.0001420835615135,8.693496056366712e-05,354.8236694335937,-0.0072144889272749,0.0086572300642728,-0.0035425678361207,0.07,0.05,354.82,-0.0045158579014241,0.0055972873233258,0.000335298536811,0.02,0.02,-0.09
1.29948,55945113,-0.0001420835615135,8.693493873579428e-05,354.8207397460937,-0.0065850540995597,0.007920067757368,-0.0035293994005769,0.07,0.06,354.82,-0.0033878479152917,0.0043027764186263,0.0003155673039145,0.02,0.02,-0.09
1.39944,56045073,-0.0001420835760654,8.693492418387905e-05,354.81787109375,-0.0058890646323561,0.0070999432355165,-0.0035234319511801,0.07,0.06,354.81,-0.0024135711137205,0.0030492783989757,0.0002666645741555,0.02,0.02,-0.09
1.4994,56145033,-0.0001420835324097,8.69349023560062e-05,354.81463623046875,-0.0052764322608709,0.0063713123090565,-0.0035191483329981,0.07,0.06,354.81,-0.0015600806800648,0.0020189562346786,0.0002679104509297,0.02,0.02,-0.08
1.59936,56244993,-0.0001420835178578,8.693485870026052e-05,354.8116455078125,-0.0046342834830284,0.0056031635031104,-0.0035144188441336,0.07,0.06,354.81,-0.0007527417037636,0.0010326963383704,0.0003180627245455,0.02,0.02,-0.08
1.69932,56344953,-0.0001420835615135,8.693488780409098e-05,354.8086853027344,-0.0040758992545306,0.004930239636451,-0.0035050460137426,0.07,0.06,354.8,-0.0001263336162082,0.0002264469512738,0.000295708538033,0.02,0.02,-0.08
1.79928,56444913,-0.0001420835615135,8.693486597621813e-05,354.805908203125,-0.0035162246786057,0.004256104119122,-0.0035018203780055,0.07,0.06,354.8,0.0004559035296551,-0.0004986858693882,0.0002539920969866,0.02,0.02,-0.08
1.89924,56544873,-0.0001420835469616,8.693487325217575e-05,354.8031311035156,-0.0030427505262196,0.003678010078147,-0.003496216610074,0.08,0.06,354.8,0.0008626001654192,-0.0010722861625254,0.0002999811840709,0.02,0.02,-0.08
1.9992,56644833,-0.0001420835615135,8.693485870026052e-05,354.8003234863281,-0.0025821526069194,0.0031187713611871,-0.0034931283444166,0.08,0.07,354.8,0.0012547810329124,-0.0014879878144711,0.0002709690015763,0.02,0.02,-0.08
2.099993,56745626,-0.0001420835033059,8.693482959643006e-05,354.79718017578125,-0.0022005203645676,0.0026607289910316,-0.0034879005979746,0.08,0.07,354.79,0.0015451170038431,-0.0018165711080655,0.0002874778874684,0.02,0.02,-0.08
2.199953,56845586,-0.0001420834596501,8.693479321664199e-05,354.7941589355469,-0.0018357274821028,0.0022236865479499,-0.0034834654070436,0.08,0.07,354.79,0.0017229168443009,-0.0020353370346128,0.0003034778637811,0.02,0.02,-0.08
2.299913,56945546,-0.0001420834305463,8.693479321664199e-05,354.79119873046875,-0.0015441797440871,0.0018730050651356,-0.0034784846939146,0.08,0.07,354.79,0.0018506461055949,-0.0021861169952899,0.0002371204463997,0.02,0.02,-0.08
2.399873,57045506,-0.0001420834305463,8.693480776855722e-05,354.7879333496094,-0.0012872968800365,0.0015674124006181,-0.0034772991202771,0.08,0.07,354.78,0.0019249496981501,-0.0022408554796129,0.0002486407174728,0.02,0.02,-0.08
2.499833,57145466,-0.0001420834159944,8.693479321664199e-05,354.7850341796875,-0.0010683425934985,0.0013074857415631,-0.0034761580172926,0.08,0.07,354.78,0.0018914972897619,-0.0022136683110147,0.000209888399695,0.02,0.02,-0.08
2.599793,57245426,-0.0001420834159944,8.693474956089631e-05,354.7819519042969,-0.0008810673607513,0.0010811246465891,-0.0034785666503012,0.09,0.08,354.78,0.0018768783193081,-0.0022560425568372,0.0001611448824405,0.02,0.02,-0.08
2.699753,57345386,-0.0001420834159944,8.693475683685392e-05,354.7787170410156,-0.0007278543780557,0.0008923130226321,-0.003484042128548,0.09,0.08,354.77,0.0017730967374518,-0.0021312034223228,0.0001413774007232,0.02,0.02,-0.08
2.799713,57445346,-0.0001420834014425,8.693474228493869e-05,354.7757568359375,-0.0006005125469528,0.000735423353035,-0.0034907513763755,0.09,0.08,354.77,0.001659294241108,-0.0020126702729612,8.691022958373651e-05,0.02,0.02,-0.08
2.899673,57545306,-0.0001420833723386,8.693473500898108e-05,354.7727966308594,-0.0005070768529549,0.0006172653520479,-0.0035008308477699,0.09,0.08,354.77,0.0014584218151867,-0.0018128800438717,5.078127287561074e-05,0.02,0.02,-0.08
2.999633,57645266,-0.0001420833577867,8.693472045706585e-05,354.7695617675781,-0.0004328105133026,0.0005183754255995,-0.0035084036644548,0.09,0.08,354.76,0.001309010782279,-0.0017067695735022,8.235373388743028e-05,0.02,0.02,-0.08
3.099593,57745226,-0.0001420833577867,8.693469862919301e-05,354.7662048339844,-0.0003855383838526,0.0004464317462407,-0.0035124416463077,0.09,0.08,354.76,0.0010948864510282,-0.0015034559182822,7.280269346665591e-05,0.02,0.02,-0.08
3.199553,57845186,-0.0001420833286829,8.69346913532354e-05,354.7628479003906,-0.0003525173815432,0.0003910835075657,-0.0035166093148291,0.1,0.08,354.76,0.0008653746335767,-0.0012778295204043,4.713662565336563e-05,0.02,0.02,-0.08
3.299513,57945146,-0.0001420833286829,8.693468407727778e-05,354.75958251953125,-0.0003432098601479,0.0003622955991886,-0.0035180591512471,0.1,0.09,354.75,0.000626842083875,-0.0010148346191272,8.612181409262121e-05,0.02,0.02,-0.08
3.399473,58045106,-0.000142083314131,8.693467680132017e-05,354.7564697265625,-0.0003446323098614,0.0003476346901152,-0.0035206414759159,0.1,0.09,354.75,0.0003562483179848,-0.0007363682379946,7.763771282043308e-05,0.02,0.02,-0.08
3.499433,58145066,-0.0001420833432348,8.693470590515062e-05,354.7532958984375,-0.0003732804616447,0.0003728171868715,-0.0035219825804233,0.1,0.09,354.75,0.0001422125933459,-0.0003963263297919,7.284289313247427e-05,0.02,0.02,-0.08
3.599393,58245026,-0.0001420833723386,8.693467680132017e-05,354.7507019042969,-0.0003887682396452,0.0003840509161818,-0.0035217041149735,0.1,0.09,354.75,-0.0001251461944775,-0.000170929604792,8.22727961349301e-05,0.02,0.02,-0.08
3.699353,58344986,-0.0001420834014425,8.693467680132017e-05,354.7478942871094,-0.0004415030416566,0.0004330909578129,-0.003523507155478,0.1,0.09,354.74,-0.0004253567312844,0.0001850470289355,5.4834545153426006e-05,0.02,0.02,-0.07
3.799313,58444946,-0.0001420833868905,8.693466952536255e-05,354.7449035644531,-0.0004816823056899,0.0004722131998278,-0.00352693349123,0.11,0.09,354.74,-0.0007267639739438,0.0005379021167755,3.741470209206455e-05,0.02,0.02,-0.07
3.899273,58544906,-0.0001420833723386,8.693464769748971e-05,354.7415466308594,-0.0005601933225989,0.0005575889954343,-0.0035314057022333,0.11,0.1,354.74,-0.0010320207802578,0.000934834126383,1.281053300772328e-05,0.02,0.02,-0.07
3.999233,58644866,-0.0001420834014425,8.693462586961687e-05,354.7382507324219,-0.0006182377692312,0.0006252588937059,-0.0035362970083951,0.11,0.1,354.73,-0.0013104549143463,0.0013085533864796,2.6354713554610495e-05,0.02,0.02,-0.07
4.099193,58744826,-0.0001420833723386,8.693463314557448e-05,354.7347412109375,-0.0007192872581072,0.0007439499022439,-0.0035404511727392,0.11,0.1,354.73,-0.0017008853610605,0.0017262924229726,-7.614176865899935e-06,0.02,0.02,-0.07
4.199986,58845619,-0.0001420833432348,8.693461859365925e-05,354.7316589355469,-0.0008023961563594,0.0008396496414206,-0.0035441587679088,0.11,0.1,354.73,-0.0020390041172504,0.002143497345969,1.0964335160679184e-05,0.02,0.02,-0.07
4.299946,58945579,-0.0001420833286829,8.693463314557448e-05,354.728271484375,-0.000928183842916,0.0009888836648315,-0.0035453990567475,0.11,0.1,354.72,-0.0023976399097591,0.0026347185485064,7.0616377342958e-05,0.02,0.02,-0.07
4.399906,59045539,-0.0001420833723386,8.693464769748971e-05,354.7247314453125,-0.0010269817430526,0.0011132592335343,-0.0035426523536443,0.12,0.11,354.72,-0.0027673002332448,0.0030702578369528,6.297265645116568e-05,0.02,0.02,-0.07
4.499866,59145499,-0.000142083314131,8.693461859365925e-05,354.720947265625,-0.001180678140372,0.0012904613977298,-0.0035389950498938,0.12,0.11,354.72,-0.0032081648241728,0.0034876524005085,7.568155706394464e-05,0.02,0.02,-0.07
4.599826,59245459,-0.0001420833577867,8.693461131770164e-05,354.7174987792969,-0.0013049937551841,0.0014314220752567,-0.0035372911952435,0.12,0.11,354.71,-0.003576444927603,0.0039696656167507,7.924845704110339e-05,0.02,0.02,-0.07
4.699786,59345419,-0.0001420833432348,8.693459676578641e-05,354.71392822265625,-0.0014784827362746,0.0016333505045622,-0.0035369452089071,0.12,0.11,354.71,-0.0039490684866905,0.0044375928118824,4.264109520590864e-05,0.02,0.02,-0.07
4.799746,59445379,-0.0001420832704752,8.693456766195595e-05,354.7103576660156,-0.0016106148250401,0.001794321462512,-0.0035423105582594,0.12,0.11,354.71,-0.0042636608704924,0.0048879473470151,7.0947103267826606e-06,0.02,0.02,-0.07
4.899706,59545339,-0.000142083299579,8.693455311004072e-05,354.7069396972656,-0.0017936505610123,0.0020206156186759,-0.0035444814711809,0.12,0.11,354.7,-0.0046344590373337,0.0053382469341158,8.13223232398741e-05,0.02,0.02,-0.07
4.999666,59645299,-0.000142083314131,8.693455311004072e-05,354.7034912109375,-0.0019332123920321,0.0021954665426164,-0.0035460549406707,0.13,0.12,354.7,-0.0050026439130306,0.0058180391788482,4.559346052701585e-05,0.02,0.02,-0.07
5.099626,59745259,-0.000142083299579,8.693455311004072e-05,354.699951171875,-0.0021348705049604,0.0024429473560303,-0.0035516221541911,0.13,0.12,354.69,-0.0053830211982131,0.006305830553174,-2.400794801360462e-05,0.02,0.02,-0.07
5.199586,59845219,-0.0001420832704752,8.693450945429504e-05,354.6963195800781,-0.0022828551009297,0.0026274488773196,-0.0035559793468564,0.13,0.12,354.69,-0.0057503995485603,0.0067531303502619,6.68103984935442e-06,0.02,0.02,-0.07
5.299546,59945179,-0.0001420832559233,8.693450217833742e-05,354.69256591796875,-0.0025012325495481,0.0028936669696122,-0.0035557043738663,0.13,0.12,354.69,-0.0061511620879173,0.0072218519635498,3.30909933836665e-05,0.02,0.02,-0.07
5.399506,60045139,-0.000142083314131,8.693450217833742e-05,354.6888732910156,-0.0026642126031219,0.003095077117905,-0.0035581581760197,0.13,0.12,354.68,-0.0065012364648282,0.0076553523540496,3.215988908777945e-05,0.02,0.02,-0.07
5.499466,60145099,-0.0001420833577867,8.693451673025265e-05,354.6852722167969,-0.0029009927529841,0.0033804134000092,-0.003558742115274,0.13,0.12,354.68,-0.0069348053075373,0.0081765837967395,6.0967813624301925e-05,0.02,0.02,-0.07
5.599426,60245059,-0.0001420833432348,8.69345385581255e-05,354.6817626953125,-0.0030882095452398,0.0036015959922224,-0.0035582170821726,0.14,0.13,354.68,-0.0073548699729144,0.0085924882441759,4.330246156314388e-05,0.02,0.02,-0.07
5.699386,60345019,-0.0001420833286829,8.693449490237981e-05,354.6777038574219,-0.003347179852426,0.0039073899388313,-0.003560412209481,0.14,0.13,354.67,-0.0077730901539325,0.0090923188254237,-6.604524514841614e-06,0.02,0.02,-0.07
5.799346,60444979,-0.0001420833286829,8.69344876264222e-05,354.673828125,-0.003536986419931,0.0041336338035762,-0.0035650879144668,0.14,0.13,354.67,-0.0081124175339937,0.0095462556928396,4.910127699986333e-06,0.02,0.02,-0.07
5.899306,60544939,-0.0001420833723386,8.693447307450697e-05,354.67010498046875,-0.0038070029113441,0.0044578309170901,-0.0035702509339898,0.14,0.13,354.67,-0.0084767984226346,0.0100808274000883,-8.312666068377439e-06,0.02,0.02,-0.06
5.999266,60644899,-0.0001420833723386,8.693444397067651e-05,354.6664428710937,-0.004001909866929,0.0046960487961769,-0.003574214875698,0.14,0.13,354.66,-0.0088731069117784,0.0104995844885706,-2.586155460448936e-06,0.02,0.02,-0.06
6.099226,60744859,-0.000142083314131,8.693442214280367e-05,354.6626892089844,-0.0042877262458205,0.0050369966775178,-0.0035753259435296,0.14,0.13,354.66,-0.0092970123514533,0.0109994858503341,-1.1858547622978222e-05,0.02,0.02,-0.06
6.200019,60845652,-0.000142083299579,8.693436393514276e-05,354.65887451171875,-0.0044992379844188,0.0052897469140589,-0.0035811797715723,0.15,0.14,354.65,-0.0096731362864375,0.0113979130983352,-3.1134655728237703e-05,0.02,0.02,-0.06
6.299979,60945612,-0.0001420833432348,8.693437848705798e-05,354.65484619140625,-0.0048008700832724,0.0056443526409566,-0.0035879495553672,0.15,0.14,354.65,-0.0100879427045583,0.0118948966264724,-5.712681377190165e-05,0.02,0.02,-0.06
6.399939,61045572,-0.0001420833577867,8.693436393514276e-05,354.6509094238281,-0.0050111408345401,0.0058961943723261,-0.0035936210770159,0.15,0.14,354.65,-0.0104105286300182,0.0122945103794336,-5.689350655302405e-05,0.02,0.02,-0.06
6.499899,61145532,-0.0001420833577867,8.693436393514276e-05,354.6467590332031,-0.0053204479627311,0.0062648598104715,-0.003603569464758,0.15,0.14,354.64,-0.0107929399237036,0.0127281732857227,-0.0001034195665852,0.02,0.02,-0.06
6.599859,61245492,-0.0001420833286829,8.693432755535468e-05,354.6428527832031,-0.0055308872833848,0.0065129962749779,-0.0036117082927376,0.15,0.14,354.64,-0.0110936854034662,0.0130542265251278,-9.431603393750264e-05,0.02,0.02,-0.06
6.699819,61345452,-0.0001420833432348,8.693430572748184e-05,354.6387939453125,-0.0058423387818038,0.006882295012474,-0.0036188093945384,0.15,0.14,354.63,-0.0114537645131349,0.0135212885215878,-9.389375918544828e-05,0.02,0.02,-0.06
6.799779,61445412,-0.0001420834014425,8.693430572748184e-05,354.6351013183594,-0.0060516698285937,0.0071285432204604,-0.0036225842777639,0.15,0.14,354.63,-0.0118022188544273,0.0138890324160456,-0.0001005000231089,0.02,0.02,-0.06
6.899739,61545372,-0.000142083314131,8.693425479577854e-05,354.63134765625,-0.0063779219053685,0.0075115370564162,-0.0036294325254857,0.15,0.14,354.63,-0.0122635317966341,0.0144157605245709,-0.0001167771260952,0.02,0.02,-0.06
6.999699,61645332,-0.000142083314131,8.693424024386331e-05,354.6307373046875,-0.0065978663042187,0.0077657103538513,-0.0036320150829851,0.16,0.15,354.62,-0.0125785702839493,0.0147624025121331,-8.569730562157929e-05,0.02,0.02,-0.06
7.099659,61745292,-0.000142083314131,8.693424024386331e-05,354.6307373046875,-0.006933650933206,0.0081580001860857,-0.0036362127866595,0.16,0.15,354.62,-0.0129776522517204,0.0152468886226415,-0.0001319167640758,0.02,0.02,-0.06
7.199619,61845252,-0.000142083314131,8.693424024386331e-05,354.6307373046875,-0.0071531124413013,0.0084130186587572,-0.0036410342436283,0.16,0.15,354.62,-0.0132792554795742,0.0156101221218705,-0.0001130020682467,0.02,0.02,-0.06
7.299579,61945212,-0.000142083314131,8.693424024386331e-05,354.6307373046875,-0.0074870833195745,0.0088022882118821,-0.0036461662966758,0.16,0.15,354.61,-0.0136676263064146,0.0160585660487413,-0.0001167095833807,0.02,0.02,-0.06
7.399539,62045172,-0.000142083314131,8.693424024386331e-05,354.6307373046875,-0.0076993079856038,0.0090551888570189,-0.0036494426894932,0.16,0.15,354.61,-0.0138843171298503,0.0163859520107507,-9.12300674826838e-05,0.02,0.02,-0.06
7.499499,62145132,-0.000142083314131,8.693424024386331e-05,354.6307373046875,-0.0080369841307401,0.009456499479711,-0.0036534639075398,0.16,0.15,354.6,-0.0142510496079921,0.0168000999838113,-0.0001227294560521,0.02,0.02,-0.06
7.599459,62245092,-0.000142083314131,8.693424024386331e-05,354.6307373046875,-0.0082391155883669,0.0097000924870371,-0.0036569919902831,0.16,0.15,354.6,-0.0144664831459522,0.0170955043286085,-0.0001133525001932,0.02,0.02,-0.06
7.699419,62345052,-0.000142083314131,8.693424024386331e-05,354.6307373046875,-0.0085859019309282,0.0101180421188473,-0.003768092021346,0.16,0.15,354.6,-0.0148338628932833,0.0175560358911752,-0.0089617986232042,0.02,0.03,-0.06
7.799379,62445012,-0.0376337356865406,-0.0382470674812793,354.6307678222656,-0.0088807782158255,0.0104723675176501,-0.0081956507638096,0.16,0.15,354.59,-0.0152769712731242,0.0180796347558498,-0.0688453167676925,0.02,0.03,-0.06
7.899339,62544972,-0.1056608408689498,-0.1077668219804763,354.630859375,-0.0092067327350378,0.0108613278716802,-0.0186496041715145,0.16,0.15,354.59,-0.0157503560185432,0.0186040885746479,-0.1262175887823104,0.02,0.03,-0.06
7.999299,62644932,-0.1527915596961975,-0.1560413092374801,354.6309509277344,-0.009495660662651,0.0112040378153324,-0.0342112407088279,0.16,0.15,354.58,-0.016138581559062,0.0190531704574823,-0.1794023662805557,0.02,0.03,-0.06
8.099259,62744892,-0.1763482689857483,-0.1802820116281509,354.6310119628906,-0.0098139513283967,0.0115796802565455,-0.0547371096909046,0.17,0.16,354.58,-0.0165530145168304,0.0195216089487075,-0.2322699576616287,0.02,0.03,-0.06
8.199219,62844852,-0.1888810396194458,-0.1931050717830658,354.6310729980469,-0.0100916540250182,0.0119113745167851,-0.0805177986621856,0.17,0.16,354.58,-0.0168606676161289,0.0199314840137958,-0.2883860766887665,0.02,0.03,-0.06
8.300012,62945645,-0.1956316232681274,-0.1997983306646347,354.6310729980469,-0.0104121528565883,0.0122919157147407,-0.1123474687337875,0.17,0.16,354.57,-0.0172545500099658,0.0203725006431341,-0.3491280674934387,0.02,0.03,-0.05
8.399972,63045605,-0.2018120884895324,-0.2060772776603698,354.631103515625,-0.0106770936399698,0.0126097165048122,-0.1567980647087097,0.05,0.05,354.57,-0.0174126178026199,0.0205821022391319,-0.649585485458374,0.02,0.03,-0.05
8.499932,63145565,-0.2036343216896057,-0.2077244073152542,354.631103515625,-0.0108690308406949,0.012843414209783,-0.2455420196056366,-0.11,-0.11,354.57,-0.0156214237213134,0.0185163076967,-1.0875301361083984,0.02,0.03,-0.05
8.599892,63245525,-0.1868889927864074,-0.1907074153423309,354.63104248046875,-0.0107029527425765,0.0126285981386899,-0.361014574766159,-0.21,-0.21,354.58,-0.0121915405616164,0.014171496964991,-1.2455939054489136,0.02,0.03,-0.05
8.699852,63345485,-0.1412563472986221,-0.1464984267950058,354.63092041015625,-0.010101250372827,0.0118582295253872,-0.4800512194633484,-0.23,-0.23,354.58,-0.0072234515100717,0.0080078011378645,-1.2197234630584717,0.02,0.03,-0.05
8.799812,63445445,-0.0702901184558868,-0.077152594923973,354.6307983398437,-0.0088975932449102,0.0103327287361025,-0.5945691466331482,-0.2,-0.2,354.59,-0.0014714089920744,0.000845834845677,-1.166136622428894,0.02,0.03,-0.05
8.899772,63545405,0.0230992995202541,0.013054302893579,354.6307373046875,-0.0071518011391162,0.0081250304356217,-0.7077022790908813,-0.13,-0.13,354.59,0.0036655894946306,-0.0055549819953739,-1.1667418479919434,0.02,0.03,-0.05
8.999732,63645365,0.1207701042294502,0.1072040423750877,354.6308898925781,-0.0049930540844798,0.0053925928659737,-0.8277756571769714,-0.02,-0.04,354.59,0.0072521874681115,-0.0099003193899989,-1.228449463844299,0.02,0.03,-0.05
9.099692,63745325,0.2091127783060073,0.1929645538330078,354.6311340332031,-0.0026453083846718,0.0024262587539851,-0.9582105278968812,0.07,0.05,354.59,0.0088342716917395,-0.0117097254842519,-1.3232356309890747,0.02,0.03,-0.05
9.199652,63845285,0.2768359184265136,0.2596571147441864,354.63140869140625,-7.773899415042251e-05,-0.0007144403643906,-1.0994468927383425,0.15,0.12,354.59,0.0089432392269372,-0.0116384094581007,-1.4263169765472412,0.02,0.03,-0.05
9.299612,63945245,0.3275664448738098,0.3113056123256683,354.6316833496094,0.002472894731909,-0.0037706019356846,-1.2512937784194946,0.2,0.18,354.59,0.0079425387084484,-0.0100939376279711,-1.5274410247802734,0.02,0.03,-0.05
9.399572,64045205,0.3615441918373108,0.3475969731807709,354.63189697265625,0.0048706620000302,-0.0067592696286737,-1.4116321802139282,0.25,0.23,354.59,0.006032777018845,-0.0077149728313088,-1.6251579523086548,0.02,0.03,-0.05
9.499532,64145165,0.3862048983573913,0.3725161552429199,354.6320495605469,0.0069924625568091,-0.0095001934096217,-1.5830886363983154,0.28,0.27,354.59,0.0033919343259185,-0.0044779111631214,-1.7241971492767334,0.02,0.03,-0.05
9.599492,64245125,0.4001058936119079,0.3850570917129516,354.63214111328125,0.0087958825752139,-0.0120803890749812,-1.7646268606185913,0.3,0.29,354.59,0.0003214752359781,-0.0007719463319517,-1.8251080513000488,0.02,0.03,-0.05
9.699452,64345085,0.4082199037075043,0.3885387182235718,354.6321716308594,0.0102015594020485,-0.0143251111730933,-1.9563887119293213,0.32,0.3,354.59,-0.0031045202631503,0.0032032784074544,-1.927977204322815,0.02,0.03,-0.05
9.799412,64445045,0.4083926081657409,0.3803868889808655,354.6321105957031,0.0116840414702892,-0.0167239997535944,-2.1605515480041504,0.33,0.3,354.59,-0.0063367215916514,0.0070460066199302,-2.0324747562408447,0.02,0.03,-0.05
9.899372,64545005,0.4052082896232605,0.3698745369911194,354.6320495605469,0.0125741623342037,-0.0182869099080562,-2.373093605041504,0.33,0.3,354.59,-0.0095629962161183,0.0110909510403871,-2.136056423187256,0.02,0.03,-0.05
9.999332,64644965,0.3958402872085571,0.3553922474384308,354.6319274902344,0.0133788641542196,-0.0197076145559549,-2.595914125442505,0.33,0.29,354.59,-0.0123597579076886,0.0149248102679848,-2.23914098739624,0.03,0.03,-0.05
10.099292,64744925,0.3841171264648437,0.3412404060363769,354.6318359375,0.0137349283322691,-0.0204799231141805,-2.8290762901306152,0.32,0.28,354.59,-0.0151162771508097,0.0185961667448282,-2.3380048274993896,0.03,0.03,-0.05
10.199252,64844885,0.3667868971824646,0.3247137367725372,352.6893005371094,0.01401171926409,-0.021105159074068,-3.0709340572357178,0.31,0.27,352.65,-0.017280338332057,0.0218507647514343,-2.414027214050293,0.03,0.03,-0.05
10.299212,64944845,0.3461989462375641,0.3131960928440094,352.689208984375,0.0138929402455687,-0.0211214125156402,-3.319185495376587,0.3,0.27,352.66,-0.0193022340536117,0.0249568857252597,-2.466747999191284,0.03,0.03,-0.05
10.400005,65045638,0.3219770193099975,0.2974606156349182,352.6891174316406,0.0136086884886026,-0.0208448469638824,-3.573669910430908,0.28,0.26,352.66,-0.0211667995899915,0.0277033783495426,-2.50085973739624,0.03,0.03,-0.05
10.499965,65145598,0.2990737557411194,0.2799966335296631,352.6889953613281,0.0131403468549251,-0.0202745273709297,-3.8286521434783936,0.26,0.25,352.67,-0.0227633621543645,0.0299009922891855,-2.520113229751587,0.03,0.03,-0.05
10.599925,65245558,0.2763000130653381,0.2598578631877899,352.6889038085937,0.0125499358400702,-0.0195593889802694,-4.085079669952393,0.24,0.23,352.68,-0.0240513272583484,0.0316107682883739,-2.5286619663238525,0.03,0.03,-0.05
10.699885,65345518,0.2569695115089416,0.2409655898809433,352.6888122558594,0.0118040572851896,-0.018650097772479,-4.341920375823975,0.22,0.2,352.69,-0.0250073913484811,0.032829500734806,-2.529260635375977,0.03,0.03,-0.05
10.799845,65445478,0.2390944212675094,0.2223880887031555,352.688720703125,0.0110327200964093,-0.017698036506772,-4.597818374633789,0.2,0.19,352.69,-0.0255527012050151,0.0335117578506469,-2.5240964889526367,0.03,0.03,-0.05
10.899805,65545438,0.2255212217569351,0.2075107246637344,352.68865966796875,0.010198613628745,-0.016654260456562,-4.852566242218018,0.19,0.18,352.7,-0.0258529875427484,0.0338425450026989,-2.515947103500366,0.03,0.03,-0.05
10.999765,65645398,0.2133773118257522,0.1940482407808303,352.6886291503906,0.0094215665012598,-0.0156648978590965,-5.106105804443359,0.19,0.16,352.7,-0.0257485918700695,0.0338614769279956,-2.5059916973114014,0.03,0.03,-0.05
11.099725,65745358,0.2040652930736541,0.1852879375219345,352.6885986328125,0.0086686518043279,-0.0146458623930811,-5.3583598136901855,0.19,0.15,352.7,-0.0253146011382341,0.0339037552475929,-2.495833396911621,0.03,0.03,-0.05
11.199685,65845318,0.1936355084180832,0.1795870661735534,352.6885681152344,0.0080298827961087,-0.0137108257040381,-5.609429359436035,0.19,0.14,352.7,-0.0246489644050598,0.033747274428606,-2.486366033554077,0.03,0.03,-0.05
11.299645,65945278,0.1849547773599624,0.1778724789619445,352.6885681152344,0.0074513754807412,-0.0127781424671411,-5.859475612640381,0.18,0.15,352.71,-0.0239412672817707,0.0335280261933803,-2.4783174991607666,0.03,0.03,-0.05
11.399605,66045238,0.1762643158435821,0.1778560727834701,352.68853759765625,0.007010287605226,-0.0119833936914801,-6.108672142028809,0.17,0.16,352.7,-0.0232997350394725,0.0329350754618644,-2.471961975097656,0.03,0.03,-0.05
11.499565,66145198,0.1712168455123901,0.1792170107364654,352.68853759765625,0.0066457781940698,-0.01128660608083,-6.355055332183838,0.16,0.16,352.7,-0.0227866023778915,0.0320726819336414,-2.466549634933472,0.03,0.03,-0.05
11.599525,66245158,0.1697455644607544,0.1804383248090744,352.68853759765625,0.0063683628104627,-0.0107510183006525,-6.602907657623291,0.15,0.16,352.7,-0.0221876986324787,0.030972596257925,-2.4635252952575684,0.03,0.03,-0.05
11.699485,66345118,0.176135629415512,0.1862396746873855,352.68853759765625,0.0061381473205983,-0.0103209177032113,-6.850448131561279,0.15,0.15,352.7,-0.0215789470821619,0.0297950487583875,-2.461488962173462,0.03,0.03,-0.05
11.799445,66445078,0.1836284399032592,0.192255213856697,352.6885681152344,0.0060061085969209,-0.0100707272067666,-7.097691059112549,0.15,0.16,352.7,-0.0207648798823356,0.0286210253834724,-2.4601707458496094,0.03,0.03,-0.05
11.899405,66545038,0.1941784471273422,0.2016485780477523,352.6885986328125,0.0058821905404329,-0.0098648061975836,-7.346840858459473,0.16,0.17,352.7,-0.0202385298907756,0.0276151560246944,-2.4608254432678223,0.03,0.03,-0.05
11.999365,66644998,0.2037675678730011,0.2093731611967086,352.6886291503906,0.0058372197672724,-0.0098064076155424,-7.593904495239258,0.17,0.19,352.69,-0.0199106447398662,0.0267749205231666,-2.461601495742798,0.03,0.03,-0.05
12.099325,66744958,0.2134038358926773,0.2157530635595321,352.68865966796875,0.0057686581276357,-0.0097575038671493,-7.841008186340332,0.18,0.2,352.69,-0.0198449604213237,0.0262361504137516,-2.46291446685791,0.03,0.03,-0.05
12.199285,66844918,0.2206092327833175,0.2186973094940185,352.6886901855469,0.0056824972853064,-0.009784260764718,-8.088237762451172,0.19,0.21,352.69,-0.0199358109384775,0.025771077722311,-2.4643144607543945,0.03,0.03,-0.05
12.299245,66944878,0.2278759628534317,0.219850093126297,352.6886901855469,0.0055151805281639,-0.009781970642507,-8.335580825805664,0.19,0.21,352.69,-0.0200749468058347,0.0253929253667593,-2.4658663272857666,0.03,0.03,-0.05
12.399205,67044838,0.2333229631185531,0.217646837234497,352.688720703125,0.0053122974932193,-0.0097945360466837,-8.5830659866333,0.21,0.21,352.69,-0.0202503856271505,0.0252255275845527,-2.468230724334717,0.03,0.03,-0.05
12.499998,67145631,0.2352512329816818,0.2155404686927795,352.688720703125,0.0050093666650354,-0.0096962489187717,-8.832796096801758,0.21,0.2,352.69,-0.0203404668718576,0.0252218134701252,-2.470874309539795,0.03,0.03,-0.05
12.599958,67245591,0.2354806512594223,0.212238609790802,352.6886901855469,0.0047027692198753,-0.0096148382872343,-9.0806245803833,0.22,0.2,352.69,-0.0203933883458375,0.025354390963912,-2.4736149311065674,0.03,0.03,-0.05
12.699918,67345551,0.2363820523023605,0.20839624106884,352.6886901855469,0.00432491581887,-0.0094302166253328,-9.328676223754885,0.22,0.19,352.69,-0.0203935150057077,0.0255582984536886,-2.476329803466797,0.03,0.03,-0.05
12.799878,67445511,0.2349192202091217,0.2031253576278686,352.6886901855469,0.0039363401010632,-0.0090188207104802,-9.57691478729248,0.22,0.19,352.69,-0.0202856622636318,0.0258611552417278,-2.478586435317993,0.03,0.03,-0.05
12.899838,67545471,0.2312365472316742,0.1983086615800857,352.68865966796875,0.0034870828967541,-0.0083678811788558,-9.82530117034912,0.22,0.19,352.69,-0.0201583057641983,0.0261480659246444,-2.480605363845825,0.03,0.03,-0.05
12.999798,67645431,0.2225937098264694,0.1927306205034256,352.6886291503906,0.0030628086533397,-0.0074299392290413,-10.07382869720459,0.21,0.18,352.69,-0.0198854971677064,0.0265361182391643,-2.482422351837158,0.03,0.03,-0.05
13.099758,67745391,0.2095460891723632,0.188891977071762,352.6885986328125,0.0026094624772667,-0.0062286877073347,-10.322513580322266,0.2,0.17,352.69,-0.0195710007101297,0.0268344040960073,-2.484027862548828,0.03,0.03,-0.05
13.199718,67845351,0.1929762661457061,0.1843715757131576,352.6885986328125,0.0021939435973763,-0.0049299323000013,-10.5712890625,0.18,0.17,352.69,-0.0192310586571693,0.0268337577581405,-2.485515594482422,0.03,0.03,-0.05
13.299678,67945311,0.1774002462625503,0.1811726987361908,352.6885986328125,0.0017512650229036,-0.003534389892593,-10.820143699645996,0.17,0.17,352.69,-0.0189352631568908,0.0266168471425771,-2.486801624298096,0.03,0.03,-0.05
13.399638,68045271,0.1622111350297927,0.1767695397138595,352.6885681152344,0.0013375190319493,-0.0022068142425268,-11.06910228729248,0.15,0.17,352.68,-0.0186634454876184,0.0261345766484737,-2.4880788326263428,0.03,0.03,-0.05
13.499598,68145231,0.1503985822200775,0.1732547581195831,352.68853759765625,0.000899598118849,-0.0009315828210674,-11.316097259521484,0.14,0.16,352.68,-0.0184337478131055,0.0253944117575883,-2.489212274551392,0.03,0.03,-0.05
13.599558,68245191,0.1408707350492477,0.168539211153984,352.6885070800781,0.0002749403647612,0.0004052067815791,-11.565225601196287,0.13,0.16,352.68,-0.018240563571453,0.0245604068040847,-2.487489700317383,0.03,0.03,-0.05
13.699518,68345151,0.133303627371788,0.1624917536973953,352.6885070800781,-0.0005016887444071,0.0017726452788338,-11.813295364379885,0.12,0.15,352.68,-0.0179594606161117,0.0235975291579961,-2.464589357376098,0.03,0.03,-0.05
13.799478,68445111,0.1264354586601257,0.1548245400190353,352.6884765625,-0.0012994598364457,0.0030363032128661,-12.057735443115234,0.11,0.14,352.68,-0.0175874941051006,0.0224293693900108,-2.4184699058532715,0.03,0.03,-0.05
13.899438,68545071,0.1221739500761032,0.1482100933790207,352.6884765625,-0.0021304746624082,0.0042206957004964,-12.296486854553224,0.11,0.14,352.68,-0.0170895960181951,0.0211604963988065,-2.3535664081573486,0.03,0.03,-0.05
13.999398,68645031,0.1197148114442825,0.1424350291490554,352.6884460449219,-0.0029220078140497,0.0054251598194241,-12.529983520507812,0.11,0.13,352.68,-0.0165209919214248,0.0199405774474143,-2.2733614444732666,0.03,0.03,-0.05
14.099358,68744991,0.1179649010300636,0.1382461637258529,352.6884460449219,-0.0036805972922593,0.0066053564660251,-12.75303077697754,0.11,0.13,352.68,-0.0159232784062623,0.0187661759555339,-2.1824536323547363,0.03,0.03,-0.05
14.199318,68844951,0.1155743449926376,0.1341892778873443,352.6884460449219,-0.0043556713499128,0.007669405080378,-12.966666221618652,0.1,0.13,352.68,-0.0153205851092934,0.0175251476466655,-2.0834920406341557,0.03,0.03,-0.05
14.299278,68944911,0.11381446570158,0.1312846690416336,352.6884460449219,-0.0049960599280893,0.0086497077718377,-13.170096397399902,0.1,0.12,352.68,-0.014619973488152,0.0162787549197673,-1.9789564609527588,0.03,0.03,-0.05
14.399238,69044871,0.113010287284851,0.1295434683561325,352.6884460449219,-0.0057475394569337,0.0094616161659359,-13.36294651031494,0.1,0.12,352.68,-0.0140559347346425,0.0149655053392052,-1.8710092306137085,0.03,0.03,-0.05
14.499198,69144831,0.1148933544754982,0.126590684056282,352.6884460449219,-0.0065891756676137,0.0101565029472112,-13.54487419128418,0.1,0.12,352.68,-0.0134715568274259,0.0137549117207527,-1.76112961769104,0.03,0.03,-0.05
14.599991,69245624,0.1187985837459564,0.1219078078866005,352.6884460449219,-0.0073593016713857,0.0107723632827401,-13.71716022491455,0.1,0.11,352.68,-0.0128118470311164,0.0124968141317367,-1.6495534181594849,0.03,0.03,-0.05
14.699951,69345584,0.1213690787553787,0.1185841113328933,352.6884460449219,-0.0082130124792456,0.0114864371716976,-13.87689208984375,0.11,0.12,352.68,-0.0122823603451251,0.0115370731800794,-1.5392121076583862,0.03,0.03,-0.05
14.799911,69445544,0.123965673148632,0.1127493157982826,352.6884460449219,-0.0089581711217761,0.0121242515742778,-14.02588176727295,0.12,0.11,352.68,-0.0116961980238556,0.0107954675331711,-1.4296796321868896,0.03,0.03,-0.05
14.899871,69545504,0.1247438043355941,0.1078900694847107,352.6884155273437,-0.0096318461000919,0.0127192893996834,-14.16404628753662,0.12,0.11,352.68,-0.0110777039080858,0.0101612964645028,-1.321370244026184,0.03,0.03,-0.05
14.999831,69645464,0.1243693754076957,0.1045351773500442,352.6884155273437,-0.0101810507476329,0.0132023002952337,-14.291467666625977,0.12,0.11,352.68,-0.0103965476155281,0.0093545690178871,-1.2142316102981567,0.03,0.03,-0.05
15.099791,69745424,0.1243193745613098,0.1025245040655136,352.6884155273437,-0.010652145370841,0.0136060575023293,-14.408120155334473,0.12,0.1,352.68,-0.0096415160223841,0.0086158942431211,-1.1087020635604858,0.03,0.03,-0.05
15.199751,69845384,0.1245924904942512,0.1018136516213417,352.6884155273437,-0.0111926635727286,0.0138809233903884,-14.514138221740724,0.12,0.09,352.68,-0.008827056735754,0.0078168483451008,-1.00406014919281,0.03,0.03,-0.05
15.299711,69945344,0.1246519163250923,0.1016587689518928,352.6884155273437,-0.0117701245471835,0.0140727926045656,-14.60964584350586,0.11,0.09,352.68,-0.0080754309892654,0.0071226269938051,-0.9007393717765808,0.03,0.03,-0.05
15.399671,70045304,0.1255894899368286,0.1018242314457893,352.6884155273437,-0.0123012270778417,0.0141365965828299,-14.69471836090088,0.11,0.08,352.68,-0.0072948229499161,0.0062655005604028,-0.7992371320724487,0.03,0.03,-0.05
15.499631,70145264,0.1346895843744278,0.1042398735880851,352.6884460449219,-0.0127863893285393,0.0141095127910375,-14.769471168518066,0.12,0.09,352.68,-0.0065000057220458,0.0054992265067994,-0.6981746554374695,0.03,0.03,-0.05
15.599591,70245224,0.1448114365339279,0.1072612479329109,352.6884460449219,-0.0131711773574352,0.0139992833137512,-14.83350944519043,0.13,0.1,352.68,-0.0058224909007549,0.0049809170886874,-0.5989661812782288,0.03,0.03,-0.05
15.699551,70345184,0.1534537225961685,0.1100431606173515,352.6884460449219,-0.0135003440082073,0.013861889950931,-14.887935638427734,0.14,0.1,352.68,-0.0052412650547921,0.0045772730372846,-0.4999887645244598,0.03,0.03,-0.05
15.799511,70445144,0.1600092500448227,0.112206794321537,352.6884765625,-0.0137314302846789,0.0136603703722357,-14.932258605957031,0.15,0.1,352.68,-0.0046897022984921,0.0042922659777104,-0.4009543061256408,0.03,0.03,-0.05
15.899471,70545104,0.1653475910425186,0.1147532314062118,352.6884765625,-0.013893999159336,0.0134489526972174,-14.96645736694336,0.16,0.1,352.68,-0.0041244691237807,0.0042254775762557,-0.3025976121425628,0.03,0.03,-0.05
15.999431,70645064,0.1690813899040222,0.1176111921668052,352.6884765625,-0.0139571642503142,0.0132171772420406,-14.990793228149414,0.16,0.11,352.68,-0.0036014481447637,0.0043017100542783,-0.2043073624372482,0.03,0.03,-0.05
16.099391,70745024,0.1714828610420227,0.1214743331074714,352.6885070800781,-0.0139497350901365,0.0130107421427965,-15.004928588867188,0.17,0.11,352.68,-0.0030893962830305,0.0045563569292426,-0.1092984229326248,0.03,0.03,-0.05
16.199351,70844984,0.1720601469278335,0.1261392086744308,352.6885070800781,-0.0138717964291572,0.0127985151484608,-15.01065444946289,0.17,0.12,352.68,-0.0027676995377987,0.0048626018688082,-0.0370081029832363,0.03,0.03,-0.05
16.299311,70944944,0.1714378893375396,0.1300001144409179,352.6885070800781,-0.0137708941474556,0.0126249007880687,-15.010153770446776,0.17,0.12,352.68,-0.0026700417511165,0.0052794013172388,0.0116683123633265,0.03,0.03,-0.05
16.399271,71044904,0.1686022728681564,0.1330216526985168,352.6885070800781,-0.0136177176609635,0.0124449236318469,-15.005586624145508,0.16,0.13,352.67,-0.0025885021314024,0.0056991740129888,0.041403129696846,0.03,0.03,-0.05
16.499231,71144864,0.1662530452013015,0.1357816010713577,352.6885070800781,-0.0134538393467664,0.0122997714206576,-14.998627662658691,0.16,0.13,352.67,-0.0026625478640198,0.0061136740259826,0.0563199594616889,0.03,0.03,-0.05
16.599191,71244824,0.165098026394844,0.1374266594648361,352.6885070800781,-0.0132668409496545,0.0121533134952187,-14.99050521850586,0.16,0.13,352.67,-0.0028694316279143,0.0065089417621493,0.060437187552452,0.03,0.03,-0.05
16.699984,71345617,0.1646762639284134,0.1380273401737213,352.6885070800781,-0.0131023544818162,0.0120476335287094,-14.982179641723633,0.15,0.13,352.67,-0.0031700786203145,0.0067975926212966,0.0566750094294548,0.03,0.03,-0.05
16.799944,71445577,0.1634826958179474,0.1373569369316101,352.6885070800781,-0.0128930220380425,0.01190244872123,-14.97437572479248,0.14,0.13,352.67,-0.0033553156536072,0.0069757965393364,0.0479148551821708,0.03,0.03,-0.05
16.899904,71545537,0.1614668667316436,0.1359572112560272,352.6885070800781,-0.012673882767558,0.0117622148245573,-14.967531204223633,0.15,0.12,352.67,-0.0034272137563675,0.0071427328512072,0.0364214330911636,0.03,0.03,-0.05
16.999864,71645497,0.1604402661323547,0.1355063617229461,352.6885070800781,-0.0124003300443291,0.0115644577890634,-14.961838722229004,0.15,0.12,352.67,-0.0033941897563636,0.0073195514269173,0.0231268983334302,0.03,0.03,-0.05
17.099824,71745457,0.1599200367927551,0.1380398571491241,352.6885070800781,-0.0121035780757665,0.0113576743751764,-14.9574556350708,0.15,0.12,352.67,-0.0032705718185752,0.0074693281203508,0.0099099706858396,0.03,0.03,-0.05
17.199784,71845417,0.1591243743896484,0.141730323433876,352.6885070800781,-0.011740637011826,0.0111052012071013,-14.954285621643066,0.15,0.13,352.67,-0.0032535376958549,0.0076746642589569,-0.0021280003711581,0.03,0.03,-0.05
17.299744,71945377,0.1587929427623748,0.1458907723426818,352.6885070800781,-0.0113588478416204,0.0108572952449321,-14.952282905578612,0.14,0.13,352.67,-0.0033302386291325,0.0077639603987336,-0.0127503369003534,0.03,0.03,-0.05
17.399704,72045337,0.1595432609319687,0.1508411914110183,352.6885070800781,-0.0109473904594779,0.0105350045487284,-14.951322555541992,0.14,0.14,352.67,-0.0034759985283017,0.0077315201051533,-0.0224554669111967,0.03,0.03,-0.05
17.499664,72145297,0.1628288924694061,0.1559330224990844,352.68853759765625,-0.0105529660359025,0.0101874787360429,-14.951271057128906,0.14,0.15,352.67,-0.0037415213882923,0.0076937908306717,-0.0295632351189851,0.03,0.03,-0.05
17.599624,72245257,0.1665811985731125,0.1596267521381378,352.68853759765625,-0.0101588377729058,0.0097905462607741,-14.951924324035645,0.16,0.16,352.67,-0.0041968785226345,0.0078128492459654,-0.0355601795017719,0.03,0.03,-0.05
17.699584,72345217,0.1698113679885864,0.1612751483917236,352.68853759765625,-0.0098133459687232,0.0094084087759256,-14.953170776367188,0.16,0.17,352.67,-0.0048396969214081,0.0081485770642757,-0.0393624678254127,0.03,0.03,-0.05
17.799544,72445177,0.1719924062490463,0.1599498987197876,352.68853759765625,-0.0094791296869516,0.0088479313999414,-14.954894065856934,0.18,0.15,352.67,-0.0052247564308345,0.0085027925670146,-0.0419169589877128,0.03,0.03,-0.05
17.899504,72545137,0.1748353093862533,0.1592515259981155,352.6885681152344,-0.0091568687930703,0.0082267839461565,-14.957181930541992,0.18,0.14,352.68,-0.0053154258057475,0.0089444564655423,-0.0435599386692047,0.03,0.03,-0.05
17.999464,72645097,0.1778166741132736,0.1610626429319381,352.6885681152344,-0.00880694296211,0.00751718506217,-14.960009574890137,0.18,0.14,352.68,-0.0053703519515693,0.0093067260459065,-0.0435727462172508,0.03,0.03,-0.05
18.099424,72745057,0.1827605217695236,0.166147232055664,352.6885681152344,-0.0084728319197893,0.0068183857947587,-14.963163375854492,0.18,0.16,352.68,-0.0056053721345961,0.0097398562356829,-0.0428811460733413,0.03,0.03,-0.05
18.199384,72845017,0.1871301382780075,0.170338436961174,352.6885986328125,-0.0079192202538251,0.0060939439572393,-14.966448783874512,0.18,0.17,352.68,-0.0058932024985551,0.0101266577839851,-0.0417013615369796,0.03,0.03,-0.05
18.299344,72944977,0.1920586824417114,0.1757447123527526,352.6885986328125,-0.0072708860971033,0.0054169832728803,-14.96971607208252,0.18,0.17,352.68,-0.006212486885488,0.0105559285730123,-0.0392560586333274,0.03,0.03,-0.05
18.399304,73044937,0.1959694623947143,0.1810088753700256,352.6886291503906,-0.0065179783850908,0.0047467509284615,-14.972830772399902,0.19,0.17,352.68,-0.0064816819503903,0.0110082058236002,-0.0361774452030658,0.03,0.03,-0.05
18.499264,73144897,0.1995574086904525,0.1884888708591461,352.6886291503906,-0.0057502146810293,0.0041549117304384,-14.975712776184082,0.19,0.18,352.67,-0.0067982859909534,0.0116409985348582,-0.0329243466258049,0.03,0.03,-0.05
18.599224,73244857,0.2008614093065261,0.1953248232603073,352.68865966796875,-0.0049596754834055,0.0034217904321849,-14.978047370910645,0.19,0.18,352.67,-0.0071863089688122,0.0122005762532353,-0.0296089798212051,0.03,0.03,-0.05
18.700017,73345650,0.2037234604358673,0.2029934376478195,352.68865966796875,-0.0042231297120451,0.0026803340297192,-14.979743003845217,0.19,0.19,352.67,-0.0076577644795179,0.0127136055380105,-0.0264368597418069,0.03,0.03,-0.05
18.799977,73445610,0.2073353230953216,0.2091746181249618,352.6886901855469,-0.0035086539573967,0.001873088767752,-14.98093032836914,0.19,0.19,352.68,-0.0082636438310146,0.0131561998277902,-0.0239205788820981,0.03,0.03,-0.05
18.899937,73545570,0.2134456485509872,0.2148633301258087,352.688720703125,-0.0028809988871216,0.0011020099045708,-14.981735229492188,0.19,0.2,352.68,-0.0088885063305497,0.0136089203879237,-0.0216316450387239,0.03,0.03,-0.04
18.999897,73645530,0.2189154475927353,0.2186742722988128,352.688720703125,-0.0018496486591175,1.6181014871108346e-05,-14.982135772705078,0.2,0.2,352.68,-0.0093693742528557,0.0138643709942698,-0.0199705436825752,0.03,0.03,-0.04
19.099857,73745490,0.2251596748828888,0.2243391722440719,352.6887512207031,-0.0011229935334995,-0.0005956192035228,-14.982544898986816,0.21,0.21,352.68,-0.0100760888308286,0.0145891327410936,-0.0188336260616779,0.03,0.03,-0.04
19.199817,73845450,0.2287868559360504,0.2289606779813766,352.6887512207031,-0.0003240927471779,-0.0013700084527954,-14.982895851135254,0.21,0.21,352.68,-0.0107097644358873,0.0152397360652685,-0.0177456773817539,0.03,0.03,-0.04
19.299777,73945410,0.2318972647190094,0.2331341654062271,352.68878173828125,0.0004418575554154,-0.0021541086025536,-14.983158111572266,0.22,0.22,352.67,-0.0114620793610811,0.0159834120422601,-0.0168606396764516,0.03,0.03,-0.04
19.399737,74045370,0.2343444675207138,0.2364514470100402,352.68878173828125,0.0011929866159334,-0.0029667052440345,-14.983699798583984,0.23,0.22,352.67,-0.012200647033751,0.0168310161679983,-0.0167798772454261,0.03,0.03,-0.04
19.499697,74145330,0.2360509485006332,0.2390351295471191,352.6888122558594,0.0018489512149244,-0.0036840899847447,-14.984546661376951,0.22,0.22,352.67,-0.013010480441153,0.0177481342107057,-0.0163845047354698,0.03,0.03,-0.04
19.599657,74245290,0.2367691099643707,0.2405740767717361,352.6888122558594,0.0024393578059971,-0.0043574878945946,-14.985575675964355,0.22,0.22,352.68,-0.0137453628703951,0.0184840634465217,-0.0158134531229734,0.03,0.03,-0.04
19.699617,74345250,0.2372332960367202,0.2413290590047836,352.6888122558594,0.0029034332837909,-0.0049040340818464,-14.98669147491455,0.22,0.22,352.68,-0.0145057346671819,0.0192566607147455,-0.0149899283424019,0.03,0.03,-0.04
19.799577,74445210,0.2382095903158188,0.2418596595525741,352.6888122558594,0.0035326278302818,-0.0054028113372623,-14.987828254699709,0.22,0.23,352.68,-0.0151588106527924,0.0200176443904638,-0.0142075708135962,0.03,0.03,-0.04
19.899537,74545170,0.2380383163690567,0.2426043897867202,352.6888122558594,0.0041541680693626,-0.005737061612308,-14.988970756530762,0.22,0.23,352.68,-0.015951719135046,0.0208355616778135,-0.0133622549474239,0.03,0.03,-0.04
19.999497,74645130,0.2366402745246887,0.2423273921012878,352.6888122558594,0.0047976244240999,-0.006194292102009,-14.99006175994873,0.22,0.22,352.68,-0.0165644474327564,0.0215174108743667,-0.0120555879548192,0.03,0.03,-0.04
20.099457,74745090,0.2347412556409835,0.2443704903125763,352.6888122558594,0.0053608082234859,-0.006628964561969,-14.990839004516602,0.22,0.23,352.68,-0.0172282699495553,0.0221776645630598,-0.0108966901898384,0.03,0.03,-0.04
20.199417,74845050,0.2331319749355316,0.2459764927625656,352.6888122558594,0.0058868881314992,-0.0072464570403099,-14.99133014678955,0.21,0.23,352.68,-0.0179444067180156,0.0226522572338581,-0.0099126603454351,0.03,0.03,-0.04
20.299377,74945010,0.2351419180631637,0.2475742846727371,352.6888122558594,0.006307668518275,-0.0079083424061536,-14.99158763885498,0.22,0.23,352.68,-0.0187502726912498,0.0231147184967994,-0.009254858829081,0.03,0.03,-0.04
20.399337,75044970,0.2395041435956955,0.2471832036972046,352.6888122558594,0.0066723083145916,-0.008648082613945,-14.991716384887695,0.22,0.23,352.68,-0.019421461969614,0.023586930707097,-0.0086491405963897,0.03,0.03,-0.04
20.499297,75144930,0.2459755837917328,0.2453772872686386,352.6888122558594,0.0069044339470565,-0.0093122133985161,-14.991740226745604,0.23,0.23,352.68,-0.0201136656105518,0.0242158956825733,-0.0083676036447286,0.03,0.03,-0.04
20.599257,75244890,0.2500417530536651,0.243283212184906,352.6888122558594,0.0070807840675115,-0.0099608860909938,-14.991707801818848,0.24,0.23,352.67,-0.020776467397809,0.0249106865376234,-0.0081698261201381,0.03,0.03,-0.04
20.699217,75344850,0.2527728080749511,0.2408839017152786,352.6888122558594,0.007125255651772,-0.0104563292115926,-14.99173355102539,0.24,0.22,352.67,-0.0213482696563005,0.0257138535380363,-0.0082414727658033,0.03,0.03,-0.04
20.80001,75445643,0.2520625293254852,0.235557734966278,352.6888122558594,0.007129861973226,-0.0108703654259443,-14.99196434020996,0.25,0.22,352.67,-0.021856402978301,0.0265850946307182,-0.0079089850187301,0.03,0.03,-0.04
20.89997,75545603,0.2494471669197082,0.2305030226707458,352.68878173828125,0.0070483335293829,-0.0111211743205785,-14.992372512817385,0.25,0.22,352.68,-0.0223691761493682,0.0275961365550756,-0.0077998903580009,0.03,0.03,-0.04
20.99993,75645563,0.2433432191610336,0.2233922034502029,352.68878173828125,0.0069623184390366,-0.0113078616559505,-14.992895126342772,0.24,0.22,352.68,-0.022763691842556,0.0284418500959873,-0.0074634589254856,0.03,0.03,-0.04
21.09989,75745523,0.237486332654953,0.2169696241617202,352.6887512207031,0.0067858537659049,-0.0113391336053609,-14.993474960327148,0.23,0.22,352.68,-0.0232565756887197,0.0290203262120485,-0.0071791955269873,0.03,0.03,-0.04
21.19985,75845483,0.2322342842817306,0.2088397741317749,352.688720703125,0.0066043138504028,-0.0113548347726464,-14.994110107421877,0.22,0.21,352.68,-0.0237194169312715,0.0294431317597627,-0.0068837702274322,0.03,0.03,-0.04
21.29981,75945443,0.2286967784166336,0.2010021954774856,352.6886901855469,0.0063375695608556,-0.0112540479749441,-14.994754791259766,0.21,0.2,352.68,-0.0240260250866413,0.0297373495995998,-0.0066372179426252,0.03,0.03,-0.04
21.39977,76045403,0.2253574877977371,0.1932076960802078,352.68865966796875,0.0061048632487654,-0.0111583974212408,-14.995393753051758,0.2,0.18,352.67,-0.024046417325735,0.0298973470926284,-0.0059748319908976,0.03,0.04,-0.04
21.49973,76145363,0.2226945161819458,0.1875716745853424,352.68865966796875,0.0058359326794743,-0.0109659163281321,-14.995990753173828,0.2,0.17,352.67,-0.0239184983074665,0.0300026070326566,-0.0055555733852088,0.03,0.04,-0.04
21.59969,76245323,0.2200236767530441,0.1840764433145523,352.68865966796875,0.0056477249599993,-0.0107991537079215,-14.996405601501465,0.2,0.17,352.67,-0.0236015040427446,0.0301296431571245,-0.0047751967795193,0.03,0.04,-0.04
21.69965,76345283,0.2174961417913437,0.1832170337438583,352.6886291503906,0.0054558874107897,-0.0105480309575796,-14.996594429016112,0.2,0.16,352.68,-0.023276325315237,0.0301636047661304,-0.0042760674841701,0.03,0.04,-0.04
21.79961,76445243,0.2139934301376342,0.1840458512306213,352.6886291503906,0.0053539420478045,-0.0103347403928637,-14.996654510498049,0.2,0.15,352.68,-0.0227694250643253,0.0302098765969276,-0.0038628752809017,0.03,0.04,-0.04
21.89957,76545203,0.2104875892400741,0.1873339414596557,352.6886291503906,0.0052744415588676,-0.0100675886496901,-14.996606826782228,0.2,0.16,352.67,-0.0223094299435615,0.0302256867289543,-0.0035218780394643,0.03,0.04,-0.04
21.99953,76645163,0.2059302181005478,0.1908452361822128,352.6886291503906,0.0052518863230943,-0.0098201036453247,-14.996512413024902,0.19,0.16,352.67,-0.021904706954956,0.0301860831677913,-0.003589719068259,0.03,0.04,-0.04
22.09949,76745123,0.2021262198686599,0.1931191980838775,352.6886291503906,0.0052002682350575,-0.0095001952722668,-14.996378898620604,0.18,0.17,352.67,-0.0217367932200431,0.0301848594099283,-0.0032629470806568,0.03,0.04,-0.04
22.19945,76845083,0.198267325758934,0.1935837864875793,352.6886291503906,0.0052064866758883,-0.0092585124075412,-14.996214866638184,0.18,0.18,352.67,-0.0217018201947212,0.0299452450126409,-0.0033147216308861,0.03,0.04,-0.04
22.29941,76945043,0.1960274428129196,0.193833976984024,352.6886291503906,0.0051415339112281,-0.0089467139914631,-14.996216773986816,0.17,0.18,352.68,-0.0217573903501033,0.0297622736543416,-0.0034436485730111,0.04,0.04,-0.04
22.39937,77045003,0.1947754472494125,0.193450465798378,352.6886291503906,0.0051157870329916,-0.008725038729608,-14.996353149414062,0.18,0.18,352.68,-0.0218092463910579,0.0295878276228904,-0.0034730131737887,0.04,0.04,-0.04
22.49933,77144963,0.193834438920021,0.1924512833356857,352.6886291503906,0.0050225481390953,-0.0084502855315804,-14.996599197387695,0.18,0.19,352.68,-0.0219562835991382,0.0294162724167108,-0.0033503142185509,0.04,0.04,-0.04
22.59929,77244923,0.191972941160202,0.1895673274993896,352.6885986328125,0.0049567781388759,-0.0080760195851325,-14.996919631958008,0.17,0.19,352.68,-0.0221765115857124,0.0293010473251342,-0.0033742072992026,0.04,0.04,-0.04
22.69925,77344883,0.1895853132009506,0.1860629916191101,352.6885986328125,0.004816539119929,-0.0075477268546819,-14.997294425964355,0.17,0.19,352.68,-0.0224955193698406,0.0291941538453102,-0.0034044168423861,0.04,0.04,-0.04
22.79921,77444843,0.184487760066986,0.1796483695507049,352.6885681152344,0.0046869739890098,-0.0068472083657979,-14.997739791870115,0.17,0.18,352.67,-0.0226642899215221,0.0290788393467664,-0.0032620558049529,0.04,0.04,-0.04
22.900003,77545636,0.1776349693536758,0.1739325672388076,352.6885681152344,0.0044676125980913,-0.0059320926666259,-14.998154640197754,0.16,0.17,352.67,-0.0227696504443883,0.0289841014891862,-0.0028552515432238,0.04,0.04,-0.04
22.999963,77645596,0.1679006814956665,0.1683122515678405,352.68853759765625,0.0043027522042393,-0.0050038155168294,-14.998501777648926,0.15,0.17,352.67,-0.022629264742136,0.0287567973136901,-0.00263019092381,0.04,0.04,-0.04
23.099923,77745556,0.1580713391304016,0.164883092045784,352.6885070800781,0.0040956502780318,-0.0039988402277231,-14.998680114746094,0.14,0.16,352.67,-0.0225425194948911,0.0284724980592727,-0.00197239452973,0.04,0.04,-0.04
23.199883,77845516,0.1477430760860443,0.1614763289690017,352.6885070800781,0.0039494074881076,-0.0030580761376768,-14.998751640319824,0.14,0.15,352.67,-0.0222796071320772,0.0279718078672885,-0.0018519817385822,0.04,0.04,-0.04
23.299843,77945476,0.1396445631980896,0.1603253483772277,352.6884765625,0.0037883922923356,-0.0021232950966805,-14.998746871948242,0.13,0.15,352.67,-0.0219754204154014,0.027475219219923,-0.0015552038094028,0.04,0.04,-0.04
23.399803,78045436,0.1311973631381988,0.1595340520143509,352.6884765625,0.0036850061733275,-0.0013204385759308,-14.998666763305664,0.12,0.14,352.68,-0.0215869396924972,0.0267763063311576,-0.0013172337785363,0.04,0.04,-0.04
23.499763,78145396,0.1257021129131317,0.1601874679327011,352.6884765625,0.0035528307780623,-0.0005711440462619,-14.998529434204102,0.11,0.14,352.68,-0.021253602579236,0.025961510837078,-0.001055963919498,0.04,0.04,-0.04
23.599723,78245356,0.122684545814991,0.1608597189188003,352.6884765625,0.0035070166923105,0.0001844926591729,-14.998391151428224,0.11,0.13,352.68,-0.0208089984953403,0.0250968281179666,-0.0014051346806809,0.04,0.04,-0.04
23.699683,78345316,0.1203684136271476,0.166293129324913,352.6884765625,0.0034647122956812,0.0009720767848193,-14.998353004455566,0.1,0.13,352.68,-0.0203226711601018,0.0241606663912534,-0.0017590915085747,0.04,0.04,-0.04
23.799643,78445276,0.1181178987026214,0.1703821271657943,352.6884765625,0.0034932340495288,0.0016525344690307,-14.998432159423828,0.1,0.14,352.68,-0.0199929624795913,0.0232802703976631,-0.0015425662277266,0.04,0.04,-0.04
23.899603,78545236,0.1164965704083442,0.1718361377716064,352.6884765625,0.0034853070974349,0.0022992910817265,-14.998579025268556,0.1,0.15,352.68,-0.0198526475578546,0.022455520927906,-0.0016547061968594,0.04,0.04,-0.04
23.999563,78645196,0.1159073263406753,0.1723645031452179,352.6884765625,0.0035250557120889,0.0028111669234931,-14.99883270263672,0.11,0.16,352.67,-0.0198420155793428,0.0216955263167619,-0.001798955257982,0.04,0.04,-0.04
24.099523,78745156,0.1157737523317337,0.1724843233823776,352.6884765625,0.0034857753198593,0.0033123954199254,-14.999101638793944,0.1,0.16,352.67,-0.0199428163468837,0.021109402179718,-0.0013885115040466,0.04,0.04,-0.04
24.199483,78845116,0.1157737523317337,0.1724843233823776,352.6884765625,0.0034720350522547,0.0036770347505807,-14.999418258666992,0.1,0.16,352.67,-0.0200191084295511,0.0203511826694011,-0.0014126549940556,0.04,0.04,-0.04
24.299443,78945076,0.1157737523317337,0.1724843233823776,352.6884765625,0.0033975664991885,0.0039843488484621,-14.99970817565918,0.1,0.16,352.68,-0.020146008580923,0.0196682680398225,-0.0009792551863938,0.04,0.04,-0.04
24.399403,79045036,0.1157737523317337,0.1724843233823776,352.6884765625,0.003590494627133,0.0039366642013192,-14.999990463256836,0.1,0.16,352.67,-0.0200913716107606,0.0187371019273996,-0.0008450130117125,0.04,0.04,-0.04
24.499363,79144996,0.1157737523317337,0.1724843233823776,352.6884765625,0.003365914337337,0.0041557978838682,-15.000155448913574,0.1,0.16,352.67,-0.0203181877732276,0.0180795863270759,-0.0006585700321011,0.04,0.04,-0.04
24.599323,79244956,0.1185048669576644,0.1681545823812484,352.6884765625,0.0031835765112191,0.0042042196728289,-15.000243186950684,0.1,0.16,352.67,-0.0204919315874576,0.017404768615961,-5.8824381994782016e-05,0.04,0.04,-0.04
24.699283,79344916,0.1257968693971634,0.1630012840032577,352.6884765625,0.0029525468125939,0.0041912919841706,-15.000271797180176,0.11,0.15,352.67,-0.0206542443484067,0.0168600175529718,-0.0001013558357954,0.04,0.04,-0.04
24.799243,79444876,0.1324838250875473,0.1572624146938324,352.6884765625,0.002780983923003,0.0040682642720639,-15.00027847290039,0.11,0.15,352.68,-0.0206187777221202,0.0164249446243047,7.015039591351524e-05,0.04,0.04,-0.04
24.899203,79544836,0.1392820030450821,0.1539638191461563,352.6884765625,0.0025874434504657,0.003929185681045,-15.000244140625,0.12,0.14,352.68,-0.020460432395339,0.0160617735236883,0.0002596334379632,0.04,0.04,-0.04
24.999996,79645629,0.1447953134775161,0.1526111513376236,352.6884765625,0.0024632818531244,0.003746292553842,-15.000198364257812,0.13,0.13,352.68,-0.0201639737933874,0.0158432032912969,0.0002836675266735,0.04,0.04,-0.04
25.099956,79745589,0.147936999797821,0.1529232859611511,352.6884765625,0.0023526598233729,0.0035820167977362,-15.000144958496094,0.14,0.13,352.67,-0.0197698064148426,0.0157232414931058,0.0001705392933217,0.04,0.04,-0.04
25.199916,79845549,0.1506040245294571,0.1550948023796081,352.6885070800781,0.0023253911640495,0.0033938533160835,-15.0001802444458,0.14,0.14,352.67,-0.0194318443536758,0.0157379545271396,-0.0002694673894438,0.04,0.04,-0.04
25.299876,79945509,0.1523015946149826,0.158168151974678,352.6885070800781,0.0022749463096261,0.0032705832272768,-15.000250816345217,0.14,0.14,352.67,-0.0192840620875358,0.0159082822501659,0.0002933929208666,0.04,0.04,-0.04
25.399836,80045469,0.1518068760633468,0.1592877805233001,352.6885070800781,0.0020525222644209,0.0031396879348903,-15.000351905822754,0.15,0.15,352.67,-0.0193212106823921,0.0160821564495563,-2.551408215367701e-05,0.04,0.04,-0.03
25.499796,80145429,0.1508601456880569,0.1579455137252807,352.6885070800781,0.0016377057181671,0.0030761568341404,-15.000463485717772,0.14,0.16,352.67,-0.0195025615394115,0.0162884350866079,0.0001798170414986,0.04,0.04,-0.03
25.599756,80245389,0.1495112478733062,0.1512101590633392,352.6884765625,0.0011556441895663,0.0029972435440868,-15.000587463378906,0.14,0.15,352.67,-0.0197425018996,0.0164850205183029,0.0002233937993878,0.04,0.04,-0.03
25.699716,80345349,0.1492407917976379,0.1416174471378326,352.6884765625,0.0005627711070701,0.0029722778126597,-15.000723838806152,0.14,0.14,352.67,-0.0199626944959163,0.0166033133864402,0.0001018393886624,0.04,0.04,-0.03
25.799676,80445309,0.1491475850343704,0.1305562406778335,352.6884765625,-3.2979882234940305e-05,0.0029190331697463,-15.000862121582031,0.14,0.13,352.67,-0.0198864359408617,0.0166788343340158,0.0002824495895765,0.04,0.04,-0.03
25.899636,80545269,0.1491315066814422,0.1216145381331443,352.6884460449219,-0.0006639409111812,0.0029066479764878,-15.001041412353516,0.14,0.12,352.68,-0.0196561440825462,0.0167006533592939,0.0006047094357199,0.04,0.04,-0.03
25.999596,80645229,0.1494279503822326,0.1143674701452255,352.6884460449219,-0.0012077600695192,0.0028578254859894,-15.001235961914062,0.13,0.11,352.68,-0.0192930251359939,0.0166318416595459,0.0008362067746929,0.04,0.04,-0.03
26.099556,80745189,0.1496740579605102,0.1092577278614044,352.6884460449219,-0.0017566991737112,0.0028677259106189,-15.001435279846191,0.13,0.11,352.68,-0.0188773777335882,0.0166079606860876,0.0009455821709707,0.04,0.04,-0.03
26.199516,80845149,0.1499663293361663,0.1054704934358596,352.6884155273437,-0.0021983960177749,0.0028499171603471,-15.001646995544434,0.14,0.11,352.67,-0.0184036251157522,0.0166007168591022,0.0010720483260229,0.04,0.04,-0.03
26.299476,80945109,0.1504401713609695,0.102894976735115,352.6884155273437,-0.0026054030749946,0.0028709226753562,-15.001853942871094,0.14,0.1,352.67,-0.0179078262299299,0.0165899153798818,0.0011220385786145,0.04,0.04,-0.03
26.399436,81045069,0.1516530215740203,0.102199837565422,352.6884155273437,-0.0028904832433909,0.0028626741841435,-15.002045631408691,0.14,0.1,352.67,-0.0172611288726329,0.0166513789445161,0.0012770878383889,0.04,0.04,-0.03
26.499396,81145029,0.1516570299863815,0.101675845682621,352.6884155273437,-0.0031444798223674,0.0029243072494864,-15.00218677520752,0.14,0.09,352.67,-0.0166018120944499,0.016736265271902,0.0017264673952013,0.04,0.04,-0.03
26.599356,81244989,0.1516572386026382,0.1016470342874527,352.6884155273437,-0.0032536482904106,0.002932287286967,-15.002309799194336,0.14,0.08,352.67,-0.0157311130315065,0.0166709441691637,0.0018552782712504,0.04,0.04,-0.03
26.699316,81344949,0.1509082317352295,0.1080570444464683,352.6884460449219,-0.0032910688314586,0.0029720833990722,-15.00240707397461,0.14,0.08,352.67,-0.0147955389693379,0.0166884660720825,0.0019852479454129,0.04,0.04,-0.03
26.799276,81444909,0.1477290391921997,0.1168471053242683,352.6884460449219,-0.0031939386390149,0.0029807339888066,-15.002485275268556,0.14,0.09,352.67,-0.0140896504744887,0.0167544595897197,0.0020587793551385,0.04,0.04,-0.03
26.899236,81544869,0.1451324671506881,0.1256583780050277,352.6884460449219,-0.0030646428931504,0.00302853458561,-15.00253677368164,0.13,0.11,352.66,-0.013662414625287,0.0167650990188121,0.0022196676582098,0.04,0.04,-0.03
26.999196,81644829,0.1428833752870559,0.1323932260274887,352.6884460449219,-0.0028698965907096,0.0030335462652146,-15.002575874328612,0.13,0.12,352.67,-0.0134477242827415,0.0167544092983007,0.0022393960971385,0.04,0.04,-0.03
27.099989,81745622,0.1412869989871978,0.1349941045045852,352.6884460449219,-0.0027157058939337,0.0030949809588491,-15.002602577209473,0.13,0.12,352.67,-0.0133853498846292,0.0167662501335144,0.0023900847882032,0.04,0.04,-0.03
27.199949,81845582,0.1398208439350128,0.1378514915704727,352.6884460449219,-0.002498967340216,0.0032734503038227,-15.00260066986084,0.13,0.12,352.67,-0.0132650444284081,0.0167930964380502,0.0025223456323146,0.04,0.04,-0.03
27.299909,81945542,0.1364495605230331,0.1432717144489288,352.6884765625,-0.0023107861634343,0.0035954699851572,-15.00258731842041,0.13,0.13,352.67,-0.0132443346083164,0.0168259236961603,0.0025744847953319,0.04,0.04,-0.03
27.399869,82045502,0.1331614255905151,0.1462422907352447,352.6884765625,-0.002089851303026,0.0039752470329403,-15.00257396697998,0.12,0.13,352.67,-0.0131570091471076,0.0168510917574167,0.0023978587705641,0.04,0.04,-0.03
27.499829,82145462,0.1279784739017486,0.1500459611415863,352.6884765625,-0.0019116629846394,0.0044313445687294,-15.002555847167969,0.12,0.13,352.66,-0.0132860941812396,0.0168582741171121,0.002584708854556,0.04,0.04,-0.03
27.599789,82245422,0.1226999014616012,0.1509456038475036,352.6884460449219,-0.0017239754088222,0.0048565692268311,-15.002513885498049,0.1,0.14,352.66,-0.0135140595957636,0.0167079847306013,0.0025861661415547,0.04,0.04,-0.03
27.699749,82345382,0.1178141832351684,0.1500812917947769,352.6884460449219,-0.001606864738278,0.0052817477844655,-15.002471923828123,0.09,0.14,352.66,-0.0138287646695971,0.0164044108241796,0.0024734609760344,0.04,0.04,-0.03
27.799709,82445342,0.1141216084361076,0.1476209461688995,352.6884460449219,-0.0015083567705005,0.0056366226635873,-15.002440452575684,0.09,0.14,352.67,-0.0141607411205768,0.0160171128809452,0.0024192400742322,0.04,0.04,-0.03
27.899669,82545302,0.1119791865348815,0.1453907042741775,352.6884460449219,-0.0014906099531799,0.0059689781628549,-15.002400398254396,0.09,0.13,352.67,-0.0144156403839588,0.0156033374369144,0.0024934040848165,0.04,0.04,-0.03
27.999629,82645262,0.1108813807368278,0.1424784809350967,352.6884155273437,-0.0016731157666072,0.0062120426446199,-15.002363204956056,0.1,0.13,352.67,-0.0146359717473387,0.0152030000463128,0.0024601076729595,0.04,0.04,-0.03
28.099589,82745222,0.1114464402198791,0.1386701017618179,352.6884155273437,-0.0020212046802043,0.0064174830913543,-15.002341270446776,0.1,0.12,352.67,-0.0148669052869081,0.0148414224386215,0.0020733540877699,0.04,0.04,-0.03
28.199549,82845182,0.1128621026873588,0.1318962275981903,352.6884155273437,-0.0024706304538995,0.0065702483989298,-15.00231647491455,0.1,0.12,352.66,-0.0150327356532216,0.0145117286592721,0.0024921752046793,0.04,0.04,-0.03
28.299509,82945142,0.1151559054851532,0.1245841234922409,352.6884155273437,-0.0030159633606672,0.0067178523167967,-15.002290725708008,0.09,0.11,352.66,-0.0151752727106213,0.014227413572371,0.0020317209418863,0.04,0.04,-0.03
28.399469,83045102,0.1171870455145835,0.1160362511873245,352.6884155273437,-0.0035574953071773,0.0068086800165474,-15.002279281616213,0.1,0.11,352.66,-0.0151302888989448,0.0138257732614874,0.0023493007756769,0.04,0.04,-0.03
28.499429,83145062,0.1201958209276199,0.109000563621521,352.6884155273437,-0.0041364580392837,0.0069091278128325,-15.002248764038086,0.1,0.1,352.66,-0.0150799117982387,0.0135896243155002,0.0019578258506953,0.04,0.04,-0.03
28.599389,83245022,0.1221358254551887,0.1021107584238052,352.6884155273437,-0.0046617556363344,0.0069519244134426,-15.002245903015137,0.11,0.1,352.66,-0.014927296899259,0.0135041717439889,0.0020347628742456,0.04,0.04,-0.03
28.699349,83344982,0.1232082694768905,0.0964306965470314,352.6883850097656,-0.0051743318326771,0.0070112748071551,-15.00223159790039,0.12,0.09,352.67,-0.0146685112267732,0.013518021441996,0.0022069981787353,0.04,0.04,-0.03
28.799309,83444942,0.1225997656583786,0.0915088802576065,352.6883850097656,-0.0055941534228622,0.0070435437373816,-15.002199172973633,0.12,0.09,352.67,-0.0143028367310762,0.0135613428428769,0.0023050592280924,0.04,0.05,-0.03
28.899269,83544902,0.1216100305318832,0.0883664861321449,352.6883850097656,-0.0059789652004837,0.0071085705421864,-15.00216007232666,0.11,0.1,352.67,-0.0140376156195998,0.0136092426255345,0.0021916728001087,0.04,0.05,-0.03
28.999229,83644862,0.1199334859848022,0.0852051526308059,352.6883850097656,-0.0062716798856854,0.0071422094479203,-15.0021333694458,0.11,0.09,352.67,-0.0136994644999504,0.0135629177093505,0.0021760200615972,0.04,0.05,-0.03
29.099189,83744822,0.1186771467328071,0.0829866826534271,352.6883850097656,-0.0065295142121613,0.0071910009719431,-15.002130508422852,0.11,0.09,352.66,-0.0133618963882327,0.0134669784456491,0.0018553158733993,0.04,0.05,-0.03
29.199982,83845615,0.1181776970624923,0.0818971320986747,352.6883850097656,-0.006710672751069,0.0072072306647896,-15.00210952758789,0.11,0.08,352.66,-0.0128315482288599,0.0133240576833486,0.0021318129729479,0.04,0.05,-0.03
29.299942,83945575,0.11823171377182,0.0818993598222732,352.6883850097656,-0.0068442057818174,0.0072263670153915,-15.002093315124512,0.11,0.07,352.67,-0.0123039260506629,0.0132429162040352,0.0019103874219581,0.04,0.05,-0.03
29.399902,84045535,0.1182385981082916,0.0819391831755638,352.6883850097656,-0.0068831434473395,0.0071926163509488,-15.002092361450195,0.11,0.07,352.67,-0.0117689333856105,0.0131191127002239,0.0018636008026078,0.04,0.05,-0.02
29.499862,84145495,0.1191291883587837,0.0859711095690727,352.6883850097656,-0.0068871555849909,0.0071653304621577,-15.002076148986816,0.11,0.08,352.67,-0.0112492283806204,0.0130227208137512,0.0020468204747885,0.04,0.05,-0.02
29.599822,84245455,0.1192549914121627,0.0906584858894348,352.6883850097656,-0.0068103107623755,0.007100174203515,-15.002058029174805,0.11,0.08,352.67,-0.0107769584283232,0.0129199055954813,0.0019893674179911,0.04,0.05,-0.02
29.699782,84345415,0.1198784187436103,0.0959594398736953,352.6883850097656,-0.0067146043293178,0.0070530138909816,-15.002045631408691,0.11,0.08,352.67,-0.010439689271152,0.0128733394667506,0.001953188329935,0.04,0.05,-0.02
29.799742,84445375,0.120007537305355,0.1013241484761238,352.6883850097656,-0.0065578143112361,0.0069771227426826,-15.002049446105955,0.11,0.09,352.66,-0.0101299071684479,0.0127928033471107,0.0017881582025438,0.04,0.05,-0.02
29.899702,84545335,0.1204022243618965,0.1064771190285682,352.6884155273437,-0.0064000557176768,0.0069243148900568,-15.002045631408691,0.11,0.1,352.66,-0.0099224764853715,0.0127802994102239,0.0018980604363605,0.04,0.05,-0.02
29.999662,84645295,0.1201361492276191,0.1103991940617561,352.6884155273437,-0.006199681200087,0.006856745108962,-15.002042770385742,0.11,0.1,352.66,-0.0098441457375884,0.0128611456602811,0.0018093726830556,0.04,0.05,-0.02
30.099622,84745255,0.1195254623889923,0.1118694841861724,352.6884155273437,-0.0060160323046147,0.0068263923749327,-15.002037048339844,0.11,0.1,352.67,-0.0098235588520765,0.0129442969337105,0.0019679837860167,0.04,0.05,-0.02
30.199582,84845215,0.1180392056703567,0.1141911819577217,352.6884155273437,-0.0057900785468518,0.0067664724774658,-15.002015113830566,0.11,0.1,352.67,-0.0098472964018583,0.0129540348425507,0.0020296277943998,0.04,0.05,-0.02
30.299542,84945175,0.1173302382230758,0.11524648219347,352.6884155273437,-0.0055964877828955,0.0067447358742356,-15.001986503601074,0.1,0.11,352.67,-0.0099540706723928,0.0128915281966328,0.0020720744505524,0.04,0.05,-0.02
30.399502,85045135,0.1170763075351715,0.1156243458390235,352.6884155273437,-0.0053891441784799,0.0066872825846076,-15.001975059509276,0.1,0.11,352.66,-0.0100400615483522,0.0127833439037203,0.0018031290965154,0.04,0.05,-0.02
30.499462,85145095,0.1170763075351715,0.1156243458390235,352.6884155273437,-0.0052165244705975,0.0066490252502262,-15.001967430114746,0.1,0.11,352.66,-0.0101518649607896,0.0127471042796969,0.0019502281211316,0.05,0.05,-0.02
30.599422,85245055,0.1170763075351715,0.1156243458390235,352.6884155273437,-0.004870933946222,0.0064093768596649,-15.001980781555176,0.1,0.1,352.66,-0.0100984293967485,0.0124441161751747,0.0018340877722948,0.05,0.05,-0.02
30.699382,85345015,0.1195023730397224,0.1195675209164619,352.6884155273437,-0.0047757038846611,0.0064237001352012,-15.001978874206545,0.1,0.1,352.67,-0.0101737780496478,0.0124235972762107,0.0018330658785998,0.05,0.05,-0.02
30.799342,85444975,0.1215666383504867,0.1237742155790329,352.6884155273437,-0.0046434802934527,0.006374126765877,-15.001970291137695,0.11,0.1,352.67,-0.0101777501404285,0.0124270068481564,0.0018878994742408,0.05,0.05,-0.02
30.899302,85544935,0.1226759925484657,0.127098798751831,352.6884155273437,-0.0045169601216912,0.0063276425935328,-15.00195026397705,0.11,0.11,352.67,-0.0101504987105727,0.0124695338308811,0.0020793143194168,0.05,0.05,-0.02
30.999262,85644895,0.1232464984059333,0.1300510317087173,352.6884460449219,-0.0043712058104574,0.0062410933896899,-15.00193977355957,0.1,0.11,352.66,-0.0102869449183344,0.0124237667769193,0.0017061933176591,0.05,0.05,-0.02
31.099222,85744855,0.1238235458731651,0.1316998153924942,352.6884460449219,-0.0042635360732674,0.0061644203960895,-15.001945495605469,0.1,0.11,352.66,-0.0105146877467632,0.012359794229269,0.0017733164131641,0.05,0.05,-0.02
31.200015,85845648,0.1247752532362937,0.1317273080348968,352.6884460449219,-0.0041657695546746,0.00606569647789,-15.00194263458252,0.1,0.12,352.67,-0.010751586407423,0.0122939804568886,0.0018280778313055,0.05,0.05,-0.02
31.299975,85945608,0.1256557404994964,0.1309604048728943,352.6884460449219,-0.0041098301298916,0.0059787640348076,-15.001928329467772,0.11,0.12,352.67,-0.0110144698992371,0.0123108774423599,0.0019209394231438,0.05,0.05,-0.02
31.399935,86045568,0.1263771951198578,0.1308174133300781,352.6884460449219,-0.0040392153896391,0.0058920900337398,-15.001911163330078,0.11,0.11,352.67,-0.0111309625208377,0.0123540982604026,0.001992875477299,0.05,0.05,-0.02
31.499895,86145528,0.1277007460594177,0.130459189414978,352.6884460449219,-0.0040051005780696,0.0058619962073862,-15.001896858215332,0.11,0.11,352.67,-0.01125761680305,0.012485702522099,0.0018242517253383,0.05,0.05,-0.02
31.599855,86245488,0.1281816661357879,0.1303290575742721,352.6884460449219,-0.0039656604640185,0.0058317147195339,-15.001883506774902,0.12,0.11,352.66,-0.0113106416538357,0.0126682054251432,0.0018671868601813,0.05,0.05,-0.02
31.699815,86345448,0.1281951963901519,0.1303254067897796,352.6884460449219,-0.0039622639305889,0.0058646309189498,-15.00186538696289,0.13,0.11,352.66,-0.0113389436155557,0.0131565546616911,0.0018845300655812,0.05,0.05,-0.02
31.799775,86445408,0.1263254731893539,0.1296580284833908,352.6884460449219,-0.0039465287700295,0.0059189610183238,-15.001863479614258,0.13,0.12,352.66,-0.0114320898428559,0.0136643042787909,0.0017462590476498,0.05,0.05,-0.02
31.899735,86545368,0.1206645667552948,0.1285770535469055,352.6884155273437,-0.0039739436469972,0.0060404031537473,-15.001875877380373,0.12,0.12,352.67,-0.0116413906216621,0.0140056423842906,0.0016178359510377,0.05,0.05,-0.02
31.999695,86645328,0.1142218485474586,0.1259363889694214,352.6884155273437,-0.0039982460439205,0.0061561590991914,-15.00188159942627,0.11,0.12,352.67,-0.0119123198091983,0.0141199016943573,0.0018263183301314,0.05,0.05,-0.02
32.099655,86745288,0.1095979586243629,0.1229728162288665,352.6884155273437,-0.0040731783956289,0.006301830522716,-15.001874923706056,0.1,0.12,352.67,-0.0122042540460824,0.0141233159229159,0.0017817507032305,0.05,0.05,-0.02
32.199615,86845248,0.106610432267189,0.1191541403532028,352.6884155273437,-0.0039236270822584,0.0064256046898663,-15.001882553100586,0.1,0.12,352.66,-0.0123283676803112,0.0140392528846859,0.0016535682370886,0.05,0.05,-0.02
32.299575,86945208,0.1049411594867706,0.1171695441007614,352.6883850097656,-0.0036652768030762,0.0065574338659644,-15.001886367797852,0.1,0.11,352.66,-0.0123957935720682,0.0139191001653671,0.0017794098239392,0.05,0.05,-0.02
32.399535,87045168,0.1044522002339363,0.116987369954586,352.6883850097656,-0.0033149579539895,0.0066658589057624,-15.001887321472168,0.1,0.11,352.66,-0.0124289896339178,0.0137993963435292,0.0017276849830523,0.05,0.05,-0.02
32.499495,87145128,0.1040168553590774,0.1205859035253524,352.6884155273437,-0.0029538851231336,0.0067898025736212,-15.001895904541016,0.1,0.11,352.67,-0.0124334665015339,0.0136578315868973,0.0018661466892808,0.05,0.05,-0.02
32.599455,87245088,0.1027250662446022,0.1253044456243515,352.6884155273437,-0.0025365070905536,0.0068559315986931,-15.001871109008787,0.09,0.11,352.67,-0.0123804761096835,0.0135017298161983,0.0018323546973988,0.05,0.05,-0.02
32.699415,87345048,0.1019295006990432,0.1304541528224945,352.6884155273437,-0.0021536105778068,0.0069333757273852,-15.0018310546875,0.09,0.11,352.67,-0.0123598119243979,0.0133497230708599,0.0018872824730351,0.05,0.05,-0.01
32.799375,87445008,0.1016702279448509,0.1371337175369262,352.6884155273437,-0.0017309982795268,0.0069533819332718,-15.001792907714844,0.09,0.12,352.66,-0.0123977791517972,0.0131520787253975,0.0017621992155909,0.05,0.05,-0.01
32.899335,87544968,0.1023187711834907,0.1436842978000641,352.6884155273437,-0.0013625988503918,0.0069736964069306,-15.001770973205566,0.09,0.13,352.66,-0.012636387720704,0.0129493484273552,0.0016604231204837,0.05,0.05,-0.01
32.999295,87644928,0.1030929610133171,0.1479102820158004,352.6884155273437,-0.0010026681702584,0.0069527681916952,-15.001737594604492,0.09,0.13,352.66,-0.0129701048135757,0.0127220386639237,0.001693211030215,0.05,0.05,-0.01
33.099255,87744888,0.1042877063155174,0.1501950472593307,352.6884155273437,-0.0007318197749555,0.0069434442557394,-15.00170612335205,0.09,0.14,352.67,-0.0134999705478549,0.0126294661313295,0.0015004813903942,0.05,0.05,-0.01
33.199215,87844848,0.1054318621754646,0.1506993770599365,352.6884460449219,-0.0004990162560716,0.0069059496745467,-15.001681327819824,0.09,0.14,352.67,-0.0139491958543658,0.0124899027869105,0.0016673749778419,0.05,0.05,-0.01
33.300008,87945641,0.1062622666358947,0.1495686322450637,352.6884460449219,-0.0003779639664571,0.0068978783674538,-15.001642227172852,0.09,0.14,352.67,-0.0144628835842013,0.0123454751446843,0.0016947815893217,0.05,0.05,-0.01
33.399968,88045601,0.107319101691246,0.1463435292243957,352.6884155273437,-0.0002972036018036,0.0066746845841407,-15.001615524291992,0.09,0.14,352.66,-0.0149567201733589,0.0121818780899047,0.0015470318030565,0.05,0.05,-0.01
33.499928,88145561,0.1131842881441116,0.1420579552650451,352.6884460449219,-0.0003249900182709,0.0063701858744025,-15.001592636108398,0.1,0.14,352.66,-0.015438562259078,0.0120632788166403,0.0016126367263495,0.05,0.05,-0.01
33.599888,88245521,0.1186131685972213,0.1370851546525955,352.6884460449219,-0.0003586803504731,0.0059710424393415,-15.001562118530272,0.11,0.13,352.66,-0.015759440138936,0.0120730102062225,0.0016541257500648,0.05,0.05,-0.01
33.699848,88345481,0.1243806630373001,0.1334579586982727,352.6884460449219,-0.0004548208671621,0.005581818986684,-15.001531600952148,0.11,0.13,352.66,-0.0160245150327682,0.0122342146933078,0.0015814000507816,0.05,0.05,-0.01
33.799808,88445441,0.1283040791749954,0.1296024024486541,352.6884460449219,-0.0005394436884671,0.0051656668074429,-15.001523971557615,0.12,0.13,352.67,-0.016118349507451,0.0124185271561145,0.0013728103367611,0.05,0.05,-0.01
33.899768,88545401,0.1310688555240631,0.1271789371967315,352.6884460449219,-0.0006784027209505,0.004803636111319,-15.001517295837402,0.12,0.13,352.67,-0.0163889341056346,0.0126792211085557,0.0014699073508381,0.05,0.05,-0.01
33.999728,88645361,0.1323762238025665,0.1261177957057953,352.6884460449219,-0.0007999302470125,0.0044576753862202,-15.001505851745604,0.12,0.13,352.67,-0.0166194438934326,0.0129622584208846,0.0014180556172505,0.05,0.05,-0.01
34.099688,88745321,0.1328468024730682,0.1256115436553955,352.6884460449219,-0.0009728917502798,0.0041899364441633,-15.001494407653809,0.12,0.13,352.66,-0.0168557986617088,0.013227486051619,0.0016512505244463,0.05,0.05,-0.01
34.199648,88845281,0.1344770938158035,0.1196385845541954,352.6884460449219,-0.0011299807811155,0.0039205681532621,-15.00146770477295,0.12,0.12,352.66,-0.0169518813490867,0.0134408241137862,0.0015419912524521,0.05,0.05,-0.01
34.299608,88945241,0.1388288736343383,0.112553097307682,352.6884155273437,-0.00132453488186,0.0037196089979261,-15.001445770263672,0.12,0.11,352.66,-0.0168955568224191,0.0137405069544911,0.0014716818695887,0.05,0.05,-0.01
34.399568,89045201,0.1423638314008712,0.1066622883081436,352.6884155273437,-0.0014481199905276,0.0035054676700383,-15.001439094543455,0.13,0.1,352.67,-0.0166614819318056,0.0140271112322807,0.0013534975005313,0.05,0.05,-0.01
34.499528,89145161,0.1435993760824203,0.1049340143799781,352.6884155273437,-0.0015793407801538,0.003373468061909,-15.001421928405762,0.13,0.1,352.67,-0.0162668693810701,0.0144068170338869,0.0016097397310659,0.05,0.05,-0.01
34.599488,89245121,0.1424675583839416,0.1047373563051223,352.6884155273437,-0.0016379581065848,0.0032596585806459,-15.001402854919434,0.13,0.1,352.67,-0.0159121584147214,0.0147613612934947,0.001465831301175,0.05,0.05,-0.01
34.699448,89345081,0.1396131217479705,0.1064074710011482,352.6884155273437,-0.0017028095899149,0.0032266487833112,-15.001386642456056,0.12,0.1,352.67,-0.0156563855707645,0.015129298903048,0.0015032172668725,0.05,0.05,-0.01
34.799408,89445041,0.1357344686985016,0.1089215576648712,352.6884155273437,-0.0017360759666189,0.003219029167667,-15.001330375671388,0.12,0.1,352.66,-0.0154273193329572,0.0153054622933268,0.0010348301148042,0.05,0.05,-0.01
34.899368,89545001,0.133035808801651,0.1110999584197998,352.6884155273437,-0.0017756663728505,0.0032591731287539,-15.001198768615724,0.12,0.1,352.66,-0.0152045888826251,0.0155414948239922,0.0012167526874691,0.05,0.05,-0.01
34.999328,89644961,0.1316437721252441,0.1129003912210464,352.6884155273437,-0.0017659966833889,0.0033011680934578,-15.000993728637695,0.12,0.1,352.67,-0.0148971518501639,0.0156528707593679,0.0011543412692844,0.05,0.05,-0.01
35.099288,89744921,0.1307594627141952,0.1146048977971077,352.6884155273437,-0.0017740613548085,0.0034005590714514,-15.000751495361328,0.12,0.1,352.67,-0.0147068407386541,0.0158453583717346,0.0012490322114899,0.05,0.05,-0.01
35.199248,89844881,0.130221888422966,0.1155839636921882,352.6884155273437,-0.0017244833288714,0.0035026869736611,-15.000469207763672,0.12,0.1,352.67,-0.0145096993073821,0.0159425996243953,0.0011651582317426,0.05,0.05,-0.01
35.299208,89944841,0.1295868754386901,0.1160833537578582,352.6884155273437,-0.0016901016933843,0.0036614048294723,-15.000208854675291,0.11,0.1,352.67,-0.0143908439204096,0.0160801522433757,0.0005844838451594,0.05,0.05,-0.01
35.400001,90045634,0.1248328909277916,0.1175349056720733,352.6884155273437,-0.0014124064473435,0.0036094337701797,-14.999953269958496,0.11,0.1,352.66,-0.0140571007505059,0.0160610862076282,0.0007632479537278,0.05,0.05,-0.01
35.499961,90145594,0.1193243190646171,0.121662750840187,352.6884155273437,-0.0014257732545956,0.0038599295075982,-14.999703407287598,0.11,0.1,352.66,-0.0139446919783949,0.0162076130509376,0.0002842113608494,0.05,0.05,-0.01
35.599921,90245554,0.1148815229535102,0.1234994828701019,352.6884155273437,-0.0013839143794029,0.0040655061602592,-14.999517440795898,0.1,0.1,352.66,-0.0138893313705921,0.0161511953920125,-6.921217573108152e-05,0.05,0.05,-0.01
35.699881,90345514,0.1105971783399581,0.1261297911405563,352.6884155273437,-0.0013615124626085,0.0042763808742165,-14.99935245513916,0.09,0.11,352.66,-0.0139042306691408,0.0159572046250104,-0.0001221534330397,0.05,0.05,-0.01
35.799841,90445474,0.108913667500019,0.1280477792024612,352.6884155273437,-0.0013066364917904,0.0044154082424938,-14.9992094039917,0.09,0.11,352.67,-0.013993440195918,0.0156579874455928,-0.0005520839476957,0.05,0.05,-0.01
35.899801,90545434,0.1083019822835922,0.1287447959184646,352.6884155273437,-0.0012895445106551,0.0045495382510125,-14.999089241027832,0.09,0.11,352.67,-0.0140764089301228,0.0154093634337186,-0.0004484693054109,0.05,0.05,0.0
35.999761,90645394,0.1081291064620018,0.1289417594671249,352.6884155273437,-0.0012601293856278,0.0046259332448244,-14.998958587646484,0.09,0.11,352.66,-0.0140619808807969,0.0151325818151235,-0.0004768878279719,0.05,0.05,0.0
36.099721,90745354,0.1081291064620018,0.1289417594671249,352.6884155273437,-0.0012759054079651,0.0047119436785578,-14.998851776123049,0.1,0.11,352.66,-0.0140880160033702,0.0149798169732093,-0.0008833258762024,0.05,0.05,0.0
36.199681,90845314,0.1081291064620018,0.1289417594671249,352.6884155273437,-0.0012702338863164,0.0047413338907063,-14.99876880645752,0.1,0.11,352.66,-0.0141139971092343,0.0148966396227478,-0.0009655311587266,0.05,0.05,0.0
36.299641,90945274,0.1081291064620018,0.1289417594671249,352.6884155273437,-0.0013060005148872,0.00478859199211,-14.998684883117676,0.1,0.11,352.66,-0.0141740264371037,0.0148615911602973,-0.0009293287293985,0.05,0.05,0.0
36.399601,91045234,0.1081291064620018,0.1289417594671249,352.6884155273437,-0.0013179203961044,0.00479706376791,-14.998613357543944,0.11,0.11,352.66,-0.0142658082768321,0.0148907992988824,-0.0013301481958478,0.05,0.05,0.0
36.499561,91145194,0.1081291064620018,0.1289417594671249,352.6884155273437,-0.0013650001492351,0.004832990001887,-14.998565673828123,0.1,0.12,352.66,-0.0143946390599012,0.0149613618850708,-0.0012600612826645,0.05,0.05,0.0
36.599521,91245154,0.1081291064620018,0.1289417594671249,352.6884155273437,-0.0014218365540727,0.00486930180341,-14.998517036437988,0.1,0.12,352.66,-0.014532720670104,0.0150025133043527,-0.0012761651305481,0.05,0.05,0.0
36.699481,91345114,0.1081291064620018,0.1289417594671249,352.6884155273437,-0.0015414650551974,0.0049549550749361,-14.998498916625977,0.1,0.12,352.66,-0.0148103330284357,0.0150769026950001,-0.0015454005915671,0.05,0.05,0.0
36.799441,91445074,0.1064882576465606,0.1254231631755828,352.6884155273437,-0.001652626087889,0.0050193145871162,-14.998475074768066,0.11,0.12,352.66,-0.0149886170402169,0.0151605205610394,-0.0013437026645988,0.05,0.05,0.0
36.899401,91545034,0.1040960028767585,0.1198458820581436,352.6884155273437,-0.0018260314827784,0.0051456242799758,-14.998451232910156,0.11,0.11,352.66,-0.015132600441575,0.0152550665661692,-0.0014653275720775,0.05,0.05,0.0
36.999361,91644994,0.1014031991362571,0.1146473214030265,352.6883850097656,-0.0019625807181,0.0053983642719686,-14.998504638671877,0.1,0.1,352.67,-0.0150545919314026,0.0152810672298073,-0.0013620960526168,0.05,0.05,0.0
37.099321,91744954,0.0984214022755622,0.1110727414488792,352.6883850097656,-0.0021259405184537,0.0057770856656134,-14.998649597167969,0.09,0.1,352.66,-0.0149646066129207,0.0152069926261901,-0.0014740778133273,0.05,0.05,0.0
37.199281,91844914,0.0941543579101562,0.1081887930631637,352.6883850097656,-0.0022426564246416,0.0062012574635446,-14.99886703491211,0.09,0.09,352.66,-0.0148138795047998,0.0151289636269211,-0.0015033930540084,0.05,0.05,0.0
37.299241,91944874,0.0890845730900764,0.1064729243516922,352.6883850097656,-0.002377341967076,0.0066930432803928,-14.99912166595459,0.09,0.09,352.66,-0.0146948061883449,0.0150582371279597,-0.0014505715807899,0.05,0.05,0.0
37.399201,92044834,0.0829417631030082,0.105062648653984,352.6883544921875,-0.002463114215061,0.0071519375778734,-14.999382972717283,0.08,0.09,352.67,-0.0144768320024013,0.0148864584043622,-0.0012003248557448,0.05,0.05,0.0
37.499994,92145627,0.0776708722114563,0.1047568619251251,352.6883544921875,-0.0025737129617482,0.0076188007369637,-14.999637603759766,0.07,0.09,352.67,-0.0143491243943572,0.0145585592836141,-0.0010198914678767,0.05,0.05,0.0
37.599954,92245587,0.0747551769018173,0.105237178504467,352.6883544921875,-0.0026304840575903,0.0080024441704154,-14.999886512756348,0.06,0.09,352.66,-0.0142686236649751,0.0141006773337721,-0.0007378526497632,0.05,0.05,0.0
37.699914,92345547,0.0733164772391319,0.1053990796208381,352.6883544921875,-0.0027195059228688,0.0083517804741859,-15.000099182128906,0.06,0.09,352.66,-0.0142358317971229,0.0135680558159947,-0.0004267879703547,0.05,0.05,0.0
37.799874,92445507,0.0727725699543953,0.1054649949073791,352.6883544921875,-0.0027533259708434,0.0086034815758466,-15.000288009643556,0.06,0.1,352.66,-0.014176245778799,0.013025565072894,-0.000254807586316,0.05,0.05,0.0
37.899834,92545467,0.0727288350462913,0.1054702922701835,352.6883544921875,-0.0028020308818668,0.0088111609220504,-15.00045394897461,0.06,0.1,352.66,-0.0141244018450379,0.0124810887500643,0.0001239231205545,0.05,0.05,0.0
37.999794,92645427,0.0727288350462913,0.1054702922701835,352.6883544921875,-0.0028089298866689,0.0089229177683591,-15.000577926635742,0.06,0.1,352.67,-0.0141090471297502,0.0119203152135014,0.0003188353730365,0.05,0.05,0.0
38.099754,92745387,0.0757497176527977,0.1058938801288604,352.6883544921875,-0.0028471620753407,0.0089948652312159,-15.000688552856444,0.06,0.1,352.66,-0.0142142493277788,0.0114128002896904,0.0003742921107914,0.05,0.05,0.0
38.199714,92845347,0.0813272669911384,0.1044590696692466,352.6883544921875,-0.0028796531260013,0.0089824143797159,-15.000786781311035,0.06,0.1,352.66,-0.0143304597586393,0.0109189692884683,0.0007299313438124,0.05,0.05,0.0
38.299674,92945307,0.0878531634807586,0.1022365316748619,352.6883850097656,-0.0029670046642422,0.0089498339220881,-15.000869750976562,0.08,0.1,352.66,-0.0144069176167249,0.0106104761362075,0.0007225250592455,0.05,0.05,0.0
38.399634,93045267,0.0925219506025314,0.1003273576498031,352.6883850097656,-0.0030215738806873,0.0088653033599257,-15.000958442687988,0.09,0.09,352.66,-0.0143291093409061,0.0105168018490076,0.0007389671518467,0.05,0.05,0.0
38.499594,93145227,0.0949043929576873,0.0986448749899864,352.6883850097656,-0.0030840795952826,0.0087928380817174,-15.001038551330566,0.09,0.09,352.67,-0.0141424499452114,0.0105514740571379,0.0009699139627628,0.05,0.05,0.0
38.599554,93245187,0.0957701429724693,0.0980334654450416,352.6883850097656,-0.0031100651249289,0.008686832152307,-15.001091003417969,0.09,0.1,352.67,-0.0140360658988356,0.0105016836896538,0.0010139879304915,0.05,0.05,0.0
38.699514,93345147,0.0960444584488868,0.0978397503495216,352.6883850097656,-0.0031663607805967,0.008592021651566,-15.00113296508789,0.08,0.1,352.66,-0.0140931969508528,0.0104718785732984,0.0009539740858599,0.05,0.05,0.0
38.799474,93445107,0.0960444584488868,0.0978397503495216,352.6883850097656,-0.003411506768316,0.0084613468497991,-15.001178741455078,0.08,0.1,352.66,-0.0142000019550323,0.0103457001969218,0.0009479217696934,0.05,0.05,0.0
38.899434,93545067,0.0986658111214637,0.0961142554879188,352.6883850097656,-0.0038260072469711,0.0083393203094601,-15.00120735168457,0.08,0.09,352.66,-0.0143035948276519,0.0101922042667865,0.0010791814420372,0.05,0.05,0.0
38.999394,93645027,0.1029613837599754,0.089884728193283,352.6883850097656,-0.0043154098093509,0.008201764896512,-15.001227378845217,0.09,0.08,352.66,-0.0143226608633995,0.0101378206163644,0.0011323807993903,0.05,0.05,0.0
39.099354,93744987,0.106631301343441,0.0839161947369575,352.6883850097656,-0.0048480010591447,0.0080818720161914,-15.001188278198242,0.09,0.07,352.66,-0.0141381230205297,0.0101730842143297,0.0010008282260969,0.05,0.05,0.0
39.199314,93844947,0.1091642528772354,0.0778040289878845,352.6883544921875,-0.0053276270627975,0.0079522915184497,-15.001051902770996,0.09,0.07,352.67,-0.0137772094458341,0.0102128069847822,0.0012611334677785,0.05,0.06,0.0
39.299274,93944907,0.1115972772240638,0.0742733776569366,352.6883544921875,-0.0057798721827566,0.0078601818531751,-15.00083827972412,0.1,0.05,352.67,-0.0132544999942183,0.0103043559938669,0.0012826055753976,0.05,0.06,0.0
39.399234,94044867,0.1128631979227066,0.0729026198387146,352.6883544921875,-0.0061182500794529,0.0077562099322676,-15.000591278076172,0.1,0.04,352.67,-0.0124831870198249,0.0103330835700035,0.001074407948181,0.05,0.06,0.0
39.499194,94144827,0.1133231744170188,0.0724045410752296,352.6883544921875,-0.006379990838468,0.0076918709091842,-15.000358581542969,0.11,0.05,352.66,-0.0116928722709417,0.0105264335870742,0.0005442961701191,0.05,0.06,0.0
39.599987,94245620,0.1133685559034347,0.0725361704826355,352.6883544921875,-0.006543330848217,0.0076397084631025,-15.000130653381348,0.11,0.05,352.66,-0.0109836002811789,0.0107607170939445,0.000700481061358,0.05,0.06,0.0
39.699947,94345580,0.1120233237743377,0.0794915780425071,352.6883544921875,-0.0066466098651289,0.0076333153992891,-14.999884605407717,0.12,0.06,352.66,-0.0104548623785376,0.0111393686383962,0.0004996030475012,0.05,0.06,0.0
39.799907,94445540,0.1072460040450096,0.0860813334584236,352.6883850097656,-0.0065372162498533,0.0074800811707973,-14.99966526031494,0.11,0.07,352.67,-0.009958192706108,0.0114049827679991,0.0002412766480119,0.05,0.06,0.0
39.899867,94545500,0.1036623865365982,0.0892609059810638,352.6883850097656,-0.0066057215444743,0.007586290128529,-14.999472618103027,0.1,0.08,352.66,-0.0098119648173451,0.0116752842441201,8.10351557447575e-05,0.05,0.06,0.0
39.999827,94645460,0.1004782393574714,0.0905574262142181,352.6883850097656,-0.0066142003051936,0.007661304436624,-14.9993257522583,0.09,0.08,352.66,-0.0097604906186461,0.0116913877427577,-0.0004450888663996,0.05,0.06,0.0
40.099787,94745420,0.0982690826058387,0.0916810631752014,352.6883850097656,-0.0066258716396987,0.0077405967749655,-14.999223709106444,0.08,0.08,352.66,-0.0098039219155907,0.0116236144676804,-0.0005614907713606,0.05,0.06,0.0
40.199747,94845380,0.0974077135324478,0.0921966508030891,352.6883850097656,-0.0065848515368998,0.0077696884982287,-14.999102592468262,0.08,0.09,352.66,-0.0097736157476902,0.011415546759963,-0.0005442139226943,0.05,0.06,0.0
40.299707,94945340,0.0971461683511734,0.0923531949520111,352.6883850097656,-0.0065510715357959,0.0077919838950037,-14.99899959564209,0.08,0.09,352.67,-0.0098753878846764,0.0112125566229224,-0.000760261551477,0.05,0.06,0.0
40.399667,95045300,0.0971461683511734,0.0923531949520111,352.6883850097656,-0.006489282939583,0.0077562322840094,-14.998891830444336,0.08,0.08,352.66,-0.009946372359991,0.0110351657494902,-0.0007217293023131,0.05,0.06,0.0
40.499627,95145260,0.0976073294878006,0.0924943834543228,352.6883850097656,-0.0064456835389137,0.0077129770070314,-14.998808860778809,0.07,0.08,352.66,-0.0099886320531368,0.0108486656099557,-0.0012080922024324,0.05,0.06,0.0
40.599587,95245220,0.0977874025702476,0.0925493314862251,352.6883850097656,-0.0063672713004052,0.0077919219620525,-14.998723983764648,0.08,0.08,352.66,-0.0099859004840254,0.0106749972328543,-0.0008239464950747,0.05,0.06,0.0
40.699547,95345180,0.0977874025702476,0.0925493314862251,352.6883850097656,-0.0063165477477014,0.0079960338771343,-14.998628616333008,0.09,0.08,352.66,-0.0099680917337536,0.0107180662453174,-0.0009220247738994,0.05,0.06,0.0
40.799507,95445140,0.0977874025702476,0.0925493314862251,352.6883850097656,-0.006243020761758,0.0082714408636093,-14.998575210571287,0.1,0.09,352.66,-0.0100070731714367,0.0109587702900171,-0.001384473987855,0.05,0.06,0.0
40.899467,95545100,0.0977874025702476,0.0925493314862251,352.6883850097656,-0.0061978232115507,0.0086377346888184,-14.998570442199709,0.09,0.09,352.66,-0.010102073661983,0.0112744038924574,-0.0015040576690807,0.05,0.06,0.0
40.999427,95645060,0.0943957418203353,0.0912349969148635,352.6883544921875,-0.0061489013023674,0.0090381875634193,-14.998555183410645,0.09,0.09,352.67,-0.0101819997653365,0.0114910444244742,-0.0013668868923559,0.05,0.06,0.0
41.099387,95745020,0.0868304446339607,0.0897916331887245,352.6883544921875,-0.0061204996891319,0.0094639379531145,-14.998530387878418,0.08,0.08,352.67,-0.0101353283971548,0.0115163438022136,-0.0012401408748701,0.05,0.06,0.0
41.199347,95844980,0.0796298459172248,0.0892076343297958,352.6883544921875,-0.0060562309809029,0.0098516168072819,-14.99858283996582,0.07,0.07,352.67,-0.0099271722137928,0.0113304033875465,-0.0012425325112417,0.05,0.06,0.0
41.299307,95944940,0.0747222080826759,0.0907735377550125,352.6883544921875,-0.0059916088357567,0.0102140000090003,-14.99872589111328,0.06,0.07,352.66,-0.009749062359333,0.0110181588679552,-0.0013258380349725,0.05,0.06,0.0
41.399267,96044900,0.0728032886981964,0.0920047536492347,352.6883544921875,-0.0058798524551093,0.0105084842070937,-14.998952865600586,0.05,0.08,352.66,-0.0096331005915999,0.0105279954150319,-0.0014239047886803,0.05,0.06,0.0
41.499227,96144860,0.0721060037612915,0.0924521833658218,352.6883544921875,-0.0057796943001449,0.0107580088078975,-14.9992036819458,0.05,0.08,352.66,-0.0096422154456377,0.0100905345752835,-0.0012642970541492,0.05,0.06,0.0
41.60002,96245653,0.0719360783696174,0.0925612151622772,352.6883544921875,-0.0056684906594455,0.010942536406219,-14.999466896057127,0.05,0.08,352.67,-0.009716180153191,0.0096596339717507,-0.0010473108850419,0.05,0.06,0.0
41.69998,96345613,0.0719360783696174,0.0925612151622772,352.6883544921875,-0.0055810678750276,0.0110773434862494,-14.999712944030762,0.06,0.08,352.67,-0.0097469314932823,0.0092047210782766,-0.0008543791482225,0.05,0.06,0.0
41.79994,96445573,0.071981281042099,0.0926168859004974,352.6883544921875,-0.0054711834527552,0.0111185880377888,-14.999945640563965,0.06,0.08,352.66,-0.0096879880875349,0.0088140051811933,-0.0004792057734448,0.06,0.06,0.0
41.8999,96545533,0.0763662904500961,0.0977685824036598,352.6883544921875,-0.0053810677491128,0.0111114177852869,-15.00014877319336,0.06,0.08,352.66,-0.0097057893872261,0.0085054766386747,-0.0003662987437564,0.06,0.06,0.0
41.99986,96645493,0.0810280367732048,0.1025296300649643,352.6883544921875,-0.0052627534605562,0.0110432710498571,-15.000341415405272,0.07,0.09,352.66,-0.0097924433648586,0.0083145266398787,-0.0002754941524472,0.06,0.06,0.0
42.09982,96745453,0.0843829661607742,0.105427898466587,352.6883850097656,-0.0051738927140831,0.0109639810398221,-15.000500679016112,0.07,0.1,352.67,-0.0100657194852828,0.0082035642117261,0.0002098372933687,0.06,0.06,0.01
42.19978,96845413,0.0868558585643768,0.1054762974381446,352.6883850097656,-0.0050848475657403,0.0108588691800832,-15.000640869140623,0.08,0.1,352.67,-0.0103318067267537,0.0081467293202877,6.346315785776824e-05,0.06,0.06,0.01
42.29974,96945373,0.0878784209489822,0.1046400889754295,352.6883850097656,-0.0050402055494487,0.0107700219377875,-15.000779151916504,0.08,0.1,352.66,-0.0105988951399922,0.0082005849108099,0.0002166164777008,0.06,0.06,0.01
42.3997,97045333,0.088212750852108,0.1028706803917884,352.6883850097656,-0.0050076581537723,0.0106562413275241,-15.000896453857422,0.08,0.1,352.66,-0.0108275935053825,0.0082393223419785,0.0006247563287615,0.06,0.06,0.01
42.49966,97145293,0.090549424290657,0.1007985398173332,352.6883850097656,-0.0050253984518349,0.0105566419661045,-15.000980377197266,0.08,0.09,352.66,-0.0110361631959676,0.0083285178989171,0.0007052514702081,0.06,0.06,0.01
42.59962,97245253,0.0923337340354919,0.09991005808115,352.6883850097656,-0.0050333677791059,0.0104426508769392,-15.001059532165527,0.08,0.09,352.66,-0.0111914528533816,0.0083732511848211,0.0008110093767754,0.06,0.06,0.01
42.69958,97345213,0.092982143163681,0.0995872244238853,352.6883850097656,-0.0050646518357098,0.0103450110182166,-15.001138687133787,0.08,0.09,352.67,-0.011294805444777,0.0085697015747427,0.0008538775728084,0.06,0.06,0.01
42.79954,97445173,0.0931115448474884,0.0995227843523025,352.6883850097656,-0.0050894189625978,0.0102539286017417,-15.00118350982666,0.08,0.1,352.67,-0.0114721683785319,0.0086566545069217,0.0010529258288443,0.06,0.06,0.01
42.8995,97545133,0.0931115448474884,0.0995227843523025,352.6883850097656,-0.0051487502641975,0.0101854559034109,-15.001211166381836,0.08,0.1,352.67,-0.011664779856801,0.0087513932958245,0.0011311860289424,0.06,0.06,0.01
42.99946,97645093,0.092693842947483,0.0969468876719474,352.6883850097656,-0.0051985774189233,0.0101066837087273,-15.001233100891112,0.08,0.1,352.66,-0.0119591718539595,0.0088097127154469,0.0012355407234281,0.06,0.06,0.01
43.09942,97745053,0.0930472090840339,0.0900714099407196,352.6883544921875,-0.0053041912615299,0.0100540025159716,-15.00123405456543,0.08,0.09,352.66,-0.0122304800897836,0.0088206436485052,0.0012940920423716,0.06,0.06,0.01
43.19938,97845013,0.0941719859838485,0.0836051329970359,352.6883544921875,-0.0053690480999648,0.0099789937958121,-15.001243591308594,0.08,0.08,352.66,-0.0121299475431442,0.0088509246706962,0.0012876191176474,0.06,0.06,0.01
43.29934,97944973,0.0951294004917144,0.0804045274853706,352.6883544921875,-0.0054265717044472,0.0099216299131512,-15.001245498657228,0.08,0.07,352.66,-0.0119543960317969,0.0089068673551082,0.0011273379204794,0.06,0.06,0.01
43.3993,98044933,0.0964917093515396,0.0800565853714943,352.6883544921875,-0.0054281074553728,0.009683534502983,-15.001191139221191,0.08,0.07,352.67,-0.0116644455119967,0.0089303283020854,0.0013297330588102,0.06,0.06,0.01
43.49926,98144893,0.0969867557287216,0.0799301266670227,352.6883544921875,-0.0054218475706875,0.009361614473164,-15.001041412353516,0.08,0.08,352.67,-0.0114432955160737,0.0089024603366851,0.001282719313167,0.06,0.06,0.01
43.59922,98244853,0.0970074161887168,0.0799248442053794,352.6883544921875,-0.0053816796280443,0.0089470297098159,-15.000843048095703,0.08,0.08,352.67,-0.0113332811743021,0.0088409837335348,0.0009968071244657,0.06,0.06,0.01
43.700013,98345646,0.1021182090044021,0.0831114947795867,352.6883544921875,-0.00537153147161,0.0085216090083122,-15.000609397888184,0.08,0.08,352.66,-0.0113111017271876,0.0087930094450712,0.0011558288242667,0.06,0.06,0.01
43.799973,98445606,0.1095466762781143,0.0865526720881462,352.6883850097656,-0.0053300685249269,0.008050525560975,-15.000350952148438,0.08,0.08,352.66,-0.0111502055078744,0.0087711540982127,0.0010477536125108,0.06,0.06,0.01
43.899933,98545566,0.1175197213888168,0.0903364419937133,352.6883850097656,-0.005305178463459,0.0075981370173394,-15.00010108947754,0.09,0.08,352.66,-0.0111069874837994,0.0087794438004493,0.0006510117091238,0.06,0.06,0.01
43.999893,98645526,0.1245032399892807,0.0930725559592247,352.6883850097656,-0.0052387942560017,0.0071421167813241,-14.999889373779297,0.1,0.08,352.66,-0.0109043810516595,0.0089518493041396,0.0001008712570182,0.06,0.06,0.01
44.099853,98745486,0.1302301883697509,0.0967332944273948,352.6884155273437,-0.0051669441163539,0.0067466921173036,-14.999695777893066,0.11,0.08,352.66,-0.0107549540698528,0.0092957904562354,0.0002497922687325,0.06,0.06,0.01
44.199813,98845446,0.133324921131134,0.0995604768395423,352.6884155273437,-0.0050604180432856,0.0063843261450529,-14.999516487121582,0.12,0.08,352.66,-0.010612373240292,0.0098258135840296,-0.0002672634727787,0.06,0.06,0.01
44.299773,98945406,0.1342706680297851,0.1018495112657547,352.6884155273437,-0.004967856220901,0.006115089636296,-14.999369621276855,0.12,0.09,352.66,-0.0105136539787054,0.0104547133669257,-0.0002109852066496,0.06,0.06,0.01
44.399733,99045366,0.1309432238340377,0.104381538927555,352.6884155273437,-0.0046442006714642,0.0059039192274212,-14.99921989440918,0.13,0.09,352.66,-0.010450767353177,0.0111099760979413,-0.0003235758922528,0.06,0.06,0.01
44.499693,99145326,0.1265573799610138,0.108898676931858,352.6884155273437,-0.0042188921943306,0.0058013396337628,-14.999096870422363,0.13,0.09,352.67,-0.010353485122323,0.0118673024699091,-0.0006154528236947,0.06,0.06,0.01
44.599653,99245286,0.1191082745790481,0.1141033321619033,352.6884155273437,-0.0036808357108384,0.0057528964243829,-14.998977661132812,0.12,0.09,352.67,-0.0102277230471372,0.0125056290999054,-0.0005415850318968,0.06,0.06,0.01
44.699613,99345246,0.1124071106314659,0.1214811876416206,352.6884155273437,-0.0031272200867533,0.0057887635193765,-14.998870849609377,0.11,0.1,352.66,-0.0102196745574474,0.0129670547321438,-0.0008298860047943,0.06,0.06,0.01
44.799573,99445206,0.1056454479694366,0.1284277290105819,352.6884155273437,-0.0025266523007303,0.0058486335910856,-14.998771667480469,0.11,0.11,352.66,-0.0102696577087044,0.0132864974439144,-0.0007505080429837,0.06,0.06,0.01
44.899533,99545166,0.0999792590737342,0.1357994377613067,352.6884155273437,-0.0019890945404767,0.0059927119873464,-14.998685836791992,0.1,0.12,352.66,-0.0106384456157684,0.0137009182944893,-0.0011575316311791,0.06,0.06,0.01
44.999493,99645126,0.092640534043312,0.1400009989738464,352.6884155273437,-0.0014689720701426,0.0061621787026524,-14.998628616333008,0.1,0.12,352.66,-0.0110390288755297,0.0140495793893933,-0.001176290679723,0.06,0.06,0.01
45.099453,99745086,0.0854337960481643,0.1437740176916122,352.6883850097656,-0.001042530639097,0.0063849613070487,-14.998581886291504,0.08,0.13,352.66,-0.0116609446704387,0.0141741298139095,-0.0014958071988075,0.06,0.06,0.01
45.199413,99845046,0.0798088684678077,0.1448646932840347,352.6883850097656,-0.0004669964255299,0.0064181950874626,-14.998530387878418,0.08,0.13,352.66,-0.0121849449351429,0.0140026817098259,-0.0012455971445888,0.06,0.06,0.01
45.299373,99945006,0.0772072076797485,0.1438691765069961,352.6883850097656,-0.0002823933900799,0.0066650942899286,-14.998488426208496,0.07,0.13,352.66,-0.0128500694409012,0.0138566326349973,-0.001251648296602,0.06,0.06,0.01
45.399333,100044966,0.0760571658611297,0.1400688886642456,352.6883850097656,-0.0001424000511178,0.0068343970924615,-14.998468399047852,0.06,0.14,352.67,-0.0135762197896838,0.0135832913219928,-0.0014068998862057,0.06,0.06,0.01
45.499293,100144926,0.0771093294024467,0.1341040432453155,352.6883850097656,-0.0001228656328748,0.0069787357933819,-14.998452186584473,0.07,0.14,352.67,-0.0144398361444473,0.0133551275357604,-0.0013373682741075,0.06,0.06,0.01
45.599253,100244886,0.0792690813541412,0.1256743222475052,352.6883850097656,-0.000151560670929,0.0070633776485919,-14.998528480529783,0.07,0.13,352.66,-0.0152040580287575,0.0131025947630405,-0.0016257994575425,0.06,0.06,0.02
45.699213,100344846,0.082204170525074,0.1173620298504829,352.6883850097656,-0.0002735605812631,0.0071375831030309,-14.998720169067385,0.07,0.12,352.66,-0.0156989507377147,0.012796975672245,-0.0016530110733583,0.06,0.06,0.02
45.800006,100445639,0.0851440876722335,0.1100662946701049,352.6883850097656,-0.0004070443392265,0.0071457587182521,-14.998950958251951,0.07,0.11,352.67,-0.0160117726773023,0.012461612932384,-0.0015328786103054,0.06,0.06,0.02
45.899966,100545599,0.0882133990526199,0.1049143224954605,352.6883850097656,-0.000570114236325,0.0071224435232579,-14.999192237854004,0.07,0.1,352.67,-0.0161563176661729,0.0121326288208365,-0.0012486232444643,0.06,0.06,0.02
45.999926,100645559,0.0906011834740638,0.1010901108384132,352.6883850097656,-0.0007156006176955,0.0070552318356931,-14.999449729919434,0.08,0.1,352.67,-0.0162697676569223,0.011948749423027,-0.0011630137450993,0.06,0.06,0.02
46.099886,100745519,0.0935752838850021,0.0983677208423614,352.6883850097656,-0.0008982549770735,0.007002554833889,-14.999710083007812,0.08,0.09,352.66,-0.0162865612655878,0.0118309678509831,-0.0009592392016202,0.06,0.06,0.02
46.199846,100845479,0.0952379032969474,0.0973637476563453,352.6883850097656,-0.0010363541077822,0.0069097219966351,-14.999922752380373,0.08,0.09,352.66,-0.016177712008357,0.0117712821811437,-0.0006113423150964,0.06,0.06,0.02
46.299806,100945439,0.0962182134389877,0.0970209315419197,352.6883850097656,-0.0011891113827005,0.0068360641598701,-15.000112533569336,0.09,0.09,352.66,-0.0160565469413995,0.0118071725592017,-0.0004459751653485,0.06,0.06,0.02
46.399766,101045399,0.0982282534241676,0.096513420343399,352.6883850097656,-0.0012830070918425,0.006747527513653,-15.000288963317873,0.09,0.09,352.67,-0.0158062409609556,0.0119160935282707,-0.0002033324853982,0.06,0.06,0.02
46.499726,101145359,0.0990559011697769,0.0949897468090057,352.6883850097656,-0.0013829203089699,0.0066997096873819,-15.000442504882812,0.09,0.08,352.67,-0.0155630074441432,0.0120767839252948,-4.12295303249266e-05,0.06,0.06,0.02
46.599686,101245319,0.0993566364049911,0.0944360792636871,352.6883850097656,-0.0014187863562256,0.0066572711803019,-15.00058364868164,0.09,0.08,352.67,-0.0151704251766204,0.0121418572962284,0.0001875985326478,0.06,0.06,0.02
46.699646,101345279,0.099523477256298,0.0953481420874595,352.6883850097656,-0.0014535106020048,0.0066590611822903,-15.000688552856444,0.08,0.08,352.66,-0.014799733646214,0.0121926069259643,0.0005123165319673,0.06,0.06,0.02
46.799606,101445239,0.0986479073762893,0.0989165604114532,352.6883850097656,-0.00143581291195,0.006468029692769,-15.000788688659668,0.08,0.08,352.66,-0.0145137459039688,0.0120510645210742,0.0005442959372885,0.06,0.06,0.02
46.899566,101545199,0.1009492576122284,0.1040238738059997,352.6883850097656,-0.0014276272850111,0.0061732023023068,-15.000883102416992,0.08,0.09,352.67,-0.0143438670784235,0.0117520820349454,0.0008338345214724,0.06,0.06,0.02
46.999526,101645159,0.106205053627491,0.1085632666945457,352.6883850097656,-0.0013882446801289,0.0057787839323282,-15.000967979431152,0.09,0.09,352.67,-0.0143223674967885,0.011656267568469,0.0007443123031407,0.06,0.06,0.02
47.099486,101745119,0.1120483800768852,0.1114712059497833,352.6884155273437,-0.0013751841615885,0.0053820512257516,-15.001056671142578,0.1,0.1,352.66,-0.0142829315736889,0.0117191644385457,0.000766827550251,0.06,0.06,0.02
47.199446,101845079,0.116878405213356,0.1133169680833816,352.6884155273437,-0.001328153302893,0.0049569974653422,-15.001107215881348,0.1,0.1,352.66,-0.0142682213336229,0.0118919955566525,0.0011001118691638,0.06,0.06,0.02
47.299406,101945039,0.1207945197820663,0.1148511618375778,352.6884155273437,-0.0013321765,0.0046005002222955,-15.00113582611084,0.1,0.1,352.66,-0.0143162366002798,0.0122000742703676,0.001076576532796,0.06,0.06,0.02
47.399366,102044999,0.1238318309187889,0.1158370524644851,352.6884155273437,-0.0013218369567766,0.0042332471348345,-15.001173973083496,0.11,0.11,352.66,-0.0144249582663178,0.012438871897757,0.0009436547406949,0.06,0.06,0.02
47.499326,102144959,0.1259974837303161,0.1154123395681381,352.6884155273437,-0.0013709753984585,0.0039305021055042,-15.001202583312988,0.11,0.1,352.67,-0.0145455813035368,0.0128048229962587,0.001211664872244,0.06,0.06,0.02
47.599286,102244919,0.1274744272232055,0.1148736476898193,352.6884155273437,-0.001395622966811,0.0036547237541526,-15.00121784210205,0.12,0.1,352.67,-0.0145216602832078,0.0131415342912077,0.0012150623369961,0.06,0.06,0.02
47.699246,102344879,0.1280110776424408,0.1146779060363769,352.6884155273437,-0.0014536476228386,0.0034674406051635,-15.001151084899902,0.12,0.1,352.66,-0.0145184025168418,0.013596462085843,0.00105219357647,0.06,0.06,0.02
47.799206,102444839,0.1280256062746048,0.1144739612936973,352.6884155273437,-0.0014771458227187,0.0032941258978098,-15.000993728637695,0.11,0.1,352.66,-0.0144689874723553,0.0139879034832119,0.0012913554674014,0.06,0.06,0.02
47.899999,102545632,0.1280256062746048,0.1144739612936973,352.6884155273437,-0.0015472401864826,0.0032072989270091,-15.000777244567873,0.11,0.1,352.66,-0.0144850015640258,0.0143219474703073,0.0010481437202543,0.06,0.06,0.02
47.999959,102645592,0.1280256062746048,0.1144739612936973,352.6884155273437,-0.001577972783707,0.0031131480354815,-15.000555038452148,0.11,0.1,352.66,-0.0145478555932641,0.0145126143470406,0.0008726982632651,0.06,0.06,0.02
48.099919,102745552,0.1280256062746048,0.1144739612936973,352.6884155273437,-0.0016510855639353,0.0030798632651567,-15.000337600708008,0.11,0.1,352.67,-0.0146524831652641,0.0147228157147765,0.0006364480359479,0.06,0.06,0.02
48.199879,102845512,0.1267550885677337,0.1129673719406127,352.6884155273437,-0.0017146669561043,0.0030586121138185,-15.000120162963867,0.11,0.1,352.67,-0.0146817229688167,0.0149653004482388,0.0006492309039458,0.06,0.06,0.02
48.299839,102945472,0.1242853552103042,0.1101751551032066,352.6884155273437,-0.0018258952768519,0.0031042404007166,-14.999886512756348,0.11,0.11,352.67,-0.0148071870207786,0.0152972377836704,0.0006010641809552,0.06,0.06,0.02
48.399799,103045432,0.1200622469186782,0.1057524755597114,352.6884155273437,-0.0019162413664162,0.0031698341481387,-14.999691009521484,0.11,0.11,352.66,-0.0149597963318228,0.0156117351725697,7.920921052573249e-05,0.06,0.06,0.02
48.499759,103145392,0.1157995015382766,0.1016778200864791,352.6883850097656,-0.0020517499651759,0.0033144995104521,-14.999518394470217,0.12,0.1,352.66,-0.0150573309510946,0.0160137247294187,6.31033253739588e-05,0.06,0.06,0.02
48.599719,103245352,0.1099864467978477,0.0971518382430076,352.6883850097656,-0.0021533679682761,0.0034617052879184,-14.999361038208008,0.12,0.09,352.66,-0.0150467120110988,0.0164543110877275,-0.000289673305815,0.06,0.06,0.02
48.699679,103345312,0.1038297787308693,0.0940462127327919,352.6883850097656,-0.00227178982459,0.0036725243553519,-14.999248504638672,0.11,0.08,352.66,-0.0148502942174673,0.0167798213660717,-0.0007106887060217,0.06,0.06,0.02
48.799639,103445272,0.0970926508307457,0.0923585817217826,352.6883850097656,-0.0023257723078131,0.0038679542485624,-14.999146461486816,0.1,0.08,352.66,-0.0145867075771093,0.0168546382337808,-0.0004019621992483,0.06,0.06,0.02
48.899599,103545232,0.0922905653715133,0.0930064246058464,352.6883544921875,-0.0023710788227617,0.0040733995847404,-14.999029159545898,0.09,0.08,352.66,-0.0143659878522157,0.016746399924159,-0.0007809523958712,0.06,0.06,0.02
48.999559,103645192,0.0894769579172134,0.0935719460248947,352.6883544921875,-0.00238594179973,0.0042562750168144,-14.99895477294922,0.09,0.09,352.66,-0.0142418015748262,0.0165890734642744,-0.0010257395915687,0.06,0.06,0.02
49.099519,103745152,0.0882147997617721,0.095157004892826,352.6883544921875,-0.0024225395172834,0.0044575417414307,-14.998873710632324,0.08,0.09,352.67,-0.0141085237264633,0.0163897443562746,-0.0009148855460807,0.06,0.06,0.02
49.199479,103845112,0.0877818539738655,0.0960703492164611,352.6883544921875,-0.0024223360233008,0.0046031605452299,-14.99880599975586,0.08,0.08,352.67,-0.0139814531430602,0.0161026082932949,-0.0011385942343622,0.06,0.06,0.02
49.299439,103945072,0.0876503959298133,0.0963476970791816,352.6883544921875,-0.0024449685588479,0.0047495765611529,-14.998730659484863,0.07,0.08,352.67,-0.0138375898823142,0.0157118029892444,-0.0009698296780698,0.06,0.06,0.02
49.399399,104045032,0.0876503959298133,0.0963476970791816,352.6883544921875,-0.0024384339340031,0.0048481924459338,-14.998653411865234,0.07,0.08,352.67,-0.0136010088026523,0.0153147298842668,-0.0010715981479734,0.06,0.06,0.02
49.499359,104144992,0.0893730297684669,0.0990002453327179,352.6883544921875,-0.002432566601783,0.0049320464022457,-14.9985933303833,0.07,0.08,352.66,-0.0133950365707278,0.0149874193593859,-0.0011914685601368,0.06,0.06,0.02
49.599319,104244952,0.0919791609048843,0.10307078063488,352.6883850097656,-0.0023708387743681,0.0049447258934378,-14.99852180480957,0.08,0.09,352.66,-0.0132949398830533,0.0146727571263909,-0.0011385343968868,0.06,0.06,0.03
49.699279,104344912,0.0951135158538818,0.107096180319786,352.6883850097656,-0.0023290836252272,0.0049595395103096,-14.998470306396484,0.08,0.09,352.66,-0.0132653107866644,0.014418157748878,-0.0015917756827548,0.06,0.06,0.03
49.799239,104444872,0.0978162214159965,0.1096576377749443,352.6883850097656,-0.00225854315795,0.0049256002530455,-14.998411178588867,0.08,0.1,352.66,-0.013331507332623,0.0142124155536293,-0.0011557022808119,0.06,0.06,0.03
49.899199,104544832,0.10012698918581,0.1111879646778106,352.6883850097656,-0.0022311811335384,0.004913009237498,-14.998361587524414,0.08,0.1,352.67,-0.0134583190083503,0.0140432612970471,-0.0014899965608492,0.06,0.06,0.03
49.999992,104645625,0.1019664704799652,0.1119671091437339,352.6883850097656,-0.0021923272870481,0.0048519843257963,-14.998335838317873,0.08,0.1,352.66,-0.0135723194107413,0.0138849634677171,-0.0015242061344906,0.06,0.06,0.03
50.099952,104745585,0.1043362691998481,0.1121656820178031,352.6883850097656,-0.0021925333421677,0.0048023550771176,-14.99832534790039,0.09,0.1,352.66,-0.0137612894177436,0.0139495534822344,-0.0016717732651159,0.06,0.06,0.03
50.199912,104845545,0.1055404841899871,0.1116630062460899,352.6883850097656,-0.0021936721168458,0.0047297994606196,-14.998312950134276,0.09,0.1,352.66,-0.013951301574707,0.0140305804088711,-0.0013136391062289,0.06,0.06,0.03
50.299872,104945505,0.1058213710784912,0.1109039261937141,352.6883850097656,-0.0022583333775401,0.0047068144194781,-14.998290061950684,0.1,0.1,352.66,-0.014125402085483,0.0142106097191572,-0.0013696866808459,0.06,0.06,0.03
50.399832,105045465,0.1048516035079956,0.1081513613462448,352.6883850097656,-0.0023020866792649,0.0046683852560818,-14.998335838317873,0.1,0.1,352.66,-0.0142492288723587,0.0143496338278055,-0.0014123326400294,0.06,0.06,0.03
50.499792,105145425,0.1037219241261482,0.1048282086849212,352.6883850097656,-0.0023847462143749,0.0046800565905869,-14.998505592346191,0.1,0.09,352.67,-0.0142850158736109,0.0145708760246634,-0.0017660512821748,0.06,0.06,0.03
50.599752,105245385,0.101755253970623,0.101400002837181,352.6883850097656,-0.0024316485505551,0.0048661325126886,-14.998729705810549,0.1,0.09,352.67,-0.0142643097788095,0.0147788310423493,-0.0014604075113311,0.06,0.06,0.03
50.699712,105345345,0.0986205264925956,0.0989853888750076,352.6883850097656,-0.0024967968929558,0.0052150702103972,-14.998990058898926,0.09,0.08,352.67,-0.0140849100425839,0.0149614242836833,-0.0015886479523032,0.06,0.06,0.03
50.799672,105445305,0.0928489565849304,0.0977555066347122,352.6883850097656,-0.0025034858845174,0.0056112422607839,-14.99925708770752,0.08,0.08,352.66,-0.013865815475583,0.0150163201615214,-0.001177609548904,0.06,0.06,0.03
50.899632,105545265,0.0866856053471565,0.0987907573580741,352.6883544921875,-0.0025215654168277,0.0060672061517834,-14.99951457977295,0.07,0.09,352.67,-0.0137319173663854,0.0148968463763594,-0.0011082635028287,0.06,0.06,0.03
50.999592,105645225,0.0817502588033676,0.0995370373129844,352.6883544921875,-0.0024946690537035,0.0064780283719301,-14.999781608581545,0.07,0.09,352.67,-0.0137214800342917,0.014661799184978,-0.0009366464801132,0.06,0.06,0.03
51.099552,105745185,0.078002393245697,0.1000230908393859,352.6883544921875,-0.0025186175480484,0.0069010923616588,-15.000005722045898,0.06,0.09,352.67,-0.013752581551671,0.0143522061407566,-0.0005169649957679,0.06,0.07,0.03
51.199512,105845145,0.0754942968487739,0.0994699969887733,352.6883544921875,-0.0027269544079899,0.0072690420784056,-15.000208854675291,0.06,0.09,352.67,-0.0138281360268592,0.0140659259632229,-0.0003832827787846,0.06,0.07,0.03
51.299472,105945105,0.0735923200845718,0.0975144729018211,352.6883544921875,-0.0031040168832987,0.0076319412328302,-15.000402450561523,0.06,0.09,352.67,-0.0139699717983603,0.0138001004233956,-0.0002653424162417,0.06,0.07,0.03
51.399432,106045065,0.071477510035038,0.0912323519587516,352.6883544921875,-0.0034338715486228,0.007774303201586,-15.000558853149414,0.06,0.08,352.66,-0.0140233971178531,0.0133394310250878,0.0002406981802778,0.06,0.07,0.03
51.499392,106145025,0.0712904185056686,0.0838320404291153,352.6883544921875,-0.0040094275027513,0.0080827781930565,-15.000679969787598,0.05,0.08,352.66,-0.0140746356919407,0.0129792420193552,0.0003112919512204,0.06,0.07,0.03
51.599352,106244985,0.0721001252532005,0.075502797961235,352.6883544921875,-0.0045528663322329,0.0082766227424144,-15.000800132751465,0.05,0.07,352.67,-0.0139869255945086,0.0124832903966307,0.0004779296868946,0.06,0.07,0.03
51.699312,106344945,0.074438989162445,0.0686939284205436,352.6883239746094,-0.0050910110585391,0.0084125250577926,-15.000894546508787,0.06,0.06,352.67,-0.0137885697185993,0.0119905434548854,0.0006904361653141,0.06,0.07,0.03
51.799272,106444905,0.076857142150402,0.0639368891716003,352.6883239746094,-0.0055664838291704,0.0084460545331239,-15.000988006591797,0.06,0.06,352.67,-0.0135618709027767,0.0115387737751007,0.0006714483024552,0.06,0.07,0.03
51.899232,106544865,0.0797089710831642,0.0594400316476821,352.6883239746094,-0.0060292659327387,0.0084482785314321,-15.001083374023438,0.07,0.06,352.66,-0.01340227201581,0.0112535078078508,0.0007675347151234,0.06,0.07,0.03
51.999192,106644825,0.0807540267705917,0.0578030012547969,352.6883239746094,-0.0064086224883794,0.0083812335506081,-15.0011625289917,0.07,0.06,352.66,-0.0130475284531712,0.0109625998884439,0.0008477949886582,0.06,0.07,0.03
52.099985,106745618,0.0845463871955871,0.0566652081906795,352.6883239746094,-0.0067612952552735,0.008308770135045,-15.001233100891112,0.07,0.06,352.66,-0.012652151286602,0.0106301456689834,0.0009459561551921,0.06,0.07,0.03
52.199945,106845578,0.0908635854721069,0.054636675864458,352.6883239746094,-0.0070018186233937,0.0081808054819703,-15.0012845993042,0.07,0.05,352.67,-0.012201408855617,0.0104039572179317,0.0011369279818609,0.06,0.07,0.03
52.299905,106945538,0.0967572182416915,0.0544932708144187,352.6883544921875,-0.0071943653747439,0.0080699464306235,-15.001297950744627,0.08,0.05,352.67,-0.0117217656224966,0.0103513933718204,0.0012766027357429,0.06,0.07,0.03
52.399865,107045498,0.1006667912006378,0.055805929005146,352.6883544921875,-0.007287532556802,0.0079258177429437,-15.001307487487791,0.09,0.05,352.67,-0.0111895278096199,0.0103054363280534,0.0012229522690176,0.06,0.07,0.03
52.499825,107145458,0.1031288281083107,0.0582050196826458,352.6883544921875,-0.0073379040695726,0.0078040291555225,-15.00132942199707,0.09,0.05,352.67,-0.010776481591165,0.0103682586923241,0.0009496505372226,0.06,0.07,0.03
52.599785,107245418,0.1047189533710479,0.0609419867396354,352.6883544921875,-0.0073264455422759,0.0076726470142602,-15.001354217529297,0.1,0.06,352.67,-0.0103429276496171,0.010528658516705,0.0011290130205452,0.06,0.07,0.03
52.699745,107345378,0.1049518436193466,0.0649450421333313,352.6883544921875,-0.0073000667616724,0.0075858822092413,-15.001372337341309,0.1,0.05,352.67,-0.0099512869492173,0.0107864337041974,0.0010648715542629,0.06,0.07,0.03
52.799705,107445338,0.1035384535789489,0.0682786479592323,352.6883544921875,-0.0071897166781127,0.0075052683241665,-15.001313209533691,0.1,0.06,352.67,-0.0095587791875004,0.0110962204635143,0.0013717708643525,0.06,0.07,0.03
52.899665,107545298,0.1013435497879982,0.0717290118336677,352.6883544921875,-0.0070496727712452,0.0074773719534277,-15.00114631652832,0.09,0.05,352.67,-0.0091351438313722,0.0113435052335262,0.0014755283482372,0.06,0.07,0.03
52.999625,107645258,0.098086841404438,0.0760634467005729,352.6883544921875,-0.0068363538011908,0.0074547142721712,-15.000920295715332,0.09,0.05,352.67,-0.0087196668609976,0.0114924786612391,0.0013060518540441,0.06,0.07,0.03
53.099585,107745218,0.0951915010809898,0.08357784897089,352.6883544921875,-0.0065978160127997,0.0074717518873512,-15.000682830810549,0.09,0.07,352.67,-0.0084639061242342,0.0116914259269833,0.0012090897653251,0.06,0.07,0.03
53.199545,107845178,0.0918397903442382,0.090399831533432,352.6883544921875,-0.0063273282721638,0.0074905366636812,-15.000415802001951,0.09,0.08,352.67,-0.0084078880026936,0.0118738655000925,0.0011772499419748,0.06,0.07,0.03
53.299505,107945138,0.0891975834965705,0.0956521481275558,352.6883544921875,-0.0060794632881879,0.0075486544519662,-15.00014877319336,0.09,0.08,352.67,-0.0084624849259853,0.0119937360286712,0.0008195177651941,0.06,0.07,0.03
53.399465,108045098,0.0872956216335296,0.0990288630127906,352.6883544921875,-0.0058227684348821,0.0075861089862883,-14.999921798706056,0.09,0.08,352.67,-0.0084434309974312,0.0121233388781547,0.0004297365667298,0.06,0.07,0.03
53.499425,108145058,0.0843000784516334,0.1030686795711517,352.6883544921875,-0.0056103295646607,0.0076654651202261,-14.999700546264648,0.08,0.08,352.67,-0.0086144357919693,0.0122513826936483,0.0003716852224897,0.06,0.07,0.03
53.599385,108245018,0.0824644863605499,0.1046509146690368,352.6883544921875,-0.0054011093452572,0.0077105783857405,-14.99952220916748,0.08,0.09,352.67,-0.0088381879031658,0.0123125733807682,-0.0001767026406014,0.07,0.07,0.03
53.699345,108344978,0.0815447270870208,0.1051507443189621,352.6883544921875,-0.0052474755793809,0.007775193080306,-14.999382972717283,0.08,0.09,352.67,-0.0091541493311524,0.0123833222314715,-0.0001841042394516,0.07,0.07,0.03
53.799305,108444938,0.0812592878937721,0.1053058579564094,352.6883544921875,-0.0051083173602819,0.007813461124897,-14.999237060546877,0.09,0.09,352.67,-0.0094866408035159,0.0124130491167306,-0.0003832626680377,0.07,0.07,0.03
53.899265,108544898,0.0812592878937721,0.1053058579564094,352.6883544921875,-0.0050247288309037,0.0078800916671752,-14.99912929534912,0.09,0.1,352.67,-0.0098462859168648,0.0125625440850853,-0.0007452190620824,0.07,0.07,0.03
53.999225,108644858,0.0782622173428535,0.1026066467165947,352.6883544921875,-0.0049514393322169,0.0079240621998906,-14.99902057647705,0.08,0.1,352.67,-0.0102289365604519,0.0126229170709848,-0.000640123616904,0.07,0.07,0.03
54.100018,108745651,0.0740544646978378,0.0985201522707939,352.6883544921875,-0.0049445959739387,0.0079985735937953,-14.99892520904541,0.07,0.1,352.66,-0.0106661599129438,0.0125707751139998,-0.0009628810803405,0.07,0.07,0.03
54.199978,108845611,0.0713307932019233,0.0939341634511947,352.6883544921875,-0.0049420781433582,0.0080115171149373,-14.998830795288086,0.06,0.09,352.66,-0.010925780981779,0.0122959408909082,-0.0008029291057027,0.07,0.07,0.04
54.299938,108945571,0.0707331076264381,0.0907369777560234,352.6883544921875,-0.00498823588714,0.0080121681094169,-14.99873161315918,0.06,0.08,352.67,-0.0111845610663294,0.0119638592004776,-0.0008901092223823,0.07,0.07,0.04
54.399898,109045531,0.0735183656215667,0.0869925916194915,352.6883544921875,-0.0050250785425305,0.0079346718266606,-14.998666763305664,0.06,0.08,352.67,-0.0113606052473187,0.0115343779325485,-0.0010696126846596,0.07,0.07,0.04
54.499858,109145491,0.077444739639759,0.085136093199253,352.6883544921875,-0.0050878692418336,0.0078334417194128,-14.99862003326416,0.06,0.07,352.67,-0.0114043466746807,0.0111244795843958,-0.0012212416622787,0.07,0.07,0.04
54.599818,109245451,0.0834128484129905,0.0841261073946952,352.6883544921875,-0.0051132407970726,0.007678763475269,-14.998607635498049,0.07,0.07,352.67,-0.0113151054829359,0.0108033455908298,-0.0013957830378785,0.07,0.07,0.04
54.699778,109345411,0.09025789052248,0.0852994099259376,352.6883544921875,-0.0051429471932351,0.0075342701748013,-14.998579978942873,0.07,0.07,352.67,-0.0111965406686067,0.0106295747682452,-0.0011947938473895,0.07,0.07,0.04
54.799738,109445371,0.0950329229235649,0.0866964533925056,352.6883544921875,-0.0051374328322708,0.0073598902672529,-14.998578071594238,0.08,0.08,352.67,-0.0111532593145966,0.010609014891088,-0.0014207151252776,0.07,0.07,0.04
54.899698,109545331,0.0982458963990211,0.0877192988991737,352.6883544921875,-0.0051571000367403,0.0072111384943127,-14.99862003326416,0.08,0.08,352.67,-0.0112676592543721,0.0106122829020023,-0.0013141434174031,0.07,0.07,0.04
54.999658,109645291,0.1001943796873092,0.0881525352597236,352.6883544921875,-0.0051530799828469,0.0070497589185833,-14.998773574829102,0.08,0.07,352.67,-0.0111997732892632,0.0106536066159605,-0.0015080968150869,0.07,0.07,0.04
55.099618,109745251,0.1023831218481063,0.0885850340127945,352.6883850097656,-0.005159696098417,0.0069241374731063,-14.99897289276123,0.08,0.07,352.67,-0.0110733350738883,0.0107028437778353,-0.001148855430074,0.07,0.07,0.04
55.199578,109845211,0.1036609411239624,0.0890036299824714,352.6883850097656,-0.0051029468886554,0.0067772809416055,-14.99919605255127,0.08,0.07,352.67,-0.0109379449859261,0.0107440678402781,-0.001089475583285,0.07,0.07,0.04
55.299538,109945171,0.1040428876876831,0.0890215709805488,352.6883850097656,-0.0050613721832633,0.0066749020479619,-14.999444007873535,0.08,0.08,352.67,-0.0109196649864315,0.0108035942539572,-0.0010869473917409,0.07,0.07,0.04
55.399498,110045131,0.1040428876876831,0.0890215709805488,352.6883850097656,-0.0049930424429476,0.0065386015921831,-14.999693870544434,0.08,0.08,352.67,-0.0109031544998288,0.0108838388696312,-0.0008975511300377,0.07,0.07,0.04
55.499458,110145091,0.1041514202952385,0.0891468301415443,352.6883850097656,-0.0049399062991142,0.0064302124083042,-14.999942779541016,0.09,0.08,352.67,-0.0108441496267914,0.011015648022294,-0.0007799053564667,0.07,0.07,0.04
55.599418,110245051,0.1042085587978363,0.0892127528786659,352.6883850097656,-0.0048688612878322,0.0063179116696119,-15.000146865844728,0.09,0.08,352.67,-0.0107490923255682,0.0111627019941806,-0.0004040521162096,0.07,0.07,0.04
55.699378,110345011,0.1061390414834022,0.0920023843646049,352.6883850097656,-0.0048105241730809,0.0062269773334264,-15.000326156616213,0.08,0.08,352.67,-0.0107625378295779,0.011253579519689,-0.000272685138043,0.07,0.07,0.04
55.799338,110444971,0.1084205359220504,0.0952181220054626,352.6883850097656,-0.0047407015226781,0.0061391596682369,-15.00048828125,0.09,0.08,352.67,-0.0108685009181499,0.011415559798479,-0.0001003833604045,0.07,0.07,0.04
55.899298,110544931,0.1097279116511344,0.096912145614624,352.6883850097656,-0.0047107147984206,0.0061065228655934,-15.000619888305664,0.09,0.09,352.67,-0.0110419047996401,0.0116293709725141,0.0003463934699539,0.07,0.07,0.04
55.999258,110644891,0.1102949753403663,0.0977075323462486,352.6883850097656,-0.0046716500073671,0.0060827382840216,-15.000733375549316,0.1,0.08,352.67,-0.0111306579783558,0.0119937257841229,0.0004090600705239,0.07,0.07,0.04
56.099218,110744851,0.10972760617733,0.097697302699089,352.6883850097656,-0.0046613924205303,0.0061213676817715,-15.000842094421388,0.1,0.08,352.67,-0.0111392261460423,0.0123215466737747,0.0004841398040298,0.07,0.07,0.04
56.200011,110845644,0.1073497906327247,0.096815600991249,352.6883850097656,-0.0042162369936704,0.0059970333240926,-15.000946044921877,0.1,0.08,352.67,-0.0109913488849997,0.0125121092423796,0.0007388505036942,0.07,0.07,0.04
56.299971,110945604,0.1032560169696807,0.0986626893281936,352.6883850097656,-0.0039321715012192,0.0061323097907006,-15.001028060913086,0.09,0.09,352.67,-0.0110017154365777,0.0127969840541481,0.0007640409749001,0.07,0.07,0.04
56.399931,111045564,0.0978253781795501,0.1013638898730278,352.6883850097656,-0.0035105510614812,0.0062449784018099,-15.001115798950195,0.09,0.09,352.67,-0.0109739620238542,0.012934673577547,0.0006878089625388,0.07,0.07,0.04
56.499891,111145524,0.0929160341620445,0.1070960909128189,352.6883850097656,-0.0030589206144213,0.0063812267035245,-15.001181602478027,0.08,0.1,352.67,-0.0110538769513368,0.0130438264459371,0.0010697912657633,0.07,0.07,0.04
56.599851,111245484,0.0889428034424781,0.1126581728458404,352.6883850097656,-0.0025603731628507,0.006480417214334,-15.001224517822266,0.08,0.1,352.67,-0.011297415010631,0.0130510572344064,0.0011177619453519,0.07,0.07,0.04
56.699811,111345444,0.0851573199033737,0.1176372244954109,352.6883850097656,-0.0021031245123595,0.0065853847190737,-15.00125789642334,0.08,0.11,352.67,-0.0116053214296698,0.0130165740847587,0.0010427323868498,0.07,0.07,0.04
56.799771,111445404,0.0823228433728218,0.1199986636638641,352.6883850097656,-0.0016601245151832,0.0066523691639304,-15.001293182373049,0.07,0.11,352.67,-0.011997103691101,0.012982876971364,0.0012039021821692,0.07,0.07,0.04
56.899731,111545364,0.0803903862833976,0.1206945851445198,352.6883850097656,-0.0013065435923635,0.0067293681204319,-15.001310348510742,0.08,0.12,352.67,-0.0124518945813179,0.0129278441891074,0.0011653257533907,0.07,0.07,0.04
56.999691,111645324,0.0798791870474815,0.1212541237473487,352.6883850097656,-0.0009903105674311,0.0067533333785831,-15.001327514648438,0.08,0.11,352.67,-0.0128735117614269,0.0129406433552503,0.0012277937494218,0.07,0.07,0.04
57.099651,111745284,0.0797677934169769,0.1213760450482368,352.6883850097656,-0.0007690985221415,0.0067818379029631,-15.001337051391602,0.08,0.11,352.67,-0.0132921393960714,0.0128916855901479,0.0010942876106128,0.07,0.07,0.04
57.199611,111845244,0.0797677934169769,0.1213760450482368,352.6883850097656,-0.0005816001212224,0.0067685176618397,-15.001270294189451,0.07,0.11,352.67,-0.0137056671082973,0.0128419660031795,0.0012008204357698,0.07,0.07,0.04
57.299571,111945204,0.0797677934169769,0.1213760450482368,352.6883850097656,-0.0004736723494715,0.0067568514496088,-15.001110076904297,0.07,0.11,352.67,-0.0141140725463628,0.0127411503344774,0.0012296295026317,0.07,0.07,0.04
57.399531,112045164,0.0800647437572479,0.1194319203495979,352.6883850097656,-0.0004069606366101,0.0067175766453146,-15.000896453857422,0.07,0.11,352.67,-0.014522879384458,0.0126243596896529,0.0012380079133436,0.07,0.07,0.04
57.499491,112145124,0.0815948322415351,0.116449624300003,352.6883850097656,-0.000423586810939,0.0066947089508175,-15.000635147094728,0.08,0.11,352.66,-0.0148498686030507,0.0125688640400767,0.0013638706877827,0.07,0.07,0.04
57.599451,112245084,0.0841723605990409,0.1132188737392425,352.6883850097656,-0.0004321933956816,0.0066500417888164,-15.000359535217283,0.08,0.1,352.67,-0.0150865474715828,0.0126331597566604,0.0011747159296646,0.07,0.07,0.04
57.699411,112345044,0.0861826762557029,0.1109673827886581,352.6883850097656,-0.0005134555976837,0.0066552562639117,-15.00009059906006,0.08,0.1,352.67,-0.0153991971164941,0.0127143133431673,0.0009552789269946,0.07,0.07,0.04
57.799371,112445004,0.0877121016383171,0.1068476513028144,352.6883850097656,-0.0005829660221934,0.0066303121857345,-14.99985408782959,0.08,0.11,352.67,-0.015589646063745,0.0126822609454393,0.0003616309550125,0.07,0.07,0.04
57.899331,112544964,0.0877913311123848,0.1036426723003387,352.6883850097656,-0.0007039926713332,0.006631416734308,-14.999671936035156,0.08,0.1,352.67,-0.0157867167145013,0.0127175403758883,0.0002435742499073,0.07,0.07,0.04
57.999291,112644924,0.0869679227471351,0.0998806804418563,352.6883544921875,-0.000796626729425,0.0066101704724133,-14.999493598937988,0.08,0.09,352.67,-0.0158325210213661,0.0127522153779864,-1.97562767425552e-05,0.07,0.07,0.04
58.099251,112744884,0.0863080918788909,0.0966799557209014,352.6883544921875,-0.0009147810051217,0.0066123283468186,-14.999360084533691,0.07,0.09,352.67,-0.0157764460891485,0.0126665709540247,-0.0005679765599779,0.07,0.07,0.04
58.199211,112844844,0.0860612615942955,0.0947893261909484,352.6883544921875,-0.0009992183186113,0.0065741320140659,-14.999234199523926,0.07,0.08,352.67,-0.0156501401215791,0.0124799543991684,-0.0004558504151646,0.07,0.07,0.04
58.300004,112945637,0.0881255716085434,0.0951904132962226,352.6883544921875,-0.0011274649295955,0.0065517649054527,-14.99913215637207,0.07,0.09,352.67,-0.0156276896595954,0.0123080015182495,-0.0007130192243494,0.07,0.07,0.04
58.399964,113045597,0.0907793715596199,0.0955261141061782,352.6883544921875,-0.001212989911437,0.0064835241064429,-14.999024391174316,0.07,0.09,352.67,-0.0156453400850296,0.0121395075693726,-0.0007335905102081,0.07,0.07,0.04
58.499924,113145557,0.0940183401107788,0.0954571962356567,352.6883850097656,-0.0013410173123702,0.0064386194571852,-14.99891757965088,0.08,0.09,352.67,-0.0157401338219642,0.0121075212955474,-0.0006212734733708,0.07,0.07,0.04
58.599884,113245517,0.0959789678454399,0.09440478682518,352.6883850097656,-0.0014363976661115,0.0063612926751375,-14.998797416687012,0.08,0.09,352.67,-0.0156775433570146,0.0121498825028538,-0.0006583507056348,0.07,0.07,0.04
58.699844,113345477,0.0965219140052795,0.0930789113044738,352.6883850097656,-0.0015547596849501,0.0063071157783269,-14.998703002929688,0.08,0.08,352.67,-0.0155969560146331,0.0122128641232848,-0.0010798349976539,0.07,0.07,0.04
58.799804,113445437,0.0962572246789932,0.0912460014224052,352.6883544921875,-0.0016238874522969,0.0062312628142535,-14.998665809631348,0.08,0.08,352.67,-0.0153835304081439,0.0122470734640955,-0.0013970802538096,0.07,0.07,0.04
58.899764,113545397,0.097342163324356,0.091208778321743,352.6883544921875,-0.0016977724153548,0.0061842622235417,-14.998627662658691,0.09,0.08,352.67,-0.0151386652141809,0.0123451249673962,-0.0012780545512214,0.07,0.07,0.04
58.999724,113645357,0.0982397943735122,0.0918218865990638,352.6883850097656,-0.0017242959002032,0.0061253504827618,-14.998619079589844,0.09,0.09,352.67,-0.0150453094393014,0.0125154145061969,-0.0014224046608433,0.07,0.07,0.04
59.099684,113745317,0.0985299050807952,0.0920200422406196,352.6883850097656,-0.0017779164481908,0.0061094802804291,-14.998610496520996,0.09,0.09,352.67,-0.0149142974987626,0.0127046313136816,-0.0014040803071111,0.07,0.07,0.04
59.199644,113845277,0.0985299050807952,0.0920200422406196,352.6883850097656,-0.0017953547649085,0.0061007924377918,-14.998663902282717,0.09,0.09,352.67,-0.0148869156837463,0.0128565393388271,-0.0013591744937002,0.07,0.07,0.04
59.299604,113945237,0.0985299050807952,0.0920200422406196,352.6883850097656,-0.0018455109093338,0.0061401026323437,-14.998793601989746,0.08,0.09,352.67,-0.0148359565064311,0.0129826311022043,-0.0012292847968637,0.07,0.07,0.04
59.399564,114045197,0.0985299050807952,0.0920200422406196,352.6883850097656,-0.0018464748281985,0.0059778555296361,-14.998987197875977,0.08,0.08,352.67,-0.0147160096094012,0.0129153374582529,-0.0013299578567966,0.07,0.07,0.04
59.499524,114145157,0.0985299050807952,0.0920200422406196,352.6883850097656,-0.001881041447632,0.0057402574457228,-14.999211311340332,0.08,0.08,352.67,-0.014591964893043,0.0127746947109699,-0.0010870455298572,0.07,0.07,0.04
59.599484,114245117,0.0985299050807952,0.0920200422406196,352.6883850097656,-0.0018744731787592,0.0053845434449613,-14.999451637268066,0.08,0.09,352.67,-0.0144707839936017,0.0125605128705501,-0.0010636462830007,0.07,0.07,0.04
59.699444,114345077,0.1016884073615074,0.0937642678618431,352.6883850097656,-0.0018930112710222,0.005001753102988,-14.999703407287598,0.08,0.09,352.67,-0.0144201489165425,0.0123707354068756,-0.0009845216991379,0.07,0.07,0.04
59.799404,114445037,0.1086377426981926,0.0958737060427665,352.6883850097656,-0.0019028701353818,0.0045807976275682,-14.99993896484375,0.09,0.09,352.67,-0.0144748007878661,0.0123517187312245,-0.0005515124066732,0.07,0.07,0.05
59.899364,114544997,0.1164245679974556,0.0977287366986274,352.6883850097656,-0.0019384990446269,0.0041862078942358,-15.000152587890623,0.09,0.09,352.67,-0.0144493477419018,0.0124576520174741,-0.0004155011847615,0.07,0.07,0.05
59.999324,114644957,0.1219849959015846,0.0986068993806839,352.6883850097656,-0.0019371294183656,0.0037787230685353,-15.000348091125488,0.1,0.09,352.67,-0.0143654644489288,0.0125727038830518,-0.0002788570418488,0.07,0.07,0.05
60.099284,114744917,0.1264540702104568,0.0997223928570747,352.6884155273437,-0.0019579597283154,0.0034365975297987,-15.000510215759276,0.11,0.08,352.67,-0.0142058627679944,0.0128767453134059,2.7241708266956266e-06,0.07,0.07,0.05
60.199244,114844877,0.1290175914764404,0.1007821410894393,352.6884155273437,-0.0019310947973281,0.0031101040076464,-15.000657081604004,0.11,0.08,352.67,-0.0139722889289259,0.013296521268785,0.0001241088175447,0.07,0.07,0.05
60.299204,114944837,0.1301983594894409,0.1030608043074607,352.6884155273437,-0.0019152141176164,0.0028714195359498,-15.000771522521973,0.12,0.08,352.67,-0.0137778408825397,0.0137719120830297,0.0004712719237431,0.07,0.07,0.05
60.399997,115045630,0.1297564804553985,0.1055966094136238,352.6884155273437,-0.0018733339384198,0.0026888628490269,-15.000872611999512,0.13,0.08,352.67,-0.013613055460155,0.0144049832597374,0.0006244284450076,0.07,0.07,0.05
60.499957,115145590,0.1275098472833633,0.1078650504350662,352.6884155273437,-0.001847684266977,0.0026055346243083,-15.000967979431152,0.12,0.09,352.67,-0.0135334841907024,0.0150509485974907,0.0005439528613351,0.07,0.07,0.05
60.599917,115245550,0.1233346536755561,0.1083675995469093,352.6884155273437,-0.0015737644862383,0.0023394613526761,-15.001070976257324,0.11,0.09,352.68,-0.0132891591638326,0.0153696183115243,0.0009035077528096,0.07,0.07,0.05
60.699877,115345510,0.1179912835359573,0.1113932505249977,352.6884155273437,-0.0015819841064512,0.0024445925373584,-15.001138687133787,0.11,0.09,352.68,-0.0132558438926935,0.0157712418586015,0.0009772195480763,0.07,0.07,0.05
60.799837,115445470,0.1134193688631057,0.1128678172826767,352.6884155273437,-0.0015311371535062,0.0025253198109567,-15.00120735168457,0.1,0.09,352.67,-0.0132478158921003,0.016012255102396,0.0009662031079642,0.07,0.07,0.05
60.899797,115545430,0.1087744086980819,0.1137566044926643,352.6884155273437,-0.0014977637911215,0.002639710670337,-15.001277923583984,0.1,0.09,352.67,-0.0133293699473142,0.0161641333252191,0.0010367238428443,0.07,0.07,0.05
60.999757,115645390,0.1057139039039611,0.1142375096678733,352.6883850097656,-0.0014275494031608,0.0027359465602785,-15.001322746276855,0.1,0.1,352.67,-0.0133537389338016,0.0163537357002496,0.0011413014726713,0.07,0.07,0.05
61.099717,115745350,0.1025752797722816,0.1142636314034462,352.6883850097656,-0.0013926697429269,0.0028846687637269,-15.001350402832031,0.1,0.1,352.67,-0.0134905911982059,0.0166222173720598,0.00116646673996,0.07,0.07,0.05
61.199677,115845310,0.0986165851354599,0.1135571971535682,352.6883850097656,-0.0013502228539437,0.0030107237398624,-15.00137424468994,0.1,0.1,352.67,-0.013556694611907,0.0167894829064607,0.0011617090785875,0.07,0.07,0.05
61.299637,115945270,0.094364546239376,0.1127196997404098,352.6883850097656,-0.0013650729088112,0.0031752923969179,-15.001385688781738,0.09,0.1,352.67,-0.0138308256864547,0.0168757233768701,0.0012835195520892,0.07,0.07,0.05
61.399597,116045230,0.0910814777016639,0.1107062399387359,352.6883850097656,-0.0013720777351409,0.0032960700336843,-15.001306533813477,0.08,0.11,352.67,-0.014151862822473,0.0168222747743129,0.0013093418674543,0.07,0.07,0.05
61.499557,116145190,0.0884078443050384,0.107344776391983,352.6883850097656,-0.0014572259970009,0.0034616740886121,-15.001120567321776,0.08,0.1,352.67,-0.014458960853517,0.0167569499462842,0.0014580690767616,0.07,0.07,0.05
61.599517,116245150,0.0866820514202117,0.1039448752999305,352.6883850097656,-0.0015394536312669,0.0035798142198473,-15.000885009765623,0.08,0.1,352.67,-0.0145826255902647,0.0166158769279718,0.0015103067271411,0.07,0.07,0.05
61.699477,116345110,0.0857079178094863,0.1010323315858841,352.6883544921875,-0.0016680062981322,0.003718766849488,-15.00062370300293,0.08,0.09,352.67,-0.014687237329781,0.0165133122354745,0.0011720259208232,0.07,0.07,0.05
61.799437,116445070,0.0849344283342361,0.0984110310673713,352.6883544921875,-0.0017660332378,0.0038112967740744,-15.00037956237793,0.08,0.09,352.67,-0.014689308591187,0.0163884554058313,0.0009710653102956,0.07,0.07,0.05
61.899397,116545030,0.0848330333828926,0.096116729080677,352.6883544921875,-0.0019062879728153,0.0039430232718586,-15.00013828277588,0.08,0.08,352.67,-0.0146232787519693,0.0162477567791938,0.0005846940330229,0.07,0.07,0.05
61.999357,116644990,0.0849804654717445,0.0953208059072494,352.6883544921875,-0.0019833138212561,0.0040082717314362,-14.9999418258667,0.08,0.08,352.67,-0.0144918328151106,0.0160139482468366,0.0004824882489629,0.07,0.07,0.05
62.099317,116744950,0.0856541544198989,0.0954964831471443,352.6883544921875,-0.0020740034524351,0.0040784520097076,-14.999741554260254,0.07,0.08,352.67,-0.014424942433834,0.0156689323484897,0.0003301464603282,0.07,0.07,0.05
62.199277,116844910,0.0859802365303039,0.0956346541643142,352.6883544921875,-0.0021210734266787,0.0040680775418877,-14.999577522277832,0.07,0.08,352.67,-0.014321937225759,0.0152824856340885,-0.0001668822369538,0.07,0.07,0.05
62.299237,116944870,0.0884348303079605,0.0963983461260795,352.6883544921875,-0.0021933042444288,0.0040394943207502,-14.999442100524902,0.07,0.09,352.67,-0.0143071897327899,0.0148518057540059,-0.0003261010861024,0.07,0.07,0.05
62.399197,117044830,0.0942245721817016,0.096646748483181,352.6883850097656,-0.0022351613733917,0.0039516338147223,-14.999329566955566,0.07,0.09,352.67,-0.0143188368529081,0.0145400036126375,-0.0004189989995211,0.07,0.07,0.05
62.49999,117145623,0.1005091518163681,0.0968110784888267,352.6883850097656,-0.002316647209227,0.0038876067847013,-14.99920654296875,0.08,0.09,352.67,-0.0142899770289659,0.0142860375344753,-0.0004296989645808,0.07,0.07,0.05
62.59995,117245583,0.1056268587708473,0.0965803191065788,352.6883850097656,-0.0023496486246585,0.0037520329933613,-14.99909210205078,0.08,0.09,352.67,-0.0142619283869862,0.0140664670616388,-0.0007330470834858,0.07,0.07,0.05
62.69991,117345543,0.1105335280299186,0.0967780426144599,352.6883850097656,-0.0024119699373841,0.003634305903688,-14.99899673461914,0.09,0.08,352.67,-0.0142217138782143,0.0139622911810874,-0.0005994470557197,0.07,0.07,0.05
62.79987,117445503,0.1140422448515892,0.0966920405626297,352.6883850097656,-0.0024304252583533,0.0034948973916471,-14.998886108398438,0.1,0.08,352.67,-0.0140718417242169,0.0140557521954178,-0.0007829754031263,0.07,0.07,0.05
62.89983,117545463,0.115633025765419,0.0969003438949585,352.6883850097656,-0.0024647999089211,0.0034113680012524,-14.99880027770996,0.1,0.08,352.67,-0.0139170316979289,0.0142342587932944,-0.0008299116161651,0.07,0.07,0.05
62.99979,117645423,0.1148443296551704,0.0973536074161529,352.6883850097656,-0.0024549399968236,0.0033260735217481,-14.9987211227417,0.1,0.09,352.67,-0.0137524604797363,0.0145187815651297,-0.0010793494293466,0.07,0.07,0.05
63.09975,117745383,0.1140000149607658,0.0982210263609886,352.6883850097656,-0.0024682283401489,0.0033049299381673,-14.998651504516602,0.11,0.09,352.67,-0.0136449094861745,0.0147753125056624,-0.0011519101681187,0.07,0.07,0.05
63.19971,117845343,0.1137095019221305,0.0989207103848457,352.6883850097656,-0.0024444083683192,0.0032935859635472,-14.998615264892578,0.11,0.08,352.68,-0.0135485790669918,0.0150727042928338,-0.0012670230353251,0.07,0.08,0.05
63.29967,117945303,0.1136461794376373,0.0990731865167617,352.6883850097656,-0.0024494156241416,0.0033534478861838,-14.998577117919922,0.11,0.09,352.67,-0.0134615423157811,0.0153378453105688,-0.001207768684253,0.07,0.08,0.05
63.39963,118045263,0.1106460988521575,0.0986954346299171,352.6883850097656,-0.002423794241622,0.0034004990011453,-14.998547554016112,0.1,0.09,352.67,-0.0134274875745177,0.0155450254678726,-0.0014573767548426,0.07,0.08,0.05
63.49959,118145223,0.1056875437498092,0.0996593907475471,352.6883850097656,-0.0024179150350391,0.0034802423324435,-14.998627662658691,0.09,0.09,352.67,-0.0133771318942308,0.0156386960297822,-0.0013500092318281,0.07,0.08,0.05
63.59955,118245183,0.1027079820632934,0.1005327254533767,352.6883850097656,-0.0026111614424735,0.0035437867045402,-14.998774528503418,0.08,0.09,352.67,-0.0134753147140145,0.0154894832521677,-0.001240722136572,0.07,0.08,0.05
63.69951,118345143,0.1019406244158744,0.1000677123665809,352.6883850097656,-0.0029807216487824,0.0036288206465542,-14.998974800109863,0.08,0.09,352.67,-0.0137324631214141,0.015284395776689,-0.0012299588415771,0.07,0.08,0.05
63.79947,118445103,0.1025350987911224,0.0949274450540542,352.6883850097656,-0.0034292989876121,0.0036626535002142,-14.999227523803713,0.08,0.09,352.67,-0.0139400353655219,0.0150775862857699,-0.0013213395141065,0.07,0.08,0.05
63.89943,118545063,0.1052334010601043,0.0870074704289436,352.6883850097656,-0.0039783748798072,0.0037350722122937,-14.999488830566406,0.09,0.08,352.67,-0.0141053311526775,0.0150759220123291,-0.0011556489625945,0.07,0.08,0.05
63.99939,118645023,0.1069593951106071,0.0780467242002487,352.6883544921875,-0.0045157317072153,0.0037762571591883,-14.999736785888672,0.09,0.08,352.67,-0.0141093302518129,0.0151185290887951,-0.000656520423945,0.07,0.08,0.05
64.09935,118744983,0.1075797528028488,0.0700936838984489,352.6883544921875,-0.0050697079859673,0.0038610391784459,-14.999935150146484,0.09,0.07,352.67,-0.0140550145879387,0.0152248013764619,-0.0004720954457297,0.07,0.08,0.05
64.19931,118844943,0.1066255271434784,0.0625223964452743,352.6883544921875,-0.0055502215400338,0.0039147064089775,-15.00012493133545,0.09,0.06,352.67,-0.0137892123311758,0.0151945911347866,-0.0003856510738842,0.07,0.08,0.05
64.29927,118944903,0.1059077680110931,0.0574583299458026,352.6883544921875,-0.0059939986094832,0.0039970022626221,-15.000300407409668,0.09,0.05,352.67,-0.0134352166205644,0.0151697341352701,-2.36361738643609e-05,0.07,0.08,0.05
64.39923,119044863,0.1051939204335212,0.054716233164072,352.6883544921875,-0.0063445270061492,0.0040428200736641,-15.000449180603027,0.1,0.04,352.67,-0.012849592603743,0.0152147598564624,-4.229455953463912e-06,0.07,0.08,0.05
64.49919,119144823,0.105119377374649,0.0554160587489604,352.6883544921875,-0.0066406540572643,0.0041218977421522,-15.000592231750488,0.1,0.04,352.67,-0.0122237019240856,0.0152307283133268,0.0001121566019719,0.07,0.08,0.05
64.599983,119245616,0.1050302758812904,0.0567941591143608,352.6883544921875,-0.0068252268247306,0.0041865883395075,-15.000706672668455,0.1,0.04,352.67,-0.0116293905302882,0.0152887338772416,0.00049558194587,0.07,0.08,0.05
64.699943,119345576,0.1045090854167938,0.057336613535881,352.6883544921875,-0.0069357985630631,0.0042685912922024,-15.00080394744873,0.09,0.05,352.67,-0.011094344779849,0.0152947604656219,0.0005509280599653,0.07,0.08,0.05
64.799903,119445536,0.1044002398848533,0.0574498921632766,352.6883544921875,-0.0069744670763611,0.0043131643906235,-15.00090217590332,0.09,0.05,352.67,-0.0106464968994259,0.0152699071913957,0.0005492999916896,0.07,0.08,0.05
64.899863,119545496,0.1038511171936988,0.0610275641083717,352.6883544921875,-0.0069913826882839,0.0043790796771645,-15.000996589660645,0.09,0.05,352.68,-0.0102055864408612,0.015202666632831,0.0008269294630736,0.07,0.08,0.05
64.999823,119645456,0.1009694039821624,0.0672283768653869,352.6883544921875,-0.0069393734447658,0.0045759887434542,-15.001066207885742,0.09,0.06,352.68,-0.0098227569833397,0.015178183093667,0.0009042811580002,0.07,0.08,0.05
65.099783,119745416,0.0966264978051185,0.0748456418514251,352.6883544921875,-0.0068777007982134,0.0049083717167377,-15.001132011413574,0.09,0.06,352.67,-0.0095704877749085,0.0152675686404109,0.0009084958583116,0.07,0.08,0.05
65.199743,119845376,0.0941913947463035,0.0785504803061485,352.6883544921875,-0.006768696475774,0.0052840737625956,-15.00120449066162,0.09,0.07,352.67,-0.009473611600697,0.015305527485907,0.001015885034576,0.07,0.08,0.05
65.299703,119945336,0.0928003713488578,0.0798892751336097,352.6883544921875,-0.0066725770011544,0.005726012866944,-15.001261711120604,0.08,0.07,352.66,-0.0094232130795717,0.0153373386710882,0.0011198952561244,0.07,0.08,0.05
65.399663,120045296,0.0853738337755203,0.0801963582634925,352.6883544921875,-0.0065332897938787,0.0061593572609126,-15.001297950744627,0.08,0.07,352.66,-0.0093717956915497,0.0153717556968331,0.0012084271293133,0.07,0.08,0.05
65.499623,120145256,0.0760357081890106,0.081582486629486,352.6883544921875,-0.0064078876748681,0.0066233230754733,-15.001325607299805,0.08,0.08,352.67,-0.0094070481136441,0.0153822442516684,0.0011219361331313,0.07,0.08,0.05
65.599583,120245216,0.0670461133122444,0.0818218737840652,352.6883544921875,-0.0062570152804255,0.0070341606624424,-15.001337051391602,0.07,0.08,352.67,-0.009492770768702,0.0152399316430091,0.0013058732729405,0.07,0.08,0.05
65.699543,120345176,0.0609806738793849,0.0818658769130706,352.6883239746094,-0.0061537050642073,0.0074504516087472,-15.001346588134766,0.06,0.08,352.67,-0.0097311343997716,0.0149608803912997,0.0013204488204792,0.07,0.08,0.05
65.799503,120445136,0.0572640746831893,0.0809979438781738,352.6883239746094,-0.0060528679750859,0.0077707036398351,-15.001282691955566,0.06,0.08,352.67,-0.0099620763212442,0.014544952660799,0.0012559357564896,0.08,0.08,0.05
65.899463,120545096,0.0552441366016864,0.0794222503900528,352.6883239746094,-0.0059963157400488,0.0080496482551097,-15.001136779785156,0.06,0.08,352.67,-0.010129046626389,0.0141645213589072,0.0012997146695852,0.08,0.08,0.05
65.999423,120645056,0.0541402883827686,0.0778234675526619,352.6883239746094,-0.0057768123224377,0.0080726761370897,-15.000911712646484,0.06,0.07,352.67,-0.0101096257567405,0.0136259132996201,0.0012416064273566,0.08,0.08,0.05
66.099383,120745016,0.0550668090581893,0.0777631700038909,352.6883239746094,-0.0057800374925136,0.0082771023735404,-15.000658988952637,0.06,0.07,352.68,-0.01018185634166,0.0132301179692149,0.001216513919644,0.08,0.08,0.05
66.199343,120844976,0.0560042187571525,0.0775610283017158,352.6883239746094,-0.0057403710670769,0.0083645535632967,-15.00039291381836,0.05,0.07,352.67,-0.0102126980200409,0.0127720916643738,0.0009132656850852,0.08,0.08,0.05
66.299303,120944936,0.0563571341335773,0.076898768544197,352.6883239746094,-0.0057049356400966,0.0083950757980346,-15.000165939331056,0.05,0.07,352.67,-0.0101733496412634,0.0121899284422397,0.0002896322112064,0.08,0.08,0.05
66.399263,121044896,0.057695310562849,0.0770799219608306,352.6883239746094,-0.005635043606162,0.0083315381780266,-14.9999418258667,0.04,0.07,352.67,-0.0101672764867544,0.0115546891465783,0.000693675421644,0.08,0.08,0.05
66.499223,121144856,0.066168338060379,0.0799682363867759,352.6883239746094,-0.0055806990712881,0.008228663355112,-14.999703407287598,0.05,0.07,352.67,-0.0101904207840561,0.0109844533726572,0.0002191250387113,0.08,0.08,0.05
66.600016,121245649,0.0754071176052093,0.0824590250849723,352.6883544921875,-0.0054964064620435,0.0080723958089947,-14.999528884887695,0.06,0.07,352.67,-0.0102710491046309,0.010691437870264,-0.0002885056310333,0.08,0.08,0.05
66.699976,121345609,0.0823330953717231,0.0841683372855186,352.6883544921875,-0.0054196529090404,0.0079149631783366,-14.99937629699707,0.07,0.07,352.67,-0.0103319492191076,0.0105260238051414,-0.0001560023956699,0.08,0.08,0.05
66.799936,121445569,0.0869985148310661,0.0852753147482872,352.6883544921875,-0.0053141568787395,0.007721243891865,-14.999232292175291,0.08,0.07,352.68,-0.0103524187579751,0.0104752844199538,-0.0004156735085416,0.08,0.08,0.06
66.899896,121545529,0.0897072255611419,0.0861361324787139,352.6883544921875,-0.0052296882495284,0.0075550833716988,-14.99909496307373,0.08,0.07,352.68,-0.0103815998882055,0.010509287007153,-0.0002842257963493,0.08,0.08,0.06
66.999856,121645489,0.0916579067707061,0.0871851220726966,352.6883544921875,-0.0051175663247704,0.0073734810575842,-14.998964309692385,0.08,0.07,352.68,-0.0103110549971461,0.0105336736887693,-0.0006380093400366,0.08,0.08,0.06
67.099816,121745449,0.0923699811100959,0.0875685662031173,352.6883544921875,-0.0050219460390508,0.0072258971631526,-14.998879432678224,0.07,0.07,352.67,-0.0102688418701291,0.0105281267315149,-0.0009191036224365,0.08,0.08,0.06
67.199776,121845409,0.0929101034998893,0.0880018323659896,352.6883544921875,-0.004903448279947,0.0070406654849648,-14.99878978729248,0.08,0.07,352.67,-0.0102216284722089,0.0105349635705351,-0.0008079035906121,0.08,0.08,0.06
67.299736,121945369,0.0949096828699112,0.0901188105344772,352.6883544921875,-0.0048152129165828,0.0068798759020864,-14.99870491027832,0.08,0.07,352.68,-0.0102950045838952,0.0106133539229631,-0.001182991079986,0.08,0.08,0.06
67.399696,122045329,0.0975492969155311,0.0928404480218887,352.6883850097656,-0.0047127706930041,0.0067082298919558,-14.998637199401855,0.09,0.07,352.68,-0.0103043913841247,0.0108067672699689,-0.0010355626000091,0.08,0.08,0.06
67.499656,122145289,0.099189169704914,0.0951350852847099,352.6883850097656,-0.0046350671909749,0.0065815513953566,-14.998560905456545,0.09,0.07,352.67,-0.0102283293381333,0.0110025871545076,-0.0010828181402757,0.08,0.08,0.06
67.599616,122245249,0.1000162363052368,0.0972735807299614,352.6883850097656,-0.0045149032957851,0.0064461277797818,-14.998509407043455,0.08,0.08,352.67,-0.0101564601063728,0.0110849719494581,-0.0011904278071597,0.08,0.08,0.06
67.699576,122345209,0.1000790297985076,0.0984059423208236,352.6883850097656,-0.0044023878872394,0.0063316011801362,-14.998469352722168,0.08,0.08,352.67,-0.0102684507146477,0.0111110294237732,-0.0012022905284538,0.08,0.08,0.06
67.799536,122445169,0.1002351269125938,0.0988809987902641,352.6883850097656,-0.0042888303287327,0.0062016029842197,-14.998443603515623,0.07,0.09,352.67,-0.0104574766010046,0.011063527315855,-0.0014188343193382,0.08,0.08,0.06
67.899496,122545129,0.1018450185656547,0.09980209171772,352.6883850097656,-0.0042262603528797,0.0060941521078348,-14.99843978881836,0.08,0.1,352.67,-0.010844019241631,0.0111347949132323,-0.0015629781410098,0.08,0.08,0.06
67.999456,122645089,0.1038607880473136,0.0981908291578292,352.6883850097656,-0.0041775316931307,0.0059785270132124,-14.998456001281738,0.09,0.1,352.67,-0.0112550761550664,0.0112836314365267,-0.0015688145067542,0.08,0.08,0.06
68.099416,122745049,0.1048082783818245,0.0960415601730346,352.6883850097656,-0.0041952198371291,0.0059294141829013,-14.99853801727295,0.09,0.1,352.67,-0.0116110770031809,0.0116551173850893,-0.0015479666180908,0.08,0.08,0.06
68.199376,122845009,0.1049372553825378,0.0942879915237426,352.6883850097656,-0.0042152609676122,0.005879106465727,-14.998737335205078,0.1,0.1,352.67,-0.0118609005585312,0.011965062469244,-0.0016787481727078,0.08,0.08,0.06
68.299336,122944969,0.104744903743267,0.0929659381508827,352.6883850097656,-0.0042843450792133,0.0058875912800431,-14.998953819274902,0.1,0.09,352.67,-0.0121262809261679,0.0123989582061767,-0.0013085616519674,0.08,0.08,0.06
68.399296,123044929,0.1021045744419097,0.0888993293046951,352.6883850097656,-0.0041272919625043,0.0059128990396857,-14.999211311340332,0.1,0.08,352.67,-0.0121423527598381,0.0127237578853964,-0.0013863660860806,0.08,0.08,0.06
68.499256,123144889,0.0983961969614029,0.0866140872240066,352.6883544921875,-0.003852796042338,0.0059998915530741,-14.999472618103027,0.1,0.07,352.67,-0.0119916023686528,0.0130554661154747,-0.0009328640880994,0.08,0.08,0.06
68.599216,123244849,0.0932855382561683,0.0891783386468887,352.6883544921875,-0.0034562856890261,0.0060754544101655,-14.999715805053713,0.08,0.07,352.67,-0.0117252869531512,0.013212745077908,-0.0008756729075685,0.08,0.08,0.06
68.700009,123345642,0.0891701653599739,0.0969203189015388,352.6883544921875,-0.0030437489040195,0.0061861597932875,-14.99995231628418,0.07,0.08,352.67,-0.0116185965016484,0.0131947351619601,-0.0007017063326202,0.08,0.08,0.06
68.799969,123445602,0.0867601633071899,0.1043139919638633,352.6883850097656,-0.0025587929412722,0.0062638423405587,-15.000155448913574,0.07,0.09,352.68,-0.0116103254258632,0.0131281018257141,-0.0003092459228355,0.08,0.08,0.06
68.899929,123545562,0.0852695405483245,0.1108814924955368,352.6883850097656,-0.0020973794162273,0.0063605974428355,-15.00031852722168,0.07,0.1,352.68,-0.01173288654536,0.0130731342360377,-0.0002295171289006,0.08,0.08,0.06
68.999889,123645522,0.0842889994382858,0.1161568686366081,352.6883850097656,-0.001648242585361,0.0064144898205995,-15.00047492980957,0.07,0.1,352.67,-0.0119829420000314,0.0130521822720766,-6.503797976620263e-06,0.08,0.08,0.06
69.099849,123745482,0.0836779475212097,0.1196229681372642,352.6883850097656,-0.0012784759746864,0.0064786118455231,-15.00058937072754,0.07,0.11,352.67,-0.0123504372313618,0.0130529943853616,0.0003858086711261,0.08,0.08,0.06
69.199809,123845442,0.083302266895771,0.1216752901673317,352.6883850097656,-0.0009307204163633,0.0065032895654439,-15.00069522857666,0.07,0.11,352.67,-0.0127313621342182,0.0129795679822564,0.0004823157214559,0.08,0.08,0.06
69.299769,123945402,0.0828190073370933,0.1224905401468277,352.6883850097656,-0.0006663116510026,0.0065432637929916,-15.00080394744873,0.07,0.11,352.67,-0.0131411617621779,0.0129863582551479,0.0004290389479137,0.08,0.08,0.06
69.399729,124045362,0.0826999172568321,0.1228409335017204,352.6883850097656,-0.000432005530456,0.0065541788935661,-15.000908851623535,0.08,0.11,352.68,-0.013529185205698,0.0129784969612956,0.0007305892650038,0.08,0.08,0.06
69.499689,124145322,0.0826999172568321,0.1228409335017204,352.6883850097656,-0.0002898465318139,0.0065907244570553,-15.000990867614746,0.07,0.12,352.68,-0.013984334655106,0.0130392462015151,0.000811387610156,0.08,0.08,0.06
69.599649,124245282,0.0819367989897728,0.1213249638676643,352.6883850097656,-0.000179843395017,0.0066017382778227,-15.001066207885742,0.07,0.12,352.68,-0.0143986986950039,0.0130110150203108,0.0008303954382427,0.08,0.08,0.06
69.699609,124345242,0.081179492175579,0.118810199201107,352.6883850097656,-0.0001645528245717,0.0066342120990157,-15.001140594482422,0.07,0.12,352.67,-0.0149469673633575,0.012971150688827,0.0009444194729439,0.08,0.08,0.06
69.799569,124445202,0.0805224627256393,0.1137249544262886,352.6883850097656,-0.0001705481263343,0.006625500973314,-15.001193046569824,0.07,0.11,352.67,-0.0153932133689522,0.0129271699115633,0.0010281790746375,0.08,0.08,0.06
69.899529,124545162,0.0806337893009185,0.1085690408945083,352.6883544921875,-0.0002658614539541,0.0066462359391152,-15.001232147216797,0.07,0.1,352.68,-0.0157022792845964,0.0128641771152615,0.0010259154951199,0.08,0.08,0.06
69.999489,124645122,0.081243872642517,0.1040387004613876,352.6883544921875,-0.0003413338272366,0.006635885220021,-15.001263618469238,0.07,0.1,352.68,-0.015889536589384,0.0128386029973626,0.0012565613724291,0.08,0.08,0.06
70.099449,124745082,0.0819937139749527,0.1009508743882179,352.6883544921875,-0.0004503854725044,0.0066523631103336,-15.001273155212402,0.08,0.08,352.68,-0.0158793199807405,0.0128057021647691,0.0012885006144642,0.08,0.08,0.06
70.199409,124845042,0.0825284346938133,0.0998798608779907,352.6883544921875,-0.0005381862283684,0.0066314348950982,-15.001218795776367,0.07,0.07,352.68,-0.0156635977327823,0.0127486186102032,0.0012351761106401,0.08,0.08,0.06
70.299369,124945002,0.0829831436276435,0.0999230816960334,352.6883544921875,-0.0006178289768286,0.0066037811338901,-15.001070976257324,0.08,0.07,352.67,-0.0153637221083045,0.0126764299347996,0.0013305231695994,0.08,0.08,0.06
70.399329,125044962,0.0831020325422287,0.0999853610992431,352.6883544921875,-0.0006417162367142,0.0065406644716858,-15.000855445861816,0.08,0.08,352.67,-0.0150962546467781,0.012648937292397,0.0013650272740051,0.08,0.08,0.06
70.499289,125144922,0.0831020325422287,0.0999853610992431,352.6883544921875,-0.0006813903455622,0.0065025514923036,-15.000605583190918,0.09,0.08,352.68,-0.014929044060409,0.0127420183271169,0.0011257920414209,0.08,0.08,0.06
70.599249,125244882,0.0831020325422287,0.0999853610992431,352.6883544921875,-0.0006836530519649,0.0064481440931558,-15.000365257263184,0.08,0.08,352.68,-0.0147318067029118,0.0128171602264046,0.0009713802719488,0.08,0.08,0.06
70.699209,125344842,0.083591029047966,0.1033099219202995,352.6883544921875,-0.0007078133639879,0.0064265304245054,-15.000120162963867,0.08,0.07,352.68,-0.0145803140476346,0.0128316786140203,0.0006864595925435,0.08,0.08,0.06
70.800002,125445635,0.0836765989661216,0.1078704223036766,352.6883850097656,-0.0006828031619079,0.0063844565302133,-14.999910354614258,0.07,0.08,352.68,-0.0143932485952973,0.0128044607117772,0.0002262114139739,0.08,0.08,0.06
70.899962,125545595,0.0842967927455902,0.1128080263733863,352.6883850097656,-0.0006620055646635,0.0063511501066386,-14.999712944030762,0.07,0.09,352.68,-0.0144013985991477,0.0127860615029931,9.143475472228602e-05,0.08,0.08,0.06
70.999922,125645555,0.0851065069437027,0.1158250048756599,352.6883850097656,-0.0006210926221683,0.0061130076646804,-14.99954891204834,0.07,0.1,352.68,-0.0145504847168922,0.0126041006296873,-0.0001096131309168,0.08,0.08,0.06
71.099882,125745515,0.0873039588332176,0.1170340031385421,352.6883850097656,-0.0006360204424709,0.0057803466916084,-14.999388694763184,0.07,0.11,352.68,-0.0148322004824876,0.012347113341093,-0.0001216447781189,0.08,0.08,0.06
71.199842,125845475,0.0935445949435234,0.1151290461421012,352.6883850097656,-0.0006646337569691,0.005336542148143,-14.99924087524414,0.08,0.11,352.67,-0.0151339909061789,0.0122063821181654,-0.0003442461893428,0.08,0.08,0.06
71.299802,125945435,0.1025705561041832,0.1125721037387847,352.6883850097656,-0.0007704967283643,0.0048877117224037,-14.999120712280272,0.08,0.11,352.67,-0.0155330672860145,0.012211475521326,-0.0004614451318047,0.08,0.08,0.06
71.399762,126045395,0.1097468882799148,0.1077845692634582,352.6883850097656,-0.0008967574103735,0.0044025811366736,-14.99899196624756,0.09,0.11,352.67,-0.0159312840551137,0.0122279757633805,-0.0004095153708476,0.08,0.08,0.06
71.499722,126145355,0.1161587759852409,0.1039167344570159,352.6883850097656,-0.0010947408154606,0.0039597419090569,-14.998871803283691,0.09,0.11,352.67,-0.0161616262048482,0.012326274998486,-0.0007626445149071,0.08,0.08,0.06
71.599682,126245315,0.1224345788359642,0.0980966761708259,352.6883850097656,-0.0012700769584625,0.0035076481290161,-14.998798370361328,0.1,0.1,352.67,-0.0163825992494821,0.012486252002418,-0.0012080107117071,0.08,0.08,0.06
71.699642,126345275,0.128231331706047,0.0934556424617767,352.6883850097656,-0.001480541890487,0.0031286063604056,-14.998753547668455,0.11,0.09,352.67,-0.0164042748510837,0.0129026249051094,-0.0010102438973262,0.08,0.08,0.06
71.799602,126445235,0.131086841225624,0.0884515047073364,352.6883850097656,-0.0016490161651745,0.0027725084219127,-14.998682022094728,0.12,0.08,352.67,-0.0162124205380678,0.0133604556322097,-0.0013320833677425,0.08,0.08,0.06
71.899562,126545195,0.1324150711297989,0.0866985842585563,352.6883850097656,-0.001814060145989,0.0025049073155969,-14.998635292053224,0.12,0.08,352.67,-0.0159432515501976,0.0139520745724439,-0.0011472925543785,0.08,0.08,0.06
71.999522,126645155,0.1330461353063583,0.0863665342330932,352.6883850097656,-0.0019254612270742,0.0022918775212019,-14.998555183410645,0.12,0.08,352.68,-0.0156040312722325,0.0145717244595289,-0.001317112124525,0.08,0.08,0.06
72.099482,126745115,0.1331660747528076,0.0863034203648567,352.6883850097656,-0.0020428849384188,0.0021836012601852,-14.998515129089355,0.12,0.08,352.68,-0.0153275523334741,0.0151134394109249,-0.0016225249273702,0.08,0.08,0.06
72.199442,126845075,0.1292953640222549,0.086753025650978,352.6883850097656,-0.0020820875652134,0.0021232028957456,-14.998483657836914,0.11,0.08,352.67,-0.0150042884051799,0.0155818127095699,-0.001423625042662,0.08,0.08,0.06
72.299402,126945035,0.1231950893998146,0.0904646515846252,352.6883850097656,-0.0019924729131162,0.0020255660638213,-14.998431205749512,0.11,0.08,352.67,-0.0147478394210338,0.015948474407196,-0.0012389080366119,0.08,0.08,0.06
72.399362,127044995,0.1161847114562988,0.0926481485366821,352.6883850097656,-0.002032914198935,0.0021171127445995,-14.99838161468506,0.1,0.08,352.67,-0.0145860882475972,0.0162717588245868,-0.0011943891877308,0.08,0.08,0.06
72.499322,127144955,0.1106228753924369,0.0931621417403221,352.6883850097656,-0.0020788479596376,0.0022333285305649,-14.998435974121094,0.09,0.08,352.67,-0.0145268263295292,0.0163318756967782,-0.0013475167797878,0.08,0.08,0.06
72.599282,127244915,0.1077507808804512,0.0930977910757064,352.6883850097656,-0.0020778274629265,0.0022855075076222,-14.998589515686035,0.08,0.08,352.67,-0.0144557571038603,0.0162724200636148,-0.0014513731002807,0.08,0.08,0.06
72.699242,127344875,0.1063871011137962,0.0928219258785247,352.6883850097656,-0.0020956483203917,0.0023425521794706,-14.998812675476074,0.08,0.08,352.67,-0.0143468277528882,0.0161613896489143,-0.0014456893550232,0.08,0.08,0.06
72.799202,127444835,0.1059115007519722,0.0927566811442375,352.6883850097656,-0.0020633141975849,0.0023627900518476,-14.999068260192873,0.09,0.07,352.67,-0.0140944458544254,0.0161082278937101,-0.0014362769434228,0.08,0.08,0.06
72.899995,127545628,0.1070656478404998,0.0958513915538787,352.6883850097656,-0.0020549872424453,0.0024427080061286,-14.999341011047363,0.1,0.08,352.67,-0.0139064341783523,0.0162026770412921,-0.0010809282539412,0.08,0.08,0.06
72.999955,127645588,0.1071080043911933,0.0992920622229576,352.6883850097656,-0.0019985227845609,0.0024915898684412,-14.99958610534668,0.11,0.08,352.67,-0.0138121070340275,0.0163814891129732,-0.0008931542979553,0.08,0.08,0.06
73.099915,127745548,0.1044472530484199,0.1009867638349533,352.6883850097656,-0.001978934276849,0.0026037485804408,-14.999821662902832,0.12,0.09,352.67,-0.0138197196647524,0.0167443249374628,-0.0007519373903051,0.08,0.08,0.06
73.199875,127845508,0.100364550948143,0.1007090508937835,352.6883850097656,-0.0019189509330317,0.0027143717743456,-15.000042915344238,0.11,0.09,352.67,-0.0137977190315723,0.0171007644385099,-0.0006562925991602,0.08,0.08,0.06
73.299835,127945468,0.0955267921090126,0.1011255457997322,352.6883850097656,-0.0018773494521155,0.0028825923800468,-15.000226974487305,0.1,0.09,352.68,-0.0137774124741554,0.0173984318971633,-0.0003630824794527,0.08,0.08,0.06
73.399795,128045428,0.0897678881883621,0.1012026965618133,352.6883850097656,-0.001802358077839,0.0030351432505995,-15.000395774841309,0.09,0.1,352.67,-0.0138612082228064,0.0174578260630369,-0.0002571427903603,0.08,0.08,0.06
73.499755,128145388,0.0853661000728607,0.1007783710956573,352.6883544921875,-0.001775357290171,0.0032187097240239,-15.0005521774292,0.08,0.1,352.67,-0.0140659539029002,0.0174200404435396,-5.825917105539702e-05,0.08,0.08,0.06
73.599715,128245348,0.0826196819543838,0.099523164331913,352.6883544921875,-0.0017500463873147,0.0033435781951993,-15.0006742477417,0.07,0.1,352.67,-0.0142173720523715,0.0171646568924188,0.0003374600200913,0.08,0.08,0.06
73.699675,128345308,0.0816860496997833,0.0983649268746376,352.6883544921875,-0.0017812859732657,0.0034651749301701,-15.000773429870604,0.07,0.09,352.67,-0.0143186151981353,0.0168073698878288,0.0005552861839532,0.08,0.08,0.06
73.799635,128445268,0.0827602669596672,0.0983098521828651,352.6883544921875,-0.0017915844218805,0.0035129436291754,-15.000872611999512,0.07,0.09,352.67,-0.0143997343257069,0.0164138600230216,0.0004708936612587,0.08,0.08,0.06
73.899595,128545228,0.083100602030754,0.0982923954725265,352.6883544921875,-0.0018329414306208,0.0035394849255681,-15.000971794128418,0.07,0.09,352.68,-0.0145203145220875,0.0159763637930154,0.0007341309683397,0.08,0.08,0.06
73.999555,128645188,0.0832614228129386,0.0982299968600273,352.6883544921875,-0.001882224692963,0.0035225052852183,-15.001049041748049,0.07,0.1,352.68,-0.0146212391555309,0.0156176798045635,0.0008203638135455,0.08,0.08,0.06
74.099515,128745148,0.0901525989174842,0.096713051199913,352.6883544921875,-0.0019929287955164,0.003517068689689,-15.00112533569336,0.08,0.1,352.68,-0.0148820811882615,0.0153578547760844,0.0007998351939022,0.08,0.08,0.06
74.199475,128845108,0.0967709049582481,0.091920331120491,352.6883850097656,-0.0020919626113027,0.0034583823289722,-15.00119686126709,0.08,0.09,352.67,-0.0150439050048589,0.0152000924572348,0.0011119161499664,0.08,0.08,0.06
74.299435,128945068,0.1004252433776855,0.0874050259590148,352.6883544921875,-0.0022300193086266,0.003423596965149,-15.001242637634276,0.09,0.08,352.67,-0.0150565356016159,0.0151423355564475,0.0011792727746069,0.08,0.08,0.06
74.399395,129045028,0.1017554476857185,0.0857629105448722,352.6883544921875,-0.0023388329427689,0.0033754133619368,-15.001275062561035,0.09,0.08,352.67,-0.0149243753403425,0.0150948427617549,0.0011698746820911,0.08,0.08,0.06
74.499355,129144988,0.1022388190031051,0.0851662009954452,352.6883544921875,-0.0024401065893471,0.0033494429662823,-15.001312255859377,0.09,0.08,352.68,-0.0147359101101756,0.0151413269340991,0.0011184498434886,0.08,0.08,0.06
74.599315,129244948,0.1023441404104232,0.0850361809134483,352.6883544921875,-0.0024822873529046,0.0032991685438901,-15.001322746276855,0.09,0.07,352.68,-0.0144841698929667,0.0151249626651406,0.0013748802011832,0.08,0.08,0.06
74.699275,129344908,0.1023441404104232,0.0850361809134483,352.6883544921875,-0.0025240217801183,0.0032870911527425,-15.001320838928224,0.09,0.06,352.68,-0.0141057269647717,0.0151290101930499,0.001392449135892,0.08,0.08,0.06
74.799235,129444868,0.1023724824190139,0.085101380944252,352.6883544921875,-0.0024906357284635,0.0032399632036685,-15.001324653625488,0.09,0.06,352.67,-0.0135486191138625,0.0150355054065585,0.0013006599619984,0.08,0.08,0.06
74.899195,129544828,0.1054296791553497,0.0920202955603599,352.6883850097656,-0.002446656813845,0.003224886721,-15.001283645629885,0.1,0.07,352.67,-0.0131799541413784,0.0151024563238024,0.0011925406288355,0.08,0.08,0.06
74.999988,129645621,0.1074431017041206,0.0989187583327293,352.6883850097656,-0.0023555511143058,0.003219906007871,-15.001141548156738,0.1,0.08,352.67,-0.0129698980599641,0.0152296209707856,0.0012346741277724,0.08,0.08,0.06
75.099948,129745581,0.1076522320508956,0.1041680127382278,352.6883850097656,-0.0022773190867155,0.0032774619758129,-15.000935554504396,0.11,0.09,352.68,-0.0129607794806361,0.0155738862231373,0.0012919913278892,0.08,0.08,0.06
75.199908,129845541,0.1040597409009933,0.1067422032356262,352.6883850097656,-0.0021801157854497,0.0033362966496497,-15.000697135925291,0.1,0.1,352.68,-0.013051769696176,0.0158200059086084,0.0010113678872585,0.08,0.09,0.06
75.299868,129945501,0.1011649072170257,0.1079125106334686,352.6883850097656,-0.0021377052180469,0.0034476115833967,-15.000438690185549,0.09,0.1,352.68,-0.013250614516437,0.0159353725612163,0.0011609302600845,0.08,0.09,0.07
75.399828,130045461,0.0983297824859619,0.1063204631209373,352.6883850097656,-0.0020955798681825,0.0035394800361245,-15.000164985656738,0.09,0.1,352.68,-0.0135476421564817,0.0159268770366907,0.001059909700416,0.08,0.09,0.07
75.499788,130145421,0.0961776375770568,0.10370734333992,352.6883850097656,-0.0021216478198766,0.003672839840874,-14.999907493591309,0.08,0.11,352.67,-0.0139140645042061,0.0159464254975318,0.0005891931941732,0.08,0.09,0.07
75.599748,130245381,0.0944070592522621,0.099235676229,352.6883850097656,-0.0021460654679685,0.0037658801302313,-14.999709129333496,0.07,0.1,352.67,-0.0142858736217021,0.0158092528581619,6.968271918594837e-05,0.08,0.09,0.07
75.699708,130345341,0.0940360054373741,0.0947823300957679,352.6883850097656,-0.0022280919365584,0.0038748898077756,-14.999547958374023,0.07,0.09,352.67,-0.0145114744082093,0.0156095745041966,0.0001264999737031,0.08,0.09,0.07
75.799668,130445301,0.0950374081730842,0.0909511223435401,352.6883544921875,-0.0022894130088388,0.0039259381592273,-14.999381065368652,0.07,0.08,352.67,-0.0145440232008695,0.0153080392628908,-7.526323315687478e-05,0.08,0.09,0.07
75.899628,130545261,0.0975071936845779,0.0885643437504768,352.6883544921875,-0.0023763021454215,0.0039786617271602,-14.999244689941406,0.07,0.07,352.67,-0.014411749318242,0.0150277679786086,-0.0003961094189435,0.08,0.09,0.07
75.999588,130645221,0.0994432941079139,0.0879051312804222,352.6883544921875,-0.0023880507797002,0.0039498982951045,-14.999127388000488,0.08,0.07,352.67,-0.0139872999861836,0.0147824566811323,-0.0006233762251213,0.08,0.09,0.07
76.099548,130745181,0.1017291620373725,0.0906812250614166,352.6883850097656,-0.0024021759163588,0.0039505241438746,-14.999040603637695,0.09,0.07,352.67,-0.0136629426851868,0.0147875379770994,-0.0007961113005876,0.08,0.09,0.07
76.199508,130845141,0.103206917643547,0.0945909619331359,352.6883850097656,-0.0023673702962696,0.0039244322106242,-14.998947143554688,0.1,0.08,352.67,-0.0134308207780122,0.0148882064968347,-0.0009071209351532,0.08,0.09,0.07
76.299468,130945101,0.1032778695225715,0.0979377776384353,352.6883850097656,-0.00235685124062,0.0039554042741656,-14.998870849609377,0.1,0.08,352.68,-0.0133676780387759,0.0152015537023544,-0.0009932057000696,0.08,0.09,0.07
76.399428,131045061,0.1021419018507003,0.1003883928060531,352.6883850097656,-0.002532230457291,0.0039849914610385,-14.998779296875,0.1,0.09,352.68,-0.0134578784927725,0.015371804125607,-0.000933822710067,0.08,0.09,0.07
76.499388,131145021,0.1009247303009033,0.1007487550377845,352.6883850097656,-0.0028710612095892,0.0040551577694714,-14.998708724975586,0.09,0.09,352.67,-0.0137590402737259,0.0155424047261476,-0.0013041488127782,0.08,0.09,0.07
76.599348,131244981,0.097536876797676,0.0939016714692115,352.6883850097656,-0.0032874222379177,0.0040903161279857,-14.998656272888184,0.08,0.09,352.67,-0.0139583637937903,0.0155978053808212,-0.0011710682883858,0.08,0.09,0.07
76.699308,131344941,0.0956602394580841,0.0855013132095336,352.6883544921875,-0.0037830402143299,0.0041469000279903,-14.99860954284668,0.08,0.08,352.67,-0.014051673002541,0.0155064342543482,-0.0012220246717333,0.08,0.09,0.07
76.799268,131444901,0.0954664498567581,0.0768158882856369,352.6883544921875,-0.0042734532617032,0.0041461172513663,-14.998567581176758,0.08,0.08,352.68,-0.0141528993844985,0.0153428614139556,-0.001148410141468,0.08,0.09,0.07
76.899228,131544861,0.0976557880640029,0.0696431919932365,352.6883544921875,-0.0047902064397931,0.0041574356146156,-14.99853801727295,0.08,0.08,352.67,-0.0141252009198069,0.0152251785621047,-0.0013364098267629,0.08,0.09,0.07
77.000021,131645654,0.0999385267496109,0.0617640241980552,352.6883544921875,-0.0051351124420762,0.0039243171922862,-14.99850845336914,0.09,0.06,352.67,-0.0138391181826591,0.0150372870266437,-0.0013881151098757,0.08,0.09,0.07
77.099981,131745614,0.1015858948230743,0.0567804276943206,352.6883544921875,-0.0056328885257244,0.0040108216926455,-14.998496055603027,0.1,0.05,352.68,-0.0135110504925251,0.0152230476960539,-0.0013561472296714,0.08,0.09,0.07
77.199941,131845574,0.1007111594080925,0.0530730932950973,352.6883544921875,-0.0060306442901492,0.0040514557622373,-14.998555183410645,0.1,0.05,352.68,-0.0130196148529648,0.015354111790657,-0.0012440745485946,0.08,0.09,0.07
77.299901,131945534,0.0987471416592598,0.0507800839841365,352.6883239746094,-0.006377634126693,0.0041185300797224,-14.99870777130127,0.09,0.05,352.68,-0.0125439465045928,0.0153912967070937,-0.0013106979895383,0.08,0.09,0.07
77.399861,132045494,0.0981007367372512,0.0511308051645755,352.6883239746094,-0.0066036744974553,0.0041329287923872,-14.99892234802246,0.09,0.05,352.67,-0.0120302336290478,0.0153621789067983,-0.0014573760563507,0.08,0.09,0.07
77.499821,132145454,0.0979717150330543,0.051200795918703,352.6883239746094,-0.0067665018141269,0.0041653485968708,-14.999180793762209,0.09,0.05,352.67,-0.0115901911631226,0.0153523441404104,-0.001259058015421,0.08,0.09,0.07
77.599781,132245414,0.0979717150330543,0.051200795918703,352.6883239746094,-0.0068454691208899,0.0041683670133352,-14.999432563781738,0.09,0.05,352.67,-0.0110607715323567,0.0152387553825974,-0.0010791310342028,0.08,0.09,0.07
77.699741,132345374,0.0985359847545623,0.0544677078723907,352.6883544921875,-0.0068886298686265,0.0041995388455688,-14.99968433380127,0.08,0.05,352.67,-0.010576494038105,0.015096016228199,-0.0010036540916189,0.08,0.09,0.07
77.799701,132445334,0.0983301028609275,0.0603012405335903,352.6883544921875,-0.0068583618849515,0.0041729104705154,-14.999919891357422,0.08,0.05,352.67,-0.0101610207930207,0.0149689530953764,-0.000588925788179,0.09,0.09,0.07
77.899661,132545294,0.0979967415332794,0.0643527954816818,352.6883544921875,-0.0068065873347222,0.0041620312258601,-15.000142097473145,0.08,0.05,352.68,-0.009762997739017,0.0148941297084093,-0.0005736412131227,0.09,0.09,0.07
77.999621,132645254,0.0980342105031013,0.0699940770864486,352.6883544921875,-0.0066850464791059,0.0042828824371099,-15.000335693359377,0.08,0.05,352.67,-0.0093832435086369,0.0148032959550619,-0.000148653765791,0.09,0.09,0.07
78.099581,132745214,0.0973265692591667,0.0752377808094024,352.6883544921875,-0.0065482798963785,0.0045209759846329,-15.000473976135254,0.09,0.06,352.67,-0.0091402037069201,0.0147899948060512,0.0002004200359806,0.09,0.09,0.07
78.199541,132845174,0.0947192385792732,0.0801615938544273,352.6883544921875,-0.0063717905431985,0.0048242718912661,-15.000609397888184,0.09,0.07,352.67,-0.0089759277179837,0.0149431694298982,0.0001895001332741,0.09,0.09,0.07
78.299501,132945134,0.0899127200245857,0.0841060578823089,352.6883544921875,-0.0062045934610068,0.0052160238847136,-15.000738143920898,0.09,0.07,352.67,-0.0089479722082614,0.0151394810527563,0.0004238761612214,0.09,0.09,0.07
78.399461,133045094,0.0820581167936325,0.0870544910430908,352.6883544921875,-0.0060082701966166,0.0056067039258778,-15.000835418701172,0.08,0.07,352.67,-0.008985036984086,0.0151567542925477,0.0006194360903464,0.09,0.09,0.07
78.499421,133145054,0.075626865029335,0.0890184193849563,352.6883544921875,-0.0058352090418338,0.0060371272265911,-15.000926971435549,0.07,0.07,352.67,-0.0089754918590188,0.0150311207398772,0.0006984037463553,0.09,0.09,0.07
78.599381,133245014,0.0710996761918068,0.0907358974218368,352.6883544921875,-0.0056380569003522,0.0064013954252004,-15.001005172729492,0.06,0.08,352.67,-0.0090141016989946,0.0147380931302905,0.0005163165624253,0.09,0.09,0.07
78.699341,133344974,0.0690271407365799,0.0918241366744041,352.6883544921875,-0.0054753101430833,0.006743811070919,-15.001053810119627,0.05,0.08,352.67,-0.009165184572339,0.0143432635813951,0.0009204039233736,0.09,0.09,0.07
78.799301,133444934,0.0682878270745277,0.0924819782376289,352.6883544921875,-0.0053078578785061,0.0069940453395247,-15.001083374023438,0.05,0.08,352.67,-0.0093355607241392,0.0139109212905168,0.000952529371716,0.09,0.09,0.07
78.899261,133544894,0.0680683627724647,0.0926772132515907,352.6883544921875,-0.0051877433434128,0.0072093801572918,-15.001120567321776,0.06,0.08,352.68,-0.0095691932365298,0.0135059058666229,0.0009227912523783,0.09,0.09,0.07
78.999221,133644854,0.0680683627724647,0.0926772132515907,352.6883544921875,-0.0050679366104304,0.0073359296657145,-15.00113010406494,0.06,0.08,352.68,-0.0098228240385651,0.0130873676389455,0.0012525237398222,0.09,0.09,0.07
79.100014,133745647,0.0684410408139228,0.0927943214774131,352.6883544921875,-0.0050114691257476,0.0074422573670744,-15.001131057739258,0.06,0.09,352.68,-0.0102287670597434,0.0127041023224592,0.001208817702718,0.09,0.09,0.07
79.199974,133845607,0.0687203407287597,0.0928817018866539,352.6883544921875,-0.0049561876803636,0.0074754110537469,-15.00114631652832,0.06,0.09,352.67,-0.0106094544753432,0.0123580750077962,0.0009460789733566,0.09,0.09,0.07
79.299934,133945567,0.072130262851715,0.0917322039604187,352.6883544921875,-0.0049616224132478,0.0075016436167061,-15.001121520996094,0.05,0.09,352.67,-0.0110189281404018,0.0120297539979219,0.0011136208195239,0.09,0.09,0.07
79.399894,134045527,0.0781125351786613,0.0861241072416305,352.6883544921875,-0.0049769403412938,0.0074637797661125,-15.000985145568848,0.06,0.08,352.67,-0.011279672384262,0.0116840787231922,0.0011124401353299,0.09,0.09,0.07
79.499854,134145487,0.0853381305932998,0.0817599296569824,352.6883544921875,-0.0050386367365717,0.0074144531972706,-15.000789642333984,0.06,0.07,352.68,-0.0114191491156816,0.0113920513540506,0.0010692435316741,0.09,0.09,0.07
79.599814,134245447,0.0897689834237098,0.0791530385613441,352.6883544921875,-0.0050728726200759,0.0073085925541818,-15.00054931640625,0.07,0.07,352.68,-0.0113793388009071,0.0112375589087605,0.0011621123412624,0.09,0.09,0.07
79.699774,134345407,0.0929681062698364,0.0781618878245353,352.6883544921875,-0.0051072970964014,0.0072157839313149,-15.000308990478516,0.08,0.06,352.68,-0.0111595606431365,0.0112672979012131,0.0005775731988251,0.09,0.09,0.07
79.799734,134445367,0.0942443013191223,0.0791367888450622,352.6883544921875,-0.0050946972332894,0.0071082804352045,-15.000080108642578,0.09,0.06,352.68,-0.010980861261487,0.011322502978146,0.0006769766914658,0.09,0.09,0.07
79.899694,134545327,0.0943010598421096,0.0805794298648834,352.6883544921875,-0.0050855069421231,0.0070459223352372,-14.99984645843506,0.09,0.07,352.68,-0.0108555881306529,0.0115978941321372,0.0002764622622635,0.09,0.09,0.07
79.999654,134645287,0.0940685421228408,0.0811767280101776,352.6883544921875,-0.0050321584567427,0.0069895517081022,-14.999674797058104,0.1,0.08,352.68,-0.0108014764264225,0.0118925385177135,-0.0001068044002749,0.09,0.09,0.07
80.099614,134745247,0.0936348214745521,0.0814543068408966,352.6883544921875,-0.0049957442097365,0.0069905770942568,-14.999507904052734,0.09,0.08,352.67,-0.0108699640259146,0.0122530162334442,-0.0001041132491081,0.09,0.09,0.07
80.199574,134845207,0.0924345627427101,0.0814690738916397,352.6883544921875,-0.0049301283434033,0.0069753378629684,-14.999372482299805,0.09,0.08,352.67,-0.0108965951949357,0.012453387491405,-0.0003263704711571,0.09,0.09,0.07
80.299534,134945167,0.0875998958945274,0.0831990092992782,352.6883544921875,-0.0048998342826962,0.0070092813111841,-14.999237060546877,0.09,0.08,352.67,-0.010992675088346,0.0126546127721667,-0.0003234129108022,0.09,0.09,0.07
80.399494,135045127,0.0831289440393447,0.0840257480740547,352.6883544921875,-0.004849943332374,0.0070155188441276,-14.999125480651855,0.08,0.08,352.68,-0.0110294129699468,0.0127492863684892,-0.0008042315021157,0.09,0.09,0.07
80.499454,135145087,0.0799742043018341,0.0842757821083068,352.6883544921875,-0.0048232739791274,0.0070450161583721,-14.999029159545898,0.08,0.07,352.68,-0.011030456982553,0.0127873700112104,-0.000601434148848,0.09,0.09,0.07
80.599414,135245047,0.0779336020350456,0.0856538265943527,352.6883544921875,-0.0047762207686901,0.0070483824238181,-14.998924255371094,0.07,0.07,352.68,-0.0108851715922355,0.0126839950680732,-0.0008429430890828,0.09,0.09,0.07
80.699374,135345007,0.0771920755505561,0.0861545950174331,352.6883544921875,-0.004729728680104,0.0070497505366802,-14.998830795288086,0.07,0.07,352.67,-0.0108222877606749,0.0126197421923279,-0.0007494979654438,0.09,0.09,0.07
80.799334,135444967,0.0769936293363571,0.0862886235117912,352.6883544921875,-0.0046426225453615,0.0070124426856637,-14.99874210357666,0.07,0.07,352.68,-0.0107760969549417,0.0124918799847364,-0.0011022151447832,0.09,0.09,0.07
80.899294,135544927,0.0769936293363571,0.0862886235117912,352.6883544921875,-0.0045634359121322,0.0069864788092672,-14.998692512512209,0.07,0.07,352.68,-0.0107208555564284,0.0123673379421234,-0.0012284239055588,0.09,0.09,0.07
80.999254,135644887,0.0769936293363571,0.0862886235117912,352.6883544921875,-0.0044513568282127,0.0069281691685318,-14.998640060424805,0.07,0.07,352.68,-0.0106558594852685,0.012289079837501,-0.0012171341804787,0.09,0.09,0.07
81.099214,135744847,0.0789448395371437,0.0898203626275062,352.6883544921875,-0.0043590958230197,0.0068868421949446,-14.998611450195312,0.07,0.07,352.67,-0.0106867374852299,0.0121193639934062,-0.0013544646790251,0.09,0.09,0.07
81.200007,135845640,0.0814700350165367,0.0942563414573669,352.6883544921875,-0.0040505467914044,0.0068052560091018,-14.998577117919922,0.07,0.08,352.67,-0.0106823071837425,0.0120052229613065,-0.0012836734531447,0.09,0.09,0.07
81.299967,135945600,0.0846092402935028,0.1012087389826774,352.6883544921875,-0.0036359683144837,0.0067220223136246,-14.998553276062012,0.07,0.09,352.68,-0.0107132587581872,0.0119047332555055,-0.0014114781515672,0.09,0.09,0.07
81.399927,136045560,0.0868585109710693,0.1076069623231887,352.6883850097656,-0.0028922255150973,0.0064237215556204,-14.998597145080566,0.07,0.09,352.68,-0.0106319971382617,0.0116788502782583,-0.0013934435555711,0.09,0.09,0.07
81.499887,136145520,0.0893459469079971,0.1152127683162689,352.6883850097656,-0.002454389585182,0.0063909790478646,-14.998746871948242,0.08,0.1,352.68,-0.010917124338448,0.0117268916219472,-0.0012404598528519,0.09,0.09,0.07
81.599847,136245480,0.0908227935433387,0.1204122677445411,352.6883850097656,-0.0019836488645523,0.0063206916674971,-14.99896240234375,0.08,0.1,352.67,-0.0112031139433383,0.0118211861699819,-0.0014683158369734,0.09,0.09,0.07
81.699807,136345440,0.0912388190627098,0.1237194910645484,352.6883850097656,-0.001561174634844,0.0062787705101072,-14.999212265014648,0.08,0.11,352.67,-0.0115499952808022,0.0120220305398106,-0.0012783287093043,0.09,0.09,0.07
81.799767,136445400,0.0901994705200195,0.1261966526508331,352.6883850097656,-0.0011299443431198,0.0062219714745879,-14.999465942382812,0.09,0.11,352.68,-0.0118646305054426,0.0122111393138766,-0.001081028021872,0.09,0.09,0.07
81.899727,136545360,0.087877482175827,0.1273151934146881,352.6883850097656,-0.0007651110645383,0.0062041264027357,-14.999712944030762,0.08,0.11,352.68,-0.0122701153159141,0.0123925739899277,-0.0008885586285032,0.09,0.09,0.07
81.999687,136645320,0.0870337039232254,0.1277216672897339,352.6883850097656,-0.0004268971679266,0.0061630774289369,-14.99994659423828,0.08,0.11,352.68,-0.0126985050737857,0.0124847777187824,-0.0006708495202474,0.09,0.09,0.07
82.099647,136745280,0.0867952555418014,0.1278364807367324,352.6883850097656,-0.0001805548236006,0.0061474507674574,-15.000164985656738,0.07,0.12,352.67,-0.0131970047950744,0.0125279473140835,-0.0002510467893444,0.09,0.09,0.07
82.199607,136845240,0.0867952555418014,0.1278364807367324,352.6883850097656,2.676113399502356e-05,0.006099721416831,-15.00033950805664,0.07,0.11,352.67,-0.0136822955682873,0.0124563788995146,-0.0001062232768163,0.09,0.09,0.07
82.299567,136945200,0.0867952555418014,0.1278364807367324,352.6883850097656,0.0001516478077974,0.0060555506497621,-15.000497817993164,0.07,0.12,352.67,-0.014134026132524,0.01238146238029,6.240577477001352e-06,0.09,0.09,0.07
82.399527,137045160,0.0866796970367431,0.1265090703964233,352.6883850097656,0.0002075326046906,0.0059922328218817,-15.000628471374512,0.07,0.12,352.68,-0.0146901626139879,0.0123797412961721,0.0004709112399723,0.09,0.09,0.07
82.499487,137145120,0.0875438302755355,0.1228755638003349,352.6883850097656,0.0001536991621833,0.0059571512974798,-15.000726699829102,0.08,0.11,352.68,-0.0151433609426021,0.0124087566509842,0.0005852754111401,0.09,0.09,0.07
82.599447,137245080,0.0885626748204231,0.1180988177657127,352.6883850097656,9.875951218418776e-05,0.0058832434006035,-15.000824928283691,0.08,0.1,352.68,-0.0154175572097301,0.0124258715659379,0.0006056638085283,0.09,0.09,0.07
82.699407,137345040,0.0895613804459571,0.1140095889568328,352.6883850097656,-2.29779052460799e-05,0.0058423858135938,-15.000910758972168,0.08,0.1,352.67,-0.0156010957434773,0.012523379176855,0.0007734971004538,0.09,0.09,0.07
82.799367,137445000,0.0903651341795921,0.1118471175432205,352.6883850097656,-0.0001212083443533,0.0057643642649054,-15.000993728637695,0.07,0.1,352.67,-0.0157428812235593,0.0124913146719336,0.000854731479194,0.09,0.09,0.07
82.899327,137544960,0.0920825973153114,0.1105291098356247,352.6883850097656,-0.0002721895580179,0.0056990501470863,-15.00107192993164,0.07,0.1,352.68,-0.0159573089331388,0.0124262487515807,0.0008328019757755,0.09,0.09,0.07
82.999287,137644920,0.0935748517513275,0.1074782758951187,352.6883850097656,-0.0004021413915324,0.0056000924669206,-15.001148223876951,0.08,0.1,352.68,-0.0161320138722658,0.0123545099049806,0.0010266219032928,0.09,0.09,0.07
83.099247,137744880,0.0984293073415756,0.1032303869724273,352.6883850097656,-0.0005714441067539,0.0055291187018156,-15.001073837280272,0.09,0.1,352.68,-0.0162268429994583,0.0125023862347006,0.0063805920071899,0.09,0.09,0.07
83.199207,137844840,0.1015284210443496,0.1010906621813774,352.6883850097656,-0.0007186386501416,0.0052830572240054,-14.998956680297852,0.09,0.09,352.68,-0.0162143874913454,0.0126253273338079,0.0431216657161712,0.09,0.09,0.07
83.3,137945633,0.1024668589234352,0.0996639654040336,352.6883850097656,-0.0009077478898689,0.0049827881157398,-14.991002082824709,0.09,0.09,352.68,-0.0161246117204427,0.0126688173040747,0.1183268874883651,0.09,0.09,0.07
83.39996,138045593,0.1028032973408699,0.0991524532437324,352.6883850097656,-0.0010284531163051,0.0045679765753448,-14.974692344665527,0.09,0.09,352.68,-0.0158889852464199,0.0125436456874012,0.2101317346096038,0.09,0.09,0.07
83.49992,138145553,0.1080995053052902,0.0998398289084434,352.6883850097656,-0.0011637487914413,0.0041339355520904,-14.948719024658203,0.1,0.09,352.68,-0.0157590620219707,0.0124659296125173,0.3116799592971802,0.09,0.09,0.07
83.59988,138245513,0.1156528368592262,0.0997982174158096,352.6883850097656,-0.0012467845808714,0.0036706309765577,-14.912590980529783,0.1,0.09,352.68,-0.0155286258086562,0.0124279456213116,0.4190664291381836,0.09,0.09,0.07
83.69984,138345473,0.1230338215827941,0.1008617877960205,352.6884155273437,-0.001343053067103,0.0032593191135674,-14.865681648254396,0.11,0.09,352.68,-0.0153111610561609,0.0125922635197639,0.5301058292388916,0.09,0.09,0.07
83.7998,138445433,0.1286365985870361,0.1020388975739479,352.6884155273437,-0.0013944272650405,0.0028517516329884,-14.807777404785156,0.12,0.09,352.68,-0.0151120172813534,0.0127737214788794,0.643310010433197,0.09,0.09,0.07
83.89976,138545393,0.1327226608991623,0.103527195751667,352.6884155273437,-0.0014610869111493,0.0025222480762749,-14.738616943359377,0.12,0.09,352.68,-0.0148246278986334,0.0130823403596878,0.7567905783653259,0.09,0.09,0.07
83.99972,138645353,0.1353999674320221,0.105254977941513,352.6884155273437,-0.0014752935385331,0.0022255321964621,-14.6582670211792,0.12,0.09,352.68,-0.0145132094621658,0.0134034641087055,0.8696507811546326,0.09,0.09,0.07
84.09968,138745313,0.1369937658309936,0.1077494248747825,352.6884155273437,-0.0014995806850492,0.0020204873289912,-14.566670417785645,0.13,0.08,352.67,-0.0142248962074518,0.0137445917353034,0.9812456965446472,0.09,0.09,0.07
84.19964,138845273,0.1375451534986496,0.1103790998458862,352.6884155273437,-0.0014777487376704,0.0018541506724432,-14.46364974975586,0.13,0.09,352.67,-0.0139287309721112,0.0141858523711562,1.091102957725525,0.09,0.09,0.07
84.2996,138945233,0.1363745629787445,0.1142677888274192,352.6884155273437,-0.0014674821868538,0.0017785148229449,-14.350194931030272,0.12,0.1,352.67,-0.0138145191594958,0.01463483273983,1.1984647512435913,0.09,0.09,0.07
84.39956,139045193,0.1347871124744415,0.1167655885219574,352.6884155273437,-0.0014567581238225,0.0017483736155554,-14.2247314453125,0.12,0.11,352.67,-0.0139180589467287,0.0150207476690411,1.3040419816970823,0.09,0.09,0.07
84.49952,139145153,0.1336441040039062,0.1173771694302558,352.6884155273437,-0.0015062079764902,0.0018011573702096,-14.088444709777832,0.12,0.1,352.67,-0.0141043541952967,0.0153742004185915,1.40386164188385,0.09,0.09,0.07
84.59948,139245113,0.1293359249830246,0.1146697700023651,352.6884155273437,-0.0015417741378769,0.0018767043948173,-13.94313621520996,0.12,0.11,352.67,-0.014229966327548,0.0157965365797281,1.477779507637024,0.09,0.09,0.07
84.69944,139345073,0.1236388236284256,0.1115436777472496,352.6884155273437,-0.0016267806058749,0.0020418781787157,-13.79147243499756,0.11,0.1,352.67,-0.0143933659419417,0.016238659620285,1.5269957780838013,0.09,0.09,0.07
84.7994,139445033,0.1172386184334755,0.1075810343027114,352.6884155273437,-0.0017332948045805,0.0022389106452465,-13.634369850158691,0.11,0.1,352.67,-0.0146329067647457,0.0166118871420621,1.556755304336548,0.09,0.09,0.07
84.89936,139544993,0.1114929467439651,0.1033845022320747,352.6883850097656,-0.0018927154596894,0.0024938012938946,-13.476659774780272,0.1,0.1,352.67,-0.0148786241188645,0.0169699564576149,1.5708510875701904,0.09,0.09,0.07
84.99932,139644953,0.1053540632128715,0.0980482101440429,352.6883850097656,-0.0020315395668148,0.0027426639571785,-13.318103790283203,0.09,0.09,352.67,-0.0150493159890174,0.0171754602342844,1.573996901512146,0.09,0.09,0.07
85.09928,139744913,0.100186139345169,0.0933313444256782,352.6883850097656,-0.0022084221709519,0.0030386678408831,-13.159563064575195,0.09,0.08,352.67,-0.0150527348741889,0.0172609779983758,1.569591999053955,0.09,0.09,0.08
85.19924,139844873,0.0956453382968902,0.0897174105048179,352.6883544921875,-0.0023282882757484,0.0032868459820747,-13.00152587890625,0.08,0.07,352.67,-0.0148642063140869,0.017222873866558,1.5604521036148071,0.09,0.09,0.08
85.2992,139944833,0.0925870314240455,0.0877084136009216,352.6883544921875,-0.0024444053415209,0.0035467550624161,-12.844504356384276,0.08,0.06,352.67,-0.0145547203719615,0.0171422082930803,1.5482083559036257,0.09,0.09,0.08
85.399993,140045626,0.0906922966241836,0.0879667177796363,352.6883544921875,-0.0025028982199728,0.0037659085355699,-12.687358856201172,0.08,0.07,352.67,-0.0141760604456067,0.0169973019510507,1.535130262374878,0.09,0.09,0.08
85.499953,140145586,0.089240975677967,0.0916289836168289,352.6883544921875,-0.0025471711996942,0.0039773508906364,-12.532791137695312,0.08,0.07,352.67,-0.0139783872291445,0.0168819036334753,1.5221015214920044,0.09,0.09,0.08
85.599913,140245546,0.0876461043953895,0.0945020914077758,352.6883544921875,-0.0025370744988322,0.0041132932528853,-12.379451751708984,0.08,0.08,352.67,-0.0139406500384211,0.016710840165615,1.5099467039108276,0.09,0.09,0.08
85.699873,140345506,0.0857089459896087,0.0957193449139595,352.6883544921875,-0.0025566653348505,0.0042467145249247,-12.227173805236816,0.08,0.09,352.67,-0.0140134496614336,0.0165788121521472,1.4993202686309814,0.09,0.09,0.08
85.799833,140445466,0.0850050449371337,0.09616170078516,352.6883544921875,-0.0025398174766451,0.0043210163712501,-12.075942039489746,0.08,0.09,352.67,-0.0140440287068486,0.0165072493255138,1.4893499612808228,0.09,0.09,0.08
85.899793,140545426,0.0848334580659866,0.0962694734334945,352.6883544921875,-0.0025589091237634,0.0044137281365692,-11.925603866577148,0.08,0.09,352.67,-0.014165474101901,0.016441486775875,1.4821560382843018,0.09,0.09,0.08
85.999753,140645386,0.0838298797607421,0.0945669710636138,352.6883544921875,-0.0025555102620273,0.0044529484584927,-11.775994300842283,0.09,0.1,352.67,-0.0143528571352362,0.0163612384349107,1.475795865058899,0.09,0.09,0.08
86.099713,140745346,0.082679733633995,0.0922025591135025,352.6883544921875,-0.0026005716063082,0.0045173410326242,-11.6270112991333,0.08,0.09,352.68,-0.0145267071202397,0.0162967201322317,1.4717512130737305,0.09,0.09,0.08
86.199673,140845306,0.0816731974482536,0.0896447375416755,352.6883544921875,-0.0026181135326623,0.0045125288888812,-11.478719711303713,0.08,0.09,352.68,-0.0146377859637141,0.0161517988890409,1.4604194164276123,0.09,0.09,0.08
86.299633,140945266,0.0818619132041931,0.0872470885515213,352.6883544921875,-0.0026720177847892,0.0045115007087588,-11.332845687866213,0.07,0.09,352.67,-0.0147471148520708,0.0159538872539997,1.4240729808807373,0.09,0.09,0.08
86.399593,141045226,0.0846857875585556,0.0832123234868049,352.6883544921875,-0.0026751386467367,0.0044366824440658,-11.193169593811035,0.07,0.08,352.67,-0.0147588904947042,0.0157659966498613,1.364711880683899,0.09,0.09,0.08
86.499553,141145186,0.0857315436005592,0.0815513208508491,352.6883544921875,-0.0027161252219229,0.0043892753310501,-11.059526443481444,0.08,0.08,352.67,-0.014715333469212,0.015612537972629,1.284815788269043,0.09,0.09,0.08
86.599513,141245146,0.0861115306615829,0.0809477344155311,352.6883544921875,-0.0027075731195509,0.0042958743870258,-10.93474292755127,0.08,0.08,352.67,-0.014634302817285,0.0154829863458871,1.1898484230041504,0.09,0.09,0.08
86.699473,141345106,0.0876490697264671,0.0816273763775825,352.6883544921875,-0.0027188134845346,0.004231993574649,-10.819913864135742,0.07,0.07,352.67,-0.0145599357783794,0.0153933828696608,1.0874606370925903,0.09,0.09,0.08
86.799433,141445066,0.0894251242280006,0.082236960530281,352.6883544921875,-0.0024852354545146,0.0038900652434676,-10.714545249938965,0.08,0.08,352.67,-0.0143233258277177,0.0151418447494506,0.9797739386558532,0.09,0.1,0.08
86.899393,141545026,0.0922541916370391,0.0837529674172401,352.6883544921875,-0.0025446752551943,0.0038663495797663,-10.621123313903809,0.08,0.08,352.67,-0.0143131632357835,0.0151596069335937,0.870189905166626,0.09,0.09,0.08
86.999353,141644986,0.0934684127569198,0.0834402218461036,352.6883544921875,-0.0025432759430259,0.003784557338804,-10.538544654846191,0.09,0.08,352.67,-0.0142831411212682,0.0153103452175855,0.7597724795341492,0.09,0.1,0.08
87.099313,141744946,0.0934896096587181,0.0832734555006027,352.6883544921875,-0.0025445877108722,0.0037365423049777,-10.46695613861084,0.09,0.07,352.67,-0.0140753230080008,0.015546097420156,0.6505298614501953,0.09,0.1,0.08
87.199273,141844906,0.0937758386135101,0.0840158015489578,352.6883544921875,-0.0024619807954877,0.003655053442344,-10.405394554138184,0.09,0.07,352.67,-0.0138837983831763,0.015685100108385,0.5604161620140076,0.09,0.1,0.08
87.299233,141944866,0.0920136347413063,0.0882272347807884,352.6883544921875,-0.0023746290244162,0.0036027517635375,-10.351505279541016,0.09,0.08,352.68,-0.0137111926451325,0.0157111175358295,0.4959484040737152,0.09,0.1,0.08
87.399193,142044826,0.0911525264382362,0.0911624804139137,352.6883544921875,-0.0022301252465695,0.0034999230410903,-10.30294704437256,0.08,0.08,352.67,-0.013474216684699,0.0156131600961089,0.4525195658206939,0.09,0.1,0.08
87.499986,142145619,0.0921152085065841,0.0951397195458412,352.6883544921875,-0.0021035319659858,0.0034218009095638,-10.25754737854004,0.08,0.08,352.67,-0.0132894525304436,0.0154483690857887,0.4261977672576904,0.09,0.1,0.08
87.599946,142245579,0.0936448276042938,0.0988788604736328,352.6883850097656,-0.001906330930069,0.0032713669352233,-10.21469497680664,0.08,0.08,352.67,-0.0131364483386278,0.0151275768876075,0.4133000671863556,0.09,0.1,0.08
87.699906,142345539,0.0972774401307106,0.1035214439034462,352.6883850097656,-0.0017261203611269,0.003133081132546,-10.172837257385254,0.08,0.09,352.67,-0.0130443135276436,0.0149505557492375,0.4097264409065246,0.09,0.1,0.08
87.799866,142445499,0.1011266708374023,0.1078570485115051,352.6883850097656,-0.0015167678939178,0.002959060948342,-10.131280899047852,0.08,0.09,352.67,-0.0130481049418449,0.0147940153256058,0.4132140874862671,0.09,0.1,0.08
87.899826,142545459,0.1047109514474868,0.1115643754601478,352.6883850097656,-0.0013484694063663,0.0028205818962305,-10.089370727539062,0.09,0.09,352.68,-0.0130857657641172,0.0147140473127365,0.4210893213748932,0.09,0.1,0.08
87.999786,142645419,0.1078408136963844,0.114642821252346,352.6883850097656,-0.0011809341376647,0.0026573850773274,-10.046767234802246,0.09,0.09,352.68,-0.0131020694971084,0.0146086625754833,0.4322349727153778,0.09,0.1,0.08
88.099746,142745379,0.1111271679401397,0.1174500212073326,352.6884155273437,-0.0010730422800406,0.0025305938906967,-10.003202438354492,0.08,0.1,352.68,-0.0131945991888642,0.0145150814205408,0.4438934922218323,0.09,0.1,0.08
88.199706,142845339,0.1140721067786216,0.1193625554442405,352.6884155273437,-0.0009654335444793,0.0023808013647794,-9.958580017089844,0.09,0.1,352.68,-0.0133732575923204,0.0144502678886055,0.4564034640789032,0.09,0.1,0.08
88.299666,142945299,0.1163347661495208,0.1200739741325378,352.6884155273437,-0.0009224720415659,0.0022823673207312,-9.912848472595217,0.1,0.11,352.68,-0.0136301191523671,0.0146042937412858,0.4681633710861206,0.09,0.1,0.08
88.399626,143045259,0.1179455518722534,0.1201343238353729,352.6884155273437,-0.0008812209707684,0.0021859069820493,-9.86610507965088,0.1,0.11,352.67,-0.0139006506651639,0.0148468846455216,0.4786202609539032,0.09,0.1,0.08
88.499586,143145219,0.1182433366775512,0.1193049922585487,352.6884155273437,-0.0008863312541507,0.0021473907399922,-9.818812370300291,0.1,0.1,352.67,-0.0140880225226283,0.0151203088462352,0.4884331822395324,0.09,0.1,0.08
88.599546,143245179,0.1175090372562408,0.1174731105566024,352.6884155273437,-0.0009046183549799,0.0021281228400766,-9.770257949829102,0.1,0.1,352.67,-0.0142747396603226,0.0153117533773183,0.4963355958461761,0.09,0.1,0.08
88.699506,143345139,0.1161247342824935,0.1146730631589889,352.6884155273437,-0.0009790918556973,0.0021822275593876,-9.72099494934082,0.11,0.09,352.67,-0.0143908122554421,0.0156366471201181,0.5027140378952026,0.09,0.1,0.08
88.799466,143445099,0.1134810522198677,0.1118839383125305,352.6884155273437,-0.0010412123519927,0.0022342000156641,-9.67111587524414,0.11,0.09,352.67,-0.014337190426886,0.0159442424774169,0.5081251263618469,0.09,0.1,0.08
88.899426,143545059,0.1102863550186157,0.109766349196434,352.6883850097656,-0.0011573683004826,0.0023641027510166,-9.620360374450684,0.1,0.09,352.67,-0.0143616013228893,0.0162570811808109,0.5114613771438599,0.09,0.1,0.08
88.999386,143645019,0.106713205575943,0.1079408079385757,352.6883850097656,-0.0012453326489776,0.0024860864505171,-9.569746017456056,0.11,0.1,352.67,-0.0144574083387851,0.0165427587926387,0.5138605833053589,0.09,0.1,0.08
89.099346,143744979,0.1027176305651664,0.1059299483895301,352.6883850097656,-0.0013839815510436,0.0026737656444311,-9.51887321472168,0.11,0.11,352.67,-0.0147626418620347,0.0168916247785091,0.5156042575836182,0.09,0.1,0.08
89.199306,143844939,0.0971048846840858,0.1012941747903823,352.6883850097656,-0.0015171631239354,0.0028660246171057,-9.467880249023438,0.1,0.1,352.67,-0.0150286303833127,0.0171463582664728,0.5161018967628479,0.09,0.1,0.08
89.299266,143944899,0.091620422899723,0.0960009768605232,352.6883544921875,-0.0016995270270854,0.0031139529310166,-9.416844367980955,0.09,0.1,352.67,-0.015238881111145,0.0172848310321569,0.5158559083938599,0.09,0.1,0.08
89.399226,144044859,0.0867526084184646,0.0903023779392242,352.6883544921875,-0.0018534577684476,0.0033205486834049,-9.365867614746094,0.08,0.1,352.67,-0.0153956562280654,0.0172464847564697,0.5149063467979431,0.09,0.1,0.08
89.500019,144145652,0.0834774151444435,0.0856179744005203,352.6883544921875,-0.0020532009657472,0.0035585584118962,-9.314492225646973,0.08,0.09,352.67,-0.0154785336926579,0.0171607006341218,0.5142180323600769,0.09,0.1,0.08
89.599979,144245612,0.0816884264349937,0.0824563726782798,352.6883544921875,-0.0022103562951087,0.0037256099749356,-9.263592720031738,0.08,0.08,352.68,-0.0153921721503138,0.0169590581208467,0.513218104839325,0.09,0.1,0.08
89.699939,144345572,0.0819044932723045,0.0805701091885566,352.6883544921875,-0.002389324363321,0.003888176754117,-9.212762832641602,0.07,0.08,352.68,-0.01531941909343,0.0166507568210363,0.5122734904289246,0.09,0.1,0.08
89.799899,144445532,0.083156481385231,0.0800385400652885,352.6883544921875,-0.0027395165525376,0.0039893989451229,-9.162057876586914,0.07,0.08,352.68,-0.0152750359848141,0.0163537189364433,0.5113415122032166,0.1,0.1,0.08
89.899859,144545492,0.0838996842503547,0.0794605538249015,352.6883544921875,-0.0032353750430047,0.0040883789770305,-9.111461639404297,0.07,0.07,352.68,-0.0152473263442516,0.0160031300038099,0.5104185342788696,0.1,0.1,0.08
89.999819,144645452,0.0866100266575813,0.0724843963980674,352.6883544921875,-0.0037596495822072,0.0041260691359639,-9.06096649169922,0.07,0.07,352.68,-0.0151738012209534,0.0156714897602796,0.5095182061195374,0.1,0.1,0.08
90.099779,144745412,0.0912309885025024,0.0649031028151512,352.6883544921875,-0.0043350700289011,0.0041694049723446,-9.0105619430542,0.07,0.07,352.68,-0.0151807237416505,0.015353275462985,0.5086261034011841,0.1,0.1,0.08
90.199739,144845372,0.0953733325004577,0.0564096085727214,352.6883544921875,-0.0048879850655794,0.004140440840274,-8.960247993469238,0.07,0.07,352.68,-0.0150437839329242,0.0150063019245862,0.5078258514404297,0.1,0.1,0.08
90.299699,144945332,0.0987620279192924,0.0506685748696327,352.6883239746094,-0.005448643118143,0.0041119502857327,-8.910006523132324,0.08,0.07,352.68,-0.0148888127878308,0.0147502943873405,0.5070542693138123,0.1,0.1,0.08
90.399659,145045292,0.1015152186155319,0.0443990230560302,352.6883239746094,-0.0059520970098674,0.0040256041102111,-8.859824180603027,0.08,0.05,352.68,-0.0145318759605288,0.0146939931437373,0.506812334060669,0.1,0.1,0.08
90.499619,145145252,0.1027096137404441,0.0404003150761127,352.6883239746094,-0.0064178565517067,0.0039612594991922,-8.809653282165527,0.09,0.03,352.67,-0.0138821918517351,0.0146221416071057,0.5063124299049377,0.1,0.1,0.08
90.599579,145245212,0.1031436324119567,0.0389472655951976,352.6883239746094,-0.0067437416873872,0.0038426087703555,-8.7599458694458,0.09,0.02,352.67,-0.013000008650124,0.0144690284505486,0.506260335445404,0.1,0.1,0.08
90.699539,145345172,0.1064072996377945,0.0415992066264152,352.6883239746094,-0.0069971932098269,0.0037654608022421,-8.70982551574707,0.09,0.03,352.67,-0.0121615109965205,0.0144806569442152,0.5060858726501465,0.1,0.1,0.08
90.799499,145445132,0.109448455274105,0.0458190441131591,352.6883239746094,-0.007113775704056,0.0036644993815571,-8.659720420837402,0.1,0.03,352.68,-0.0113386306911706,0.014519864693284,0.5059446692466736,0.1,0.1,0.08
90.899459,145545092,0.1115001663565635,0.0526717007160186,352.6883544921875,-0.0071541303768754,0.0036149979569017,-8.60960578918457,0.1,0.03,352.68,-0.010588401928544,0.0146681098267436,0.5059390068054199,0.1,0.1,0.08
90.999419,145645052,0.1113314032554626,0.0592800304293632,352.6883544921875,-0.007100302260369,0.0035656681284308,-8.559086799621582,0.1,0.03,352.68,-0.009868518449366,0.0148486038669943,0.5057278275489807,0.1,0.1,0.08
91.099379,145745012,0.1102312803268432,0.0674908980727195,352.6883544921875,-0.0069973398931324,0.0035604028962552,-8.508964538574219,0.11,0.05,352.67,-0.009350717999041,0.015048423781991,0.5056198835372925,0.1,0.1,0.08
91.199339,145844972,0.1070733293890953,0.0744703263044357,352.6883544921875,-0.0068106320686638,0.0035631938371807,-8.458849906921387,0.11,0.06,352.67,-0.0089306598529219,0.0153829846531152,0.5054346323013306,0.1,0.1,0.08
91.299299,145944932,0.1035713031888008,0.0791080892086029,352.6883544921875,-0.0066054807975888,0.0036433199420571,-8.408737182617188,0.11,0.06,352.68,-0.0086915902793407,0.0157192833721637,0.5051152110099792,0.1,0.1,0.08
91.399259,146044892,0.1002656519412994,0.0822397544980049,352.6883544921875,-0.0063538029789924,0.0038865776732563,-8.358606338500977,0.1,0.06,352.68,-0.0085299760103225,0.0160043109208345,0.5051722526550293,0.1,0.1,0.08
91.499219,146144852,0.0931499078869819,0.0878858268260955,352.6883544921875,-0.0061095068231225,0.0042857294902205,-8.308473587036133,0.09,0.06,352.68,-0.0084037017077207,0.0162252765148878,0.5050114989280701,0.1,0.1,0.08
91.600012,146245645,0.0841877982020378,0.0923640951514244,352.6883544921875,-0.0058505050837993,0.0047522517852485,-8.257927894592285,0.08,0.08,352.67,-0.0083784963935613,0.0162622071802616,0.5049408078193665,0.1,0.1,0.08
91.699972,146345605,0.0767505392432212,0.096105933189392,352.6883544921875,-0.0056272181682288,0.0052669537253677,-8.207802772521973,0.07,0.08,352.67,-0.0085798865184187,0.0161970946937799,0.5047481656074524,0.1,0.1,0.08
91.799932,146445565,0.0693510398268699,0.0975861325860023,352.6883544921875,-0.0054021244868636,0.005742797628045,-8.157695770263672,0.07,0.09,352.67,-0.0088737783953547,0.0160880498588085,0.5045371055603027,0.1,0.1,0.08
91.899892,146545525,0.0639405623078346,0.0976010933518409,352.6883544921875,-0.0052301031537353,0.0062186866998672,-8.107592582702637,0.06,0.09,352.68,-0.0092847868800163,0.0158978011459112,0.5045551657676697,0.1,0.1,0.08
91.999852,146645485,0.0591611191630363,0.09546410292387,352.6883544921875,-0.005090762861073,0.006627466995269,-8.057486534118652,0.05,0.09,352.68,-0.0096865557134151,0.0155663844197988,0.5043882727622986,0.1,0.1,0.08
92.099812,146745445,0.0562648214399814,0.0932594612240791,352.6883544921875,-0.0050228745676577,0.0070067755877971,-8.00739860534668,0.05,0.09,352.68,-0.0101059209555387,0.0150772556662559,0.5041451454162598,0.1,0.1,0.08
92.199772,146845405,0.0549562610685825,0.0908313021063804,352.6883239746094,-0.0049642124213278,0.0072807380929589,-7.957332134246826,0.04,0.08,352.67,-0.0104401409626007,0.0145212169736623,0.5039415955543518,0.1,0.1,0.08
92.299732,146945365,0.055510576814413,0.0884875804185867,352.6883239746094,-0.0049565564841032,0.0075059784576296,-7.907258987426758,0.04,0.08,352.67,-0.0107451844960451,0.0139682656154036,0.503901481628418,0.1,0.1,0.08
92.399692,147045325,0.0572086609899997,0.0854032859206199,352.6883239746094,-0.0049342336133122,0.007616214454174,-7.857217311859131,0.03,0.07,352.67,-0.0109344441443681,0.0132078202441334,0.5039092302322388,0.1,0.1,0.08
92.499652,147145285,0.0639992877840995,0.0842135474085807,352.6883544921875,-0.0049389125779271,0.0076675987802445,-7.807184219360352,0.04,0.07,352.68,-0.0110483597964048,0.0126353651285171,0.5035914778709412,0.1,0.1,0.08
92.599612,147245245,0.0702804923057556,0.0831471234560012,352.6883544921875,-0.0049371873028576,0.0076374928466975,-7.757178783416748,0.05,0.07,352.68,-0.0110767362639307,0.0121673475950956,0.5035437941551208,0.1,0.1,0.08
92.699572,147345205,0.0749184563755989,0.0834680721163749,352.6883544921875,-0.0049509829841554,0.0075857616029679,-7.707587718963623,0.06,0.07,352.67,-0.0110285570845007,0.011886284686625,0.5037714242935181,0.1,0.1,0.08
92.799532,147445165,0.0788991227746009,0.0842631086707115,352.6883544921875,-0.0049478956498205,0.0074845114722847,-7.657553195953369,0.07,0.07,352.67,-0.0110154328867793,0.0116256875917315,0.5036766529083252,0.1,0.1,0.08
92.899492,147545125,0.08134575933218,0.0845998972654342,352.6883544921875,-0.0049744062125682,0.0073931128717958,-7.607534885406494,0.07,0.07,352.68,-0.0110841998830437,0.0116303227841854,0.5035486817359924,0.1,0.1,0.08
92.999452,147645085,0.0830350890755653,0.08449237793684,352.6883544921875,-0.0049612722359597,0.0072649847716093,-7.55748176574707,0.08,0.07,352.68,-0.0111321108415722,0.0116140376776456,0.5037365555763245,0.1,0.1,0.08
93.099412,147745045,0.0836570486426353,0.0843336582183837,352.6883544921875,-0.0048594651743769,0.0070447735488414,-7.507028102874756,0.08,0.07,352.68,-0.0110395830124616,0.0115783279761672,0.5035049319267273,0.1,0.1,0.08
93.199372,147845005,0.0837500244379043,0.0843099132180213,352.6883544921875,-0.0048614237457513,0.0069533553905785,-7.456984043121338,0.07,0.07,352.67,-0.0110152438282966,0.0115416701883077,0.503419816493988,0.1,0.1,0.08
93.299332,147944965,0.0837500244379043,0.0843099132180213,352.6883544921875,-0.0048581045120954,0.0068647009320557,-7.406900405883789,0.08,0.07,352.67,-0.0109484456479549,0.011529553681612,0.503463625907898,0.1,0.1,0.08
93.399292,148044925,0.0837500244379043,0.0843099132180213,352.6883544921875,-0.0048089236952364,0.0067452387884259,-7.356816291809082,0.08,0.07,352.67,-0.010843719355762,0.0115753803402185,0.5032633543014526,0.1,0.1,0.08
93.499252,148144885,0.0840841606259346,0.0846175551414489,352.6883544921875,-0.0047662905417382,0.006653712131083,-7.306743144989014,0.09,0.07,352.68,-0.0108169103041291,0.0117087829858064,0.5032539963722229,0.1,0.1,0.08
93.599212,148244845,0.0844599604606628,0.0849730148911476,352.6883544921875,-0.0046971128322184,0.0065477676689624,-7.256632804870605,0.08,0.07,352.68,-0.0107388049364089,0.0118094431236386,0.5031062960624695,0.1,0.1,0.08
93.700005,148345638,0.0861725881695747,0.0872669517993927,352.6883544921875,-0.0046538775786757,0.0064897118136286,-7.206087589263916,0.08,0.07,352.68,-0.0106811029836535,0.011888712644577,0.503104567527771,0.1,0.1,0.08
93.799965,148445598,0.088320180773735,0.0904076471924781,352.6883544921875,-0.0045616296119987,0.0063947727903723,-7.155965328216553,0.08,0.07,352.68,-0.0106453020125627,0.0118755511939525,0.5030590295791626,0.1,0.1,0.08
93.899925,148545558,0.0900594964623451,0.0928387567400932,352.6883544921875,-0.0044861249625682,0.0063304076902568,-7.105860710144043,0.08,0.08,352.68,-0.0107820462435483,0.0120129296556115,0.5026759505271912,0.1,0.1,0.08
93.999885,148645518,0.0911399945616722,0.0944879427552223,352.6883544921875,-0.0043944464996457,0.0062584071420133,-7.055761814117432,0.08,0.08,352.68,-0.0108424853533506,0.0121569102630019,0.5028396248817444,0.1,0.1,0.08
94.099845,148745478,0.0914490297436714,0.0950389727950096,352.6883544921875,-0.0043357023969292,0.0062224557623267,-7.005693912506104,0.08,0.08,352.68,-0.0110152382403612,0.0122973332181572,0.5025411248207092,0.1,0.1,0.08
94.199805,148845438,0.0911530703306198,0.094931848347187,352.6883544921875,-0.0042634783312678,0.006174867041409,-6.955676555633545,0.08,0.08,352.68,-0.0111073153093457,0.0124098928645253,0.5022834539413452,0.1,0.1,0.08
94.299765,148945398,0.0910838544368743,0.0948952138423919,352.6883544921875,-0.0042190067470073,0.0061568869277834,-6.905651092529297,0.08,0.08,352.67,-0.0111991316080093,0.0124474205076694,0.5023098587989807,0.1,0.1,0.08
94.399725,149045358,0.0910838544368743,0.0948952138423919,352.6883544921875,-0.0039444910362362,0.0061095361597836,-6.855611801147461,0.08,0.08,352.67,-0.0112075395882129,0.0124230813235044,0.5021950006484985,0.1,0.1,0.08
94.499685,149145318,0.0910838544368743,0.0948952138423919,352.6883544921875,-0.0035700027365237,0.0060950480401515,-6.8055806159973145,0.09,0.08,352.68,-0.0112246628850698,0.0125904409214854,0.5020607113838196,0.1,0.1,0.08
94.599645,149245278,0.0910219326615333,0.0950575247406959,352.6883544921875,-0.0031023514457046,0.0060643558390438,-6.755537509918213,0.08,0.08,352.68,-0.0112363193184137,0.0126974359154701,0.502177894115448,0.1,0.1,0.08
94.699605,149345238,0.0896094664931297,0.1027827784419059,352.6883850097656,-0.002629546681419,0.0060646468773484,-6.705499649047852,0.08,0.09,352.68,-0.0112030198797583,0.0127553064376115,0.5020613074302673,0.1,0.1,0.08
94.799565,149445198,0.0872479155659675,0.1114144995808601,352.6883850097656,-0.0021125429775565,0.0060296729207038,-6.655894756317139,0.07,0.1,352.68,-0.0113658066838979,0.0127371791750192,0.5018995404243469,0.1,0.1,0.08
94.899525,149545158,0.0862271413207054,0.1186807751655578,352.6883850097656,-0.0016647049924358,0.0060238018631935,-6.605844020843506,0.07,0.11,352.67,-0.0117326127365231,0.0126793114468455,0.5020526647567749,0.1,0.1,0.08
94.999485,149645118,0.0862229466438293,0.1230587363243103,352.6883850097656,-0.0012295658234506,0.0059843827039003,-6.5558013916015625,0.07,0.11,352.67,-0.0121827041730284,0.0126133365556597,0.5019013285636902,0.1,0.1,0.08
95.099445,149745078,0.0863934233784675,0.124816320836544,352.6883850097656,-0.0008808018174022,0.0059656635858118,-6.505768299102783,0.07,0.12,352.68,-0.0126507999375462,0.0125826345756649,0.5020589828491211,0.1,0.1,0.08
95.199405,149845038,0.0869772136211395,0.1249049007892608,352.6883850097656,-0.0005839166697114,0.0059157251380383,-6.4553070068359375,0.07,0.12,352.68,-0.0132150137796998,0.0125792967155575,0.5019329786300659,0.1,0.1,0.08
95.299365,149944998,0.0870847702026367,0.1241822093725204,352.6883850097656,-0.0003832163638435,0.0058674640022218,-6.405280590057373,0.07,0.12,352.68,-0.0138830328360199,0.0125331319868564,0.5017934441566467,0.1,0.1,0.08
95.399325,150044958,0.088632583618164,0.1210159137845039,352.6883850097656,-0.0002501680864952,0.0057812868617475,-6.355236530303955,0.07,0.12,352.67,-0.0144857419654726,0.0124805802479386,0.5019293427467346,0.1,0.1,0.08
95.499285,150144918,0.0926070585846901,0.1171752661466598,352.6883850097656,-0.0002275376609759,0.0057095298543572,-6.305185794830322,0.07,0.11,352.67,-0.0149575714021921,0.012375695630908,0.5016908645629883,0.1,0.1,0.08
95.599245,150244878,0.0957682430744171,0.1152036860585212,352.6883850097656,-0.0002318296174053,0.0056095197796821,-6.255173683166504,0.07,0.11,352.68,-0.0153463492169976,0.0123133324086666,0.5014604926109314,0.1,0.1,0.08
95.699205,150344838,0.0969134792685508,0.1143720969557762,352.6883850097656,-0.0003188044065609,0.0055357781238853,-6.205182075500488,0.07,0.11,352.68,-0.0157274398952722,0.0123604824766516,0.5015744566917419,0.1,0.1,0.08
95.799998,150445631,0.0979211926460266,0.1108027547597885,352.6883850097656,-0.0004029601986985,0.0052827326580882,-6.15479850769043,0.08,0.1,352.68,-0.015930738300085,0.0123579511418938,0.5013594031333923,0.1,0.1,0.08
95.899958,150545591,0.1024526804685592,0.1060337945818901,352.6883850097656,-0.0005157249397598,0.0049488465301692,-6.104851245880127,0.08,0.09,352.68,-0.0160273164510726,0.0123999156057834,0.5014479160308838,0.1,0.1,0.08
95.999918,150645551,0.1081233248114585,0.1003962829709053,352.6883850097656,-0.0006011086516082,0.0045279301702976,-6.054879188537598,0.09,0.09,352.67,-0.0160277057439088,0.0124872401356697,0.501561164855957,0.1,0.1,0.08
96.099878,150745511,0.1148145794868469,0.0974118411540985,352.6883850097656,-0.0007192132179625,0.0041202306747436,-6.004915237426758,0.1,0.09,352.68,-0.0159737356007099,0.0127526987344026,0.5014210343360901,0.1,0.1,0.08
96.199838,150845471,0.1186053976416587,0.09669029712677,352.6883850097656,-0.0007951649604365,0.003692460944876,-5.954916954040527,0.11,0.09,352.68,-0.0158598478883504,0.0130743319168686,0.5016181468963623,0.1,0.1,0.08
96.299798,150945431,0.1199684143066406,0.0962274447083473,352.6883850097656,-0.0008906813454814,0.0033279464114457,-5.904913902282715,0.11,0.08,352.68,-0.0157220214605331,0.0134816281497478,0.5013940334320068,0.1,0.1,0.08
96.399758,151045391,0.1205574199557304,0.0963137075304985,352.6883850097656,-0.000933431321755,0.002985032973811,-5.854935646057129,0.11,0.08,352.68,-0.0154919540509581,0.0139335263520479,0.5016129612922668,0.1,0.1,0.08
96.499718,151145351,0.1206577271223068,0.0963440015912056,352.6883850097656,-0.0009908713400363,0.0027351959142833,-5.804952144622803,0.12,0.08,352.67,-0.0153164975345134,0.014426483772695,0.5014236569404602,0.1,0.1,0.09
96.599678,151245311,0.1206577271223068,0.0963440015912056,352.6883850097656,-0.0010003194911405,0.0025192340835928,-5.755001068115234,0.12,0.09,352.68,-0.0151210967451334,0.0149004198610782,0.5014694333076477,0.1,0.1,0.09
96.699638,151345271,0.1202684566378593,0.0975401625037193,352.6883850097656,-0.0010329290525987,0.0024043030571192,-5.705042839050293,0.11,0.08,352.68,-0.0150007242336869,0.0154341962188482,0.5015630722045898,0.1,0.1,0.09
96.799598,151445231,0.1200487986207008,0.0982089638710022,352.6883850097656,-0.0010169628076255,0.0023060257080942,-5.6554765701293945,0.11,0.09,352.68,-0.0148598775267601,0.0159001871943473,0.5013757944107056,0.1,0.1,0.09
96.899558,151545191,0.119038850069046,0.0994274169206619,352.6883850097656,-0.0010421499609947,0.0023108124732971,-5.605491638183594,0.11,0.09,352.68,-0.0147909950464963,0.0163288321346044,0.5016249418258667,0.1,0.1,0.09
96.999518,151645151,0.1128883212804794,0.1008001118898391,352.6883850097656,-0.0010323623428121,0.0023330128751695,-5.555468559265137,0.1,0.09,352.67,-0.014718391932547,0.0167146082967519,0.5017907619476318,0.1,0.1,0.09
97.099478,151745111,0.1052944734692573,0.1033604890108108,352.6883850097656,-0.001058374880813,0.0024278990458697,-5.505416870117188,0.09,0.09,352.67,-0.014724395237863,0.016914214938879,0.5016210675239563,0.1,0.1,0.09
97.199438,151845071,0.0996825471520423,0.1045248359441757,352.6883850097656,-0.0010595500934869,0.0024811078328639,-5.4553728103637695,0.09,0.09,352.67,-0.0147693520411849,0.0168377105146646,0.5017434358596802,0.1,0.1,0.09
97.299398,151945031,0.0978894084692001,0.1055570468306541,352.6883850097656,-0.0011207804782316,0.0025704551953822,-5.404900550842285,0.09,0.09,352.68,-0.0148204686120152,0.0167466215789318,0.5015722513198853,0.1,0.1,0.09
97.399358,152044991,0.0978389531373977,0.1065263226628303,352.6883850097656,-0.0011353869922459,0.0025944956578314,-5.354867935180664,0.08,0.09,352.67,-0.0148298172280192,0.0166675690561532,0.5012915730476379,0.1,0.1,0.09
97.499318,152144951,0.0985840708017349,0.1071257889270782,352.6883850097656,-0.0011896368814632,0.0026413700543344,-5.304828643798828,0.08,0.09,352.67,-0.0149751603603363,0.0166086349636316,0.5013967156410217,0.1,0.1,0.09
97.599278,152244911,0.0989612340927124,0.1073759794235229,352.6883850097656,-0.0012223204830661,0.0026358019094914,-5.254794597625732,0.07,0.1,352.67,-0.0151061369106173,0.0163444783538579,0.5012816786766052,0.1,0.1,0.09
97.699238,152344871,0.0989612340927124,0.1073759794235229,352.6883850097656,-0.0012980430619791,0.0026383243966847,-5.204765796661377,0.07,0.1,352.67,-0.0152406282722949,0.0161226764321327,0.5012257695198059,0.1,0.1,0.09
97.799198,152444831,0.0997710451483726,0.1057792007923126,352.6883850097656,-0.0013659693067893,0.0025866634678095,-5.154716968536377,0.08,0.09,352.68,-0.0153975486755371,0.0158339329063892,0.5011509656906128,0.1,0.1,0.09
97.899991,152545624,0.1058509796857833,0.1016644760966301,352.6883850097656,-0.0013632624177262,0.0024148111697286,-5.104281425476074,0.09,0.09,352.68,-0.0154162691906094,0.0156763810664415,0.5009446740150452,0.1,0.1,0.09
97.999951,152645584,0.1097514182329177,0.097689114511013,352.6883850097656,-0.0014976534293964,0.0024178668390959,-5.054254531860352,0.09,0.08,352.67,-0.0153793059289455,0.0157822258770465,0.5012227892875671,0.1,0.1,0.09
98.099911,152745544,0.1110719963908195,0.0954592153429985,352.6883850097656,-0.0016383936163038,0.0024588301312178,-5.004202842712402,0.1,0.08,352.67,-0.0152678154408931,0.015942059457302,0.5009981393814087,0.1,0.1,0.09
98.199871,152845504,0.1097906157374382,0.0929984673857688,352.6883850097656,-0.0017175085376948,0.0024722220841795,-4.954156875610352,0.1,0.08,352.68,-0.0151473442092537,0.01609200052917,0.5010571479797363,0.1,0.1,0.09
98.299831,152945464,0.1079613491892814,0.0910235345363617,352.6883850097656,-0.0018002123106271,0.0025233344640582,-4.904091835021973,0.1,0.08,352.68,-0.0149657391011714,0.0162108428776264,0.5009992718696594,0.1,0.1,0.09
98.399791,153045424,0.1065404638648033,0.0902222618460655,352.6883850097656,-0.0018222288927063,0.0025356840342283,-4.854045867919922,0.09,0.08,352.68,-0.0147671438753604,0.01624639891088,0.5006387233734131,0.1,0.1,0.09
98.499751,153145384,0.1059119924902916,0.0919833481311798,352.6883850097656,-0.001856330432929,0.0025787805207073,-4.803983688354492,0.09,0.08,352.67,-0.0146186025813221,0.0163276381790637,0.5008761882781982,0.1,0.1,0.09
98.599711,153245344,0.1051191315054893,0.0929556563496589,352.6883850097656,-0.0018477089470252,0.0026055788621306,-4.75392484664917,0.1,0.09,352.67,-0.0144959902390837,0.016399048268795,0.5006082653999329,0.1,0.1,0.09
98.699671,153345304,0.1045579984784126,0.0932476446032524,352.6883850097656,-0.0018658151384443,0.0026843070518225,-4.7038893699646,0.1,0.08,352.68,-0.0143902469426393,0.0165220368653535,0.5004964470863342,0.1,0.1,0.09
98.799631,153445264,0.1044741049408912,0.0932912975549697,352.6883850097656,-0.0018452225485816,0.0027405733708292,-4.653814792633057,0.09,0.08,352.68,-0.0142683992162346,0.016609089449048,0.5005124807357788,0.1,0.1,0.09
98.899591,153545224,0.1044741049408912,0.0932912975549697,352.6883850097656,-0.0018357230583205,0.0028271933551877,-4.604165554046631,0.09,0.08,352.68,-0.0140664828941226,0.0166700668632984,0.5003158450126648,0.1,0.1,0.09
98.999551,153645184,0.1022243648767471,0.0938303992152214,352.6883850097656,-0.0017951857298612,0.0028895402792841,-4.554095268249512,0.09,0.08,352.67,-0.0138991111889481,0.0166727174073457,0.5005730390548706,0.1,0.1,0.09
99.099511,153745144,0.0984753370285034,0.0981614366173744,352.6883850097656,-0.0017780854832381,0.0029805875383317,-4.503993511199951,0.08,0.09,352.67,-0.0137981558218598,0.0166097655892372,0.5004494190216064,0.1,0.1,0.09
99.199471,153845104,0.0961888954043388,0.1018412336707115,352.6883850097656,-0.0017406536499038,0.0030419379472732,-4.453938484191895,0.08,0.09,352.67,-0.0138406371697783,0.0164685882627964,0.5002272725105286,0.1,0.11,0.09
99.299431,153945064,0.095278762280941,0.1032496094703674,352.6883850097656,-0.001766727422364,0.0031477017328143,-4.403484344482422,0.08,0.09,352.68,-0.0140165109187364,0.016317019239068,0.5004103183746338,0.1,0.11,0.09
99.399391,154045024,0.0948716327548027,0.1035645902156829,352.6883850097656,-0.0017721022013574,0.0032013200689107,-4.353479385375977,0.08,0.1,352.68,-0.0141566479578614,0.016138982027769,0.5000993609428406,0.1,0.11,0.09
99.499351,154144984,0.0948503538966178,0.1035666465759277,352.6883850097656,-0.0018282976234331,0.0032760314643383,-4.303534507751465,0.08,0.1,352.67,-0.0143708167597651,0.0159911904484033,0.500199556350708,0.1,0.11,0.09
99.599311,154244944,0.0948503538966178,0.1035666465759277,352.6883850097656,-0.001864586607553,0.003287386149168,-4.253596782684326,0.08,0.1,352.67,-0.0145563129335641,0.0157822594046592,0.4999737441539764,0.1,0.11,0.09
99.699271,154344904,0.0948503538966178,0.1035666465759277,352.6883850097656,-0.001946712960489,0.0033073627855628,-4.203662872314453,0.08,0.09,352.67,-0.0147035587579011,0.015658089891076,0.4999143183231354,0.1,0.11,0.09
99.799231,154444864,0.0956842526793479,0.1004445403814315,352.6883850097656,-0.0020146917086094,0.0032798093743622,-4.153700828552246,0.08,0.09,352.68,-0.0147738363593816,0.0154941854998469,0.5001104474067688,0.1,0.11,0.09
99.899191,154544824,0.1006864830851554,0.0958862230181694,352.6883850097656,-0.0021225744858384,0.00327357230708,-4.103718280792236,0.09,0.08,352.68,-0.014764062128961,0.0153929367661476,0.500191330909729,0.1,0.11,0.09
99.999984,154645617,0.1042344942688942,0.0911757424473762,352.6883850097656,-0.0022029504179954,0.0032451308798044,-4.053321361541748,0.09,0.08,352.68,-0.0146752698346972,0.0153801012784242,0.5001688003540039,0.1,0.11,0.09
100.099944,154745577,0.1055343225598335,0.0887626558542251,352.6883850097656,-0.0022900528274476,0.0032461655791848,-4.003340721130371,0.09,0.08,352.68,-0.0145560717210173,0.0154660139232873,0.5002620816230774,0.1,0.11,0.09
100.199904,154845537,0.1053617522120475,0.0875896140933036,352.6883850097656,-0.0023299914319068,0.0032246853224933,-3.953359365463257,0.09,0.08,352.68,-0.0143610518425703,0.0154980970546603,0.5002758502960205,0.1,0.11,0.09
100.299864,154945497,0.1052509844303131,0.0874394252896308,352.6883850097656,-0.0023873024620115,0.0032464540563523,-3.903381109237671,0.09,0.08,352.68,-0.0142562789842486,0.0155853265896439,0.5002474784851074,0.1,0.11,0.09
100.399824,155045457,0.1052544265985488,0.0874529406428337,352.6883850097656,-0.0023801669012755,0.0032404651865363,-3.853415727615357,0.09,0.08,352.68,-0.014072292484343,0.0156514439731836,0.500169575214386,0.1,0.11,0.09
100.499784,155145417,0.1052997037768364,0.0879486575722694,352.6883850097656,-0.002379831392318,0.0032745273783802,-3.803466320037842,0.09,0.08,352.68,-0.013908302411437,0.0157016143202781,0.4997909367084503,0.1,0.11,0.09
100.599744,155245377,0.1053249537944793,0.0882256925106048,352.6883850097656,-0.0023290498647838,0.003294036258012,-3.753520965576172,0.09,0.08,352.68,-0.0137657122686505,0.015722170472145,0.5000261664390564,0.1,0.11,0.09
100.699704,155345337,0.1053249537944793,0.0882256925106048,352.6883850097656,-0.002298699459061,0.0033623813651502,-3.703575611114502,0.09,0.07,352.68,-0.0136218229308724,0.0157772228121757,0.4998263716697693,0.1,0.11,0.09
100.799664,155445297,0.1052372530102729,0.0883788242936134,352.6883850097656,-0.0022203733678907,0.0034041698090732,-3.6536190509796143,0.09,0.07,352.68,-0.0133552579209208,0.0157947521656751,0.5000373721122742,0.1,0.11,0.09
100.899624,155545257,0.1029205545783042,0.0947157219052314,352.6883850097656,-0.0021567116491496,0.0034887038636952,-3.6036438941955566,0.09,0.08,352.67,-0.0131957819685339,0.0158688724040985,0.5001193881034851,0.1,0.11,0.09
100.999584,155645217,0.0980271100997924,0.100225068628788,352.6883850097656,-0.0020508265588432,0.0035299260634928,-3.554090976715088,0.09,0.09,352.67,-0.0130899474024772,0.0158693306148052,0.5002055764198303,0.1,0.11,0.09
101.099544,155745177,0.0945253148674964,0.1033616438508033,352.6883850097656,-0.0019935497548431,0.0036143113393336,-3.50411319732666,0.08,0.09,352.67,-0.0131152234971523,0.0158218778669834,0.5002332329750061,0.1,0.11,0.09
101.199504,155845137,0.0933180823922157,0.1050270795822143,352.6883850097656,-0.0019224905408918,0.003652747021988,-3.454127073287964,0.08,0.09,352.67,-0.0132119143381714,0.0157120283693075,0.5003311634063721,0.1,0.11,0.09
101.299464,155945097,0.0936922580003738,0.1064628139138221,352.6883850097656,-0.0019043829524889,0.003712345380336,-3.4041390419006348,0.08,0.09,352.67,-0.0133739225566387,0.0155983734875917,0.500283420085907,0.1,0.11,0.09
101.399424,156045057,0.094500258564949,0.1072795689105987,352.6883850097656,-0.0018876938847824,0.0037369728088378,-3.3536975383758545,0.08,0.1,352.67,-0.0135467099025845,0.0154278641566634,0.5004488229751587,0.1,0.11,0.09
101.499384,156145017,0.0950846299529075,0.1074197739362716,352.6883850097656,-0.0019171088933944,0.0037718962412327,-3.303663969039917,0.08,0.1,352.68,-0.013811107724905,0.0153603833168745,0.5003006458282471,0.1,0.11,0.09
101.599344,156244977,0.097481682896614,0.1039573401212692,352.6883850097656,-0.0019305379828438,0.0037692317273467,-3.253629684448242,0.08,0.09,352.68,-0.0139892688021063,0.0152797056362032,0.5002163052558899,0.1,0.11,0.09
101.699304,156344937,0.0985424220561981,0.1024175435304641,352.6883850097656,-0.0019866032525897,0.0037934836000204,-3.203596830368042,0.08,0.09,352.68,-0.0141275646165013,0.0152032831683754,0.5001432299613953,0.1,0.11,0.09
101.799264,156444897,0.0991169437766075,0.1002698093652725,352.6883850097656,-0.0020313756540417,0.0037649841979146,-3.153573751449585,0.09,0.09,352.68,-0.0142390504479408,0.0151971466839313,0.5000666379928589,0.1,0.11,0.09
101.899224,156544857,0.1005688831210136,0.0991323366761207,352.6883850097656,-0.0021212068386375,0.0037615830078721,-3.103579044342041,0.09,0.09,352.68,-0.0143190836533904,0.0152137912809848,0.4999550282955169,0.1,0.11,0.09
102.000017,156645650,0.1015463545918464,0.0987427234649658,352.6883850097656,-0.0021976358257234,0.0037548497784882,-3.053154468536377,0.09,0.09,352.67,-0.0143910963088274,0.0152606014162302,0.4999652802944183,0.11,0.11,0.09
102.099977,156745610,0.1018456220626831,0.098623439669609,352.6883850097656,-0.0023006233386695,0.0037887429352849,-3.0031521320343018,0.09,0.09,352.67,-0.0144170727580785,0.0153411719948053,0.4998914301395416,0.11,0.11,0.09
102.199937,156845570,0.1015942171216011,0.0981132239103317,352.6883850097656,-0.0023630778305232,0.0037977632600814,-2.9531471729278564,0.08,0.09,352.67,-0.0143657736480236,0.0153567707166075,0.5000965595245361,0.11,0.11,0.09
102.299897,156945530,0.1013434901833534,0.0975861400365829,352.6883850097656,-0.002319207182154,0.0036989108193665,-2.903128147125244,0.09,0.09,352.67,-0.0142915630713105,0.0152687039226293,0.5000802278518677,0.11,0.11,0.09
102.399857,157045490,0.100089356303215,0.0944010466337204,352.6883850097656,-0.0024140491150319,0.0037617583293467,-2.8531014919281006,0.09,0.08,352.67,-0.014347574673593,0.0153065109625458,0.4999501705169678,0.11,0.11,0.09
102.499817,157145450,0.0984293520450592,0.0907457247376442,352.6883850097656,-0.0025197085924446,0.0038400450721383,-2.803047180175781,0.08,0.08,352.67,-0.0143198128789663,0.015366562642157,0.4999759793281555,0.11,0.11,0.09
102.599777,157245410,0.0968958884477615,0.0880518555641174,352.6883544921875,-0.0027799403760582,0.0038683407474309,-2.752974510192871,0.08,0.08,352.67,-0.0142804207280278,0.0153452772647142,0.4998766779899597,0.11,0.11,0.09
102.699737,157345370,0.0961683392524719,0.08523491024971,352.6883544921875,-0.0031769841443747,0.0039134910330176,-2.702911853790283,0.09,0.07,352.68,-0.0142087275162339,0.0152557902038097,0.4995803833007812,0.11,0.11,0.09
102.799697,157445330,0.0960162207484245,0.0820722505450248,352.6883544921875,-0.0036126205231994,0.003908172249794,-2.652837038040161,0.09,0.07,352.68,-0.014063861221075,0.0151968877762556,0.4996249377727508,0.11,0.11,0.09
102.899657,157545290,0.0973301157355308,0.0773182138800621,352.6883544921875,-0.0041035418398678,0.0039254715666174,-2.602759599685669,0.09,0.07,352.68,-0.0139667401090264,0.0151709159836173,0.4995708465576172,0.11,0.11,0.09
102.999617,157645250,0.0992437005043029,0.0729519426822662,352.6883544921875,-0.0045529874041676,0.0039082863368093,-2.5526723861694336,0.09,0.06,352.68,-0.0136575698852539,0.0151614006608724,0.4995311498641968,0.11,0.11,0.09
103.099577,157745210,0.1001092568039894,0.0692317709326744,352.6883544921875,-0.0049840984866023,0.0039181536994874,-2.5029942989349365,0.09,0.06,352.68,-0.0134186530485749,0.015226331539452,0.499394416809082,0.11,0.11,0.09
103.199537,157845170,0.0998214855790138,0.0661920085549354,352.6883544921875,-0.0053672567009925,0.0039056721143424,-2.452906370162964,0.09,0.06,352.68,-0.0130893411114811,0.0151898432523012,0.4994192123413086,0.11,0.11,0.09
103.299497,157945130,0.0997582674026489,0.0637651607394218,352.6883544921875,-0.0057367044501006,0.0039220484904944,-2.4028191566467285,0.09,0.05,352.68,-0.0128092421218752,0.0151870865374803,0.4993148446083069,0.11,0.11,0.09
103.399457,158045090,0.0993271917104721,0.0618426240980625,352.6883544921875,-0.0060274158604443,0.0039027272723615,-2.352761745452881,0.09,0.05,352.67,-0.0124600287526845,0.0150960143655538,0.499252051115036,0.11,0.11,0.09
103.499417,158145050,0.0997127667069435,0.0606900826096534,352.6883544921875,-0.0063001606613397,0.003926692996174,-2.302326440811157,0.09,0.05,352.67,-0.0120722344145178,0.0150668621063232,0.4990798830986023,0.11,0.11,0.09
103.599377,158245010,0.1002832055091857,0.0603341199457645,352.6883544921875,-0.0064718010835349,0.0039101149886846,-2.252316474914551,0.09,0.05,352.68,-0.0116246584802865,0.0150767331942915,0.4988719820976257,0.11,0.11,0.09
103.699337,158344970,0.1003803238272667,0.0602734945714473,352.6883544921875,-0.0066063064150512,0.0039238557219505,-2.2023122310638428,0.09,0.05,352.68,-0.0112800691276788,0.0150086060166358,0.4989212155342102,0.11,0.11,0.09
103.799297,158444930,0.1003803238272667,0.0602734945714473,352.6883544921875,-0.0066566430032253,0.0038973856717348,-2.152313232421875,0.09,0.05,352.67,-0.0108341518789529,0.014948989264667,0.4988100528717041,0.11,0.11,0.09
103.899257,158544890,0.1012399494647979,0.0621721819043159,352.6883544921875,-0.0066710072569549,0.0038988969754427,-2.102313756942749,0.09,0.05,352.67,-0.0103973858058452,0.0149183711037039,0.4986940920352936,0.11,0.11,0.09
103.999217,158644850,0.1019015535712242,0.0666180029511451,352.6883544921875,-0.006605505477637,0.0038529313169419,-2.0523171424865723,0.09,0.06,352.67,-0.0100463395938277,0.0149601763114333,0.4986663162708282,0.11,0.11,0.09
104.10001,158745643,0.1017923578619957,0.0711081400513649,352.6883544921875,-0.0065331398509442,0.0038441915530711,-2.001904010772705,0.09,0.06,352.67,-0.0098025612533092,0.0149487843737006,0.4987157881259918,0.11,0.11,0.09
104.19997,158845603,0.1020835861563682,0.0754356011748313,352.6883544921875,-0.0064185308292508,0.0037785654421895,-1.9518874883651731,0.09,0.07,352.67,-0.0096740704029798,0.0148956254124641,0.4987534880638122,0.11,0.11,0.09
104.29993,158945563,0.1026928052306175,0.0784690603613853,352.6883544921875,-0.0063242963515222,0.0037407497875392,-1.9018748998641968,0.09,0.07,352.67,-0.0095971710979938,0.0149124125018715,0.4988157749176025,0.11,0.11,0.09
104.39989,159045523,0.1031732037663459,0.0810495391488075,352.6883544921875,-0.0061973212286829,0.0036686593666672,-1.8518657684326167,0.09,0.07,352.67,-0.0095842266455292,0.0149002540856599,0.4987638294696808,0.11,0.11,0.09
104.49985,159145483,0.1031479910016059,0.0819749981164932,352.6883544921875,-0.0060862675309181,0.0036333070602267,-1.8018568754196167,0.09,0.07,352.67,-0.0095272185280919,0.0149336699396371,0.4986466765403747,0.11,0.11,0.09
104.59981,159245443,0.1031408458948135,0.082236498594284,352.6883544921875,-0.0059502543881535,0.0035848196130245,-1.751858830451965,0.09,0.07,352.67,-0.0094478968530893,0.0149458665400743,0.4986234009265899,0.11,0.11,0.09
104.69977,159345403,0.1031408458948135,0.082236498594284,352.6883544921875,-0.0058316835202276,0.0035842738579958,-1.70185649394989,0.09,0.06,352.67,-0.0093794753775,0.0149521715939044,0.4985910952091217,0.11,0.11,0.09
104.79973,159445363,0.1031408458948135,0.082236498594284,352.6883544921875,-0.0056715514510869,0.0037361390423029,-1.6518723964691162,0.08,0.07,352.67,-0.0093313166871666,0.0149818221107125,0.498555839061737,0.11,0.11,0.09
104.89969,159545323,0.1028325781226158,0.0833849683403968,352.6883544921875,-0.0055202166549861,0.004034015815705,-1.601910948753357,0.09,0.06,352.67,-0.0092442743480205,0.0150437001138925,0.4984684288501739,0.11,0.11,0.09
104.99965,159645283,0.0996639505028724,0.0888460725545883,352.6883544921875,-0.0053411745466291,0.0043809823691844,-1.5519533157348633,0.08,0.07,352.67,-0.0091882199048995,0.0151262218132615,0.4984646141529083,0.11,0.11,0.09
105.09961,159745243,0.0939461141824722,0.0952287316322326,352.6883850097656,-0.0051903305575251,0.0048036682419478,-1.5019946098327637,0.08,0.08,352.67,-0.0093355756253004,0.0152041055262088,0.4984872937202453,0.11,0.11,0.09
105.19957,159845203,0.0863886848092079,0.098596952855587,352.6883544921875,-0.0050199008546769,0.0051915370859205,-1.4524592161178589,0.08,0.09,352.67,-0.0095822485163807,0.0152427023276686,0.4985172152519226,0.11,0.11,0.09
105.29953,159945163,0.080982893705368,0.0990335568785667,352.6883544921875,-0.0048984605818986,0.0056078494526445,-1.402498722076416,0.07,0.09,352.67,-0.0098454635590314,0.0152050061151385,0.4986026287078857,0.11,0.11,0.09
105.39949,160045123,0.076265275478363,0.097490556538105,352.6883544921875,-0.0047929063439369,0.0059708133339881,-1.352530837059021,0.06,0.09,352.67,-0.0101484153419733,0.0150415441021323,0.4986608624458313,0.11,0.11,0.09
105.49945,160145083,0.0728316679596901,0.0955578386783599,352.6883544921875,-0.0047454293817281,0.0063227741047739,-1.3025649785995483,0.06,0.08,352.67,-0.0104249753057956,0.0147694330662488,0.4987319111824035,0.11,0.11,0.09
105.59941,160245043,0.0711549222469329,0.0941989719867706,352.6883544921875,-0.0047085308469831,0.0066227032802999,-1.2521799802780151,0.06,0.08,352.67,-0.0106312595307827,0.014494402334094,0.4987508654594421,0.11,0.11,0.09
105.69937,160345003,0.0702367052435875,0.0931382253766059,352.6883544921875,-0.0046981279738247,0.0068967114202678,-1.2022035121917725,0.06,0.08,352.67,-0.0108091114088892,0.0142370238900184,0.4987045228481293,0.11,0.11,0.09
105.79933,160444963,0.0690950006246566,0.0914549082517623,352.6883544921875,-0.0046774889342486,0.0070930230431258,-1.1522903442382812,0.06,0.08,352.67,-0.0110071115195751,0.0139502380043268,0.4987099766731262,0.11,0.11,0.09
105.89929,160544923,0.0682831034064292,0.0898913592100143,352.6883544921875,-0.0046907435171306,0.0072655421681702,-1.102426052093506,0.06,0.08,352.67,-0.0111925369128584,0.0136295650154352,0.4986909925937652,0.11,0.11,0.09
105.99925,160644883,0.0686240121722221,0.0884062722325325,352.6883544921875,-0.0046840724535286,0.0073677068576216,-1.0525987148284912,0.06,0.08,352.68,-0.0112752811983227,0.0132363559678196,0.4987375140190124,0.11,0.11,0.09
106.09921,160744843,0.0687591359019279,0.0878432095050811,352.6883544921875,-0.0046996437013149,0.0074579040519893,-1.0027951002120972,0.05,0.07,352.68,-0.0113748162984848,0.0129519887268543,0.4987701177597046,0.11,0.11,0.09
106.200003,160845636,0.0688427612185478,0.0877501815557479,352.6883544921875,-0.0047050830908119,0.0074906754307448,-0.9525852799415588,0.06,0.08,352.68,-0.0114589435979723,0.0126098813489079,0.4988476932048797,0.11,0.11,0.09
106.299963,160945596,0.0725299417972564,0.0869829282164573,352.6883544921875,-0.0047277305275201,0.0074998810887336,-0.9027828574180604,0.06,0.08,352.68,-0.0115717034786939,0.0123824477195739,0.4990094900131225,0.11,0.11,0.09
106.399923,161045556,0.0765197426080703,0.0852342024445533,352.6883544921875,-0.0047304150648415,0.0074484376236796,-0.8529751896858215,0.06,0.08,352.68,-0.0116435950621962,0.0121395103633403,0.4992600977420807,0.11,0.11,0.09
106.499883,161145516,0.0817140415310859,0.0832783579826355,352.6883544921875,-0.0047564865089952,0.0073986770585179,-0.8031934499740601,0.07,0.08,352.68,-0.0116839129477739,0.0120693668723106,0.4994067549705505,0.11,0.11,0.09
106.599843,161245476,0.0841405540704727,0.0823715552687645,352.6883544921875,-0.0047725900076329,0.0073163746856153,-0.7534231543540955,0.07,0.07,352.68,-0.0116917639970779,0.0119963651522994,0.499580979347229,0.11,0.11,0.09
106.699803,161345436,0.0847552865743637,0.0810273438692092,352.6883544921875,-0.0048194527626037,0.0072570028714835,-0.7036409378051758,0.07,0.07,352.68,-0.011659475043416,0.0119844898581504,0.4997665584087372,0.11,0.11,0.09
106.799763,161445396,0.0849786698818206,0.0805388614535331,352.6883544921875,-0.0048229522071778,0.0071526798419654,-0.6538681387901306,0.07,0.07,352.68,-0.0115789445117115,0.0118815265595912,0.4998716115951538,0.11,0.11,0.09
106.899723,161545356,0.0849938318133354,0.0805057361721992,352.6883544921875,-0.0048329513520002,0.0070540108717978,-0.6040919423103333,0.07,0.07,352.68,-0.011541006155312,0.0117990067228674,0.5000389814376831,0.11,0.11,0.09
106.999683,161645316,0.0849938318133354,0.0805057361721992,352.6883544921875,-0.0048026596195995,0.0069256019778549,-0.5542705655097961,0.07,0.07,352.68,-0.0113918259739875,0.0117561100050807,0.5002682209014893,0.11,0.11,0.09
107.099643,161745276,0.0869759917259216,0.0822168812155723,352.6883544921875,-0.0047861542552709,0.0068153915926814,-0.5044150352478027,0.07,0.07,352.68,-0.0113994497805833,0.011709276586771,0.5004566311836243,0.11,0.11,0.09
107.199603,161845236,0.090004026889801,0.0845353603363037,352.6883544921875,-0.0047470028512179,0.0066836676560342,-0.4545374512672424,0.08,0.07,352.68,-0.0113399298861622,0.0116846812888979,0.5006569623947144,0.11,0.11,0.09
107.299563,161945196,0.0919626057147979,0.0860114321112632,352.6883544921875,-0.004723466001451,0.0065759099088609,-0.4050527811050415,0.08,0.07,352.68,-0.0113587854430079,0.0117568299174308,0.500799834728241,0.11,0.11,0.09
107.399523,162045156,0.0937007069587707,0.0869641751050949,352.6883544921875,-0.0044742040336132,0.006444355007261,-0.3551139831542969,0.08,0.07,352.68,-0.0112703302875161,0.0117730414494872,0.5010010600090027,0.11,0.11,0.09
107.499483,162145116,0.0958576276898384,0.0912078097462654,352.6883544921875,-0.0041160029359161,0.006335059646517,-0.3051221072673797,0.08,0.07,352.68,-0.0111594693735241,0.011880837380886,0.5012311339378357,0.11,0.11,0.09
107.599443,162245076,0.0970750451087951,0.0961514934897422,352.6883850097656,-0.0036425534635782,0.0062063471414148,-0.2550752460956573,0.08,0.08,352.68,-0.0110946539789438,0.0119624231010675,0.501308798789978,0.11,0.11,0.09
107.699403,162345036,0.0980688109993934,0.1035755649209022,352.6883850097656,-0.0030091293156147,0.0059972973540425,-0.2045754492282867,0.08,0.09,352.68,-0.0110862478613853,0.0120482640340924,0.5013261437416077,0.11,0.11,0.09
107.799363,162444996,0.0975289493799209,0.1094089746475219,352.6883850097656,-0.0025424482300877,0.0059350579977035,-0.1544490605592727,0.09,0.1,352.68,-0.011305165477097,0.0122088966891169,0.5012558698654175,0.11,0.11,0.09
107.899323,162544956,0.0962708741426467,0.1114847734570503,352.6883850097656,-0.0021021135617047,0.0059015536680817,-0.1042804941534996,0.09,0.1,352.68,-0.0115125384181737,0.0124995736405253,0.5012184977531433,0.11,0.11,0.1
107.999283,162644916,0.0934599041938781,0.1135419383645057,352.6883850097656,-0.0016391788376495,0.0058455714024603,-0.054098006337881,0.08,0.1,352.68,-0.0117383422330021,0.0126572987064719,0.5011023879051208,0.11,0.11,0.1
108.099243,162744876,0.0915700867772102,0.1154584735631942,352.6883850097656,-0.0012290244922041,0.005817839410156,-0.0039042625576257,0.08,0.1,352.68,-0.0119598656892776,0.0127855939790606,0.5009458661079407,0.11,0.11,0.1
108.199203,162844836,0.0872064307332038,0.1165391355752945,352.6883850097656,-0.0009163234499283,0.0058862953446805,0.0346597433090209,0.08,0.09,352.68,-0.0145612861961126,0.0158646907657384,0.1811257004737854,0.11,0.11,0.1
108.299996,162945629,0.061117123812437,0.0966453328728675,352.6883544921875,-0.0009519488667137,0.0063495095819234,0.036367729306221,0.09,0.09,352.68,-0.0166858620941638,0.01852473244071,-0.0975957214832305,0.11,0.11,0.1
108.399956,163045589,0.0293769855052232,0.0697400569915771,352.6883239746094,-0.00101898110006,0.0068545006215572,0.0270214341580867,0.09,0.08,352.68,-0.0168346595019102,0.0189265757799148,-0.1404972970485687,0.11,0.11,0.1
108.499916,163145549,0.0109189646318554,0.0589747577905654,352.68829345703125,-0.0010615753708407,0.0073207379318773,0.0224356893450021,0.09,0.08,352.68,-0.0161549840122461,0.0183092206716537,-0.0722086057066917,0.11,0.11,0.1
108.599876,163245509,0.0046725296415388,0.0606055110692977,352.68829345703125,-0.0009945734636858,0.0076398085802793,0.0234461091458797,0.09,0.08,352.68,-0.0154225528240203,0.0175936035811901,-0.0026715516578406,0.11,0.11,0.1
108.699836,163345469,0.0034066475927829,0.0688126534223556,352.68829345703125,-0.0009013570961542,0.0079080490395426,0.0281142871826887,0.09,0.08,352.68,-0.0149840945377945,0.017287602648139,0.027444003149867,0.11,0.11,0.1
108.799796,163445429,0.0012889249483123,0.0771579518914222,352.68829345703125,-0.0007727388874627,0.0081245005130767,0.0321078896522522,0.09,0.08,352.68,-0.0147920064628124,0.0172563679516315,0.0256961788982152,0.11,0.11,0.1
108.899756,163545389,-0.0029764175415039,0.0823192223906517,352.68829345703125,-0.0006849503843113,0.0083727948367595,0.0339720845222473,0.09,0.08,352.68,-0.0146822119131684,0.0173262152820825,0.0134472679346799,0.11,0.11,0.1
108.999716,163645349,-0.0147473029792308,0.0753942653536796,352.68829345703125,-0.0005775928730145,0.0085855824872851,0.034406941384077,0.09,0.08,352.68,-0.0145760811865329,0.0173185393214225,0.0045702313072979,0.11,0.11,0.1
109.099676,163745309,-0.0487199611961841,0.0240132100880146,352.6883239746094,-0.000510461279191,0.008822894655168,0.034087274223566,0.09,0.08,352.68,-0.0144358137622475,0.0172864031046628,0.0020922268740832,0.11,0.11,0.1
109.199636,163845269,-0.0848171263933181,-0.0335105992853641,352.6883850097656,-0.0004129044536966,0.0090140011161565,0.0336496159434318,0.09,0.08,352.68,-0.0142993824556469,0.0172643698751926,0.0033513086382299,0.11,0.11,0.1
109.299596,163945229,-0.1101218536496162,-0.0722642615437507,352.6884765625,-0.0003368094039615,0.0092103770002722,0.0333345681428909,0.09,0.08,352.68,-0.0141880102455616,0.0171900801360607,0.0052271890453994,0.11,0.11,0.1
109.399556,164045189,-0.1275617033243179,-0.0968258753418922,352.6885070800781,-0.0002451468026265,0.0093720098957419,0.0330098755657672,0.09,0.08,352.68,-0.0140309790149331,0.0170575827360153,0.0061153811402618,0.11,0.11,0.1
109.499516,164145149,-0.1390622407197952,-0.1117149740457534,352.68853759765625,-0.0001854380680015,0.0095484247431159,0.0326188057661056,0.08,0.08,352.68,-0.0139281647279858,0.0170046798884868,0.0060606566257774,0.11,0.11,0.1
109.599476,164245109,-0.1492050141096115,-0.1233489513397216,352.6885681152344,-9.528226655675098e-05,0.0096806231886148,0.0320989787578582,0.08,0.08,352.68,-0.0137666976079344,0.0169619508087635,0.0055635133758187,0.11,0.11,0.1
109.699436,164345069,-0.1578273177146911,-0.1319181770086288,352.6885986328125,-3.313866545795463e-05,0.0098353745415806,0.0314859598875045,0.08,0.08,352.68,-0.0136440843343734,0.0168673228472471,0.0051100254058837,0.11,0.11,0.1
109.799396,164445029,-0.1336984187364578,-0.1122323274612426,352.6885986328125,3.81067038688343e-05,0.0099657727405428,0.0308183431625366,0.08,0.08,352.68,-0.0135813616216182,0.0168139915913343,0.0048339567147195,0.11,0.11,0.1
109.899356,164544989,-0.0776490867137909,-0.0652652904391288,352.6885986328125,9.037351992446928e-05,0.0100991297513246,0.0301293786615133,0.08,0.08,352.68,-0.0134953232482075,0.0167129840701818,0.0046358359977602,0.11,0.11,0.1
109.999316,164644949,-0.0392374284565448,-0.0329981446266174,352.6885986328125,0.0001714609970804,0.0101838139817118,0.0294260662049055,0.08,0.08,352.68,-0.0133746452629566,0.0165777411311864,0.0044975522905588,0.11,0.11,0.1
110.099276,164744909,-0.0185297224670648,-0.0155879398807883,352.6885681152344,0.0002243208582513,0.0102920765057206,0.0287334881722927,0.08,0.08,352.68,-0.0132686756551265,0.0165144000202417,0.0043944027274847,0.11,0.11,0.1
110.199236,164844869,-0.0084202885627746,-0.0070847636088728,352.6885681152344,0.000304546294501,0.0103595135733485,0.0280386731028556,0.08,0.08,352.68,-0.0132303154096007,0.0164540484547615,0.0042134523391723,0.11,0.11,0.1
110.299196,164944829,-0.0037363972514867,-0.0031441368628293,352.6781005859375,0.0003394917875993,0.0104737626388669,0.0273516122251749,0.08,0.08,352.67,-0.0132192866876721,0.0164422616362571,0.0040040747262537,0.11,0.11,0.1
110.399989,165045622,-0.0015375224174931,-0.0011616479605436,352.65289306640625,0.0004732569504994,0.0104786343872547,0.0261618997901678,0.08,0.08,352.65,-0.0131503250449895,0.016326680779457,0.0037261908873915,0.11,0.11,0.1
110.499949,165145582,-5.9816171415150166e-05,0.0001483255182392,352.6221923828125,0.0004378169833216,0.0106650600209832,0.0246675685048103,0.08,0.08,352.62,-0.0131712518632411,0.0163407865911722,0.0034667083527892,0.11,0.11,0.1
110.599909,165245542,0.0004871886339969,0.0005307007231749,352.5929870605469,0.0005322853685356,0.0107042444869875,0.0229187458753585,0.08,0.08,352.59,-0.0131155606359243,0.0163021497428417,0.0032416218891739,0.11,0.12,0.1
110.699869,165345502,0.0004123224935028,0.000427292776294,352.5680847167969,0.0004636488738469,0.0109250824898481,0.0210832059383392,0.08,0.08,352.56,-0.0131057109683752,0.0163623485714197,0.0029925517737865,0.11,0.11,0.1
110.799829,165445462,0.0001429082767572,0.0001171772455563,352.5475769042969,0.000544948503375,0.0109765026718378,0.0192156862467527,0.08,0.08,352.54,-0.0130465039983391,0.0162386987358331,0.0026933783665299,0.11,0.12,0.1
110.899789,165545422,4.810501195606776e-05,1.864050682343077e-05,352.5302429199219,0.0004679153207689,0.0111928777769207,0.017396230250597,0.08,0.08,352.53,-0.0130943683907389,0.0162380971014499,0.0024290613364428,0.11,0.11,0.1
110.999749,165645382,4.810502287000418e-05,1.864050682343077e-05,352.51470947265625,0.0005474237259477,0.0112237846478819,0.0156380385160446,0.08,0.08,352.51,-0.0129724293947219,0.0161363612860441,0.0022067772224545,0.11,0.12,0.1
111.099709,165745342,4.810501923202537e-05,1.864050682343077e-05,352.5010681152344,0.0004794881388079,0.0114189116284251,0.0139790615066885,0.08,0.08,352.5,-0.0129872588440775,0.0161539334803819,0.0020074788480997,0.11,0.11,0.1
111.199669,165845302,4.810503014596179e-05,1.864050682343077e-05,352.4884948730469,0.0005726332892663,0.0114229656755924,0.0124127557501196,0.08,0.08,352.48,-0.0128016145899891,0.0159721933305263,0.001763439271599,0.11,0.12,0.1
111.299629,165945262,4.810504833585583e-05,1.8640510461409576e-05,352.4772644042969,0.0005288703832775,0.0115818912163376,0.0109509108588099,0.08,0.08,352.47,-0.0127104874700307,0.0159151181578636,0.0015832824865356,0.11,0.12,0.1
111.399589,166045222,4.81050337839406e-05,1.864050136646256e-05,352.46710205078125,0.0006572831771336,0.0115328645333647,0.0095787765458226,0.08,0.08,352.46,-0.0125541919842362,0.0157007705420255,0.0013829258969053,0.11,0.12,0.1
111.499549,166145182,4.810502650798298e-05,1.8640494090504944e-05,352.4578552246094,0.0006356412777677,0.0116512449458241,0.0083024762570858,0.08,0.08,352.45,-0.0124734966084361,0.0156494360417127,0.0011757315369322,0.11,0.12,0.1
111.599509,166245142,4.81050337839406e-05,1.864050318545196e-05,352.4495849609375,0.0007759812287986,0.0115731917321681,0.0071075996384024,0.08,0.08,352.44,-0.0122874844819307,0.0153302140533924,0.0009823376312851,0.11,0.12,0.1
111.699469,166345102,4.810502650798298e-05,1.864050682343077e-05,352.4420471191406,0.0007786495843902,0.0116401929408311,0.0059965685941278,0.08,0.07,352.44,-0.0122460769489407,0.0151698915287852,0.0008973680669441,0.11,0.12,0.1
111.799429,166445062,4.810502287000418e-05,1.864050500444137e-05,352.4354553222656,0.0009287048596888,0.0115245813503861,0.0049600726924836,0.08,0.07,352.43,-0.0119719877839088,0.014854778535664,0.0007395102875307,0.11,0.12,0.1
111.899389,166545022,4.81050337839406e-05,1.8640510461409576e-05,352.4290771484375,0.0009604341466911,0.0115463193506002,0.0039954669773578,0.08,0.07,352.42,-0.0117672877386212,0.0146810272708535,0.0005927994498051,0.11,0.12,0.1
111.999349,166644982,4.810502287000418e-05,1.864050500444137e-05,352.42340087890625,0.0010570215526968,0.0114957625046372,0.0030900286510586,0.08,0.07,352.42,-0.0115460315719246,0.014471385627985,0.0004536765336524,0.11,0.12,0.1
112.099309,166744942,4.810502650798298e-05,1.864050682343077e-05,352.41845703125,0.0011589328059926,0.0114367324858903,0.0022381965536624,0.08,0.07,352.41,-0.0113566927611827,0.0142046539112925,0.0003373725048732,0.11,0.12,0.1
112.199269,166844902,4.810504833585583e-05,1.8640514099388383e-05,352.4137878417969,0.0013063615188002,0.0113191306591033,0.0014387925621122,0.08,0.07,352.41,-0.0111292395740747,0.013958390802145,0.0002413261245237,0.11,0.12,0.1
112.299229,166944862,4.810505561181344e-05,1.8640521375346e-05,352.4097595214844,0.0014451917959377,0.0112058604136109,0.0006857132539153,0.08,0.07,352.4,-0.0109712937846779,0.0137170637026429,0.0001246296742465,0.11,0.12,0.1
112.399189,167044822,4.810505561181344e-05,1.864053228928242e-05,352.4060363769531,0.0016179344383999,0.0110499178990721,-2.7136817152495496e-05,0.08,0.07,352.4,-0.0107376249507069,0.0134703833609819,3.984434442827478e-06,0.11,0.12,0.1
112.499982,167145615,4.81050337839406e-05,1.8640526832314208e-05,352.4027404785156,0.0017715505091473,0.010920793749392,-0.0007043453515507,0.08,0.07,352.4,-0.0105379950255155,0.0132894860580563,-9.821396815823392e-05,0.11,0.12,0.1
112.599942,167245575,4.81050337839406e-05,1.864053774625063e-05,352.3995666503906,0.0019585015252232,0.0107433376833796,-0.0013399880845099,0.08,0.07,352.39,-0.0103646703064441,0.0130118215456604,-0.0001564137928653,0.11,0.12,0.1
112.699902,167345535,4.810504105989821e-05,1.8640545022208244e-05,352.3965759277344,0.0021226315293461,0.010581886395812,-0.0019422858022153,0.07,0.07,352.39,-0.0101928310468792,0.0127479657530784,-0.0002424788399366,0.11,0.12,0.1
112.799862,167445495,4.810505561181344e-05,1.864055047917645e-05,352.3937683105469,0.0023070941679179,0.0103890439495444,-0.002510990248993,0.07,0.07,352.39,-0.0100668696686625,0.0125009026378393,-0.0002803471288643,0.11,0.12,0.1
112.899822,167545455,4.810505197383464e-05,1.864055047917645e-05,352.3913879394531,0.0024662048090249,0.010223789140582,-0.0030517179984599,0.07,0.07,352.39,-0.0099034644663333,0.0123625136911869,-0.0003426396870054,0.11,0.12,0.1
112.999782,167645415,4.810504105989821e-05,1.864054320321884e-05,352.3890686035156,0.002644769847393,0.0100344866514205,-0.0035648441407829,0.08,0.07,352.38,-0.0097537962719798,0.0121197346597909,-0.0003871384542435,0.11,0.12,0.1
113.099742,167745375,4.8105037421919405e-05,1.8640545022208244e-05,352.38690185546875,0.0027969588991254,0.0098698157817125,-0.0040516159497201,0.08,0.07,352.38,-0.0096327774226665,0.0119557660073041,-0.000426673766924,0.11,0.12,0.1
113.199702,167845335,4.810503014596179e-05,1.864053774625063e-05,352.3848876953125,0.002965934574604,0.0096858171746134,-0.0045112669467926,0.08,0.07,352.38,-0.0094827190041542,0.0117717133834958,-0.0004361475585028,0.11,0.12,0.1
113.299662,167945295,4.8105037421919405e-05,1.864053774625063e-05,352.3830261230469,0.0031093135476112,0.009532262571156,-0.0049479971639811,0.08,0.07,352.38,-0.009386328049004,0.0116475699469447,-0.0004923452506773,0.11,0.12,0.1
113.399622,168045255,4.810501923202537e-05,1.8640534108271822e-05,352.3814697265625,0.0032666441984474,0.0093671483919024,-0.005367798730731,0.08,0.07,352.38,-0.0092669054865837,0.0115750348195433,-0.0005494528450071,0.11,0.12,0.1
113.499582,168145215,4.810502287000418e-05,1.864053774625063e-05,352.3798522949219,0.0034055165015161,0.0092272879555821,-0.0057726427912712,0.08,0.07,352.37,-0.0091388877481222,0.01141944155097,-0.0006515926797874,0.11,0.12,0.1
113.599542,168245175,4.810503014596179e-05,1.864054320321884e-05,352.37823486328125,0.0035536959767341,0.0090786386281251,-0.0061674937605857,0.08,0.07,352.37,-0.009003353305161,0.0113220792263746,-0.0007288142805919,0.11,0.12,0.1
113.699502,168345135,4.810504469787702e-05,1.8640545022208244e-05,352.3769836425781,0.0036743038799613,0.0089659290388226,-0.0065505788661539,0.08,0.07,352.37,-0.0089355846866965,0.0113044967874884,-0.0008298800094053,0.11,0.12,0.1
113.799462,168445095,4.810504105989821e-05,1.864054320321884e-05,352.3757629394531,0.0038046569097787,0.0088400840759277,-0.0069199339486658,0.08,0.07,352.37,-0.0089037474244833,0.0112636573612689,-0.0008684183703735,0.11,0.12,0.1
113.899422,168545055,4.81050337839406e-05,1.864054320321884e-05,352.3747253417969,0.0039870096370577,0.0086488090455532,-0.0073065385222435,0.08,0.07,352.37,-0.0088557973504066,0.0112025802955031,-0.0009273063624277,0.11,0.12,0.1
113.999382,168645015,4.810503014596179e-05,1.864053774625063e-05,352.3739929199219,0.0041283359751105,0.0084986742585897,-0.0076439226977527,0.08,0.07,352.37,-0.0088741909712553,0.0111602870747447,-0.0009755016653798,0.11,0.12,0.1
114.099342,168744975,4.810503014596179e-05,1.864053228928242e-05,352.37322998046875,0.0041437428444623,0.0084985485300421,-0.007971285842359,0.08,0.07,352.37,-0.0089028645306825,0.0112554850056767,-0.0009803761495277,0.11,0.12,0.1
114.199302,168844935,4.810501195606776e-05,1.86405231943354e-05,352.37237548828125,0.0042613199912011,0.00837027374655,-0.0082822861149907,0.08,0.07,352.37,-0.0089563075453042,0.0112117948010563,-0.0009983492782339,0.11,0.12,0.1
114.299262,168944895,4.810499376617372e-05,1.8640514099388383e-05,352.37158203125,0.00425342656672,0.0083912927657365,-0.0085880514234304,0.08,0.07,352.37,-0.0090348152443766,0.0113073335960507,-0.0010528605198487,0.11,0.12,0.1
114.399222,169044855,4.8104964662343264e-05,1.8640515918377787e-05,352.3706970214844,0.0043505020439624,0.0082826428115367,-0.0088796224445104,0.08,0.07,352.37,-0.0090465117245912,0.011313060298562,-0.0010647652670741,0.11,0.12,0.1
114.500015,169145648,4.8104961024364457e-05,1.8640521375346e-05,352.3702697753906,0.0043145674280822,0.0083369426429271,-0.0091626411303877,0.08,0.07,352.37,-0.0091548515483737,0.0114791747182607,-0.0010792025132104,0.11,0.12,0.1
114.599975,169245608,4.810495738638565e-05,1.864051773736719e-05,352.3696594238281,0.0043902453035116,0.0082614719867706,-0.0094328168779611,0.08,0.07,352.36,-0.009143978357315,0.0115808825939893,-0.0011307852109894,0.11,0.12,0.1
114.699935,169345568,4.810495374840684e-05,1.8640515918377787e-05,352.36895751953125,0.0043478314764797,0.0083393100649118,-0.009699722751975,0.08,0.07,352.36,-0.0092403534799814,0.0117793874815106,-0.0011305967345833,0.11,0.12,0.1
114.799895,169445528,4.8104939196491614e-05,1.864051228039898e-05,352.3683166503906,0.0044063269160687,0.0082939267158508,-0.0099507207050919,0.08,0.07,352.36,-0.0092904968187212,0.0118547808378934,-0.001172152813524,0.11,0.12,0.1
114.899855,169545488,4.8104931920534e-05,1.8640510461409576e-05,352.367919921875,0.0043443106114864,0.0083969859406352,-0.0101905912160873,0.08,0.08,352.36,-0.0094159757718443,0.012047030031681,-0.0011626683408394,0.11,0.12,0.1
114.999815,169645448,4.810492464457639e-05,1.864050682343077e-05,352.3676452636719,0.0043868953362107,0.0083704330027103,-0.0104217883199453,0.08,0.08,352.36,-0.0095315687358379,0.0122087281197309,-0.0011996277607977,0.11,0.12,0.1
115.099775,169745408,4.8104931920534e-05,1.864050682343077e-05,352.36724853515625,0.0043055680580437,0.0085001783445477,-0.0106503181159496,0.08,0.08,352.36,-0.0096750557422637,0.0124262636527419,-0.0011743687791749,0.11,0.12,0.1
115.199735,169845368,4.810491736861877e-05,1.864050318545196e-05,352.3667907714844,0.0043349876068532,0.0084918634966015,-0.0108703393489122,0.08,0.08,352.36,-0.0096854753792285,0.0125282444059848,-0.0012327274307608,0.11,0.12,0.1
115.299695,169945328,4.810490281670354e-05,1.8640494090504944e-05,352.3666076660156,0.0042455112561583,0.0086357994005084,-0.0110916411504149,0.08,0.08,352.36,-0.0098168151453137,0.0127713019028306,-0.0012373889330774,0.11,0.12,0.1
115.399655,170045288,4.810488826478832e-05,1.864049227151554e-05,352.36627197265625,0.0042611882090568,0.0086423810571432,-0.0112979169934988,0.08,0.08,352.36,-0.0099484296515584,0.0128802089020609,-0.0012537708971649,0.11,0.12,0.1
115.499615,170145248,4.8104873712873086e-05,1.8640490452526137e-05,352.3661499023437,0.0041469344869256,0.0088041219860315,-0.0115016950294375,0.09,0.08,352.36,-0.0101435501128435,0.0131357265636324,-0.0012376871891319,0.11,0.12,0.1
115.599575,170245208,4.810487735085189e-05,1.8640490452526137e-05,352.3661193847656,0.0041526276618242,0.0088174575939774,-0.0116932755336165,0.09,0.08,352.36,-0.0102470954880118,0.0132954586297273,-0.0012536608846858,0.11,0.12,0.1
115.699535,170345168,4.810487007489428e-05,1.8640490452526137e-05,352.3658142089844,0.0040224092081189,0.0090033886954188,-0.0118873361498117,0.09,0.08,352.36,-0.0105040157213807,0.0136050283908844,-0.001272099558264,0.11,0.12,0.1
115.799495,170445128,4.8104862798936665e-05,1.864048681454733e-05,352.365966796875,0.0039999429136514,0.0090470500290393,-0.0120716774836182,0.09,0.08,352.36,-0.0106427110731601,0.0137472907081246,-0.0013156346976757,0.11,0.12,0.1
115.899455,170545088,4.8104862798936665e-05,1.8640484995557927e-05,352.365966796875,0.0038490984588861,0.0092499647289514,-0.0122571941465139,0.09,0.08,352.36,-0.0108410753309726,0.0140126552432775,-0.0013426418881863,0.11,0.12,0.1
115.999415,170645048,4.810486643691547e-05,1.8640494090504944e-05,352.3658447265625,0.0038044573739171,0.0093197040259838,-0.0124304331839084,0.09,0.08,352.36,-0.0109801273792982,0.0142089612782001,-0.0012896623229607,0.11,0.12,0.1
116.099375,170745008,4.810484824702144e-05,1.864048681454733e-05,352.36572265625,0.003640805138275,0.0095426691696047,-0.0125990230590105,0.09,0.08,352.36,-0.0111394133418798,0.0144920144230127,-0.001270783599466,0.11,0.12,0.1
116.199335,170844968,4.8104862798936665e-05,1.8640490452526137e-05,352.3656921386719,0.003604088211432,0.0096097504720091,-0.012757477350533,0.09,0.08,352.36,-0.0112392483279109,0.0146515294909477,-0.0012916167033836,0.11,0.12,0.1
116.299295,170944928,4.810484460904263e-05,1.8640484995557927e-05,352.3658447265625,0.0034368485212326,0.0098394388332962,-0.0129179805517196,0.09,0.08,352.36,-0.0114876339212059,0.0149268927052617,-0.0013046032981947,0.11,0.12,0.1
116.399255,171044888,4.810485552297905e-05,1.8640490452526137e-05,352.3659362792969,0.0033898539841175,0.0099125653505325,-0.0130687225610017,0.09,0.08,352.36,-0.0116344830021262,0.0150837833061814,-0.0013107500271871,0.11,0.12,0.1
116.499215,171144848,4.810486643691547e-05,1.8640495909494348e-05,352.3661804199219,0.0032111657783389,0.0101533690467476,-0.0132212303578853,0.09,0.08,352.36,-0.0118294935673475,0.0153776286169886,-0.0013177046785131,0.11,0.12,0.1
116.600008,171245641,4.810485916095786e-05,1.864049227151554e-05,352.3662414550781,0.0031517304014414,0.0102444123476743,-0.0133661497384309,0.09,0.08,352.36,-0.0119420168921351,0.0155558362603187,-0.0013395942514762,0.11,0.12,0.1
116.699968,171345601,4.810485916095786e-05,1.8640490452526137e-05,352.36651611328125,0.0029682016465812,0.0104950685054063,-0.0135109415277838,0.09,0.08,352.36,-0.0121605843305587,0.0158755574375391,-0.0013077381299808,0.11,0.12,0.1
116.799928,171445561,4.810484097106382e-05,1.864047953858972e-05,352.3668518066406,0.0029126389417797,0.0105791864916682,-0.0136405369266867,0.09,0.09,352.36,-0.0123104471713304,0.0160241723060607,-0.0012541494797915,0.11,0.12,0.1
116.899888,171545521,4.810486643691547e-05,1.8640490452526137e-05,352.3672180175781,0.0027185501530766,0.0108387805521488,-0.0137679940089583,0.09,0.09,352.36,-0.0125234648585319,0.0163469519466161,-0.0012419291306287,0.11,0.12,0.1
116.999848,171645481,4.810486643691547e-05,1.8640488633536734e-05,352.3674011230469,0.0026587219908833,0.0109295537695288,-0.0138863325119018,0.09,0.09,352.36,-0.0126432320103049,0.0165331121534109,-0.0012507444480434,0.12,0.12,0.1
117.099808,171745441,4.81048809888307e-05,1.8640494090504944e-05,352.36767578125,0.0024582212790846,0.0112012140452861,-0.0140063846483826,0.09,0.09,352.36,-0.012859646230936,0.0168377645313739,-0.0012242653174325,0.12,0.12,0.1
117.199768,171845401,4.810488462680951e-05,1.8640490452526137e-05,352.3680725097656,0.0023983761202543,0.0112977819517254,-0.0141154313459992,0.09,0.09,352.36,-0.0129477567970752,0.0170321390032768,-0.0012028896017,0.12,0.12,0.1
117.299728,171945361,4.810488826478832e-05,1.8640494090504944e-05,352.3684387207031,0.0022012526169419,0.0115816481411457,-0.0142222205176949,0.1,0.09,352.36,-0.01311088912189,0.0173931661993265,-0.0011425256961956,0.12,0.12,0.1
117.399688,172045321,4.8104899178724736e-05,1.8640494090504944e-05,352.3688659667969,0.0021483052987605,0.0116842314600944,-0.0143222650513052,0.1,0.09,352.36,-0.0131560396403074,0.0175666753202676,-0.001187247573398,0.12,0.12,0.1
117.499648,172145281,4.8104899178724736e-05,1.8640490452526137e-05,352.3691711425781,0.0019545324612408,0.0119705908000469,-0.0144296204671263,0.1,0.09,352.36,-0.0133652733638882,0.0178156550973653,-0.0012287891004234,0.12,0.12,0.1
117.599608,172245241,4.810491009266116e-05,1.864049227151554e-05,352.3695373535156,0.0019019957398995,0.0120673244819045,-0.0145304715260863,0.1,0.09,352.36,-0.0134777072817087,0.0179932136088609,-0.0012293360196053,0.12,0.12,0.1
117.699568,172345201,4.810491373063997e-05,1.8640494090504944e-05,352.3698425292969,0.0017081912374123,0.0123371761292219,-0.0146345887333154,0.1,0.09,352.36,-0.0137705076485872,0.0181919522583484,-0.001281596138142,0.12,0.12,0.1
117.799528,172445161,4.810491009266116e-05,1.8640490452526137e-05,352.3702697753906,0.0016461148625239,0.0124254431575536,-0.0147305773571133,0.1,0.09,352.37,-0.0138861769810318,0.0183342359960079,-0.0012157745659351,0.12,0.12,0.1
117.899488,172545121,4.810489554074593e-05,1.864048681454733e-05,352.3706970214844,0.0014374717138707,0.0127069102600216,-0.0148246670141816,0.1,0.09,352.37,-0.0140399374067783,0.0186121333390474,-0.0011860110098496,0.12,0.12,0.1
117.999448,172645081,4.8104899178724736e-05,1.864049227151554e-05,352.3708801269531,0.0013833091361448,0.0127900643274188,-0.0149085232987999,0.1,0.09,352.37,-0.0140997720882296,0.0186978727579116,-0.0011700284667313,0.12,0.12,0.1
118.099408,172745041,4.810489554074593e-05,1.864048681454733e-05,352.3714904785156,0.0011624642647802,0.0130861895158886,-0.0149936629459261,0.1,0.09,352.37,-0.014337632805109,0.0189601071178913,-0.0011313505237922,0.12,0.12,0.1
118.199368,172845001,4.810490281670354e-05,1.864049227151554e-05,352.3719177246094,0.0010060324566438,0.0132957184687256,-0.0150713240727782,0.1,0.09,352.37,-0.0144563149660825,0.0191213879734277,-0.0011201433371752,0.12,0.12,0.1
118.299328,172944961,4.810492100659758e-05,1.864049772848375e-05,352.3725891113281,0.0008374697063118,0.0135209010913968,-0.0151475062593817,0.1,0.09,352.37,-0.0146066816523671,0.0193309877067804,-0.0011179749853909,0.12,0.12,0.1
118.399288,173044921,4.810492464457639e-05,1.864049772848375e-05,352.3730773925781,0.000715677277185,0.0136830294504761,-0.0152190448716282,0.1,0.09,352.37,-0.0147355357185006,0.0194242075085639,-0.0011095919180661,0.12,0.12,0.1
118.499248,173144881,4.8104939196491614e-05,1.864050500444137e-05,352.373779296875,0.0005708959070034,0.0138686699792742,-0.0152897648513317,0.1,0.09,352.37,-0.0148809840902686,0.0195739921182394,-0.0011014138581231,0.12,0.12,0.1
118.599208,173244841,4.810494283447042e-05,1.864050682343077e-05,352.3747253417969,0.000464719167212,0.0140023054555058,-0.0153563553467392,0.1,0.09,352.37,-0.015010961331427,0.0196807403117418,-0.0010477567557245,0.12,0.12,0.1
118.700001,173345634,4.810495374840684e-05,1.8640510461409576e-05,352.3753967285156,0.0004522367380559,0.0140068959444761,-0.0154133485630154,0.1,0.09,352.37,-0.0150608886033296,0.0197231993079185,-0.001024986966513,0.12,0.12,0.1
118.799961,173445594,4.810494647244923e-05,1.864050682343077e-05,352.3762512207031,0.0004135891213081,0.0140450652688741,-0.0154714686796069,0.1,0.09,352.37,-0.0151815237477421,0.0197763554751873,-0.0010879922192543,0.12,0.12,0.1
118.899921,173545554,4.810495011042804e-05,1.864050500444137e-05,352.376953125,0.0002154034009436,0.0142927560955286,-0.0155355744063854,0.1,0.09,352.37,-0.0153089808300137,0.0200182627886533,-0.0010333189275115,0.12,0.12,0.1
118.999881,173645514,4.810497921425849e-05,1.864051228039898e-05,352.3775634765625,0.0001844707148848,0.0143284369260072,-0.0155891431495547,0.1,0.09,352.37,-0.0153813427314162,0.0201283078640699,-0.0010063156951218,0.12,0.12,0.1
119.099841,173745474,4.810501195606776e-05,1.8640521375346e-05,352.3783874511719,-4.794997494173003e-06,0.0145766111090779,-0.0156431589275598,0.1,0.09,352.37,-0.0155249666422605,0.0203486643731594,-0.0009855503449216,0.12,0.12,0.1
119.199801,173845434,4.810501559404656e-05,1.8640526832314208e-05,352.3792419433594,-2.736360147537198e-05,0.0146045144647359,-0.0156905222684144,0.1,0.09,352.37,-0.015610285103321,0.0203930493444204,-0.0009655026951804,0.12,0.12,0.1
119.299761,173945394,4.81050337839406e-05,1.864054138422944e-05,352.37994384765625,-0.0002159899595426,0.0148472972214221,-0.0157392472028732,0.1,0.09,352.37,-0.0157650429755449,0.0206052493304014,-0.0009348033345304,0.12,0.12,0.1
119.399721,174045354,4.810504469787702e-05,1.8640546841197647e-05,352.3808288574219,-0.0002369661233387,0.0148660019040107,-0.0157802235335111,0.1,0.09,352.38,-0.0158232115209102,0.0206338390707969,-0.0009275664924643,0.12,0.12,0.1
119.499681,174145314,4.8105062887771055e-05,1.8640552298165854e-05,352.3817749023437,-0.0004228132311254,0.0150977009907364,-0.0158227905631065,0.1,0.09,352.38,-0.0159410201013088,0.0207729656249284,-0.0008909700554795,0.12,0.12,0.1
119.599641,174245274,4.810507743968628e-05,1.864055775513407e-05,352.3826599121094,-0.0004352476098574,0.0151040935888886,-0.0158598311245441,0.1,0.09,352.38,-0.0159869138151407,0.0207657944411039,-0.0008600671426393,0.12,0.12,0.1
119.699601,174345234,4.810511018149555e-05,1.864056685008109e-05,352.38360595703125,-0.0006173176807351,0.0153275011107325,-0.0159007776528596,0.1,0.09,352.38,-0.0161327626556158,0.0209057424217462,-0.0008683294290676,0.12,0.12,0.1
119.799561,174445194,4.810509199160151e-05,1.8640559574123472e-05,352.3845520019531,-0.0006075992132537,0.0153048504143953,-0.0159359276294708,0.1,0.1,352.38,-0.0160899125039577,0.0208889730274677,-0.000899001955986,0.12,0.12,0.1
119.899521,174545154,4.810509562958032e-05,1.864055775513407e-05,352.3853454589844,-0.0007830802933312,0.015520323999226,-0.0159738734364509,0.1,0.09,352.38,-0.0162609126418828,0.0210294350981712,-0.0008583460585214,0.12,0.12,0.1
119.999481,174645114,4.810509199160151e-05,1.864055411715526e-05,352.38653564453125,-0.0007804409251548,0.0155003955587744,-0.0160069037228822,0.1,0.1,352.38,-0.0162800252437591,0.0209558270871639,-0.0009090326493605,0.12,0.12,0.1
120.099441,174745074,4.81050847156439e-05,1.8640546841197647e-05,352.38751220703125,-0.0009512132965028,0.0157043822109699,-0.01604575663805,0.1,0.1,352.38,-0.0163801088929176,0.0211284384131431,-0.00086280843243,0.12,0.12,0.1
120.199401,174845034,4.810509562958032e-05,1.8640555936144665e-05,352.38848876953125,-0.0009586445521563,0.0157025288790464,-0.0160787254571914,0.1,0.1,352.38,-0.0163633674383163,0.0211223158985376,-0.0009006315958686,0.12,0.12,0.1
120.299361,174944994,4.810510290553793e-05,1.864055411715526e-05,352.3896484375,-0.0011229801457375,0.0159078314900398,-0.0161156896501779,0.1,0.1,352.38,-0.0164428278803825,0.021250044927001,-0.0008820896036922,0.12,0.12,0.1
120.399321,175044954,4.810512109543197e-05,1.864056139311288e-05,352.3908996582031,-0.0011058680247515,0.015876043587923,-0.0161468256264925,0.1,0.1,352.39,-0.016452943906188,0.0211988091468811,-0.0008863808470778,0.12,0.12,0.1
120.499281,175144914,4.8105139285326e-05,1.8640555936144665e-05,352.3918151855469,-0.001262224279344,0.0160674266517162,-0.0161824729293584,0.1,0.1,352.39,-0.0165052004158496,0.0212875586003065,-0.0008952311472967,0.12,0.12,0.1
120.599241,175244874,4.8105150199262425e-05,1.864056321210228e-05,352.3929138183594,-0.001232708687894,0.0160209760069847,-0.0162120498716831,0.1,0.1,352.39,-0.0164593048393726,0.0211902428418397,-0.000863415771164,0.12,0.12,0.1
120.699201,175344834,4.810517930309288e-05,1.8640575945028104e-05,352.3941650390625,-0.0013782794121652,0.016194611787796,-0.0162401497364044,0.1,0.1,352.39,-0.0165559705346822,0.0212124232202768,-0.0008264119387604,0.12,0.12,0.1
120.799994,175445627,4.810516475117765e-05,1.86405741260387e-05,352.3955078125,-0.0013552084565162,0.0161461625248193,-0.0162624903023242,0.1,0.1,352.39,-0.0165543891489505,0.0211789496243,-0.0007798617589287,0.12,0.12,0.1
120.899954,175545587,4.8105161113198847e-05,1.8640575945028104e-05,352.3966064453125,-0.0015024524182081,0.0163140036165714,-0.0162833556532859,0.1,0.1,352.39,-0.016700480133295,0.0212931353598833,-0.0007483912631869,0.12,0.12,0.1
120.999914,175645547,4.810517202713527e-05,1.8640581401996315e-05,352.3978881835937,-0.0014679108280688,0.0162442587316036,-0.0162983704358339,0.1,0.09,352.39,-0.0167028903961181,0.0212453305721282,-0.0007499430794268,0.12,0.12,0.1
121.099874,175745507,4.810519385500811e-05,1.864058867795393e-05,352.3991394042969,-0.0016151810996234,0.0164080876857042,-0.0163187906146049,0.1,0.1,352.39,-0.0167818740010261,0.0213360246270895,-0.0007742200396023,0.12,0.12,0.1
121.199834,175845467,4.810521568288095e-05,1.864059959189035e-05,352.4002685546875,-0.0015715372283011,0.0163346100598573,-0.016339186578989,0.1,0.09,352.4,-0.0166977606713771,0.0212799571454525,-0.0007975667249411,0.12,0.12,0.1
121.299794,175945427,4.81052375107538e-05,1.864061050582677e-05,352.4013671875,-0.0017081159166991,0.0164952427148818,-0.0163617990911006,0.1,0.09,352.4,-0.0167976710945367,0.0213593542575836,-0.0007451857673004,0.12,0.12,0.1
121.399754,176045387,4.8105252062669024e-05,1.8640615962794985e-05,352.40283203125,-0.0016555412439629,0.0164145268499851,-0.0163754969835281,0.1,0.09,352.4,-0.0167099833488464,0.0212682522833347,-0.0007056951289996,0.12,0.12,0.1
121.499714,176145347,4.810528480447829e-05,1.864063233369961e-05,352.40399169921875,-0.0017831990262493,0.0165665037930011,-0.016389824450016,0.1,0.09,352.4,-0.0167804360389709,0.0213371962308883,-0.000702507502865,0.12,0.12,0.1
121.599674,176245307,4.810531027032994e-05,1.864063597167842e-05,352.405517578125,-0.0017214585095643,0.0164772253483533,-0.0164003185927867,0.1,0.09,352.4,-0.0166894011199474,0.02124641276896,-0.0006784386350773,0.12,0.12,0.1
121.699634,176345267,4.810531754628755e-05,1.8640637790667824e-05,352.40704345703125,-0.0018412822391837,0.0166212376207113,-0.0164121724665164,0.1,0.09,352.4,-0.0167718473821878,0.0213037207722663,-0.0006859618006274,0.12,0.12,0.1
121.799594,176445227,4.810532118426636e-05,1.864063597167842e-05,352.40875244140625,-0.001760481740348,0.016509486362338,-0.0164220444858074,0.1,0.09,352.4,-0.0167000647634267,0.0212456975132226,-0.0006732438341714,0.12,0.12,0.1
121.899554,176545187,4.810531027032994e-05,1.8640628695720807e-05,352.41015625,-0.001877610804513,0.0166573245078325,-0.0164358839392662,0.1,0.09,352.41,-0.0167091153562068,0.02136055752635,-0.0006552967824973,0.12,0.12,0.1
121.999514,176645147,4.810531027032994e-05,1.86406232387526e-05,352.41168212890625,-0.0018047194462269,0.0165611617267131,-0.016446903347969,0.1,0.09,352.41,-0.0166473500430583,0.0212404858320951,-0.000680067052599,0.12,0.12,0.1
122.099474,176745107,4.810529571841471e-05,1.864061414380558e-05,352.41314697265625,-0.0019143406534567,0.0167016349732875,-0.016460184007883,0.1,0.09,352.41,-0.0166808664798736,0.0213578399270772,-0.0006824141019023,0.12,0.12,0.1
122.199434,176845067,4.810529571841471e-05,1.864061050582677e-05,352.41436767578125,-0.0018306556157767,0.0166014470160007,-0.0164703391492366,0.1,0.09,352.41,-0.0165459066629409,0.021217692643404,-0.0006321935798041,0.12,0.12,0.1
122.299394,176945027,4.8105324822245166e-05,1.8640625057742e-05,352.4156188964844,-0.0019469525432214,0.0167621187865734,-0.0164801180362701,0.1,0.09,352.41,-0.0165778957307338,0.0213174801319837,-0.0006349299801513,0.12,0.12,0.1
122.399354,177044987,4.8105350288096815e-05,1.864063233369961e-05,352.4169616699219,-0.0018607235979288,0.0166599694639444,-0.016485197469592,0.1,0.09,352.41,-0.0165104009211063,0.0211791079491376,-0.000585506146308,0.12,0.12,0.1
122.499314,177144947,4.810536484001205e-05,1.8640634152689017e-05,352.4183349609375,-0.0019599485676735,0.0167901571840047,-0.0164877362549304,0.1,0.09,352.41,-0.016556043177843,0.021257059648633,-0.0005303407669998,0.12,0.12,0.1
122.599274,177244907,4.810538302990608e-05,1.864064142864663e-05,352.4198913574219,-0.001868651015684,0.0166790373623371,-0.0164834037423133,0.1,0.09,352.41,-0.0164516549557447,0.0211475137621164,-0.0004665347805712,0.12,0.12,0.1
122.699234,177344867,4.810539030586369e-05,1.864063597167842e-05,352.4212646484375,-0.0019620496314018,0.0168021619319915,-0.0164774674922227,0.1,0.09,352.42,-0.0165072176605463,0.0211585611104965,-0.000456598092569,0.12,0.12,0.1
122.799194,177444827,4.810542668565176e-05,1.8640643247636035e-05,352.4226989746094,-0.001865213853307,0.0166833363473415,-0.0164704080671072,0.1,0.09,352.42,-0.0163874477148056,0.0211046002805233,-0.0004457210598047,0.12,0.12,0.1
122.899987,177545620,4.810543032363057e-05,1.8640634152689017e-05,352.4241027832031,-0.0019715945236384,0.0168265011161565,-0.0164659153670072,0.1,0.09,352.42,-0.016448913142085,0.0211358591914176,-0.0004302005399949,0.12,0.12,0.1
122.999947,177645580,4.810541577171534e-05,1.864063597167842e-05,352.42535400390625,-0.002003478584811,0.0168693047016859,-0.01645871065557,0.1,0.09,352.42,-0.0164625812321901,0.0211315471678972,-0.0003669659490697,0.12,0.12,0.1
123.099907,177745540,4.810544123756699e-05,1.864064506662544e-05,352.4267578125,-0.0019011049298569,0.0167314633727073,-0.0164407212287187,0.1,0.09,352.42,-0.0163946691900491,0.0210005678236484,-0.0003170274139847,0.12,0.12,0.1
123.199867,177845500,4.810545215150341e-05,1.864064506662544e-05,352.4283142089844,-0.0018279869109392,0.0166321005672216,-0.0164258480072021,0.1,0.09,352.42,-0.0163657926023006,0.0209261178970336,-0.000282664434053,0.12,0.12,0.1
123.299827,177945460,4.810547034139745e-05,1.864064506662544e-05,352.4300842285156,-0.0019308137707412,0.0167581159621477,-0.0164098627865314,0.1,0.09,352.43,-0.0164020117372274,0.0210051927715539,-0.0002260861510876,0.12,0.12,0.1
123.399787,178045420,4.810549944522791e-05,1.864065052359365e-05,352.4317626953125,-0.0018365157302469,0.0166340172290802,-0.0163901448249816,0.1,0.09,352.43,-0.0163138285279274,0.0209011770784854,-0.0002203148906119,0.12,0.12,0.1
123.499747,178145380,4.810550308320671e-05,1.864064870460425e-05,352.4336242675781,-0.0019182075047865,0.0167427100241184,-0.0163692999631166,0.1,0.09,352.43,-0.0163057502359151,0.0209355466067791,-0.0001438423350919,0.12,0.12,0.1
123.599707,178245340,4.810552127310075e-05,1.8640652342583053e-05,352.4352111816406,-0.0018093972466886,0.0166018418967723,-0.0163455437868833,0.1,0.09,352.43,-0.0162383429706096,0.0207908675074577,-0.0001389209210174,0.12,0.12,0.1
123.699667,178345300,4.810553218703717e-05,1.864065598056186e-05,352.4366455078125,-0.0018822806887328,0.0166970640420913,-0.0163281969726085,0.1,0.09,352.43,-0.0162337273359298,0.0208820290863513,-0.0001872923166956,0.12,0.12,0.1
123.799627,178445260,4.810555765288882e-05,1.864066143753007e-05,352.43829345703125,-0.0017674614209681,0.0165535993874073,-0.0163116212934255,0.1,0.09,352.43,-0.0161664392799139,0.0207955371588468,-0.0001820381585275,0.12,0.12,0.1
123.899587,178545220,4.810556129086763e-05,1.8640663256519477e-05,352.4398803710937,-0.0018282224191352,0.0166356917470693,-0.0162946581840515,0.1,0.09,352.43,-0.0162308905273675,0.0208292808383703,-0.0001046070829033,0.12,0.12,0.1
123.999547,178645180,4.810554310097359e-05,1.864065598056186e-05,352.4413452148437,-0.0017204140312969,0.0164918787777423,-0.0162737425416708,0.1,0.09,352.44,-0.0161604844033718,0.020727265626192,-0.0001113430189434,0.12,0.12,0.1
124.099507,178745140,4.810556129086763e-05,1.864066143753007e-05,352.4429626464844,-0.0017975092632696,0.016588058322668,-0.0162540003657341,0.1,0.09,352.44,-0.0161850955337286,0.0207795202732086,-8.087994501693174e-05,0.12,0.12,0.1
124.199467,178845100,4.810555765288882e-05,1.864066689449828e-05,352.44464111328125,-0.0016886363737285,0.0164467450231313,-0.0162341874092817,0.1,0.09,352.44,-0.0161051545292139,0.0206517167389392,-7.160566747188568e-05,0.12,0.12,0.1
124.299427,178945060,4.8105550376931205e-05,1.8640670532477088e-05,352.44635009765625,-0.0017795452149584,0.0165643189102411,-0.0162140484899282,0.1,0.09,352.44,-0.0161322392523288,0.0207199156284332,-2.155448055418674e-05,0.12,0.12,0.1
124.399387,179045020,4.810556129086763e-05,1.8640670532477088e-05,352.44781494140625,-0.0016738557023927,0.0164304040372371,-0.0161908157169818,0.1,0.09,352.44,-0.0160242449492216,0.0205918401479721,-2.3765711375745013e-05,0.12,0.12,0.1
124.499347,179144980,4.810558675671928e-05,1.8640679627424103e-05,352.4494934082031,-0.0017450728919357,0.016530517488718,-0.0161651447415351,0.1,0.09,352.44,-0.0159628242254257,0.020638046786189,2.535076964704785e-05,0.12,0.12,0.1
124.599307,179244940,4.810559403267689e-05,1.8640674170455892e-05,352.4513244628906,-0.0016283079748973,0.0163951814174652,-0.0161396656185388,0.1,0.09,352.45,-0.0159349888563156,0.0205565877258777,3.97832591261249e-05,0.12,0.12,0.1
124.699267,179344900,4.810558311874047e-05,1.8640670532477088e-05,352.4532470703125,-0.0017012399621307,0.0165000818669796,-0.0161133129149675,0.1,0.09,352.45,-0.0159942023456096,0.0206584259867668,9.06383793335408e-05,0.12,0.12,0.1
124.799227,179444860,4.810558675671928e-05,1.864066689449828e-05,352.4552001953125,-0.0015938093420118,0.0163658633828163,-0.0160877276211977,0.1,0.09,352.45,-0.0159086324274539,0.0205031298100948,7.654881483176723e-05,0.12,0.13,0.1
124.90002,179545653,4.810558675671928e-05,1.8640670532477088e-05,352.4571838378906,-0.001683484413661,0.0164869036525487,-0.0160604510456323,0.1,0.09,352.45,-0.0159494690597057,0.0205942261964082,0.0001206936940434,0.12,0.13,0.1
124.99998,179645613,4.810558311874047e-05,1.8640670532477088e-05,352.4588928222656,-0.0015748552978038,0.0163520611822605,-0.0160316564142704,0.1,0.09,352.45,-0.0158510152250528,0.0204985607415437,0.0001433775905752,0.12,0.13,0.1
125.09994,179745573,4.810558311874047e-05,1.864066143753007e-05,352.46051025390625,-0.0016497760079801,0.0164584014564752,-0.016003493219614,0.1,0.09,352.46,-0.0158706977963447,0.0205666348338127,0.0001505835971329,0.12,0.13,0.1
125.1999,179845533,4.810559403267689e-05,1.8640668713487685e-05,352.46240234375,-0.0015341936377808,0.0163245983421802,-0.0159785076975822,0.1,0.09,352.46,-0.0157100018113851,0.0204746257513761,0.0001355808926746,0.12,0.13,0.1
