x,Baseline,Axis,AttackType,AttackMagnitude,AttackActive,CleanFuture_Pitch,AttackedFuture_Pitch,V9PredictedFuture_Pitch,Residual_Pitch,AbsResidual_Pitch,Threshold,PointDetectionFlag,WindowCount,RollingMeanAbsResidual,WindowCountFlag,WindowMeanFlag,WindowCombinedFlag,WindowRule,W,N,RollingMeanMultiplier,AlignmentOffset,PredictionColumn,CleanFile,PredictionFile,Pitch_recovered_future_v9_phase5,Pitch_recovery_source_phase5,Pitch_attacked_error_vs_clean_phase5,Pitch_recovered_error_vs_clean_phase5
0.0,baseline_05_mixed_maneuver,Pitch,bias,0.038788,0,0.0719339177012443,0.0719339177012443,0.0781978759914636,-0.0062639582902193,0.0062639582902193,0.009697,0,0.0,0.0062639582902193,0,0,0,W10_N3_mean1.25x,10,3,1.25,1909,Pitch_hybrid_prediction,/home/tchowdh4/sensor_recovery_project/logs/extracted_csv/baseline_05_mixed_maneuver_ATT.csv,/home/tchowdh4/sensor_recovery_project/prediction_results_v9_trained_hybrid/baseline_05_mixed_maneuver_ATT_trained_hybrid_prediction_outputs.csv,0.0719339177012443,attacked_measurement,0.0,0.0
0.09996,baseline_05_mixed_maneuver,Pitch,bias,0.038788,0,0.0820606499910354,0.0820606499910354,0.0896556992083787,-0.0075950492173432,0.0075950492173432,0.009697,0,0.0,0.0069295037537812,0,0,0,W10_N3_mean1.25x,10,3,1.25,1909,Pitch_hybrid_prediction,/home/tchowdh4/sensor_recovery_project/logs/extracted_csv/baseline_05_mixed_maneuver_ATT.csv,/home/tchowdh4/sensor_recovery_project/prediction_results_v9_trained_hybrid/baseline_05_mixed_maneuver_ATT_trained_hybrid_prediction_outputs.csv,0.0820606499910354,attacked_measurement,0.0,0.0
0.19992,baseline_05_mixed_maneuver,Pitch,bias,0.038788,0,0.085509568452835,0.085509568452835,0.0880962572991846,-0.0025866888463496,0.0025866888463496,0.009697,0,0.0,0.0054818987846374,0,0,0,W10_N3_mean1.25x,10,3,1.25,1909,Pitch_hybrid_prediction,/home/tchowdh4/sensor_recovery_project/logs/extracted_csv/baseline_05_mixed_maneuver_ATT.csv,/home/tchowdh4/sensor_recovery_project/prediction_results_v9_trained_hybrid/baseline_05_mixed_maneuver_ATT_trained_hybrid_prediction_outputs.csv,0.085509568452835,attacked_measurement,0.0,0.0
0.29988,baseline_05_mixed_maneuver,Pitch,bias,0.038788,0,0.0915398001670837,0.0915398001670837,0.0960624739527702,-0.0045226737856865,0.0045226737856865,0.009697,0,0.0,0.0052420925348996,0,0,0,W10_N3_mean1.25x,10,3,1.25,1909,Pitch_hybrid_prediction,/home/tchowdh4/sensor_recovery_project/logs/extracted_csv/baseline_05_mixed_maneuver_ATT.csv,/home/tchowdh4/sensor_recovery_project/prediction_results_v9_trained_hybrid/baseline_05_mixed_maneuver_ATT_trained_hybrid_prediction_outputs.csv,0.0915398001670837,attacked_measurement,0.0,0.0
0.39984,baseline_05_mixed_maneuver,Pitch,bias,0.038788,0,0.0997596755623817,0.0997596755623817,0.1059245821088552,-0.0061649065464735,0.0061649065464735,0.009697,0,0.0,0.0054266553372144,0,0,0,W10_N3_mean1.25x,10,3,1.25,1909,Pitch_hybrid_prediction,/home/tchowdh4/sensor_recovery_project/logs/extracted_csv/baseline_05_mixed_maneuver_ATT.csv,/home/tchowdh4/sensor_recovery_project/prediction_results_v9_trained_hybrid/baseline_05_mixed_maneuver_ATT_trained_hybrid_prediction_outputs.csv,0.0997596755623817,attacked_measurement,0.0,0.0
0.4998,baseline_05_mixed_maneuver,Pitch,bias,0.038788,0,0.1069304198026657,0.1069304198026657,0.1123084779828787,-0.005378058180213,0.005378058180213,0.009697,0,0.0,0.0054185558110475,0,0,0,W10_N3_mean1.25x,10,3,1.25,1909,Pitch_hybrid_prediction,/home/tchowdh4/sensor_recovery_project/logs/extracted_csv/baseline_05_mixed_maneuver_ATT.csv,/home/tchowdh4/sensor_recovery_project/prediction_results_v9_trained_hybrid/baseline_05_mixed_maneuver_ATT_trained_hybrid_prediction_outputs.csv,0.1069304198026657,attacked_measurement,0.0,0.0
0.600593,baseline_05_mixed_maneuver,Pitch,bias,0.038788,0,0.1066584214568138,0.1066584214568138,0.1064544226974248,0.0002039987593889,0.0002039987593889,0.009697,0,0.0,0.004673619089382,0,0,0,W10_N3_mean1.25x,10,3,1.25,1909,Pitch_hybrid_prediction,/home/tchowdh4/sensor_recovery_project/logs/extracted_csv/baseline_05_mixed_maneuver_ATT.csv,/home/tchowdh4/sensor_recovery_project/prediction_results_v9_trained_hybrid/baseline_05_mixed_maneuver_ATT_trained_hybrid_prediction_outputs.csv,0.1066584214568138,attacked_measurement,0.0,0.0
0.700553,baseline_05_mixed_maneuver,Pitch,bias,0.038788,0,0.0968152657151222,0.0968152657151222,0.0894328989088535,0.0073823668062686,0.0073823668062686,0.009697,0,0.0,0.0050122125539928,0,0,0,W10_N3_mean1.25x,10,3,1.25,1909,Pitch_hybrid_prediction,/home/tchowdh4/sensor_recovery_project/logs/extracted_csv/baseline_05_mixed_maneuver_ATT.csv,/home/tchowdh4/sensor_recovery_project/prediction_results_v9_trained_hybrid/baseline_05_mixed_maneuver_ATT_trained_hybrid_prediction_outputs.csv,0.0968152657151222,attacked_measurement,0.0,0.0
0.800513,baseline_05_mixed_maneuver,Pitch,bias,0.038788,0,0.0878987312316894,0.0878987312316894,0.0812113303691147,0.0066874008625747,0.0066874008625747,0.009697,0,0.0,0.0051983445882797,0,0,0,W10_N3_mean1.25x,10,3,1.25,1909,Pitch_hybrid_prediction,/home/tchowdh4/sensor_recovery_project/logs/extracted_csv/baseline_05_mixed_maneuver_ATT.csv,/home/tchowdh4/sensor_recovery_project/prediction_results_v9_trained_hybrid/baseline_05_mixed_maneuver_ATT_trained_hybrid_prediction_outputs.csv,0.0878987312316894,attacked_measurement,0.0,0.0
0.900473,baseline_05_mixed_maneuver,Pitch,bias,0.038788,0,0.082177996635437,0.082177996635437,0.0778874456882477,0.0042905509471893,0.0042905509471893,0.009697,0,0.0,0.0051075652241706,0,0,0,W10_N3_mean1.25x,10,3,1.25,1909,Pitch_hybrid_prediction,/home/tchowdh4/sensor_recovery_project/logs/extracted_csv/baseline_05_mixed_maneuver_ATT.csv,/home/tchowdh4/sensor_recovery_project/prediction_results_v9_trained_hybrid/baseline_05_mixed_maneuver_ATT_trained_hybrid_prediction_outputs.csv,0.082177996635437,attacked_measurement,0.0,0.0
1.000433,baseline_05_mixed_maneuver,Pitch,bias,0.038788,0,0.0771495699882507,0.0771495699882507,0.073378250002861,0.0037713199853897,0.0037713199853897,0.009697,0,0.0,0.0048583013936877,0,0,0,W10_N3_mean1.25x,10,3,1.25,1909,Pitch_hybrid_prediction,/home/tchowdh4/sensor_recovery_project/logs/extracted_csv/baseline_05_mixed_maneuver_ATT.csv,/home/tchowdh4/sensor_recovery_project/prediction_results_v9_trained_hybrid/baseline_05_mixed_maneuver_ATT_trained_hybrid_prediction_outputs.csv,0.0771495699882507,attacked_measurement,0.0,0.0
1.100393,baseline_05_mixed_maneuver,Pitch,bias,0.038788,0,0.0731913596391677,0.0731913596391677,0.0702227018773554,0.0029686577618123,0.0029686577618123,0.009697,0,0.0,0.0043956622481346,0,0,0,W10_N3_mean1.25x,10,3,1.25,1909,Pitch_hybrid_prediction,/home/tchowdh4/sensor_recovery_project/logs/extracted_csv/baseline_05_mixed_maneuver_ATT.csv,/home/tchowdh4/sensor_recovery_project/prediction_results_v9_trained_hybrid/baseline_05_mixed_maneuver_ATT_trained_hybrid_prediction_outputs.csv,0.0731913596391677,attacked_measurement,0.0,0.0
1.200353,baseline_05_mixed_maneuver,Pitch,bias,0.038788,0,0.0703337788581848,0.0703337788581848,0.0681905932724476,0.0021431855857372,0.0021431855857372,0.009697,0,0.0,0.0043513119220733,0,0,0,W10_N3_mean1.25x,10,3,1.25,1909,Pitch_hybrid_prediction,/home/tchowdh4/sensor_recovery_project/logs/extracted_csv/baseline_05_mixed_maneuver_ATT.csv,/home/tchowdh4/sensor_recovery_project/prediction_results_v9_trained_hybrid/baseline_05_mixed_maneuver_ATT_trained_hybrid_prediction_outputs.csv,0.0703337788581848,attacked_measurement,0.0,0.0
1.300313,baseline_05_mixed_maneuver,Pitch,bias,0.038788,0,0.067348301410675,0.067348301410675,0.0651091933250426,0.0022391080856323,0.0022391080856323,0.009697,0,0.0,0.0041229553520679,0,0,0,W10_N3_mean1.25x,10,3,1.25,1909,Pitch_hybrid_prediction,/home/tchowdh4/sensor_recovery_project/logs/extracted_csv/baseline_05_mixed_maneuver_ATT.csv,/home/tchowdh4/sensor_recovery_project/prediction_results_v9_trained_hybrid/baseline_05_mixed_maneuver_ATT_trained_hybrid_prediction_outputs.csv,0.067348301410675,attacked_measurement,0.0,0.0
1.400273,baseline_05_mixed_maneuver,Pitch,bias,0.038788,0,0.0748810023069381,0.0748810023069381,0.0805305279791354,-0.0056495256721973,0.0056495256721973,0.009697,0,0.0,0.0040714172646403,0,0,0,W10_N3_mean1.25x,10,3,1.25,1909,Pitch_hybrid_prediction,/home/tchowdh4/sensor_recovery_project/logs/extracted_csv/baseline_05_mixed_maneuver_ATT.csv,/home/tchowdh4/sensor_recovery_project/prediction_results_v9_trained_hybrid/baseline_05_mixed_maneuver_ATT_trained_hybrid_prediction_outputs.csv,0.0748810023069381,attacked_measurement,0.0,0.0
1.500233,baseline_05_mixed_maneuver,Pitch,bias,0.038788,0,0.0812263712286949,0.0812263712286949,0.0859853979200125,-0.0047590266913176,0.0047590266913176,0.009697,0,0.0,0.0040095141157508,0,0,0,W10_N3_mean1.25x,10,3,1.25,1909,Pitch_hybrid_prediction,/home/tchowdh4/sensor_recovery_project/logs/extracted_csv/baseline_05_mixed_maneuver_ATT.csv,/home/tchowdh4/sensor_recovery_project/prediction_results_v9_trained_hybrid/baseline_05_mixed_maneuver_ATT_trained_hybrid_prediction_outputs.csv,0.0812263712286949,attacked_measurement,0.0,0.0
1.600193,baseline_05_mixed_maneuver,Pitch,bias,0.038788,0,0.0862818956375122,0.0862818956375122,0.0900735389441251,-0.0037916433066129,0.0037916433066129,0.009697,0,0.0,0.0043682785704732,0,0,0,W10_N3_mean1.25x,10,3,1.25,1909,Pitch_hybrid_prediction,/home/tchowdh4/sensor_recovery_project/logs/extracted_csv/baseline_05_mixed_maneuver_ATT.csv,/home/tchowdh4/sensor_recovery_project/prediction_results_v9_trained_hybrid/baseline_05_mixed_maneuver_ATT_trained_hybrid_prediction_outputs.csv,0.0862818956375122,attacked_measurement,0.0,0.0
1.700153,baseline_05_mixed_maneuver,Pitch,bias,0.038788,0,0.0929186195135116,0.0929186195135116,0.0978961624205111,-0.0049775429069994,0.0049775429069994,0.009697,0,0.0,0.0041277961805462,0,0,0,W10_N3_mean1.25x,10,3,1.25,1909,Pitch_hybrid_prediction,/home/tchowdh4/sensor_recovery_project/logs/extracted_csv/baseline_05_mixed_maneuver_ATT.csv,/home/tchowdh4/sensor_recovery_project/prediction_results_v9_trained_hybrid/baseline_05_mixed_maneuver_ATT_trained_hybrid_prediction_outputs.csv,0.0929186195135116,attacked_measurement,0.0,0.0
1.800113,baseline_05_mixed_maneuver,Pitch,bias,0.038788,0,0.0957407876849174,0.0957407876849174,0.0978574138134717,-0.0021166261285543,0.0021166261285543,0.009697,0,0.0,0.0036707187071442,0,0,0,W10_N3_mean1.25x,10,3,1.25,1909,Pitch_hybrid_prediction,/home/tchowdh4/sensor_recovery_project/logs/extracted_csv/baseline_05_mixed_maneuver_ATT.csv,/home/tchowdh4/sensor_recovery_project/prediction_results_v9_trained_hybrid/baseline_05_mixed_maneuver_ATT_trained_hybrid_prediction_outputs.csv,0.0957407876849174,attacked_measurement,0.0,0.0
1.900073,baseline_05_mixed_maneuver,Pitch,bias,0.038788,0,0.0984905958175659,0.0984905958175659,0.1005529519170523,-0.0020623560994863,0.0020623560994863,0.009697,0,0.0,0.0034478992223739,0,0,0,W10_N3_mean1.25x,10,3,1.25,1909,Pitch_hybrid_prediction,/home/tchowdh4/sensor_recovery_project/logs/extracted_csv/baseline_05_mixed_maneuver_ATT.csv,/home/tchowdh4/sensor_recovery_project/prediction_results_v9_trained_hybrid/baseline_05_mixed_maneuver_ATT_trained_hybrid_prediction_outputs.csv,0.0984905958175659,attacked_measurement,0.0,0.0
2.000033,baseline_05_mixed_maneuver,Pitch,bias,0.038788,0,0.1003808304667472,0.1003808304667472,0.1017985064536331,-0.0014176759868858,0.0014176759868858,0.009697,0,0.0,0.0032125348225235,0,0,0,W10_N3_mean1.25x,10,3,1.25,1909,Pitch_hybrid_prediction,/home/tchowdh4/sensor_recovery_project/logs/extracted_csv/baseline_05_mixed_maneuver_ATT.csv,/home/tchowdh4/sensor_recovery_project/prediction_results_v9_trained_hybrid/baseline_05_mixed_maneuver_ATT_trained_hybrid_prediction_outputs.csv,0.1003808304667472,attacked_measurement,0.0,0.0
2.099993,baseline_05_mixed_maneuver,Pitch,bias,0.038788,0,0.1021929085254669,0.1021929085254669,0.1035519670695066,-0.0013590585440396,0.0013590585440396,0.009697,0,0.0,0.0030515749007463,0,0,0,W10_N3_mean1.25x,10,3,1.25,1909,Pitch_hybrid_prediction,/home/tchowdh4/sensor_recovery_project/logs/extracted_csv/baseline_05_mixed_maneuver_ATT.csv,/home/tchowdh4/sensor_recovery_project/prediction_results_v9_trained_hybrid/baseline_05_mixed_maneuver_ATT_trained_hybrid_prediction_outputs.csv,0.1021929085254669,attacked_measurement,0.0,0.0
2.199953,baseline_05_mixed_maneuver,Pitch,bias,0.038788,0,0.1035638451576232,0.1035638451576232,0.1045920476317404,-0.0010282024741172,0.0010282024741172,0.009697,0,0.0,0.0029400765895843,0,0,0,W10_N3_mean1.25x,10,3,1.25,1909,Pitch_hybrid_prediction,/home/tchowdh4/sensor_recovery_project/logs/extracted_csv/baseline_05_mixed_maneuver_ATT.csv,/home/tchowdh4/sensor_recovery_project/prediction_results_v9_trained_hybrid/baseline_05_mixed_maneuver_ATT_trained_hybrid_prediction_outputs.csv,0.1035638451576232,attacked_measurement,0.0,0.0
2.299913,baseline_05_mixed_maneuver,Pitch,bias,0.038788,0,0.1053101196885109,0.1053101196885109,0.1066198255866766,-0.0013097058981657,0.0013097058981657,0.009697,0,0.0,0.0028471363708376,0,0,0,W10_N3_mean1.25x,10,3,1.25,1909,Pitch_hybrid_prediction,/home/tchowdh4/sensor_recovery_project/logs/extracted_csv/baseline_05_mixed_maneuver_ATT.csv,/home/tchowdh4/sensor_recovery_project/prediction_results_v9_trained_hybrid/baseline_05_mixed_maneuver_ATT_trained_hybrid_prediction_outputs.csv,0.1053101196885109,attacked_measurement,0.0,0.0
2.399873,baseline_05_mixed_maneuver,Pitch,bias,0.038788,0,0.106832630932331,0.106832630932331,0.107974514365196,-0.001141883432865,0.001141883432865,0.009697,0,0.0,0.0023963721469044,0,0,0,W10_N3_mean1.25x,10,3,1.25,1909,Pitch_hybrid_prediction,/home/tchowdh4/sensor_recovery_project/logs/extracted_csv/baseline_05_mixed_maneuver_ATT.csv,/home/tchowdh4/sensor_recovery_project/prediction_results_v9_trained_hybrid/baseline_05_mixed_maneuver_ATT_trained_hybrid_prediction_outputs.csv,0.106832630932331,attacked_measurement,0.0,0.0
2.499833,baseline_05_mixed_maneuver,Pitch,bias,0.038788,0,0.1139661446213722,0.1139661446213722,0.1193162798881531,-0.0053501352667809,0.0053501352667809,0.009697,0,0.0,0.0024554830044507,0,0,0,W10_N3_mean1.25x,10,3,1.25,1909,Pitch_hybrid_prediction,/home/tchowdh4/sensor_recovery_project/logs/extracted_csv/baseline_05_mixed_maneuver_ATT.csv,/home/tchowdh4/sensor_recovery_project/prediction_results_v9_trained_hybrid/baseline_05_mixed_maneuver_ATT_trained_hybrid_prediction_outputs.csv,0.1139661446213722,attacked_measurement,0.0,0.0
2.599793,baseline_05_mixed_maneuver,Pitch,bias,0.038788,0,0.1228805556893348,0.1228805556893348,0.1295663639903067,-0.0066858083009718,0.0066858083009718,0.009697,0,0.0,0.0027448995038866,0,0,0,W10_N3_mean1.25x,10,3,1.25,1909,Pitch_hybrid_prediction,/home/tchowdh4/sensor_recovery_project/logs/extracted_csv/baseline_05_mixed_maneuver_ATT.csv,/home/tchowdh4/sensor_recovery_project/prediction_results_v9_trained_hybrid/baseline_05_mixed_maneuver_ATT_trained_hybrid_prediction_outputs.csv,0.1228805556893348,attacked_measurement,0.0,0.0
2.700586,baseline_05_mixed_maneuver,Pitch,bias,0.038788,0,0.1263115555047989,0.1263115555047989,0.1288848053663969,-0.002573249861598,0.002573249861598,0.009697,0,0.0,0.0025044701993465,0,0,0,W10_N3_mean1.25x,10,3,1.25,1909,Pitch_hybrid_prediction,/home/tchowdh4/sensor_recovery_project/logs/extracted_csv/baseline_05_mixed_maneuver_ATT.csv,/home/tchowdh4/sensor_recovery_project/prediction_results_v9_trained_hybrid/baseline_05_mixed_maneuver_ATT_trained_hybrid_prediction_outputs.csv,0.1263115555047989,attacked_measurement,0.0,0.0
2.800546,baseline_05_mixed_maneuver,Pitch,bias,0.038788,0,0.122907631099224,0.122907631099224,0.1203546877950428,0.0025529433041811,0.0025529433041811,0.009697,0,0.0,0.0025481019169091,0,0,0,W10_N3_mean1.25x,10,3,1.25,1909,Pitch_hybrid_prediction,/home/tchowdh4/sensor_recovery_project/logs/extracted_csv/baseline_05_mixed_maneuver_ATT.csv,/home/tchowdh4/sensor_recovery_project/prediction_results_v9_trained_hybrid/baseline_05_mixed_maneuver_ATT_trained_hybrid_prediction_outputs.csv,0.122907631099224,attacked_measurement,0.0,0.0
2.900506,baseline_05_mixed_maneuver,Pitch,bias,0.038788,0,0.1207345947623252,0.1207345947623252,0.1191048175096511,0.0016297772526741,0.0016297772526741,0.009697,0,0.0,0.0025048440322279,0,0,0,W10_N3_mean1.25x,10,3,1.25,1909,Pitch_hybrid_prediction,/home/tchowdh4/sensor_recovery_project/logs/extracted_csv/baseline_05_mixed_maneuver_ATT.csv,/home/tchowdh4/sensor_recovery_project/prediction_results_v9_trained_hybrid/baseline_05_mixed_maneuver_ATT_trained_hybrid_prediction_outputs.csv,0.1207345947623252,attacked_measurement,0.0,0.0
3.000466,baseline_05_mixed_maneuver,Pitch,bias,0.038788,0,0.1204964444041252,0.1204964444041252,0.1203178316354752,0.0001786127686499,0.0001786127686499,0.009697,0,0.0,0.0023809377104043,0,0,0,W10_N3_mean1.25x,10,3,1.25,1909,Pitch_hybrid_prediction,/home/tchowdh4/sensor_recovery_project/logs/extracted_csv/baseline_05_mixed_maneuver_ATT.csv,/home/tchowdh4/sensor_recovery_project/prediction_results_v9_trained_hybrid/baseline_05_mixed_maneuver_ATT_trained_hybrid_prediction_outputs.csv,0.1204964444041252,attacked_measurement,0.0,0.0
3.100426,baseline_05_mixed_maneuver,Pitch,bias,0.038788,0,0.1185867115855217,0.1185867115855217,0.117154411971569,0.0014322996139526,0.0014322996139526,0.009697,0,0.0,0.0023882618173956,0,0,0,W10_N3_mean1.25x,10,3,1.25,1909,Pitch_hybrid_prediction,/home/tchowdh4/sensor_recovery_project/logs/extracted_csv/baseline_05_mixed_maneuver_ATT.csv,/home/tchowdh4/sensor_recovery_project/prediction_results_v9_trained_hybrid/baseline_05_mixed_maneuver_ATT_trained_hybrid_prediction_outputs.csv,0.1185867115855217,attacked_measurement,0.0,0.0
3.200386,baseline_05_mixed_maneuver,Pitch,bias,0.038788,0,0.1131443604826927,0.1131443604826927,0.1090625971555709,0.0040817633271218,0.0040817633271218,0.009697,0,0.0,0.0026936179026961,0,0,0,W10_N3_mean1.25x,10,3,1.25,1909,Pitch_hybrid_prediction,/home/tchowdh4/sensor_recovery_project/logs/extracted_csv/baseline_05_mixed_maneuver_ATT.csv,/home/tchowdh4/sensor_recovery_project/prediction_results_v9_trained_hybrid/baseline_05_mixed_maneuver_ATT_trained_hybrid_prediction_outputs.csv,0.1131443604826927,attacked_measurement,0.0,0.0
3.300346,baseline_05_mixed_maneuver,Pitch,bias,0.038788,0,0.1074538007378578,0.1074538007378578,0.1031858809292316,0.0042679198086262,0.0042679198086262,0.009697,0,0.0,0.0029894392937421,0,0,0,W10_N3_mean1.25x,10,3,1.25,1909,Pitch_hybrid_prediction,/home/tchowdh4/sensor_recovery_project/logs/extracted_csv/baseline_05_mixed_maneuver_ATT.csv,/home/tchowdh4/sensor_recovery_project/prediction_results_v9_trained_hybrid/baseline_05_mixed_maneuver_ATT_trained_hybrid_prediction_outputs.csv,0.1074538007378578,attacked_measurement,0.0,0.0
3.400306,baseline_05_mixed_maneuver,Pitch,bias,0.038788,0,0.1068372949957847,0.1068372949957847,0.1063749156892298,0.0004623793065549,0.0004623793065549,0.009697,0,0.0,0.0029214888811111,0,0,0,W10_N3_mean1.25x,10,3,1.25,1909,Pitch_hybrid_prediction,/home/tchowdh4/sensor_recovery_project/logs/extracted_csv/baseline_05_mixed_maneuver_ATT.csv,/home/tchowdh4/sensor_recovery_project/prediction_results_v9_trained_hybrid/baseline_05_mixed_maneuver_ATT_trained_hybrid_prediction_outputs.csv,0.1068372949957847,attacked_measurement,0.0,0.0
3.500266,baseline_05_mixed_maneuver,Pitch,bias,0.038788,0,0.1035782247781753,0.1035782247781753,0.1011339221149682,0.002444302663207,0.002444302663207,0.009697,0,0.0,0.0026309056207537,0,0,0,W10_N3_mean1.25x,10,3,1.25,1909,Pitch_hybrid_prediction,/home/tchowdh4/sensor_recovery_project/logs/extracted_csv/baseline_05_mixed_maneuver_ATT.csv,/home/tchowdh4/sensor_recovery_project/prediction_results_v9_trained_hybrid/baseline_05_mixed_maneuver_ATT_trained_hybrid_prediction_outputs.csv,0.1035782247781753,attacked_measurement,0.0,0.0
3.600226,baseline_05_mixed_maneuver,Pitch,bias,0.038788,0,0.1043340340256691,0.1043340340256691,0.1049008909612894,-0.0005668569356203,0.0005668569356203,0.009697,0,0.0,0.0020190104842186,0,0,0,W10_N3_mean1.25x,10,3,1.25,1909,Pitch_hybrid_prediction,/home/tchowdh4/sensor_recovery_project/logs/extracted_csv/baseline_05_mixed_maneuver_ATT.csv,/home/tchowdh4/sensor_recovery_project/prediction_results_v9_trained_hybrid/baseline_05_mixed_maneuver_ATT_trained_hybrid_prediction_outputs.csv,0.1043340340256691,attacked_measurement,0.0,0.0
3.700186,baseline_05_mixed_maneuver,Pitch,bias,0.038788,0,0.1010903045535087,0.1010903045535087,0.0986575074493884,0.0024327971041202,0.0024327971041202,0.009697,0,0.0,0.0020049652084708,0,0,0,W10_N3_mean1.25x,10,3,1.25,1909,Pitch_hybrid_prediction,/home/tchowdh4/sensor_recovery_project/logs/extracted_csv/baseline_05_mixed_maneuver_ATT.csv,/home/tchowdh4/sensor_recovery_project/prediction_results_v9_trained_hybrid/baseline_05_mixed_maneuver_ATT_trained_hybrid_prediction_outputs.csv,0.1010903045535087,attacked_measurement,0.0,0.0
3.800146,baseline_05_mixed_maneuver,Pitch,bias,0.038788,0,0.0961712896823883,0.0961712896823883,0.092482028529048,0.0036892611533403,0.0036892611533403,0.009697,0,0.0,0.0021185969933867,0,0,0,W10_N3_mean1.25x,10,3,1.25,1909,Pitch_hybrid_prediction,/home/tchowdh4/sensor_recovery_project/logs/extracted_csv/baseline_05_mixed_maneuver_ATT.csv,/home/tchowdh4/sensor_recovery_project/prediction_results_v9_trained_hybrid/baseline_05_mixed_maneuver_ATT_trained_hybrid_prediction_outputs.csv,0.0961712896823883,attacked_measurement,0.0,0.0
3.900106,baseline_05_mixed_maneuver,Pitch,bias,0.038788,0,0.0886877328157424,0.0886877328157424,0.0830750651657579,0.0056126676499844,0.0056126676499844,0.009697,0,0.0,0.0025168860331178,0,0,0,W10_N3_mean1.25x,10,3,1.25,1909,Pitch_hybrid_prediction,/home/tchowdh4/sensor_recovery_project/logs/extracted_csv/baseline_05_mixed_maneuver_ATT.csv,/home/tchowdh4/sensor_recovery_project/prediction_results_v9_trained_hybrid/baseline_05_mixed_maneuver_ATT_trained_hybrid_prediction_outputs.csv,0.0886877328157424,attacked_measurement,0.0,0.0
4.000066,baseline_05_mixed_maneuver,Pitch,bias,0.038788,0,0.0895514637231826,0.0895514637231826,0.0901992619037627,-0.0006477981805801,0.0006477981805801,0.009697,0,0.0,0.0025638045743108,0,0,0,W10_N3_mean1.25x,10,3,1.25,1909,Pitch_hybrid_prediction,/home/tchowdh4/sensor_recovery_project/logs/extracted_csv/baseline_05_mixed_maneuver_ATT.csv,/home/tchowdh4/sensor_recovery_project/prediction_results_v9_trained_hybrid/baseline_05_mixed_maneuver_ATT_trained_hybrid_prediction_outputs.csv,0.0895514637231826,attacked_measurement,0.0,0.0
4.100026,baseline_05_mixed_maneuver,Pitch,bias,0.038788,0,0.0978294312953949,0.0978294312953949,0.1040379069745541,-0.0062084756791592,0.0062084756791592,0.009697,0,0.0,0.0030414221808314,0,0,0,W10_N3_mean1.25x,10,3,1.25,1909,Pitch_hybrid_prediction,/home/tchowdh4/sensor_recovery_project/logs/extracted_csv/baseline_05_mixed_maneuver_ATT.csv,/home/tchowdh4/sensor_recovery_project/prediction_results_v9_trained_hybrid/baseline_05_mixed_maneuver_ATT_trained_hybrid_prediction_outputs.csv,0.0978294312953949,attacked_measurement,0.0,0.0
4.199986,baseline_05_mixed_maneuver,Pitch,bias,0.038788,0,0.1023643761873245,0.1023643761873245,0.1057655848562716,-0.0034012086689471,0.0034012086689471,0.009697,0,0.0,0.002973366715014,0,0,0,W10_N3_mean1.25x,10,3,1.25,1909,Pitch_hybrid_prediction,/home/tchowdh4/sensor_recovery_project/logs/extracted_csv/baseline_05_mixed_maneuver_ATT.csv,/home/tchowdh4/sensor_recovery_project/prediction_results_v9_trained_hybrid/baseline_05_mixed_maneuver_ATT_trained_hybrid_prediction_outputs.csv,0.1023643761873245,attacked_measurement,0.0,0.0
4.299946,baseline_05_mixed_maneuver,Pitch,bias,0.038788,0,0.1028830483555793,0.1028830483555793,0.1032720524817704,-0.000389004126191,0.000389004126191,0.009697,0,0.0,0.0025854751467704,0,0,0,W10_N3_mean1.25x,10,3,1.25,1909,Pitch_hybrid_prediction,/home/tchowdh4/sensor_recovery_project/logs/extracted_csv/baseline_05_mixed_maneuver_ATT.csv,/home/tchowdh4/sensor_recovery_project/prediction_results_v9_trained_hybrid/baseline_05_mixed_maneuver_ATT_trained_hybrid_prediction_outputs.csv,0.1028830483555793,attacked_measurement,0.0,0.0
4.399906,baseline_05_mixed_maneuver,Pitch,bias,0.038788,0,0.0986350551247596,0.0986350551247596,0.0954490602016448,0.0031859949231148,0.0031859949231148,0.009697,0,0.0,0.0028578367084264,0,0,0,W10_N3_mean1.25x,10,3,1.25,1909,Pitch_hybrid_prediction,/home/tchowdh4/sensor_recovery_project/logs/extracted_csv/baseline_05_mixed_maneuver_ATT.csv,/home/tchowdh4/sensor_recovery_project/prediction_results_v9_trained_hybrid/baseline_05_mixed_maneuver_ATT_trained_hybrid_prediction_outputs.csv,0.0986350551247596,attacked_measurement,0.0,0.0
4.499866,baseline_05_mixed_maneuver,Pitch,bias,0.038788,0,0.095457375049591,0.095457375049591,0.0930741149932145,0.0023832600563764,0.0023832600563764,0.009697,0,0.0,0.0028517324477434,0,0,0,W10_N3_mean1.25x,10,3,1.25,1909,Pitch_hybrid_prediction,/home/tchowdh4/sensor_recovery_project/logs/extracted_csv/baseline_05_mixed_maneuver_ATT.csv,/home/tchowdh4/sensor_recovery_project/prediction_results_v9_trained_hybrid/baseline_05_mixed_maneuver_ATT_trained_hybrid_prediction_outputs.csv,0.095457375049591,attacked_measurement,0.0,0.0
4.599826,baseline_05_mixed_maneuver,Pitch,bias,0.038788,0,0.0971072167158126,0.0971072167158126,0.0983445979654788,-0.0012373812496662,0.0012373812496662,0.009697,0,0.0,0.002918784879148,0,0,0,W10_N3_mean1.25x,10,3,1.25,1909,Pitch_hybrid_prediction,/home/tchowdh4/sensor_recovery_project/logs/extracted_csv/baseline_05_mixed_maneuver_ATT.csv,/home/tchowdh4/sensor_recovery_project/prediction_results_v9_trained_hybrid/baseline_05_mixed_maneuver_ATT_trained_hybrid_prediction_outputs.csv,0.0971072167158126,attacked_measurement,0.0,0.0
4.700619,baseline_05_mixed_maneuver,Pitch,bias,0.038788,0,0.0972935855388641,0.0972935855388641,0.0974333621561527,-0.0001397766172886,0.0001397766172886,0.009697,0,0.0,0.0026894828304648,0,0,0,W10_N3_mean1.25x,10,3,1.25,1909,Pitch_hybrid_prediction,/home/tchowdh4/sensor_recovery_project/logs/extracted_csv/baseline_05_mixed_maneuver_ATT.csv,/home/tchowdh4/sensor_recovery_project/prediction_results_v9_trained_hybrid/baseline_05_mixed_maneuver_ATT_trained_hybrid_prediction_outputs.csv,0.0972935855388641,attacked_measurement,0.0,0.0
4.800579,baseline_05_mixed_maneuver,Pitch,bias,0.038788,0,0.1000599712133407,0.1000599712133407,0.1021347604691981,-0.0020747892558573,0.0020747892558573,0.009697,0,0.0,0.0025280356407165,0,0,0,W10_N3_mean1.25x,10,3,1.25,1909,Pitch_hybrid_prediction,/home/tchowdh4/sensor_recovery_project/logs/extracted_csv/baseline_05_mixed_maneuver_ATT.csv,/home/tchowdh4/sensor_recovery_project/prediction_results_v9_trained_hybrid/baseline_05_mixed_maneuver_ATT_trained_hybrid_prediction_outputs.csv,0.1000599712133407,attacked_measurement,0.0,0.0
4.900539,baseline_05_mixed_maneuver,Pitch,bias,0.038788,0,0.0966491550207138,0.0966491550207138,0.0940910428762436,0.0025581121444702,0.0025581121444702,0.009697,0,0.0,0.0022225800901651,0,0,0,W10_N3_mean1.25x,10,3,1.25,1909,Pitch_hybrid_prediction,/home/tchowdh4/sensor_recovery_project/logs/extracted_csv/baseline_05_mixed_maneuver_ATT.csv,/home/tchowdh4/sensor_recovery_project/prediction_results_v9_trained_hybrid/baseline_05_mixed_maneuver_ATT_trained_hybrid_prediction_outputs.csv,0.0966491550207138,attacked_measurement,0.0,0.0
5.000499,baseline_05_mixed_maneuver,Pitch,bias,0.038788,0,0.0902280732989311,0.0902280732989311,0.085412262007594,0.004815811291337,0.004815811291337,0.009697,0,0.0,0.0026393814012408,0,0,0,W10_N3_mean1.25x,10,3,1.25,1909,Pitch_hybrid_prediction,/home/tchowdh4/sensor_recovery_project/logs/extracted_csv/baseline_05_mixed_maneuver_ATT.csv,/home/tchowdh4/sensor_recovery_project/prediction_results_v9_trained_hybrid/baseline_05_mixed_maneuver_ATT_trained_hybrid_prediction_outputs.csv,0.0902280732989311,attacked_measurement,0.0,0.0
5.100459,baseline_05_mixed_maneuver,Pitch,bias,0.038788,0,0.0852276608347892,0.0852276608347892,0.0814773514866828,0.0037503093481064,0.0037503093481064,0.009697,0,0.0,0.0023935647681355,0,0,0,W10_N3_mean1.25x,10,3,1.25,1909,Pitch_hybrid_prediction,/home/tchowdh4/sensor_recovery_project/logs/extracted_csv/baseline_05_mixed_maneuver_ATT.csv,/home/tchowdh4/sensor_recovery_project/prediction_results_v9_trained_hybrid/baseline_05_mixed_maneuver_ATT_trained_hybrid_prediction_outputs.csv,0.0852276608347892,attacked_measurement,0.0,0.0
5.200419,baseline_05_mixed_maneuver,Pitch,bias,0.038788,0,0.0854621827602386,0.0854621827602386,0.0856380742043256,-0.000175891444087,0.000175891444087,0.009697,0,0.0,0.0020710330456495,0,0,0,W10_N3_mean1.25x,10,3,1.25,1909,Pitch_hybrid_prediction,/home/tchowdh4/sensor_recovery_project/logs/extracted_csv/baseline_05_mixed_maneuver_ATT.csv,/home/tchowdh4/sensor_recovery_project/prediction_results_v9_trained_hybrid/baseline_05_mixed_maneuver_ATT_trained_hybrid_prediction_outputs.csv,0.0854621827602386,attacked_measurement,0.0,0.0
5.300379,baseline_05_mixed_maneuver,Pitch,bias,0.038788,0,0.0907981097698211,0.0907981097698211,0.0948000550270079,-0.0040019452571868,0.0040019452571868,0.009697,0,0.0,0.0024323271587491,0,0,0,W10_N3_mean1.25x,10,3,1.25,1909,Pitch_hybrid_prediction,/home/tchowdh4/sensor_recovery_project/logs/extracted_csv/baseline_05_mixed_maneuver_ATT.csv,/home/tchowdh4/sensor_recovery_project/prediction_results_v9_trained_hybrid/baseline_05_mixed_maneuver_ATT_trained_hybrid_prediction_outputs.csv,0.0907981097698211,attacked_measurement,0.0,0.0
5.400339,baseline_05_mixed_maneuver,Pitch,bias,0.038788,0,0.100125066936016,0.100125066936016,0.1071202848106621,-0.0069952178746461,0.0069952178746461,0.009697,0,0.0,0.0028132494539022,0,0,0,W10_N3_mean1.25x,10,3,1.25,1909,Pitch_hybrid_prediction,/home/tchowdh4/sensor_recovery_project/logs/extracted_csv/baseline_05_mixed_maneuver_ATT.csv,/home/tchowdh4/sensor_recovery_project/prediction_results_v9_trained_hybrid/baseline_05_mixed_maneuver_ATT_trained_hybrid_prediction_outputs.csv,0.100125066936016,attacked_measurement,0.0,0.0
5.500299,baseline_05_mixed_maneuver,Pitch,bias,0.038788,0,0.1067972257733345,0.1067972257733345,0.1118013449013233,-0.0050041191279888,0.0050041191279888,0.009697,0,0.0,0.0030753353610634,0,0,0,W10_N3_mean1.25x,10,3,1.25,1909,Pitch_hybrid_prediction,/home/tchowdh4/sensor_recovery_project/logs/extracted_csv/baseline_05_mixed_maneuver_ATT.csv,/home/tchowdh4/sensor_recovery_project/prediction_results_v9_trained_hybrid/baseline_05_mixed_maneuver_ATT_trained_hybrid_prediction_outputs.csv,0.1067972257733345,attacked_measurement,0.0,0.0
5.600259,baseline_05_mixed_maneuver,Pitch,bias,0.038788,0,0.1060380563139915,0.1060380563139915,0.1054686792194842,0.0005693770945073,0.0005693770945073,0.009697,0,0.0,0.0030085349455475,0,0,0,W10_N3_mean1.25x,10,3,1.25,1909,Pitch_hybrid_prediction,/home/tchowdh4/sensor_recovery_project/logs/extracted_csv/baseline_05_mixed_maneuver_ATT.csv,/home/tchowdh4/sensor_recovery_project/prediction_results_v9_trained_hybrid/baseline_05_mixed_maneuver_ATT_trained_hybrid_prediction_outputs.csv,0.1060380563139915,attacked_measurement,0.0,0.0
5.700219,baseline_05_mixed_maneuver,Pitch,bias,0.038788,0,0.1037030816078186,0.1037030816078186,0.1019518505781889,0.0017512310296297,0.0017512310296297,0.009697,0,0.0,0.0031696803867816,0,0,0,W10_N3_mean1.25x,10,3,1.25,1909,Pitch_hybrid_prediction,/home/tchowdh4/sensor_recovery_project/logs/extracted_csv/baseline_05_mixed_maneuver_ATT.csv,/home/tchowdh4/sensor_recovery_project/prediction_results_v9_trained_hybrid/baseline_05_mixed_maneuver_ATT_trained_hybrid_prediction_outputs.csv,0.1037030816078186,attacked_measurement,0.0,0.0
5.800179,baseline_05_mixed_maneuver,Pitch,bias,0.038788,0,0.1043957024812698,0.1043957024812698,0.1049151681363581,-0.0005194656550882,0.0005194656550882,0.009697,0,0.0,0.0030141480267047,0,0,0,W10_N3_mean1.25x,10,3,1.25,1909,Pitch_hybrid_prediction,/home/tchowdh4/sensor_recovery_project/logs/extracted_csv/baseline_05_mixed_maneuver_ATT.csv,/home/tchowdh4/sensor_recovery_project/prediction_results_v9_trained_hybrid/baseline_05_mixed_maneuver_ATT_trained_hybrid_prediction_outputs.csv,0.1043957024812698,attacked_measurement,0.0,0.0
5.900139,baseline_05_mixed_maneuver,Pitch,bias,0.038788,0,0.106504276394844,0.106504276394844,0.1080857068300246,-0.0015814304351805,0.0015814304351805,0.009697,0,0.0,0.0029164798557758,0,0,0,W10_N3_mean1.25x,10,3,1.25,1909,Pitch_hybrid_prediction,/home/tchowdh4/sensor_recovery_project/logs/extracted_csv/baseline_05_mixed_maneuver_ATT.csv,/home/tchowdh4/sensor_recovery_project/prediction_results_v9_trained_hybrid/baseline_05_mixed_maneuver_ATT_trained_hybrid_prediction_outputs.csv,0.106504276394844,attacked_measurement,0.0,0.0
6.000099,baseline_05_mixed_maneuver,Pitch,bias,0.038788,0,0.108102448284626,0.108102448284626,0.1093010772019625,-0.0011986289173365,0.0011986289173365,0.009697,0,0.0,0.0025547616183757,0,0,0,W10_N3_mean1.25x,10,3,1.25,1909,Pitch_hybrid_prediction,/home/tchowdh4/sensor_recovery_project/logs/extracted_csv/baseline_05_mixed_maneuver_ATT.csv,/home/tchowdh4/sensor_recovery_project/prediction_results_v9_trained_hybrid/baseline_05_mixed_maneuver_ATT_trained_hybrid_prediction_outputs.csv,0.108102448284626,attacked_measurement,0.0,0.0
6.100059,baseline_05_mixed_maneuver,Pitch,bias,0.038788,0,0.1065788492560386,0.1065788492560386,0.105436149984598,0.0011426992714406,0.0011426992714406,0.009697,0,0.0,0.0022940006107091,0,0,0,W10_N3_mean1.25x,10,3,1.25,1909,Pitch_hybrid_prediction,/home/tchowdh4/sensor_recovery_project/logs/extracted_csv/baseline_05_mixed_maneuver_ATT.csv,/home/tchowdh4/sensor_recovery_project/prediction_results_v9_trained_hybrid/baseline_05_mixed_maneuver_ATT_trained_hybrid_prediction_outputs.csv,0.1065788492560386,attacked_measurement,0.0,0.0
6.200019,baseline_05_mixed_maneuver,Pitch,bias,0.038788,0,0.1030749827623367,0.1030749827623367,0.1004470828920602,0.0026278998702765,0.0026278998702765,0.009697,0,0.0,0.0025392014533281,0,0,0,W10_N3_mean1.25x,10,3,1.25,1909,Pitch_hybrid_prediction,/home/tchowdh4/sensor_recovery_project/logs/extracted_csv/baseline_05_mixed_maneuver_ATT.csv,/home/tchowdh4/sensor_recovery_project/prediction_results_v9_trained_hybrid/baseline_05_mixed_maneuver_ATT_trained_hybrid_prediction_outputs.csv,0.1030749827623367,attacked_measurement,0.0,0.0
6.299979,baseline_05_mixed_maneuver,Pitch,bias,0.038788,0,0.1027151867747306,0.1027151867747306,0.102445339784026,0.0002698469907046,0.0002698469907046,0.009697,0,0.0,0.0021659916266799,0,0,0,W10_N3_mean1.25x,10,3,1.25,1909,Pitch_hybrid_prediction,/home/tchowdh4/sensor_recovery_project/logs/extracted_csv/baseline_05_mixed_maneuver_ATT.csv,/home/tchowdh4/sensor_recovery_project/prediction_results_v9_trained_hybrid/baseline_05_mixed_maneuver_ATT_trained_hybrid_prediction_outputs.csv,0.1027151867747306,attacked_measurement,0.0,0.0
6.399939,baseline_05_mixed_maneuver,Pitch,bias,0.038788,0,0.1073240488767623,0.1073240488767623,0.110780695453286,-0.0034566465765236,0.0034566465765236,0.009697,0,0.0,0.0018121344968676,0,0,0,W10_N3_mean1.25x,10,3,1.25,1909,Pitch_hybrid_prediction,/home/tchowdh4/sensor_recovery_project/logs/extracted_csv/baseline_05_mixed_maneuver_ATT.csv,/home/tchowdh4/sensor_recovery_project/prediction_results_v9_trained_hybrid/baseline_05_mixed_maneuver_ATT_trained_hybrid_prediction_outputs.csv,0.1073240488767623,attacked_measurement,0.0,0.0
6.499899,baseline_05_mixed_maneuver,Pitch,bias,0.038788,0,0.1002211645245552,0.1002211645245552,0.0948940012603998,0.0053271632641554,0.0053271632641554,0.009697,0,0.0,0.0018444389104843,0,0,0,W10_N3_mean1.25x,10,3,1.25,1909,Pitch_hybrid_prediction,/home/tchowdh4/sensor_recovery_project/logs/extracted_csv/baseline_05_mixed_maneuver_ATT.csv,/home/tchowdh4/sensor_recovery_project/prediction_results_v9_trained_hybrid/baseline_05_mixed_maneuver_ATT_trained_hybrid_prediction_outputs.csv,0.1002211645245552,attacked_measurement,0.0,0.0
6.599859,baseline_05_mixed_maneuver,Pitch,bias,0.038788,0,0.0978892594575882,0.0978892594575882,0.0961403306573629,0.0017489288002252,0.0017489288002252,0.009697,0,0.0,0.0019623940810561,0,0,0,W10_N3_mean1.25x,10,3,1.25,1909,Pitch_hybrid_prediction,/home/tchowdh4/sensor_recovery_project/logs/extracted_csv/baseline_05_mixed_maneuver_ATT.csv,/home/tchowdh4/sensor_recovery_project/prediction_results_v9_trained_hybrid/baseline_05_mixed_maneuver_ATT_trained_hybrid_prediction_outputs.csv,0.0978892594575882,attacked_measurement,0.0,0.0
6.699819,baseline_05_mixed_maneuver,Pitch,bias,0.038788,0,0.1013963967561721,0.1013963967561721,0.10402674973011,-0.0026303529739379,0.0026303529739379,0.009697,0,0.0,0.0020503062754869,0,0,0,W10_N3_mean1.25x,10,3,1.25,1909,Pitch_hybrid_prediction,/home/tchowdh4/sensor_recovery_project/logs/extracted_csv/baseline_05_mixed_maneuver_ATT.csv,/home/tchowdh4/sensor_recovery_project/prediction_results_v9_trained_hybrid/baseline_05_mixed_maneuver_ATT_trained_hybrid_prediction_outputs.csv,0.1013963967561721,attacked_measurement,0.0,0.0
6.800612,baseline_05_mixed_maneuver,Pitch,bias,0.038788,0,0.1022262647747993,0.1022262647747993,0.1028486657887697,-0.0006224010139703,0.0006224010139703,0.009697,0,0.0,0.0020605998113751,0,0,0,W10_N3_mean1.25x,10,3,1.25,1909,Pitch_hybrid_prediction,/home/tchowdh4/sensor_recovery_project/logs/extracted_csv/baseline_05_mixed_maneuver_ATT.csv,/home/tchowdh4/sensor_recovery_project/prediction_results_v9_trained_hybrid/baseline_05_mixed_maneuver_ATT_trained_hybrid_prediction_outputs.csv,0.1022262647747993,attacked_measurement,0.0,0.0
6.900572,baseline_05_mixed_maneuver,Pitch,bias,0.038788,0,0.1146842613816261,0.1146842613816261,0.1240277588367462,-0.0093434974551201,0.0093434974551201,0.009697,0,0.0,0.0028368065133691,0,0,0,W10_N3_mean1.25x,10,3,1.25,1909,Pitch_hybrid_prediction,/home/tchowdh4/sensor_recovery_project/logs/extracted_csv/baseline_05_mixed_maneuver_ATT.csv,/home/tchowdh4/sensor_recovery_project/prediction_results_v9_trained_hybrid/baseline_05_mixed_maneuver_ATT_trained_hybrid_prediction_outputs.csv,0.1146842613816261,attacked_measurement,0.0,0.0
7.000532,baseline_05_mixed_maneuver,Pitch,bias,0.038788,0,0.1212181597948074,0.1212181597948074,0.1261185836046933,-0.0049004238098858,0.0049004238098858,0.009697,0,0.0,0.003206986002624,0,0,0,W10_N3_mean1.25x,10,3,1.25,1909,Pitch_hybrid_prediction,/home/tchowdh4/sensor_recovery_project/logs/extracted_csv/baseline_05_mixed_maneuver_ATT.csv,/home/tchowdh4/sensor_recovery_project/prediction_results_v9_trained_hybrid/baseline_05_mixed_maneuver_ATT_trained_hybrid_prediction_outputs.csv,0.1212181597948074,attacked_measurement,0.0,0.0
7.100492,baseline_05_mixed_maneuver,Pitch,bias,0.038788,0,0.1150727644562721,0.1150727644562721,0.1104637179523706,0.0046090465039014,0.0046090465039014,0.009697,0,0.0,0.0035536207258701,0,0,0,W10_N3_mean1.25x,10,3,1.25,1909,Pitch_hybrid_prediction,/home/tchowdh4/sensor_recovery_project/logs/extracted_csv/baseline_05_mixed_maneuver_ATT.csv,/home/tchowdh4/sensor_recovery_project/prediction_results_v9_trained_hybrid/baseline_05_mixed_maneuver_ATT_trained_hybrid_prediction_outputs.csv,0.1150727644562721,attacked_measurement,0.0,0.0
7.200452,baseline_05_mixed_maneuver,Pitch,bias,0.038788,0,0.1121865287423133,0.1121865287423133,0.1100218519568441,0.0021646767854692,0.0021646767854692,0.009697,0,0.0,0.0035072984173894,0,0,0,W10_N3_mean1.25x,10,3,1.25,1909,Pitch_hybrid_prediction,/home/tchowdh4/sensor_recovery_project/logs/extracted_csv/baseline_05_mixed_maneuver_ATT.csv,/home/tchowdh4/sensor_recovery_project/prediction_results_v9_trained_hybrid/baseline_05_mixed_maneuver_ATT_trained_hybrid_prediction_outputs.csv,0.1121865287423133,attacked_measurement,0.0,0.0
7.300412,baseline_05_mixed_maneuver,Pitch,bias,0.038788,0,0.1094123348593711,0.1094123348593711,0.1073316894471644,0.0020806454122067,0.0020806454122067,0.009697,0,0.0,0.0036883782595396,0,0,0,W10_N3_mean1.25x,10,3,1.25,1909,Pitch_hybrid_prediction,/home/tchowdh4/sensor_recovery_project/logs/extracted_csv/baseline_05_mixed_maneuver_ATT.csv,/home/tchowdh4/sensor_recovery_project/prediction_results_v9_trained_hybrid/baseline_05_mixed_maneuver_ATT_trained_hybrid_prediction_outputs.csv,0.1094123348593711,attacked_measurement,0.0,0.0
7.400372,baseline_05_mixed_maneuver,Pitch,bias,0.038788,0,0.1059756129980087,0.1059756129980087,0.1033980716019869,0.0025775413960218,0.0025775413960218,0.009697,0,0.0,0.0036004677414894,0,0,0,W10_N3_mean1.25x,10,3,1.25,1909,Pitch_hybrid_prediction,/home/tchowdh4/sensor_recovery_project/logs/extracted_csv/baseline_05_mixed_maneuver_ATT.csv,/home/tchowdh4/sensor_recovery_project/prediction_results_v9_trained_hybrid/baseline_05_mixed_maneuver_ATT_trained_hybrid_prediction_outputs.csv,0.1059756129980087,attacked_measurement,0.0,0.0
7.500332,baseline_05_mixed_maneuver,Pitch,bias,0.038788,0,0.1026037409901619,0.1026037409901619,0.1000748369842768,0.002528904005885,0.002528904005885,0.009697,0,0.0,0.0033206418156623,0,0,0,W10_N3_mean1.25x,10,3,1.25,1909,Pitch_hybrid_prediction,/home/tchowdh4/sensor_recovery_project/logs/extracted_csv/baseline_05_mixed_maneuver_ATT.csv,/home/tchowdh4/sensor_recovery_project/prediction_results_v9_trained_hybrid/baseline_05_mixed_maneuver_ATT_trained_hybrid_prediction_outputs.csv,0.1026037409901619,attacked_measurement,0.0,0.0
7.600292,baseline_05_mixed_maneuver,Pitch,bias,0.038788,0,0.0987974032759666,0.0987974032759666,0.0959426499903201,0.0028547532856465,0.0028547532856465,0.009697,0,0.0,0.0034312242642045,0,0,0,W10_N3_mean1.25x,10,3,1.25,1909,Pitch_hybrid_prediction,/home/tchowdh4/sensor_recovery_project/logs/extracted_csv/baseline_05_mixed_maneuver_ATT.csv,/home/tchowdh4/sensor_recovery_project/prediction_results_v9_trained_hybrid/baseline_05_mixed_maneuver_ATT_trained_hybrid_prediction_outputs.csv,0.0987974032759666,attacked_measurement,0.0,0.0
7.700252,baseline_05_mixed_maneuver,Pitch,bias,0.038788,0,0.099815048277378,0.099815048277378,0.1005782820284365,-0.0007632337510584,0.0007632337510584,0.009697,0,0.0,0.0032445123419165,0,0,0,W10_N3_mean1.25x,10,3,1.25,1909,Pitch_hybrid_prediction,/home/tchowdh4/sensor_recovery_project/logs/extracted_csv/baseline_05_mixed_maneuver_ATT.csv,/home/tchowdh4/sensor_recovery_project/prediction_results_v9_trained_hybrid/baseline_05_mixed_maneuver_ATT_trained_hybrid_prediction_outputs.csv,0.099815048277378,attacked_measurement,0.0,0.0
7.800212,baseline_05_mixed_maneuver,Pitch,bias,0.038788,0,0.0939806476235389,0.0939806476235389,0.0896048471331595,0.0043758004903794,0.0043758004903794,0.009697,0,0.0,0.0036198522895574,0,0,0,W10_N3_mean1.25x,10,3,1.25,1909,Pitch_hybrid_prediction,/home/tchowdh4/sensor_recovery_project/logs/extracted_csv/baseline_05_mixed_maneuver_ATT.csv,/home/tchowdh4/sensor_recovery_project/prediction_results_v9_trained_hybrid/baseline_05_mixed_maneuver_ATT_trained_hybrid_prediction_outputs.csv,0.0939806476235389,attacked_measurement,0.0,0.0
7.900172,baseline_05_mixed_maneuver,Pitch,bias,0.038788,0,0.0938262939453125,0.0938262939453125,0.0937105286866427,0.0001157652586697,0.0001157652586697,0.009697,0,0.0,0.0026970790699124,0,0,0,W10_N3_mean1.25x,10,3,1.25,1909,Pitch_hybrid_prediction,/home/tchowdh4/sensor_recovery_project/logs/extracted_csv/baseline_05_mixed_maneuver_ATT.csv,/home/tchowdh4/sensor_recovery_project/prediction_results_v9_trained_hybrid/baseline_05_mixed_maneuver_ATT_trained_hybrid_prediction_outputs.csv,0.0938262939453125,attacked_measurement,0.0,0.0
8.000132,baseline_05_mixed_maneuver,Pitch,bias,0.038788,0,0.0924309566617012,0.0924309566617012,0.0913844536989927,0.0010465029627085,0.0010465029627085,0.009697,0,0.0,0.0023116869851947,0,0,0,W10_N3_mean1.25x,10,3,1.25,1909,Pitch_hybrid_prediction,/home/tchowdh4/sensor_recovery_project/logs/extracted_csv/baseline_05_mixed_maneuver_ATT.csv,/home/tchowdh4/sensor_recovery_project/prediction_results_v9_trained_hybrid/baseline_05_mixed_maneuver_ATT_trained_hybrid_prediction_outputs.csv,0.0924309566617012,attacked_measurement,0.0,0.0
8.100092,baseline_05_mixed_maneuver,Pitch,bias,0.038788,0,0.0887669399380683,0.0887669399380683,0.0860189273953436,0.0027480125427247,0.0027480125427247,0.009697,0,0.0,0.002125583589077,0,0,0,W10_N3_mean1.25x,10,3,1.25,1909,Pitch_hybrid_prediction,/home/tchowdh4/sensor_recovery_project/logs/extracted_csv/baseline_05_mixed_maneuver_ATT.csv,/home/tchowdh4/sensor_recovery_project/prediction_results_v9_trained_hybrid/baseline_05_mixed_maneuver_ATT_trained_hybrid_prediction_outputs.csv,0.0887669399380683,attacked_measurement,0.0,0.0
8.200052,baseline_05_mixed_maneuver,Pitch,bias,0.038788,0,0.0831132233142852,0.0831132233142852,0.0788729358464478,0.0042402874678373,0.0042402874678373,0.009697,0,0.0,0.0023331446573138,0,0,0,W10_N3_mean1.25x,10,3,1.25,1909,Pitch_hybrid_prediction,/home/tchowdh4/sensor_recovery_project/logs/extracted_csv/baseline_05_mixed_maneuver_ATT.csv,/home/tchowdh4/sensor_recovery_project/prediction_results_v9_trained_hybrid/baseline_05_mixed_maneuver_ATT_trained_hybrid_prediction_outputs.csv,0.0831132233142852,attacked_measurement,0.0,0.0
8.300012,baseline_05_mixed_maneuver,Pitch,bias,0.038788,0,0.0850498974323272,0.0850498974323272,0.0865024030208587,-0.0014525055885314,0.0014525055885314,0.009697,0,0.0,0.0022703306749463,0,0,0,W10_N3_mean1.25x,10,3,1.25,1909,Pitch_hybrid_prediction,/home/tchowdh4/sensor_recovery_project/logs/extracted_csv/baseline_05_mixed_maneuver_ATT.csv,/home/tchowdh4/sensor_recovery_project/prediction_results_v9_trained_hybrid/baseline_05_mixed_maneuver_ATT_trained_hybrid_prediction_outputs.csv,0.0850498974323272,attacked_measurement,0.0,0.0
8.399972,baseline_05_mixed_maneuver,Pitch,bias,0.038788,0,0.0866440162062645,0.0866440162062645,0.0878396052867174,-0.0011955890804529,0.0011955890804529,0.009697,0,0.0,0.0021321354433894,0,0,0,W10_N3_mean1.25x,10,3,1.25,1909,Pitch_hybrid_prediction,/home/tchowdh4/sensor_recovery_project/logs/extracted_csv/baseline_05_mixed_maneuver_ATT.csv,/home/tchowdh4/sensor_recovery_project/prediction_results_v9_trained_hybrid/baseline_05_mixed_maneuver_ATT_trained_hybrid_prediction_outputs.csv,0.0866440162062645,attacked_measurement,0.0,0.0
8.499932,baseline_05_mixed_maneuver,Pitch,bias,0.038788,0,0.0855306088924408,0.0855306088924408,0.084695553407073,0.0008350554853678,0.0008350554853678,0.009697,0,0.0,0.0019627505913377,0,0,0,W10_N3_mean1.25x,10,3,1.25,1909,Pitch_hybrid_prediction,/home/tchowdh4/sensor_recovery_project/logs/extracted_csv/baseline_05_mixed_maneuver_ATT.csv,/home/tchowdh4/sensor_recovery_project/prediction_results_v9_trained_hybrid/baseline_05_mixed_maneuver_ATT_trained_hybrid_prediction_outputs.csv,0.0855306088924408,attacked_measurement,0.0,0.0
8.599892,baseline_05_mixed_maneuver,Pitch,bias,0.038788,0,0.0829933136701583,0.0829933136701583,0.0810903422534464,0.0019029714167119,0.0019029714167119,0.009697,0,0.0,0.0018675724044442,0,0,0,W10_N3_mean1.25x,10,3,1.25,1909,Pitch_hybrid_prediction,/home/tchowdh4/sensor_recovery_project/logs/extracted_csv/baseline_05_mixed_maneuver_ATT.csv,/home/tchowdh4/sensor_recovery_project/prediction_results_v9_trained_hybrid/baseline_05_mixed_maneuver_ATT_trained_hybrid_prediction_outputs.csv,0.0829933136701583,attacked_measurement,0.0,0.0
8.699852,baseline_05_mixed_maneuver,Pitch,bias,0.038788,0,0.0839312821626663,0.0839312821626663,0.0846347585320473,-0.0007034763693809,0.0007034763693809,0.009697,0,0.0,0.0018615966662764,0,0,0,W10_N3_mean1.25x,10,3,1.25,1909,Pitch_hybrid_prediction,/home/tchowdh4/sensor_recovery_project/logs/extracted_csv/baseline_05_mixed_maneuver_ATT.csv,/home/tchowdh4/sensor_recovery_project/prediction_results_v9_trained_hybrid/baseline_05_mixed_maneuver_ATT_trained_hybrid_prediction_outputs.csv,0.0839312821626663,attacked_measurement,0.0,0.0
8.799812,baseline_05_mixed_maneuver,Pitch,bias,0.038788,0,0.0874615311622619,0.0874615311622619,0.0901092179119585,-0.0026476867496966,0.0026476867496966,0.009697,0,0.0,0.0016887852922082,0,0,0,W10_N3_mean1.25x,10,3,1.25,1909,Pitch_hybrid_prediction,/home/tchowdh4/sensor_recovery_project/logs/extracted_csv/baseline_05_mixed_maneuver_ATT.csv,/home/tchowdh4/sensor_recovery_project/prediction_results_v9_trained_hybrid/baseline_05_mixed_maneuver_ATT_trained_hybrid_prediction_outputs.csv,0.0874615311622619,attacked_measurement,0.0,0.0
8.900605,baseline_05_mixed_maneuver,Pitch,bias,0.038788,0,0.091123878955841,0.091123878955841,0.0938706398010253,-0.0027467608451842,0.0027467608451842,0.009697,0,0.0,0.0019518848508596,0,0,0,W10_N3_mean1.25x,10,3,1.25,1909,Pitch_hybrid_prediction,/home/tchowdh4/sensor_recovery_project/logs/extracted_csv/baseline_05_mixed_maneuver_ATT.csv,/home/tchowdh4/sensor_recovery_project/prediction_results_v9_trained_hybrid/baseline_05_mixed_maneuver_ATT_trained_hybrid_prediction_outputs.csv,0.091123878955841,attacked_measurement,0.0,0.0
9.000565,baseline_05_mixed_maneuver,Pitch,bias,0.038788,0,0.0924679413437843,0.0924679413437843,0.0934759881347417,-0.0010080467909573,0.0010080467909573,0.009697,0,0.0,0.0019480392336845,0,0,0,W10_N3_mean1.25x,10,3,1.25,1909,Pitch_hybrid_prediction,/home/tchowdh4/sensor_recovery_project/logs/extracted_csv/baseline_05_mixed_maneuver_ATT.csv,/home/tchowdh4/sensor_recovery_project/prediction_results_v9_trained_hybrid/baseline_05_mixed_maneuver_ATT_trained_hybrid_prediction_outputs.csv,0.0924679413437843,attacked_measurement,0.0,0.0
9.100525,baseline_05_mixed_maneuver,Pitch,bias,0.038788,0,0.0955303385853767,0.0955303385853767,0.0978271365165709,-0.0022967979311942,0.0022967979311942,0.009697,0,0.0,0.0019029177725314,0,0,0,W10_N3_mean1.25x,10,3,1.25,1909,Pitch_hybrid_prediction,/home/tchowdh4/sensor_recovery_project/logs/extracted_csv/baseline_05_mixed_maneuver_ATT.csv,/home/tchowdh4/sensor_recovery_project/prediction_results_v9_trained_hybrid/baseline_05_mixed_maneuver_ATT_trained_hybrid_prediction_outputs.csv,0.0955303385853767,attacked_measurement,0.0,0.0
9.200485,baseline_05_mixed_maneuver,Pitch,bias,0.038788,0,0.093045137822628,0.093045137822628,0.0911812372505664,0.0018639005720615,0.0018639005720615,0.009697,0,0.0,0.0016652790829539,0,0,0,W10_N3_mean1.25x,10,3,1.25,1909,Pitch_hybrid_prediction,/home/tchowdh4/sensor_recovery_project/logs/extracted_csv/baseline_05_mixed_maneuver_ATT.csv,/home/tchowdh4/sensor_recovery_project/prediction_results_v9_trained_hybrid/baseline_05_mixed_maneuver_ATT_trained_hybrid_prediction_outputs.csv,0.093045137822628,attacked_measurement,0.0,0.0
9.300445,baseline_05_mixed_maneuver,Pitch,bias,0.038788,0,0.0980871394276619,0.0980871394276619,0.1018686406314373,-0.0037815012037754,0.0037815012037754,0.009697,0,0.0,0.0018981786444783,0,0,0,W10_N3_mean1.25x,10,3,1.25,1909,Pitch_hybrid_prediction,/home/tchowdh4/sensor_recovery_project/logs/extracted_csv/baseline_05_mixed_maneuver_ATT.csv,/home/tchowdh4/sensor_recovery_project/prediction_results_v9_trained_hybrid/baseline_05_mixed_maneuver_ATT_trained_hybrid_prediction_outputs.csv,0.0980871394276619,attacked_measurement,0.0,0.0
9.400405,baseline_05_mixed_maneuver,Pitch,bias,0.038788,0,0.0945748388767242,0.0945748388767242,0.0919406134635209,0.0026342254132032,0.0026342254132032,0.009697,0,0.0,0.0020420422777533,0,0,0,W10_N3_mean1.25x,10,3,1.25,1909,Pitch_hybrid_prediction,/home/tchowdh4/sensor_recovery_project/logs/extracted_csv/baseline_05_mixed_maneuver_ATT.csv,/home/tchowdh4/sensor_recovery_project/prediction_results_v9_trained_hybrid/baseline_05_mixed_maneuver_ATT_trained_hybrid_prediction_outputs.csv,0.0945748388767242,attacked_measurement,0.0,0.0
9.500365,baseline_05_mixed_maneuver,Pitch,bias,0.038788,0,0.1016135662794113,0.1016135662794113,0.1068926118314266,-0.0052790455520153,0.0052790455520153,0.009697,0,0.0,0.0024864412844181,0,0,0,W10_N3_mean1.25x,10,3,1.25,1909,Pitch_hybrid_prediction,/home/tchowdh4/sensor_recovery_project/logs/extracted_csv/baseline_05_mixed_maneuver_ATT.csv,/home/tchowdh4/sensor_recovery_project/prediction_results_v9_trained_hybrid/baseline_05_mixed_maneuver_ATT_trained_hybrid_prediction_outputs.csv,0.1016135662794113,attacked_measurement,0.0,0.0
9.600325,baseline_05_mixed_maneuver,Pitch,bias,0.038788,0,0.1114557608962059,0.1114557608962059,0.1188374068588018,-0.0073816459625958,0.0073816459625958,0.009697,0,0.0,0.0030343087390065,0,0,0,W10_N3_mean1.25x,10,3,1.25,1909,Pitch_hybrid_prediction,/home/tchowdh4/sensor_recovery_project/logs/extracted_csv/baseline_05_mixed_maneuver_ATT.csv,/home/tchowdh4/sensor_recovery_project/prediction_results_v9_trained_hybrid/baseline_05_mixed_maneuver_ATT_trained_hybrid_prediction_outputs.csv,0.1114557608962059,attacked_measurement,0.0,0.0
9.700285,baseline_05_mixed_maneuver,Pitch,bias,0.038788,0,0.1100184917449951,0.1100184917449951,0.108940539881587,0.0010779518634081,0.0010779518634081,0.009697,0,0.0,0.0030717562884092,0,0,0,W10_N3_mean1.25x,10,3,1.25,1909,Pitch_hybrid_prediction,/home/tchowdh4/sensor_recovery_project/logs/extracted_csv/baseline_05_mixed_maneuver_ATT.csv,/home/tchowdh4/sensor_recovery_project/prediction_results_v9_trained_hybrid/baseline_05_mixed_maneuver_ATT_trained_hybrid_prediction_outputs.csv,0.1100184917449951,attacked_measurement,0.0,0.0
9.800245,baseline_05_mixed_maneuver,Pitch,bias,0.038788,0,0.1003481969237327,0.1003481969237327,0.0930954758077859,0.0072527211159467,0.0072527211159467,0.009697,0,0.0,0.0035322597250342,0,0,0,W10_N3_mean1.25x,10,3,1.25,1909,Pitch_hybrid_prediction,/home/tchowdh4/sensor_recovery_project/logs/extracted_csv/baseline_05_mixed_maneuver_ATT.csv,/home/tchowdh4/sensor_recovery_project/prediction_results_v9_trained_hybrid/baseline_05_mixed_maneuver_ATT_trained_hybrid_prediction_outputs.csv,0.1003481969237327,attacked_measurement,0.0,0.0
9.900205,baseline_05_mixed_maneuver,Pitch,bias,0.038788,0,0.0944782495498657,0.0944782495498657,0.0900757890194654,0.0044024605304002,0.0044024605304002,0.009697,0,0.0,0.0036978296935558,0,0,0,W10_N3_mean1.25x,10,3,1.25,1909,Pitch_hybrid_prediction,/home/tchowdh4/sensor_recovery_project/logs/extracted_csv/baseline_05_mixed_maneuver_ATT.csv,/home/tchowdh4/sensor_recovery_project/prediction_results_v9_trained_hybrid/baseline_05_mixed_maneuver_ATT_trained_hybrid_prediction_outputs.csv,0.0944782495498657,attacked_measurement,0.0,0.0
10.000165,baseline_05_mixed_maneuver,Pitch,bias,0.038788,0,0.0895200818777084,0.0895200818777084,0.0858014561235904,0.0037186257541179,0.0037186257541179,0.009697,0,0.0,0.0039688875898718,0,0,0,W10_N3_mean1.25x,10,3,1.25,1909,Pitch_hybrid_prediction,/home/tchowdh4/sensor_recovery_project/logs/extracted_csv/baseline_05_mixed_maneuver_ATT.csv,/home/tchowdh4/sensor_recovery_project/prediction_results_v9_trained_hybrid/baseline_05_mixed_maneuver_ATT_trained_hybrid_prediction_outputs.csv,0.0895200818777084,attacked_measurement,0.0,0.0
10.100125,baseline_05_mixed_maneuver,Pitch,bias,0.038788,0,0.0893931686878204,0.0893931686878204,0.0892979837954044,9.518489241600037e-05,9.518489241600037e-05,0.009697,0,0.0,0.003748726285994,0,0,0,W10_N3_mean1.25x,10,3,1.25,1909,Pitch_hybrid_prediction,/home/tchowdh4/sensor_recovery_project/logs/extracted_csv/baseline_05_mixed_maneuver_ATT.csv,/home/tchowdh4/sensor_recovery_project/prediction_results_v9_trained_hybrid/baseline_05_mixed_maneuver_ATT_trained_hybrid_prediction_outputs.csv,0.0893931686878204,attacked_measurement,0.0,0.0
10.200085,baseline_05_mixed_maneuver,Pitch,bias,0.038788,0,0.0885075330734252,0.0885075330734252,0.0878433063626287,0.0006642267107964,0.0006642267107964,0.009697,0,0.0,0.0036287588998675,0,0,0,W10_N3_mean1.25x,10,3,1.25,1909,Pitch_hybrid_prediction,/home/tchowdh4/sensor_recovery_project/logs/extracted_csv/baseline_05_mixed_maneuver_ATT.csv,/home/tchowdh4/sensor_recovery_project/prediction_results_v9_trained_hybrid/baseline_05_mixed_maneuver_ATT_trained_hybrid_prediction_outputs.csv,0.0885075330734252,attacked_measurement,0.0,0.0
10.300045,baseline_05_mixed_maneuver,Pitch,bias,0.038788,0,0.0915614813566207,0.0915614813566207,0.0938519425690173,-0.0022904612123965,0.0022904612123965,0.009697,0,0.0,0.0034796549007296,0,0,0,W10_N3_mean1.25x,10,3,1.25,1909,Pitch_hybrid_prediction,/home/tchowdh4/sensor_recovery_project/logs/extracted_csv/baseline_05_mixed_maneuver_ATT.csv,/home/tchowdh4/sensor_recovery_project/prediction_results_v9_trained_hybrid/baseline_05_mixed_maneuver_ATT_trained_hybrid_prediction_outputs.csv,0.0915614813566207,attacked_measurement,0.0,0.0
10.400005,baseline_05_mixed_maneuver,Pitch,bias,0.038788,0,0.1010399162769317,0.1010399162769317,0.1081487424671649,-0.0071088261902332,0.0071088261902332,0.009697,0,0.0,0.0039271149784326,0,0,0,W10_N3_mean1.25x,10,3,1.25,1909,Pitch_hybrid_prediction,/home/tchowdh4/sensor_recovery_project/logs/extracted_csv/baseline_05_mixed_maneuver_ATT.csv,/home/tchowdh4/sensor_recovery_project/prediction_results_v9_trained_hybrid/baseline_05_mixed_maneuver_ATT_trained_hybrid_prediction_outputs.csv,0.1010399162769317,attacked_measurement,0.0,0.0
10.499965,baseline_05_mixed_maneuver,Pitch,bias,0.038788,0,0.1016864106059074,0.1016864106059074,0.1021712813526391,-0.0004848707467317,0.0004848707467317,0.009697,0,0.0,0.0034476974979043,0,0,0,W10_N3_mean1.25x,10,3,1.25,1909,Pitch_hybrid_prediction,/home/tchowdh4/sensor_recovery_project/logs/extracted_csv/baseline_05_mixed_maneuver_ATT.csv,/home/tchowdh4/sensor_recovery_project/prediction_results_v9_trained_hybrid/baseline_05_mixed_maneuver_ATT_trained_hybrid_prediction_outputs.csv,0.1016864106059074,attacked_measurement,0.0,0.0
10.599925,baseline_05_mixed_maneuver,Pitch,bias,0.038788,0,0.094316154718399,0.094316154718399,0.0887884628027677,0.0055276919156313,0.0055276919156313,0.009697,0,0.0,0.0032623020932078,0,0,0,W10_N3_mean1.25x,10,3,1.25,1909,Pitch_hybrid_prediction,/home/tchowdh4/sensor_recovery_project/logs/extracted_csv/baseline_05_mixed_maneuver_ATT.csv,/home/tchowdh4/sensor_recovery_project/prediction_results_v9_trained_hybrid/baseline_05_mixed_maneuver_ATT_trained_hybrid_prediction_outputs.csv,0.094316154718399,attacked_measurement,0.0,0.0
10.699885,baseline_05_mixed_maneuver,Pitch,bias,0.038788,0,0.0946838334202766,0.0946838334202766,0.0949595924466848,-0.0002757590264081,0.0002757590264081,0.009697,0,0.0,0.0031820828095078,0,0,0,W10_N3_mean1.25x,10,3,1.25,1909,Pitch_hybrid_prediction,/home/tchowdh4/sensor_recovery_project/logs/extracted_csv/baseline_05_mixed_maneuver_ATT.csv,/home/tchowdh4/sensor_recovery_project/prediction_results_v9_trained_hybrid/baseline_05_mixed_maneuver_ATT_trained_hybrid_prediction_outputs.csv,0.0946838334202766,attacked_measurement,0.0,0.0
10.799845,baseline_05_mixed_maneuver,Pitch,bias,0.038788,0,0.1014446914196014,0.1014446914196014,0.106515334919095,-0.0050706434994935,0.0050706434994935,0.009697,0,0.0,0.0029638750478625,0,0,0,W10_N3_mean1.25x,10,3,1.25,1909,Pitch_hybrid_prediction,/home/tchowdh4/sensor_recovery_project/logs/extracted_csv/baseline_05_mixed_maneuver_ATT.csv,/home/tchowdh4/sensor_recovery_project/prediction_results_v9_trained_hybrid/baseline_05_mixed_maneuver_ATT_trained_hybrid_prediction_outputs.csv,0.1014446914196014,attacked_measurement,0.0,0.0
10.899805,baseline_05_mixed_maneuver,Pitch,bias,0.038788,0,0.1061994060873985,0.1061994060873985,0.1097654420882463,-0.0035660360008478,0.0035660360008478,0.009697,0,0.0,0.0028802325949072,0,0,0,W10_N3_mean1.25x,10,3,1.25,1909,Pitch_hybrid_prediction,/home/tchowdh4/sensor_recovery_project/logs/extracted_csv/baseline_05_mixed_maneuver_ATT.csv,/home/tchowdh4/sensor_recovery_project/prediction_results_v9_trained_hybrid/baseline_05_mixed_maneuver_ATT_trained_hybrid_prediction_outputs.csv,0.1061994060873985,attacked_measurement,0.0,0.0
11.000598,baseline_05_mixed_maneuver,Pitch,bias,0.038788,0,0.1128470748662948,0.1128470748662948,0.117832826450467,-0.0049857515841721,0.0049857515841721,0.009697,0,0.0,0.0030069451779127,0,0,0,W10_N3_mean1.25x,10,3,1.25,1909,Pitch_hybrid_prediction,/home/tchowdh4/sensor_recovery_project/logs/extracted_csv/baseline_05_mixed_maneuver_ATT.csv,/home/tchowdh4/sensor_recovery_project/prediction_results_v9_trained_hybrid/baseline_05_mixed_maneuver_ATT_trained_hybrid_prediction_outputs.csv,0.1128470748662948,attacked_measurement,0.0,0.0
11.100558,baseline_05_mixed_maneuver,Pitch,bias,0.038788,0,0.1166758090257644,0.1166758090257644,0.1195473596453666,-0.0028715506196022,0.0028715506196022,0.009697,0,0.0,0.0032845817506313,0,0,0,W10_N3_mean1.25x,10,3,1.25,1909,Pitch_hybrid_prediction,/home/tchowdh4/sensor_recovery_project/logs/extracted_csv/baseline_05_mixed_maneuver_ATT.csv,/home/tchowdh4/sensor_recovery_project/prediction_results_v9_trained_hybrid/baseline_05_mixed_maneuver_ATT_trained_hybrid_prediction_outputs.csv,0.1166758090257644,attacked_measurement,0.0,0.0
11.200518,baseline_05_mixed_maneuver,Pitch,bias,0.038788,0,0.1150697544217109,0.1150697544217109,0.1138652134686707,0.0012045409530401,0.0012045409530401,0.009697,0,0.0,0.0033386131748556,0,0,0,W10_N3_mean1.25x,10,3,1.25,1909,Pitch_hybrid_prediction,/home/tchowdh4/sensor_recovery_project/logs/extracted_csv/baseline_05_mixed_maneuver_ATT.csv,/home/tchowdh4/sensor_recovery_project/prediction_results_v9_trained_hybrid/baseline_05_mixed_maneuver_ATT_trained_hybrid_prediction_outputs.csv,0.1150697544217109,attacked_measurement,0.0,0.0
11.300478,baseline_05_mixed_maneuver,Pitch,bias,0.038788,0,0.1154501736164093,0.1154501736164093,0.1157354880124331,-0.0002853143960237,0.0002853143960237,0.009697,0,0.0,0.0031380984932184,0,0,0,W10_N3_mean1.25x,10,3,1.25,1909,Pitch_hybrid_prediction,/home/tchowdh4/sensor_recovery_project/logs/extracted_csv/baseline_05_mixed_maneuver_ATT.csv,/home/tchowdh4/sensor_recovery_project/prediction_results_v9_trained_hybrid/baseline_05_mixed_maneuver_ATT_trained_hybrid_prediction_outputs.csv,0.1154501736164093,attacked_measurement,0.0,0.0
11.400438,baseline_05_mixed_maneuver,Pitch,bias,0.038788,0,0.1140281111001968,0.1140281111001968,0.1129615642130374,0.0010665468871594,0.0010665468871594,0.009697,0,0.0,0.002533870562911,0,0,0,W10_N3_mean1.25x,10,3,1.25,1909,Pitch_hybrid_prediction,/home/tchowdh4/sensor_recovery_project/logs/extracted_csv/baseline_05_mixed_maneuver_ATT.csv,/home/tchowdh4/sensor_recovery_project/prediction_results_v9_trained_hybrid/baseline_05_mixed_maneuver_ATT_trained_hybrid_prediction_outputs.csv,0.1140281111001968,attacked_measurement,0.0,0.0
11.500398,baseline_05_mixed_maneuver,Pitch,bias,0.038788,0,0.1044923737645149,0.1044923737645149,0.0973405707627534,0.0071518030017614,0.0071518030017614,0.009697,0,0.0,0.003200563788414,0,0,0,W10_N3_mean1.25x,10,3,1.25,1909,Pitch_hybrid_prediction,/home/tchowdh4/sensor_recovery_project/logs/extracted_csv/baseline_05_mixed_maneuver_ATT.csv,/home/tchowdh4/sensor_recovery_project/prediction_results_v9_trained_hybrid/baseline_05_mixed_maneuver_ATT_trained_hybrid_prediction_outputs.csv,0.1044923737645149,attacked_measurement,0.0,0.0
11.600358,baseline_05_mixed_maneuver,Pitch,bias,0.038788,0,0.0963953360915184,0.0963953360915184,0.090322557836771,0.0060727782547474,0.0060727782547474,0.009697,0,0.0,0.0032550724223256,0,0,0,W10_N3_mean1.25x,10,3,1.25,1909,Pitch_hybrid_prediction,/home/tchowdh4/sensor_recovery_project/logs/extracted_csv/baseline_05_mixed_maneuver_ATT.csv,/home/tchowdh4/sensor_recovery_project/prediction_results_v9_trained_hybrid/baseline_05_mixed_maneuver_ATT_trained_hybrid_prediction_outputs.csv,0.0963953360915184,attacked_measurement,0.0,0.0
11.700318,baseline_05_mixed_maneuver,Pitch,bias,0.038788,0,0.09855717420578,0.09855717420578,0.1001785527914762,-0.0016213785856961,0.0016213785856961,0.009697,0,0.0,0.0033896343782544,0,0,0,W10_N3_mean1.25x,10,3,1.25,1909,Pitch_hybrid_prediction,/home/tchowdh4/sensor_recovery_project/logs/extracted_csv/baseline_05_mixed_maneuver_ATT.csv,/home/tchowdh4/sensor_recovery_project/prediction_results_v9_trained_hybrid/baseline_05_mixed_maneuver_ATT_trained_hybrid_prediction_outputs.csv,0.09855717420578,attacked_measurement,0.0,0.0
11.800278,baseline_05_mixed_maneuver,Pitch,bias,0.038788,0,0.1016725227236747,0.1016725227236747,0.1040090341120957,-0.0023365113884209,0.0023365113884209,0.009697,0,0.0,0.0031162211671471,0,0,0,W10_N3_mean1.25x,10,3,1.25,1909,Pitch_hybrid_prediction,/home/tchowdh4/sensor_recovery_project/logs/extracted_csv/baseline_05_mixed_maneuver_ATT.csv,/home/tchowdh4/sensor_recovery_project/prediction_results_v9_trained_hybrid/baseline_05_mixed_maneuver_ATT_trained_hybrid_prediction_outputs.csv,0.1016725227236747,attacked_measurement,0.0,0.0
11.900238,baseline_05_mixed_maneuver,Pitch,bias,0.038788,0,0.1065647155046463,0.1065647155046463,0.110233860090375,-0.0036691445857287,0.0036691445857287,0.009697,0,0.0,0.0031265320256352,0,0,0,W10_N3_mean1.25x,10,3,1.25,1909,Pitch_hybrid_prediction,/home/tchowdh4/sensor_recovery_project/logs/extracted_csv/baseline_05_mixed_maneuver_ATT.csv,/home/tchowdh4/sensor_recovery_project/prediction_results_v9_trained_hybrid/baseline_05_mixed_maneuver_ATT_trained_hybrid_prediction_outputs.csv,0.1065647155046463,attacked_measurement,0.0,0.0
12.000198,baseline_05_mixed_maneuver,Pitch,bias,0.038788,0,0.1084460541605949,0.1084460541605949,0.1098570581525563,-0.0014110039919613,0.0014110039919613,0.009697,0,0.0,0.0027690572664141,0,0,0,W10_N3_mean1.25x,10,3,1.25,1909,Pitch_hybrid_prediction,/home/tchowdh4/sensor_recovery_project/logs/extracted_csv/baseline_05_mixed_maneuver_ATT.csv,/home/tchowdh4/sensor_recovery_project/prediction_results_v9_trained_hybrid/baseline_05_mixed_maneuver_ATT_trained_hybrid_prediction_outputs.csv,0.1084460541605949,attacked_measurement,0.0,0.0
12.100158,baseline_05_mixed_maneuver,Pitch,bias,0.038788,0,0.1097596883773803,0.1097596883773803,0.1107449140399693,-0.000985225662589,0.000985225662589,0.009697,0,0.0,0.0025804247707128,0,0,0,W10_N3_mean1.25x,10,3,1.25,1909,Pitch_hybrid_prediction,/home/tchowdh4/sensor_recovery_project/logs/extracted_csv/baseline_05_mixed_maneuver_ATT.csv,/home/tchowdh4/sensor_recovery_project/prediction_results_v9_trained_hybrid/baseline_05_mixed_maneuver_ATT_trained_hybrid_prediction_outputs.csv,0.1097596883773803,attacked_measurement,0.0,0.0
12.200118,baseline_05_mixed_maneuver,Pitch,bias,0.038788,0,0.1104364171624183,0.1104364171624183,0.1109439637511967,-0.0005075465887783,0.0005075465887783,0.009697,0,0.0,0.0025107253342866,0,0,0,W10_N3_mean1.25x,10,3,1.25,1909,Pitch_hybrid_prediction,/home/tchowdh4/sensor_recovery_project/logs/extracted_csv/baseline_05_mixed_maneuver_ATT.csv,/home/tchowdh4/sensor_recovery_project/prediction_results_v9_trained_hybrid/baseline_05_mixed_maneuver_ATT_trained_hybrid_prediction_outputs.csv,0.1104364171624183,attacked_measurement,0.0,0.0
12.300078,baseline_05_mixed_maneuver,Pitch,bias,0.038788,0,0.1113797053694725,0.1113797053694725,0.1120871715247631,-0.0007074661552905,0.0007074661552905,0.009697,0,0.0,0.0025529405102133,0,0,0,W10_N3_mean1.25x,10,3,1.25,1909,Pitch_hybrid_prediction,/home/tchowdh4/sensor_recovery_project/logs/extracted_csv/baseline_05_mixed_maneuver_ATT.csv,/home/tchowdh4/sensor_recovery_project/prediction_results_v9_trained_hybrid/baseline_05_mixed_maneuver_ATT_trained_hybrid_prediction_outputs.csv,0.1113797053694725,attacked_measurement,0.0,0.0
12.400038,baseline_05_mixed_maneuver,Pitch,bias,0.038788,0,0.1119912937283515,0.1119912937283515,0.1124499849975107,-0.0004586912691592,0.0004586912691592,0.009697,0,0.0,0.0024921549484133,0,0,0,W10_N3_mean1.25x,10,3,1.25,1909,Pitch_hybrid_prediction,/home/tchowdh4/sensor_recovery_project/logs/extracted_csv/baseline_05_mixed_maneuver_ATT.csv,/home/tchowdh4/sensor_recovery_project/prediction_results_v9_trained_hybrid/baseline_05_mixed_maneuver_ATT_trained_hybrid_prediction_outputs.csv,0.1119912937283515,attacked_measurement,0.0,0.0
12.499998,baseline_05_mixed_maneuver,Pitch,bias,0.038788,0,0.1127131357789039,0.1127131357789039,0.1132545173168182,-0.0005413815379142,0.0005413815379142,0.009697,0,0.0,0.0018311128020286,0,0,0,W10_N3_mean1.25x,10,3,1.25,1909,Pitch_hybrid_prediction,/home/tchowdh4/sensor_recovery_project/logs/extracted_csv/baseline_05_mixed_maneuver_ATT.csv,/home/tchowdh4/sensor_recovery_project/prediction_results_v9_trained_hybrid/baseline_05_mixed_maneuver_ATT_trained_hybrid_prediction_outputs.csv,0.1127131357789039,attacked_measurement,0.0,0.0
12.599958,baseline_05_mixed_maneuver,Pitch,bias,0.038788,0,0.1130768805742263,0.1130768805742263,0.113349689170718,-0.0002728085964917,0.0002728085964917,0.009697,0,0.0,0.001251115836203,0,0,0,W10_N3_mean1.25x,10,3,1.25,1909,Pitch_hybrid_prediction,/home/tchowdh4/sensor_recovery_project/logs/extracted_csv/baseline_05_mixed_maneuver_ATT.csv,/home/tchowdh4/sensor_recovery_project/prediction_results_v9_trained_hybrid/baseline_05_mixed_maneuver_ATT_trained_hybrid_prediction_outputs.csv,0.1130768805742263,attacked_measurement,0.0,0.0
12.699918,baseline_05_mixed_maneuver,Pitch,bias,0.038788,0,0.113505519926548,0.113505519926548,0.1138269994407892,-0.0003214795142411,0.0003214795142411,0.009697,0,0.0,0.0011211259290575,0,0,0,W10_N3_mean1.25x,10,3,1.25,1909,Pitch_hybrid_prediction,/home/tchowdh4/sensor_recovery_project/logs/extracted_csv/baseline_05_mixed_maneuver_ATT.csv,/home/tchowdh4/sensor_recovery_project/prediction_results_v9_trained_hybrid/baseline_05_mixed_maneuver_ATT_trained_hybrid_prediction_outputs.csv,0.113505519926548,attacked_measurement,0.0,0.0
12.799878,baseline_05_mixed_maneuver,Pitch,bias,0.038788,0,0.1135719269514083,0.1135719269514083,0.1136217322200535,-4.980526864520329e-05,4.980526864520329e-05,0.009697,0,0.0,0.0008924553170799,0,0,0,W10_N3_mean1.25x,10,3,1.25,1909,Pitch_hybrid_prediction,/home/tchowdh4/sensor_recovery_project/logs/extracted_csv/baseline_05_mixed_maneuver_ATT.csv,/home/tchowdh4/sensor_recovery_project/prediction_results_v9_trained_hybrid/baseline_05_mixed_maneuver_ATT_trained_hybrid_prediction_outputs.csv,0.1135719269514083,attacked_measurement,0.0,0.0
12.899838,baseline_05_mixed_maneuver,Pitch,bias,0.038788,0,0.1138627678155899,0.1138627678155899,0.1140808984637261,-0.0002181306481361,0.0002181306481361,0.009697,0,0.0,0.0005473539233207,0,0,0,W10_N3_mean1.25x,10,3,1.25,1909,Pitch_hybrid_prediction,/home/tchowdh4/sensor_recovery_project/logs/extracted_csv/baseline_05_mixed_maneuver_ATT.csv,/home/tchowdh4/sensor_recovery_project/prediction_results_v9_trained_hybrid/baseline_05_mixed_maneuver_ATT_trained_hybrid_prediction_outputs.csv,0.1138627678155899,attacked_measurement,0.0,0.0
12.999798,baseline_05_mixed_maneuver,Pitch,bias,0.038788,0,0.1138247922062873,0.1138247922062873,0.1137963104993103,2.8481706977001583e-05,2.8481706977001583e-05,0.009697,0,0.0,0.0004091016948222,0,0,0,W10_N3_mean1.25x,10,3,1.25,1909,Pitch_hybrid_prediction,/home/tchowdh4/sensor_recovery_project/logs/extracted_csv/baseline_05_mixed_maneuver_ATT.csv,/home/tchowdh4/sensor_recovery_project/prediction_results_v9_trained_hybrid/baseline_05_mixed_maneuver_ATT_trained_hybrid_prediction_outputs.csv,0.1138247922062873,attacked_measurement,0.0,0.0
13.100591,baseline_05_mixed_maneuver,Pitch,bias,0.038788,0,0.1109518334269523,0.1109518334269523,0.108797114342451,0.0021547190845013,0.0021547190845013,0.009697,0,0.0,0.0005260510370135,0,0,0,W10_N3_mean1.25x,10,3,1.25,1909,Pitch_hybrid_prediction,/home/tchowdh4/sensor_recovery_project/logs/extracted_csv/baseline_05_mixed_maneuver_ATT.csv,/home/tchowdh4/sensor_recovery_project/prediction_results_v9_trained_hybrid/baseline_05_mixed_maneuver_ATT_trained_hybrid_prediction_outputs.csv,0.1109518334269523,attacked_measurement,0.0,0.0
13.200551,baseline_05_mixed_maneuver,Pitch,bias,0.038788,0,0.105225034058094,0.105225034058094,0.1009299345314502,0.0042950995266437,0.0042950995266437,0.009697,0,0.0,0.0009048063308,0,0,0,W10_N3_mean1.25x,10,3,1.25,1909,Pitch_hybrid_prediction,/home/tchowdh4/sensor_recovery_project/logs/extracted_csv/baseline_05_mixed_maneuver_ATT.csv,/home/tchowdh4/sensor_recovery_project/prediction_results_v9_trained_hybrid/baseline_05_mixed_maneuver_ATT_trained_hybrid_prediction_outputs.csv,0.105225034058094,attacked_measurement,0.0,0.0
13.300511,baseline_05_mixed_maneuver,Pitch,bias,0.038788,0,0.1006193682551384,0.1006193682551384,0.0971651189029217,0.0034542493522166,0.0034542493522166,0.009697,0,0.0,0.0011794846504926,0,0,0,W10_N3_mean1.25x,10,3,1.25,1909,Pitch_hybrid_prediction,/home/tchowdh4/sensor_recovery_project/logs/extracted_csv/baseline_05_mixed_maneuver_ATT.csv,/home/tchowdh4/sensor_recovery_project/prediction_results_v9_trained_hybrid/baseline_05_mixed_maneuver_ATT_trained_hybrid_prediction_outputs.csv,0.1006193682551384,attacked_measurement,0.0,0.0
13.400471,baseline_05_mixed_maneuver,Pitch,bias,0.038788,0,0.096621349453926,0.096621349453926,0.0936228353530167,0.0029985141009093,0.0029985141009093,0.009697,0,0.0,0.0014334669336676,0,0,0,W10_N3_mean1.25x,10,3,1.25,1909,Pitch_hybrid_prediction,/home/tchowdh4/sensor_recovery_project/logs/extracted_csv/baseline_05_mixed_maneuver_ATT.csv,/home/tchowdh4/sensor_recovery_project/prediction_results_v9_trained_hybrid/baseline_05_mixed_maneuver_ATT_trained_hybrid_prediction_outputs.csv,0.096621349453926,attacked_measurement,0.0,0.0
13.500431,baseline_05_mixed_maneuver,Pitch,bias,0.038788,0,0.0951957404613494,0.0951957404613494,0.0941265337169169,0.0010692067444325,0.0010692067444325,0.009697,0,0.0,0.0014862494543194,0,0,0,W10_N3_mean1.25x,10,3,1.25,1909,Pitch_hybrid_prediction,/home/tchowdh4/sensor_recovery_project/logs/extracted_csv/baseline_05_mixed_maneuver_ATT.csv,/home/tchowdh4/sensor_recovery_project/prediction_results_v9_trained_hybrid/baseline_05_mixed_maneuver_ATT_trained_hybrid_prediction_outputs.csv,0.0951957404613494,attacked_measurement,0.0,0.0
13.600391,baseline_05_mixed_maneuver,Pitch,bias,0.038788,0,0.0915143266320228,0.0915143266320228,0.0887532662600278,0.002761060371995,0.002761060371995,0.009697,0,0.0,0.0017350746318698,0,0,0,W10_N3_mean1.25x,10,3,1.25,1909,Pitch_hybrid_prediction,/home/tchowdh4/sensor_recovery_project/logs/extracted_csv/baseline_05_mixed_maneuver_ATT.csv,/home/tchowdh4/sensor_recovery_project/prediction_results_v9_trained_hybrid/baseline_05_mixed_maneuver_ATT_trained_hybrid_prediction_outputs.csv,0.0915143266320228,attacked_measurement,0.0,0.0
13.700351,baseline_05_mixed_maneuver,Pitch,bias,0.038788,0,0.0923584252595901,0.0923584252595901,0.0929914992302655,-0.0006330739706754,0.0006330739706754,0.009697,0,0.0,0.0017662340775132,0,0,0,W10_N3_mean1.25x,10,3,1.25,1909,Pitch_hybrid_prediction,/home/tchowdh4/sensor_recovery_project/logs/extracted_csv/baseline_05_mixed_maneuver_ATT.csv,/home/tchowdh4/sensor_recovery_project/prediction_results_v9_trained_hybrid/baseline_05_mixed_maneuver_ATT_trained_hybrid_prediction_outputs.csv,0.0923584252595901,attacked_measurement,0.0,0.0
13.800311,baseline_05_mixed_maneuver,Pitch,bias,0.038788,0,0.0961251929402351,0.0961251929402351,0.0989502687007188,-0.0028250757604837,0.0028250757604837,0.009697,0,0.0,0.002043761126697,0,0,0,W10_N3_mean1.25x,10,3,1.25,1909,Pitch_hybrid_prediction,/home/tchowdh4/sensor_recovery_project/logs/extracted_csv/baseline_05_mixed_maneuver_ATT.csv,/home/tchowdh4/sensor_recovery_project/prediction_results_v9_trained_hybrid/baseline_05_mixed_maneuver_ATT_trained_hybrid_prediction_outputs.csv,0.0961251929402351,attacked_measurement,0.0,0.0
13.900271,baseline_05_mixed_maneuver,Pitch,bias,0.038788,0,0.0993561297655105,0.0993561297655105,0.101779332384467,-0.0024232026189564,0.0024232026189564,0.009697,0,0.0,0.0022642683237791,0,0,0,W10_N3_mean1.25x,10,3,1.25,1909,Pitch_hybrid_prediction,/home/tchowdh4/sensor_recovery_project/logs/extracted_csv/baseline_05_mixed_maneuver_ATT.csv,/home/tchowdh4/sensor_recovery_project/prediction_results_v9_trained_hybrid/baseline_05_mixed_maneuver_ATT_trained_hybrid_prediction_outputs.csv,0.0993561297655105,attacked_measurement,0.0,0.0
14.000231,baseline_05_mixed_maneuver,Pitch,bias,0.038788,0,0.0968192145228385,0.0968192145228385,0.0949165280908344,0.001902686432004,0.001902686432004,0.009697,0,0.0,0.0024516887962818,0,0,0,W10_N3_mean1.25x,10,3,1.25,1909,Pitch_hybrid_prediction,/home/tchowdh4/sensor_recovery_project/logs/extracted_csv/baseline_05_mixed_maneuver_ATT.csv,/home/tchowdh4/sensor_recovery_project/prediction_results_v9_trained_hybrid/baseline_05_mixed_maneuver_ATT_trained_hybrid_prediction_outputs.csv,0.0968192145228385,attacked_measurement,0.0,0.0
14.100191,baseline_05_mixed_maneuver,Pitch,bias,0.038788,0,0.0959834605455398,0.0959834605455398,0.0953566450625657,0.000626815482974,0.000626815482974,0.009697,0,0.0,0.0022988984361291,0,0,0,W10_N3_mean1.25x,10,3,1.25,1909,Pitch_hybrid_prediction,/home/tchowdh4/sensor_recovery_project/logs/extracted_csv/baseline_05_mixed_maneuver_ATT.csv,/home/tchowdh4/sensor_recovery_project/prediction_results_v9_trained_hybrid/baseline_05_mixed_maneuver_ATT_trained_hybrid_prediction_outputs.csv,0.0959834605455398,attacked_measurement,0.0,0.0
14.200151,baseline_05_mixed_maneuver,Pitch,bias,0.038788,0,0.0938233956694603,0.0938233956694603,0.0922033470124006,0.0016200486570596,0.0016200486570596,0.009697,0,0.0,0.0020313933491707,0,0,0,W10_N3_mean1.25x,10,3,1.25,1909,Pitch_hybrid_prediction,/home/tchowdh4/sensor_recovery_project/logs/extracted_csv/baseline_05_mixed_maneuver_ATT.csv,/home/tchowdh4/sensor_recovery_project/prediction_results_v9_trained_hybrid/baseline_05_mixed_maneuver_ATT_trained_hybrid_prediction_outputs.csv,0.0938233956694603,attacked_measurement,0.0,0.0
14.300111,baseline_05_mixed_maneuver,Pitch,bias,0.038788,1,0.0967171937227249,0.1355051937227249,0.0988875422626733,0.0366176514600516,0.0366176514600516,0.009697,1,1.0,0.0053477335599541,0,0,0,W10_N3_mean1.25x,10,3,1.25,1909,Pitch_hybrid_prediction,/home/tchowdh4/sensor_recovery_project/logs/extracted_csv/baseline_05_mixed_maneuver_ATT.csv,/home/tchowdh4/sensor_recovery_project/prediction_results_v9_trained_hybrid/baseline_05_mixed_maneuver_ATT_trained_hybrid_prediction_outputs.csv,0.0988875422626733,V9_prediction,0.038788,0.002170348539948394
14.400071,baseline_05_mixed_maneuver,Pitch,bias,0.038788,1,0.097728855907917,0.136516855907917,0.098487602546811,0.038029253361106,0.038029253361106,0.009697,1,2.0,0.0088508074859738,0,0,0,W10_N3_mean1.25x,10,3,1.25,1909,Pitch_hybrid_prediction,/home/tchowdh4/sensor_recovery_project/logs/extracted_csv/baseline_05_mixed_maneuver_ATT.csv,/home/tchowdh4/sensor_recovery_project/prediction_results_v9_trained_hybrid/baseline_05_mixed_maneuver_ATT_trained_hybrid_prediction_outputs.csv,0.098487602546811,V9_prediction,0.03878800000000002,0.0007587466388940117
14.500031,baseline_05_mixed_maneuver,Pitch,bias,0.038788,1,0.0965409278869628,0.1353289278869628,0.0956499818712471,0.0396789460157157,0.0396789460157157,0.009697,1,3.0,0.0127117814131021,1,1,1,W10_N3_mean1.25x,10,3,1.25,1909,Pitch_hybrid_prediction,/home/tchowdh4/sensor_recovery_project/logs/extracted_csv/baseline_05_mixed_maneuver_ATT.csv,/home/tchowdh4/sensor_recovery_project/prediction_results_v9_trained_hybrid/baseline_05_mixed_maneuver_ATT_trained_hybrid_prediction_outputs.csv,0.0956499818712471,V9_prediction,0.038788,-0.0008909460157156962
14.599991,baseline_05_mixed_maneuver,Pitch,bias,0.038788,1,0.0937941819429397,0.1325821819429397,0.0917341224849223,0.0408480594580173,0.0408480594580173,0.009697,1,4.0,0.0165204813217044,1,1,1,W10_N3_mean1.25x,10,3,1.25,1909,Pitch_hybrid_prediction,/home/tchowdh4/sensor_recovery_project/logs/extracted_csv/baseline_05_mixed_maneuver_ATT.csv,/home/tchowdh4/sensor_recovery_project/prediction_results_v9_trained_hybrid/baseline_05_mixed_maneuver_ATT_trained_hybrid_prediction_outputs.csv,0.0917341224849223,V9_prediction,0.03878799999999999,-0.0020600594580174048
14.699951,baseline_05_mixed_maneuver,Pitch,bias,0.038788,1,0.0899479165673255,0.1287359165673255,0.0870632175356148,0.0416726990317107,0.0416726990317107,0.009697,1,5.0,0.0206244438278079,1,1,1,W10_N3_mean1.25x,10,3,1.25,1909,Pitch_hybrid_prediction,/home/tchowdh4/sensor_recovery_project/logs/extracted_csv/baseline_05_mixed_maneuver_ATT.csv,/home/tchowdh4/sensor_recovery_project/prediction_results_v9_trained_hybrid/baseline_05_mixed_maneuver_ATT_trained_hybrid_prediction_outputs.csv,0.0870632175356148,V9_prediction,0.038788,-0.002884699031710694
14.799911,baseline_05_mixed_maneuver,Pitch,bias,0.038788,1,0.0881442129611969,0.1269322129611969,0.0867914352566004,0.0401407777045964,0.0401407777045964,0.009697,1,6.0,0.0243560140222192,1,1,1,W10_N3_mean1.25x,10,3,1.25,1909,Pitch_hybrid_prediction,/home/tchowdh4/sensor_recovery_project/logs/extracted_csv/baseline_05_mixed_maneuver_ATT.csv,/home/tchowdh4/sensor_recovery_project/prediction_results_v9_trained_hybrid/baseline_05_mixed_maneuver_ATT_trained_hybrid_prediction_outputs.csv,0.0867914352566004,V9_prediction,0.03878799999999999,-0.0013527777045965056
14.899871,baseline_05_mixed_maneuver,Pitch,bias,0.038788,1,0.0881007462739944,0.1268887462739944,0.0880681462585925,0.0388206000154019,0.0388206000154019,0.009697,1,7.0,0.0279957537618637,1,1,1,W10_N3_mean1.25x,10,3,1.25,1909,Pitch_hybrid_prediction,/home/tchowdh4/sensor_recovery_project/logs/extracted_csv/baseline_05_mixed_maneuver_ATT.csv,/home/tchowdh4/sensor_recovery_project/prediction_results_v9_trained_hybrid/baseline_05_mixed_maneuver_ATT_trained_hybrid_prediction_outputs.csv,0.0880681462585925,V9_prediction,0.038788,-3.26000154019096e-05
14.999831,baseline_05_mixed_maneuver,Pitch,bias,0.038788,1,0.0949994027614593,0.1337874027614592,0.1001733951270579,0.0336140076344013,0.0336140076344013,0.009697,1,8.0,0.0311668858821035,1,1,1,W10_N3_mean1.25x,10,3,1.25,1909,Pitch_hybrid_prediction,/home/tchowdh4/sensor_recovery_project/logs/extracted_csv/baseline_05_mixed_maneuver_ATT.csv,/home/tchowdh4/sensor_recovery_project/prediction_results_v9_trained_hybrid/baseline_05_mixed_maneuver_ATT_trained_hybrid_prediction_outputs.csv,0.1001733951270579,V9_prediction,0.038787999999999906,0.005173992365598609
15.099791,baseline_05_mixed_maneuver,Pitch,bias,0.038788,1,0.1011305078864097,0.1399185078864097,0.1057288367301225,0.0341896711562871,0.0341896711562871,0.009697,1,9.0,0.0345231714494348,1,1,1,W10_N3_mean1.25x,10,3,1.25,1909,Pitch_hybrid_prediction,/home/tchowdh4/sensor_recovery_project/logs/extracted_csv/baseline_05_mixed_maneuver_ATT.csv,/home/tchowdh4/sensor_recovery_project/prediction_results_v9_trained_hybrid/baseline_05_mixed_maneuver_ATT_trained_hybrid_prediction_outputs.csv,0.1057288367301225,V9_prediction,0.03878799999999999,0.004598328843712793
15.200584,baseline_05_mixed_maneuver,Pitch,bias,0.038788,1,0.1078502759337425,0.1466382759337425,0.1128901019692421,0.0337481739645004,0.0337481739645004,0.009697,1,10.0,0.0377359839801788,1,1,1,W10_N3_mean1.25x,10,3,1.25,1909,Pitch_hybrid_prediction,/home/tchowdh4/sensor_recovery_project/logs/extracted_csv/baseline_05_mixed_maneuver_ATT.csv,/home/tchowdh4/sensor_recovery_project/prediction_results_v9_trained_hybrid/baseline_05_mixed_maneuver_ATT_trained_hybrid_prediction_outputs.csv,0.1128901019692421,V9_prediction,0.03878800000000002,0.0050398260354996005
15.300544,baseline_05_mixed_maneuver,Pitch,bias,0.038788,1,0.1086358428001403,0.1474238428001403,0.1092250179499386,0.0381988248502017,0.0381988248502017,0.009697,1,10.0,0.0378941013191938,1,1,1,W10_N3_mean1.25x,10,3,1.25,1909,Pitch_hybrid_prediction,/home/tchowdh4/sensor_recovery_project/logs/extracted_csv/baseline_05_mixed_maneuver_ATT.csv,/home/tchowdh4/sensor_recovery_project/prediction_results_v9_trained_hybrid/baseline_05_mixed_maneuver_ATT_trained_hybrid_prediction_outputs.csv,0.1092250179499386,V9_prediction,0.03878799999999999,0.0005891751497982961
15.400504,baseline_05_mixed_maneuver,Pitch,bias,0.038788,1,0.1062360629439354,0.1450240629439353,0.1044362280517817,0.0405878348921536,0.0405878348921536,0.009697,1,10.0,0.0381499594722986,1,1,1,W10_N3_mean1.25x,10,3,1.25,1909,Pitch_hybrid_prediction,/home/tchowdh4/sensor_recovery_project/logs/extracted_csv/baseline_05_mixed_maneuver_ATT.csv,/home/tchowdh4/sensor_recovery_project/prediction_results_v9_trained_hybrid/baseline_05_mixed_maneuver_ATT_trained_hybrid_prediction_outputs.csv,0.1044362280517817,V9_prediction,0.038787999999999906,-0.0017998348921536983
15.500464,baseline_05_mixed_maneuver,Pitch,bias,0.038788,1,0.104607418179512,0.143395418179512,0.1033859346061944,0.0400094835733176,0.0400094835733176,0.009697,1,10.0,0.0381830132280588,1,1,1,W10_N3_mean1.25x,10,3,1.25,1909,Pitch_hybrid_prediction,/home/tchowdh4/sensor_recovery_project/logs/extracted_csv/baseline_05_mixed_maneuver_ATT.csv,/home/tchowdh4/sensor_recovery_project/prediction_results_v9_trained_hybrid/baseline_05_mixed_maneuver_ATT_trained_hybrid_prediction_outputs.csv,0.1033859346061944,V9_prediction,0.03878800000000002,-0.0012214835733175972
15.600424,baseline_05_mixed_maneuver,Pitch,bias,0.038788,1,0.1069839745759964,0.1457719745759964,0.1087663918733597,0.0370055827026366,0.0370055827026366,0.009697,1,10.0,0.0377987655525207,1,1,1,W10_N3_mean1.25x,10,3,1.25,1909,Pitch_hybrid_prediction,/home/tchowdh4/sensor_recovery_project/logs/extracted_csv/baseline_05_mixed_maneuver_ATT.csv,/home/tchowdh4/sensor_recovery_project/prediction_results_v9_trained_hybrid/baseline_05_mixed_maneuver_ATT_trained_hybrid_prediction_outputs.csv,0.1087663918733597,V9_prediction,0.03878799999999999,0.0017824172973632951
15.700384,baseline_05_mixed_maneuver,Pitch,bias,0.038788,1,0.109417513012886,0.148205513012886,0.1112426668405532,0.0369628461723328,0.0369628461723328,0.009697,1,10.0,0.037327780266583,1,1,1,W10_N3_mean1.25x,10,3,1.25,1909,Pitch_hybrid_prediction,/home/tchowdh4/sensor_recovery_project/logs/extracted_csv/baseline_05_mixed_maneuver_ATT.csv,/home/tchowdh4/sensor_recovery_project/prediction_results_v9_trained_hybrid/baseline_05_mixed_maneuver_ATT_trained_hybrid_prediction_outputs.csv,0.1112426668405532,V9_prediction,0.038788,0.0018251538276671947
15.800344,baseline_05_mixed_maneuver,Pitch,bias,0.038788,1,0.1071218401193618,0.1459098401193618,0.1054000854492186,0.0405097546701432,0.0405097546701432,0.009697,1,10.0,0.0373646779631376,1,1,1,W10_N3_mean1.25x,10,3,1.25,1909,Pitch_hybrid_prediction,/home/tchowdh4/sensor_recovery_project/logs/extracted_csv/baseline_05_mixed_maneuver_ATT.csv,/home/tchowdh4/sensor_recovery_project/prediction_results_v9_trained_hybrid/baseline_05_mixed_maneuver_ATT_trained_hybrid_prediction_outputs.csv,0.1054000854492186,V9_prediction,0.03878800000000002,-0.0017217546701431968
15.900304,baseline_05_mixed_maneuver,Pitch,bias,0.038788,1,0.106035865843296,0.1448238658432959,0.1052213851362466,0.0396024807070493,0.0396024807070493,0.009697,1,10.0,0.0374428660323024,1,1,1,W10_N3_mean1.25x,10,3,1.25,1909,Pitch_hybrid_prediction,/home/tchowdh4/sensor_recovery_project/logs/extracted_csv/baseline_05_mixed_maneuver_ATT.csv,/home/tchowdh4/sensor_recovery_project/prediction_results_v9_trained_hybrid/baseline_05_mixed_maneuver_ATT_trained_hybrid_prediction_outputs.csv,0.1052213851362466,V9_prediction,0.038787999999999906,-0.0008144807070493976
16.000264,baseline_05_mixed_maneuver,Pitch,bias,0.038788,1,0.1040830686688423,0.1428710686688423,0.102618470788002,0.0402525978808403,0.0402525978808403,0.009697,1,10.0,0.0381067250569463,1,1,1,W10_N3_mean1.25x,10,3,1.25,1909,Pitch_hybrid_prediction,/home/tchowdh4/sensor_recovery_project/logs/extracted_csv/baseline_05_mixed_maneuver_ATT.csv,/home/tchowdh4/sensor_recovery_project/prediction_results_v9_trained_hybrid/baseline_05_mixed_maneuver_ATT_trained_hybrid_prediction_outputs.csv,0.102618470788002,V9_prediction,0.038788,-0.0014645978808403015
16.100224,baseline_05_mixed_maneuver,Pitch,bias,0.038788,1,0.1028347536921501,0.1416227536921501,0.1018985174596309,0.0397242362325192,0.0397242362325192,0.009697,1,10.0,0.0386601815645695,1,1,1,W10_N3_mean1.25x,10,3,1.25,1909,Pitch_hybrid_prediction,/home/tchowdh4/sensor_recovery_project/logs/extracted_csv/baseline_05_mixed_maneuver_ATT.csv,/home/tchowdh4/sensor_recovery_project/prediction_results_v9_trained_hybrid/baseline_05_mixed_maneuver_ATT_trained_hybrid_prediction_outputs.csv,0.1018985174596309,V9_prediction,0.038788,-0.0009362362325192053
16.200184,baseline_05_mixed_maneuver,Pitch,bias,0.038788,1,0.1017141044139862,0.1405021044139862,0.1008736174553632,0.0396284869586229,0.0396284869586229,0.009697,1,10.0,0.0392482128639817,1,1,1,W10_N3_mean1.25x,10,3,1.25,1909,Pitch_hybrid_prediction,/home/tchowdh4/sensor_recovery_project/logs/extracted_csv/baseline_05_mixed_maneuver_ATT.csv,/home/tchowdh4/sensor_recovery_project/prediction_results_v9_trained_hybrid/baseline_05_mixed_maneuver_ATT_trained_hybrid_prediction_outputs.csv,0.1008736174553632,V9_prediction,0.03878799999999999,-0.0008404869586230018
16.300144,baseline_05_mixed_maneuver,Pitch,bias,0.038788,1,0.1038507744669914,0.1426387744669914,0.1054532770067452,0.0371854974602462,0.0371854974602462,0.009697,1,10.0,0.0391468801249862,1,1,1,W10_N3_mean1.25x,10,3,1.25,1909,Pitch_hybrid_prediction,/home/tchowdh4/sensor_recovery_project/logs/extracted_csv/baseline_05_mixed_maneuver_ATT.csv,/home/tchowdh4/sensor_recovery_project/prediction_results_v9_trained_hybrid/baseline_05_mixed_maneuver_ATT_trained_hybrid_prediction_outputs.csv,0.1054532770067452,V9_prediction,0.03878800000000002,0.0016025025397538029
16.400104,baseline_05_mixed_maneuver,Pitch,bias,0.038788,1,0.1068557351827621,0.1456437351827621,0.1091094557195901,0.036534279463172,0.036534279463172,0.009697,1,10.0,0.038741524582088,1,1,1,W10_N3_mean1.25x,10,3,1.25,1909,Pitch_hybrid_prediction,/home/tchowdh4/sensor_recovery_project/logs/extracted_csv/baseline_05_mixed_maneuver_ATT.csv,/home/tchowdh4/sensor_recovery_project/prediction_results_v9_trained_hybrid/baseline_05_mixed_maneuver_ATT_trained_hybrid_prediction_outputs.csv,0.1091094557195901,V9_prediction,0.038788,0.0022537205368279994
16.500064,baseline_05_mixed_maneuver,Pitch,bias,0.038788,1,0.1062112674117088,0.1449992674117088,0.1057279165834188,0.03927135082829,0.03927135082829,0.009697,1,10.0,0.0386677113075852,1,1,1,W10_N3_mean1.25x,10,3,1.25,1909,Pitch_hybrid_prediction,/home/tchowdh4/sensor_recovery_project/logs/extracted_csv/baseline_05_mixed_maneuver_ATT.csv,/home/tchowdh4/sensor_recovery_project/prediction_results_v9_trained_hybrid/baseline_05_mixed_maneuver_ATT_trained_hybrid_prediction_outputs.csv,0.1057279165834188,V9_prediction,0.03878799999999999,-0.00048335082828999953
16.600024,baseline_05_mixed_maneuver,Pitch,bias,0.038788,1,0.1047695055603981,0.1435575055603981,0.103688184171915,0.039869321388483,0.039869321388483,0.009697,1,10.0,0.0389540851761699,1,1,1,W10_N3_mean1.25x,10,3,1.25,1909,Pitch_hybrid_prediction,/home/tchowdh4/sensor_recovery_project/logs/extracted_csv/baseline_05_mixed_maneuver_ATT.csv,/home/tchowdh4/sensor_recovery_project/prediction_results_v9_trained_hybrid/baseline_05_mixed_maneuver_ATT_trained_hybrid_prediction_outputs.csv,0.103688184171915,V9_prediction,0.03878799999999999,-0.001081321388483103
16.699984,baseline_05_mixed_maneuver,Pitch,bias,0.038788,1,0.0953441709280014,0.1341321709280014,0.0882751699537038,0.0458570009742975,0.0458570009742975,0.009697,1,10.0,0.0398435006563664,1,1,1,W10_N3_mean1.25x,10,3,1.25,1909,Pitch_hybrid_prediction,/home/tchowdh4/sensor_recovery_project/logs/extracted_csv/baseline_05_mixed_maneuver_ATT.csv,/home/tchowdh4/sensor_recovery_project/prediction_results_v9_trained_hybrid/baseline_05_mixed_maneuver_ATT_trained_hybrid_prediction_outputs.csv,0.0882751699537038,V9_prediction,0.03878799999999999,-0.007069000974297607
16.799944,baseline_05_mixed_maneuver,Pitch,bias,0.038788,1,0.0876814723014831,0.1264694723014831,0.0819344483315943,0.0445350239698887,0.0445350239698887,0.009697,1,10.0,0.0402460275863409,1,1,1,W10_N3_mean1.25x,10,3,1.25,1909,Pitch_hybrid_prediction,/home/tchowdh4/sensor_recovery_project/logs/extracted_csv/baseline_05_mixed_maneuver_ATT.csv,/home/tchowdh4/sensor_recovery_project/prediction_results_v9_trained_hybrid/baseline_05_mixed_maneuver_ATT_trained_hybrid_prediction_outputs.csv,0.0819344483315943,V9_prediction,0.03878799999999999,-0.005747023969888798
16.899904,baseline_05_mixed_maneuver,Pitch,bias,0.038788,1,0.093923807144165,0.132711807144165,0.0986055582761764,0.0341062488679886,0.0341062488679886,0.009697,1,10.0,0.0396964044024348,1,1,1,W10_N3_mean1.25x,10,3,1.25,1909,Pitch_hybrid_prediction,/home/tchowdh4/sensor_recovery_project/logs/extracted_csv/baseline_05_mixed_maneuver_ATT.csv,/home/tchowdh4/sensor_recovery_project/prediction_results_v9_trained_hybrid/baseline_05_mixed_maneuver_ATT_trained_hybrid_prediction_outputs.csv,0.0986055582761764,V9_prediction,0.038788,0.0046817511320114
16.999864,baseline_05_mixed_maneuver,Pitch,bias,0.038788,1,0.097663328051567,0.136451328051567,0.1004679687321185,0.0359833593194485,0.0359833593194485,0.009697,1,10.0,0.0392694805462957,1,1,1,W10_N3_mean1.25x,10,3,1.25,1909,Pitch_hybrid_prediction,/home/tchowdh4/sensor_recovery_project/logs/extracted_csv/baseline_05_mixed_maneuver_ATT.csv,/home/tchowdh4/sensor_recovery_project/prediction_results_v9_trained_hybrid/baseline_05_mixed_maneuver_ATT_trained_hybrid_prediction_outputs.csv,0.1004679687321185,V9_prediction,0.03878800000000002,0.002804640680551501
17.099824,baseline_05_mixed_maneuver,Pitch,bias,0.038788,1,0.0991624519228935,0.1379504519228935,0.1002867948263883,0.0376636570965052,0.0376636570965052,0.009697,1,10.0,0.0390634226326943,1,1,1,W10_N3_mean1.25x,10,3,1.25,1909,Pitch_hybrid_prediction,/home/tchowdh4/sensor_recovery_project/logs/extracted_csv/baseline_05_mixed_maneuver_ATT.csv,/home/tchowdh4/sensor_recovery_project/prediction_results_v9_trained_hybrid/baseline_05_mixed_maneuver_ATT_trained_hybrid_prediction_outputs.csv,0.1002867948263883,V9_prediction,0.03878800000000002,0.0011243429034948071
17.200617,baseline_05_mixed_maneuver,Pitch,bias,0.038788,1,0.103077083826065,0.141865083826065,0.1060130577534436,0.0358520260726213,0.0358520260726213,0.009697,1,10.0,0.0386857765440941,1,1,1,W10_N3_mean1.25x,10,3,1.25,1909,Pitch_hybrid_prediction,/home/tchowdh4/sensor_recovery_project/logs/extracted_csv/baseline_05_mixed_maneuver_ATT.csv,/home/tchowdh4/sensor_recovery_project/prediction_results_v9_trained_hybrid/baseline_05_mixed_maneuver_ATT_trained_hybrid_prediction_outputs.csv,0.1060130577534436,V9_prediction,0.038788,0.002935973927378613
17.300577,baseline_05_mixed_maneuver,Pitch,bias,0.038788,1,0.0982493758201599,0.1370373758201599,0.094628594815731,0.0424087810044289,0.0424087810044289,0.009697,1,10.0,0.0392081048985124,1,1,1,W10_N3_mean1.25x,10,3,1.25,1909,Pitch_hybrid_prediction,/home/tchowdh4/sensor_recovery_project/logs/extracted_csv/baseline_05_mixed_maneuver_ATT.csv,/home/tchowdh4/sensor_recovery_project/prediction_results_v9_trained_hybrid/baseline_05_mixed_maneuver_ATT_trained_hybrid_prediction_outputs.csv,0.094628594815731,V9_prediction,0.038788,-0.003620781004428905
17.400537,baseline_05_mixed_maneuver,Pitch,bias,0.038788,1,0.0931998714804649,0.1319878714804649,0.0894127432256936,0.0425751282547712,0.0425751282547712,0.009697,1,10.0,0.0398121897776723,1,1,1,W10_N3_mean1.25x,10,3,1.25,1909,Pitch_hybrid_prediction,/home/tchowdh4/sensor_recovery_project/logs/extracted_csv/baseline_05_mixed_maneuver_ATT.csv,/home/tchowdh4/sensor_recovery_project/prediction_results_v9_trained_hybrid/baseline_05_mixed_maneuver_ATT_trained_hybrid_prediction_outputs.csv,0.0894127432256936,V9_prediction,0.038788,-0.003787128254771288
17.500497,baseline_05_mixed_maneuver,Pitch,bias,0.038788,1,0.0985663384199142,0.1373543384199142,0.1025911886245011,0.0347631497954131,0.0347631497954131,0.009697,1,10.0,0.0393613696743846,1,1,1,W10_N3_mean1.25x,10,3,1.25,1909,Pitch_hybrid_prediction,/home/tchowdh4/sensor_recovery_project/logs/extracted_csv/baseline_05_mixed_maneuver_ATT.csv,/home/tchowdh4/sensor_recovery_project/prediction_results_v9_trained_hybrid/baseline_05_mixed_maneuver_ATT_trained_hybrid_prediction_outputs.csv,0.1025911886245011,V9_prediction,0.038788,0.0040248502045868995
17.600457,baseline_05_mixed_maneuver,Pitch,bias,0.038788,1,0.1013091206550598,0.1400971206550598,0.103366207331419,0.0367309133236408,0.0367309133236408,0.009697,1,10.0,0.0390475288679004,1,1,1,W10_N3_mean1.25x,10,3,1.25,1909,Pitch_hybrid_prediction,/home/tchowdh4/sensor_recovery_project/logs/extracted_csv/baseline_05_mixed_maneuver_ATT.csv,/home/tchowdh4/sensor_recovery_project/prediction_results_v9_trained_hybrid/baseline_05_mixed_maneuver_ATT_trained_hybrid_prediction_outputs.csv,0.103366207331419,V9_prediction,0.038788,0.0020570866763592044
17.700417,baseline_05_mixed_maneuver,Pitch,bias,0.038788,1,0.1048277467489242,0.1436157467489242,0.1074667163193225,0.0361490304296016,0.0361490304296016,0.009697,1,10.0,0.0380767318134308,1,1,1,W10_N3_mean1.25x,10,3,1.25,1909,Pitch_hybrid_prediction,/home/tchowdh4/sensor_recovery_project/logs/extracted_csv/baseline_05_mixed_maneuver_ATT.csv,/home/tchowdh4/sensor_recovery_project/prediction_results_v9_trained_hybrid/baseline_05_mixed_maneuver_ATT_trained_hybrid_prediction_outputs.csv,0.1074667163193225,V9_prediction,0.03878799999999999,0.002638969570398303
17.800377,baseline_05_mixed_maneuver,Pitch,bias,0.038788,1,0.1056147813796997,0.1444027813796997,0.1062050573527813,0.0381977240269184,0.0381977240269184,0.009697,1,10.0,0.0374430018191337,1,1,1,W10_N3_mean1.25x,10,3,1.25,1909,Pitch_hybrid_prediction,/home/tchowdh4/sensor_recovery_project/logs/extracted_csv/baseline_05_mixed_maneuver_ATT.csv,/home/tchowdh4/sensor_recovery_project/prediction_results_v9_trained_hybrid/baseline_05_mixed_maneuver_ATT_trained_hybrid_prediction_outputs.csv,0.1062050573527813,V9_prediction,0.038788,0.0005902759730816026
17.900337,baseline_05_mixed_maneuver,Pitch,bias,0.038788,1,0.102890595793724,0.141678595793724,0.1008474566042422,0.0408311391894817,0.0408311391894817,0.009697,1,10.0,0.0381154908512831,1,1,1,W10_N3_mean1.25x,10,3,1.25,1909,Pitch_hybrid_prediction,/home/tchowdh4/sensor_recovery_project/logs/extracted_csv/baseline_05_mixed_maneuver_ATT.csv,/home/tchowdh4/sensor_recovery_project/prediction_results_v9_trained_hybrid/baseline_05_mixed_maneuver_ATT_trained_hybrid_prediction_outputs.csv,0.1008474566042422,V9_prediction,0.03878799999999999,-0.0020431391894818046
18.000297,baseline_05_mixed_maneuver,Pitch,bias,0.038788,1,0.1025347784161567,0.1413227784161567,0.1022679153829812,0.0390548630331755,0.0390548630331755,0.009697,1,10.0,0.0384226412226558,1,1,1,W10_N3_mean1.25x,10,3,1.25,1909,Pitch_hybrid_prediction,/home/tchowdh4/sensor_recovery_project/logs/extracted_csv/baseline_05_mixed_maneuver_ATT.csv,/home/tchowdh4/sensor_recovery_project/prediction_results_v9_trained_hybrid/baseline_05_mixed_maneuver_ATT_trained_hybrid_prediction_outputs.csv,0.1022679153829812,V9_prediction,0.038788,-0.0002668630331754962
18.100257,baseline_05_mixed_maneuver,Pitch,bias,0.038788,1,0.1009095013141632,0.1396975013141632,0.099690543487668,0.0400069578264952,0.0400069578264952,0.009697,1,10.0,0.0386569712956548,1,1,1,W10_N3_mean1.25x,10,3,1.25,1909,Pitch_hybrid_prediction,/home/tchowdh4/sensor_recovery_project/logs/extracted_csv/baseline_05_mixed_maneuver_ATT.csv,/home/tchowdh4/sensor_recovery_project/prediction_results_v9_trained_hybrid/baseline_05_mixed_maneuver_ATT_trained_hybrid_prediction_outputs.csv,0.099690543487668,V9_prediction,0.038788,-0.0012189578264951983
18.200217,baseline_05_mixed_maneuver,Pitch,bias,0.038788,1,0.1020892485976219,0.1408772485976219,0.1029740590602159,0.037903189537406,0.037903189537406,0.009697,1,10.0,0.0388620876421332,1,1,1,W10_N3_mean1.25x,10,3,1.25,1909,Pitch_hybrid_prediction,/home/tchowdh4/sensor_recovery_project/logs/extracted_csv/baseline_05_mixed_maneuver_ATT.csv,/home/tchowdh4/sensor_recovery_project/prediction_results_v9_trained_hybrid/baseline_05_mixed_maneuver_ATT_trained_hybrid_prediction_outputs.csv,0.1029740590602159,V9_prediction,0.038788,0.0008848104625939907
18.300177,baseline_05_mixed_maneuver,Pitch,bias,0.038788,1,0.1056204885244369,0.1444084885244368,0.1082689184695481,0.0361395700548887,0.0361395700548887,0.009697,1,10.0,0.0382351665471792,1,1,1,W10_N3_mean1.25x,10,3,1.25,1909,Pitch_hybrid_prediction,/home/tchowdh4/sensor_recovery_project/logs/extracted_csv/baseline_05_mixed_maneuver_ATT.csv,/home/tchowdh4/sensor_recovery_project/prediction_results_v9_trained_hybrid/baseline_05_mixed_maneuver_ATT_trained_hybrid_prediction_outputs.csv,0.1082689184695481,V9_prediction,0.038787999999999906,0.0026484299451112053
18.400137,baseline_05_mixed_maneuver,Pitch,bias,0.038788,1,0.1069158092141151,0.1457038092141151,0.1078872997313737,0.0378165094827414,0.0378165094827414,0.009697,1,10.0,0.0377593046699762,1,1,1,W10_N3_mean1.25x,10,3,1.25,1909,Pitch_hybrid_prediction,/home/tchowdh4/sensor_recovery_project/logs/extracted_csv/baseline_05_mixed_maneuver_ATT.csv,/home/tchowdh4/sensor_recovery_project/prediction_results_v9_trained_hybrid/baseline_05_mixed_maneuver_ATT_trained_hybrid_prediction_outputs.csv,0.1078872997313737,V9_prediction,0.038788,0.0009714905172586025
18.500097,baseline_05_mixed_maneuver,Pitch,bias,0.038788,1,0.1031155064702034,0.1419035064702034,0.1002652794122696,0.0416382270579337,0.0416382270579337,0.009697,1,10.0,0.0384468123962283,1,1,1,W10_N3_mean1.25x,10,3,1.25,1909,Pitch_hybrid_prediction,/home/tchowdh4/sensor_recovery_project/logs/extracted_csv/baseline_05_mixed_maneuver_ATT.csv,/home/tchowdh4/sensor_recovery_project/prediction_results_v9_trained_hybrid/baseline_05_mixed_maneuver_ATT_trained_hybrid_prediction_outputs.csv,0.1002652794122696,V9_prediction,0.03878799999999999,-0.0028502270579337935
18.600057,baseline_05_mixed_maneuver,Pitch,bias,0.038788,1,0.1013722047209739,0.1401602047209739,0.1000647284090517,0.0400954763119222,0.0400954763119222,0.009697,1,10.0,0.0387832686950564,1,1,1,W10_N3_mean1.25x,10,3,1.25,1909,Pitch_hybrid_prediction,/home/tchowdh4/sensor_recovery_project/logs/extracted_csv/baseline_05_mixed_maneuver_ATT.csv,/home/tchowdh4/sensor_recovery_project/prediction_results_v9_trained_hybrid/baseline_05_mixed_maneuver_ATT_trained_hybrid_prediction_outputs.csv,0.1000647284090517,V9_prediction,0.038788,-0.0013074763119221983
18.700017,baseline_05_mixed_maneuver,Pitch,bias,0.038788,1,0.0965497866272926,0.1353377866272926,0.0929329730570316,0.042404813570261,0.042404813570261,0.009697,1,10.0,0.0394088470091224,1,1,1,W10_N3_mean1.25x,10,3,1.25,1909,Pitch_hybrid_prediction,/home/tchowdh4/sensor_recovery_project/logs/extracted_csv/baseline_05_mixed_maneuver_ATT.csv,/home/tchowdh4/sensor_recovery_project/prediction_results_v9_trained_hybrid/baseline_05_mixed_maneuver_ATT_trained_hybrid_prediction_outputs.csv,0.0929329730570316,V9_prediction,0.03878799999999999,-0.0036168135702610016
18.799977,baseline_05_mixed_maneuver,Pitch,bias,0.038788,1,0.0927797704935073,0.1315677704935073,0.0899522583931683,0.041615512100339,0.041615512100339,0.009697,1,10.0,0.0397506258164644,1,1,1,W10_N3_mean1.25x,10,3,1.25,1909,Pitch_hybrid_prediction,/home/tchowdh4/sensor_recovery_project/logs/extracted_csv/baseline_05_mixed_maneuver_ATT.csv,/home/tchowdh4/sensor_recovery_project/prediction_results_v9_trained_hybrid/baseline_05_mixed_maneuver_ATT_trained_hybrid_prediction_outputs.csv,0.0899522583931683,V9_prediction,0.03878799999999999,-0.0028275121003390052
18.899937,baseline_05_mixed_maneuver,Pitch,bias,0.038788,1,0.0912716835737228,0.1300596835737228,0.0901406183838844,0.0399190651898384,0.0399190651898384,0.009697,1,10.0,0.0396594184165001,1,1,1,W10_N3_mean1.25x,10,3,1.25,1909,Pitch_hybrid_prediction,/home/tchowdh4/sensor_recovery_project/logs/extracted_csv/baseline_05_mixed_maneuver_ATT.csv,/home/tchowdh4/sensor_recovery_project/prediction_results_v9_trained_hybrid/baseline_05_mixed_maneuver_ATT_trained_hybrid_prediction_outputs.csv,0.0901406183838844,V9_prediction,0.038788,-0.0011310651898383955
18.999897,baseline_05_mixed_maneuver,Pitch,bias,0.038788,1,0.0856645628809928,0.1244525628809928,0.0814592223614453,0.0429933405195475,0.0429933405195475,0.009697,1,10.0,0.0400532661651373,1,1,1,W10_N3_mean1.25x,10,3,1.25,1909,Pitch_hybrid_prediction,/home/tchowdh4/sensor_recovery_project/logs/extracted_csv/baseline_05_mixed_maneuver_ATT.csv,/home/tchowdh4/sensor_recovery_project/prediction_results_v9_trained_hybrid/baseline_05_mixed_maneuver_ATT_trained_hybrid_prediction_outputs.csv,0.0814592223614453,V9_prediction,0.03878799999999999,-0.004205340519547504
19.099857,baseline_05_mixed_maneuver,Pitch,bias,0.038788,1,0.079021118581295,0.117809118581295,0.0740385353565216,0.0437705832247733,0.0437705832247733,0.009697,1,10.0,0.0404296287049651,1,1,1,W10_N3_mean1.25x,10,3,1.25,1909,Pitch_hybrid_prediction,/home/tchowdh4/sensor_recovery_project/logs/extracted_csv/baseline_05_mixed_maneuver_ATT.csv,/home/tchowdh4/sensor_recovery_project/prediction_results_v9_trained_hybrid/baseline_05_mixed_maneuver_ATT_trained_hybrid_prediction_outputs.csv,0.0740385353565216,V9_prediction,0.038788,-0.004982583224773393
19.199817,baseline_05_mixed_maneuver,Pitch,bias,0.038788,1,0.0774929225444793,0.1162809225444793,0.0763467755168675,0.0399341470276118,0.0399341470276118,0.009697,1,10.0,0.0406327244539857,1,1,1,W10_N3_mean1.25x,10,3,1.25,1909,Pitch_hybrid_prediction,/home/tchowdh4/sensor_recovery_project/logs/extracted_csv/baseline_05_mixed_maneuver_ATT.csv,/home/tchowdh4/sensor_recovery_project/prediction_results_v9_trained_hybrid/baseline_05_mixed_maneuver_ATT_trained_hybrid_prediction_outputs.csv,0.0763467755168675,V9_prediction,0.038788,-0.0011461470276118019
19.30061,baseline_05_mixed_maneuver,Pitch,bias,0.038788,1,0.0724250376224517,0.1112130376224517,0.068624123930931,0.0425889136915207,0.0425889136915207,0.009697,1,10.0,0.0412776588176489,1,1,1,W10_N3_mean1.25x,10,3,1.25,1909,Pitch_hybrid_prediction,/home/tchowdh4/sensor_recovery_project/logs/extracted_csv/baseline_05_mixed_maneuver_ATT.csv,/home/tchowdh4/sensor_recovery_project/prediction_results_v9_trained_hybrid/baseline_05_mixed_maneuver_ATT_trained_hybrid_prediction_outputs.csv,0.068624123930931,V9_prediction,0.038788,-0.003800913691520705
19.40057,baseline_05_mixed_maneuver,Pitch,bias,0.038788,1,0.0711455345153808,0.1099335345153808,0.0701859071850776,0.0397476273303032,0.0397476273303032,0.009697,1,10.0,0.0414707706024051,1,1,1,W10_N3_mean1.25x,10,3,1.25,1909,Pitch_hybrid_prediction,/home/tchowdh4/sensor_recovery_project/logs/extracted_csv/baseline_05_mixed_maneuver_ATT.csv,/home/tchowdh4/sensor_recovery_project/prediction_results_v9_trained_hybrid/baseline_05_mixed_maneuver_ATT_trained_hybrid_prediction_outputs.csv,0.0701859071850776,V9_prediction,0.038788,-0.000959627330303206
19.50053,baseline_05_mixed_maneuver,Pitch,bias,0.038788,1,0.0665530562400817,0.1053410562400817,0.0631086975336073,0.0422323587064744,0.0422323587064744,0.009697,1,10.0,0.0415301837672591,1,1,1,W10_N3_mean1.25x,10,3,1.25,1909,Pitch_hybrid_prediction,/home/tchowdh4/sensor_recovery_project/logs/extracted_csv/baseline_05_mixed_maneuver_ATT.csv,/home/tchowdh4/sensor_recovery_project/prediction_results_v9_trained_hybrid/baseline_05_mixed_maneuver_ATT_trained_hybrid_prediction_outputs.csv,0.0631086975336073,V9_prediction,0.038788,-0.0034443587064744013
19.60049,baseline_05_mixed_maneuver,Pitch,bias,0.038788,1,0.0625377595424652,0.1013257595424652,0.0595262870192528,0.0417994725232124,0.0417994725232124,0.009697,1,10.0,0.0417005833883881,1,1,1,W10_N3_mean1.25x,10,3,1.25,1909,Pitch_hybrid_prediction,/home/tchowdh4/sensor_recovery_project/logs/extracted_csv/baseline_05_mixed_maneuver_ATT.csv,/home/tchowdh4/sensor_recovery_project/prediction_results_v9_trained_hybrid/baseline_05_mixed_maneuver_ATT_trained_hybrid_prediction_outputs.csv,0.0595262870192528,V9_prediction,0.038788,-0.003011472523212398
19.70045,baseline_05_mixed_maneuver,Pitch,bias,0.038788,1,0.0650022029876709,0.1037902029876709,0.0668505355715751,0.0369396674160958,0.0369396674160958,0.009697,1,10.0,0.0411540687729716,1,1,1,W10_N3_mean1.25x,10,3,1.25,1909,Pitch_hybrid_prediction,/home/tchowdh4/sensor_recovery_project/logs/extracted_csv/baseline_05_mixed_maneuver_ATT.csv,/home/tchowdh4/sensor_recovery_project/prediction_results_v9_trained_hybrid/baseline_05_mixed_maneuver_ATT_trained_hybrid_prediction_outputs.csv,0.0668505355715751,V9_prediction,0.038788,0.001848332583904197
19.80041,baseline_05_mixed_maneuver,Pitch,bias,0.038788,1,0.0682591646909713,0.1070471646909713,0.0707018859684466,0.0363452787225247,0.0363452787225247,0.009697,1,10.0,0.0406270454351902,1,1,1,W10_N3_mean1.25x,10,3,1.25,1909,Pitch_hybrid_prediction,/home/tchowdh4/sensor_recovery_project/logs/extracted_csv/baseline_05_mixed_maneuver_ATT.csv,/home/tchowdh4/sensor_recovery_project/prediction_results_v9_trained_hybrid/baseline_05_mixed_maneuver_ATT_trained_hybrid_prediction_outputs.csv,0.0707018859684466,V9_prediction,0.03878799999999999,0.0024427212774753015
19.90037,baseline_05_mixed_maneuver,Pitch,bias,0.038788,1,0.0706239193677902,0.1094119193677902,0.0723974853754043,0.0370144339923858,0.0370144339923858,0.009697,1,10.0,0.0403365823154449,1,1,1,W10_N3_mean1.25x,10,3,1.25,1909,Pitch_hybrid_prediction,/home/tchowdh4/sensor_recovery_project/logs/extracted_csv/baseline_05_mixed_maneuver_ATT.csv,/home/tchowdh4/sensor_recovery_project/prediction_results_v9_trained_hybrid/baseline_05_mixed_maneuver_ATT_trained_hybrid_prediction_outputs.csv,0.0723974853754043,V9_prediction,0.038788,0.001773566007614108
20.00033,baseline_05_mixed_maneuver,Pitch,bias,0.038788,1,0.0717016458511352,0.1104896458511352,0.0725099407136439,0.0379797051374913,0.0379797051374913,0.009697,1,10.0,0.0398352187772393,1,1,1,W10_N3_mean1.25x,10,3,1.25,1909,Pitch_hybrid_prediction,/home/tchowdh4/sensor_recovery_project/logs/extracted_csv/baseline_05_mixed_maneuver_ATT.csv,/home/tchowdh4/sensor_recovery_project/prediction_results_v9_trained_hybrid/baseline_05_mixed_maneuver_ATT_trained_hybrid_prediction_outputs.csv,0.0725099407136439,V9_prediction,0.038788,0.0008082948625087044
20.10029,baseline_05_mixed_maneuver,Pitch,bias,0.038788,1,0.0741746053099632,0.1129626053099632,0.0760293249040842,0.0369332804058789,0.0369332804058789,0.009697,1,10.0,0.0391514884953499,1,1,1,W10_N3_mean1.25x,10,3,1.25,1909,Pitch_hybrid_prediction,/home/tchowdh4/sensor_recovery_project/logs/extracted_csv/baseline_05_mixed_maneuver_ATT.csv,/home/tchowdh4/sensor_recovery_project/prediction_results_v9_trained_hybrid/baseline_05_mixed_maneuver_ATT_trained_hybrid_prediction_outputs.csv,0.0760293249040842,V9_prediction,0.038788,0.001854719594121007
20.20025,baseline_05_mixed_maneuver,Pitch,bias,0.038788,1,0.0792819559574127,0.1180699559574127,0.0831124689429998,0.0349574870144129,0.0349574870144129,0.009697,1,10.0,0.03865382249403,1,1,1,W10_N3_mean1.25x,10,3,1.25,1909,Pitch_hybrid_prediction,/home/tchowdh4/sensor_recovery_project/logs/extracted_csv/baseline_05_mixed_maneuver_ATT.csv,/home/tchowdh4/sensor_recovery_project/prediction_results_v9_trained_hybrid/baseline_05_mixed_maneuver_ATT_trained_hybrid_prediction_outputs.csv,0.0831124689429998,V9_prediction,0.03878799999999999,0.0038305129855870923
20.30021,baseline_05_mixed_maneuver,Pitch,bias,0.038788,1,0.0833630040287971,0.1221510040287971,0.0864237900823353,0.0357272139464617,0.0357272139464617,0.009697,1,10.0,0.0379676525195241,1,1,1,W10_N3_mean1.25x,10,3,1.25,1909,Pitch_hybrid_prediction,/home/tchowdh4/sensor_recovery_project/logs/extracted_csv/baseline_05_mixed_maneuver_ATT.csv,/home/tchowdh4/sensor_recovery_project/prediction_results_v9_trained_hybrid/baseline_05_mixed_maneuver_ATT_trained_hybrid_prediction_outputs.csv,0.0864237900823353,V9_prediction,0.038788,0.0030607860535382114
20.40017,baseline_05_mixed_maneuver,Pitch,bias,0.038788,1,0.0902801230549812,0.1290681230549812,0.0954679623246193,0.0336001607303619,0.0336001607303619,0.009697,1,10.0,0.03735290585953,1,1,1,W10_N3_mean1.25x,10,3,1.25,1909,Pitch_hybrid_prediction,/home/tchowdh4/sensor_recovery_project/logs/extracted_csv/baseline_05_mixed_maneuver_ATT.csv,/home/tchowdh4/sensor_recovery_project/prediction_results_v9_trained_hybrid/baseline_05_mixed_maneuver_ATT_trained_hybrid_prediction_outputs.csv,0.0954679623246193,V9_prediction,0.03878799999999999,0.005187839269638089
20.50013,baseline_05_mixed_maneuver,Pitch,bias,0.038788,1,0.0912568718194961,0.1300448718194961,0.0919894333928822,0.0380554384266138,0.0380554384266138,0.009697,1,10.0,0.0369352138315439,1,1,1,W10_N3_mean1.25x,10,3,1.25,1909,Pitch_hybrid_prediction,/home/tchowdh4/sensor_recovery_project/logs/extracted_csv/baseline_05_mixed_maneuver_ATT.csv,/home/tchowdh4/sensor_recovery_project/prediction_results_v9_trained_hybrid/baseline_05_mixed_maneuver_ATT_trained_hybrid_prediction_outputs.csv,0.0919894333928822,V9_prediction,0.03878799999999999,0.0007325615733860952
20.60009,baseline_05_mixed_maneuver,Pitch,bias,0.038788,1,0.0909635946154594,0.1297515946154594,0.0907436367124318,0.0390079579030276,0.0390079579030276,0.009697,1,10.0,0.0366560623695254,1,1,1,W10_N3_mean1.25x,10,3,1.25,1909,Pitch_hybrid_prediction,/home/tchowdh4/sensor_recovery_project/logs/extracted_csv/baseline_05_mixed_maneuver_ATT.csv,/home/tchowdh4/sensor_recovery_project/prediction_results_v9_trained_hybrid/baseline_05_mixed_maneuver_ATT_trained_hybrid_prediction_outputs.csv,0.0907436367124318,V9_prediction,0.038788,-0.00021995790302760387
20.70005,baseline_05_mixed_maneuver,Pitch,bias,0.038788,1,0.0910608991980552,0.1298488991980552,0.091133877635002,0.0387150215630532,0.0387150215630532,0.009697,1,10.0,0.0368335977842212,1,1,1,W10_N3_mean1.25x,10,3,1.25,1909,Pitch_hybrid_prediction,/home/tchowdh4/sensor_recovery_project/logs/extracted_csv/baseline_05_mixed_maneuver_ATT.csv,/home/tchowdh4/sensor_recovery_project/prediction_results_v9_trained_hybrid/baseline_05_mixed_maneuver_ATT_trained_hybrid_prediction_outputs.csv,0.091133877635002,V9_prediction,0.038788,7.297843694679951e-05
20.80001,baseline_05_mixed_maneuver,Pitch,bias,0.038788,1,0.0904125720262527,0.1292005720262527,0.0899263266474008,0.0392742453788519,0.0392742453788519,0.009697,1,10.0,0.0371264944498539,1,1,1,W10_N3_mean1.25x,10,3,1.25,1909,Pitch_hybrid_prediction,/home/tchowdh4/sensor_recovery_project/logs/extracted_csv/baseline_05_mixed_maneuver_ATT.csv,/home/tchowdh4/sensor_recovery_project/prediction_results_v9_trained_hybrid/baseline_05_mixed_maneuver_ATT_trained_hybrid_prediction_outputs.csv,0.0899263266474008,V9_prediction,0.038788,-0.00048624537885190444
20.89997,baseline_05_mixed_maneuver,Pitch,bias,0.038788,1,0.0934909954667091,0.1322789954667091,0.0957998130470513,0.0364791824196577,0.0364791824196577,0.009697,1,10.0,0.0370729692925811,1,1,1,W10_N3_mean1.25x,10,3,1.25,1909,Pitch_hybrid_prediction,/home/tchowdh4/sensor_recovery_project/logs/extracted_csv/baseline_05_mixed_maneuver_ATT.csv,/home/tchowdh4/sensor_recovery_project/prediction_results_v9_trained_hybrid/baseline_05_mixed_maneuver_ATT_trained_hybrid_prediction_outputs.csv,0.0957998130470513,V9_prediction,0.038788,0.0023088175803422095
20.99993,baseline_05_mixed_maneuver,Pitch,bias,0.038788,1,0.0966186001896858,0.1354066001896858,0.0989643037319183,0.0364422964577675,0.0364422964577675,0.009697,1,10.0,0.0369192284246087,1,1,1,W10_N3_mean1.25x,10,3,1.25,1909,Pitch_hybrid_prediction,/home/tchowdh4/sensor_recovery_project/logs/extracted_csv/baseline_05_mixed_maneuver_ATT.csv,/home/tchowdh4/sensor_recovery_project/prediction_results_v9_trained_hybrid/baseline_05_mixed_maneuver_ATT_trained_hybrid_prediction_outputs.csv,0.0989643037319183,V9_prediction,0.03878800000000002,0.0023457035422324995
21.09989,baseline_05_mixed_maneuver,Pitch,bias,0.038788,1,0.0977218300104141,0.1365098300104141,0.0985492523759603,0.0379605776344538,0.0379605776344538,0.009697,1,10.0,0.0370219581474662,1,1,1,W10_N3_mean1.25x,10,3,1.25,1909,Pitch_hybrid_prediction,/home/tchowdh4/sensor_recovery_project/logs/extracted_csv/baseline_05_mixed_maneuver_ATT.csv,/home/tchowdh4/sensor_recovery_project/prediction_results_v9_trained_hybrid/baseline_05_mixed_maneuver_ATT_trained_hybrid_prediction_outputs.csv,0.0985492523759603,V9_prediction,0.03878800000000002,0.0008274223655461987
21.19985,baseline_05_mixed_maneuver,Pitch,bias,0.038788,1,0.0976924896240234,0.1364804896240234,0.0976704843342303,0.0388100052897931,0.0388100052897931,0.009697,1,10.0,0.0374072099750042,1,1,1,W10_N3_mean1.25x,10,3,1.25,1909,Pitch_hybrid_prediction,/home/tchowdh4/sensor_recovery_project/logs/extracted_csv/baseline_05_mixed_maneuver_ATT.csv,/home/tchowdh4/sensor_recovery_project/prediction_results_v9_trained_hybrid/baseline_05_mixed_maneuver_ATT_trained_hybrid_prediction_outputs.csv,0.0976704843342303,V9_prediction,0.038788,-2.2005289793097793e-05
21.29981,baseline_05_mixed_maneuver,Pitch,bias,0.038788,1,0.0947209820151329,0.1335089820151329,0.092492351308465,0.0410166307066678,0.0410166307066678,0.009697,1,10.0,0.0379361516510248,1,1,1,W10_N3_mean1.25x,10,3,1.25,1909,Pitch_hybrid_prediction,/home/tchowdh4/sensor_recovery_project/logs/extracted_csv/baseline_05_mixed_maneuver_ATT.csv,/home/tchowdh4/sensor_recovery_project/prediction_results_v9_trained_hybrid/baseline_05_mixed_maneuver_ATT_trained_hybrid_prediction_outputs.csv,0.092492351308465,V9_prediction,0.03878799999999999,-0.0022286307066679
21.400603,baseline_05_mixed_maneuver,Pitch,bias,0.038788,1,0.0970020070672035,0.1357900070672035,0.0987127758562564,0.0370772312109471,0.0370772312109471,0.009697,1,10.0,0.0382838586990833,1,1,1,W10_N3_mean1.25x,10,3,1.25,1909,Pitch_hybrid_prediction,/home/tchowdh4/sensor_recovery_project/logs/extracted_csv/baseline_05_mixed_maneuver_ATT.csv,/home/tchowdh4/sensor_recovery_project/prediction_results_v9_trained_hybrid/baseline_05_mixed_maneuver_ATT_trained_hybrid_prediction_outputs.csv,0.0987127758562564,V9_prediction,0.03878800000000002,0.0017107687890529077
21.500563,baseline_05_mixed_maneuver,Pitch,bias,0.038788,1,0.0950966402888298,0.1338846402888298,0.0936676152050495,0.0402170250837802,0.0402170250837802,0.009697,1,10.0,0.0385000173648,1,1,1,W10_N3_mean1.25x,10,3,1.25,1909,Pitch_hybrid_prediction,/home/tchowdh4/sensor_recovery_project/logs/extracted_csv/baseline_05_mixed_maneuver_ATT.csv,/home/tchowdh4/sensor_recovery_project/prediction_results_v9_trained_hybrid/baseline_05_mixed_maneuver_ATT_trained_hybrid_prediction_outputs.csv,0.0936676152050495,V9_prediction,0.03878799999999999,-0.0014290250837803026
21.600523,baseline_05_mixed_maneuver,Pitch,bias,0.038788,1,0.0946520045399665,0.1334400045399665,0.094318527728319,0.0391214768116475,0.0391214768116475,0.009697,1,10.0,0.038511369255662,1,1,1,W10_N3_mean1.25x,10,3,1.25,1909,Pitch_hybrid_prediction,/home/tchowdh4/sensor_recovery_project/logs/extracted_csv/baseline_05_mixed_maneuver_ATT.csv,/home/tchowdh4/sensor_recovery_project/prediction_results_v9_trained_hybrid/baseline_05_mixed_maneuver_ATT_trained_hybrid_prediction_outputs.csv,0.094318527728319,V9_prediction,0.03878799999999999,-0.00033347681164749843
21.700483,baseline_05_mixed_maneuver,Pitch,bias,0.038788,1,0.0959173515439033,0.1347053515439032,0.0968663617968558,0.0378389897470474,0.0378389897470474,0.009697,1,10.0,0.0384237660740614,1,1,1,W10_N3_mean1.25x,10,3,1.25,1909,Pitch_hybrid_prediction,/home/tchowdh4/sensor_recovery_project/logs/extracted_csv/baseline_05_mixed_maneuver_ATT.csv,/home/tchowdh4/sensor_recovery_project/prediction_results_v9_trained_hybrid/baseline_05_mixed_maneuver_ATT_trained_hybrid_prediction_outputs.csv,0.0968663617968558,V9_prediction,0.038787999999999906,0.0009490102529525063
21.800443,baseline_05_mixed_maneuver,Pitch,bias,0.038788,1,0.0934957340359687,0.1322837340359687,0.0916795209050177,0.040604213130951,0.040604213130951,0.009697,1,10.0,0.0385567628492713,1,1,1,W10_N3_mean1.25x,10,3,1.25,1909,Pitch_hybrid_prediction,/home/tchowdh4/sensor_recovery_project/logs/extracted_csv/baseline_05_mixed_maneuver_ATT.csv,/home/tchowdh4/sensor_recovery_project/prediction_results_v9_trained_hybrid/baseline_05_mixed_maneuver_ATT_trained_hybrid_prediction_outputs.csv,0.0916795209050177,V9_prediction,0.03878799999999999,-0.0018162131309509971
21.900403,baseline_05_mixed_maneuver,Pitch,bias,0.038788,1,0.0945114344358444,0.1332994344358444,0.0952732097357511,0.0380262247000933,0.0380262247000933,0.009697,1,10.0,0.0387114670773149,1,1,1,W10_N3_mean1.25x,10,3,1.25,1909,Pitch_hybrid_prediction,/home/tchowdh4/sensor_recovery_project/logs/extracted_csv/baseline_05_mixed_maneuver_ATT.csv,/home/tchowdh4/sensor_recovery_project/prediction_results_v9_trained_hybrid/baseline_05_mixed_maneuver_ATT_trained_hybrid_prediction_outputs.csv,0.0952732097357511,V9_prediction,0.03878800000000002,0.0007617752999067029
22.000363,baseline_05_mixed_maneuver,Pitch,bias,0.038788,1,0.0926051214337349,0.1313931214337348,0.0911753866821527,0.0402177347515821,0.0402177347515821,0.009697,1,10.0,0.0390890109066963,1,1,1,W10_N3_mean1.25x,10,3,1.25,1909,Pitch_hybrid_prediction,/home/tchowdh4/sensor_recovery_project/logs/extracted_csv/baseline_05_mixed_maneuver_ATT.csv,/home/tchowdh4/sensor_recovery_project/prediction_results_v9_trained_hybrid/baseline_05_mixed_maneuver_ATT_trained_hybrid_prediction_outputs.csv,0.0911753866821527,V9_prediction,0.038787999999999906,-0.0014297347515821873
22.100323,baseline_05_mixed_maneuver,Pitch,bias,0.038788,1,0.0962055623531341,0.1349935623531341,0.0989058930426835,0.0360876693104505,0.0360876693104505,0.009697,1,10.0,0.038901720074296,1,1,1,W10_N3_mean1.25x,10,3,1.25,1909,Pitch_hybrid_prediction,/home/tchowdh4/sensor_recovery_project/logs/extracted_csv/baseline_05_mixed_maneuver_ATT.csv,/home/tchowdh4/sensor_recovery_project/prediction_results_v9_trained_hybrid/baseline_05_mixed_maneuver_ATT_trained_hybrid_prediction_outputs.csv,0.0989058930426835,V9_prediction,0.03878799999999999,0.0027003306895494045
22.200283,baseline_05_mixed_maneuver,Pitch,bias,0.038788,1,0.0995333492755889,0.1383213492755889,0.10202918946743,0.0362921598081589,0.0362921598081589,0.009697,1,10.0,0.0386499355261326,1,1,1,W10_N3_mean1.25x,10,3,1.25,1909,Pitch_hybrid_prediction,/home/tchowdh4/sensor_recovery_project/logs/extracted_csv/baseline_05_mixed_maneuver_ATT.csv,/home/tchowdh4/sensor_recovery_project/prediction_results_v9_trained_hybrid/baseline_05_mixed_maneuver_ATT_trained_hybrid_prediction_outputs.csv,0.10202918946743,V9_prediction,0.03878799999999999,0.0024958401918410977
22.300243,baseline_05_mixed_maneuver,Pitch,bias,0.038788,1,0.1038520112633705,0.1426400112633705,0.1070910077542067,0.0355490035091638,0.0355490035091638,0.009697,1,10.0,0.0381031728063822,1,1,1,W10_N3_mean1.25x,10,3,1.25,1909,Pitch_hybrid_prediction,/home/tchowdh4/sensor_recovery_project/logs/extracted_csv/baseline_05_mixed_maneuver_ATT.csv,/home/tchowdh4/sensor_recovery_project/prediction_results_v9_trained_hybrid/baseline_05_mixed_maneuver_ATT_trained_hybrid_prediction_outputs.csv,0.1070910077542067,V9_prediction,0.038788,0.003238996490836199
22.400203,baseline_05_mixed_maneuver,Pitch,bias,0.038788,1,0.1027628406882286,0.1415508406882286,0.1019459627568721,0.0396048779313565,0.0396048779313565,0.009697,1,10.0,0.0383559374784231,1,1,1,W10_N3_mean1.25x,10,3,1.25,1909,Pitch_hybrid_prediction,/home/tchowdh4/sensor_recovery_project/logs/extracted_csv/baseline_05_mixed_maneuver_ATT.csv,/home/tchowdh4/sensor_recovery_project/prediction_results_v9_trained_hybrid/baseline_05_mixed_maneuver_ATT_trained_hybrid_prediction_outputs.csv,0.1019459627568721,V9_prediction,0.038788,-0.0008168779313564994
22.500163,baseline_05_mixed_maneuver,Pitch,bias,0.038788,1,0.1019889563322067,0.1407769563322067,0.1014085430651902,0.0393684132670165,0.0393684132670165,0.009697,1,10.0,0.0382710762967467,1,1,1,W10_N3_mean1.25x,10,3,1.25,1909,Pitch_hybrid_prediction,/home/tchowdh4/sensor_recovery_project/logs/extracted_csv/baseline_05_mixed_maneuver_ATT.csv,/home/tchowdh4/sensor_recovery_project/prediction_results_v9_trained_hybrid/baseline_05_mixed_maneuver_ATT_trained_hybrid_prediction_outputs.csv,0.1014085430651902,V9_prediction,0.03878799999999999,-0.0005804132670164941
22.600123,baseline_05_mixed_maneuver,Pitch,bias,0.038788,1,0.0960457399487495,0.1348337399487495,0.0915883276611566,0.0432454122875929,0.0432454122875929,0.009697,1,10.0,0.0386834698443413,1,1,1,W10_N3_mean1.25x,10,3,1.25,1909,Pitch_hybrid_prediction,/home/tchowdh4/sensor_recovery_project/logs/extracted_csv/baseline_05_mixed_maneuver_ATT.csv,/home/tchowdh4/sensor_recovery_project/prediction_results_v9_trained_hybrid/baseline_05_mixed_maneuver_ATT_trained_hybrid_prediction_outputs.csv,0.0915883276611566,V9_prediction,0.038788,-0.004457412287592902
22.700083,baseline_05_mixed_maneuver,Pitch,bias,0.038788,1,0.0945355296134948,0.1333235296134948,0.0934028718620537,0.0399206577514411,0.0399206577514411,0.009697,1,10.0,0.0388916366447806,1,1,1,W10_N3_mean1.25x,10,3,1.25,1909,Pitch_hybrid_prediction,/home/tchowdh4/sensor_recovery_project/logs/extracted_csv/baseline_05_mixed_maneuver_ATT.csv,/home/tchowdh4/sensor_recovery_project/prediction_results_v9_trained_hybrid/baseline_05_mixed_maneuver_ATT_trained_hybrid_prediction_outputs.csv,0.0934028718620537,V9_prediction,0.038788,-0.001132657751441099
22.800043,baseline_05_mixed_maneuver,Pitch,bias,0.038788,1,0.0961667224764823,0.1349547224764823,0.0973901171237229,0.0375646053527593,0.0375646053527593,0.009697,1,10.0,0.0385876758669615,1,1,1,W10_N3_mean1.25x,10,3,1.25,1909,Pitch_hybrid_prediction,/home/tchowdh4/sensor_recovery_project/logs/extracted_csv/baseline_05_mixed_maneuver_ATT.csv,/home/tchowdh4/sensor_recovery_project/prediction_results_v9_trained_hybrid/baseline_05_mixed_maneuver_ATT_trained_hybrid_prediction_outputs.csv,0.0973901171237229,V9_prediction,0.038788,0.001223394647240611
22.900003,baseline_05_mixed_maneuver,Pitch,bias,0.038788,1,0.0997791215777397,0.1385671215777397,0.1024884209036827,0.036078700674057,0.036078700674057,0.009697,1,10.0,0.0383929234643578,1,1,1,W10_N3_mean1.25x,10,3,1.25,1909,Pitch_hybrid_prediction,/home/tchowdh4/sensor_recovery_project/logs/extracted_csv/baseline_05_mixed_maneuver_ATT.csv,/home/tchowdh4/sensor_recovery_project/prediction_results_v9_trained_hybrid/baseline_05_mixed_maneuver_ATT_trained_hybrid_prediction_outputs.csv,0.1024884209036827,V9_prediction,0.038788,0.002709299325942993
22.999963,baseline_05_mixed_maneuver,Pitch,bias,0.038788,1,0.1068364083766937,0.1456244083766937,0.1121293734759092,0.0334950349007845,0.0334950349007845,0.009697,1,10.0,0.0377206534792781,1,1,1,W10_N3_mean1.25x,10,3,1.25,1909,Pitch_hybrid_prediction,/home/tchowdh4/sensor_recovery_project/logs/extracted_csv/baseline_05_mixed_maneuver_ATT.csv,/home/tchowdh4/sensor_recovery_project/prediction_results_v9_trained_hybrid/baseline_05_mixed_maneuver_ATT_trained_hybrid_prediction_outputs.csv,0.1121293734759092,V9_prediction,0.03878799999999999,0.0052929650992155075
23.099923,baseline_05_mixed_maneuver,Pitch,bias,0.038788,1,0.1143261715769767,0.1531141715769767,0.1199434939771889,0.0331706775997878,0.0331706775997878,0.009697,1,10.0,0.0374289543082118,1,1,1,W10_N3_mean1.25x,10,3,1.25,1909,Pitch_hybrid_prediction,/home/tchowdh4/sensor_recovery_project/logs/extracted_csv/baseline_05_mixed_maneuver_ATT.csv,/home/tchowdh4/sensor_recovery_project/prediction_results_v9_trained_hybrid/baseline_05_mixed_maneuver_ATT_trained_hybrid_prediction_outputs.csv,0.1199434939771889,V9_prediction,0.038788,0.005617322400212191
23.199883,baseline_05_mixed_maneuver,Pitch,bias,0.038788,1,0.1177611649036407,0.1565491649036407,0.1203374098986387,0.036211755005002,0.036211755005002,0.009697,1,10.0,0.0374209138278961,1,1,1,W10_N3_mean1.25x,10,3,1.25,1909,Pitch_hybrid_prediction,/home/tchowdh4/sensor_recovery_project/logs/extracted_csv/baseline_05_mixed_maneuver_ATT.csv,/home/tchowdh4/sensor_recovery_project/prediction_results_v9_trained_hybrid/baseline_05_mixed_maneuver_ATT_trained_hybrid_prediction_outputs.csv,0.1203374098986387,V9_prediction,0.038788,0.002576244994997992
23.299843,baseline_05_mixed_maneuver,Pitch,bias,0.038788,1,0.12305149435997,0.16183949435997,0.1270192414522169,0.034820252907753,0.034820252907753,0.009697,1,10.0,0.037348038767755,1,1,1,W10_N3_mean1.25x,10,3,1.25,1909,Pitch_hybrid_prediction,/home/tchowdh4/sensor_recovery_project/logs/extracted_csv/baseline_05_mixed_maneuver_ATT.csv,/home/tchowdh4/sensor_recovery_project/prediction_results_v9_trained_hybrid/baseline_05_mixed_maneuver_ATT_trained_hybrid_prediction_outputs.csv,0.1270192414522169,V9_prediction,0.038788,0.003967747092246912
23.399803,baseline_05_mixed_maneuver,Pitch,bias,0.038788,1,0.1221609413623809,0.1609489413623809,0.121493026614189,0.0394559147481919,0.0394559147481919,0.009697,1,10.0,0.0373331424494386,1,1,1,W10_N3_mean1.25x,10,3,1.25,1909,Pitch_hybrid_prediction,/home/tchowdh4/sensor_recovery_project/logs/extracted_csv/baseline_05_mixed_maneuver_ATT.csv,/home/tchowdh4/sensor_recovery_project/prediction_results_v9_trained_hybrid/baseline_05_mixed_maneuver_ATT_trained_hybrid_prediction_outputs.csv,0.121493026614189,V9_prediction,0.03878799999999999,-0.0006679147481919029
23.500596,baseline_05_mixed_maneuver,Pitch,bias,0.038788,1,0.1238885223865509,0.1626765223865509,0.1251842081546784,0.0374923142318724,0.0374923142318724,0.009697,1,10.0,0.0371455325459242,1,1,1,W10_N3_mean1.25x,10,3,1.25,1909,Pitch_hybrid_prediction,/home/tchowdh4/sensor_recovery_project/logs/extracted_csv/baseline_05_mixed_maneuver_ATT.csv,/home/tchowdh4/sensor_recovery_project/prediction_results_v9_trained_hybrid/baseline_05_mixed_maneuver_ATT_trained_hybrid_prediction_outputs.csv,0.1251842081546784,V9_prediction,0.03878799999999999,0.001295685768127497
23.600556,baseline_05_mixed_maneuver,Pitch,bias,0.038788,1,0.1207583099603653,0.1595463099603652,0.118410650640726,0.0411356593196392,0.0411356593196392,0.009697,1,10.0,0.0369345572491288,1,1,1,W10_N3_mean1.25x,10,3,1.25,1909,Pitch_hybrid_prediction,/home/tchowdh4/sensor_recovery_project/logs/extracted_csv/baseline_05_mixed_maneuver_ATT.csv,/home/tchowdh4/sensor_recovery_project/prediction_results_v9_trained_hybrid/baseline_05_mixed_maneuver_ATT_trained_hybrid_prediction_outputs.csv,0.118410650640726,V9_prediction,0.038787999999999906,-0.002347659319639289
23.700516,baseline_05_mixed_maneuver,Pitch,bias,0.038788,1,0.118339292705059,0.1571272927050589,0.1165250297635792,0.0406022629414797,0.0406022629414797,0.009697,1,10.0,0.0370027177681327,1,1,1,W10_N3_mean1.25x,10,3,1.25,1909,Pitch_hybrid_prediction,/home/tchowdh4/sensor_recovery_project/logs/extracted_csv/baseline_05_mixed_maneuver_ATT.csv,/home/tchowdh4/sensor_recovery_project/prediction_results_v9_trained_hybrid/baseline_05_mixed_maneuver_ATT_trained_hybrid_prediction_outputs.csv,0.1165250297635792,V9_prediction,0.038787999999999906,-0.001814262941479794
23.800476,baseline_05_mixed_maneuver,Pitch,bias,0.038788,1,0.1213961094617843,0.1601841094617843,0.1236887220293282,0.0364953874324561,0.0364953874324561,0.009697,1,10.0,0.0368957959761023,1,1,1,W10_N3_mean1.25x,10,3,1.25,1909,Pitch_hybrid_prediction,/home/tchowdh4/sensor_recovery_project/logs/extracted_csv/baseline_05_mixed_maneuver_ATT.csv,/home/tchowdh4/sensor_recovery_project/prediction_results_v9_trained_hybrid/baseline_05_mixed_maneuver_ATT_trained_hybrid_prediction_outputs.csv,0.1236887220293282,V9_prediction,0.038788,0.0022926125675439
23.900436,baseline_05_mixed_maneuver,Pitch,bias,0.038788,1,0.1192723289132118,0.1580603289132118,0.1176794935017824,0.0403808354114294,0.0403808354114294,0.009697,1,10.0,0.0373260094498396,1,1,1,W10_N3_mean1.25x,10,3,1.25,1909,Pitch_hybrid_prediction,/home/tchowdh4/sensor_recovery_project/logs/extracted_csv/baseline_05_mixed_maneuver_ATT.csv,/home/tchowdh4/sensor_recovery_project/prediction_results_v9_trained_hybrid/baseline_05_mixed_maneuver_ATT_trained_hybrid_prediction_outputs.csv,0.1176794935017824,V9_prediction,0.03878800000000002,-0.0015928354114293913
24.000396,baseline_05_mixed_maneuver,Pitch,bias,0.038788,1,0.1185799986124038,0.1573679986124038,0.1180607508867978,0.039307247725606,0.039307247725606,0.009697,1,10.0,0.0379072307323217,1,1,1,W10_N3_mean1.25x,10,3,1.25,1909,Pitch_hybrid_prediction,/home/tchowdh4/sensor_recovery_project/logs/extracted_csv/baseline_05_mixed_maneuver_ATT.csv,/home/tchowdh4/sensor_recovery_project/prediction_results_v9_trained_hybrid/baseline_05_mixed_maneuver_ATT_trained_hybrid_prediction_outputs.csv,0.1180607508867978,V9_prediction,0.038788,-0.0005192477256060063
24.100356,baseline_05_mixed_maneuver,Pitch,bias,0.038788,1,0.116645909845829,0.155433909845829,0.1151953432708978,0.0402385665749312,0.0402385665749312,0.009697,1,10.0,0.0386140196298361,1,1,1,W10_N3_mean1.25x,10,3,1.25,1909,Pitch_hybrid_prediction,/home/tchowdh4/sensor_recovery_project/logs/extracted_csv/baseline_05_mixed_maneuver_ATT.csv,/home/tchowdh4/sensor_recovery_project/prediction_results_v9_trained_hybrid/baseline_05_mixed_maneuver_ATT_trained_hybrid_prediction_outputs.csv,0.1151953432708978,V9_prediction,0.038788,-0.0014505665749312002
24.200316,baseline_05_mixed_maneuver,Pitch,bias,0.038788,1,0.1117192804813385,0.1505072804813385,0.1080243084579706,0.0424829720233678,0.0424829720233678,0.009697,1,10.0,0.0392411413316727,1,1,1,W10_N3_mean1.25x,10,3,1.25,1909,Pitch_hybrid_prediction,/home/tchowdh4/sensor_recovery_project/logs/extracted_csv/baseline_05_mixed_maneuver_ATT.csv,/home/tchowdh4/sensor_recovery_project/prediction_results_v9_trained_hybrid/baseline_05_mixed_maneuver_ATT_trained_hybrid_prediction_outputs.csv,0.1080243084579706,V9_prediction,0.03878799999999999,-0.0036949720233678957
24.300276,baseline_05_mixed_maneuver,Pitch,bias,0.038788,1,0.1113519296050071,0.1501399296050071,0.1110764164477585,0.0390635131572486,0.0390635131572486,0.009697,1,10.0,0.0396654673566222,1,1,1,W10_N3_mean1.25x,10,3,1.25,1909,Pitch_hybrid_prediction,/home/tchowdh4/sensor_recovery_project/logs/extracted_csv/baseline_05_mixed_maneuver_ATT.csv,/home/tchowdh4/sensor_recovery_project/prediction_results_v9_trained_hybrid/baseline_05_mixed_maneuver_ATT_trained_hybrid_prediction_outputs.csv,0.1110764164477585,V9_prediction,0.038788,-0.00027551315724860803
24.400236,baseline_05_mixed_maneuver,Pitch,bias,0.038788,1,0.1085651740431785,0.1473531740431785,0.106475107371807,0.0408780666713714,0.0408780666713714,0.009697,1,10.0,0.0398076825489402,1,1,1,W10_N3_mean1.25x,10,3,1.25,1909,Pitch_hybrid_prediction,/home/tchowdh4/sensor_recovery_project/logs/extracted_csv/baseline_05_mixed_maneuver_ATT.csv,/home/tchowdh4/sensor_recovery_project/prediction_results_v9_trained_hybrid/baseline_05_mixed_maneuver_ATT_trained_hybrid_prediction_outputs.csv,0.106475107371807,V9_prediction,0.03878799999999999,-0.0020900666713715016
24.500196,baseline_05_mixed_maneuver,Pitch,bias,0.038788,1,0.1096539944410324,0.1484419944410324,0.1104706097394228,0.0379713847016096,0.0379713847016096,0.009697,1,10.0,0.0398555895959139,1,1,1,W10_N3_mean1.25x,10,3,1.25,1909,Pitch_hybrid_prediction,/home/tchowdh4/sensor_recovery_project/logs/extracted_csv/baseline_05_mixed_maneuver_ATT.csv,/home/tchowdh4/sensor_recovery_project/prediction_results_v9_trained_hybrid/baseline_05_mixed_maneuver_ATT_trained_hybrid_prediction_outputs.csv,0.1104706097394228,V9_prediction,0.038788,0.0008166152983904024
24.600156,baseline_05_mixed_maneuver,Pitch,bias,0.038788,1,0.1116075664758682,0.1503955664758682,0.113072745501995,0.0373228209738732,0.0373228209738732,0.009697,1,10.0,0.0394743057613373,1,1,1,W10_N3_mean1.25x,10,3,1.25,1909,Pitch_hybrid_prediction,/home/tchowdh4/sensor_recovery_project/logs/extracted_csv/baseline_05_mixed_maneuver_ATT.csv,/home/tchowdh4/sensor_recovery_project/prediction_results_v9_trained_hybrid/baseline_05_mixed_maneuver_ATT_trained_hybrid_prediction_outputs.csv,0.113072745501995,V9_prediction,0.03878799999999999,0.001465179026126806
24.700116,baseline_05_mixed_maneuver,Pitch,bias,0.038788,1,0.109180063009262,0.147968063009262,0.1073594354093073,0.0406086275999547,0.0406086275999547,0.009697,1,10.0,0.0394749422271848,1,1,1,W10_N3_mean1.25x,10,3,1.25,1909,Pitch_hybrid_prediction,/home/tchowdh4/sensor_recovery_project/logs/extracted_csv/baseline_05_mixed_maneuver_ATT.csv,/home/tchowdh4/sensor_recovery_project/prediction_results_v9_trained_hybrid/baseline_05_mixed_maneuver_ATT_trained_hybrid_prediction_outputs.csv,0.1073594354093073,V9_prediction,0.03878799999999999,-0.0018206275999547022
24.800076,baseline_05_mixed_maneuver,Pitch,bias,0.038788,1,0.1077056899666786,0.1464936899666786,0.106599910184741,0.0398937797819376,0.0398937797819376,0.009697,1,10.0,0.0398147814621329,1,1,1,W10_N3_mean1.25x,10,3,1.25,1909,Pitch_hybrid_prediction,/home/tchowdh4/sensor_recovery_project/logs/extracted_csv/baseline_05_mixed_maneuver_ATT.csv,/home/tchowdh4/sensor_recovery_project/prediction_results_v9_trained_hybrid/baseline_05_mixed_maneuver_ATT_trained_hybrid_prediction_outputs.csv,0.106599910184741,V9_prediction,0.038788,-0.0011057797819375992
24.900036,baseline_05_mixed_maneuver,Pitch,bias,0.038788,1,0.1066842302680015,0.1454722302680015,0.1059181354939936,0.0395540947740078,0.0395540947740078,0.009697,1,10.0,0.0397321073983908,1,1,1,W10_N3_mean1.25x,10,3,1.25,1909,Pitch_hybrid_prediction,/home/tchowdh4/sensor_recovery_project/logs/extracted_csv/baseline_05_mixed_maneuver_ATT.csv,/home/tchowdh4/sensor_recovery_project/prediction_results_v9_trained_hybrid/baseline_05_mixed_maneuver_ATT_trained_hybrid_prediction_outputs.csv,0.1059181354939936,V9_prediction,0.03878799999999999,-0.0007660947740078944
24.999996,baseline_05_mixed_maneuver,Pitch,bias,0.038788,1,0.103372722864151,0.142160722864151,0.1008890923112631,0.0412716305528878,0.0412716305528878,0.009697,1,10.0,0.039928545681119,1,1,1,W10_N3_mean1.25x,10,3,1.25,1909,Pitch_hybrid_prediction,/home/tchowdh4/sensor_recovery_project/logs/extracted_csv/baseline_05_mixed_maneuver_ATT.csv,/home/tchowdh4/sensor_recovery_project/prediction_results_v9_trained_hybrid/baseline_05_mixed_maneuver_ATT_trained_hybrid_prediction_outputs.csv,0.1008890923112631,V9_prediction,0.03878799999999999,-0.0024836305528879027
25.099956,baseline_05_mixed_maneuver,Pitch,bias,0.038788,1,0.1043264120817184,0.1431144120817184,0.1050416789948939,0.0380727330868245,0.0380727330868245,0.009697,1,10.0,0.0397119623323083,1,1,1,W10_N3_mean1.25x,10,3,1.25,1909,Pitch_hybrid_prediction,/home/tchowdh4/sensor_recovery_project/logs/extracted_csv/baseline_05_mixed_maneuver_ATT.csv,/home/tchowdh4/sensor_recovery_project/prediction_results_v9_trained_hybrid/baseline_05_mixed_maneuver_ATT_trained_hybrid_prediction_outputs.csv,0.1050416789948939,V9_prediction,0.038788,0.0007152669131754996
25.199916,baseline_05_mixed_maneuver,Pitch,bias,0.038788,1,0.1044052764773368,0.1431932764773368,0.1044644247740506,0.0387288517032862,0.0387288517032862,0.009697,1,10.0,0.0393365503003001,1,1,1,W10_N3_mean1.25x,10,3,1.25,1909,Pitch_hybrid_prediction,/home/tchowdh4/sensor_recovery_project/logs/extracted_csv/baseline_05_mixed_maneuver_ATT.csv,/home/tchowdh4/sensor_recovery_project/prediction_results_v9_trained_hybrid/baseline_05_mixed_maneuver_ATT_trained_hybrid_prediction_outputs.csv,0.1044644247740506,V9_prediction,0.03878799999999999,5.9148296713801285e-05
25.299876,baseline_05_mixed_maneuver,Pitch,bias,0.038788,1,0.1074365228414535,0.1462245228414534,0.109709957614541,0.0365145652269124,0.0365145652269124,0.009697,1,10.0,0.0390816555072665,1,1,1,W10_N3_mean1.25x,10,3,1.25,1909,Pitch_hybrid_prediction,/home/tchowdh4/sensor_recovery_project/logs/extracted_csv/baseline_05_mixed_maneuver_ATT.csv,/home/tchowdh4/sensor_recovery_project/prediction_results_v9_trained_hybrid/baseline_05_mixed_maneuver_ATT_trained_hybrid_prediction_outputs.csv,0.109709957614541,V9_prediction,0.038787999999999906,0.0022734347730875015
25.399836,baseline_05_mixed_maneuver,Pitch,bias,0.038788,1,0.1080159097909927,0.1468039097909927,0.108450450003147,0.0383534597878457,0.0383534597878457,0.009697,1,10.0,0.0388291948189139,1,1,1,W10_N3_mean1.25x,10,3,1.25,1909,Pitch_hybrid_prediction,/home/tchowdh4/sensor_recovery_project/logs/extracted_csv/baseline_05_mixed_maneuver_ATT.csv,/home/tchowdh4/sensor_recovery_project/prediction_results_v9_trained_hybrid/baseline_05_mixed_maneuver_ATT_trained_hybrid_prediction_outputs.csv,0.108450450003147,V9_prediction,0.038788,0.00043454021215430516
25.499796,baseline_05_mixed_maneuver,Pitch,bias,0.038788,1,0.1078541651368141,0.1466421651368141,0.1077328566461801,0.038909308490634,0.038909308490634,0.009697,1,10.0,0.0389229871978164,1,1,1,W10_N3_mean1.25x,10,3,1.25,1909,Pitch_hybrid_prediction,/home/tchowdh4/sensor_recovery_project/logs/extracted_csv/baseline_05_mixed_maneuver_ATT.csv,/home/tchowdh4/sensor_recovery_project/prediction_results_v9_trained_hybrid/baseline_05_mixed_maneuver_ATT_trained_hybrid_prediction_outputs.csv,0.1077328566461801,V9_prediction,0.038788,-0.00012130849063400617
25.600589,baseline_05_mixed_maneuver,Pitch,bias,0.038788,1,0.1107879877090454,0.1495759877090454,0.1129883546382188,0.0365876330708266,0.0365876330708266,0.009697,1,10.0,0.0388494684075117,1,1,1,W10_N3_mean1.25x,10,3,1.25,1909,Pitch_hybrid_prediction,/home/tchowdh4/sensor_recovery_project/logs/extracted_csv/baseline_05_mixed_maneuver_ATT.csv,/home/tchowdh4/sensor_recovery_project/prediction_results_v9_trained_hybrid/baseline_05_mixed_maneuver_ATT_trained_hybrid_prediction_outputs.csv,0.1129883546382188,V9_prediction,0.038788,0.0022003669291734
25.700549,baseline_05_mixed_maneuver,Pitch,bias,0.038788,1,0.10825926810503,0.14704726810503,0.1063627284020184,0.0406845397030116,0.0406845397030116,0.009697,1,10.0,0.0388570596178174,1,1,1,W10_N3_mean1.25x,10,3,1.25,1909,Pitch_hybrid_prediction,/home/tchowdh4/sensor_recovery_project/logs/extracted_csv/baseline_05_mixed_maneuver_ATT.csv,/home/tchowdh4/sensor_recovery_project/prediction_results_v9_trained_hybrid/baseline_05_mixed_maneuver_ATT_trained_hybrid_prediction_outputs.csv,0.1063627284020184,V9_prediction,0.03878799999999999,-0.00189653970301161
25.800509,baseline_05_mixed_maneuver,Pitch,bias,0.038788,1,0.1059001237154007,0.1446881237154006,0.1041307654231787,0.0405573582922219,0.0405573582922219,0.009697,1,10.0,0.0389234174688458,1,1,1,W10_N3_mean1.25x,10,3,1.25,1909,Pitch_hybrid_prediction,/home/tchowdh4/sensor_recovery_project/logs/extracted_csv/baseline_05_mixed_maneuver_ATT.csv,/home/tchowdh4/sensor_recovery_project/prediction_results_v9_trained_hybrid/baseline_05_mixed_maneuver_ATT_trained_hybrid_prediction_outputs.csv,0.1041307654231787,V9_prediction,0.038787999999999906,-0.0017693582922219953
25.900469,baseline_05_mixed_maneuver,Pitch,bias,0.038788,1,0.1059831082820892,0.1447711082820892,0.1060453467071055,0.0387257615749837,0.0387257615749837,0.009697,1,10.0,0.0388405841489434,1,1,1,W10_N3_mean1.25x,10,3,1.25,1909,Pitch_hybrid_prediction,/home/tchowdh4/sensor_recovery_project/logs/extracted_csv/baseline_05_mixed_maneuver_ATT.csv,/home/tchowdh4/sensor_recovery_project/prediction_results_v9_trained_hybrid/baseline_05_mixed_maneuver_ATT_trained_hybrid_prediction_outputs.csv,0.1060453467071055,V9_prediction,0.03878799999999999,6.223842501629218e-05
26.000429,baseline_05_mixed_maneuver,Pitch,bias,0.038788,1,0.1030133515596389,0.1418013515596389,0.1007860340178011,0.0410153175418378,0.0410153175418378,0.009697,1,10.0,0.0388149528478384,1,1,1,W10_N3_mean1.25x,10,3,1.25,1909,Pitch_hybrid_prediction,/home/tchowdh4/sensor_recovery_project/logs/extracted_csv/baseline_05_mixed_maneuver_ATT.csv,/home/tchowdh4/sensor_recovery_project/prediction_results_v9_trained_hybrid/baseline_05_mixed_maneuver_ATT_trained_hybrid_prediction_outputs.csv,0.1007860340178011,V9_prediction,0.03878800000000002,-0.0022273175418377894
26.100389,baseline_05_mixed_maneuver,Pitch,bias,0.038788,1,0.1046511083841323,0.1434391083841323,0.1058794260025023,0.03755968238163,0.03755968238163,0.009697,1,10.0,0.038763647777319,1,1,1,W10_N3_mean1.25x,10,3,1.25,1909,Pitch_hybrid_prediction,/home/tchowdh4/sensor_recovery_project/logs/extracted_csv/baseline_05_mixed_maneuver_ATT.csv,/home/tchowdh4/sensor_recovery_project/prediction_results_v9_trained_hybrid/baseline_05_mixed_maneuver_ATT_trained_hybrid_prediction_outputs.csv,0.1058794260025023,V9_prediction,0.03878799999999999,0.0012283176183700006
26.200349,baseline_05_mixed_maneuver,Pitch,bias,0.038788,1,0.1033716276288032,0.1421596276288032,0.1024120170623063,0.0397476105664968,0.0397476105664968,0.009697,1,10.0,0.03886552366364,1,1,1,W10_N3_mean1.25x,10,3,1.25,1909,Pitch_hybrid_prediction,/home/tchowdh4/sensor_recovery_project/logs/extracted_csv/baseline_05_mixed_maneuver_ATT.csv,/home/tchowdh4/sensor_recovery_project/prediction_results_v9_trained_hybrid/baseline_05_mixed_maneuver_ATT_trained_hybrid_prediction_outputs.csv,0.1024120170623063,V9_prediction,0.03878799999999999,-0.0009596105664969046
26.300309,baseline_05_mixed_maneuver,Pitch,bias,0.038788,1,0.1013400182127952,0.1401280182127952,0.0998163111507892,0.0403117070620059,0.0403117070620059,0.009697,1,10.0,0.0392452378471494,1,1,1,W10_N3_mean1.25x,10,3,1.25,1909,Pitch_hybrid_prediction,/home/tchowdh4/sensor_recovery_project/logs/extracted_csv/baseline_05_mixed_maneuver_ATT.csv,/home/tchowdh4/sensor_recovery_project/prediction_results_v9_trained_hybrid/baseline_05_mixed_maneuver_ATT_trained_hybrid_prediction_outputs.csv,0.0998163111507892,V9_prediction,0.03878799999999999,-0.0015237070620059967
26.400269,baseline_05_mixed_maneuver,Pitch,bias,0.038788,1,0.101837657392025,0.1406256573920249,0.1022108867764473,0.0384147706155776,0.0384147706155776,0.009697,1,10.0,0.0392513689299226,1,1,1,W10_N3_mean1.25x,10,3,1.25,1909,Pitch_hybrid_prediction,/home/tchowdh4/sensor_recovery_project/logs/extracted_csv/baseline_05_mixed_maneuver_ATT.csv,/home/tchowdh4/sensor_recovery_project/prediction_results_v9_trained_hybrid/baseline_05_mixed_maneuver_ATT_trained_hybrid_prediction_outputs.csv,0.1022108867764473,V9_prediction,0.038787999999999906,0.00037322938442230225
26.500229,baseline_05_mixed_maneuver,Pitch,bias,0.038788,1,0.0995999574661254,0.1383879574661254,0.0979216825217007,0.0404662749444247,0.0404662749444247,0.009697,1,10.0,0.0394070655753017,1,1,1,W10_N3_mean1.25x,10,3,1.25,1909,Pitch_hybrid_prediction,/home/tchowdh4/sensor_recovery_project/logs/extracted_csv/baseline_05_mixed_maneuver_ATT.csv,/home/tchowdh4/sensor_recovery_project/prediction_results_v9_trained_hybrid/baseline_05_mixed_maneuver_ATT_trained_hybrid_prediction_outputs.csv,0.0979216825217007,V9_prediction,0.03878799999999999,-0.0016782749444246986
26.600189,baseline_05_mixed_maneuver,Pitch,bias,0.038788,1,0.1005666926503181,0.1393546926503181,0.1012917440384626,0.0380629486118555,0.0380629486118555,0.009697,1,10.0,0.0395545971294045,1,1,1,W10_N3_mean1.25x,10,3,1.25,1909,Pitch_hybrid_prediction,/home/tchowdh4/sensor_recovery_project/logs/extracted_csv/baseline_05_mixed_maneuver_ATT.csv,/home/tchowdh4/sensor_recovery_project/prediction_results_v9_trained_hybrid/baseline_05_mixed_maneuver_ATT_trained_hybrid_prediction_outputs.csv,0.1012917440384626,V9_prediction,0.038788,0.0007250513881444931
26.700149,baseline_05_mixed_maneuver,Pitch,bias,0.038788,1,0.0998589247465133,0.1386469247465133,0.0993280988186597,0.0393188259278536,0.0393188259278536,0.009697,1,10.0,0.0394180257518888,1,1,1,W10_N3_mean1.25x,10,3,1.25,1909,Pitch_hybrid_prediction,/home/tchowdh4/sensor_recovery_project/logs/extracted_csv/baseline_05_mixed_maneuver_ATT.csv,/home/tchowdh4/sensor_recovery_project/prediction_results_v9_trained_hybrid/baseline_05_mixed_maneuver_ATT_trained_hybrid_prediction_outputs.csv,0.0993280988186597,V9_prediction,0.038788,-0.0005308259278535982
26.800109,baseline_05_mixed_maneuver,Pitch,bias,0.038788,1,0.1015545427799224,0.1403425427799224,0.1028262563049792,0.0375162864749432,0.0375162864749432,0.009697,1,10.0,0.0391139185701609,1,1,1,W10_N3_mean1.25x,10,3,1.25,1909,Pitch_hybrid_prediction,/home/tchowdh4/sensor_recovery_project/logs/extracted_csv/baseline_05_mixed_maneuver_ATT.csv,/home/tchowdh4/sensor_recovery_project/prediction_results_v9_trained_hybrid/baseline_05_mixed_maneuver_ATT_trained_hybrid_prediction_outputs.csv,0.1028262563049792,V9_prediction,0.03878799999999999,0.0012717135250567974
26.900069,baseline_05_mixed_maneuver,Pitch,bias,0.038788,1,0.1045326814055442,0.1433206814055442,0.1067662853747605,0.0365543960307837,0.0365543960307837,0.009697,1,10.0,0.0388967820157409,1,1,1,W10_N3_mean1.25x,10,3,1.25,1909,Pitch_hybrid_prediction,/home/tchowdh4/sensor_recovery_project/logs/extracted_csv/baseline_05_mixed_maneuver_ATT.csv,/home/tchowdh4/sensor_recovery_project/prediction_results_v9_trained_hybrid/baseline_05_mixed_maneuver_ATT_trained_hybrid_prediction_outputs.csv,0.1067662853747605,V9_prediction,0.03878799999999999,0.002233603969216305
27.000029,baseline_05_mixed_maneuver,Pitch,bias,0.038788,1,0.1030852571129798,0.1418732571129798,0.1019996888935565,0.0398735682194233,0.0398735682194233,0.009697,1,10.0,0.0387826070834994,1,1,1,W10_N3_mean1.25x,10,3,1.25,1909,Pitch_hybrid_prediction,/home/tchowdh4/sensor_recovery_project/logs/extracted_csv/baseline_05_mixed_maneuver_ATT.csv,/home/tchowdh4/sensor_recovery_project/prediction_results_v9_trained_hybrid/baseline_05_mixed_maneuver_ATT_trained_hybrid_prediction_outputs.csv,0.1019996888935565,V9_prediction,0.03878799999999999,-0.001085568219423308
27.099989,baseline_05_mixed_maneuver,Pitch,bias,0.038788,1,0.1060900911688804,0.1448780911688804,0.1083437167108058,0.0365343744580746,0.0365343744580746,0.009697,1,10.0,0.0386800762911439,1,1,1,W10_N3_mean1.25x,10,3,1.25,1909,Pitch_hybrid_prediction,/home/tchowdh4/sensor_recovery_project/logs/extracted_csv/baseline_05_mixed_maneuver_ATT.csv,/home/tchowdh4/sensor_recovery_project/prediction_results_v9_trained_hybrid/baseline_05_mixed_maneuver_ATT_trained_hybrid_prediction_outputs.csv,0.1083437167108058,V9_prediction,0.038788,0.0022536255419254025
27.199949,baseline_05_mixed_maneuver,Pitch,bias,0.038788,1,0.1048984453082084,0.1436864453082084,0.1040047109127044,0.039681734395504,0.039681734395504,0.009697,1,10.0,0.0386734886740446,1,1,1,W10_N3_mean1.25x,10,3,1.25,1909,Pitch_hybrid_prediction,/home/tchowdh4/sensor_recovery_project/logs/extracted_csv/baseline_05_mixed_maneuver_ATT.csv,/home/tchowdh4/sensor_recovery_project/prediction_results_v9_trained_hybrid/baseline_05_mixed_maneuver_ATT_trained_hybrid_prediction_outputs.csv,0.1040047109127044,V9_prediction,0.038788,-0.0008937343955039978
27.299909,baseline_05_mixed_maneuver,Pitch,bias,0.038788,1,0.1044237464666366,0.1432117464666366,0.1040677223354577,0.0391440241311788,0.0391440241311788,0.009697,1,10.0,0.0385567203809619,1,1,1,W10_N3_mean1.25x,10,3,1.25,1909,Pitch_hybrid_prediction,/home/tchowdh4/sensor_recovery_project/logs/extracted_csv/baseline_05_mixed_maneuver_ATT.csv,/home/tchowdh4/sensor_recovery_project/prediction_results_v9_trained_hybrid/baseline_05_mixed_maneuver_ATT_trained_hybrid_prediction_outputs.csv,0.1040677223354577,V9_prediction,0.03878799999999999,-0.00035602413117889753
27.399869,baseline_05_mixed_maneuver,Pitch,bias,0.038788,1,0.1050956919789314,0.1438836919789314,0.1055996511131525,0.0382840408657789,0.0382840408657789,0.009697,1,10.0,0.038543647405982,1,1,1,W10_N3_mean1.25x,10,3,1.25,1909,Pitch_hybrid_prediction,/home/tchowdh4/sensor_recovery_project/logs/extracted_csv/baseline_05_mixed_maneuver_ATT.csv,/home/tchowdh4/sensor_recovery_project/prediction_results_v9_trained_hybrid/baseline_05_mixed_maneuver_ATT_trained_hybrid_prediction_outputs.csv,0.1055996511131525,V9_prediction,0.03878799999999999,0.0005039591342211047
27.499829,baseline_05_mixed_maneuver,Pitch,bias,0.038788,1,0.102111779153347,0.140899779153347,0.0998738445341587,0.0410259346191883,0.0410259346191883,0.009697,1,10.0,0.0385996133734584,1,1,1,W10_N3_mean1.25x,10,3,1.25,1909,Pitch_hybrid_prediction,/home/tchowdh4/sensor_recovery_project/logs/extracted_csv/baseline_05_mixed_maneuver_ATT.csv,/home/tchowdh4/sensor_recovery_project/prediction_results_v9_trained_hybrid/baseline_05_mixed_maneuver_ATT_trained_hybrid_prediction_outputs.csv,0.0998738445341587,V9_prediction,0.038788,-0.002237934619188295
27.599789,baseline_05_mixed_maneuver,Pitch,bias,0.038788,1,0.1017144918441772,0.1405024918441772,0.1014165263622998,0.0390859654818774,0.0390859654818774,0.009697,1,10.0,0.0387019150604606,1,1,1,W10_N3_mean1.25x,10,3,1.25,1909,Pitch_hybrid_prediction,/home/tchowdh4/sensor_recovery_project/logs/extracted_csv/baseline_05_mixed_maneuver_ATT.csv,/home/tchowdh4/sensor_recovery_project/prediction_results_v9_trained_hybrid/baseline_05_mixed_maneuver_ATT_trained_hybrid_prediction_outputs.csv,0.1014165263622998,V9_prediction,0.038788,-0.00029796548187741023
27.700582,baseline_05_mixed_maneuver,Pitch,bias,0.038788,1,0.1031004190444946,0.1418884190444946,0.1041398644447326,0.037748554599762,0.037748554599762,0.009697,1,10.0,0.0385448879276514,1,1,1,W10_N3_mean1.25x,10,3,1.25,1909,Pitch_hybrid_prediction,/home/tchowdh4/sensor_recovery_project/logs/extracted_csv/baseline_05_mixed_maneuver_ATT.csv,/home/tchowdh4/sensor_recovery_project/prediction_results_v9_trained_hybrid/baseline_05_mixed_maneuver_ATT_trained_hybrid_prediction_outputs.csv,0.1041398644447326,V9_prediction,0.03878799999999999,0.0010394454002379955
27.800542,baseline_05_mixed_maneuver,Pitch,bias,0.038788,1,0.1016461253166198,0.1404341253166198,0.1005554050207137,0.0398787202959061,0.0398787202959061,0.009697,1,10.0,0.0387811313097477,1,1,1,W10_N3_mean1.25x,10,3,1.25,1909,Pitch_hybrid_prediction,/home/tchowdh4/sensor_recovery_project/logs/extracted_csv/baseline_05_mixed_maneuver_ATT.csv,/home/tchowdh4/sensor_recovery_project/prediction_results_v9_trained_hybrid/baseline_05_mixed_maneuver_ATT_trained_hybrid_prediction_outputs.csv,0.1005554050207137,V9_prediction,0.038788,-0.0010907202959061085
27.900502,baseline_05_mixed_maneuver,Pitch,bias,0.038788,1,0.1019990220665931,0.1407870220665931,0.102263694629073,0.0385233274375201,0.0385233274375201,0.009697,1,10.0,0.0389780244504213,1,1,1,W10_N3_mean1.25x,10,3,1.25,1909,Pitch_hybrid_prediction,/home/tchowdh4/sensor_recovery_project/logs/extracted_csv/baseline_05_mixed_maneuver_ATT.csv,/home/tchowdh4/sensor_recovery_project/prediction_results_v9_trained_hybrid/baseline_05_mixed_maneuver_ATT_trained_hybrid_prediction_outputs.csv,0.102263694629073,V9_prediction,0.038788,0.00026467256247990345
28.000462,baseline_05_mixed_maneuver,Pitch,bias,0.038788,1,0.1035587787628173,0.1423467787628173,0.1047285962849854,0.0376181824778319,0.0376181824778319,0.009697,1,10.0,0.0387524858762622,1,1,1,W10_N3_mean1.25x,10,3,1.25,1909,Pitch_hybrid_prediction,/home/tchowdh4/sensor_recovery_project/logs/extracted_csv/baseline_05_mixed_maneuver_ATT.csv,/home/tchowdh4/sensor_recovery_project/prediction_results_v9_trained_hybrid/baseline_05_mixed_maneuver_ATT_trained_hybrid_prediction_outputs.csv,0.1047285962849854,V9_prediction,0.03878799999999999,0.001169817522168104
28.100422,baseline_05_mixed_maneuver,Pitch,bias,0.038788,1,0.1010136529803276,0.1398016529803276,0.0991048086434603,0.0406968443368672,0.0406968443368672,0.009697,1,10.0,0.0391687328641414,1,1,1,W10_N3_mean1.25x,10,3,1.25,1909,Pitch_hybrid_prediction,/home/tchowdh4/sensor_recovery_project/logs/extracted_csv/baseline_05_mixed_maneuver_ATT.csv,/home/tchowdh4/sensor_recovery_project/prediction_results_v9_trained_hybrid/baseline_05_mixed_maneuver_ATT_trained_hybrid_prediction_outputs.csv,0.0991048086434603,V9_prediction,0.03878799999999999,-0.0019088443368673047
28.200382,baseline_05_mixed_maneuver,Pitch,bias,0.038788,1,0.100086472928524,0.138874472928524,0.0993910878896713,0.0394833850388527,0.0394833850388527,0.009697,1,10.0,0.0391488979284763,1,1,1,W10_N3_mean1.25x,10,3,1.25,1909,Pitch_hybrid_prediction,/home/tchowdh4/sensor_recovery_project/logs/extracted_csv/baseline_05_mixed_maneuver_ATT.csv,/home/tchowdh4/sensor_recovery_project/prediction_results_v9_trained_hybrid/baseline_05_mixed_maneuver_ATT_trained_hybrid_prediction_outputs.csv,0.0993910878896713,V9_prediction,0.038788,-0.0006953850388527055
28.300342,baseline_05_mixed_maneuver,Pitch,bias,0.038788,1,0.1012985482811927,0.1400865482811927,0.1022076047956942,0.0378789434854985,0.0378789434854985,0.009697,1,10.0,0.0390223898639083,1,1,1,W10_N3_mean1.25x,10,3,1.25,1909,Pitch_hybrid_prediction,/home/tchowdh4/sensor_recovery_project/logs/extracted_csv/baseline_05_mixed_maneuver_ATT.csv,/home/tchowdh4/sensor_recovery_project/prediction_results_v9_trained_hybrid/baseline_05_mixed_maneuver_ATT_trained_hybrid_prediction_outputs.csv,0.1022076047956942,V9_prediction,0.03878800000000002,0.0009090565145015023
28.400302,baseline_05_mixed_maneuver,Pitch,bias,0.038788,1,0.1015822142362594,0.1403702142362594,0.1017949637025594,0.0385752505336999,0.0385752505336999,0.009697,1,10.0,0.0390515108307004,1,1,1,W10_N3_mean1.25x,10,3,1.25,1909,Pitch_hybrid_prediction,/home/tchowdh4/sensor_recovery_project/logs/extracted_csv/baseline_05_mixed_maneuver_ATT.csv,/home/tchowdh4/sensor_recovery_project/prediction_results_v9_trained_hybrid/baseline_05_mixed_maneuver_ATT_trained_hybrid_prediction_outputs.csv,0.1017949637025594,V9_prediction,0.03878799999999999,0.0002127494662999968
28.500262,baseline_05_mixed_maneuver,Pitch,bias,0.038788,1,0.1076942086219787,0.1464822086219787,0.1122782044112681,0.0342040042107106,0.0342040042107106,0.009697,1,10.0,0.0383693177898526,1,1,1,W10_N3_mean1.25x,10,3,1.25,1909,Pitch_hybrid_prediction,/home/tchowdh4/sensor_recovery_project/logs/extracted_csv/baseline_05_mixed_maneuver_ATT.csv,/home/tchowdh4/sensor_recovery_project/prediction_results_v9_trained_hybrid/baseline_05_mixed_maneuver_ATT_trained_hybrid_prediction_outputs.csv,0.1122782044112681,V9_prediction,0.03878799999999999,0.004583995789289391
28.600222,baseline_05_mixed_maneuver,Pitch,bias,0.038788,0,0.1133906468749046,0.1133906468749046,0.117662975564599,-0.0042723286896943,0.0042723286896943,0.009697,0,9.0,0.0348879541106343,1,1,1,W10_N3_mean1.25x,10,3,1.25,1909,Pitch_hybrid_prediction,/home/tchowdh4/sensor_recovery_project/logs/extracted_csv/baseline_05_mixed_maneuver_ATT.csv,/home/tchowdh4/sensor_recovery_project/prediction_results_v9_trained_hybrid/baseline_05_mixed_maneuver_ATT_trained_hybrid_prediction_outputs.csv,0.1133906468749046,attacked_measurement,0.0,0.0
28.700182,baseline_05_mixed_maneuver,Pitch,bias,0.038788,0,0.1113494038581848,0.1113494038581848,0.1098184715956449,0.0015309322625399,0.0015309322625399,0.009697,0,8.0,0.0312661918769121,1,1,1,W10_N3_mean1.25x,10,3,1.25,1909,Pitch_hybrid_prediction,/home/tchowdh4/sensor_recovery_project/logs/extracted_csv/baseline_05_mixed_maneuver_ATT.csv,/home/tchowdh4/sensor_recovery_project/prediction_results_v9_trained_hybrid/baseline_05_mixed_maneuver_ATT_trained_hybrid_prediction_outputs.csv,0.1113494038581848,attacked_measurement,0.0,0.0
28.800142,baseline_05_mixed_maneuver,Pitch,bias,0.038788,0,0.1139989867806434,0.1139989867806434,0.1159861739724873,-0.0019871871918439,0.0019871871918439,0.009697,0,7.0,0.0274770385665059,1,1,1,W10_N3_mean1.25x,10,3,1.25,1909,Pitch_hybrid_prediction,/home/tchowdh4/sensor_recovery_project/logs/extracted_csv/baseline_05_mixed_maneuver_ATT.csv,/home/tchowdh4/sensor_recovery_project/prediction_results_v9_trained_hybrid/baseline_05_mixed_maneuver_ATT_trained_hybrid_prediction_outputs.csv,0.1139989867806434,attacked_measurement,0.0,0.0
28.900102,baseline_05_mixed_maneuver,Pitch,bias,0.038788,0,0.1116076856851577,0.1116076856851577,0.1098142098635434,0.0017934758216143,0.0017934758216143,0.009697,0,6.0,0.0238040534049153,1,1,1,W10_N3_mean1.25x,10,3,1.25,1909,Pitch_hybrid_prediction,/home/tchowdh4/sensor_recovery_project/logs/extracted_csv/baseline_05_mixed_maneuver_ATT.csv,/home/tchowdh4/sensor_recovery_project/prediction_results_v9_trained_hybrid/baseline_05_mixed_maneuver_ATT_trained_hybrid_prediction_outputs.csv,0.1116076856851577,attacked_measurement,0.0,0.0
29.000062,baseline_05_mixed_maneuver,Pitch,bias,0.038788,0,0.1086840406060218,0.1086840406060218,0.1064913067966698,0.002192733809352,0.002192733809352,0.009697,0,5.0,0.0202615085380673,1,1,1,W10_N3_mean1.25x,10,3,1.25,1909,Pitch_hybrid_prediction,/home/tchowdh4/sensor_recovery_project/logs/extracted_csv/baseline_05_mixed_maneuver_ATT.csv,/home/tchowdh4/sensor_recovery_project/prediction_results_v9_trained_hybrid/baseline_05_mixed_maneuver_ATT_trained_hybrid_prediction_outputs.csv,0.1086840406060218,attacked_measurement,0.0,0.0
29.100022,baseline_05_mixed_maneuver,Pitch,bias,0.038788,0,0.1104039996862411,0.1104039996862411,0.1116939689964055,-0.0012899693101644,0.0012899693101644,0.009697,0,4.0,0.016320821035397,1,1,1,W10_N3_mean1.25x,10,3,1.25,1909,Pitch_hybrid_prediction,/home/tchowdh4/sensor_recovery_project/logs/extracted_csv/baseline_05_mixed_maneuver_ATT.csv,/home/tchowdh4/sensor_recovery_project/prediction_results_v9_trained_hybrid/baseline_05_mixed_maneuver_ATT_trained_hybrid_prediction_outputs.csv,0.1104039996862411,attacked_measurement,0.0,0.0
29.199982,baseline_05_mixed_maneuver,Pitch,bias,0.038788,0,0.1077383011579513,0.1077383011579513,0.1057390272617339,0.0019992738962174,0.0019992738962174,0.009697,0,3.0,0.0125724099211335,1,1,1,W10_N3_mean1.25x,10,3,1.25,1909,Pitch_hybrid_prediction,/home/tchowdh4/sensor_recovery_project/logs/extracted_csv/baseline_05_mixed_maneuver_ATT.csv,/home/tchowdh4/sensor_recovery_project/prediction_results_v9_trained_hybrid/baseline_05_mixed_maneuver_ATT_trained_hybrid_prediction_outputs.csv,0.1077383011579513,attacked_measurement,0.0,0.0
29.299942,baseline_05_mixed_maneuver,Pitch,bias,0.038788,0,0.1048104912042617,0.1048104912042617,0.1026146337389944,0.0021958574652672,0.0021958574652672,0.009697,0,2.0,0.0090041013191104,0,0,0,W10_N3_mean1.25x,10,3,1.25,1909,Pitch_hybrid_prediction,/home/tchowdh4/sensor_recovery_project/logs/extracted_csv/baseline_05_mixed_maneuver_ATT.csv,/home/tchowdh4/sensor_recovery_project/prediction_results_v9_trained_hybrid/baseline_05_mixed_maneuver_ATT_trained_hybrid_prediction_outputs.csv,0.1048104912042617,attacked_measurement,0.0,0.0
29.399902,baseline_05_mixed_maneuver,Pitch,bias,0.038788,0,0.1031441539525985,0.1031441539525985,0.1018944010138511,0.0012497529387474,0.0012497529387474,0.009697,0,1.0,0.0052715515596151,0,0,0,W10_N3_mean1.25x,10,3,1.25,1909,Pitch_hybrid_prediction,/home/tchowdh4/sensor_recovery_project/logs/extracted_csv/baseline_05_mixed_maneuver_ATT.csv,/home/tchowdh4/sensor_recovery_project/prediction_results_v9_trained_hybrid/baseline_05_mixed_maneuver_ATT_trained_hybrid_prediction_outputs.csv,0.1031441539525985,attacked_measurement,0.0,0.0
29.499862,baseline_05_mixed_maneuver,Pitch,bias,0.038788,0,0.1044650897383689,0.1044650897383689,0.1054557915776967,-0.0009907018393277,0.0009907018393277,0.009697,0,0.0,0.0019502213224768,0,0,0,W10_N3_mean1.25x,10,3,1.25,1909,Pitch_hybrid_prediction,/home/tchowdh4/sensor_recovery_project/logs/extracted_csv/baseline_05_mixed_maneuver_ATT.csv,/home/tchowdh4/sensor_recovery_project/prediction_results_v9_trained_hybrid/baseline_05_mixed_maneuver_ATT_trained_hybrid_prediction_outputs.csv,0.1044650897383689,attacked_measurement,0.0,0.0
29.599822,baseline_05_mixed_maneuver,Pitch,bias,0.038788,0,0.1008962392807006,0.1008962392807006,0.0982196014374493,0.0026766378432512,0.0026766378432512,0.009697,0,0.0,0.0017906522378325,0,0,0,W10_N3_mean1.25x,10,3,1.25,1909,Pitch_hybrid_prediction,/home/tchowdh4/sensor_recovery_project/logs/extracted_csv/baseline_05_mixed_maneuver_ATT.csv,/home/tchowdh4/sensor_recovery_project/prediction_results_v9_trained_hybrid/baseline_05_mixed_maneuver_ATT_trained_hybrid_prediction_outputs.csv,0.1008962392807006,attacked_measurement,0.0,0.0
29.700615,baseline_05_mixed_maneuver,Pitch,bias,0.038788,0,0.0964136347174644,0.0964136347174644,0.0930516812950372,0.0033619534224272,0.0033619534224272,0.009697,0,0.0,0.0019737543538213,0,0,0,W10_N3_mean1.25x,10,3,1.25,1909,Pitch_hybrid_prediction,/home/tchowdh4/sensor_recovery_project/logs/extracted_csv/baseline_05_mixed_maneuver_ATT.csv,/home/tchowdh4/sensor_recovery_project/prediction_results_v9_trained_hybrid/baseline_05_mixed_maneuver_ATT_trained_hybrid_prediction_outputs.csv,0.0964136347174644,attacked_measurement,0.0,0.0
29.800575,baseline_05_mixed_maneuver,Pitch,bias,0.038788,0,0.0951883569359779,0.0951883569359779,0.094269398599863,0.0009189583361148,0.0009189583361148,0.009697,0,0.0,0.0018669314682484,0,0,0,W10_N3_mean1.25x,10,3,1.25,1909,Pitch_hybrid_prediction,/home/tchowdh4/sensor_recovery_project/logs/extracted_csv/baseline_05_mixed_maneuver_ATT.csv,/home/tchowdh4/sensor_recovery_project/prediction_results_v9_trained_hybrid/baseline_05_mixed_maneuver_ATT_trained_hybrid_prediction_outputs.csv,0.0951883569359779,attacked_measurement,0.0,0.0
29.900535,baseline_05_mixed_maneuver,Pitch,bias,0.038788,0,0.0919062122702598,0.0919062122702598,0.0894446037709712,0.0024616084992886,0.0024616084992886,0.009697,0,0.0,0.0019337447360158,0,0,0,W10_N3_mean1.25x,10,3,1.25,1909,Pitch_hybrid_prediction,/home/tchowdh4/sensor_recovery_project/logs/extracted_csv/baseline_05_mixed_maneuver_ATT.csv,/home/tchowdh4/sensor_recovery_project/prediction_results_v9_trained_hybrid/baseline_05_mixed_maneuver_ATT_trained_hybrid_prediction_outputs.csv,0.0919062122702598,attacked_measurement,0.0,0.0
30.000495,baseline_05_mixed_maneuver,Pitch,bias,0.038788,0,0.0905683189630508,0.0905683189630508,0.089564898982644,0.0010034199804068,0.0010034199804068,0.009697,0,0.0,0.0018148133531213,0,0,0,W10_N3_mean1.25x,10,3,1.25,1909,Pitch_hybrid_prediction,/home/tchowdh4/sensor_recovery_project/logs/extracted_csv/baseline_05_mixed_maneuver_ATT.csv,/home/tchowdh4/sensor_recovery_project/prediction_results_v9_trained_hybrid/baseline_05_mixed_maneuver_ATT_trained_hybrid_prediction_outputs.csv,0.0905683189630508,attacked_measurement,0.0,0.0
30.100455,baseline_05_mixed_maneuver,Pitch,bias,0.038788,0,0.089786060154438,0.089786060154438,0.0891993660479784,0.0005866941064596,0.0005866941064596,0.009697,0,0.0,0.0017444858327508,0,0,0,W10_N3_mean1.25x,10,3,1.25,1909,Pitch_hybrid_prediction,/home/tchowdh4/sensor_recovery_project/logs/extracted_csv/baseline_05_mixed_maneuver_ATT.csv,/home/tchowdh4/sensor_recovery_project/prediction_results_v9_trained_hybrid/baseline_05_mixed_maneuver_ATT_trained_hybrid_prediction_outputs.csv,0.089786060154438,attacked_measurement,0.0,0.0
30.200415,baseline_05_mixed_maneuver,Pitch,bias,0.038788,0,0.0908195748925209,0.0908195748925209,0.091594710946083,-0.000775136053562,0.000775136053562,0.009697,0,0.0,0.0016220720484853,0,0,0,W10_N3_mean1.25x,10,3,1.25,1909,Pitch_hybrid_prediction,/home/tchowdh4/sensor_recovery_project/logs/extracted_csv/baseline_05_mixed_maneuver_ATT.csv,/home/tchowdh4/sensor_recovery_project/prediction_results_v9_trained_hybrid/baseline_05_mixed_maneuver_ATT_trained_hybrid_prediction_outputs.csv,0.0908195748925209,attacked_measurement,0.0,0.0
30.300375,baseline_05_mixed_maneuver,Pitch,bias,0.038788,0,0.0898944661021232,0.0898944661021232,0.0892006345093249,0.0006938315927983,0.0006938315927983,0.009697,0,0.0,0.0014718694612384,0,0,0,W10_N3_mean1.25x,10,3,1.25,1909,Pitch_hybrid_prediction,/home/tchowdh4/sensor_recovery_project/logs/extracted_csv/baseline_05_mixed_maneuver_ATT.csv,/home/tchowdh4/sensor_recovery_project/prediction_results_v9_trained_hybrid/baseline_05_mixed_maneuver_ATT_trained_hybrid_prediction_outputs.csv,0.0898944661021232,attacked_measurement,0.0,0.0
30.400335,baseline_05_mixed_maneuver,Pitch,bias,0.038788,0,0.0941469445824623,0.0941469445824623,0.0973363034427166,-0.0031893588602543,0.0031893588602543,0.009697,0,0.0,0.001665830053389,0,0,0,W10_N3_mean1.25x,10,3,1.25,1909,Pitch_hybrid_prediction,/home/tchowdh4/sensor_recovery_project/logs/extracted_csv/baseline_05_mixed_maneuver_ATT.csv,/home/tchowdh4/sensor_recovery_project/prediction_results_v9_trained_hybrid/baseline_05_mixed_maneuver_ATT_trained_hybrid_prediction_outputs.csv,0.0941469445824623,attacked_measurement,0.0,0.0
30.500295,baseline_05_mixed_maneuver,Pitch,bias,0.038788,0,0.0943400636315345,0.0943400636315345,0.0944849029183386,-0.0001448392868041,0.0001448392868041,0.009697,0,0.0,0.0015812437981367,0,0,0,W10_N3_mean1.25x,10,3,1.25,1909,Pitch_hybrid_prediction,/home/tchowdh4/sensor_recovery_project/logs/extracted_csv/baseline_05_mixed_maneuver_ATT.csv,/home/tchowdh4/sensor_recovery_project/prediction_results_v9_trained_hybrid/baseline_05_mixed_maneuver_ATT_trained_hybrid_prediction_outputs.csv,0.0943400636315345,attacked_measurement,0.0,0.0
30.600255,baseline_05_mixed_maneuver,Pitch,bias,0.038788,0,0.093141034245491,0.093141034245491,0.0922417622059584,0.0008992720395326,0.0008992720395326,0.009697,0,0.0,0.0014035072177648,0,0,0,W10_N3_mean1.25x,10,3,1.25,1909,Pitch_hybrid_prediction,/home/tchowdh4/sensor_recovery_project/logs/extracted_csv/baseline_05_mixed_maneuver_ATT.csv,/home/tchowdh4/sensor_recovery_project/prediction_results_v9_trained_hybrid/baseline_05_mixed_maneuver_ATT_trained_hybrid_prediction_outputs.csv,0.093141034245491,attacked_measurement,0.0,0.0
30.700215,baseline_05_mixed_maneuver,Pitch,bias,0.038788,0,0.0966400504112243,0.0966400504112243,0.0992643125355242,-0.0026242621242999,0.0026242621242999,0.009697,0,0.0,0.0013297380879521,0,0,0,W10_N3_mean1.25x,10,3,1.25,1909,Pitch_hybrid_prediction,/home/tchowdh4/sensor_recovery_project/logs/extracted_csv/baseline_05_mixed_maneuver_ATT.csv,/home/tchowdh4/sensor_recovery_project/prediction_results_v9_trained_hybrid/baseline_05_mixed_maneuver_ATT_trained_hybrid_prediction_outputs.csv,0.0966400504112243,attacked_measurement,0.0,0.0
30.800175,baseline_05_mixed_maneuver,Pitch,bias,0.038788,0,0.0978864282369613,0.0978864282369613,0.098821211606264,-0.0009347833693027,0.0009347833693027,0.009697,0,0.0,0.0013313205912709,0,0,0,W10_N3_mean1.25x,10,3,1.25,1909,Pitch_hybrid_prediction,/home/tchowdh4/sensor_recovery_project/logs/extracted_csv/baseline_05_mixed_maneuver_ATT.csv,/home/tchowdh4/sensor_recovery_project/prediction_results_v9_trained_hybrid/baseline_05_mixed_maneuver_ATT_trained_hybrid_prediction_outputs.csv,0.0978864282369613,attacked_measurement,0.0,0.0
30.900135,baseline_05_mixed_maneuver,Pitch,bias,0.038788,0,0.0985581204295158,0.0985581204295158,0.0990618895739316,-0.0005037691444157,0.0005037691444157,0.009697,0,0.0,0.0011355366557836,0,0,0,W10_N3_mean1.25x,10,3,1.25,1909,Pitch_hybrid_prediction,/home/tchowdh4/sensor_recovery_project/logs/extracted_csv/baseline_05_mixed_maneuver_ATT.csv,/home/tchowdh4/sensor_recovery_project/prediction_results_v9_trained_hybrid/baseline_05_mixed_maneuver_ATT_trained_hybrid_prediction_outputs.csv,0.0985581204295158,attacked_measurement,0.0,0.0
31.000095,baseline_05_mixed_maneuver,Pitch,bias,0.038788,0,0.0985459312796592,0.0985459312796592,0.0985367894172667,9.141862392494926e-06,9.141862392494926e-06,0.009697,0,0.0,0.0010361088439821,0,0,0,W10_N3_mean1.25x,10,3,1.25,1909,Pitch_hybrid_prediction,/home/tchowdh4/sensor_recovery_project/logs/extracted_csv/baseline_05_mixed_maneuver_ATT.csv,/home/tchowdh4/sensor_recovery_project/prediction_results_v9_trained_hybrid/baseline_05_mixed_maneuver_ATT_trained_hybrid_prediction_outputs.csv,0.0985459312796592,attacked_measurement,0.0,0.0
31.100055,baseline_05_mixed_maneuver,Pitch,bias,0.038788,0,0.0987323299050331,0.0987323299050331,0.0988721288740635,-0.0001397989690304,0.0001397989690304,0.009697,0,0.0,0.0009914193302392,0,0,0,W10_N3_mean1.25x,10,3,1.25,1909,Pitch_hybrid_prediction,/home/tchowdh4/sensor_recovery_project/logs/extracted_csv/baseline_05_mixed_maneuver_ATT.csv,/home/tchowdh4/sensor_recovery_project/prediction_results_v9_trained_hybrid/baseline_05_mixed_maneuver_ATT_trained_hybrid_prediction_outputs.csv,0.0987323299050331,attacked_measurement,0.0,0.0
31.200015,baseline_05_mixed_maneuver,Pitch,bias,0.038788,0,0.0984025076031684,0.0984025076031684,0.0981551408767698,0.0002473667263986,0.0002473667263986,0.009697,0,0.0,0.0009386423975229,0,0,0,W10_N3_mean1.25x,10,3,1.25,1909,Pitch_hybrid_prediction,/home/tchowdh4/sensor_recovery_project/logs/extracted_csv/baseline_05_mixed_maneuver_ATT.csv,/home/tchowdh4/sensor_recovery_project/prediction_results_v9_trained_hybrid/baseline_05_mixed_maneuver_ATT_trained_hybrid_prediction_outputs.csv,0.0984025076031684,attacked_measurement,0.0,0.0
31.299975,baseline_05_mixed_maneuver,Pitch,bias,0.038788,0,0.0986485481262207,0.0986485481262207,0.0988330785185099,-0.0001845303922892,0.0001845303922892,0.009697,0,0.0,0.000887712277472,0,0,0,W10_N3_mean1.25x,10,3,1.25,1909,Pitch_hybrid_prediction,/home/tchowdh4/sensor_recovery_project/logs/extracted_csv/baseline_05_mixed_maneuver_ATT.csv,/home/tchowdh4/sensor_recovery_project/prediction_results_v9_trained_hybrid/baseline_05_mixed_maneuver_ATT_trained_hybrid_prediction_outputs.csv,0.0986485481262207,attacked_measurement,0.0,0.0
31.399935,baseline_05_mixed_maneuver,Pitch,bias,0.038788,0,0.098446100950241,0.098446100950241,0.0982942655682562,0.0001518353819848,0.0001518353819848,0.009697,0,0.0,0.000583959929645,0,0,0,W10_N3_mean1.25x,10,3,1.25,1909,Pitch_hybrid_prediction,/home/tchowdh4/sensor_recovery_project/logs/extracted_csv/baseline_05_mixed_maneuver_ATT.csv,/home/tchowdh4/sensor_recovery_project/prediction_results_v9_trained_hybrid/baseline_05_mixed_maneuver_ATT_trained_hybrid_prediction_outputs.csv,0.098446100950241,attacked_measurement,0.0,0.0
31.499895,baseline_05_mixed_maneuver,Pitch,bias,0.038788,0,0.0986630022525787,0.0986630022525787,0.0988256782293319,-0.0001626759767532,0.0001626759767532,0.009697,0,0.0,0.0005857435986399,0,0,0,W10_N3_mean1.25x,10,3,1.25,1909,Pitch_hybrid_prediction,/home/tchowdh4/sensor_recovery_project/logs/extracted_csv/baseline_05_mixed_maneuver_ATT.csv,/home/tchowdh4/sensor_recovery_project/prediction_results_v9_trained_hybrid/baseline_05_mixed_maneuver_ATT_trained_hybrid_prediction_outputs.csv,0.0986630022525787,attacked_measurement,0.0,0.0
31.599855,baseline_05_mixed_maneuver,Pitch,bias,0.038788,0,0.0985543131828308,0.0985543131828308,0.0984727963805198,8.151680231099911e-05,8.151680231099911e-05,0.009697,0,0.0,0.0005039680749178,0,0,0,W10_N3_mean1.25x,10,3,1.25,1909,Pitch_hybrid_prediction,/home/tchowdh4/sensor_recovery_project/logs/extracted_csv/baseline_05_mixed_maneuver_ATT.csv,/home/tchowdh4/sensor_recovery_project/prediction_results_v9_trained_hybrid/baseline_05_mixed_maneuver_ATT_trained_hybrid_prediction_outputs.csv,0.0985543131828308,attacked_measurement,0.0,0.0
31.699815,baseline_05_mixed_maneuver,Pitch,bias,0.038788,0,0.0987537950277328,0.0987537950277328,0.0989034064114093,-0.0001496113836765,0.0001496113836765,0.009697,0,0.0,0.0002565030008554,0,0,0,W10_N3_mean1.25x,10,3,1.25,1909,Pitch_hybrid_prediction,/home/tchowdh4/sensor_recovery_project/logs/extracted_csv/baseline_05_mixed_maneuver_ATT.csv,/home/tchowdh4/sensor_recovery_project/prediction_results_v9_trained_hybrid/baseline_05_mixed_maneuver_ATT_trained_hybrid_prediction_outputs.csv,0.0987537950277328,attacked_measurement,0.0,0.0
31.800608,baseline_05_mixed_maneuver,Pitch,bias,0.038788,0,0.0986397787928581,0.0986397787928581,0.098554266616702,8.551217615609952e-05,8.551217615609952e-05,0.009697,0,0.0,0.0001715758815408,0,0,0,W10_N3_mean1.25x,10,3,1.25,1909,Pitch_hybrid_prediction,/home/tchowdh4/sensor_recovery_project/logs/extracted_csv/baseline_05_mixed_maneuver_ATT.csv,/home/tchowdh4/sensor_recovery_project/prediction_results_v9_trained_hybrid/baseline_05_mixed_maneuver_ATT_trained_hybrid_prediction_outputs.csv,0.0986397787928581,attacked_measurement,0.0,0.0
31.900568,baseline_05_mixed_maneuver,Pitch,bias,0.038788,0,0.0987761616706848,0.0987761616706848,0.0988784488290548,-0.00010228715837,0.00010228715837,0.009697,0,0.0,0.0001314276829362,0,0,0,W10_N3_mean1.25x,10,3,1.25,1909,Pitch_hybrid_prediction,/home/tchowdh4/sensor_recovery_project/logs/extracted_csv/baseline_05_mixed_maneuver_ATT.csv,/home/tchowdh4/sensor_recovery_project/prediction_results_v9_trained_hybrid/baseline_05_mixed_maneuver_ATT_trained_hybrid_prediction_outputs.csv,0.0987761616706848,attacked_measurement,0.0,0.0
32.000528,baseline_05_mixed_maneuver,Pitch,bias,0.038788,0,0.0985554829239845,0.0985554829239845,0.0983899738639592,0.0001655090600252,0.0001655090600252,0.009697,0,0.0,0.0001470644026995,0,0,0,W10_N3_mean1.25x,10,3,1.25,1909,Pitch_hybrid_prediction,/home/tchowdh4/sensor_recovery_project/logs/extracted_csv/baseline_05_mixed_maneuver_ATT.csv,/home/tchowdh4/sensor_recovery_project/prediction_results_v9_trained_hybrid/baseline_05_mixed_maneuver_ATT_trained_hybrid_prediction_outputs.csv,0.0985554829239845,attacked_measurement,0.0,0.0
32.100488,baseline_05_mixed_maneuver,Pitch,bias,0.038788,0,0.0987557992339134,0.0987557992339134,0.09890603646636,-0.0001502372324466,0.0001502372324466,0.009697,0,0.0,0.0001481082290411,0,0,0,W10_N3_mean1.25x,10,3,1.25,1909,Pitch_hybrid_prediction,/home/tchowdh4/sensor_recovery_project/logs/extracted_csv/baseline_05_mixed_maneuver_ATT.csv,/home/tchowdh4/sensor_recovery_project/prediction_results_v9_trained_hybrid/baseline_05_mixed_maneuver_ATT_trained_hybrid_prediction_outputs.csv,0.0987557992339134,attacked_measurement,0.0,0.0
32.200448,baseline_05_mixed_maneuver,Pitch,bias,0.038788,0,0.0985331684350967,0.0985331684350967,0.0983661953359841,0.0001669730991125,0.0001669730991125,0.009697,0,0.0,0.0001400688663125,0,0,0,W10_N3_mean1.25x,10,3,1.25,1909,Pitch_hybrid_prediction,/home/tchowdh4/sensor_recovery_project/logs/extracted_csv/baseline_05_mixed_maneuver_ATT.csv,/home/tchowdh4/sensor_recovery_project/prediction_results_v9_trained_hybrid/baseline_05_mixed_maneuver_ATT_trained_hybrid_prediction_outputs.csv,0.0985331684350967,attacked_measurement,0.0,0.0
32.300408,baseline_05_mixed_maneuver,Pitch,bias,0.038788,0,0.0987584963440895,0.0987584963440895,0.0989274922758341,-0.0001689959317446,0.0001689959317446,0.009697,0,0.0,0.000138515420258,0,0,0,W10_N3_mean1.25x,10,3,1.25,1909,Pitch_hybrid_prediction,/home/tchowdh4/sensor_recovery_project/logs/extracted_csv/baseline_05_mixed_maneuver_ATT.csv,/home/tchowdh4/sensor_recovery_project/prediction_results_v9_trained_hybrid/baseline_05_mixed_maneuver_ATT_trained_hybrid_prediction_outputs.csv,0.0987584963440895,attacked_measurement,0.0,0.0
32.400368,baseline_05_mixed_maneuver,Pitch,bias,0.038788,0,0.0986791923642158,0.0986791923642158,0.0986197143793105,5.947798490529843e-05,5.947798490529843e-05,0.009697,0,0.0,0.0001292796805501,0,0,0,W10_N3_mean1.25x,10,3,1.25,1909,Pitch_hybrid_prediction,/home/tchowdh4/sensor_recovery_project/logs/extracted_csv/baseline_05_mixed_maneuver_ATT.csv,/home/tchowdh4/sensor_recovery_project/prediction_results_v9_trained_hybrid/baseline_05_mixed_maneuver_ATT_trained_hybrid_prediction_outputs.csv,0.0986791923642158,attacked_measurement,0.0,0.0
32.500328,baseline_05_mixed_maneuver,Pitch,bias,0.038788,0,0.0990660712122917,0.0990660712122917,0.0993562303483486,-0.0002901591360569,0.0002901591360569,0.009697,0,0.0,0.0001420279964804,0,0,0,W10_N3_mean1.25x,10,3,1.25,1909,Pitch_hybrid_prediction,/home/tchowdh4/sensor_recovery_project/logs/extracted_csv/baseline_05_mixed_maneuver_ATT.csv,/home/tchowdh4/sensor_recovery_project/prediction_results_v9_trained_hybrid/baseline_05_mixed_maneuver_ATT_trained_hybrid_prediction_outputs.csv,0.0990660712122917,attacked_measurement,0.0,0.0
32.600288,baseline_05_mixed_maneuver,Pitch,bias,0.038788,0,0.098972737789154,0.098972737789154,0.0989027377218007,7.000006735330411e-05,7.000006735330411e-05,0.009697,0,0.0,0.0001408763229847,0,0,0,W10_N3_mean1.25x,10,3,1.25,1909,Pitch_hybrid_prediction,/home/tchowdh4/sensor_recovery_project/logs/extracted_csv/baseline_05_mixed_maneuver_ATT.csv,/home/tchowdh4/sensor_recovery_project/prediction_results_v9_trained_hybrid/baseline_05_mixed_maneuver_ATT_trained_hybrid_prediction_outputs.csv,0.098972737789154,attacked_measurement,0.0,0.0
32.700248,baseline_05_mixed_maneuver,Pitch,bias,0.038788,0,0.0992681458592414,0.0992681458592414,0.0994897019118069,-0.0002215560525654,0.0002215560525654,0.009697,0,0.0,0.0001480707898736,0,0,0,W10_N3_mean1.25x,10,3,1.25,1909,Pitch_hybrid_prediction,/home/tchowdh4/sensor_recovery_project/logs/extracted_csv/baseline_05_mixed_maneuver_ATT.csv,/home/tchowdh4/sensor_recovery_project/prediction_results_v9_trained_hybrid/baseline_05_mixed_maneuver_ATT_trained_hybrid_prediction_outputs.csv,0.0992681458592414,attacked_measurement,0.0,0.0
32.800208,baseline_05_mixed_maneuver,Pitch,bias,0.038788,0,0.0990786254405975,0.0990786254405975,0.0989364851266146,0.0001421403139829,0.0001421403139829,0.009697,0,0.0,0.0001537336036563,0,0,0,W10_N3_mean1.25x,10,3,1.25,1909,Pitch_hybrid_prediction,/home/tchowdh4/sensor_recovery_project/logs/extracted_csv/baseline_05_mixed_maneuver_ATT.csv,/home/tchowdh4/sensor_recovery_project/prediction_results_v9_trained_hybrid/baseline_05_mixed_maneuver_ATT_trained_hybrid_prediction_outputs.csv,0.0990786254405975,attacked_measurement,0.0,0.0
32.900168,baseline_05_mixed_maneuver,Pitch,bias,0.038788,0,0.0989816933870315,0.0989816933870315,0.098908994346857,7.269904017449813e-05,7.269904017449813e-05,0.009697,0,0.0,0.0001507747918367,0,0,0,W10_N3_mean1.25x,10,3,1.25,1909,Pitch_hybrid_prediction,/home/tchowdh4/sensor_recovery_project/logs/extracted_csv/baseline_05_mixed_maneuver_ATT.csv,/home/tchowdh4/sensor_recovery_project/prediction_results_v9_trained_hybrid/baseline_05_mixed_maneuver_ATT_trained_hybrid_prediction_outputs.csv,0.0989816933870315,attacked_measurement,0.0,0.0
33.000128,baseline_05_mixed_maneuver,Pitch,bias,0.038788,0,0.0986742749810218,0.0986742749810218,0.0984437111765145,0.0002305638045072,0.0002305638045072,0.009697,0,0.0,0.0001572802662849,0,0,0,W10_N3_mean1.25x,10,3,1.25,1909,Pitch_hybrid_prediction,/home/tchowdh4/sensor_recovery_project/logs/extracted_csv/baseline_05_mixed_maneuver_ATT.csv,/home/tchowdh4/sensor_recovery_project/prediction_results_v9_trained_hybrid/baseline_05_mixed_maneuver_ATT_trained_hybrid_prediction_outputs.csv,0.0986742749810218,attacked_measurement,0.0,0.0
33.100088,baseline_05_mixed_maneuver,Pitch,bias,0.038788,0,0.0985862612724304,0.0985862612724304,0.0985202509909868,6.601028144360976e-05,6.601028144360976e-05,0.009697,0,0.0,0.0001488575711846,0,0,0,W10_N3_mean1.25x,10,3,1.25,1909,Pitch_hybrid_prediction,/home/tchowdh4/sensor_recovery_project/logs/extracted_csv/baseline_05_mixed_maneuver_ATT.csv,/home/tchowdh4/sensor_recovery_project/prediction_results_v9_trained_hybrid/baseline_05_mixed_maneuver_ATT_trained_hybrid_prediction_outputs.csv,0.0985862612724304,attacked_measurement,0.0,0.0
33.200048,baseline_05_mixed_maneuver,Pitch,bias,0.038788,0,0.0983887836337089,0.0983887836337089,0.0982406754046677,0.0001481082290411,0.0001481082290411,0.009697,0,0.0,0.0001469710841775,0,0,0,W10_N3_mean1.25x,10,3,1.25,1909,Pitch_hybrid_prediction,/home/tchowdh4/sensor_recovery_project/logs/extracted_csv/baseline_05_mixed_maneuver_ATT.csv,/home/tchowdh4/sensor_recovery_project/prediction_results_v9_trained_hybrid/baseline_05_mixed_maneuver_ATT_trained_hybrid_prediction_outputs.csv,0.0983887836337089,attacked_measurement,0.0,0.0
33.300008,baseline_05_mixed_maneuver,Pitch,bias,0.038788,0,0.0979656353592872,0.0979656353592872,0.0976482741534709,0.0003173612058163,0.0003173612058163,0.009697,0,0.0,0.0001618076115846,0,0,0,W10_N3_mean1.25x,10,3,1.25,1909,Pitch_hybrid_prediction,/home/tchowdh4/sensor_recovery_project/logs/extracted_csv/baseline_05_mixed_maneuver_ATT.csv,/home/tchowdh4/sensor_recovery_project/prediction_results_v9_trained_hybrid/baseline_05_mixed_maneuver_ATT_trained_hybrid_prediction_outputs.csv,0.0979656353592872,attacked_measurement,0.0,0.0
33.399968,baseline_05_mixed_maneuver,Pitch,bias,0.038788,0,0.0976056382060051,0.0976056382060051,0.0973356403410435,0.0002699978649615,0.0002699978649615,0.009697,0,0.0,0.0001828595995903,0,0,0,W10_N3_mean1.25x,10,3,1.25,1909,Pitch_hybrid_prediction,/home/tchowdh4/sensor_recovery_project/logs/extracted_csv/baseline_05_mixed_maneuver_ATT.csv,/home/tchowdh4/sensor_recovery_project/prediction_results_v9_trained_hybrid/baseline_05_mixed_maneuver_ATT_trained_hybrid_prediction_outputs.csv,0.0976056382060051,attacked_measurement,0.0,0.0
33.499928,baseline_05_mixed_maneuver,Pitch,bias,0.038788,0,0.0969744697213172,0.0969744697213172,0.0965010933578012,0.0004733763635159,0.0004733763635159,0.009697,0,0.0,0.0002011813223362,0,0,0,W10_N3_mean1.25x,10,3,1.25,1909,Pitch_hybrid_prediction,/home/tchowdh4/sensor_recovery_project/logs/extracted_csv/baseline_05_mixed_maneuver_ATT.csv,/home/tchowdh4/sensor_recovery_project/prediction_results_v9_trained_hybrid/baseline_05_mixed_maneuver_ATT_trained_hybrid_prediction_outputs.csv,0.0969744697213172,attacked_measurement,0.0,0.0
33.599888,baseline_05_mixed_maneuver,Pitch,bias,0.038788,0,0.0962937548756599,0.0962937548756599,0.0957832187414169,0.0005105361342429,0.0005105361342429,0.009697,0,0.0,0.0002452349290251,0,0,0,W10_N3_mean1.25x,10,3,1.25,1909,Pitch_hybrid_prediction,/home/tchowdh4/sensor_recovery_project/logs/extracted_csv/baseline_05_mixed_maneuver_ATT.csv,/home/tchowdh4/sensor_recovery_project/prediction_results_v9_trained_hybrid/baseline_05_mixed_maneuver_ATT_trained_hybrid_prediction_outputs.csv,0.0962937548756599,attacked_measurement,0.0,0.0
33.699848,baseline_05_mixed_maneuver,Pitch,bias,0.038788,0,0.095737837255001,0.095737837255001,0.0953208990395068,0.0004169382154941,0.0004169382154941,0.009697,0,0.0,0.000264773145318,0,0,0,W10_N3_mean1.25x,10,3,1.25,1909,Pitch_hybrid_prediction,/home/tchowdh4/sensor_recovery_project/logs/extracted_csv/baseline_05_mixed_maneuver_ATT.csv,/home/tchowdh4/sensor_recovery_project/prediction_results_v9_trained_hybrid/baseline_05_mixed_maneuver_ATT_trained_hybrid_prediction_outputs.csv,0.095737837255001,attacked_measurement,0.0,0.0
33.799808,baseline_05_mixed_maneuver,Pitch,bias,0.038788,0,0.0950722023844719,0.0950722023844719,0.094572976231575,0.0004992261528968,0.0004992261528968,0.009697,0,0.0,0.0003004817292094,0,0,0,W10_N3_mean1.25x,10,3,1.25,1909,Pitch_hybrid_prediction,/home/tchowdh4/sensor_recovery_project/logs/extracted_csv/baseline_05_mixed_maneuver_ATT.csv,/home/tchowdh4/sensor_recovery_project/prediction_results_v9_trained_hybrid/baseline_05_mixed_maneuver_ATT_trained_hybrid_prediction_outputs.csv,0.0950722023844719,attacked_measurement,0.0,0.0
33.900601,baseline_05_mixed_maneuver,Pitch,bias,0.038788,0,0.0945839285850524,0.0945839285850524,0.0942177232354877,0.0003662053495646,0.0003662053495646,0.009697,0,0.0,0.0003298323601484,0,0,0,W10_N3_mean1.25x,10,3,1.25,1909,Pitch_hybrid_prediction,/home/tchowdh4/sensor_recovery_project/logs/extracted_csv/baseline_05_mixed_maneuver_ATT.csv,/home/tchowdh4/sensor_recovery_project/prediction_results_v9_trained_hybrid/baseline_05_mixed_maneuver_ATT_trained_hybrid_prediction_outputs.csv,0.0945839285850524,attacked_measurement,0.0,0.0
34.000561,baseline_05_mixed_maneuver,Pitch,bias,0.038788,0,0.0938400700688362,0.0938400700688362,0.093282176181674,0.0005578938871621,0.0005578938871621,0.009697,0,0.0,0.0003625653684139,0,0,0,W10_N3_mean1.25x,10,3,1.25,1909,Pitch_hybrid_prediction,/home/tchowdh4/sensor_recovery_project/logs/extracted_csv/baseline_05_mixed_maneuver_ATT.csv,/home/tchowdh4/sensor_recovery_project/prediction_results_v9_trained_hybrid/baseline_05_mixed_maneuver_ATT_trained_hybrid_prediction_outputs.csv,0.0938400700688362,attacked_measurement,0.0,0.0
34.100521,baseline_05_mixed_maneuver,Pitch,bias,0.038788,0,0.0929913371801376,0.0929913371801376,0.0923547875136136,0.000636549666524,0.000636549666524,0.009697,0,0.0,0.000419619306922,0,0,0,W10_N3_mean1.25x,10,3,1.25,1909,Pitch_hybrid_prediction,/home/tchowdh4/sensor_recovery_project/logs/extracted_csv/baseline_05_mixed_maneuver_ATT.csv,/home/tchowdh4/sensor_recovery_project/prediction_results_v9_trained_hybrid/baseline_05_mixed_maneuver_ATT_trained_hybrid_prediction_outputs.csv,0.0929913371801376,attacked_measurement,0.0,0.0
34.200481,baseline_05_mixed_maneuver,Pitch,bias,0.038788,0,0.0924281626939773,0.0924281626939773,0.092005781829357,0.0004223808646203,0.0004223808646203,0.009697,0,0.0,0.0004470465704799,0,0,0,W10_N3_mean1.25x,10,3,1.25,1909,Pitch_hybrid_prediction,/home/tchowdh4/sensor_recovery_project/logs/extracted_csv/baseline_05_mixed_maneuver_ATT.csv,/home/tchowdh4/sensor_recovery_project/prediction_results_v9_trained_hybrid/baseline_05_mixed_maneuver_ATT_trained_hybrid_prediction_outputs.csv,0.0924281626939773,attacked_measurement,0.0,0.0
34.300441,baseline_05_mixed_maneuver,Pitch,bias,0.038788,0,0.0918453633785247,0.0918453633785247,0.0914082638919352,0.0004370994865895,0.0004370994865895,0.009697,0,0.0,0.0004590203985572,0,0,0,W10_N3_mean1.25x,10,3,1.25,1909,Pitch_hybrid_prediction,/home/tchowdh4/sensor_recovery_project/logs/extracted_csv/baseline_05_mixed_maneuver_ATT.csv,/home/tchowdh4/sensor_recovery_project/prediction_results_v9_trained_hybrid/baseline_05_mixed_maneuver_ATT_trained_hybrid_prediction_outputs.csv,0.0918453633785247,attacked_measurement,0.0,0.0
34.400401,baseline_05_mixed_maneuver,Pitch,bias,0.038788,0,0.0911202430725097,0.0911202430725097,0.0905764028429984,0.0005438402295113,0.0005438402295113,0.009697,0,0.0,0.0004864046350122,0,0,0,W10_N3_mean1.25x,10,3,1.25,1909,Pitch_hybrid_prediction,/home/tchowdh4/sensor_recovery_project/logs/extracted_csv/baseline_05_mixed_maneuver_ATT.csv,/home/tchowdh4/sensor_recovery_project/prediction_results_v9_trained_hybrid/baseline_05_mixed_maneuver_ATT_trained_hybrid_prediction_outputs.csv,0.0911202430725097,attacked_measurement,0.0,0.0
34.500361,baseline_05_mixed_maneuver,Pitch,bias,0.038788,0,0.0905167534947395,0.0905167534947395,0.0900641363114118,0.0004526171833277,0.0004526171833277,0.009697,0,0.0,0.0004843287169933,0,0,0,W10_N3_mean1.25x,10,3,1.25,1909,Pitch_hybrid_prediction,/home/tchowdh4/sensor_recovery_project/logs/extracted_csv/baseline_05_mixed_maneuver_ATT.csv,/home/tchowdh4/sensor_recovery_project/prediction_results_v9_trained_hybrid/baseline_05_mixed_maneuver_ATT_trained_hybrid_prediction_outputs.csv,0.0905167534947395,attacked_measurement,0.0,0.0
34.600321,baseline_05_mixed_maneuver,Pitch,bias,0.038788,0,0.0896551758050918,0.0896551758050918,0.089008992537856,0.0006461832672357,0.0006461832672357,0.009697,0,0.0,0.0004978934302926,0,0,0,W10_N3_mean1.25x,10,3,1.25,1909,Pitch_hybrid_prediction,/home/tchowdh4/sensor_recovery_project/logs/extracted_csv/baseline_05_mixed_maneuver_ATT.csv,/home/tchowdh4/sensor_recovery_project/prediction_results_v9_trained_hybrid/baseline_05_mixed_maneuver_ATT_trained_hybrid_prediction_outputs.csv,0.0896551758050918,attacked_measurement,0.0,0.0
34.700281,baseline_05_mixed_maneuver,Pitch,bias,0.038788,0,0.0891900658607482,0.0891900658607482,0.0888412334024904,0.0003488324582578,0.0003488324582578,0.009697,0,0.0,0.000491082854569,0,0,0,W10_N3_mean1.25x,10,3,1.25,1909,Pitch_hybrid_prediction,/home/tchowdh4/sensor_recovery_project/logs/extracted_csv/baseline_05_mixed_maneuver_ATT.csv,/home/tchowdh4/sensor_recovery_project/prediction_results_v9_trained_hybrid/baseline_05_mixed_maneuver_ATT_trained_hybrid_prediction_outputs.csv,0.0891900658607482,attacked_measurement,0.0,0.0
34.800241,baseline_05_mixed_maneuver,Pitch,bias,0.038788,0,0.0884841233491897,0.0884841233491897,0.0879546664655208,0.0005294568836688,0.0005294568836688,0.009697,0,0.0,0.0004941059276462,0,0,0,W10_N3_mean1.25x,10,3,1.25,1909,Pitch_hybrid_prediction,/home/tchowdh4/sensor_recovery_project/logs/extracted_csv/baseline_05_mixed_maneuver_ATT.csv,/home/tchowdh4/sensor_recovery_project/prediction_results_v9_trained_hybrid/baseline_05_mixed_maneuver_ATT_trained_hybrid_prediction_outputs.csv,0.0884841233491897,attacked_measurement,0.0,0.0
34.900201,baseline_05_mixed_maneuver,Pitch,bias,0.038788,0,0.0880241766571998,0.0880241766571998,0.0876792166382073,0.0003449600189925,0.0003449600189925,0.009697,0,0.0,0.000491981394589,0,0,0,W10_N3_mean1.25x,10,3,1.25,1909,Pitch_hybrid_prediction,/home/tchowdh4/sensor_recovery_project/logs/extracted_csv/baseline_05_mixed_maneuver_ATT.csv,/home/tchowdh4/sensor_recovery_project/prediction_results_v9_trained_hybrid/baseline_05_mixed_maneuver_ATT_trained_hybrid_prediction_outputs.csv,0.0880241766571998,attacked_measurement,0.0,0.0
35.000161,baseline_05_mixed_maneuver,Pitch,bias,0.038788,0,0.0875750556588172,0.0875750556588172,0.0872382149100302,0.0003368407487869,0.0003368407487869,0.009697,0,0.0,0.0004698760807514,0,0,0,W10_N3_mean1.25x,10,3,1.25,1909,Pitch_hybrid_prediction,/home/tchowdh4/sensor_recovery_project/logs/extracted_csv/baseline_05_mixed_maneuver_ATT.csv,/home/tchowdh4/sensor_recovery_project/prediction_results_v9_trained_hybrid/baseline_05_mixed_maneuver_ATT_trained_hybrid_prediction_outputs.csv,0.0875750556588172,attacked_measurement,0.0,0.0
35.100121,baseline_05_mixed_maneuver,Pitch,bias,0.038788,0,0.0871206596493721,0.0871206596493721,0.0867798626422882,0.0003407970070839,0.0003407970070839,0.009697,0,0.0,0.0004403008148074,0,0,0,W10_N3_mean1.25x,10,3,1.25,1909,Pitch_hybrid_prediction,/home/tchowdh4/sensor_recovery_project/logs/extracted_csv/baseline_05_mixed_maneuver_ATT.csv,/home/tchowdh4/sensor_recovery_project/prediction_results_v9_trained_hybrid/baseline_05_mixed_maneuver_ATT_trained_hybrid_prediction_outputs.csv,0.0871206596493721,attacked_measurement,0.0,0.0
35.200081,baseline_05_mixed_maneuver,Pitch,bias,0.038788,0,0.0865764692425727,0.0865764692425727,0.0861683264374731,0.0004081428050995,0.0004081428050995,0.009697,0,0.0,0.0004388770088554,0,0,0,W10_N3_mean1.25x,10,3,1.25,1909,Pitch_hybrid_prediction,/home/tchowdh4/sensor_recovery_project/logs/extracted_csv/baseline_05_mixed_maneuver_ATT.csv,/home/tchowdh4/sensor_recovery_project/prediction_results_v9_trained_hybrid/baseline_05_mixed_maneuver_ATT_trained_hybrid_prediction_outputs.csv,0.0865764692425727,attacked_measurement,0.0,0.0
35.300041,baseline_05_mixed_maneuver,Pitch,bias,0.038788,0,0.0865485817193985,0.0865485817193985,0.0865276660770178,2.091564238070054e-05,2.091564238070054e-05,0.009697,0,0.0,0.0003972586244345,0,0,0,W10_N3_mean1.25x,10,3,1.25,1909,Pitch_hybrid_prediction,/home/tchowdh4/sensor_recovery_project/logs/extracted_csv/baseline_05_mixed_maneuver_ATT.csv,/home/tchowdh4/sensor_recovery_project/prediction_results_v9_trained_hybrid/baseline_05_mixed_maneuver_ATT_trained_hybrid_prediction_outputs.csv,0.0865485817193985,attacked_measurement,0.0,0.0
35.400001,baseline_05_mixed_maneuver,Pitch,bias,0.038788,0,0.0858687087893486,0.0858687087893486,0.0853588040918111,0.0005099046975375,0.0005099046975375,0.009697,0,0.0,0.0003938650712371,0,0,0,W10_N3_mean1.25x,10,3,1.25,1909,Pitch_hybrid_prediction,/home/tchowdh4/sensor_recovery_project/logs/extracted_csv/baseline_05_mixed_maneuver_ATT.csv,/home/tchowdh4/sensor_recovery_project/prediction_results_v9_trained_hybrid/baseline_05_mixed_maneuver_ATT_trained_hybrid_prediction_outputs.csv,0.0858687087893486,attacked_measurement,0.0,0.0
35.499961,baseline_05_mixed_maneuver,Pitch,bias,0.038788,0,0.0857900232076644,0.0857900232076644,0.0857310090214012,5.901418626320931e-05,5.901418626320931e-05,0.009697,0,0.0,0.0003545047715306,0,0,0,W10_N3_mean1.25x,10,3,1.25,1909,Pitch_hybrid_prediction,/home/tchowdh4/sensor_recovery_project/logs/extracted_csv/baseline_05_mixed_maneuver_ATT.csv,/home/tchowdh4/sensor_recovery_project/prediction_results_v9_trained_hybrid/baseline_05_mixed_maneuver_ATT_trained_hybrid_prediction_outputs.csv,0.0857900232076644,attacked_measurement,0.0,0.0
35.599921,baseline_05_mixed_maneuver,Pitch,bias,0.038788,0,0.0855744332075119,0.0855744332075119,0.0854127407073975,0.0001616925001143,0.0001616925001143,0.009697,0,0.0,0.0003060556948185,0,0,0,W10_N3_mean1.25x,10,3,1.25,1909,Pitch_hybrid_prediction,/home/tchowdh4/sensor_recovery_project/logs/extracted_csv/baseline_05_mixed_maneuver_ATT.csv,/home/tchowdh4/sensor_recovery_project/prediction_results_v9_trained_hybrid/baseline_05_mixed_maneuver_ATT_trained_hybrid_prediction_outputs.csv,0.0855744332075119,attacked_measurement,0.0,0.0
35.699881,baseline_05_mixed_maneuver,Pitch,bias,0.038788,0,0.0855745747685432,0.0855745747685432,0.0855746809393166,-1.0617077339514225e-07,1.0617077339514225e-07,0.009697,0,0.0,0.0002711830660701,0,0,0,W10_N3_mean1.25x,10,3,1.25,1909,Pitch_hybrid_prediction,/home/tchowdh4/sensor_recovery_project/logs/extracted_csv/baseline_05_mixed_maneuver_ATT.csv,/home/tchowdh4/sensor_recovery_project/prediction_results_v9_trained_hybrid/baseline_05_mixed_maneuver_ATT_trained_hybrid_prediction_outputs.csv,0.0855745747685432,attacked_measurement,0.0,0.0
35.799841,baseline_05_mixed_maneuver,Pitch,bias,0.038788,0,0.0852826684713363,0.0852826684713363,0.0850637387484311,0.0002189297229052,0.0002189297229052,0.009697,0,0.0,0.0002401303499937,0,0,0,W10_N3_mean1.25x,10,3,1.25,1909,Pitch_hybrid_prediction,/home/tchowdh4/sensor_recovery_project/logs/extracted_csv/baseline_05_mixed_maneuver_ATT.csv,/home/tchowdh4/sensor_recovery_project/prediction_results_v9_trained_hybrid/baseline_05_mixed_maneuver_ATT_trained_hybrid_prediction_outputs.csv,0.0852826684713363,attacked_measurement,0.0,0.0
35.899801,baseline_05_mixed_maneuver,Pitch,bias,0.038788,0,0.0853657200932502,0.0853657200932502,0.0854280088096856,-6.22887164353908e-05,6.22887164353908e-05,0.009697,0,0.0,0.000211863219738,0,0,0,W10_N3_mean1.25x,10,3,1.25,1909,Pitch_hybrid_prediction,/home/tchowdh4/sensor_recovery_project/logs/extracted_csv/baseline_05_mixed_maneuver_ATT.csv,/home/tchowdh4/sensor_recovery_project/prediction_results_v9_trained_hybrid/baseline_05_mixed_maneuver_ATT_trained_hybrid_prediction_outputs.csv,0.0853657200932502,attacked_measurement,0.0,0.0
36.000594,baseline_05_mixed_maneuver,Pitch,bias,0.038788,0,0.0853448808193206,0.0853448808193206,0.0853292513638734,1.562945544719696e-05,1.562945544719696e-05,0.009697,0,0.0,0.000179742090404,0,0,0,W10_N3_mean1.25x,10,3,1.25,1909,Pitch_hybrid_prediction,/home/tchowdh4/sensor_recovery_project/logs/extracted_csv/baseline_05_mixed_maneuver_ATT.csv,/home/tchowdh4/sensor_recovery_project/prediction_results_v9_trained_hybrid/baseline_05_mixed_maneuver_ATT_trained_hybrid_prediction_outputs.csv,0.0853448808193206,attacked_measurement,0.0,0.0
36.100554,baseline_05_mixed_maneuver,Pitch,bias,0.038788,0,0.0852116346359252,0.0852116346359252,0.0851116999983786,9.993463754659482e-05,9.993463754659482e-05,0.009697,0,0.0,0.0001556558534503,0,0,0,W10_N3_mean1.25x,10,3,1.25,1909,Pitch_hybrid_prediction,/home/tchowdh4/sensor_recovery_project/logs/extracted_csv/baseline_05_mixed_maneuver_ATT.csv,/home/tchowdh4/sensor_recovery_project/prediction_results_v9_trained_hybrid/baseline_05_mixed_maneuver_ATT_trained_hybrid_prediction_outputs.csv,0.0852116346359252,attacked_measurement,0.0,0.0
36.200514,baseline_05_mixed_maneuver,Pitch,bias,0.038788,0,0.0849323347210884,0.0849323347210884,0.0847228597849608,0.0002094749361275,0.0002094749361275,0.009697,0,0.0,0.0001357890665531,0,0,0,W10_N3_mean1.25x,10,3,1.25,1909,Pitch_hybrid_prediction,/home/tchowdh4/sensor_recovery_project/logs/extracted_csv/baseline_05_mixed_maneuver_ATT.csv,/home/tchowdh4/sensor_recovery_project/prediction_results_v9_trained_hybrid/baseline_05_mixed_maneuver_ATT_trained_hybrid_prediction_outputs.csv,0.0849323347210884,attacked_measurement,0.0,0.0
36.300474,baseline_05_mixed_maneuver,Pitch,bias,0.038788,0,0.0850219801068306,0.0850219801068306,0.0850892141461372,-6.723403930659899e-05,6.723403930659899e-05,0.009697,0,0.0,0.0001404209062457,0,0,0,W10_N3_mean1.25x,10,3,1.25,1909,Pitch_hybrid_prediction,/home/tchowdh4/sensor_recovery_project/logs/extracted_csv/baseline_05_mixed_maneuver_ATT.csv,/home/tchowdh4/sensor_recovery_project/prediction_results_v9_trained_hybrid/baseline_05_mixed_maneuver_ATT_trained_hybrid_prediction_outputs.csv,0.0850219801068306,attacked_measurement,0.0,0.0
36.400434,baseline_05_mixed_maneuver,Pitch,bias,0.038788,0,0.0849944055080413,0.0849944055080413,0.0849737245589493,2.0680949091994583e-05,2.0680949091994583e-05,0.009697,0,0.0,9.149853140115738e-05,0,0,0,W10_N3_mean1.25x,10,3,1.25,1909,Pitch_hybrid_prediction,/home/tchowdh4/sensor_recovery_project/logs/extracted_csv/baseline_05_mixed_maneuver_ATT.csv,/home/tchowdh4/sensor_recovery_project/prediction_results_v9_trained_hybrid/baseline_05_mixed_maneuver_ATT_trained_hybrid_prediction_outputs.csv,0.0849944055080413,attacked_measurement,0.0,0.0
36.500394,baseline_05_mixed_maneuver,Pitch,bias,0.038788,0,0.0852447897195816,0.0852447897195816,0.0854325778782368,-0.0001877881586551,0.0001877881586551,0.009697,0,0.0,0.0001043759286403,0,0,0,W10_N3_mean1.25x,10,3,1.25,1909,Pitch_hybrid_prediction,/home/tchowdh4/sensor_recovery_project/logs/extracted_csv/baseline_05_mixed_maneuver_ATT.csv,/home/tchowdh4/sensor_recovery_project/prediction_results_v9_trained_hybrid/baseline_05_mixed_maneuver_ATT_trained_hybrid_prediction_outputs.csv,0.0852447897195816,attacked_measurement,0.0,0.0
36.600354,baseline_05_mixed_maneuver,Pitch,bias,0.038788,0,0.0854418724775314,0.0854418724775314,0.0855896845459937,-0.0001478120684622,0.0001478120684622,0.009697,0,0.0,0.0001029878854751,0,0,0,W10_N3_mean1.25x,10,3,1.25,1909,Pitch_hybrid_prediction,/home/tchowdh4/sensor_recovery_project/logs/extracted_csv/baseline_05_mixed_maneuver_ATT.csv,/home/tchowdh4/sensor_recovery_project/prediction_results_v9_trained_hybrid/baseline_05_mixed_maneuver_ATT_trained_hybrid_prediction_outputs.csv,0.0854418724775314,attacked_measurement,0.0,0.0
36.700314,baseline_05_mixed_maneuver,Pitch,bias,0.038788,0,0.0855887830257415,0.0855887830257415,0.085698965936899,-0.0001101829111575,0.0001101829111575,0.009697,0,0.0,0.0001139955595135,0,0,0,W10_N3_mean1.25x,10,3,1.25,1909,Pitch_hybrid_prediction,/home/tchowdh4/sensor_recovery_project/logs/extracted_csv/baseline_05_mixed_maneuver_ATT.csv,/home/tchowdh4/sensor_recovery_project/prediction_results_v9_trained_hybrid/baseline_05_mixed_maneuver_ATT_trained_hybrid_prediction_outputs.csv,0.0855887830257415,attacked_measurement,0.0,0.0
36.800274,baseline_05_mixed_maneuver,Pitch,bias,0.038788,0,0.085535429418087,0.085535429418087,0.0854954142123461,4.0015205740900894e-05,4.0015205740900894e-05,0.009697,0,0.0,9.61041077971264e-05,0,0,0,W10_N3_mean1.25x,10,3,1.25,1909,Pitch_hybrid_prediction,/home/tchowdh4/sensor_recovery_project/logs/extracted_csv/baseline_05_mixed_maneuver_ATT.csv,/home/tchowdh4/sensor_recovery_project/prediction_results_v9_trained_hybrid/baseline_05_mixed_maneuver_ATT_trained_hybrid_prediction_outputs.csv,0.085535429418087,attacked_measurement,0.0,0.0
36.900234,baseline_05_mixed_maneuver,Pitch,bias,0.038788,0,0.0857408791780471,0.0857408791780471,0.0858949664980171,-0.00015408731997,0.00015408731997,0.009697,0,0.0,0.0001052839681505,0,0,0,W10_N3_mean1.25x,10,3,1.25,1909,Pitch_hybrid_prediction,/home/tchowdh4/sensor_recovery_project/logs/extracted_csv/baseline_05_mixed_maneuver_ATT.csv,/home/tchowdh4/sensor_recovery_project/prediction_results_v9_trained_hybrid/baseline_05_mixed_maneuver_ATT_trained_hybrid_prediction_outputs.csv,0.0857408791780471,attacked_measurement,0.0,0.0
37.000194,baseline_05_mixed_maneuver,Pitch,bias,0.038788,0,0.0859047695994377,0.0859047695994377,0.0860276874154806,-0.0001229178160429,0.0001229178160429,0.009697,0,0.0,0.0001160128042101,0,0,0,W10_N3_mean1.25x,10,3,1.25,1909,Pitch_hybrid_prediction,/home/tchowdh4/sensor_recovery_project/logs/extracted_csv/baseline_05_mixed_maneuver_ATT.csv,/home/tchowdh4/sensor_recovery_project/prediction_results_v9_trained_hybrid/baseline_05_mixed_maneuver_ATT_trained_hybrid_prediction_outputs.csv,0.0859047695994377,attacked_measurement,0.0,0.0
37.100154,baseline_05_mixed_maneuver,Pitch,bias,0.038788,0,0.0863364711403846,0.0863364711403846,0.0866602472960947,-0.00032377615571,0.00032377615571,0.009697,0,0.0,0.0001383969560265,0,0,0,W10_N3_mean1.25x,10,3,1.25,1909,Pitch_hybrid_prediction,/home/tchowdh4/sensor_recovery_project/logs/extracted_csv/baseline_05_mixed_maneuver_ATT.csv,/home/tchowdh4/sensor_recovery_project/prediction_results_v9_trained_hybrid/baseline_05_mixed_maneuver_ATT_trained_hybrid_prediction_outputs.csv,0.0863364711403846,attacked_measurement,0.0,0.0
37.200114,baseline_05_mixed_maneuver,Pitch,bias,0.038788,0,0.0866954624652862,0.0866954624652862,0.0869647059589624,-0.0002692434936761,0.0002692434936761,0.009697,0,0.0,0.0001443738117813,0,0,0,W10_N3_mean1.25x,10,3,1.25,1909,Pitch_hybrid_prediction,/home/tchowdh4/sensor_recovery_project/logs/extracted_csv/baseline_05_mixed_maneuver_ATT.csv,/home/tchowdh4/sensor_recovery_project/prediction_results_v9_trained_hybrid/baseline_05_mixed_maneuver_ATT_trained_hybrid_prediction_outputs.csv,0.0866954624652862,attacked_measurement,0.0,0.0
37.300074,baseline_05_mixed_maneuver,Pitch,bias,0.038788,0,0.0870443359017372,0.0870443359017372,0.0873059909790754,-0.0002616550773382,0.0002616550773382,0.009697,0,0.0,0.0001638159155845,0,0,0,W10_N3_mean1.25x,10,3,1.25,1909,Pitch_hybrid_prediction,/home/tchowdh4/sensor_recovery_project/logs/extracted_csv/baseline_05_mixed_maneuver_ATT.csv,/home/tchowdh4/sensor_recovery_project/prediction_results_v9_trained_hybrid/baseline_05_mixed_maneuver_ATT_trained_hybrid_prediction_outputs.csv,0.0870443359017372,attacked_measurement,0.0,0.0
37.400034,baseline_05_mixed_maneuver,Pitch,bias,0.038788,0,0.0871113091707229,0.0871113091707229,0.0871615391224621,-5.02299517392002e-05,5.02299517392002e-05,0.009697,0,0.0,0.0001667708158492,0,0,0,W10_N3_mean1.25x,10,3,1.25,1909,Pitch_hybrid_prediction,/home/tchowdh4/sensor_recovery_project/logs/extracted_csv/baseline_05_mixed_maneuver_ATT.csv,/home/tchowdh4/sensor_recovery_project/prediction_results_v9_trained_hybrid/baseline_05_mixed_maneuver_ATT_trained_hybrid_prediction_outputs.csv,0.0871113091707229,attacked_measurement,0.0,0.0
37.499994,baseline_05_mixed_maneuver,Pitch,bias,0.038788,0,0.0873022079467773,0.0873022079467773,0.087445382028818,-0.0001431740820407,0.0001431740820407,0.009697,0,0.0,0.0001623094081878,0,0,0,W10_N3_mean1.25x,10,3,1.25,1909,Pitch_hybrid_prediction,/home/tchowdh4/sensor_recovery_project/logs/extracted_csv/baseline_05_mixed_maneuver_ATT.csv,/home/tchowdh4/sensor_recovery_project/prediction_results_v9_trained_hybrid/baseline_05_mixed_maneuver_ATT_trained_hybrid_prediction_outputs.csv,0.0873022079467773,attacked_measurement,0.0,0.0
37.599954,baseline_05_mixed_maneuver,Pitch,bias,0.038788,0,0.0875747129321098,0.0875747129321098,0.0877790916711091,-0.0002043787389992,0.0002043787389992,0.009697,0,0.0,0.0001679660752415,0,0,0,W10_N3_mean1.25x,10,3,1.25,1909,Pitch_hybrid_prediction,/home/tchowdh4/sensor_recovery_project/logs/extracted_csv/baseline_05_mixed_maneuver_ATT.csv,/home/tchowdh4/sensor_recovery_project/prediction_results_v9_trained_hybrid/baseline_05_mixed_maneuver_ATT_trained_hybrid_prediction_outputs.csv,0.0875747129321098,attacked_measurement,0.0,0.0
37.699914,baseline_05_mixed_maneuver,Pitch,bias,0.038788,0,0.0879585519433021,0.0879585519433021,0.0882464312016963,-0.0002878792583941,0.0002878792583941,0.009697,0,0.0,0.0001857357099651,0,0,0,W10_N3_mean1.25x,10,3,1.25,1909,Pitch_hybrid_prediction,/home/tchowdh4/sensor_recovery_project/logs/extracted_csv/baseline_05_mixed_maneuver_ATT.csv,/home/tchowdh4/sensor_recovery_project/prediction_results_v9_trained_hybrid/baseline_05_mixed_maneuver_ATT_trained_hybrid_prediction_outputs.csv,0.0879585519433021,attacked_measurement,0.0,0.0
37.799874,baseline_05_mixed_maneuver,Pitch,bias,0.038788,0,0.0883471220731735,0.0883471220731735,0.088638549670577,-0.0002914275974034,0.0002914275974034,0.009697,0,0.0,0.0002108769491314,0,0,0,W10_N3_mean1.25x,10,3,1.25,1909,Pitch_hybrid_prediction,/home/tchowdh4/sensor_recovery_project/logs/extracted_csv/baseline_05_mixed_maneuver_ATT.csv,/home/tchowdh4/sensor_recovery_project/prediction_results_v9_trained_hybrid/baseline_05_mixed_maneuver_ATT_trained_hybrid_prediction_outputs.csv,0.0883471220731735,attacked_measurement,0.0,0.0
37.899834,baseline_05_mixed_maneuver,Pitch,bias,0.038788,0,0.0883508175611496,0.0883508175611496,0.0883535891771316,-2.771615982000153e-06,2.771615982000153e-06,0.009697,0,0.0,0.0001957453787326,0,0,0,W10_N3_mean1.25x,10,3,1.25,1909,Pitch_hybrid_prediction,/home/tchowdh4/sensor_recovery_project/logs/extracted_csv/baseline_05_mixed_maneuver_ATT.csv,/home/tchowdh4/sensor_recovery_project/prediction_results_v9_trained_hybrid/baseline_05_mixed_maneuver_ATT_trained_hybrid_prediction_outputs.csv,0.0883508175611496,attacked_measurement,0.0,0.0
37.999794,baseline_05_mixed_maneuver,Pitch,bias,0.038788,0,0.0885008424520492,0.0885008424520492,0.0886133611202239,-0.0001125186681747,0.0001125186681747,0.009697,0,0.0,0.0001947054639458,0,0,0,W10_N3_mean1.25x,10,3,1.25,1909,Pitch_hybrid_prediction,/home/tchowdh4/sensor_recovery_project/logs/extracted_csv/baseline_05_mixed_maneuver_ATT.csv,/home/tchowdh4/sensor_recovery_project/prediction_results_v9_trained_hybrid/baseline_05_mixed_maneuver_ATT_trained_hybrid_prediction_outputs.csv,0.0885008424520492,attacked_measurement,0.0,0.0
38.100587,baseline_05_mixed_maneuver,Pitch,bias,0.038788,0,0.0888038799166679,0.0888038799166679,0.0890311580151319,-0.0002272780984639,0.0002272780984639,0.009697,0,0.0,0.0001850556582212,0,0,0,W10_N3_mean1.25x,10,3,1.25,1909,Pitch_hybrid_prediction,/home/tchowdh4/sensor_recovery_project/logs/extracted_csv/baseline_05_mixed_maneuver_ATT.csv,/home/tchowdh4/sensor_recovery_project/prediction_results_v9_trained_hybrid/baseline_05_mixed_maneuver_ATT_trained_hybrid_prediction_outputs.csv,0.0888038799166679,attacked_measurement,0.0,0.0
38.200547,baseline_05_mixed_maneuver,Pitch,bias,0.038788,0,0.0890525728464126,0.0890525728464126,0.0892390925437211,-0.0001865196973084,0.0001865196973084,0.009697,0,0.0,0.0001767832785844,0,0,0,W10_N3_mean1.25x,10,3,1.25,1909,Pitch_hybrid_prediction,/home/tchowdh4/sensor_recovery_project/logs/extracted_csv/baseline_05_mixed_maneuver_ATT.csv,/home/tchowdh4/sensor_recovery_project/prediction_results_v9_trained_hybrid/baseline_05_mixed_maneuver_ATT_trained_hybrid_prediction_outputs.csv,0.0890525728464126,attacked_measurement,0.0,0.0
38.300507,baseline_05_mixed_maneuver,Pitch,bias,0.038788,0,0.0892766937613487,0.0892766937613487,0.0894447844475507,-0.000168090686202,0.000168090686202,0.009697,0,0.0,0.0001674268394708,0,0,0,W10_N3_mean1.25x,10,3,1.25,1909,Pitch_hybrid_prediction,/home/tchowdh4/sensor_recovery_project/logs/extracted_csv/baseline_05_mixed_maneuver_ATT.csv,/home/tchowdh4/sensor_recovery_project/prediction_results_v9_trained_hybrid/baseline_05_mixed_maneuver_ATT_trained_hybrid_prediction_outputs.csv,0.0892766937613487,attacked_measurement,0.0,0.0
38.400467,baseline_05_mixed_maneuver,Pitch,bias,0.038788,0,0.0895026698708534,0.0895026698708534,0.0896721519529819,-0.0001694820821284,0.0001694820821284,0.009697,0,0.0,0.0001793520525097,0,0,0,W10_N3_mean1.25x,10,3,1.25,1909,Pitch_hybrid_prediction,/home/tchowdh4/sensor_recovery_project/logs/extracted_csv/baseline_05_mixed_maneuver_ATT.csv,/home/tchowdh4/sensor_recovery_project/prediction_results_v9_trained_hybrid/baseline_05_mixed_maneuver_ATT_trained_hybrid_prediction_outputs.csv,0.0895026698708534,attacked_measurement,0.0,0.0
38.500427,baseline_05_mixed_maneuver,Pitch,bias,0.038788,0,0.0897532403469085,0.0897532403469085,0.0899411682039498,-0.0001879278570413,0.0001879278570413,0.009697,0,0.0,0.0001838274300098,0,0,0,W10_N3_mean1.25x,10,3,1.25,1909,Pitch_hybrid_prediction,/home/tchowdh4/sensor_recovery_project/logs/extracted_csv/baseline_05_mixed_maneuver_ATT.csv,/home/tchowdh4/sensor_recovery_project/prediction_results_v9_trained_hybrid/baseline_05_mixed_maneuver_ATT_trained_hybrid_prediction_outputs.csv,0.0897532403469085,attacked_measurement,0.0,0.0
38.600387,baseline_05_mixed_maneuver,Pitch,bias,0.038788,0,0.0899476632475853,0.0899476632475853,0.0900934804230929,-0.0001458171755076,0.0001458171755076,0.009697,0,0.0,0.0001779712736606,0,0,0,W10_N3_mean1.25x,10,3,1.25,1909,Pitch_hybrid_prediction,/home/tchowdh4/sensor_recovery_project/logs/extracted_csv/baseline_05_mixed_maneuver_ATT.csv,/home/tchowdh4/sensor_recovery_project/prediction_results_v9_trained_hybrid/baseline_05_mixed_maneuver_ATT_trained_hybrid_prediction_outputs.csv,0.0899476632475853,attacked_measurement,0.0,0.0
38.700347,baseline_05_mixed_maneuver,Pitch,bias,0.038788,0,0.0900420770049095,0.0900420770049095,0.0901128873229026,-7.081031799309467e-05,7.081031799309467e-05,0.009697,0,0.0,0.0001562643796205,0,0,0,W10_N3_mean1.25x,10,3,1.25,1909,Pitch_hybrid_prediction,/home/tchowdh4/sensor_recovery_project/logs/extracted_csv/baseline_05_mixed_maneuver_ATT.csv,/home/tchowdh4/sensor_recovery_project/prediction_results_v9_trained_hybrid/baseline_05_mixed_maneuver_ATT_trained_hybrid_prediction_outputs.csv,0.0900420770049095,attacked_measurement,0.0,0.0
38.800307,baseline_05_mixed_maneuver,Pitch,bias,0.038788,0,0.0903429239988327,0.0903429239988327,0.0905685592442751,-0.0002256352454423,0.0002256352454423,0.009697,0,0.0,0.0001496851444244,0,0,0,W10_N3_mean1.25x,10,3,1.25,1909,Pitch_hybrid_prediction,/home/tchowdh4/sensor_recovery_project/logs/extracted_csv/baseline_05_mixed_maneuver_ATT.csv,/home/tchowdh4/sensor_recovery_project/prediction_results_v9_trained_hybrid/baseline_05_mixed_maneuver_ATT_trained_hybrid_prediction_outputs.csv,0.0903429239988327,attacked_measurement,0.0,0.0
38.900267,baseline_05_mixed_maneuver,Pitch,bias,0.038788,0,0.0905073881149292,0.0905073881149292,0.0906307362020015,-0.0001233480870723,0.0001233480870723,0.009697,0,0.0,0.0001617427915334,0,0,0,W10_N3_mean1.25x,10,3,1.25,1909,Pitch_hybrid_prediction,/home/tchowdh4/sensor_recovery_project/logs/extracted_csv/baseline_05_mixed_maneuver_ATT.csv,/home/tchowdh4/sensor_recovery_project/prediction_results_v9_trained_hybrid/baseline_05_mixed_maneuver_ATT_trained_hybrid_prediction_outputs.csv,0.0905073881149292,attacked_measurement,0.0,0.0
39.000227,baseline_05_mixed_maneuver,Pitch,bias,0.038788,0,0.0907863825559616,0.0907863825559616,0.0909956283867358,-0.0002092458307742,0.0002092458307742,0.009697,0,0.0,0.0001714155077933,0,0,0,W10_N3_mean1.25x,10,3,1.25,1909,Pitch_hybrid_prediction,/home/tchowdh4/sensor_recovery_project/logs/extracted_csv/baseline_05_mixed_maneuver_ATT.csv,/home/tchowdh4/sensor_recovery_project/prediction_results_v9_trained_hybrid/baseline_05_mixed_maneuver_ATT_trained_hybrid_prediction_outputs.csv,0.0907863825559616,attacked_measurement,0.0,0.0
39.100187,baseline_05_mixed_maneuver,Pitch,bias,0.038788,0,0.0910006165504455,0.0910006165504455,0.0911612920463084,-0.0001606754958629,0.0001606754958629,0.009697,0,0.0,0.0001647552475332,0,0,0,W10_N3_mean1.25x,10,3,1.25,1909,Pitch_hybrid_prediction,/home/tchowdh4/sensor_recovery_project/logs/extracted_csv/baseline_05_mixed_maneuver_ATT.csv,/home/tchowdh4/sensor_recovery_project/prediction_results_v9_trained_hybrid/baseline_05_mixed_maneuver_ATT_trained_hybrid_prediction_outputs.csv,0.0910006165504455,attacked_measurement,0.0,0.0
39.200147,baseline_05_mixed_maneuver,Pitch,bias,0.038788,0,0.0913856551051139,0.0913856551051139,0.0916744340211151,-0.0002887789160011,0.0002887789160011,0.009697,0,0.0,0.0001749811694025,0,0,0,W10_N3_mean1.25x,10,3,1.25,1909,Pitch_hybrid_prediction,/home/tchowdh4/sensor_recovery_project/logs/extracted_csv/baseline_05_mixed_maneuver_ATT.csv,/home/tchowdh4/sensor_recovery_project/prediction_results_v9_trained_hybrid/baseline_05_mixed_maneuver_ATT_trained_hybrid_prediction_outputs.csv,0.0913856551051139,attacked_measurement,0.0,0.0
39.300107,baseline_05_mixed_maneuver,Pitch,bias,0.038788,0,0.0916360691189765,0.0916360691189765,0.0918238796293734,-0.0001878105103969,0.0001878105103969,0.009697,0,0.0,0.000176953151822,0,0,0,W10_N3_mean1.25x,10,3,1.25,1909,Pitch_hybrid_prediction,/home/tchowdh4/sensor_recovery_project/logs/extracted_csv/baseline_05_mixed_maneuver_ATT.csv,/home/tchowdh4/sensor_recovery_project/prediction_results_v9_trained_hybrid/baseline_05_mixed_maneuver_ATT_trained_hybrid_prediction_outputs.csv,0.0916360691189765,attacked_measurement,0.0,0.0
39.400067,baseline_05_mixed_maneuver,Pitch,bias,0.038788,0,0.0920734107494354,0.0920734107494354,0.0924014169722795,-0.000328006222844,0.000328006222844,0.009697,0,0.0,0.0001928055658936,0,0,0,W10_N3_mean1.25x,10,3,1.25,1909,Pitch_hybrid_prediction,/home/tchowdh4/sensor_recovery_project/logs/extracted_csv/baseline_05_mixed_maneuver_ATT.csv,/home/tchowdh4/sensor_recovery_project/prediction_results_v9_trained_hybrid/baseline_05_mixed_maneuver_ATT_trained_hybrid_prediction_outputs.csv,0.0920734107494354,attacked_measurement,0.0,0.0
39.500027,baseline_05_mixed_maneuver,Pitch,bias,0.038788,0,0.0922064706683158,0.0922064706683158,0.0923062656074761,-9.979493916029147e-05,9.979493916029147e-05,0.009697,0,0.0,0.0001839922741054,0,0,0,W10_N3_mean1.25x,10,3,1.25,1909,Pitch_hybrid_prediction,/home/tchowdh4/sensor_recovery_project/logs/extracted_csv/baseline_05_mixed_maneuver_ATT.csv,/home/tchowdh4/sensor_recovery_project/prediction_results_v9_trained_hybrid/baseline_05_mixed_maneuver_ATT_trained_hybrid_prediction_outputs.csv,0.0922064706683158,attacked_measurement,0.0,0.0
39.599987,baseline_05_mixed_maneuver,Pitch,bias,0.038788,0,0.0924523249268531,0.0924523249268531,0.092636715620756,-0.0001843906939028,0.0001843906939028,0.009697,0,0.0,0.000187849625945,0,0,0,W10_N3_mean1.25x,10,3,1.25,1909,Pitch_hybrid_prediction,/home/tchowdh4/sensor_recovery_project/logs/extracted_csv/baseline_05_mixed_maneuver_ATT.csv,/home/tchowdh4/sensor_recovery_project/prediction_results_v9_trained_hybrid/baseline_05_mixed_maneuver_ATT_trained_hybrid_prediction_outputs.csv,0.0924523249268531,attacked_measurement,0.0,0.0
39.699947,baseline_05_mixed_maneuver,Pitch,bias,0.038788,0,0.0927356630563736,0.0927356630563736,0.0929481666535139,-0.0002125035971402,0.0002125035971402,0.009697,0,0.0,0.0002020189538597,0,0,0,W10_N3_mean1.25x,10,3,1.25,1909,Pitch_hybrid_prediction,/home/tchowdh4/sensor_recovery_project/logs/extracted_csv/baseline_05_mixed_maneuver_ATT.csv,/home/tchowdh4/sensor_recovery_project/prediction_results_v9_trained_hybrid/baseline_05_mixed_maneuver_ATT_trained_hybrid_prediction_outputs.csv,0.0927356630563736,attacked_measurement,0.0,0.0
39.799907,baseline_05_mixed_maneuver,Pitch,bias,0.038788,0,0.0928808078169822,0.0928808078169822,0.0929896663874386,-0.0001088585704563,0.0001088585704563,0.009697,0,0.0,0.0001903412863611,0,0,0,W10_N3_mean1.25x,10,3,1.25,1909,Pitch_hybrid_prediction,/home/tchowdh4/sensor_recovery_project/logs/extracted_csv/baseline_05_mixed_maneuver_ATT.csv,/home/tchowdh4/sensor_recovery_project/prediction_results_v9_trained_hybrid/baseline_05_mixed_maneuver_ATT_trained_hybrid_prediction_outputs.csv,0.0928808078169822,attacked_measurement,0.0,0.0
39.899867,baseline_05_mixed_maneuver,Pitch,bias,0.038788,0,0.0932554751634597,0.0932554751634597,0.0935364756733178,-0.0002810005098581,0.0002810005098581,0.009697,0,0.0,0.0002061065286397,0,0,0,W10_N3_mean1.25x,10,3,1.25,1909,Pitch_hybrid_prediction,/home/tchowdh4/sensor_recovery_project/logs/extracted_csv/baseline_05_mixed_maneuver_ATT.csv,/home/tchowdh4/sensor_recovery_project/prediction_results_v9_trained_hybrid/baseline_05_mixed_maneuver_ATT_trained_hybrid_prediction_outputs.csv,0.0932554751634597,attacked_measurement,0.0,0.0
39.999827,baseline_05_mixed_maneuver,Pitch,bias,0.038788,0,0.0936769470572471,0.0936769470572471,0.0939930509775876,-0.0003161039203404,0.0003161039203404,0.009697,0,0.0,0.0002167923375963,0,0,0,W10_N3_mean1.25x,10,3,1.25,1909,Pitch_hybrid_prediction,/home/tchowdh4/sensor_recovery_project/logs/extracted_csv/baseline_05_mixed_maneuver_ATT.csv,/home/tchowdh4/sensor_recovery_project/prediction_results_v9_trained_hybrid/baseline_05_mixed_maneuver_ATT_trained_hybrid_prediction_outputs.csv,0.0936769470572471,attacked_measurement,0.0,0.0
40.10062,baseline_05_mixed_maneuver,Pitch,bias,0.038788,0,0.094089888036251,0.094089888036251,0.0943995937705039,-0.0003097057342529,0.0003097057342529,0.009697,0,0.0,0.0002316953614353,0,0,0,W10_N3_mean1.25x,10,3,1.25,1909,Pitch_hybrid_prediction,/home/tchowdh4/sensor_recovery_project/logs/extracted_csv/baseline_05_mixed_maneuver_ATT.csv,/home/tchowdh4/sensor_recovery_project/prediction_results_v9_trained_hybrid/baseline_05_mixed_maneuver_ATT_trained_hybrid_prediction_outputs.csv,0.094089888036251,attacked_measurement,0.0,0.0
40.20058,baseline_05_mixed_maneuver,Pitch,bias,0.038788,0,0.0940763354301452,0.0940763354301452,0.0940661709755658,1.0164454579394966e-05,1.0164454579394966e-05,0.009697,0,0.0,0.0002038339152931,0,0,0,W10_N3_mean1.25x,10,3,1.25,1909,Pitch_hybrid_prediction,/home/tchowdh4/sensor_recovery_project/logs/extracted_csv/baseline_05_mixed_maneuver_ATT.csv,/home/tchowdh4/sensor_recovery_project/prediction_results_v9_trained_hybrid/baseline_05_mixed_maneuver_ATT_trained_hybrid_prediction_outputs.csv,0.0940763354301452,attacked_measurement,0.0,0.0
40.30054,baseline_05_mixed_maneuver,Pitch,bias,0.038788,0,0.0942332968115806,0.0942332968115806,0.0943510178476571,-0.0001177210360765,0.0001177210360765,0.009697,0,0.0,0.0001968249678611,0,0,0,W10_N3_mean1.25x,10,3,1.25,1909,Pitch_hybrid_prediction,/home/tchowdh4/sensor_recovery_project/logs/extracted_csv/baseline_05_mixed_maneuver_ATT.csv,/home/tchowdh4/sensor_recovery_project/prediction_results_v9_trained_hybrid/baseline_05_mixed_maneuver_ATT_trained_hybrid_prediction_outputs.csv,0.0942332968115806,attacked_measurement,0.0,0.0
40.4005,baseline_05_mixed_maneuver,Pitch,bias,0.038788,0,0.0944516658782959,0.0944516658782959,0.0946154426783323,-0.0001637768000364,0.0001637768000364,0.009697,0,0.0,0.0001804020255803,0,0,0,W10_N3_mean1.25x,10,3,1.25,1909,Pitch_hybrid_prediction,/home/tchowdh4/sensor_recovery_project/logs/extracted_csv/baseline_05_mixed_maneuver_ATT.csv,/home/tchowdh4/sensor_recovery_project/prediction_results_v9_trained_hybrid/baseline_05_mixed_maneuver_ATT_trained_hybrid_prediction_outputs.csv,0.0944516658782959,attacked_measurement,0.0,0.0
40.50046,baseline_05_mixed_maneuver,Pitch,bias,0.038788,0,0.0947055742144584,0.0947055742144584,0.0948960054665802,-0.0001904312521218,0.0001904312521218,0.009697,0,0.0,0.0001894656568765,0,0,0,W10_N3_mean1.25x,10,3,1.25,1909,Pitch_hybrid_prediction,/home/tchowdh4/sensor_recovery_project/logs/extracted_csv/baseline_05_mixed_maneuver_ATT.csv,/home/tchowdh4/sensor_recovery_project/prediction_results_v9_trained_hybrid/baseline_05_mixed_maneuver_ATT_trained_hybrid_prediction_outputs.csv,0.0947055742144584,attacked_measurement,0.0,0.0
40.60042,baseline_05_mixed_maneuver,Pitch,bias,0.038788,0,0.0948704183101654,0.0948704183101654,0.0949940513819456,-0.0001236330717801,0.0001236330717801,0.009697,0,0.0,0.0001833898946642,0,0,0,W10_N3_mean1.25x,10,3,1.25,1909,Pitch_hybrid_prediction,/home/tchowdh4/sensor_recovery_project/logs/extracted_csv/baseline_05_mixed_maneuver_ATT.csv,/home/tchowdh4/sensor_recovery_project/prediction_results_v9_trained_hybrid/baseline_05_mixed_maneuver_ATT_trained_hybrid_prediction_outputs.csv,0.0948704183101654,attacked_measurement,0.0,0.0
40.70038,baseline_05_mixed_maneuver,Pitch,bias,0.038788,0,0.0951017364859581,0.0951017364859581,0.0952752251178026,-0.0001734886318445,0.0001734886318445,0.009697,0,0.0,0.0001794883981346,0,0,0,W10_N3_mean1.25x,10,3,1.25,1909,Pitch_hybrid_prediction,/home/tchowdh4/sensor_recovery_project/logs/extracted_csv/baseline_05_mixed_maneuver_ATT.csv,/home/tchowdh4/sensor_recovery_project/prediction_results_v9_trained_hybrid/baseline_05_mixed_maneuver_ATT_trained_hybrid_prediction_outputs.csv,0.0951017364859581,attacked_measurement,0.0,0.0
40.80034,baseline_05_mixed_maneuver,Pitch,bias,0.038788,0,0.0952279418706893,0.0952279418706893,0.0953225959092377,-9.465403854840015e-05,9.465403854840015e-05,0.009697,0,0.0,0.0001780679449438,0,0,0,W10_N3_mean1.25x,10,3,1.25,1909,Pitch_hybrid_prediction,/home/tchowdh4/sensor_recovery_project/logs/extracted_csv/baseline_05_mixed_maneuver_ATT.csv,/home/tchowdh4/sensor_recovery_project/prediction_results_v9_trained_hybrid/baseline_05_mixed_maneuver_ATT_trained_hybrid_prediction_outputs.csv,0.0952279418706893,attacked_measurement,0.0,0.0
40.9003,baseline_05_mixed_maneuver,Pitch,bias,0.038788,0,0.0953825712203979,0.0953825712203979,0.0954985432326793,-0.0001159720122814,0.0001159720122814,0.009697,0,0.0,0.0001615650951862,0,0,0,W10_N3_mean1.25x,10,3,1.25,1909,Pitch_hybrid_prediction,/home/tchowdh4/sensor_recovery_project/logs/extracted_csv/baseline_05_mixed_maneuver_ATT.csv,/home/tchowdh4/sensor_recovery_project/prediction_results_v9_trained_hybrid/baseline_05_mixed_maneuver_ATT_trained_hybrid_prediction_outputs.csv,0.0953825712203979,attacked_measurement,0.0,0.0
41.00026,baseline_05_mixed_maneuver,Pitch,bias,0.038788,0,0.0954027697443962,0.0954027697443962,0.0954179186373949,-1.5148892998709251e-05,1.5148892998709251e-05,0.009697,0,0.0,0.000131469592452,0,0,0,W10_N3_mean1.25x,10,3,1.25,1909,Pitch_hybrid_prediction,/home/tchowdh4/sensor_recovery_project/logs/extracted_csv/baseline_05_mixed_maneuver_ATT.csv,/home/tchowdh4/sensor_recovery_project/prediction_results_v9_trained_hybrid/baseline_05_mixed_maneuver_ATT_trained_hybrid_prediction_outputs.csv,0.0954027697443962,attacked_measurement,0.0,0.0
41.10022,baseline_05_mixed_maneuver,Pitch,bias,0.038788,0,0.0955815389752388,0.0955815389752388,0.0957156158983707,-0.0001340769231319,0.0001340769231319,0.009697,0,0.0,0.0001139067113399,0,0,0,W10_N3_mean1.25x,10,3,1.25,1909,Pitch_hybrid_prediction,/home/tchowdh4/sensor_recovery_project/logs/extracted_csv/baseline_05_mixed_maneuver_ATT.csv,/home/tchowdh4/sensor_recovery_project/prediction_results_v9_trained_hybrid/baseline_05_mixed_maneuver_ATT_trained_hybrid_prediction_outputs.csv,0.0955815389752388,attacked_measurement,0.0,0.0
41.20018,baseline_05_mixed_maneuver,Pitch,bias,0.038788,0,0.0956949815154075,0.0956949815154075,0.095780063420534,-8.508190512648839e-05,8.508190512648839e-05,0.009697,0,0.0,0.0001213984563946,0,0,0,W10_N3_mean1.25x,10,3,1.25,1909,Pitch_hybrid_prediction,/home/tchowdh4/sensor_recovery_project/logs/extracted_csv/baseline_05_mixed_maneuver_ATT.csv,/home/tchowdh4/sensor_recovery_project/prediction_results_v9_trained_hybrid/baseline_05_mixed_maneuver_ATT_trained_hybrid_prediction_outputs.csv,0.0956949815154075,attacked_measurement,0.0,0.0
41.30014,baseline_05_mixed_maneuver,Pitch,bias,0.038788,0,0.095756284892559,0.095756284892559,0.0958022624254226,-4.5977532863603066e-05,4.5977532863603066e-05,0.009697,0,0.0,0.0001142241060733,0,0,0,W10_N3_mean1.25x,10,3,1.25,1909,Pitch_hybrid_prediction,/home/tchowdh4/sensor_recovery_project/logs/extracted_csv/baseline_05_mixed_maneuver_ATT.csv,/home/tchowdh4/sensor_recovery_project/prediction_results_v9_trained_hybrid/baseline_05_mixed_maneuver_ATT_trained_hybrid_prediction_outputs.csv,0.095756284892559,attacked_measurement,0.0,0.0
41.4001,baseline_05_mixed_maneuver,Pitch,bias,0.038788,0,0.0959618613123893,0.0959618613123893,0.096116043627262,-0.0001541823148727,0.0001541823148727,0.009697,0,0.0,0.0001132646575569,0,0,0,W10_N3_mean1.25x,10,3,1.25,1909,Pitch_hybrid_prediction,/home/tchowdh4/sensor_recovery_project/logs/extracted_csv/baseline_05_mixed_maneuver_ATT.csv,/home/tchowdh4/sensor_recovery_project/prediction_results_v9_trained_hybrid/baseline_05_mixed_maneuver_ATT_trained_hybrid_prediction_outputs.csv,0.0959618613123893,attacked_measurement,0.0,0.0
41.50006,baseline_05_mixed_maneuver,Pitch,bias,0.038788,0,0.0960806757211685,0.0960806757211685,0.0961697865277529,-8.911080658439985e-05,8.911080658439985e-05,0.009697,0,0.0,0.0001031326130032,0,0,0,W10_N3_mean1.25x,10,3,1.25,1909,Pitch_hybrid_prediction,/home/tchowdh4/sensor_recovery_project/logs/extracted_csv/baseline_05_mixed_maneuver_ATT.csv,/home/tchowdh4/sensor_recovery_project/prediction_results_v9_trained_hybrid/baseline_05_mixed_maneuver_ATT_trained_hybrid_prediction_outputs.csv,0.0960806757211685,attacked_measurement,0.0,0.0
41.60002,baseline_05_mixed_maneuver,Pitch,bias,0.038788,0,0.0960059985518455,0.0960059985518455,0.0959499906748532,5.600787699229504e-05,5.600787699229504e-05,0.009697,0,0.0,9.637009352444076e-05,0,0,0,W10_N3_mean1.25x,10,3,1.25,1909,Pitch_hybrid_prediction,/home/tchowdh4/sensor_recovery_project/logs/extracted_csv/baseline_05_mixed_maneuver_ATT.csv,/home/tchowdh4/sensor_recovery_project/prediction_results_v9_trained_hybrid/baseline_05_mixed_maneuver_ATT_trained_hybrid_prediction_outputs.csv,0.0960059985518455,attacked_measurement,0.0,0.0
41.69998,baseline_05_mixed_maneuver,Pitch,bias,0.038788,0,0.096185527741909,0.096185527741909,0.0963201746344566,-0.0001346468925476,0.0001346468925476,0.009697,0,0.0,9.248591959475085e-05,0,0,0,W10_N3_mean1.25x,10,3,1.25,1909,Pitch_hybrid_prediction,/home/tchowdh4/sensor_recovery_project/logs/extracted_csv/baseline_05_mixed_maneuver_ATT.csv,/home/tchowdh4/sensor_recovery_project/prediction_results_v9_trained_hybrid/baseline_05_mixed_maneuver_ATT_trained_hybrid_prediction_outputs.csv,0.096185527741909,attacked_measurement,0.0,0.0
41.79994,baseline_05_mixed_maneuver,Pitch,bias,0.038788,0,0.0962911173701286,0.0962911173701286,0.0963703095912933,-7.919222116468949e-05,7.919222116468949e-05,0.009697,0,0.0,9.093973785637976e-05,0,0,0,W10_N3_mean1.25x,10,3,1.25,1909,Pitch_hybrid_prediction,/home/tchowdh4/sensor_recovery_project/logs/extracted_csv/baseline_05_mixed_maneuver_ATT.csv,/home/tchowdh4/sensor_recovery_project/prediction_results_v9_trained_hybrid/baseline_05_mixed_maneuver_ATT_trained_hybrid_prediction_outputs.csv,0.0962911173701286,attacked_measurement,0.0,0.0
41.8999,baseline_05_mixed_maneuver,Pitch,bias,0.038788,0,0.0966555178165435,0.0966555178165435,0.0969288181513546,-0.000273300334811,0.000273300334811,0.009697,0,0.0,0.0001066725701093,0,0,0,W10_N3_mean1.25x,10,3,1.25,1909,Pitch_hybrid_prediction,/home/tchowdh4/sensor_recovery_project/logs/extracted_csv/baseline_05_mixed_maneuver_ATT.csv,/home/tchowdh4/sensor_recovery_project/prediction_results_v9_trained_hybrid/baseline_05_mixed_maneuver_ATT_trained_hybrid_prediction_outputs.csv,0.0966555178165435,attacked_measurement,0.0,0.0
41.99986,baseline_05_mixed_maneuver,Pitch,bias,0.038788,0,0.09654151648283,0.09654151648283,0.0964560154825448,8.550100028520413e-05,8.550100028520413e-05,0.009697,0,0.0,0.0001137077808379,0,0,0,W10_N3_mean1.25x,10,3,1.25,1909,Pitch_hybrid_prediction,/home/tchowdh4/sensor_recovery_project/logs/extracted_csv/baseline_05_mixed_maneuver_ATT.csv,/home/tchowdh4/sensor_recovery_project/prediction_results_v9_trained_hybrid/baseline_05_mixed_maneuver_ATT_trained_hybrid_prediction_outputs.csv,0.09654151648283,attacked_measurement,0.0,0.0
42.09982,baseline_05_mixed_maneuver,Pitch,bias,0.038788,0,0.0965176224708557,0.0965176224708557,0.0964997019618749,1.792050898079267e-05,1.792050898079267e-05,0.009697,0,0.0,0.0001020921394228,0,0,0,W10_N3_mean1.25x,10,3,1.25,1909,Pitch_hybrid_prediction,/home/tchowdh4/sensor_recovery_project/logs/extracted_csv/baseline_05_mixed_maneuver_ATT.csv,/home/tchowdh4/sensor_recovery_project/prediction_results_v9_trained_hybrid/baseline_05_mixed_maneuver_ATT_trained_hybrid_prediction_outputs.csv,0.0965176224708557,attacked_measurement,0.0,0.0
42.200613,baseline_05_mixed_maneuver,Pitch,bias,0.038788,0,0.0965479090809822,0.0965479090809822,0.096570624038577,-2.271495759480213e-05,2.271495759480213e-05,0.009697,0,0.0,9.585544466971936e-05,0,0,0,W10_N3_mean1.25x,10,3,1.25,1909,Pitch_hybrid_prediction,/home/tchowdh4/sensor_recovery_project/logs/extracted_csv/baseline_05_mixed_maneuver_ATT.csv,/home/tchowdh4/sensor_recovery_project/prediction_results_v9_trained_hybrid/baseline_05_mixed_maneuver_ATT_trained_hybrid_prediction_outputs.csv,0.0965479090809822,attacked_measurement,0.0,0.0
42.300573,baseline_05_mixed_maneuver,Pitch,bias,0.038788,0,0.096429131925106,0.096429131925106,0.0963400490581988,8.908286690718914e-05,8.908286690718914e-05,0.009697,0,0.0,0.000100165978074,0,0,0,W10_N3_mean1.25x,10,3,1.25,1909,Pitch_hybrid_prediction,/home/tchowdh4/sensor_recovery_project/logs/extracted_csv/baseline_05_mixed_maneuver_ATT.csv,/home/tchowdh4/sensor_recovery_project/prediction_results_v9_trained_hybrid/baseline_05_mixed_maneuver_ATT_trained_hybrid_prediction_outputs.csv,0.096429131925106,attacked_measurement,0.0,0.0
42.400533,baseline_05_mixed_maneuver,Pitch,bias,0.038788,0,0.0962576121091842,0.0962576121091842,0.0961289722472428,0.0001286398619413,0.0001286398619413,0.009697,0,0.0,9.761173278094726e-05,0,0,0,W10_N3_mean1.25x,10,3,1.25,1909,Pitch_hybrid_prediction,/home/tchowdh4/sensor_recovery_project/logs/extracted_csv/baseline_05_mixed_maneuver_ATT.csv,/home/tchowdh4/sensor_recovery_project/prediction_results_v9_trained_hybrid/baseline_05_mixed_maneuver_ATT_trained_hybrid_prediction_outputs.csv,0.0962576121091842,attacked_measurement,0.0,0.0
42.500493,baseline_05_mixed_maneuver,Pitch,bias,0.038788,0,0.0962865203619003,0.0962865203619003,0.0963082015514373,-2.168118953699283e-05,2.168118953699283e-05,0.009697,0,0.0,9.086877107620656e-05,0,0,0,W10_N3_mean1.25x,10,3,1.25,1909,Pitch_hybrid_prediction,/home/tchowdh4/sensor_recovery_project/logs/extracted_csv/baseline_05_mixed_maneuver_ATT.csv,/home/tchowdh4/sensor_recovery_project/prediction_results_v9_trained_hybrid/baseline_05_mixed_maneuver_ATT_trained_hybrid_prediction_outputs.csv,0.0962865203619003,attacked_measurement,0.0,0.0
42.600453,baseline_05_mixed_maneuver,Pitch,bias,0.038788,0,0.0962446853518486,0.0962446853518486,0.0962133090943098,3.137625753879547e-05,3.137625753879547e-05,0.009697,0,0.0,8.84056091308566e-05,0,0,0,W10_N3_mean1.25x,10,3,1.25,1909,Pitch_hybrid_prediction,/home/tchowdh4/sensor_recovery_project/logs/extracted_csv/baseline_05_mixed_maneuver_ATT.csv,/home/tchowdh4/sensor_recovery_project/prediction_results_v9_trained_hybrid/baseline_05_mixed_maneuver_ATT_trained_hybrid_prediction_outputs.csv,0.0962446853518486,attacked_measurement,0.0,0.0
42.700413,baseline_05_mixed_maneuver,Pitch,bias,0.038788,0,0.0961970761418342,0.0961970761418342,0.0961613692343234,3.570690751079908e-05,3.570690751079908e-05,0.009697,0,0.0,7.851161062717577e-05,0,0,0,W10_N3_mean1.25x,10,3,1.25,1909,Pitch_hybrid_prediction,/home/tchowdh4/sensor_recovery_project/logs/extracted_csv/baseline_05_mixed_maneuver_ATT.csv,/home/tchowdh4/sensor_recovery_project/prediction_results_v9_trained_hybrid/baseline_05_mixed_maneuver_ATT_trained_hybrid_prediction_outputs.csv,0.0961970761418342,attacked_measurement,0.0,0.0
42.800373,baseline_05_mixed_maneuver,Pitch,bias,0.038788,0,0.0961483269929885,0.0961483269929885,0.0961117651313542,3.656186163430997e-05,3.656186163430997e-05,0.009697,0,0.0,7.424857467413781e-05,0,0,0,W10_N3_mean1.25x,10,3,1.25,1909,Pitch_hybrid_prediction,/home/tchowdh4/sensor_recovery_project/logs/extracted_csv/baseline_05_mixed_maneuver_ATT.csv,/home/tchowdh4/sensor_recovery_project/prediction_results_v9_trained_hybrid/baseline_05_mixed_maneuver_ATT_trained_hybrid_prediction_outputs.csv,0.0961483269929885,attacked_measurement,0.0,0.0
42.900333,baseline_05_mixed_maneuver,Pitch,bias,0.038788,0,0.0961469560861587,0.0961469560861587,0.0961459279060363,1.028180122403244e-06,1.028180122403244e-06,0.009697,0,0.0,4.702135920526817e-05,0,0,0,W10_N3_mean1.25x,10,3,1.25,1909,Pitch_hybrid_prediction,/home/tchowdh4/sensor_recovery_project/logs/extracted_csv/baseline_05_mixed_maneuver_ATT.csv,/home/tchowdh4/sensor_recovery_project/prediction_results_v9_trained_hybrid/baseline_05_mixed_maneuver_ATT_trained_hybrid_prediction_outputs.csv,0.0961469560861587,attacked_measurement,0.0,0.0
43.000293,baseline_05_mixed_maneuver,Pitch,bias,0.038788,0,0.0963423103094101,0.0963423103094101,0.0964888259768486,-0.0001465156674385,0.0001465156674385,0.009697,0,0.0,5.312282592059847e-05,0,0,0,W10_N3_mean1.25x,10,3,1.25,1909,Pitch_hybrid_prediction,/home/tchowdh4/sensor_recovery_project/logs/extracted_csv/baseline_05_mixed_maneuver_ATT.csv,/home/tchowdh4/sensor_recovery_project/prediction_results_v9_trained_hybrid/baseline_05_mixed_maneuver_ATT_trained_hybrid_prediction_outputs.csv,0.0963423103094101,attacked_measurement,0.0,0.0
43.100253,baseline_05_mixed_maneuver,Pitch,bias,0.038788,0,0.0961990803480148,0.0961990803480148,0.0960916578769683,0.0001074224710465,0.0001074224710465,0.009697,0,0.0,6.207302212716954e-05,0,0,0,W10_N3_mean1.25x,10,3,1.25,1909,Pitch_hybrid_prediction,/home/tchowdh4/sensor_recovery_project/logs/extracted_csv/baseline_05_mixed_maneuver_ATT.csv,/home/tchowdh4/sensor_recovery_project/prediction_results_v9_trained_hybrid/baseline_05_mixed_maneuver_ATT_trained_hybrid_prediction_outputs.csv,0.0961990803480148,attacked_measurement,0.0,0.0
43.200213,baseline_05_mixed_maneuver,Pitch,bias,0.038788,0,0.0961538404226303,0.0961538404226303,0.0961199104785919,3.392994403839111e-05,3.392994403839111e-05,0.009697,0,0.0,6.319452077152843e-05,0,0,0,W10_N3_mean1.25x,10,3,1.25,1909,Pitch_hybrid_prediction,/home/tchowdh4/sensor_recovery_project/logs/extracted_csv/baseline_05_mixed_maneuver_ATT.csv,/home/tchowdh4/sensor_recovery_project/prediction_results_v9_trained_hybrid/baseline_05_mixed_maneuver_ATT_trained_hybrid_prediction_outputs.csv,0.0961538404226303,attacked_measurement,0.0,0.0
43.300173,baseline_05_mixed_maneuver,Pitch,bias,0.038788,0,0.0961444452404975,0.0961444452404975,0.0961373988538979,7.046386599610099e-06,7.046386599610099e-06,0.009697,0,0.0,5.499087274077052e-05,0,0,0,W10_N3_mean1.25x,10,3,1.25,1909,Pitch_hybrid_prediction,/home/tchowdh4/sensor_recovery_project/logs/extracted_csv/baseline_05_mixed_maneuver_ATT.csv,/home/tchowdh4/sensor_recovery_project/prediction_results_v9_trained_hybrid/baseline_05_mixed_maneuver_ATT_trained_hybrid_prediction_outputs.csv,0.0961444452404975,attacked_measurement,0.0,0.0
43.400133,baseline_05_mixed_maneuver,Pitch,bias,0.038788,0,0.0958987176418304,0.0958987176418304,0.09571442194283,0.0001842956990004,0.0001842956990004,0.009697,0,0.0,6.055645644667124e-05,0,0,0,W10_N3_mean1.25x,10,3,1.25,1909,Pitch_hybrid_prediction,/home/tchowdh4/sensor_recovery_project/logs/extracted_csv/baseline_05_mixed_maneuver_ATT.csv,/home/tchowdh4/sensor_recovery_project/prediction_results_v9_trained_hybrid/baseline_05_mixed_maneuver_ATT_trained_hybrid_prediction_outputs.csv,0.0958987176418304,attacked_measurement,0.0,0.0
43.500093,baseline_05_mixed_maneuver,Pitch,bias,0.038788,0,0.095692329108715,0.095692329108715,0.0955375377088784,0.0001547913998365,0.0001547913998365,0.009697,0,0.0,7.386747747663153e-05,0,0,0,W10_N3_mean1.25x,10,3,1.25,1909,Pitch_hybrid_prediction,/home/tchowdh4/sensor_recovery_project/logs/extracted_csv/baseline_05_mixed_maneuver_ATT.csv,/home/tchowdh4/sensor_recovery_project/prediction_results_v9_trained_hybrid/baseline_05_mixed_maneuver_ATT_trained_hybrid_prediction_outputs.csv,0.095692329108715,attacked_measurement,0.0,0.0
43.600053,baseline_05_mixed_maneuver,Pitch,bias,0.038788,0,0.0954048410058021,0.0954048410058021,0.0951892249286174,0.0002156160771847,0.0002156160771847,0.009697,0,0.0,9.229145944122248e-05,0,0,0,W10_N3_mean1.25x,10,3,1.25,1909,Pitch_hybrid_prediction,/home/tchowdh4/sensor_recovery_project/logs/extracted_csv/baseline_05_mixed_maneuver_ATT.csv,/home/tchowdh4/sensor_recovery_project/prediction_results_v9_trained_hybrid/baseline_05_mixed_maneuver_ATT_trained_hybrid_prediction_outputs.csv,0.0954048410058021,attacked_measurement,0.0,0.0
43.700013,baseline_05_mixed_maneuver,Pitch,bias,0.038788,0,0.0954166203737258,0.0954166203737258,0.0954254548996685,-8.834525942705285e-06,8.834525942705285e-06,0.009697,0,0.0,8.96042212844131e-05,0,0,0,W10_N3_mean1.25x,10,3,1.25,1909,Pitch_hybrid_prediction,/home/tchowdh4/sensor_recovery_project/logs/extracted_csv/baseline_05_mixed_maneuver_ATT.csv,/home/tchowdh4/sensor_recovery_project/prediction_results_v9_trained_hybrid/baseline_05_mixed_maneuver_ATT_trained_hybrid_prediction_outputs.csv,0.0954166203737258,attacked_measurement,0.0,0.0
43.799973,baseline_05_mixed_maneuver,Pitch,bias,0.038788,0,0.0952624529600143,0.0952624529600143,0.0951468273997306,0.0001156255602837,0.0001156255602837,0.009697,0,0.0,9.751059114935236e-05,0,0,0,W10_N3_mean1.25x,10,3,1.25,1909,Pitch_hybrid_prediction,/home/tchowdh4/sensor_recovery_project/logs/extracted_csv/baseline_05_mixed_maneuver_ATT.csv,/home/tchowdh4/sensor_recovery_project/prediction_results_v9_trained_hybrid/baseline_05_mixed_maneuver_ATT_trained_hybrid_prediction_outputs.csv,0.0952624529600143,attacked_measurement,0.0,0.0
43.899933,baseline_05_mixed_maneuver,Pitch,bias,0.038788,0,0.0954396501183509,0.0954396501183509,0.0955725479871033,-0.0001328978687523,0.0001328978687523,0.009697,0,0.0,0.0001106975600123,0,0,0,W10_N3_mean1.25x,10,3,1.25,1909,Pitch_hybrid_prediction,/home/tchowdh4/sensor_recovery_project/logs/extracted_csv/baseline_05_mixed_maneuver_ATT.csv,/home/tchowdh4/sensor_recovery_project/prediction_results_v9_trained_hybrid/baseline_05_mixed_maneuver_ATT_trained_hybrid_prediction_outputs.csv,0.0954396501183509,attacked_measurement,0.0,0.0
43.999893,baseline_05_mixed_maneuver,Pitch,bias,0.038788,0,0.0953707545995712,0.0953707545995712,0.0953190829604864,5.16716390848021e-05,5.16716390848021e-05,0.009697,0,0.0,0.0001012131571769,0,0,0,W10_N3_mean1.25x,10,3,1.25,1909,Pitch_hybrid_prediction,/home/tchowdh4/sensor_recovery_project/logs/extracted_csv/baseline_05_mixed_maneuver_ATT.csv,/home/tchowdh4/sensor_recovery_project/prediction_results_v9_trained_hybrid/baseline_05_mixed_maneuver_ATT_trained_hybrid_prediction_outputs.csv,0.0953707545995712,attacked_measurement,0.0,0.0
44.099853,baseline_05_mixed_maneuver,Pitch,bias,0.038788,0,0.0952244400978088,0.0952244400978088,0.0951147042214869,0.0001097358763218,0.0001097358763218,0.009697,0,0.0,0.0001014444977045,0,0,0,W10_N3_mean1.25x,10,3,1.25,1909,Pitch_hybrid_prediction,/home/tchowdh4/sensor_recovery_project/logs/extracted_csv/baseline_05_mixed_maneuver_ATT.csv,/home/tchowdh4/sensor_recovery_project/prediction_results_v9_trained_hybrid/baseline_05_mixed_maneuver_ATT_trained_hybrid_prediction_outputs.csv,0.0952244400978088,attacked_measurement,0.0,0.0
44.199813,baseline_05_mixed_maneuver,Pitch,bias,0.038788,0,0.0949603840708732,0.0949603840708732,0.0947623420506715,0.0001980420202017,0.0001980420202017,0.009697,0,0.0,0.0001178557053208,0,0,0,W10_N3_mean1.25x,10,3,1.25,1909,Pitch_hybrid_prediction,/home/tchowdh4/sensor_recovery_project/logs/extracted_csv/baseline_05_mixed_maneuver_ATT.csv,/home/tchowdh4/sensor_recovery_project/prediction_results_v9_trained_hybrid/baseline_05_mixed_maneuver_ATT_trained_hybrid_prediction_outputs.csv,0.0949603840708732,attacked_measurement,0.0,0.0
44.300606,baseline_05_mixed_maneuver,Pitch,bias,0.038788,0,0.094735749065876,0.094735749065876,0.0945672728121281,0.0001684762537478,0.0001684762537478,0.009697,0,0.0,0.0001339986920356,0,0,0,W10_N3_mean1.25x,10,3,1.25,1909,Pitch_hybrid_prediction,/home/tchowdh4/sensor_recovery_project/logs/extracted_csv/baseline_05_mixed_maneuver_ATT.csv,/home/tchowdh4/sensor_recovery_project/prediction_results_v9_trained_hybrid/baseline_05_mixed_maneuver_ATT_trained_hybrid_prediction_outputs.csv,0.094735749065876,attacked_measurement,0.0,0.0
44.400566,baseline_05_mixed_maneuver,Pitch,bias,0.038788,0,0.094621904194355,0.094621904194355,0.0945365205407142,8.538365364080258e-05,8.538365364080258e-05,0.009697,0,0.0,0.0001241074874997,0,0,0,W10_N3_mean1.25x,10,3,1.25,1909,Pitch_hybrid_prediction,/home/tchowdh4/sensor_recovery_project/logs/extracted_csv/baseline_05_mixed_maneuver_ATT.csv,/home/tchowdh4/sensor_recovery_project/prediction_results_v9_trained_hybrid/baseline_05_mixed_maneuver_ATT_trained_hybrid_prediction_outputs.csv,0.094621904194355,attacked_measurement,0.0,0.0
44.500526,baseline_05_mixed_maneuver,Pitch,bias,0.038788,0,0.0941422656178474,0.0941422656178474,0.0937825366854667,0.0003597289323807,0.0003597289323807,0.009697,0,0.0,0.0001446012407541,0,0,0,W10_N3_mean1.25x,10,3,1.25,1909,Pitch_hybrid_prediction,/home/tchowdh4/sensor_recovery_project/logs/extracted_csv/baseline_05_mixed_maneuver_ATT.csv,/home/tchowdh4/sensor_recovery_project/prediction_results_v9_trained_hybrid/baseline_05_mixed_maneuver_ATT_trained_hybrid_prediction_outputs.csv,0.0941422656178474,attacked_measurement,0.0,0.0
44.600486,baseline_05_mixed_maneuver,Pitch,bias,0.038788,0,0.0939754620194435,0.0939754620194435,0.0938503593206405,0.000125102698803,0.000125102698803,0.009697,0,0.0,0.0001355499029159,0,0,0,W10_N3_mean1.25x,10,3,1.25,1909,Pitch_hybrid_prediction,/home/tchowdh4/sensor_recovery_project/logs/extracted_csv/baseline_05_mixed_maneuver_ATT.csv,/home/tchowdh4/sensor_recovery_project/prediction_results_v9_trained_hybrid/baseline_05_mixed_maneuver_ATT_trained_hybrid_prediction_outputs.csv,0.0939754620194435,attacked_measurement,0.0,0.0
44.700446,baseline_05_mixed_maneuver,Pitch,bias,0.038788,0,0.0937670320272445,0.0937670320272445,0.0936107095330952,0.0001563224941493,0.0001563224941493,0.009697,0,0.0,0.0001502986997366,0,0,0,W10_N3_mean1.25x,10,3,1.25,1909,Pitch_hybrid_prediction,/home/tchowdh4/sensor_recovery_project/logs/extracted_csv/baseline_05_mixed_maneuver_ATT.csv,/home/tchowdh4/sensor_recovery_project/prediction_results_v9_trained_hybrid/baseline_05_mixed_maneuver_ATT_trained_hybrid_prediction_outputs.csv,0.0937670320272445,attacked_measurement,0.0,0.0
44.800406,baseline_05_mixed_maneuver,Pitch,bias,0.038788,0,0.0934615954756736,0.0934615954756736,0.0932325180619954,0.0002290774136782,0.0002290774136782,0.009697,0,0.0,0.000161643885076,0,0,0,W10_N3_mean1.25x,10,3,1.25,1909,Pitch_hybrid_prediction,/home/tchowdh4/sensor_recovery_project/logs/extracted_csv/baseline_05_mixed_maneuver_ATT.csv,/home/tchowdh4/sensor_recovery_project/prediction_results_v9_trained_hybrid/baseline_05_mixed_maneuver_ATT_trained_hybrid_prediction_outputs.csv,0.0934615954756736,attacked_measurement,0.0,0.0
44.900366,baseline_05_mixed_maneuver,Pitch,bias,0.038788,0,0.0932651460170745,0.0932651460170745,0.0931178089231251,0.0001473370939494,0.0001473370939494,0.009697,0,0.0,0.0001630878075957,0,0,0,W10_N3_mean1.25x,10,3,1.25,1909,Pitch_hybrid_prediction,/home/tchowdh4/sensor_recovery_project/logs/extracted_csv/baseline_05_mixed_maneuver_ATT.csv,/home/tchowdh4/sensor_recovery_project/prediction_results_v9_trained_hybrid/baseline_05_mixed_maneuver_ATT_trained_hybrid_prediction_outputs.csv,0.0932651460170745,attacked_measurement,0.0,0.0
45.000326,baseline_05_mixed_maneuver,Pitch,bias,0.038788,0,0.0930242836475372,0.0930242836475372,0.0928436368703842,0.000180646777153,0.000180646777153,0.009697,0,0.0,0.0001759853214025,0,0,0,W10_N3_mean1.25x,10,3,1.25,1909,Pitch_hybrid_prediction,/home/tchowdh4/sensor_recovery_project/logs/extracted_csv/baseline_05_mixed_maneuver_ATT.csv,/home/tchowdh4/sensor_recovery_project/prediction_results_v9_trained_hybrid/baseline_05_mixed_maneuver_ATT_trained_hybrid_prediction_outputs.csv,0.0930242836475372,attacked_measurement,0.0,0.0
45.100286,baseline_05_mixed_maneuver,Pitch,bias,0.038788,0,0.0926833376288414,0.0926833376288414,0.0924276281148195,0.0002557095140219,0.0002557095140219,0.009697,0,0.0,0.0001905826851725,0,0,0,W10_N3_mean1.25x,10,3,1.25,1909,Pitch_hybrid_prediction,/home/tchowdh4/sensor_recovery_project/logs/extracted_csv/baseline_05_mixed_maneuver_ATT.csv,/home/tchowdh4/sensor_recovery_project/prediction_results_v9_trained_hybrid/baseline_05_mixed_maneuver_ATT_trained_hybrid_prediction_outputs.csv,0.0926833376288414,attacked_measurement,0.0,0.0
45.200246,baseline_05_mixed_maneuver,Pitch,bias,0.038788,0,0.0920615494251251,0.0920615494251251,0.0915952082723378,0.0004663411527872,0.0004663411527872,0.009697,0,0.0,0.0002174125984311,0,0,0,W10_N3_mean1.25x,10,3,1.25,1909,Pitch_hybrid_prediction,/home/tchowdh4/sensor_recovery_project/logs/extracted_csv/baseline_05_mixed_maneuver_ATT.csv,/home/tchowdh4/sensor_recovery_project/prediction_results_v9_trained_hybrid/baseline_05_mixed_maneuver_ATT_trained_hybrid_prediction_outputs.csv,0.0920615494251251,attacked_measurement,0.0,0.0
45.300206,baseline_05_mixed_maneuver,Pitch,bias,0.038788,0,0.0917618572711944,0.0917618572711944,0.0915370881557463,0.0002247691154481,0.0002247691154481,0.009697,0,0.0,0.0002230418846011,0,0,0,W10_N3_mean1.25x,10,3,1.25,1909,Pitch_hybrid_prediction,/home/tchowdh4/sensor_recovery_project/logs/extracted_csv/baseline_05_mixed_maneuver_ATT.csv,/home/tchowdh4/sensor_recovery_project/prediction_results_v9_trained_hybrid/baseline_05_mixed_maneuver_ATT_trained_hybrid_prediction_outputs.csv,0.0917618572711944,attacked_measurement,0.0,0.0
45.400166,baseline_05_mixed_maneuver,Pitch,bias,0.038788,0,0.0912417247891426,0.0912417247891426,0.0908516254276037,0.0003900993615389,0.0003900993615389,0.009697,0,0.0,0.0002535134553909,0,0,0,W10_N3_mean1.25x,10,3,1.25,1909,Pitch_hybrid_prediction,/home/tchowdh4/sensor_recovery_project/logs/extracted_csv/baseline_05_mixed_maneuver_ATT.csv,/home/tchowdh4/sensor_recovery_project/prediction_results_v9_trained_hybrid/baseline_05_mixed_maneuver_ATT_trained_hybrid_prediction_outputs.csv,0.0912417247891426,attacked_measurement,0.0,0.0
45.500126,baseline_05_mixed_maneuver,Pitch,bias,0.038788,0,0.0904856920242309,0.0904856920242309,0.0899186674505471,0.0005670245736838,0.0005670245736838,0.009697,0,0.0,0.0002742430195212,0,0,0,W10_N3_mean1.25x,10,3,1.25,1909,Pitch_hybrid_prediction,/home/tchowdh4/sensor_recovery_project/logs/extracted_csv/baseline_05_mixed_maneuver_ATT.csv,/home/tchowdh4/sensor_recovery_project/prediction_results_v9_trained_hybrid/baseline_05_mixed_maneuver_ATT_trained_hybrid_prediction_outputs.csv,0.0904856920242309,attacked_measurement,0.0,0.0
45.600086,baseline_05_mixed_maneuver,Pitch,bias,0.038788,0,0.0899888277053833,0.0899888277053833,0.0896161794662476,0.0003726482391357,0.0003726482391357,0.009697,0,0.0,0.0002989975735545,0,0,0,W10_N3_mean1.25x,10,3,1.25,1909,Pitch_hybrid_prediction,/home/tchowdh4/sensor_recovery_project/logs/extracted_csv/baseline_05_mixed_maneuver_ATT.csv,/home/tchowdh4/sensor_recovery_project/prediction_results_v9_trained_hybrid/baseline_05_mixed_maneuver_ATT_trained_hybrid_prediction_outputs.csv,0.0899888277053833,attacked_measurement,0.0,0.0
45.700046,baseline_05_mixed_maneuver,Pitch,bias,0.038788,0,0.089576169848442,0.089576169848442,0.089266676455736,0.000309493392706,0.000309493392706,0.009697,0,0.0,0.0003143146634102,0,0,0,W10_N3_mean1.25x,10,3,1.25,1909,Pitch_hybrid_prediction,/home/tchowdh4/sensor_recovery_project/logs/extracted_csv/baseline_05_mixed_maneuver_ATT.csv,/home/tchowdh4/sensor_recovery_project/prediction_results_v9_trained_hybrid/baseline_05_mixed_maneuver_ATT_trained_hybrid_prediction_outputs.csv,0.089576169848442,attacked_measurement,0.0,0.0
45.800006,baseline_05_mixed_maneuver,Pitch,bias,0.038788,0,0.089140735566616,0.089140735566616,0.0888141598552465,0.0003265757113695,0.0003265757113695,0.009697,0,0.0,0.0003240644931793,0,0,0,W10_N3_mean1.25x,10,3,1.25,1909,Pitch_hybrid_prediction,/home/tchowdh4/sensor_recovery_project/logs/extracted_csv/baseline_05_mixed_maneuver_ATT.csv,/home/tchowdh4/sensor_recovery_project/prediction_results_v9_trained_hybrid/baseline_05_mixed_maneuver_ATT_trained_hybrid_prediction_outputs.csv,0.089140735566616,attacked_measurement,0.0,0.0
45.899966,baseline_05_mixed_maneuver,Pitch,bias,0.038788,0,0.0884863883256912,0.0884863883256912,0.0879956278949976,0.0004907604306935,0.0004907604306935,0.009697,0,0.0,0.0003584068268537,0,0,0,W10_N3_mean1.25x,10,3,1.25,1909,Pitch_hybrid_prediction,/home/tchowdh4/sensor_recovery_project/logs/extracted_csv/baseline_05_mixed_maneuver_ATT.csv,/home/tchowdh4/sensor_recovery_project/prediction_results_v9_trained_hybrid/baseline_05_mixed_maneuver_ATT_trained_hybrid_prediction_outputs.csv,0.0884863883256912,attacked_measurement,0.0,0.0
45.999926,baseline_05_mixed_maneuver,Pitch,bias,0.038788,0,0.0879202932119369,0.0879202932119369,0.0874957218766211,0.0004245713353158,0.0004245713353158,0.009697,0,0.0,0.00038279928267,0,0,0,W10_N3_mean1.25x,10,3,1.25,1909,Pitch_hybrid_prediction,/home/tchowdh4/sensor_recovery_project/logs/extracted_csv/baseline_05_mixed_maneuver_ATT.csv,/home/tchowdh4/sensor_recovery_project/prediction_results_v9_trained_hybrid/baseline_05_mixed_maneuver_ATT_trained_hybrid_prediction_outputs.csv,0.0879202932119369,attacked_measurement,0.0,0.0
46.099886,baseline_05_mixed_maneuver,Pitch,bias,0.038788,0,0.0874992534518241,0.0874992534518241,0.0871834736317395,0.0003157798200845,0.0003157798200845,0.009697,0,0.0,0.0003888063132763,0,0,0,W10_N3_mean1.25x,10,3,1.25,1909,Pitch_hybrid_prediction,/home/tchowdh4/sensor_recovery_project/logs/extracted_csv/baseline_05_mixed_maneuver_ATT.csv,/home/tchowdh4/sensor_recovery_project/prediction_results_v9_trained_hybrid/baseline_05_mixed_maneuver_ATT_trained_hybrid_prediction_outputs.csv,0.0874992534518241,attacked_measurement,0.0,0.0
46.199846,baseline_05_mixed_maneuver,Pitch,bias,0.038788,0,0.0870441794395446,0.0870441794395446,0.0867028739303349,0.0003413055092096,0.0003413055092096,0.009697,0,0.0,0.0003763027489185,0,0,0,W10_N3_mean1.25x,10,3,1.25,1909,Pitch_hybrid_prediction,/home/tchowdh4/sensor_recovery_project/logs/extracted_csv/baseline_05_mixed_maneuver_ATT.csv,/home/tchowdh4/sensor_recovery_project/prediction_results_v9_trained_hybrid/baseline_05_mixed_maneuver_ATT_trained_hybrid_prediction_outputs.csv,0.0870441794395446,attacked_measurement,0.0,0.0
46.299806,baseline_05_mixed_maneuver,Pitch,bias,0.038788,0,0.0865585803985595,0.0865585803985595,0.0861943811178206,0.0003641992807388,0.0003641992807388,0.009697,0,0.0,0.0003902457654476,0,0,0,W10_N3_mean1.25x,10,3,1.25,1909,Pitch_hybrid_prediction,/home/tchowdh4/sensor_recovery_project/logs/extracted_csv/baseline_05_mixed_maneuver_ATT.csv,/home/tchowdh4/sensor_recovery_project/prediction_results_v9_trained_hybrid/baseline_05_mixed_maneuver_ATT_trained_hybrid_prediction_outputs.csv,0.0865585803985595,attacked_measurement,0.0,0.0
46.400599,baseline_05_mixed_maneuver,Pitch,bias,0.038788,0,0.0857264846563339,0.0857264846563339,0.0851024128496646,0.0006240718066692,0.0006240718066692,0.009697,0,0.0,0.0004136430099606,0,0,0,W10_N3_mean1.25x,10,3,1.25,1909,Pitch_hybrid_prediction,/home/tchowdh4/sensor_recovery_project/logs/extracted_csv/baseline_05_mixed_maneuver_ATT.csv,/home/tchowdh4/sensor_recovery_project/prediction_results_v9_trained_hybrid/baseline_05_mixed_maneuver_ATT_trained_hybrid_prediction_outputs.csv,0.0857264846563339,attacked_measurement,0.0,0.0
46.500559,baseline_05_mixed_maneuver,Pitch,bias,0.038788,0,0.0850919038057327,0.0850919038057327,0.0846159681677818,0.0004759356379508,0.0004759356379508,0.009697,0,0.0,0.0004045341163873,0,0,0,W10_N3_mean1.25x,10,3,1.25,1909,Pitch_hybrid_prediction,/home/tchowdh4/sensor_recovery_project/logs/extracted_csv/baseline_05_mixed_maneuver_ATT.csv,/home/tchowdh4/sensor_recovery_project/prediction_results_v9_trained_hybrid/baseline_05_mixed_maneuver_ATT_trained_hybrid_prediction_outputs.csv,0.0850919038057327,attacked_measurement,0.0,0.0
46.600519,baseline_05_mixed_maneuver,Pitch,bias,0.038788,0,0.0845416411757469,0.0845416411757469,0.0841289442032575,0.0004126969724893,0.0004126969724893,0.009697,0,0.0,0.0004085389897227,0,0,0,W10_N3_mean1.25x,10,3,1.25,1909,Pitch_hybrid_prediction,/home/tchowdh4/sensor_recovery_project/logs/extracted_csv/baseline_05_mixed_maneuver_ATT.csv,/home/tchowdh4/sensor_recovery_project/prediction_results_v9_trained_hybrid/baseline_05_mixed_maneuver_ATT_trained_hybrid_prediction_outputs.csv,0.0845416411757469,attacked_measurement,0.0,0.0
46.700479,baseline_05_mixed_maneuver,Pitch,bias,0.038788,0,0.0839108377695083,0.0839108377695083,0.0834377352148293,0.000473102554679,0.000473102554679,0.009697,0,0.0,0.00042489990592,0,0,0,W10_N3_mean1.25x,10,3,1.25,1909,Pitch_hybrid_prediction,/home/tchowdh4/sensor_recovery_project/logs/extracted_csv/baseline_05_mixed_maneuver_ATT.csv,/home/tchowdh4/sensor_recovery_project/prediction_results_v9_trained_hybrid/baseline_05_mixed_maneuver_ATT_trained_hybrid_prediction_outputs.csv,0.0839108377695083,attacked_measurement,0.0,0.0
46.800439,baseline_05_mixed_maneuver,Pitch,bias,0.038788,0,0.0834280177950859,0.0834280177950859,0.083065902814269,0.0003621149808168,0.0003621149808168,0.009697,0,0.0,0.0004284538328648,0,0,0,W10_N3_mean1.25x,10,3,1.25,1909,Pitch_hybrid_prediction,/home/tchowdh4/sensor_recovery_project/logs/extracted_csv/baseline_05_mixed_maneuver_ATT.csv,/home/tchowdh4/sensor_recovery_project/prediction_results_v9_trained_hybrid/baseline_05_mixed_maneuver_ATT_trained_hybrid_prediction_outputs.csv,0.0834280177950859,attacked_measurement,0.0,0.0
46.900399,baseline_05_mixed_maneuver,Pitch,bias,0.038788,0,0.0828591734170913,0.0828591734170913,0.0824325401335953,0.000426633283496,0.000426633283496,0.009697,0,0.0,0.000422041118145,0,0,0,W10_N3_mean1.25x,10,3,1.25,1909,Pitch_hybrid_prediction,/home/tchowdh4/sensor_recovery_project/logs/extracted_csv/baseline_05_mixed_maneuver_ATT.csv,/home/tchowdh4/sensor_recovery_project/prediction_results_v9_trained_hybrid/baseline_05_mixed_maneuver_ATT_trained_hybrid_prediction_outputs.csv,0.0828591734170913,attacked_measurement,0.0,0.0
47.000359,baseline_05_mixed_maneuver,Pitch,bias,0.038788,0,0.0823896452784538,0.0823896452784538,0.0820374991744756,0.0003521461039781,0.0003521461039781,0.009697,0,0.0,0.0004147985950112,0,0,0,W10_N3_mean1.25x,10,3,1.25,1909,Pitch_hybrid_prediction,/home/tchowdh4/sensor_recovery_project/logs/extracted_csv/baseline_05_mixed_maneuver_ATT.csv,/home/tchowdh4/sensor_recovery_project/prediction_results_v9_trained_hybrid/baseline_05_mixed_maneuver_ATT_trained_hybrid_prediction_outputs.csv,0.0823896452784538,attacked_measurement,0.0,0.0
47.100319,baseline_05_mixed_maneuver,Pitch,bias,0.038788,0,0.0816869437694549,0.0816869437694549,0.0811599176377057,0.0005270261317491,0.0005270261317491,0.009697,0,0.0,0.0004359232261777,0,0,0,W10_N3_mean1.25x,10,3,1.25,1909,Pitch_hybrid_prediction,/home/tchowdh4/sensor_recovery_project/logs/extracted_csv/baseline_05_mixed_maneuver_ATT.csv,/home/tchowdh4/sensor_recovery_project/prediction_results_v9_trained_hybrid/baseline_05_mixed_maneuver_ATT_trained_hybrid_prediction_outputs.csv,0.0816869437694549,attacked_measurement,0.0,0.0
47.200279,baseline_05_mixed_maneuver,Pitch,bias,0.038788,0,0.0809875354170799,0.0809875354170799,0.0804629791527986,0.0005245562642813,0.0005245562642813,0.009697,0,0.0,0.0004542483016849,0,0,0,W10_N3_mean1.25x,10,3,1.25,1909,Pitch_hybrid_prediction,/home/tchowdh4/sensor_recovery_project/logs/extracted_csv/baseline_05_mixed_maneuver_ATT.csv,/home/tchowdh4/sensor_recovery_project/prediction_results_v9_trained_hybrid/baseline_05_mixed_maneuver_ATT_trained_hybrid_prediction_outputs.csv,0.0809875354170799,attacked_measurement,0.0,0.0
47.300239,baseline_05_mixed_maneuver,Pitch,bias,0.038788,0,0.0802049785852432,0.0802049785852432,0.0796180609613656,0.0005869176238775,0.0005869176238775,0.009697,0,0.0,0.0004765201359987,0,0,0,W10_N3_mean1.25x,10,3,1.25,1909,Pitch_hybrid_prediction,/home/tchowdh4/sensor_recovery_project/logs/extracted_csv/baseline_05_mixed_maneuver_ATT.csv,/home/tchowdh4/sensor_recovery_project/prediction_results_v9_trained_hybrid/baseline_05_mixed_maneuver_ATT_trained_hybrid_prediction_outputs.csv,0.0802049785852432,attacked_measurement,0.0,0.0
47.400199,baseline_05_mixed_maneuver,Pitch,bias,0.038788,0,0.0796475559473037,0.0796475559473037,0.079229488968849,0.0004180669784547,0.0004180669784547,0.009697,0,0.0,0.0004559196531773,0,0,0,W10_N3_mean1.25x,10,3,1.25,1909,Pitch_hybrid_prediction,/home/tchowdh4/sensor_recovery_project/logs/extracted_csv/baseline_05_mixed_maneuver_ATT.csv,/home/tchowdh4/sensor_recovery_project/prediction_results_v9_trained_hybrid/baseline_05_mixed_maneuver_ATT_trained_hybrid_prediction_outputs.csv,0.0796475559473037,attacked_measurement,0.0,0.0
47.500159,baseline_05_mixed_maneuver,Pitch,bias,0.038788,0,0.0792101100087165,0.0792101100087165,0.0788820255547761,0.0003280844539404,0.0003280844539404,0.009697,0,0.0,0.0004411345347762,0,0,0,W10_N3_mean1.25x,10,3,1.25,1909,Pitch_hybrid_prediction,/home/tchowdh4/sensor_recovery_project/logs/extracted_csv/baseline_05_mixed_maneuver_ATT.csv,/home/tchowdh4/sensor_recovery_project/prediction_results_v9_trained_hybrid/baseline_05_mixed_maneuver_ATT_trained_hybrid_prediction_outputs.csv,0.0792101100087165,attacked_measurement,0.0,0.0
47.600119,baseline_05_mixed_maneuver,Pitch,bias,0.038788,0,0.0785051733255386,0.0785051733255386,0.0779764708131551,0.0005287025123834,0.0005287025123834,0.009697,0,0.0,0.0004527350887656,0,0,0,W10_N3_mean1.25x,10,3,1.25,1909,Pitch_hybrid_prediction,/home/tchowdh4/sensor_recovery_project/logs/extracted_csv/baseline_05_mixed_maneuver_ATT.csv,/home/tchowdh4/sensor_recovery_project/prediction_results_v9_trained_hybrid/baseline_05_mixed_maneuver_ATT_trained_hybrid_prediction_outputs.csv,0.0785051733255386,attacked_measurement,0.0,0.0
