x,Baseline,Axis,AttackType,AttackMagnitude,AttackActive,CleanFuture_Yaw,AttackedFuture_Yaw,V9PredictedFuture_Yaw,Residual_Yaw,AbsResidual_Yaw,Threshold,PointDetectionFlag,WindowCount,RollingMeanAbsResidual,WindowCountFlag,WindowMeanFlag,WindowCombinedFlag,WindowRule,W,N,RollingMeanMultiplier,AlignmentOffset,PredictionColumn,CleanFile,PredictionFile,Yaw_recovered_future_v9_phase5,Yaw_recovery_source_phase5,Yaw_attacked_error_vs_clean_phase5,Yaw_recovered_error_vs_clean_phase5
0.0,baseline_02_high_altitude_hover,Yaw,ramp,0.064638,0,352.6243591308594,352.6243591308594,352.62571868896487,-0.0013595581054914,0.0013595581054914,0.010773,0,0.0,0.0013595581054914,0,0,0,W20_N5_mean1.5x,20,5,1.5,1127,Yaw_hybrid_prediction,/home/tchowdh4/sensor_recovery_project/logs/extracted_csv/baseline_02_high_altitude_hover_ATT.csv,/home/tchowdh4/sensor_recovery_project/prediction_results_v9_trained_hybrid/baseline_02_high_altitude_hover_ATT_trained_hybrid_prediction_outputs.csv,352.6243591308594,attacked_measurement,0.0,0.0
0.09996,baseline_02_high_altitude_hover,Yaw,ramp,0.064638,0,352.6233825683594,352.6233825683594,352.6229431152344,0.0004394531249545,0.0004394531249545,0.010773,0,0.0,0.000899505615223,0,0,0,W20_N5_mean1.5x,20,5,1.5,1127,Yaw_hybrid_prediction,/home/tchowdh4/sensor_recovery_project/logs/extracted_csv/baseline_02_high_altitude_hover_ATT.csv,/home/tchowdh4/sensor_recovery_project/prediction_results_v9_trained_hybrid/baseline_02_high_altitude_hover_ATT_trained_hybrid_prediction_outputs.csv,352.6233825683594,attacked_measurement,0.0,0.0
0.19992,baseline_02_high_altitude_hover,Yaw,ramp,0.064638,0,352.61871337890625,352.61871337890625,352.6166122436524,0.002101135253838,0.002101135253838,0.010773,0,0.0,0.0013000488280946,0,0,0,W20_N5_mean1.5x,20,5,1.5,1127,Yaw_hybrid_prediction,/home/tchowdh4/sensor_recovery_project/logs/extracted_csv/baseline_02_high_altitude_hover_ATT.csv,/home/tchowdh4/sensor_recovery_project/prediction_results_v9_trained_hybrid/baseline_02_high_altitude_hover_ATT_trained_hybrid_prediction_outputs.csv,352.61871337890625,attacked_measurement,0.0,0.0
0.29988,baseline_02_high_altitude_hover,Yaw,ramp,0.064638,0,352.6155700683594,352.6155700683594,352.6141555786133,0.0014144897460823,0.0014144897460823,0.010773,0,0.0,0.0013286590575916,0,0,0,W20_N5_mean1.5x,20,5,1.5,1127,Yaw_hybrid_prediction,/home/tchowdh4/sensor_recovery_project/logs/extracted_csv/baseline_02_high_altitude_hover_ATT.csv,/home/tchowdh4/sensor_recovery_project/prediction_results_v9_trained_hybrid/baseline_02_high_altitude_hover_ATT_trained_hybrid_prediction_outputs.csv,352.6155700683594,attacked_measurement,0.0,0.0
0.39984,baseline_02_high_altitude_hover,Yaw,ramp,0.064638,0,352.6167297363281,352.6167297363281,352.6172515869141,-0.0005218505859829,0.0005218505859829,0.010773,0,0.0,0.0011672973632698,0,0,0,W20_N5_mean1.5x,20,5,1.5,1127,Yaw_hybrid_prediction,/home/tchowdh4/sensor_recovery_project/logs/extracted_csv/baseline_02_high_altitude_hover_ATT.csv,/home/tchowdh4/sensor_recovery_project/prediction_results_v9_trained_hybrid/baseline_02_high_altitude_hover_ATT_trained_hybrid_prediction_outputs.csv,352.6167297363281,attacked_measurement,0.0,0.0
0.4998,baseline_02_high_altitude_hover,Yaw,ramp,0.064638,0,352.6208190917969,352.6208190917969,352.62265930175784,-0.0018402099609602,0.0018402099609602,0.010773,0,0.0,0.0012794494628849,0,0,0,W20_N5_mean1.5x,20,5,1.5,1127,Yaw_hybrid_prediction,/home/tchowdh4/sensor_recovery_project/logs/extracted_csv/baseline_02_high_altitude_hover_ATT.csv,/home/tchowdh4/sensor_recovery_project/prediction_results_v9_trained_hybrid/baseline_02_high_altitude_hover_ATT_trained_hybrid_prediction_outputs.csv,352.6208190917969,attacked_measurement,0.0,0.0
0.59976,baseline_02_high_altitude_hover,Yaw,ramp,0.064638,0,352.6229858398437,352.6229858398437,352.6239608764648,-0.0009750366211278,0.0009750366211278,0.010773,0,0.0,0.0012359619140625,0,0,0,W20_N5_mean1.5x,20,5,1.5,1127,Yaw_hybrid_prediction,/home/tchowdh4/sensor_recovery_project/logs/extracted_csv/baseline_02_high_altitude_hover_ATT.csv,/home/tchowdh4/sensor_recovery_project/prediction_results_v9_trained_hybrid/baseline_02_high_altitude_hover_ATT_trained_hybrid_prediction_outputs.csv,352.6229858398437,attacked_measurement,0.0,0.0
0.69972,baseline_02_high_altitude_hover,Yaw,ramp,0.064638,0,352.6217041015625,352.6217041015625,352.621127319336,0.000576782226517,0.000576782226517,0.010773,0,0.0,0.0011535644531193,0,0,0,W20_N5_mean1.5x,20,5,1.5,1127,Yaw_hybrid_prediction,/home/tchowdh4/sensor_recovery_project/logs/extracted_csv/baseline_02_high_altitude_hover_ATT.csv,/home/tchowdh4/sensor_recovery_project/prediction_results_v9_trained_hybrid/baseline_02_high_altitude_hover_ATT_trained_hybrid_prediction_outputs.csv,352.6217041015625,attacked_measurement,0.0,0.0
0.79968,baseline_02_high_altitude_hover,Yaw,ramp,0.064638,0,352.6199645996094,352.6199645996094,352.6191818237305,0.0007827758788607,0.0007827758788607,0.010773,0,0.0,0.0011123657226461,0,0,0,W20_N5_mean1.5x,20,5,1.5,1127,Yaw_hybrid_prediction,/home/tchowdh4/sensor_recovery_project/logs/extracted_csv/baseline_02_high_altitude_hover_ATT.csv,/home/tchowdh4/sensor_recovery_project/prediction_results_v9_trained_hybrid/baseline_02_high_altitude_hover_ATT_trained_hybrid_prediction_outputs.csv,352.6199645996094,attacked_measurement,0.0,0.0
0.89964,baseline_02_high_altitude_hover,Yaw,ramp,0.064638,0,352.6197509765625,352.6197509765625,352.61965484619145,9.613037104827526e-05,9.613037104827526e-05,0.010773,0,0.0,0.0010107421874863,0,0,0,W20_N5_mean1.5x,20,5,1.5,1127,Yaw_hybrid_prediction,/home/tchowdh4/sensor_recovery_project/logs/extracted_csv/baseline_02_high_altitude_hover_ATT.csv,/home/tchowdh4/sensor_recovery_project/prediction_results_v9_trained_hybrid/baseline_02_high_altitude_hover_ATT_trained_hybrid_prediction_outputs.csv,352.6197509765625,attacked_measurement,0.0,0.0
0.9996,baseline_02_high_altitude_hover,Yaw,ramp,0.064638,0,352.6202697753906,352.6202697753906,352.6205032348633,-0.0002334594726676,0.0002334594726676,0.010773,0,0.0,0.0009400801225028,0,0,0,W20_N5_mean1.5x,20,5,1.5,1127,Yaw_hybrid_prediction,/home/tchowdh4/sensor_recovery_project/logs/extracted_csv/baseline_02_high_altitude_hover_ATT.csv,/home/tchowdh4/sensor_recovery_project/prediction_results_v9_trained_hybrid/baseline_02_high_altitude_hover_ATT_trained_hybrid_prediction_outputs.csv,352.6202697753906,attacked_measurement,0.0,0.0
1.09956,baseline_02_high_altitude_hover,Yaw,ramp,0.064638,0,352.6205749511719,352.6205749511719,352.62071228027344,-0.0001373291015625,0.0001373291015625,0.010773,0,0.0,0.0008731842040911,0,0,0,W20_N5_mean1.5x,20,5,1.5,1127,Yaw_hybrid_prediction,/home/tchowdh4/sensor_recovery_project/logs/extracted_csv/baseline_02_high_altitude_hover_ATT.csv,/home/tchowdh4/sensor_recovery_project/prediction_results_v9_trained_hybrid/baseline_02_high_altitude_hover_ATT_trained_hybrid_prediction_outputs.csv,352.6205749511719,attacked_measurement,0.0,0.0
1.19952,baseline_02_high_altitude_hover,Yaw,ramp,0.064638,0,352.6189880371094,352.6189880371094,352.6182739257813,0.0007141113280795,0.0007141113280795,0.010773,0,0.0,0.0008609478290133,0,0,0,W20_N5_mean1.5x,20,5,1.5,1127,Yaw_hybrid_prediction,/home/tchowdh4/sensor_recovery_project/logs/extracted_csv/baseline_02_high_altitude_hover_ATT.csv,/home/tchowdh4/sensor_recovery_project/prediction_results_v9_trained_hybrid/baseline_02_high_altitude_hover_ATT_trained_hybrid_prediction_outputs.csv,352.6189880371094,attacked_measurement,0.0,0.0
1.29948,baseline_02_high_altitude_hover,Yaw,ramp,0.064638,0,352.6158142089844,352.6158142089844,352.61438598632816,0.0014282226562158,0.0014282226562158,0.010773,0,0.0,0.0009014674595277,0,0,0,W20_N5_mean1.5x,20,5,1.5,1127,Yaw_hybrid_prediction,/home/tchowdh4/sensor_recovery_project/logs/extracted_csv/baseline_02_high_altitude_hover_ATT.csv,/home/tchowdh4/sensor_recovery_project/prediction_results_v9_trained_hybrid/baseline_02_high_altitude_hover_ATT_trained_hybrid_prediction_outputs.csv,352.6158142089844,attacked_measurement,0.0,0.0
1.39944,baseline_02_high_altitude_hover,Yaw,ramp,0.064638,0,352.6155700683594,352.6155700683594,352.61546020507814,0.0001098632812386,0.0001098632812386,0.010773,0,0.0,0.0008486938476418,0,0,0,W20_N5_mean1.5x,20,5,1.5,1127,Yaw_hybrid_prediction,/home/tchowdh4/sensor_recovery_project/logs/extracted_csv/baseline_02_high_altitude_hover_ATT.csv,/home/tchowdh4/sensor_recovery_project/prediction_results_v9_trained_hybrid/baseline_02_high_altitude_hover_ATT_trained_hybrid_prediction_outputs.csv,352.6155700683594,attacked_measurement,0.0,0.0
1.4994,baseline_02_high_altitude_hover,Yaw,ramp,0.064638,0,352.6183776855469,352.6183776855469,352.61964111328126,-0.0012634277343863,0.0012634277343863,0.010773,0,0.0,0.0008746147155633,0,0,0,W20_N5_mean1.5x,20,5,1.5,1127,Yaw_hybrid_prediction,/home/tchowdh4/sensor_recovery_project/logs/extracted_csv/baseline_02_high_altitude_hover_ATT.csv,/home/tchowdh4/sensor_recovery_project/prediction_results_v9_trained_hybrid/baseline_02_high_altitude_hover_ATT_trained_hybrid_prediction_outputs.csv,352.6183776855469,attacked_measurement,0.0,0.0
1.59936,baseline_02_high_altitude_hover,Yaw,ramp,0.064638,0,352.6204528808594,352.6204528808594,352.62138671875005,-0.0009338378906704,0.0009338378906704,0.010773,0,0.0,0.0008780984317461,0,0,0,W20_N5_mean1.5x,20,5,1.5,1127,Yaw_hybrid_prediction,/home/tchowdh4/sensor_recovery_project/logs/extracted_csv/baseline_02_high_altitude_hover_ATT.csv,/home/tchowdh4/sensor_recovery_project/prediction_results_v9_trained_hybrid/baseline_02_high_altitude_hover_ATT_trained_hybrid_prediction_outputs.csv,352.6204528808594,attacked_measurement,0.0,0.0
1.69932,baseline_02_high_altitude_hover,Yaw,ramp,0.064638,0,352.6203308105469,352.6203308105469,352.6202758789062,5.493164064773737e-05,5.493164064773737e-05,0.010773,0,0.0,0.0008323669433517,0,0,0,W20_N5_mean1.5x,20,5,1.5,1127,Yaw_hybrid_prediction,/home/tchowdh4/sensor_recovery_project/logs/extracted_csv/baseline_02_high_altitude_hover_ATT.csv,/home/tchowdh4/sensor_recovery_project/prediction_results_v9_trained_hybrid/baseline_02_high_altitude_hover_ATT_trained_hybrid_prediction_outputs.csv,352.6203308105469,attacked_measurement,0.0,0.0
1.800113,baseline_02_high_altitude_hover,Yaw,ramp,0.064638,0,352.6174621582031,352.6174621582031,352.6161712646484,0.0012908935547102,0.0012908935547102,0.010773,0,0.0,0.0008564999228969,0,0,0,W20_N5_mean1.5x,20,5,1.5,1127,Yaw_hybrid_prediction,/home/tchowdh4/sensor_recovery_project/logs/extracted_csv/baseline_02_high_altitude_hover_ATT.csv,/home/tchowdh4/sensor_recovery_project/prediction_results_v9_trained_hybrid/baseline_02_high_altitude_hover_ATT_trained_hybrid_prediction_outputs.csv,352.6174621582031,attacked_measurement,0.0,0.0
1.900073,baseline_02_high_altitude_hover,Yaw,ramp,0.064638,0,352.615478515625,352.615478515625,352.61458587646484,0.0008926391601562,0.0008926391601562,0.010773,0,0.0,0.0008583068847599,0,0,0,W20_N5_mean1.5x,20,5,1.5,1127,Yaw_hybrid_prediction,/home/tchowdh4/sensor_recovery_project/logs/extracted_csv/baseline_02_high_altitude_hover_ATT.csv,/home/tchowdh4/sensor_recovery_project/prediction_results_v9_trained_hybrid/baseline_02_high_altitude_hover_ATT_trained_hybrid_prediction_outputs.csv,352.615478515625,attacked_measurement,0.0,0.0
2.000033,baseline_02_high_altitude_hover,Yaw,ramp,0.064638,0,352.6152038574219,352.6152038574219,352.6150802612305,0.0001235961913721,0.0001235961913721,0.010773,0,0.0,0.0007965087890539,0,0,0,W20_N5_mean1.5x,20,5,1.5,1127,Yaw_hybrid_prediction,/home/tchowdh4/sensor_recovery_project/logs/extracted_csv/baseline_02_high_altitude_hover_ATT.csv,/home/tchowdh4/sensor_recovery_project/prediction_results_v9_trained_hybrid/baseline_02_high_altitude_hover_ATT_trained_hybrid_prediction_outputs.csv,352.6152038574219,attacked_measurement,0.0,0.0
2.099993,baseline_02_high_altitude_hover,Yaw,ramp,0.064638,0,352.6166076660156,352.6166076660156,352.61723937988285,-0.0006317138672216,0.0006317138672216,0.010773,0,0.0,0.0008061218261673,0,0,0,W20_N5_mean1.5x,20,5,1.5,1127,Yaw_hybrid_prediction,/home/tchowdh4/sensor_recovery_project/logs/extracted_csv/baseline_02_high_altitude_hover_ATT.csv,/home/tchowdh4/sensor_recovery_project/prediction_results_v9_trained_hybrid/baseline_02_high_altitude_hover_ATT_trained_hybrid_prediction_outputs.csv,352.6166076660156,attacked_measurement,0.0,0.0
2.199953,baseline_02_high_altitude_hover,Yaw,ramp,0.064638,0,352.61749267578125,352.61749267578125,352.6178909301758,-0.0003982543945539,0.0003982543945539,0.010773,0,0.0,0.0007209777832031,0,0,0,W20_N5_mean1.5x,20,5,1.5,1127,Yaw_hybrid_prediction,/home/tchowdh4/sensor_recovery_project/logs/extracted_csv/baseline_02_high_altitude_hover_ATT.csv,/home/tchowdh4/sensor_recovery_project/prediction_results_v9_trained_hybrid/baseline_02_high_altitude_hover_ATT_trained_hybrid_prediction_outputs.csv,352.61749267578125,attacked_measurement,0.0,0.0
2.299913,baseline_02_high_altitude_hover,Yaw,ramp,0.064638,0,352.6159362792969,352.6159362792969,352.61523590087893,0.000700378417946,0.000700378417946,0.010773,0,0.0,0.0006852722167963,0,0,0,W20_N5_mean1.5x,20,5,1.5,1127,Yaw_hybrid_prediction,/home/tchowdh4/sensor_recovery_project/logs/extracted_csv/baseline_02_high_altitude_hover_ATT.csv,/home/tchowdh4/sensor_recovery_project/prediction_results_v9_trained_hybrid/baseline_02_high_altitude_hover_ATT_trained_hybrid_prediction_outputs.csv,352.6159362792969,attacked_measurement,0.0,0.0
2.399873,baseline_02_high_altitude_hover,Yaw,ramp,0.064638,0,352.614501953125,352.614501953125,352.6138565063477,0.0006454467772982,0.0006454467772982,0.010773,0,0.0,0.000691452026362,0,0,0,W20_N5_mean1.5x,20,5,1.5,1127,Yaw_hybrid_prediction,/home/tchowdh4/sensor_recovery_project/logs/extracted_csv/baseline_02_high_altitude_hover_ATT.csv,/home/tchowdh4/sensor_recovery_project/prediction_results_v9_trained_hybrid/baseline_02_high_altitude_hover_ATT_trained_hybrid_prediction_outputs.csv,352.614501953125,attacked_measurement,0.0,0.0
2.499833,baseline_02_high_altitude_hover,Yaw,ramp,0.064638,0,352.61602783203125,352.61602783203125,352.61671447753906,-0.0006866455078125,0.0006866455078125,0.010773,0,0.0,0.0006337738037046,0,0,0,W20_N5_mean1.5x,20,5,1.5,1127,Yaw_hybrid_prediction,/home/tchowdh4/sensor_recovery_project/logs/extracted_csv/baseline_02_high_altitude_hover_ATT.csv,/home/tchowdh4/sensor_recovery_project/prediction_results_v9_trained_hybrid/baseline_02_high_altitude_hover_ATT_trained_hybrid_prediction_outputs.csv,352.61602783203125,attacked_measurement,0.0,0.0
2.599793,baseline_02_high_altitude_hover,Yaw,ramp,0.064638,0,352.619384765625,352.619384765625,352.6208953857422,-0.0015106201171875,0.0015106201171875,0.010773,0,0.0,0.0006605529785076,0,0,0,W20_N5_mean1.5x,20,5,1.5,1127,Yaw_hybrid_prediction,/home/tchowdh4/sensor_recovery_project/logs/extracted_csv/baseline_02_high_altitude_hover_ATT.csv,/home/tchowdh4/sensor_recovery_project/prediction_results_v9_trained_hybrid/baseline_02_high_altitude_hover_ATT_trained_hybrid_prediction_outputs.csv,352.619384765625,attacked_measurement,0.0,0.0
2.699753,baseline_02_high_altitude_hover,Yaw,ramp,0.064638,0,352.6206970214844,352.6206970214844,352.62128753662114,-0.0005905151367642,0.0005905151367642,0.010773,0,0.0,0.00066123962402,0,0,0,W20_N5_mean1.5x,20,5,1.5,1127,Yaw_hybrid_prediction,/home/tchowdh4/sensor_recovery_project/logs/extracted_csv/baseline_02_high_altitude_hover_ATT.csv,/home/tchowdh4/sensor_recovery_project/prediction_results_v9_trained_hybrid/baseline_02_high_altitude_hover_ATT_trained_hybrid_prediction_outputs.csv,352.6206970214844,attacked_measurement,0.0,0.0
2.799713,baseline_02_high_altitude_hover,Yaw,ramp,0.064638,0,352.6180114746094,352.6180114746094,352.61680297851564,0.0012084960937386,0.0012084960937386,0.010773,0,0.0,0.0006825256347639,0,0,0,W20_N5_mean1.5x,20,5,1.5,1127,Yaw_hybrid_prediction,/home/tchowdh4/sensor_recovery_project/logs/extracted_csv/baseline_02_high_altitude_hover_ATT.csv,/home/tchowdh4/sensor_recovery_project/prediction_results_v9_trained_hybrid/baseline_02_high_altitude_hover_ATT_trained_hybrid_prediction_outputs.csv,352.6180114746094,attacked_measurement,0.0,0.0
2.899673,baseline_02_high_altitude_hover,Yaw,ramp,0.064638,0,352.61590576171875,352.61590576171875,352.61495819091795,0.0009475708008039,0.0009475708008039,0.010773,0,0.0,0.0007250976562517,0,0,0,W20_N5_mean1.5x,20,5,1.5,1127,Yaw_hybrid_prediction,/home/tchowdh4/sensor_recovery_project/logs/extracted_csv/baseline_02_high_altitude_hover_ATT.csv,/home/tchowdh4/sensor_recovery_project/prediction_results_v9_trained_hybrid/baseline_02_high_altitude_hover_ATT_trained_hybrid_prediction_outputs.csv,352.61590576171875,attacked_measurement,0.0,0.0
2.999633,baseline_02_high_altitude_hover,Yaw,ramp,0.064638,0,352.61639404296875,352.61639404296875,352.6166137695312,-0.0002197265624772,0.0002197265624772,0.010773,0,0.0,0.0007244110107421,0,0,0,W20_N5_mean1.5x,20,5,1.5,1127,Yaw_hybrid_prediction,/home/tchowdh4/sensor_recovery_project/logs/extracted_csv/baseline_02_high_altitude_hover_ATT.csv,/home/tchowdh4/sensor_recovery_project/prediction_results_v9_trained_hybrid/baseline_02_high_altitude_hover_ATT_trained_hybrid_prediction_outputs.csv,352.61639404296875,attacked_measurement,0.0,0.0
3.099593,baseline_02_high_altitude_hover,Yaw,ramp,0.064638,0,352.6173400878906,352.6173400878906,352.6177658081055,-0.0004257202148778,0.0004257202148778,0.010773,0,0.0,0.0007388305664079,0,0,0,W20_N5_mean1.5x,20,5,1.5,1127,Yaw_hybrid_prediction,/home/tchowdh4/sensor_recovery_project/logs/extracted_csv/baseline_02_high_altitude_hover_ATT.csv,/home/tchowdh4/sensor_recovery_project/prediction_results_v9_trained_hybrid/baseline_02_high_altitude_hover_ATT_trained_hybrid_prediction_outputs.csv,352.6173400878906,attacked_measurement,0.0,0.0
3.199553,baseline_02_high_altitude_hover,Yaw,ramp,0.064638,0,352.6179504394531,352.6179504394531,352.61822509765625,-0.000274658203125,0.000274658203125,0.010773,0,0.0,0.0007168579101602,0,0,0,W20_N5_mean1.5x,20,5,1.5,1127,Yaw_hybrid_prediction,/home/tchowdh4/sensor_recovery_project/logs/extracted_csv/baseline_02_high_altitude_hover_ATT.csv,/home/tchowdh4/sensor_recovery_project/prediction_results_v9_trained_hybrid/baseline_02_high_altitude_hover_ATT_trained_hybrid_prediction_outputs.csv,352.6179504394531,attacked_measurement,0.0,0.0
3.299513,baseline_02_high_altitude_hover,Yaw,ramp,0.064638,0,352.6197509765625,352.6197509765625,352.62056121826174,-0.0008102416992414,0.0008102416992414,0.010773,0,0.0,0.0006859588623115,0,0,0,W20_N5_mean1.5x,20,5,1.5,1127,Yaw_hybrid_prediction,/home/tchowdh4/sensor_recovery_project/logs/extracted_csv/baseline_02_high_altitude_hover_ATT.csv,/home/tchowdh4/sensor_recovery_project/prediction_results_v9_trained_hybrid/baseline_02_high_altitude_hover_ATT_trained_hybrid_prediction_outputs.csv,352.6197509765625,attacked_measurement,0.0,0.0
3.399473,baseline_02_high_altitude_hover,Yaw,ramp,0.064638,0,352.619384765625,352.619384765625,352.6192199707032,0.0001647949217726,0.0001647949217726,0.010773,0,0.0,0.0006887054443382,0,0,0,W20_N5_mean1.5x,20,5,1.5,1127,Yaw_hybrid_prediction,/home/tchowdh4/sensor_recovery_project/logs/extracted_csv/baseline_02_high_altitude_hover_ATT.csv,/home/tchowdh4/sensor_recovery_project/prediction_results_v9_trained_hybrid/baseline_02_high_altitude_hover_ATT_trained_hybrid_prediction_outputs.csv,352.619384765625,attacked_measurement,0.0,0.0
3.499433,baseline_02_high_altitude_hover,Yaw,ramp,0.064638,0,352.6163024902344,352.6163024902344,352.6149154663086,0.0013870239257585,0.0013870239257585,0.010773,0,0.0,0.0006948852539068,0,0,0,W20_N5_mean1.5x,20,5,1.5,1127,Yaw_hybrid_prediction,/home/tchowdh4/sensor_recovery_project/logs/extracted_csv/baseline_02_high_altitude_hover_ATT.csv,/home/tchowdh4/sensor_recovery_project/prediction_results_v9_trained_hybrid/baseline_02_high_altitude_hover_ATT_trained_hybrid_prediction_outputs.csv,352.6163024902344,attacked_measurement,0.0,0.0
3.599393,baseline_02_high_altitude_hover,Yaw,ramp,0.064638,0,352.6145324707031,352.6145324707031,352.6137359619141,0.0007965087890511,0.0007965087890511,0.010773,0,0.0,0.0006880187988258,0,0,0,W20_N5_mean1.5x,20,5,1.5,1127,Yaw_hybrid_prediction,/home/tchowdh4/sensor_recovery_project/logs/extracted_csv/baseline_02_high_altitude_hover_ATT.csv,/home/tchowdh4/sensor_recovery_project/prediction_results_v9_trained_hybrid/baseline_02_high_altitude_hover_ATT_trained_hybrid_prediction_outputs.csv,352.6145324707031,attacked_measurement,0.0,0.0
3.699353,baseline_02_high_altitude_hover,Yaw,ramp,0.064638,0,352.6168518066406,352.6168518066406,352.6178955078125,-0.0010437011718522,0.0010437011718522,0.010773,0,0.0,0.000737457275386,0,0,0,W20_N5_mean1.5x,20,5,1.5,1127,Yaw_hybrid_prediction,/home/tchowdh4/sensor_recovery_project/logs/extracted_csv/baseline_02_high_altitude_hover_ATT.csv,/home/tchowdh4/sensor_recovery_project/prediction_results_v9_trained_hybrid/baseline_02_high_altitude_hover_ATT_trained_hybrid_prediction_outputs.csv,352.6168518066406,attacked_measurement,0.0,0.0
3.799313,baseline_02_high_altitude_hover,Yaw,ramp,0.064638,0,352.6191711425781,352.6191711425781,352.62021484375003,-0.0010437011719091,0.0010437011719091,0.010773,0,0.0,0.000725097656246,0,0,0,W20_N5_mean1.5x,20,5,1.5,1127,Yaw_hybrid_prediction,/home/tchowdh4/sensor_recovery_project/logs/extracted_csv/baseline_02_high_altitude_hover_ATT.csv,/home/tchowdh4/sensor_recovery_project/prediction_results_v9_trained_hybrid/baseline_02_high_altitude_hover_ATT_trained_hybrid_prediction_outputs.csv,352.6191711425781,attacked_measurement,0.0,0.0
3.900106,baseline_02_high_altitude_hover,Yaw,ramp,0.064638,0,352.6186218261719,352.6186218261719,352.6183746337891,0.0002471923828011,0.0002471923828011,0.010773,0,0.0,0.0006928253173782,0,0,0,W20_N5_mean1.5x,20,5,1.5,1127,Yaw_hybrid_prediction,/home/tchowdh4/sensor_recovery_project/logs/extracted_csv/baseline_02_high_altitude_hover_ATT.csv,/home/tchowdh4/sensor_recovery_project/prediction_results_v9_trained_hybrid/baseline_02_high_altitude_hover_ATT_trained_hybrid_prediction_outputs.csv,352.6186218261719,attacked_measurement,0.0,0.0
4.000066,baseline_02_high_altitude_hover,Yaw,ramp,0.064638,0,352.61767578125,352.61767578125,352.6172500610352,0.000425720214821,0.000425720214821,0.010773,0,0.0,0.0007079315185507,0,0,0,W20_N5_mean1.5x,20,5,1.5,1127,Yaw_hybrid_prediction,/home/tchowdh4/sensor_recovery_project/logs/extracted_csv/baseline_02_high_altitude_hover_ATT.csv,/home/tchowdh4/sensor_recovery_project/prediction_results_v9_trained_hybrid/baseline_02_high_altitude_hover_ATT_trained_hybrid_prediction_outputs.csv,352.61767578125,attacked_measurement,0.0,0.0
4.100026,baseline_02_high_altitude_hover,Yaw,ramp,0.064638,0,352.6172180175781,352.6172180175781,352.6170120239258,0.0002059936523437,0.0002059936523437,0.010773,0,0.0,0.0006866455078068,0,0,0,W20_N5_mean1.5x,20,5,1.5,1127,Yaw_hybrid_prediction,/home/tchowdh4/sensor_recovery_project/logs/extracted_csv/baseline_02_high_altitude_hover_ATT.csv,/home/tchowdh4/sensor_recovery_project/prediction_results_v9_trained_hybrid/baseline_02_high_altitude_hover_ATT_trained_hybrid_prediction_outputs.csv,352.6172180175781,attacked_measurement,0.0,0.0
4.199986,baseline_02_high_altitude_hover,Yaw,ramp,0.064638,0,352.6167907714844,352.6167907714844,352.6165985107422,0.0001922607421533,0.0001922607421533,0.010773,0,0.0,0.0006763458251867,0,0,0,W20_N5_mean1.5x,20,5,1.5,1127,Yaw_hybrid_prediction,/home/tchowdh4/sensor_recovery_project/logs/extracted_csv/baseline_02_high_altitude_hover_ATT.csv,/home/tchowdh4/sensor_recovery_project/prediction_results_v9_trained_hybrid/baseline_02_high_altitude_hover_ATT_trained_hybrid_prediction_outputs.csv,352.6167907714844,attacked_measurement,0.0,0.0
4.299946,baseline_02_high_altitude_hover,Yaw,ramp,0.064638,0,352.6161193847656,352.6161193847656,352.61581726074223,0.000302124023392,0.000302124023392,0.010773,0,0.0,0.000656433105459,0,0,0,W20_N5_mean1.5x,20,5,1.5,1127,Yaw_hybrid_prediction,/home/tchowdh4/sensor_recovery_project/logs/extracted_csv/baseline_02_high_altitude_hover_ATT.csv,/home/tchowdh4/sensor_recovery_project/prediction_results_v9_trained_hybrid/baseline_02_high_altitude_hover_ATT_trained_hybrid_prediction_outputs.csv,352.6161193847656,attacked_measurement,0.0,0.0
4.399906,baseline_02_high_altitude_hover,Yaw,ramp,0.064638,0,352.6161499023437,352.6161499023437,352.6161636352539,-1.3732910190356051e-05,1.3732910190356051e-05,0.010773,0,0.0,0.0006248474121036,0,0,0,W20_N5_mean1.5x,20,5,1.5,1127,Yaw_hybrid_prediction,/home/tchowdh4/sensor_recovery_project/logs/extracted_csv/baseline_02_high_altitude_hover_ATT.csv,/home/tchowdh4/sensor_recovery_project/prediction_results_v9_trained_hybrid/baseline_02_high_altitude_hover_ATT_trained_hybrid_prediction_outputs.csv,352.6161499023437,attacked_measurement,0.0,0.0
4.499866,baseline_02_high_altitude_hover,Yaw,ramp,0.064638,0,352.6165771484375,352.6165771484375,352.6167694091797,-0.0001922607422102,0.0001922607422102,0.010773,0,0.0,0.0006001281738235,0,0,0,W20_N5_mean1.5x,20,5,1.5,1127,Yaw_hybrid_prediction,/home/tchowdh4/sensor_recovery_project/logs/extracted_csv/baseline_02_high_altitude_hover_ATT.csv,/home/tchowdh4/sensor_recovery_project/prediction_results_v9_trained_hybrid/baseline_02_high_altitude_hover_ATT_trained_hybrid_prediction_outputs.csv,352.6165771484375,attacked_measurement,0.0,0.0
4.599826,baseline_02_high_altitude_hover,Yaw,ramp,0.064638,0,352.6171569824219,352.6171569824219,352.61741790771487,-0.0002609252929914,0.0002609252929914,0.010773,0,0.0,0.0005376434326137,0,0,0,W20_N5_mean1.5x,20,5,1.5,1127,Yaw_hybrid_prediction,/home/tchowdh4/sensor_recovery_project/logs/extracted_csv/baseline_02_high_altitude_hover_ATT.csv,/home/tchowdh4/sensor_recovery_project/prediction_results_v9_trained_hybrid/baseline_02_high_altitude_hover_ATT_trained_hybrid_prediction_outputs.csv,352.6171569824219,attacked_measurement,0.0,0.0
4.699786,baseline_02_high_altitude_hover,Yaw,ramp,0.064638,0,352.6173095703125,352.6173095703125,352.6173782348633,-6.866455078125e-05,6.866455078125e-05,0.010773,0,0.0,0.0005115509033146,0,0,0,W20_N5_mean1.5x,20,5,1.5,1127,Yaw_hybrid_prediction,/home/tchowdh4/sensor_recovery_project/logs/extracted_csv/baseline_02_high_altitude_hover_ATT.csv,/home/tchowdh4/sensor_recovery_project/prediction_results_v9_trained_hybrid/baseline_02_high_altitude_hover_ATT_trained_hybrid_prediction_outputs.csv,352.6173095703125,attacked_measurement,0.0,0.0
4.799746,baseline_02_high_altitude_hover,Yaw,ramp,0.064638,0,352.61688232421875,352.61688232421875,352.6166900634766,0.0001922607421533,0.0001922607421533,0.010773,0,0.0,0.0004607391357353,0,0,0,W20_N5_mean1.5x,20,5,1.5,1127,Yaw_hybrid_prediction,/home/tchowdh4/sensor_recovery_project/logs/extracted_csv/baseline_02_high_altitude_hover_ATT.csv,/home/tchowdh4/sensor_recovery_project/prediction_results_v9_trained_hybrid/baseline_02_high_altitude_hover_ATT_trained_hybrid_prediction_outputs.csv,352.61688232421875,attacked_measurement,0.0,0.0
4.899706,baseline_02_high_altitude_hover,Yaw,ramp,0.064638,0,352.6164855957031,352.6164855957031,352.6163070678711,0.0001785278320198,0.0001785278320198,0.010773,0,0.0,0.0004222869872961,0,0,0,W20_N5_mean1.5x,20,5,1.5,1127,Yaw_hybrid_prediction,/home/tchowdh4/sensor_recovery_project/logs/extracted_csv/baseline_02_high_altitude_hover_ATT.csv,/home/tchowdh4/sensor_recovery_project/prediction_results_v9_trained_hybrid/baseline_02_high_altitude_hover_ATT_trained_hybrid_prediction_outputs.csv,352.6164855957031,attacked_measurement,0.0,0.0
4.999666,baseline_02_high_altitude_hover,Yaw,ramp,0.064638,0,352.6167907714844,352.6167907714844,352.61692810058594,-0.0001373291015625,0.0001373291015625,0.010773,0,0.0,0.0004181671142504,0,0,0,W20_N5_mean1.5x,20,5,1.5,1127,Yaw_hybrid_prediction,/home/tchowdh4/sensor_recovery_project/logs/extracted_csv/baseline_02_high_altitude_hover_ATT.csv,/home/tchowdh4/sensor_recovery_project/prediction_results_v9_trained_hybrid/baseline_02_high_altitude_hover_ATT_trained_hybrid_prediction_outputs.csv,352.6167907714844,attacked_measurement,0.0,0.0
5.099626,baseline_02_high_altitude_hover,Yaw,ramp,0.064638,0,352.61676025390625,352.61676025390625,352.6167465209961,1.3732910133512632e-05,1.3732910133512632e-05,0.010773,0,0.0,0.0003975677490132,0,0,0,W20_N5_mean1.5x,20,5,1.5,1127,Yaw_hybrid_prediction,/home/tchowdh4/sensor_recovery_project/logs/extracted_csv/baseline_02_high_altitude_hover_ATT.csv,/home/tchowdh4/sensor_recovery_project/prediction_results_v9_trained_hybrid/baseline_02_high_altitude_hover_ATT_trained_hybrid_prediction_outputs.csv,352.61676025390625,attacked_measurement,0.0,0.0
5.199586,baseline_02_high_altitude_hover,Yaw,ramp,0.064638,0,352.6166381835937,352.6166381835937,352.6165832519531,5.493164059089395e-05,5.493164059089395e-05,0.010773,0,0.0,0.0003865814208865,0,0,0,W20_N5_mean1.5x,20,5,1.5,1127,Yaw_hybrid_prediction,/home/tchowdh4/sensor_recovery_project/logs/extracted_csv/baseline_02_high_altitude_hover_ATT.csv,/home/tchowdh4/sensor_recovery_project/prediction_results_v9_trained_hybrid/baseline_02_high_altitude_hover_ATT_trained_hybrid_prediction_outputs.csv,352.6166381835937,attacked_measurement,0.0,0.0
5.299546,baseline_02_high_altitude_hover,Yaw,ramp,0.064638,0,352.616455078125,352.616455078125,352.6163726806641,8.239746091476263e-05,8.239746091476263e-05,0.010773,0,0.0,0.0003501892089701,0,0,0,W20_N5_mean1.5x,20,5,1.5,1127,Yaw_hybrid_prediction,/home/tchowdh4/sensor_recovery_project/logs/extracted_csv/baseline_02_high_altitude_hover_ATT.csv,/home/tchowdh4/sensor_recovery_project/prediction_results_v9_trained_hybrid/baseline_02_high_altitude_hover_ATT_trained_hybrid_prediction_outputs.csv,352.616455078125,attacked_measurement,0.0,0.0
5.399506,baseline_02_high_altitude_hover,Yaw,ramp,0.064638,0,352.6162109375,352.6162109375,352.6161010742188,0.0001098632811817,0.0001098632811817,0.010773,0,0.0,0.0003474426269406,0,0,0,W20_N5_mean1.5x,20,5,1.5,1127,Yaw_hybrid_prediction,/home/tchowdh4/sensor_recovery_project/logs/extracted_csv/baseline_02_high_altitude_hover_ATT.csv,/home/tchowdh4/sensor_recovery_project/prediction_results_v9_trained_hybrid/baseline_02_high_altitude_hover_ATT_trained_hybrid_prediction_outputs.csv,352.6162109375,attacked_measurement,0.0,0.0
5.499466,baseline_02_high_altitude_hover,Yaw,ramp,0.064638,0,352.6159973144531,352.6159973144531,352.6159011840821,9.613037104827526e-05,9.613037104827526e-05,0.010773,0,0.0,0.0002828979492051,0,0,0,W20_N5_mean1.5x,20,5,1.5,1127,Yaw_hybrid_prediction,/home/tchowdh4/sensor_recovery_project/logs/extracted_csv/baseline_02_high_altitude_hover_ATT.csv,/home/tchowdh4/sensor_recovery_project/prediction_results_v9_trained_hybrid/baseline_02_high_altitude_hover_ATT_trained_hybrid_prediction_outputs.csv,352.6159973144531,attacked_measurement,0.0,0.0
5.599426,baseline_02_high_altitude_hover,Yaw,ramp,0.064638,0,352.6158447265625,352.6158447265625,352.6157760620117,6.866455078125e-05,6.866455078125e-05,0.010773,0,0.0,0.0002465057372916,0,0,0,W20_N5_mean1.5x,20,5,1.5,1127,Yaw_hybrid_prediction,/home/tchowdh4/sensor_recovery_project/logs/extracted_csv/baseline_02_high_altitude_hover_ATT.csv,/home/tchowdh4/sensor_recovery_project/prediction_results_v9_trained_hybrid/baseline_02_high_altitude_hover_ATT_trained_hybrid_prediction_outputs.csv,352.6158447265625,attacked_measurement,0.0,0.0
5.699386,baseline_02_high_altitude_hover,Yaw,ramp,0.064638,0,352.6161193847656,352.6161193847656,352.61624298095705,-0.0001235961914289,0.0001235961914289,0.010773,0,0.0,0.0002005004882704,0,0,0,W20_N5_mean1.5x,20,5,1.5,1127,Yaw_hybrid_prediction,/home/tchowdh4/sensor_recovery_project/logs/extracted_csv/baseline_02_high_altitude_hover_ATT.csv,/home/tchowdh4/sensor_recovery_project/prediction_results_v9_trained_hybrid/baseline_02_high_altitude_hover_ATT_trained_hybrid_prediction_outputs.csv,352.6161193847656,attacked_measurement,0.0,0.0
5.799346,baseline_02_high_altitude_hover,Yaw,ramp,0.064638,0,352.6165466308594,352.6165466308594,352.6167388916016,-0.0001922607422102,0.0001922607422102,0.010773,0,0.0,0.0001579284667855,0,0,0,W20_N5_mean1.5x,20,5,1.5,1127,Yaw_hybrid_prediction,/home/tchowdh4/sensor_recovery_project/logs/extracted_csv/baseline_02_high_altitude_hover_ATT.csv,/home/tchowdh4/sensor_recovery_project/prediction_results_v9_trained_hybrid/baseline_02_high_altitude_hover_ATT_trained_hybrid_prediction_outputs.csv,352.6165466308594,attacked_measurement,0.0,0.0
5.899306,baseline_02_high_altitude_hover,Yaw,ramp,0.064638,0,352.616943359375,352.616943359375,352.6171218872071,-0.0001785278320767,0.0001785278320767,0.010773,0,0.0,0.0001544952392492,0,0,0,W20_N5_mean1.5x,20,5,1.5,1127,Yaw_hybrid_prediction,/home/tchowdh4/sensor_recovery_project/logs/extracted_csv/baseline_02_high_altitude_hover_ATT.csv,/home/tchowdh4/sensor_recovery_project/prediction_results_v9_trained_hybrid/baseline_02_high_altitude_hover_ATT_trained_hybrid_prediction_outputs.csv,352.616943359375,attacked_measurement,0.0,0.0
6.000099,baseline_02_high_altitude_hover,Yaw,ramp,0.064638,0,352.6172180175781,352.6172180175781,352.61734161376955,-0.0001235961914289,0.0001235961914289,0.010773,0,0.0,0.0001393890380796,0,0,0,W20_N5_mean1.5x,20,5,1.5,1127,Yaw_hybrid_prediction,/home/tchowdh4/sensor_recovery_project/logs/extracted_csv/baseline_02_high_altitude_hover_ATT.csv,/home/tchowdh4/sensor_recovery_project/prediction_results_v9_trained_hybrid/baseline_02_high_altitude_hover_ATT_trained_hybrid_prediction_outputs.csv,352.6172180175781,attacked_measurement,0.0,0.0
6.100059,baseline_02_high_altitude_hover,Yaw,ramp,0.064638,0,352.6171264648437,352.6171264648437,352.61708526611324,4.119873045738132e-05,4.119873045738132e-05,0.010773,0,0.0,0.0001311492919853,0,0,0,W20_N5_mean1.5x,20,5,1.5,1127,Yaw_hybrid_prediction,/home/tchowdh4/sensor_recovery_project/logs/extracted_csv/baseline_02_high_altitude_hover_ATT.csv,/home/tchowdh4/sensor_recovery_project/prediction_results_v9_trained_hybrid/baseline_02_high_altitude_hover_ATT_trained_hybrid_prediction_outputs.csv,352.6171264648437,attacked_measurement,0.0,0.0
6.200019,baseline_02_high_altitude_hover,Yaw,ramp,0.064638,0,352.61651611328125,352.61651611328125,352.6162414550781,0.000274658203125,0.000274658203125,0.010773,0,0.0,0.0001352691650339,0,0,0,W20_N5_mean1.5x,20,5,1.5,1127,Yaw_hybrid_prediction,/home/tchowdh4/sensor_recovery_project/logs/extracted_csv/baseline_02_high_altitude_hover_ATT.csv,/home/tchowdh4/sensor_recovery_project/prediction_results_v9_trained_hybrid/baseline_02_high_altitude_hover_ATT_trained_hybrid_prediction_outputs.csv,352.61651611328125,attacked_measurement,0.0,0.0
6.299979,baseline_02_high_altitude_hover,Yaw,ramp,0.064638,0,352.6163330078125,352.6163330078125,352.6162506103516,8.239746091476263e-05,8.239746091476263e-05,0.010773,0,0.0,0.00012428283691,0,0,0,W20_N5_mean1.5x,20,5,1.5,1127,Yaw_hybrid_prediction,/home/tchowdh4/sensor_recovery_project/logs/extracted_csv/baseline_02_high_altitude_hover_ATT.csv,/home/tchowdh4/sensor_recovery_project/prediction_results_v9_trained_hybrid/baseline_02_high_altitude_hover_ATT_trained_hybrid_prediction_outputs.csv,352.6163330078125,attacked_measurement,0.0,0.0
6.399939,baseline_02_high_altitude_hover,Yaw,ramp,0.064638,0,352.6163635253906,352.6163635253906,352.6163772583008,-1.3732910190356051e-05,1.3732910190356051e-05,0.010773,0,0.0,0.00012428283691,0,0,0,W20_N5_mean1.5x,20,5,1.5,1127,Yaw_hybrid_prediction,/home/tchowdh4/sensor_recovery_project/logs/extracted_csv/baseline_02_high_altitude_hover_ATT.csv,/home/tchowdh4/sensor_recovery_project/prediction_results_v9_trained_hybrid/baseline_02_high_altitude_hover_ATT_trained_hybrid_prediction_outputs.csv,352.6163635253906,attacked_measurement,0.0,0.0
6.499899,baseline_02_high_altitude_hover,Yaw,ramp,0.064638,0,352.6178283691406,352.6178283691406,352.61848754882817,-0.0006591796875454,0.0006591796875454,0.010773,0,0.0,0.0001476287841768,0,0,0,W20_N5_mean1.5x,20,5,1.5,1127,Yaw_hybrid_prediction,/home/tchowdh4/sensor_recovery_project/logs/extracted_csv/baseline_02_high_altitude_hover_ATT.csv,/home/tchowdh4/sensor_recovery_project/prediction_results_v9_trained_hybrid/baseline_02_high_altitude_hover_ATT_trained_hybrid_prediction_outputs.csv,352.6178283691406,attacked_measurement,0.0,0.0
6.599859,baseline_02_high_altitude_hover,Yaw,ramp,0.064638,0,352.6184387207031,352.6184387207031,352.61871337890625,-0.000274658203125,0.000274658203125,0.010773,0,0.0,0.0001483154296835,0,0,0,W20_N5_mean1.5x,20,5,1.5,1127,Yaw_hybrid_prediction,/home/tchowdh4/sensor_recovery_project/logs/extracted_csv/baseline_02_high_altitude_hover_ATT.csv,/home/tchowdh4/sensor_recovery_project/prediction_results_v9_trained_hybrid/baseline_02_high_altitude_hover_ATT_trained_hybrid_prediction_outputs.csv,352.6184387207031,attacked_measurement,0.0,0.0
6.699819,baseline_02_high_altitude_hover,Yaw,ramp,0.064638,0,352.6185913085937,352.6185913085937,352.6186599731445,-6.866455078125e-05,6.866455078125e-05,0.010773,0,0.0,0.0001483154296835,0,0,0,W20_N5_mean1.5x,20,5,1.5,1127,Yaw_hybrid_prediction,/home/tchowdh4/sensor_recovery_project/logs/extracted_csv/baseline_02_high_altitude_hover_ATT.csv,/home/tchowdh4/sensor_recovery_project/prediction_results_v9_trained_hybrid/baseline_02_high_altitude_hover_ATT_trained_hybrid_prediction_outputs.csv,352.6185913085937,attacked_measurement,0.0,0.0
6.799779,baseline_02_high_altitude_hover,Yaw,ramp,0.064638,0,352.6183166503906,352.6183166503906,352.61819305419925,0.0001235961913721,0.0001235961913721,0.010773,0,0.0,0.0001448822021444,0,0,0,W20_N5_mean1.5x,20,5,1.5,1127,Yaw_hybrid_prediction,/home/tchowdh4/sensor_recovery_project/logs/extracted_csv/baseline_02_high_altitude_hover_ATT.csv,/home/tchowdh4/sensor_recovery_project/prediction_results_v9_trained_hybrid/baseline_02_high_altitude_hover_ATT_trained_hybrid_prediction_outputs.csv,352.6183166503906,attacked_measurement,0.0,0.0
6.899739,baseline_02_high_altitude_hover,Yaw,ramp,0.064638,0,352.6180725097656,352.6180725097656,352.6179626464844,0.0001098632812386,0.0001098632812386,0.010773,0,0.0,0.0001414489746053,0,0,0,W20_N5_mean1.5x,20,5,1.5,1127,Yaw_hybrid_prediction,/home/tchowdh4/sensor_recovery_project/logs/extracted_csv/baseline_02_high_altitude_hover_ATT.csv,/home/tchowdh4/sensor_recovery_project/prediction_results_v9_trained_hybrid/baseline_02_high_altitude_hover_ATT_trained_hybrid_prediction_outputs.csv,352.6180725097656,attacked_measurement,0.0,0.0
6.999699,baseline_02_high_altitude_hover,Yaw,ramp,0.064638,0,352.6178894042969,352.6178894042969,352.617807006836,8.239746085791921e-05,8.239746085791921e-05,0.010773,0,0.0,0.0001387023925701,0,0,0,W20_N5_mean1.5x,20,5,1.5,1127,Yaw_hybrid_prediction,/home/tchowdh4/sensor_recovery_project/logs/extracted_csv/baseline_02_high_altitude_hover_ATT.csv,/home/tchowdh4/sensor_recovery_project/prediction_results_v9_trained_hybrid/baseline_02_high_altitude_hover_ATT_trained_hybrid_prediction_outputs.csv,352.6178894042969,attacked_measurement,0.0,0.0
7.099659,baseline_02_high_altitude_hover,Yaw,ramp,0.064638,0,352.6177062988281,352.6177062988281,352.6176239013672,8.239746091476263e-05,8.239746091476263e-05,0.010773,0,0.0,0.0001421356201092,0,0,0,W20_N5_mean1.5x,20,5,1.5,1127,Yaw_hybrid_prediction,/home/tchowdh4/sensor_recovery_project/logs/extracted_csv/baseline_02_high_altitude_hover_ATT.csv,/home/tchowdh4/sensor_recovery_project/prediction_results_v9_trained_hybrid/baseline_02_high_altitude_hover_ATT_trained_hybrid_prediction_outputs.csv,352.6177062988281,attacked_measurement,0.0,0.0
7.199619,baseline_02_high_altitude_hover,Yaw,ramp,0.064638,0,352.6175537109375,352.6175537109375,352.6174850463867,6.866455078125e-05,6.866455078125e-05,0.010773,0,0.0,0.0001428222656187,0,0,0,W20_N5_mean1.5x,20,5,1.5,1127,Yaw_hybrid_prediction,/home/tchowdh4/sensor_recovery_project/logs/extracted_csv/baseline_02_high_altitude_hover_ATT.csv,/home/tchowdh4/sensor_recovery_project/prediction_results_v9_trained_hybrid/baseline_02_high_altitude_hover_ATT_trained_hybrid_prediction_outputs.csv,352.6175537109375,attacked_measurement,0.0,0.0
7.299579,baseline_02_high_altitude_hover,Yaw,ramp,0.064638,0,352.6175537109375,352.6175537109375,352.6175537109375,0.0,0.0,0.010773,0,0.0,0.000138702392573,0,0,0,W20_N5_mean1.5x,20,5,1.5,1127,Yaw_hybrid_prediction,/home/tchowdh4/sensor_recovery_project/logs/extracted_csv/baseline_02_high_altitude_hover_ATT.csv,/home/tchowdh4/sensor_recovery_project/prediction_results_v9_trained_hybrid/baseline_02_high_altitude_hover_ATT_trained_hybrid_prediction_outputs.csv,352.6175537109375,attacked_measurement,0.0,0.0
7.399539,baseline_02_high_altitude_hover,Yaw,ramp,0.064638,0,352.61773681640625,352.61773681640625,352.6178192138672,-8.239746097160605e-05,8.239746097160605e-05,0.010773,0,0.0,0.0001373291015625,0,0,0,W20_N5_mean1.5x,20,5,1.5,1127,Yaw_hybrid_prediction,/home/tchowdh4/sensor_recovery_project/logs/extracted_csv/baseline_02_high_altitude_hover_ATT.csv,/home/tchowdh4/sensor_recovery_project/prediction_results_v9_trained_hybrid/baseline_02_high_altitude_hover_ATT_trained_hybrid_prediction_outputs.csv,352.61773681640625,attacked_measurement,0.0,0.0
7.499499,baseline_02_high_altitude_hover,Yaw,ramp,0.064638,0,352.6177673339844,352.6177673339844,352.6177810668945,-1.3732910133512632e-05,1.3732910133512632e-05,0.010773,0,0.0,0.0001332092285167,0,0,0,W20_N5_mean1.5x,20,5,1.5,1127,Yaw_hybrid_prediction,/home/tchowdh4/sensor_recovery_project/logs/extracted_csv/baseline_02_high_altitude_hover_ATT.csv,/home/tchowdh4/sensor_recovery_project/prediction_results_v9_trained_hybrid/baseline_02_high_altitude_hover_ATT_trained_hybrid_prediction_outputs.csv,352.6177673339844,attacked_measurement,0.0,0.0
7.599459,baseline_02_high_altitude_hover,Yaw,ramp,0.064638,0,352.61773681640625,352.61773681640625,352.6177230834961,1.3732910133512632e-05,1.3732910133512632e-05,0.010773,0,0.0,0.0001304626464843,0,0,0,W20_N5_mean1.5x,20,5,1.5,1127,Yaw_hybrid_prediction,/home/tchowdh4/sensor_recovery_project/logs/extracted_csv/baseline_02_high_altitude_hover_ATT.csv,/home/tchowdh4/sensor_recovery_project/prediction_results_v9_trained_hybrid/baseline_02_high_altitude_hover_ATT_trained_hybrid_prediction_outputs.csv,352.61773681640625,attacked_measurement,0.0,0.0
7.699419,baseline_02_high_altitude_hover,Yaw,ramp,0.064638,0,352.6181335449219,352.6181335449219,352.61831207275395,-0.0001785278320767,0.0001785278320767,0.010773,0,0.0,0.0001332092285167,0,0,0,W20_N5_mean1.5x,20,5,1.5,1127,Yaw_hybrid_prediction,/home/tchowdh4/sensor_recovery_project/logs/extracted_csv/baseline_02_high_altitude_hover_ATT.csv,/home/tchowdh4/sensor_recovery_project/prediction_results_v9_trained_hybrid/baseline_02_high_altitude_hover_ATT_trained_hybrid_prediction_outputs.csv,352.6181335449219,attacked_measurement,0.0,0.0
7.799379,baseline_02_high_altitude_hover,Yaw,ramp,0.064638,0,352.6181030273437,352.6181030273437,352.6180892944335,1.3732910190356051e-05,1.3732910190356051e-05,0.010773,0,0.0,0.0001242828369157,0,0,0,W20_N5_mean1.5x,20,5,1.5,1127,Yaw_hybrid_prediction,/home/tchowdh4/sensor_recovery_project/logs/extracted_csv/baseline_02_high_altitude_hover_ATT.csv,/home/tchowdh4/sensor_recovery_project/prediction_results_v9_trained_hybrid/baseline_02_high_altitude_hover_ATT_trained_hybrid_prediction_outputs.csv,352.6181030273437,attacked_measurement,0.0,0.0
7.899339,baseline_02_high_altitude_hover,Yaw,ramp,0.064638,0,352.6181335449219,352.6181335449219,352.6181472778321,-1.373291024719947e-05,1.373291024719947e-05,0.010773,0,0.0,0.0001160430908242,0,0,0,W20_N5_mean1.5x,20,5,1.5,1127,Yaw_hybrid_prediction,/home/tchowdh4/sensor_recovery_project/logs/extracted_csv/baseline_02_high_altitude_hover_ATT.csv,/home/tchowdh4/sensor_recovery_project/prediction_results_v9_trained_hybrid/baseline_02_high_altitude_hover_ATT_trained_hybrid_prediction_outputs.csv,352.6181335449219,attacked_measurement,0.0,0.0
8.000132,baseline_02_high_altitude_hover,Yaw,ramp,0.064638,0,352.61773681640625,352.61773681640625,352.61755828857423,0.0001785278320198,0.0001785278320198,0.010773,0,0.0,0.0001187896728538,0,0,0,W20_N5_mean1.5x,20,5,1.5,1127,Yaw_hybrid_prediction,/home/tchowdh4/sensor_recovery_project/logs/extracted_csv/baseline_02_high_altitude_hover_ATT.csv,/home/tchowdh4/sensor_recovery_project/prediction_results_v9_trained_hybrid/baseline_02_high_altitude_hover_ATT_trained_hybrid_prediction_outputs.csv,352.61773681640625,attacked_measurement,0.0,0.0
8.100092,baseline_02_high_altitude_hover,Yaw,ramp,0.064638,0,352.6176452636719,352.6176452636719,352.6176040649415,4.11987304005379e-05,4.11987304005379e-05,0.010773,0,0.0,0.0001187896728509,0,0,0,W20_N5_mean1.5x,20,5,1.5,1127,Yaw_hybrid_prediction,/home/tchowdh4/sensor_recovery_project/logs/extracted_csv/baseline_02_high_altitude_hover_ATT.csv,/home/tchowdh4/sensor_recovery_project/prediction_results_v9_trained_hybrid/baseline_02_high_altitude_hover_ATT_trained_hybrid_prediction_outputs.csv,352.6176452636719,attacked_measurement,0.0,0.0
8.200052,baseline_02_high_altitude_hover,Yaw,ramp,0.064638,0,352.61798095703125,352.61798095703125,352.618132019043,-0.0001510620117528,0.0001510620117528,0.010773,0,0.0,0.0001126098632823,0,0,0,W20_N5_mean1.5x,20,5,1.5,1127,Yaw_hybrid_prediction,/home/tchowdh4/sensor_recovery_project/logs/extracted_csv/baseline_02_high_altitude_hover_ATT.csv,/home/tchowdh4/sensor_recovery_project/prediction_results_v9_trained_hybrid/baseline_02_high_altitude_hover_ATT_trained_hybrid_prediction_outputs.csv,352.61798095703125,attacked_measurement,0.0,0.0
8.300012,baseline_02_high_altitude_hover,Yaw,ramp,0.064638,0,352.6186828613281,352.6186828613281,352.61899871826176,-0.0003158569336392,0.0003158569336392,0.010773,0,0.0,0.0001242828369186,0,0,0,W20_N5_mean1.5x,20,5,1.5,1127,Yaw_hybrid_prediction,/home/tchowdh4/sensor_recovery_project/logs/extracted_csv/baseline_02_high_altitude_hover_ATT.csv,/home/tchowdh4/sensor_recovery_project/prediction_results_v9_trained_hybrid/baseline_02_high_altitude_hover_ATT_trained_hybrid_prediction_outputs.csv,352.6186828613281,attacked_measurement,0.0,0.0
8.399972,baseline_02_high_altitude_hover,Yaw,ramp,0.064638,1,352.6186828613281,352.6186828613281,352.6186828613281,0.0,0.0,0.010773,0,0.0,0.000123596191409,0,0,0,W20_N5_mean1.5x,20,5,1.5,1127,Yaw_hybrid_prediction,/home/tchowdh4/sensor_recovery_project/logs/extracted_csv/baseline_02_high_altitude_hover_ATT.csv,/home/tchowdh4/sensor_recovery_project/prediction_results_v9_trained_hybrid/baseline_02_high_altitude_hover_ATT_trained_hybrid_prediction_outputs.csv,352.6186828613281,attacked_measurement,0.0,0.0
8.499932,baseline_02_high_altitude_hover,Yaw,ramp,0.064638,1,352.61871337890625,352.61948287890624,352.61872711181644,0.0007557670897995,0.0007557670897995,0.010773,0,0.0,0.0001284255615217,0,0,0,W20_N5_mean1.5x,20,5,1.5,1127,Yaw_hybrid_prediction,/home/tchowdh4/sensor_recovery_project/logs/extracted_csv/baseline_02_high_altitude_hover_ATT.csv,/home/tchowdh4/sensor_recovery_project/prediction_results_v9_trained_hybrid/baseline_02_high_altitude_hover_ATT_trained_hybrid_prediction_outputs.csv,352.61948287890624,attacked_measurement,0.0007694999999898755,0.0007694999999898755
8.599892,baseline_02_high_altitude_hover,Yaw,ramp,0.064638,1,352.6191711425781,352.6207101425781,352.61937713623047,0.001333006347636,0.001333006347636,0.010773,0,0.0,0.0001813429687473,0,0,0,W20_N5_mean1.5x,20,5,1.5,1127,Yaw_hybrid_prediction,/home/tchowdh4/sensor_recovery_project/logs/extracted_csv/baseline_02_high_altitude_hover_ATT.csv,/home/tchowdh4/sensor_recovery_project/prediction_results_v9_trained_hybrid/baseline_02_high_altitude_hover_ATT_trained_hybrid_prediction_outputs.csv,352.6207101425781,attacked_measurement,0.001538999999979751,0.001538999999979751
8.699852,baseline_02_high_altitude_hover,Yaw,ramp,0.064638,1,352.6195068359375,352.6218153359375,352.61965789794925,0.0021574379882736,0.0021574379882736,0.010773,0,0.0,0.0002857816406219,0,0,0,W20_N5_mean1.5x,20,5,1.5,1127,Yaw_hybrid_prediction,/home/tchowdh4/sensor_recovery_project/logs/extracted_csv/baseline_02_high_altitude_hover_ATT.csv,/home/tchowdh4/sensor_recovery_project/prediction_results_v9_trained_hybrid/baseline_02_high_altitude_hover_ATT_trained_hybrid_prediction_outputs.csv,352.6218153359375,attacked_measurement,0.00230850000002647,0.00230850000002647
8.799812,baseline_02_high_altitude_hover,Yaw,ramp,0.064638,1,352.6190795898437,352.6221575898437,352.61888732910154,0.0032702607421697,0.0032702607421697,0.010773,0,0.0,0.0004431148681618,0,0,0,W20_N5_mean1.5x,20,5,1.5,1127,Yaw_hybrid_prediction,/home/tchowdh4/sensor_recovery_project/logs/extracted_csv/baseline_02_high_altitude_hover_ATT.csv,/home/tchowdh4/sensor_recovery_project/prediction_results_v9_trained_hybrid/baseline_02_high_altitude_hover_ATT_trained_hybrid_prediction_outputs.csv,352.6221575898437,attacked_measurement,0.0030780000000163454,0.0030780000000163454
8.899772,baseline_02_high_altitude_hover,Yaw,ramp,0.064638,1,352.6185607910156,352.62240829101563,352.618327331543,0.0040809594726169,0.0040809594726169,0.010773,0,0.0,0.0006416696777307,0,0,0,W20_N5_mean1.5x,20,5,1.5,1127,Yaw_hybrid_prediction,/home/tchowdh4/sensor_recovery_project/logs/extracted_csv/baseline_02_high_altitude_hover_ATT.csv,/home/tchowdh4/sensor_recovery_project/prediction_results_v9_trained_hybrid/baseline_02_high_altitude_hover_ATT_trained_hybrid_prediction_outputs.csv,352.62240829101563,attacked_measurement,0.003847500000006221,0.003847500000006221
8.999732,baseline_02_high_altitude_hover,Yaw,ramp,0.064638,1,352.6178283691406,352.6224453691406,352.6174987792969,0.0049465898437119,0.0049465898437119,0.010773,0,0.0,0.0008848792968734,0,0,0,W20_N5_mean1.5x,20,5,1.5,1127,Yaw_hybrid_prediction,/home/tchowdh4/sensor_recovery_project/logs/extracted_csv/baseline_02_high_altitude_hover_ATT.csv,/home/tchowdh4/sensor_recovery_project/prediction_results_v9_trained_hybrid/baseline_02_high_altitude_hover_ATT_trained_hybrid_prediction_outputs.csv,352.6224453691406,attacked_measurement,0.0046169999999960964,0.0046169999999960964
9.099692,baseline_02_high_altitude_hover,Yaw,ramp,0.064638,1,352.6175537109375,352.6229402109375,352.6174301147461,0.0055100961913581,0.0055100961913581,0.010773,0,0.0,0.0011562642333956,0,0,0,W20_N5_mean1.5x,20,5,1.5,1127,Yaw_hybrid_prediction,/home/tchowdh4/sensor_recovery_project/logs/extracted_csv/baseline_02_high_altitude_hover_ATT.csv,/home/tchowdh4/sensor_recovery_project/prediction_results_v9_trained_hybrid/baseline_02_high_altitude_hover_ATT_trained_hybrid_prediction_outputs.csv,352.6229402109375,attacked_measurement,0.005386499999985972,0.005386499999985972
9.199652,baseline_02_high_altitude_hover,Yaw,ramp,0.064638,1,352.61798095703125,352.6241369570312,352.61817321777346,0.0059637392577656,0.0059637392577656,0.010773,0,0.0,0.0014510179687448,0,0,0,W20_N5_mean1.5x,20,5,1.5,1127,Yaw_hybrid_prediction,/home/tchowdh4/sensor_recovery_project/logs/extracted_csv/baseline_02_high_altitude_hover_ATT.csv,/home/tchowdh4/sensor_recovery_project/prediction_results_v9_trained_hybrid/baseline_02_high_altitude_hover_ATT_trained_hybrid_prediction_outputs.csv,352.6241369570312,attacked_measurement,0.0061559999999758475,0.0061559999999758475
9.299612,baseline_02_high_altitude_hover,Yaw,ramp,0.064638,1,352.6183776855469,352.6253031855469,352.6185562133789,0.0067469721680026,0.0067469721680026,0.010773,0,0.0,0.0017883665771449,0,0,0,W20_N5_mean1.5x,20,5,1.5,1127,Yaw_hybrid_prediction,/home/tchowdh4/sensor_recovery_project/logs/extracted_csv/baseline_02_high_altitude_hover_ATT.csv,/home/tchowdh4/sensor_recovery_project/prediction_results_v9_trained_hybrid/baseline_02_high_altitude_hover_ATT_trained_hybrid_prediction_outputs.csv,352.6253031855469,attacked_measurement,0.006925500000022566,0.006925500000022566
9.399572,baseline_02_high_altitude_hover,Yaw,ramp,0.064638,1,352.6183776855469,352.6260726855469,352.6183776855469,0.0076950000000124,0.0076950000000124,0.010773,0,0.0,0.002168996704097,0,0,0,W20_N5_mean1.5x,20,5,1.5,1127,Yaw_hybrid_prediction,/home/tchowdh4/sensor_recovery_project/logs/extracted_csv/baseline_02_high_altitude_hover_ATT.csv,/home/tchowdh4/sensor_recovery_project/prediction_results_v9_trained_hybrid/baseline_02_high_altitude_hover_ATT_trained_hybrid_prediction_outputs.csv,352.6260726855469,attacked_measurement,0.007695000000012442,0.007695000000012442
9.499532,baseline_02_high_altitude_hover,Yaw,ramp,0.064638,1,352.61834716796875,352.62681166796875,352.6183334350586,0.0084782329101358,0.0084782329101358,0.010773,0,0.0,0.0025922217040971,0,0,0,W20_N5_mean1.5x,20,5,1.5,1127,Yaw_hybrid_prediction,/home/tchowdh4/sensor_recovery_project/logs/extracted_csv/baseline_02_high_altitude_hover_ATT.csv,/home/tchowdh4/sensor_recovery_project/prediction_results_v9_trained_hybrid/baseline_02_high_altitude_hover_ATT_trained_hybrid_prediction_outputs.csv,352.62681166796875,attacked_measurement,0.008464500000002317,0.008464500000002317
9.599492,baseline_02_high_altitude_hover,Yaw,ramp,0.064638,1,352.6185302734375,352.6277642734375,352.6186126708984,0.0091516025390774,0.0091516025390774,0.010773,0,0.0,0.0030491151855443,0,0,0,W20_N5_mean1.5x,20,5,1.5,1127,Yaw_hybrid_prediction,/home/tchowdh4/sensor_recovery_project/logs/extracted_csv/baseline_02_high_altitude_hover_ATT.csv,/home/tchowdh4/sensor_recovery_project/prediction_results_v9_trained_hybrid/baseline_02_high_altitude_hover_ATT_trained_hybrid_prediction_outputs.csv,352.6277642734375,attacked_measurement,0.009233999999992193,0.009233999999992193
9.699452,baseline_02_high_altitude_hover,Yaw,ramp,0.064638,1,352.6186218261719,352.62862532617186,352.6186630249024,0.0099623012694678,0.0099623012694678,0.010773,0,0.0,0.0035383038574138,0,0,0,W20_N5_mean1.5x,20,5,1.5,1127,Yaw_hybrid_prediction,/home/tchowdh4/sensor_recovery_project/logs/extracted_csv/baseline_02_high_altitude_hover_ATT.csv,/home/tchowdh4/sensor_recovery_project/prediction_results_v9_trained_hybrid/baseline_02_high_altitude_hover_ATT_trained_hybrid_prediction_outputs.csv,352.62862532617186,attacked_measurement,0.010003499999982068,0.010003499999982068
9.799412,baseline_02_high_altitude_hover,Yaw,ramp,0.064638,1,352.6186828613281,352.6294558613281,352.61871032714845,0.010745534179648,0.010745534179648,0.010773,0,0.0,0.0040748939208867,0,0,0,W20_N5_mean1.5x,20,5,1.5,1127,Yaw_hybrid_prediction,/home/tchowdh4/sensor_recovery_project/logs/extracted_csv/baseline_02_high_altitude_hover_ATT.csv,/home/tchowdh4/sensor_recovery_project/prediction_results_v9_trained_hybrid/baseline_02_high_altitude_hover_ATT_trained_hybrid_prediction_outputs.csv,352.6294558613281,attacked_measurement,0.010772999999971944,0.010772999999971944
9.899372,baseline_02_high_altitude_hover,Yaw,ramp,0.064638,1,352.6192932128906,352.63083571289064,352.6195678710937,0.0112678417969505,0.0112678417969505,0.010773,1,1.0,0.0046375993652219,0,0,0,W20_N5_mean1.5x,20,5,1.5,1127,Yaw_hybrid_prediction,/home/tchowdh4/sensor_recovery_project/logs/extracted_csv/baseline_02_high_altitude_hover_ATT.csv,/home/tchowdh4/sensor_recovery_project/prediction_results_v9_trained_hybrid/baseline_02_high_altitude_hover_ATT_trained_hybrid_prediction_outputs.csv,352.6195678710937,V9_prediction,0.011542500000018663,0.0002746582030681566
9.999332,baseline_02_high_altitude_hover,Yaw,ramp,0.064638,1,352.61944580078125,352.63175780078126,352.61951446533203,0.0122433354492272,0.0122433354492272,0.010773,1,2.0,0.0052408397460823,0,0,0,W20_N5_mean1.5x,20,5,1.5,1127,Yaw_hybrid_prediction,/home/tchowdh4/sensor_recovery_project/logs/extracted_csv/baseline_02_high_altitude_hover_ATT.csv,/home/tchowdh4/sensor_recovery_project/prediction_results_v9_trained_hybrid/baseline_02_high_altitude_hover_ATT_trained_hybrid_prediction_outputs.csv,352.61951446533203,V9_prediction,0.012312000000008538,6.866455078125e-05
10.100125,baseline_02_high_altitude_hover,Yaw,ramp,0.064638,1,352.6196594238281,352.6327409238281,352.6197555541993,0.0129853696288364,0.0129853696288364,0.010773,1,3.0,0.0058880482910041,0,0,0,W20_N5_mean1.5x,20,5,1.5,1127,Yaw_hybrid_prediction,/home/tchowdh4/sensor_recovery_project/logs/extracted_csv/baseline_02_high_altitude_hover_ATT.csv,/home/tchowdh4/sensor_recovery_project/prediction_results_v9_trained_hybrid/baseline_02_high_altitude_hover_ATT_trained_hybrid_prediction_outputs.csv,352.6197555541993,V9_prediction,0.013081499999998414,9.61303711619621e-05
10.200085,baseline_02_high_altitude_hover,Yaw,ramp,0.064638,1,352.6192932128906,352.6331442128906,352.6191284179688,0.0140157949218178,0.0140157949218178,0.010773,1,4.0,0.0065812849365073,0,0,0,W20_N5_mean1.5x,20,5,1.5,1127,Yaw_hybrid_prediction,/home/tchowdh4/sensor_recovery_project/logs/extracted_csv/baseline_02_high_altitude_hover_ATT.csv,/home/tchowdh4/sensor_recovery_project/prediction_results_v9_trained_hybrid/baseline_02_high_altitude_hover_ATT_trained_hybrid_prediction_outputs.csv,352.6191284179688,V9_prediction,0.01385099999998829,-0.00016479492182952526
10.300045,baseline_02_high_altitude_hover,Yaw,ramp,0.064638,1,352.6191711425781,352.6337916425781,352.61911621093753,0.014675431640569,0.014675431640569,0.010773,1,5.0,0.0072992636718538,1,0,1,W20_N5_mean1.5x,20,5,1.5,1127,Yaw_hybrid_prediction,/home/tchowdh4/sensor_recovery_project/logs/extracted_csv/baseline_02_high_altitude_hover_ATT.csv,/home/tchowdh4/sensor_recovery_project/prediction_results_v9_trained_hybrid/baseline_02_high_altitude_hover_ATT_trained_hybrid_prediction_outputs.csv,352.61911621093753,V9_prediction,0.014620499999978165,-5.493164059089395e-05
10.400005,baseline_02_high_altitude_hover,Yaw,ramp,0.064638,1,352.619140625,352.634530625,352.61912689208987,0.0154037329101583,0.0154037329101583,0.010773,1,6.0,0.0080694503173617,1,0,1,W20_N5_mean1.5x,20,5,1.5,1127,Yaw_hybrid_prediction,/home/tchowdh4/sensor_recovery_project/logs/extracted_csv/baseline_02_high_altitude_hover_ATT.csv,/home/tchowdh4/sensor_recovery_project/prediction_results_v9_trained_hybrid/baseline_02_high_altitude_hover_ATT_trained_hybrid_prediction_outputs.csv,352.61912689208987,V9_prediction,0.015390000000024884,-1.3732910133512632e-05
10.499965,baseline_02_high_altitude_hover,Yaw,ramp,0.064638,1,352.6190185546875,352.6351780546875,352.6189636230469,0.0162144316406056,0.0162144316406056,0.010773,1,7.0,0.008842383544902,1,0,1,W20_N5_mean1.5x,20,5,1.5,1127,Yaw_hybrid_prediction,/home/tchowdh4/sensor_recovery_project/logs/extracted_csv/baseline_02_high_altitude_hover_ATT.csv,/home/tchowdh4/sensor_recovery_project/prediction_results_v9_trained_hybrid/baseline_02_high_altitude_hover_ATT_trained_hybrid_prediction_outputs.csv,352.6189636230469,V9_prediction,0.01615950000001476,-5.493164059089395e-05
10.599925,baseline_02_high_altitude_hover,Yaw,ramp,0.064638,1,352.61883544921875,352.63576444921875,352.61875305175784,0.0170113974609193,0.0170113974609193,0.010773,1,8.0,0.0096263031005662,1,0,1,W20_N5_mean1.5x,20,5,1.5,1127,Yaw_hybrid_prediction,/home/tchowdh4/sensor_recovery_project/logs/extracted_csv/baseline_02_high_altitude_hover_ATT.csv,/home/tchowdh4/sensor_recovery_project/prediction_results_v9_trained_hybrid/baseline_02_high_altitude_hover_ATT_trained_hybrid_prediction_outputs.csv,352.61875305175784,V9_prediction,0.016929000000004635,-8.239746091476263e-05
10.699885,baseline_02_high_altitude_hover,Yaw,ramp,0.064638,1,352.618896484375,352.636594984375,352.6189239501954,0.0176710341796137,0.0176710341796137,0.010773,1,9.0,0.0104019829101332,1,0,1,W20_N5_mean1.5x,20,5,1.5,1127,Yaw_hybrid_prediction,/home/tchowdh4/sensor_recovery_project/logs/extracted_csv/baseline_02_high_altitude_hover_ATT.csv,/home/tchowdh4/sensor_recovery_project/prediction_results_v9_trained_hybrid/baseline_02_high_altitude_hover_ATT_trained_hybrid_prediction_outputs.csv,352.6189239501954,V9_prediction,0.01769849999999451,2.7465820380712103e-05
10.799845,baseline_02_high_altitude_hover,Yaw,ramp,0.064638,1,352.6186218261719,352.63708982617186,352.6184982299805,0.0185915961913565,0.0185915961913565,0.010773,1,10.0,0.0111680496825925,1,0,1,W20_N5_mean1.5x,20,5,1.5,1127,Yaw_hybrid_prediction,/home/tchowdh4/sensor_recovery_project/logs/extracted_csv/baseline_02_high_altitude_hover_ATT.csv,/home/tchowdh4/sensor_recovery_project/prediction_results_v9_trained_hybrid/baseline_02_high_altitude_hover_ATT_trained_hybrid_prediction_outputs.csv,352.6184982299805,V9_prediction,0.018467999999984386,-0.00012359619137214395
10.899805,baseline_02_high_altitude_hover,Yaw,ramp,0.064638,1,352.6188659667969,352.63810346679685,352.61897583007817,0.0191276367186787,0.0191276367186787,0.010773,1,11.0,0.0119203835448956,1,0,1,W20_N5_mean1.5x,20,5,1.5,1127,Yaw_hybrid_prediction,/home/tchowdh4/sensor_recovery_project/logs/extracted_csv/baseline_02_high_altitude_hover_ATT.csv,/home/tchowdh4/sensor_recovery_project/prediction_results_v9_trained_hybrid/baseline_02_high_altitude_hover_ATT_trained_hybrid_prediction_outputs.csv,352.61897583007817,V9_prediction,0.01923749999997426,0.00010986328129547474
10.999765,baseline_02_high_altitude_hover,Yaw,ramp,0.064638,1,352.6189880371094,352.6389950371094,352.61904296875,0.0199520683593732,0.0199520683593732,0.010773,1,12.0,0.0126706574706787,1,0,1,W20_N5_mean1.5x,20,5,1.5,1127,Yaw_hybrid_prediction,/home/tchowdh4/sensor_recovery_project/logs/extracted_csv/baseline_02_high_altitude_hover_ATT.csv,/home/tchowdh4/sensor_recovery_project/prediction_results_v9_trained_hybrid/baseline_02_high_altitude_hover_ATT_trained_hybrid_prediction_outputs.csv,352.61904296875,V9_prediction,0.02000700000002098,5.493164064773737e-05
11.099725,baseline_02_high_altitude_hover,Yaw,ramp,0.064638,1,352.61871337890625,352.63948987890626,352.6185897827149,0.020900096191383,0.020900096191383,0.010773,1,13.0,0.0134401574706799,1,0,1,W20_N5_mean1.5x,20,5,1.5,1127,Yaw_hybrid_prediction,/home/tchowdh4/sensor_recovery_project/logs/extracted_csv/baseline_02_high_altitude_hover_ATT.csv,/home/tchowdh4/sensor_recovery_project/prediction_results_v9_trained_hybrid/baseline_02_high_altitude_hover_ATT_trained_hybrid_prediction_outputs.csv,352.6185897827149,V9_prediction,0.020776500000010856,-0.00012359619137214395
11.199685,baseline_02_high_altitude_hover,Yaw,ramp,0.064638,1,352.6185302734375,352.6400762734375,352.6184478759766,0.0216283974609154,0.0216283974609154,0.010773,1,14.0,0.0142233903808374,1,0,1,W20_N5_mean1.5x,20,5,1.5,1127,Yaw_hybrid_prediction,/home/tchowdh4/sensor_recovery_project/logs/extracted_csv/baseline_02_high_altitude_hover_ATT.csv,/home/tchowdh4/sensor_recovery_project/prediction_results_v9_trained_hybrid/baseline_02_high_altitude_hover_ATT_trained_hybrid_prediction_outputs.csv,352.6184478759766,V9_prediction,0.02154600000000073,-8.239746091476263e-05
11.299645,baseline_02_high_altitude_hover,Yaw,ramp,0.064638,1,352.61865234375,352.64096784375,352.61870727539065,0.0222605683593428,0.0222605683593428,0.010773,1,15.0,0.0149990701904044,1,0,1,W20_N5_mean1.5x,20,5,1.5,1127,Yaw_hybrid_prediction,/home/tchowdh4/sensor_recovery_project/logs/extracted_csv/baseline_02_high_altitude_hover_ATT.csv,/home/tchowdh4/sensor_recovery_project/prediction_results_v9_trained_hybrid/baseline_02_high_altitude_hover_ATT_trained_hybrid_prediction_outputs.csv,352.61870727539065,V9_prediction,0.022315499999990607,5.493164064773737e-05
11.399605,baseline_02_high_altitude_hover,Yaw,ramp,0.064638,1,352.6187744140625,352.6418594140625,352.61882934570315,0.0230300683593327,0.0230300683593327,0.010773,1,16.0,0.0157658236083705,1,0,1,W20_N5_mean1.5x,20,5,1.5,1127,Yaw_hybrid_prediction,/home/tchowdh4/sensor_recovery_project/logs/extracted_csv/baseline_02_high_altitude_hover_ATT.csv,/home/tchowdh4/sensor_recovery_project/prediction_results_v9_trained_hybrid/baseline_02_high_altitude_hover_ATT_trained_hybrid_prediction_outputs.csv,352.61882934570315,V9_prediction,0.023084999999980482,5.493164064773737e-05
11.499565,baseline_02_high_altitude_hover,Yaw,ramp,0.064638,1,352.6193542480469,352.6432087480469,352.61961517333987,0.0235935747070357,0.0235935747070357,0.010773,1,17.0,0.0165215906982155,1,1,1,W20_N5_mean1.5x,20,5,1.5,1127,Yaw_hybrid_prediction,/home/tchowdh4/sensor_recovery_project/logs/extracted_csv/baseline_02_high_altitude_hover_ATT.csv,/home/tchowdh4/sensor_recovery_project/prediction_results_v9_trained_hybrid/baseline_02_high_altitude_hover_ATT_trained_hybrid_prediction_outputs.csv,352.61961517333987,V9_prediction,0.0238545000000272,0.00026092529299148737
11.599525,baseline_02_high_altitude_hover,Yaw,ramp,0.064638,1,352.61968994140625,352.64431394140627,352.619841003418,0.0244729379882642,0.0244729379882642,0.010773,1,18.0,0.0172876574706748,1,1,1,W20_N5_mean1.5x,20,5,1.5,1127,Yaw_hybrid_prediction,/home/tchowdh4/sensor_recovery_project/logs/extracted_csv/baseline_02_high_altitude_hover_ATT.csv,/home/tchowdh4/sensor_recovery_project/prediction_results_v9_trained_hybrid/baseline_02_high_altitude_hover_ATT_trained_hybrid_prediction_outputs.csv,352.619841003418,V9_prediction,0.024624000000017077,0.00015106201175285605
11.699485,baseline_02_high_altitude_hover,Yaw,ramp,0.064638,1,352.6205444335937,352.6459379335937,352.62092895507806,0.0250089785156433,0.0250089785156433,0.010773,1,19.0,0.0180399913329836,1,1,1,W20_N5_mean1.5x,20,5,1.5,1127,Yaw_hybrid_prediction,/home/tchowdh4/sensor_recovery_project/logs/extracted_csv/baseline_02_high_altitude_hover_ATT.csv,/home/tchowdh4/sensor_recovery_project/prediction_results_v9_trained_hybrid/baseline_02_high_altitude_hover_ATT_trained_hybrid_prediction_outputs.csv,352.62092895507806,V9_prediction,0.025393500000006952,0.0003845214843636313
11.799445,baseline_02_high_altitude_hover,Yaw,ramp,0.064638,1,352.6210327148437,352.6471957148437,352.6212524414062,0.0259432734374627,0.0259432734374627,0.010773,1,20.0,0.0187998782958743,1,1,1,W20_N5_mean1.5x,20,5,1.5,1127,Yaw_hybrid_prediction,/home/tchowdh4/sensor_recovery_project/logs/extracted_csv/baseline_02_high_altitude_hover_ATT.csv,/home/tchowdh4/sensor_recovery_project/prediction_results_v9_trained_hybrid/baseline_02_high_altitude_hover_ATT_trained_hybrid_prediction_outputs.csv,352.6212524414062,V9_prediction,0.026162999999996828,0.00021972656253410605
11.899405,baseline_02_high_altitude_hover,Yaw,ramp,0.064638,1,352.6215515136719,352.64848401367186,352.6217849731446,0.0266990405272622,0.0266990405272622,0.010773,1,20.0,0.0195714382323899,1,1,1,W20_N5_mean1.5x,20,5,1.5,1127,Yaw_hybrid_prediction,/home/tchowdh4/sensor_recovery_project/logs/extracted_csv/baseline_02_high_altitude_hover_ATT.csv,/home/tchowdh4/sensor_recovery_project/prediction_results_v9_trained_hybrid/baseline_02_high_altitude_hover_ATT_trained_hybrid_prediction_outputs.csv,352.6217849731446,V9_prediction,0.026932499999986703,0.0002334594727244621
11.999365,baseline_02_high_altitude_hover,Yaw,ramp,0.064638,1,352.6219482421875,352.6496502421875,352.6221267700196,0.0275234721678998,0.0275234721678998,0.010773,1,20.0,0.0203354450683235,1,1,1,W20_N5_mean1.5x,20,5,1.5,1127,Yaw_hybrid_prediction,/home/tchowdh4/sensor_recovery_project/logs/extracted_csv/baseline_02_high_altitude_hover_ATT.csv,/home/tchowdh4/sensor_recovery_project/prediction_results_v9_trained_hybrid/baseline_02_high_altitude_hover_ATT_trained_hybrid_prediction_outputs.csv,352.6221267700196,V9_prediction,0.02770199999997658,0.00017852783207672474
12.099325,baseline_02_high_altitude_hover,Yaw,ramp,0.064638,1,352.6224365234375,352.6509080234375,352.62265625000003,0.0282517734374891,0.0282517734374891,0.010773,1,20.0,0.0210987652587562,1,1,1,W20_N5_mean1.5x,20,5,1.5,1127,Yaw_hybrid_prediction,/home/tchowdh4/sensor_recovery_project/logs/extracted_csv/baseline_02_high_altitude_hover_ATT.csv,/home/tchowdh4/sensor_recovery_project/prediction_results_v9_trained_hybrid/baseline_02_high_altitude_hover_ATT_trained_hybrid_prediction_outputs.csv,352.62265625000003,V9_prediction,0.028471500000023298,0.00021972656253410605
12.200118,baseline_02_high_altitude_hover,Yaw,ramp,0.064638,1,352.6228332519531,352.65207425195314,352.6230117797852,0.0290624721679364,0.0290624721679364,0.010773,1,20.0,0.0218510991210621,1,1,1,W20_N5_mean1.5x,20,5,1.5,1127,Yaw_hybrid_prediction,/home/tchowdh4/sensor_recovery_project/logs/extracted_csv/baseline_02_high_altitude_hover_ATT.csv,/home/tchowdh4/sensor_recovery_project/prediction_results_v9_trained_hybrid/baseline_02_high_altitude_hover_ATT_trained_hybrid_prediction_outputs.csv,352.6230117797852,V9_prediction,0.029241000000013173,0.00017852783207672474
12.300078,baseline_02_high_altitude_hover,Yaw,ramp,0.064638,1,352.6234436035156,352.6534541035156,352.62371826171875,0.029735841796878,0.029735841796878,0.010773,1,20.0,0.0226041196288775,1,1,1,W20_N5_mean1.5x,20,5,1.5,1127,Yaw_hybrid_prediction,/home/tchowdh4/sensor_recovery_project/logs/extracted_csv/baseline_02_high_altitude_hover_ATT.csv,/home/tchowdh4/sensor_recovery_project/prediction_results_v9_trained_hybrid/baseline_02_high_altitude_hover_ATT_trained_hybrid_prediction_outputs.csv,352.62371826171875,V9_prediction,0.03001050000000305,0.000274658203125
12.400038,baseline_02_high_altitude_hover,Yaw,ramp,0.064638,1,352.6236572265625,352.6544372265625,352.6237533569336,0.0306838696288878,0.0306838696288878,0.010773,1,20.0,0.023368126464814,1,1,1,W20_N5_mean1.5x,20,5,1.5,1127,Yaw_hybrid_prediction,/home/tchowdh4/sensor_recovery_project/logs/extracted_csv/baseline_02_high_altitude_hover_ATT.csv,/home/tchowdh4/sensor_recovery_project/prediction_results_v9_trained_hybrid/baseline_02_high_altitude_hover_ATT_trained_hybrid_prediction_outputs.csv,352.6237533569336,V9_prediction,0.030779999999992924,9.613037110511868e-05
12.499998,baseline_02_high_altitude_hover,Yaw,ramp,0.064638,1,352.62408447265625,352.65563397265623,352.62427673339846,0.0313572392577725,0.0313572392577725,0.010773,1,20.0,0.0241252668456724,1,1,1,W20_N5_mean1.5x,20,5,1.5,1127,Yaw_hybrid_prediction,/home/tchowdh4/sensor_recovery_project/logs/extracted_csv/baseline_02_high_altitude_hover_ATT.csv,/home/tchowdh4/sensor_recovery_project/prediction_results_v9_trained_hybrid/baseline_02_high_altitude_hover_ATT_trained_hybrid_prediction_outputs.csv,352.62427673339846,V9_prediction,0.0315494999999828,0.00019226074221023737
12.599958,baseline_02_high_altitude_hover,Yaw,ramp,0.064638,1,352.6241149902344,352.65643399023435,352.62412872314457,0.0323052670897823,0.0323052670897823,0.010773,1,20.0,0.0248899603271155,1,1,1,W20_N5_mean1.5x,20,5,1.5,1127,Yaw_hybrid_prediction,/home/tchowdh4/sensor_recovery_project/logs/extracted_csv/baseline_02_high_altitude_hover_ATT.csv,/home/tchowdh4/sensor_recovery_project/prediction_results_v9_trained_hybrid/baseline_02_high_altitude_hover_ATT_trained_hybrid_prediction_outputs.csv,352.62412872314457,V9_prediction,0.032318999999972675,1.3732910190356051e-05
12.699918,baseline_02_high_altitude_hover,Yaw,ramp,0.064638,1,352.6246032714844,352.6576917714844,352.62482299804685,0.0328687734375421,0.0328687734375421,0.010773,1,20.0,0.0256498472900119,1,1,1,W20_N5_mean1.5x,20,5,1.5,1127,Yaw_hybrid_prediction,/home/tchowdh4/sensor_recovery_project/logs/extracted_csv/baseline_02_high_altitude_hover_ATT.csv,/home/tchowdh4/sensor_recovery_project/prediction_results_v9_trained_hybrid/baseline_02_high_altitude_hover_ATT_trained_hybrid_prediction_outputs.csv,352.62482299804685,V9_prediction,0.033088500000019394,0.00021972656247726263
12.799878,baseline_02_high_altitude_hover,Yaw,ramp,0.064638,1,352.6246032714844,352.6584612714844,352.6246032714844,0.0338580000000092,0.0338580000000092,0.010773,1,20.0,0.0264131674804446,1,1,1,W20_N5_mean1.5x,20,5,1.5,1127,Yaw_hybrid_prediction,/home/tchowdh4/sensor_recovery_project/logs/extracted_csv/baseline_02_high_altitude_hover_ATT.csv,/home/tchowdh4/sensor_recovery_project/prediction_results_v9_trained_hybrid/baseline_02_high_altitude_hover_ATT_trained_hybrid_prediction_outputs.csv,352.6246032714844,V9_prediction,0.03385800000000927,0.0
12.899838,baseline_02_high_altitude_hover,Yaw,ramp,0.064638,1,352.62481689453125,352.65944439453125,352.6249130249024,0.0345313696288371,0.0345313696288371,0.010773,1,20.0,0.0271833541259525,1,1,1,W20_N5_mean1.5x,20,5,1.5,1127,Yaw_hybrid_prediction,/home/tchowdh4/sensor_recovery_project/logs/extracted_csv/baseline_02_high_altitude_hover_ATT.csv,/home/tchowdh4/sensor_recovery_project/prediction_results_v9_trained_hybrid/baseline_02_high_altitude_hover_ATT_trained_hybrid_prediction_outputs.csv,352.6249130249024,V9_prediction,0.034627499999999145,9.61303711619621e-05
12.999798,baseline_02_high_altitude_hover,Yaw,ramp,0.064638,1,352.6248779296875,352.6602749296875,352.6249053955078,0.0353695341796651,0.0353695341796651,0.010773,1,20.0,0.0279542274169671,1,1,1,W20_N5_mean1.5x,20,5,1.5,1127,Yaw_hybrid_prediction,/home/tchowdh4/sensor_recovery_project/logs/extracted_csv/baseline_02_high_altitude_hover_ATT.csv,/home/tchowdh4/sensor_recovery_project/prediction_results_v9_trained_hybrid/baseline_02_high_altitude_hover_ATT_trained_hybrid_prediction_outputs.csv,352.6249053955078,V9_prediction,0.03539699999998902,2.7465820323868684e-05
13.099758,baseline_02_high_altitude_hover,Yaw,ramp,0.064638,1,352.6251525878906,352.6613190878906,352.62527618408205,0.0360429038085499,0.0360429038085499,0.010773,1,20.0,0.0287113677978254,1,1,1,W20_N5_mean1.5x,20,5,1.5,1127,Yaw_hybrid_prediction,/home/tchowdh4/sensor_recovery_project/logs/extracted_csv/baseline_02_high_altitude_hover_ATT.csv,/home/tchowdh4/sensor_recovery_project/prediction_results_v9_trained_hybrid/baseline_02_high_altitude_hover_ATT_trained_hybrid_prediction_outputs.csv,352.62527618408205,V9_prediction,0.036166499999978896,0.00012359619142898737
13.199718,baseline_02_high_altitude_hover,Yaw,ramp,0.064638,1,352.6253662109375,352.6623022109375,352.6254623413086,0.0368398696289204,0.0368398696289204,0.010773,1,20.0,0.0294719414062257,1,1,1,W20_N5_mean1.5x,20,5,1.5,1127,Yaw_hybrid_prediction,/home/tchowdh4/sensor_recovery_project/logs/extracted_csv/baseline_02_high_altitude_hover_ATT.csv,/home/tchowdh4/sensor_recovery_project/prediction_results_v9_trained_hybrid/baseline_02_high_altitude_hover_ATT_trained_hybrid_prediction_outputs.csv,352.6254623413086,V9_prediction,0.036936000000025615,9.613037110511868e-05
13.299678,baseline_02_high_altitude_hover,Yaw,ramp,0.064638,1,352.6254272460937,352.6631327460937,352.625454711914,0.0376780341796916,0.0376780341796916,0.010773,1,20.0,0.0302428146972431,1,1,1,W20_N5_mean1.5x,20,5,1.5,1127,Yaw_hybrid_prediction,/home/tchowdh4/sensor_recovery_project/logs/extracted_csv/baseline_02_high_altitude_hover_ATT.csv,/home/tchowdh4/sensor_recovery_project/prediction_results_v9_trained_hybrid/baseline_02_high_altitude_hover_ATT_trained_hybrid_prediction_outputs.csv,352.625454711914,V9_prediction,0.03770550000001549,2.7465820323868684e-05
13.399638,baseline_02_high_altitude_hover,Yaw,ramp,0.064638,1,352.6175537109375,352.6560287109375,352.61401062011726,0.0420180908202496,0.0420180908202496,0.010773,1,20.0,0.0311922158202889,1,1,1,W20_N5_mean1.5x,20,5,1.5,1127,Yaw_hybrid_prediction,/home/tchowdh4/sensor_recovery_project/logs/extracted_csv/baseline_02_high_altitude_hover_ATT.csv,/home/tchowdh4/sensor_recovery_project/prediction_results_v9_trained_hybrid/baseline_02_high_altitude_hover_ATT_trained_hybrid_prediction_outputs.csv,352.61401062011726,V9_prediction,0.038475000000005366,-0.003543090820244288
13.499598,baseline_02_high_altitude_hover,Yaw,ramp,0.064638,1,352.5969543457031,352.6361988457031,352.58768463134766,0.0485142143554639,0.0485142143554639,0.010773,1,20.0,0.0324382478027104,1,1,1,W20_N5_mean1.5x,20,5,1.5,1127,Yaw_hybrid_prediction,/home/tchowdh4/sensor_recovery_project/logs/extracted_csv/baseline_02_high_altitude_hover_ATT.csv,/home/tchowdh4/sensor_recovery_project/prediction_results_v9_trained_hybrid/baseline_02_high_altitude_hover_ATT_trained_hybrid_prediction_outputs.csv,352.58768463134766,V9_prediction,0.03924449999999524,-0.00926971435546875
13.599558,baseline_02_high_altitude_hover,Yaw,ramp,0.064638,1,352.57135009765625,352.61136409765624,352.55982818603513,0.0515359116211016,0.0515359116211016,0.010773,1,20.0,0.0337913964843522,1,1,1,W20_N5_mean1.5x,20,5,1.5,1127,Yaw_hybrid_prediction,/home/tchowdh4/sensor_recovery_project/logs/extracted_csv/baseline_02_high_altitude_hover_ATT.csv,/home/tchowdh4/sensor_recovery_project/prediction_results_v9_trained_hybrid/baseline_02_high_altitude_hover_ATT_trained_hybrid_prediction_outputs.csv,352.55982818603513,V9_prediction,0.04001399999998512,-0.011521911621116487
13.699518,baseline_02_high_altitude_hover,Yaw,ramp,0.064638,1,352.54718017578125,352.5879636757812,352.53630371093755,0.0516599648436795,0.0516599648436795,0.010773,1,20.0,0.035123945800754,1,1,1,W20_N5_mean1.5x,20,5,1.5,1127,Yaw_hybrid_prediction,/home/tchowdh4/sensor_recovery_project/logs/extracted_csv/baseline_02_high_altitude_hover_ATT.csv,/home/tchowdh4/sensor_recovery_project/prediction_results_v9_trained_hybrid/baseline_02_high_altitude_hover_ATT_trained_hybrid_prediction_outputs.csv,352.53630371093755,V9_prediction,0.04078349999997499,-0.010876464843704525
13.799478,baseline_02_high_altitude_hover,Yaw,ramp,0.064638,1,352.5259704589844,352.5675234589844,352.5164260864258,0.0510973725586154,0.0510973725586154,0.010773,1,20.0,0.0363816507568117,1,1,1,W20_N5_mean1.5x,20,5,1.5,1127,Yaw_hybrid_prediction,/home/tchowdh4/sensor_recovery_project/logs/extracted_csv/baseline_02_high_altitude_hover_ATT.csv,/home/tchowdh4/sensor_recovery_project/prediction_results_v9_trained_hybrid/baseline_02_high_altitude_hover_ATT_trained_hybrid_prediction_outputs.csv,352.5164260864258,V9_prediction,0.04155300000002171,-0.00954437255859375
13.899438,baseline_02_high_altitude_hover,Yaw,ramp,0.064638,1,352.5079650878906,352.55028758789064,352.49986267089844,0.050424916992199,0.050424916992199,0.010773,1,20.0,0.0375679445800585,1,1,1,W20_N5_mean1.5x,20,5,1.5,1127,Yaw_hybrid_prediction,/home/tchowdh4/sensor_recovery_project/logs/extracted_csv/baseline_02_high_altitude_hover_ATT.csv,/home/tchowdh4/sensor_recovery_project/prediction_results_v9_trained_hybrid/baseline_02_high_altitude_hover_ATT_trained_hybrid_prediction_outputs.csv,352.49986267089844,V9_prediction,0.04232250000001159,-0.0081024169921875
13.999398,baseline_02_high_altitude_hover,Yaw,ramp,0.064638,1,352.4928894042969,352.5359814042969,352.4861053466797,0.0498760576171548,0.0498760576171548,0.010773,1,20.0,0.0386855738525213,1,1,1,W20_N5_mean1.5x,20,5,1.5,1127,Yaw_hybrid_prediction,/home/tchowdh4/sensor_recovery_project/logs/extracted_csv/baseline_02_high_altitude_hover_ATT.csv,/home/tchowdh4/sensor_recovery_project/prediction_results_v9_trained_hybrid/baseline_02_high_altitude_hover_ATT_trained_hybrid_prediction_outputs.csv,352.4861053466797,V9_prediction,0.04309200000000146,-0.006784057617153394
14.099358,baseline_02_high_altitude_hover,Yaw,ramp,0.064638,1,352.4793395996094,352.52320109960937,352.4732421875,0.049958912109389,0.049958912109389,0.010773,1,20.0,0.0397709307861163,1,1,1,W20_N5_mean1.5x,20,5,1.5,1127,Yaw_hybrid_prediction,/home/tchowdh4/sensor_recovery_project/logs/extracted_csv/baseline_02_high_altitude_hover_ATT.csv,/home/tchowdh4/sensor_recovery_project/prediction_results_v9_trained_hybrid/baseline_02_high_altitude_hover_ATT_trained_hybrid_prediction_outputs.csv,352.4732421875,V9_prediction,0.04386149999999134,-0.006097412109397737
14.199318,baseline_02_high_altitude_hover,Yaw,ramp,0.064638,1,352.46710205078125,352.51173305078123,352.4615951538086,0.0501378969726147,0.0501378969726147,0.010773,1,20.0,0.0408247020263502,1,1,1,W20_N5_mean1.5x,20,5,1.5,1127,Yaw_hybrid_prediction,/home/tchowdh4/sensor_recovery_project/logs/extracted_csv/baseline_02_high_altitude_hover_ATT.csv,/home/tchowdh4/sensor_recovery_project/prediction_results_v9_trained_hybrid/baseline_02_high_altitude_hover_ATT_trained_hybrid_prediction_outputs.csv,352.4615951538086,V9_prediction,0.044630999999981213,-0.005506896972633513
14.300111,baseline_02_high_altitude_hover,Yaw,ramp,0.064638,1,352.45623779296875,352.5016382929688,352.45134887695315,0.0502894160156301,0.0502894160156301,0.010773,1,20.0,0.0418523807372878,1,1,1,W20_N5_mean1.5x,20,5,1.5,1127,Yaw_hybrid_prediction,/home/tchowdh4/sensor_recovery_project/logs/extracted_csv/baseline_02_high_altitude_hover_ATT.csv,/home/tchowdh4/sensor_recovery_project/prediction_results_v9_trained_hybrid/baseline_02_high_altitude_hover_ATT_trained_hybrid_prediction_outputs.csv,352.45134887695315,V9_prediction,0.04540050000002793,-0.004888916015602263
14.400071,baseline_02_high_altitude_hover,Yaw,ramp,0.064638,1,352.4463806152344,352.4925506152344,352.4419448852539,0.0506057299804751,0.0506057299804751,0.010773,1,20.0,0.0428484737548672,1,1,1,W20_N5_mean1.5x,20,5,1.5,1127,Yaw_hybrid_prediction,/home/tchowdh4/sensor_recovery_project/logs/extracted_csv/baseline_02_high_altitude_hover_ATT.csv,/home/tchowdh4/sensor_recovery_project/prediction_results_v9_trained_hybrid/baseline_02_high_altitude_hover_ATT_trained_hybrid_prediction_outputs.csv,352.4419448852539,V9_prediction,0.04617000000001781,-0.004435729980457381
14.500031,baseline_02_high_altitude_hover,Yaw,ramp,0.064638,1,352.4372253417969,352.4841648417969,352.43310546875,0.0510593730468826,0.0510593730468826,0.010773,1,20.0,0.0438335804443227,1,1,1,W20_N5_mean1.5x,20,5,1.5,1127,Yaw_hybrid_prediction,/home/tchowdh4/sensor_recovery_project/logs/extracted_csv/baseline_02_high_altitude_hover_ATT.csv,/home/tchowdh4/sensor_recovery_project/prediction_results_v9_trained_hybrid/baseline_02_high_altitude_hover_ATT_trained_hybrid_prediction_outputs.csv,352.43310546875,V9_prediction,0.04693950000000768,-0.004119873046875
14.599991,baseline_02_high_altitude_hover,Yaw,ramp,0.064638,1,352.428955078125,352.476664078125,352.4252334594727,0.0514306186523185,0.0514306186523185,0.010773,1,20.0,0.0447898480224495,1,1,1,W20_N5_mean1.5x,20,5,1.5,1127,Yaw_hybrid_prediction,/home/tchowdh4/sensor_recovery_project/logs/extracted_csv/baseline_02_high_altitude_hover_ATT.csv,/home/tchowdh4/sensor_recovery_project/prediction_results_v9_trained_hybrid/baseline_02_high_altitude_hover_ATT_trained_hybrid_prediction_outputs.csv,352.4252334594727,V9_prediction,0.04770899999999756,-0.0037216186523210126
14.699951,baseline_02_high_altitude_hover,Yaw,ramp,0.064638,1,352.42144775390625,352.46992625390624,352.41806945800784,0.0518567958984022,0.0518567958984022,0.010773,1,20.0,0.0457392491454925,1,1,1,W20_N5_mean1.5x,20,5,1.5,1127,Yaw_hybrid_prediction,/home/tchowdh4/sensor_recovery_project/logs/extracted_csv/baseline_02_high_altitude_hover_ATT.csv,/home/tchowdh4/sensor_recovery_project/prediction_results_v9_trained_hybrid/baseline_02_high_altitude_hover_ATT_trained_hybrid_prediction_outputs.csv,352.41806945800784,V9_prediction,0.048478499999987434,-0.0033782958984147626
14.799911,baseline_02_high_altitude_hover,Yaw,ramp,0.064638,1,352.4145202636719,352.46376826367185,352.41140289306645,0.0523653706054005,0.0523653706054005,0.010773,1,20.0,0.046664617675762,1,1,1,W20_N5_mean1.5x,20,5,1.5,1127,Yaw_hybrid_prediction,/home/tchowdh4/sensor_recovery_project/logs/extracted_csv/baseline_02_high_altitude_hover_ATT.csv,/home/tchowdh4/sensor_recovery_project/prediction_results_v9_trained_hybrid/baseline_02_high_altitude_hover_ATT_trained_hybrid_prediction_outputs.csv,352.41140289306645,V9_prediction,0.04924799999997731,-0.0031173706054232753
14.899871,baseline_02_high_altitude_hover,Yaw,ramp,0.064638,1,352.4084777832031,352.45849528320315,352.40575866699226,0.0527366162108933,0.0527366162108933,0.010773,1,20.0,0.0475748800048648,1,1,1,W20_N5_mean1.5x,20,5,1.5,1127,Yaw_hybrid_prediction,/home/tchowdh4/sensor_recovery_project/logs/extracted_csv/baseline_02_high_altitude_hover_ATT.csv,/home/tchowdh4/sensor_recovery_project/prediction_results_v9_trained_hybrid/baseline_02_high_altitude_hover_ATT_trained_hybrid_prediction_outputs.csv,352.40575866699226,V9_prediction,0.05001750000002403,-0.002719116210869288
14.999831,baseline_02_high_altitude_hover,Yaw,ramp,0.064638,1,352.40301513671875,352.4538021367188,352.4005569458008,0.0532451909179485,0.0532451909179485,0.010773,1,20.0,0.048468662841779,1,1,1,W20_N5_mean1.5x,20,5,1.5,1127,Yaw_hybrid_prediction,/home/tchowdh4/sensor_recovery_project/logs/extracted_csv/baseline_02_high_altitude_hover_ATT.csv,/home/tchowdh4/sensor_recovery_project/prediction_results_v9_trained_hybrid/baseline_02_high_altitude_hover_ATT_trained_hybrid_prediction_outputs.csv,352.4005569458008,V9_prediction,0.05078700000007075,-0.002458190917934644
15.099791,baseline_02_high_altitude_hover,Yaw,ramp,0.064638,1,352.3981628417969,352.4497193417969,352.395979309082,0.0537400327148702,0.0537400327148702,0.010773,1,20.0,0.049353519287095,1,1,1,W20_N5_mean1.5x,20,5,1.5,1127,Yaw_hybrid_prediction,/home/tchowdh4/sensor_recovery_project/logs/extracted_csv/baseline_02_high_altitude_hover_ATT.csv,/home/tchowdh4/sensor_recovery_project/prediction_results_v9_trained_hybrid/baseline_02_high_altitude_hover_ATT_trained_hybrid_prediction_outputs.csv,352.395979309082,V9_prediction,0.05155650000000378,-0.0021835327148664874
15.199751,baseline_02_high_altitude_hover,Yaw,ramp,0.064638,1,352.3934631347656,352.4457891347656,352.39134826660154,0.0544408681640788,0.0544408681640788,0.010773,1,20.0,0.050233569213853,1,1,1,W20_N5_mean1.5x,20,5,1.5,1127,Yaw_hybrid_prediction,/home/tchowdh4/sensor_recovery_project/logs/extracted_csv/baseline_02_high_altitude_hover_ATT.csv,/home/tchowdh4/sensor_recovery_project/prediction_results_v9_trained_hybrid/baseline_02_high_altitude_hover_ATT_trained_hybrid_prediction_outputs.csv,352.39134826660154,V9_prediction,0.052325999999993655,-0.0021148681640852374
15.299711,baseline_02_high_altitude_hover,Yaw,ramp,0.064638,1,352.3892822265625,352.4423777265625,352.38740081787114,0.0549769086913443,0.0549769086913443,0.010773,1,20.0,0.0510985129394356,1,1,1,W20_N5_mean1.5x,20,5,1.5,1127,Yaw_hybrid_prediction,/home/tchowdh4/sensor_recovery_project/logs/extracted_csv/baseline_02_high_altitude_hover_ATT.csv,/home/tchowdh4/sensor_recovery_project/prediction_results_v9_trained_hybrid/baseline_02_high_altitude_hover_ATT_trained_hybrid_prediction_outputs.csv,352.38740081787114,V9_prediction,0.05309549999998353,-0.0018814086913607753
15.399671,baseline_02_high_altitude_hover,Yaw,ramp,0.064638,1,352.3854675292969,352.43933252929685,352.38375091552734,0.0555816137695046,0.0555816137695046,0.010773,1,20.0,0.0517766890868983,1,1,1,W20_N5_mean1.5x,20,5,1.5,1127,Yaw_hybrid_prediction,/home/tchowdh4/sensor_recovery_project/logs/extracted_csv/baseline_02_high_altitude_hover_ATT.csv,/home/tchowdh4/sensor_recovery_project/prediction_results_v9_trained_hybrid/baseline_02_high_altitude_hover_ATT_trained_hybrid_prediction_outputs.csv,352.38375091552734,V9_prediction,0.053864999999973406,-0.00171661376953125
15.499631,baseline_02_high_altitude_hover,Yaw,ramp,0.064638,1,352.3819274902344,352.4365619902344,352.3803344726563,0.0562275175781223,0.0562275175781223,0.010773,1,20.0,0.0521623542480313,1,1,1,W20_N5_mean1.5x,20,5,1.5,1127,Yaw_hybrid_prediction,/home/tchowdh4/sensor_recovery_project/logs/extracted_csv/baseline_02_high_altitude_hover_ATT.csv,/home/tchowdh4/sensor_recovery_project/prediction_results_v9_trained_hybrid/baseline_02_high_altitude_hover_ATT_trained_hybrid_prediction_outputs.csv,352.3803344726563,V9_prediction,0.054634500000020125,-0.0015930175781022626
15.599591,baseline_02_high_altitude_hover,Yaw,ramp,0.064638,1,352.3785400390625,352.4339440390625,352.3770156860352,0.056928353027331,0.056928353027331,0.010773,1,20.0,0.0524319763183427,1,1,1,W20_N5_mean1.5x,20,5,1.5,1127,Yaw_hybrid_prediction,/home/tchowdh4/sensor_recovery_project/logs/extracted_csv/baseline_02_high_altitude_hover_ATT.csv,/home/tchowdh4/sensor_recovery_project/prediction_results_v9_trained_hybrid/baseline_02_high_altitude_hover_ATT_trained_hybrid_prediction_outputs.csv,352.3770156860352,V9_prediction,0.05540400000001,-0.0015243530273210126
15.699551,baseline_02_high_altitude_hover,Yaw,ramp,0.064638,1,352.3756103515625,352.4317838515625,352.3742919921875,0.0574918593749771,0.0574918593749771,0.010773,1,20.0,0.0527235710449076,1,1,1,W20_N5_mean1.5x,20,5,1.5,1127,Yaw_hybrid_prediction,/home/tchowdh4/sensor_recovery_project/logs/extracted_csv/baseline_02_high_altitude_hover_ATT.csv,/home/tchowdh4/sensor_recovery_project/prediction_results_v9_trained_hybrid/baseline_02_high_altitude_hover_ATT_trained_hybrid_prediction_outputs.csv,352.3742919921875,V9_prediction,0.056173499999999876,-0.0013183593749772626
15.799511,baseline_02_high_altitude_hover,Yaw,ramp,0.064638,1,352.37286376953125,352.42980676953124,352.3716278076172,0.0581789619140522,0.0581789619140522,0.010773,1,20.0,0.0530776505126795,1,1,1,W20_N5_mean1.5x,20,5,1.5,1127,Yaw_hybrid_prediction,/home/tchowdh4/sensor_recovery_project/logs/extracted_csv/baseline_02_high_altitude_hover_ATT.csv,/home/tchowdh4/sensor_recovery_project/prediction_results_v9_trained_hybrid/baseline_02_high_altitude_hover_ATT_trained_hybrid_prediction_outputs.csv,352.3716278076172,V9_prediction,0.05694299999998975,-0.0012359619140625
15.899471,baseline_02_high_altitude_hover,Yaw,ramp,0.064638,1,352.3702697753906,352.4279822753906,352.36910247802734,0.0588797973632608,0.0588797973632608,0.010773,1,20.0,0.0535003945312325,1,1,1,W20_N5_mean1.5x,20,5,1.5,1127,Yaw_hybrid_prediction,/home/tchowdh4/sensor_recovery_project/logs/extracted_csv/baseline_02_high_altitude_hover_ATT.csv,/home/tchowdh4/sensor_recovery_project/prediction_results_v9_trained_hybrid/baseline_02_high_altitude_hover_ATT_trained_hybrid_prediction_outputs.csv,352.36910247802734,V9_prediction,0.05771249999997963,-0.00116729736328125
15.999431,baseline_02_high_altitude_hover,Yaw,ramp,0.064638,1,352.3678283691406,352.42631036914065,352.3667297363281,0.0595806328125263,0.0595806328125263,0.010773,1,20.0,0.0539856232910011,1,1,1,W20_N5_mean1.5x,20,5,1.5,1127,Yaw_hybrid_prediction,/home/tchowdh4/sensor_recovery_project/logs/extracted_csv/baseline_02_high_altitude_hover_ATT.csv,/home/tchowdh4/sensor_recovery_project/prediction_results_v9_trained_hybrid/baseline_02_high_altitude_hover_ATT_trained_hybrid_prediction_outputs.csv,352.3667297363281,V9_prediction,0.058482000000026346,-0.0010986328125
16.099391,baseline_02_high_altitude_hover,Yaw,ramp,0.064638,1,352.3656921386719,352.4249436386719,352.36473083496094,0.0602128037109537,0.0602128037109537,0.010773,1,20.0,0.0544983178710793,1,1,1,W20_N5_mean1.5x,20,5,1.5,1127,Yaw_hybrid_prediction,/home/tchowdh4/sensor_recovery_project/logs/extracted_csv/baseline_02_high_altitude_hover_ATT.csv,/home/tchowdh4/sensor_recovery_project/prediction_results_v9_trained_hybrid/baseline_02_high_altitude_hover_ATT_trained_hybrid_prediction_outputs.csv,352.36473083496094,V9_prediction,0.05925150000001622,-0.0009613037109375
16.199351,baseline_02_high_altitude_hover,Yaw,ramp,0.064638,1,352.3637390136719,352.4237600136719,352.3628601074219,0.0608999062499719,0.0608999062499719,0.010773,1,20.0,0.0550364183349472,1,1,1,W20_N5_mean1.5x,20,5,1.5,1127,Yaw_hybrid_prediction,/home/tchowdh4/sensor_recovery_project/logs/extracted_csv/baseline_02_high_altitude_hover_ATT.csv,/home/tchowdh4/sensor_recovery_project/prediction_results_v9_trained_hybrid/baseline_02_high_altitude_hover_ATT_trained_hybrid_prediction_outputs.csv,352.3628601074219,V9_prediction,0.0600210000000061,-0.000878906249965894
16.299311,baseline_02_high_altitude_hover,Yaw,ramp,0.064638,1,352.3619384765625,352.4227289765625,352.3611282348633,0.0616007416991806,0.0616007416991806,0.010773,1,20.0,0.0556019846191247,1,1,1,W20_N5_mean1.5x,20,5,1.5,1127,Yaw_hybrid_prediction,/home/tchowdh4/sensor_recovery_project/logs/extracted_csv/baseline_02_high_altitude_hover_ATT.csv,/home/tchowdh4/sensor_recovery_project/prediction_results_v9_trained_hybrid/baseline_02_high_altitude_hover_ATT_trained_hybrid_prediction_outputs.csv,352.3611282348633,V9_prediction,0.06079049999999597,-0.000810241699184644
16.400104,baseline_02_high_altitude_hover,Yaw,ramp,0.064638,1,352.360107421875,352.421667421875,352.3592834472656,0.0623839746093608,0.0623839746093608,0.010773,1,20.0,0.056190896850569,1,1,1,W20_N5_mean1.5x,20,5,1.5,1127,Yaw_hybrid_prediction,/home/tchowdh4/sensor_recovery_project/logs/extracted_csv/baseline_02_high_altitude_hover_ATT.csv,/home/tchowdh4/sensor_recovery_project/prediction_results_v9_trained_hybrid/baseline_02_high_altitude_hover_ATT_trained_hybrid_prediction_outputs.csv,352.3592834472656,V9_prediction,0.06155999999998585,-0.000823974609375
16.500064,baseline_02_high_altitude_hover,Yaw,ramp,0.064638,1,352.3588256835937,352.42115518359367,352.3582489013671,0.0629062822265495,0.0629062822265495,0.010773,1,20.0,0.0567832423095524,1,1,1,W20_N5_mean1.5x,20,5,1.5,1127,Yaw_hybrid_prediction,/home/tchowdh4/sensor_recovery_project/logs/extracted_csv/baseline_02_high_altitude_hover_ATT.csv,/home/tchowdh4/sensor_recovery_project/prediction_results_v9_trained_hybrid/baseline_02_high_altitude_hover_ATT_trained_hybrid_prediction_outputs.csv,352.3582489013671,V9_prediction,0.062329499999975724,-0.0005767822265738687
16.600024,baseline_02_high_altitude_hover,Yaw,ramp,0.064638,1,352.3572082519531,352.42030725195315,352.3564804077149,0.0638268442382354,0.0638268442382354,0.010773,1,20.0,0.0574030535888482,1,1,1,W20_N5_mean1.5x,20,5,1.5,1127,Yaw_hybrid_prediction,/home/tchowdh4/sensor_recovery_project/logs/extracted_csv/baseline_02_high_altitude_hover_ATT.csv,/home/tchowdh4/sensor_recovery_project/prediction_results_v9_trained_hybrid/baseline_02_high_altitude_hover_ATT_trained_hybrid_prediction_outputs.csv,352.3564804077149,V9_prediction,0.06309900000002244,-0.0007278442382130379
16.699984,baseline_02_high_altitude_hover,Yaw,ramp,0.064638,1,352.35601806640625,352.41988656640626,352.3554824829102,0.0644040834960719,0.0644040834960719,0.010773,1,20.0,0.0580304179687317,1,1,1,W20_N5_mean1.5x,20,5,1.5,1127,Yaw_hybrid_prediction,/home/tchowdh4/sensor_recovery_project/logs/extracted_csv/baseline_02_high_altitude_hover_ATT.csv,/home/tchowdh4/sensor_recovery_project/prediction_results_v9_trained_hybrid/baseline_02_high_altitude_hover_ATT_trained_hybrid_prediction_outputs.csv,352.3554824829102,V9_prediction,0.06386850000001232,-0.000535583496059644
16.799944,baseline_02_high_altitude_hover,Yaw,ramp,0.064638,1,352.3548889160156,352.4195269160156,352.3543807983399,0.0651461176757379,0.0651461176757379,0.010773,1,20.0,0.0586694553222486,1,1,1,W20_N5_mean1.5x,20,5,1.5,1127,Yaw_hybrid_prediction,/home/tchowdh4/sensor_recovery_project/logs/extracted_csv/baseline_02_high_altitude_hover_ATT.csv,/home/tchowdh4/sensor_recovery_project/prediction_results_v9_trained_hybrid/baseline_02_high_altitude_hover_ATT_trained_hybrid_prediction_outputs.csv,352.3543807983399,V9_prediction,0.0646380000000022,-0.0005081176757357753
16.899904,baseline_02_high_altitude_hover,Yaw,ramp,0.064638,0,352.353759765625,352.353759765625,352.35325164794926,0.0005081176757357,0.0005081176757357,0.010773,0,19.0,0.0560580303954907,1,1,1,W20_N5_mean1.5x,20,5,1.5,1127,Yaw_hybrid_prediction,/home/tchowdh4/sensor_recovery_project/logs/extracted_csv/baseline_02_high_altitude_hover_ATT.csv,/home/tchowdh4/sensor_recovery_project/prediction_results_v9_trained_hybrid/baseline_02_high_altitude_hover_ATT_trained_hybrid_prediction_outputs.csv,352.353759765625,attacked_measurement,0.0,0.0
16.999864,baseline_02_high_altitude_hover,Yaw,ramp,0.064638,0,352.35272216796875,352.35272216796875,352.3522552490234,0.0004669189453352,0.0004669189453352,0.010773,0,18.0,0.05341911679686,1,1,1,W20_N5_mean1.5x,20,5,1.5,1127,Yaw_hybrid_prediction,/home/tchowdh4/sensor_recovery_project/logs/extracted_csv/baseline_02_high_altitude_hover_ATT.csv,/home/tchowdh4/sensor_recovery_project/prediction_results_v9_trained_hybrid/baseline_02_high_altitude_hover_ATT_trained_hybrid_prediction_outputs.csv,352.35272216796875,attacked_measurement,0.0,0.0
17.099824,baseline_02_high_altitude_hover,Yaw,ramp,0.064638,0,352.3518371582031,352.3518371582031,352.3514389038086,0.0003982543944971,0.0003982543944971,0.010773,0,17.0,0.0507520278808414,1,1,1,W20_N5_mean1.5x,20,5,1.5,1127,Yaw_hybrid_prediction,/home/tchowdh4/sensor_recovery_project/logs/extracted_csv/baseline_02_high_altitude_hover_ATT.csv,/home/tchowdh4/sensor_recovery_project/prediction_results_v9_trained_hybrid/baseline_02_high_altitude_hover_ATT_trained_hybrid_prediction_outputs.csv,352.3518371582031,attacked_measurement,0.0,0.0
17.199784,baseline_02_high_altitude_hover,Yaw,ramp,0.064638,0,352.3509216308594,352.3509216308594,352.3505096435547,0.0004119873046875,0.0004119873046875,0.010773,0,16.0,0.0480505838378718,1,1,1,W20_N5_mean1.5x,20,5,1.5,1127,Yaw_hybrid_prediction,/home/tchowdh4/sensor_recovery_project/logs/extracted_csv/baseline_02_high_altitude_hover_ATT.csv,/home/tchowdh4/sensor_recovery_project/prediction_results_v9_trained_hybrid/baseline_02_high_altitude_hover_ATT_trained_hybrid_prediction_outputs.csv,352.3509216308594,attacked_measurement,0.0,0.0
17.299744,baseline_02_high_altitude_hover,Yaw,ramp,0.064638,0,352.3500366210937,352.3500366210937,352.3496383666992,0.0003982543944971,0.0003982543944971,0.010773,0,15.0,0.0453216511230294,1,1,1,W20_N5_mean1.5x,20,5,1.5,1127,Yaw_hybrid_prediction,/home/tchowdh4/sensor_recovery_project/logs/extracted_csv/baseline_02_high_altitude_hover_ATT.csv,/home/tchowdh4/sensor_recovery_project/prediction_results_v9_trained_hybrid/baseline_02_high_altitude_hover_ATT_trained_hybrid_prediction_outputs.csv,352.3500366210937,attacked_measurement,0.0,0.0
17.399704,baseline_02_high_altitude_hover,Yaw,ramp,0.064638,0,352.3494873046875,352.3494873046875,352.3492401123048,0.0002471923826874,0.0002471923826874,0.010773,0,14.0,0.0425549300536886,1,1,1,W20_N5_mean1.5x,20,5,1.5,1127,Yaw_hybrid_prediction,/home/tchowdh4/sensor_recovery_project/logs/extracted_csv/baseline_02_high_altitude_hover_ATT.csv,/home/tchowdh4/sensor_recovery_project/prediction_results_v9_trained_hybrid/baseline_02_high_altitude_hover_ATT_trained_hybrid_prediction_outputs.csv,352.3494873046875,attacked_measurement,0.0,0.0
17.499664,baseline_02_high_altitude_hover,Yaw,ramp,0.064638,0,352.3487854003906,352.3487854003906,352.3484695434571,0.0003158569335255,0.0003158569335255,0.010773,0,13.0,0.0397593470214587,1,1,1,W20_N5_mean1.5x,20,5,1.5,1127,Yaw_hybrid_prediction,/home/tchowdh4/sensor_recovery_project/logs/extracted_csv/baseline_02_high_altitude_hover_ATT.csv,/home/tchowdh4/sensor_recovery_project/prediction_results_v9_trained_hybrid/baseline_02_high_altitude_hover_ATT_trained_hybrid_prediction_outputs.csv,352.3487854003906,attacked_measurement,0.0,0.0
17.599624,baseline_02_high_altitude_hover,Yaw,ramp,0.064638,0,352.347900390625,352.347900390625,352.3475021362305,0.0003982543944971,0.0003982543944971,0.010773,0,12.0,0.036932842089817,1,1,1,W20_N5_mean1.5x,20,5,1.5,1127,Yaw_hybrid_prediction,/home/tchowdh4/sensor_recovery_project/logs/extracted_csv/baseline_02_high_altitude_hover_ATT.csv,/home/tchowdh4/sensor_recovery_project/prediction_results_v9_trained_hybrid/baseline_02_high_altitude_hover_ATT_trained_hybrid_prediction_outputs.csv,352.347900390625,attacked_measurement,0.0,0.0
17.699584,baseline_02_high_altitude_hover,Yaw,ramp,0.064638,0,352.34735107421875,352.34735107421875,352.34710388183595,0.0002471923828011,0.0002471923828011,0.010773,0,11.0,0.0340706087402082,1,1,1,W20_N5_mean1.5x,20,5,1.5,1127,Yaw_hybrid_prediction,/home/tchowdh4/sensor_recovery_project/logs/extracted_csv/baseline_02_high_altitude_hover_ATT.csv,/home/tchowdh4/sensor_recovery_project/prediction_results_v9_trained_hybrid/baseline_02_high_altitude_hover_ATT_trained_hybrid_prediction_outputs.csv,352.34735107421875,attacked_measurement,0.0,0.0
17.799544,baseline_02_high_altitude_hover,Yaw,ramp,0.064638,0,352.3471069335937,352.3471069335937,352.34699707031245,0.0001098632812386,0.0001098632812386,0.010773,0,10.0,0.0311671538085676,1,1,1,W20_N5_mean1.5x,20,5,1.5,1127,Yaw_hybrid_prediction,/home/tchowdh4/sensor_recovery_project/logs/extracted_csv/baseline_02_high_altitude_hover_ATT.csv,/home/tchowdh4/sensor_recovery_project/prediction_results_v9_trained_hybrid/baseline_02_high_altitude_hover_ATT_trained_hybrid_prediction_outputs.csv,352.3471069335937,attacked_measurement,0.0,0.0
17.899504,baseline_02_high_altitude_hover,Yaw,ramp,0.064638,0,352.3469543457031,352.3469543457031,352.3468856811524,6.866455072440658e-05,6.866455072440658e-05,0.010773,0,9.0,0.0282265971679407,1,1,1,W20_N5_mean1.5x,20,5,1.5,1127,Yaw_hybrid_prediction,/home/tchowdh4/sensor_recovery_project/logs/extracted_csv/baseline_02_high_altitude_hover_ATT.csv,/home/tchowdh4/sensor_recovery_project/prediction_results_v9_trained_hybrid/baseline_02_high_altitude_hover_ATT_trained_hybrid_prediction_outputs.csv,352.3469543457031,attacked_measurement,0.0,0.0
17.999464,baseline_02_high_altitude_hover,Yaw,ramp,0.064638,0,352.34649658203125,352.34649658203125,352.3462905883789,0.0002059936523437,0.0002059936523437,0.010773,0,8.0,0.0252578652099316,1,1,1,W20_N5_mean1.5x,20,5,1.5,1127,Yaw_hybrid_prediction,/home/tchowdh4/sensor_recovery_project/logs/extracted_csv/baseline_02_high_altitude_hover_ATT.csv,/home/tchowdh4/sensor_recovery_project/prediction_results_v9_trained_hybrid/baseline_02_high_altitude_hover_ATT_trained_hybrid_prediction_outputs.csv,352.34649658203125,attacked_measurement,0.0,0.0
18.099424,baseline_02_high_altitude_hover,Yaw,ramp,0.064638,0,352.34625244140625,352.34625244140625,352.346142578125,0.0001098632812386,0.0001098632812386,0.010773,0,7.0,0.0222527181884458,1,1,1,W20_N5_mean1.5x,20,5,1.5,1127,Yaw_hybrid_prediction,/home/tchowdh4/sensor_recovery_project/logs/extracted_csv/baseline_02_high_altitude_hover_ATT.csv,/home/tchowdh4/sensor_recovery_project/prediction_results_v9_trained_hybrid/baseline_02_high_altitude_hover_ATT_trained_hybrid_prediction_outputs.csv,352.34625244140625,attacked_measurement,0.0,0.0
18.199384,baseline_02_high_altitude_hover,Yaw,ramp,0.064638,0,352.3462829589844,352.3462829589844,352.3462966918945,-1.3732910133512632e-05,1.3732910133512632e-05,0.010773,0,6.0,0.0192084095214539,1,1,1,W20_N5_mean1.5x,20,5,1.5,1127,Yaw_hybrid_prediction,/home/tchowdh4/sensor_recovery_project/logs/extracted_csv/baseline_02_high_altitude_hover_ATT.csv,/home/tchowdh4/sensor_recovery_project/prediction_results_v9_trained_hybrid/baseline_02_high_altitude_hover_ATT_trained_hybrid_prediction_outputs.csv,352.3462829589844,attacked_measurement,0.0,0.0
18.299344,baseline_02_high_altitude_hover,Yaw,ramp,0.064638,0,352.34619140625,352.34619140625,352.3461502075196,4.11987304005379e-05,4.11987304005379e-05,0.010773,0,5.0,0.0161304323730149,1,0,1,W20_N5_mean1.5x,20,5,1.5,1127,Yaw_hybrid_prediction,/home/tchowdh4/sensor_recovery_project/logs/extracted_csv/baseline_02_high_altitude_hover_ATT.csv,/home/tchowdh4/sensor_recovery_project/prediction_results_v9_trained_hybrid/baseline_02_high_altitude_hover_ATT_trained_hybrid_prediction_outputs.csv,352.34619140625,attacked_measurement,0.0,0.0
18.400137,baseline_02_high_altitude_hover,Yaw,ramp,0.064638,0,352.345947265625,352.345947265625,352.34583740234376,0.0001098632812386,0.0001098632812386,0.010773,0,4.0,0.0130167268066088,0,0,0,W20_N5_mean1.5x,20,5,1.5,1127,Yaw_hybrid_prediction,/home/tchowdh4/sensor_recovery_project/logs/extracted_csv/baseline_02_high_altitude_hover_ATT.csv,/home/tchowdh4/sensor_recovery_project/prediction_results_v9_trained_hybrid/baseline_02_high_altitude_hover_ATT_trained_hybrid_prediction_outputs.csv,352.345947265625,attacked_measurement,0.0,0.0
18.500097,baseline_02_high_altitude_hover,Yaw,ramp,0.064638,0,352.34576416015625,352.34576416015625,352.34568176269534,8.239746091476263e-05,8.239746091476263e-05,0.010773,0,3.0,0.0098755325683271,0,0,0,W20_N5_mean1.5x,20,5,1.5,1127,Yaw_hybrid_prediction,/home/tchowdh4/sensor_recovery_project/logs/extracted_csv/baseline_02_high_altitude_hover_ATT.csv,/home/tchowdh4/sensor_recovery_project/prediction_results_v9_trained_hybrid/baseline_02_high_altitude_hover_ATT_trained_hybrid_prediction_outputs.csv,352.34576416015625,attacked_measurement,0.0,0.0
18.600057,baseline_02_high_altitude_hover,Yaw,ramp,0.064638,0,352.34552001953125,352.34552001953125,352.34541015625,0.0001098632812386,0.0001098632812386,0.010773,0,2.0,0.0066896835204772,0,0,0,W20_N5_mean1.5x,20,5,1.5,1127,Yaw_hybrid_prediction,/home/tchowdh4/sensor_recovery_project/logs/extracted_csv/baseline_02_high_altitude_hover_ATT.csv,/home/tchowdh4/sensor_recovery_project/prediction_results_v9_trained_hybrid/baseline_02_high_altitude_hover_ATT_trained_hybrid_prediction_outputs.csv,352.34552001953125,attacked_measurement,0.0,0.0
18.700017,baseline_02_high_altitude_hover,Yaw,ramp,0.064638,0,352.3455810546875,352.3455810546875,352.3456085205079,-2.7465820380712103e-05,2.7465820380712103e-05,0.010773,0,1.0,0.0034708526366927,0,0,0,W20_N5_mean1.5x,20,5,1.5,1127,Yaw_hybrid_prediction,/home/tchowdh4/sensor_recovery_project/logs/extracted_csv/baseline_02_high_altitude_hover_ATT.csv,/home/tchowdh4/sensor_recovery_project/prediction_results_v9_trained_hybrid/baseline_02_high_altitude_hover_ATT_trained_hybrid_prediction_outputs.csv,352.3455810546875,attacked_measurement,0.0,0.0
18.799977,baseline_02_high_altitude_hover,Yaw,ramp,0.064638,0,352.3455810546875,352.3455810546875,352.3455810546875,0.0,0.0,0.010773,0,0.0,0.0002135467529058,0,0,0,W20_N5_mean1.5x,20,5,1.5,1127,Yaw_hybrid_prediction,/home/tchowdh4/sensor_recovery_project/logs/extracted_csv/baseline_02_high_altitude_hover_ATT.csv,/home/tchowdh4/sensor_recovery_project/prediction_results_v9_trained_hybrid/baseline_02_high_altitude_hover_ATT_trained_hybrid_prediction_outputs.csv,352.3455810546875,attacked_measurement,0.0,0.0
18.899937,baseline_02_high_altitude_hover,Yaw,ramp,0.064638,0,352.34576416015625,352.34576416015625,352.3458465576172,-8.239746097160605e-05,8.239746097160605e-05,0.010773,0,0.0,0.0001922607421676,0,0,0,W20_N5_mean1.5x,20,5,1.5,1127,Yaw_hybrid_prediction,/home/tchowdh4/sensor_recovery_project/logs/extracted_csv/baseline_02_high_altitude_hover_ATT.csv,/home/tchowdh4/sensor_recovery_project/prediction_results_v9_trained_hybrid/baseline_02_high_altitude_hover_ATT_trained_hybrid_prediction_outputs.csv,352.34576416015625,attacked_measurement,0.0,0.0
18.999897,baseline_02_high_altitude_hover,Yaw,ramp,0.064638,0,352.3456115722656,352.3456115722656,352.34554290771484,6.866455078125e-05,6.866455078125e-05,0.010773,0,0.0,0.0001723480224399,0,0,0,W20_N5_mean1.5x,20,5,1.5,1127,Yaw_hybrid_prediction,/home/tchowdh4/sensor_recovery_project/logs/extracted_csv/baseline_02_high_altitude_hover_ATT.csv,/home/tchowdh4/sensor_recovery_project/prediction_results_v9_trained_hybrid/baseline_02_high_altitude_hover_ATT_trained_hybrid_prediction_outputs.csv,352.3456115722656,attacked_measurement,0.0,0.0
19.099857,baseline_02_high_altitude_hover,Yaw,ramp,0.064638,0,352.345703125,352.345703125,352.3457443237305,-4.1198730514224735e-05,4.1198730514224735e-05,0.010773,0,0.0,0.0001544952392407,0,0,0,W20_N5_mean1.5x,20,5,1.5,1127,Yaw_hybrid_prediction,/home/tchowdh4/sensor_recovery_project/logs/extracted_csv/baseline_02_high_altitude_hover_ATT.csv,/home/tchowdh4/sensor_recovery_project/prediction_results_v9_trained_hybrid/baseline_02_high_altitude_hover_ATT_trained_hybrid_prediction_outputs.csv,352.345703125,attacked_measurement,0.0,0.0
19.199817,baseline_02_high_altitude_hover,Yaw,ramp,0.064638,0,352.34576416015625,352.34576416015625,352.34579162597663,-2.7465820380712103e-05,2.7465820380712103e-05,0.010773,0,0.0,0.0001352691650254,0,0,0,W20_N5_mean1.5x,20,5,1.5,1127,Yaw_hybrid_prediction,/home/tchowdh4/sensor_recovery_project/logs/extracted_csv/baseline_02_high_altitude_hover_ATT.csv,/home/tchowdh4/sensor_recovery_project/prediction_results_v9_trained_hybrid/baseline_02_high_altitude_hover_ATT_trained_hybrid_prediction_outputs.csv,352.34576416015625,attacked_measurement,0.0,0.0
19.299777,baseline_02_high_altitude_hover,Yaw,ramp,0.064638,0,352.345947265625,352.345947265625,352.346029663086,-8.239746097160605e-05,8.239746097160605e-05,0.010773,0,0.0,0.0001194763183491,0,0,0,W20_N5_mean1.5x,20,5,1.5,1127,Yaw_hybrid_prediction,/home/tchowdh4/sensor_recovery_project/logs/extracted_csv/baseline_02_high_altitude_hover_ATT.csv,/home/tchowdh4/sensor_recovery_project/prediction_results_v9_trained_hybrid/baseline_02_high_altitude_hover_ATT_trained_hybrid_prediction_outputs.csv,352.345947265625,attacked_measurement,0.0,0.0
19.399737,baseline_02_high_altitude_hover,Yaw,ramp,0.064638,0,352.3457946777344,352.3457946777344,352.3457260131836,6.866455078125e-05,6.866455078125e-05,0.010773,0,0.0,0.0001105499267538,0,0,0,W20_N5_mean1.5x,20,5,1.5,1127,Yaw_hybrid_prediction,/home/tchowdh4/sensor_recovery_project/logs/extracted_csv/baseline_02_high_altitude_hover_ATT.csv,/home/tchowdh4/sensor_recovery_project/prediction_results_v9_trained_hybrid/baseline_02_high_altitude_hover_ATT_trained_hybrid_prediction_outputs.csv,352.3457946777344,attacked_measurement,0.0,0.0
19.499697,baseline_02_high_altitude_hover,Yaw,ramp,0.064638,0,352.3458557128906,352.3458557128906,352.3458831787109,-2.7465820267025265e-05,2.7465820267025265e-05,0.010773,0,0.0,9.613037109090784e-05,0,0,0,W20_N5_mean1.5x,20,5,1.5,1127,Yaw_hybrid_prediction,/home/tchowdh4/sensor_recovery_project/logs/extracted_csv/baseline_02_high_altitude_hover_ATT.csv,/home/tchowdh4/sensor_recovery_project/prediction_results_v9_trained_hybrid/baseline_02_high_altitude_hover_ATT_trained_hybrid_prediction_outputs.csv,352.3458557128906,attacked_measurement,0.0,0.0
19.599657,baseline_02_high_altitude_hover,Yaw,ramp,0.064638,0,352.3459167480469,352.3459167480469,352.34594421386726,-2.7465820380712103e-05,2.7465820380712103e-05,0.010773,0,0.0,7.759094238508623e-05,0,0,0,W20_N5_mean1.5x,20,5,1.5,1127,Yaw_hybrid_prediction,/home/tchowdh4/sensor_recovery_project/logs/extracted_csv/baseline_02_high_altitude_hover_ATT.csv,/home/tchowdh4/sensor_recovery_project/prediction_results_v9_trained_hybrid/baseline_02_high_altitude_hover_ATT_trained_hybrid_prediction_outputs.csv,352.3459167480469,attacked_measurement,0.0,0.0
19.699617,baseline_02_high_altitude_hover,Yaw,ramp,0.064638,0,352.3462829589844,352.3462829589844,352.34644775390626,-0.0001647949218863,0.0001647949218863,0.010773,0,0.0,7.347106933934811e-05,0,0,0,W20_N5_mean1.5x,20,5,1.5,1127,Yaw_hybrid_prediction,/home/tchowdh4/sensor_recovery_project/logs/extracted_csv/baseline_02_high_altitude_hover_ATT.csv,/home/tchowdh4/sensor_recovery_project/prediction_results_v9_trained_hybrid/baseline_02_high_altitude_hover_ATT_trained_hybrid_prediction_outputs.csv,352.3462829589844,attacked_measurement,0.0,0.0
19.799577,baseline_02_high_altitude_hover,Yaw,ramp,0.064638,0,352.3466491699219,352.3466491699219,352.3468139648438,-0.0001647949219432,0.0001647949219432,0.010773,0,0.0,7.621765137457714e-05,0,0,0,W20_N5_mean1.5x,20,5,1.5,1127,Yaw_hybrid_prediction,/home/tchowdh4/sensor_recovery_project/logs/extracted_csv/baseline_02_high_altitude_hover_ATT.csv,/home/tchowdh4/sensor_recovery_project/prediction_results_v9_trained_hybrid/baseline_02_high_altitude_hover_ATT_trained_hybrid_prediction_outputs.csv,352.3466491699219,attacked_measurement,0.0,0.0
19.899537,baseline_02_high_altitude_hover,Yaw,ramp,0.064638,0,352.346923828125,352.346923828125,352.34704742431643,-0.0001235961914289,0.0001235961914289,0.010773,0,0.0,7.896423340980618e-05,0,0,0,W20_N5_mean1.5x,20,5,1.5,1127,Yaw_hybrid_prediction,/home/tchowdh4/sensor_recovery_project/logs/extracted_csv/baseline_02_high_altitude_hover_ATT.csv,/home/tchowdh4/sensor_recovery_project/prediction_results_v9_trained_hybrid/baseline_02_high_altitude_hover_ATT_trained_hybrid_prediction_outputs.csv,352.346923828125,attacked_measurement,0.0,0.0
19.999497,baseline_02_high_altitude_hover,Yaw,ramp,0.064638,0,352.34716796875,352.34716796875,352.3472778320313,-0.0001098632812954,0.0001098632812954,0.010773,0,0.0,7.415771485739243e-05,0,0,0,W20_N5_mean1.5x,20,5,1.5,1127,Yaw_hybrid_prediction,/home/tchowdh4/sensor_recovery_project/logs/extracted_csv/baseline_02_high_altitude_hover_ATT.csv,/home/tchowdh4/sensor_recovery_project/prediction_results_v9_trained_hybrid/baseline_02_high_altitude_hover_ATT_trained_hybrid_prediction_outputs.csv,352.34716796875,attacked_measurement,0.0,0.0
20.099457,baseline_02_high_altitude_hover,Yaw,ramp,0.064638,0,352.3475341796875,352.3475341796875,352.3476989746094,-0.0001647949218863,0.0001647949218863,0.010773,0,0.0,7.690429688977929e-05,0,0,0,W20_N5_mean1.5x,20,5,1.5,1127,Yaw_hybrid_prediction,/home/tchowdh4/sensor_recovery_project/logs/extracted_csv/baseline_02_high_altitude_hover_ATT.csv,/home/tchowdh4/sensor_recovery_project/prediction_results_v9_trained_hybrid/baseline_02_high_altitude_hover_ATT_trained_hybrid_prediction_outputs.csv,352.3475341796875,attacked_measurement,0.0,0.0
20.199417,baseline_02_high_altitude_hover,Yaw,ramp,0.064638,0,352.34820556640625,352.34820556640625,352.34850769042976,-0.0003021240235057,0.0003021240235057,0.010773,0,0.0,9.132385255838926e-05,0,0,0,W20_N5_mean1.5x,20,5,1.5,1127,Yaw_hybrid_prediction,/home/tchowdh4/sensor_recovery_project/logs/extracted_csv/baseline_02_high_altitude_hover_ATT.csv,/home/tchowdh4/sensor_recovery_project/prediction_results_v9_trained_hybrid/baseline_02_high_altitude_hover_ATT_trained_hybrid_prediction_outputs.csv,352.34820556640625,attacked_measurement,0.0,0.0
20.299377,baseline_02_high_altitude_hover,Yaw,ramp,0.064638,0,352.34844970703125,352.34844970703125,352.34855957031255,-0.0001098632812954,0.0001098632812954,0.010773,0,0.0,9.475708010313612e-05,0,0,0,W20_N5_mean1.5x,20,5,1.5,1127,Yaw_hybrid_prediction,/home/tchowdh4/sensor_recovery_project/logs/extracted_csv/baseline_02_high_altitude_hover_ATT.csv,/home/tchowdh4/sensor_recovery_project/prediction_results_v9_trained_hybrid/baseline_02_high_altitude_hover_ATT_trained_hybrid_prediction_outputs.csv,352.34844970703125,attacked_measurement,0.0,0.0
20.399337,baseline_02_high_altitude_hover,Yaw,ramp,0.064638,0,352.3488464355469,352.3488464355469,352.3490249633789,-0.0001785278320198,0.0001785278320198,0.010773,0,0.0,9.81903076421986e-05,0,0,0,W20_N5_mean1.5x,20,5,1.5,1127,Yaw_hybrid_prediction,/home/tchowdh4/sensor_recovery_project/logs/extracted_csv/baseline_02_high_altitude_hover_ATT.csv,/home/tchowdh4/sensor_recovery_project/prediction_results_v9_trained_hybrid/baseline_02_high_altitude_hover_ATT_trained_hybrid_prediction_outputs.csv,352.3488464355469,attacked_measurement,0.0,0.0
20.50013,baseline_02_high_altitude_hover,Yaw,ramp,0.064638,0,352.3492431640625,352.3492431640625,352.3494216918946,-0.0001785278320767,0.0001785278320767,0.010773,0,0.0,0.0001029968262002,0,0,0,W20_N5_mean1.5x,20,5,1.5,1127,Yaw_hybrid_prediction,/home/tchowdh4/sensor_recovery_project/logs/extracted_csv/baseline_02_high_altitude_hover_ATT.csv,/home/tchowdh4/sensor_recovery_project/prediction_results_v9_trained_hybrid/baseline_02_high_altitude_hover_ATT_trained_hybrid_prediction_outputs.csv,352.3492431640625,attacked_measurement,0.0,0.0
20.60009,baseline_02_high_altitude_hover,Yaw,ramp,0.064638,0,352.3496398925781,352.3496398925781,352.3498184204102,-0.0001785278320767,0.0001785278320767,0.010773,0,0.0,0.0001064300537422,0,0,0,W20_N5_mean1.5x,20,5,1.5,1127,Yaw_hybrid_prediction,/home/tchowdh4/sensor_recovery_project/logs/extracted_csv/baseline_02_high_altitude_hover_ATT.csv,/home/tchowdh4/sensor_recovery_project/prediction_results_v9_trained_hybrid/baseline_02_high_altitude_hover_ATT_trained_hybrid_prediction_outputs.csv,352.3496398925781,attacked_measurement,0.0,0.0
20.70005,baseline_02_high_altitude_hover,Yaw,ramp,0.064638,0,352.3500366210937,352.3500366210937,352.3502151489257,-0.0001785278320198,0.0001785278320198,0.010773,0,0.0,0.0001139831543241,0,0,0,W20_N5_mean1.5x,20,5,1.5,1127,Yaw_hybrid_prediction,/home/tchowdh4/sensor_recovery_project/logs/extracted_csv/baseline_02_high_altitude_hover_ATT.csv,/home/tchowdh4/sensor_recovery_project/prediction_results_v9_trained_hybrid/baseline_02_high_altitude_hover_ATT_trained_hybrid_prediction_outputs.csv,352.3500366210937,attacked_measurement,0.0,0.0
20.80001,baseline_02_high_altitude_hover,Yaw,ramp,0.064638,0,352.3503723144531,352.3503723144531,352.3505233764649,-0.0001510620117528,0.0001510620117528,0.010773,0,0.0,0.0001215362549118,0,0,0,W20_N5_mean1.5x,20,5,1.5,1127,Yaw_hybrid_prediction,/home/tchowdh4/sensor_recovery_project/logs/extracted_csv/baseline_02_high_altitude_hover_ATT.csv,/home/tchowdh4/sensor_recovery_project/prediction_results_v9_trained_hybrid/baseline_02_high_altitude_hover_ATT_trained_hybrid_prediction_outputs.csv,352.3503723144531,attacked_measurement,0.0,0.0
20.89997,baseline_02_high_altitude_hover,Yaw,ramp,0.064638,0,352.3509521484375,352.3509521484375,352.3512130737305,-0.0002609252929914,0.0002609252929914,0.010773,0,0.0,0.0001304626465127,0,0,0,W20_N5_mean1.5x,20,5,1.5,1127,Yaw_hybrid_prediction,/home/tchowdh4/sensor_recovery_project/logs/extracted_csv/baseline_02_high_altitude_hover_ATT.csv,/home/tchowdh4/sensor_recovery_project/prediction_results_v9_trained_hybrid/baseline_02_high_altitude_hover_ATT_trained_hybrid_prediction_outputs.csv,352.3509521484375,attacked_measurement,0.0,0.0
20.99993,baseline_02_high_altitude_hover,Yaw,ramp,0.064638,0,352.3515014648437,352.3515014648437,352.3517486572265,-0.0002471923828011,0.0002471923828011,0.010773,0,0.0,0.0001393890381137,0,0,0,W20_N5_mean1.5x,20,5,1.5,1127,Yaw_hybrid_prediction,/home/tchowdh4/sensor_recovery_project/logs/extracted_csv/baseline_02_high_altitude_hover_ATT.csv,/home/tchowdh4/sensor_recovery_project/prediction_results_v9_trained_hybrid/baseline_02_high_altitude_hover_ATT_trained_hybrid_prediction_outputs.csv,352.3515014648437,attacked_measurement,0.0,0.0
21.09989,baseline_02_high_altitude_hover,Yaw,ramp,0.064638,0,352.3518981933594,352.3518981933594,352.35207672119145,-0.0001785278320767,0.0001785278320767,0.010773,0,0.0,0.0001462554931919,0,0,0,W20_N5_mean1.5x,20,5,1.5,1127,Yaw_hybrid_prediction,/home/tchowdh4/sensor_recovery_project/logs/extracted_csv/baseline_02_high_altitude_hover_ATT.csv,/home/tchowdh4/sensor_recovery_project/prediction_results_v9_trained_hybrid/baseline_02_high_altitude_hover_ATT_trained_hybrid_prediction_outputs.csv,352.3518981933594,attacked_measurement,0.0,0.0
21.19985,baseline_02_high_altitude_hover,Yaw,ramp,0.064638,0,352.3525390625,352.3525390625,352.35282745361326,-0.0002883911132585,0.0002883911132585,0.010773,0,0.0,0.0001593017578358,0,0,0,W20_N5_mean1.5x,20,5,1.5,1127,Yaw_hybrid_prediction,/home/tchowdh4/sensor_recovery_project/logs/extracted_csv/baseline_02_high_altitude_hover_ATT.csv,/home/tchowdh4/sensor_recovery_project/prediction_results_v9_trained_hybrid/baseline_02_high_altitude_hover_ATT_trained_hybrid_prediction_outputs.csv,352.3525390625,attacked_measurement,0.0,0.0
21.29981,baseline_02_high_altitude_hover,Yaw,ramp,0.064638,0,352.3533630371094,352.3533630371094,352.35373382568366,-0.0003707885742869,0.0003707885742869,0.010773,0,0.0,0.0001737213135015,0,0,0,W20_N5_mean1.5x,20,5,1.5,1127,Yaw_hybrid_prediction,/home/tchowdh4/sensor_recovery_project/logs/extracted_csv/baseline_02_high_altitude_hover_ATT.csv,/home/tchowdh4/sensor_recovery_project/prediction_results_v9_trained_hybrid/baseline_02_high_altitude_hover_ATT_trained_hybrid_prediction_outputs.csv,352.3533630371094,attacked_measurement,0.0,0.0
21.39977,baseline_02_high_altitude_hover,Yaw,ramp,0.064638,0,352.35400390625,352.35400390625,352.3542922973633,-0.0002883911133153,0.0002883911133153,0.010773,0,0.0,0.0001847076416282,0,0,0,W20_N5_mean1.5x,20,5,1.5,1127,Yaw_hybrid_prediction,/home/tchowdh4/sensor_recovery_project/logs/extracted_csv/baseline_02_high_altitude_hover_ATT.csv,/home/tchowdh4/sensor_recovery_project/prediction_results_v9_trained_hybrid/baseline_02_high_altitude_hover_ATT_trained_hybrid_prediction_outputs.csv,352.35400390625,attacked_measurement,0.0,0.0
21.49973,baseline_02_high_altitude_hover,Yaw,ramp,0.064638,0,352.3546142578125,352.3546142578125,352.3548889160156,-0.000274658203125,0.000274658203125,0.010773,0,0.0,0.0001970672607711,0,0,0,W20_N5_mean1.5x,20,5,1.5,1127,Yaw_hybrid_prediction,/home/tchowdh4/sensor_recovery_project/logs/extracted_csv/baseline_02_high_altitude_hover_ATT.csv,/home/tchowdh4/sensor_recovery_project/prediction_results_v9_trained_hybrid/baseline_02_high_altitude_hover_ATT_trained_hybrid_prediction_outputs.csv,352.3546142578125,attacked_measurement,0.0,0.0
21.59969,baseline_02_high_altitude_hover,Yaw,ramp,0.064638,0,352.35504150390625,352.35504150390625,352.35523376464846,-0.0001922607422102,0.0001922607422102,0.010773,0,0.0,0.0002053070068626,0,0,0,W20_N5_mean1.5x,20,5,1.5,1127,Yaw_hybrid_prediction,/home/tchowdh4/sensor_recovery_project/logs/extracted_csv/baseline_02_high_altitude_hover_ATT.csv,/home/tchowdh4/sensor_recovery_project/prediction_results_v9_trained_hybrid/baseline_02_high_altitude_hover_ATT_trained_hybrid_prediction_outputs.csv,352.35504150390625,attacked_measurement,0.0,0.0
21.69965,baseline_02_high_altitude_hover,Yaw,ramp,0.064638,0,352.355712890625,352.355712890625,352.35601501464845,-0.0003021240234488,0.0003021240234488,0.010773,0,0.0,0.0002121734619407,0,0,0,W20_N5_mean1.5x,20,5,1.5,1127,Yaw_hybrid_prediction,/home/tchowdh4/sensor_recovery_project/logs/extracted_csv/baseline_02_high_altitude_hover_ATT.csv,/home/tchowdh4/sensor_recovery_project/prediction_results_v9_trained_hybrid/baseline_02_high_altitude_hover_ATT_trained_hybrid_prediction_outputs.csv,352.355712890625,attacked_measurement,0.0,0.0
21.79961,baseline_02_high_altitude_hover,Yaw,ramp,0.064638,0,352.3564453125,352.3564453125,352.3567749023438,-0.0003295898437727,0.0003295898437727,0.010773,0,0.0,0.0002204132080322,0,0,0,W20_N5_mean1.5x,20,5,1.5,1127,Yaw_hybrid_prediction,/home/tchowdh4/sensor_recovery_project/logs/extracted_csv/baseline_02_high_altitude_hover_ATT.csv,/home/tchowdh4/sensor_recovery_project/prediction_results_v9_trained_hybrid/baseline_02_high_altitude_hover_ATT_trained_hybrid_prediction_outputs.csv,352.3564453125,attacked_measurement,0.0,0.0
21.89957,baseline_02_high_altitude_hover,Yaw,ramp,0.064638,0,352.357177734375,352.357177734375,352.3575073242188,-0.0003295898437727,0.0003295898437727,0.010773,0,0.0,0.0002307128906494,0,0,0,W20_N5_mean1.5x,20,5,1.5,1127,Yaw_hybrid_prediction,/home/tchowdh4/sensor_recovery_project/logs/extracted_csv/baseline_02_high_altitude_hover_ATT.csv,/home/tchowdh4/sensor_recovery_project/prediction_results_v9_trained_hybrid/baseline_02_high_altitude_hover_ATT_trained_hybrid_prediction_outputs.csv,352.357177734375,attacked_measurement,0.0,0.0
21.99953,baseline_02_high_altitude_hover,Yaw,ramp,0.064638,0,352.3578186035156,352.3578186035156,352.35810699462894,-0.0002883911133153,0.0002883911133153,0.010773,0,0.0,0.0002396392822504,0,0,0,W20_N5_mean1.5x,20,5,1.5,1127,Yaw_hybrid_prediction,/home/tchowdh4/sensor_recovery_project/logs/extracted_csv/baseline_02_high_altitude_hover_ATT.csv,/home/tchowdh4/sensor_recovery_project/prediction_results_v9_trained_hybrid/baseline_02_high_altitude_hover_ATT_trained_hybrid_prediction_outputs.csv,352.3578186035156,attacked_measurement,0.0,0.0
22.09949,baseline_02_high_altitude_hover,Yaw,ramp,0.064638,0,352.35858154296875,352.35858154296875,352.35892486572266,-0.0003433227539062,0.0003433227539062,0.010773,0,0.0,0.0002485656738514,0,0,0,W20_N5_mean1.5x,20,5,1.5,1127,Yaw_hybrid_prediction,/home/tchowdh4/sensor_recovery_project/logs/extracted_csv/baseline_02_high_altitude_hover_ATT.csv,/home/tchowdh4/sensor_recovery_project/prediction_results_v9_trained_hybrid/baseline_02_high_altitude_hover_ATT_trained_hybrid_prediction_outputs.csv,352.35858154296875,attacked_measurement,0.0,0.0
22.19945,baseline_02_high_altitude_hover,Yaw,ramp,0.064638,0,352.3593139648437,352.3593139648437,352.3596435546874,-0.0003295898437158,0.0003295898437158,0.010773,0,0.0,0.0002499389648619,0,0,0,W20_N5_mean1.5x,20,5,1.5,1127,Yaw_hybrid_prediction,/home/tchowdh4/sensor_recovery_project/logs/extracted_csv/baseline_02_high_altitude_hover_ATT.csv,/home/tchowdh4/sensor_recovery_project/prediction_results_v9_trained_hybrid/baseline_02_high_altitude_hover_ATT_trained_hybrid_prediction_outputs.csv,352.3593139648437,attacked_measurement,0.0,0.0
22.29941,baseline_02_high_altitude_hover,Yaw,ramp,0.064638,0,352.3600769042969,352.3600769042969,352.36042022705084,-0.000343322753963,0.000343322753963,0.010773,0,0.0,0.0002616119384953,0,0,0,W20_N5_mean1.5x,20,5,1.5,1127,Yaw_hybrid_prediction,/home/tchowdh4/sensor_recovery_project/logs/extracted_csv/baseline_02_high_altitude_hover_ATT.csv,/home/tchowdh4/sensor_recovery_project/prediction_results_v9_trained_hybrid/baseline_02_high_altitude_hover_ATT_trained_hybrid_prediction_outputs.csv,352.3600769042969,attacked_measurement,0.0,0.0
22.39937,baseline_02_high_altitude_hover,Yaw,ramp,0.064638,0,352.3608703613281,352.3608703613281,352.3612274169922,-0.0003570556640966,0.0003570556640966,0.010773,0,0.0,0.0002705383300991,0,0,0,W20_N5_mean1.5x,20,5,1.5,1127,Yaw_hybrid_prediction,/home/tchowdh4/sensor_recovery_project/logs/extracted_csv/baseline_02_high_altitude_hover_ATT.csv,/home/tchowdh4/sensor_recovery_project/prediction_results_v9_trained_hybrid/baseline_02_high_altitude_hover_ATT_trained_hybrid_prediction_outputs.csv,352.3608703613281,attacked_measurement,0.0,0.0
22.49933,baseline_02_high_altitude_hover,Yaw,ramp,0.064638,0,352.3619384765625,352.3619384765625,352.362419128418,-0.0004806518555255,0.0004806518555255,0.010773,0,0.0,0.0002856445312716,0,0,0,W20_N5_mean1.5x,20,5,1.5,1127,Yaw_hybrid_prediction,/home/tchowdh4/sensor_recovery_project/logs/extracted_csv/baseline_02_high_altitude_hover_ATT.csv,/home/tchowdh4/sensor_recovery_project/prediction_results_v9_trained_hybrid/baseline_02_high_altitude_hover_ATT_trained_hybrid_prediction_outputs.csv,352.3619384765625,attacked_measurement,0.0,0.0
22.600123,baseline_02_high_altitude_hover,Yaw,ramp,0.064638,0,352.3627624511719,352.3627624511719,352.3631332397461,-0.0003707885742301,0.0003707885742301,0.010773,0,0.0,0.0002952575683792,0,0,0,W20_N5_mean1.5x,20,5,1.5,1127,Yaw_hybrid_prediction,/home/tchowdh4/sensor_recovery_project/logs/extracted_csv/baseline_02_high_altitude_hover_ATT.csv,/home/tchowdh4/sensor_recovery_project/prediction_results_v9_trained_hybrid/baseline_02_high_altitude_hover_ATT_trained_hybrid_prediction_outputs.csv,352.3627624511719,attacked_measurement,0.0,0.0
22.700083,baseline_02_high_altitude_hover,Yaw,ramp,0.064638,0,352.3636779785156,352.3636779785156,352.3640899658203,-0.0004119873046875,0.0004119873046875,0.010773,0,0.0,0.0003069305420126,0,0,0,W20_N5_mean1.5x,20,5,1.5,1127,Yaw_hybrid_prediction,/home/tchowdh4/sensor_recovery_project/logs/extracted_csv/baseline_02_high_altitude_hover_ATT.csv,/home/tchowdh4/sensor_recovery_project/prediction_results_v9_trained_hybrid/baseline_02_high_altitude_hover_ATT_trained_hybrid_prediction_outputs.csv,352.3636779785156,attacked_measurement,0.0,0.0
22.800043,baseline_02_high_altitude_hover,Yaw,ramp,0.064638,0,352.3646545410156,352.3646545410156,352.3650939941407,-0.0004394531250682,0.0004394531250682,0.010773,0,0.0,0.0003213500976784,0,0,0,W20_N5_mean1.5x,20,5,1.5,1127,Yaw_hybrid_prediction,/home/tchowdh4/sensor_recovery_project/logs/extracted_csv/baseline_02_high_altitude_hover_ATT.csv,/home/tchowdh4/sensor_recovery_project/prediction_results_v9_trained_hybrid/baseline_02_high_altitude_hover_ATT_trained_hybrid_prediction_outputs.csv,352.3646545410156,attacked_measurement,0.0,0.0
22.900003,baseline_02_high_altitude_hover,Yaw,ramp,0.064638,0,352.3656921386719,352.3656921386719,352.3661590576172,-0.0004669189453352,0.0004669189453352,0.010773,0,0.0,0.0003316497802956,0,0,0,W20_N5_mean1.5x,20,5,1.5,1127,Yaw_hybrid_prediction,/home/tchowdh4/sensor_recovery_project/logs/extracted_csv/baseline_02_high_altitude_hover_ATT.csv,/home/tchowdh4/sensor_recovery_project/prediction_results_v9_trained_hybrid/baseline_02_high_altitude_hover_ATT_trained_hybrid_prediction_outputs.csv,352.3656921386719,attacked_measurement,0.0,0.0
22.999963,baseline_02_high_altitude_hover,Yaw,ramp,0.064638,0,352.3666076660156,352.3666076660156,352.3670196533203,-0.0004119873046875,0.0004119873046875,0.010773,0,0.0,0.0003398895263899,0,0,0,W20_N5_mean1.5x,20,5,1.5,1127,Yaw_hybrid_prediction,/home/tchowdh4/sensor_recovery_project/logs/extracted_csv/baseline_02_high_altitude_hover_ATT.csv,/home/tchowdh4/sensor_recovery_project/prediction_results_v9_trained_hybrid/baseline_02_high_altitude_hover_ATT_trained_hybrid_prediction_outputs.csv,352.3666076660156,attacked_measurement,0.0,0.0
23.099923,baseline_02_high_altitude_hover,Yaw,ramp,0.064638,0,352.3673400878906,352.3673400878906,352.3676696777344,-0.0003295898437727,0.0003295898437727,0.010773,0,0.0,0.0003474426269747,0,0,0,W20_N5_mean1.5x,20,5,1.5,1127,Yaw_hybrid_prediction,/home/tchowdh4/sensor_recovery_project/logs/extracted_csv/baseline_02_high_altitude_hover_ATT.csv,/home/tchowdh4/sensor_recovery_project/prediction_results_v9_trained_hybrid/baseline_02_high_altitude_hover_ATT_trained_hybrid_prediction_outputs.csv,352.3673400878906,attacked_measurement,0.0,0.0
23.199883,baseline_02_high_altitude_hover,Yaw,ramp,0.064638,0,352.36822509765625,352.36822509765625,352.3686233520508,-0.0003982543945539,0.0003982543945539,0.010773,0,0.0,0.0003529357910394,0,0,0,W20_N5_mean1.5x,20,5,1.5,1127,Yaw_hybrid_prediction,/home/tchowdh4/sensor_recovery_project/logs/extracted_csv/baseline_02_high_altitude_hover_ATT.csv,/home/tchowdh4/sensor_recovery_project/prediction_results_v9_trained_hybrid/baseline_02_high_altitude_hover_ATT_trained_hybrid_prediction_outputs.csv,352.36822509765625,attacked_measurement,0.0,0.0
23.299843,baseline_02_high_altitude_hover,Yaw,ramp,0.064638,0,352.36920166015625,352.36920166015625,352.36964111328126,-0.0004394531250113,0.0004394531250113,0.010773,0,0.0,0.0003563690185757,0,0,0,W20_N5_mean1.5x,20,5,1.5,1127,Yaw_hybrid_prediction,/home/tchowdh4/sensor_recovery_project/logs/extracted_csv/baseline_02_high_altitude_hover_ATT.csv,/home/tchowdh4/sensor_recovery_project/prediction_results_v9_trained_hybrid/baseline_02_high_altitude_hover_ATT_trained_hybrid_prediction_outputs.csv,352.36920166015625,attacked_measurement,0.0,0.0
23.399803,baseline_02_high_altitude_hover,Yaw,ramp,0.064638,0,352.3700866699219,352.3700866699219,352.37048492431643,-0.0003982543945539,0.0003982543945539,0.010773,0,0.0,0.0003618621826376,0,0,0,W20_N5_mean1.5x,20,5,1.5,1127,Yaw_hybrid_prediction,/home/tchowdh4/sensor_recovery_project/logs/extracted_csv/baseline_02_high_altitude_hover_ATT.csv,/home/tchowdh4/sensor_recovery_project/prediction_results_v9_trained_hybrid/baseline_02_high_altitude_hover_ATT_trained_hybrid_prediction_outputs.csv,352.3700866699219,attacked_measurement,0.0,0.0
23.499763,baseline_02_high_altitude_hover,Yaw,ramp,0.064638,0,352.3712463378906,352.3712463378906,352.3717681884766,-0.0005218505859829,0.0005218505859829,0.010773,0,0.0,0.0003742218017805,0,0,0,W20_N5_mean1.5x,20,5,1.5,1127,Yaw_hybrid_prediction,/home/tchowdh4/sensor_recovery_project/logs/extracted_csv/baseline_02_high_altitude_hover_ATT.csv,/home/tchowdh4/sensor_recovery_project/prediction_results_v9_trained_hybrid/baseline_02_high_altitude_hover_ATT_trained_hybrid_prediction_outputs.csv,352.3712463378906,attacked_measurement,0.0,0.0
23.599723,baseline_02_high_altitude_hover,Yaw,ramp,0.064638,0,352.3724060058594,352.3724060058594,352.37292785644536,-0.0005218505859829,0.0005218505859829,0.010773,0,0.0,0.0003907012939691,0,0,0,W20_N5_mean1.5x,20,5,1.5,1127,Yaw_hybrid_prediction,/home/tchowdh4/sensor_recovery_project/logs/extracted_csv/baseline_02_high_altitude_hover_ATT.csv,/home/tchowdh4/sensor_recovery_project/prediction_results_v9_trained_hybrid/baseline_02_high_altitude_hover_ATT_trained_hybrid_prediction_outputs.csv,352.3724060058594,attacked_measurement,0.0,0.0
23.699683,baseline_02_high_altitude_hover,Yaw,ramp,0.064638,0,352.37353515625,352.37353515625,352.37404327392585,-0.0005081176758494,0.0005081176758494,0.010773,0,0.0,0.0004010009765892,0,0,0,W20_N5_mean1.5x,20,5,1.5,1127,Yaw_hybrid_prediction,/home/tchowdh4/sensor_recovery_project/logs/extracted_csv/baseline_02_high_altitude_hover_ATT.csv,/home/tchowdh4/sensor_recovery_project/prediction_results_v9_trained_hybrid/baseline_02_high_altitude_hover_ATT_trained_hybrid_prediction_outputs.csv,352.37353515625,attacked_measurement,0.0,0.0
23.799643,baseline_02_high_altitude_hover,Yaw,ramp,0.064638,0,352.37451171875,352.37451171875,352.374951171875,-0.0004394531250113,0.0004394531250113,0.010773,0,0.0,0.0004064941406511,0,0,0,W20_N5_mean1.5x,20,5,1.5,1127,Yaw_hybrid_prediction,/home/tchowdh4/sensor_recovery_project/logs/extracted_csv/baseline_02_high_altitude_hover_ATT.csv,/home/tchowdh4/sensor_recovery_project/prediction_results_v9_trained_hybrid/baseline_02_high_altitude_hover_ATT_trained_hybrid_prediction_outputs.csv,352.37451171875,attacked_measurement,0.0,0.0
23.899603,baseline_02_high_altitude_hover,Yaw,ramp,0.064638,0,352.37548828125,352.37548828125,352.37592773437507,-0.0004394531250682,0.0004394531250682,0.010773,0,0.0,0.0004119873047159,0,0,0,W20_N5_mean1.5x,20,5,1.5,1127,Yaw_hybrid_prediction,/home/tchowdh4/sensor_recovery_project/logs/extracted_csv/baseline_02_high_altitude_hover_ATT.csv,/home/tchowdh4/sensor_recovery_project/prediction_results_v9_trained_hybrid/baseline_02_high_altitude_hover_ATT_trained_hybrid_prediction_outputs.csv,352.37548828125,attacked_measurement,0.0,0.0
23.999563,baseline_02_high_altitude_hover,Yaw,ramp,0.064638,0,352.3765869140625,352.3765869140625,352.37708129882816,-0.0004943847656591,0.0004943847656591,0.010773,0,0.0,0.0004222869873331,0,0,0,W20_N5_mean1.5x,20,5,1.5,1127,Yaw_hybrid_prediction,/home/tchowdh4/sensor_recovery_project/logs/extracted_csv/baseline_02_high_altitude_hover_ATT.csv,/home/tchowdh4/sensor_recovery_project/prediction_results_v9_trained_hybrid/baseline_02_high_altitude_hover_ATT_trained_hybrid_prediction_outputs.csv,352.3765869140625,attacked_measurement,0.0,0.0
24.099523,baseline_02_high_altitude_hover,Yaw,ramp,0.064638,0,352.377685546875,352.377685546875,352.37817993164066,-0.0004943847656591,0.0004943847656591,0.010773,0,0.0,0.0004298400879207,0,0,0,W20_N5_mean1.5x,20,5,1.5,1127,Yaw_hybrid_prediction,/home/tchowdh4/sensor_recovery_project/logs/extracted_csv/baseline_02_high_altitude_hover_ATT.csv,/home/tchowdh4/sensor_recovery_project/prediction_results_v9_trained_hybrid/baseline_02_high_altitude_hover_ATT_trained_hybrid_prediction_outputs.csv,352.377685546875,attacked_measurement,0.0,0.0
24.199483,baseline_02_high_altitude_hover,Yaw,ramp,0.064638,0,352.3787841796875,352.3787841796875,352.3792785644531,-0.0004943847656022,0.0004943847656022,0.010773,0,0.0,0.000438079834015,0,0,0,W20_N5_mean1.5x,20,5,1.5,1127,Yaw_hybrid_prediction,/home/tchowdh4/sensor_recovery_project/logs/extracted_csv/baseline_02_high_altitude_hover_ATT.csv,/home/tchowdh4/sensor_recovery_project/prediction_results_v9_trained_hybrid/baseline_02_high_altitude_hover_ATT_trained_hybrid_prediction_outputs.csv,352.3787841796875,attacked_measurement,0.0,0.0
24.299443,baseline_02_high_altitude_hover,Yaw,ramp,0.064638,0,352.3798828125,352.3798828125,352.3803771972656,-0.0004943847656022,0.0004943847656022,0.010773,0,0.0,0.000445632934597,0,0,0,W20_N5_mean1.5x,20,5,1.5,1127,Yaw_hybrid_prediction,/home/tchowdh4/sensor_recovery_project/logs/extracted_csv/baseline_02_high_altitude_hover_ATT.csv,/home/tchowdh4/sensor_recovery_project/prediction_results_v9_trained_hybrid/baseline_02_high_altitude_hover_ATT_trained_hybrid_prediction_outputs.csv,352.3798828125,attacked_measurement,0.0,0.0
24.399403,baseline_02_high_altitude_hover,Yaw,ramp,0.064638,0,352.38104248046875,352.38104248046875,352.38156433105473,-0.0005218505859829,0.0005218505859829,0.010773,0,0.0,0.0004538726806913,0,0,0,W20_N5_mean1.5x,20,5,1.5,1127,Yaw_hybrid_prediction,/home/tchowdh4/sensor_recovery_project/logs/extracted_csv/baseline_02_high_altitude_hover_ATT.csv,/home/tchowdh4/sensor_recovery_project/prediction_results_v9_trained_hybrid/baseline_02_high_altitude_hover_ATT_trained_hybrid_prediction_outputs.csv,352.38104248046875,attacked_measurement,0.0,0.0
24.499363,baseline_02_high_altitude_hover,Yaw,ramp,0.064638,0,352.3822021484375,352.3822021484375,352.3827239990235,-0.0005218505859829,0.0005218505859829,0.010773,0,0.0,0.0004559326172142,0,0,0,W20_N5_mean1.5x,20,5,1.5,1127,Yaw_hybrid_prediction,/home/tchowdh4/sensor_recovery_project/logs/extracted_csv/baseline_02_high_altitude_hover_ATT.csv,/home/tchowdh4/sensor_recovery_project/prediction_results_v9_trained_hybrid/baseline_02_high_altitude_hover_ATT_trained_hybrid_prediction_outputs.csv,352.3822021484375,attacked_measurement,0.0,0.0
24.599323,baseline_02_high_altitude_hover,Yaw,ramp,0.064638,0,352.3836975097656,352.3836975097656,352.3843704223633,-0.0006729125976789,0.0006729125976789,0.010773,0,0.0,0.0004710388183866,0,0,0,W20_N5_mean1.5x,20,5,1.5,1127,Yaw_hybrid_prediction,/home/tchowdh4/sensor_recovery_project/logs/extracted_csv/baseline_02_high_altitude_hover_ATT.csv,/home/tchowdh4/sensor_recovery_project/prediction_results_v9_trained_hybrid/baseline_02_high_altitude_hover_ATT_trained_hybrid_prediction_outputs.csv,352.3836975097656,attacked_measurement,0.0,0.0
24.700116,baseline_02_high_altitude_hover,Yaw,ramp,0.064638,0,352.38494873046875,352.38494873046875,352.3855117797852,-0.0005630493164403,0.0005630493164403,0.010773,0,0.0,0.0004785919189743,0,0,0,W20_N5_mean1.5x,20,5,1.5,1127,Yaw_hybrid_prediction,/home/tchowdh4/sensor_recovery_project/logs/extracted_csv/baseline_02_high_altitude_hover_ATT.csv,/home/tchowdh4/sensor_recovery_project/prediction_results_v9_trained_hybrid/baseline_02_high_altitude_hover_ATT_trained_hybrid_prediction_outputs.csv,352.38494873046875,attacked_measurement,0.0,0.0
24.800076,baseline_02_high_altitude_hover,Yaw,ramp,0.064638,0,352.3861389160156,352.3861389160156,352.38667449951174,-0.0005355834961164,0.0005355834961164,0.010773,0,0.0,0.0004833984375267,0,0,0,W20_N5_mean1.5x,20,5,1.5,1127,Yaw_hybrid_prediction,/home/tchowdh4/sensor_recovery_project/logs/extracted_csv/baseline_02_high_altitude_hover_ATT.csv,/home/tchowdh4/sensor_recovery_project/prediction_results_v9_trained_hybrid/baseline_02_high_altitude_hover_ATT_trained_hybrid_prediction_outputs.csv,352.3861389160156,attacked_measurement,0.0,0.0
24.900036,baseline_02_high_altitude_hover,Yaw,ramp,0.064638,0,352.38739013671875,352.38739013671875,352.3879531860352,-0.0005630493164403,0.0005630493164403,0.010773,0,0.0,0.0004882049560819,0,0,0,W20_N5_mean1.5x,20,5,1.5,1127,Yaw_hybrid_prediction,/home/tchowdh4/sensor_recovery_project/logs/extracted_csv/baseline_02_high_altitude_hover_ATT.csv,/home/tchowdh4/sensor_recovery_project/prediction_results_v9_trained_hybrid/baseline_02_high_altitude_hover_ATT_trained_hybrid_prediction_outputs.csv,352.38739013671875,attacked_measurement,0.0,0.0
24.999996,baseline_02_high_altitude_hover,Yaw,ramp,0.064638,0,352.3886108398437,352.3886108398437,352.3891601562499,-0.0005493164061931,0.0005493164061931,0.010773,0,0.0,0.0004950714111572,0,0,0,W20_N5_mean1.5x,20,5,1.5,1127,Yaw_hybrid_prediction,/home/tchowdh4/sensor_recovery_project/logs/extracted_csv/baseline_02_high_altitude_hover_ATT.csv,/home/tchowdh4/sensor_recovery_project/prediction_results_v9_trained_hybrid/baseline_02_high_altitude_hover_ATT_trained_hybrid_prediction_outputs.csv,352.3886108398437,attacked_measurement,0.0,0.0
25.099956,baseline_02_high_altitude_hover,Yaw,ramp,0.064638,0,352.3898620605469,352.3898620605469,352.3904251098634,-0.0005630493164971,0.0005630493164971,0.010773,0,0.0,0.0005067443847934,0,0,0,W20_N5_mean1.5x,20,5,1.5,1127,Yaw_hybrid_prediction,/home/tchowdh4/sensor_recovery_project/logs/extracted_csv/baseline_02_high_altitude_hover_ATT.csv,/home/tchowdh4/sensor_recovery_project/prediction_results_v9_trained_hybrid/baseline_02_high_altitude_hover_ATT_trained_hybrid_prediction_outputs.csv,352.3898620605469,attacked_measurement,0.0,0.0
25.199916,baseline_02_high_altitude_hover,Yaw,ramp,0.064638,0,352.39117431640625,352.39117431640625,352.391764831543,-0.0005905151367642,0.0005905151367642,0.010773,0,0.0,0.0005163574219039,0,0,0,W20_N5_mean1.5x,20,5,1.5,1127,Yaw_hybrid_prediction,/home/tchowdh4/sensor_recovery_project/logs/extracted_csv/baseline_02_high_altitude_hover_ATT.csv,/home/tchowdh4/sensor_recovery_project/prediction_results_v9_trained_hybrid/baseline_02_high_altitude_hover_ATT_trained_hybrid_prediction_outputs.csv,352.39117431640625,attacked_measurement,0.0,0.0
25.299876,baseline_02_high_altitude_hover,Yaw,ramp,0.064638,0,352.39263916015625,352.39263916015625,352.3932983398438,-0.0006591796875454,0.0006591796875454,0.010773,0,0.0,0.0005273437500306,0,0,0,W20_N5_mean1.5x,20,5,1.5,1127,Yaw_hybrid_prediction,/home/tchowdh4/sensor_recovery_project/logs/extracted_csv/baseline_02_high_altitude_hover_ATT.csv,/home/tchowdh4/sensor_recovery_project/prediction_results_v9_trained_hybrid/baseline_02_high_altitude_hover_ATT_trained_hybrid_prediction_outputs.csv,352.39263916015625,attacked_measurement,0.0,0.0
25.399836,baseline_02_high_altitude_hover,Yaw,ramp,0.064638,0,352.3941650390625,352.3941650390625,352.3948516845703,-0.0006866455078125,0.0006866455078125,0.010773,0,0.0,0.0005417633056936,0,0,0,W20_N5_mean1.5x,20,5,1.5,1127,Yaw_hybrid_prediction,/home/tchowdh4/sensor_recovery_project/logs/extracted_csv/baseline_02_high_altitude_hover_ATT.csv,/home/tchowdh4/sensor_recovery_project/prediction_results_v9_trained_hybrid/baseline_02_high_altitude_hover_ATT_trained_hybrid_prediction_outputs.csv,352.3941650390625,attacked_measurement,0.0,0.0
25.499796,baseline_02_high_altitude_hover,Yaw,ramp,0.064638,0,352.39581298828125,352.39581298828125,352.3965545654297,-0.0007415771484602,0.0007415771484602,0.010773,0,0.0,0.0005527496338174,0,0,0,W20_N5_mean1.5x,20,5,1.5,1127,Yaw_hybrid_prediction,/home/tchowdh4/sensor_recovery_project/logs/extracted_csv/baseline_02_high_altitude_hover_ATT.csv,/home/tchowdh4/sensor_recovery_project/prediction_results_v9_trained_hybrid/baseline_02_high_altitude_hover_ATT_trained_hybrid_prediction_outputs.csv,352.39581298828125,attacked_measurement,0.0,0.0
25.599756,baseline_02_high_altitude_hover,Yaw,ramp,0.064638,0,352.3973388671875,352.3973388671875,352.3980255126953,-0.0006866455078125,0.0006866455078125,0.010773,0,0.0,0.0005609893799089,0,0,0,W20_N5_mean1.5x,20,5,1.5,1127,Yaw_hybrid_prediction,/home/tchowdh4/sensor_recovery_project/logs/extracted_csv/baseline_02_high_altitude_hover_ATT.csv,/home/tchowdh4/sensor_recovery_project/prediction_results_v9_trained_hybrid/baseline_02_high_altitude_hover_ATT_trained_hybrid_prediction_outputs.csv,352.3973388671875,attacked_measurement,0.0,0.0
25.699716,baseline_02_high_altitude_hover,Yaw,ramp,0.064638,0,352.39892578125,352.39892578125,352.39963989257814,-0.0007141113281363,0.0007141113281363,0.010773,0,0.0,0.0005712890625233,0,0,0,W20_N5_mean1.5x,20,5,1.5,1127,Yaw_hybrid_prediction,/home/tchowdh4/sensor_recovery_project/logs/extracted_csv/baseline_02_high_altitude_hover_ATT.csv,/home/tchowdh4/sensor_recovery_project/prediction_results_v9_trained_hybrid/baseline_02_high_altitude_hover_ATT_trained_hybrid_prediction_outputs.csv,352.39892578125,attacked_measurement,0.0,0.0
25.799676,baseline_02_high_altitude_hover,Yaw,ramp,0.064638,0,352.40057373046875,352.40057373046875,352.4013153076172,-0.0007415771484602,0.0007415771484602,0.010773,0,0.0,0.0005863952636957,0,0,0,W20_N5_mean1.5x,20,5,1.5,1127,Yaw_hybrid_prediction,/home/tchowdh4/sensor_recovery_project/logs/extracted_csv/baseline_02_high_altitude_hover_ATT.csv,/home/tchowdh4/sensor_recovery_project/prediction_results_v9_trained_hybrid/baseline_02_high_altitude_hover_ATT_trained_hybrid_prediction_outputs.csv,352.40057373046875,attacked_measurement,0.0,0.0
25.899636,baseline_02_high_altitude_hover,Yaw,ramp,0.064638,0,352.40216064453125,352.40216064453125,352.4028747558594,-0.0007141113281363,0.0007141113281363,0.010773,0,0.0,0.0006001281738491,0,0,0,W20_N5_mean1.5x,20,5,1.5,1127,Yaw_hybrid_prediction,/home/tchowdh4/sensor_recovery_project/logs/extracted_csv/baseline_02_high_altitude_hover_ATT.csv,/home/tchowdh4/sensor_recovery_project/prediction_results_v9_trained_hybrid/baseline_02_high_altitude_hover_ATT_trained_hybrid_prediction_outputs.csv,352.40216064453125,attacked_measurement,0.0,0.0
25.999596,baseline_02_high_altitude_hover,Yaw,ramp,0.064638,0,352.4037475585937,352.4037475585937,352.40446166992183,-0.0007141113281363,0.0007141113281363,0.010773,0,0.0,0.000611114501973,0,0,0,W20_N5_mean1.5x,20,5,1.5,1127,Yaw_hybrid_prediction,/home/tchowdh4/sensor_recovery_project/logs/extracted_csv/baseline_02_high_altitude_hover_ATT.csv,/home/tchowdh4/sensor_recovery_project/prediction_results_v9_trained_hybrid/baseline_02_high_altitude_hover_ATT_trained_hybrid_prediction_outputs.csv,352.4037475585937,attacked_measurement,0.0,0.0
26.099556,baseline_02_high_altitude_hover,Yaw,ramp,0.064638,0,352.4053955078125,352.4053955078125,352.40613708496096,-0.0007415771484602,0.0007415771484602,0.010773,0,0.0,0.000623474121113,0,0,0,W20_N5_mean1.5x,20,5,1.5,1127,Yaw_hybrid_prediction,/home/tchowdh4/sensor_recovery_project/logs/extracted_csv/baseline_02_high_altitude_hover_ATT.csv,/home/tchowdh4/sensor_recovery_project/prediction_results_v9_trained_hybrid/baseline_02_high_altitude_hover_ATT_trained_hybrid_prediction_outputs.csv,352.4053955078125,attacked_measurement,0.0,0.0
26.199516,baseline_02_high_altitude_hover,Yaw,ramp,0.064638,0,352.4069519042969,352.4069519042969,352.4076522827149,-0.0007003784180028,0.0007003784180028,0.010773,0,0.0,0.0006337738037331,0,0,0,W20_N5_mean1.5x,20,5,1.5,1127,Yaw_hybrid_prediction,/home/tchowdh4/sensor_recovery_project/logs/extracted_csv/baseline_02_high_altitude_hover_ATT.csv,/home/tchowdh4/sensor_recovery_project/prediction_results_v9_trained_hybrid/baseline_02_high_altitude_hover_ATT_trained_hybrid_prediction_outputs.csv,352.4069519042969,attacked_measurement,0.0,0.0
26.299476,baseline_02_high_altitude_hover,Yaw,ramp,0.064638,0,352.4085693359375,352.4085693359375,352.4092971801758,-0.0007278442383267,0.0007278442383267,0.010773,0,0.0,0.0006454467773693,0,0,0,W20_N5_mean1.5x,20,5,1.5,1127,Yaw_hybrid_prediction,/home/tchowdh4/sensor_recovery_project/logs/extracted_csv/baseline_02_high_altitude_hover_ATT.csv,/home/tchowdh4/sensor_recovery_project/prediction_results_v9_trained_hybrid/baseline_02_high_altitude_hover_ATT_trained_hybrid_prediction_outputs.csv,352.4085693359375,attacked_measurement,0.0,0.0
26.399436,baseline_02_high_altitude_hover,Yaw,ramp,0.064638,0,352.41021728515625,352.41021728515625,352.4109588623047,-0.0007415771484602,0.0007415771484602,0.010773,0,0.0,0.0006564331054931,0,0,0,W20_N5_mean1.5x,20,5,1.5,1127,Yaw_hybrid_prediction,/home/tchowdh4/sensor_recovery_project/logs/extracted_csv/baseline_02_high_altitude_hover_ATT.csv,/home/tchowdh4/sensor_recovery_project/prediction_results_v9_trained_hybrid/baseline_02_high_altitude_hover_ATT_trained_hybrid_prediction_outputs.csv,352.41021728515625,attacked_measurement,0.0,0.0
26.499396,baseline_02_high_altitude_hover,Yaw,ramp,0.064638,0,352.4119567871094,352.4119567871094,352.41273956298835,-0.0007827758789744,0.0007827758789744,0.010773,0,0.0,0.0006694793701427,0,0,0,W20_N5_mean1.5x,20,5,1.5,1127,Yaw_hybrid_prediction,/home/tchowdh4/sensor_recovery_project/logs/extracted_csv/baseline_02_high_altitude_hover_ATT.csv,/home/tchowdh4/sensor_recovery_project/prediction_results_v9_trained_hybrid/baseline_02_high_altitude_hover_ATT_trained_hybrid_prediction_outputs.csv,352.4119567871094,attacked_measurement,0.0,0.0
26.599356,baseline_02_high_altitude_hover,Yaw,ramp,0.064638,0,352.4136657714844,352.4136657714844,352.4144348144532,-0.0007690429688409,0.0007690429688409,0.010773,0,0.0,0.0006742858887008,0,0,0,W20_N5_mean1.5x,20,5,1.5,1127,Yaw_hybrid_prediction,/home/tchowdh4/sensor_recovery_project/logs/extracted_csv/baseline_02_high_altitude_hover_ATT.csv,/home/tchowdh4/sensor_recovery_project/prediction_results_v9_trained_hybrid/baseline_02_high_altitude_hover_ATT_trained_hybrid_prediction_outputs.csv,352.4136657714844,attacked_measurement,0.0,0.0
26.699316,baseline_02_high_altitude_hover,Yaw,ramp,0.064638,0,352.4151306152344,352.4151306152344,352.4157897949219,-0.0006591796875454,0.0006591796875454,0.010773,0,0.0,0.0006790924072561,0,0,0,W20_N5_mean1.5x,20,5,1.5,1127,Yaw_hybrid_prediction,/home/tchowdh4/sensor_recovery_project/logs/extracted_csv/baseline_02_high_altitude_hover_ATT.csv,/home/tchowdh4/sensor_recovery_project/prediction_results_v9_trained_hybrid/baseline_02_high_altitude_hover_ATT_trained_hybrid_prediction_outputs.csv,352.4151306152344,attacked_measurement,0.0,0.0
26.800109,baseline_02_high_altitude_hover,Yaw,ramp,0.064638,0,352.4169311523437,352.4169311523437,352.4177413940429,-0.0008102416991846,0.0008102416991846,0.010773,0,0.0,0.0006928253174095,0,0,0,W20_N5_mean1.5x,20,5,1.5,1127,Yaw_hybrid_prediction,/home/tchowdh4/sensor_recovery_project/logs/extracted_csv/baseline_02_high_altitude_hover_ATT.csv,/home/tchowdh4/sensor_recovery_project/prediction_results_v9_trained_hybrid/baseline_02_high_altitude_hover_ATT_trained_hybrid_prediction_outputs.csv,352.4169311523437,attacked_measurement,0.0,0.0
26.900069,baseline_02_high_altitude_hover,Yaw,ramp,0.064638,0,352.418701171875,352.418701171875,352.4194976806641,-0.0007965087891079,0.0007965087891079,0.010773,0,0.0,0.0007044982910429,0,0,0,W20_N5_mean1.5x,20,5,1.5,1127,Yaw_hybrid_prediction,/home/tchowdh4/sensor_recovery_project/logs/extracted_csv/baseline_02_high_altitude_hover_ATT.csv,/home/tchowdh4/sensor_recovery_project/prediction_results_v9_trained_hybrid/baseline_02_high_altitude_hover_ATT_trained_hybrid_prediction_outputs.csv,352.418701171875,attacked_measurement,0.0,0.0
27.000029,baseline_02_high_altitude_hover,Yaw,ramp,0.064638,0,352.4202880859375,352.4202880859375,352.42100219726564,-0.0007141113281363,0.0007141113281363,0.010773,0,0.0,0.00071273803714,0,0,0,W20_N5_mean1.5x,20,5,1.5,1127,Yaw_hybrid_prediction,/home/tchowdh4/sensor_recovery_project/logs/extracted_csv/baseline_02_high_altitude_hover_ATT.csv,/home/tchowdh4/sensor_recovery_project/prediction_results_v9_trained_hybrid/baseline_02_high_altitude_hover_ATT_trained_hybrid_prediction_outputs.csv,352.4202880859375,attacked_measurement,0.0,0.0
27.099989,baseline_02_high_altitude_hover,Yaw,ramp,0.064638,0,352.4219970703125,352.4219970703125,352.4227661132812,-0.0007690429687272,0.0007690429687272,0.010773,0,0.0,0.0007230377197515,0,0,0,W20_N5_mean1.5x,20,5,1.5,1127,Yaw_hybrid_prediction,/home/tchowdh4/sensor_recovery_project/logs/extracted_csv/baseline_02_high_altitude_hover_ATT.csv,/home/tchowdh4/sensor_recovery_project/prediction_results_v9_trained_hybrid/baseline_02_high_altitude_hover_ATT_trained_hybrid_prediction_outputs.csv,352.4219970703125,attacked_measurement,0.0,0.0
27.199949,baseline_02_high_altitude_hover,Yaw,ramp,0.064638,0,352.4237976074219,352.4237976074219,352.4246078491211,-0.0008102416992414,0.0008102416992414,0.010773,0,0.0,0.0007340240478754,0,0,0,W20_N5_mean1.5x,20,5,1.5,1127,Yaw_hybrid_prediction,/home/tchowdh4/sensor_recovery_project/logs/extracted_csv/baseline_02_high_altitude_hover_ATT.csv,/home/tchowdh4/sensor_recovery_project/prediction_results_v9_trained_hybrid/baseline_02_high_altitude_hover_ATT_trained_hybrid_prediction_outputs.csv,352.4237976074219,attacked_measurement,0.0,0.0
27.299909,baseline_02_high_altitude_hover,Yaw,ramp,0.064638,0,352.42559814453125,352.42559814453125,352.4264083862305,-0.0008102416992414,0.0008102416992414,0.010773,0,0.0,0.0007415771484602,0,0,0,W20_N5_mean1.5x,20,5,1.5,1127,Yaw_hybrid_prediction,/home/tchowdh4/sensor_recovery_project/logs/extracted_csv/baseline_02_high_altitude_hover_ATT.csv,/home/tchowdh4/sensor_recovery_project/prediction_results_v9_trained_hybrid/baseline_02_high_altitude_hover_ATT_trained_hybrid_prediction_outputs.csv,352.42559814453125,attacked_measurement,0.0,0.0
27.399869,baseline_02_high_altitude_hover,Yaw,ramp,0.064638,0,352.42730712890625,352.42730712890625,352.428076171875,-0.0007690429687272,0.0007690429687272,0.010773,0,0.0,0.0007456970215059,0,0,0,W20_N5_mean1.5x,20,5,1.5,1127,Yaw_hybrid_prediction,/home/tchowdh4/sensor_recovery_project/logs/extracted_csv/baseline_02_high_altitude_hover_ATT.csv,/home/tchowdh4/sensor_recovery_project/prediction_results_v9_trained_hybrid/baseline_02_high_altitude_hover_ATT_trained_hybrid_prediction_outputs.csv,352.42730712890625,attacked_measurement,0.0,0.0
27.499829,baseline_02_high_altitude_hover,Yaw,ramp,0.064638,0,352.42901611328125,352.42901611328125,352.42978515625,-0.0007690429687272,0.0007690429687272,0.010773,0,0.0,0.0007470703125193,0,0,0,W20_N5_mean1.5x,20,5,1.5,1127,Yaw_hybrid_prediction,/home/tchowdh4/sensor_recovery_project/logs/extracted_csv/baseline_02_high_altitude_hover_ATT.csv,/home/tchowdh4/sensor_recovery_project/prediction_results_v9_trained_hybrid/baseline_02_high_altitude_hover_ATT_trained_hybrid_prediction_outputs.csv,352.42901611328125,attacked_measurement,0.0,0.0
27.599789,baseline_02_high_altitude_hover,Yaw,ramp,0.064638,0,352.43084716796875,352.43084716796875,352.4316711425781,-0.000823974609375,0.000823974609375,0.010773,0,0.0,0.0007539367675974,0,0,0,W20_N5_mean1.5x,20,5,1.5,1127,Yaw_hybrid_prediction,/home/tchowdh4/sensor_recovery_project/logs/extracted_csv/baseline_02_high_altitude_hover_ATT.csv,/home/tchowdh4/sensor_recovery_project/prediction_results_v9_trained_hybrid/baseline_02_high_altitude_hover_ATT_trained_hybrid_prediction_outputs.csv,352.43084716796875,attacked_measurement,0.0,0.0
27.699749,baseline_02_high_altitude_hover,Yaw,ramp,0.064638,0,352.4325256347656,352.4325256347656,352.4332809448242,-0.0007553100585937,0.0007553100585937,0.010773,0,0.0,0.0007559967041203,0,0,0,W20_N5_mean1.5x,20,5,1.5,1127,Yaw_hybrid_prediction,/home/tchowdh4/sensor_recovery_project/logs/extracted_csv/baseline_02_high_altitude_hover_ATT.csv,/home/tchowdh4/sensor_recovery_project/prediction_results_v9_trained_hybrid/baseline_02_high_altitude_hover_ATT_trained_hybrid_prediction_outputs.csv,352.4325256347656,attacked_measurement,0.0,0.0
27.799709,baseline_02_high_altitude_hover,Yaw,ramp,0.064638,0,352.434326171875,352.434326171875,352.43513641357424,-0.0008102416992414,0.0008102416992414,0.010773,0,0.0,0.0007594299316593,0,0,0,W20_N5_mean1.5x,20,5,1.5,1127,Yaw_hybrid_prediction,/home/tchowdh4/sensor_recovery_project/logs/extracted_csv/baseline_02_high_altitude_hover_ATT.csv,/home/tchowdh4/sensor_recovery_project/prediction_results_v9_trained_hybrid/baseline_02_high_altitude_hover_ATT_trained_hybrid_prediction_outputs.csv,352.434326171875,attacked_measurement,0.0,0.0
27.899669,baseline_02_high_altitude_hover,Yaw,ramp,0.064638,0,352.43621826171875,352.43621826171875,352.4370697021485,-0.0008514404297557,0.0008514404297557,0.010773,0,0.0,0.0007662963867403,0,0,0,W20_N5_mean1.5x,20,5,1.5,1127,Yaw_hybrid_prediction,/home/tchowdh4/sensor_recovery_project/logs/extracted_csv/baseline_02_high_altitude_hover_ATT.csv,/home/tchowdh4/sensor_recovery_project/prediction_results_v9_trained_hybrid/baseline_02_high_altitude_hover_ATT_trained_hybrid_prediction_outputs.csv,352.43621826171875,attacked_measurement,0.0,0.0
27.999629,baseline_02_high_altitude_hover,Yaw,ramp,0.064638,0,352.4379577636719,352.4379577636719,352.4387405395508,-0.0007827758789176,0.0007827758789176,0.010773,0,0.0,0.0007697296142794,0,0,0,W20_N5_mean1.5x,20,5,1.5,1127,Yaw_hybrid_prediction,/home/tchowdh4/sensor_recovery_project/logs/extracted_csv/baseline_02_high_altitude_hover_ATT.csv,/home/tchowdh4/sensor_recovery_project/prediction_results_v9_trained_hybrid/baseline_02_high_altitude_hover_ATT_trained_hybrid_prediction_outputs.csv,352.4379577636719,attacked_measurement,0.0,0.0
28.099589,baseline_02_high_altitude_hover,Yaw,ramp,0.064638,0,352.43994140625,352.43994140625,352.44083404541016,-0.0008926391601562,0.0008926391601562,0.010773,0,0.0,0.0007772827148642,0,0,0,W20_N5_mean1.5x,20,5,1.5,1127,Yaw_hybrid_prediction,/home/tchowdh4/sensor_recovery_project/logs/extracted_csv/baseline_02_high_altitude_hover_ATT.csv,/home/tchowdh4/sensor_recovery_project/prediction_results_v9_trained_hybrid/baseline_02_high_altitude_hover_ATT_trained_hybrid_prediction_outputs.csv,352.43994140625,attacked_measurement,0.0,0.0
