x,Baseline,Axis,AttackType,AttackMagnitude,AttackActive,CleanFuture_Yaw,AttackedFuture_Yaw,V9PredictedFuture_Yaw,Residual_Yaw,AbsResidual_Yaw,Threshold,PointDetectionFlag,WindowCount,RollingMeanAbsResidual,WindowCountFlag,WindowMeanFlag,WindowCombinedFlag,WindowRule,W,N,RollingMeanMultiplier,AlignmentOffset,PredictionColumn,CleanFile,PredictionFile,Yaw_recovered_future_v9_phase5,Yaw_recovery_source_phase5,Yaw_attacked_error_vs_clean_phase5,Yaw_recovered_error_vs_clean_phase5
0.0,baseline_04_yaw_rotation,Yaw,ramp,0.022782,0,172.5936737060547,172.5936737060547,172.59325408935547,0.0004196166992187,0.0004196166992187,0.003797,0,0.0,0.0004196166992187,0,0,0,W20_N5_mean1.25x,20,5,1.25,1477,Yaw_hybrid_prediction,/home/tchowdh4/sensor_recovery_project/logs/extracted_csv/baseline_04_yaw_rotation_ATT.csv,/home/tchowdh4/sensor_recovery_project/prediction_results_v9_trained_hybrid/baseline_04_yaw_rotation_ATT_trained_hybrid_prediction_outputs.csv,172.5936737060547,attacked_measurement,0.0,0.0
0.100793,baseline_04_yaw_rotation,Yaw,ramp,0.022782,0,172.59327697753906,172.59327697753906,172.5930587768555,0.0002182006835766,0.0002182006835766,0.003797,0,0.0,0.0003189086913977,0,0,0,W20_N5_mean1.25x,20,5,1.25,1477,Yaw_hybrid_prediction,/home/tchowdh4/sensor_recovery_project/logs/extracted_csv/baseline_04_yaw_rotation_ATT.csv,/home/tchowdh4/sensor_recovery_project/prediction_results_v9_trained_hybrid/baseline_04_yaw_rotation_ATT_trained_hybrid_prediction_outputs.csv,172.59327697753906,attacked_measurement,0.0,0.0
0.200753,baseline_04_yaw_rotation,Yaw,ramp,0.022782,0,172.59251403808594,172.59251403808594,172.59209442138672,0.0004196166992187,0.0004196166992187,0.003797,0,0.0,0.000352478027338,0,0,0,W20_N5_mean1.25x,20,5,1.25,1477,Yaw_hybrid_prediction,/home/tchowdh4/sensor_recovery_project/logs/extracted_csv/baseline_04_yaw_rotation_ATT.csv,/home/tchowdh4/sensor_recovery_project/prediction_results_v9_trained_hybrid/baseline_04_yaw_rotation_ATT_trained_hybrid_prediction_outputs.csv,172.59251403808594,attacked_measurement,0.0,0.0
0.300713,baseline_04_yaw_rotation,Yaw,ramp,0.022782,0,172.5924530029297,172.5924530029297,172.59241943359376,3.356933592613132e-05,3.356933592613132e-05,0.003797,0,0.0,0.000272750854485,0,0,0,W20_N5_mean1.25x,20,5,1.25,1477,Yaw_hybrid_prediction,/home/tchowdh4/sensor_recovery_project/logs/extracted_csv/baseline_04_yaw_rotation_ATT.csv,/home/tchowdh4/sensor_recovery_project/prediction_results_v9_trained_hybrid/baseline_04_yaw_rotation_ATT_trained_hybrid_prediction_outputs.csv,172.5924530029297,attacked_measurement,0.0,0.0
0.400673,baseline_04_yaw_rotation,Yaw,ramp,0.022782,0,172.59283447265625,172.59283447265625,172.59304428100586,-0.0002098083496093,0.0002098083496093,0.003797,0,0.0,0.0002601623535099,0,0,0,W20_N5_mean1.25x,20,5,1.25,1477,Yaw_hybrid_prediction,/home/tchowdh4/sensor_recovery_project/logs/extracted_csv/baseline_04_yaw_rotation_ATT.csv,/home/tchowdh4/sensor_recovery_project/prediction_results_v9_trained_hybrid/baseline_04_yaw_rotation_ATT_trained_hybrid_prediction_outputs.csv,172.59283447265625,attacked_measurement,0.0,0.0
0.500633,baseline_04_yaw_rotation,Yaw,ramp,0.022782,0,172.59323120117188,172.59323120117188,172.59344940185548,-0.0002182006836051,0.0002182006836051,0.003797,0,0.0,0.0002531687418591,0,0,0,W20_N5_mean1.25x,20,5,1.25,1477,Yaw_hybrid_prediction,/home/tchowdh4/sensor_recovery_project/logs/extracted_csv/baseline_04_yaw_rotation_ATT.csv,/home/tchowdh4/sensor_recovery_project/prediction_results_v9_trained_hybrid/baseline_04_yaw_rotation_ATT_trained_hybrid_prediction_outputs.csv,172.59323120117188,attacked_measurement,0.0,0.0
0.600593,baseline_04_yaw_rotation,Yaw,ramp,0.022782,0,172.59376525878906,172.59376525878906,172.59405899047852,-0.0002937316894531,0.0002937316894531,0.003797,0,0.0,0.0002589634486582,0,0,0,W20_N5_mean1.25x,20,5,1.25,1477,Yaw_hybrid_prediction,/home/tchowdh4/sensor_recovery_project/logs/extracted_csv/baseline_04_yaw_rotation_ATT.csv,/home/tchowdh4/sensor_recovery_project/prediction_results_v9_trained_hybrid/baseline_04_yaw_rotation_ATT_trained_hybrid_prediction_outputs.csv,172.59376525878906,attacked_measurement,0.0,0.0
0.700553,baseline_04_yaw_rotation,Yaw,ramp,0.022782,0,172.59457397460938,172.59457397460938,172.59501876831058,-0.0004447937012059,0.0004447937012059,0.003797,0,0.0,0.0002821922302267,0,0,0,W20_N5_mean1.25x,20,5,1.25,1477,Yaw_hybrid_prediction,/home/tchowdh4/sensor_recovery_project/logs/extracted_csv/baseline_04_yaw_rotation_ATT.csv,/home/tchowdh4/sensor_recovery_project/prediction_results_v9_trained_hybrid/baseline_04_yaw_rotation_ATT_trained_hybrid_prediction_outputs.csv,172.59457397460938,attacked_measurement,0.0,0.0
0.800513,baseline_04_yaw_rotation,Yaw,ramp,0.022782,0,172.59503173828125,172.59503173828125,172.59528350830078,-0.0002517700195312,0.0002517700195312,0.003797,0,0.0,0.0002788119845939,0,0,0,W20_N5_mean1.25x,20,5,1.25,1477,Yaw_hybrid_prediction,/home/tchowdh4/sensor_recovery_project/logs/extracted_csv/baseline_04_yaw_rotation_ATT.csv,/home/tchowdh4/sensor_recovery_project/prediction_results_v9_trained_hybrid/baseline_04_yaw_rotation_ATT_trained_hybrid_prediction_outputs.csv,172.59503173828125,attacked_measurement,0.0,0.0
0.900473,baseline_04_yaw_rotation,Yaw,ramp,0.022782,0,172.5951690673828,172.5951690673828,172.5952445983887,-7.553100587642803e-05,7.553100587642803e-05,0.003797,0,0.0,0.0002584838867221,0,0,0,W20_N5_mean1.25x,20,5,1.25,1477,Yaw_hybrid_prediction,/home/tchowdh4/sensor_recovery_project/logs/extracted_csv/baseline_04_yaw_rotation_ATT.csv,/home/tchowdh4/sensor_recovery_project/prediction_results_v9_trained_hybrid/baseline_04_yaw_rotation_ATT_trained_hybrid_prediction_outputs.csv,172.5951690673828,attacked_measurement,0.0,0.0
1.000433,baseline_04_yaw_rotation,Yaw,ramp,0.022782,0,172.59490966796875,172.59490966796875,172.59476699829102,0.0001426696777286,0.0001426696777286,0.003797,0,0.0,0.0002479553222682,0,0,0,W20_N5_mean1.25x,20,5,1.25,1477,Yaw_hybrid_prediction,/home/tchowdh4/sensor_recovery_project/logs/extracted_csv/baseline_04_yaw_rotation_ATT.csv,/home/tchowdh4/sensor_recovery_project/prediction_results_v9_trained_hybrid/baseline_04_yaw_rotation_ATT_trained_hybrid_prediction_outputs.csv,172.59490966796875,attacked_measurement,0.0,0.0
1.100393,baseline_04_yaw_rotation,Yaw,ramp,0.022782,0,172.59378051757812,172.59378051757812,172.5931594848633,0.0006210327148323,0.0006210327148323,0.003797,0,0.0,0.0002790451049818,0,0,0,W20_N5_mean1.25x,20,5,1.25,1477,Yaw_hybrid_prediction,/home/tchowdh4/sensor_recovery_project/logs/extracted_csv/baseline_04_yaw_rotation_ATT.csv,/home/tchowdh4/sensor_recovery_project/prediction_results_v9_trained_hybrid/baseline_04_yaw_rotation_ATT_trained_hybrid_prediction_outputs.csv,172.59378051757812,attacked_measurement,0.0,0.0
1.200353,baseline_04_yaw_rotation,Yaw,ramp,0.022782,0,172.59136962890625,172.59136962890625,172.59004364013674,0.0013259887695085,0.0013259887695085,0.003797,0,0.0,0.0003595792330223,0,0,0,W20_N5_mean1.25x,20,5,1.25,1477,Yaw_hybrid_prediction,/home/tchowdh4/sensor_recovery_project/logs/extracted_csv/baseline_04_yaw_rotation_ATT.csv,/home/tchowdh4/sensor_recovery_project/prediction_results_v9_trained_hybrid/baseline_04_yaw_rotation_ATT_trained_hybrid_prediction_outputs.csv,172.59136962890625,attacked_measurement,0.0,0.0
1.300313,baseline_04_yaw_rotation,Yaw,ramp,0.022782,0,172.58944702148438,172.58944702148438,172.58838958740236,0.0010574340820141,0.0010574340820141,0.003797,0,0.0,0.0004094260079503,0,0,0,W20_N5_mean1.25x,20,5,1.25,1477,Yaw_hybrid_prediction,/home/tchowdh4/sensor_recovery_project/logs/extracted_csv/baseline_04_yaw_rotation_ATT.csv,/home/tchowdh4/sensor_recovery_project/prediction_results_v9_trained_hybrid/baseline_04_yaw_rotation_ATT_trained_hybrid_prediction_outputs.csv,172.58944702148438,attacked_measurement,0.0,0.0
1.400273,baseline_04_yaw_rotation,Yaw,ramp,0.022782,0,172.58868408203125,172.58868408203125,172.58826446533203,0.0004196166992187,0.0004196166992187,0.003797,0,0.0,0.0004101053873682,0,0,0,W20_N5_mean1.25x,20,5,1.25,1477,Yaw_hybrid_prediction,/home/tchowdh4/sensor_recovery_project/logs/extracted_csv/baseline_04_yaw_rotation_ATT.csv,/home/tchowdh4/sensor_recovery_project/prediction_results_v9_trained_hybrid/baseline_04_yaw_rotation_ATT_trained_hybrid_prediction_outputs.csv,172.58868408203125,attacked_measurement,0.0,0.0
1.500233,baseline_04_yaw_rotation,Yaw,ramp,0.022782,0,172.5895233154297,172.5895233154297,172.58998489379883,-0.0004615783691406,0.0004615783691406,0.003797,0,0.0,0.000413322448729,0,0,0,W20_N5_mean1.25x,20,5,1.25,1477,Yaw_hybrid_prediction,/home/tchowdh4/sensor_recovery_project/logs/extracted_csv/baseline_04_yaw_rotation_ATT.csv,/home/tchowdh4/sensor_recovery_project/prediction_results_v9_trained_hybrid/baseline_04_yaw_rotation_ATT_trained_hybrid_prediction_outputs.csv,172.5895233154297,attacked_measurement,0.0,0.0
1.600193,baseline_04_yaw_rotation,Yaw,ramp,0.022782,0,172.58993530273438,172.58993530273438,172.59016189575198,-0.0002265930176008,0.0002265930176008,0.003797,0,0.0,0.000402338364545,0,0,0,W20_N5_mean1.25x,20,5,1.25,1477,Yaw_hybrid_prediction,/home/tchowdh4/sensor_recovery_project/logs/extracted_csv/baseline_04_yaw_rotation_ATT.csv,/home/tchowdh4/sensor_recovery_project/prediction_results_v9_trained_hybrid/baseline_04_yaw_rotation_ATT_trained_hybrid_prediction_outputs.csv,172.58993530273438,attacked_measurement,0.0,0.0
1.700153,baseline_04_yaw_rotation,Yaw,ramp,0.022782,0,172.59031677246094,172.59031677246094,172.59052658081055,-0.0002098083496093,0.0002098083496093,0.003797,0,0.0,0.0003916422526041,0,0,0,W20_N5_mean1.25x,20,5,1.25,1477,Yaw_hybrid_prediction,/home/tchowdh4/sensor_recovery_project/logs/extracted_csv/baseline_04_yaw_rotation_ATT.csv,/home/tchowdh4/sensor_recovery_project/prediction_results_v9_trained_hybrid/baseline_04_yaw_rotation_ATT_trained_hybrid_prediction_outputs.csv,172.59031677246094,attacked_measurement,0.0,0.0
1.800113,baseline_04_yaw_rotation,Yaw,ramp,0.022782,0,172.5903778076172,172.5903778076172,172.59041137695314,-3.3569335954553026e-05,3.3569335954553026e-05,0.003797,0,0.0,0.0003727963096226,0,0,0,W20_N5_mean1.25x,20,5,1.25,1477,Yaw_hybrid_prediction,/home/tchowdh4/sensor_recovery_project/logs/extracted_csv/baseline_04_yaw_rotation_ATT.csv,/home/tchowdh4/sensor_recovery_project/prediction_results_v9_trained_hybrid/baseline_04_yaw_rotation_ATT_trained_hybrid_prediction_outputs.csv,172.5903778076172,attacked_measurement,0.0,0.0
1.900073,baseline_04_yaw_rotation,Yaw,ramp,0.022782,0,172.59022521972656,172.59022521972656,172.59014129638672,8.392333984375e-05,8.392333984375e-05,0.003797,0,0.0,0.0003583526611336,0,0,0,W20_N5_mean1.25x,20,5,1.25,1477,Yaw_hybrid_prediction,/home/tchowdh4/sensor_recovery_project/logs/extracted_csv/baseline_04_yaw_rotation_ATT.csv,/home/tchowdh4/sensor_recovery_project/prediction_results_v9_trained_hybrid/baseline_04_yaw_rotation_ATT_trained_hybrid_prediction_outputs.csv,172.59022521972656,attacked_measurement,0.0,0.0
2.000033,baseline_04_yaw_rotation,Yaw,ramp,0.022782,0,172.59194946289062,172.59194946289062,172.5928977966309,-0.0009483337402684,0.0009483337402684,0.003797,0,0.0,0.0003847885131861,0,0,0,W20_N5_mean1.25x,20,5,1.25,1477,Yaw_hybrid_prediction,/home/tchowdh4/sensor_recovery_project/logs/extracted_csv/baseline_04_yaw_rotation_ATT.csv,/home/tchowdh4/sensor_recovery_project/prediction_results_v9_trained_hybrid/baseline_04_yaw_rotation_ATT_trained_hybrid_prediction_outputs.csv,172.59194946289062,attacked_measurement,0.0,0.0
2.099993,baseline_04_yaw_rotation,Yaw,ramp,0.022782,0,172.59523010253906,172.59523010253906,172.5970344543457,-0.0018043518066406,0.0018043518066406,0.003797,0,0.0,0.0004640960693393,0,0,0,W20_N5_mean1.25x,20,5,1.25,1477,Yaw_hybrid_prediction,/home/tchowdh4/sensor_recovery_project/logs/extracted_csv/baseline_04_yaw_rotation_ATT.csv,/home/tchowdh4/sensor_recovery_project/prediction_results_v9_trained_hybrid/baseline_04_yaw_rotation_ATT_trained_hybrid_prediction_outputs.csv,172.59523010253906,attacked_measurement,0.0,0.0
2.200786,baseline_04_yaw_rotation,Yaw,ramp,0.022782,0,172.59573364257812,172.59573364257812,172.59601058959962,-0.00027694702149,0.00027694702149,0.003797,0,0.0,0.0004569625854529,0,0,0,W20_N5_mean1.25x,20,5,1.25,1477,Yaw_hybrid_prediction,/home/tchowdh4/sensor_recovery_project/logs/extracted_csv/baseline_04_yaw_rotation_ATT.csv,/home/tchowdh4/sensor_recovery_project/prediction_results_v9_trained_hybrid/baseline_04_yaw_rotation_ATT_trained_hybrid_prediction_outputs.csv,172.59573364257812,attacked_measurement,0.0,0.0
2.300746,baseline_04_yaw_rotation,Yaw,ramp,0.022782,0,172.5940704345703,172.5940704345703,172.59315567016603,0.0009147644042855,0.0009147644042855,0.003797,0,0.0,0.0005010223388708,0,0,0,W20_N5_mean1.25x,20,5,1.25,1477,Yaw_hybrid_prediction,/home/tchowdh4/sensor_recovery_project/logs/extracted_csv/baseline_04_yaw_rotation_ATT.csv,/home/tchowdh4/sensor_recovery_project/prediction_results_v9_trained_hybrid/baseline_04_yaw_rotation_ATT_trained_hybrid_prediction_outputs.csv,172.5940704345703,attacked_measurement,0.0,0.0
2.400706,baseline_04_yaw_rotation,Yaw,ramp,0.022782,0,172.5921173095703,172.5921173095703,172.59104309082034,0.0010742187499772,0.0010742187499772,0.003797,0,0.0,0.0005442428588892,0,0,0,W20_N5_mean1.25x,20,5,1.25,1477,Yaw_hybrid_prediction,/home/tchowdh4/sensor_recovery_project/logs/extracted_csv/baseline_04_yaw_rotation_ATT.csv,/home/tchowdh4/sensor_recovery_project/prediction_results_v9_trained_hybrid/baseline_04_yaw_rotation_ATT_trained_hybrid_prediction_outputs.csv,172.5921173095703,attacked_measurement,0.0,0.0
2.500666,baseline_04_yaw_rotation,Yaw,ramp,0.022782,0,172.59365844726562,172.59365844726562,172.59450607299806,-0.0008476257324332,0.0008476257324332,0.003797,0,0.0,0.0005757141113306,0,0,0,W20_N5_mean1.25x,20,5,1.25,1477,Yaw_hybrid_prediction,/home/tchowdh4/sensor_recovery_project/logs/extracted_csv/baseline_04_yaw_rotation_ATT.csv,/home/tchowdh4/sensor_recovery_project/prediction_results_v9_trained_hybrid/baseline_04_yaw_rotation_ATT_trained_hybrid_prediction_outputs.csv,172.59365844726562,attacked_measurement,0.0,0.0
2.600626,baseline_04_yaw_rotation,Yaw,ramp,0.022782,0,172.59622192382812,172.59622192382812,172.5976318359375,-0.0014099121093806,0.0014099121093806,0.003797,0,0.0,0.000631523132327,0,0,0,W20_N5_mean1.25x,20,5,1.25,1477,Yaw_hybrid_prediction,/home/tchowdh4/sensor_recovery_project/logs/extracted_csv/baseline_04_yaw_rotation_ATT.csv,/home/tchowdh4/sensor_recovery_project/prediction_results_v9_trained_hybrid/baseline_04_yaw_rotation_ATT_trained_hybrid_prediction_outputs.csv,172.59622192382812,attacked_measurement,0.0,0.0
2.700586,baseline_04_yaw_rotation,Yaw,ramp,0.022782,0,172.59613037109375,172.59613037109375,172.59608001708983,5.035400391761869e-05,5.035400391761869e-05,0.003797,0,0.0,0.0006118011474626,0,0,0,W20_N5_mean1.25x,20,5,1.25,1477,Yaw_hybrid_prediction,/home/tchowdh4/sensor_recovery_project/logs/extracted_csv/baseline_04_yaw_rotation_ATT.csv,/home/tchowdh4/sensor_recovery_project/prediction_results_v9_trained_hybrid/baseline_04_yaw_rotation_ATT_trained_hybrid_prediction_outputs.csv,172.59613037109375,attacked_measurement,0.0,0.0
2.800546,baseline_04_yaw_rotation,Yaw,ramp,0.022782,0,172.59259033203125,172.59259033203125,172.5906433105469,0.0019470214843408,0.0019470214843408,0.003797,0,0.0,0.0006965637207031,0,0,0,W20_N5_mean1.25x,20,5,1.25,1477,Yaw_hybrid_prediction,/home/tchowdh4/sensor_recovery_project/logs/extracted_csv/baseline_04_yaw_rotation_ATT.csv,/home/tchowdh4/sensor_recovery_project/prediction_results_v9_trained_hybrid/baseline_04_yaw_rotation_ATT_trained_hybrid_prediction_outputs.csv,172.59259033203125,attacked_measurement,0.0,0.0
2.900506,baseline_04_yaw_rotation,Yaw,ramp,0.022782,0,172.58750915527344,172.58750915527344,172.58471450805666,0.0027946472167741,0.0027946472167741,0.003797,0,0.0,0.000832519531248,0,0,0,W20_N5_mean1.25x,20,5,1.25,1477,Yaw_hybrid_prediction,/home/tchowdh4/sensor_recovery_project/logs/extracted_csv/baseline_04_yaw_rotation_ATT.csv,/home/tchowdh4/sensor_recovery_project/prediction_results_v9_trained_hybrid/baseline_04_yaw_rotation_ATT_trained_hybrid_prediction_outputs.csv,172.58750915527344,attacked_measurement,0.0,0.0
3.000466,baseline_04_yaw_rotation,Yaw,ramp,0.022782,0,172.58578491210938,172.58578491210938,172.58483657836916,0.0009483337402116,0.0009483337402116,0.003797,0,0.0,0.0008728027343721,0,0,0,W20_N5_mean1.25x,20,5,1.25,1477,Yaw_hybrid_prediction,/home/tchowdh4/sensor_recovery_project/logs/extracted_csv/baseline_04_yaw_rotation_ATT.csv,/home/tchowdh4/sensor_recovery_project/prediction_results_v9_trained_hybrid/baseline_04_yaw_rotation_ATT_trained_hybrid_prediction_outputs.csv,172.58578491210938,attacked_measurement,0.0,0.0
3.100426,baseline_04_yaw_rotation,Yaw,ramp,0.022782,0,172.58778381347656,172.58778381347656,172.58888320922853,-0.0010993957519644,0.0010993957519644,0.003797,0,0.0,0.0008967208862287,0,0,0,W20_N5_mean1.25x,20,5,1.25,1477,Yaw_hybrid_prediction,/home/tchowdh4/sensor_recovery_project/logs/extracted_csv/baseline_04_yaw_rotation_ATT.csv,/home/tchowdh4/sensor_recovery_project/prediction_results_v9_trained_hybrid/baseline_04_yaw_rotation_ATT_trained_hybrid_prediction_outputs.csv,172.58778381347656,attacked_measurement,0.0,0.0
3.200386,baseline_04_yaw_rotation,Yaw,ramp,0.022782,0,172.5907440185547,172.5907440185547,172.59237213134767,-0.0016281127929858,0.0016281127929858,0.003797,0,0.0,0.0009118270874026,0,0,0,W20_N5_mean1.25x,20,5,1.25,1477,Yaw_hybrid_prediction,/home/tchowdh4/sensor_recovery_project/logs/extracted_csv/baseline_04_yaw_rotation_ATT.csv,/home/tchowdh4/sensor_recovery_project/prediction_results_v9_trained_hybrid/baseline_04_yaw_rotation_ATT_trained_hybrid_prediction_outputs.csv,172.5907440185547,attacked_measurement,0.0,0.0
3.300346,baseline_04_yaw_rotation,Yaw,ramp,0.022782,0,172.59127807617188,172.59127807617188,172.59157180786133,-0.0002937316894531,0.0002937316894531,0.003797,0,0.0,0.0008736419677745,0,0,0,W20_N5_mean1.25x,20,5,1.25,1477,Yaw_hybrid_prediction,/home/tchowdh4/sensor_recovery_project/logs/extracted_csv/baseline_04_yaw_rotation_ATT.csv,/home/tchowdh4/sensor_recovery_project/prediction_results_v9_trained_hybrid/baseline_04_yaw_rotation_ATT_trained_hybrid_prediction_outputs.csv,172.59127807617188,attacked_measurement,0.0,0.0
3.400306,baseline_04_yaw_rotation,Yaw,ramp,0.022782,0,172.58807373046875,172.58807373046875,172.58631134033203,0.0017623901367187,0.0017623901367187,0.003797,0,0.0,0.0009407806396495,0,0,0,W20_N5_mean1.25x,20,5,1.25,1477,Yaw_hybrid_prediction,/home/tchowdh4/sensor_recovery_project/logs/extracted_csv/baseline_04_yaw_rotation_ATT.csv,/home/tchowdh4/sensor_recovery_project/prediction_results_v9_trained_hybrid/baseline_04_yaw_rotation_ATT_trained_hybrid_prediction_outputs.csv,172.58807373046875,attacked_measurement,0.0,0.0
3.500266,baseline_04_yaw_rotation,Yaw,ramp,0.022782,0,172.58570861816406,172.58570861816406,172.58440780639648,0.0013008117675781,0.0013008117675781,0.003797,0,0.0,0.0009827423095714,0,0,0,W20_N5_mean1.25x,20,5,1.25,1477,Yaw_hybrid_prediction,/home/tchowdh4/sensor_recovery_project/logs/extracted_csv/baseline_04_yaw_rotation_ATT.csv,/home/tchowdh4/sensor_recovery_project/prediction_results_v9_trained_hybrid/baseline_04_yaw_rotation_ATT_trained_hybrid_prediction_outputs.csv,172.58570861816406,attacked_measurement,0.0,0.0
3.600226,baseline_04_yaw_rotation,Yaw,ramp,0.022782,0,172.58731079101562,172.58731079101562,172.58819198608398,-0.0008811950683593,0.0008811950683593,0.003797,0,0.0,0.0010154724121093,0,0,0,W20_N5_mean1.25x,20,5,1.25,1477,Yaw_hybrid_prediction,/home/tchowdh4/sensor_recovery_project/logs/extracted_csv/baseline_04_yaw_rotation_ATT.csv,/home/tchowdh4/sensor_recovery_project/prediction_results_v9_trained_hybrid/baseline_04_yaw_rotation_ATT_trained_hybrid_prediction_outputs.csv,172.58731079101562,attacked_measurement,0.0,0.0
3.700186,baseline_04_yaw_rotation,Yaw,ramp,0.022782,0,172.5913848876953,172.5913848876953,172.59362564086916,-0.0022407531738508,0.0022407531738508,0.003797,0,0.0,0.0011170196533214,0,0,0,W20_N5_mean1.25x,20,5,1.25,1477,Yaw_hybrid_prediction,/home/tchowdh4/sensor_recovery_project/logs/extracted_csv/baseline_04_yaw_rotation_ATT.csv,/home/tchowdh4/sensor_recovery_project/prediction_results_v9_trained_hybrid/baseline_04_yaw_rotation_ATT_trained_hybrid_prediction_outputs.csv,172.5913848876953,attacked_measurement,0.0,0.0
3.800146,baseline_04_yaw_rotation,Yaw,ramp,0.022782,0,172.59300231933594,172.59300231933594,172.5938919067383,-0.0008895874023551,0.0008895874023551,0.003797,0,0.0,0.0011598205566414,0,0,0,W20_N5_mean1.25x,20,5,1.25,1477,Yaw_hybrid_prediction,/home/tchowdh4/sensor_recovery_project/logs/extracted_csv/baseline_04_yaw_rotation_ATT.csv,/home/tchowdh4/sensor_recovery_project/prediction_results_v9_trained_hybrid/baseline_04_yaw_rotation_ATT_trained_hybrid_prediction_outputs.csv,172.59300231933594,attacked_measurement,0.0,0.0
3.900106,baseline_04_yaw_rotation,Yaw,ramp,0.022782,0,172.59130859375,172.59130859375,172.59037704467772,0.0009315490722769,0.0009315490722769,0.003797,0,0.0,0.0012022018432631,0,0,0,W20_N5_mean1.25x,20,5,1.25,1477,Yaw_hybrid_prediction,/home/tchowdh4/sensor_recovery_project/logs/extracted_csv/baseline_04_yaw_rotation_ATT.csv,/home/tchowdh4/sensor_recovery_project/prediction_results_v9_trained_hybrid/baseline_04_yaw_rotation_ATT_trained_hybrid_prediction_outputs.csv,172.59130859375,attacked_measurement,0.0,0.0
4.000066,baseline_04_yaw_rotation,Yaw,ramp,0.022782,0,172.5877227783203,172.5877227783203,172.58575057983398,0.0019721984863281,0.0019721984863281,0.003797,0,0.0,0.0012533950805661,0,0,0,W20_N5_mean1.25x,20,5,1.25,1477,Yaw_hybrid_prediction,/home/tchowdh4/sensor_recovery_project/logs/extracted_csv/baseline_04_yaw_rotation_ATT.csv,/home/tchowdh4/sensor_recovery_project/prediction_results_v9_trained_hybrid/baseline_04_yaw_rotation_ATT_trained_hybrid_prediction_outputs.csv,172.5877227783203,attacked_measurement,0.0,0.0
4.100026,baseline_04_yaw_rotation,Yaw,ramp,0.022782,0,172.58753967285156,172.58753967285156,172.58743896484378,0.0001007080077783,0.0001007080077783,0.003797,0,0.0,0.001168212890623,0,0,0,W20_N5_mean1.25x,20,5,1.25,1477,Yaw_hybrid_prediction,/home/tchowdh4/sensor_recovery_project/logs/extracted_csv/baseline_04_yaw_rotation_ATT.csv,/home/tchowdh4/sensor_recovery_project/prediction_results_v9_trained_hybrid/baseline_04_yaw_rotation_ATT_trained_hybrid_prediction_outputs.csv,172.58753967285156,attacked_measurement,0.0,0.0
4.199986,baseline_04_yaw_rotation,Yaw,ramp,0.022782,0,172.59056091308594,172.59056091308594,172.59222259521485,-0.0016616821289119,0.0016616821289119,0.003797,0,0.0,0.0012374496459941,0,0,0,W20_N5_mean1.25x,20,5,1.25,1477,Yaw_hybrid_prediction,/home/tchowdh4/sensor_recovery_project/logs/extracted_csv/baseline_04_yaw_rotation_ATT.csv,/home/tchowdh4/sensor_recovery_project/prediction_results_v9_trained_hybrid/baseline_04_yaw_rotation_ATT_trained_hybrid_prediction_outputs.csv,172.59056091308594,attacked_measurement,0.0,0.0
4.300779,baseline_04_yaw_rotation,Yaw,ramp,0.022782,0,172.59249877929688,172.59249877929688,172.5935646057129,-0.0010658264160383,0.0010658264160383,0.003797,0,0.0,0.0012450027465817,0,0,0,W20_N5_mean1.25x,20,5,1.25,1477,Yaw_hybrid_prediction,/home/tchowdh4/sensor_recovery_project/logs/extracted_csv/baseline_04_yaw_rotation_ATT.csv,/home/tchowdh4/sensor_recovery_project/prediction_results_v9_trained_hybrid/baseline_04_yaw_rotation_ATT_trained_hybrid_prediction_outputs.csv,172.59249877929688,attacked_measurement,0.0,0.0
4.400739,baseline_04_yaw_rotation,Yaw,ramp,0.022782,0,172.59097290039062,172.59097290039062,172.5901336669922,0.0008392333984375,0.0008392333984375,0.003797,0,0.0,0.0012332534790047,0,0,0,W20_N5_mean1.25x,20,5,1.25,1477,Yaw_hybrid_prediction,/home/tchowdh4/sensor_recovery_project/logs/extracted_csv/baseline_04_yaw_rotation_ATT.csv,/home/tchowdh4/sensor_recovery_project/prediction_results_v9_trained_hybrid/baseline_04_yaw_rotation_ATT_trained_hybrid_prediction_outputs.csv,172.59097290039062,attacked_measurement,0.0,0.0
4.500699,baseline_04_yaw_rotation,Yaw,ramp,0.022782,0,172.5872802734375,172.5872802734375,172.5852493286133,0.002030944824213,0.002030944824213,0.003797,0,0.0,0.0012924194335937,0,0,0,W20_N5_mean1.25x,20,5,1.25,1477,Yaw_hybrid_prediction,/home/tchowdh4/sensor_recovery_project/logs/extracted_csv/baseline_04_yaw_rotation_ATT.csv,/home/tchowdh4/sensor_recovery_project/prediction_results_v9_trained_hybrid/baseline_04_yaw_rotation_ATT_trained_hybrid_prediction_outputs.csv,172.5872802734375,attacked_measurement,0.0,0.0
4.600659,baseline_04_yaw_rotation,Yaw,ramp,0.022782,0,172.58619689941406,172.58619689941406,172.58560104370116,0.0005958557129019,0.0005958557129019,0.003797,0,0.0,0.0012517166137698,0,0,0,W20_N5_mean1.25x,20,5,1.25,1477,Yaw_hybrid_prediction,/home/tchowdh4/sensor_recovery_project/logs/extracted_csv/baseline_04_yaw_rotation_ATT.csv,/home/tchowdh4/sensor_recovery_project/prediction_results_v9_trained_hybrid/baseline_04_yaw_rotation_ATT_trained_hybrid_prediction_outputs.csv,172.58619689941406,attacked_measurement,0.0,0.0
4.700619,baseline_04_yaw_rotation,Yaw,ramp,0.022782,0,172.5892333984375,172.5892333984375,172.5909034729004,-0.0016700744629076,0.0016700744629076,0.003797,0,0.0,0.0013327026367193,0,0,0,W20_N5_mean1.25x,20,5,1.25,1477,Yaw_hybrid_prediction,/home/tchowdh4/sensor_recovery_project/logs/extracted_csv/baseline_04_yaw_rotation_ATT.csv,/home/tchowdh4/sensor_recovery_project/prediction_results_v9_trained_hybrid/baseline_04_yaw_rotation_ATT_trained_hybrid_prediction_outputs.csv,172.5892333984375,attacked_measurement,0.0,0.0
4.800579,baseline_04_yaw_rotation,Yaw,ramp,0.022782,0,172.591552734375,172.591552734375,172.59282836914065,-0.0012756347656477,0.0012756347656477,0.003797,0,0.0,0.0012991333007846,0,0,0,W20_N5_mean1.25x,20,5,1.25,1477,Yaw_hybrid_prediction,/home/tchowdh4/sensor_recovery_project/logs/extracted_csv/baseline_04_yaw_rotation_ATT.csv,/home/tchowdh4/sensor_recovery_project/prediction_results_v9_trained_hybrid/baseline_04_yaw_rotation_ATT_trained_hybrid_prediction_outputs.csv,172.591552734375,attacked_measurement,0.0,0.0
4.900539,baseline_04_yaw_rotation,Yaw,ramp,0.022782,0,172.59059143066406,172.59059143066406,172.59006271362307,0.0005287170409928,0.0005287170409928,0.003797,0,0.0,0.0011858367919955,0,0,0,W20_N5_mean1.25x,20,5,1.25,1477,Yaw_hybrid_prediction,/home/tchowdh4/sensor_recovery_project/logs/extracted_csv/baseline_04_yaw_rotation_ATT.csv,/home/tchowdh4/sensor_recovery_project/prediction_results_v9_trained_hybrid/baseline_04_yaw_rotation_ATT_trained_hybrid_prediction_outputs.csv,172.59059143066406,attacked_measurement,0.0,0.0
5.000499,baseline_04_yaw_rotation,Yaw,ramp,0.022782,0,172.58865356445312,172.58865356445312,172.58758773803712,0.0010658264160099,0.0010658264160099,0.003797,0,0.0,0.0011917114257855,0,0,0,W20_N5_mean1.25x,20,5,1.25,1477,Yaw_hybrid_prediction,/home/tchowdh4/sensor_recovery_project/logs/extracted_csv/baseline_04_yaw_rotation_ATT.csv,/home/tchowdh4/sensor_recovery_project/prediction_results_v9_trained_hybrid/baseline_04_yaw_rotation_ATT_trained_hybrid_prediction_outputs.csv,172.58865356445312,attacked_measurement,0.0,0.0
5.100459,baseline_04_yaw_rotation,Yaw,ramp,0.022782,0,172.58802795410156,172.58802795410156,172.5876838684082,0.0003440856933707,0.0003440856933707,0.003797,0,0.0,0.0011539459228558,0,0,0,W20_N5_mean1.25x,20,5,1.25,1477,Yaw_hybrid_prediction,/home/tchowdh4/sensor_recovery_project/logs/extracted_csv/baseline_04_yaw_rotation_ATT.csv,/home/tchowdh4/sensor_recovery_project/prediction_results_v9_trained_hybrid/baseline_04_yaw_rotation_ATT_trained_hybrid_prediction_outputs.csv,172.58802795410156,attacked_measurement,0.0,0.0
5.200419,baseline_04_yaw_rotation,Yaw,ramp,0.022782,0,172.5911407470703,172.5911407470703,172.59285278320314,-0.0017120361328295,0.0017120361328295,0.003797,0,0.0,0.001158142089848,0,0,0,W20_N5_mean1.25x,20,5,1.25,1477,Yaw_hybrid_prediction,/home/tchowdh4/sensor_recovery_project/logs/extracted_csv/baseline_04_yaw_rotation_ATT.csv,/home/tchowdh4/sensor_recovery_project/prediction_results_v9_trained_hybrid/baseline_04_yaw_rotation_ATT_trained_hybrid_prediction_outputs.csv,172.5911407470703,attacked_measurement,0.0,0.0
5.300379,baseline_04_yaw_rotation,Yaw,ramp,0.022782,0,172.59523010253906,172.59523010253906,172.59747924804688,-0.0022491455078181,0.0022491455078181,0.003797,0,0.0,0.0012559127807662,0,0,0,W20_N5_mean1.25x,20,5,1.25,1477,Yaw_hybrid_prediction,/home/tchowdh4/sensor_recovery_project/logs/extracted_csv/baseline_04_yaw_rotation_ATT.csv,/home/tchowdh4/sensor_recovery_project/prediction_results_v9_trained_hybrid/baseline_04_yaw_rotation_ATT_trained_hybrid_prediction_outputs.csv,172.59523010253906,attacked_measurement,0.0,0.0
5.400339,baseline_04_yaw_rotation,Yaw,ramp,0.022782,0,172.59597778320312,172.59597778320312,172.59638900756835,-0.000411224365223,0.000411224365223,0.003797,0,0.0,0.0011883544921914,0,0,0,W20_N5_mean1.25x,20,5,1.25,1477,Yaw_hybrid_prediction,/home/tchowdh4/sensor_recovery_project/logs/extracted_csv/baseline_04_yaw_rotation_ATT.csv,/home/tchowdh4/sensor_recovery_project/prediction_results_v9_trained_hybrid/baseline_04_yaw_rotation_ATT_trained_hybrid_prediction_outputs.csv,172.59597778320312,attacked_measurement,0.0,0.0
5.500299,baseline_04_yaw_rotation,Yaw,ramp,0.022782,0,172.5925750732422,172.5925750732422,172.5907035827637,0.0018714904784928,0.0018714904784928,0.003797,0,0.0,0.0012168884277372,0,0,0,W20_N5_mean1.25x,20,5,1.25,1477,Yaw_hybrid_prediction,/home/tchowdh4/sensor_recovery_project/logs/extracted_csv/baseline_04_yaw_rotation_ATT.csv,/home/tchowdh4/sensor_recovery_project/prediction_results_v9_trained_hybrid/baseline_04_yaw_rotation_ATT_trained_hybrid_prediction_outputs.csv,172.5925750732422,attacked_measurement,0.0,0.0
5.600259,baseline_04_yaw_rotation,Yaw,ramp,0.022782,0,172.58897399902344,172.58897399902344,172.58699340820314,0.0019805908202954,0.0019805908202954,0.003797,0,0.0,0.001271858215334,0,0,0,W20_N5_mean1.25x,20,5,1.25,1477,Yaw_hybrid_prediction,/home/tchowdh4/sensor_recovery_project/logs/extracted_csv/baseline_04_yaw_rotation_ATT.csv,/home/tchowdh4/sensor_recovery_project/prediction_results_v9_trained_hybrid/baseline_04_yaw_rotation_ATT_trained_hybrid_prediction_outputs.csv,172.58897399902344,attacked_measurement,0.0,0.0
5.700219,baseline_04_yaw_rotation,Yaw,ramp,0.022782,0,172.5889892578125,172.5889892578125,172.5889976501465,-8.392333995743684e-06,8.392333995743684e-06,0.003797,0,0.0,0.0011602401733412,0,0,0,W20_N5_mean1.25x,20,5,1.25,1477,Yaw_hybrid_prediction,/home/tchowdh4/sensor_recovery_project/logs/extracted_csv/baseline_04_yaw_rotation_ATT.csv,/home/tchowdh4/sensor_recovery_project/prediction_results_v9_trained_hybrid/baseline_04_yaw_rotation_ATT_trained_hybrid_prediction_outputs.csv,172.5889892578125,attacked_measurement,0.0,0.0
5.800179,baseline_04_yaw_rotation,Yaw,ramp,0.022782,0,172.5923614501953,172.5923614501953,172.59421615600587,-0.0018547058105582,0.0018547058105582,0.003797,0,0.0,0.0012084960937514,0,0,0,W20_N5_mean1.25x,20,5,1.25,1477,Yaw_hybrid_prediction,/home/tchowdh4/sensor_recovery_project/logs/extracted_csv/baseline_04_yaw_rotation_ATT.csv,/home/tchowdh4/sensor_recovery_project/prediction_results_v9_trained_hybrid/baseline_04_yaw_rotation_ATT_trained_hybrid_prediction_outputs.csv,172.5923614501953,attacked_measurement,0.0,0.0
5.900139,baseline_04_yaw_rotation,Yaw,ramp,0.022782,0,172.59471130371094,172.59471130371094,172.59600372314455,-0.0012924194336108,0.0012924194336108,0.003797,0,0.0,0.0012265396118181,0,0,0,W20_N5_mean1.25x,20,5,1.25,1477,Yaw_hybrid_prediction,/home/tchowdh4/sensor_recovery_project/logs/extracted_csv/baseline_04_yaw_rotation_ATT.csv,/home/tchowdh4/sensor_recovery_project/prediction_results_v9_trained_hybrid/baseline_04_yaw_rotation_ATT_trained_hybrid_prediction_outputs.csv,172.59471130371094,attacked_measurement,0.0,0.0
6.000099,baseline_04_yaw_rotation,Yaw,ramp,0.022782,0,172.59275817871094,172.59275817871094,172.59168395996096,0.0010742187499772,0.0010742187499772,0.003797,0,0.0,0.0011816406250005,0,0,0,W20_N5_mean1.25x,20,5,1.25,1477,Yaw_hybrid_prediction,/home/tchowdh4/sensor_recovery_project/logs/extracted_csv/baseline_04_yaw_rotation_ATT.csv,/home/tchowdh4/sensor_recovery_project/prediction_results_v9_trained_hybrid/baseline_04_yaw_rotation_ATT_trained_hybrid_prediction_outputs.csv,172.59275817871094,attacked_measurement,0.0,0.0
6.100059,baseline_04_yaw_rotation,Yaw,ramp,0.022782,0,172.588134765625,172.588134765625,172.58559188842776,0.0025428771972428,0.0025428771972428,0.003797,0,0.0,0.0013037490844737,0,0,0,W20_N5_mean1.25x,20,5,1.25,1477,Yaw_hybrid_prediction,/home/tchowdh4/sensor_recovery_project/logs/extracted_csv/baseline_04_yaw_rotation_ATT.csv,/home/tchowdh4/sensor_recovery_project/prediction_results_v9_trained_hybrid/baseline_04_yaw_rotation_ATT_trained_hybrid_prediction_outputs.csv,172.588134765625,attacked_measurement,0.0,0.0
6.200019,baseline_04_yaw_rotation,Yaw,ramp,0.022782,0,172.58555603027344,172.58555603027344,172.5841377258301,0.001418304443348,0.001418304443348,0.003797,0,0.0,0.0012915802001955,0,0,0,W20_N5_mean1.25x,20,5,1.25,1477,Yaw_hybrid_prediction,/home/tchowdh4/sensor_recovery_project/logs/extracted_csv/baseline_04_yaw_rotation_ATT.csv,/home/tchowdh4/sensor_recovery_project/prediction_results_v9_trained_hybrid/baseline_04_yaw_rotation_ATT_trained_hybrid_prediction_outputs.csv,172.58555603027344,attacked_measurement,0.0,0.0
6.299979,baseline_04_yaw_rotation,Yaw,ramp,0.022782,0,172.58753967285156,172.58753967285156,172.58863067626953,-0.0010910034179687,0.0010910034179687,0.003797,0,0.0,0.0012928390502921,0,0,0,W20_N5_mean1.25x,20,5,1.25,1477,Yaw_hybrid_prediction,/home/tchowdh4/sensor_recovery_project/logs/extracted_csv/baseline_04_yaw_rotation_ATT.csv,/home/tchowdh4/sensor_recovery_project/prediction_results_v9_trained_hybrid/baseline_04_yaw_rotation_ATT_trained_hybrid_prediction_outputs.csv,172.58753967285156,attacked_measurement,0.0,0.0
6.400772,baseline_04_yaw_rotation,Yaw,ramp,0.022782,0,172.59120178222656,172.59120178222656,172.5932159423828,-0.00201416015625,0.00201416015625,0.003797,0,0.0,0.0013515853881827,0,0,0,W20_N5_mean1.25x,20,5,1.25,1477,Yaw_hybrid_prediction,/home/tchowdh4/sensor_recovery_project/logs/extracted_csv/baseline_04_yaw_rotation_ATT.csv,/home/tchowdh4/sensor_recovery_project/prediction_results_v9_trained_hybrid/baseline_04_yaw_rotation_ATT_trained_hybrid_prediction_outputs.csv,172.59120178222656,attacked_measurement,0.0,0.0
6.500732,baseline_04_yaw_rotation,Yaw,ramp,0.022782,0,172.59317016601562,172.59317016601562,172.59425277709963,-0.0010826110840014,0.0010826110840014,0.003797,0,0.0,0.0013041687011721,0,0,0,W20_N5_mean1.25x,20,5,1.25,1477,Yaw_hybrid_prediction,/home/tchowdh4/sensor_recovery_project/logs/extracted_csv/baseline_04_yaw_rotation_ATT.csv,/home/tchowdh4/sensor_recovery_project/prediction_results_v9_trained_hybrid/baseline_04_yaw_rotation_ATT_trained_hybrid_prediction_outputs.csv,172.59317016601562,attacked_measurement,0.0,0.0
6.600692,baseline_04_yaw_rotation,Yaw,ramp,0.022782,0,172.58993530273438,172.58993530273438,172.5881561279297,0.0017791748046818,0.0017791748046818,0.003797,0,0.0,0.0013633346557611,0,0,0,W20_N5_mean1.25x,20,5,1.25,1477,Yaw_hybrid_prediction,/home/tchowdh4/sensor_recovery_project/logs/extracted_csv/baseline_04_yaw_rotation_ATT.csv,/home/tchowdh4/sensor_recovery_project/prediction_results_v9_trained_hybrid/baseline_04_yaw_rotation_ATT_trained_hybrid_prediction_outputs.csv,172.58993530273438,attacked_measurement,0.0,0.0
6.700652,baseline_04_yaw_rotation,Yaw,ramp,0.022782,0,172.5860137939453,172.5860137939453,172.58385696411136,0.0021568298339502,0.0021568298339502,0.003797,0,0.0,0.0013876724243132,0,0,0,W20_N5_mean1.25x,20,5,1.25,1477,Yaw_hybrid_prediction,/home/tchowdh4/sensor_recovery_project/logs/extracted_csv/baseline_04_yaw_rotation_ATT.csv,/home/tchowdh4/sensor_recovery_project/prediction_results_v9_trained_hybrid/baseline_04_yaw_rotation_ATT_trained_hybrid_prediction_outputs.csv,172.5860137939453,attacked_measurement,0.0,0.0
6.800612,baseline_04_yaw_rotation,Yaw,ramp,0.022782,0,172.58506774902344,172.58506774902344,172.5845474243164,0.0005203247070255,0.0005203247070255,0.003797,0,0.0,0.0013499069213821,0,0,0,W20_N5_mean1.25x,20,5,1.25,1477,Yaw_hybrid_prediction,/home/tchowdh4/sensor_recovery_project/logs/extracted_csv/baseline_04_yaw_rotation_ATT.csv,/home/tchowdh4/sensor_recovery_project/prediction_results_v9_trained_hybrid/baseline_04_yaw_rotation_ATT_trained_hybrid_prediction_outputs.csv,172.58506774902344,attacked_measurement,0.0,0.0
6.900572,baseline_04_yaw_rotation,Yaw,ramp,0.022782,0,172.5885009765625,172.5885009765625,172.59038925170898,-0.0018882751464843,0.0018882751464843,0.003797,0,0.0,0.0014178848266567,0,0,0,W20_N5_mean1.25x,20,5,1.25,1477,Yaw_hybrid_prediction,/home/tchowdh4/sensor_recovery_project/logs/extracted_csv/baseline_04_yaw_rotation_ATT.csv,/home/tchowdh4/sensor_recovery_project/prediction_results_v9_trained_hybrid/baseline_04_yaw_rotation_ATT_trained_hybrid_prediction_outputs.csv,172.5885009765625,attacked_measurement,0.0,0.0
7.000532,baseline_04_yaw_rotation,Yaw,ramp,0.022782,0,172.5924072265625,172.5924072265625,172.5945556640625,-0.0021484375000113,0.0021484375000113,0.003797,0,0.0,0.0014720153808568,0,0,0,W20_N5_mean1.25x,20,5,1.25,1477,Yaw_hybrid_prediction,/home/tchowdh4/sensor_recovery_project/logs/extracted_csv/baseline_04_yaw_rotation_ATT.csv,/home/tchowdh4/sensor_recovery_project/prediction_results_v9_trained_hybrid/baseline_04_yaw_rotation_ATT_trained_hybrid_prediction_outputs.csv,172.5924072265625,attacked_measurement,0.0,0.0
7.100492,baseline_04_yaw_rotation,Yaw,ramp,0.022782,0,172.59339904785156,172.59339904785156,172.59394454956055,-0.0005455017089843,0.0005455017089843,0.003797,0,0.0,0.0014820861816374,0,0,0,W20_N5_mean1.25x,20,5,1.25,1477,Yaw_hybrid_prediction,/home/tchowdh4/sensor_recovery_project/logs/extracted_csv/baseline_04_yaw_rotation_ATT.csv,/home/tchowdh4/sensor_recovery_project/prediction_results_v9_trained_hybrid/baseline_04_yaw_rotation_ATT_trained_hybrid_prediction_outputs.csv,172.59339904785156,attacked_measurement,0.0,0.0
7.200452,baseline_04_yaw_rotation,Yaw,ramp,0.022782,0,172.59010314941406,172.59010314941406,172.58829040527343,0.0018127441406363,0.0018127441406363,0.003797,0,0.0,0.0014871215820278,0,0,0,W20_N5_mean1.25x,20,5,1.25,1477,Yaw_hybrid_prediction,/home/tchowdh4/sensor_recovery_project/logs/extracted_csv/baseline_04_yaw_rotation_ATT.csv,/home/tchowdh4/sensor_recovery_project/prediction_results_v9_trained_hybrid/baseline_04_yaw_rotation_ATT_trained_hybrid_prediction_outputs.csv,172.59010314941406,attacked_measurement,0.0,0.0
7.300412,baseline_04_yaw_rotation,Yaw,ramp,0.022782,0,172.58547973632812,172.58547973632812,172.58293685913088,0.0025428771972428,0.0025428771972428,0.003797,0,0.0,0.001501808166499,0,0,0,W20_N5_mean1.25x,20,5,1.25,1477,Yaw_hybrid_prediction,/home/tchowdh4/sensor_recovery_project/logs/extracted_csv/baseline_04_yaw_rotation_ATT.csv,/home/tchowdh4/sensor_recovery_project/prediction_results_v9_trained_hybrid/baseline_04_yaw_rotation_ATT_trained_hybrid_prediction_outputs.csv,172.58547973632812,attacked_measurement,0.0,0.0
7.400372,baseline_04_yaw_rotation,Yaw,ramp,0.022782,0,172.5850830078125,172.5850830078125,172.58486480712892,0.0002182006835766,0.0002182006835766,0.003797,0,0.0,0.0014921569824167,0,0,0,W20_N5_mean1.25x,20,5,1.25,1477,Yaw_hybrid_prediction,/home/tchowdh4/sensor_recovery_project/logs/extracted_csv/baseline_04_yaw_rotation_ATT.csv,/home/tchowdh4/sensor_recovery_project/prediction_results_v9_trained_hybrid/baseline_04_yaw_rotation_ATT_trained_hybrid_prediction_outputs.csv,172.5850830078125,attacked_measurement,0.0,0.0
7.500332,baseline_04_yaw_rotation,Yaw,ramp,0.022782,0,172.58865356445312,172.58865356445312,172.59061737060546,-0.0019638061523323,0.0019638061523323,0.003797,0,0.0,0.0014967727661087,0,0,0,W20_N5_mean1.25x,20,5,1.25,1477,Yaw_hybrid_prediction,/home/tchowdh4/sensor_recovery_project/logs/extracted_csv/baseline_04_yaw_rotation_ATT.csv,/home/tchowdh4/sensor_recovery_project/prediction_results_v9_trained_hybrid/baseline_04_yaw_rotation_ATT_trained_hybrid_prediction_outputs.csv,172.58865356445312,attacked_measurement,0.0,0.0
7.600292,baseline_04_yaw_rotation,Yaw,ramp,0.022782,0,172.5921630859375,172.5921630859375,172.5940933227539,-0.0019302368164062,0.0019302368164062,0.003797,0,0.0,0.0014942550659142,0,0,0,W20_N5_mean1.25x,20,5,1.25,1477,Yaw_hybrid_prediction,/home/tchowdh4/sensor_recovery_project/logs/extracted_csv/baseline_04_yaw_rotation_ATT.csv,/home/tchowdh4/sensor_recovery_project/prediction_results_v9_trained_hybrid/baseline_04_yaw_rotation_ATT_trained_hybrid_prediction_outputs.csv,172.5921630859375,attacked_measurement,0.0,0.0
7.700252,baseline_04_yaw_rotation,Yaw,ramp,0.022782,0,172.59140014648438,172.59140014648438,172.59098052978516,0.0004196166992187,0.0004196166992187,0.003797,0,0.0,0.0015148162841754,0,0,0,W20_N5_mean1.25x,20,5,1.25,1477,Yaw_hybrid_prediction,/home/tchowdh4/sensor_recovery_project/logs/extracted_csv/baseline_04_yaw_rotation_ATT.csv,/home/tchowdh4/sensor_recovery_project/prediction_results_v9_trained_hybrid/baseline_04_yaw_rotation_ATT_trained_hybrid_prediction_outputs.csv,172.59140014648438,attacked_measurement,0.0,0.0
7.800212,baseline_04_yaw_rotation,Yaw,ramp,0.022782,0,172.58790588378906,172.58790588378906,172.58598403930665,0.0019218444824105,0.0019218444824105,0.003797,0,0.0,0.001518173217768,0,0,0,W20_N5_mean1.25x,20,5,1.25,1477,Yaw_hybrid_prediction,/home/tchowdh4/sensor_recovery_project/logs/extracted_csv/baseline_04_yaw_rotation_ATT.csv,/home/tchowdh4/sensor_recovery_project/prediction_results_v9_trained_hybrid/baseline_04_yaw_rotation_ATT_trained_hybrid_prediction_outputs.csv,172.58790588378906,attacked_measurement,0.0,0.0
7.900172,baseline_04_yaw_rotation,Yaw,ramp,0.022782,0,172.5867156982422,172.5867156982422,172.58606109619143,0.0006546020507585,0.0006546020507585,0.003797,0,0.0,0.0014862823486254,0,0,0,W20_N5_mean1.25x,20,5,1.25,1477,Yaw_hybrid_prediction,/home/tchowdh4/sensor_recovery_project/logs/extracted_csv/baseline_04_yaw_rotation_ATT.csv,/home/tchowdh4/sensor_recovery_project/prediction_results_v9_trained_hybrid/baseline_04_yaw_rotation_ATT_trained_hybrid_prediction_outputs.csv,172.5867156982422,attacked_measurement,0.0,0.0
8.000132,baseline_04_yaw_rotation,Yaw,ramp,0.022782,0,172.58908081054688,172.58908081054688,172.59038162231445,-0.0013008117675781,0.0013008117675781,0.003797,0,0.0,0.0014976119995054,0,0,0,W20_N5_mean1.25x,20,5,1.25,1477,Yaw_hybrid_prediction,/home/tchowdh4/sensor_recovery_project/logs/extracted_csv/baseline_04_yaw_rotation_ATT.csv,/home/tchowdh4/sensor_recovery_project/prediction_results_v9_trained_hybrid/baseline_04_yaw_rotation_ATT_trained_hybrid_prediction_outputs.csv,172.58908081054688,attacked_measurement,0.0,0.0
8.100092,baseline_04_yaw_rotation,Yaw,ramp,0.022782,0,172.59141540527344,172.59141540527344,172.59269943237305,-0.001284027099615,0.001284027099615,0.003797,0,0.0,0.001434669494624,0,0,0,W20_N5_mean1.25x,20,5,1.25,1477,Yaw_hybrid_prediction,/home/tchowdh4/sensor_recovery_project/logs/extracted_csv/baseline_04_yaw_rotation_ATT.csv,/home/tchowdh4/sensor_recovery_project/prediction_results_v9_trained_hybrid/baseline_04_yaw_rotation_ATT_trained_hybrid_prediction_outputs.csv,172.59141540527344,attacked_measurement,0.0,0.0
8.200052,baseline_04_yaw_rotation,Yaw,ramp,0.022782,0,172.59014892578125,172.59014892578125,172.58945236206057,0.0006965637206803,0.0006965637206803,0.003797,0,0.0,0.0013985824584906,0,0,0,W20_N5_mean1.25x,20,5,1.25,1477,Yaw_hybrid_prediction,/home/tchowdh4/sensor_recovery_project/logs/extracted_csv/baseline_04_yaw_rotation_ATT.csv,/home/tchowdh4/sensor_recovery_project/prediction_results_v9_trained_hybrid/baseline_04_yaw_rotation_ATT_trained_hybrid_prediction_outputs.csv,172.59014892578125,attacked_measurement,0.0,0.0
8.300012,baseline_04_yaw_rotation,Yaw,ramp,0.022782,0,172.58668518066406,172.58668518066406,172.58478012084962,0.0019050598144474,0.0019050598144474,0.003797,0,0.0,0.0014392852783146,0,0,0,W20_N5_mean1.25x,20,5,1.25,1477,Yaw_hybrid_prediction,/home/tchowdh4/sensor_recovery_project/logs/extracted_csv/baseline_04_yaw_rotation_ATT.csv,/home/tchowdh4/sensor_recovery_project/prediction_results_v9_trained_hybrid/baseline_04_yaw_rotation_ATT_trained_hybrid_prediction_outputs.csv,172.58668518066406,attacked_measurement,0.0,0.0
8.399972,baseline_04_yaw_rotation,Yaw,ramp,0.022782,0,172.58578491210938,172.58578491210938,172.5852897644043,0.0004951477050667,0.0004951477050667,0.003797,0,0.0,0.0013633346557554,0,0,0,W20_N5_mean1.25x,20,5,1.25,1477,Yaw_hybrid_prediction,/home/tchowdh4/sensor_recovery_project/logs/extracted_csv/baseline_04_yaw_rotation_ATT.csv,/home/tchowdh4/sensor_recovery_project/prediction_results_v9_trained_hybrid/baseline_04_yaw_rotation_ATT_trained_hybrid_prediction_outputs.csv,172.58578491210938,attacked_measurement,0.0,0.0
8.500765,baseline_04_yaw_rotation,Yaw,ramp,0.022782,0,172.58815002441406,172.58815002441406,172.58945083618164,-0.0013008117675781,0.0013008117675781,0.003797,0,0.0,0.0013742446899343,0,0,0,W20_N5_mean1.25x,20,5,1.25,1477,Yaw_hybrid_prediction,/home/tchowdh4/sensor_recovery_project/logs/extracted_csv/baseline_04_yaw_rotation_ATT.csv,/home/tchowdh4/sensor_recovery_project/prediction_results_v9_trained_hybrid/baseline_04_yaw_rotation_ATT_trained_hybrid_prediction_outputs.csv,172.58815002441406,attacked_measurement,0.0,0.0
8.600725,baseline_04_yaw_rotation,Yaw,ramp,0.022782,0,172.5902862548828,172.5902862548828,172.59146118164062,-0.0011749267578125,0.0011749267578125,0.003797,0,0.0,0.0013440322875908,0,0,0,W20_N5_mean1.25x,20,5,1.25,1477,Yaw_hybrid_prediction,/home/tchowdh4/sensor_recovery_project/logs/extracted_csv/baseline_04_yaw_rotation_ATT.csv,/home/tchowdh4/sensor_recovery_project/prediction_results_v9_trained_hybrid/baseline_04_yaw_rotation_ATT_trained_hybrid_prediction_outputs.csv,172.5902862548828,attacked_measurement,0.0,0.0
8.700685,baseline_04_yaw_rotation,Yaw,ramp,0.022782,0,172.5890655517578,172.5890655517578,172.58839416503906,0.00067138671875,0.00067138671875,0.003797,0,0.0,0.0012697601318308,0,0,0,W20_N5_mean1.25x,20,5,1.25,1477,Yaw_hybrid_prediction,/home/tchowdh4/sensor_recovery_project/logs/extracted_csv/baseline_04_yaw_rotation_ATT.csv,/home/tchowdh4/sensor_recovery_project/prediction_results_v9_trained_hybrid/baseline_04_yaw_rotation_ATT_trained_hybrid_prediction_outputs.csv,172.5890655517578,attacked_measurement,0.0,0.0
8.800645,baseline_04_yaw_rotation,Yaw,ramp,0.022782,0,172.58642578125,172.58642578125,172.58497390747073,0.0014518737792741,0.0014518737792741,0.003797,0,0.0,0.0013163375854432,0,0,0,W20_N5_mean1.25x,20,5,1.25,1477,Yaw_hybrid_prediction,/home/tchowdh4/sensor_recovery_project/logs/extracted_csv/baseline_04_yaw_rotation_ATT.csv,/home/tchowdh4/sensor_recovery_project/prediction_results_v9_trained_hybrid/baseline_04_yaw_rotation_ATT_trained_hybrid_prediction_outputs.csv,172.58642578125,attacked_measurement,0.0,0.0
8.900605,baseline_04_yaw_rotation,Yaw,ramp,0.022782,0,172.58645629882812,172.58645629882812,172.58647308349612,-1.6784667991487368e-05,1.6784667991487368e-05,0.003797,0,0.0,0.0012227630615186,0,0,0,W20_N5_mean1.25x,20,5,1.25,1477,Yaw_hybrid_prediction,/home/tchowdh4/sensor_recovery_project/logs/extracted_csv/baseline_04_yaw_rotation_ATT.csv,/home/tchowdh4/sensor_recovery_project/prediction_results_v9_trained_hybrid/baseline_04_yaw_rotation_ATT_trained_hybrid_prediction_outputs.csv,172.58645629882812,attacked_measurement,0.0,0.0
9.000565,baseline_04_yaw_rotation,Yaw,ramp,0.022782,0,172.58949279785156,172.58949279785156,172.59116287231444,-0.0016700744628792,0.0016700744628792,0.003797,0,0.0,0.001198844909662,0,0,0,W20_N5_mean1.25x,20,5,1.25,1477,Yaw_hybrid_prediction,/home/tchowdh4/sensor_recovery_project/logs/extracted_csv/baseline_04_yaw_rotation_ATT.csv,/home/tchowdh4/sensor_recovery_project/prediction_results_v9_trained_hybrid/baseline_04_yaw_rotation_ATT_trained_hybrid_prediction_outputs.csv,172.58949279785156,attacked_measurement,0.0,0.0
9.100525,baseline_04_yaw_rotation,Yaw,ramp,0.022782,0,172.5919189453125,172.5919189453125,172.593253326416,-0.0013343811035042,0.0013343811035042,0.003797,0,0.0,0.0012382888793879,0,0,0,W20_N5_mean1.25x,20,5,1.25,1477,Yaw_hybrid_prediction,/home/tchowdh4/sensor_recovery_project/logs/extracted_csv/baseline_04_yaw_rotation_ATT.csv,/home/tchowdh4/sensor_recovery_project/prediction_results_v9_trained_hybrid/baseline_04_yaw_rotation_ATT_trained_hybrid_prediction_outputs.csv,172.5919189453125,attacked_measurement,0.0,0.0
9.200485,baseline_04_yaw_rotation,Yaw,ramp,0.022782,0,172.59043884277344,172.59043884277344,172.589624786377,0.0008140563964502,0.0008140563964502,0.003797,0,0.0,0.0011883544921786,0,0,0,W20_N5_mean1.25x,20,5,1.25,1477,Yaw_hybrid_prediction,/home/tchowdh4/sensor_recovery_project/logs/extracted_csv/baseline_04_yaw_rotation_ATT.csv,/home/tchowdh4/sensor_recovery_project/prediction_results_v9_trained_hybrid/baseline_04_yaw_rotation_ATT_trained_hybrid_prediction_outputs.csv,172.59043884277344,attacked_measurement,0.0,0.0
9.300445,baseline_04_yaw_rotation,Yaw,ramp,0.022782,0,172.5866241455078,172.5866241455078,172.58452606201172,0.0020980834960937,0.0020980834960937,0.003797,0,0.0,0.0011661148071212,0,0,0,W20_N5_mean1.25x,20,5,1.25,1477,Yaw_hybrid_prediction,/home/tchowdh4/sensor_recovery_project/logs/extracted_csv/baseline_04_yaw_rotation_ATT.csv,/home/tchowdh4/sensor_recovery_project/prediction_results_v9_trained_hybrid/baseline_04_yaw_rotation_ATT_trained_hybrid_prediction_outputs.csv,172.5866241455078,attacked_measurement,0.0,0.0
9.400405,baseline_04_yaw_rotation,Yaw,ramp,0.022782,0,172.58470153808594,172.58470153808594,172.58364410400392,0.0010574340820141,0.0010574340820141,0.003797,0,0.0,0.0012080764770431,0,0,0,W20_N5_mean1.25x,20,5,1.25,1477,Yaw_hybrid_prediction,/home/tchowdh4/sensor_recovery_project/logs/extracted_csv/baseline_04_yaw_rotation_ATT.csv,/home/tchowdh4/sensor_recovery_project/prediction_results_v9_trained_hybrid/baseline_04_yaw_rotation_ATT_trained_hybrid_prediction_outputs.csv,172.58470153808594,attacked_measurement,0.0,0.0
9.500365,baseline_04_yaw_rotation,Yaw,ramp,0.022782,0,172.58688354492188,172.58688354492188,172.58808364868165,-0.0012001037597713,0.0012001037597713,0.003797,0,0.0,0.001169891357415,0,0,0,W20_N5_mean1.25x,20,5,1.25,1477,Yaw_hybrid_prediction,/home/tchowdh4/sensor_recovery_project/logs/extracted_csv/baseline_04_yaw_rotation_ATT.csv,/home/tchowdh4/sensor_recovery_project/prediction_results_v9_trained_hybrid/baseline_04_yaw_rotation_ATT_trained_hybrid_prediction_outputs.csv,172.58688354492188,attacked_measurement,0.0,0.0
9.600325,baseline_04_yaw_rotation,Yaw,ramp,0.022782,0,172.5895233154297,172.5895233154297,172.59097518920902,-0.0014518737793309,0.0014518737793309,0.003797,0,0.0,0.0011459732055612,0,0,0,W20_N5_mean1.25x,20,5,1.25,1477,Yaw_hybrid_prediction,/home/tchowdh4/sensor_recovery_project/logs/extracted_csv/baseline_04_yaw_rotation_ATT.csv,/home/tchowdh4/sensor_recovery_project/prediction_results_v9_trained_hybrid/baseline_04_yaw_rotation_ATT_trained_hybrid_prediction_outputs.csv,172.5895233154297,attacked_measurement,0.0,0.0
9.700285,baseline_04_yaw_rotation,Yaw,ramp,0.022782,0,172.59014892578125,172.59014892578125,172.59049301147462,-0.0003440856933707,0.0003440856933707,0.003797,0,0.0,0.0011421966552688,0,0,0,W20_N5_mean1.25x,20,5,1.25,1477,Yaw_hybrid_prediction,/home/tchowdh4/sensor_recovery_project/logs/extracted_csv/baseline_04_yaw_rotation_ATT.csv,/home/tchowdh4/sensor_recovery_project/prediction_results_v9_trained_hybrid/baseline_04_yaw_rotation_ATT_trained_hybrid_prediction_outputs.csv,172.59014892578125,attacked_measurement,0.0,0.0
9.800245,baseline_04_yaw_rotation,Yaw,ramp,0.022782,0,172.58895874023438,172.58895874023438,172.58830413818362,0.0006546020507585,0.0006546020507585,0.003797,0,0.0,0.0010788345336862,0,0,0,W20_N5_mean1.25x,20,5,1.25,1477,Yaw_hybrid_prediction,/home/tchowdh4/sensor_recovery_project/logs/extracted_csv/baseline_04_yaw_rotation_ATT.csv,/home/tchowdh4/sensor_recovery_project/prediction_results_v9_trained_hybrid/baseline_04_yaw_rotation_ATT_trained_hybrid_prediction_outputs.csv,172.58895874023438,attacked_measurement,0.0,0.0
9.900205,baseline_04_yaw_rotation,Yaw,ramp,0.022782,0,172.5880889892578,172.5880889892578,172.58761062622074,0.0004783630370752,0.0004783630370752,0.003797,0,0.0,0.0010700225830021,0,0,0,W20_N5_mean1.25x,20,5,1.25,1477,Yaw_hybrid_prediction,/home/tchowdh4/sensor_recovery_project/logs/extracted_csv/baseline_04_yaw_rotation_ATT.csv,/home/tchowdh4/sensor_recovery_project/prediction_results_v9_trained_hybrid/baseline_04_yaw_rotation_ATT_trained_hybrid_prediction_outputs.csv,172.5880889892578,attacked_measurement,0.0,0.0
10.000165,baseline_04_yaw_rotation,Yaw,ramp,0.022782,0,172.5872039794922,172.5872039794922,172.58671722412112,0.000486755371071,0.000486755371071,0.003797,0,0.0,0.0010293197631767,0,0,0,W20_N5_mean1.25x,20,5,1.25,1477,Yaw_hybrid_prediction,/home/tchowdh4/sensor_recovery_project/logs/extracted_csv/baseline_04_yaw_rotation_ATT.csv,/home/tchowdh4/sensor_recovery_project/prediction_results_v9_trained_hybrid/baseline_04_yaw_rotation_ATT_trained_hybrid_prediction_outputs.csv,172.5872039794922,attacked_measurement,0.0,0.0
10.100125,baseline_04_yaw_rotation,Yaw,ramp,0.022782,0,172.58636474609375,172.58636474609375,172.5859031677246,0.0004615783691406,0.0004615783691406,0.003797,0,0.0,0.000988197326653,0,0,0,W20_N5_mean1.25x,20,5,1.25,1477,Yaw_hybrid_prediction,/home/tchowdh4/sensor_recovery_project/logs/extracted_csv/baseline_04_yaw_rotation_ATT.csv,/home/tchowdh4/sensor_recovery_project/prediction_results_v9_trained_hybrid/baseline_04_yaw_rotation_ATT_trained_hybrid_prediction_outputs.csv,172.58636474609375,attacked_measurement,0.0,0.0
10.200085,baseline_04_yaw_rotation,Yaw,ramp,0.022782,0,172.58595275878906,172.58595275878906,172.58572616577152,0.000226593017544,0.000226593017544,0.003797,0,0.0,0.0009646987914962,0,0,0,W20_N5_mean1.25x,20,5,1.25,1477,Yaw_hybrid_prediction,/home/tchowdh4/sensor_recovery_project/logs/extracted_csv/baseline_04_yaw_rotation_ATT.csv,/home/tchowdh4/sensor_recovery_project/prediction_results_v9_trained_hybrid/baseline_04_yaw_rotation_ATT_trained_hybrid_prediction_outputs.csv,172.58595275878906,attacked_measurement,0.0,0.0
10.300045,baseline_04_yaw_rotation,Yaw,ramp,0.022782,0,172.58616638183594,172.58616638183594,172.58628387451174,-0.0001174926757983,0.0001174926757983,0.003797,0,0.0,0.0008753204345637,0,0,0,W20_N5_mean1.25x,20,5,1.25,1477,Yaw_hybrid_prediction,/home/tchowdh4/sensor_recovery_project/logs/extracted_csv/baseline_04_yaw_rotation_ATT.csv,/home/tchowdh4/sensor_recovery_project/prediction_results_v9_trained_hybrid/baseline_04_yaw_rotation_ATT_trained_hybrid_prediction_outputs.csv,172.58616638183594,attacked_measurement,0.0,0.0
10.400005,baseline_04_yaw_rotation,Yaw,ramp,0.022782,0,172.58631896972656,172.58631896972656,172.5864028930664,-8.392333984375e-05,8.392333984375e-05,0.003797,0,0.0,0.0008547592163026,0,0,0,W20_N5_mean1.25x,20,5,1.25,1477,Yaw_hybrid_prediction,/home/tchowdh4/sensor_recovery_project/logs/extracted_csv/baseline_04_yaw_rotation_ATT.csv,/home/tchowdh4/sensor_recovery_project/prediction_results_v9_trained_hybrid/baseline_04_yaw_rotation_ATT_trained_hybrid_prediction_outputs.csv,172.58631896972656,attacked_measurement,0.0,0.0
10.500798,baseline_04_yaw_rotation,Yaw,ramp,0.022782,0,172.58676147460938,172.58676147460938,172.58700485229494,-0.0002433776855639,0.0002433776855639,0.003797,0,0.0,0.0008018875122019,0,0,0,W20_N5_mean1.25x,20,5,1.25,1477,Yaw_hybrid_prediction,/home/tchowdh4/sensor_recovery_project/logs/extracted_csv/baseline_04_yaw_rotation_ATT.csv,/home/tchowdh4/sensor_recovery_project/prediction_results_v9_trained_hybrid/baseline_04_yaw_rotation_ATT_trained_hybrid_prediction_outputs.csv,172.58676147460938,attacked_measurement,0.0,0.0
10.600758,baseline_04_yaw_rotation,Yaw,ramp,0.022782,0,172.58656311035156,172.58656311035156,172.5864540100098,0.0001091003417741,0.0001091003417741,0.003797,0,0.0,0.0007485961913999,0,0,0,W20_N5_mean1.25x,20,5,1.25,1477,Yaw_hybrid_prediction,/home/tchowdh4/sensor_recovery_project/logs/extracted_csv/baseline_04_yaw_rotation_ATT.csv,/home/tchowdh4/sensor_recovery_project/prediction_results_v9_trained_hybrid/baseline_04_yaw_rotation_ATT_trained_hybrid_prediction_outputs.csv,172.58656311035156,attacked_measurement,0.0,0.0
10.700718,baseline_04_yaw_rotation,Yaw,ramp,0.022782,0,172.58644104003906,172.58644104003906,172.5863739013672,6.713867185226263e-05,6.713867185226263e-05,0.003797,0,0.0,0.0007183837890551,0,0,0,W20_N5_mean1.25x,20,5,1.25,1477,Yaw_hybrid_prediction,/home/tchowdh4/sensor_recovery_project/logs/extracted_csv/baseline_04_yaw_rotation_ATT.csv,/home/tchowdh4/sensor_recovery_project/prediction_results_v9_trained_hybrid/baseline_04_yaw_rotation_ATT_trained_hybrid_prediction_outputs.csv,172.58644104003906,attacked_measurement,0.0,0.0
10.800678,baseline_04_yaw_rotation,Yaw,ramp,0.022782,0,172.58624267578125,172.58624267578125,172.58613357543948,0.0001091003417741,0.0001091003417741,0.003797,0,0.0,0.0006512451171801,0,0,0,W20_N5_mean1.25x,20,5,1.25,1477,Yaw_hybrid_prediction,/home/tchowdh4/sensor_recovery_project/logs/extracted_csv/baseline_04_yaw_rotation_ATT.csv,/home/tchowdh4/sensor_recovery_project/prediction_results_v9_trained_hybrid/baseline_04_yaw_rotation_ATT_trained_hybrid_prediction_outputs.csv,172.58624267578125,attacked_measurement,0.0,0.0
10.900638,baseline_04_yaw_rotation,Yaw,ramp,0.022782,0,172.5865478515625,172.5865478515625,172.5867156982422,-0.0001678466796875,0.0001678466796875,0.003797,0,0.0,0.0006587982177649,0,0,0,W20_N5_mean1.25x,20,5,1.25,1477,Yaw_hybrid_prediction,/home/tchowdh4/sensor_recovery_project/logs/extracted_csv/baseline_04_yaw_rotation_ATT.csv,/home/tchowdh4/sensor_recovery_project/prediction_results_v9_trained_hybrid/baseline_04_yaw_rotation_ATT_trained_hybrid_prediction_outputs.csv,172.5865478515625,attacked_measurement,0.0,0.0
11.000598,baseline_04_yaw_rotation,Yaw,ramp,0.022782,1,172.58676147460938,172.58676147460938,172.58687896728517,-0.0001174926757983,0.0001174926757983,0.003797,0,0.0,0.0005811691284108,0,0,0,W20_N5_mean1.25x,20,5,1.25,1477,Yaw_hybrid_prediction,/home/tchowdh4/sensor_recovery_project/logs/extracted_csv/baseline_04_yaw_rotation_ATT.csv,/home/tchowdh4/sensor_recovery_project/prediction_results_v9_trained_hybrid/baseline_04_yaw_rotation_ATT_trained_hybrid_prediction_outputs.csv,172.58676147460938,attacked_measurement,0.0,0.0
11.100558,baseline_04_yaw_rotation,Yaw,ramp,0.022782,1,172.58641052246094,172.58661763155186,172.58621749877932,0.0004001327725404,0.0004001327725404,0.003797,0,0.0,0.0005344567118626,0,0,0,W20_N5_mean1.25x,20,5,1.25,1477,Yaw_hybrid_prediction,/home/tchowdh4/sensor_recovery_project/logs/extracted_csv/baseline_04_yaw_rotation_ATT.csv,/home/tchowdh4/sensor_recovery_project/prediction_results_v9_trained_hybrid/baseline_04_yaw_rotation_ATT_trained_hybrid_prediction_outputs.csv,172.58661763155186,attacked_measurement,0.0002071090909225859,0.0002071090909225859
11.200518,baseline_04_yaw_rotation,Yaw,ramp,0.022782,1,172.58570861816406,172.58612283634588,172.5853225708008,0.0008002655450809,0.0008002655450809,0.003797,0,0.0,0.0005337671692942,0,0,0,W20_N5_mean1.25x,20,5,1.25,1477,Yaw_hybrid_prediction,/home/tchowdh4/sensor_recovery_project/logs/extracted_csv/baseline_04_yaw_rotation_ATT.csv,/home/tchowdh4/sensor_recovery_project/prediction_results_v9_trained_hybrid/baseline_04_yaw_rotation_ATT_trained_hybrid_prediction_outputs.csv,172.5861228363459,attacked_measurement,0.0004142181818167501,0.0004142181818451718
11.300478,baseline_04_yaw_rotation,Yaw,ramp,0.022782,1,172.58688354492188,172.5875048721946,172.5875297546387,-2.48824440802764e-05,2.48824440802764e-05,0.003797,0,0.0,0.0004301071166935,0,0,0,W20_N5_mean1.25x,20,5,1.25,1477,Yaw_hybrid_prediction,/home/tchowdh4/sensor_recovery_project/logs/extracted_csv/baseline_04_yaw_rotation_ATT.csv,/home/tchowdh4/sensor_recovery_project/prediction_results_v9_trained_hybrid/baseline_04_yaw_rotation_ATT_trained_hybrid_prediction_outputs.csv,172.5875048721946,attacked_measurement,0.0006213272727109143,0.0006213272727109143
11.400438,baseline_04_yaw_rotation,Yaw,ramp,0.022782,1,172.5874786376953,172.58830707405895,172.58780593872072,0.0005011353382258,0.0005011353382258,0.003797,0,0.0,0.0004022921795041,0,0,0,W20_N5_mean1.25x,20,5,1.25,1477,Yaw_hybrid_prediction,/home/tchowdh4/sensor_recovery_project/logs/extracted_csv/baseline_04_yaw_rotation_ATT.csv,/home/tchowdh4/sensor_recovery_project/prediction_results_v9_trained_hybrid/baseline_04_yaw_rotation_ATT_trained_hybrid_prediction_outputs.csv,172.58830707405895,attacked_measurement,0.0008284363636335002,0.0008284363636335002
11.500398,baseline_04_yaw_rotation,Yaw,ramp,0.022782,1,172.58660888671875,172.5876444321733,172.58613052368165,0.0015139084916597,0.0015139084916597,0.003797,0,0.0,0.0004179824160985,0,0,0,W20_N5_mean1.25x,20,5,1.25,1477,Yaw_hybrid_prediction,/home/tchowdh4/sensor_recovery_project/logs/extracted_csv/baseline_04_yaw_rotation_ATT.csv,/home/tchowdh4/sensor_recovery_project/prediction_results_v9_trained_hybrid/baseline_04_yaw_rotation_ATT_trained_hybrid_prediction_outputs.csv,172.5876444321733,attacked_measurement,0.001035545454556086,0.001035545454556086
11.600358,baseline_04_yaw_rotation,Yaw,ramp,0.022782,1,172.58547973632812,172.58672239087358,172.5848587036133,0.0018636872602826,0.0018636872602826,0.003797,0,0.0,0.0004385730901461,0,0,0,W20_N5_mean1.25x,20,5,1.25,1477,Yaw_hybrid_prediction,/home/tchowdh4/sensor_recovery_project/logs/extracted_csv/baseline_04_yaw_rotation_ATT.csv,/home/tchowdh4/sensor_recovery_project/prediction_results_v9_trained_hybrid/baseline_04_yaw_rotation_ATT_trained_hybrid_prediction_outputs.csv,172.58672239087355,attacked_measurement,0.0012426545454502502,0.0012426545454218285
11.700318,baseline_04_yaw_rotation,Yaw,ramp,0.022782,1,172.58534240722656,172.58679217086294,172.58526687622071,0.0015252946422208,0.0015252946422208,0.003797,0,0.0,0.0004976335375886,0,0,0,W20_N5_mean1.25x,20,5,1.25,1477,Yaw_hybrid_prediction,/home/tchowdh4/sensor_recovery_project/logs/extracted_csv/baseline_04_yaw_rotation_ATT.csv,/home/tchowdh4/sensor_recovery_project/prediction_results_v9_trained_hybrid/baseline_04_yaw_rotation_ATT_trained_hybrid_prediction_outputs.csv,172.58679217086296,attacked_measurement,0.0014497636363728361,0.0014497636364012578
11.800278,baseline_04_yaw_rotation,Yaw,ramp,0.022782,1,172.5865020751953,172.58815894792258,172.58713989257814,0.0010190553444431,0.0010190553444431,0.003797,0,0.0,0.0005158562022728,0,0,0,W20_N5_mean1.25x,20,5,1.25,1477,Yaw_hybrid_prediction,/home/tchowdh4/sensor_recovery_project/logs/extracted_csv/baseline_04_yaw_rotation_ATT.csv,/home/tchowdh4/sensor_recovery_project/prediction_results_v9_trained_hybrid/baseline_04_yaw_rotation_ATT_trained_hybrid_prediction_outputs.csv,172.58815894792258,attacked_measurement,0.0016568727272670003,0.0016568727272670003
11.900238,baseline_04_yaw_rotation,Yaw,ramp,0.022782,1,172.58714294433594,172.58900692615413,172.5874954223633,0.001511503790823,0.001511503790823,0.003797,0,0.0,0.0005675132399602,0,0,0,W20_N5_mean1.25x,20,5,1.25,1477,Yaw_hybrid_prediction,/home/tchowdh4/sensor_recovery_project/logs/extracted_csv/baseline_04_yaw_rotation_ATT.csv,/home/tchowdh4/sensor_recovery_project/prediction_results_v9_trained_hybrid/baseline_04_yaw_rotation_ATT_trained_hybrid_prediction_outputs.csv,172.58900692615413,attacked_measurement,0.0018639818181895862,0.0018639818181895862
12.000198,baseline_04_yaw_rotation,Yaw,ramp,0.022782,1,172.58633422851562,172.5884053194247,172.58588943481448,0.0025158846102328,0.0025158846102328,0.003797,0,0.0,0.0006689697019183,0,0,0,W20_N5_mean1.25x,20,5,1.25,1477,Yaw_hybrid_prediction,/home/tchowdh4/sensor_recovery_project/logs/extracted_csv/baseline_04_yaw_rotation_ATT.csv,/home/tchowdh4/sensor_recovery_project/prediction_results_v9_trained_hybrid/baseline_04_yaw_rotation_ATT_trained_hybrid_prediction_outputs.csv,172.58840531942474,attacked_measurement,0.0020710909090837504,0.002071090909112172
12.100158,baseline_04_yaw_rotation,Yaw,ramp,0.022782,1,172.58583068847656,172.58810888847657,172.5855537414551,0.0025551470214679,0.0025551470214679,0.003797,0,0.0,0.0007736481345347,0,0,0,W20_N5_mean1.25x,20,5,1.25,1477,Yaw_hybrid_prediction,/home/tchowdh4/sensor_recovery_project/logs/extracted_csv/baseline_04_yaw_rotation_ATT.csv,/home/tchowdh4/sensor_recovery_project/prediction_results_v9_trained_hybrid/baseline_04_yaw_rotation_ATT_trained_hybrid_prediction_outputs.csv,172.58810888847654,attacked_measurement,0.0022782000000063363,0.0022781999999779146
12.200118,baseline_04_yaw_rotation,Yaw,ramp,0.022782,1,172.58465576171875,172.58714107080965,172.584009552002,0.0031315188076632,0.0031315188076632,0.003797,0,0.0,0.0009188944240406,0,0,0,W20_N5_mean1.25x,20,5,1.25,1477,Yaw_hybrid_prediction,/home/tchowdh4/sensor_recovery_project/logs/extracted_csv/baseline_04_yaw_rotation_ATT.csv,/home/tchowdh4/sensor_recovery_project/prediction_results_v9_trained_hybrid/baseline_04_yaw_rotation_ATT_trained_hybrid_prediction_outputs.csv,172.58714107080965,attacked_measurement,0.0024853090909005005,0.0024853090909005005
12.300078,baseline_04_yaw_rotation,Yaw,ramp,0.022782,1,172.58425903320312,172.58695145138495,172.58404083251955,0.0029106188653997,0.0029106188653997,0.003797,0,0.0,0.0010585507335207,0,0,0,W20_N5_mean1.25x,20,5,1.25,1477,Yaw_hybrid_prediction,/home/tchowdh4/sensor_recovery_project/logs/extracted_csv/baseline_04_yaw_rotation_ATT.csv,/home/tchowdh4/sensor_recovery_project/prediction_results_v9_trained_hybrid/baseline_04_yaw_rotation_ATT_trained_hybrid_prediction_outputs.csv,172.58695145138495,attacked_measurement,0.0026924181818230863,0.0026924181818230863
12.400038,baseline_04_yaw_rotation,Yaw,ramp,0.022782,1,172.58416748046875,172.58706700774147,172.58411712646486,0.0029498812766064,0.0029498812766064,0.003797,0,0.0,0.0012018486303588,0,0,0,W20_N5_mean1.25x,20,5,1.25,1477,Yaw_hybrid_prediction,/home/tchowdh4/sensor_recovery_project/logs/extracted_csv/baseline_04_yaw_rotation_ATT.csv,/home/tchowdh4/sensor_recovery_project/prediction_results_v9_trained_hybrid/baseline_04_yaw_rotation_ATT_trained_hybrid_prediction_outputs.csv,172.58706700774144,attacked_measurement,0.0028995272727172505,0.002899527272688829
12.499998,baseline_04_yaw_rotation,Yaw,ramp,0.022782,1,172.5869140625,172.59002069886364,172.5884246826172,0.0015960162464523,0.0015960162464523,0.003797,0,0.0,0.0012694805584033,0,0,0,W20_N5_mean1.25x,20,5,1.25,1477,Yaw_hybrid_prediction,/home/tchowdh4/sensor_recovery_project/logs/extracted_csv/baseline_04_yaw_rotation_ATT.csv,/home/tchowdh4/sensor_recovery_project/prediction_results_v9_trained_hybrid/baseline_04_yaw_rotation_ATT_trained_hybrid_prediction_outputs.csv,172.59002069886367,attacked_measurement,0.0031066363636398364,0.003106636363668258
12.600791,baseline_04_yaw_rotation,Yaw,ramp,0.022782,1,172.58819580078125,172.59150954623578,172.58890075683593,0.0026087893998578,0.0026087893998578,0.003797,0,0.0,0.0013944650113074,0,0,0,W20_N5_mean1.25x,20,5,1.25,1477,Yaw_hybrid_prediction,/home/tchowdh4/sensor_recovery_project/logs/extracted_csv/baseline_04_yaw_rotation_ATT.csv,/home/tchowdh4/sensor_recovery_project/prediction_results_v9_trained_hybrid/baseline_04_yaw_rotation_ATT_trained_hybrid_prediction_outputs.csv,172.59150954623578,attacked_measurement,0.0033137454545340006,0.0033137454545340006
12.700751,baseline_04_yaw_rotation,Yaw,ramp,0.022782,1,172.58599853515625,172.5895193897017,172.5847900390625,0.0047293506391952,0.0047293506391952,0.003797,1,1.0,0.0016275756096746,0,0,0,W20_N5_mean1.25x,20,5,1.25,1477,Yaw_hybrid_prediction,/home/tchowdh4/sensor_recovery_project/logs/extracted_csv/baseline_04_yaw_rotation_ATT.csv,/home/tchowdh4/sensor_recovery_project/prediction_results_v9_trained_hybrid/baseline_04_yaw_rotation_ATT_trained_hybrid_prediction_outputs.csv,172.5847900390625,V9_prediction,0.0035208545454565865,-0.0012084960937386313
12.800711,baseline_04_yaw_rotation,Yaw,ramp,0.022782,1,172.5825958251953,172.58632378883166,172.58072433471682,0.0055994541148436,0.0055994541148436,0.003797,1,2.0,0.0019020932983281,0,0,0,W20_N5_mean1.25x,20,5,1.25,1477,Yaw_hybrid_prediction,/home/tchowdh4/sensor_recovery_project/logs/extracted_csv/baseline_04_yaw_rotation_ATT.csv,/home/tchowdh4/sensor_recovery_project/prediction_results_v9_trained_hybrid/baseline_04_yaw_rotation_ATT_trained_hybrid_prediction_outputs.csv,172.58072433471682,V9_prediction,0.0037279636363507507,-0.0018714904784928876
12.900671,baseline_04_yaw_rotation,Yaw,ramp,0.022782,1,172.58187866210938,172.58581373483665,172.58148422241212,0.0043295124245332,0.0043295124245332,0.003797,1,3.0,0.0021101765855704,0,0,0,W20_N5_mean1.25x,20,5,1.25,1477,Yaw_hybrid_prediction,/home/tchowdh4/sensor_recovery_project/logs/extracted_csv/baseline_04_yaw_rotation_ATT.csv,/home/tchowdh4/sensor_recovery_project/prediction_results_v9_trained_hybrid/baseline_04_yaw_rotation_ATT_trained_hybrid_prediction_outputs.csv,172.5814842224121,V9_prediction,0.003935072727273337,-0.00039443969728836237
13.000631,baseline_04_yaw_rotation,Yaw,ramp,0.022782,1,172.58444213867188,172.58858432049007,172.58585205078126,0.0027322697088152,0.0027322697088152,0.003797,0,3.0,0.0022409154372212,0,0,0,W20_N5_mean1.25x,20,5,1.25,1477,Yaw_hybrid_prediction,/home/tchowdh4/sensor_recovery_project/logs/extracted_csv/baseline_04_yaw_rotation_ATT.csv,/home/tchowdh4/sensor_recovery_project/prediction_results_v9_trained_hybrid/baseline_04_yaw_rotation_ATT_trained_hybrid_prediction_outputs.csv,172.5885843204901,attacked_measurement,0.0041421818181959225,0.004142181818224344
13.100591,baseline_04_yaw_rotation,Yaw,ramp,0.022782,1,172.58717346191406,172.59152275282315,172.58867568969728,0.0028470631258699,0.0028470631258699,0.003797,0,3.0,0.0023632619548877,0,0,0,W20_N5_mean1.25x,20,5,1.25,1477,Yaw_hybrid_prediction,/home/tchowdh4/sensor_recovery_project/logs/extracted_csv/baseline_04_yaw_rotation_ATT.csv,/home/tchowdh4/sensor_recovery_project/prediction_results_v9_trained_hybrid/baseline_04_yaw_rotation_ATT_trained_hybrid_prediction_outputs.csv,172.59152275282315,attacked_measurement,0.004349290909090087,0.004349290909090087
13.200551,baseline_04_yaw_rotation,Yaw,ramp,0.022782,1,172.5876922607422,172.5922486607422,172.58797760009767,0.0042710606445268,0.0042710606445268,0.003797,1,4.0,0.00253680170986,0,0,0,W20_N5_mean1.25x,20,5,1.25,1477,Yaw_hybrid_prediction,/home/tchowdh4/sensor_recovery_project/logs/extracted_csv/baseline_04_yaw_rotation_ATT.csv,/home/tchowdh4/sensor_recovery_project/prediction_results_v9_trained_hybrid/baseline_04_yaw_rotation_ATT_trained_hybrid_prediction_outputs.csv,172.5879776000977,V9_prediction,0.0045564000000126725,0.00028533935551422474
13.300511,baseline_04_yaw_rotation,Yaw,ramp,0.022782,1,172.58688354492188,172.59164705401278,172.58643875122073,0.0052083027920559,0.0052083027920559,0.003797,1,5.0,0.0027959727272588,1,0,1,W20_N5_mean1.25x,20,5,1.25,1477,Yaw_hybrid_prediction,/home/tchowdh4/sensor_recovery_project/logs/extracted_csv/baseline_04_yaw_rotation_ATT.csv,/home/tchowdh4/sensor_recovery_project/prediction_results_v9_trained_hybrid/baseline_04_yaw_rotation_ATT_trained_hybrid_prediction_outputs.csv,172.58643875122073,V9_prediction,0.004763509090906837,-0.00044479370114913763
13.400471,baseline_04_yaw_rotation,Yaw,ramp,0.022782,1,172.5839385986328,172.58890921681464,172.58231887817385,0.006590338640791,0.006590338640791,0.003797,1,6.0,0.003100432892387,1,0,1,W20_N5_mean1.25x,20,5,1.25,1477,Yaw_hybrid_prediction,/home/tchowdh4/sensor_recovery_project/logs/extracted_csv/baseline_04_yaw_rotation_ATT.csv,/home/tchowdh4/sensor_recovery_project/prediction_results_v9_trained_hybrid/baseline_04_yaw_rotation_ATT_trained_hybrid_prediction_outputs.csv,172.58231887817385,V9_prediction,0.004970618181829423,-0.0016197204589616376
13.500431,baseline_04_yaw_rotation,Yaw,ramp,0.022782,1,172.58273315429688,172.5879108815696,172.58207015991212,0.0058407216574778,0.0058407216574778,0.003797,1,7.0,0.0033167735506779,1,0,1,W20_N5_mean1.25x,20,5,1.25,1477,Yaw_hybrid_prediction,/home/tchowdh4/sensor_recovery_project/logs/extracted_csv/baseline_04_yaw_rotation_ATT.csv,/home/tchowdh4/sensor_recovery_project/prediction_results_v9_trained_hybrid/baseline_04_yaw_rotation_ATT_trained_hybrid_prediction_outputs.csv,172.58207015991212,V9_prediction,0.005177727272723587,-0.0006629943847542563
13.600391,baseline_04_yaw_rotation,Yaw,ramp,0.022782,1,172.5850067138672,172.59039155023083,172.58625717163088,0.0041343785999572,0.0041343785999572,0.003797,1,8.0,0.0034303081176616,1,0,1,W20_N5_mean1.25x,20,5,1.25,1477,Yaw_hybrid_prediction,/home/tchowdh4/sensor_recovery_project/logs/extracted_csv/baseline_04_yaw_rotation_ATT.csv,/home/tchowdh4/sensor_recovery_project/prediction_results_v9_trained_hybrid/baseline_04_yaw_rotation_ATT_trained_hybrid_prediction_outputs.csv,172.5862571716309,V9_prediction,0.005384836363646173,0.0012504577637173497
13.700351,baseline_04_yaw_rotation,Yaw,ramp,0.022782,1,172.58863830566406,172.5942302511186,172.59063568115235,0.0035945699662534,0.0035945699662534,0.003797,0,8.0,0.0035337718838633,1,0,1,W20_N5_mean1.25x,20,5,1.25,1477,Yaw_hybrid_prediction,/home/tchowdh4/sensor_recovery_project/logs/extracted_csv/baseline_04_yaw_rotation_ATT.csv,/home/tchowdh4/sensor_recovery_project/prediction_results_v9_trained_hybrid/baseline_04_yaw_rotation_ATT_trained_hybrid_prediction_outputs.csv,172.59423025111857,attacked_measurement,0.005591945454540337,0.005591945454511915
13.800311,baseline_04_yaw_rotation,Yaw,ramp,0.022782,1,172.58908081054688,172.59487986509234,172.58932418823244,0.0055556768598989,0.0055556768598989,0.003797,1,9.0,0.0037606029596361,1,0,1,W20_N5_mean1.25x,20,5,1.25,1477,Yaw_hybrid_prediction,/home/tchowdh4/sensor_recovery_project/logs/extracted_csv/baseline_04_yaw_rotation_ATT.csv,/home/tchowdh4/sensor_recovery_project/prediction_results_v9_trained_hybrid/baseline_04_yaw_rotation_ATT_trained_hybrid_prediction_outputs.csv,172.58932418823247,V9_prediction,0.005799054545462923,0.00024337768559234974
13.900271,baseline_04_yaw_rotation,Yaw,ramp,0.022782,1,172.58663940429688,172.59264556793323,172.58529663085938,0.007348937073857,0.007348937073857,0.003797,1,10.0,0.0040524746237878,1,0,1,W20_N5_mean1.25x,20,5,1.25,1477,Yaw_hybrid_prediction,/home/tchowdh4/sensor_recovery_project/logs/extracted_csv/baseline_04_yaw_rotation_ATT.csv,/home/tchowdh4/sensor_recovery_project/prediction_results_v9_trained_hybrid/baseline_04_yaw_rotation_ATT_trained_hybrid_prediction_outputs.csv,172.58529663085938,V9_prediction,0.006006163636357087,-0.0013427734375
14.000231,baseline_04_yaw_rotation,Yaw,ramp,0.022782,1,172.58441162109375,172.59062489382103,172.58318634033205,0.0074385534889813,0.0074385534889813,0.003797,1,11.0,0.0042986080677252,1,0,1,W20_N5_mean1.25x,20,5,1.25,1477,Yaw_hybrid_prediction,/home/tchowdh4/sensor_recovery_project/logs/extracted_csv/baseline_04_yaw_rotation_ATT.csv,/home/tchowdh4/sensor_recovery_project/prediction_results_v9_trained_hybrid/baseline_04_yaw_rotation_ATT_trained_hybrid_prediction_outputs.csv,172.58318634033208,V9_prediction,0.006213272727279673,-0.0012252807616732753
14.100191,baseline_04_yaw_rotation,Yaw,ramp,0.022782,1,172.58358764648438,172.59000802830255,172.58313446044923,0.0068735678533187,0.0068735678533187,0.003797,1,12.0,0.0045145291093177,1,0,1,W20_N5_mean1.25x,20,5,1.25,1477,Yaw_hybrid_prediction,/home/tchowdh4/sensor_recovery_project/logs/extracted_csv/baseline_04_yaw_rotation_ATT.csv,/home/tchowdh4/sensor_recovery_project/prediction_results_v9_trained_hybrid/baseline_04_yaw_rotation_ATT_trained_hybrid_prediction_outputs.csv,172.58313446044923,V9_prediction,0.006420381818173837,-0.0004531860351448813
14.200151,baseline_04_yaw_rotation,Yaw,ramp,0.022782,1,172.58302307128906,172.58965056219816,172.58271255493165,0.0069380072665126,0.0069380072665126,0.003797,1,13.0,0.0047048535322602,1,0,1,W20_N5_mean1.25x,20,5,1.25,1477,Yaw_hybrid_prediction,/home/tchowdh4/sensor_recovery_project/logs/extracted_csv/baseline_04_yaw_rotation_ATT.csv,/home/tchowdh4/sensor_recovery_project/prediction_results_v9_trained_hybrid/baseline_04_yaw_rotation_ATT_trained_hybrid_prediction_outputs.csv,172.58271255493162,V9_prediction,0.006627490909096423,-0.00031051635744461237
14.300111,baseline_04_yaw_rotation,Yaw,ramp,0.022782,1,172.58282470703125,172.58965930703124,172.58271560668948,0.0069437003417647,0.0069437003417647,0.003797,1,14.0,0.0049065076060784,1,1,1,W20_N5_mean1.25x,20,5,1.25,1477,Yaw_hybrid_prediction,/home/tchowdh4/sensor_recovery_project/logs/extracted_csv/baseline_04_yaw_rotation_ATT.csv,/home/tchowdh4/sensor_recovery_project/prediction_results_v9_trained_hybrid/baseline_04_yaw_rotation_ATT_trained_hybrid_prediction_outputs.csv,172.58271560668948,V9_prediction,0.006834599999990587,-0.00010910034177413763
14.400071,baseline_04_yaw_rotation,Yaw,ramp,0.022782,1,172.5832061767578,172.59024788584873,172.58341598510742,0.0068319007413037,0.0068319007413037,0.003797,1,15.0,0.0051006085793133,1,1,1,W20_N5_mean1.25x,20,5,1.25,1477,Yaw_hybrid_prediction,/home/tchowdh4/sensor_recovery_project/logs/extracted_csv/baseline_04_yaw_rotation_ATT.csv,/home/tchowdh4/sensor_recovery_project/prediction_results_v9_trained_hybrid/baseline_04_yaw_rotation_ATT_trained_hybrid_prediction_outputs.csv,172.58341598510742,V9_prediction,0.007041709090913173,0.000209808349609375
14.500031,baseline_04_yaw_rotation,Yaw,ramp,0.022782,1,172.58372497558594,172.59097379376774,172.58401031494142,0.0069634788263215,0.0069634788263215,0.003797,1,16.0,0.0053689817083068,1,1,1,W20_N5_mean1.25x,20,5,1.25,1477,Yaw_hybrid_prediction,/home/tchowdh4/sensor_recovery_project/logs/extracted_csv/baseline_04_yaw_rotation_ATT.csv,/home/tchowdh4/sensor_recovery_project/prediction_results_v9_trained_hybrid/baseline_04_yaw_rotation_ATT_trained_hybrid_prediction_outputs.csv,172.58401031494145,V9_prediction,0.007248818181807337,0.00028533935551422474
14.599991,baseline_04_yaw_rotation,Yaw,ramp,0.022782,1,172.58383178710938,172.5912877143821,172.5838905334473,0.0073971809348165,0.0073971809348165,0.003797,1,17.0,0.0056084012850547,1,1,1,W20_N5_mean1.25x,20,5,1.25,1477,Yaw_hybrid_prediction,/home/tchowdh4/sensor_recovery_project/logs/extracted_csv/baseline_04_yaw_rotation_ATT.csv,/home/tchowdh4/sensor_recovery_project/prediction_results_v9_trained_hybrid/baseline_04_yaw_rotation_ATT_trained_hybrid_prediction_outputs.csv,172.5838905334473,V9_prediction,0.007455927272729923,5.874633791336237e-05
14.700784,baseline_04_yaw_rotation,Yaw,ramp,0.022782,1,172.58436584472656,172.5920288810902,172.58465957641602,0.0073693046741709,0.0073693046741709,0.003797,1,17.0,0.0057403989868035,1,1,1,W20_N5_mean1.25x,20,5,1.25,1477,Yaw_hybrid_prediction,/home/tchowdh4/sensor_recovery_project/logs/extracted_csv/baseline_04_yaw_rotation_ATT.csv,/home/tchowdh4/sensor_recovery_project/prediction_results_v9_trained_hybrid/baseline_04_yaw_rotation_ATT_trained_hybrid_prediction_outputs.csv,172.58465957641602,V9_prediction,0.007663036363624087,0.000293731689453125
14.800744,baseline_04_yaw_rotation,Yaw,ramp,0.022782,1,172.58438110351562,172.59225124897017,172.58438949584962,0.0078617531205509,0.0078617531205509,0.003797,1,17.0,0.0058535139370889,1,1,1,W20_N5_mean1.25x,20,5,1.25,1477,Yaw_hybrid_prediction,/home/tchowdh4/sensor_recovery_project/logs/extracted_csv/baseline_04_yaw_rotation_ATT.csv,/home/tchowdh4/sensor_recovery_project/prediction_results_v9_trained_hybrid/baseline_04_yaw_rotation_ATT_trained_hybrid_prediction_outputs.csv,172.58438949584962,V9_prediction,0.007870145454546673,8.392333995743684e-06
14.900704,baseline_04_yaw_rotation,Yaw,ramp,0.022782,1,172.58448791503906,172.5925651695845,172.58454666137698,0.0080185082075274,0.0080185082075274,0.003797,1,17.0,0.0060379637262386,1,1,1,W20_N5_mean1.25x,20,5,1.25,1477,Yaw_hybrid_prediction,/home/tchowdh4/sensor_recovery_project/logs/extracted_csv/baseline_04_yaw_rotation_ATT.csv,/home/tchowdh4/sensor_recovery_project/prediction_results_v9_trained_hybrid/baseline_04_yaw_rotation_ATT_trained_hybrid_prediction_outputs.csv,172.58454666137698,V9_prediction,0.008077254545440837,5.874633791336237e-05
15.000664,baseline_04_yaw_rotation,Yaw,ramp,0.022782,1,172.58425903320312,172.5925433968395,172.58413314819336,0.008410248646129,0.008410248646129,0.003797,1,18.0,0.0063218626731043,1,1,1,W20_N5_mean1.25x,20,5,1.25,1477,Yaw_hybrid_prediction,/home/tchowdh4/sensor_recovery_project/logs/extracted_csv/baseline_04_yaw_rotation_ATT.csv,/home/tchowdh4/sensor_recovery_project/prediction_results_v9_trained_hybrid/baseline_04_yaw_rotation_ATT_trained_hybrid_prediction_outputs.csv,172.58413314819336,V9_prediction,0.008284363636363423,-0.000125885009765625
15.100624,baseline_04_yaw_rotation,Yaw,ramp,0.022782,1,172.5840301513672,172.59252162409447,172.58390426635742,0.0086173577370516,0.0086173577370516,0.003797,1,19.0,0.0066103774036633,1,1,1,W20_N5_mean1.25x,20,5,1.25,1477,Yaw_hybrid_prediction,/home/tchowdh4/sensor_recovery_project/logs/extracted_csv/baseline_04_yaw_rotation_ATT.csv,/home/tchowdh4/sensor_recovery_project/prediction_results_v9_trained_hybrid/baseline_04_yaw_rotation_ATT_trained_hybrid_prediction_outputs.csv,172.58390426635742,V9_prediction,0.008491472727286009,-0.000125885009765625
15.200584,baseline_04_yaw_rotation,Yaw,ramp,0.022782,1,172.5836639404297,172.59236252224787,172.58346252441407,0.0088999978337938,0.0088999978337938,0.003797,1,19.0,0.0068418242631267,1,1,1,W20_N5_mean1.25x,20,5,1.25,1477,Yaw_hybrid_prediction,/home/tchowdh4/sensor_recovery_project/logs/extracted_csv/baseline_04_yaw_rotation_ATT.csv,/home/tchowdh4/sensor_recovery_project/prediction_results_v9_trained_hybrid/baseline_04_yaw_rotation_ATT_trained_hybrid_prediction_outputs.csv,172.58346252441407,V9_prediction,0.008698581818180173,-0.00020141601561363132
15.300544,baseline_04_yaw_rotation,Yaw,ramp,0.022782,1,172.58380126953125,172.59270696044035,172.58387680053713,0.0088301599032263,0.0088301599032263,0.003797,1,19.0,0.0070229171186852,1,1,1,W20_N5_mean1.25x,20,5,1.25,1477,Yaw_hybrid_prediction,/home/tchowdh4/sensor_recovery_project/logs/extracted_csv/baseline_04_yaw_rotation_ATT.csv,/home/tchowdh4/sensor_recovery_project/prediction_results_v9_trained_hybrid/baseline_04_yaw_rotation_ATT_trained_hybrid_prediction_outputs.csv,172.58387680053715,V9_prediction,0.00890569090910276,7.553100590484974e-05
15.400504,baseline_04_yaw_rotation,Yaw,ramp,0.022782,1,172.58367919921875,172.59279199921875,172.5836120605469,0.0091799386718491,0.0091799386718491,0.003797,1,19.0,0.0071523971202381,1,1,1,W20_N5_mean1.25x,20,5,1.25,1477,Yaw_hybrid_prediction,/home/tchowdh4/sensor_recovery_project/logs/extracted_csv/baseline_04_yaw_rotation_ATT.csv,/home/tchowdh4/sensor_recovery_project/prediction_results_v9_trained_hybrid/baseline_04_yaw_rotation_ATT_trained_hybrid_prediction_outputs.csv,172.5836120605469,V9_prediction,0.009112799999996923,-6.713867185226263e-05
15.500464,baseline_04_yaw_rotation,Yaw,ramp,0.022782,1,172.583740234375,172.59306014346592,172.58377380371095,0.0092863397549649,0.0092863397549649,0.003797,1,19.0,0.0073246780251125,1,1,1,W20_N5_mean1.25x,20,5,1.25,1477,Yaw_hybrid_prediction,/home/tchowdh4/sensor_recovery_project/logs/extracted_csv/baseline_04_yaw_rotation_ATT.csv,/home/tchowdh4/sensor_recovery_project/prediction_results_v9_trained_hybrid/baseline_04_yaw_rotation_ATT_trained_hybrid_prediction_outputs.csv,172.58377380371098,V9_prediction,0.00931990909091951,3.3569335982974735e-05
15.600424,baseline_04_yaw_rotation,Yaw,ramp,0.022782,1,172.58407592773438,172.5936029459162,172.58426055908205,0.0093423868341346,0.0093423868341346,0.003797,1,19.0,0.0075850784368213,1,1,1,W20_N5_mean1.25x,20,5,1.25,1477,Yaw_hybrid_prediction,/home/tchowdh4/sensor_recovery_project/logs/extracted_csv/baseline_04_yaw_rotation_ATT.csv,/home/tchowdh4/sensor_recovery_project/prediction_results_v9_trained_hybrid/baseline_04_yaw_rotation_ATT_trained_hybrid_prediction_outputs.csv,172.58426055908205,V9_prediction,0.009527018181813673,0.00018463134767898737
15.700384,baseline_04_yaw_rotation,Yaw,ramp,0.022782,1,172.58457946777344,172.59431359504617,172.58485641479496,0.0094571802512177,0.0094571802512177,0.003797,1,20.0,0.0078782089510696,1,1,1,W20_N5_mean1.25x,20,5,1.25,1477,Yaw_hybrid_prediction,/home/tchowdh4/sensor_recovery_project/logs/extracted_csv/baseline_04_yaw_rotation_ATT.csv,/home/tchowdh4/sensor_recovery_project/prediction_results_v9_trained_hybrid/baseline_04_yaw_rotation_ATT_trained_hybrid_prediction_outputs.csv,172.58485641479496,V9_prediction,0.00973412727273626,0.00027694702151848105
15.800344,baseline_04_yaw_rotation,Yaw,ramp,0.022782,1,172.58473205566406,172.5946732920277,172.5848159790039,0.0098573130237866,0.0098573130237866,0.003797,1,20.0,0.0080932907592639,1,1,1,W20_N5_mean1.25x,20,5,1.25,1477,Yaw_hybrid_prediction,/home/tchowdh4/sensor_recovery_project/logs/extracted_csv/baseline_04_yaw_rotation_ATT.csv,/home/tchowdh4/sensor_recovery_project/prediction_results_v9_trained_hybrid/baseline_04_yaw_rotation_ATT_trained_hybrid_prediction_outputs.csv,172.5848159790039,V9_prediction,0.009941236363630424,8.392333984375e-05
15.900304,baseline_04_yaw_rotation,Yaw,ramp,0.022782,1,172.585205078125,172.59535342357955,172.58546524047853,0.009888183101026,0.009888183101026,0.003797,1,20.0,0.0082202530606224,1,1,1,W20_N5_mean1.25x,20,5,1.25,1477,Yaw_hybrid_prediction,/home/tchowdh4/sensor_recovery_project/logs/extracted_csv/baseline_04_yaw_rotation_ATT.csv,/home/tchowdh4/sensor_recovery_project/prediction_results_v9_trained_hybrid/baseline_04_yaw_rotation_ATT_trained_hybrid_prediction_outputs.csv,172.58546524047853,V9_prediction,0.01014834545455301,0.0002601623535269937
16.000264,baseline_04_yaw_rotation,Yaw,ramp,0.022782,1,172.58526611328125,172.5956215678267,172.5852996826172,0.0103218852094926,0.0103218852094926,0.003797,1,20.0,0.008364419646648,1,1,1,W20_N5_mean1.25x,20,5,1.25,1477,Yaw_hybrid_prediction,/home/tchowdh4/sensor_recovery_project/logs/extracted_csv/baseline_04_yaw_rotation_ATT.csv,/home/tchowdh4/sensor_recovery_project/prediction_results_v9_trained_hybrid/baseline_04_yaw_rotation_ATT_trained_hybrid_prediction_outputs.csv,172.58529968261723,V9_prediction,0.010355454545447174,3.3569335982974735e-05
16.100224,baseline_04_yaw_rotation,Yaw,ramp,0.022782,1,172.5848388671875,172.59540143082387,172.58460388183596,0.0107975489879095,0.0107975489879095,0.003797,1,20.0,0.0085606187033775,1,1,1,W20_N5_mean1.25x,20,5,1.25,1477,Yaw_hybrid_prediction,/home/tchowdh4/sensor_recovery_project/logs/extracted_csv/baseline_04_yaw_rotation_ATT.csv,/home/tchowdh4/sensor_recovery_project/prediction_results_v9_trained_hybrid/baseline_04_yaw_rotation_ATT_trained_hybrid_prediction_outputs.csv,172.58460388183596,V9_prediction,0.01056256363636976,-0.00023498535153976263
16.200184,baseline_04_yaw_rotation,Yaw,ramp,0.022782,1,172.58389282226562,172.5946624949929,172.58337249755863,0.011289997434261,0.011289997434261,0.003797,1,20.0,0.0087782182117649,1,1,1,W20_N5_mean1.25x,20,5,1.25,1477,Yaw_hybrid_prediction,/home/tchowdh4/sensor_recovery_project/logs/extracted_csv/baseline_04_yaw_rotation_ATT.csv,/home/tchowdh4/sensor_recovery_project/prediction_results_v9_trained_hybrid/baseline_04_yaw_rotation_ATT_trained_hybrid_prediction_outputs.csv,172.58337249755863,V9_prediction,0.010769672727263924,-0.000520324706997144
16.300144,baseline_04_yaw_rotation,Yaw,ramp,0.022782,1,172.5830841064453,172.5940608882635,172.58263931274416,0.0114215755193356,0.0114215755193356,0.003797,1,20.0,0.0090021119706435,1,1,1,W20_N5_mean1.25x,20,5,1.25,1477,Yaw_hybrid_prediction,/home/tchowdh4/sensor_recovery_project/logs/extracted_csv/baseline_04_yaw_rotation_ATT.csv,/home/tchowdh4/sensor_recovery_project/prediction_results_v9_trained_hybrid/baseline_04_yaw_rotation_ATT_trained_hybrid_prediction_outputs.csv,172.58263931274416,V9_prediction,0.01097678181818651,-0.00044479370114913763
16.400104,baseline_04_yaw_rotation,Yaw,ramp,0.022782,1,172.58261108398438,172.59379497489346,172.58235092163085,0.0114440532626076,0.0114440532626076,0.003797,1,20.0,0.0092327195967087,1,1,1,W20_N5_mean1.25x,20,5,1.25,1477,Yaw_hybrid_prediction,/home/tchowdh4/sensor_recovery_project/logs/extracted_csv/baseline_04_yaw_rotation_ATT.csv,/home/tchowdh4/sensor_recovery_project/prediction_results_v9_trained_hybrid/baseline_04_yaw_rotation_ATT_trained_hybrid_prediction_outputs.csv,172.58235092163085,V9_prediction,0.011183890909080674,-0.0002601623535269937
16.500064,baseline_04_yaw_rotation,Yaw,ramp,0.022782,1,172.5830535888672,172.5944445888672,172.58329696655275,0.0111476223144393,0.0111476223144393,0.003797,1,20.0,0.0094419267711145,1,1,1,W20_N5_mean1.25x,20,5,1.25,1477,Yaw_hybrid_prediction,/home/tchowdh4/sensor_recovery_project/logs/extracted_csv/baseline_04_yaw_rotation_ATT.csv,/home/tchowdh4/sensor_recovery_project/prediction_results_v9_trained_hybrid/baseline_04_yaw_rotation_ATT_trained_hybrid_prediction_outputs.csv,172.58329696655278,V9_prediction,0.01139100000000326,0.00024337768559234974
16.600024,baseline_04_yaw_rotation,Yaw,ramp,0.022782,1,172.58328247070312,172.59488057979402,172.5834083557129,0.0114722240811317,0.0114722240811317,0.003797,1,20.0,0.0096456789284303,1,1,1,W20_N5_mean1.25x,20,5,1.25,1477,Yaw_hybrid_prediction,/home/tchowdh4/sensor_recovery_project/logs/extracted_csv/baseline_04_yaw_rotation_ATT.csv,/home/tchowdh4/sensor_recovery_project/prediction_results_v9_trained_hybrid/baseline_04_yaw_rotation_ATT_trained_hybrid_prediction_outputs.csv,172.5834083557129,V9_prediction,0.011598109090897424,0.000125885009765625
16.699984,baseline_04_yaw_rotation,Yaw,ramp,0.022782,1,172.58348083496094,172.59528605314276,172.58358993530274,0.0116961178400174,0.0116961178400174,0.003797,1,20.0,0.0098620195867226,1,1,1,W20_N5_mean1.25x,20,5,1.25,1477,Yaw_hybrid_prediction,/home/tchowdh4/sensor_recovery_project/logs/extracted_csv/baseline_04_yaw_rotation_ATT.csv,/home/tchowdh4/sensor_recovery_project/prediction_results_v9_trained_hybrid/baseline_04_yaw_rotation_ATT_trained_hybrid_prediction_outputs.csv,172.5835899353027,V9_prediction,0.01180521818182001,0.00010910034177413763
16.800777,baseline_04_yaw_rotation,Yaw,ramp,0.022782,1,172.58319091796875,172.59520324524146,172.58303146362306,0.0121717816184059,0.0121717816184059,0.003797,1,20.0,0.0100775210116154,1,1,1,W20_N5_mean1.25x,20,5,1.25,1477,Yaw_hybrid_prediction,/home/tchowdh4/sensor_recovery_project/logs/extracted_csv/baseline_04_yaw_rotation_ATT.csv,/home/tchowdh4/sensor_recovery_project/prediction_results_v9_trained_hybrid/baseline_04_yaw_rotation_ATT_trained_hybrid_prediction_outputs.csv,172.58303146362306,V9_prediction,0.012012327272714174,-0.00015945434569175632
16.900737,baseline_04_yaw_rotation,Yaw,ramp,0.022782,1,172.5832061767578,172.59542561312145,172.5832145690918,0.012211044029641,0.012211044029641,0.003797,1,20.0,0.0102871478027211,1,1,1,W20_N5_mean1.25x,20,5,1.25,1477,Yaw_hybrid_prediction,/home/tchowdh4/sensor_recovery_project/logs/extracted_csv/baseline_04_yaw_rotation_ATT.csv,/home/tchowdh4/sensor_recovery_project/prediction_results_v9_trained_hybrid/baseline_04_yaw_rotation_ATT_trained_hybrid_prediction_outputs.csv,172.5832145690918,V9_prediction,0.01221943636363676,8.392333995743684e-06
17.000697,baseline_04_yaw_rotation,Yaw,ramp,0.022782,1,172.58274841308594,172.5951749585405,172.5824966430664,0.0126783154740905,0.0126783154740905,0.003797,1,20.0,0.0105005511441191,1,1,1,W20_N5_mean1.25x,20,5,1.25,1477,Yaw_hybrid_prediction,/home/tchowdh4/sensor_recovery_project/logs/extracted_csv/baseline_04_yaw_rotation_ATT.csv,/home/tchowdh4/sensor_recovery_project/prediction_results_v9_trained_hybrid/baseline_04_yaw_rotation_ATT_trained_hybrid_prediction_outputs.csv,172.5824966430664,V9_prediction,0.012426545454559346,-0.00025177001953125
17.100657,baseline_04_yaw_rotation,Yaw,ramp,0.022782,1,172.58265686035156,172.59529051489702,172.58260650634767,0.0126840085493427,0.0126840085493427,0.003797,1,20.0,0.0107038836847337,1,1,1,W20_N5_mean1.25x,20,5,1.25,1477,Yaw_hybrid_prediction,/home/tchowdh4/sensor_recovery_project/logs/extracted_csv/baseline_04_yaw_rotation_ATT.csv,/home/tchowdh4/sensor_recovery_project/prediction_results_v9_trained_hybrid/baseline_04_yaw_rotation_ATT_trained_hybrid_prediction_outputs.csv,172.5826065063477,V9_prediction,0.01263365454545351,-5.0354003860775265e-05
17.200617,baseline_04_yaw_rotation,Yaw,ramp,0.022782,1,172.58253479003906,172.59537555367544,172.5824676513672,0.0129079023082283,0.0129079023082283,0.003797,1,20.0,0.0109042789084554,1,1,1,W20_N5_mean1.25x,20,5,1.25,1477,Yaw_hybrid_prediction,/home/tchowdh4/sensor_recovery_project/logs/extracted_csv/baseline_04_yaw_rotation_ATT.csv,/home/tchowdh4/sensor_recovery_project/prediction_results_v9_trained_hybrid/baseline_04_yaw_rotation_ATT_trained_hybrid_prediction_outputs.csv,172.5824676513672,V9_prediction,0.012840763636376096,-6.713867185226263e-05
17.300577,baseline_04_yaw_rotation,Yaw,ramp,0.022782,1,172.58274841308594,172.5957962858132,172.58286590576174,0.0129303800514719,0.0129303800514719,0.003797,1,20.0,0.0111092899158677,1,1,1,W20_N5_mean1.25x,20,5,1.25,1477,Yaw_hybrid_prediction,/home/tchowdh4/sensor_recovery_project/logs/extracted_csv/baseline_04_yaw_rotation_ATT.csv,/home/tchowdh4/sensor_recovery_project/prediction_results_v9_trained_hybrid/baseline_04_yaw_rotation_ATT_trained_hybrid_prediction_outputs.csv,172.58286590576176,V9_prediction,0.01304787272727026,0.00011749267582672474
17.400537,baseline_04_yaw_rotation,Yaw,ramp,0.022782,1,172.58297729492188,172.59623227674007,172.58310317993164,0.0131290968084272,0.0131290968084272,0.003797,1,20.0,0.0113067478226966,1,1,1,W20_N5_mean1.25x,20,5,1.25,1477,Yaw_hybrid_prediction,/home/tchowdh4/sensor_recovery_project/logs/extracted_csv/baseline_04_yaw_rotation_ATT.csv,/home/tchowdh4/sensor_recovery_project/prediction_results_v9_trained_hybrid/baseline_04_yaw_rotation_ATT_trained_hybrid_prediction_outputs.csv,172.58310317993164,V9_prediction,0.013254981818192846,0.000125885009765625
17.500497,baseline_04_yaw_rotation,Yaw,ramp,0.022782,1,172.58323669433594,172.59669878524502,172.5833793640137,0.0133194212313298,0.0133194212313298,0.003797,1,20.0,0.0115084018965148,1,1,1,W20_N5_mean1.25x,20,5,1.25,1477,Yaw_hybrid_prediction,/home/tchowdh4/sensor_recovery_project/logs/extracted_csv/baseline_04_yaw_rotation_ATT.csv,/home/tchowdh4/sensor_recovery_project/prediction_results_v9_trained_hybrid/baseline_04_yaw_rotation_ATT_trained_hybrid_prediction_outputs.csv,172.5833793640137,V9_prediction,0.01346209090908701,0.00014266967775711237
17.600457,baseline_04_yaw_rotation,Yaw,ramp,0.022782,1,172.5834503173828,172.59711951738282,172.58356781005858,0.0135517073242397,0.0135517073242397,0.003797,1,20.0,0.0117188679210201,1,1,1,W20_N5_mean1.25x,20,5,1.25,1477,Yaw_hybrid_prediction,/home/tchowdh4/sensor_recovery_project/logs/extracted_csv/baseline_04_yaw_rotation_ATT.csv,/home/tchowdh4/sensor_recovery_project/prediction_results_v9_trained_hybrid/baseline_04_yaw_rotation_ATT_trained_hybrid_prediction_outputs.csv,172.58356781005858,V9_prediction,0.013669200000009596,0.00011749267576988132
17.700417,baseline_04_yaw_rotation,Yaw,ramp,0.022782,1,172.58364868164062,172.59752499073153,172.58375778198246,0.0137672087490727,0.0137672087490727,0.003797,1,20.0,0.0119343693459129,1,1,1,W20_N5_mean1.25x,20,5,1.25,1477,Yaw_hybrid_prediction,/home/tchowdh4/sensor_recovery_project/logs/extracted_csv/baseline_04_yaw_rotation_ATT.csv,/home/tchowdh4/sensor_recovery_project/prediction_results_v9_trained_hybrid/baseline_04_yaw_rotation_ATT_trained_hybrid_prediction_outputs.csv,172.58375778198246,V9_prediction,0.01387630909090376,0.00010910034183098105
17.800377,baseline_04_yaw_rotation,Yaw,ramp,0.022782,1,172.58328247070312,172.59736588888495,172.5830810546875,0.0142848341974399,0.0142848341974399,0.003797,1,20.0,0.0121557454045955,1,1,1,W20_N5_mean1.25x,20,5,1.25,1477,Yaw_hybrid_prediction,/home/tchowdh4/sensor_recovery_project/logs/extracted_csv/baseline_04_yaw_rotation_ATT.csv,/home/tchowdh4/sensor_recovery_project/prediction_results_v9_trained_hybrid/baseline_04_yaw_rotation_ATT_trained_hybrid_prediction_outputs.csv,172.5830810546875,V9_prediction,0.014083418181826346,-0.00020141601561363132
17.900337,baseline_04_yaw_rotation,Yaw,ramp,0.022782,1,172.5830078125,172.59729833977272,172.5828567504883,0.0144415892844165,0.0144415892844165,0.003797,1,20.0,0.012383415713765,1,1,1,W20_N5_mean1.25x,20,5,1.25,1477,Yaw_hybrid_prediction,/home/tchowdh4/sensor_recovery_project/logs/extracted_csv/baseline_04_yaw_rotation_ATT.csv,/home/tchowdh4/sensor_recovery_project/prediction_results_v9_trained_hybrid/baseline_04_yaw_rotation_ATT_trained_hybrid_prediction_outputs.csv,172.5828567504883,V9_prediction,0.01429052727272051,-0.00015106201169601263
18.000297,baseline_04_yaw_rotation,Yaw,ramp,0.022782,1,172.5823974609375,172.59689509730114,172.58206176757812,0.014833329723018,0.014833329723018,0.003797,1,20.0,0.0126089879394413,1,1,1,W20_N5_mean1.25x,20,5,1.25,1477,Yaw_hybrid_prediction,/home/tchowdh4/sensor_recovery_project/logs/extracted_csv/baseline_04_yaw_rotation_ATT.csv,/home/tchowdh4/sensor_recovery_project/prediction_results_v9_trained_hybrid/baseline_04_yaw_rotation_ATT_trained_hybrid_prediction_outputs.csv,172.58206176757812,V9_prediction,0.014497636363643096,-0.000335693359375
18.100257,baseline_04_yaw_rotation,Yaw,ramp,0.022782,1,172.5823211669922,172.59702591244672,172.5822792053223,0.0147467071244307,0.0147467071244307,0.003797,1,20.0,0.0128064458462674,1,1,1,W20_N5_mean1.25x,20,5,1.25,1477,Yaw_hybrid_prediction,/home/tchowdh4/sensor_recovery_project/logs/extracted_csv/baseline_04_yaw_rotation_ATT.csv,/home/tchowdh4/sensor_recovery_project/prediction_results_v9_trained_hybrid/baseline_04_yaw_rotation_ATT_trained_hybrid_prediction_outputs.csv,172.58227920532227,V9_prediction,0.01470474545453726,-4.1961669921875e-05
18.200217,baseline_04_yaw_rotation,Yaw,ramp,0.022782,1,172.5821533203125,172.59706517485796,172.58206100463866,0.0150041702192993,0.0150041702192993,0.003797,1,20.0,0.0129921544855193,1,1,1,W20_N5_mean1.25x,20,5,1.25,1477,Yaw_hybrid_prediction,/home/tchowdh4/sensor_recovery_project/logs/extracted_csv/baseline_04_yaw_rotation_ATT.csv,/home/tchowdh4/sensor_recovery_project/prediction_results_v9_trained_hybrid/baseline_04_yaw_rotation_ATT_trained_hybrid_prediction_outputs.csv,172.58206100463866,V9_prediction,0.014911854545459846,-9.231567383949368e-05
18.300177,baseline_04_yaw_rotation,Yaw,ramp,0.022782,1,172.58245849609375,172.5975774597301,172.58262634277344,0.0149511169566665,0.0149511169566665,0.003797,1,20.0,0.0131686315573858,1,1,1,W20_N5_mean1.25x,20,5,1.25,1477,Yaw_hybrid_prediction,/home/tchowdh4/sensor_recovery_project/logs/extracted_csv/baseline_04_yaw_rotation_ATT.csv,/home/tchowdh4/sensor_recovery_project/prediction_results_v9_trained_hybrid/baseline_04_yaw_rotation_ATT_trained_hybrid_prediction_outputs.csv,172.58262634277344,V9_prediction,0.01511896363635401,0.0001678466796875
18.400137,baseline_04_yaw_rotation,Yaw,ramp,0.022782,1,172.5824737548828,172.5977998276101,172.5824821472168,0.0153176803932808,0.0153176803932808,0.003797,1,20.0,0.0133623129139195,1,1,1,W20_N5_mean1.25x,20,5,1.25,1477,Yaw_hybrid_prediction,/home/tchowdh4/sensor_recovery_project/logs/extracted_csv/baseline_04_yaw_rotation_ATT.csv,/home/tchowdh4/sensor_recovery_project/prediction_results_v9_trained_hybrid/baseline_04_yaw_rotation_ATT_trained_hybrid_prediction_outputs.csv,172.5824821472168,V9_prediction,0.015326072727276596,8.392333995743684e-06
18.500097,baseline_04_yaw_rotation,Yaw,ramp,0.022782,1,172.58303833007812,172.5985715118963,172.58334884643557,0.0152226654607261,0.0152226654607261,0.003797,1,20.0,0.0135660650712338,1,1,1,W20_N5_mean1.25x,20,5,1.25,1477,Yaw_hybrid_prediction,/home/tchowdh4/sensor_recovery_project/logs/extracted_csv/baseline_04_yaw_rotation_ATT.csv,/home/tchowdh4/sensor_recovery_project/prediction_results_v9_trained_hybrid/baseline_04_yaw_rotation_ATT_trained_hybrid_prediction_outputs.csv,172.58334884643557,V9_prediction,0.01553318181817076,0.00031051635744461237
18.600057,baseline_04_yaw_rotation,Yaw,ramp,0.022782,1,172.58334350585938,172.59908379676847,172.58351135253906,0.0155724442294058,0.0155724442294058,0.003797,1,20.0,0.0137710760786475,1,1,1,W20_N5_mean1.25x,20,5,1.25,1477,Yaw_hybrid_prediction,/home/tchowdh4/sensor_recovery_project/logs/extracted_csv/baseline_04_yaw_rotation_ATT.csv,/home/tchowdh4/sensor_recovery_project/prediction_results_v9_trained_hybrid/baseline_04_yaw_rotation_ATT_trained_hybrid_prediction_outputs.csv,172.58351135253906,V9_prediction,0.015740290909093346,0.0001678466796875
18.700017,baseline_04_yaw_rotation,Yaw,ramp,0.022782,1,172.58351135253906,172.59945875253905,172.5836036682129,0.015855084326148,0.015855084326148,0.003797,1,20.0,0.0139790244029541,1,1,1,W20_N5_mean1.25x,20,5,1.25,1477,Yaw_hybrid_prediction,/home/tchowdh4/sensor_recovery_project/logs/extracted_csv/baseline_04_yaw_rotation_ATT.csv,/home/tchowdh4/sensor_recovery_project/prediction_results_v9_trained_hybrid/baseline_04_yaw_rotation_ATT_trained_hybrid_prediction_outputs.csv,172.5836036682129,V9_prediction,0.01594739999998751,9.231567383949368e-05
18.799977,baseline_04_yaw_rotation,Yaw,ramp,0.022782,1,172.58331298828125,172.59946749737216,172.58320388793948,0.0162636094326842,0.0162636094326842,0.003797,1,20.0,0.014183615793668,1,1,1,W20_N5_mean1.25x,20,5,1.25,1477,Yaw_hybrid_prediction,/home/tchowdh4/sensor_recovery_project/logs/extracted_csv/baseline_04_yaw_rotation_ATT.csv,/home/tchowdh4/sensor_recovery_project/prediction_results_v9_trained_hybrid/baseline_04_yaw_rotation_ATT_trained_hybrid_prediction_outputs.csv,172.58320388793948,V9_prediction,0.016154509090910096,-0.00010910034177413763
18.90077,baseline_04_yaw_rotation,Yaw,ramp,0.022782,1,172.58319091796875,172.59955253615055,172.5831237792969,0.0164287568536565,0.0164287568536565,0.003797,1,20.0,0.0143945014348688,1,1,1,W20_N5_mean1.25x,20,5,1.25,1477,Yaw_hybrid_prediction,/home/tchowdh4/sensor_recovery_project/logs/extracted_csv/baseline_04_yaw_rotation_ATT.csv,/home/tchowdh4/sensor_recovery_project/prediction_results_v9_trained_hybrid/baseline_04_yaw_rotation_ATT_trained_hybrid_prediction_outputs.csv,172.5831237792969,V9_prediction,0.01636161818180426,-6.713867185226263e-05
19.00073,baseline_04_yaw_rotation,Yaw,ramp,0.022782,1,172.5833740234375,172.59994275071023,172.58347473144534,0.0164680192648916,0.0164680192648916,0.003797,1,20.0,0.0145839866244088,1,1,1,W20_N5_mean1.25x,20,5,1.25,1477,Yaw_hybrid_prediction,/home/tchowdh4/sensor_recovery_project/logs/extracted_csv/baseline_04_yaw_rotation_ATT.csv,/home/tchowdh4/sensor_recovery_project/prediction_results_v9_trained_hybrid/baseline_04_yaw_rotation_ATT_trained_hybrid_prediction_outputs.csv,172.58347473144534,V9_prediction,0.016568727272726846,0.00010070800783523737
19.10069,baseline_04_yaw_rotation,Yaw,ramp,0.022782,1,172.5836944580078,172.60047029437146,172.5838706970215,0.0165995973499661,0.0165995973499661,0.003797,1,20.0,0.01477976606444,1,1,1,W20_N5_mean1.25x,20,5,1.25,1477,Yaw_hybrid_prediction,/home/tchowdh4/sensor_recovery_project/logs/extracted_csv/baseline_04_yaw_rotation_ATT.csv,/home/tchowdh4/sensor_recovery_project/prediction_results_v9_trained_hybrid/baseline_04_yaw_rotation_ATT_trained_hybrid_prediction_outputs.csv,172.5838706970215,V9_prediction,0.016775836363649432,0.00017623901368324368
19.20065,baseline_04_yaw_rotation,Yaw,ramp,0.022782,1,172.58340454101562,172.60038748647017,172.58324508666993,0.0171423998002353,0.0171423998002353,0.003797,1,20.0,0.0149914909390403,1,1,1,W20_N5_mean1.25x,20,5,1.25,1477,Yaw_hybrid_prediction,/home/tchowdh4/sensor_recovery_project/logs/extracted_csv/baseline_04_yaw_rotation_ATT.csv,/home/tchowdh4/sensor_recovery_project/prediction_results_v9_trained_hybrid/baseline_04_yaw_rotation_ATT_trained_hybrid_prediction_outputs.csv,172.58324508666993,V9_prediction,0.016982945454543596,-0.00015945434569175632
19.30061,baseline_04_yaw_rotation,Yaw,ramp,0.022782,1,172.58352661132812,172.6007166658736,172.58359375,0.0171229158735854,0.0171229158735854,0.003797,1,20.0,0.015201117730146,1,1,1,W20_N5_mean1.25x,20,5,1.25,1477,Yaw_hybrid_prediction,/home/tchowdh4/sensor_recovery_project/logs/extracted_csv/baseline_04_yaw_rotation_ATT.csv,/home/tchowdh4/sensor_recovery_project/prediction_results_v9_trained_hybrid/baseline_04_yaw_rotation_ATT_trained_hybrid_prediction_outputs.csv,172.58359374999998,V9_prediction,0.017190054545466182,6.713867185226263e-05
19.40057,baseline_04_yaw_rotation,Yaw,ramp,0.022782,1,172.5831756591797,172.60057282281605,172.58298263549807,0.0175901873179782,0.0175901873179782,0.003797,1,20.0,0.0154241722556236,1,1,1,W20_N5_mean1.25x,20,5,1.25,1477,Yaw_hybrid_prediction,/home/tchowdh4/sensor_recovery_project/logs/extracted_csv/baseline_04_yaw_rotation_ATT.csv,/home/tchowdh4/sensor_recovery_project/prediction_results_v9_trained_hybrid/baseline_04_yaw_rotation_ATT_trained_hybrid_prediction_outputs.csv,172.58298263549807,V9_prediction,0.017397163636360347,-0.00019302368161788763
19.50053,baseline_04_yaw_rotation,Yaw,ramp,0.022782,1,172.58294677734375,172.60055105007103,172.58282089233398,0.0177301577370485,0.0177301577370485,0.003797,1,20.0,0.0156447090809095,1,1,1,W20_N5_mean1.25x,20,5,1.25,1477,Yaw_hybrid_prediction,/home/tchowdh4/sensor_recovery_project/logs/extracted_csv/baseline_04_yaw_rotation_ATT.csv,/home/tchowdh4/sensor_recovery_project/prediction_results_v9_trained_hybrid/baseline_04_yaw_rotation_ATT_trained_hybrid_prediction_outputs.csv,172.58282089233398,V9_prediction,0.017604272727282932,-0.000125885009765625
19.60049,baseline_04_yaw_rotation,Yaw,ramp,0.022782,1,172.5825653076172,172.60037668943536,172.58235549926758,0.0180211901677864,0.0180211901677864,0.003797,1,20.0,0.0158681832230868,1,1,1,W20_N5_mean1.25x,20,5,1.25,1477,Yaw_hybrid_prediction,/home/tchowdh4/sensor_recovery_project/logs/extracted_csv/baseline_04_yaw_rotation_ATT.csv,/home/tchowdh4/sensor_recovery_project/prediction_results_v9_trained_hybrid/baseline_04_yaw_rotation_ATT_trained_hybrid_prediction_outputs.csv,172.58235549926758,V9_prediction,0.017811381818177097,-0.000209808349609375
19.70045,baseline_04_yaw_rotation,Yaw,ramp,0.022782,1,172.5823974609375,172.6004159518466,172.58230514526366,0.0181108065829391,0.0181108065829391,0.003797,1,20.0,0.0160853631147801,1,1,1,W20_N5_mean1.25x,20,5,1.25,1477,Yaw_hybrid_prediction,/home/tchowdh4/sensor_recovery_project/logs/extracted_csv/baseline_04_yaw_rotation_ATT.csv,/home/tchowdh4/sensor_recovery_project/prediction_results_v9_trained_hybrid/baseline_04_yaw_rotation_ATT_trained_hybrid_prediction_outputs.csv,172.58230514526366,V9_prediction,0.018018490909099683,-9.231567383949368e-05
19.80041,baseline_04_yaw_rotation,Yaw,ramp,0.022782,1,172.58180236816406,172.60002796816406,172.58147506713868,0.0185529010253731,0.0185529010253731,0.003797,1,20.0,0.0162987664561768,1,1,1,W20_N5_mean1.25x,20,5,1.25,1477,Yaw_hybrid_prediction,/home/tchowdh4/sensor_recovery_project/logs/extracted_csv/baseline_04_yaw_rotation_ATT.csv,/home/tchowdh4/sensor_recovery_project/prediction_results_v9_trained_hybrid/baseline_04_yaw_rotation_ATT_trained_hybrid_prediction_outputs.csv,172.58147506713868,V9_prediction,0.018225599999993847,-0.0003273010253792563
19.90037,baseline_04_yaw_rotation,Yaw,ramp,0.022782,1,172.5816650390625,172.60009774815342,172.58158950805665,0.0185082400967644,0.0185082400967644,0.003797,1,20.0,0.0165020989967942,1,1,1,W20_N5_mean1.25x,20,5,1.25,1477,Yaw_hybrid_prediction,/home/tchowdh4/sensor_recovery_project/logs/extracted_csv/baseline_04_yaw_rotation_ATT.csv,/home/tchowdh4/sensor_recovery_project/prediction_results_v9_trained_hybrid/baseline_04_yaw_rotation_ATT_trained_hybrid_prediction_outputs.csv,172.58158950805665,V9_prediction,0.018432709090916433,-7.553100584800632e-05
20.00033,baseline_04_yaw_rotation,Yaw,ramp,0.022782,1,172.58139038085938,172.6000301990412,172.58123931884768,0.0187908801935066,0.0187908801935066,0.003797,1,20.0,0.0166999765203186,1,1,1,W20_N5_mean1.25x,20,5,1.25,1477,Yaw_hybrid_prediction,/home/tchowdh4/sensor_recovery_project/logs/extracted_csv/baseline_04_yaw_rotation_ATT.csv,/home/tchowdh4/sensor_recovery_project/prediction_results_v9_trained_hybrid/baseline_04_yaw_rotation_ATT_trained_hybrid_prediction_outputs.csv,172.58123931884768,V9_prediction,0.01863981818183902,-0.00015106201169601263
20.10029,baseline_04_yaw_rotation,Yaw,ramp,0.022782,1,172.5812225341797,172.60006946145242,172.58113021850588,0.0189392429465442,0.0189392429465442,0.003797,1,20.0,0.0169096033114243,1,1,1,W20_N5_mean1.25x,20,5,1.25,1477,Yaw_hybrid_prediction,/home/tchowdh4/sensor_recovery_project/logs/extracted_csv/baseline_04_yaw_rotation_ATT.csv,/home/tchowdh4/sensor_recovery_project/prediction_results_v9_trained_hybrid/baseline_04_yaw_rotation_ATT_trained_hybrid_prediction_outputs.csv,172.5811302185059,V9_prediction,0.018846927272733183,-9.231567378265026e-05
20.20025,baseline_04_yaw_rotation,Yaw,ramp,0.022782,1,172.5808563232422,172.5999103596058,172.58065490722657,0.0192554523792409,0.0192554523792409,0.003797,1,20.0,0.0171221674194214,1,1,1,W20_N5_mean1.25x,20,5,1.25,1477,Yaw_hybrid_prediction,/home/tchowdh4/sensor_recovery_project/logs/extracted_csv/baseline_04_yaw_rotation_ATT.csv,/home/tchowdh4/sensor_recovery_project/prediction_results_v9_trained_hybrid/baseline_04_yaw_rotation_ATT_trained_hybrid_prediction_outputs.csv,172.58065490722657,V9_prediction,0.019054036363598925,-0.00020141601561363132
20.30021,baseline_04_yaw_rotation,Yaw,ramp,0.022782,1,172.58059692382812,172.59985806928267,172.58045425415042,0.0194038151322502,0.0194038151322502,0.003797,1,20.0,0.0173448023282006,1,1,1,W20_N5_mean1.25x,20,5,1.25,1477,Yaw_hybrid_prediction,/home/tchowdh4/sensor_recovery_project/logs/extracted_csv/baseline_04_yaw_rotation_ATT.csv,/home/tchowdh4/sensor_recovery_project/prediction_results_v9_trained_hybrid/baseline_04_yaw_rotation_ATT_trained_hybrid_prediction_outputs.csv,172.58045425415042,V9_prediction,0.019261145454549933,-0.00014266967770026895
20.40017,baseline_04_yaw_rotation,Yaw,ramp,0.022782,1,172.58010864257812,172.59957689712357,172.57984008789063,0.0197368092329384,0.0197368092329384,0.003797,1,20.0,0.0175657587701834,1,1,1,W20_N5_mean1.25x,20,5,1.25,1477,Yaw_hybrid_prediction,/home/tchowdh4/sensor_recovery_project/logs/extracted_csv/baseline_04_yaw_rotation_ATT.csv,/home/tchowdh4/sensor_recovery_project/prediction_results_v9_trained_hybrid/baseline_04_yaw_rotation_ATT_trained_hybrid_prediction_outputs.csv,172.5798400878906,V9_prediction,0.019468254545444097,-0.00026855468752273737
20.50013,baseline_04_yaw_rotation,Yaw,ramp,0.022782,1,172.57981872558594,172.5994940892223,172.57965927124025,0.0198348179820584,0.0198348179820584,0.003797,1,20.0,0.0177963663962501,1,1,1,W20_N5_mean1.25x,20,5,1.25,1477,Yaw_hybrid_prediction,/home/tchowdh4/sensor_recovery_project/logs/extracted_csv/baseline_04_yaw_rotation_ATT.csv,/home/tchowdh4/sensor_recovery_project/prediction_results_v9_trained_hybrid/baseline_04_yaw_rotation_ATT_trained_hybrid_prediction_outputs.csv,172.57965927124025,V9_prediction,0.019675363636366683,-0.00015945434569175632
20.60009,baseline_04_yaw_rotation,Yaw,ramp,0.022782,1,172.5792694091797,172.59915188190695,172.57896728515624,0.0201845967507097,0.0201845967507097,0.003797,1,20.0,0.0180269740223153,1,1,1,W20_N5_mean1.25x,20,5,1.25,1477,Yaw_hybrid_prediction,/home/tchowdh4/sensor_recovery_project/logs/extracted_csv/baseline_04_yaw_rotation_ATT.csv,/home/tchowdh4/sensor_recovery_project/prediction_results_v9_trained_hybrid/baseline_04_yaw_rotation_ATT_trained_hybrid_prediction_outputs.csv,172.57896728515624,V9_prediction,0.019882472727260847,-0.0003021240234488687
20.70005,baseline_04_yaw_rotation,Yaw,ramp,0.022782,1,172.57896423339844,172.59905381521662,172.57879638671875,0.0202574284978709,0.0202574284978709,0.003797,1,20.0,0.0182470912309014,1,1,1,W20_N5_mean1.25x,20,5,1.25,1477,Yaw_hybrid_prediction,/home/tchowdh4/sensor_recovery_project/logs/extracted_csv/baseline_04_yaw_rotation_ATT.csv,/home/tchowdh4/sensor_recovery_project/prediction_results_v9_trained_hybrid/baseline_04_yaw_rotation_ATT_trained_hybrid_prediction_outputs.csv,172.57879638671875,V9_prediction,0.020089581818183433,-0.0001678466796875
20.80001,baseline_04_yaw_rotation,Yaw,ramp,0.022782,1,172.5784454345703,172.5987421254794,172.57816009521486,0.0205820302645349,0.0205820302645349,0.003797,1,20.0,0.0184630122724939,1,1,1,W20_N5_mean1.25x,20,5,1.25,1477,Yaw_hybrid_prediction,/home/tchowdh4/sensor_recovery_project/logs/extracted_csv/baseline_04_yaw_rotation_ATT.csv,/home/tchowdh4/sensor_recovery_project/prediction_results_v9_trained_hybrid/baseline_04_yaw_rotation_ATT_trained_hybrid_prediction_outputs.csv,172.57816009521486,V9_prediction,0.020296690909077597,-0.0002853393554573813
20.89997,baseline_04_yaw_rotation,Yaw,ramp,0.022782,1,172.57791137695312,172.59841517695313,172.57761764526367,0.0207975316894533,0.0207975316894533,0.003797,1,20.0,0.0186814510142838,1,1,1,W20_N5_mean1.25x,20,5,1.25,1477,Yaw_hybrid_prediction,/home/tchowdh4/sensor_recovery_project/logs/extracted_csv/baseline_04_yaw_rotation_ATT.csv,/home/tchowdh4/sensor_recovery_project/prediction_results_v9_trained_hybrid/baseline_04_yaw_rotation_ATT_trained_hybrid_prediction_outputs.csv,172.57761764526367,V9_prediction,0.020503800000000183,-0.000293731689453125
21.000763,baseline_04_yaw_rotation,Yaw,ramp,0.022782,1,172.5771942138672,172.5979051229581,172.57679977416993,0.0211053487881827,0.0211053487881827,0.003797,1,20.0,0.0189133174904483,1,1,1,W20_N5_mean1.25x,20,5,1.25,1477,Yaw_hybrid_prediction,/home/tchowdh4/sensor_recovery_project/logs/extracted_csv/baseline_04_yaw_rotation_ATT.csv,/home/tchowdh4/sensor_recovery_project/prediction_results_v9_trained_hybrid/baseline_04_yaw_rotation_ATT_trained_hybrid_prediction_outputs.csv,172.5767997741699,V9_prediction,0.02071090909092277,-0.00039443969728836237
21.100723,baseline_04_yaw_rotation,Yaw,ramp,0.022782,1,172.57667541503906,172.59759343322088,172.5763900756836,0.0212033575372743,0.0212033575372743,0.003797,1,20.0,0.0191435054998137,1,1,1,W20_N5_mean1.25x,20,5,1.25,1477,Yaw_hybrid_prediction,/home/tchowdh4/sensor_recovery_project/logs/extracted_csv/baseline_04_yaw_rotation_ATT.csv,/home/tchowdh4/sensor_recovery_project/prediction_results_v9_trained_hybrid/baseline_04_yaw_rotation_ATT_trained_hybrid_prediction_outputs.csv,172.5763900756836,V9_prediction,0.020918018181816933,-0.0002853393554573813
21.200683,baseline_04_yaw_rotation,Yaw,ramp,0.022782,1,172.57618713378906,172.5973122610618,172.5759185791016,0.0213936819602054,0.0213936819602054,0.003797,1,20.0,0.0193560696078122,1,1,1,W20_N5_mean1.25x,20,5,1.25,1477,Yaw_hybrid_prediction,/home/tchowdh4/sensor_recovery_project/logs/extracted_csv/baseline_04_yaw_rotation_ATT.csv,/home/tchowdh4/sensor_recovery_project/prediction_results_v9_trained_hybrid/baseline_04_yaw_rotation_ATT_trained_hybrid_prediction_outputs.csv,172.5759185791016,V9_prediction,0.02112512727273952,-0.00026855468746589395
21.300643,baseline_04_yaw_rotation,Yaw,ramp,0.022782,1,172.5758514404297,172.59718367679332,172.57566680908204,0.0215168677112842,0.0215168677112842,0.003797,1,20.0,0.0195757671996972,1,1,1,W20_N5_mean1.25x,20,5,1.25,1477,Yaw_hybrid_prediction,/home/tchowdh4/sensor_recovery_project/logs/extracted_csv/baseline_04_yaw_rotation_ATT.csv,/home/tchowdh4/sensor_recovery_project/prediction_results_v9_trained_hybrid/baseline_04_yaw_rotation_ATT_trained_hybrid_prediction_outputs.csv,172.575666809082,V9_prediction,0.021332236363633683,-0.00018463134767898737
21.400603,baseline_04_yaw_rotation,Yaw,ramp,0.022782,1,172.575439453125,172.59697879857956,172.57521286010743,0.0217659384721287,0.0217659384721287,0.003797,1,20.0,0.0197845547574047,1,1,1,W20_N5_mean1.25x,20,5,1.25,1477,Yaw_hybrid_prediction,/home/tchowdh4/sensor_recovery_project/logs/extracted_csv/baseline_04_yaw_rotation_ATT.csv,/home/tchowdh4/sensor_recovery_project/prediction_results_v9_trained_hybrid/baseline_04_yaw_rotation_ATT_trained_hybrid_prediction_outputs.csv,172.5752128601074,V9_prediction,0.02153934545455627,-0.00022659301760086237
21.500563,baseline_04_yaw_rotation,Yaw,ramp,0.022782,1,172.57522583007812,172.59697228462358,172.57510833740236,0.0218639472212203,0.0218639472212203,0.003797,1,20.0,0.0199912442316133,1,1,1,W20_N5_mean1.25x,20,5,1.25,1477,Yaw_hybrid_prediction,/home/tchowdh4/sensor_recovery_project/logs/extracted_csv/baseline_04_yaw_rotation_ATT.csv,/home/tchowdh4/sensor_recovery_project/prediction_results_v9_trained_hybrid/baseline_04_yaw_rotation_ATT_trained_hybrid_prediction_outputs.csv,172.57510833740236,V9_prediction,0.021746454545450433,-0.00011749267576988132
21.600523,baseline_04_yaw_rotation,Yaw,ramp,0.022782,1,172.57476806640625,172.59672163004262,172.57451629638672,0.0222053336559042,0.0222053336559042,0.003797,1,20.0,0.0202004514060192,1,1,1,W20_N5_mean1.25x,20,5,1.25,1477,Yaw_hybrid_prediction,/home/tchowdh4/sensor_recovery_project/logs/extracted_csv/baseline_04_yaw_rotation_ATT.csv,/home/tchowdh4/sensor_recovery_project/prediction_results_v9_trained_hybrid/baseline_04_yaw_rotation_ATT_trained_hybrid_prediction_outputs.csv,172.57451629638672,V9_prediction,0.02195356363637302,-0.00025177001953125
21.700483,baseline_04_yaw_rotation,Yaw,ramp,0.022782,1,172.57444763183594,172.5966083045632,172.57427139282223,0.0223369117409788,0.0223369117409788,0.003797,1,20.0,0.0204117566639212,1,1,1,W20_N5_mean1.25x,20,5,1.25,1477,Yaw_hybrid_prediction,/home/tchowdh4/sensor_recovery_project/logs/extracted_csv/baseline_04_yaw_rotation_ATT.csv,/home/tchowdh4/sensor_recovery_project/prediction_results_v9_trained_hybrid/baseline_04_yaw_rotation_ATT_trained_hybrid_prediction_outputs.csv,172.5742713928222,V9_prediction,0.022160672727267183,-0.0001762390137400871
21.800443,baseline_04_yaw_rotation,Yaw,ramp,0.022782,1,172.57400512695312,172.59637290877131,172.5737617492676,0.0226111595037252,0.0226111595037252,0.003797,1,20.0,0.0206146695878388,1,1,1,W20_N5_mean1.25x,20,5,1.25,1477,Yaw_hybrid_prediction,/home/tchowdh4/sensor_recovery_project/logs/extracted_csv/baseline_04_yaw_rotation_ATT.csv,/home/tchowdh4/sensor_recovery_project/prediction_results_v9_trained_hybrid/baseline_04_yaw_rotation_ATT_trained_hybrid_prediction_outputs.csv,172.5737617492676,V9_prediction,0.02236778181818977,-0.00024337768553550632
21.900403,baseline_04_yaw_rotation,Yaw,ramp,0.022782,1,172.57366943359375,172.59624432450283,172.57348480224613,0.022759522256706,0.022759522256706,0.003797,1,20.0,0.0208272336958359,1,1,1,W20_N5_mean1.25x,20,5,1.25,1477,Yaw_hybrid_prediction,/home/tchowdh4/sensor_recovery_project/logs/extracted_csv/baseline_04_yaw_rotation_ATT.csv,/home/tchowdh4/sensor_recovery_project/prediction_results_v9_trained_hybrid/baseline_04_yaw_rotation_ATT_trained_hybrid_prediction_outputs.csv,172.57348480224613,V9_prediction,0.022574890909083933,-0.00018463134762214395
22.000363,baseline_04_yaw_rotation,Yaw,ramp,0.022782,1,172.57327270507812,172.59605470507813,172.57305450439455,0.0230002006835832,0.0230002006835832,0.003797,1,20.0,0.0210376997203397,1,1,1,W20_N5_mean1.25x,20,5,1.25,1477,Yaw_hybrid_prediction,/home/tchowdh4/sensor_recovery_project/logs/extracted_csv/baseline_04_yaw_rotation_ATT.csv,/home/tchowdh4/sensor_recovery_project/prediction_results_v9_trained_hybrid/baseline_04_yaw_rotation_ATT_trained_hybrid_prediction_outputs.csv,172.57305450439458,V9_prediction,0.02278200000000652,-0.00021820068354827526
22.100323,baseline_04_yaw_rotation,Yaw,ramp,0.022782,0,172.5733184814453,172.5733184814453,172.57334365844727,-2.5177001958809345e-05,2.5177001958809345e-05,0.003797,0,19.0,0.0200919964231104,1,1,1,W20_N5_mean1.25x,20,5,1.25,1477,Yaw_hybrid_prediction,/home/tchowdh4/sensor_recovery_project/logs/extracted_csv/baseline_04_yaw_rotation_ATT.csv,/home/tchowdh4/sensor_recovery_project/prediction_results_v9_trained_hybrid/baseline_04_yaw_rotation_ATT_trained_hybrid_prediction_outputs.csv,172.5733184814453,attacked_measurement,0.0,0.0
22.200283,baseline_04_yaw_rotation,Yaw,ramp,0.022782,0,172.57400512695312,172.57400512695312,172.57438278198242,-0.0003776550292968,0.0003776550292968,0.003797,0,18.0,0.0191481065556132,1,1,1,W20_N5_mean1.25x,20,5,1.25,1477,Yaw_hybrid_prediction,/home/tchowdh4/sensor_recovery_project/logs/extracted_csv/baseline_04_yaw_rotation_ATT.csv,/home/tchowdh4/sensor_recovery_project/prediction_results_v9_trained_hybrid/baseline_04_yaw_rotation_ATT_trained_hybrid_prediction_outputs.csv,172.57400512695312,attacked_measurement,0.0,0.0
22.300243,baseline_04_yaw_rotation,Yaw,ramp,0.022782,0,172.5750732421875,172.5750732421875,172.5756607055664,-0.0005874633789062,0.0005874633789062,0.003797,0,17.0,0.018207288967946,1,1,1,W20_N5_mean1.25x,20,5,1.25,1477,Yaw_hybrid_prediction,/home/tchowdh4/sensor_recovery_project/logs/extracted_csv/baseline_04_yaw_rotation_ATT.csv,/home/tchowdh4/sensor_recovery_project/prediction_results_v9_trained_hybrid/baseline_04_yaw_rotation_ATT_trained_hybrid_prediction_outputs.csv,172.5750732421875,attacked_measurement,0.0,0.0
22.400203,baseline_04_yaw_rotation,Yaw,ramp,0.022782,0,172.5760040283203,172.5760040283203,172.57651596069337,-0.0005119323730582,0.0005119323730582,0.003797,0,16.0,0.017246045124952,1,1,1,W20_N5_mean1.25x,20,5,1.25,1477,Yaw_hybrid_prediction,/home/tchowdh4/sensor_recovery_project/logs/extracted_csv/baseline_04_yaw_rotation_ATT.csv,/home/tchowdh4/sensor_recovery_project/prediction_results_v9_trained_hybrid/baseline_04_yaw_rotation_ATT_trained_hybrid_prediction_outputs.csv,172.5760040283203,attacked_measurement,0.0,0.0
22.500163,baseline_04_yaw_rotation,Yaw,ramp,0.022782,0,172.5771026611328,172.5771026611328,172.5777069091797,-0.0006042480468977,0.0006042480468977,0.003797,0,15.0,0.016284516628194,1,1,1,W20_N5_mean1.25x,20,5,1.25,1477,Yaw_hybrid_prediction,/home/tchowdh4/sensor_recovery_project/logs/extracted_csv/baseline_04_yaw_rotation_ATT.csv,/home/tchowdh4/sensor_recovery_project/prediction_results_v9_trained_hybrid/baseline_04_yaw_rotation_ATT_trained_hybrid_prediction_outputs.csv,172.5771026611328,attacked_measurement,0.0,0.0
22.600123,baseline_04_yaw_rotation,Yaw,ramp,0.022782,0,172.5780487060547,172.5780487060547,172.57856903076174,-0.0005203247070539,0.0005203247070539,0.003797,0,14.0,0.0153013030260112,1,1,1,W20_N5_mean1.25x,20,5,1.25,1477,Yaw_hybrid_prediction,/home/tchowdh4/sensor_recovery_project/logs/extracted_csv/baseline_04_yaw_rotation_ATT.csv,/home/tchowdh4/sensor_recovery_project/prediction_results_v9_trained_hybrid/baseline_04_yaw_rotation_ATT_trained_hybrid_prediction_outputs.csv,172.5780487060547,attacked_measurement,0.0,0.0
22.700083,baseline_04_yaw_rotation,Yaw,ramp,0.022782,0,172.5792236328125,172.5792236328125,172.57986984252932,-0.0006462097168196,0.0006462097168196,0.003797,0,13.0,0.0143207420869586,1,1,1,W20_N5_mean1.25x,20,5,1.25,1477,Yaw_hybrid_prediction,/home/tchowdh4/sensor_recovery_project/logs/extracted_csv/baseline_04_yaw_rotation_ATT.csv,/home/tchowdh4/sensor_recovery_project/prediction_results_v9_trained_hybrid/baseline_04_yaw_rotation_ATT_trained_hybrid_prediction_outputs.csv,172.5792236328125,attacked_measurement,0.0,0.0
22.800043,baseline_04_yaw_rotation,Yaw,ramp,0.022782,0,172.580078125,172.580078125,172.58054809570314,-0.0004699707031363,0.0004699707031363,0.003797,0,12.0,0.0133151391088887,1,1,1,W20_N5_mean1.25x,20,5,1.25,1477,Yaw_hybrid_prediction,/home/tchowdh4/sensor_recovery_project/logs/extracted_csv/baseline_04_yaw_rotation_ATT.csv,/home/tchowdh4/sensor_recovery_project/prediction_results_v9_trained_hybrid/baseline_04_yaw_rotation_ATT_trained_hybrid_prediction_outputs.csv,172.580078125,attacked_measurement,0.0,0.0
22.900003,baseline_04_yaw_rotation,Yaw,ramp,0.022782,0,172.5811767578125,172.5811767578125,172.5817810058594,-0.0006042480468977,0.0006042480468977,0.003797,0,11.0,0.0123054749267609,1,1,1,W20_N5_mean1.25x,20,5,1.25,1477,Yaw_hybrid_prediction,/home/tchowdh4/sensor_recovery_project/logs/extracted_csv/baseline_04_yaw_rotation_ATT.csv,/home/tchowdh4/sensor_recovery_project/prediction_results_v9_trained_hybrid/baseline_04_yaw_rotation_ATT_trained_hybrid_prediction_outputs.csv,172.5811767578125,attacked_measurement,0.0,0.0
23.000796,baseline_04_yaw_rotation,Yaw,ramp,0.022782,0,172.5818328857422,172.5818328857422,172.58219375610355,-0.0003608703613622,0.0003608703613622,0.003797,0,10.0,0.0112682510054199,1,1,1,W20_N5_mean1.25x,20,5,1.25,1477,Yaw_hybrid_prediction,/home/tchowdh4/sensor_recovery_project/logs/extracted_csv/baseline_04_yaw_rotation_ATT.csv,/home/tchowdh4/sensor_recovery_project/prediction_results_v9_trained_hybrid/baseline_04_yaw_rotation_ATT_trained_hybrid_prediction_outputs.csv,172.5818328857422,attacked_measurement,0.0,0.0
23.100756,baseline_04_yaw_rotation,Yaw,ramp,0.022782,0,172.58294677734375,172.58294677734375,172.58355941772462,-0.000612640380865,0.000612640380865,0.003797,0,9.0,0.0102387151475994,1,1,1,W20_N5_mean1.25x,20,5,1.25,1477,Yaw_hybrid_prediction,/home/tchowdh4/sensor_recovery_project/logs/extracted_csv/baseline_04_yaw_rotation_ATT.csv,/home/tchowdh4/sensor_recovery_project/prediction_results_v9_trained_hybrid/baseline_04_yaw_rotation_ATT_trained_hybrid_prediction_outputs.csv,172.58294677734375,attacked_measurement,0.0,0.0
23.200716,baseline_04_yaw_rotation,Yaw,ramp,0.022782,0,172.58372497558594,172.58372497558594,172.58415298461915,-0.0004280090332144,0.0004280090332144,0.003797,0,8.0,0.0091904315012499,1,1,1,W20_N5_mean1.25x,20,5,1.25,1477,Yaw_hybrid_prediction,/home/tchowdh4/sensor_recovery_project/logs/extracted_csv/baseline_04_yaw_rotation_ATT.csv,/home/tchowdh4/sensor_recovery_project/prediction_results_v9_trained_hybrid/baseline_04_yaw_rotation_ATT_trained_hybrid_prediction_outputs.csv,172.58372497558594,attacked_measurement,0.0,0.0
23.300676,baseline_04_yaw_rotation,Yaw,ramp,0.022782,0,172.58465576171875,172.58465576171875,172.5851676940918,-0.0005119323730582,0.0005119323730582,0.003797,0,7.0,0.0081401847343386,1,1,1,W20_N5_mean1.25x,20,5,1.25,1477,Yaw_hybrid_prediction,/home/tchowdh4/sensor_recovery_project/logs/extracted_csv/baseline_04_yaw_rotation_ATT.csv,/home/tchowdh4/sensor_recovery_project/prediction_results_v9_trained_hybrid/baseline_04_yaw_rotation_ATT_trained_hybrid_prediction_outputs.csv,172.58465576171875,attacked_measurement,0.0,0.0
23.400636,baseline_04_yaw_rotation,Yaw,ramp,0.022782,0,172.58567810058594,172.58567810058594,172.5862403869629,-0.0005622863769758,0.0005622863769758,0.003797,0,6.0,0.0070800021295809,1,1,1,W20_N5_mean1.25x,20,5,1.25,1477,Yaw_hybrid_prediction,/home/tchowdh4/sensor_recovery_project/logs/extracted_csv/baseline_04_yaw_rotation_ATT.csv,/home/tchowdh4/sensor_recovery_project/prediction_results_v9_trained_hybrid/baseline_04_yaw_rotation_ATT_trained_hybrid_prediction_outputs.csv,172.58567810058594,attacked_measurement,0.0,0.0
23.500596,baseline_04_yaw_rotation,Yaw,ramp,0.022782,0,172.58656311035156,172.58656311035156,172.5870498657227,-0.0004867553711278,0.0004867553711278,0.003797,0,5.0,0.0060111425370763,1,1,1,W20_N5_mean1.25x,20,5,1.25,1477,Yaw_hybrid_prediction,/home/tchowdh4/sensor_recovery_project/logs/extracted_csv/baseline_04_yaw_rotation_ATT.csv,/home/tchowdh4/sensor_recovery_project/prediction_results_v9_trained_hybrid/baseline_04_yaw_rotation_ATT_trained_hybrid_prediction_outputs.csv,172.58656311035156,attacked_measurement,0.0,0.0
23.600556,baseline_04_yaw_rotation,Yaw,ramp,0.022782,0,172.58753967285156,172.58753967285156,172.58807678222658,-0.000537109375017,0.000537109375017,0.003797,0,4.0,0.0049277313230319,0,1,1,W20_N5_mean1.25x,20,5,1.25,1477,Yaw_hybrid_prediction,/home/tchowdh4/sensor_recovery_project/logs/extracted_csv/baseline_04_yaw_rotation_ATT.csv,/home/tchowdh4/sensor_recovery_project/prediction_results_v9_trained_hybrid/baseline_04_yaw_rotation_ATT_trained_hybrid_prediction_outputs.csv,172.58753967285156,attacked_measurement,0.0,0.0
23.700516,baseline_04_yaw_rotation,Yaw,ramp,0.022782,0,172.58860778808594,172.58860778808594,172.58919525146484,-0.0005874633789062,0.0005874633789062,0.003797,0,3.0,0.0038402589049283,0,0,0,W20_N5_mean1.25x,20,5,1.25,1477,Yaw_hybrid_prediction,/home/tchowdh4/sensor_recovery_project/logs/extracted_csv/baseline_04_yaw_rotation_ATT.csv,/home/tchowdh4/sensor_recovery_project/prediction_results_v9_trained_hybrid/baseline_04_yaw_rotation_ATT_trained_hybrid_prediction_outputs.csv,172.58860778808594,attacked_measurement,0.0,0.0
23.800476,baseline_04_yaw_rotation,Yaw,ramp,0.022782,0,172.5894012451172,172.5894012451172,172.5898376464844,-0.0004364013672102,0.0004364013672102,0.003797,0,2.0,0.0027315209981026,0,0,0,W20_N5_mean1.25x,20,5,1.25,1477,Yaw_hybrid_prediction,/home/tchowdh4/sensor_recovery_project/logs/extracted_csv/baseline_04_yaw_rotation_ATT.csv,/home/tchowdh4/sensor_recovery_project/prediction_results_v9_trained_hybrid/baseline_04_yaw_rotation_ATT_trained_hybrid_prediction_outputs.csv,172.5894012451172,attacked_measurement,0.0,0.0
23.900436,baseline_04_yaw_rotation,Yaw,ramp,0.022782,0,172.59051513671875,172.59051513671875,172.59112777709964,-0.0006126403808934,0.0006126403808934,0.003797,0,1.0,0.0016241769043119,0,0,0,W20_N5_mean1.25x,20,5,1.25,1477,Yaw_hybrid_prediction,/home/tchowdh4/sensor_recovery_project/logs/extracted_csv/baseline_04_yaw_rotation_ATT.csv,/home/tchowdh4/sensor_recovery_project/prediction_results_v9_trained_hybrid/baseline_04_yaw_rotation_ATT_trained_hybrid_prediction_outputs.csv,172.59051513671875,attacked_measurement,0.0,0.0
24.000396,baseline_04_yaw_rotation,Yaw,ramp,0.022782,0,172.59161376953125,172.59161376953125,172.59221801757815,-0.0006042480468977,0.0006042480468977,0.003797,0,0.0,0.0005043792724777,0,0,0,W20_N5_mean1.25x,20,5,1.25,1477,Yaw_hybrid_prediction,/home/tchowdh4/sensor_recovery_project/logs/extracted_csv/baseline_04_yaw_rotation_ATT.csv,/home/tchowdh4/sensor_recovery_project/prediction_results_v9_trained_hybrid/baseline_04_yaw_rotation_ATT_trained_hybrid_prediction_outputs.csv,172.59161376953125,attacked_measurement,0.0,0.0
24.100356,baseline_04_yaw_rotation,Yaw,ramp,0.022782,0,172.59254455566406,172.59254455566406,172.59305648803712,-0.0005119323730582,0.0005119323730582,0.003797,0,0.0,0.0005287170410326,0,0,0,W20_N5_mean1.25x,20,5,1.25,1477,Yaw_hybrid_prediction,/home/tchowdh4/sensor_recovery_project/logs/extracted_csv/baseline_04_yaw_rotation_ATT.csv,/home/tchowdh4/sensor_recovery_project/prediction_results_v9_trained_hybrid/baseline_04_yaw_rotation_ATT_trained_hybrid_prediction_outputs.csv,172.59254455566406,attacked_measurement,0.0,0.0
24.200316,baseline_04_yaw_rotation,Yaw,ramp,0.022782,0,172.5937042236328,172.5937042236328,172.59434204101564,-0.0006378173828238,0.0006378173828238,0.003797,0,0.0,0.000541725158709,0,0,0,W20_N5_mean1.25x,20,5,1.25,1477,Yaw_hybrid_prediction,/home/tchowdh4/sensor_recovery_project/logs/extracted_csv/baseline_04_yaw_rotation_ATT.csv,/home/tchowdh4/sensor_recovery_project/prediction_results_v9_trained_hybrid/baseline_04_yaw_rotation_ATT_trained_hybrid_prediction_outputs.csv,172.5937042236328,attacked_measurement,0.0,0.0
24.300276,baseline_04_yaw_rotation,Yaw,ramp,0.022782,0,172.59487915039062,172.59487915039062,172.59552536010744,-0.0006462097168196,0.0006462097168196,0.003797,0,0.0,0.0005446624756046,0,0,0,W20_N5_mean1.25x,20,5,1.25,1477,Yaw_hybrid_prediction,/home/tchowdh4/sensor_recovery_project/logs/extracted_csv/baseline_04_yaw_rotation_ATT.csv,/home/tchowdh4/sensor_recovery_project/prediction_results_v9_trained_hybrid/baseline_04_yaw_rotation_ATT_trained_hybrid_prediction_outputs.csv,172.59487915039062,attacked_measurement,0.0,0.0
24.400236,baseline_04_yaw_rotation,Yaw,ramp,0.022782,0,172.59600830078125,172.59600830078125,172.5966293334961,-0.0006210327148608,0.0006210327148608,0.003797,0,0.0,0.0005501174926948,0,0,0,W20_N5_mean1.25x,20,5,1.25,1477,Yaw_hybrid_prediction,/home/tchowdh4/sensor_recovery_project/logs/extracted_csv/baseline_04_yaw_rotation_ATT.csv,/home/tchowdh4/sensor_recovery_project/prediction_results_v9_trained_hybrid/baseline_04_yaw_rotation_ATT_trained_hybrid_prediction_outputs.csv,172.59600830078125,attacked_measurement,0.0,0.0
24.500196,baseline_04_yaw_rotation,Yaw,ramp,0.022782,0,172.5972900390625,172.5972900390625,172.5979949951172,-0.0007049560547045,0.0007049560547045,0.003797,0,0.0,0.0005551528930851,0,0,0,W20_N5_mean1.25x,20,5,1.25,1477,Yaw_hybrid_prediction,/home/tchowdh4/sensor_recovery_project/logs/extracted_csv/baseline_04_yaw_rotation_ATT.csv,/home/tchowdh4/sensor_recovery_project/prediction_results_v9_trained_hybrid/baseline_04_yaw_rotation_ATT_trained_hybrid_prediction_outputs.csv,172.5972900390625,attacked_measurement,0.0,0.0
24.600156,baseline_04_yaw_rotation,Yaw,ramp,0.022782,0,172.59835815429688,172.59835815429688,172.59894561767578,-0.0005874633789062,0.0005874633789062,0.003797,0,0.0,0.0005585098266777,0,0,0,W20_N5_mean1.25x,20,5,1.25,1477,Yaw_hybrid_prediction,/home/tchowdh4/sensor_recovery_project/logs/extracted_csv/baseline_04_yaw_rotation_ATT.csv,/home/tchowdh4/sensor_recovery_project/prediction_results_v9_trained_hybrid/baseline_04_yaw_rotation_ATT_trained_hybrid_prediction_outputs.csv,172.59835815429688,attacked_measurement,0.0,0.0
24.700116,baseline_04_yaw_rotation,Yaw,ramp,0.022782,0,172.59983825683594,172.59983825683594,172.60065231323244,-0.0008140563965071,0.0008140563965071,0.003797,0,0.0,0.0005669021606621,0,0,0,W20_N5_mean1.25x,20,5,1.25,1477,Yaw_hybrid_prediction,/home/tchowdh4/sensor_recovery_project/logs/extracted_csv/baseline_04_yaw_rotation_ATT.csv,/home/tchowdh4/sensor_recovery_project/prediction_results_v9_trained_hybrid/baseline_04_yaw_rotation_ATT_trained_hybrid_prediction_outputs.csv,172.59983825683594,attacked_measurement,0.0,0.0
24.800076,baseline_04_yaw_rotation,Yaw,ramp,0.022782,0,172.6011199951172,172.6011199951172,172.6018249511719,-0.0007049560547045,0.0007049560547045,0.003797,0,0.0,0.0005786514282405,0,0,0,W20_N5_mean1.25x,20,5,1.25,1477,Yaw_hybrid_prediction,/home/tchowdh4/sensor_recovery_project/logs/extracted_csv/baseline_04_yaw_rotation_ATT.csv,/home/tchowdh4/sensor_recovery_project/prediction_results_v9_trained_hybrid/baseline_04_yaw_rotation_ATT_trained_hybrid_prediction_outputs.csv,172.6011199951172,attacked_measurement,0.0,0.0
24.900036,baseline_04_yaw_rotation,Yaw,ramp,0.022782,0,172.60256958007812,172.60256958007812,172.60336685180664,-0.0007972717285156,0.0007972717285156,0.003797,0,0.0,0.0005883026123214,0,0,0,W20_N5_mean1.25x,20,5,1.25,1477,Yaw_hybrid_prediction,/home/tchowdh4/sensor_recovery_project/logs/extracted_csv/baseline_04_yaw_rotation_ATT.csv,/home/tchowdh4/sensor_recovery_project/prediction_results_v9_trained_hybrid/baseline_04_yaw_rotation_ATT_trained_hybrid_prediction_outputs.csv,172.60256958007812,attacked_measurement,0.0,0.0
24.999996,baseline_04_yaw_rotation,Yaw,ramp,0.022782,0,172.60411071777344,172.60411071777344,172.60495834350587,-0.0008476257324332,0.0008476257324332,0.003797,0,0.0,0.000612640380875,0,0,0,W20_N5_mean1.25x,20,5,1.25,1477,Yaw_hybrid_prediction,/home/tchowdh4/sensor_recovery_project/logs/extracted_csv/baseline_04_yaw_rotation_ATT.csv,/home/tchowdh4/sensor_recovery_project/prediction_results_v9_trained_hybrid/baseline_04_yaw_rotation_ATT_trained_hybrid_prediction_outputs.csv,172.60411071777344,attacked_measurement,0.0,0.0
25.100789,baseline_04_yaw_rotation,Yaw,ramp,0.022782,0,172.60549926757812,172.60549926757812,172.60626296997071,-0.0007637023925894,0.0007637023925894,0.003797,0,0.0,0.0006201934814612,0,0,0,W20_N5_mean1.25x,20,5,1.25,1477,Yaw_hybrid_prediction,/home/tchowdh4/sensor_recovery_project/logs/extracted_csv/baseline_04_yaw_rotation_ATT.csv,/home/tchowdh4/sensor_recovery_project/prediction_results_v9_trained_hybrid/baseline_04_yaw_rotation_ATT_trained_hybrid_prediction_outputs.csv,172.60549926757812,attacked_measurement,0.0,0.0
25.200749,baseline_04_yaw_rotation,Yaw,ramp,0.022782,0,172.60696411132812,172.60696411132812,172.60776977539064,-0.0008056640625113,0.0008056640625113,0.003797,0,0.0,0.000639076232926,0,0,0,W20_N5_mean1.25x,20,5,1.25,1477,Yaw_hybrid_prediction,/home/tchowdh4/sensor_recovery_project/logs/extracted_csv/baseline_04_yaw_rotation_ATT.csv,/home/tchowdh4/sensor_recovery_project/prediction_results_v9_trained_hybrid/baseline_04_yaw_rotation_ATT_trained_hybrid_prediction_outputs.csv,172.60696411132812,attacked_measurement,0.0,0.0
25.300709,baseline_04_yaw_rotation,Yaw,ramp,0.022782,0,172.60836791992188,172.60836791992188,172.60914001464846,-0.0007720947265852,0.0007720947265852,0.003797,0,0.0,0.0006520843506024,0,0,0,W20_N5_mean1.25x,20,5,1.25,1477,Yaw_hybrid_prediction,/home/tchowdh4/sensor_recovery_project/logs/extracted_csv/baseline_04_yaw_rotation_ATT.csv,/home/tchowdh4/sensor_recovery_project/prediction_results_v9_trained_hybrid/baseline_04_yaw_rotation_ATT_trained_hybrid_prediction_outputs.csv,172.60836791992188,attacked_measurement,0.0,0.0
25.400669,baseline_04_yaw_rotation,Yaw,ramp,0.022782,0,172.61012268066406,172.61012268066406,172.6110877990723,-0.0009651184082315,0.0009651184082315,0.003797,0,0.0,0.0006722259521652,0,0,0,W20_N5_mean1.25x,20,5,1.25,1477,Yaw_hybrid_prediction,/home/tchowdh4/sensor_recovery_project/logs/extracted_csv/baseline_04_yaw_rotation_ATT.csv,/home/tchowdh4/sensor_recovery_project/prediction_results_v9_trained_hybrid/baseline_04_yaw_rotation_ATT_trained_hybrid_prediction_outputs.csv,172.61012268066406,attacked_measurement,0.0,0.0
25.500629,baseline_04_yaw_rotation,Yaw,ramp,0.022782,0,172.61203002929688,172.61203002929688,172.61307907104492,-0.0010490417480468,0.0010490417480468,0.003797,0,0.0,0.0007003402710111,0,0,0,W20_N5_mean1.25x,20,5,1.25,1477,Yaw_hybrid_prediction,/home/tchowdh4/sensor_recovery_project/logs/extracted_csv/baseline_04_yaw_rotation_ATT.csv,/home/tchowdh4/sensor_recovery_project/prediction_results_v9_trained_hybrid/baseline_04_yaw_rotation_ATT_trained_hybrid_prediction_outputs.csv,172.61203002929688,attacked_measurement,0.0,0.0
25.600589,baseline_04_yaw_rotation,Yaw,ramp,0.022782,0,172.61351013183594,172.61351013183594,172.61432418823244,-0.0008140563965071,0.0008140563965071,0.003797,0,0.0,0.0007141876220856,0,0,0,W20_N5_mean1.25x,20,5,1.25,1477,Yaw_hybrid_prediction,/home/tchowdh4/sensor_recovery_project/logs/extracted_csv/baseline_04_yaw_rotation_ATT.csv,/home/tchowdh4/sensor_recovery_project/prediction_results_v9_trained_hybrid/baseline_04_yaw_rotation_ATT_trained_hybrid_prediction_outputs.csv,172.61351013183594,attacked_measurement,0.0,0.0
25.700549,baseline_04_yaw_rotation,Yaw,ramp,0.022782,0,172.6151885986328,172.6151885986328,172.6161117553711,-0.0009231567382812,0.0009231567382812,0.003797,0,0.0,0.0007309722900544,0,0,0,W20_N5_mean1.25x,20,5,1.25,1477,Yaw_hybrid_prediction,/home/tchowdh4/sensor_recovery_project/logs/extracted_csv/baseline_04_yaw_rotation_ATT.csv,/home/tchowdh4/sensor_recovery_project/prediction_results_v9_trained_hybrid/baseline_04_yaw_rotation_ATT_trained_hybrid_prediction_outputs.csv,172.6151885986328,attacked_measurement,0.0,0.0
25.800509,baseline_04_yaw_rotation,Yaw,ramp,0.022782,0,172.6168212890625,172.6168212890625,172.61771926879885,-0.0008979797363508,0.0008979797363508,0.003797,0,0.0,0.0007540512085114,0,0,0,W20_N5_mean1.25x,20,5,1.25,1477,Yaw_hybrid_prediction,/home/tchowdh4/sensor_recovery_project/logs/extracted_csv/baseline_04_yaw_rotation_ATT.csv,/home/tchowdh4/sensor_recovery_project/prediction_results_v9_trained_hybrid/baseline_04_yaw_rotation_ATT_trained_hybrid_prediction_outputs.csv,172.6168212890625,attacked_measurement,0.0,0.0
25.900469,baseline_04_yaw_rotation,Yaw,ramp,0.022782,0,172.61866760253906,172.61866760253906,172.61968307495118,-0.0010154724121207,0.0010154724121207,0.003797,0,0.0,0.0007741928100728,0,0,0,W20_N5_mean1.25x,20,5,1.25,1477,Yaw_hybrid_prediction,/home/tchowdh4/sensor_recovery_project/logs/extracted_csv/baseline_04_yaw_rotation_ATT.csv,/home/tchowdh4/sensor_recovery_project/prediction_results_v9_trained_hybrid/baseline_04_yaw_rotation_ATT_trained_hybrid_prediction_outputs.csv,172.61866760253906,attacked_measurement,0.0,0.0
26.000429,baseline_04_yaw_rotation,Yaw,ramp,0.022782,0,172.62037658691406,172.62037658691406,172.62131652832034,-0.0009399414062727,0.0009399414062727,0.003797,0,0.0,0.0007909774780415,0,0,0,W20_N5_mean1.25x,20,5,1.25,1477,Yaw_hybrid_prediction,/home/tchowdh4/sensor_recovery_project/logs/extracted_csv/baseline_04_yaw_rotation_ATT.csv,/home/tchowdh4/sensor_recovery_project/prediction_results_v9_trained_hybrid/baseline_04_yaw_rotation_ATT_trained_hybrid_prediction_outputs.csv,172.62037658691406,attacked_measurement,0.0,0.0
26.100389,baseline_04_yaw_rotation,Yaw,ramp,0.022782,0,172.62222290039062,172.62222290039062,172.62323837280277,-0.0010154724121491,0.0010154724121491,0.003797,0,0.0,0.0008161544799961,0,0,0,W20_N5_mean1.25x,20,5,1.25,1477,Yaw_hybrid_prediction,/home/tchowdh4/sensor_recovery_project/logs/extracted_csv/baseline_04_yaw_rotation_ATT.csv,/home/tchowdh4/sensor_recovery_project/prediction_results_v9_trained_hybrid/baseline_04_yaw_rotation_ATT_trained_hybrid_prediction_outputs.csv,172.62222290039062,attacked_measurement,0.0,0.0
26.200349,baseline_04_yaw_rotation,Yaw,ramp,0.022782,0,172.62408447265625,172.62408447265625,172.62510833740237,-0.0010238647461164,0.0010238647461164,0.003797,0,0.0,0.0008354568481607,0,0,0,W20_N5_mean1.25x,20,5,1.25,1477,Yaw_hybrid_prediction,/home/tchowdh4/sensor_recovery_project/logs/extracted_csv/baseline_04_yaw_rotation_ATT.csv,/home/tchowdh4/sensor_recovery_project/prediction_results_v9_trained_hybrid/baseline_04_yaw_rotation_ATT_trained_hybrid_prediction_outputs.csv,172.62408447265625,attacked_measurement,0.0,0.0
26.300309,baseline_04_yaw_rotation,Yaw,ramp,0.022782,0,172.62596130371094,172.62596130371094,172.62699356079102,-0.0010322570800838,0.0010322570800838,0.003797,0,0.0,0.0008547592163239,0,0,0,W20_N5_mean1.25x,20,5,1.25,1477,Yaw_hybrid_prediction,/home/tchowdh4/sensor_recovery_project/logs/extracted_csv/baseline_04_yaw_rotation_ATT.csv,/home/tchowdh4/sensor_recovery_project/prediction_results_v9_trained_hybrid/baseline_04_yaw_rotation_ATT_trained_hybrid_prediction_outputs.csv,172.62596130371094,attacked_measurement,0.0,0.0
26.400269,baseline_04_yaw_rotation,Yaw,ramp,0.022782,0,172.6278076171875,172.6278076171875,172.62882308959962,-0.0010154724121207,0.0010154724121207,0.003797,0,0.0,0.0008744812011869,0,0,0,W20_N5_mean1.25x,20,5,1.25,1477,Yaw_hybrid_prediction,/home/tchowdh4/sensor_recovery_project/logs/extracted_csv/baseline_04_yaw_rotation_ATT.csv,/home/tchowdh4/sensor_recovery_project/prediction_results_v9_trained_hybrid/baseline_04_yaw_rotation_ATT_trained_hybrid_prediction_outputs.csv,172.6278076171875,attacked_measurement,0.0,0.0
26.500229,baseline_04_yaw_rotation,Yaw,ramp,0.022782,0,172.62948608398438,172.62948608398438,172.63040924072266,-0.0009231567382812,0.0009231567382812,0.003797,0,0.0,0.0008853912353657,0,0,0,W20_N5_mean1.25x,20,5,1.25,1477,Yaw_hybrid_prediction,/home/tchowdh4/sensor_recovery_project/logs/extracted_csv/baseline_04_yaw_rotation_ATT.csv,/home/tchowdh4/sensor_recovery_project/prediction_results_v9_trained_hybrid/baseline_04_yaw_rotation_ATT_trained_hybrid_prediction_outputs.csv,172.62948608398438,attacked_measurement,0.0,0.0
26.600189,baseline_04_yaw_rotation,Yaw,ramp,0.022782,0,172.63140869140625,172.63140869140625,172.6324661254883,-0.0010574340820426,0.0010574340820426,0.003797,0,0.0,0.0009088897705225,0,0,0,W20_N5_mean1.25x,20,5,1.25,1477,Yaw_hybrid_prediction,/home/tchowdh4/sensor_recovery_project/logs/extracted_csv/baseline_04_yaw_rotation_ATT.csv,/home/tchowdh4/sensor_recovery_project/prediction_results_v9_trained_hybrid/baseline_04_yaw_rotation_ATT_trained_hybrid_prediction_outputs.csv,172.63140869140625,attacked_measurement,0.0,0.0
26.700149,baseline_04_yaw_rotation,Yaw,ramp,0.022782,0,172.63331604003906,172.63331604003906,172.6343650817871,-0.0010490417480468,0.0010490417480468,0.003797,0,0.0,0.0009206390380995,0,0,0,W20_N5_mean1.25x,20,5,1.25,1477,Yaw_hybrid_prediction,/home/tchowdh4/sensor_recovery_project/logs/extracted_csv/baseline_04_yaw_rotation_ATT.csv,/home/tchowdh4/sensor_recovery_project/prediction_results_v9_trained_hybrid/baseline_04_yaw_rotation_ATT_trained_hybrid_prediction_outputs.csv,172.63331604003906,attacked_measurement,0.0,0.0
26.800109,baseline_04_yaw_rotation,Yaw,ramp,0.022782,0,172.63528442382812,172.63528442382812,172.63636703491213,-0.0010826110840014,0.0010826110840014,0.003797,0,0.0,0.0009395217895644,0,0,0,W20_N5_mean1.25x,20,5,1.25,1477,Yaw_hybrid_prediction,/home/tchowdh4/sensor_recovery_project/logs/extracted_csv/baseline_04_yaw_rotation_ATT.csv,/home/tchowdh4/sensor_recovery_project/prediction_results_v9_trained_hybrid/baseline_04_yaw_rotation_ATT_trained_hybrid_prediction_outputs.csv,172.63528442382812,attacked_measurement,0.0,0.0
26.900069,baseline_04_yaw_rotation,Yaw,ramp,0.022782,0,172.63731384277344,172.63731384277344,172.63843002319337,-0.0011161804199275,0.0011161804199275,0.003797,0,0.0,0.000955467224135,0,0,0,W20_N5_mean1.25x,20,5,1.25,1477,Yaw_hybrid_prediction,/home/tchowdh4/sensor_recovery_project/logs/extracted_csv/baseline_04_yaw_rotation_ATT.csv,/home/tchowdh4/sensor_recovery_project/prediction_results_v9_trained_hybrid/baseline_04_yaw_rotation_ATT_trained_hybrid_prediction_outputs.csv,172.63731384277344,attacked_measurement,0.0,0.0
27.000029,baseline_04_yaw_rotation,Yaw,ramp,0.022782,0,172.63934326171875,172.63934326171875,172.6404594421387,-0.0011161804199559,0.0011161804199559,0.003797,0,0.0,0.0009688949585111,0,0,0,W20_N5_mean1.25x,20,5,1.25,1477,Yaw_hybrid_prediction,/home/tchowdh4/sensor_recovery_project/logs/extracted_csv/baseline_04_yaw_rotation_ATT.csv,/home/tchowdh4/sensor_recovery_project/prediction_results_v9_trained_hybrid/baseline_04_yaw_rotation_ATT_trained_hybrid_prediction_outputs.csv,172.63934326171875,attacked_measurement,0.0,0.0
27.099989,baseline_04_yaw_rotation,Yaw,ramp,0.022782,0,172.64120483398438,172.64120483398438,172.6422286987305,-0.0010238647461164,0.0010238647461164,0.003797,0,0.0,0.0009819030761875,0,0,0,W20_N5_mean1.25x,20,5,1.25,1477,Yaw_hybrid_prediction,/home/tchowdh4/sensor_recovery_project/logs/extracted_csv/baseline_04_yaw_rotation_ATT.csv,/home/tchowdh4/sensor_recovery_project/prediction_results_v9_trained_hybrid/baseline_04_yaw_rotation_ATT_trained_hybrid_prediction_outputs.csv,172.64120483398438,attacked_measurement,0.0,0.0
27.200782,baseline_04_yaw_rotation,Yaw,ramp,0.022782,0,172.6433563232422,172.6433563232422,172.644539642334,-0.0011833190918082,0.0011833190918082,0.003797,0,0.0,0.0010007858276523,0,0,0,W20_N5_mean1.25x,20,5,1.25,1477,Yaw_hybrid_prediction,/home/tchowdh4/sensor_recovery_project/logs/extracted_csv/baseline_04_yaw_rotation_ATT.csv,/home/tchowdh4/sensor_recovery_project/prediction_results_v9_trained_hybrid/baseline_04_yaw_rotation_ATT_trained_hybrid_prediction_outputs.csv,172.6433563232422,attacked_measurement,0.0,0.0
27.300742,baseline_04_yaw_rotation,Yaw,ramp,0.022782,0,172.64517211914062,172.64517211914062,172.64617080688475,-0.0009986877441292,0.0009986877441292,0.003797,0,0.0,0.0010121154785295,0,0,0,W20_N5_mean1.25x,20,5,1.25,1477,Yaw_hybrid_prediction,/home/tchowdh4/sensor_recovery_project/logs/extracted_csv/baseline_04_yaw_rotation_ATT.csv,/home/tchowdh4/sensor_recovery_project/prediction_results_v9_trained_hybrid/baseline_04_yaw_rotation_ATT_trained_hybrid_prediction_outputs.csv,172.64517211914062,attacked_measurement,0.0,0.0
27.400702,baseline_04_yaw_rotation,Yaw,ramp,0.022782,0,172.6470184326172,172.6470184326172,172.6480339050293,-0.0010154724121207,0.0010154724121207,0.003797,0,0.0,0.001014633178724,0,0,0,W20_N5_mean1.25x,20,5,1.25,1477,Yaw_hybrid_prediction,/home/tchowdh4/sensor_recovery_project/logs/extracted_csv/baseline_04_yaw_rotation_ATT.csv,/home/tchowdh4/sensor_recovery_project/prediction_results_v9_trained_hybrid/baseline_04_yaw_rotation_ATT_trained_hybrid_prediction_outputs.csv,172.6470184326172,attacked_measurement,0.0,0.0
27.500662,baseline_04_yaw_rotation,Yaw,ramp,0.022782,0,172.64923095703125,172.64923095703125,172.65044784545898,-0.0012168884277343,0.0012168884277343,0.003797,0,0.0,0.0010230255127083,0,0,0,W20_N5_mean1.25x,20,5,1.25,1477,Yaw_hybrid_prediction,/home/tchowdh4/sensor_recovery_project/logs/extracted_csv/baseline_04_yaw_rotation_ATT.csv,/home/tchowdh4/sensor_recovery_project/prediction_results_v9_trained_hybrid/baseline_04_yaw_rotation_ATT_trained_hybrid_prediction_outputs.csv,172.64923095703125,attacked_measurement,0.0,0.0
27.600622,baseline_04_yaw_rotation,Yaw,ramp,0.022782,0,172.65145874023438,172.65145874023438,172.6526840209961,-0.0012252807617301,0.0012252807617301,0.003797,0,0.0,0.0010435867309695,0,0,0,W20_N5_mean1.25x,20,5,1.25,1477,Yaw_hybrid_prediction,/home/tchowdh4/sensor_recovery_project/logs/extracted_csv/baseline_04_yaw_rotation_ATT.csv,/home/tchowdh4/sensor_recovery_project/prediction_results_v9_trained_hybrid/baseline_04_yaw_rotation_ATT_trained_hybrid_prediction_outputs.csv,172.65145874023438,attacked_measurement,0.0,0.0
27.700582,baseline_04_yaw_rotation,Yaw,ramp,0.022782,0,172.65362548828125,172.65362548828125,172.65481719970705,-0.0011917114258039,0.0011917114258039,0.003797,0,0.0,0.0010570144653456,0,0,0,W20_N5_mean1.25x,20,5,1.25,1477,Yaw_hybrid_prediction,/home/tchowdh4/sensor_recovery_project/logs/extracted_csv/baseline_04_yaw_rotation_ATT.csv,/home/tchowdh4/sensor_recovery_project/prediction_results_v9_trained_hybrid/baseline_04_yaw_rotation_ATT_trained_hybrid_prediction_outputs.csv,172.65362548828125,attacked_measurement,0.0,0.0
27.800542,baseline_04_yaw_rotation,Yaw,ramp,0.022782,0,172.65585327148438,172.65585327148438,172.6570785522461,-0.0012252807617301,0.0012252807617301,0.003797,0,0.0,0.0010733795166146,0,0,0,W20_N5_mean1.25x,20,5,1.25,1477,Yaw_hybrid_prediction,/home/tchowdh4/sensor_recovery_project/logs/extracted_csv/baseline_04_yaw_rotation_ATT.csv,/home/tchowdh4/sensor_recovery_project/prediction_results_v9_trained_hybrid/baseline_04_yaw_rotation_ATT_trained_hybrid_prediction_outputs.csv,172.65585327148438,attacked_measurement,0.0,0.0
27.900502,baseline_04_yaw_rotation,Yaw,ramp,0.022782,0,172.65798950195312,172.65798950195312,172.65916442871094,-0.0011749267578125,0.0011749267578125,0.003797,0,0.0,0.0010813522338992,0,0,0,W20_N5_mean1.25x,20,5,1.25,1477,Yaw_hybrid_prediction,/home/tchowdh4/sensor_recovery_project/logs/extracted_csv/baseline_04_yaw_rotation_ATT.csv,/home/tchowdh4/sensor_recovery_project/prediction_results_v9_trained_hybrid/baseline_04_yaw_rotation_ATT_trained_hybrid_prediction_outputs.csv,172.65798950195312,attacked_measurement,0.0,0.0
28.000462,baseline_04_yaw_rotation,Yaw,ramp,0.022782,0,172.66021728515625,172.66021728515625,172.66144256591798,-0.0012252807617301,0.0012252807617301,0.003797,0,0.0,0.001095619201672,0,0,0,W20_N5_mean1.25x,20,5,1.25,1477,Yaw_hybrid_prediction,/home/tchowdh4/sensor_recovery_project/logs/extracted_csv/baseline_04_yaw_rotation_ATT.csv,/home/tchowdh4/sensor_recovery_project/prediction_results_v9_trained_hybrid/baseline_04_yaw_rotation_ATT_trained_hybrid_prediction_outputs.csv,172.66021728515625,attacked_measurement,0.0,0.0
28.100422,baseline_04_yaw_rotation,Yaw,ramp,0.022782,0,172.66226196289062,172.66226196289062,172.66338653564452,-0.0011245727538948,0.0011245727538948,0.003797,0,0.0,0.0011010742187593,0,0,0,W20_N5_mean1.25x,20,5,1.25,1477,Yaw_hybrid_prediction,/home/tchowdh4/sensor_recovery_project/logs/extracted_csv/baseline_04_yaw_rotation_ATT.csv,/home/tchowdh4/sensor_recovery_project/prediction_results_v9_trained_hybrid/baseline_04_yaw_rotation_ATT_trained_hybrid_prediction_outputs.csv,172.66226196289062,attacked_measurement,0.0,0.0
28.200382,baseline_04_yaw_rotation,Yaw,ramp,0.022782,0,172.66452026367188,172.66452026367188,172.6657623291016,-0.0012420654297216,0.0012420654297216,0.003797,0,0.0,0.0011119842529396,0,0,0,W20_N5_mean1.25x,20,5,1.25,1477,Yaw_hybrid_prediction,/home/tchowdh4/sensor_recovery_project/logs/extracted_csv/baseline_04_yaw_rotation_ATT.csv,/home/tchowdh4/sensor_recovery_project/prediction_results_v9_trained_hybrid/baseline_04_yaw_rotation_ATT_trained_hybrid_prediction_outputs.csv,172.66452026367188,attacked_measurement,0.0,0.0
28.300342,baseline_04_yaw_rotation,Yaw,ramp,0.022782,0,172.6665496826172,172.6665496826172,172.66766586303712,-0.0011161804199275,0.0011161804199275,0.003797,0,0.0,0.0011161804199318,0,0,0,W20_N5_mean1.25x,20,5,1.25,1477,Yaw_hybrid_prediction,/home/tchowdh4/sensor_recovery_project/logs/extracted_csv/baseline_04_yaw_rotation_ATT.csv,/home/tchowdh4/sensor_recovery_project/prediction_results_v9_trained_hybrid/baseline_04_yaw_rotation_ATT_trained_hybrid_prediction_outputs.csv,172.6665496826172,attacked_measurement,0.0,0.0
28.400302,baseline_04_yaw_rotation,Yaw,ramp,0.022782,0,172.66871643066406,172.66871643066406,172.66990814208987,-0.0011917114258039,0.0011917114258039,0.003797,0,0.0,0.0011249923706159,0,0,0,W20_N5_mean1.25x,20,5,1.25,1477,Yaw_hybrid_prediction,/home/tchowdh4/sensor_recovery_project/logs/extracted_csv/baseline_04_yaw_rotation_ATT.csv,/home/tchowdh4/sensor_recovery_project/prediction_results_v9_trained_hybrid/baseline_04_yaw_rotation_ATT_trained_hybrid_prediction_outputs.csv,172.66871643066406,attacked_measurement,0.0,0.0
28.500262,baseline_04_yaw_rotation,Yaw,ramp,0.022782,0,172.6710205078125,172.6710205078125,172.67228775024415,-0.0012672424316519,0.0012672424316519,0.003797,0,0.0,0.0011421966552845,0,0,0,W20_N5_mean1.25x,20,5,1.25,1477,Yaw_hybrid_prediction,/home/tchowdh4/sensor_recovery_project/logs/extracted_csv/baseline_04_yaw_rotation_ATT.csv,/home/tchowdh4/sensor_recovery_project/prediction_results_v9_trained_hybrid/baseline_04_yaw_rotation_ATT_trained_hybrid_prediction_outputs.csv,172.6710205078125,attacked_measurement,0.0,0.0
28.600222,baseline_04_yaw_rotation,Yaw,ramp,0.022782,0,172.6732940673828,172.6732940673828,172.6745445251465,-0.0012504577636889,0.0012504577636889,0.003797,0,0.0,0.0011518478393668,0,0,0,W20_N5_mean1.25x,20,5,1.25,1477,Yaw_hybrid_prediction,/home/tchowdh4/sensor_recovery_project/logs/extracted_csv/baseline_04_yaw_rotation_ATT.csv,/home/tchowdh4/sensor_recovery_project/prediction_results_v9_trained_hybrid/baseline_04_yaw_rotation_ATT_trained_hybrid_prediction_outputs.csv,172.6732940673828,attacked_measurement,0.0,0.0
28.700182,baseline_04_yaw_rotation,Yaw,ramp,0.022782,0,172.6756591796875,172.6756591796875,172.67695999145508,-0.0013008117675781,0.0013008117675781,0.003797,0,0.0,0.0011644363403434,0,0,0,W20_N5_mean1.25x,20,5,1.25,1477,Yaw_hybrid_prediction,/home/tchowdh4/sensor_recovery_project/logs/extracted_csv/baseline_04_yaw_rotation_ATT.csv,/home/tchowdh4/sensor_recovery_project/prediction_results_v9_trained_hybrid/baseline_04_yaw_rotation_ATT_trained_hybrid_prediction_outputs.csv,172.6756591796875,attacked_measurement,0.0,0.0
28.800142,baseline_04_yaw_rotation,Yaw,ramp,0.022782,0,172.6778106689453,172.6778106689453,172.67899398803712,-0.0011833190918082,0.0011833190918082,0.003797,0,0.0,0.0011694717407337,0,0,0,W20_N5_mean1.25x,20,5,1.25,1477,Yaw_hybrid_prediction,/home/tchowdh4/sensor_recovery_project/logs/extracted_csv/baseline_04_yaw_rotation_ATT.csv,/home/tchowdh4/sensor_recovery_project/prediction_results_v9_trained_hybrid/baseline_04_yaw_rotation_ATT_trained_hybrid_prediction_outputs.csv,172.6778106689453,attacked_measurement,0.0,0.0
28.900102,baseline_04_yaw_rotation,Yaw,ramp,0.022782,0,172.68038940429688,172.68038940429688,172.68180770874025,-0.0014183044433764,0.0014183044433764,0.003797,0,0.0,0.0011845779419061,0,0,0,W20_N5_mean1.25x,20,5,1.25,1477,Yaw_hybrid_prediction,/home/tchowdh4/sensor_recovery_project/logs/extracted_csv/baseline_04_yaw_rotation_ATT.csv,/home/tchowdh4/sensor_recovery_project/prediction_results_v9_trained_hybrid/baseline_04_yaw_rotation_ATT_trained_hybrid_prediction_outputs.csv,172.68038940429688,attacked_measurement,0.0,0.0
29.000062,baseline_04_yaw_rotation,Yaw,ramp,0.022782,0,172.6826171875,172.6826171875,172.68384246826173,-0.0012252807617301,0.0012252807617301,0.003797,0,0.0,0.0011900329589948,0,0,0,W20_N5_mean1.25x,20,5,1.25,1477,Yaw_hybrid_prediction,/home/tchowdh4/sensor_recovery_project/logs/extracted_csv/baseline_04_yaw_rotation_ATT.csv,/home/tchowdh4/sensor_recovery_project/prediction_results_v9_trained_hybrid/baseline_04_yaw_rotation_ATT_trained_hybrid_prediction_outputs.csv,172.6826171875,attacked_measurement,0.0,0.0
29.100022,baseline_04_yaw_rotation,Yaw,ramp,0.022782,0,172.68499755859375,172.68499755859375,172.68630676269532,-0.0013092041015738,0.0013092041015738,0.003797,0,0.0,0.0012042999267677,0,0,0,W20_N5_mean1.25x,20,5,1.25,1477,Yaw_hybrid_prediction,/home/tchowdh4/sensor_recovery_project/logs/extracted_csv/baseline_04_yaw_rotation_ATT.csv,/home/tchowdh4/sensor_recovery_project/prediction_results_v9_trained_hybrid/baseline_04_yaw_rotation_ATT_trained_hybrid_prediction_outputs.csv,172.68499755859375,attacked_measurement,0.0,0.0
29.199982,baseline_04_yaw_rotation,Yaw,ramp,0.022782,0,172.687255859375,172.687255859375,172.68849792480472,-0.0012420654297216,0.0012420654297216,0.003797,0,0.0,0.0012072372436634,0,0,0,W20_N5_mean1.25x,20,5,1.25,1477,Yaw_hybrid_prediction,/home/tchowdh4/sensor_recovery_project/logs/extracted_csv/baseline_04_yaw_rotation_ATT.csv,/home/tchowdh4/sensor_recovery_project/prediction_results_v9_trained_hybrid/baseline_04_yaw_rotation_ATT_trained_hybrid_prediction_outputs.csv,172.687255859375,attacked_measurement,0.0,0.0
29.300775,baseline_04_yaw_rotation,Yaw,ramp,0.022782,0,172.6896514892578,172.6896514892578,172.69096908569338,-0.0013175964355696,0.0013175964355696,0.003797,0,0.0,0.0012231826782354,0,0,0,W20_N5_mean1.25x,20,5,1.25,1477,Yaw_hybrid_prediction,/home/tchowdh4/sensor_recovery_project/logs/extracted_csv/baseline_04_yaw_rotation_ATT.csv,/home/tchowdh4/sensor_recovery_project/prediction_results_v9_trained_hybrid/baseline_04_yaw_rotation_ATT_trained_hybrid_prediction_outputs.csv,172.6896514892578,attacked_measurement,0.0,0.0
29.400735,baseline_04_yaw_rotation,Yaw,ramp,0.022782,0,172.6920166015625,172.6920166015625,172.69331741333008,-0.0013008117675781,0.0013008117675781,0.003797,0,0.0,0.0012374496460083,0,0,0,W20_N5_mean1.25x,20,5,1.25,1477,Yaw_hybrid_prediction,/home/tchowdh4/sensor_recovery_project/logs/extracted_csv/baseline_04_yaw_rotation_ATT.csv,/home/tchowdh4/sensor_recovery_project/prediction_results_v9_trained_hybrid/baseline_04_yaw_rotation_ATT_trained_hybrid_prediction_outputs.csv,172.6920166015625,attacked_measurement,0.0,0.0
29.500695,baseline_04_yaw_rotation,Yaw,ramp,0.022782,0,172.69436645507812,172.69436645507812,172.69565887451174,-0.0012924194336108,0.0012924194336108,0.003797,0,0.0,0.0012412261963021,0,0,0,W20_N5_mean1.25x,20,5,1.25,1477,Yaw_hybrid_prediction,/home/tchowdh4/sensor_recovery_project/logs/extracted_csv/baseline_04_yaw_rotation_ATT.csv,/home/tchowdh4/sensor_recovery_project/prediction_results_v9_trained_hybrid/baseline_04_yaw_rotation_ATT_trained_hybrid_prediction_outputs.csv,172.69436645507812,attacked_measurement,0.0,0.0
29.600655,baseline_04_yaw_rotation,Yaw,ramp,0.022782,0,172.6967010498047,172.6967010498047,172.6979850769043,-0.001284027099615,0.001284027099615,0.003797,0,0.0,0.0012441635131963,0,0,0,W20_N5_mean1.25x,20,5,1.25,1477,Yaw_hybrid_prediction,/home/tchowdh4/sensor_recovery_project/logs/extracted_csv/baseline_04_yaw_rotation_ATT.csv,/home/tchowdh4/sensor_recovery_project/prediction_results_v9_trained_hybrid/baseline_04_yaw_rotation_ATT_trained_hybrid_prediction_outputs.csv,172.6967010498047,attacked_measurement,0.0,0.0
29.700615,baseline_04_yaw_rotation,Yaw,ramp,0.022782,0,172.69908142089844,172.69908142089844,172.700390625,-0.0013092041015738,0.0013092041015738,0.003797,0,0.0,0.0012500381469848,0,0,0,W20_N5_mean1.25x,20,5,1.25,1477,Yaw_hybrid_prediction,/home/tchowdh4/sensor_recovery_project/logs/extracted_csv/baseline_04_yaw_rotation_ATT.csv,/home/tchowdh4/sensor_recovery_project/prediction_results_v9_trained_hybrid/baseline_04_yaw_rotation_ATT_trained_hybrid_prediction_outputs.csv,172.69908142089844,attacked_measurement,0.0,0.0
29.800575,baseline_04_yaw_rotation,Yaw,ramp,0.022782,0,172.70169067382812,172.70169067382812,172.70312576293946,-0.0014350891113394,0.0014350891113394,0.003797,0,0.0,0.0012605285644653,0,0,0,W20_N5_mean1.25x,20,5,1.25,1477,Yaw_hybrid_prediction,/home/tchowdh4/sensor_recovery_project/logs/extracted_csv/baseline_04_yaw_rotation_ATT.csv,/home/tchowdh4/sensor_recovery_project/prediction_results_v9_trained_hybrid/baseline_04_yaw_rotation_ATT_trained_hybrid_prediction_outputs.csv,172.70169067382812,attacked_measurement,0.0,0.0
29.900535,baseline_04_yaw_rotation,Yaw,ramp,0.022782,0,172.7039031982422,172.7039031982422,172.70512008666992,-0.0012168884277343,0.0012168884277343,0.003797,0,0.0,0.0012626266479614,0,0,0,W20_N5_mean1.25x,20,5,1.25,1477,Yaw_hybrid_prediction,/home/tchowdh4/sensor_recovery_project/logs/extracted_csv/baseline_04_yaw_rotation_ATT.csv,/home/tchowdh4/sensor_recovery_project/prediction_results_v9_trained_hybrid/baseline_04_yaw_rotation_ATT_trained_hybrid_prediction_outputs.csv,172.7039031982422,attacked_measurement,0.0,0.0
30.000495,baseline_04_yaw_rotation,Yaw,ramp,0.022782,0,172.7064971923828,172.7064971923828,172.70792388916016,-0.0014266967773437,0.0014266967773437,0.003797,0,0.0,0.0012726974487421,0,0,0,W20_N5_mean1.25x,20,5,1.25,1477,Yaw_hybrid_prediction,/home/tchowdh4/sensor_recovery_project/logs/extracted_csv/baseline_04_yaw_rotation_ATT.csv,/home/tchowdh4/sensor_recovery_project/prediction_results_v9_trained_hybrid/baseline_04_yaw_rotation_ATT_trained_hybrid_prediction_outputs.csv,172.7064971923828,attacked_measurement,0.0,0.0
30.100455,baseline_04_yaw_rotation,Yaw,ramp,0.022782,0,172.708740234375,172.708740234375,172.70997390747073,-0.0012336730957258,0.0012336730957258,0.003797,0,0.0,0.0012781524658336,0,0,0,W20_N5_mean1.25x,20,5,1.25,1477,Yaw_hybrid_prediction,/home/tchowdh4/sensor_recovery_project/logs/extracted_csv/baseline_04_yaw_rotation_ATT.csv,/home/tchowdh4/sensor_recovery_project/prediction_results_v9_trained_hybrid/baseline_04_yaw_rotation_ATT_trained_hybrid_prediction_outputs.csv,172.708740234375,attacked_measurement,0.0,0.0
30.200415,baseline_04_yaw_rotation,Yaw,ramp,0.022782,0,172.7110595703125,172.7110595703125,172.71233520507815,-0.0012756347656477,0.0012756347656477,0.003797,0,0.0,0.0012798309326299,0,0,0,W20_N5_mean1.25x,20,5,1.25,1477,Yaw_hybrid_prediction,/home/tchowdh4/sensor_recovery_project/logs/extracted_csv/baseline_04_yaw_rotation_ATT.csv,/home/tchowdh4/sensor_recovery_project/prediction_results_v9_trained_hybrid/baseline_04_yaw_rotation_ATT_trained_hybrid_prediction_outputs.csv,172.7110595703125,attacked_measurement,0.0,0.0
30.300375,baseline_04_yaw_rotation,Yaw,ramp,0.022782,0,172.71348571777344,172.71348571777344,172.71482009887697,-0.0013343811035326,0.0013343811035326,0.003797,0,0.0,0.0012907409668102,0,0,0,W20_N5_mean1.25x,20,5,1.25,1477,Yaw_hybrid_prediction,/home/tchowdh4/sensor_recovery_project/logs/extracted_csv/baseline_04_yaw_rotation_ATT.csv,/home/tchowdh4/sensor_recovery_project/prediction_results_v9_trained_hybrid/baseline_04_yaw_rotation_ATT_trained_hybrid_prediction_outputs.csv,172.71348571777344,attacked_measurement,0.0,0.0
30.400335,baseline_04_yaw_rotation,Yaw,ramp,0.022782,0,172.7159881591797,172.7159881591797,172.7173645019531,-0.0013763427734261,0.0013763427734261,0.003797,0,0.0,0.0012999725341913,0,0,0,W20_N5_mean1.25x,20,5,1.25,1477,Yaw_hybrid_prediction,/home/tchowdh4/sensor_recovery_project/logs/extracted_csv/baseline_04_yaw_rotation_ATT.csv,/home/tchowdh4/sensor_recovery_project/prediction_results_v9_trained_hybrid/baseline_04_yaw_rotation_ATT_trained_hybrid_prediction_outputs.csv,172.7159881591797,attacked_measurement,0.0,0.0
30.500295,baseline_04_yaw_rotation,Yaw,ramp,0.022782,0,172.7183837890625,172.7183837890625,172.71970138549807,-0.0013175964355696,0.0013175964355696,0.003797,0,0.0,0.0013024902343872,0,0,0,W20_N5_mean1.25x,20,5,1.25,1477,Yaw_hybrid_prediction,/home/tchowdh4/sensor_recovery_project/logs/extracted_csv/baseline_04_yaw_rotation_ATT.csv,/home/tchowdh4/sensor_recovery_project/prediction_results_v9_trained_hybrid/baseline_04_yaw_rotation_ATT_trained_hybrid_prediction_outputs.csv,172.7183837890625,attacked_measurement,0.0,0.0
30.600255,baseline_04_yaw_rotation,Yaw,ramp,0.022782,0,172.72091674804688,172.72091674804688,172.7223098754883,-0.0013931274414176,0.0013931274414176,0.003797,0,0.0,0.0013096237182736,0,0,0,W20_N5_mean1.25x,20,5,1.25,1477,Yaw_hybrid_prediction,/home/tchowdh4/sensor_recovery_project/logs/extracted_csv/baseline_04_yaw_rotation_ATT.csv,/home/tchowdh4/sensor_recovery_project/prediction_results_v9_trained_hybrid/baseline_04_yaw_rotation_ATT_trained_hybrid_prediction_outputs.csv,172.72091674804688,attacked_measurement,0.0,0.0
30.700215,baseline_04_yaw_rotation,Yaw,ramp,0.022782,0,172.72344970703125,172.72344970703125,172.72484283447267,-0.0013931274414176,0.0013931274414176,0.003797,0,0.0,0.0013142395019656,0,0,0,W20_N5_mean1.25x,20,5,1.25,1477,Yaw_hybrid_prediction,/home/tchowdh4/sensor_recovery_project/logs/extracted_csv/baseline_04_yaw_rotation_ATT.csv,/home/tchowdh4/sensor_recovery_project/prediction_results_v9_trained_hybrid/baseline_04_yaw_rotation_ATT_trained_hybrid_prediction_outputs.csv,172.72344970703125,attacked_measurement,0.0,0.0
30.800175,baseline_04_yaw_rotation,Yaw,ramp,0.022782,0,172.72608947753906,172.72608947753906,172.7275413513184,-0.0014518737793309,0.0014518737793309,0.003797,0,0.0,0.0013276672363417,0,0,0,W20_N5_mean1.25x,20,5,1.25,1477,Yaw_hybrid_prediction,/home/tchowdh4/sensor_recovery_project/logs/extracted_csv/baseline_04_yaw_rotation_ATT.csv,/home/tchowdh4/sensor_recovery_project/prediction_results_v9_trained_hybrid/baseline_04_yaw_rotation_ATT_trained_hybrid_prediction_outputs.csv,172.72608947753906,attacked_measurement,0.0,0.0
30.900135,baseline_04_yaw_rotation,Yaw,ramp,0.022782,0,172.72874450683594,172.72874450683594,172.73020477294924,-0.0014602661132983,0.0014602661132983,0.003797,0,0.0,0.0013297653198378,0,0,0,W20_N5_mean1.25x,20,5,1.25,1477,Yaw_hybrid_prediction,/home/tchowdh4/sensor_recovery_project/logs/extracted_csv/baseline_04_yaw_rotation_ATT.csv,/home/tchowdh4/sensor_recovery_project/prediction_results_v9_trained_hybrid/baseline_04_yaw_rotation_ATT_trained_hybrid_prediction_outputs.csv,172.72874450683594,attacked_measurement,0.0,0.0
31.000095,baseline_04_yaw_rotation,Yaw,ramp,0.022782,0,172.73121643066406,172.73121643066406,172.73257598876955,-0.0013595581054914,0.0013595581054914,0.003797,0,0.0,0.0013364791870259,0,0,0,W20_N5_mean1.25x,20,5,1.25,1477,Yaw_hybrid_prediction,/home/tchowdh4/sensor_recovery_project/logs/extracted_csv/baseline_04_yaw_rotation_ATT.csv,/home/tchowdh4/sensor_recovery_project/prediction_results_v9_trained_hybrid/baseline_04_yaw_rotation_ATT_trained_hybrid_prediction_outputs.csv,172.73121643066406,attacked_measurement,0.0,0.0
31.100055,baseline_04_yaw_rotation,Yaw,ramp,0.022782,0,172.7335968017578,172.7335968017578,172.7349060058594,-0.0013092041015738,0.0013092041015738,0.003797,0,0.0,0.0013364791870259,0,0,0,W20_N5_mean1.25x,20,5,1.25,1477,Yaw_hybrid_prediction,/home/tchowdh4/sensor_recovery_project/logs/extracted_csv/baseline_04_yaw_rotation_ATT.csv,/home/tchowdh4/sensor_recovery_project/prediction_results_v9_trained_hybrid/baseline_04_yaw_rotation_ATT_trained_hybrid_prediction_outputs.csv,172.7335968017578,attacked_measurement,0.0,0.0
31.200015,baseline_04_yaw_rotation,Yaw,ramp,0.022782,0,172.7361297607422,172.7361297607422,172.7375228881836,-0.0013931274414176,0.0013931274414176,0.003797,0,0.0,0.0013440322876107,0,0,0,W20_N5_mean1.25x,20,5,1.25,1477,Yaw_hybrid_prediction,/home/tchowdh4/sensor_recovery_project/logs/extracted_csv/baseline_04_yaw_rotation_ATT.csv,/home/tchowdh4/sensor_recovery_project/prediction_results_v9_trained_hybrid/baseline_04_yaw_rotation_ATT_trained_hybrid_prediction_outputs.csv,172.7361297607422,attacked_measurement,0.0,0.0
31.299975,baseline_04_yaw_rotation,Yaw,ramp,0.022782,0,172.7388153076172,172.7388153076172,172.74029235839845,-0.0014770507812613,0.0014770507812613,0.003797,0,0.0,0.0013520050048953,0,0,0,W20_N5_mean1.25x,20,5,1.25,1477,Yaw_hybrid_prediction,/home/tchowdh4/sensor_recovery_project/logs/extracted_csv/baseline_04_yaw_rotation_ATT.csv,/home/tchowdh4/sensor_recovery_project/prediction_results_v9_trained_hybrid/baseline_04_yaw_rotation_ATT_trained_hybrid_prediction_outputs.csv,172.7388153076172,attacked_measurement,0.0,0.0
31.400768,baseline_04_yaw_rotation,Yaw,ramp,0.022782,0,172.74124145507812,172.74124145507812,172.74257583618163,-0.0013343811035042,0.0013343811035042,0.003797,0,0.0,0.0013536834716916,0,0,0,W20_N5_mean1.25x,20,5,1.25,1477,Yaw_hybrid_prediction,/home/tchowdh4/sensor_recovery_project/logs/extracted_csv/baseline_04_yaw_rotation_ATT.csv,/home/tchowdh4/sensor_recovery_project/prediction_results_v9_trained_hybrid/baseline_04_yaw_rotation_ATT_trained_hybrid_prediction_outputs.csv,172.74124145507812,attacked_measurement,0.0,0.0
31.500728,baseline_04_yaw_rotation,Yaw,ramp,0.022782,0,172.74374389648438,172.74374389648438,172.7451202392578,-0.0013763427734261,0.0013763427734261,0.003797,0,0.0,0.0013578796386823,0,0,0,W20_N5_mean1.25x,20,5,1.25,1477,Yaw_hybrid_prediction,/home/tchowdh4/sensor_recovery_project/logs/extracted_csv/baseline_04_yaw_rotation_ATT.csv,/home/tchowdh4/sensor_recovery_project/prediction_results_v9_trained_hybrid/baseline_04_yaw_rotation_ATT_trained_hybrid_prediction_outputs.csv,172.74374389648438,attacked_measurement,0.0,0.0
31.600688,baseline_04_yaw_rotation,Yaw,ramp,0.022782,0,172.74624633789062,172.74624633789062,172.74762268066408,-0.0013763427734545,0.0013763427734545,0.003797,0,0.0,0.0013624954223743,0,0,0,W20_N5_mean1.25x,20,5,1.25,1477,Yaw_hybrid_prediction,/home/tchowdh4/sensor_recovery_project/logs/extracted_csv/baseline_04_yaw_rotation_ATT.csv,/home/tchowdh4/sensor_recovery_project/prediction_results_v9_trained_hybrid/baseline_04_yaw_rotation_ATT_trained_hybrid_prediction_outputs.csv,172.74624633789062,attacked_measurement,0.0,0.0
31.700648,baseline_04_yaw_rotation,Yaw,ramp,0.022782,0,172.7485809326172,172.7485809326172,172.7498649597168,-0.001284027099615,0.001284027099615,0.003797,0,0.0,0.0013612365722764,0,0,0,W20_N5_mean1.25x,20,5,1.25,1477,Yaw_hybrid_prediction,/home/tchowdh4/sensor_recovery_project/logs/extracted_csv/baseline_04_yaw_rotation_ATT.csv,/home/tchowdh4/sensor_recovery_project/prediction_results_v9_trained_hybrid/baseline_04_yaw_rotation_ATT_trained_hybrid_prediction_outputs.csv,172.7485809326172,attacked_measurement,0.0,0.0
31.800608,baseline_04_yaw_rotation,Yaw,ramp,0.022782,0,172.75111389160156,172.75111389160156,172.75250701904298,-0.0013931274414176,0.0013931274414176,0.003797,0,0.0,0.0013591384887803,0,0,0,W20_N5_mean1.25x,20,5,1.25,1477,Yaw_hybrid_prediction,/home/tchowdh4/sensor_recovery_project/logs/extracted_csv/baseline_04_yaw_rotation_ATT.csv,/home/tchowdh4/sensor_recovery_project/prediction_results_v9_trained_hybrid/baseline_04_yaw_rotation_ATT_trained_hybrid_prediction_outputs.csv,172.75111389160156,attacked_measurement,0.0,0.0
31.900568,baseline_04_yaw_rotation,Yaw,ramp,0.022782,0,172.75350952148438,172.75350952148438,172.75482711791994,-0.0013175964355696,0.0013175964355696,0.003797,0,0.0,0.001364173889172,0,0,0,W20_N5_mean1.25x,20,5,1.25,1477,Yaw_hybrid_prediction,/home/tchowdh4/sensor_recovery_project/logs/extracted_csv/baseline_04_yaw_rotation_ATT.csv,/home/tchowdh4/sensor_recovery_project/prediction_results_v9_trained_hybrid/baseline_04_yaw_rotation_ATT_trained_hybrid_prediction_outputs.csv,172.75350952148438,attacked_measurement,0.0,0.0
32.000528,baseline_04_yaw_rotation,Yaw,ramp,0.022782,0,172.7562713623047,172.7562713623047,172.75779037475587,-0.0015190124511832,0.0015190124511832,0.003797,0,0.0,0.001368789672864,0,0,0,W20_N5_mean1.25x,20,5,1.25,1477,Yaw_hybrid_prediction,/home/tchowdh4/sensor_recovery_project/logs/extracted_csv/baseline_04_yaw_rotation_ATT.csv,/home/tchowdh4/sensor_recovery_project/prediction_results_v9_trained_hybrid/baseline_04_yaw_rotation_ATT_trained_hybrid_prediction_outputs.csv,172.7562713623047,attacked_measurement,0.0,0.0
32.100488,baseline_04_yaw_rotation,Yaw,ramp,0.022782,0,172.7587890625,172.7587890625,172.76017379760742,-0.0013847351074218,0.0013847351074218,0.003797,0,0.0,0.0013763427734488,0,0,0,W20_N5_mean1.25x,20,5,1.25,1477,Yaw_hybrid_prediction,/home/tchowdh4/sensor_recovery_project/logs/extracted_csv/baseline_04_yaw_rotation_ATT.csv,/home/tchowdh4/sensor_recovery_project/prediction_results_v9_trained_hybrid/baseline_04_yaw_rotation_ATT_trained_hybrid_prediction_outputs.csv,172.7587890625,attacked_measurement,0.0,0.0
32.200448,baseline_04_yaw_rotation,Yaw,ramp,0.022782,0,172.76138305664062,172.76138305664062,172.76280975341797,-0.0014266967773437,0.0014266967773437,0.003797,0,0.0,0.0013838958740336,0,0,0,W20_N5_mean1.25x,20,5,1.25,1477,Yaw_hybrid_prediction,/home/tchowdh4/sensor_recovery_project/logs/extracted_csv/baseline_04_yaw_rotation_ATT.csv,/home/tchowdh4/sensor_recovery_project/prediction_results_v9_trained_hybrid/baseline_04_yaw_rotation_ATT_trained_hybrid_prediction_outputs.csv,172.76138305664062,attacked_measurement,0.0,0.0
32.300408,baseline_04_yaw_rotation,Yaw,ramp,0.022782,0,172.7637939453125,172.7637939453125,172.7651199340821,-0.0013259887695937,0.0013259887695937,0.003797,0,0.0,0.0013834762573367,0,0,0,W20_N5_mean1.25x,20,5,1.25,1477,Yaw_hybrid_prediction,/home/tchowdh4/sensor_recovery_project/logs/extracted_csv/baseline_04_yaw_rotation_ATT.csv,/home/tchowdh4/sensor_recovery_project/prediction_results_v9_trained_hybrid/baseline_04_yaw_rotation_ATT_trained_hybrid_prediction_outputs.csv,172.7637939453125,attacked_measurement,0.0,0.0
32.400368,baseline_04_yaw_rotation,Yaw,ramp,0.022782,0,172.7661895751953,172.7661895751953,172.76750717163088,-0.0013175964355696,0.0013175964355696,0.003797,0,0.0,0.0013805389404438,0,0,0,W20_N5_mean1.25x,20,5,1.25,1477,Yaw_hybrid_prediction,/home/tchowdh4/sensor_recovery_project/logs/extracted_csv/baseline_04_yaw_rotation_ATT.csv,/home/tchowdh4/sensor_recovery_project/prediction_results_v9_trained_hybrid/baseline_04_yaw_rotation_ATT_trained_hybrid_prediction_outputs.csv,172.7661895751953,attacked_measurement,0.0,0.0
32.500328,baseline_04_yaw_rotation,Yaw,ramp,0.022782,0,172.7687530517578,172.7687530517578,172.77016296386722,-0.0014099121094091,0.0014099121094091,0.003797,0,0.0,0.0013851547241358,0,0,0,W20_N5_mean1.25x,20,5,1.25,1477,Yaw_hybrid_prediction,/home/tchowdh4/sensor_recovery_project/logs/extracted_csv/baseline_04_yaw_rotation_ATT.csv,/home/tchowdh4/sensor_recovery_project/prediction_results_v9_trained_hybrid/baseline_04_yaw_rotation_ATT_trained_hybrid_prediction_outputs.csv,172.7687530517578,attacked_measurement,0.0,0.0
32.600288,baseline_04_yaw_rotation,Yaw,ramp,0.022782,0,172.7712860107422,172.7712860107422,172.7726791381836,-0.0013931274414176,0.0013931274414176,0.003797,0,0.0,0.0013851547241358,0,0,0,W20_N5_mean1.25x,20,5,1.25,1477,Yaw_hybrid_prediction,/home/tchowdh4/sensor_recovery_project/logs/extracted_csv/baseline_04_yaw_rotation_ATT.csv,/home/tchowdh4/sensor_recovery_project/prediction_results_v9_trained_hybrid/baseline_04_yaw_rotation_ATT_trained_hybrid_prediction_outputs.csv,172.7712860107422,attacked_measurement,0.0,0.0
32.700248,baseline_04_yaw_rotation,Yaw,ramp,0.022782,0,172.7737274169922,172.7737274169922,172.7750701904297,-0.0013427734375,0.0013427734375,0.003797,0,0.0,0.0013826370239399,0,0,0,W20_N5_mean1.25x,20,5,1.25,1477,Yaw_hybrid_prediction,/home/tchowdh4/sensor_recovery_project/logs/extracted_csv/baseline_04_yaw_rotation_ATT.csv,/home/tchowdh4/sensor_recovery_project/prediction_results_v9_trained_hybrid/baseline_04_yaw_rotation_ATT_trained_hybrid_prediction_outputs.csv,172.7737274169922,attacked_measurement,0.0,0.0
32.800208,baseline_04_yaw_rotation,Yaw,ramp,0.022782,0,172.77633666992188,172.77633666992188,172.7777717590332,-0.001435089111311,0.001435089111311,0.003797,0,0.0,0.0013817977905389,0,0,0,W20_N5_mean1.25x,20,5,1.25,1477,Yaw_hybrid_prediction,/home/tchowdh4/sensor_recovery_project/logs/extracted_csv/baseline_04_yaw_rotation_ATT.csv,/home/tchowdh4/sensor_recovery_project/prediction_results_v9_trained_hybrid/baseline_04_yaw_rotation_ATT_trained_hybrid_prediction_outputs.csv,172.77633666992188,attacked_measurement,0.0,0.0
32.900168,baseline_04_yaw_rotation,Yaw,ramp,0.022782,0,172.7788848876953,172.7788848876953,172.78028640747073,-0.0014015197754133,0.0014015197754133,0.003797,0,0.0,0.0013788604736447,0,0,0,W20_N5_mean1.25x,20,5,1.25,1477,Yaw_hybrid_prediction,/home/tchowdh4/sensor_recovery_project/logs/extracted_csv/baseline_04_yaw_rotation_ATT.csv,/home/tchowdh4/sensor_recovery_project/prediction_results_v9_trained_hybrid/baseline_04_yaw_rotation_ATT_trained_hybrid_prediction_outputs.csv,172.7788848876953,attacked_measurement,0.0,0.0
33.000128,baseline_04_yaw_rotation,Yaw,ramp,0.022782,0,172.7812957763672,172.7812957763672,172.78262176513672,-0.0013259887695369,0.0013259887695369,0.003797,0,0.0,0.001377182006847,0,0,0,W20_N5_mean1.25x,20,5,1.25,1477,Yaw_hybrid_prediction,/home/tchowdh4/sensor_recovery_project/logs/extracted_csv/baseline_04_yaw_rotation_ATT.csv,/home/tchowdh4/sensor_recovery_project/prediction_results_v9_trained_hybrid/baseline_04_yaw_rotation_ATT_trained_hybrid_prediction_outputs.csv,172.7812957763672,attacked_measurement,0.0,0.0
33.100088,baseline_04_yaw_rotation,Yaw,ramp,0.022782,0,172.78402709960938,172.78402709960938,172.78552932739257,-0.0015022277831917,0.0015022277831917,0.003797,0,0.0,0.0013868331909279,0,0,0,W20_N5_mean1.25x,20,5,1.25,1477,Yaw_hybrid_prediction,/home/tchowdh4/sensor_recovery_project/logs/extracted_csv/baseline_04_yaw_rotation_ATT.csv,/home/tchowdh4/sensor_recovery_project/prediction_results_v9_trained_hybrid/baseline_04_yaw_rotation_ATT_trained_hybrid_prediction_outputs.csv,172.78402709960938,attacked_measurement,0.0,0.0
33.200048,baseline_04_yaw_rotation,Yaw,ramp,0.022782,0,172.78660583496094,172.78660583496094,172.7880241394043,-0.0014183044433764,0.0014183044433764,0.003797,0,0.0,0.0013880920410258,0,0,0,W20_N5_mean1.25x,20,5,1.25,1477,Yaw_hybrid_prediction,/home/tchowdh4/sensor_recovery_project/logs/extracted_csv/baseline_04_yaw_rotation_ATT.csv,/home/tchowdh4/sensor_recovery_project/prediction_results_v9_trained_hybrid/baseline_04_yaw_rotation_ATT_trained_hybrid_prediction_outputs.csv,172.78660583496094,attacked_measurement,0.0,0.0
33.300008,baseline_04_yaw_rotation,Yaw,ramp,0.022782,0,172.78933715820312,172.78933715820312,172.79083938598637,-0.0015022277832485,0.0015022277832485,0.003797,0,0.0,0.0013893508911252,0,0,0,W20_N5_mean1.25x,20,5,1.25,1477,Yaw_hybrid_prediction,/home/tchowdh4/sensor_recovery_project/logs/extracted_csv/baseline_04_yaw_rotation_ATT.csv,/home/tchowdh4/sensor_recovery_project/prediction_results_v9_trained_hybrid/baseline_04_yaw_rotation_ATT_trained_hybrid_prediction_outputs.csv,172.78933715820312,attacked_measurement,0.0,0.0
33.400801,baseline_04_yaw_rotation,Yaw,ramp,0.022782,0,172.7919158935547,172.7919158935547,172.79333419799806,-0.0014183044433764,0.0014183044433764,0.003797,0,0.0,0.0013935470581188,0,0,0,W20_N5_mean1.25x,20,5,1.25,1477,Yaw_hybrid_prediction,/home/tchowdh4/sensor_recovery_project/logs/extracted_csv/baseline_04_yaw_rotation_ATT.csv,/home/tchowdh4/sensor_recovery_project/prediction_results_v9_trained_hybrid/baseline_04_yaw_rotation_ATT_trained_hybrid_prediction_outputs.csv,172.7919158935547,attacked_measurement,0.0,0.0
33.500761,baseline_04_yaw_rotation,Yaw,ramp,0.022782,0,172.7943115234375,172.7943115234375,172.79562911987307,-0.0013175964355696,0.0013175964355696,0.003797,0,0.0,0.001390609741226,0,0,0,W20_N5_mean1.25x,20,5,1.25,1477,Yaw_hybrid_prediction,/home/tchowdh4/sensor_recovery_project/logs/extracted_csv/baseline_04_yaw_rotation_ATT.csv,/home/tchowdh4/sensor_recovery_project/prediction_results_v9_trained_hybrid/baseline_04_yaw_rotation_ATT_trained_hybrid_prediction_outputs.csv,172.7943115234375,attacked_measurement,0.0,0.0
33.600721,baseline_04_yaw_rotation,Yaw,ramp,0.022782,0,172.7968292236328,172.7968292236328,172.79821395874023,-0.0013847351074218,0.0013847351074218,0.003797,0,0.0,0.0013910293579243,0,0,0,W20_N5_mean1.25x,20,5,1.25,1477,Yaw_hybrid_prediction,/home/tchowdh4/sensor_recovery_project/logs/extracted_csv/baseline_04_yaw_rotation_ATT.csv,/home/tchowdh4/sensor_recovery_project/prediction_results_v9_trained_hybrid/baseline_04_yaw_rotation_ATT_trained_hybrid_prediction_outputs.csv,172.7968292236328,attacked_measurement,0.0,0.0
33.700681,baseline_04_yaw_rotation,Yaw,ramp,0.022782,0,172.79949951171875,172.79949951171875,172.80096817016602,-0.0014686584472656,0.0014686584472656,0.003797,0,0.0,0.0014002609253068,0,0,0,W20_N5_mean1.25x,20,5,1.25,1477,Yaw_hybrid_prediction,/home/tchowdh4/sensor_recovery_project/logs/extracted_csv/baseline_04_yaw_rotation_ATT.csv,/home/tchowdh4/sensor_recovery_project/prediction_results_v9_trained_hybrid/baseline_04_yaw_rotation_ATT_trained_hybrid_prediction_outputs.csv,172.79949951171875,attacked_measurement,0.0,0.0
33.800641,baseline_04_yaw_rotation,Yaw,ramp,0.022782,0,172.802001953125,172.802001953125,172.80337829589843,-0.0013763427734261,0.0013763427734261,0.003797,0,0.0,0.0013994216919073,0,0,0,W20_N5_mean1.25x,20,5,1.25,1477,Yaw_hybrid_prediction,/home/tchowdh4/sensor_recovery_project/logs/extracted_csv/baseline_04_yaw_rotation_ATT.csv,/home/tchowdh4/sensor_recovery_project/prediction_results_v9_trained_hybrid/baseline_04_yaw_rotation_ATT_trained_hybrid_prediction_outputs.csv,172.802001953125,attacked_measurement,0.0,0.0
33.900601,baseline_04_yaw_rotation,Yaw,ramp,0.022782,0,172.8044891357422,172.8044891357422,172.80585708618165,-0.0013679504394588,0.0013679504394588,0.003797,0,0.0,0.0014019393921017,0,0,0,W20_N5_mean1.25x,20,5,1.25,1477,Yaw_hybrid_prediction,/home/tchowdh4/sensor_recovery_project/logs/extracted_csv/baseline_04_yaw_rotation_ATT.csv,/home/tchowdh4/sensor_recovery_project/prediction_results_v9_trained_hybrid/baseline_04_yaw_rotation_ATT_trained_hybrid_prediction_outputs.csv,172.8044891357422,attacked_measurement,0.0,0.0
34.000561,baseline_04_yaw_rotation,Yaw,ramp,0.022782,0,172.8069305419922,172.8069305419922,172.8082733154297,-0.0013427734375,0.0013427734375,0.003797,0,0.0,0.0013931274414176,0,0,0,W20_N5_mean1.25x,20,5,1.25,1477,Yaw_hybrid_prediction,/home/tchowdh4/sensor_recovery_project/logs/extracted_csv/baseline_04_yaw_rotation_ATT.csv,/home/tchowdh4/sensor_recovery_project/prediction_results_v9_trained_hybrid/baseline_04_yaw_rotation_ATT_trained_hybrid_prediction_outputs.csv,172.8069305419922,attacked_measurement,0.0,0.0
34.100521,baseline_04_yaw_rotation,Yaw,ramp,0.022782,0,172.80938720703125,172.80938720703125,172.81073837280277,-0.0013511657715241,0.0013511657715241,0.003797,0,0.0,0.0013914489746227,0,0,0,W20_N5_mean1.25x,20,5,1.25,1477,Yaw_hybrid_prediction,/home/tchowdh4/sensor_recovery_project/logs/extracted_csv/baseline_04_yaw_rotation_ATT.csv,/home/tchowdh4/sensor_recovery_project/prediction_results_v9_trained_hybrid/baseline_04_yaw_rotation_ATT_trained_hybrid_prediction_outputs.csv,172.80938720703125,attacked_measurement,0.0,0.0
34.200481,baseline_04_yaw_rotation,Yaw,ramp,0.022782,0,172.81170654296875,172.81170654296875,172.8129821777344,-0.0012756347656477,0.0012756347656477,0.003797,0,0.0,0.0013838958740379,0,0,0,W20_N5_mean1.25x,20,5,1.25,1477,Yaw_hybrid_prediction,/home/tchowdh4/sensor_recovery_project/logs/extracted_csv/baseline_04_yaw_rotation_ATT.csv,/home/tchowdh4/sensor_recovery_project/prediction_results_v9_trained_hybrid/baseline_04_yaw_rotation_ATT_trained_hybrid_prediction_outputs.csv,172.81170654296875,attacked_measurement,0.0,0.0
34.300441,baseline_04_yaw_rotation,Yaw,ramp,0.022782,0,172.81411743164062,172.81411743164062,172.81544342041016,-0.0013259887695369,0.0013259887695369,0.003797,0,0.0,0.001383895874035,0,0,0,W20_N5_mean1.25x,20,5,1.25,1477,Yaw_hybrid_prediction,/home/tchowdh4/sensor_recovery_project/logs/extracted_csv/baseline_04_yaw_rotation_ATT.csv,/home/tchowdh4/sensor_recovery_project/prediction_results_v9_trained_hybrid/baseline_04_yaw_rotation_ATT_trained_hybrid_prediction_outputs.csv,172.81411743164062,attacked_measurement,0.0,0.0
34.400401,baseline_04_yaw_rotation,Yaw,ramp,0.022782,0,172.81674194335938,172.81674194335938,172.8181854248047,-0.0014434814453352,0.0014434814453352,0.003797,0,0.0,0.0013901901245233,0,0,0,W20_N5_mean1.25x,20,5,1.25,1477,Yaw_hybrid_prediction,/home/tchowdh4/sensor_recovery_project/logs/extracted_csv/baseline_04_yaw_rotation_ATT.csv,/home/tchowdh4/sensor_recovery_project/prediction_results_v9_trained_hybrid/baseline_04_yaw_rotation_ATT_trained_hybrid_prediction_outputs.csv,172.81674194335938,attacked_measurement,0.0,0.0
34.500361,baseline_04_yaw_rotation,Yaw,ramp,0.022782,0,172.81906127929688,172.81906127929688,172.82033691406252,-0.0012756347656477,0.0012756347656477,0.003797,0,0.0,0.0013834762573353,0,0,0,W20_N5_mean1.25x,20,5,1.25,1477,Yaw_hybrid_prediction,/home/tchowdh4/sensor_recovery_project/logs/extracted_csv/baseline_04_yaw_rotation_ATT.csv,/home/tchowdh4/sensor_recovery_project/prediction_results_v9_trained_hybrid/baseline_04_yaw_rotation_ATT_trained_hybrid_prediction_outputs.csv,172.81906127929688,attacked_measurement,0.0,0.0
34.600321,baseline_04_yaw_rotation,Yaw,ramp,0.022782,0,172.8216094970703,172.8216094970703,172.82301101684573,-0.0014015197754133,0.0014015197754133,0.003797,0,0.0,0.001383895874035,0,0,0,W20_N5_mean1.25x,20,5,1.25,1477,Yaw_hybrid_prediction,/home/tchowdh4/sensor_recovery_project/logs/extracted_csv/baseline_04_yaw_rotation_ATT.csv,/home/tchowdh4/sensor_recovery_project/prediction_results_v9_trained_hybrid/baseline_04_yaw_rotation_ATT_trained_hybrid_prediction_outputs.csv,172.8216094970703,attacked_measurement,0.0,0.0
34.700281,baseline_04_yaw_rotation,Yaw,ramp,0.022782,0,172.82406616210938,172.82406616210938,172.82541732788087,-0.0013511657714957,0.0013511657714957,0.003797,0,0.0,0.0013843154907348,0,0,0,W20_N5_mean1.25x,20,5,1.25,1477,Yaw_hybrid_prediction,/home/tchowdh4/sensor_recovery_project/logs/extracted_csv/baseline_04_yaw_rotation_ATT.csv,/home/tchowdh4/sensor_recovery_project/prediction_results_v9_trained_hybrid/baseline_04_yaw_rotation_ATT_trained_hybrid_prediction_outputs.csv,172.82406616210938,attacked_measurement,0.0,0.0
34.800241,baseline_04_yaw_rotation,Yaw,ramp,0.022782,0,172.82656860351562,172.82656860351562,172.82794494628908,-0.0013763427734545,0.0013763427734545,0.003797,0,0.0,0.001381378173842,0,0,0,W20_N5_mean1.25x,20,5,1.25,1477,Yaw_hybrid_prediction,/home/tchowdh4/sensor_recovery_project/logs/extracted_csv/baseline_04_yaw_rotation_ATT.csv,/home/tchowdh4/sensor_recovery_project/prediction_results_v9_trained_hybrid/baseline_04_yaw_rotation_ATT_trained_hybrid_prediction_outputs.csv,172.82656860351562,attacked_measurement,0.0,0.0
34.900201,baseline_04_yaw_rotation,Yaw,ramp,0.022782,0,172.8290557861328,172.8290557861328,172.83042373657227,-0.0013679504394588,0.0013679504394588,0.003797,0,0.0,0.0013796997070443,0,0,0,W20_N5_mean1.25x,20,5,1.25,1477,Yaw_hybrid_prediction,/home/tchowdh4/sensor_recovery_project/logs/extracted_csv/baseline_04_yaw_rotation_ATT.csv,/home/tchowdh4/sensor_recovery_project/prediction_results_v9_trained_hybrid/baseline_04_yaw_rotation_ATT_trained_hybrid_prediction_outputs.csv,172.8290557861328,attacked_measurement,0.0,0.0
35.000161,baseline_04_yaw_rotation,Yaw,ramp,0.022782,0,172.83140563964844,172.83140563964844,172.83269805908202,-0.0012924194335823,0.0012924194335823,0.003797,0,0.0,0.0013780212402465,0,0,0,W20_N5_mean1.25x,20,5,1.25,1477,Yaw_hybrid_prediction,/home/tchowdh4/sensor_recovery_project/logs/extracted_csv/baseline_04_yaw_rotation_ATT.csv,/home/tchowdh4/sensor_recovery_project/prediction_results_v9_trained_hybrid/baseline_04_yaw_rotation_ATT_trained_hybrid_prediction_outputs.csv,172.83140563964844,attacked_measurement,0.0,0.0
35.100121,baseline_04_yaw_rotation,Yaw,ramp,0.022782,0,172.83383178710938,172.83383178710938,172.8351661682129,-0.0013343811035326,0.0013343811035326,0.003797,0,0.0,0.0013696289062636,0,0,0,W20_N5_mean1.25x,20,5,1.25,1477,Yaw_hybrid_prediction,/home/tchowdh4/sensor_recovery_project/logs/extracted_csv/baseline_04_yaw_rotation_ATT.csv,/home/tchowdh4/sensor_recovery_project/prediction_results_v9_trained_hybrid/baseline_04_yaw_rotation_ATT_trained_hybrid_prediction_outputs.csv,172.83383178710938,attacked_measurement,0.0,0.0
35.200081,baseline_04_yaw_rotation,Yaw,ramp,0.022782,0,172.83631896972656,172.83631896972656,172.83768692016602,-0.0013679504394588,0.0013679504394588,0.003797,0,0.0,0.0013671112060677,0,0,0,W20_N5_mean1.25x,20,5,1.25,1477,Yaw_hybrid_prediction,/home/tchowdh4/sensor_recovery_project/logs/extracted_csv/baseline_04_yaw_rotation_ATT.csv,/home/tchowdh4/sensor_recovery_project/prediction_results_v9_trained_hybrid/baseline_04_yaw_rotation_ATT_trained_hybrid_prediction_outputs.csv,172.83631896972656,attacked_measurement,0.0,0.0
35.300041,baseline_04_yaw_rotation,Yaw,ramp,0.022782,0,172.83876037597656,172.83876037597656,172.84010314941406,-0.0013427734375,0.0013427734375,0.003797,0,0.0,0.0013591384887803,0,0,0,W20_N5_mean1.25x,20,5,1.25,1477,Yaw_hybrid_prediction,/home/tchowdh4/sensor_recovery_project/logs/extracted_csv/baseline_04_yaw_rotation_ATT.csv,/home/tchowdh4/sensor_recovery_project/prediction_results_v9_trained_hybrid/baseline_04_yaw_rotation_ATT_trained_hybrid_prediction_outputs.csv,172.83876037597656,attacked_measurement,0.0,0.0
35.400001,baseline_04_yaw_rotation,Yaw,ramp,0.022782,0,172.841064453125,172.841064453125,172.84233169555665,-0.0012672424316519,0.0012672424316519,0.003797,0,0.0,0.0013515853881941,0,0,0,W20_N5_mean1.25x,20,5,1.25,1477,Yaw_hybrid_prediction,/home/tchowdh4/sensor_recovery_project/logs/extracted_csv/baseline_04_yaw_rotation_ATT.csv,/home/tchowdh4/sensor_recovery_project/prediction_results_v9_trained_hybrid/baseline_04_yaw_rotation_ATT_trained_hybrid_prediction_outputs.csv,172.841064453125,attacked_measurement,0.0,0.0
35.500794,baseline_04_yaw_rotation,Yaw,ramp,0.022782,0,172.8434295654297,172.8434295654297,172.8447303771973,-0.0013008117676065,0.0013008117676065,0.003797,0,0.0,0.0013507461547959,0,0,0,W20_N5_mean1.25x,20,5,1.25,1477,Yaw_hybrid_prediction,/home/tchowdh4/sensor_recovery_project/logs/extracted_csv/baseline_04_yaw_rotation_ATT.csv,/home/tchowdh4/sensor_recovery_project/prediction_results_v9_trained_hybrid/baseline_04_yaw_rotation_ATT_trained_hybrid_prediction_outputs.csv,172.8434295654297,attacked_measurement,0.0,0.0
35.600754,baseline_04_yaw_rotation,Yaw,ramp,0.022782,0,172.84593200683594,172.84593200683594,172.8473083496094,-0.0013763427734545,0.0013763427734545,0.003797,0,0.0,0.0013503265380975,0,0,0,W20_N5_mean1.25x,20,5,1.25,1477,Yaw_hybrid_prediction,/home/tchowdh4/sensor_recovery_project/logs/extracted_csv/baseline_04_yaw_rotation_ATT.csv,/home/tchowdh4/sensor_recovery_project/prediction_results_v9_trained_hybrid/baseline_04_yaw_rotation_ATT_trained_hybrid_prediction_outputs.csv,172.84593200683594,attacked_measurement,0.0,0.0
35.700714,baseline_04_yaw_rotation,Yaw,ramp,0.022782,0,172.8483428955078,172.8483428955078,172.84966888427735,-0.0013259887695369,0.0013259887695369,0.003797,0,0.0,0.0013431930542111,0,0,0,W20_N5_mean1.25x,20,5,1.25,1477,Yaw_hybrid_prediction,/home/tchowdh4/sensor_recovery_project/logs/extracted_csv/baseline_04_yaw_rotation_ATT.csv,/home/tchowdh4/sensor_recovery_project/prediction_results_v9_trained_hybrid/baseline_04_yaw_rotation_ATT_trained_hybrid_prediction_outputs.csv,172.8483428955078,attacked_measurement,0.0,0.0
35.800674,baseline_04_yaw_rotation,Yaw,ramp,0.022782,0,172.85096740722656,172.85096740722656,172.8524108886719,-0.0014434814453352,0.0014434814453352,0.003797,0,0.0,0.0013465499878066,0,0,0,W20_N5_mean1.25x,20,5,1.25,1477,Yaw_hybrid_prediction,/home/tchowdh4/sensor_recovery_project/logs/extracted_csv/baseline_04_yaw_rotation_ATT.csv,/home/tchowdh4/sensor_recovery_project/prediction_results_v9_trained_hybrid/baseline_04_yaw_rotation_ATT_trained_hybrid_prediction_outputs.csv,172.85096740722656,attacked_measurement,0.0,0.0
35.900634,baseline_04_yaw_rotation,Yaw,ramp,0.022782,0,172.8533172607422,172.8533172607422,172.85460968017577,-0.0012924194335823,0.0012924194335823,0.003797,0,0.0,0.0013427734375127,0,0,0,W20_N5_mean1.25x,20,5,1.25,1477,Yaw_hybrid_prediction,/home/tchowdh4/sensor_recovery_project/logs/extracted_csv/baseline_04_yaw_rotation_ATT.csv,/home/tchowdh4/sensor_recovery_project/prediction_results_v9_trained_hybrid/baseline_04_yaw_rotation_ATT_trained_hybrid_prediction_outputs.csv,172.8533172607422,attacked_measurement,0.0,0.0
36.000594,baseline_04_yaw_rotation,Yaw,ramp,0.022782,0,172.85562133789062,172.85562133789062,172.85688858032228,-0.0012672424316519,0.0012672424316519,0.003797,0,0.0,0.0013389968872203,0,0,0,W20_N5_mean1.25x,20,5,1.25,1477,Yaw_hybrid_prediction,/home/tchowdh4/sensor_recovery_project/logs/extracted_csv/baseline_04_yaw_rotation_ATT.csv,/home/tchowdh4/sensor_recovery_project/prediction_results_v9_trained_hybrid/baseline_04_yaw_rotation_ATT_trained_hybrid_prediction_outputs.csv,172.85562133789062,attacked_measurement,0.0,0.0
36.100554,baseline_04_yaw_rotation,Yaw,ramp,0.022782,0,172.85804748535156,172.85804748535156,172.85938186645507,-0.0013343811035042,0.0013343811035042,0.003797,0,0.0,0.0013381576538193,0,0,0,W20_N5_mean1.25x,20,5,1.25,1477,Yaw_hybrid_prediction,/home/tchowdh4/sensor_recovery_project/logs/extracted_csv/baseline_04_yaw_rotation_ATT.csv,/home/tchowdh4/sensor_recovery_project/prediction_results_v9_trained_hybrid/baseline_04_yaw_rotation_ATT_trained_hybrid_prediction_outputs.csv,172.85804748535156,attacked_measurement,0.0,0.0
36.200514,baseline_04_yaw_rotation,Yaw,ramp,0.022782,0,172.86045837402344,172.86045837402344,172.861784362793,-0.0013259887695653,0.0013259887695653,0.003797,0,0.0,0.0013406753540152,0,0,0,W20_N5_mean1.25x,20,5,1.25,1477,Yaw_hybrid_prediction,/home/tchowdh4/sensor_recovery_project/logs/extracted_csv/baseline_04_yaw_rotation_ATT.csv,/home/tchowdh4/sensor_recovery_project/prediction_results_v9_trained_hybrid/baseline_04_yaw_rotation_ATT_trained_hybrid_prediction_outputs.csv,172.86045837402344,attacked_measurement,0.0,0.0
36.300474,baseline_04_yaw_rotation,Yaw,ramp,0.022782,0,172.8627166748047,172.8627166748047,172.86395874023438,-0.0012420654296931,0.0012420654296931,0.003797,0,0.0,0.001336479187023,0,0,0,W20_N5_mean1.25x,20,5,1.25,1477,Yaw_hybrid_prediction,/home/tchowdh4/sensor_recovery_project/logs/extracted_csv/baseline_04_yaw_rotation_ATT.csv,/home/tchowdh4/sensor_recovery_project/prediction_results_v9_trained_hybrid/baseline_04_yaw_rotation_ATT_trained_hybrid_prediction_outputs.csv,172.8627166748047,attacked_measurement,0.0,0.0
36.400434,baseline_04_yaw_rotation,Yaw,ramp,0.022782,0,172.86517333984375,172.86517333984375,172.86652450561525,-0.0013511657714957,0.0013511657714957,0.003797,0,0.0,0.0013318634033311,0,0,0,W20_N5_mean1.25x,20,5,1.25,1477,Yaw_hybrid_prediction,/home/tchowdh4/sensor_recovery_project/logs/extracted_csv/baseline_04_yaw_rotation_ATT.csv,/home/tchowdh4/sensor_recovery_project/prediction_results_v9_trained_hybrid/baseline_04_yaw_rotation_ATT_trained_hybrid_prediction_outputs.csv,172.86517333984375,attacked_measurement,0.0,0.0
36.500394,baseline_04_yaw_rotation,Yaw,ramp,0.022782,0,172.86778259277344,172.86778259277344,172.86921768188478,-0.0014350891113394,0.0014350891113394,0.003797,0,0.0,0.0013398361206157,0,0,0,W20_N5_mean1.25x,20,5,1.25,1477,Yaw_hybrid_prediction,/home/tchowdh4/sensor_recovery_project/logs/extracted_csv/baseline_04_yaw_rotation_ATT.csv,/home/tchowdh4/sensor_recovery_project/prediction_results_v9_trained_hybrid/baseline_04_yaw_rotation_ATT_trained_hybrid_prediction_outputs.csv,172.86778259277344,attacked_measurement,0.0,0.0
36.600354,baseline_04_yaw_rotation,Yaw,ramp,0.022782,0,172.8702850341797,172.8702850341797,172.87166137695314,-0.0013763427734545,0.0013763427734545,0.003797,0,0.0,0.0013385772705177,0,0,0,W20_N5_mean1.25x,20,5,1.25,1477,Yaw_hybrid_prediction,/home/tchowdh4/sensor_recovery_project/logs/extracted_csv/baseline_04_yaw_rotation_ATT.csv,/home/tchowdh4/sensor_recovery_project/prediction_results_v9_trained_hybrid/baseline_04_yaw_rotation_ATT_trained_hybrid_prediction_outputs.csv,172.8702850341797,attacked_measurement,0.0,0.0
36.700314,baseline_04_yaw_rotation,Yaw,ramp,0.022782,0,172.87289428710938,172.87289428710938,172.87432937622071,-0.0014350891113394,0.0014350891113394,0.003797,0,0.0,0.0013427734375099,0,0,0,W20_N5_mean1.25x,20,5,1.25,1477,Yaw_hybrid_prediction,/home/tchowdh4/sensor_recovery_project/logs/extracted_csv/baseline_04_yaw_rotation_ATT.csv,/home/tchowdh4/sensor_recovery_project/prediction_results_v9_trained_hybrid/baseline_04_yaw_rotation_ATT_trained_hybrid_prediction_outputs.csv,172.87289428710938,attacked_measurement,0.0,0.0
36.800274,baseline_04_yaw_rotation,Yaw,ramp,0.022782,0,172.87515258789062,172.87515258789062,172.87639465332032,-0.0012420654296931,0.0012420654296931,0.003797,0,0.0,0.0013360595703218,0,0,0,W20_N5_mean1.25x,20,5,1.25,1477,Yaw_hybrid_prediction,/home/tchowdh4/sensor_recovery_project/logs/extracted_csv/baseline_04_yaw_rotation_ATT.csv,/home/tchowdh4/sensor_recovery_project/prediction_results_v9_trained_hybrid/baseline_04_yaw_rotation_ATT_trained_hybrid_prediction_outputs.csv,172.87515258789062,attacked_measurement,0.0,0.0
