t_Roll,Roll_true_future,Roll_trained_physics_ARX_prediction,Roll_naive_prediction,Roll_constant_velocity_prediction,Roll_trained_physics_ARX_error,Roll_naive_error,Roll_cv_error,t_Pitch,Pitch_true_future,Pitch_trained_physics_ARX_prediction,Pitch_naive_prediction,Pitch_constant_velocity_prediction,Pitch_trained_physics_ARX_error,Pitch_naive_error,Pitch_cv_error,t_Yaw,Yaw_true_future,Yaw_trained_physics_ARX_prediction,Yaw_naive_prediction,Yaw_constant_velocity_prediction,Yaw_trained_physics_ARX_error,Yaw_naive_error,Yaw_cv_error
129.400719,0.0749506056308746,0.08058615285348106,0.0780136212706565,0.08357511460781081,0.005635547222606452,0.0030630156397818964,0.008624508976936202,129.400719,-0.0067492825910449,-0.004779403501840926,0.0008189703221432,-0.006348385126330101,0.001969879089203974,0.0075682529131881,0.0004008974647147995,129.400719,172.63906860351562,172.64737541081251,172.63912963867188,172.63919067382812,0.008306807296889929,6.103515625e-05,0.0001220703125
129.500679,0.0759506672620773,0.07195337052891103,0.0749506056308746,0.07188758999109271,-0.003997296733166275,-0.0010000616312026978,-0.004063077270984594,129.500679,-0.0063360724598169,-0.011726776164330637,-0.0067492825910449,-0.014317535504233,-0.0053907037045137374,-0.0004132101312280005,-0.0079814630444161,129.500679,172.6388397216797,172.64801964400564,172.63906860351562,172.63900756835938,0.009179922325955658,0.0002288818359375,0.0001678466796875
129.600639,0.0840847715735435,0.08024332288712324,0.0759506672620773,0.07695072889328,-0.0038414486864202513,-0.00813410431146619,-0.0071340426802634915,129.600639,-0.005118106957525,-0.004800830395869055,-0.0063360724598169,-0.005922862328588899,0.00031727656165594486,-0.0012179655022918996,-0.0008047553710638991,129.600639,172.63739013671875,172.64604098667618,172.6388397216797,172.63861083984375,0.008650849957433593,0.0014495849609375,0.001220703125
129.700599,0.0909314528107643,0.09162673317721923,0.0840847715735435,0.09221887588500968,0.0006952803664549284,-0.006846681237220806,0.0012874230742453835,129.700599,-0.0030647481326013,-0.0016714671205584645,-0.005118106957525,-0.0039001414552331005,0.0013932810120428356,-0.0020533588249237,-0.0008353933226318004,129.700599,172.6367645263672,172.65160374067554,172.63739013671875,172.6359405517578,0.014839214308352666,0.0006256103515625,-0.000823974609375
129.800559,0.0946108773350715,0.09475646407869942,0.0909314528107643,0.0977781340479851,0.00014558674362792623,-0.0036794245243071955,0.0031672567129136103,129.800559,0.0009805408772081,0.00015146430698570164,-0.0030647481326013,-0.0010113893076776,-0.0008290765702223984,-0.0040452890098094,-0.0019919301848857,129.800559,172.63670349121094,172.6388549378327,172.6367645263672,172.63613891601562,0.002151446621752484,6.103515625e-05,-0.0005645751953125
129.900519,0.0970543250441551,0.09634105651492172,0.0946108773350715,0.09829030185937869,-0.0007132685292333685,-0.0024434477090835988,0.0012359768152235967,129.900519,0.0070035341195762,0.0062145148079996125,0.0009805408772081,0.0050258298870175,-0.0007890193115765876,-0.0060229932423681,-0.0019777042325587,129.900519,172.6368408203125,172.640621722903,172.63670349121094,172.6366424560547,0.00378090259050623,-0.0001373291015625,-0.0001983642578125
130.000479,0.1006092354655265,0.0982442835004744,0.0970543250441551,0.09949777275323869,-0.002364951965052098,-0.0035549104213714044,-0.0011114627122878057,130.000479,0.0153641114011406,0.012548401966034977,0.0070035341195762,0.0130265273619443,-0.002815709435105623,-0.0083605772815644,-0.002337584039196299,130.000479,172.63671875,172.64294426665387,172.6368408203125,172.63697814941406,0.0062255166538705,0.0001220703125,0.0002593994140625
130.100439,0.1050041988492012,0.10319532057060234,0.1006092354655265,0.1041641458868979,-0.001808878278598866,-0.004394963383674705,-0.0008400529623033004,130.100439,0.0230364687740802,0.023300096759074025,0.0153641114011406,0.023724688682704997,0.000263627984993825,-0.0076723573729396005,0.0006882199086247973,130.100439,172.6342315673828,172.64593694436545,172.63671875,172.6365966796875,0.011705376982632743,0.0024871826171875,0.0023651123046875
130.200399,0.1075254678726196,0.10721498868372523,0.1050041988492012,0.10939916223287591,-0.00031047918889437476,-0.0025212690234183988,0.001873694360256306,130.200399,0.0297979023307561,0.02959851547929839,0.0230364687740802,0.0307088261470198,-0.0001993868514577092,-0.0067614335566759005,0.0009109238162637,130.200399,172.63192749023438,172.64543521168034,172.6342315673828,172.63174438476562,0.013507721445961351,0.0023040771484375,-0.00018310546875
130.300359,0.115888811647892,0.1075767204710935,0.1075254678726196,0.110046736896038,-0.0083120911767985,-0.008363343775272397,-0.005842074751853998,130.300359,0.0361102260649204,0.034750438530981254,0.0297979023307561,0.036559335887432,-0.001359787533939144,-0.006312323734164297,0.0004491098225116036,130.300359,172.63336181640625,172.62870608650303,172.63192749023438,172.62962341308594,-0.004655729903220163,-0.001434326171875,-0.0037384033203125
130.400319,0.1159920766949653,0.12022059494285087,0.115888811647892,0.1242521554231644,0.004228518247885574,-0.00010326504707329487,0.008260078728199102,130.400319,0.0402845554053783,0.04239853907958951,0.0361102260649204,0.04242254979908469,0.0021139836742112075,-0.004174329340457902,0.002137994393706391,130.400319,172.63633728027344,172.64223008402487,172.63336181640625,172.63479614257812,0.005892803751436304,-0.0029754638671875,-0.0015411376953125
130.500279,0.113743282854557,0.11221814902039788,0.1159920766949653,0.11609534174203859,-0.0015251338341591147,0.0022487938404082974,0.0023520588874815923,130.500279,0.0482312589883804,0.04513557406862774,0.0402845554053783,0.0444588847458362,-0.0030956849197526573,-0.007946703583002097,-0.003772374242544195,130.500279,172.63662719726562,172.64488676683573,172.63633728027344,172.63931274414062,0.008259569570100211,-0.0002899169921875,0.002685546875
130.600239,0.1095960959792137,0.11078280001650788,0.113743282854557,0.1114944890141487,0.0011867040372941784,0.004147186875343295,0.0018983930349349976,130.600239,0.0527967326343059,0.054029536409297876,0.0482312589883804,0.056177962571382495,0.001232803774991978,-0.004565473645925501,0.0033812299370765964,130.600239,172.63311767578125,172.63563813021972,172.63662719726562,172.6369171142578,0.002520454438467823,0.003509521484375,0.0037994384765625
130.700199,0.1079174801707267,0.10543371182067747,0.1095960959792137,0.1054489091038704,-0.002483768350049237,0.001678615808486994,-0.002468571066856301,130.700199,0.0543977357447147,0.05542514535197299,0.0527967326343059,0.0573622062802314,0.0010274096072582853,-0.0016010031104088038,0.0029644705355166973,130.700199,172.6304931640625,172.64352590083053,172.63311767578125,172.62960815429688,0.013032736768025188,0.00262451171875,-0.000885009765625
130.800159,0.1058749631047248,0.10645355995039402,0.1079174801707267,0.10623886436223971,0.0005785968456692159,0.002042517066001906,0.000363901257514912,130.800159,0.052879586815834,0.05586641026987732,0.0543977357447147,0.055998738855123506,0.0029868234540433233,0.0015181489288807054,0.003119152039289509,130.800159,172.63145446777344,172.6348178972579,172.6304931640625,172.62786865234375,0.003363429484465996,-0.0009613037109375,-0.0035858154296875
130.900119,0.1049064546823501,0.10344224157516455,0.1058749631047248,0.1038324460387229,-0.001464213107185558,0.0009685084223746976,-0.0010740086436272084,130.900119,0.0558277741074562,0.05156990529856503,0.052879586815834,0.05136143788695329,-0.004257868808891167,-0.0029481872916222035,-0.004466336220502909,130.900119,172.6359100341797,172.6309695381857,172.63145446777344,172.63241577148438,-0.0049404959939920445,-0.00445556640625,-0.0034942626953125
131.000079,0.1000660583376884,0.10508808452537563,0.1049064546823501,0.1039379462599754,0.005022026187687226,0.004840396344661699,0.003871887922287001,131.000079,0.0583262369036674,0.058839031601727404,0.0558277741074562,0.058775961399078404,0.0005127946980600026,-0.002498462796211201,0.00044972449541100246,131.000079,172.63946533203125,172.64313124490653,172.6359100341797,172.64036560058594,0.0036659128752773995,-0.0035552978515625,0.0009002685546875
131.100039,0.1010177806019783,0.09657114651900854,0.1000660583376884,0.0952256619930267,-0.004446634082969761,-0.0009517222642898976,-0.005792118608951596,131.100039,0.0619776993989944,0.06017474845008476,0.0583262369036674,0.0608246996998786,-0.001802950948909636,-0.003651462495326996,-0.0011529996991157948,131.100039,172.63912963867188,172.648480571086,172.63946533203125,172.6430206298828,0.009350932414122326,0.000335693359375,0.0038909912109375
131.199999,0.1027261242270469,0.10205728198862221,0.1010177806019783,0.1019695028662682,-0.0006688422384246856,-0.0017083436250685952,-0.0007566213607786976,131.199999,0.0648927390575409,0.06626707642895821,0.0619776993989944,0.06562916189432139,0.0013743373714173168,-0.0029150396585464963,0.0007364228367804926,131.199999,172.63482666015625,172.6449970849527,172.63912963867188,172.6387939453125,0.010170424796456246,0.004302978515625,0.00396728515625
131.300792,0.1012254953384399,0.1031033487719529,0.1027261242270469,0.10443446785211549,0.001877853433513002,0.0015006288886069974,0.0032089725136755926,131.300792,0.066067636013031,0.06762384003117161,0.0648927390575409,0.0678077787160874,0.0015562040181406056,-0.0011748969554901123,0.001740142703056391,131.300792,172.62850952148438,172.6397226867603,172.63482666015625,172.63052368164062,0.011213165275933079,0.006317138671875,0.00201416015625
131.400752,0.106538787484169,0.09931632722934097,0.1012254953384399,0.0997248664498329,-0.007222460254828034,-0.005313292145729107,-0.006813921034336104,131.400752,0.0690444484353065,0.06635652260953068,0.066067636013031,0.06724253296852112,-0.0026879258257758165,-0.0029768124222754877,-0.0018019154667853754,131.400752,172.62496948242188,172.63178371437945,172.62850952148438,172.6221923828125,0.006814231957577022,0.0035400390625,-0.002777099609375
131.500712,0.1116152927279472,0.11031795569654651,0.106538787484169,0.11185207962989811,-0.0012973370314006832,-0.005076505243778187,0.00023678690195091945,131.500712,0.0717261284589767,0.07372386381158517,0.0690444484353065,0.07202126085758198,0.0019977353526084707,-0.0026816800236702104,0.0002951323986052773,131.500712,172.6259307861328,172.63503630742628,172.62496948242188,172.62142944335938,0.009105521293463426,-0.0009613037109375,-0.0045013427734375
131.600672,0.1101316064596176,0.1114023417732159,0.1116152927279472,0.11669179797172538,0.0012707353135982952,0.0014836862683295926,0.00656019151210778,131.600672,0.0799021422863006,0.07585764551013136,0.0717261284589767,0.07440780848264691,-0.0040444967761692485,-0.0081760138273239,-0.005494333803653689,131.600672,172.62953186035156,172.62076348162012,172.6259307861328,172.62689208984375,-0.008768378731446091,-0.00360107421875,-0.0026397705078125
131.700632,0.1019099503755569,0.10482946362290822,0.1101316064596176,0.10864792019128801,0.0029195132473513186,0.008221656084060697,0.006737969815731104,131.700632,0.0913142189383506,0.09086308008241421,0.0799021422863006,0.0880781561136245,-0.00045113885593638103,-0.01141207665204999,-0.003236062824726091,131.700632,172.6344757080078,172.63405959286092,172.62953186035156,172.6331329345703,-0.000416115146890661,-0.00494384765625,-0.0013427734375
131.800592,0.0959088206291198,0.09312075286543067,0.1019099503755569,0.09368829429149621,-0.002788067763689131,0.0060011297464371005,-0.002220526337623596,131.800592,0.1080070734024047,0.10109732820440506,0.0913142189383506,0.10272629559040058,-0.006909745197999639,-0.016692854464054108,-0.005280777812004117,131.800592,172.6360626220703,172.64421191448722,172.6344757080078,172.63941955566406,0.008149292416902654,-0.0015869140625,0.00335693359375
131.900552,0.0856529623270034,0.09262585777523032,0.0959088206291198,0.0899076908826827,0.006972895448226921,0.010255858302116408,0.004254728555679307,131.900552,0.121924489736557,0.12193439810522358,0.1080070734024047,0.12469992786645881,9.908368666572409e-06,-0.013917416334152305,0.0027754381299018027,131.900552,172.63449096679688,172.6532984554782,172.6360626220703,172.6376495361328,0.01880748868131832,0.0015716552734375,0.0031585693359375
132.000512,0.0823421254754066,0.07982277548775413,0.0856529623270034,0.07539710402488699,-0.0025193499876524778,0.0033108368515967906,-0.006945021450519617,132.000512,0.1329768598079681,0.12791440757916275,0.121924489736557,0.1358419060707093,-0.005062452228805359,-0.011052370071411105,0.0028650462627412,132.000512,172.630859375,172.63751643848045,172.63449096679688,172.63291931152344,0.006657063480446368,0.003631591796875,0.0020599365234375
132.100472,0.0795294046401977,0.08420404592442825,0.0823421254754066,0.07903128862380981,0.004674641284230549,0.0028127208352089067,-0.0004981160163878839,132.100472,0.1400938332080841,0.13738835244919378,0.1329768598079681,0.14402922987937922,-0.002705480758890322,-0.0071169734001159946,0.0039353966712951105,132.100472,172.62615966796875,172.63659285874724,172.630859375,172.62722778320312,0.010433190778485368,0.00469970703125,0.001068115234375
132.200432,0.074412427842617,0.0799616379700181,0.0795294046401977,0.07671668380498879,0.005549210127401102,0.005116976797580705,0.0023042559623717984,132.200432,0.1355673819780349,0.13954706068428133,0.1400938332080841,0.1472108066082001,0.003979678706246437,0.004526451230049217,0.011643424630165211,132.200432,172.6245880126953,172.62847069570756,172.62615966796875,172.6214599609375,0.0038826830122502543,0.0015716552734375,-0.0031280517578125
132.300392,0.0704534128308296,0.07092261424468088,0.074412427842617,0.06929545104503629,0.0004692014138512751,0.003959015011787387,-0.0011579617857933183,132.300392,0.1280966848134994,0.12568108339967668,0.1355673819780349,0.13104093074798567,-0.0024156014138227155,0.007470697164535495,0.002944245934486278,132.300392,172.62548828125,172.62787166482374,172.6245880126953,172.62301635742188,0.0023833835737434583,-0.0009002685546875,-0.002471923828125
132.400352,0.0799190402030944,0.0695834100229195,0.0704534128308296,0.06649439781904222,-0.010335630180174901,-0.009465627372264793,-0.01342464238405218,132.400352,0.1181662306189537,0.11881065810440541,0.1280966848134994,0.1206259876489639,0.0006444274854517096,0.00993045419454569,0.0024597570300101956,132.400352,172.62612915039062,172.63869605007983,172.62548828125,172.6263885498047,0.012566899689204547,-0.000640869140625,0.0002593994140625
132.500312,0.0921863541007042,0.09094667771613302,0.0799190402030944,0.08938466757535919,-0.0012396763845711756,-0.012267313897609794,-0.0028016865253450013,132.500312,0.1108043044805526,0.10895611848813261,0.1181662306189537,0.10823577642440801,-0.0018481859924199956,0.007361926138401101,-0.0025685280561445895,132.500312,172.62640380859375,172.63753282560825,172.62612915039062,172.62677001953125,0.011129017014496867,-0.000274658203125,0.0003662109375
132.600272,0.100743792951107,0.10069034027359361,0.0921863541007042,0.10445366799831399,-5.3452677513388114e-05,-0.008557438850402804,0.0037098750472069897,132.600272,0.1086553856730461,0.10668006400943283,0.1108043044805526,0.1034423783421515,-0.0019753216636132637,0.0021489188075065058,-0.005213007330894595,132.600272,172.62640380859375,172.62622931601942,172.62640380859375,172.62667846679688,-0.00017449257433099774,0.0,0.000274658203125
132.700232,0.1070458889007568,0.10419408902002714,0.100743792951107,0.1093012318015098,-0.002851799880729658,-0.006302095949649797,0.0022553429007530074,132.700232,0.1067468747496604,0.10963637907988297,0.1086553856730461,0.10650646686553959,0.0028895043302225726,0.0019085109233857034,-0.00024040788412080238,132.700232,172.6267852783203,172.63243980118705,172.62640380859375,172.62640380859375,0.005654522866734624,-0.0003814697265625,-0.0003814697265625
132.800192,0.111987866461277,0.10932872941688579,0.1070458889007568,0.11334798485040659,-0.002659137044391205,-0.0049419775605202,0.001360118389129597,132.800192,0.10041294246912,0.10342847881773021,0.1067468747496604,0.10483836382627469,0.0030155363486102094,0.006333932280540397,0.0044254213571546935,132.800192,172.62950134277344,172.63377064320952,172.6267852783203,172.62716674804688,0.004269300436078538,-0.002716064453125,-0.0023345947265625
132.900152,0.1127608641982078,0.11340478236047717,0.111987866461277,0.1169298440217972,0.0006439181622693718,-0.0007729977369308055,0.004168979823589394,132.900152,0.0968173593282699,0.09471295578135394,0.10041294246912,0.0940790101885796,-0.0021044035469159617,0.003595583140850095,-0.002738349139690302,132.900152,172.63246154785156,172.63538044739155,172.62950134277344,172.63221740722656,0.002918899539992026,-0.002960205078125,-0.000244140625
133.000112,0.1143278777599334,0.11102943705914892,0.1127608641982078,0.1135338619351386,-0.0032984407007844857,-0.0015670135617256026,-0.000794015824794797,133.000112,0.0923993065953254,0.09499746140450183,0.0968173593282699,0.09322177618741981,0.0025981548091764256,0.004418052732944502,0.0008224695920944075,133.000112,172.63134765625,172.6400529181566,172.63246154785156,172.6354217529297,0.008705261906612805,0.0011138916015625,0.0040740966796875
133.100072,0.1090116426348686,0.11357233383861043,0.1143278777599334,0.115894891321659,0.0045606912037418346,0.005316235125064808,0.006883248686790411,133.100072,0.0889873281121254,0.08973059319507277,0.0923993065953254,0.0879812538623809,0.000743265082947378,0.003411978483200004,-0.0010060742497444985,133.100072,172.62908935546875,172.63598104603201,172.63134765625,172.63023376464844,0.006891690563264774,0.00225830078125,0.0011444091796875
133.200032,0.1043344065546989,0.10261403793453812,0.1090116426348686,0.10369540750980379,-0.0017203686201607837,0.004677236080169692,-0.0006389990448951166,133.200032,0.0853684917092323,0.08651528455423106,0.0889873281121254,0.08557534962892539,0.0011467928449987591,0.003618836402893094,0.0002068579196930903,133.200032,172.6269989013672,172.63151261132475,172.62908935546875,172.6268310546875,0.0045137099575640605,0.0020904541015625,-0.0001678466796875
133.299992,0.1065379381179809,0.10057592752665401,0.1043344065546989,0.09965717047452921,-0.005962010591326894,-0.002203531563281999,-0.006880767643451691,133.299992,0.0821321830153465,0.08240667715753629,0.0853684917092323,0.08174965530633921,0.00027449414218978785,0.0032363086938858032,-0.00038252770900729094,133.299992,172.62559509277344,172.62928960826687,172.6269989013672,172.62490844726562,0.0036945154934358015,0.00140380859375,-0.0006866455078125
133.400785,0.1074867025017738,0.10650502838523924,0.1065379381179809,0.1087414696812629,-0.0009816741165345616,-0.000948764383792905,0.0012547671794890941,133.400785,0.0774674192070961,0.08056451211214556,0.0821321830153465,0.0788958743214607,0.0030970929050494617,0.0046647638082503995,0.0014284551143645963,133.400785,172.62461853027344,172.62812100350686,172.62559509277344,172.6241912841797,0.0035024732334250075,0.0009765625,-0.00042724609375
133.500745,0.1026578247547149,0.10456359212151503,0.1074867025017738,0.10843546688556671,0.0019057673668001346,0.00482887774705891,0.005777642130851815,133.500745,0.0736337602138519,0.07590630175975012,0.0774674192070961,0.0728026553988457,0.0022725415458982184,0.003833658993244199,-0.0008311048150062006,133.500745,172.62493896484375,172.6303821510604,172.62461853027344,172.62364196777344,0.005443186216638196,-0.0003204345703125,-0.0012969970703125
133.600705,0.0985694229602813,0.09605270287697668,0.1026578247547149,0.09782894700765599,-0.002516720083304627,0.004088401794433594,-0.0007404759526253163,133.600705,0.073372296988964,0.07159819867915362,0.0736337602138519,0.0698001012206077,-0.0017740983098103735,0.0002614632248879034,-0.0035721957683562955,133.600705,172.6254425048828,172.6236478536743,172.62493896484375,172.62525939941406,-0.0017946512085131872,-0.0005035400390625,-0.00018310546875
133.700665,0.0935772061347961,0.09515020966142365,0.0985694229602813,0.09448102116584771,0.0015730035266275505,0.004992216825485202,0.000903815031051608,133.700665,0.0731683075428009,0.07413004560342246,0.073372296988964,0.0731108337640761,0.0009617380606215531,0.00020398944616309422,-5.747377872480919e-05,133.700665,172.62301635742188,172.63087695556857,172.6254425048828,172.62594604492188,0.007860598146692155,0.0024261474609375,0.0029296875
133.800625,0.0914999619126319,0.08919150574752076,0.0935772061347961,0.0885849893093109,-0.0023084561651111474,0.0020772442221641957,-0.002914972603321006,133.800625,0.0750151053071022,0.07330036266736678,0.0731683075428009,0.07296431809663781,-0.0017147426397354226,-0.0018467977643013,-0.0020507872104643943,133.800625,172.618408203125,172.63640814752247,172.62301635742188,172.62059020996094,0.017999944397473655,0.004608154296875,0.0021820068359375
133.900585,0.0894616618752479,0.09158414597872304,0.0914999619126319,0.08942271769046771,0.002122484103475139,0.0020383000373840054,-3.894418478019024e-05,133.900585,0.0738215446472168,0.07702918010608292,0.0750151053071022,0.0768619030714035,0.003207635458866126,0.0011935606598854065,0.0030403584241867065,133.900585,172.61709594726562,172.62104928284253,172.618408203125,172.61380004882812,0.003953335576909467,0.001312255859375,-0.0032958984375
134.000545,0.0876820012927055,0.08800267172330749,0.0894616618752479,0.0874233618378639,0.00032067043060199363,0.0017796605825424056,-0.0002586394548415999,134.000545,0.0733646601438522,0.07297303673725,0.0738215446472168,0.07262798398733139,-0.00039162340660220396,0.00045688450336459074,-0.0007366761565208158,134.000545,172.618408203125,172.62153527552888,172.61709594726562,172.61578369140625,0.0031270724038847675,-0.001312255859375,-0.00262451171875
134.100505,0.0864577963948249,0.08683881350192904,0.0876820012927055,0.08590234071016309,0.0003810171071041424,0.0012242048978805958,-0.0005554556846618097,134.100505,0.0776762440800666,0.0728694677894351,0.0733646601438522,0.07290777564048762,-0.004806776290631504,-0.0043115839362143915,-0.004768468439578982,134.100505,172.62010192871094,172.61994695959766,172.618408203125,172.61972045898438,-0.00015496911328227725,-0.0016937255859375,-0.0003814697265625
134.200465,0.0852109268307685,0.08677683872817683,0.0864577963948249,0.0852335914969443,0.0015659118974083314,0.0012468695640563965,2.2664666175800652e-05,134.200465,0.0726768150925636,0.08023380439879269,0.0776762440800666,0.08198782801628099,0.007556989306229084,0.004999428987502996,0.009311012923717388,134.200465,172.6241912841797,172.63150182551453,172.62010192871094,172.62179565429688,0.007310541334845766,-0.00408935546875,-0.0023956298828125
134.300425,0.0853904411196708,0.08251915222267604,0.0852109268307685,0.0839640572667121,-0.002871288896994756,-0.0001795142889022966,-0.001426383852958693,134.300425,0.0661194398999214,0.06670489353811661,0.0726768150925636,0.0676773861050606,0.0005854536381952047,0.006557375192642198,0.0015579462051392018,134.300425,172.62747192382812,172.63306853862946,172.6241912841797,172.62828063964844,0.005596614801333999,-0.0032806396484375,0.0008087158203125
134.400385,0.0856560990214347,0.08422308843428364,0.0853904411196708,0.0855699554085731,-0.0014330105871510623,-0.00026565790176390214,-8.614361286160555e-05,134.400385,0.0672106221318245,0.06335863916413875,0.0661194398999214,0.059562064707279205,-0.003851982967685741,-0.00109118223190309,-0.007648557424545288,134.400385,172.62652587890625,172.63567304459497,172.62747192382812,172.63075256347656,0.009147165688716541,0.000946044921875,0.0042266845703125
134.500345,0.0909205600619316,0.08739198048504992,0.0856560990214347,0.0859217569231986,-0.0035285795768816713,-0.0052644610404968956,-0.004998803138732993,134.500345,0.0668513625860214,0.06937349512451466,0.0672106221318245,0.06830180436372758,0.0025221325384932602,0.0003592595458030978,0.0014504417777061879,134.500345,172.62164306640625,172.62884494754138,172.62652587890625,172.62557983398438,0.007201881135131316,0.0048828125,0.003936767578125
134.600305,0.1004159450531005,0.09641893210012359,0.0909205600619316,0.09618502110242849,-0.003997012952976914,-0.009495384991168906,-0.004230923950672011,134.600305,0.0710555985569953,0.06587764452003035,0.0668513625860214,0.0664921030402183,-0.0051779540369649435,-0.004204235970973899,-0.004563495516776997,134.600305,172.61708068847656,172.62858655811246,172.62164306640625,172.61676025390625,0.01150586963589717,0.0045623779296875,-0.0003204345703125
134.700265,0.1118868514895439,0.10904264909100486,0.1004159450531005,0.10991133004426941,-0.002844202398539039,-0.011470906436443398,-0.001975521445274492,134.700265,0.0687670111656189,0.07680504263485498,0.0710555985569953,0.0752598345279692,0.008038031469236082,0.002288587391376398,0.006492823362350297,134.700265,172.61700439453125,172.62226191010782,172.61708068847656,172.61251831054688,0.005257515576573724,7.62939453125e-05,-0.004486083984375
134.800225,0.1121150180697441,0.11579296283093385,0.1118868514895439,0.1233577579259873,0.0036779447611897526,-0.0002281665802001953,0.011242739856243203,134.800225,0.0701842308044433,0.06841694643437923,0.0687670111656189,0.0664784237742425,-0.0017672843700640706,-0.0014172196388244074,-0.0037058070302008056,134.800225,172.6203155517578,172.61858386347697,172.61700439453125,172.61692810058594,-0.0017316882808415812,-0.0033111572265625,-0.003387451171875
134.900185,0.1064082607626915,0.10891588443783845,0.1121150180697441,0.11234318464994429,0.0025076236751469527,0.005706757307052598,0.005934923887252794,134.900185,0.0653526782989502,0.07384368365181382,0.0701842308044433,0.07160145044326771,0.008491005352863623,0.0048315525054931086,0.006248772144317516,134.900185,172.6238250732422,172.62162832991777,172.6203155517578,172.62362670898438,-0.0021967433244185486,-0.003509521484375,-0.0001983642578125
135.000145,0.1015396937727928,0.09866853671713717,0.1064082607626915,0.1007015034556389,-0.002871157055655632,0.0048685669898986955,-0.0008381903171539029,135.000145,0.0616431087255477,0.06297331918313596,0.0653526782989502,0.06052112579345709,0.0013302104575882642,0.003709569573402495,-0.0011219829320906136,135.000145,172.62303161621094,172.63763770095903,172.6238250732422,172.62733459472656,0.014606084748095327,0.00079345703125,0.004302978515625
135.100105,0.0995372980833053,0.09712417112227616,0.1015396937727928,0.0966711267828941,-0.0024131269610291467,0.002002395689487499,-0.0028661713004111966,135.100105,0.0696545392274856,0.06468472202555225,0.0616431087255477,0.057933539152145205,-0.004969817201933346,-0.008011430501937901,-0.011721000075340396,135.100105,172.6201171875,172.63170465499124,172.62303161621094,172.6222381591797,0.011587467491239067,0.0029144287109375,0.0021209716796875
135.200065,0.0946852415800094,0.09943168460659324,0.0995372980833053,0.0975349023938178,0.004746443026583835,0.0048520565032958984,0.0028496608138083995,135.200065,0.0771774128079414,0.07834466846627279,0.0696545392274856,0.0776659697294235,0.0011672556583313953,-0.007522873580455794,0.0004885569214821001,135.200065,172.61782836914062,172.61677876645425,172.6201171875,172.61720275878906,-0.001049602686379103,0.002288818359375,-0.0006256103515625
135.300025,0.0890470817685127,0.09112406154327897,0.0946852415800094,0.0898331850767135,0.0020769797747662716,0.005638159811496707,0.0007861033082008084,135.300025,0.0800356492400169,0.08051014902812932,0.0771774128079414,0.08470028638839719,0.00047449978811242577,-0.0028582364320755005,0.004664637148380293,135.300025,172.61868286132812,172.62936646143464,172.61782836914062,172.61553955078125,0.010683600106517588,-0.0008544921875,-0.003143310546875
135.400818,0.0916454121470451,0.08514187347681842,0.0890470817685127,0.08340892195701599,-0.006503538670226669,-0.002598330378532396,-0.008236490190029103,135.400818,0.0826885476708412,0.07927859569574966,0.0800356492400169,0.0828938856720924,-0.0034099519750915436,-0.0026528984308243075,0.00020533800125119295,135.400818,172.62123107910156,172.62754911063746,172.61868286132812,172.61953735351562,0.006318031535897717,-0.0025482177734375,-0.0016937255859375
135.500778,0.0939933210611343,0.09503276249087224,0.0916454121470451,0.09424374252557749,0.0010394414297379417,-0.002347908914089203,0.0002504214644431929,135.500778,0.0791326686739921,0.08486607500331185,0.0826885476708412,0.08534144610166551,0.0057334063293197485,0.0035558789968491017,0.006208777427673409,135.500778,172.62130737304688,172.6269763705208,172.62123107910156,172.623779296875,0.00566899747391858,-7.62939453125e-05,0.002471923828125
135.600738,0.0950876995921135,0.09340562329546921,0.0939933210611343,0.0963412299752235,-0.0016820762966442832,-0.0010943785309791981,0.0012535303831100048,135.600738,0.0778293758630752,0.0764640389495667,0.0791326686739921,0.075576789677143,-0.0013653369135084997,0.0013032928109169006,-0.002252586185932201,135.600738,172.61770629882812,172.63161891734183,172.62130737304688,172.6213836669922,0.013912618513700181,0.00360107421875,0.0036773681640625
135.700698,0.0900022983551025,0.09435172738730375,0.0950876995921135,0.09618207812309269,0.004349429032201257,0.0050854012370109974,0.006179779767990196,135.700698,0.0790907964110374,0.07758518052934169,0.0778293758630752,0.0765260830521583,-0.0015056158816957183,-0.0012614205479622026,-0.0025647133588791032,135.700698,172.61451721191406,172.61652367396093,172.61770629882812,172.61410522460938,0.002006462046864499,0.0031890869140625,-0.0004119873046875
135.800658,0.0818341523408889,0.08636880093687019,0.0900022983551025,0.0849168971180915,0.004534648595981294,0.008168146014213604,0.003082744777202606,135.800658,0.0836726948618888,0.0790319764202935,0.0790907964110374,0.0803522169589996,-0.004640718441595304,-0.004581898450851399,-0.003320477902889196,135.800658,172.61465454101562,172.61723005264324,172.61451721191406,172.611328125,0.002575511627611604,-0.0001373291015625,-0.003326416015625
135.900618,0.0924200564622879,0.08030835274693854,0.0818341523408889,0.07366600632667529,-0.012111703715349365,-0.010585904121399009,-0.018754050135612613,135.900618,0.0812724232673645,0.08412100781856727,0.0836726948618888,0.0882545933127402,0.002848584551202765,0.0024002715945243003,0.006982170045375699,135.900618,172.61659240722656,172.6250522263226,172.61465454101562,172.6147918701172,0.008459819096032106,-0.0019378662109375,-0.001800537109375
136.000578,0.1009515672922134,0.10273087353044554,0.0924200564622879,0.10300596058368691,0.0017793062382321367,-0.008531510829925495,0.0020543932914735136,136.000578,0.0757344737648963,0.07728761680941512,0.0812724232673645,0.0788721516728402,0.001553143044518826,0.005537949502468206,0.003137677907943906,136.000578,172.617919921875,172.6331541620423,172.61659240722656,172.6185302734375,0.01523424016730246,-0.0013275146484375,0.0006103515625
136.100538,0.1068811416625976,0.104482980196074,0.1009515672922134,0.1094830781221389,-0.0023981614665236073,-0.005929574370384202,0.002601936459541293,136.100538,0.077998049557209,0.07258032341392871,0.0757344737648963,0.07019652426242809,-0.005417726143280288,-0.0022635757923127053,-0.007801525294780912,136.100538,172.61782836914062,172.6222773254033,172.617919921875,172.61924743652344,0.004448956262677939,9.1552734375e-05,0.0014190673828125
136.200498,0.1131730154156684,0.11057894741270277,0.1068811416625976,0.1128107160329818,-0.0025940680029656327,-0.0062918737530708035,-0.0003622993826866011,136.200498,0.079957291483879,0.08096491611916298,0.077998049557209,0.0802616253495217,0.0010076246352839768,-0.001959241926670005,0.00030433386564270026,136.200498,172.61561584472656,172.6214660213736,172.61782836914062,172.61773681640625,0.005850176647044236,0.0022125244140625,0.0021209716796875
136.300458,0.1129611060023307,0.11594934369861117,0.1131730154156684,0.11946488916873921,0.0029882376962804685,0.00021190941333770752,0.006503783166408511,136.300458,0.0819481164216995,0.08058114123696981,0.079957291483879,0.08191653341054901,-0.0013669751847296824,-0.00199082493782049,-3.158301115048501e-05,136.300458,172.61488342285156,172.62193792253416,172.61561584472656,172.6134033203125,0.007054499682595861,0.000732421875,-0.0014801025390625
136.400418,0.1100253239274025,0.11037940799007545,0.1129611060023307,0.11274919658899299,0.00035408406267295467,0.0029357820749282004,0.002723872661590493,136.400418,0.0787900537252426,0.08187549807256468,0.0819481164216995,0.08393894135951999,0.0030854443473220805,0.0031580626964568953,0.005148887634277385,136.400418,172.61642456054688,172.62124658361765,172.61488342285156,172.61415100097656,0.00482202307077273,-0.0015411376953125,-0.0022735595703125
136.500378,0.1072246730327606,0.1056093330471505,0.1100253239274025,0.1070895418524743,-0.0016153399856101008,0.00280065089464189,-0.00013513118028631033,136.500378,0.0853975266218185,0.07419435166220516,0.0787900537252426,0.0756319910287857,-0.011203174959613343,-0.0066074728965759,-0.009765535593032795,136.500378,172.61929321289062,172.62557629671088,172.61642456054688,172.6179656982422,0.006283083820250113,-0.00286865234375,-0.0013275146484375
136.600338,0.1044657602906227,0.10701585405969984,0.1072246730327606,0.10442402213811872,0.0025500937690771386,0.002758912742137909,-4.173815250398116e-05,136.600338,0.0824687853455543,0.08940612119757183,0.0853975266218185,0.0920049995183944,0.006937335852017529,0.0029287412762642046,0.009536214172840105,136.600338,172.61924743652344,172.63044113311867,172.61929321289062,172.62216186523438,0.011193696595228175,4.57763671875e-05,0.0029144287109375
136.700298,0.1061081439256668,0.10150961373410869,0.1044657602906227,0.10170684754848479,-0.004598530191558106,-0.001642383635044098,-0.004401296377182007,136.700298,0.0789543837308883,0.07627924556448364,0.0824687853455543,0.07954004406929009,-0.0026751381664046614,0.003514401614665999,0.0005856603384017944,136.700298,172.61746215820312,172.63016399342422,172.61924743652344,172.61920166015625,0.012701835221093916,0.0017852783203125,0.001739501953125
136.800258,0.1040653511881828,0.10687526984299019,0.1061081439256668,0.1077505275607109,0.0028099186548073835,0.002042792737483992,0.00368517637252809,136.800258,0.0738966912031173,0.07671320763100029,0.0789543837308883,0.0754399821162223,0.002816516427882984,0.005057692527770996,0.0015432909131049971,136.800258,172.615966796875,172.62176854453816,172.61746215820312,172.6156768798828,0.00580174766315622,0.001495361328125,-0.0002899169921875
136.900218,0.1019846946001052,0.10046041925976719,0.1040653511881828,0.10202255845069881,-0.0015242753403380133,0.0020806565880776007,3.786385059360853e-05,136.900218,0.0718482807278633,0.06959352233660768,0.0738966912031173,0.0688389986753463,-0.0022547583912556207,0.0020484104752540033,-0.0030092820525169928,136.900218,172.61439514160156,172.61613031851186,172.615966796875,172.61447143554688,0.0017351769103015613,0.0015716552734375,7.62939453125e-05
137.000178,0.0999076664447784,0.09939439418641571,0.1019846946001052,0.0999040380120276,-0.0005132722583626875,0.0020770281553268016,-3.628432750799049e-06,137.000178,0.0711264461278915,0.07005630387672915,0.0718482807278633,0.0697998702526093,-0.001070142251162351,0.000721834599971799,-0.0013265758752822043,137.000178,172.61184692382812,172.6196133389342,172.61439514160156,172.61282348632812,0.007766415106061686,0.0025482177734375,0.0009765625
137.100138,0.0945398807525634,0.09709759680857741,0.0999076664447784,0.0978306382894516,0.0025577160560140144,0.0053677856922150075,0.003290757536888206,137.100138,0.066825121641159,0.06983751875456508,0.0711264461278915,0.0704046115279197,0.003012397113406076,0.004301324486732497,0.003579489886760698,137.100138,172.6128387451172,172.6177165780342,172.61184692382812,172.6092987060547,0.0048778329170033885,-0.0009918212890625,-0.0035400390625
137.200098,0.0899380147457122,0.08936698209375103,0.0945398807525634,0.08917209506034839,-0.0005710326519611647,0.004601866006851196,-0.0007659196853638112,137.200098,0.0641034543514251,0.06306120222161127,0.066825121641159,0.0625237971544265,-0.0010422521298138337,0.0027216672897339006,-0.0015796571969985962,137.200098,172.615966796875,172.62279993501613,172.6128387451172,172.61383056640625,0.006833138141132622,-0.0031280517578125,-0.00213623046875
137.300058,0.0892137885093689,0.08766040854382484,0.0899380147457122,0.085336148738861,-0.001553379965544055,0.0007242262363433005,-0.0038776397705078958,137.300058,0.0589676797389984,0.06229107595129753,0.0641034543514251,0.0613817870616912,0.003323396212299129,0.005135774612426702,0.0024141073226928017,137.300058,172.61705017089844,172.6183251187001,172.615966796875,172.6190948486328,0.0012749478016758076,-0.0010833740234375,0.002044677734375
137.400018,0.0889239609241485,0.08844545751935236,0.0892137885093689,0.0884895622730256,-0.00047850340479614617,0.0002898275852203924,-0.0004343986511229081,137.400018,0.0546322092413902,0.057877818398612564,0.0589676797389984,0.0538319051265717,0.0032456091572223636,0.004335470497608199,-0.0008003041148185036,137.400018,172.61460876464844,172.63832996026088,172.61705017089844,172.61813354492188,0.02372119561243835,0.00244140625,0.0035247802734375
137.500811,0.0956554934382438,0.08763815856360384,0.0889239609241485,0.08863413333892811,-0.008017334874639959,-0.0067315325140952925,-0.007021360099315685,137.500811,0.0606294199824333,0.054235655791402125,0.0546322092413902,0.050296738743782,-0.006393764191031173,-0.005997210741043098,-0.010332681238651296,137.500811,172.61216735839844,172.612744279753,172.61460876464844,172.61216735839844,0.0005769213545647744,0.00244140625,0.0
137.600771,0.1007331311702728,0.10131666265389853,0.0956554934382438,0.10238702595233909,0.0005835314836257349,-0.005077637732029003,0.0016538947820662897,137.600771,0.0689558684825897,0.06944207915152015,0.0606294199824333,0.0666266307234764,0.0004862106689304535,-0.008326448500156396,-0.002329237759113298,137.600771,172.6116943359375,172.61511331832,172.61216735839844,172.60972595214844,0.0034189823824988252,0.0004730224609375,-0.0019683837890625
137.700731,0.1038898676633834,0.10351031359883861,0.1007331311702728,0.1058107689023018,-0.00037955406454479035,-0.0031567364931106012,0.0019209012389184016,137.700731,0.0738752335309982,0.0770714924908042,0.0689558684825897,0.0772823169827461,0.003196258959805992,-0.004919365048408508,0.0034070834517478943,137.700731,172.61367797851562,172.62081764335377,172.6116943359375,172.61122131347656,0.007139664838149429,-0.001983642578125,-0.0024566650390625
137.800691,0.1032769605517387,0.10401414039442647,0.1038898676633834,0.107046604156494,0.0007371798426877713,0.0006129071116447032,0.0037696436047553045,137.800691,0.076765663921833,0.07773483263580591,0.0738752335309982,0.07879459857940671,0.0009691687139729149,-0.0028904303908347945,0.002028934657573714,137.800691,172.6134490966797,172.61894090766384,172.61367797851562,172.61566162109375,0.005491810984153744,0.0002288818359375,0.0022125244140625
137.900651,0.0987559705972671,0.10115472248937869,0.1032769605517387,0.102664053440094,0.0023987518921115975,0.004520989954471602,0.003908082842826899,137.900651,0.0792367309331893,0.07882580969330275,0.076765663921833,0.07965609431266779,-0.0004109212398865497,-0.0024710670113562982,0.0004193633794784962,137.900651,172.61012268066406,172.62117188767587,172.6134490966797,172.61322021484375,0.011049207011808448,0.003326416015625,0.0030975341796875
138.000611,0.0982811152935028,0.09410640604846948,0.0987559705972671,0.0942349806427955,-0.004174709245033312,0.00047485530376430163,-0.0040461346507073,138.000611,0.0827058926224708,0.08112623585918585,0.0792367309331893,0.0817077979445456,-0.0015796567632849479,-0.0034691616892815053,-0.000998094677925207,138.000611,172.6085205078125,172.61809439867272,172.61012268066406,172.60679626464844,0.00957389086022431,0.0016021728515625,-0.0017242431640625
138.100571,0.0981418788433075,0.09826051166419988,0.0982811152935028,0.09780625998973849,0.00011863282089238925,0.00013923645019529862,-0.000335618853569003,138.100571,0.0849163234233856,0.0850719807905938,0.0827058926224708,0.0861750543117523,0.0001556573672081979,-0.002210430800914806,0.0012587308883666992,138.100571,172.610595703125,172.61177370556143,172.6085205078125,172.60691833496094,0.0011780024364327346,-0.0020751953125,-0.0036773681640625
138.200531,0.0976030305027961,0.0969937829826903,0.0981418788433075,0.0980026423931122,-0.000609247520105799,0.0005388483405113914,0.0003996118903160928,138.200531,0.0821392685174942,0.08478373403854256,0.0849163234233856,0.08712675422430041,0.002644465521048356,0.0027770549058914046,0.004987485706806211,138.200531,172.6139678955078,172.61412208353093,172.610595703125,172.6126708984375,0.0001541880231172854,-0.0033721923828125,-0.0012969970703125
138.300491,0.0942620858550071,0.09559949838586453,0.0976030305027961,0.09706418216228471,0.0013374125308574236,0.0033409446477890015,0.00280209630727761,138.300491,0.0850158631801605,0.07985058025972344,0.0821392685174942,0.0793622136116028,-0.005165282920437053,-0.002876594662666293,-0.005653649568557698,138.300491,172.6156005859375,172.62902647640743,172.6139678955078,172.61734008789062,0.013425890469932256,-0.0016326904296875,0.001739501953125
138.400451,0.0934121310710907,0.09243473293266485,0.0942620858550071,0.0909211412072181,-0.0009773981384258446,0.000849954783916404,-0.0024909898638725975,138.400451,0.0861244946718216,0.0854685182450882,0.0850158631801605,0.08789245784282679,-0.0006559764267334012,-0.0011086314916610995,0.0017679631710051935,138.400451,172.6136016845703,172.61410245422184,172.6156005859375,172.6172332763672,0.0005007696515235693,0.0019989013671875,0.003631591796875
138.500411,0.0935363844037056,0.09467299911625182,0.0934121310710907,0.0925621762871743,0.0011366147125462245,-0.00012425333261489868,-0.0009742081165313027,138.500411,0.0819441601634025,0.08350889149898075,0.0861244946718216,0.0872331261634827,0.0015647313355782455,0.004180334508419092,0.005288966000080192,138.500411,172.61077880859375,172.632309432956,172.6136016845703,172.61160278320312,0.02153062436224218,0.0028228759765625,0.000823974609375
138.600371,0.0940084308385849,0.09481131096915517,0.0935363844037056,0.0936606377363205,0.0008028801305702687,-0.000472046434879303,-0.0003477931022644043,138.600371,0.0684900507330894,0.07285863350430445,0.0819441601634025,0.07776382565498341,0.004368582771215046,0.013454109430313096,0.009273774921894004,138.600371,172.61080932617188,172.61672347356634,172.61077880859375,172.6079559326172,0.005914147394463498,-3.0517578125e-05,-0.0028533935546875
138.700331,0.0934448987245559,0.09567948262242382,0.0940084308385849,0.0944804772734642,0.0022345838978679172,0.000563532114029,0.001035578548908303,138.700331,0.0510292835533618,0.05116219037615218,0.0684900507330894,0.05503594130277631,0.00013290682279037958,0.017460767179727603,0.004006657749414506,138.700331,172.61326599121094,172.61111280154523,172.61080932617188,172.61083984375,-0.002153189665705213,-0.0024566650390625,-0.0024261474609375
138.800291,0.0938671678304672,0.09388072674935989,0.0934448987245559,0.0928813666105269,1.3558918892694893e-05,-0.0004222691059112965,-0.0009858012199402966,138.800291,0.0388132184743881,0.03372532480112339,0.0510292835533618,0.0335685163736342,-0.005087893673264711,0.0122160650789737,-0.005244702100753902,138.800291,172.6123046875,172.62572563111212,172.61326599121094,172.61572265625,0.013420943612118208,0.0009613037109375,0.00341796875
138.900251,0.0962459743022918,0.09726666605020651,0.0938671678304672,0.09428943693637849,0.0010206917479147065,-0.0023788064718246044,-0.001956537365913308,138.900251,0.0253189522773027,0.027310271867073417,0.0388132184743881,0.0265971533954144,0.0019913195897707167,0.013494266197085401,0.0012782011181117006,138.900251,172.60841369628906,172.618212943939,172.6123046875,172.61134338378906,0.009799247649937115,0.0038909912109375,0.0029296875
139.000211,0.1060070842504501,0.09955248277734834,0.0962459743022918,0.0986247807741164,-0.00645460147310177,-0.009761109948158306,-0.007382303476333701,139.000211,0.0110094537958502,0.012083598273424118,0.0253189522773027,0.011824686080217299,0.001074144477573917,0.0143094984814525,0.0008152322843670984,139.000211,172.60653686523438,172.61921591314638,172.60841369628906,172.60452270507812,0.012679047912001806,0.0018768310546875,-0.00201416015625
139.100171,0.1115834042429924,0.11294160600760407,0.1060070842504501,0.11576819419860841,0.001358201764611669,-0.005576319992542295,0.004184789955616011,139.100171,0.0026051357854157,0.0008136524930248117,0.0110094537958502,-0.003300044685602299,-0.0017914832923908884,0.008404318010434501,-0.005905180471017999,139.100171,172.60830688476562,172.61266653538522,172.60653686523438,172.6046600341797,0.004359650619591093,-0.00177001953125,-0.0036468505859375
139.200131,0.1108726784586906,0.11340224150246807,0.1115834042429924,0.1171597242355347,0.0025295630437774663,0.0007107257843017994,0.006287045776844094,139.200131,-0.0029139362741261,-0.002514144060875626,0.0026051357854157,-0.005799182225018801,0.0003997922132504741,0.0055190720595418,-0.002885245950892701,139.200131,172.61013793945312,172.6087278807128,172.60830688476562,172.61007690429688,-0.0014100587403333975,-0.0018310546875,-6.103515625e-05
139.300091,0.1103745400905609,0.10828127620156922,0.1108726784586906,0.1101619526743888,-0.002093263888991684,0.0004981383681297025,-0.00021258741617209698,139.300091,-0.005027072969824,-0.006679141977387824,-0.0029139362741261,-0.008433008333667901,-0.0016520690075638236,0.0021131366956979,-0.003405935363843901,139.300091,172.609375,172.62379916598923,172.61013793945312,172.61196899414062,0.014424165989225912,0.000762939453125,0.002593994140625
139.400051,0.1078650206327438,0.10816678239400505,0.1103745400905609,0.1098764017224312,0.00030176176126126,0.0025095194578171054,0.002011381089687403,139.400051,-0.0053468365222215,-0.006190078563819483,-0.005027072969824,-0.0071402096655219,-0.000843242041597983,0.00031976355239749996,-0.0017933731433004002,139.400051,172.60496520996094,172.61502612838277,172.609375,172.60861206054688,0.010060918421828546,0.0044097900390625,0.0036468505859375
139.500011,0.1120317727327346,0.10400586451584626,0.1078650206327438,0.10535550117492669,-0.008025908216888339,-0.004166752099990803,-0.0066762715578079085,139.500011,-0.0010272527579218,-0.0037630292323055127,-0.0053468365222215,-0.005666600074619,-0.0027357764743837125,-0.0043195837642997,-0.0046393473166972,139.500011,172.60182189941406,172.61415817795307,172.60496520996094,172.60055541992188,0.012336278539009982,0.003143310546875,-0.0012664794921875
139.600804,0.1184725165367126,0.11384053963734689,0.1120317727327346,0.1161985248327254,-0.004631976899365717,-0.006440743803978008,-0.002273991703987205,139.600804,0.0054294778965413,0.006985160529532102,-0.0010272527579218,0.0032923310063779,0.0015556826329908022,-0.0064567306544631,-0.0021371468901634,139.600804,172.6025390625,172.6097420637831,172.60182189941406,172.5986785888672,0.0072030012831021395,-0.0007171630859375,-0.0038604736328125
139.700764,0.1118247210979461,0.12091051973162224,0.1184725165367126,0.12491326034069061,0.009085798633676145,0.006647795438766507,0.013088539242744515,139.700764,0.0136989429593086,0.01362459386276471,0.0054294778965413,0.0118862085510044,-7.434909654389053e-05,-0.0082694650627673,-0.0018127344083041994,139.700764,172.60670471191406,172.60942942207092,172.6025390625,172.60325622558594,0.002724710156854826,-0.0041656494140625,-0.003448486328125
139.800724,0.1029898524284362,0.10274311291423277,0.1118247210979461,0.10517692565917959,-0.00024673951420342566,0.008834868669509902,0.0021870732307433943,139.800724,0.0267594717442989,0.0201344080065665,0.0136989429593086,0.0219684080220759,-0.0066250637377324,-0.0130605287849903,-0.004791063722223002,139.800724,172.60867309570312,172.60720217488077,172.60670471191406,172.61087036132812,-0.0014709208223564474,-0.0019683837890625,0.002197265625
139.900684,0.0934202671051025,0.09758491664694342,0.1029898524284362,0.0941549837589263,0.004164649541840926,0.009569585323333699,0.000734716653823797,139.900684,0.0362131558358669,0.0349469700203349,0.0267594717442989,0.039820000529289204,-0.001266185815531999,-0.009453684091568,0.0036068446934223036,139.900684,172.6064453125,172.62375965094472,172.60867309570312,172.6106414794922,0.01731433844472008,0.002227783203125,0.0041961669921875
140.000644,0.0903230383992195,0.08849475659697068,0.0934202671051025,0.0838506817817688,-0.001828281802248824,0.0030972287058829984,-0.0064723566174507,140.000644,0.0378891006112098,0.03987609567831624,0.0362131558358669,0.0456668399274349,0.001986995067106437,-0.0016759447753428997,0.0077777393162251005,140.000644,172.60317993164062,172.61857290524577,172.6064453125,172.60421752929688,0.015392973605145244,0.003265380859375,0.00103759765625
140.100604,0.0864348709583282,0.0909722890418476,0.0903230383992195,0.0872258096933365,0.004537418083519401,0.0038881674408912936,0.0007909387350082953,140.100604,0.0349082797765731,0.035732087599975905,0.0378891006112098,0.0395650453865527,0.0008238078234028071,0.002980820834636702,0.004656765609979602,140.100604,172.60357666015625,172.61181612743525,172.60317993164062,172.59991455078125,0.008239467278997381,-0.000396728515625,-0.003662109375
140.200564,0.0853908658027648,0.08457927128486324,0.0864348709583282,0.08254670351743691,-0.0008115945179015538,0.00104400515556341,-0.0028441622853278836,140.200564,0.0366087332367897,0.030477005527712684,0.0349082797765731,0.031927458941936396,-0.006131727709077019,-0.0017004534602166055,-0.004681274294853308,140.200564,172.60675048828125,172.60298351979066,172.60357666015625,172.60397338867188,-0.0037669684905949907,-0.003173828125,-0.002777099609375
140.300524,0.0899115726351738,0.08802568479414646,0.0853908658027648,0.08434686064720139,-0.0018858878410273339,-0.004520706832409002,-0.005564711987972412,140.300524,0.0362152345478534,0.03850693175443745,0.0366087332367897,0.03830918669700631,0.0022916972065840507,0.0003934986889363029,0.0020939521491529084,140.300524,172.60874938964844,172.61641618796807,172.60675048828125,172.60992431640625,0.007666798319633017,-0.0019989013671875,0.0011749267578125
140.400484,0.0956742018461227,0.09328712387323024,0.0899115726351738,0.0944322794675828,-0.0023870779728924624,-0.0057626292109489025,-0.0012419223785399003,140.400484,0.0379846133291721,0.036975355807927,0.0362152345478534,0.0358217358589171,-0.0010092575212451022,-0.0017693787813186992,-0.002162877470255002,140.400484,172.6067352294922,172.62009853938827,172.60874938964844,172.61074829101562,0.01336330989607859,0.00201416015625,0.0040130615234375
140.500444,0.098668597638607,0.09927835167842261,0.0956742018461227,0.1014368310570716,0.0006097540398156132,-0.0029943957924842973,0.002768233418464605,140.500444,0.0469171479344368,0.043030273985949635,0.0379846133291721,0.0397539921104908,-0.003886873948487163,-0.008932534605264698,-0.007163155823945999,140.500444,172.60238647460938,172.61779916902842,172.6067352294922,172.60472106933594,0.015412694419040918,0.0043487548828125,0.0023345947265625
140.600404,0.1081209108233451,0.10066791887071729,0.098668597638607,0.1016629934310913,-0.007452991952627816,-0.009452313184738104,-0.006457917392253806,140.600404,0.0577798634767532,0.05462867252727304,0.0469171479344368,0.055849682539701496,-0.0031511909494801593,-0.010862715542316402,-0.0019301809370517037,140.600404,172.59930419921875,172.60500823002533,172.60238647460938,172.59803771972656,0.00570403080658366,0.003082275390625,-0.0012664794921875
140.700364,0.1156816259026527,0.11586114200734586,0.1081209108233451,0.1175732240080832,0.00017951610469316148,-0.007560715079307598,0.0018915981054305059,140.700364,0.0653610154986381,0.06689091211603831,0.0577798634767532,0.0686425790190696,0.001529896617400217,-0.007581152021884897,0.0032815635204315047,140.700364,172.6001434326172,172.6151919344351,172.59930419921875,172.59622192382812,0.015048501817915394,-0.0008392333984375,-0.0039215087890625
140.800324,0.1214313358068466,0.11925328447790493,0.1156816259026527,0.1232423409819603,-0.0021780513289416797,-0.005749709904193906,0.0018110051751136919,140.800324,0.0745802298188209,0.07000790739244475,0.0653610154986381,0.07294216752052299,-0.004572322426376146,-0.0092192143201828,-0.0016380622982979098,140.800324,172.60215759277344,172.60403648719853,172.6001434326172,172.60098266601562,0.0018788944250900386,-0.00201416015625,-0.0011749267578125
140.900284,0.1256890743970871,0.1264322930499661,0.1214313358068466,0.1271810457110405,0.0007432186528789908,-0.004257738590240492,0.0014919713139533997,140.900284,0.0769712328910827,0.0795215629188988,0.0745802298188209,0.0837994441390037,0.0025503300278161,-0.0023910030722617964,0.006828211247921004,140.900284,172.60345458984375,172.611623205598,172.60215759277344,172.6041717529297,0.008168615754243547,-0.0012969970703125,0.0007171630859375
141.000244,0.1347686052322387,0.1291327064619761,0.1256890743970871,0.12994681298732758,-0.005635898770262576,-0.009079530835151589,-0.004821792244911111,141.000244,0.0734258890151977,0.07578454024563556,0.0769712328910827,0.07936223596334449,0.0023586512304378665,0.003545343875884996,0.005936346948146792,141.000244,172.60354614257812,172.6197478842267,172.60345458984375,172.60475158691406,0.016201741648586676,-9.1552734375e-05,0.0012054443359375
141.100204,0.14227195084095,0.14184005128413055,0.1347686052322387,0.14384813606739028,-0.000431899556819465,-0.007503345608711326,0.0015761852264402632,141.100204,0.074601300060749,0.07118817386199912,0.0734258890151977,0.0698805451393127,-0.00341312619874988,-0.0011754110455513,-0.004720754921436296,141.100204,172.6054229736328,172.6146071790512,172.60354614257812,172.6036376953125,0.009184205418392821,-0.0018768310546875,-0.0017852783203125
141.200164,0.1485415548086166,0.1478962147018052,0.14227195084095,0.14977529644966134,-0.0006453401068114151,-0.006269603967666598,0.0012337416410447277,141.200164,0.0789167732000351,0.07699467360661919,0.074601300060749,0.0757767111063003,-0.0019220995934159102,-0.004315473139286097,-0.0031400620937347967,141.200164,172.60858154296875,172.60867310541312,172.6054229736328,172.6072998046875,9.15624443678098e-05,-0.0031585693359375,-0.00128173828125
141.300124,0.1497654765844345,0.1536559101026408,0.1485415548086166,0.1548111587762832,0.003890433518206282,-0.0012239217758178988,0.005045682191848699,141.300124,0.0853476077318191,0.08215565555851659,0.0789167732000351,0.08323224633932119,-0.003191952173302509,-0.006430834531784002,-0.0021153613924979053,141.300124,172.60906982421875,172.6238810544803,172.60858154296875,172.6117401123047,0.014811230261557284,-0.00048828125,0.0026702880859375
141.400084,0.1522817909717559,0.15151259635878825,0.1497654765844345,0.1509893983602524,-0.0007691946129676497,-0.002516314387321389,-0.00129239261150349,141.400084,0.0902772918343544,0.08646383445978108,0.0853476077318191,0.0917784422636031,-0.003813457374573323,-0.004929684102535303,0.0015011504292486988,141.400084,172.6064453125,172.61913436694948,172.60906982421875,172.60955810546875,0.012689054449481318,0.00262451171875,0.00311279296875
141.500044,0.1566503494977951,0.1552537777764129,0.1522817909717559,0.1547981053590773,-0.001396571721382217,-0.004368558526039207,-0.001852244138717818,141.500044,0.0914667919278144,0.09116469739473625,0.0902772918343544,0.0952069759368897,-0.0003020945330781538,-0.0011895000934599997,0.0037401840090753036,141.500044,172.60440063476562,172.62121877122826,172.6064453125,172.60382080078125,0.016818136462632083,0.002044677734375,-0.000579833984375
141.600004,0.1599456965923309,0.15865604240302397,0.1566503494977951,0.1610189080238343,-0.0012896541893069324,-0.0032953470945358,0.001073211431503407,141.600004,0.0914381220936775,0.09016436814709815,0.0914667919278144,0.0926562920212744,-0.001273753946579359,2.86698341368935e-05,0.0012181699275968932,141.600004,172.60479736328125,172.60905989608952,172.60440063476562,172.60235595703125,0.00426253280826927,-0.000396728515625,-0.00244140625
141.700797,0.1573922485113144,0.15883897192567642,0.1599456965923309,0.1632410436868667,0.0014467234143620278,0.0025534480810165128,0.005848795175552313,141.700797,0.0999116599559784,0.09292864353825595,0.0914381220936775,0.09140945225954061,-0.0069830164177224485,-0.008473537862300887,-0.00850220769643778,141.700797,172.60543823242188,172.61062267443575,172.60479736328125,172.60519409179688,0.005184442013870694,-0.000640869140625,-0.000244140625
141.800757,0.1496268212795257,0.1517694762154112,0.1573922485113144,0.15483880043029788,0.002142654935885502,0.007765427231788691,0.005211979150772178,141.800757,0.1090651527047157,0.10799094870744172,0.0999116599559784,0.10838519781827928,-0.0010742039972739814,-0.009153492748737307,-0.0006799548864364208,141.800757,172.60321044921875,172.60968077525013,172.60543823242188,172.6060791015625,0.006470326031376317,0.002227783203125,0.00286865234375
141.900717,0.1440988779067993,0.1414962738555971,0.1496268212795257,0.141861394047737,-0.0026026040512021897,0.005527943372726413,-0.002237483859062278,141.900717,0.1144208535552024,0.11450984006319094,0.1090651527047157,0.11821864545345301,8.898650798853935e-05,-0.0053557008504867,0.0037977918982506076,141.900717,172.60105895996094,172.6181250805755,172.60321044921875,172.60098266601562,0.017066120614572355,0.0021514892578125,-7.62939453125e-05
142.000677,0.1346349567174911,0.13689664583478076,0.1440988779067993,0.13857093453407288,0.0022616891172896614,0.009463921189308194,0.003935977816581782,142.000677,0.1150509044528007,0.11709648290344533,0.1144208535552024,0.1197765544056891,0.002045578450644639,-0.0006300508975982944,0.0047256499528884055,142.000677,172.60142517089844,172.6109198312535,172.60105895996094,172.59890747070312,0.009494660355073847,-0.0003662109375,-0.0025177001953125
142.100637,0.1269218623638153,0.12463635811469959,0.1346349567174911,0.1251710355281829,-0.002285504249115722,0.007713094353675787,-0.0017508268356324075,142.100637,0.1203992068767547,0.11487045698472564,0.1150509044528007,0.11568095535039899,-0.005528749892029061,-0.00534830242395401,-0.004718251526355716,142.100637,172.6034698486328,172.60897275552352,172.60142517089844,172.60179138183594,0.005502906890711756,-0.002044677734375,-0.001678466796875
142.200597,0.1189055144786834,0.12028680030683349,0.1269218623638153,0.11920876801013952,0.0013812858281500862,0.008016347885131905,0.00030325353145611855,142.200597,0.1234389096498489,0.12479810575920083,0.1203992068767547,0.12574750930070872,0.0013591961093519372,-0.003039702773094191,0.002308599650859819,142.200597,172.60302734375,172.61177217709866,172.6034698486328,172.6055145263672,0.008744833348657721,0.0004425048828125,0.0024871826171875
142.300557,0.1116699650883674,0.11218446358598785,0.1189055144786834,0.1108891665935515,0.000514498497620447,0.007235549390315996,-0.0007807984948159097,142.300557,0.1257718503475189,0.12393520819416885,0.1234389096498489,0.1264786124229431,-0.0018366421533500404,-0.002332940697669997,0.0007067620754241943,142.300557,172.5998992919922,172.61587553963417,172.60302734375,172.6025848388672,0.01597624764198713,0.0031280517578125,0.002685546875
142.400517,0.1077043861150741,0.10689749813227994,0.1116699650883674,0.10443441569805141,-0.0008068879827941577,0.0039655789732933044,-0.003269970417022691,142.400517,0.1234452053904533,0.12472401260436561,0.1257718503475189,0.1281047910451889,0.0012788072139123113,0.002326644957065596,0.004659585654735607,142.400517,172.59844970703125,172.60267374385114,172.5998992919922,172.59677124023438,0.004224036819891808,0.0014495849609375,-0.001678466796875
142.500477,0.1051879450678825,0.1047228859103329,0.1077043861150741,0.1037388071417808,-0.00046505915754960214,0.002516441047191606,-0.0014491379261016984,142.500477,0.1199218034744262,0.11974212623501035,0.1234452053904533,0.1211185604333877,-0.00017967723941585134,0.003523401916027097,0.0011967569589615007,142.500477,172.60032653808594,172.60651551482758,172.59844970703125,172.5970001220703,0.006188976741640317,-0.0018768310546875,-0.003326416015625
142.600437,0.1050369217991828,0.10259162285411574,0.1051879450678825,0.10267150402069089,-0.002445298945067051,0.0001510232686997015,-0.0023654177784919045,142.600437,0.116425946354866,0.1162747784166848,0.1199218034744262,0.1163984015583991,-0.000151167938181207,0.0034958571195602,-2.754479646689678e-05,142.600437,172.60301208496094,172.60787770971442,172.60032653808594,172.60220336914062,0.0048656247534779595,-0.002685546875,-0.0008087158203125
142.700397,0.1013660281896591,0.104300183362522,0.1050369217991828,0.1048858985304831,0.0029341551728628984,0.00367089360952369,0.0035198703408239884,142.700397,0.1122652664780616,0.11367518665897908,0.116425946354866,0.1129300892353058,0.0014099201809174705,0.0041606798768043934,0.0006648227572441934,142.700397,172.60496520996094,172.6132781396073,172.60301208496094,172.60569763183594,0.008312929646365319,-0.001953125,0.000732421875
142.800357,0.0994051545858383,0.09775734237525055,0.1013660281896591,0.09769513458013541,-0.001647812210587754,0.0019608736038208008,-0.0017100200057028891,142.800357,0.1066530644893646,0.1070853480782591,0.1122652664780616,0.10810458660125721,0.00043228358889450813,0.00561220198869701,0.001451522111892617,142.800357,172.6055450439453,172.60994230077543,172.60496520996094,172.60691833496094,0.004397256830117158,-0.000579833984375,0.001373291015625
142.900317,0.099726565182209,0.09870849407507966,0.0994051545858383,0.0974442809820175,-0.0010180711071293425,-0.000321410596370697,-0.002282284200191498,142.900317,0.1042878106236457,0.10170495214827771,0.1066530644893646,0.10104086250066759,-0.0025828584753679884,0.002365253865718897,-0.0032469481229781133,142.900317,172.6053009033203,172.61749484536378,172.6055450439453,172.6061248779297,0.012193942043467132,0.000244140625,0.000823974609375
143.000277,0.1009560972452163,0.10090933543782332,0.099726565182209,0.1000479757785797,-4.6761807392978194e-05,-0.0012295320630072992,-0.0009081214666366022,143.000277,0.1018822193145752,0.10292209645700288,0.1042878106236457,0.1019225567579268,0.0010398771424276892,0.002405591309070504,4.033744335160683e-05,143.000277,172.6044921875,172.61020444891486,172.6053009033203,172.6050567626953,0.005712261414856812,0.0008087158203125,0.0005645751953125
143.100237,0.102321833372116,0.10150384370129947,0.1009560972452163,0.1021856293082236,-0.0008179896708165324,-0.0013657361268997054,-0.00013620406389240614,143.100237,0.0987023338675499,0.09959964884340748,0.1018822193145752,0.09947662800550469,0.0008973149758575855,0.003179885447025299,0.0007742941379547952,143.100237,172.6036834716797,172.61089450333952,172.6044921875,172.6036834716797,0.007211031659835498,0.0008087158203125,0.0
143.200197,0.099448338150978,0.1018935181323716,0.102321833372116,0.10368756949901571,0.002445179981393597,0.0028734952211380005,0.004239231348037706,143.200197,0.0955923870205879,0.09646070896489442,0.0987023338675499,0.0955224484205246,0.0008683219443065271,0.003109946846962003,-6.993860006329622e-05,143.200197,172.60267639160156,172.61176444675473,172.6036834716797,172.60287475585938,0.009088055153171126,0.001007080078125,0.0001983642578125
143.300157,0.0983834564685821,0.09576356918914562,0.099448338150978,0.09657484292984,-0.0026198872794364753,0.0010648816823959073,-0.0018086135387420932,143.300157,0.0947750881314277,0.09364955380104782,0.0955923870205879,0.09248244017362589,-0.0011255343303798737,0.0008172988891601979,-0.002292647957801805,143.300157,172.60211181640625,172.61095519380913,172.60267639160156,172.60166931152344,0.00884337740288288,0.0005645751953125,-0.0004425048828125
143.400117,0.0901790931820869,0.09485353743746201,0.0983834564685821,0.09731857478618619,0.00467444425537511,0.008204363286495195,0.0071394816040992876,143.400117,0.0898836925625801,0.0948431083305181,0.0947750881314277,0.0939577892422675,0.004959415767938,0.004891395568847601,0.004074096679687403,143.400117,172.60154724121094,172.6072775890457,172.60211181640625,172.60154724121094,0.005730347834770555,0.0005645751953125,0.0
143.500077,0.0773696973919868,0.07964137052656553,0.0901790931820869,0.08197472989559171,0.002271673134578725,0.012809395790100098,0.004605032503604903,143.500077,0.0881552323698997,0.08570668419979766,0.0898836925625801,0.0849922969937325,-0.0024485481701020384,0.0017284601926804005,-0.0031629353761672002,143.500077,172.60107421875,172.60559096862167,172.60154724121094,172.60098266601562,0.00451674987166939,0.0004730224609375,-9.1552734375e-05
143.600037,0.0690854862332344,0.06631115286754466,0.0773696973919868,0.06456030160188671,-0.002774333365689746,0.0082842111587524,-0.004525184631347698,143.600037,0.0869339182972908,0.08616118197797744,0.0881552323698997,0.0864267721772193,-0.0007727363193133635,0.0012213140726088922,-0.0005071461200715083,143.600037,172.60121154785156,172.60451984545423,172.60107421875,172.60060119628906,0.003308297602671928,-0.0001373291015625,-0.0006103515625
143.699997,0.0633346661925315,0.06365017158212065,0.0690854862332344,0.060801275074482006,0.0003155053895891463,0.005750820040702903,-0.0025333911180494967,143.699997,0.0850394442677497,0.08550121934798006,0.0869339182972908,0.08571260422468191,0.0004617750802303616,0.001894474029541099,0.0006731599569322066,143.699997,172.6013946533203,172.6145089359418,172.60121154785156,172.60134887695312,0.013114282621501161,-0.00018310546875,-4.57763671875e-05
143.80079,0.0590948611497879,0.05930702505724946,0.0633346661925315,0.0575838461518286,0.0002121639074615586,0.0042398050427436,-0.0015110149979593035,143.80079,0.0830506235361099,0.0829659347437036,0.0850394442677497,0.0831449702382086,-8.468879240629279e-05,0.0019888207316398065,9.434670209870766e-05,143.80079,172.60125732421875,172.60768068920802,172.6013946533203,172.60157775878906,0.006423364989274205,0.0001373291015625,0.0003204345703125
143.90075,0.0497426725924015,0.05646540516963804,0.0590948611497879,0.0548550561070443,0.006722732577236545,0.009352188557386405,0.005112383514642806,143.90075,0.0809893831610679,0.08128660925641656,0.0830506235361099,0.08106180280447009,0.00029722609534867106,0.0020612403750420033,7.241964340219675e-05,143.90075,172.60113525390625,172.60713570698456,172.60125732421875,172.6011199951172,0.006000453078314649,0.0001220703125,-1.52587890625e-05
144.00071,0.0520121306180954,0.0437376120845593,0.0497426725924015,0.04039048403501509,-0.008274518533536099,-0.0022694580256939004,-0.011621646583080306,144.00071,0.0802586302161216,0.07662854238212582,0.0809893831610679,0.07892814278602589,-0.0036300878339957793,0.0007307529449462891,-0.0013304874300957142,144.00071,172.6007537841797,172.6061573295076,172.60113525390625,172.60101318359375,0.005403545327908432,0.0003814697265625,0.0002593994140625
144.10067,0.0570009723305702,0.057243715503077955,0.0520121306180954,0.0542815886437893,0.00024274317250775473,-0.004988841712474802,-0.002719383686780902,144.10067,0.0787750333547592,0.07873878853830353,0.0802586302161216,0.07952787727117532,-3.624481645567168e-05,0.0014835968613624018,0.0007528439164161127,144.10067,172.6003875732422,172.61216552058988,172.6007537841797,172.60037231445312,0.011777947347695772,0.0003662109375,-1.52587890625e-05
144.20063,0.0639509782195091,0.06046959034666101,0.0570009723305702,0.061989814043045,-0.003481387872848088,-0.006950005888938897,-0.0019611641764640947,144.20063,0.0787922069430351,0.07726944318863549,0.0787750333547592,0.0772914364933968,-0.0015227637543996086,-1.7173588275895546e-05,-0.0015007704496382973,144.20063,172.6000518798828,172.60510875933394,172.6003875732422,172.6000213623047,0.00505687945113209,0.000335693359375,-3.0517578125e-05
144.30059,0.0644599497318267,0.06795207590859209,0.0639509782195091,0.070900984108448,0.003492126176765392,-0.000508971512317602,0.006441034376621302,144.30059,0.0760954022407531,0.07850624488813993,0.0787922069430351,0.078809380531311,0.002410842647386821,0.0026968047022819935,0.002713978290557889,144.30059,172.59994506835938,172.60617153559008,172.6000518798828,172.59971618652344,0.006226467230703747,0.0001068115234375,-0.0002288818359375
144.40055,0.0630630999803543,0.06071958152228741,0.0644599497318267,0.0649689212441443,-0.002343518458066886,0.0013968497514724038,0.0019058212637900057,144.40055,0.0742425322532653,0.07198840603877395,0.0760954022407531,0.07339859753847111,-0.0022541262144913504,0.0018528699874878068,-0.0008439347147941867,144.40055,172.59988403320312,172.60681275633908,172.59994506835938,172.59983825683594,0.006928723135956716,6.103515625e-05,-4.57763671875e-05
144.50051,0.0624792240560054,0.059911504206455364,0.0630630999803543,0.06166625022888189,-0.0025677198495500375,0.0005838759243488936,-0.0008129738271235101,144.50051,0.0677661150693893,0.07217528140535971,0.0742425322532653,0.07238966226577749,0.00440916633597041,0.006476417183875996,0.004623547196388189,144.50051,172.5998992919922,172.60749466389598,172.59988403320312,172.59982299804688,0.007595371903789783,-1.52587890625e-05,-7.62939453125e-05
144.60047,0.0535105913877487,0.05838333370525408,0.0624792240560054,0.06189534813165651,0.0048727423175053824,0.008968632668256704,0.00838475674390781,144.60047,0.0642722025513649,0.06269369649993511,0.0677661150693893,0.061289697885513306,-0.0015785060514297844,0.003493912518024403,-0.002982504665851593,144.60047,172.5999755859375,172.60566012329724,172.5998992919922,172.59991455078125,0.005684537359741171,-7.62939453125e-05,-6.103515625e-05
144.70043,0.0505836084485054,0.04494761724498532,0.0535105913877487,0.04454195871949199,-0.005635991203520083,0.002926982939243296,-0.006041649729013408,144.70043,0.0636558383703231,0.06118181512942442,0.0642722025513649,0.060778290033340496,-0.002474023240898675,0.0006163641810418008,-0.002877548336982602,144.70043,172.6000518798828,172.59853022040497,172.5999755859375,172.6000518798828,-0.0015216594778451054,-7.62939453125e-05,0.0
144.80039,0.0498817339539527,0.04948568489672221,0.0505836084485054,0.047656625509262106,-0.0003960490572304867,0.0007018744945527025,-0.0022251084446905933,144.80039,0.056447435170412,0.06330966228937687,0.0636558383703231,0.0630394741892813,0.006862227118964871,0.007208403199911097,0.006592039018869296,144.80039,172.60009765625,172.61251654887667,172.6000518798828,172.60012817382812,0.01241889262666973,-4.57763671875e-05,3.0517578125e-05
144.90035,0.0508041158318519,0.0470875399729987,0.0498817339539527,0.0491798594594,-0.0037165758588531966,-0.0009223818778991977,-0.0016242563724519002,144.90035,0.0545005984604358,0.0518596365183756,0.056447435170412,0.049239031970500904,-0.002640961942060198,0.0019468367099762032,-0.0052615664899348935,144.90035,172.60003662109375,172.60811864559653,172.60009765625,172.6001434326172,0.008082024502783725,6.103515625e-05,0.0001068115234375
145.00031,0.0533239655196666,0.05073965393401487,0.0508041158318519,0.051726497709751094,-0.0025843115856517343,-0.0025198496878147056,-0.001597467809915508,145.00031,0.0562067851424217,0.05611328097448334,0.0545005984604358,0.052553761750459595,-9.350416793835886e-05,-0.0017061866819859037,-0.003653023391962107,145.00031,172.60015869140625,172.60562988111744,172.60003662109375,172.5999755859375,0.005471189711187208,-0.0001220703125,-0.00018310546875
145.10027,0.0559098944067955,0.05511745957046302,0.0533239655196666,0.05584381520748131,-0.000792434836332484,-0.0025859288871288993,-6.607919931419376e-05,145.10027,0.0562805272638797,0.05835591414941488,0.0562067851424217,0.057912971824407605,0.0020753868855351784,-7.374212145799808e-05,0.0016324445605279056,145.10027,172.60079956054688,172.60028460562725,172.60015869140625,172.60028076171875,-0.0005149549196232783,-0.000640869140625,-0.000518798828125
145.20023,0.0593280531466007,0.056857772565222,0.0559098944067955,0.0584958232939244,-0.0024702805813787004,-0.0034181587398052007,-0.0008322298526763014,145.20023,0.0656196624040603,0.05905284651899355,0.0562805272638797,0.0563542693853377,-0.006566815885066746,-0.009339135140180595,-0.009265393018722597,145.20023,172.60076904296875,172.61894381134394,172.60079956054688,172.6014404296875,0.018174768375189387,3.0517578125e-05,0.00067138671875
145.30019,0.0679795667529106,0.06392439981889399,0.0593280531466007,0.0627462118864059,-0.004055166934016613,-0.008651513606309898,-0.005233354866504697,145.30019,0.0628099739551544,0.07487336175161327,0.0656196624040603,0.0749587975442409,0.012063387796458866,0.0028096884489058893,0.012148823589086491,145.30019,172.60089111328125,172.60371194642315,172.60076904296875,172.60073852539062,0.002820833141896628,-0.0001220703125,-0.000152587890625
145.40015,0.0739411860704422,0.07158856978605536,0.0679795667529106,0.0766310803592205,-0.0023526162843868353,-0.0059616193175316,0.002689894288778305,145.40015,0.0634439215064048,0.06121426911631772,0.0628099739551544,0.060000285506248516,-0.0022296523900870724,-0.0006339475512503884,-0.0034436360001562777,145.40015,172.60079956054688,172.610938313225,172.60089111328125,172.60101318359375,0.010138752678130913,9.1552734375e-05,0.000213623046875
145.50011,0.0748594030737876,0.07515185129938519,0.0739411860704422,0.0799028053879738,0.000292448225597583,-0.0009182170033454062,0.005043402314186193,145.50011,0.0726930722594261,0.06878642685417895,0.0634439215064048,0.06407786905765518,-0.0039066454052471555,-0.00924915075302131,-0.008615203201770921,145.50011,172.60015869140625,172.60726168425086,172.60079956054688,172.6007080078125,0.007102992844608025,0.000640869140625,0.00054931640625
145.60007,0.0729874446988105,0.07505710146907461,0.0748594030737876,0.07577762007713301,0.0020696567702641194,0.0018719583749771118,0.002790175378322518,145.60007,0.0864288732409477,0.0801703483518046,0.0726930722594261,0.08194222301244741,-0.006258524889143094,-0.013735800981521593,-0.004486650228500283,145.60007,172.5992431640625,172.59905974045458,172.60015869140625,172.59951782226562,-0.00018342360792189538,0.00091552734375,0.000274658203125
145.70003,0.0735064372420311,0.07312583887193609,0.0729874446988105,0.07111548632383338,-0.0003805983700950061,-0.0005189925432206033,-0.002390950918197715,145.70003,0.0891043245792388,0.09281915293437767,0.0864288732409477,0.10016467422246929,0.00371482835513888,-0.002675451338291099,0.011060349643230494,145.70003,172.5992889404297,172.61067758315298,172.5992431640625,172.59832763671875,0.011388642723289877,-4.57763671875e-05,-0.0009613037109375
145.800823,0.0762999728322029,0.07411105204910891,0.0735064372420311,0.0740254297852517,-0.0021889207830939894,-0.0027935355901718,-0.002274543046951197,145.800823,0.086667314171791,0.08663385577937374,0.0891043245792388,0.0917797759175299,-3.345839241725157e-05,0.002437010407447801,0.0051124617457389,145.800823,172.59896850585938,172.61930795815374,172.5992889404297,172.59933471679688,0.0203394522943654,0.0003204345703125,0.0003662109375
145.900783,0.0785160586237907,0.07910052783139898,0.0762999728322029,0.0790935084223747,0.0005844692076082819,-0.002216085791587802,0.0005774497985839983,145.900783,0.0841778516769409,0.08238189566339833,0.086667314171791,0.08423030376434319,-0.0017959560135425712,0.0024894624948500893,5.245208740228824e-05,145.900783,172.59835815429688,172.60415973127144,172.59896850585938,172.59864807128906,0.005801576974562295,0.0006103515625,0.0002899169921875
146.000743,0.0814230814576149,0.08046545943720847,0.0785160586237907,0.0807321444153785,-0.0009576220204064317,-0.0029070228338241993,-0.0006909370422363975,146.000743,0.079261377453804,0.08121896786147606,0.0841778516769409,0.08168838918209081,0.001957590407672058,0.004916474223136902,0.0024270117282868126,146.000743,172.59738159179688,172.60663519489765,172.59835815429688,172.59774780273438,0.009253603100773944,0.0009765625,0.0003662109375
146.100703,0.0801231935620307,0.0831430346143374,0.0814230814576149,0.0843301042914391,0.00301984105230671,0.0012998878955842036,0.004206910729408403,146.100703,0.0759726613759994,0.07459107146659362,0.079261377453804,0.0743449032306671,-0.0013815899094057754,0.003288716077804607,-0.0016277581453322948,146.100703,172.59690856933594,172.61060232139823,172.59738159179688,172.59640502929688,0.013693752062295061,0.0004730224609375,-0.0005035400390625
146.200663,0.0825346633791923,0.07846016920086675,0.0801231935620307,0.07882330566644649,-0.004074494178325547,-0.0024114698171616017,-0.0037113577127458053,146.200663,0.075189858675003,0.0732945058519954,0.0759726613759994,0.07268394529819479,-0.0018953528230075956,0.0007828027009963989,-0.002505913376808208,146.200663,172.596923828125,172.60375497190626,172.59690856933594,172.596435546875,0.006831143781255378,-1.52587890625e-05,-0.00048828125
146.300623,0.0769760459661483,0.08464060149435411,0.0825346633791923,0.0849461331963539,0.007664555528205816,0.005558617413044004,0.007970087230205605,146.300623,0.0746570080518722,0.07517211766077887,0.075189858675003,0.0744070559740066,0.0005151096089066748,0.0005328506231307983,-0.0002499520778656006,146.300623,172.5974884033203,172.61087830825932,172.596923828125,172.59693908691406,0.013389904939003827,-0.0005645751953125,-0.00054931640625
146.400583,0.0737775787711143,0.07280516996148431,0.0769760459661483,0.07141742855310429,-0.0009724088096299821,0.0031984671950339993,-0.0023601502180100042,146.400583,0.0728016793727874,0.07295950182357995,0.0746570080518722,0.0741241574287414,0.0001578224507925441,0.0018553286790847917,0.0013224780559539934,146.400583,172.5975341796875,172.60784628190973,172.5974884033203,172.59805297851562,0.010312102222229669,-4.57763671875e-05,0.000518798828125
146.500543,0.0844318568706512,0.07327523867129719,0.0737775787711143,0.0705791115760803,-0.011156618199354013,-0.01065427809953691,-0.013852745294570909,146.500543,0.0665207281708717,0.07009990195643473,0.0728016793727874,0.07094635069370261,0.0035791737855630223,0.006280951201915699,0.004425622522830908,146.500543,172.597412109375,172.60929435861183,172.5975341796875,172.5975799560547,0.011882249236833786,0.0001220703125,0.0001678466796875
146.600503,0.0869352594017982,0.09375168992512616,0.0844318568706512,0.09508613497018811,0.006816430523327949,-0.002503402531147003,0.008150875568389906,146.600503,0.060684286057949,0.061102445647285425,0.0665207281708717,0.06023977696895601,0.00041815958933642816,0.00583644211292271,-0.00044450908899298924,146.600503,172.59706115722656,172.60766125789894,172.597412109375,172.5972900390625,0.010600100672377266,0.0003509521484375,0.0002288818359375
146.700463,0.0891893804073333,0.08789552490940376,0.0869352594017982,0.08943866193294521,-0.0012938554979295414,-0.002254121005535098,0.0002492815256119052,146.700463,0.0632333233952522,0.058233624612496274,0.060684286057949,0.05484784394502629,-0.004999698782755926,-0.0025490373373032033,-0.008385479450225913,146.700463,172.59622192382812,172.60451017706328,172.59706115722656,172.59671020507812,0.008288253235150478,0.0008392333984375,0.00048828125
146.800423,0.0928598418831825,0.09213055670150967,0.0891893804073333,0.0914435014128684,-0.0007292851816728257,-0.0036704614758491932,-0.0014163404703140953,146.800423,0.0675047412514686,0.06695090059035298,0.0632333233952522,0.0657823607325554,-0.0005538406611156205,-0.004271417856216403,-0.0017223805189131997,146.800423,172.59521484375,172.6012042019783,172.59622192382812,172.5953826904297,0.005989358228305264,0.001007080078125,0.0001678466796875
146.900383,0.0961763486266136,0.0955215477413635,0.0928598418831825,0.09653030335903169,-0.0006548008852501064,-0.003316506743431105,0.00035395473241808806,146.900383,0.071634255349636,0.07077343218276964,0.0675047412514686,0.071776159107685,-0.0008608231668663507,-0.004129514098167392,0.00014190375804901123,146.900383,172.5951385498047,172.60945426305972,172.59521484375,172.59420776367188,0.014315713255030005,7.62939453125e-05,-0.0009307861328125
147.000343,0.0972477421164512,0.09719369900505194,0.0961763486266136,0.09949285537004471,-5.404311139925455e-05,-0.001071393489837591,0.002245113253593514,147.000343,0.0729426518082618,0.07403111161885267,0.071634255349636,0.07576376944780339,0.0010884598105908722,-0.0013083964586258073,0.0028211176395415843,147.000343,172.5950469970703,172.6058431454049,172.5951385498047,172.59506225585938,0.010796148334577538,9.1552734375e-05,1.52587890625e-05
147.100303,0.098673515021801,0.09633598406776152,0.0972477421164512,0.09831913560628879,-0.0023375309540394767,-0.0014257729053498008,-0.00035437941551220986,147.100303,0.0735028907656669,0.07268192108693187,0.0729426518082618,0.07425104826688761,-0.0008209696787350312,-0.0005602389574051042,0.0007481575012207031,147.100303,172.59532165527344,172.60443572302484,172.5950469970703,172.59495544433594,0.00911406775139767,-0.000274658203125,-0.0003662109375
147.200263,0.1022320017218589,0.09905590500026445,0.098673515021801,0.1000992879271508,-0.0031760967215944402,-0.0035584867000579,-0.0021327137947080993,147.200263,0.0787958204746246,0.07337373984515631,0.0735028907656669,0.07406312972307201,-0.005422080629468293,-0.0052929297089577,-0.004732690751552596,147.200263,172.59532165527344,172.5996225767089,172.59532165527344,172.59559631347656,0.004300921435458349,0.0,0.000274658203125
147.300223,0.1059876531362533,0.10627943718366477,0.1022320017218589,0.1057904884219168,0.0002917840474114669,-0.0037556514143944064,-0.00019716471433650629,147.300223,0.0792988687753677,0.08358732065686113,0.0787958204746246,0.0840887501835823,0.0042884518814934325,-0.0005030483007430891,0.004789881408214611,147.300223,172.5951385498047,172.60773288399162,172.59532165527344,172.59532165527344,0.01259433418692879,0.00018310546875,0.00018310546875
147.400183,0.1120716854929924,0.10787243184111554,0.1059876531362533,0.10974330455064771,-0.004199253651876858,-0.0060840323567391,-0.0023283809423446933,147.400183,0.0881713107228279,0.0777445091973244,0.0792988687753677,0.07980191707611078,-0.010426801525503501,-0.008872441947460202,-0.008369393646717113,147.400183,172.59483337402344,172.60040804836385,172.5951385498047,172.59495544433594,0.005574674340408592,0.00030517578125,0.0001220703125
147.500143,0.1147147044539451,0.11920816515317423,0.1120716854929924,0.1181557178497315,0.004493460699229124,-0.0026430189609527033,0.0034410133957863964,147.500143,0.0901154801249504,0.09539354783285124,0.0881713107228279,0.0970437526702881,0.0052780677079008465,-0.0019441694021224976,0.006928272545337705,147.500143,172.594970703125,172.6102218388335,172.59483337402344,172.5945281982422,0.015251135708496122,-0.0001373291015625,-0.0004425048828125
147.600103,0.1170590445399284,0.11608462570749978,0.1147147044539451,0.11735772341489781,-0.0009744188324286168,-0.0023443400859832902,0.00029867887496941303,147.600103,0.0893313288688659,0.08754203260498328,0.0901154801249504,0.09205964952707289,-0.0017892962638826199,0.0007841512560844976,0.002728320658206995,147.600103,172.59481811523438,172.6074147183303,172.594970703125,172.59510803222656,0.012596603095914816,0.000152587890625,0.0002899169921875
147.700063,0.1233858168125152,0.12010552896562798,0.1170590445399284,0.11940338462591168,-0.00328028784688722,-0.006326772272586809,-0.003982432186603518,147.700063,0.0905949473381042,0.08769390842004081,0.0893313288688659,0.0885471776127814,-0.0029010389180633978,-0.001263618469238309,-0.0020477697253228067,147.700063,172.5944366455078,172.6103601483286,172.59481811523438,172.59466552734375,0.015923502820783142,0.0003814697265625,0.0002288818359375
147.800023,0.1302252262830734,0.12920171456521615,0.1233858168125152,0.12971258908510203,-0.0010235117178572506,-0.006839409470558194,-0.0005126371979713717,147.800023,0.0899315178394317,0.09095911123002752,0.0905949473381042,0.09185856580734252,0.0010275933905958268,0.0006634294986725131,0.0019270479679108221,147.800023,172.5936737060547,172.60368919677592,172.5944366455078,172.59405517578125,0.01001549072122998,0.000762939453125,0.0003814697265625
147.900816,0.1346504390239715,0.13419280396548564,0.1302252262830734,0.1370646357536316,-0.00045763505848586683,-0.004425212740898105,0.0024141967296600897,147.900816,0.0908286571502685,0.08790742548149989,0.0899315178394317,0.08926808834075918,-0.0029212316687686063,-0.0008971393108368059,-0.001560568809509319,147.900816,172.59327697753906,172.5984163975476,172.5936737060547,172.59291076660156,0.005139420008532625,0.000396728515625,-0.0003662109375
148.000776,0.1427202224731445,0.13589748349832614,0.1346504390239715,0.1390756517648696,-0.00682273897481836,-0.008069783449173001,-0.003644570708274897,148.000776,0.09402896463871,0.09018933912570755,0.0908286571502685,0.0917257964611053,-0.0038396255130024454,-0.003200307488441495,-0.002303168177604689,148.000776,172.59251403808594,172.6052986229562,172.59327697753906,172.59288024902344,0.012784584870274784,0.000762939453125,0.0003662109375
148.100736,0.1452392339706421,0.14721713082498952,0.1427202224731445,0.1507900059223175,0.001977896854347433,-0.0025190114974975863,0.005550771951675415,148.100736,0.0944029316306114,0.0961096089213898,0.09402896463871,0.09722927212715149,0.0017066772907783911,-0.0003739669919014116,0.0028263404965400835,148.100736,172.5924530029297,172.6008429190595,172.59251403808594,172.5917510986328,0.008389916129800667,6.103515625e-05,-0.000701904296875
148.200696,0.1402754932641983,0.1417056676537836,0.1452392339706421,0.14775824546813968,0.001430174389585287,0.004963740706443787,0.007482752203941373,148.200696,0.0881551951169967,0.09238679868763904,0.0944029316306114,0.09477689862251282,0.004231603570642339,0.00624773651361471,0.006621703505516122,148.200696,172.59283447265625,172.59733386207697,172.5924530029297,172.59239196777344,0.004499389420715261,-0.0003814697265625,-0.0004425048828125
148.300656,0.1428254395723343,0.13069067102502116,0.1402754932641983,0.13531175255775452,-0.01213476854731313,-0.0025499463081359863,-0.007513687014579773,148.300656,0.0768985226750373,0.08263931611957773,0.0881551951169967,0.08190745860338199,0.005740793444540426,0.011256672441959395,0.005008935928344685,148.300656,172.59323120117188,172.60295476105452,172.59283447265625,172.5932159423828,0.009723559882644395,-0.000396728515625,-1.52587890625e-05
148.400616,0.1327777057886123,0.13832346817098048,0.1428254395723343,0.14537538588047028,0.0055457623823681745,0.01004773378372198,0.012597680091857966,148.400616,0.072870448231697,0.07206373508741462,0.0768985226750373,0.0656418502330779,-0.0008067131442823783,0.0040280744433403015,-0.0072285979986190935,148.400616,172.59376525878906,172.59877508907604,172.59323120117188,172.5936279296875,0.005009830286979877,-0.0005340576171875,-0.0001373291015625
148.500576,0.1150216609239578,0.11978689010699906,0.1327777057886123,0.12272997200489033,0.0047652291830412585,0.017756044864654513,0.007708311080932534,148.500576,0.0775522515177726,0.07355192847324511,0.072870448231697,0.0688423737883567,-0.004000323044527493,-0.004681803286075606,-0.008709877729415907,148.500576,172.59457397460938,172.5885687380681,172.59376525878906,172.59429931640625,-0.0060052365412843756,-0.0008087158203125,-0.000274658203125
148.600536,0.0968009531497955,0.10123387313505211,0.1150216609239578,0.09726561605930328,0.004432919985256606,0.018220707774162292,0.0004646629095077792,148.600536,0.0829429775476455,0.08157088830779058,0.0775522515177726,0.08223405480384821,-0.0013720892398549206,-0.005390726029872894,-0.0007089227437972884,148.600536,172.59503173828125,172.60641400890125,172.59457397460938,172.5953826904297,0.011382270620003965,-0.000457763671875,0.0003509521484375
148.700496,0.0867611616849899,0.08629764611068345,0.0968009531497955,0.07858024537563321,-0.0004635155743064473,0.010039791464805603,-0.00818091630935669,148.700496,0.0825795605778694,0.08427295216763701,0.0829429775476455,0.0883337035775184,0.0016933915897676122,0.00036341696977609805,0.005754142999648992,148.700496,172.5951690673828,172.61179575719493,172.59503173828125,172.59548950195312,0.016626689812113682,-0.0001373291015625,0.0003204345703125
148.800456,0.0840081498026847,0.08271031357968678,0.0867611616849899,0.0767213702201843,-0.0012978362229979223,0.0027530118823052008,-0.007286779582500402,148.800456,0.082612544298172,0.07906520451388054,0.0825795605778694,0.0822161436080933,-0.0035473397842914617,-3.2983720302595665e-05,-0.0003964006900786937,148.800456,172.59490966796875,172.6026785321105,172.5951690673828,172.59530639648438,0.007768864141752374,0.0002593994140625,0.000396728515625
148.900416,0.0850273519754409,0.08508481395366611,0.0840081498026847,0.0812551379203795,5.7461978225217814e-05,-0.001019202172756195,-0.003772214055061396,148.900416,0.0842752233147621,0.08184429681465588,0.082612544298172,0.08264552801847459,-0.0024309265001062202,-0.0016626790165901045,-0.0016296952962875089,148.900416,172.59378051757812,172.60684433993023,172.59490966796875,172.5946502685547,0.0130638223521089,0.001129150390625,0.0008697509765625
149.000376,0.0834080502390861,0.08727064735784486,0.0850273519754409,0.08604655414819709,0.003862597118758762,0.0016193017363548001,0.002638503909110995,149.000376,0.0886868685483932,0.08297077644753958,0.0842752233147621,0.0859379023313522,-0.005716092100853609,-0.004411645233631092,-0.002748966217040988,149.000376,172.59136962890625,172.5948092991099,172.59378051757812,172.5926513671875,0.003439670203647438,0.002410888671875,0.00128173828125
149.100336,0.0809594988822937,0.08312278526884301,0.0834080502390861,0.0817887485027313,0.002163286386549307,0.0024485513567923944,0.0008292496204375943,149.100336,0.087351307272911,0.08828829519539343,0.0886868685483932,0.09309851378202429,0.000936987922482424,0.0013355612754821916,0.005747206509113284,149.100336,172.58944702148438,172.6016179131269,172.59136962890625,172.58895874023438,0.01217089164251206,0.001922607421875,-0.00048828125
149.200296,0.0787289962172508,0.07966915716264525,0.0809594988822937,0.0785109475255013,0.0009401609453944526,0.002230502665042905,-0.0002180486917494895,149.200296,0.0775034129619598,0.07938461635009578,0.087351307272911,0.08601574599742881,0.0018812033881359796,0.009847894310951205,0.008512333035469014,149.200296,172.58868408203125,172.6082303872853,172.58944702148438,172.5875244140625,0.019546305254038998,0.000762939453125,-0.00115966796875
149.300256,0.077133722603321,0.07986103641267539,0.0787289962172508,0.07649849355220789,0.002727313809354384,0.0015952736139297902,-0.0006352290511131148,149.300256,0.0637952461838722,0.06317624772375796,0.0775034129619598,0.06765551865100859,-0.000618998460114234,0.013708166778087602,0.003860272467136397,149.300256,172.5895233154297,172.60342909695748,172.58868408203125,172.58792114257812,0.013905781527796535,-0.0008392333984375,-0.0016021728515625
149.400216,0.0759490206837654,0.07862218507689873,0.077133722603321,0.07553844898939122,0.002673164393133337,0.0011847019195556086,-0.0004105716943741816,149.400216,0.0524658672511577,0.04810796786487253,0.0637952461838722,0.05008707940578459,-0.004357899386285169,0.011329378932714497,-0.002378787845373105,149.400216,172.58993530273438,172.59434693149964,172.5895233154297,172.59036254882812,0.0044116287652684605,-0.0004119873046875,0.00042724609375
149.500176,0.0846484005451202,0.07977492508518956,0.0759490206837654,0.07476431876420979,-0.004873475459930637,-0.0086993798613548,-0.009884081780910409,149.500176,0.0431076623499393,0.03990017090722511,0.0524658672511577,0.0411364883184432,-0.0032074914427141846,0.0093582049012184,-0.0019711740314960965,149.500176,172.59031677246094,172.60541049284373,172.58993530273438,172.59034729003906,0.015093720382793663,-0.0003814697265625,3.0517578125e-05
149.600136,0.0916210412979126,0.09503534365511518,0.0846484005451202,0.093347780406475,0.003414302357202581,-0.0069726407527924,0.0017267391085624,149.600136,0.0354499965906143,0.031736845136340675,0.0431076623499393,0.0337494574487209,-0.0037131514542736235,0.007657665759325,-0.0017005391418934007,149.600136,172.5903778076172,172.60687696411802,172.59031677246094,172.5906982421875,0.016499156500827894,-6.103515625e-05,0.0003204345703125
149.700096,0.1079942733049392,0.09824099749705967,0.0916210412979126,0.098593682050705,-0.009753275807879533,-0.016373232007026603,-0.009400591254234203,149.700096,0.0238789319992065,0.025025916631885796,0.0354499965906143,0.0277923308312893,0.0011469846326792946,0.011571064591407797,0.003913398832082797,149.700096,172.59022521972656,172.6011165431577,172.5903778076172,172.59043884277344,0.010891323431138744,0.000152587890625,0.000213623046875
149.800056,0.1207797527313232,0.11886710682633424,0.1079942733049392,0.1243675053119658,-0.0019126459049889633,-0.012785479426384,0.003587752580642603,149.800056,0.0120034217834472,0.011540062474964518,0.0238789319992065,0.012307867407798705,-0.0004633593084826821,0.011875510215759302,0.00030444562435150493,149.800056,172.59194946289062,172.60552930232373,172.59022521972656,172.59007263183594,0.013579839433106144,-0.0017242431640625,-0.0018768310546875
149.900016,0.1287693977355957,0.12450769407073829,0.1207797527313232,0.13356523215770721,-0.004261703664857411,-0.007989645004272503,0.004795834422111511,149.900016,-0.0029824578668922,0.004208263990919963,0.0120034217834472,0.00012791156768789808,0.007190721857812162,0.0149858796503394,0.003110369434580098,149.900016,172.59523010253906,172.59762842655866,172.59194946289062,172.5936737060547,0.002398324019594611,-0.0032806396484375,-0.001556396484375
150.000809,0.1268045902252197,0.12731337469587653,0.1287693977355957,0.13675904273986822,0.0005087844706568312,0.0019648075103760043,0.00995445251464852,150.000809,-0.0173239223659038,-0.012404618239631626,-0.0029824578668922,-0.0179683375172316,0.004919304126272173,0.0143414644990116,-0.0006444151513277999,150.000809,172.59573364257812,172.60469755822695,172.59523010253906,172.5985107421875,0.008963915648820375,-0.0005035400390625,0.002777099609375
150.100769,0.1271417438983917,0.12004139209087657,0.1268045902252197,0.1248397827148437,-0.007100351807515129,-0.00033715367317199707,-0.0023019611835480014,150.100769,-0.0233550481498241,-0.02332766471133201,-0.0173239223659038,-0.0316653868649154,2.738343849209221e-05,0.006031125783920302,-0.008310338715091299,150.100769,172.5940704345703,172.59589660711273,172.59573364257812,172.5962371826172,0.001826172542422455,0.0016632080078125,0.002166748046875
150.200729,0.1244984120130539,0.12574844308679475,0.1271417438983917,0.1274788975715637,0.0012500310737408593,0.002643331885337802,0.002980485558509799,150.200729,-0.0120991198346018,-0.01961838920820328,-0.0233550481498241,-0.029386173933744403,-0.007519269373601482,-0.011255928315222302,-0.017287054099142603,150.200729,172.5921173095703,172.60451369170968,172.5940704345703,172.5924072265625,0.012396382139371553,0.001953125,0.0002899169921875
150.300689,0.1257355064153671,0.12422390445842892,0.1244984120130539,0.12185508012771609,-0.0015116019569381828,-0.0012370944023132047,-0.0038804262876510065,150.300689,0.0037073814310133,0.0030993361271700916,-0.0120991198346018,-0.0008431915193794978,-0.0006080453038432086,-0.0158065012656151,-0.0045505729503927984,150.300689,172.59365844726562,172.5983284855063,172.5921173095703,172.5901641845703,0.004670038240675467,-0.0015411376953125,-0.0034942626953125
150.400649,0.1313109248876571,0.12873614192304264,0.1257355064153671,0.1269726008176803,-0.0025747829646144693,-0.005575418472290011,-0.004338324069976807,150.400649,0.0186171401292085,0.017084727235826876,0.0037073814310133,0.0195138826966284,-0.0015324128933816225,-0.014909758698195198,0.0008967425674199017,150.400649,172.59622192382812,172.60864231754584,172.59365844726562,172.59519958496094,0.012420393717718525,-0.0025634765625,-0.0010223388671875
150.500609,0.1405994296073913,0.13722385554791952,0.1313109248876571,0.13688634335994712,-0.003375574059471781,-0.009288504719734192,-0.0037130862474441806,150.500609,0.030555460602045,0.030070797359925534,0.0186171401292085,0.0335268988274037,-0.0004846632421194666,-0.011938320472836501,0.0029714382253587003,150.500609,172.59613037109375,172.61549204854978,172.59622192382812,172.59878540039062,0.019361677456032567,9.1552734375e-05,0.002655029296875
150.600569,0.1489277482032776,0.14732575524951602,0.1405994296073913,0.1498879343271255,-0.0016019929537615663,-0.008328318595886286,0.0009601861238479059,150.600569,0.0401181913912296,0.03818974896479133,0.030555460602045,0.0424937810748815,-0.001928442426438269,-0.009562730789184602,0.0023755896836518964,150.600569,172.59259033203125,172.60352353130702,172.59613037109375,172.59603881835938,0.010933199275768857,0.0035400390625,0.003448486328125
150.700529,0.1543628871440887,0.15403376489489878,0.1489277482032776,0.15725606679916387,-0.00032912224918990596,-0.005435138940811102,0.0028931796550751843,150.700529,0.0472007282078266,0.04635325575322226,0.0401181913912296,0.0496809221804142,-0.0008474724546043422,-0.007082536816596999,0.0024801939725875993,150.700529,172.58750915527344,172.59923285173437,172.59259033203125,172.58905029296875,0.011723696460933297,0.0050811767578125,0.0015411376953125
150.800489,0.1595833450555801,0.156901403028405,0.1543628871440887,0.1597980260848998,-0.002681942027175116,-0.005220457911491422,0.00021468102931967992,150.800489,0.0514941960573196,0.05144943157486863,0.0472007282078266,0.0542832650244236,-4.4764482450970755e-05,-0.004293467849492999,0.0027890689671039998,150.800489,172.58578491210938,172.59547350832997,172.58750915527344,172.58242797851562,0.00968859622059881,0.0017242431640625,-0.00335693359375
150.900449,0.1642589420080185,0.16202624489350542,0.1595833450555801,0.16480380296707153,-0.0022326971145130714,-0.004675596952438382,0.0005448609590530396,150.900449,0.0531980246305465,0.05543113841049361,0.0514941960573196,0.0557876639068126,0.0022331137799471087,-0.001703828573226901,0.002589639276266098,150.900449,172.58778381347656,172.59939827459155,172.58578491210938,172.5840606689453,0.011614461114987762,-0.0019989013671875,-0.00372314453125
151.000409,0.1660239100456237,0.16351711785274978,0.1642589420080185,0.16893453896045688,-0.002506792192873919,-0.0017649680376052024,0.00291062891483318,151.000409,0.0519217066466808,0.055860715844435825,0.0531980246305465,0.0549018532037734,0.003939009197755028,0.0012763179838657032,0.002980146557092604,151.000409,172.5907440185547,172.58962085603872,172.58778381347656,172.58978271484375,-0.0011231625159666692,-0.002960205078125,-0.0009613037109375
151.100369,0.1568696349859237,0.16186193286524617,0.1660239100456237,0.1677888780832289,0.004992297879322455,0.009154275059699984,0.010919243097305187,151.100369,0.0579541064798831,0.053051477985965635,0.0519217066466808,0.050645388662815094,-0.004902628493917462,-0.0060323998332023,-0.007308717817068003,151.100369,172.59127807617188,172.59986558130294,172.5907440185547,172.5937042236328,0.00858750513106088,-0.0005340576171875,0.0024261474609375
151.200329,0.1510399281978607,0.14653300313528067,0.1568696349859237,0.14771535992622373,-0.0045069250625800195,0.0058297067880630216,-0.003324568271636963,151.200329,0.0628033578395843,0.06504282883953665,0.0579541064798831,0.06398650631308539,0.0022394709999523504,-0.004849251359701198,0.0011831484735010944,151.200329,172.58807373046875,172.59924344828252,172.59127807617188,172.59181213378906,0.01116971781377174,0.003204345703125,0.0037384033203125
151.300289,0.1458589732646942,0.14588250094531124,0.1510399281978607,0.14521022140979767,2.3527680617030367e-05,0.005180954933166476,-0.0006487518548965454,151.300289,0.064571276307106,0.06691290582511321,0.0628033578395843,0.0676526091992855,0.0023416295180072044,-0.0017679184675217091,0.003081332892179489,151.300289,172.58570861816406,172.60111829154332,172.58807373046875,172.58486938476562,0.015409673379252808,0.0023651123046875,-0.0008392333984375
151.400249,0.1426139026880264,0.14058021135398172,0.1458589732646942,0.14067801833152774,-0.002033691334044685,0.0032450705766678134,-0.0019358843564986628,151.400249,0.0690418854355812,0.06667048931066766,0.064571276307106,0.06633919477462771,-0.0023713961249135357,-0.004470609128475189,-0.00270269066095348,151.400249,172.58731079101562,172.59134058665663,172.58570861816406,172.58334350585938,0.00402979564100292,-0.0016021728515625,-0.00396728515625
151.500209,0.1347570717334747,0.13948381146538197,0.1426139026880264,0.1393688321113586,0.004726739731907265,0.007856830954551697,0.004611760377883883,151.500209,0.0705852583050727,0.07450221414624071,0.0690418854355812,0.07351249456405638,0.00391695584116801,-0.0015433728694915078,0.0029272362589836814,151.500209,172.5913848876953,172.59238556541206,172.58731079101562,172.5889129638672,0.0010006777167461678,-0.0040740966796875,-0.002471923828125
151.600169,0.1287781596183776,0.1268722988187387,0.1347570717334747,0.126900240778923,-0.001905860799638892,0.005978912115097101,-0.0018779188394545954,151.600169,0.0630175769329071,0.07029191794775032,0.0705852583050727,0.07212863117456421,0.007274341014843214,0.007567681372165597,0.009111054241657104,151.600169,172.59300231933594,172.59655830075948,172.5913848876953,172.595458984375,0.003555981423545518,-0.001617431640625,0.0024566650390625
151.700129,0.1211185753345489,0.1215412418659856,0.1287781596183776,0.1227992475032805,0.0004226665314367023,0.007659584283828708,0.0016806721687316062,151.700129,0.0668957233428955,0.0598564696249736,0.0630175769329071,0.05544989556074151,-0.007039253717921891,-0.0038781464099883894,-0.011445827782153986,151.700129,172.59130859375,172.61163340209032,172.59300231933594,172.59461975097656,0.020324808340319578,0.0016937255859375,0.0033111572265625
151.800089,0.1168707832694053,0.11681573025644848,0.1211185753345489,0.11345899105072019,-5.505301295681553e-05,0.004247792065143599,-0.0034117922186851085,151.800089,0.0697230771183967,0.07282564684914988,0.0668957233428955,0.07077386975288388,0.0031025697307531797,-0.0028273537755012096,0.0010507926344871799,151.800089,172.5877227783203,172.588339028267,172.59130859375,172.58961486816406,0.0006162499466881854,0.0035858154296875,0.00189208984375
151.900049,0.1092185899615287,0.11417921133895864,0.1168707832694053,0.1126229912042617,0.004960621377429947,0.007652193307876601,0.0034044012427330017,151.900049,0.0730417147278785,0.0713758007065606,0.0697230771183967,0.07255043089389791,-0.0016659140213178963,-0.0033186376094817976,-0.0004912838339805881,151.900049,172.58753967285156,172.59669412968748,172.5877227783203,172.58413696289062,0.009154456835915425,0.00018310546875,-0.0034027099609375
152.000009,0.1053022444248199,0.10295222357026836,0.1092185899615287,0.1015663966536521,-0.002350020854551549,0.00391634553670879,-0.0037358477711678106,152.000009,0.0768662318587303,0.07514995200003542,0.0730417147278785,0.0763603523373603,-0.0017162798586948802,-0.003824517130851801,-0.0005058795213700035,152.000009,172.59056091308594,172.58836728261934,172.58753967285156,172.5873565673828,-0.002193630466592822,-0.003021240234375,-0.003204345703125
152.100802,0.1019259989261627,0.10325549240214271,0.1053022444248199,0.10138589888811111,0.0013294934759800064,0.003376245498657199,-0.0005401000380515913,152.100802,0.0807558223605156,0.08026680998286974,0.0768662318587303,0.0806907489895821,-0.000489012377645856,-0.003889590501785292,-6.507337093349108e-05,152.100802,172.59249877929688,172.60612487474842,172.59056091308594,172.5935821533203,0.013626095451542142,-0.0019378662109375,0.0010833740234375
152.200762,0.1019112095236778,0.09930532106363342,0.1019259989261627,0.09854975342750551,-0.0026058884600443782,1.4789402484907677e-05,-0.003361456096172291,152.200762,0.0861338078975677,0.08438274615247798,0.0807558223605156,0.08464541286230089,-0.0017510617450897104,-0.005377985537052099,-0.0014883950352668068,152.200762,172.59097290039062,172.6080422251464,172.59249877929688,172.5944366455078,0.017069324755766502,0.00152587890625,0.0034637451171875
152.300722,0.0994691625237464,0.10064174750162887,0.1019112095236778,0.10189642012119289,0.0011725849778824737,0.002442046999931405,0.002427257597446497,152.300722,0.0960319563746452,0.0927969961512131,0.0861338078975677,0.09151179343461979,-0.003234960223432101,-0.009898148477077512,-0.004520162940025413,152.300722,172.5872802734375,172.59468066159846,172.59097290039062,172.58944702148438,0.007400388160959892,0.003692626953125,0.002166748046875
152.400682,0.0834384858608245,0.09461130035838719,0.0994691625237464,0.09702711552381499,0.011172814497562689,0.01603067666292189,0.013588629662990487,152.400682,0.1079871132969856,0.10546987901443072,0.0960319563746452,0.10593010485172272,-0.0025172342825548755,-0.011955156922340393,-0.002057008445262881,152.400682,172.58619689941406,172.58841511640586,172.5872802734375,172.58358764648438,0.0022182169917925876,0.0010833740234375,-0.0026092529296875
152.500642,0.0702465698122978,0.07008814254066302,0.0834384858608245,0.06740780919790261,-0.00015842727163477288,0.013191916048526708,-0.0028387606143951832,152.500642,0.118239089846611,0.1151232506370986,0.1079871132969856,0.11994227021932599,-0.003115839209512389,-0.010251976549625397,0.0017031803727149963,152.500642,172.5892333984375,172.59538561703394,172.58619689941406,172.58511352539062,0.006152218596440662,-0.0030364990234375,-0.004119873046875
152.600602,0.0671263560652732,0.061137312404957546,0.0702465698122978,0.057054653763771085,-0.005989043660315656,0.0031202137470245916,-0.010071702301502117,152.600602,0.1216010376811027,0.1227182600122867,0.118239089846611,0.1284910663962364,0.001117222331183998,-0.003361947834491702,0.006890028715133695,152.600602,172.591552734375,172.60594847367906,172.5892333984375,172.59226989746094,0.014395739304063682,-0.0023193359375,0.0007171630859375
152.700562,0.0657614544034004,0.06368365094967192,0.0671263560652732,0.06400614231824861,-0.0020778034537284745,0.0013649016618728083,-0.0017553120851517834,152.700562,0.1227735206484794,0.12266519768606612,0.1216010376811027,0.1249629855155944,-0.00010832296241328199,-0.001172482967376709,0.002189464867114993,152.700562,172.59059143066406,172.60246910518833,172.591552734375,172.5938720703125,0.011877674524271242,0.0009613037109375,0.0032806396484375
152.800522,0.0589581616222858,0.06032562733343655,0.0657614544034004,0.06439655274152759,0.0013674657111507477,0.006803292781114592,0.005438391119241784,152.800522,0.1269480586051941,0.12399130072798728,0.1227735206484794,0.12394600361585612,-0.0029567578772068115,-0.004174537956714686,-0.0030020549893379767,152.800522,172.58865356445312,172.59581090552524,172.59059143066406,172.58963012695312,0.0071573410721157416,0.0019378662109375,0.0009765625
152.900482,0.0528588853776454,0.05124553448689449,0.0589581616222858,0.05215486884117121,-0.00161335089075091,0.006099276244640399,-0.0007040165364741932,152.900482,0.1267195492982864,0.129525534793039,0.1269480586051941,0.13112259656190878,0.002805985494752583,0.00022850930690768156,0.004403047263622367,152.900482,172.58802795410156,172.5878923517745,172.58865356445312,172.5867156982422,-0.0001356023270489004,0.0006256103515625,-0.001312255859375
153.000442,0.0481083802878856,0.047549238326201275,0.0528588853776454,0.046759609133005,-0.0005591419616843285,0.004750505089759799,-0.0013487711548806,153.000442,0.1283432245254516,0.12417008910135952,0.1267195492982864,0.12649103999137873,-0.004173135424092089,-0.0016236752271651944,-0.001852184534072876,153.000442,172.5911407470703,172.59555928181018,172.58802795410156,172.58740234375,0.0044185347398695285,-0.00311279296875,-0.0037384033203125
153.100402,0.0485315397381782,0.045714144329108954,0.0481083802878856,0.043357875198125805,-0.002817395409069244,-0.0004231594502925942,-0.005173664540052393,153.100402,0.1261803209781646,0.12798756562202657,0.1283432245254516,0.1299668997526168,0.0018072446438619771,0.002162903547287015,0.0037865787744522095,153.100402,172.59523010253906,172.60126175140886,172.5911407470703,172.59425354003906,0.006031648869793571,-0.00408935546875,-0.0009765625
153.200362,0.0495245344936847,0.04888149431584023,0.0485315397381782,0.04895469918847079,-0.0006430401778444658,-0.0009929947555065016,-0.0005698353052139074,153.200362,0.1185475960373878,0.12092058114058364,0.1261803209781646,0.12401741743087757,0.002372985103195835,0.007632724940776783,0.005469821393489768,153.200362,172.59597778320312,172.61005396431096,172.59523010253906,172.5993194580078,0.014076181107839147,-0.0007476806640625,0.0033416748046875
153.300322,0.052537553012371,0.04960124362190378,0.0495245344936847,0.0505175292491912,-0.002936309390467219,-0.0030130185186863015,-0.0020200237631798,153.300322,0.110140360891819,0.11082325055137673,0.1185475960373878,0.11091487109661102,0.0006828896595577338,0.008407235145568806,0.0007745102047920227,153.300322,172.5925750732422,172.60630943669867,172.59597778320312,172.5967254638672,0.013734363456478604,0.0034027099609375,0.004150390625
153.400282,0.0570175610482692,0.054480293245312734,0.052537553012371,0.0555505715310573,-0.002537267802956468,-0.004480008035898202,-0.0014669895172119002,153.400282,0.1058911755681037,0.10262276621473297,0.110140360891819,0.1017331257462502,-0.0032684093533707215,0.004249185323715307,-0.004158049821853499,153.400282,172.58897399902344,172.593179373184,172.5925750732422,172.58917236328125,0.004205374160562769,0.00360107421875,0.0001983642578125
153.500242,0.0605424679815769,0.06160413798308407,0.0570175610482692,0.061497569084167404,0.00106167000150717,-0.0035249069333076963,0.0009551011025905054,153.500242,0.0985079929232597,0.1039329239402878,0.1058911755681037,0.10164199024438839,0.005424931017028109,0.007383182644844,0.0031339973211286926,153.500242,172.5889892578125,172.59705054415858,172.58897399902344,172.5853729248047,0.008061286346077168,-1.52587890625e-05,-0.0036163330078125
153.600202,0.0623823888599872,0.0625452268285185,0.0605424679815769,0.0640673749148846,0.00016283796853129584,-0.0018399208784103047,0.0016849860548973916,153.600202,0.0939403921365737,0.09175540018192616,0.0985079929232597,0.0911248102784157,-0.002184991954647539,0.004567600786685999,-0.0028155818581580005,153.600202,172.5923614501953,172.5926229041663,172.5889892578125,172.58900451660156,0.0002614539709782093,-0.0033721923828125,-0.00335693359375
153.700162,0.0654068142175674,0.06321362876568301,0.0623823888599872,0.06422230973839751,-0.0021931854518843913,-0.003024425357580199,-0.0011845044791698872,153.700162,0.0900325402617454,0.09111139074744176,0.0939403921365737,0.0893727913498877,0.0010788504856963643,0.003907851874828297,-0.0006597489118577021,153.700162,172.59471130371094,172.59981967529558,172.5923614501953,172.59573364257812,0.005108371584640281,-0.002349853515625,0.0010223388671875
153.800122,0.0629961118102073,0.06557270584200496,0.0654068142175674,0.0684312395751476,0.0025765940317976632,0.0024107024073601047,0.0054351277649403035,153.800122,0.0845630764961242,0.08682732097623198,0.0900325402617454,0.0861246883869171,0.0022642444801077855,0.005469463765621199,0.0015616118907929022,153.800122,172.59275817871094,172.614013236978,172.59471130371094,172.59706115722656,0.021255058267058757,0.001953125,0.004302978515625
153.900082,0.061965212225914,0.05834226466249036,0.0629961118102073,0.06058540940284719,-0.0036229475634236424,0.001030899584293296,-0.0013798028230668086,153.900082,0.0823693871498107,0.07947139147717998,0.0845630764961242,0.079093612730503,-0.0028979956726307154,0.0021936893463135043,-0.003275774419307695,153.900082,172.588134765625,172.6001544311653,172.59275817871094,172.59080505371094,0.012019665540293545,0.0046234130859375,0.0026702880859375
154.000042,0.0564529113471508,0.06027567328597258,0.061965212225914,0.060934312641620705,0.003822761938821778,0.005512300878763199,0.004481401294469903,154.000042,0.0743865668773651,0.07956124486803935,0.0823693871498107,0.08017569780349719,0.0051746779906742535,0.007982820272445595,0.005789130926132091,154.000042,172.58555603027344,172.5878080605683,172.588134765625,172.58351135253906,0.0022520302948692006,0.0025787353515625,-0.002044677734375
154.100002,0.0498493909835815,0.050145312445203004,0.0564529113471508,0.050940610468387604,0.0002959214616215025,0.006603520363569301,0.0010912194848061024,154.100002,0.0739509388804435,0.06677609457637759,0.0743865668773651,0.0664037466049195,-0.007174844304065911,0.0004356279969215948,-0.007547192275524001,154.100002,172.58753967285156,172.59432606809634,172.58555603027344,172.58297729492188,0.0067863952447737574,-0.001983642578125,-0.0045623779296875
154.200795,0.0557772666215896,0.0471592599116896,0.0498493909835815,0.0432458706200122,-0.008618006709899997,-0.005927875638008097,-0.012531396001577398,154.200795,0.0748489871621131,0.07359154053274955,0.0739509388804435,0.07351531088352191,-0.0012574466293635567,-0.0008980482816696028,-0.0013336762785911976,154.200795,172.59120178222656,172.59961936154644,172.58753967285156,172.5895233154297,0.008417579319882407,-0.003662109375,-0.001678466796875
154.300755,0.0599502697587013,0.06341360956060772,0.0557772666215896,0.061705142259597695,0.003463339801906426,-0.0041730031371116985,0.0017548725008963983,154.300755,0.0724934190511703,0.0753957472322945,0.0748489871621131,0.07574703544378271,0.0029023281811242085,0.002355568110942813,0.0032536163926124156,154.300755,172.59317016601562,172.61051688157374,172.59120178222656,172.59486389160156,0.017346715558119286,-0.0019683837890625,0.0016937255859375
154.400715,0.0600341446697711,0.06157401526401219,0.0599502697587013,0.06412327289581299,0.0015398705942410926,-8.38749110698006e-05,0.004089128226041891,154.400715,0.070314422249794,0.07002074942385597,0.0724934190511703,0.07013785094022748,-0.000293672825938035,0.0021789968013762873,-0.00017657130956652556,154.400715,172.58993530273438,172.60118026632202,172.59317016601562,172.5951385498047,0.011244963587643042,0.00323486328125,0.0052032470703125
154.500675,0.059742372483015,0.05919056233221815,0.0600341446697711,0.0601180195808409,-0.000551810150796847,0.00029177218675609934,0.00037564709782589994,154.500675,0.0687478631734848,0.0672932295193196,0.070314422249794,0.06813542544841772,-0.001454633654165205,0.001566559076309204,-0.0006124377250670832,154.500675,172.5860137939453,172.59690146198884,172.58993530273438,172.58670043945312,0.010887668043523036,0.0039215087890625,0.0006866455078125
154.600635,0.066673144698143,0.05903497141762481,0.059742372483015,0.0594506002962589,-0.007638173280518197,-0.006930772215128007,-0.007222544401884107,154.600635,0.0704540312290191,0.06714353694072277,0.0687478631734848,0.0671813040971756,-0.0033104942882963284,-0.0017061680555342934,-0.0032727271318434975,154.600635,172.58506774902344,172.591851021176,172.5860137939453,172.58209228515625,0.006783272152574682,0.000946044921875,-0.0029754638671875
154.700595,0.0744224414229393,0.07343975247164954,0.066673144698143,0.073603916913271,-0.0009826889512897646,-0.007749296724796295,-0.0008185245096682947,154.700595,0.067067764699459,0.07293448512964064,0.0704540312290191,0.07216019928455339,0.005866720430181632,0.003386266529560089,0.0050924345850943825,154.700595,172.5885009765625,172.60193267107505,172.58506774902344,172.58412170410156,0.013431694512547665,-0.0034332275390625,-0.0043792724609375
154.800555,0.0812778770923614,0.07851071697602242,0.0744224414229393,0.0821717381477356,-0.002767160116338971,-0.006855435669422094,0.000893861055374201,154.800555,0.0672990679740905,0.06368712982669869,0.067067764699459,0.06368149816989892,-0.003611938147391816,-0.00023130327463150024,-0.0036175698041915894,154.800555,172.5924072265625,172.59373671386123,172.5885009765625,172.59193420410156,0.0013294872987330564,-0.00390625,-0.0004730224609375
154.900515,0.0842071399092674,0.08609427203858148,0.0812778770923614,0.08813331276178349,0.001887132129314087,-0.002929262816906003,0.003926172852516091,154.900515,0.0712381228804588,0.06884974404988306,0.0672990679740905,0.06753037124872201,-0.0023883788305757436,-0.003939054906368297,-0.003707751631736797,154.900515,172.59339904785156,172.60380655090327,172.5924072265625,172.5963134765625,0.010407503051709455,-0.0009918212890625,0.0029144287109375
155.000475,0.0849743857979774,0.08572120516855973,0.0842071399092674,0.0871364027261734,0.0007468193705823245,-0.0007672458887100081,0.002162016928195995,155.000475,0.0742811188101768,0.07491155734936379,0.0712381228804588,0.0751771777868271,0.0006304385391869977,-0.00304299592971799,0.0008960589766503074,155.000475,172.59010314941406,172.60631707797867,172.59339904785156,172.59439086914062,0.01621392856461057,0.0032958984375,0.0042877197265625
155.100435,0.08451958745718,0.08461003251223559,0.0849743857979774,0.08574163168668741,9.044505505559353e-05,0.00045479834079741044,0.0012220442295074185,155.100435,0.0744739696383476,0.07514883563990143,0.0742811188101768,0.07732411473989478,0.0006748660015538366,-0.00019285082817080412,0.0028501451015471857,155.100435,172.58547973632812,172.60256169639015,172.59010314941406,172.58680725097656,0.01708196006202911,0.0046234130859375,0.0013275146484375
155.200395,0.0875325426459312,0.08298992609266996,0.08451958745718,0.08406478911638258,-0.004542616553261242,-0.003012955188751207,-0.0034677535295486173,155.200395,0.0728787407279014,0.07264298345827037,0.0744739696383476,0.0746668204665184,-0.00023575726963102894,0.0015952289104461947,0.0017880797386169989,155.200395,172.5850830078125,172.58885235045588,172.58547973632812,172.5808563232422,0.003769342643380469,0.000396728515625,-0.0042266845703125
155.300355,0.0892931222915649,0.08810801182827555,0.0875325426459312,0.09054549783468241,-0.0011851104632893544,-0.0017605796456336975,0.0012523755431175093,155.300355,0.0736695975065231,0.07143972523753897,0.0728787407279014,0.07128351181745521,-0.0022298722689841344,-0.0007908567786217013,-0.002386085689067896,155.300355,172.58865356445312,172.59315191099157,172.5850830078125,172.58468627929688,0.004498346538440501,-0.003570556640625,-0.00396728515625
155.400315,0.0905637294054031,0.08865469604989386,0.0892931222915649,0.0910537019371986,-0.0019090333555092376,-0.0012706071138381958,0.0004899725317955017,155.400315,0.0752094537019729,0.0741956807136106,0.0736695975065231,0.0744604542851448,-0.0010137729883623048,-0.0015398561954498013,-0.0007489994168281,155.400315,172.5921630859375,172.59890521575846,172.58865356445312,172.59222412109375,0.0067421298209637825,-0.003509521484375,6.103515625e-05
155.500275,0.086473062634468,0.09034844047506231,0.0905637294054031,0.09183433651924129,0.0038753778405943157,0.0040906667709351,0.005361273884773296,155.500275,0.0826180577278137,0.07568842403987402,0.0752094537019729,0.07674930989742271,-0.006929633687939682,-0.007408604025840801,-0.0058687478303909996,155.500275,172.59140014648438,172.60576815250928,172.5921630859375,172.59567260742188,0.014368006024909619,0.000762939453125,0.0042724609375
155.600235,0.0844060108065605,0.08456557504262152,0.086473062634468,0.0823823958635329,0.00015956423606101888,0.002067051827907493,-0.0020236149430276074,155.600235,0.081696905195713,0.08567197546184285,0.0826180577278137,0.09002666175365451,0.0039750702661298515,0.0009211525321007052,0.008329756557941506,155.600235,172.58790588378906,172.6040187943509,172.59140014648438,172.59063720703125,0.016112910561844274,0.0034942626953125,0.0027313232421875
155.700195,0.0785433277487754,0.08332943173568828,0.0844060108065605,0.08233895897865301,0.004786103986912885,0.005862683057785104,0.0037956312298776107,155.700195,0.0810564085841178,0.0771067268068317,0.081696905195713,0.0807757526636123,-0.003949681777286107,0.0006404966115951954,-0.0002806559205055098,155.700195,172.5867156982422,172.59782392316353,172.58790588378906,172.58441162109375,0.01110822492134389,0.001190185546875,-0.0023040771484375
155.800155,0.075295090675354,0.07513981262668792,0.0785433277487754,0.0726806446909903,-0.00015527804866607986,0.003248237073421395,-0.0026144459843637086,155.800155,0.0767460167407989,0.07789705177264208,0.0810564085841178,0.08041591197252261,0.0011510350318431894,0.0043103918433189115,0.003669895231723716,155.800155,172.58908081054688,172.58864396759682,172.5867156982422,172.5855255126953,-0.0004368429500516413,-0.0023651123046875,-0.0035552978515625
155.900115,0.0746663436293602,0.07406235690710558,0.075295090675354,0.07204685360193261,-0.000603986722254618,0.0006287470459938049,-0.00261949002742759,155.900115,0.0739719048142433,0.07122027865270567,0.0767460167407989,0.07243562489747998,-0.0027516261615376375,0.002774111926555592,-0.0015362799167633195,155.900115,172.59141540527344,172.60296004663655,172.58908081054688,172.59144592285156,0.01154464136311617,-0.0023345947265625,3.0517578125e-05
156.000075,0.0815346464514732,0.07536714463993986,0.0746663436293602,0.0740375965833664,-0.0061675018115333324,-0.0068683028221129955,-0.0074970498681068,156.000075,0.0764196291565895,0.0718245527956854,0.0739719048142433,0.07119779288768771,-0.004595076360904088,-0.0024477243423461914,-0.005221836268901783,156.000075,172.59014892578125,172.60671498144575,172.59141540527344,172.59375,0.01656605566449798,0.0012664794921875,0.00360107421875
156.100035,0.0891017317771911,0.09050783774847532,0.0815346464514732,0.08840294927358619,0.0014061059712842106,-0.007567085325717912,-0.0006987825036049167,156.100035,0.0754544883966445,0.07617094092379614,0.0764196291565895,0.07886735349893569,0.0007164525271516481,0.000965140759944999,0.0034128651022911904,156.100035,172.58668518066406,172.59721810077156,172.59014892578125,172.58888244628906,0.010532920107493737,0.0034637451171875,0.002197265625
156.199995,0.1013026386499404,0.094637191793842,0.0891017317771911,0.09666881710290902,-0.006665446856098392,-0.012200906872749287,-0.004633821547031375,156.199995,0.0706629678606987,0.07185726499077978,0.0754544883966445,0.0744893476366995,0.0011942971300810817,0.004791520535945795,0.003826379776000796,156.199995,172.58578491210938,172.5965418755852,172.58668518066406,172.58322143554688,0.010756963475813563,0.0009002685546875,-0.0025634765625
156.300788,0.1073741391301155,0.10711902152542482,0.1013026386499404,0.11350354552268968,-0.0002551176046906717,-0.006071500480175102,0.006129406392574185,156.300788,0.0708184242248535,0.06786789704029332,0.0706629678606987,0.0658714473247529,-0.002950527184560181,-0.0001554563641548018,-0.004946976900100597,156.300788,172.58815002441406,172.5951314264458,172.58578491210938,172.5848846435547,0.006981402031726702,-0.0023651123046875,-0.003265380859375
156.400748,0.1044161766767501,0.10768025809993076,0.1073741391301155,0.1134456396102906,0.003264081423180659,0.0029579624533653953,0.009029462933540497,156.400748,0.067462146282196,0.07238678698612325,0.0708184242248535,0.0709738805890083,0.004924640703927244,0.0033562779426574985,0.0035117343068123003,156.400748,172.5902862548828,172.59552040135048,172.58815002441406,172.59051513671875,0.005234146467671508,-0.00213623046875,0.0002288818359375
156.500708,0.0978011563420295,0.09777029897792575,0.1044161766767501,0.1014582142233847,-3.085736410375628e-05,0.006615020334720598,0.0036570578813552024,156.500708,0.0670873597264289,0.06316092515411265,0.067462146282196,0.0641058683395385,-0.003926434572316256,0.00037478655576710096,-0.0029814913868903975,156.500708,172.5890655517578,172.60256921935627,172.5902862548828,172.59242248535156,0.013503667598456559,0.001220703125,0.00335693359375
156.600668,0.0918034017086029,0.09034964622611702,0.0978011563420295,0.0911861360073089,-0.0014537554824858856,0.005997754633426597,-0.0006172657012940008,156.600668,0.065657839179039,0.06835576268001746,0.0670873597264289,0.0667125731706618,0.002697923500978458,0.0014295205473899009,0.0010547339916228,156.600668,172.58642578125,172.60385952202736,172.5890655517578,172.5878448486328,0.017433740777363482,0.0026397705078125,0.0014190673828125
156.700628,0.0933500006794929,0.08610461578843068,0.0918034017086029,0.08580564707517631,-0.007245384891062218,-0.0015465989708899897,-0.0075443536043165865,156.700628,0.0666663944721221,0.06462624152411564,0.065657839179039,0.0642283186316491,-0.0020401529480064545,-0.0010085552930830938,-0.0024380758404729946,156.700628,172.58645629882812,172.58999612124612,172.58642578125,172.5837860107422,0.003539822417991445,-3.0517578125e-05,-0.0026702880859375
156.800588,0.0959026962518692,0.09546805496249848,0.0933500006794929,0.09489659965038288,-0.00043464128937072133,-0.0025526955723763067,-0.001006096601486317,156.800588,0.0725717321038246,0.0700000720711363,0.0666663944721221,0.06767494976520519,-0.0025716600326883,-0.005905337631702506,-0.004896782338619413,156.800588,172.58949279785156,172.59700938521271,172.58645629882812,172.58648681640625,0.00751658736115246,-0.0030364990234375,-0.0030059814453125
156.900548,0.1015447825193405,0.09957934512053283,0.0959026962518692,0.09845539182424551,-0.001965437398807668,-0.0056420862674713,-0.003089390695094993,156.900548,0.0758687108755111,0.07928564817395437,0.0725717321038246,0.07847706973552711,0.003416937298443265,-0.0032969787716864984,0.002608358860016008,156.900548,172.5919189453125,172.6031417320034,172.58949279785156,172.592529296875,0.011222786690893827,-0.0024261474609375,0.0006103515625
157.000508,0.1043101772665977,0.10523712242958595,0.1015447825193405,0.1071868687868118,0.0009269451629882464,-0.002765394747257205,0.0028766915202140947,157.000508,0.0731870234012603,0.07836761604916778,0.0758687108755111,0.0791656896471976,0.005180592647907475,0.0026816874742507935,0.005978666245937292,157.000508,172.59043884277344,172.60159733868977,172.5919189453125,172.59434509277344,0.011158495916333777,0.0014801025390625,0.00390625
157.100468,0.112007051706314,0.10442486819769276,0.1043101772665977,0.10707557201385491,-0.007582183508621249,-0.0076968744397162975,-0.004931479692459093,157.100468,0.0812848880887031,0.0731161589004777,0.0731870234012603,0.07050533592700951,-0.008168729188225393,-0.008097864687442793,-0.010779552161693587,157.100468,172.5866241455078,172.60265178830662,172.59043884277344,172.58895874023438,0.016027642798803754,0.003814697265625,0.0023345947265625
157.200428,0.1202016249299049,0.11844002896902558,0.112007051706314,0.1197039261460303,-0.0017615959608793114,-0.008194573223590892,-0.000497698783874595,157.200428,0.0881864726543426,0.09047434485258352,0.0812848880887031,0.0893827527761459,0.00228787219824092,-0.006901584565639496,0.0011962801218032976,157.200428,172.58470153808594,172.59011396916418,172.5866241455078,172.5828094482422,0.005412431078241298,0.001922607421875,-0.00189208984375
157.300388,0.1245899945497512,0.12359288699441517,0.1202016249299049,0.1283961981534958,-0.0009971075553360242,-0.004388369619846302,0.00380620360374459,157.300388,0.0910493806004524,0.0928931558982059,0.0881864726543426,0.09508805721998209,0.0018437752977535082,-0.0028629079461097995,0.004038676619529696,157.300388,172.58688354492188,172.59429436165826,172.58470153808594,172.58277893066406,0.007410816736381776,-0.0021820068359375,-0.0041046142578125
157.400348,0.1210111081600189,0.12339850549154634,0.1245899945497512,0.12897836416959751,0.002387397331527444,0.0035788863897323053,0.007967256009578622,157.400348,0.0945753753185272,0.09262215998850647,0.0910493806004524,0.0939122885465622,-0.0019532153300207272,-0.0035259947180747986,-0.0006630867719649991,157.400348,172.5895233154297,172.59981876528775,172.58688354492188,172.5890655517578,0.010295449858062966,-0.0026397705078125,-0.000457763671875
157.500308,0.1208277344703674,0.11641665665584677,0.1210111081600189,0.11743222177028659,-0.004411077814520631,0.00018337368965148926,-0.003395512700080816,157.500308,0.0933945477008819,0.09647194563055814,0.0945753753185272,0.09810137003660199,0.0030773979296762344,0.0011808276176452914,0.00470682233572009,157.500308,172.59014892578125,172.60112813680536,172.5895233154297,172.5921630859375,0.010979211024107371,-0.0006256103515625,0.00201416015625
157.600268,0.1156185790896415,0.11909585883372016,0.1208277344703674,0.12064436078071591,0.0034772797440786596,0.005209155380725902,0.005025781691074413,157.600268,0.091466337442398,0.09132272283455893,0.0933945477008819,0.09221372008323661,-0.00014361460783907098,0.0019282102584839006,0.0007473826408386092,157.600268,172.58895874023438,172.59907991703687,172.59014892578125,172.5907745361328,0.010121176802499576,0.001190185546875,0.0018157958984375
157.700228,0.1098812893033027,0.10971164807956241,0.1156185790896415,0.1104094237089156,-0.00016964122374028834,0.005737289786338806,0.0005281344056129039,157.700228,0.0880872011184692,0.08963635870592242,0.091466337442398,0.0895381271839141,0.0015491575874532204,0.0033791363239288053,0.0014509260654449047,157.700228,172.5880889892578,172.59478799016227,172.58895874023438,172.5877685546875,0.006699000904461627,0.0008697509765625,-0.0003204345703125
157.800188,0.1067023649811744,0.10453617348361072,0.1098812893033027,0.10414399951696389,-0.0021661914975636826,0.003178924322128296,-0.0025583654642105103,157.800188,0.0892749056220054,0.08488324678246859,0.0880872011184692,0.08470806479454039,-0.004391658839536808,-0.0011877045035361966,-0.004566840827465002,157.800188,172.5872039794922,172.59889845042633,172.5880889892578,172.58721923828125,0.011694470934145329,0.000885009765625,1.52587890625e-05
157.900148,0.1029452830553054,0.1052310134919444,0.1067023649811744,0.1035234406590461,0.0022857304366390024,0.003757081925869002,0.000578157603740706,157.900148,0.0875554159283638,0.09058117853908462,0.0892749056220054,0.09046261012554159,0.0030257626107208224,0.0017194896936415932,0.00290719419717779,157.900148,172.58636474609375,172.5969016184096,172.5872039794922,172.58631896972656,0.010536872315839219,0.0008392333984375,-4.57763671875e-05
158.000108,0.097753494977951,0.09968044967499515,0.1029452830553054,0.0991882011294364,0.0019269546970441531,0.005191788077354403,0.0014347061514854015,158.000108,0.0849135592579841,0.08455680973662043,0.0875554159283638,0.0858359262347222,-0.0003567495213636779,0.002641856670379694,0.000922366976738101,158.000108,172.58595275878906,172.59374547087344,172.58636474609375,172.5855255126953,0.007792712084381037,0.0004119873046875,-0.00042724609375
158.100068,0.0974417179822921,0.09391672407325934,0.097753494977951,0.09256170690059659,-0.0035249939090327698,0.0003117769956588884,-0.004880011081695515,158.100068,0.084041953086853,0.08123091052998531,0.0849135592579841,0.08227170258760441,-0.0028110425568676906,0.0008716061711311063,-0.001770250499248588,158.100068,172.58616638183594,172.59024213741517,172.58595275878906,172.58554077148438,0.004075755579236784,-0.000213623046875,-0.0006256103515625
158.200028,0.094013325870037,0.09758495433787213,0.0974417179822921,0.09712994098663322,0.003571628467835139,0.0034283921122551103,0.003116615116596222,158.200028,0.0794736891984939,0.08204857875665175,0.084041953086853,0.0831703469157219,0.00257488955815785,0.004568263888359098,0.0036966577172279913,158.200028,172.58631896972656,172.59667160403782,172.58616638183594,172.5863800048828,0.010352634311260545,-0.000152587890625,6.103515625e-05
158.300821,0.0938309356570243,0.08974946960079527,0.094013325870037,0.09058493375778189,-0.004081466056229027,0.0001823902130126953,-0.003246001899242415,158.300821,0.07797721773386,0.07369703306883545,0.0794736891984939,0.0749054253101348,-0.004280184665024556,0.0014964714646339,-0.0030717924237251976,158.300821,172.58676147460938,172.59589124892045,172.58631896972656,172.5864715576172,0.009129774311077199,-0.0004425048828125,-0.0002899169921875
158.400781,0.0971718654036521,0.09398128898357871,0.0938309356570243,0.0936485454440116,-0.0031905764200733794,-0.0033409297466277937,-0.003523319959640489,158.400781,0.0790578797459602,0.07656582559237693,0.07797721773386,0.0764807462692261,-0.0024920541535832647,-0.001080662012100192,-0.002577133476734092,158.400781,172.58656311035156,172.59867152392314,172.58676147460938,172.5872039794922,0.012108413571581877,0.0001983642578125,0.000640869140625
158.500741,0.0967992693185806,0.09990288668666805,0.0971718654036521,0.10051279515027989,0.0031036173680874524,0.00037259608507149433,0.003713525831699288,158.500741,0.0783745348453521,0.0796648685358292,0.0790578797459602,0.08013854175806039,0.0012903336904770968,0.0006833449006080905,0.0017640069127082825,158.500741,172.58644104003906,172.5973137324019,172.58656311035156,172.58636474609375,0.010872692362823955,0.0001220703125,-7.62939453125e-05
158.600701,0.0988910496234893,0.09485108197080416,0.0967992693185806,0.0964266732335091,-0.004039967652685134,-0.002091780304908697,-0.0024643763899801913,158.600701,0.0795556828379631,0.07578589184250556,0.0783745348453521,0.07769118994474401,-0.003769790995457545,-0.0011811479926110008,-0.0018644928932190913,158.600701,172.58624267578125,172.5975560038028,172.58644104003906,172.58631896972656,0.011313328021543612,0.0001983642578125,7.62939453125e-05
158.700661,0.0974890291690826,0.10048853709296918,0.0988910496234893,0.100982829928398,0.002999507923886577,0.0014020204544066966,0.0034938007593153936,158.700661,0.0765963122248649,0.07995594250332154,0.0795556828379631,0.0807368308305741,0.003359630278456635,0.0029593706130982,0.004140518605709201,158.700661,172.5865478515625,172.60114256497909,172.58624267578125,172.58604431152344,0.014594713416585137,-0.00030517578125,-0.0005035400390625
158.800621,0.0968725830316543,0.09424602404219078,0.0974890291690826,0.0960870087146759,-0.002626558989463526,0.0006164461374282976,-0.0007855743169783991,158.800621,0.0734949335455894,0.0722557040409675,0.0765963122248649,0.0736369416117667,-0.0012392295046219082,0.003101378679275499,0.00014200806617729878,158.800621,172.58676147460938,172.5965798772923,172.5865478515625,172.58685302734375,0.009818402682924443,-0.000213623046875,9.1552734375e-05
158.900581,0.0979847088456153,0.09553325336546492,0.0968725830316543,0.096256136894226,-0.002451455480150383,-0.0011121258139610013,-0.0017285719513892989,158.900581,0.0745054185390472,0.07042285096447905,0.0734949335455894,0.0703935548663139,-0.004082567574568152,-0.0010104849934577942,-0.004111863672733293,158.900581,172.58641052246094,172.59077135723774,172.58676147460938,172.58697509765625,0.004360834776804268,0.0003509521484375,0.0005645751953125
159.000541,0.0980937406420707,0.09800146857261029,0.0979847088456153,0.0990968346595763,-9.2272069460414e-05,-0.00010903179645539718,0.0010030940175056041,159.000541,0.0738036260008812,0.07518628817758012,0.0745054185390472,0.075515903532505,0.001382662176698926,0.0007017925381660045,0.0017122775316237987,159.000541,172.58570861816406,172.5984686539361,172.58641052246094,172.5860595703125,0.012760035772032552,0.000701904296875,0.0003509521484375
159.100501,0.097380444407463,0.09620955507842442,0.0980937406420707,0.0982027724385261,-0.0011708893290385824,0.0007132962346076965,0.0008223280310630937,159.100501,0.0734984725713729,0.07184301910508616,0.0738036260008812,0.07310183346271519,-0.0016554534662867465,0.0003051534295082925,-0.000396639108657712,159.100501,172.58688354492188,172.5970281940863,172.58570861816406,172.5850067138672,0.01014464916443103,-0.0011749267578125,-0.0018768310546875
159.200461,0.0906377509236335,0.09455265163466972,0.097380444407463,0.09666714817285531,0.003914900711036215,0.006742693483829498,0.006029397249221802,159.200461,0.0717629492282867,0.07194807411734629,0.0734984725713729,0.07319331914186461,0.00018512488905958469,0.001735523343086201,0.0014303699135779085,159.200461,172.5874786376953,172.59531583090245,172.58688354492188,172.5880584716797,0.007837193207137716,-0.0005950927734375,0.000579833984375
159.300421,0.0913735702633857,0.08414181992721241,0.0906377509236335,0.08389505743980401,-0.007231750336173293,-0.0007358193397521973,-0.0074785128235816956,159.300421,0.0695416778326034,0.06842306409583022,0.0717629492282867,0.0700274258852005,-0.0011186137367731747,0.0022212713956833025,0.0004857480525971014,159.300421,172.58660888671875,172.59999617103944,172.5874786376953,172.58807373046875,0.013387284320685922,0.0008697509765625,0.00146484375
159.400381,0.0929679721593856,0.09166574881290382,0.0913735702633857,0.0921093896031379,-0.001302223346481779,-0.0015944018959998946,-0.0008585825562476973,159.400381,0.0715571492910385,0.0678759423358727,0.0695416778326034,0.0673204064369201,-0.0036812069551658,-0.0020154714584351002,-0.004236742854118403,159.400381,172.58547973632812,172.59679812322804,172.58660888671875,172.5857391357422,0.011318386899915822,0.001129150390625,0.0002593994140625
159.500341,0.093420036137104,0.09497948508068545,0.0929679721593856,0.09456237405538549,0.0015594489435814402,-0.0004520639777184088,0.0011423379182814858,159.500341,0.067401573061943,0.07269007131960446,0.0715571492910385,0.0735726207494736,0.005288498257661464,0.004155576229095501,0.006171047687530601,159.500341,172.58534240722656,172.5971078711112,172.58547973632812,172.5843505859375,0.011765463884643168,0.0001373291015625,-0.0009918212890625
159.600301,0.0970009043812751,0.0929164874263057,0.093420036137104,0.09387210011482242,-0.004084416954969389,-0.003580868244171087,-0.0031288042664526783,159.600301,0.0623074173927307,0.06127843301190183,0.067401573061943,0.0632459968328475,-0.001028984380828872,0.0050941556692123,0.0009385794401167991,159.600301,172.5865020751953,172.59868738944297,172.58534240722656,172.585205078125,0.012185314247659562,-0.00115966796875,-0.0012969970703125
159.700261,0.0970179438591003,0.10157075934867954,0.0970009043812751,0.10058177262544618,0.00455281548957924,-1.7039477825206428e-05,0.0035638287663458806,159.700261,0.0491706132888793,0.055935232173497496,0.0623074173927307,0.0572132617235184,0.006764618884618198,0.013136804103851402,0.008042648434639102,159.700261,172.58714294433594,172.6006628406802,172.5865020751953,172.58766174316406,0.013519896344263316,-0.000640869140625,0.000518798828125
159.800221,0.1017872020602226,0.09628390348646756,0.0970179438591003,0.0970349833369255,-0.005503298573755033,-0.004769258201122298,-0.004752218723297091,159.800221,0.039206076413393,0.035291493252378486,0.0491706132888793,0.036033809185027896,-0.0039145831610145135,0.009964536875486298,-0.003172267228365104,159.800221,172.58633422851562,172.593675201613,172.58714294433594,172.58778381347656,0.0073409730973708065,0.0008087158203125,0.0014495849609375
159.900181,0.1040770262479782,0.1079872448303345,0.1017872020602226,0.1065564602613449,0.003910218582356309,-0.0022898241877555986,0.0024794340133666992,159.900181,0.0297306980937719,0.03159273450319073,0.039206076413393,0.029241539537906702,0.0018620364094188296,0.0094753783196211,-0.0004891585558651976,159.900181,172.58583068847656,172.59719785293336,172.58633422851562,172.5855255126953,0.011367164456800083,0.0005035400390625,-0.00030517578125
160.000141,0.1122258454561233,0.10668053737501143,0.1040770262479782,0.1063668504357338,-0.005545308081111866,-0.0081488192081451,-0.005858995020389501,160.000141,0.0197927393019199,0.021158479294449035,0.0297306980937719,0.0202553197741508,0.0013657399925291365,0.009937958791852,0.00046258047223090085,160.000141,172.58465576171875,172.59560152821118,172.58583068847656,172.5853271484375,0.010945766492426401,0.0011749267578125,0.00067138671875
160.100101,0.1230707019567489,0.1212399778777545,0.1122258454561233,0.1203746646642684,-0.0018307240789944002,-0.01084485650062561,-0.0026960372924805104,160.100101,0.016139306128025,0.011187663340269119,0.0197927393019199,0.009854780510067898,-0.0049516427877558805,0.0036534331738948995,-0.006284525617957101,160.100101,172.58425903320312,172.59309957315114,172.58465576171875,172.58348083496094,0.008840539948010928,0.000396728515625,-0.0007781982421875
160.200061,0.1315870732069015,0.1321814009821251,0.1230707019567489,0.13391555845737452,0.0005943277752236131,-0.008516371250152588,0.0023284852504730225,160.200061,0.0104325218126177,0.014003753153324151,0.016139306128025,0.0124858729541301,0.0035712313407064503,0.005706784315407299,0.002053351141512399,160.200061,172.58416748046875,172.59599634094192,172.58425903320312,172.5838623046875,0.011828860473173108,9.1552734375e-05,-0.00030517578125
160.300021,0.1387144029140472,0.13800197828732003,0.1315870732069015,0.14010344445705408,-0.0007124246267271872,-0.007127329707145719,0.0013890415430068692,160.300021,0.0095185646787285,0.005016317411069122,0.0104325218126177,0.004725737497210402,-0.004502247267659379,0.0009139571338892,-0.004792827181518099,160.300021,172.5869140625,172.5966904661506,172.58416748046875,172.58407592773438,0.009776403650590737,-0.00274658203125,-0.002838134765625
160.400814,0.1492754966020584,0.1447011949544903,0.1387144029140472,0.14584173262119293,-0.004574301647568113,-0.010561093688011197,-0.0034337639808654785,160.400814,0.0127721186727285,0.010555759857401955,0.0095185646787285,0.0086046075448393,-0.0022163588153265457,-0.0032535539939999997,-0.0041675111278892,160.400814,172.58819580078125,172.60376895776633,172.5869140625,172.58966064453125,0.015573156985084324,-0.00128173828125,0.00146484375
160.500774,0.1587668061256408,0.15884215078596595,0.1492754966020584,0.1598365902900696,7.534466032513287e-05,-0.009491309523582403,0.0010697841644287942,160.500774,0.0145789943635463,0.017055958127694493,0.0127721186727285,0.0160256726667285,0.002476963764148193,-0.0018068756908178,0.0014466783031821997,160.500774,172.58599853515625,172.60447758157744,172.58819580078125,172.5894775390625,0.01847904642119147,0.002197265625,0.00347900390625
160.600734,0.1597678661346435,0.16360879901092865,0.1587668061256408,0.16825811564922322,0.003840932876285147,-0.0010010600090026855,0.008490249514579717,160.600734,0.0159464571624994,0.01686904076946233,0.0145789943635463,0.0163858700543641,0.000922583606962929,-0.0013674627989530997,0.0004394128918647003,160.600734,172.5825958251953,172.5984017651498,172.58599853515625,172.58380126953125,0.015805939954475434,0.0034027099609375,0.0012054443359375
160.700694,0.1617382168769836,0.15701733056806125,0.1597678661346435,0.16076892614364618,-0.00472088630892234,-0.001970350742340088,-0.0009692907333374023,160.700694,0.0203208830207586,0.01664645273521938,0.0159464571624994,0.017313919961452498,-0.00367443028553922,-0.004374425858259201,-0.003006963059306103,160.700694,172.58187866210938,172.58529646964345,172.5825958251953,172.57919311523438,0.0034178075340776104,0.0007171630859375,-0.002685546875
160.800654,0.1625828295946121,0.16176945269633689,0.1617382168769836,0.16370856761932367,-0.0008133768982752088,-0.0008446127176285068,0.0011257380247115811,160.800654,0.0260824281722307,0.02437754382687137,0.0203208830207586,0.024695308879017802,-0.0017048843453593282,-0.005761545151472099,-0.0013871192932128976,160.800654,172.58444213867188,172.59838374106647,172.58187866210938,172.58116149902344,0.01394160239459552,-0.0025634765625,-0.0032806396484375
160.900614,0.1594837009906768,0.16075878619885345,0.1625828295946121,0.1634274423122406,0.0012750852081766517,0.003099128603935297,0.003943741321563804,160.900614,0.0292988643050193,0.031932148916694464,0.0260824281722307,0.0318439733237028,0.002633284611675165,-0.003216436132788599,0.0025451090186834995,160.900614,172.58717346191406,172.59961513265685,172.58444213867188,172.58700561523438,0.012441670742788347,-0.0027313232421875,-0.0001678466796875
161.000574,0.1553101390600204,0.15362775731337797,0.1594837009906768,0.1563845723867415,-0.0016823817466424251,0.004173561930656405,0.0010744333267211081,161.000574,0.0347776673734188,0.0322105215054682,0.0292988643050193,0.0325153004378079,-0.0025671458679506,-0.005478803068399502,-0.002262366935610903,161.000574,172.5876922607422,172.5987360063739,172.58717346191406,172.58990478515625,0.011043745631724278,-0.000518798828125,0.0022125244140625
161.100534,0.1492558717727661,0.15006048403715921,0.1553101390600204,0.15113657712936399,0.0008046122643931009,0.006054267287254278,0.0018807053565978726,161.100534,0.0446456596255302,0.041376876044734834,0.0347776673734188,0.04025647044181831,-0.0032687835807953675,-0.0098679922521114,-0.004389189183711895,161.100534,172.58688354492188,172.59625379610486,172.5876922607422,172.5882110595703,0.009370251182986067,0.0008087158203125,0.0013275146484375
161.200494,0.1437940895557403,0.14397444891229094,0.1492558717727661,0.14320160448551184,0.00018035935655064117,0.005461782217025812,-0.0005924850702284656,161.200494,0.0502949208021163,0.05269722102000658,0.0446456596255302,0.0545136518776416,0.0024023002178902852,-0.005649261176586096,0.004218731075525305,161.200494,172.5839385986328,172.59875654929976,172.58688354492188,172.58607482910156,0.014817950666952129,0.0029449462890625,0.00213623046875
161.300454,0.1392975151538849,0.13839570105323692,0.1437940895557403,0.1383323073387145,-0.000901814100647963,0.004496574401855413,-0.0009652078151703991,161.300454,0.0613314323127269,0.05423124749814433,0.0502949208021163,0.05594418197870239,-0.0071001848145825705,-0.011036511510610601,-0.005387250334024506,161.300454,172.58273315429688,172.5930276750734,172.5839385986328,172.58099365234375,0.010294520776511717,0.0012054443359375,-0.001739501953125
161.400414,0.136173129081726,0.1350813014360916,0.1392975151538849,0.13480094075202947,-0.0010918276456343967,0.0031243860721588967,-0.0013721883296965165,161.400414,0.0687383413314819,0.06934730131761088,0.0613314323127269,0.0723679438233375,0.0006089599861289763,-0.007406909018755008,0.0036296024918555936,161.400414,172.5850067138672,172.5826127428176,172.58273315429688,172.58152770996094,-0.002393971049599486,-0.0022735595703125,-0.00347900390625
161.500374,0.1311232149600982,0.13269012934618432,0.136173129081726,0.1330487430095671,0.0015669143860861101,0.00504991412162778,0.0019255280494688831,161.500374,0.0689004883170127,0.0714315048428508,0.0687383413314819,0.07614525035023692,0.0025310165258380923,-0.00016214698553079776,0.007244762033224217,161.500374,172.58863830566406,172.6017866213116,172.5850067138672,172.5872802734375,0.013148315647526942,-0.003631591796875,-0.0013580322265625
161.600334,0.1284357607364654,0.12478411584559126,0.1311232149600982,0.12607330083847043,-0.003651644890874134,0.0026874542236328125,-0.0023624598979949674,161.600334,0.067316249012947,0.06651562907897163,0.0689004883170127,0.0690626353025435,-0.0008006199339753717,0.0015842393040657043,0.001746386289596502,161.600334,172.58908081054688,172.6002526885041,172.58863830566406,172.59226989746094,0.011171877957224297,-0.0004425048828125,0.0031890869140625
161.700294,0.1222559884190559,0.12450904349570453,0.1284357607364654,0.12574830651283259,0.0022530550766486357,0.0061797723174095015,0.003492318093776689,161.700294,0.0666011571884155,0.06695782251395507,0.067316249012947,0.0657320097088813,0.00035666532553957353,0.0007150918245314997,-0.0008691474795342047,161.700294,172.58663940429688,172.59352315275086,172.58908081054688,172.5895233154297,0.006883748453986982,0.00244140625,0.0028839111328125
161.800254,0.1171042174100875,0.11604122374241352,0.1222559884190559,0.1160762161016464,-0.0010629936676739837,0.005151771008968395,-0.0010280013084411066,161.800254,0.0688925087451934,0.06718524357985653,0.0666011571884155,0.065886065363884,-0.0017072651653368687,-0.0022913515567778986,-0.0030064433813093983,161.800254,172.58441162109375,172.59660600754268,172.58663940429688,172.58419799804688,0.012194386448925343,0.002227783203125,-0.000213623046875
161.900214,0.1135715618729591,0.1135764463343617,0.1171042174100875,0.11195244640111911,4.884461402607232e-06,0.003532655537128407,-0.001619115471839988,161.900214,0.0709059387445449,0.0702531500318997,0.0688925087451934,0.0711838603019713,-0.0006527887126451942,-0.0020134299993515015,0.0002779215574263971,161.900214,172.58358764648438,172.5845885877014,172.58441162109375,172.58218383789062,0.0010009412170290943,0.000823974609375,-0.00140380859375
162.000174,0.1086291149258613,0.1107005126136841,0.1135715618729591,0.11003890633583069,0.0020713976878228013,0.004942446947097792,0.0014097914099693853,162.000174,0.0711903423070907,0.07185683734287172,0.0709059387445449,0.0729193687438964,0.0006664950357810201,-0.0002844035625458041,0.0017290264368056973,162.000174,172.58302307128906,172.59503692888086,172.58358764648438,172.582763671875,0.012013857591796295,0.0005645751953125,-0.0002593994140625
162.100134,0.1090701222419738,0.10416881191501602,0.1086291149258613,0.10368666797876351,-0.004901310326957772,-0.00044100731611249055,-0.005383454263210283,162.100134,0.0741496086120605,0.06955864419487832,0.0711903423070907,0.07147474586963651,-0.004590964417182181,-0.0029592663049698015,-0.0026748627424239974,162.100134,172.58282470703125,172.58918640977518,172.58302307128906,172.58245849609375,0.006361702743930664,0.0001983642578125,-0.0003662109375
162.200094,0.1066595241427421,0.10948159688190418,0.1090701222419738,0.10951112955808628,0.0028220727391620737,0.002410598099231692,0.0028516054153441828,162.200094,0.0750344172120094,0.07542146404436006,0.0741496086120605,0.0771088749170303,0.0003870468323506626,-0.0008848085999488969,0.0020744577050209045,162.200094,172.5832061767578,172.59369276433844,172.58282470703125,172.58262634277344,0.010486587580629703,-0.0003814697265625,-0.000579833984375
162.300054,0.1017848029732704,0.10212033482278439,0.1066595241427421,0.10424892604351041,0.00033553184951398696,0.004874721169471699,0.002464123070240007,162.300054,0.0729818195104599,0.07451539948785661,0.0750344172120094,0.0759192258119583,0.0015335799773967124,0.0020525977015495023,0.002937406301498399,162.300054,172.58372497558594,172.59422583170235,172.5832061767578,172.58358764648438,0.010500856116408386,-0.000518798828125,-0.0001373291015625
162.400014,0.0955617949366569,0.09419801060877225,0.1017848029732704,0.0969100818037987,-0.0013637843278846429,0.006223008036613506,0.001348286867141807,162.400014,0.0838229283690452,0.07241032204232585,0.0729818195104599,0.0709292218089104,-0.011412606326719352,-0.010841108858585302,-0.012893706560134804,162.400014,172.58383178710938,172.59377112755917,172.58372497558594,172.58424377441406,0.00993934044979028,-0.0001068115234375,0.0004119873046875
162.500807,0.0816179811954498,0.08850622676485877,0.0955617949366569,0.08933878690004339,0.006888245569408966,0.013943813741207095,0.007720805704593589,162.500807,0.0932187736034393,0.09771043680137148,0.0838229283690452,0.0946640372276305,0.0044916631979321775,-0.009395845234394101,0.001445263624191201,162.500807,172.58436584472656,172.5902075092111,172.58383178710938,172.5839385986328,0.005841664484535158,-0.0005340576171875,-0.00042724609375
162.600767,0.0700879395008087,0.06665528633294752,0.0816179811954498,0.0676741674542427,-0.003432653167861177,0.0115300416946411,-0.0024137720465659956,162.600767,0.1020294278860092,0.09978616255163096,0.0932187736034393,0.1026146188378334,-0.0022432653343782416,-0.008810654282569899,0.0005851909518242021,162.600767,172.58438110351562,172.5954639416502,172.58436584472656,172.58489990234375,0.011082838134569784,-1.52587890625e-05,0.000518798828125
162.700727,0.0590227618813514,0.05996490817972519,0.0700879395008087,0.0585578978061676,0.0009421462983737888,0.0110651776194573,-0.000464864075183799,162.700727,0.1124304980039596,0.10962148963383947,0.1020294278860092,0.1108400821685791,-0.0028090083701201307,-0.010401070117950398,-0.0015904158353804987,162.700727,172.58448791503906,172.59746634054426,172.58438110351562,172.5843963623047,0.0129784255051959,-0.0001068115234375,-9.1552734375e-05
162.800687,0.0495671778917312,0.04915078881739951,0.0590227618813514,0.0479575842618941,-0.00041638907433168976,0.009455583989620202,-0.0016095936298370986,162.800687,0.117877185344696,0.11886012676311601,0.1124304980039596,0.12283156812191,0.000982941418420008,-0.005446687340736403,0.004954382777213995,162.800687,172.58425903320312,172.58794156223317,172.58448791503906,172.5845947265625,0.0036825290300441793,0.0002288818359375,0.000335693359375
162.900647,0.0449885204434394,0.04129802042674923,0.0495671778917312,0.040111593902111,-0.0036905000166901694,0.004578657448291799,-0.004876926541328402,162.900647,0.1243606880307197,0.1199340884285299,0.117877185344696,0.1233238726854324,-0.004426599602189801,-0.006483502686023698,-0.0010368153452872952,162.900647,172.5840301513672,172.59343838580506,172.58425903320312,172.5840301513672,0.009408234437870533,0.0002288818359375,0.0
163.000607,0.0374397560954093,0.04101970166524104,0.0449885204434394,0.0404098629951476,0.0035799455698317384,0.007548764348030097,0.002970106899738298,163.000607,0.1273777931928634,0.1276102004945297,0.1243606880307197,0.1308441907167434,0.0002324073016662931,-0.0030171051621437073,0.003466397523880005,163.000607,172.5836639404297,172.5890870379922,172.5840301513672,172.58380126953125,0.005423097562498924,0.0003662109375,0.0001373291015625
163.100567,0.0371056087315082,0.030832352118147242,0.0374397560954093,0.029890991747379206,-0.006273256613360957,0.0003341473639011036,-0.007214616984128994,163.100567,0.1273445636034011,0.12616982144834799,0.1273777931928634,0.13039489835500712,-0.0011747421550531156,3.322958946230803e-05,0.0030503347516060153,163.100567,172.58380126953125,172.59139314869086,172.5836639404297,172.5832977294922,0.0075918791596052415,-0.0001373291015625,-0.0005035400390625
163.200527,0.0385111607611179,0.03760990951272343,0.0371056087315082,0.036771461367607096,-0.0009012512483944704,-0.001405552029609701,-0.0017396993935108046,163.200527,0.1286026090383529,0.12626227592124026,0.1273445636034011,0.1273113340139388,-0.002340333117112653,-0.00125804543495181,-0.001291275024414118,163.200527,172.58367919921875,172.5989019060658,172.58380126953125,172.5839385986328,0.015222706847055179,0.0001220703125,0.0002593994140625
163.300487,0.039059393107891,0.03951072128967314,0.0385111607611179,0.0399167127907276,0.0004513281817821388,-0.000548232346773099,0.000857319682836602,163.300487,0.1238448396325111,0.1293500937959094,0.1286026090383529,0.12986065447330472,0.005505254163398296,0.0047577694058418135,0.0060158148407936235,163.300487,172.583740234375,172.59039306346426,172.58367919921875,172.58355712890625,0.0066528290892620134,-6.103515625e-05,-0.00018310546875
163.400447,0.046269204467535,0.040725370854969425,0.039059393107891,0.0396076254546641,-0.005543833612565573,-0.007209811359643999,-0.0066615790128709,163.400447,0.1207250133156776,0.11553198217436789,0.1238448396325111,0.11908707022666928,-0.005193031141309715,0.003119826316833496,-0.0016379430890083174,163.400447,172.58407592773438,172.59267925403753,172.583740234375,172.58380126953125,0.00860332630315952,-0.000335693359375,-0.000274658203125
163.500407,0.0506009273231029,0.054322815590423956,0.046269204467535,0.053479015827179,0.0037218882673210538,-0.004331722855567904,0.0028780885040760942,163.500407,0.1152450963854789,0.11785632372858755,0.1207250133156776,0.1176051869988441,0.0026112273431086463,0.005479916930198697,0.002360090613365201,163.500407,172.58457946777344,172.59657525701664,172.58407592773438,172.58441162109375,0.011995789243201216,-0.0005035400390625,-0.0001678466796875
163.600367,0.0545271188020706,0.053196606764072264,0.0506009273231029,0.05493265017867081,-0.0013305120379983326,-0.003926191478967694,0.00040553137660021,163.600367,0.1064461320638656,0.10893966591815732,0.1152450963854789,0.1097651794552802,0.002493533854291713,0.008798964321613298,0.0033190473914146007,163.600367,172.58473205566406,172.5925520217654,172.58457946777344,172.5850830078125,0.007819966101351383,-0.000152587890625,0.0003509521484375
163.700327,0.0569806508719921,0.05552570402332116,0.0545271188020706,0.05845331028103829,-0.0014549468486709377,-0.0024535320699215005,0.001472659409046194,163.700327,0.1007428541779518,0.09828807122152963,0.1064461320638656,0.09764716774225231,-0.0024547829564221663,0.005703277885913807,-0.0030956864356994906,163.700327,172.585205078125,172.58969508841227,172.58473205566406,172.5848846435547,0.004490010287270252,-0.0004730224609375,-0.0003204345703125
163.800287,0.0542164146900177,0.05663890259551504,0.0569806508719921,0.0594341829419136,0.0024224879054973378,0.002764236181974397,0.005217768251895898,163.800287,0.0919426381587982,0.0949112451243921,0.1007428541779518,0.09503957629203799,0.002968606965593895,0.008800216019153595,0.0030969381332397877,163.800287,172.58526611328125,172.59095222727413,172.585205078125,172.58567810058594,0.005686113992879882,-6.103515625e-05,0.0004119873046875
163.900247,0.0559512823820114,0.04891046757142187,0.0542164146900177,0.0514521785080433,-0.007040814810589532,-0.0017348676919936995,-0.004499103873968097,163.900247,0.087917760014534,0.08384697243744844,0.0919426381587982,0.08314242213964461,-0.004070787577085552,0.004024878144264207,-0.004775337874889388,163.900247,172.5848388671875,172.59807179966526,172.58526611328125,172.5853271484375,0.013232932477762915,0.00042724609375,0.00048828125
164.000207,0.057260300964117,0.0567236539356527,0.0559512823820114,0.0576861500740051,-0.0005366470284643016,-0.001309018582105602,0.0004258491098880976,164.000207,0.084245279431343,0.08512556224019302,0.087917760014534,0.08389288187026979,0.0008802828088500247,0.0036724805831910012,-0.0003523975610732061,164.000207,172.58389282226562,172.59222820078824,172.5848388671875,172.58441162109375,0.008335378522616566,0.000946044921875,0.000518798828125
164.100167,0.0575126186013221,0.05736790118688124,0.057260300964117,0.058569319546222604,-0.00014471741444085917,-0.00025231763720509615,0.0010567009449005058,164.100167,0.082147404551506,0.08083038169814617,0.084245279431343,0.080572798848152,-0.0013170228533598283,0.0020978748798369945,-0.0015746057033540067,164.100167,172.5830841064453,172.59587395915608,172.58389282226562,172.58294677734375,0.01278985271076749,0.0008087158203125,-0.0001373291015625
164.200127,0.0586600080132484,0.05769667137299097,0.0575126186013221,0.057764936238527194,-0.0009633366402574325,-0.0011473894119263042,-0.0008950717747212081,164.200127,0.0776572972536087,0.08112864442404452,0.082147404551506,0.080049529671669,0.003471347170435818,0.004490107297897297,0.0023922324180603027,164.200127,172.58261108398438,172.59476528919922,172.5830841064453,172.582275390625,0.01215420521484134,0.0004730224609375,-0.000335693359375
164.300087,0.0558864027261734,0.05813385128309681,0.0586600080132484,0.059807397425174706,0.0022474485569234093,0.002773605287075001,0.003920994699001305,164.300087,0.0769803673028945,0.0749485611199254,0.0776572972536087,0.0731671899557114,-0.0020318061829690953,0.0006769299507142085,-0.0038131773471830888,164.300087,172.5830535888672,172.58951000582692,172.58261108398438,172.58213806152344,0.006456416959736089,-0.0004425048828125,-0.00091552734375
164.400047,0.058081965893507,0.053965844040721425,0.0558864027261734,0.0531127974390984,-0.004116121852785572,-0.002195563167333596,-0.004969168454408597,164.400047,0.0715109258890152,0.07614688889204829,0.0769803673028945,0.07630343735218029,0.0046359630030330945,0.005469441413879297,0.004792511463165089,164.400047,172.58328247070312,172.59367876465762,172.5830535888672,172.58349609375,0.010396293954499924,-0.0002288818359375,0.000213623046875
164.500007,0.0667254850268364,0.061434165700040434,0.058081965893507,0.06027752906084059,-0.005291319326795961,-0.008643519133329398,-0.0064479559659958025,164.500007,0.0677941069006919,0.06531652377747124,0.0715109258890152,0.0660414844751359,-0.0024775831232206613,0.003716818988323295,-0.0017526224255560025,164.500007,172.58348083496094,172.59638630973296,172.58328247070312,172.58351135253906,0.012905474772026082,-0.0001983642578125,3.0517578125e-05
164.6008,0.0697555989027023,0.07298663540544525,0.0667254850268364,0.07536900416016579,0.003231036502742951,-0.0030301138758659085,0.005613405257463483,164.6008,0.0705393627285957,0.06738776497171364,0.0677941069006919,0.06407728791236861,-0.003151597756882063,-0.002745255827903803,-0.006462074816227098,164.6008,172.58319091796875,172.58895958165854,172.58348083496094,172.58367919921875,0.005768663689792675,0.0002899169921875,0.00048828125
164.70076,0.0762053355574607,0.07179981842531426,0.0697555989027023,0.07278571277856821,-0.004405517132146444,-0.006449736654758398,-0.0034196227788924893,164.70076,0.0707016214728355,0.07421463430619915,0.0705393627285957,0.07328461855649951,0.0035130128333636518,-0.00016225874423979325,0.00258299708366401,164.70076,172.5832061767578,172.58923849629235,172.58319091796875,172.58290100097656,0.00603231953454042,-1.52587890625e-05,-0.00030517578125
164.80072,0.0815187692642211,0.0797536837757654,0.0762053355574607,0.0826550722122191,-0.0017650854884556921,-0.005313433706760393,0.0011363029479980052,164.80072,0.0756122395396232,0.07051485175282629,0.0707016214728355,0.07086388021707529,-0.005097387786796914,-0.004910618066787706,-0.004748359322547913,164.80072,172.58274841308594,172.596929461673,172.5832061767578,172.58322143554688,0.01418104858706215,0.000457763671875,0.0004730224609375
164.90068,0.082233190536499,0.08517311919054689,0.0815187692642211,0.08683220297098149,0.0029399286540478936,-0.0007144212722779014,0.004599012434482491,164.90068,0.0751768425107002,0.08079162058972955,0.0756122395396232,0.08052285760641091,0.005614778079029353,0.0004353970289230069,0.005346015095710713,164.90068,172.58265686035156,172.59706963864713,172.58274841308594,172.58229064941406,0.014412778295564976,9.1552734375e-05,-0.0003662109375
165.00064,0.0836827382445335,0.08111621059651945,0.082233190536499,0.0829476118087769,-0.002566527648014044,-0.0014495477080345015,-0.0007351264357566001,165.00064,0.0756778940558433,0.07338819729185925,0.0751768425107002,0.07474144548177719,-0.0022896967639840504,-0.0005010515451430997,-0.0009364485740661066,165.00064,172.58253479003906,172.59660558046434,172.58265686035156,172.5825653076172,0.014070790425279256,0.0001220703125,3.0517578125e-05
165.1006,0.0821435377001762,0.0850311691844823,0.0836827382445335,0.085132285952568,0.002887631484306097,0.0015392005443572998,0.0029887482523918013,165.1006,0.0744216963648796,0.0773428626931668,0.0756778940558433,0.0761789456009864,0.002921166328287206,0.0012561976909637035,0.0017572492361068032,165.1006,172.58274841308594,172.59388469092897,172.58253479003906,172.58241271972656,0.011136277843036169,-0.000213623046875,-0.000335693359375
165.20056,0.0818758979439735,0.08064131108622391,0.0821435377001762,0.0806043371558189,-0.0012345868577495894,0.00026763975620269775,-0.001271560788154602,165.20056,0.0719849467277526,0.0723321145127958,0.0744216963648796,0.07316549867391589,0.00034716778504319257,0.002436749637126992,0.0011805519461632885,165.20056,172.58297729492188,172.58775002393094,172.58274841308594,172.5829620361328,0.0047727290090620045,-0.0002288818359375,-1.52587890625e-05
165.30052,0.084326334297657,0.08107195316399242,0.0818758979439735,0.0816082581877708,-0.00325438113366458,-0.0024504363536834994,-0.002718076109886197,165.30052,0.0727948546409607,0.07030052227471359,0.0719849467277526,0.06954819709062561,-0.002494332366247104,-0.0008099079132080911,-0.003246657550335083,165.30052,172.58323669433594,172.59271270148085,172.58297729492188,172.5832061767578,0.009476007144911591,-0.0002593994140625,-3.0517578125e-05
165.40048,0.0861863642930984,0.08521373715407302,0.084326334297657,0.0867767706513405,-0.0009726271390253782,-0.0018600299954413951,0.0005904063582421043,165.40048,0.0763737857341766,0.07421615990493172,0.0727948546409607,0.07360476255416878,-0.0021576258292448774,-0.0035789310932159007,-0.0027690231800078097,165.40048,172.5834503173828,172.5922756690098,172.58323669433594,172.58349609375,0.008825351626995825,-0.000213623046875,4.57763671875e-05
165.50044,0.0909593030810356,0.08792404146211062,0.0861863642930984,0.08804639428853979,-0.003035261618924978,-0.004772938787937206,-0.002912908792495811,165.50044,0.0802991911768913,0.08006630387587176,0.0763737857341766,0.0799527168273925,-0.0002328873010195437,-0.003925405442714705,-0.0003464743494988043,165.50044,172.58364868164062,172.59494183931577,172.5834503173828,172.5836639404297,0.01129315767514072,-0.0001983642578125,1.52587890625e-05
165.6004,0.0932297855615615,0.094418980178719,0.0909593030810356,0.0957322418689728,0.0011891946171574963,-0.002270482480525901,0.002502456307411305,165.6004,0.0838712230324745,0.08317699603143436,0.0802991911768913,0.084224596619606,-0.0006942270010401458,-0.003572031855583205,0.00035337358713150024,165.6004,172.58328247070312,172.59316500076153,172.58364868164062,172.58384704589844,0.009882530058405337,0.0003662109375,0.0005645751953125
165.70036,0.0938039943575859,0.09422900995937271,0.0932297855615615,0.0955002680420874,0.00042501560178681563,-0.0005742087960243919,0.0016962736845015092,165.70036,0.0807453170418739,0.08618837298438925,0.0838712230324745,0.08744325488805771,0.005443055942515346,0.0031259059906006,0.006697937846183805,165.70036,172.5830078125,172.59851681792986,172.58328247070312,172.58291625976562,0.015509005429862555,0.000274658203125,-9.1552734375e-05
165.80032,0.0926879420876503,0.09240794581544265,0.0938039943575859,0.09437820315361029,-0.0002799962722076499,0.001116052269935594,0.001690261065959986,165.80032,0.0806744322180748,0.07785976413810285,0.0807453170418739,0.0776194110512733,-0.002814668079971952,7.088482379910555e-05,-0.0030550211668014943,165.80032,172.5823974609375,172.5955210783476,172.5830078125,172.58273315429688,0.013123617410087718,0.0006103515625,0.000335693359375
165.90028,0.0914683938026428,0.09167561573552588,0.0926879420876503,0.0915718898177147,0.00020722193288308377,0.0012195482850075046,0.00010349601507191053,165.90028,0.0813186764717102,0.08169192786899729,0.0806744322180748,0.08060354739427569,0.00037325139728708323,-0.0006442442536354065,-0.000715129077434512,165.90028,172.5823211669922,172.58845335611252,172.5823974609375,172.581787109375,0.006132189120336307,7.62939453125e-05,-0.0005340576171875
166.00024,0.0883917585015297,0.08998611361437868,0.0914683938026428,0.09024884551763529,0.0015943551128489858,0.003076635301113101,0.0018570870161055963,166.00024,0.0799424275755882,0.08169899061450231,0.0813186764717102,0.08196292072534561,0.0017565630389141107,0.0013762488961220065,0.002020493149757413,166.00024,172.5821533203125,172.59013703018772,172.5823211669922,172.58224487304688,0.007983709875219347,0.0001678466796875,9.1552734375e-05
166.1002,0.0870695263147354,0.0851306153839503,0.0883917585015297,0.08531512320041659,-0.0019389109307851038,0.0013222321867942949,-0.001754403114318806,166.1002,0.0801565200090408,0.07809836480579539,0.0799424275755882,0.07856617867946619,-0.0020581552032454126,-0.0002140924334526062,-0.0015903413295746127,166.1002,172.58245849609375,172.5918431506139,172.5821533203125,172.5819854736328,0.009384654520147251,-0.00030517578125,-0.0004730224609375
166.20016,0.0838705450296402,0.08620068352423875,0.0870695263147354,0.0857472941279411,0.002330138494598552,0.003198981285095201,0.001876749098300906,166.20016,0.0790476724505424,0.07983179921341625,0.0801565200090408,0.08037061244249341,0.0007841267628738574,0.0011088475584984103,0.0013229399919510165,166.20016,172.5824737548828,172.59197725349526,172.58245849609375,172.582763671875,0.009503498612446037,-1.52587890625e-05,0.0002899169921875
166.30012,0.0863353759050369,0.08056388038957776,0.0838705450296402,0.080671563744545,-0.005771495515459135,-0.0024648308753967008,-0.005663812160491902,166.30012,0.0805616900324821,0.0764253445019287,0.0790476724505424,0.07793882489204398,-0.004136345530553406,-0.0015140175819397111,-0.0026228651404381215,166.30012,172.58303833007812,172.59339315365287,172.5824737548828,172.58248901367188,0.010354823574743932,-0.0005645751953125,-0.00054931640625
166.40008,0.0876192525029182,0.08806228362960637,0.0863353759050369,0.0888002067804336,0.00044303112668817035,-0.0012838765978813033,0.0011809542775153975,166.40008,0.0785665437579155,0.0813568702855359,0.0805616900324821,0.08207570761442182,0.0027903265276204015,0.0019951462745666088,0.00350916385650632,166.40008,172.58334350585938,172.59646483893113,172.58303833007812,172.58360290527344,0.013121333071751451,-0.00030517578125,0.0002593994140625
166.50004,0.0867777988314628,0.08596881697655681,0.0876192525029182,0.0889031291007995,-0.0008089818549059935,0.0008414536714553972,0.0021253302693367004,166.50004,0.0797595009207725,0.07585337216800991,0.0785665437579155,0.07657139748334889,-0.003906128752762583,-0.0011929571628570002,-0.003188103437423609,166.50004,172.58351135253906,172.59263788822625,172.58334350585938,172.58364868164062,0.009126535687187243,-0.0001678466796875,0.0001373291015625
166.6,0.0897241756319999,0.08584475380616831,0.0867777988314628,0.08593634516000741,-0.0038794218258315916,-0.0029463768005370955,-0.0037878304719924927,166.6,0.0814859122037887,0.08097104364110952,0.0797595009207725,0.0809524580836295,-0.0005148685626791827,-0.0017264112830162048,-0.0005334541201592047,166.6,172.58331298828125,172.5959749263273,172.58351135253906,172.58367919921875,0.012661938046051091,0.0001983642578125,0.0003662109375
166.700793,0.0925036445260047,0.09298374914428528,0.0897241756319999,0.092670552432537,0.0004801046182805885,-0.002779468894004794,0.00016690790653230148,166.700793,0.0793549418449401,0.08275831314848597,0.0814859122037887,0.0832123234868049,0.0034033713035458713,0.0021309703588485995,0.0038573816418648044,166.700793,172.58319091796875,172.59376888105072,172.58331298828125,172.58311462402344,0.01057796308197112,0.0001220703125,-7.62939453125e-05
166.800753,0.1009891927242279,0.09496840411019328,0.0925036445260047,0.09528311342000949,-0.006020788614034628,-0.008485548198223211,-0.005706079304218417,166.800753,0.080792635679245,0.07658704728147944,0.0793549418449401,0.0772239714860915,-0.004205588397765553,-0.0014376938343048928,-0.0035686641931534924,166.800753,172.5833740234375,172.58897409828853,172.58319091796875,172.58306884765625,0.0056000748510314224,-0.00018310546875,-0.00030517578125
166.900713,0.108064517378807,0.10948759823273188,0.1009891927242279,0.10947474092245112,0.0014230808539248824,-0.007075324654579093,0.001410223543644118,166.900713,0.0818588286638259,0.08348249918303825,0.080792635679245,0.08223032951354989,0.0016236705192123474,-0.0010661929845809104,0.00037150084972398245,166.900713,172.5836944580078,172.59704570397489,172.5833740234375,172.58355712890625,0.0133512459670726,-0.0003204345703125,-0.0001373291015625
167.000673,0.1108533665537834,0.11232976780421547,0.108064517378807,0.11513984203338609,0.0014764012504320662,-0.0027888491749764044,0.004286475479602689,167.000673,0.0797382146120071,0.08199826319642914,0.0818588286638259,0.08292502164840682,0.002260048584422039,0.002120614051818806,0.0031868070363997164,167.000673,172.58340454101562,172.5922037276176,172.5836944580078,172.58401489257812,0.008799186601976317,0.0002899169921875,0.0006103515625
167.100633,0.1156881526112556,0.11071970064113397,0.1108533665537834,0.11364221572875981,-0.0049684519701216345,-0.004834786057472201,-0.002045936882495797,167.100633,0.0820409134030342,0.07720584111438424,0.0797382146120071,0.0776176005601883,-0.004835072288649961,-0.002302698791027097,-0.004423312842845903,167.100633,172.58352661132812,172.5952149816127,172.58340454101562,172.58311462402344,0.011688370284588245,-0.0001220703125,-0.0004119873046875
167.200593,0.1173120811581611,0.11909206370071282,0.1156881526112556,0.1205229386687278,0.0017799825425517252,-0.0016239285469054898,0.0032108575105667114,167.200593,0.0798776820302009,0.08338764789335615,0.0820409134030342,0.0843436121940613,0.0035099658631552455,0.0021632313728332936,0.0044659301638603904,167.200593,172.5831756591797,172.59255762068892,172.58352661132812,172.58364868164062,0.009381961509234316,0.0003509521484375,0.0004730224609375
167.300553,0.1163800433278083,0.11560371038797616,0.1173120811581611,0.11893600970506658,-0.0007763329398321334,0.0009320378303527971,0.002555966377258287,167.300553,0.0806972235441207,0.07726326190908786,0.0798776820302009,0.07771445065736761,-0.003433961635032845,-0.0008195415139198026,-0.002982772886753096,167.300553,172.58294677734375,172.59855826984543,172.5831756591797,172.58282470703125,0.015611492501676594,0.0002288818359375,-0.0001220703125
167.400513,0.1171399131417274,0.11551746626100423,0.1163800433278083,0.1154480054974555,-0.0016224468807231746,-0.000759869813919109,-0.001691907644271906,167.400513,0.0805493146181106,0.08158994057537697,0.0806972235441207,0.08151676505804051,0.0010406259572663668,0.00014790892601010408,0.0009674504399299066,167.400513,172.5825653076172,172.5931302657209,172.58294677734375,172.5827178955078,0.010564958103714162,0.0003814697265625,0.000152587890625
167.500473,0.1179326176643371,0.11775290143472948,0.1171399131417274,0.11789978295564651,-0.00017971622960762101,-0.0007927045226096968,-3.28347086905878e-05,167.500473,0.0777317956089973,0.08080434490975913,0.0805493146181106,0.0804014056921005,0.003072549300761826,0.002817519009113298,0.002669610083103194,167.500473,172.5823974609375,172.59556305810293,172.5825653076172,172.58218383789062,0.013165597165425424,0.0001678466796875,-0.000213623046875
167.600433,0.1156115010380745,0.11720880599052419,0.1179326176643371,0.1187253221869468,0.0015973049524496963,0.0023211166262626093,0.003113821148872306,167.600433,0.0786327943205833,0.07599844075213771,0.0777317956089973,0.074914276599884,-0.002634353568445588,-0.0009009987115859985,-0.0037185177206992964,167.600433,172.58180236816406,172.5847735468178,172.5823974609375,172.5822296142578,0.0029711786537234275,0.0005950927734375,0.00042724609375
167.700393,0.1119583621621131,0.11349913692201727,0.1156115010380745,0.11329038441181188,0.0015407747599041621,0.003653138875961387,0.0013320222496987777,167.700393,0.076508343219757,0.07954830077011811,0.0786327943205833,0.0795337930321693,0.0030399575503611137,0.002124451100826305,0.0030254498124123036,167.700393,172.5816650390625,172.59065244744397,172.58180236816406,172.58120727539062,0.00898740838147205,0.0001373291015625,-0.000457763671875
167.800353,0.1027758046984672,0.1081960437188683,0.1119583621621131,0.10830522328615172,0.005420239020401105,0.009182557463645907,0.00552941858768452,167.800353,0.0742886289954185,0.07367582188607176,0.076508343219757,0.07438389211893069,-0.000612807109346733,0.0022197142243385037,9.526312351219868e-05,167.800353,172.58139038085938,172.5942639699834,172.5816650390625,172.58152770996094,0.012873589124012597,0.000274658203125,0.0001373291015625
167.900313,0.0995291173458099,0.08550496589355218,0.1027758046984672,0.09359324723482129,-0.014024151452257716,0.0032466873526573042,-0.005935870110988603,167.900313,0.0736164301633834,0.08443790645035185,0.0742886289954185,0.07206891477107999,0.010821476286968446,0.0006721988320350925,-0.0015475153923034113,167.900313,172.5812225341797,172.58993142277623,172.58139038085938,172.58111572265625,0.008708888596544284,0.0001678466796875,-0.0001068115234375
168.000273,0.0981465205550193,0.07853921535003036,0.0995291173458099,0.09628242999315259,-0.019607305204988934,0.0013825967907905995,-0.0018640905618667047,168.000273,0.0732468217611312,0.0929750961853707,0.0736164301633834,0.07294423133134831,0.019728274424239495,0.00036960840225219727,-0.0003025904297828952,168.000273,172.5808563232422,172.5861868704045,172.5812225341797,172.5810546875,0.005330547162316179,0.0003662109375,0.0001983642578125
168.100233,0.097688227891922,0.08287944280125151,0.0981465205550193,0.0967639237642287,-0.01480878509067049,0.0004582926630972983,-0.0009243041276933012,168.100233,0.0731980204582214,0.08649438215585126,0.0732468217611312,0.072877213358879,0.013296361697629863,4.880130290980944e-05,-0.0003208070993423878,168.100233,172.58059692382812,172.57115176091807,172.5808563232422,172.5804901123047,-0.009445162910054705,0.0002593994140625,-0.0001068115234375
168.200193,0.0970598310232162,0.08819403928717742,0.097688227891922,0.0972299352288247,-0.008865791736038783,0.0006283968687057911,0.00017010420560849282,168.200193,0.0731826052069664,0.08537829844906558,0.0731980204582214,0.07314921915531158,0.012195693242099181,1.5415251254993767e-05,-3.3386051654815674e-05,168.200193,172.58010864257812,172.57231337635974,172.58059692382812,172.58033752441406,-0.007795266218380448,0.00048828125,0.0002288818359375
168.300153,0.0968245565891265,0.08934311103588478,0.0970598310232162,0.09643143415451041,-0.0074814455532417196,0.00023527443408970228,-0.00039312243461608887,168.300153,0.0734502077102661,0.08740105341017997,0.0731826052069664,0.0731671899557114,0.013950845699913866,-0.00026760250329969926,-0.000283017754554693,168.300153,172.57981872558594,172.57236328456798,172.58010864257812,172.57962036132812,-0.007455441017953035,0.0002899169921875,-0.0001983642578125
168.400113,0.096400536596775,0.09070670463390111,0.0968245565891265,0.0965892821550368,-0.005693831962873888,0.0004240199923515042,0.00018874555826180195,168.400113,0.0735239908099174,0.08949504235381366,0.0734502077102661,0.0737178102135658,0.01597105154389626,-7.378309965129504e-05,0.00019381940364840422,168.400113,172.5792694091797,172.57365544825885,172.57981872558594,172.57952880859375,-0.0056139609208401,0.00054931640625,0.0002593994140625
168.500073,0.096490241587162,0.08921738394854278,0.096400536596775,0.0959765166044235,-0.007272857638619221,-8.970499038700452e-05,-0.0005137249827385088,168.500073,0.0737335905432701,0.09207843791776499,0.0735239908099174,0.07359777390956869,0.01834484737449489,-0.00020959973335270277,-0.00013581663370140773,168.500073,172.57896423339844,172.5736835129078,172.5792694091797,172.57872009277344,-0.005280720490645763,0.00030517578125,-0.000244140625
168.600033,0.0961524248123169,0.08721997415143913,0.096490241587162,0.09657994657754901,-0.008932450660877764,0.0003378167748451094,0.00042752176523211394,168.600033,0.0735247805714607,0.0934580566061462,0.0737335905432701,0.0739431902766228,0.019933276034685504,0.00020880997180940108,0.00041840970516210385,168.600033,172.5784454345703,172.57412471094182,172.57896423339844,172.5786590576172,-0.004320723628495671,0.000518798828125,0.000213623046875
168.699993,0.0960308015346527,0.0715147874017439,0.0961524248123169,0.09581460803747179,-0.024516014132908798,0.00012162327766419845,-0.00021619349718091097,168.699993,0.073436215519905,0.07512579698367215,0.0735247805714607,0.0733159705996513,0.0016895814637671591,8.856505155570293e-05,-0.00012024492025369815,168.699993,172.57791137695312,172.5770383939733,172.5784454345703,172.5779266357422,-0.0008729829798141964,0.0005340576171875,1.52587890625e-05
168.800786,0.0956298559904098,0.061784825631139795,0.0960308015346527,0.0959091782569885,-0.03384503035927,0.0004009455442429005,0.00027932226657870207,168.800786,0.0733650848269462,0.0633880568886202,0.073436215519905,0.07334765046834929,-0.009977027938326,7.113069295879015e-05,-1.743435859691278e-05,168.800786,172.5771942138672,172.5546486978969,172.57791137695312,172.57737731933594,-0.022545515970278984,0.0007171630859375,0.00018310546875
168.900746,0.0954586938023567,0.06524051974806819,0.0956298559904098,0.0952289104461669,-0.03021817405428852,0.00017116218805308947,-0.00022978335618981105,168.900746,0.0734461694955825,0.0682985701145786,0.0733650848269462,0.07329395413398741,-0.005147599381003898,-8.108466863629427e-05,-0.00015221536159508442,168.900746,172.57667541503906,172.53781227929278,172.5771942138672,172.57647705078125,-0.03886313574628275,0.000518798828125,-0.0001983642578125
169.000706,0.0951237827539444,0.07004308404605279,0.0954586938023567,0.09528753161430362,-0.025080698707891605,0.0003349110484123091,0.00016374886035921965,169.000706,0.0734712779521942,0.07354133209515898,0.0734461694955825,0.07352725416421879,7.005414296477885e-05,-2.510845661170269e-05,5.5976212024591576e-05,169.000706,172.57618713378906,172.55235822652602,172.57667541503906,172.57615661621094,-0.02382890726303799,0.00048828125,-3.0517578125e-05
169.100666,0.0950026735663414,0.07367995691781393,0.0951237827539444,0.09478887170553209,-0.021322716648527473,0.00012110918760299683,-0.0002138018608093123,169.100666,0.0734875723719596,0.0768988127459042,0.0734712779521942,0.0734963864088059,0.0034112403739445935,-1.6294419765403023e-05,8.814036846299667e-06,169.100666,172.5758514404297,172.56732845900788,172.57618713378906,172.57569885253906,-0.008522981421805298,0.000335693359375,-0.000152587890625
169.200626,0.0945977866649627,0.07447355382812285,0.0950026735663414,0.0948815643787384,-0.020124232836839853,0.000404886901378701,0.00028377771377570415,169.200626,0.0736172646284103,0.07800510424196475,0.0734875723719596,0.073503866791725,0.004387839613554448,-0.0001296922564506947,-0.00011339783668529169,169.200626,172.575439453125,172.5761851290331,172.5758514404297,172.5755157470703,0.0007456759080923803,0.0004119873046875,7.62939453125e-05
169.300586,0.0945469141006469,0.07519143561169304,0.0945977866649627,0.094192899763584,-0.01935547848895386,5.08725643157959e-05,-0.0003540143370629051,169.300586,0.0737661346793174,0.07891509501770667,0.0736172646284103,0.07374695688486099,0.005148960338389269,-0.00014887005090710725,-1.9177794456412545e-05,169.300586,172.57522583007812,172.57896623674696,172.575439453125,172.5750274658203,0.0037404066688395687,0.000213623046875,-0.0001983642578125
169.400546,0.0943429395556449,0.08266614208847857,0.0945469141006469,0.09449604153633111,-0.011676797467166336,0.00020397454500199752,0.00015310198068620162,169.400546,0.073689728975296,0.07904415204237157,0.0737661346793174,0.07391500473022451,0.005354423067075564,7.640570402139835e-05,0.0002252757549285056,169.400546,172.57476806640625,172.58372199268857,172.57522583007812,172.57501220703125,0.008953926282316615,0.000457763671875,0.000244140625
169.500506,0.0942182019352912,0.11528921703160319,0.0943429395556449,0.09413896501064291,0.021071015096312,0.0001247376203537126,-7.923692464828491e-05,169.500506,0.0737029090523719,0.08288229364501691,0.073689728975296,0.07361332327127461,0.009179384592645015,-1.3180077075888863e-05,-8.958578109728721e-05,169.500506,172.57444763183594,172.5891644321073,172.57476806640625,172.57431030273438,0.014716800271372676,0.0003204345703125,-0.0001373291015625
169.600466,0.0940134674310684,0.11050052657142885,0.0942182019352912,0.09409346431493748,0.016487059140360444,0.0002047345042227866,7.9996883869074e-05,169.600466,0.0736926421523094,0.08841050971571912,0.0737029090523719,0.07371608912944778,0.014717867563409717,1.0266900062491646e-05,2.344697713838051e-05,169.600466,172.57400512695312,172.6302998835193,172.57444763183594,172.57412719726562,0.05629475656618865,0.0004425048828125,0.0001220703125
169.700426,0.0939991101622581,0.10095844626647078,0.0940134674310684,0.09380873292684562,0.006959336104212677,1.4357268810299972e-05,-0.00019037723541248663,169.700426,0.0737082436680793,0.08354510369092892,0.0736926421523094,0.07368237525224691,0.009836860022849614,-1.5601515769902985e-05,-2.586841583239463e-05,169.700426,172.57366943359375,172.62420562802916,172.57400512695312,172.5735626220703,0.05053619443540924,0.000335693359375,-0.0001068115234375
169.800386,0.0939756035804748,0.09532146831942825,0.0939991101622581,0.0939847528934478,0.0013458647389534562,2.3506581783308556e-05,9.149312973008583e-06,169.800386,0.0736711025238037,0.07849678476575152,0.0737082436680793,0.07372384518384921,0.004825682241947821,3.714114427560977e-05,5.274266004551276e-05,169.800386,172.57327270507812,172.6093889286511,172.57366943359375,172.57333374023438,0.03611622357297506,0.000396728515625,6.103515625e-05
169.900346,0.0938059985637664,0.0921515932075645,0.0939756035804748,0.09395209699869149,-0.001654405356201899,0.00016960501670840178,0.00014609843492509322,169.900346,0.0737692862749099,0.07522311635990765,0.0736711025238037,0.07363396137952809,0.0014538300849977481,-9.81837511062067e-05,-0.00013532489538181647,169.900346,172.5733184814453,172.59365813717437,172.57327270507812,172.5728759765625,0.02033965572906027,-4.57763671875e-05,-0.0004425048828125
170.000306,0.093306690454483,0.0905087880256888,0.0938059985637664,0.093636393547058,-0.0027979024287941995,0.0004993081092833918,0.00032970309257499,170.000306,0.0736240223050117,0.07391784733095604,0.0737692862749099,0.07386747002601611,0.00029382502594434146,0.00014526396989821,0.0002434477210044167,170.000306,172.57400512695312,172.59134489297594,172.5733184814453,172.5733642578125,0.01733976602281473,-0.0006866455078125,-0.000640869140625
170.100266,0.0927572846412658,0.08913022198849564,0.093306690454483,0.09280738234519961,-0.0036270626527701577,0.0005494058132172047,5.0097703933812965e-05,170.100266,0.073840707540512,0.07289380560406707,0.0736240223050117,0.07347875833511348,-0.0009469019364449355,-0.00021668523550030794,-0.00036194920539851794,170.100266,172.5750732421875,172.5920340793823,172.57400512695312,172.57469177246094,0.01696083719480157,-0.001068115234375,-0.0003814697265625
170.200226,0.0922020897269249,0.08879595224518007,0.0927572846412658,0.0922078788280486,-0.003406137481744828,0.0005551949143409035,5.789101123698792e-06,170.200226,0.0736816599965095,0.07276574964660078,0.073840707540512,0.07405739277601231,-0.000915910349908719,0.0001590475440025052,0.00037573277950281314,170.200226,172.5760040283203,172.59227328860368,172.5750732421875,172.57614135742188,0.01626926028336584,-0.0009307861328125,0.0001373291015625
170.300186,0.0917316824197769,0.08781371064928872,0.0922020897269249,0.09164689481258399,-0.0039179717704881795,0.0004704073071479936,-8.47876071929099e-05,170.300186,0.0735868588089943,0.0720291713039214,0.0736816599965095,0.07352261245250699,-0.0015576875050728883,9.480118751520328e-05,-6.424635648730193e-05,170.300186,172.5771026611328,172.59121705112068,172.5760040283203,172.57693481445312,0.014114389987867071,-0.0010986328125,-0.0001678466796875
170.400146,0.0912574380636215,0.08729611267685174,0.0917316824197769,0.09126127511262891,-0.003961325386769757,0.0004742443561554094,3.8370490074157715e-06,170.400146,0.0732904821634292,0.07195670681918563,0.0735868588089943,0.07349205762147909,-0.0013337753442435735,0.00029637664556508847,0.0002015754580498852,170.400146,172.5780487060547,172.59257520309401,172.5771026611328,172.5782012939453,0.014526497039327069,-0.000946044921875,0.000152587890625
170.500106,0.0907640904188156,0.08668971302591172,0.0912574380636215,0.09078319370746608,-0.00407437739290388,0.0004933476448058943,1.910328865048494e-05,170.500106,0.0730290487408638,0.07145742884609711,0.0732904821634292,0.07299410551786412,-0.0015716198947666876,0.0002614334225654047,-3.4943222999683776e-05,170.500106,172.5792236328125,172.59404805996715,172.5780487060547,172.57899475097656,0.014824427154650266,-0.0011749267578125,-0.0002288818359375
170.600066,0.0902058482170105,0.08631319040693698,0.0907640904188156,0.0902707427740097,-0.003892657810073516,0.0005582422018051009,6.489455699920654e-05,170.600066,0.0727056041359901,0.0712015607417771,0.0730290487408638,0.0727676153182984,-0.001504043394213006,0.00032344460487369886,6.201118230829417e-05,170.600066,172.580078125,172.59575020646724,172.5792236328125,172.5803985595703,0.01567208146724397,-0.0008544921875,0.0003204345703125
170.700026,0.0898829773068428,0.08569104955611061,0.0902058482170105,0.0896476060152054,-0.004191927750732197,0.0003228709101676941,-0.00023537129163740678,170.700026,0.0724098682403564,0.07081866199435208,0.0727056041359901,0.0723821595311164,-0.0015912062460043258,0.0002957358956336975,-2.770870924000135e-05,170.700026,172.5811767578125,172.597508929709,172.580078125,172.5809326171875,0.01633217189649372,-0.0010986328125,-0.000244140625
170.800819,0.0891284048557281,0.08557714688919531,0.0898829773068428,0.08956010639667511,-0.0035512579665327865,0.00075457245111471,0.00043170154094701596,170.800819,0.0721987634897232,0.07062742963819717,0.0724098682403564,0.0721141323447227,-0.0015713338515260383,0.0002111047506331981,-8.46311450004994e-05,170.800819,172.5818328857422,172.59810011827383,172.5811767578125,172.582275390625,0.016267232531646414,-0.0006561279296875,0.0004425048828125
170.900779,0.0884093344211578,0.08448491234321966,0.0891284048557281,0.08837383240461338,-0.003924422077938139,0.0007190704345702986,-3.550201654441143e-05,170.900779,0.0719108879566192,0.07026575532223142,0.0721987634897232,0.07198765873909001,-0.001645132634387772,0.00028787553310401226,7.677078247081415e-05,170.900779,172.58294677734375,172.59831474282956,172.5818328857422,172.58248901367188,0.0153679654858081,-0.0011138916015625,-0.000457763671875
171.000739,0.0876562148332595,0.0838737202495201,0.0884093344211578,0.0876902639865875,-0.0037824945837394014,0.000753119587898296,3.4049153327997406e-05,171.000739,0.0715448185801506,0.06986356551890589,0.0719108879566192,0.07162301242351518,-0.0016812530612447113,0.00036606937646858906,7.81938433645768e-05,171.000739,172.58372497558594,172.59974009184526,172.58294677734375,172.5840606689453,0.01601511625932517,-0.0007781982421875,0.000335693359375
171.100699,0.0868402570486068,0.0831772972378183,0.0876562148332595,0.0869030952453612,-0.003662959810788499,0.0008159577846526961,6.283819675440006e-05,171.100699,0.0710215643048286,0.06951691238447828,0.0715448185801506,0.07117874920368202,-0.0015046519203503195,0.0005232542753220021,0.00015718489885341302,171.100699,172.58465576171875,172.59980198946857,172.58372497558594,172.58450317382812,0.015146227749823993,-0.0009307861328125,-0.000152587890625
171.200659,0.0860198214650154,0.08229198619181505,0.0868402570486068,0.08602429926395411,-0.00372783527320035,0.0008204355835914057,4.477798938709587e-06,171.200659,0.0709065571427345,0.06884869719256038,0.0710215643048286,0.0704983100295066,-0.002057859950174115,0.00011500716209410233,-0.00040824711322789975,171.200659,172.58567810058594,172.60011859350658,172.58465576171875,172.58558654785156,0.014440492920641645,-0.0010223388671875,-9.1552734375e-05
171.300619,0.0854261219501495,0.08169857722755644,0.0860198214650154,0.08519938588142399,-0.003727544722593054,0.000593699514865903,-0.00022673606872550267,171.300619,0.0704465508460998,0.06896283314770858,0.0709065571427345,0.0707915499806404,-0.0014837176983912154,0.00046000629663470183,0.0003449991345405995,171.300619,172.58656311035156,172.59996067118874,172.58567810058594,172.58670043945312,0.013397560837177025,-0.000885009765625,0.0001373291015625
171.400579,0.0844389721751213,0.08118928026780457,0.0854261219501495,0.08483242243528359,-0.0032496919073167208,0.000987149775028201,0.000393450260162298,171.400579,0.0701623111963272,0.06827345328846839,0.0704465508460998,0.0699865445494651,-0.0018888579078588097,0.0002842396497726024,-0.00017576664686209942,171.400579,172.58753967285156,172.60461039521888,172.58656311035156,172.5874481201172,0.017070722367321878,-0.0009765625,-9.1552734375e-05
171.500539,0.0839104056358337,0.07998700032549906,0.0844389721751213,0.08345182240009309,-0.003923405310334638,0.0005285665392875949,-0.0004585832357406061,171.500539,0.0700884386897087,0.06810961859859908,0.0701623111963272,0.0698780715465546,-0.001978820091109612,7.387250661849976e-05,-0.00021036714315410265,171.500539,172.58860778808594,172.60326188427914,172.58753967285156,172.58851623535156,0.014654096193197574,-0.001068115234375,-9.1552734375e-05
171.600499,0.0833155065774917,0.07996359805575914,0.0839104056358337,0.0833818390965461,-0.0033519085217325606,0.0005948990583419939,6.633251905439896e-05,171.600499,0.0697675049304962,0.0679868831469226,0.0700884386897087,0.0700145661830902,-0.001780621783573605,0.0003209337592124939,0.00024706125259399414,171.600499,172.5894012451172,172.60146029055917,172.58860778808594,172.5896759033203,0.012059045441986882,-0.00079345703125,0.000274658203125
171.700459,0.082711637020111,0.0791116094596699,0.0833155065774917,0.08272060751914971,-0.003600027560441102,0.000603869557380704,8.970499038710167e-06,171.700459,0.0697525739669799,0.06754117859190216,0.0697675049304962,0.06944657117128371,-0.0022113953750777376,1.493096351630474e-05,-0.00030600279569618916,171.700459,172.59051513671875,172.60776876917154,172.5894012451172,172.59019470214844,0.017253632452792544,-0.0011138916015625,-0.0003204345703125
171.800419,0.0821242183446884,0.0786569455190187,0.082711637020111,0.0821077674627303,-0.0034672728256697066,0.0005874186754225991,-1.6450881958104957e-05,171.800419,0.0697306171059608,0.06763325500757618,0.0697525739669799,0.06973764300346359,-0.0020973620983846253,2.1956861019092888e-05,7.025897502788148e-06,171.800419,172.59161376953125,172.6085771426839,172.59051513671875,172.5916290283203,0.016963373152663053,-0.0010986328125,1.52587890625e-05
171.900379,0.0817755609750747,0.07810863892295776,0.0821242183446884,0.0815367996692658,-0.0036669220521169388,0.00034865736961370297,-0.0002387613058088961,171.900379,0.0695453658699989,0.06748733428876116,0.0697306171059608,0.06970866024494171,-0.0020580315812377403,0.00018525123596190018,0.0001632943749428073,171.900379,172.59254455566406,172.6082712222168,172.59161376953125,172.59271240234375,0.015726666552751567,-0.0009307861328125,0.0001678466796875
172.000339,0.0811890065670013,0.07792305810194677,0.0817755609750747,0.081426903605461,-0.0032659484650545273,0.0005865544080733975,0.00023789703845969457,172.000339,0.0693396627902984,0.0673267821382053,0.0695453658699989,0.069360114634037,-0.0020128806520931103,0.00020570307970049773,2.045184373859754e-05,172.000339,172.5937042236328,172.60974994942507,172.59254455566406,172.59347534179688,0.01604572579225305,-0.00115966796875,-0.0002288818359375
172.100299,0.0808641090989112,0.07718972564203494,0.0811890065670013,0.0806024521589279,-0.0036743834568762623,0.000324897468090099,-0.00026165693998329853,172.100299,0.0693305879831314,0.06686998050846273,0.0693396627902984,0.06913395971059791,-0.002460607474668669,9.07480716701159e-06,-0.00019662827253348614,172.100299,172.59487915039062,172.60733587191592,172.5937042236328,172.59486389160156,0.012456721525296643,-0.0011749267578125,-1.52587890625e-05
172.200259,0.0803264826536178,0.07718393294553608,0.0808641090989112,0.0805392116308211,-0.0031425497080817266,0.0005376264452933988,0.00021272897720329975,172.200259,0.0693289190530777,0.06722416141608635,0.0693305879831314,0.06932151317596438,-0.0021047576369913473,1.6689300536970597e-06,-7.40587711331453e-06,172.200259,172.59600830078125,172.6143215478303,172.59487915039062,172.59605407714844,0.018313247049036363,-0.001129150390625,4.57763671875e-05
172.300219,0.0800974071025848,0.0764968958299925,0.0803264826536178,0.0797888562083244,-0.0036005112725922966,0.00022907555103300614,-0.0003085508942603926,172.300219,0.0691946446895599,0.06697571539169357,0.0693289190530777,0.069327250123024,-0.0022189292978663233,0.00013427436351780286,0.0001326054334641058,172.300219,172.5972900390625,172.61263668812558,172.59600830078125,172.59713745117188,0.015346649063076256,-0.00128173828125,-0.000152587890625
172.400179,0.0798665583133697,0.07652140448544771,0.0800974071025848,0.07986833155155179,-0.0033451538279219845,0.00023084878921510177,1.7732381820956267e-06,172.400179,0.0690821930766105,0.06685802815935449,0.0691946446895599,0.06906037032604209,-0.002224164917256008,0.0001124516129493991,-2.182275056840377e-05,172.400179,172.59835815429688,172.61273143375223,172.5972900390625,172.59857177734375,0.014373279455355714,-0.001068115234375,0.000213623046875
172.500139,0.0796044692397117,0.0762546971044382,0.0798665583133697,0.0796357095241546,-0.0033497721352735016,0.0002620890736579895,3.1240284442887734e-05,172.500139,0.0691567212343216,0.0668174639177801,0.0690821930766105,0.0689697414636611,-0.0023392573165414987,-7.452815771109844e-05,-0.00018697977066049754,172.500139,172.59983825683594,172.61402869993768,172.59835815429688,172.59942626953125,0.014190443101739447,-0.0014801025390625,-0.0004119873046875
172.600099,0.079304464161396,0.07597662483230329,0.0796044692397117,0.07934238016605372,-0.0033278393290927105,0.0003000050783157071,3.7916004657717606e-05,172.600099,0.0690560787916183,0.06669787676028499,0.0691567212343216,0.06923124939203269,-0.0023582020313333146,0.0001006424427032887,0.00017517060041438715,172.600099,172.6011199951172,172.61510874951452,172.59983825683594,172.601318359375,0.013988754397331604,-0.00128173828125,0.0001983642578125
172.700059,0.0791499018669128,0.07562449548631282,0.079304464161396,0.07900445908308029,-0.003525406380599977,0.0001545622944831987,-0.00014544278383250842,172.700059,0.0689273625612258,0.06673853607430526,0.0690560787916183,0.06895543634891502,-0.0021888264869205365,0.00012871623039251157,2.8073787689222862e-05,172.700059,172.60256958007812,172.61903877971415,172.6011199951172,172.60240173339844,0.01646919963602045,-0.0014495849609375,-0.0001678466796875
172.800019,0.0790983811020851,0.07557223884053865,0.0791499018669128,0.0789953395724296,-0.003526142261546447,5.1520764827700516e-05,-0.00010304152965549818,172.800019,0.0687005668878555,0.06632439376380614,0.0689273625612258,0.06879864633083328,-0.0023761731240493633,0.00022679567337029194,9.807944297778037e-05,172.800019,172.60411071777344,172.61718677074154,172.60256958007812,172.60401916503906,0.013076052968102658,-0.0015411376953125,-9.1552734375e-05
172.900812,0.0787500217556953,0.0755083155884478,0.0790983811020851,0.0790468603372574,-0.0032417061672475045,0.00034835934638979826,0.00029683858156209775,172.900812,0.0685271173715591,0.06624217697415807,0.0687005668878555,0.06847377121448521,-0.002284940397401028,0.0001734495162964006,-5.334615707389134e-05,172.900812,172.60549926757812,172.6212935978798,172.60411071777344,172.60565185546875,0.015794330301673654,-0.0013885498046875,0.000152587890625
173.000772,0.078618586063385,0.07492167935800527,0.0787500217556953,0.0784016624093055,-0.0036969067053797267,0.0001314356923103055,-0.00021692365407949277,173.000772,0.0685108453035354,0.06595503455851147,0.0685271173715591,0.0683536678552627,-0.002555810745023937,1.627206802369552e-05,-0.00015717744827270508,173.000772,172.60696411132812,172.6214397956645,172.60549926757812,172.6068878173828,0.014475684336360928,-0.00146484375,-7.62939453125e-05
173.100732,0.0783964321017265,0.07509023915542158,0.078618586063385,0.07848715037107469,-0.0033061929463049228,0.00022215396165849166,9.071826934818616e-05,173.100732,0.0684933438897132,0.06612712229515648,0.0685108453035354,0.06849457323551171,-0.002366221594556725,1.7501413822201828e-05,1.2293457985063094e-06,173.100732,172.60836791992188,172.62353430135565,172.60696411132812,172.60842895507812,0.015166381433772358,-0.00140380859375,6.103515625e-05
173.200692,0.0784652456641197,0.07468004508706294,0.0783964321017265,0.07817427814006801,-0.003785200577056766,-6.881356239320235e-05,-0.000290967524051694,173.200692,0.0683361887931823,0.0659643467268093,0.0684933438897132,0.068475842475891,-0.0023718420663730033,0.00015715509653090043,0.0001396536827086986,173.200692,172.61012268066406,172.62481486284491,172.60836791992188,172.60977172851562,0.014692182180851887,-0.0017547607421875,-0.0003509521484375
173.300652,0.0784308090806007,0.07496100614487729,0.0784652456641197,0.07853405922651291,-0.0034698029357234095,3.443658351900969e-05,0.00010325014591221204,173.300652,0.0684370025992393,0.06580073450939049,0.0683361887931823,0.0681790336966514,-0.002636268089848806,-0.0001008138060569902,-0.0002579689025878906,173.300652,172.61203002929688,172.62676742236528,172.61012268066406,172.61187744140625,0.014737393068401161,-0.0019073486328125,-0.000152587890625
173.400612,0.0784654319286346,0.07484211096947048,0.0784308090806007,0.07839637249708169,-0.0036233209591641224,-3.462284803390503e-05,-6.905943155291472e-05,173.400612,0.0685347691178321,0.06609762081506165,0.0684370025992393,0.06853781640529628,-0.0024371483027704477,-9.776651859280672e-05,3.047287464183479e-06,173.400612,172.61351013183594,172.62925484693304,172.61203002929688,172.6139373779297,0.015744715097099515,-0.0014801025390625,0.00042724609375
173.500572,0.0785857290029525,0.07499296775542197,0.0784654319286346,0.07850005477666851,-0.0035927612475305376,-0.00012029707431790437,-8.567422628399934e-05,173.500572,0.0686828568577766,0.06619189647750398,0.0685347691178321,0.06863253563642491,-0.0024909603802726193,-0.00014808773994449964,-5.0321221351692924e-05,173.500572,172.6151885986328,172.63094261537606,172.61351013183594,172.614990234375,0.015754016743244392,-0.001678466796875,-0.0001983642578125
173.600532,0.0789725258946418,0.07519639149186166,0.0785857290029525,0.07870602607727041,-0.003776134402780143,-0.00038679689168930054,-0.00026649981737139616,173.600532,0.068766139447689,0.0663996239738294,0.0686828568577766,0.0688309445977211,-0.002366515473859604,-8.328258991240067e-05,6.480515003209897e-05,173.600532,172.6168212890625,172.631245453899,172.6151885986328,172.6168670654297,0.014424164836498221,-0.0016326904296875,4.57763671875e-05
173.700492,0.0791736096143722,0.07571028205529971,0.0789725258946418,0.07935932278633111,-0.003463327559072485,-0.00020108371973039108,0.00018571317195890946,173.700492,0.0687183663249015,0.06643253737109539,0.068766139447689,0.0688494220376014,-0.002285828953806107,4.777312278750334e-05,0.00013105571269990401,173.700492,172.61866760253906,172.63326140231527,172.6168212890625,172.6184539794922,0.014593799776207561,-0.0018463134765625,-0.000213623046875
173.800452,0.0793578922748565,0.07561649622413776,0.0791736096143722,0.07937469333410259,-0.0037413960507187427,-0.0001842826604843001,1.6801059246090988e-05,173.800452,0.0687739104032516,0.06628657119954351,0.0687183663249015,0.068670593202114,-0.002487339203708097,-5.554407835010877e-05,-0.00010331720113761211,173.800452,172.62037658691406,172.63554092681687,172.61866760253906,172.62051391601562,0.015164339902810298,-0.001708984375,0.0001373291015625
173.900412,0.0793578177690506,0.07589979877813026,0.0793578922748565,0.0795421749353408,-0.003458018990920339,7.450580589984934e-08,0.00018435716629019994,173.900412,0.0689267367124557,0.06650237936400749,0.0687739104032516,0.06882945448160172,-0.002424357348448203,-0.00015282630920408768,-9.728223085397891e-05,173.900412,172.62222290039062,172.63706859503003,172.62037658691406,172.62208557128906,0.014845694639404883,-0.0018463134765625,-0.0001373291015625
174.000372,0.0795785412192344,0.07571330644048928,0.0793578177690506,0.0793577432632447,-0.003865234778745119,-0.00022072345018379902,-0.00022079795598969887,174.000372,0.0689561739563942,0.06652102450518259,0.0689267367124557,0.06907956302165978,-0.0024351494512116073,-2.9437243938501556e-05,0.00012338906526558613,174.000372,172.62408447265625,172.63769563694646,172.62222290039062,172.6240692138672,0.013611164290210809,-0.001861572265625,-1.52587890625e-05
174.100332,0.0796590745449066,0.07617154851434671,0.0795785412192344,0.0797992646694182,-0.0034875260305598926,-8.053332567220517e-05,0.00014019012451159385,174.100332,0.0689813643693924,0.06665088672453232,0.0689561739563942,0.0689856112003327,-0.0023304776448600795,-2.5190412998199463e-05,4.246830940302093e-06,174.100332,172.62596130371094,172.6416771435608,172.62408447265625,172.62594604492188,0.015715839849860913,-0.0018768310546875,-1.52587890625e-05
174.200292,0.0797247588634491,0.07603235525849328,0.0796590745449066,0.07973960787057881,-0.0036924036049558184,-6.568431854249435e-05,1.4849007129710823e-05,174.200292,0.0691716000437736,0.06654337130888975,0.0689813643693924,0.0690065547823906,-0.0026282287348838446,-0.0001902356743812006,-0.00016504526138300113,174.200292,172.6278076171875,172.6430931166352,172.62596130371094,172.62783813476562,0.015285499447713846,-0.0018463134765625,3.0517578125e-05
174.300252,0.0799764543771743,0.07618804618568328,0.0797247588634491,0.07979044318199159,-0.0037884081914910106,-0.0002516955137251975,-0.00018601119518270315,174.300252,0.069408394396305,0.0669505316029157,0.0691716000437736,0.0693618357181548,-0.002457862793389304,-0.00023679435253140535,-4.655867815020476e-05,174.300252,172.62948608398438,172.64642952511574,172.6278076171875,172.62965393066406,0.01694344113136026,-0.001678466796875,0.0001678466796875
174.400212,0.0801911354064941,0.07649976496788599,0.0799764543771743,0.08022814989089949,-0.0036913704386081075,-0.00021468102931980482,3.701448440539268e-05,174.400212,0.0698024183511734,0.06703126377238877,0.069408394396305,0.0696451887488364,-0.0027711545787846292,-0.0003940239548683999,-0.00015722960233699457,174.400212,172.63140869140625,172.64464343329908,172.62948608398438,172.63116455078125,0.01323474189283047,-0.001922607421875,-0.000244140625
174.500172,0.0800818055868148,0.07666193640998346,0.0801911354064941,0.0804058164358139,-0.0034198691768313333,0.00010932981967930189,0.0003240108489991067,174.500172,0.0697643384337425,0.06756245406955512,0.0698024183511734,0.0701964423060418,-0.002201884364187376,3.807991743090544e-05,0.00043210387229930536,174.500172,172.63331604003906,172.64872872680735,172.63140869140625,172.63333129882812,0.015412686768286221,-0.0019073486328125,1.52587890625e-05
174.600132,0.0803998559713363,0.07627135890305585,0.0800818055868148,0.0799724757671355,-0.004128497068280446,-0.00031805038452149825,-0.00042738020420080014,174.600132,0.0699982866644859,0.06720558734320133,0.0697643384337425,0.06972625851631159,-0.002792699321284578,-0.0002339482307434082,-0.00027202814817431364,174.600132,172.63528442382812,172.6504214528251,172.63331604003906,172.63522338867188,0.015137028996974777,-0.0019683837890625,-6.103515625e-05
174.700092,0.0806297436356544,0.07708205641953242,0.0803998559713363,0.0807179063558578,-0.0035476872161219752,-0.0002298876643180986,8.816272020339966e-05,174.700092,0.070389911532402,0.06772825915439856,0.0699982866644859,0.07023223489522931,-0.0026616523780034346,-0.0003916248679160933,-0.0001576766371726851,174.700092,172.63731384277344,172.65084926961273,172.63528442382812,172.6372528076172,0.013535426839297315,-0.0020294189453125,-6.103515625e-05
174.800052,0.0808845311403274,0.07711315940721687,0.0806297436356544,0.08085963129997249,-0.003771371733110526,-0.00025478750467300415,-2.4899840354905556e-05,174.800052,0.0706129893660545,0.06813796928403115,0.070389911532402,0.07078153640031809,-0.002475020082023341,-0.00022307783365249634,0.00016854703426359696,174.800052,172.63934326171875,172.65381831038275,172.63731384277344,172.63934326171875,0.014475048663996404,-0.0020294189453125,0.0
174.900012,0.0811198502779007,0.07738481693707525,0.0808845311403274,0.0811393186450004,-0.00373503334082545,-0.0002353191375732977,1.9468367099706452e-05,174.900012,0.0709727928042411,0.0681988293720263,0.0706129893660545,0.07083606719970699,-0.002773963432214796,-0.0003598034381866039,-0.00013672560453410754,174.900012,172.64120483398438,172.65566931857916,172.63934326171875,172.64137268066406,0.014464484594782334,-0.001861572265625,0.0001678466796875
175.000805,0.0816321223974227,0.07757514342172904,0.0811198502779007,0.081355169415474,-0.004056978975693654,-0.0005122721195219976,-0.0002769529819486999,175.000805,0.0713523998856544,0.06866657682804723,0.0709727928042411,0.0713325962424277,-0.002685823057607159,-0.0003796070814132968,-1.9803643226692924e-05,175.000805,172.6433563232422,172.65874738144862,172.64120483398438,172.64306640625,0.015391058206432717,-0.0021514892578125,-0.0002899169921875
175.100765,0.0818418264389038,0.07831459478837641,0.0816321223974227,0.08214439451694469,-0.0035272316505273876,-0.00020970404148110133,0.00030256807804089625,175.100765,0.0718451887369155,0.06900870544242792,0.0713523998856544,0.07173200696706769,-0.002836483294487588,-0.0004927888512611112,-0.00011318176984781436,175.100765,172.64517211914062,172.66161694796435,172.6433563232422,172.6455078125,0.016444828823722446,-0.0018157958984375,0.000335693359375
175.200725,0.0822221115231514,0.0782441251200699,0.0818418264389038,0.0820515304803849,-0.0039779864030815015,-0.000380285084247603,-0.00017058104276650166,175.200725,0.0719865709543228,0.06959017575726445,0.0718451887369155,0.07233797758817662,-0.0023963951970583514,-0.00014138221740729595,0.0003514066338538152,175.200725,172.6470184326172,172.6627399099162,172.64517211914062,172.64698791503906,0.0157214772990244,-0.0018463134765625,-3.0517578125e-05
175.300685,0.0825463756918907,0.07878437601537247,0.0822221115231514,0.082602396607399,-0.0037619996765182323,-0.00032426416873930497,5.602091550829802e-05,175.300685,0.0722170174121856,0.06941520622791689,0.0719865709543228,0.0721279531717301,-0.0028018111842687127,-0.0002304464578627985,-8.906424045550254e-05,175.300685,172.64923095703125,172.66271125074508,172.6470184326172,172.64886474609375,0.013480293713826086,-0.0022125244140625,-0.0003662109375
175.400645,0.0828758850693702,0.0790709191150287,0.0825463756918907,0.08287063986063001,-0.003804965954341502,-0.0003295093774794977,-5.245208740192742e-06,175.400645,0.0722835585474968,0.06985285863455806,0.0722170174121856,0.0724474638700484,-0.002430699912938733,-6.65411353111961e-05,0.0001639053225516024,175.400645,172.65145874023438,172.665082215121,172.64923095703125,172.6514434814453,0.013623474886628628,-0.002227783203125,-1.52587890625e-05
175.500605,0.0834545791149139,0.07934340799181296,0.0828758850693702,0.0832053944468497,-0.004111171123100943,-0.0005786940455436984,-0.0002491846680642007,175.500605,0.0723945572972297,0.06976337952549921,0.0722835585474968,0.07235009968280799,-0.0026311777717304835,-0.0001109987497329018,-4.4457614421705705e-05,175.500605,172.65362548828125,172.66847833632997,172.65145874023438,172.6536865234375,0.01485284804871867,-0.002166748046875,6.103515625e-05
175.600565,0.0836251005530357,0.08011697496257578,0.0834545791149139,0.0840332731604576,-0.003508125590459918,-0.00017052143812179565,0.00040817260742190276,175.600565,0.0724734812974929,0.07005718735015164,0.0723945572972297,0.0725055560469626,-0.002416293947341261,-7.892400026320023e-05,3.207474946970157e-05,175.600565,172.65585327148438,172.67122471611845,172.65362548828125,172.65579223632812,0.01537144463407003,-0.002227783203125,-6.103515625e-05
175.700525,0.0840541273355484,0.07988489647502024,0.0836251005530357,0.08379562199115749,-0.004169230860528159,-0.00042902678251270643,-0.0002585053443909108,175.700525,0.0728601887822151,0.070059078399172,0.0724734812974929,0.0725524052977561,-0.0028011103830431067,-0.00038670748472220684,-0.0003077834844590066,175.700525,172.65798950195312,172.67191665791935,172.65585327148438,172.6580810546875,0.013927155966229066,-0.00213623046875,9.1552734375e-05
175.800485,0.0843088626861572,0.08068411068178877,0.0840541273355484,0.08448315411806111,-0.003624752004368431,-0.00025473535060879793,0.0001742914319039085,175.800485,0.073151558637619,0.07066408351426158,0.0728601887822151,0.07324689626693731,-0.0024874751233574244,-0.00029136985540390015,9.53376293183067e-05,175.800485,172.66021728515625,172.67496307000337,172.65798950195312,172.66012573242188,0.014745784847121968,-0.002227783203125,-9.1552734375e-05
175.900445,0.0846452489495277,0.08066439695409906,0.0843088626861572,0.084563598036766,-0.003980851995428636,-0.00033638626337050004,-8.165091276170211e-05,175.900445,0.0733297765254974,0.07086568660043396,0.073151558637619,0.0734429284930229,-0.0024640899250634313,-0.0001782178878783902,0.00011315196752550993,175.900445,172.66226196289062,172.67916945199826,172.66021728515625,172.66244506835938,0.01690748910763773,-0.002044677734375,0.00018310546875
176.000405,0.0848951563239097,0.08100332488425213,0.0846452489495277,0.0849816352128982,-0.0038918314396575726,-0.00024990737438200517,8.647888898849487e-05,176.000405,0.0734942108392715,0.07082915514742788,0.0733297765254974,0.07350799441337579,-0.0026650556918436236,-0.0001644343137741089,1.3783574104281326e-05,176.000405,172.66452026367188,172.678082315318,172.66226196289062,172.664306640625,0.013562051646118789,-0.00225830078125,-0.000213623046875
176.100365,0.085273876786232,0.08114531627077866,0.0848951563239097,0.08514506369829171,-0.004128560515453336,-0.0003787204623222906,-0.00012881308794028545,176.100365,0.0739991292357444,0.07098931914031323,0.0734942108392715,0.07365864515304561,-0.0030098100954311785,-0.0005049183964729032,-0.00034048408269879427,176.100365,172.6665496826172,172.68058560117248,172.66452026367188,172.66677856445312,0.014035918555293847,-0.0020294189453125,0.0002288818359375
176.200325,0.0854786857962608,0.08168080699602594,0.085273876786232,0.08565259724855429,-0.003797878800234869,-0.00020480901002881136,0.00017391145229347926,176.200325,0.0741213858127594,0.07190682392769147,0.0739991292357444,0.07450404763221731,-0.0022145618850679255,-0.00012225657701499248,0.00038266181945791067,176.200325,172.66871643066406,172.68513082461823,172.6665496826172,172.6685791015625,0.016414393954164552,-0.002166748046875,-0.0001373291015625
176.300285,0.0861147195100784,0.08165609976445219,0.0854786857962608,0.08568349480628962,-0.0044586197456262106,-0.0006360337138175964,-0.0004312247037887851,176.300285,0.0745473355054855,0.07147274016816098,0.0741213858127594,0.07424364238977439,-0.003074595337324529,-0.0004259496927261075,-0.000303693115711115,176.300285,172.6710205078125,172.6851561388765,172.66871643066406,172.67088317871094,0.014135631063993515,-0.0023040771484375,-0.0001373291015625
176.400245,0.0863426104187965,0.08273367706993624,0.0861147195100784,0.086750753223896,-0.003608933348860255,-0.00022789090871809525,0.0004081428050995012,176.400245,0.0748129785060882,0.07247240547511737,0.0745473355054855,0.07497328519821161,-0.0023405730309708356,-0.0002656430006026944,0.00016030669212341309,176.400245,172.6732940673828,172.68834331381507,172.6710205078125,172.67332458496094,0.015049246432255359,-0.0022735595703125,3.0517578125e-05
176.500205,0.0868959203362464,0.08251674684174509,0.0863426104187965,0.08657050132751459,-0.004379173494501301,-0.0005533099174498957,-0.0003254190087318004,176.500205,0.0752040967345237,0.07231582518422797,0.0748129785060882,0.0750786215066909,-0.0028882715502957373,-0.0003911182284355025,-0.00012547522783280807,176.500205,172.6756591796875,172.69173795608975,172.6732940673828,172.67556762695312,0.01607877640225297,-0.0023651123046875,-9.1552734375e-05
176.600165,0.0874069705605506,0.0834206072389978,0.0868959203362464,0.08744923025369629,-0.003986363321552805,-0.0005110502243042131,4.2259693145682564e-05,176.600165,0.0753997638821601,0.0730276116925845,0.0752040967345237,0.0755952149629592,-0.0023721521895756076,-0.0001956671476363997,0.00019545108079910278,176.600165,172.6778106689453,172.6935284909608,172.6756591796875,172.6780242919922,0.01571782201548899,-0.0021514892578125,0.000213623046875
176.700125,0.087668664753437,0.08372742968513887,0.0874069705605506,0.08791802078485482,-0.003941235068298132,-0.00026169419288639417,0.0002493560314178189,176.700125,0.0756491720676422,0.07300424792116998,0.0753997638821601,0.0755954310297965,-0.002644924146472216,-0.00024940818548209454,-5.374103784569484e-05,176.700125,172.68038940429688,172.6940439288191,172.6778106689453,172.67996215820312,0.01365452452222371,-0.0025787353515625,-0.00042724609375
176.800085,0.0878032073378562,0.08384719943097736,0.087668664753437,0.0879303589463234,-0.003956007906878833,-0.00013454258441919498,0.0001271516084671992,176.800085,0.0755513906478881,0.07321273119328457,0.0756491720676422,0.07589858025312429,-0.0023386594546035283,9.778141975409771e-05,0.00034718960523619224,176.800085,172.6826171875,172.69718089954162,172.68038940429688,172.68296813964844,0.014563712041621102,-0.002227783203125,0.0003509521484375
176.900045,0.0880839005112648,0.08383948569481448,0.0878032073378562,0.08793774992227539,-0.004244414816450326,-0.00028069317340860545,-0.00014615058898941047,176.900045,0.0757030993700027,0.07298125356787458,0.0755513906478881,0.075453609228134,-0.0027218458021281283,-0.00015170872211460462,-0.00024949014186870233,176.900045,172.68499755859375,172.70089903950006,172.6826171875,172.68484497070312,0.015901480906308052,-0.00238037109375,-0.000152587890625
177.000005,0.0882586240768432,0.08437035113964254,0.0880839005112648,0.0883645936846734,-0.0038882729372006625,-0.00017472356557840518,0.00010596960783020026,177.000005,0.0758063197135925,0.07342654569798365,0.0757030993700027,0.07585480809211731,-0.0023797740156088487,-0.00010322034358979659,4.848837852480803e-05,177.000005,172.687255859375,172.70190197582076,172.68499755859375,172.6873779296875,0.014646116445760526,-0.00225830078125,0.0001220703125
177.100798,0.0883776471018791,0.0843812869693328,0.0882586240768432,0.08843334764242161,-0.003996360132546312,-0.00011902302503589979,5.5700540542505395e-05,177.100798,0.0757979750633239,0.07341418109062554,0.0758063197135925,0.0759095400571823,-0.0023837939726983615,8.344650268596321e-06,0.00011156499385839291,177.100798,172.6896514892578,172.70392357441813,172.687255859375,172.68951416015625,0.014272085160314418,-0.0023956298828125,-0.0001373291015625
177.200758,0.0885671898722648,0.08446257468707166,0.0883776471018791,0.088496670126915,-0.0041046151851931445,-0.00018954277038570055,-7.051974534980077e-05,177.200758,0.0759803056716919,0.07332059237547435,0.0757979750633239,0.07578963041305531,-0.0026597132962175446,-0.0001823306083679893,-0.00019067525863658563,177.200758,172.6920166015625,172.70682098619577,172.6896514892578,172.69204711914062,0.0148043846332655,-0.0023651123046875,3.0517578125e-05
177.300718,0.0887519344687461,0.08478786820034753,0.0885671898722648,0.08875673264265051,-0.0039640662683985695,-0.0001847445964812955,4.7981739044050675e-06,177.300718,0.0760735869407653,0.0736941033609633,0.0759803056716919,0.07616263628005988,-0.0023794835798019998,-9.328126907340306e-05,8.904933929458625e-05,177.300718,172.69436645507812,172.7092584013352,172.6920166015625,172.6943817138672,0.014891946257080235,-0.002349853515625,1.52587890625e-05
177.400678,0.0888969302177429,0.08483501756122863,0.0887519344687461,0.0889366790652274,-0.004061912656514274,-0.000144995748996804,3.974884748449148e-05,177.400678,0.07612956315279,0.07371787868053017,0.0760735869407653,0.0761668682098387,-0.0024116844722598257,-5.59762120247026e-05,3.730505704870046e-05,177.400678,172.6967010498047,172.71238835928148,172.69436645507812,172.69671630859375,0.01568730947678887,-0.0023345947265625,1.52587890625e-05
177.500638,0.0890469625592231,0.08496940216149,0.0888969302177429,0.08904192596673971,-0.004077560397733104,-0.00015003234148019962,-5.036592483395608e-06,177.500638,0.0765669420361518,0.07361024377117803,0.07612956315279,0.0761855393648147,-0.0029566982649737727,-0.00043737888336180253,-0.00038140267133709993,177.500638,172.69908142089844,172.71304557089007,172.6967010498047,172.69903564453125,0.013964149991636532,-0.00238037109375,-4.57763671875e-05
177.600598,0.0893226787447929,0.08514784822862945,0.0890469625592231,0.0891969949007033,-0.00417483051616345,-0.00027571618556979094,-0.00012568384408959132,177.600598,0.0767451226711273,0.07442953067998541,0.0765669420361518,0.0770043209195136,-0.0023155919911418965,-0.00017818063497550274,0.0002591982483862998,177.600598,172.70169067382812,172.7171700234883,172.69908142089844,172.7014617919922,0.015479349660182606,-0.0026092529296875,-0.0002288818359375
177.700558,0.0895070061087608,0.08546845501856432,0.0893226787447929,0.08959839493036269,-0.0040385510901964905,-0.00018432736396790939,9.138882160188155e-05,177.700558,0.0769768506288528,0.07424654169755729,0.0767451226711273,0.07692330330610281,-0.0027303089312955137,-0.00023172795772549715,-5.354732274999441e-05,177.700558,172.7039031982422,172.7187277979127,172.70169067382812,172.7042999267578,0.014824599670504313,-0.0022125244140625,0.000396728515625
177.800518,0.0896227061748504,0.08564328296915315,0.0895070061087608,0.08969133347272872,-0.003979423205697247,-0.0001157000660895885,6.862729787832089e-05,177.800518,0.0770191997289657,0.07472372716293062,0.0769768506288528,0.0772085785865783,-0.0022954725660350866,-4.234910011290116e-05,0.00018937885761259599,177.800518,172.7064971923828,172.72185636495098,172.7039031982422,172.70611572265625,0.015359172568167878,-0.002593994140625,-0.0003814697265625
177.900478,0.0898306593298912,0.085722882173143,0.0896227061748504,0.08973840624093998,-0.004107777156748205,-0.00020795315504081036,-9.225308895122186e-05,177.900478,0.076984629034996,0.07450777618433646,0.0770191997289657,0.0770615488290786,-0.0024768528506595444,3.457069396969881e-05,7.691979408259997e-05,177.900478,172.708740234375,172.72474190141685,172.7064971923828,172.70909118652344,0.016001667041848577,-0.0022430419921875,0.0003509521484375
178.000438,0.0898563787341117,0.08595865669358577,0.0898306593298912,0.09003861248493202,-0.003897722040525936,-2.5719404220497788e-05,0.00018223375082031257,178.000438,0.0771282389760017,0.07456882577787341,0.076984629034996,0.0769500583410263,-0.002559413198128288,-0.0001436099410056929,-0.00017818063497539172,178.000438,172.7110595703125,172.72603725766228,172.708740234375,172.7109832763672,0.014977687349784219,-0.0023193359375,-7.62939453125e-05
178.100398,0.0902499631047248,0.08583759965754185,0.0898563787341117,0.0898820981383322,-0.004412363447182946,-0.00039358437061309814,-0.00036786496639260036,178.100398,0.0770663172006607,0.07471728942932526,0.0771282389760017,0.07727184891700739,-0.0023490277713354435,6.19217753409923e-05,0.0002055317163466852,178.100398,172.71348571777344,172.7281777994931,172.7110595703125,172.71337890625,0.014692081719658745,-0.0024261474609375,-0.0001068115234375
178.200358,0.090481586754322,0.08641165727577953,0.0902499631047248,0.0906435474753379,-0.0040699294785424694,-0.00023162364959719572,0.00016196072101590242,178.200358,0.0771698430180549,0.074556217205083,0.0770663172006607,0.07700439542531971,-0.0026136258129719064,-0.00010352581739420108,-0.00016544759273519338,178.200358,172.7159881591797,172.73129493872543,172.71348571777344,172.71591186523438,0.015306779545738891,-0.00250244140625,-7.62939453125e-05
178.300318,0.0906636491417884,0.08648601998176914,0.090481586754322,0.09071321040391919,-0.004177629160019264,-0.0001820623874664029,4.9561262130792816e-05,178.300318,0.077156089246273,0.07483527776916789,0.0771698430180549,0.07727336883544911,-0.0023208114771051114,1.3753771781907509e-05,0.00011727958917610859,178.300318,172.7183837890625,172.7331061358503,172.7159881591797,172.71849060058594,0.014722346787806373,-0.0023956298828125,0.0001068115234375
178.400278,0.0907266438007354,0.08668292279304828,0.0906636491417884,0.0908457115292548,-0.004043721007687129,-6.299465894700484e-05,0.00011906772851939806,178.400278,0.0769085362553596,0.07484446062669829,0.077156089246273,0.07714233547449109,-0.002064075628661302,0.000247552990913405,0.00023379921913149748,178.400278,172.72091674804688,172.73718250399637,172.7183837890625,172.7207794189453,0.016265755949490313,-0.002532958984375,-0.0001373291015625
178.500238,0.0909453928470611,0.08662972232884979,0.0907266438007354,0.09078963845968241,-0.004315670518211315,-0.00021874904632569747,-0.00015575438737869263,178.500238,0.0769063681364059,0.07431503873879639,0.0769085362553596,0.07666098326444619,-0.002591329397609518,2.168118953690956e-06,-0.00024538487195971403,178.500238,172.72344970703125,172.7372075929329,172.72091674804688,172.72344970703125,0.013757885901640066,-0.002532958984375,0.0
178.600198,0.0909807607531547,0.08703462256108041,0.0909453928470611,0.0911641418933868,-0.003946138192074289,-3.536790609359741e-05,0.00018338114023210006,178.600198,0.0771942511200904,0.07470802671018256,0.0769063681364059,0.07690420001745221,-0.002486224409907839,-0.00028788298368449816,-0.0002900511026381891,178.600198,172.72608947753906,172.74083412355625,172.72344970703125,172.72598266601562,0.014744646017192053,-0.0026397705078125,-0.0001068115234375
178.700158,0.0911983028054237,0.08699215560092834,0.0909807607531547,0.0910161286592483,-0.0042061472044953585,-0.0002175420522689958,-0.0001821741461753984,178.700158,0.077325701713562,0.07510577545930953,0.0771942511200904,0.0774821341037749,-0.0022199262542524634,-0.0001314505934715965,0.00015643239021290167,178.700158,172.72874450683594,172.7433542773572,172.72608947753906,172.72872924804688,0.014609770521275323,-0.002655029296875,-1.52587890625e-05
178.800118,0.0914462357759475,0.08725304494486867,0.0911983028054237,0.09141584485769269,-0.00419319083107883,-0.0002479329705238065,-3.039091825481066e-05,178.800118,0.077343113720417,0.07501251003619573,0.077325701713562,0.0774571523070336,-0.0023306036842212635,-1.741200685499711e-05,0.00011403858661659938,178.800118,172.73121643066406,172.74553343304095,172.72874450683594,172.7313995361328,0.014317002376884602,-0.002471923828125,0.00018310546875
178.900078,0.0915349870920181,0.08745677965945128,0.0914462357759475,0.09169416874647131,-0.004078207432566816,-8.875131607059827e-05,0.0001591816544532082,178.900078,0.0774193629622459,0.07500158303028001,0.077343113720417,0.07736052572727199,-0.0024177799319658883,-7.624924182890458e-05,-5.883723497390747e-05,178.900078,172.7335968017578,172.74899484052483,172.73121643066406,172.7336883544922,0.015398038767017397,-0.00238037109375,9.1552734375e-05
179.000038,0.0914039090275764,0.087393459440937,0.0915349870920181,0.0916237384080887,-0.004010449586639403,0.00013107806444169479,0.00021982938051229306,179.000038,0.0773950442671775,0.0751204514906961,0.0774193629622459,0.0774956122040748,-0.002274592776481399,2.431869506840101e-05,0.00010056793689730559,179.000038,172.7361297607422,172.7523934467691,172.7335968017578,172.73597717285156,0.016263686026917412,-0.002532958984375,-0.000152587890625
179.099998,0.091633029282093,0.08711450485498587,0.0914039090275764,0.09127283096313471,-0.004518524427107137,-0.00022912025451660156,-0.00036019831895829635,179.099998,0.0773148015141487,0.07491781370439372,0.0773950442671775,0.0773707255721091,-0.0023969878097549746,8.024275302880024e-05,5.592405796039923e-05,179.099998,172.7388153076172,172.75390197111724,172.7361297607422,172.73866271972656,0.01508666350005683,-0.002685546875,-0.000152587890625
179.200791,0.0916921272873878,0.08769061321719053,0.091633029282093,0.09186214953660961,-0.004001514070197276,-5.9098005294799805e-05,0.00017002224922180176,179.200791,0.0775156468152999,0.07506008312980544,0.0773148015141487,0.0772345587611199,-0.0024555636854944607,-0.00020084530115120625,-0.0002810880541800065,179.200791,172.74124145507812,172.75628511006047,172.7388153076172,172.7415008544922,0.015043654982349608,-0.0024261474609375,0.0002593994140625
179.300751,0.091762751340866,0.08761764329564653,0.0916921272873878,0.0917512252926826,-0.0041451080452194755,-7.062405347819933e-05,-1.1526048183399529e-05,179.300751,0.0772539749741554,0.07536377396827298,0.0775156468152999,0.07771649211645111,-0.0018902010058824137,0.00026167184114450626,0.0004625171422957125,179.300751,172.74374389648438,172.7570549931935,172.74124145507812,172.74366760253906,0.01331109670911701,-0.00250244140625,-7.62939453125e-05
179.400711,0.0918558686971664,0.0876120875880556,0.091762751340866,0.0918333753943442,-0.004243781109110806,-9.311735630039564e-05,-2.2493302822196304e-05,179.400711,0.0772869959473609,0.0746898280696653,0.0772539749741554,0.07699230313301089,-0.002597167877695594,-3.302097320549702e-05,-0.0002946928143500033,179.400711,172.74624633789062,172.76163228822472,172.74374389648438,172.74624633789062,0.015385950334092513,-0.00250244140625,0.0
179.500671,0.0918527022004127,0.0877898129710283,0.0918558686971664,0.0919489860534668,-0.0040628892293844004,3.1664967537065047e-06,9.628385305410214e-05,179.500671,0.0772109776735305,0.07519336612153034,0.0772869959473609,0.07732001692056639,-0.0020176115520001564,7.601827383039994e-05,0.00010903924703589696,179.500671,172.7485809326172,172.76541366891504,172.74624633789062,172.74874877929688,0.01683273629785731,-0.0023345947265625,0.0001678466796875
179.600631,0.0919306203722953,0.08763944941818966,0.0918527022004127,0.09184953570365899,-0.004291170954105639,-7.791817188260164e-05,-8.108466863630814e-05,179.600631,0.0772363319993019,0.07482908514017698,0.0772109776735305,0.0771349593997001,-0.002407246859124912,-2.5354325771401176e-05,-0.00010137259960180112,179.600631,172.75111389160156,172.76530691258213,172.7485809326172,172.75091552734375,0.014193020980570736,-0.002532958984375,-0.0001983642578125
179.700591,0.0919959917664527,0.08783541212893423,0.0919306203722953,0.0920085385441779,-0.00416057963751848,-6.537139415740967e-05,1.2546777725191971e-05,179.700591,0.0773598775267601,0.0750679837869557,0.0772363319993019,0.0772616863250733,-0.0022918937398044015,-0.0001235455274582048,-9.819120168680362e-05,179.700591,172.75350952148438,172.76927560296474,172.75111389160156,172.75364685058594,0.015766081480364846,-0.0023956298828125,0.0001373291015625
179.800551,0.0919048339128494,0.08788037996419353,0.0919959917664527,0.09206136316061012,-0.004024453948655873,9.115785360330753e-05,0.0001565292477607172,179.800551,0.0772809013724327,0.07511508263877052,0.0773598775267601,0.0774834230542183,-0.0021658187336621726,7.897615432740646e-05,0.00020252168178561125,179.800551,172.7562713623047,172.77041507856077,172.75350952148438,172.7559051513672,0.014143716256086236,-0.0027618408203125,-0.0003662109375
179.900511,0.0917161554098129,0.08763995762924248,0.0919048339128494,0.09181367605924609,-0.0040761977805704175,0.00018867850303649902,9.75206494331915e-05,179.900511,0.0773268714547157,0.07498553551078875,0.0772809013724327,0.07720192521810529,-0.0023413359439269504,-4.597008228300614e-05,-0.0001249462366104126,179.900511,172.7587890625,172.77397761341336,172.7562713623047,172.759033203125,0.015188550913364907,-0.0025177001953125,0.000244140625
180.000471,0.0916995108127594,0.087462414085777,0.0917161554098129,0.0915274769067764,-0.004237096726982401,1.6644597053500076e-05,-0.00017203390598299895,180.000471,0.0773755833506584,0.07496965998761795,0.0773268714547157,0.07737284153699871,-0.002405923363040449,-4.8711895942701866e-05,-2.7418136596957243e-06,180.000471,172.76138305664062,172.77645868555683,172.7587890625,172.7613067626953,0.015075628916207506,-0.002593994140625,-7.62939453125e-05
180.100431,0.0917979627847671,0.0876033274716562,0.0916995108127594,0.0916828662157059,-0.0041946353131109,-9.845197200769595e-05,-0.00011509656906119603,180.100431,0.0773734077811241,0.07522726602244217,0.0773755833506584,0.0774242952466011,-0.002146141758681927,2.175569534301758e-06,5.0887465477003624e-05,180.100431,172.7637939453125,172.78174619165054,172.76138305664062,172.76397705078125,0.017952246338040823,-0.002410888671875,0.00018310546875
180.200391,0.0918622612953186,0.0877009889073671,0.0917979627847671,0.09189641475677479,-0.004161272387951498,-6.429851055150815e-05,3.4153461456187806e-05,180.200391,0.0774038285017013,0.07499639964516908,0.0773734077811241,0.0773712322115898,-0.0024074288565322233,-3.0420720577198357e-05,-3.2596290111500115e-05,180.200391,172.7661895751953,172.77971300026627,172.7637939453125,172.76620483398438,0.013523425070957273,-0.0023956298828125,1.52587890625e-05
180.300351,0.0919253155589103,0.08777206492728748,0.0918622612953186,0.09192655980587011,-0.004153250631622821,-6.305426359169697e-05,1.2442469598111794e-06,180.300351,0.077374629676342,0.07523620528112064,0.0774038285017013,0.0774342492222785,-0.0021384243952213555,2.919882535930285e-05,5.9619545936501206e-05,180.300351,172.7687530517578,172.78367480550125,172.7661895751953,172.76858520507812,0.014921753743436739,-0.0025634765625,-0.0001678466796875
180.400311,0.0919040665030479,0.087774515607893,0.0919253155589103,0.091988369822502,-0.004129550895154904,2.1249055862399002e-05,8.430331945409597e-05,180.400311,0.077550433576107,0.07503984536084905,0.077374629676342,0.0773454308509827,-0.0025105882152579445,-0.00017580389976500077,-0.00020500272512430362,180.400311,172.7712860107422,172.78592918769215,172.7687530517578,172.7713165283203,0.01464317694995998,-0.002532958984375,3.0517578125e-05
180.500271,0.091715931892395,0.08773059599204572,0.0919040665030479,0.0918828174471855,-0.003985335900349288,0.00018813461065289583,0.00016688555479049683,180.500271,0.0773553773760795,0.07531154949632689,0.077550433576107,0.077726237475872,-0.002043827879752616,0.00019505620002749358,0.00037086009979249435,180.500271,172.7737274169922,172.7887212686563,172.7712860107422,172.77381896972656,0.01499385166411571,-0.00244140625,9.1552734375e-05
180.600231,0.0916923806071281,0.0873805403090409,0.091715931892395,0.09152779728174211,-0.004311840298087205,2.3551285266903976e-05,-0.00016458332538599185,180.600231,0.0774893686175346,0.07489497226301965,0.0773553773760795,0.07716032117605201,-0.002594396354514944,-0.000133991241455092,-0.0003290474414825856,180.600231,172.77633666992188,172.7924806118789,172.7737274169922,172.7761688232422,0.01614394195701152,-0.0026092529296875,-0.0001678466796875
180.700191,0.0916810855269432,0.08760728210128395,0.0916923806071281,0.0916688293218612,-0.004073803425659259,1.129508018489489e-05,-1.2256205082009086e-05,180.700191,0.0775822922587394,0.07528334006351727,0.0774893686175346,0.07762335985898969,-0.002298952195222137,-9.292364120480623e-05,4.1067600250285774e-05,180.700191,172.7788848876953,172.7934988724132,172.77633666992188,172.77894592285156,0.01461398471789721,-0.0025482177734375,6.103515625e-05
180.800151,0.0918072387576103,0.08756826522757588,0.0916810855269432,0.09166979044675831,-0.004238973530034412,-0.0001261532306670865,-0.0001374483108519814,180.800151,0.0775193572044372,0.0753099734911996,0.0775822922587394,0.07767521589994421,-0.002209383713237603,6.29350543022017e-05,0.00015585869550700793,180.800151,172.7812957763672,172.7972243192634,172.7788848876953,172.78143310546875,0.015928542896205045,-0.002410888671875,0.0001373291015625
180.900111,0.0917786657810211,0.08775048272171376,0.0918072387576103,0.09193339198827738,-0.0040281830593073414,2.8572976589189003e-05,0.0001547262072562755,180.900111,0.077259786427021,0.07516236947994992,0.0775193572044372,0.077456422150135,-0.002097416947071079,0.0002595707774162015,0.0001966357231139998,180.900111,172.78402709960938,172.79978868756038,172.7812957763672,172.78370666503906,0.015761587951004685,-0.0027313232421875,-0.0003204345703125
181.000071,0.0918169394135475,0.0875362821371182,0.0917786657810211,0.09175009280443192,-0.004280657276429303,-3.8273632526397705e-05,-6.684660911558671e-05,181.000071,0.0773303210735321,0.07484261984367747,0.077259786427021,0.0770002156496048,-0.0024877012298546303,-7.053464651110564e-05,-0.00033010542392730713,181.000071,172.78660583496094,172.80088255494744,172.78402709960938,172.78675842285156,0.01427671998649771,-0.0025787353515625,0.000152587890625
181.100031,0.0918064787983894,0.08775712253368272,0.0918169394135475,0.0918552130460739,-0.004049356264706677,1.046061515810881e-05,4.8734247684506515e-05,181.100031,0.0772642269730568,0.07512615255810534,0.0773303210735321,0.07740085572004321,-0.002138074414951452,6.609410047531128e-05,0.00013662874698641692,181.100031,172.78933715820312,172.80300762950236,172.78660583496094,172.7891845703125,0.013670471299235487,-0.0027313232421875,-0.000152587890625
181.200824,0.0917563885450363,0.08757544327148702,0.0918064787983894,0.09179601818323128,-0.004180945273549286,5.009025335309114e-05,3.962963819498233e-05,181.200824,0.0770549699664115,0.07488262573627244,0.0772642269730568,0.07719813287258148,-0.0021723442301390533,0.00020925700664529978,0.0001431629061699885,181.200824,172.7919158935547,172.8075831360705,172.78933715820312,172.7920684814453,0.015667242515803537,-0.0025787353515625,0.000152587890625
181.300784,0.0916335135698318,0.0874258094790462,0.0917563885450363,0.09170629829168321,-0.004207704090785608,0.00012287497520449553,7.278472185140439e-05,181.300784,0.0770442634820938,0.07459236973567114,0.0770549699664115,0.0768457129597662,-0.0024518937464226565,1.0706484317696274e-05,-0.0001985505223276035,181.300784,172.7943115234375,172.809572402827,172.7919158935547,172.79449462890625,0.01526087938950127,-0.0023956298828125,0.00018310546875
181.400744,0.0914674922823906,0.08741560011029881,0.0916335135698318,0.09151063859462731,-0.004051892172091787,0.00016602128744121203,4.31463122367165e-05,181.400744,0.0769119933247566,0.07478544977000952,0.0770442634820938,0.0770335569977761,-0.0021265435547470762,0.0001322701573372026,0.00012156367301950632,181.400744,172.7968292236328,172.81013674566964,172.7943115234375,172.7967071533203,0.013307522036825503,-0.0025177001953125,-0.0001220703125
181.500704,0.091551087796688,0.08714059430153741,0.0914674922823906,0.09130147099494938,-0.004410493495150589,-8.359551429740208e-05,-0.0002496168017386141,181.500704,0.076934278011322,0.07454059651579542,0.0769119933247566,0.07677972316741939,-0.002393681495526573,-2.228468656539917e-05,-0.00015455484390260177,181.500704,172.79949951171875,172.8148522324369,172.7968292236328,172.79934692382812,0.0153527207181412,-0.0026702880859375,-0.000152587890625
181.600664,0.0913854017853736,0.08750915892534396,0.091551087796688,0.0916346833109854,-0.0038762428600296467,0.0001656860113143921,0.0002492815256117942,181.600664,0.0767361968755722,0.0746954304187522,0.076934278011322,0.07695656269788739,-0.002040766456819998,0.00019808113574978914,0.0002203658223151883,181.600664,172.802001953125,172.8170334125451,172.79949951171875,172.8021697998047,0.015031459420100646,-0.00250244140625,0.0001678466796875
181.700624,0.0914688035845756,0.0870289987670715,0.0913854017853736,0.09121971577405921,-0.004439804817504098,-8.340179920199309e-05,-0.0002490878105163852,181.700624,0.0767406225204467,0.07428375621401241,0.0767361968755722,0.07653811573982242,-0.0024568663064342827,-4.425644874489487e-06,-0.00020250678062427863,181.700624,172.8044891357422,172.81987704253032,172.802001953125,172.80450439453125,0.015387906788134842,-0.0024871826171875,1.52587890625e-05
181.800584,0.0915031060576438,0.08743353869633394,0.0914688035845756,0.09155220538377759,-0.004069567361309853,-3.430247306819567e-05,4.9099326133797416e-05,181.800584,0.076436847448349,0.0746228936492911,0.0767406225204467,0.07674504816532118,-0.0018139537990578963,0.00030377507209769505,0.00030820071697218454,181.800584,172.8069305419922,172.82366594808462,172.8044891357422,172.80697631835938,0.016735406092436733,-0.00244140625,4.57763671875e-05
181.900544,0.0914574936032295,0.08719829986116026,0.0915031060576438,0.09153740853071199,-0.004259193742069234,4.561245441429829e-05,7.991492748249396e-05,181.900544,0.0764505267143249,0.0739266037570517,0.076436847448349,0.0761330723762513,-0.002523922957273189,-1.3679265975896637e-05,-0.0003174543380735917,181.900544,172.80938720703125,172.82510140823683,172.8069305419922,172.8093719482422,0.015714201205582867,-0.0024566650390625,-1.52587890625e-05
182.000504,0.0910745784640312,0.08724002246243866,0.0914574936032295,0.0914118811488152,-0.0038345560015925484,0.00038291513919828934,0.00033730268478399106,182.000504,0.0761786252260208,0.07426526389851631,0.0764505267143249,0.07646420598030079,-0.0019133613275044842,0.00027190148830409655,0.0002855807542799932,182.000504,172.81170654296875,172.82655863412293,172.80938720703125,172.8118438720703,0.01485209115418229,-0.0023193359375,0.0001373291015625
182.100464,0.090853527188301,0.0865418919471375,0.0910745784640312,0.09069166332483292,-0.0043116352411635,0.00022105127573020245,-0.0001618638634680869,182.100464,0.0760192573070526,0.07369326626144508,0.0761786252260208,0.0759067237377167,-0.0023259910456075172,0.00015936791896820068,-0.00011253356933589587,182.100464,172.81411743164062,172.82941036767824,172.81170654296875,172.81402587890625,0.015292936037610616,-0.002410888671875,-9.1552734375e-05
182.200424,0.0908439755439758,0.08665072152771117,0.090853527188301,0.0906324759125708,-0.004193254016264636,9.551644325200837e-06,-0.0002114996314050016,182.200424,0.0757313594222068,0.07378349427993558,0.0760192573070526,0.0758598893880844,-0.0019478651422712157,0.00028789788484580303,0.00012852996587760235,182.200424,172.81674194335938,172.83152124537992,172.81411743164062,172.8165283203125,0.014779302020542673,-0.00262451171875,-0.000213623046875
182.300384,0.0906739234924316,0.08668176649723648,0.0908439755439758,0.0908344238996506,-0.0039921569951951175,0.00017005205154420333,0.0001605004072190025,182.300384,0.0757486745715141,0.07335510512565198,0.0757313594222068,0.07544346153736099,-0.002393569445862123,-1.7315149307306488e-05,-0.0003052130341531095,182.300384,172.81906127929688,172.834670454448,172.81674194335938,172.81936645507812,0.01560917515112692,-0.0023193359375,0.00030517578125
182.400344,0.0905327200889587,0.08641275948717521,0.0906739234924316,0.0905038714408874,-0.00411996060178349,0.0001412034034729004,-2.884864807130294e-05,182.400344,0.0756068155169487,0.07365014280197772,0.0757486745715141,0.07576598972082141,-0.001956672714970978,0.00014185905456540193,0.00015917420387270842,182.400344,172.8216094970703,172.83777729808804,172.81906127929688,172.82138061523438,0.016167801017729744,-0.0025482177734375,-0.0002288818359375
182.500304,0.0907167866826057,0.0862917803852553,0.0905327200889587,0.0903915166854858,-0.004425006297350403,-0.00018406659364700317,-0.00032526999711990356,182.500304,0.0757831707596778,0.07327251857842378,0.0756068155169487,0.0754649564623833,-0.0025106521812540278,-0.00017635524272910374,-0.0003182142972945057,182.500304,172.82406616210938,172.83930253791175,172.8216094970703,172.82415771484375,0.015236375802373914,-0.0024566650390625,9.1552734375e-05
182.600264,0.0907869338989257,0.08677573983143562,0.0907167866826057,0.0909008532762527,-0.004011194067490079,-7.014721631999621e-05,0.00011391937732700697,182.600264,0.0756658688187599,0.07381276829103468,0.0757831707596778,0.07595952600240691,-0.001853100527725221,0.00011730194091789936,0.0002936571836470031,182.600264,172.82656860351562,172.84171708778442,172.82406616210938,172.82652282714844,0.015148484268792117,-0.00250244140625,-4.57763671875e-05
182.700224,0.0908139869570732,0.08658366611045225,0.0907869338989257,0.0908570811152457,-0.00423032084662095,-2.705305814749981e-05,4.30941581724964e-05,182.700224,0.0758520737290382,0.07343041242324377,0.0756658688187599,0.075548566877842,-0.002421661305794423,-0.00018620491027829256,-0.0003035068511961919,182.700224,172.8290557861328,172.84534517077765,172.82656860351562,172.82907104492188,0.016289384644835536,-0.0024871826171875,1.52587890625e-05
182.800184,0.0906548872590065,0.08665429542165506,0.0908139869570732,0.0908410400152207,-0.004000591837351436,0.00015909969806669755,0.00018615275621419736,182.800184,0.0757162347435951,0.07376381092883284,0.0758520737290382,0.07603827863931649,-0.0019524238147622525,0.00013583898544310136,0.0003220438957213939,182.800184,172.83140563964844,172.84512287158663,172.8290557861328,172.83154296875,0.013717231938187524,-0.002349853515625,0.0001373291015625
182.900144,0.0907152295112609,0.08632194358760523,0.0906548872590065,0.0904957875609398,-0.0043932859236556765,-6.034225225440282e-05,-0.00021944195032110037,182.900144,0.0756135508418083,0.07335211843832472,0.0757162347435951,0.075580395758152,-0.0022614324034835875,0.00010268390178679032,-3.3155083656311035e-05,182.900144,172.83383178710938,172.84825539497857,172.83140563964844,172.83375549316406,0.014423607869190391,-0.0024261474609375,-7.62939453125e-05
183.000104,0.0906067267060279,0.08661427258663436,0.0907152295112609,0.0907755717635153,-0.003992454119393543,0.00010850280523300171,0.00016884505748740453,183.000104,0.0755986124277114,0.07344954393243744,0.0756135508418083,0.07551086694002151,-0.0021490684952739647,1.4938414096901664e-05,-8.774548768988866e-05,183.000104,172.83631896972656,172.8507000243412,172.83383178710938,172.8362579345703,0.014381054614631239,-0.0024871826171875,-6.103515625e-05
183.100064,0.0907238870859146,0.0864470799680098,0.0906067267060279,0.0904982239007949,-0.0042768071179048045,-0.00011716037988669659,-0.0002256631851196983,183.100064,0.0755863338708877,0.0735387708576978,0.0755986124277114,0.0755836740136145,-0.002047563013189896,1.2278556823702713e-05,-2.659857273198951e-06,183.100064,172.83876037597656,172.85449348761804,172.83631896972656,172.83880615234375,0.015733111641480946,-0.00244140625,4.57763671875e-05
183.200024,0.0907849371433258,0.08667648720757523,0.0907238870859146,0.0908410474658013,-0.004108449935750574,-6.105005741120773e-05,5.611032247548886e-05,183.200024,0.0756651312112808,0.07341823666538627,0.0755863338708877,0.075574055314064,-0.0022468945458945233,-7.879734039309416e-05,-9.107589721679688e-05,183.200024,172.841064453125,172.8548383314632,172.83876037597656,172.84120178222656,0.013773878338213308,-0.0023040771484375,0.0001373291015625
183.300817,0.0909298136830329,0.08666304996209269,0.0907849371433258,0.09084598720073701,-0.004266763720940217,-0.00014487653970710057,-8.382648229589285e-05,183.300817,0.0758533328771591,0.07355388024208605,0.0756651312112808,0.07574392855167389,-0.002299452635073057,-0.00018820166587830978,-0.00010940432548521561,183.300817,172.8434295654297,172.8591805746769,172.841064453125,172.84336853027344,0.015751009247225056,-0.0023651123046875,-6.103515625e-05
183.400777,0.0906827896833419,0.08683781168205294,0.0909298136830329,0.09107469022274,-0.003844978001288954,0.0002470239996910095,0.0003919005393981101,183.400777,0.0758419707417488,0.07382867145501527,0.0758533328771591,0.07604153454303741,-0.002013299286733522,1.1362135410308838e-05,0.00019956380128861861,183.400777,172.84593200683594,172.86171189115245,172.8434295654297,172.84579467773438,0.015779884316515336,-0.00250244140625,-0.0001373291015625
183.500737,0.0906108096241951,0.08628652079946411,0.0906827896833419,0.09043576568365089,-0.004324288824730987,7.198005914679784e-05,-0.00017504394054421168,183.500737,0.0757091045379638,0.07352131700238874,0.0758419707417488,0.07583060860633849,-0.002187787535575053,0.00013286620378499814,0.0001215040683746893,183.500737,172.8483428955078,172.86220857323391,172.84593200683594,172.8484344482422,0.013865677726101922,-0.002410888671875,9.1552734375e-05
183.600697,0.0907056406140327,0.0864064237577458,0.0906108096241951,0.0905388295650483,-0.004299216856286897,-9.483098983760485e-05,-0.0001668110489844027,183.600697,0.0756508186459541,0.07338937559481983,0.0757091045379638,0.0755762383341788,-0.0022614430511342792,5.8285892009693474e-05,-7.458031177530466e-05,183.600697,172.85096740722656,172.86589978139278,172.8483428955078,172.8507537841797,0.014932374166221507,-0.00262451171875,-0.000213623046875
183.700657,0.0907547250390052,0.0866072494905023,0.0907056406140327,0.09080047160387031,-0.004147475548502894,-4.9084424972492546e-05,4.5746564865112305e-05,183.700657,0.0754391774535179,0.07347004599508936,0.0756508186459541,0.07559253275394441,-0.001969131458428544,0.00021164119243620438,0.0001533553004265109,183.700657,172.8533172607422,172.8684371068557,172.85096740722656,172.8535919189453,0.015119846113520907,-0.002349853515625,0.000274658203125
183.800617,0.0905833765864372,0.08654225895789863,0.0907547250390052,0.09080380946397769,-0.004041117628538565,0.0001713484525679987,0.00022043287754049123,183.800617,0.0755258724093437,0.07315969066800443,0.0754391774535179,0.0752275362610817,-0.0023661817413392766,-8.669495582580566e-05,-0.00029833614826201005,183.800617,172.85562133789062,172.86984763831106,172.8533172607422,172.8556671142578,0.01422630042043238,-0.0023040771484375,4.57763671875e-05
183.900577,0.0906539857387542,0.08634625456007303,0.0905833765864372,0.0904120281338692,-0.004307731178681176,-7.060915231700549e-05,-0.00024195760488500417,183.900577,0.0755648612976074,0.07348891258144429,0.0755258724093437,0.07561256736516951,-0.002075948716163109,-3.8988888263688515e-05,4.770606756211715e-05,183.900577,172.85804748535156,172.87391228715447,172.85562133789062,172.85792541503906,0.015864801802905504,-0.0024261474609375,-0.0001220703125
184.000537,0.0908300653100013,0.08658608341483194,0.0906539857387542,0.09072459489107121,-0.004243981895169363,-0.00017607957124710083,-0.00010547041893009534,184.000537,0.0754180401563644,0.07336011015637768,0.0755648612976074,0.07560385018587108,-0.0020579299999867184,0.00014682114124299483,0.00018581002950668335,184.000537,172.86045837402344,172.87483716002694,172.85804748535156,172.8604736328125,0.014378786003504729,-0.002410888671875,1.52587890625e-05
184.100497,0.0906599760055542,0.0866879076016028,0.0908300653100013,0.0910061448812484,-0.003972068403951395,0.00017008930444710468,0.0003461688756942055,184.100497,0.0755235403776168,0.07320131414449967,0.0754180401563644,0.0752712190151214,-0.0023222262331171334,-0.00010550022125239977,-0.0002523213624953946,184.100497,172.8627166748047,172.87757170691785,172.86045837402344,172.8628692626953,0.01485503211316086,-0.00225830078125,0.000152587890625
184.200457,0.0905913412570953,0.08639461038731172,0.0906599760055542,0.0904898867011071,-0.004196730869783574,6.863474845890394e-05,-0.00010145455598820075,184.200457,0.0757222846150398,0.07352625862543083,0.0755235403776168,0.0756290405988692,-0.0021960259896089684,-0.00019874423742299863,-9.324401617059885e-05,184.200457,172.86517333984375,172.88060427502975,172.8627166748047,172.86497497558594,0.01543093518600358,-0.0024566650390625,-0.0001983642578125
184.300417,0.0903200283646583,0.08646075589498485,0.0905913412570953,0.09052270650863639,-0.00385927246967345,0.0002713128924369951,0.00020267814397809114,184.300417,0.0758728832006454,0.07361096336726435,0.0757222846150398,0.0759210288524628,-0.0022619198333810597,-0.00015059858560560746,4.8145651817391166e-05,184.300417,172.86778259277344,172.88239867248217,172.86517333984375,172.8676300048828,0.014616079708730467,-0.0026092529296875,-0.000152587890625
184.400377,0.0900755673646926,0.08602181559266807,0.0903200283646583,0.0900487154722213,-0.004053751772024536,0.0002444609999656955,-2.68518924712996e-05,184.400377,0.0759464725852012,0.07370950060638815,0.0758728832006454,0.07602348178625101,-0.0022369719788130488,-7.35893845557889e-05,7.700920104981857e-05,184.400377,172.8702850341797,172.88583335791589,172.86778259277344,172.87039184570312,0.015548323736197744,-0.00250244140625,0.0001068115234375
184.500337,0.0900604054331779,0.08585115721028043,0.0900755673646926,0.08983110636472691,-0.004209248222897477,1.5161931514698357e-05,-0.00022929906845099712,184.500337,0.076185330748558,0.07364162116952654,0.0759464725852012,0.07602006196975698,-0.0025437095790314668,-0.00023885816335680876,-0.00016526877880101987,184.500337,172.87289428710938,172.88786203700369,172.8702850341797,172.87278747558594,0.0149677498943106,-0.0026092529296875,-0.0001068115234375
184.600297,0.0900227651000022,0.08599198392784503,0.0900604054331779,0.09004524350166321,-0.004030781172157175,3.764033317570081e-05,2.2478401661002456e-05,184.600297,0.0764186605811119,0.07404271755804305,0.076185330748558,0.07642418891191481,-0.002375943023068844,-0.00023332983255389128,5.5283308029174805e-06,184.600297,172.87515258789062,172.89146909047082,172.87289428710938,172.87550354003906,0.016316502580195902,-0.00225830078125,0.0003509521484375
184.700257,0.0898686423897743,0.08588679708061538,0.0900227651000022,0.0899851247668265,-0.003981845309158918,0.0001541227102279108,0.00011648237705220998,184.700257,0.0766903460025787,0.07409853522076285,0.0764186605811119,0.07665199041366579,-0.002591810781815848,-0.00027168542146679964,-3.8355588912908356e-05,184.700257,172.8775634765625,172.892405965107,172.87515258789062,172.87741088867188,0.01484248854450243,-0.002410888671875,-0.000152587890625
