x,Baseline,Axis,AttackType,AttackMagnitude,AttackActive,CleanFuture_Yaw,AttackedFuture_Yaw,V9PredictedFuture_Yaw,Residual_Yaw,AbsResidual_Yaw,Threshold,PointDetectionFlag,WindowCount,RollingMeanAbsResidual,WindowCountFlag,WindowMeanFlag,WindowCombinedFlag,WindowRule,W,N,RollingMeanMultiplier,AlignmentOffset,PredictionColumn,CleanFile,PredictionFile
0.0,baseline_02_high_altitude_hover,Yaw,ramp,0.064638,0,352.6243591308594,352.6243591308594,352.62571868896487,-0.0013595581054914874,0.0013595581054914874,0.010773,0,0.0,0.0013595581054914874,0,0,0,W10_N3_mean1.5x,10,3,1.5,1127,Yaw_hybrid_prediction,/home/tchowdh4/sensor_recovery_project/logs/extracted_csv/baseline_02_high_altitude_hover_ATT.csv,/home/tchowdh4/sensor_recovery_project/prediction_results_v9_trained_hybrid/baseline_02_high_altitude_hover_ATT_trained_hybrid_prediction_outputs.csv
0.09996,baseline_02_high_altitude_hover,Yaw,ramp,0.064638,0,352.6233825683594,352.6233825683594,352.6229431152344,0.00043945312495452526,0.00043945312495452526,0.010773,0,0.0,0.0008995056152230063,0,0,0,W10_N3_mean1.5x,10,3,1.5,1127,Yaw_hybrid_prediction,/home/tchowdh4/sensor_recovery_project/logs/extracted_csv/baseline_02_high_altitude_hover_ATT.csv,/home/tchowdh4/sensor_recovery_project/prediction_results_v9_trained_hybrid/baseline_02_high_altitude_hover_ATT_trained_hybrid_prediction_outputs.csv
0.19992,baseline_02_high_altitude_hover,Yaw,ramp,0.064638,0,352.61871337890625,352.61871337890625,352.6166122436524,0.002101135253838038,0.002101135253838038,0.010773,0,0.0,0.0013000488280946836,0,0,0,W10_N3_mean1.5x,10,3,1.5,1127,Yaw_hybrid_prediction,/home/tchowdh4/sensor_recovery_project/logs/extracted_csv/baseline_02_high_altitude_hover_ATT.csv,/home/tchowdh4/sensor_recovery_project/prediction_results_v9_trained_hybrid/baseline_02_high_altitude_hover_ATT_trained_hybrid_prediction_outputs.csv
0.29988,baseline_02_high_altitude_hover,Yaw,ramp,0.064638,0,352.6155700683594,352.6155700683594,352.6141555786133,0.0014144897460823813,0.0014144897460823813,0.010773,0,0.0,0.001328659057591608,0,0,0,W10_N3_mean1.5x,10,3,1.5,1127,Yaw_hybrid_prediction,/home/tchowdh4/sensor_recovery_project/logs/extracted_csv/baseline_02_high_altitude_hover_ATT.csv,/home/tchowdh4/sensor_recovery_project/prediction_results_v9_trained_hybrid/baseline_02_high_altitude_hover_ATT_trained_hybrid_prediction_outputs.csv
0.39984,baseline_02_high_altitude_hover,Yaw,ramp,0.064638,0,352.6167297363281,352.6167297363281,352.6172515869141,-0.0005218505859829747,0.0005218505859829747,0.010773,0,0.0,0.0011672973632698813,0,0,0,W10_N3_mean1.5x,10,3,1.5,1127,Yaw_hybrid_prediction,/home/tchowdh4/sensor_recovery_project/logs/extracted_csv/baseline_02_high_altitude_hover_ATT.csv,/home/tchowdh4/sensor_recovery_project/prediction_results_v9_trained_hybrid/baseline_02_high_altitude_hover_ATT_trained_hybrid_prediction_outputs.csv
0.4998,baseline_02_high_altitude_hover,Yaw,ramp,0.064638,0,352.6208190917969,352.6208190917969,352.62265930175784,-0.0018402099609602374,0.0018402099609602374,0.010773,0,0.0,0.0012794494628849407,0,0,0,W10_N3_mean1.5x,10,3,1.5,1127,Yaw_hybrid_prediction,/home/tchowdh4/sensor_recovery_project/logs/extracted_csv/baseline_02_high_altitude_hover_ATT.csv,/home/tchowdh4/sensor_recovery_project/prediction_results_v9_trained_hybrid/baseline_02_high_altitude_hover_ATT_trained_hybrid_prediction_outputs.csv
0.59976,baseline_02_high_altitude_hover,Yaw,ramp,0.064638,0,352.6229858398437,352.6229858398437,352.6239608764648,-0.000975036621127856,0.000975036621127856,0.010773,0,0.0,0.0012359619140625,0,0,0,W10_N3_mean1.5x,10,3,1.5,1127,Yaw_hybrid_prediction,/home/tchowdh4/sensor_recovery_project/logs/extracted_csv/baseline_02_high_altitude_hover_ATT.csv,/home/tchowdh4/sensor_recovery_project/prediction_results_v9_trained_hybrid/baseline_02_high_altitude_hover_ATT_trained_hybrid_prediction_outputs.csv
0.69972,baseline_02_high_altitude_hover,Yaw,ramp,0.064638,0,352.6217041015625,352.6217041015625,352.621127319336,0.0005767822265170253,0.0005767822265170253,0.010773,0,0.0,0.0011535644531193157,0,0,0,W10_N3_mean1.5x,10,3,1.5,1127,Yaw_hybrid_prediction,/home/tchowdh4/sensor_recovery_project/logs/extracted_csv/baseline_02_high_altitude_hover_ATT.csv,/home/tchowdh4/sensor_recovery_project/prediction_results_v9_trained_hybrid/baseline_02_high_altitude_hover_ATT_trained_hybrid_prediction_outputs.csv
0.79968,baseline_02_high_altitude_hover,Yaw,ramp,0.064638,0,352.6199645996094,352.6199645996094,352.6191818237305,0.0007827758788607753,0.0007827758788607753,0.010773,0,0.0,0.0011123657226461445,0,0,0,W10_N3_mean1.5x,10,3,1.5,1127,Yaw_hybrid_prediction,/home/tchowdh4/sensor_recovery_project/logs/extracted_csv/baseline_02_high_altitude_hover_ATT.csv,/home/tchowdh4/sensor_recovery_project/prediction_results_v9_trained_hybrid/baseline_02_high_altitude_hover_ATT_trained_hybrid_prediction_outputs.csv
0.89964,baseline_02_high_altitude_hover,Yaw,ramp,0.064638,0,352.6197509765625,352.6197509765625,352.61965484619145,9.613037104827526e-05,9.613037104827526e-05,0.010773,0,0.0,0.0010107421874863576,0,0,0,W10_N3_mean1.5x,10,3,1.5,1127,Yaw_hybrid_prediction,/home/tchowdh4/sensor_recovery_project/logs/extracted_csv/baseline_02_high_altitude_hover_ATT.csv,/home/tchowdh4/sensor_recovery_project/prediction_results_v9_trained_hybrid/baseline_02_high_altitude_hover_ATT_trained_hybrid_prediction_outputs.csv
0.9996,baseline_02_high_altitude_hover,Yaw,ramp,0.064638,0,352.6202697753906,352.6202697753906,352.6205032348633,-0.00023345947266761868,0.00023345947266761868,0.010773,0,0.0,0.0008981323242039707,0,0,0,W10_N3_mean1.5x,10,3,1.5,1127,Yaw_hybrid_prediction,/home/tchowdh4/sensor_recovery_project/logs/extracted_csv/baseline_02_high_altitude_hover_ATT.csv,/home/tchowdh4/sensor_recovery_project/prediction_results_v9_trained_hybrid/baseline_02_high_altitude_hover_ATT_trained_hybrid_prediction_outputs.csv
1.09956,baseline_02_high_altitude_hover,Yaw,ramp,0.064638,0,352.6205749511719,352.6205749511719,352.62071228027344,-0.0001373291015625,0.0001373291015625,0.010773,0,0.0,0.0008679199218647682,0,0,0,W10_N3_mean1.5x,10,3,1.5,1127,Yaw_hybrid_prediction,/home/tchowdh4/sensor_recovery_project/logs/extracted_csv/baseline_02_high_altitude_hover_ATT.csv,/home/tchowdh4/sensor_recovery_project/prediction_results_v9_trained_hybrid/baseline_02_high_altitude_hover_ATT_trained_hybrid_prediction_outputs.csv
1.19952,baseline_02_high_altitude_hover,Yaw,ramp,0.064638,0,352.6189880371094,352.6189880371094,352.6182739257813,0.0007141113280795253,0.0007141113280795253,0.010773,0,0.0,0.0007292175292889169,0,0,0,W10_N3_mean1.5x,10,3,1.5,1127,Yaw_hybrid_prediction,/home/tchowdh4/sensor_recovery_project/logs/extracted_csv/baseline_02_high_altitude_hover_ATT.csv,/home/tchowdh4/sensor_recovery_project/prediction_results_v9_trained_hybrid/baseline_02_high_altitude_hover_ATT_trained_hybrid_prediction_outputs.csv
1.29948,baseline_02_high_altitude_hover,Yaw,ramp,0.064638,0,352.6158142089844,352.6158142089844,352.61438598632816,0.001428222656215894,0.001428222656215894,0.010773,0,0.0,0.0007305908203022682,0,0,0,W10_N3_mean1.5x,10,3,1.5,1127,Yaw_hybrid_prediction,/home/tchowdh4/sensor_recovery_project/logs/extracted_csv/baseline_02_high_altitude_hover_ATT.csv,/home/tchowdh4/sensor_recovery_project/prediction_results_v9_trained_hybrid/baseline_02_high_altitude_hover_ATT_trained_hybrid_prediction_outputs.csv
1.39944,baseline_02_high_altitude_hover,Yaw,ramp,0.064638,0,352.6155700683594,352.6155700683594,352.61546020507814,0.00010986328123863132,0.00010986328123863132,0.010773,0,0.0,0.0006893920898278338,0,0,0,W10_N3_mean1.5x,10,3,1.5,1127,Yaw_hybrid_prediction,/home/tchowdh4/sensor_recovery_project/logs/extracted_csv/baseline_02_high_altitude_hover_ATT.csv,/home/tchowdh4/sensor_recovery_project/prediction_results_v9_trained_hybrid/baseline_02_high_altitude_hover_ATT_trained_hybrid_prediction_outputs.csv
1.4994,baseline_02_high_altitude_hover,Yaw,ramp,0.064638,0,352.6183776855469,352.6183776855469,352.61964111328126,-0.0012634277343863687,0.0012634277343863687,0.010773,0,0.0,0.000631713867170447,0,0,0,W10_N3_mean1.5x,10,3,1.5,1127,Yaw_hybrid_prediction,/home/tchowdh4/sensor_recovery_project/logs/extracted_csv/baseline_02_high_altitude_hover_ATT.csv,/home/tchowdh4/sensor_recovery_project/prediction_results_v9_trained_hybrid/baseline_02_high_altitude_hover_ATT_trained_hybrid_prediction_outputs.csv
1.59936,baseline_02_high_altitude_hover,Yaw,ramp,0.064638,0,352.6204528808594,352.6204528808594,352.62138671875005,-0.0009338378906704747,0.0009338378906704747,0.010773,0,0.0,0.0006275939941247088,0,0,0,W10_N3_mean1.5x,10,3,1.5,1127,Yaw_hybrid_prediction,/home/tchowdh4/sensor_recovery_project/logs/extracted_csv/baseline_02_high_altitude_hover_ATT.csv,/home/tchowdh4/sensor_recovery_project/prediction_results_v9_trained_hybrid/baseline_02_high_altitude_hover_ATT_trained_hybrid_prediction_outputs.csv
1.69932,baseline_02_high_altitude_hover,Yaw,ramp,0.064638,0,352.6203308105469,352.6203308105469,352.6202758789062,5.493164064773737e-05,5.493164064773737e-05,0.010773,0,0.0,0.0005754089355377801,0,0,0,W10_N3_mean1.5x,10,3,1.5,1127,Yaw_hybrid_prediction,/home/tchowdh4/sensor_recovery_project/logs/extracted_csv/baseline_02_high_altitude_hover_ATT.csv,/home/tchowdh4/sensor_recovery_project/prediction_results_v9_trained_hybrid/baseline_02_high_altitude_hover_ATT_trained_hybrid_prediction_outputs.csv
1.800113,baseline_02_high_altitude_hover,Yaw,ramp,0.064638,0,352.6174621582031,352.6174621582031,352.6161712646484,0.0012908935547102374,0.0012908935547102374,0.010773,0,0.0,0.0006262207031227263,0,0,0,W10_N3_mean1.5x,10,3,1.5,1127,Yaw_hybrid_prediction,/home/tchowdh4/sensor_recovery_project/logs/extracted_csv/baseline_02_high_altitude_hover_ATT.csv,/home/tchowdh4/sensor_recovery_project/prediction_results_v9_trained_hybrid/baseline_02_high_altitude_hover_ATT_trained_hybrid_prediction_outputs.csv
1.900073,baseline_02_high_altitude_hover,Yaw,ramp,0.064638,0,352.615478515625,352.615478515625,352.61458587646484,0.00089263916015625,0.00089263916015625,0.010773,0,0.0,0.0007058715820335238,0,0,0,W10_N3_mean1.5x,10,3,1.5,1127,Yaw_hybrid_prediction,/home/tchowdh4/sensor_recovery_project/logs/extracted_csv/baseline_02_high_altitude_hover_ATT.csv,/home/tchowdh4/sensor_recovery_project/prediction_results_v9_trained_hybrid/baseline_02_high_altitude_hover_ATT_trained_hybrid_prediction_outputs.csv
2.000033,baseline_02_high_altitude_hover,Yaw,ramp,0.064638,0,352.6152038574219,352.6152038574219,352.6150802612305,0.00012359619137214395,0.00012359619137214395,0.010773,0,0.0,0.0006948852539039763,0,0,0,W10_N3_mean1.5x,10,3,1.5,1127,Yaw_hybrid_prediction,/home/tchowdh4/sensor_recovery_project/logs/extracted_csv/baseline_02_high_altitude_hover_ATT.csv,/home/tchowdh4/sensor_recovery_project/prediction_results_v9_trained_hybrid/baseline_02_high_altitude_hover_ATT_trained_hybrid_prediction_outputs.csv
2.099993,baseline_02_high_altitude_hover,Yaw,ramp,0.064638,0,352.6166076660156,352.6166076660156,352.61723937988285,-0.000631713867221606,0.000631713867221606,0.010773,0,0.0,0.0007443237304698869,0,0,0,W10_N3_mean1.5x,10,3,1.5,1127,Yaw_hybrid_prediction,/home/tchowdh4/sensor_recovery_project/logs/extracted_csv/baseline_02_high_altitude_hover_ATT.csv,/home/tchowdh4/sensor_recovery_project/prediction_results_v9_trained_hybrid/baseline_02_high_altitude_hover_ATT_trained_hybrid_prediction_outputs.csv
2.199953,baseline_02_high_altitude_hover,Yaw,ramp,0.064638,0,352.61749267578125,352.61749267578125,352.6178909301758,-0.00039825439455398737,0.00039825439455398737,0.010773,0,0.0,0.0007127380371173331,0,0,0,W10_N3_mean1.5x,10,3,1.5,1127,Yaw_hybrid_prediction,/home/tchowdh4/sensor_recovery_project/logs/extracted_csv/baseline_02_high_altitude_hover_ATT.csv,/home/tchowdh4/sensor_recovery_project/prediction_results_v9_trained_hybrid/baseline_02_high_altitude_hover_ATT_trained_hybrid_prediction_outputs.csv
2.299913,baseline_02_high_altitude_hover,Yaw,ramp,0.064638,0,352.6159362792969,352.6159362792969,352.61523590087893,0.0007003784179460126,0.0007003784179460126,0.010773,0,0.0,0.0006399536132903449,0,0,0,W10_N3_mean1.5x,10,3,1.5,1127,Yaw_hybrid_prediction,/home/tchowdh4/sensor_recovery_project/logs/extracted_csv/baseline_02_high_altitude_hover_ATT.csv,/home/tchowdh4/sensor_recovery_project/prediction_results_v9_trained_hybrid/baseline_02_high_altitude_hover_ATT_trained_hybrid_prediction_outputs.csv
2.399873,baseline_02_high_altitude_hover,Yaw,ramp,0.064638,0,352.614501953125,352.614501953125,352.6138565063477,0.0006454467772982753,0.0006454467772982753,0.010773,0,0.0,0.0006935119628963093,0,0,0,W10_N3_mean1.5x,10,3,1.5,1127,Yaw_hybrid_prediction,/home/tchowdh4/sensor_recovery_project/logs/extracted_csv/baseline_02_high_altitude_hover_ATT.csv,/home/tchowdh4/sensor_recovery_project/prediction_results_v9_trained_hybrid/baseline_02_high_altitude_hover_ATT_trained_hybrid_prediction_outputs.csv
2.499833,baseline_02_high_altitude_hover,Yaw,ramp,0.064638,0,352.61602783203125,352.61602783203125,352.61671447753906,-0.0006866455078125,0.0006866455078125,0.010773,0,0.0,0.0006358337402389225,0,0,0,W10_N3_mean1.5x,10,3,1.5,1127,Yaw_hybrid_prediction,/home/tchowdh4/sensor_recovery_project/logs/extracted_csv/baseline_02_high_altitude_hover_ATT.csv,/home/tchowdh4/sensor_recovery_project/prediction_results_v9_trained_hybrid/baseline_02_high_altitude_hover_ATT_trained_hybrid_prediction_outputs.csv
2.599793,baseline_02_high_altitude_hover,Yaw,ramp,0.064638,0,352.619384765625,352.619384765625,352.6208953857422,-0.0015106201171875,0.0015106201171875,0.010773,0,0.0,0.000693511962890625,0,0,0,W10_N3_mean1.5x,10,3,1.5,1127,Yaw_hybrid_prediction,/home/tchowdh4/sensor_recovery_project/logs/extracted_csv/baseline_02_high_altitude_hover_ATT.csv,/home/tchowdh4/sensor_recovery_project/prediction_results_v9_trained_hybrid/baseline_02_high_altitude_hover_ATT_trained_hybrid_prediction_outputs.csv
2.699753,baseline_02_high_altitude_hover,Yaw,ramp,0.064638,0,352.6206970214844,352.6206970214844,352.62128753662114,-0.0005905151367642247,0.0005905151367642247,0.010773,0,0.0,0.0007470703125022737,0,0,0,W10_N3_mean1.5x,10,3,1.5,1127,Yaw_hybrid_prediction,/home/tchowdh4/sensor_recovery_project/logs/extracted_csv/baseline_02_high_altitude_hover_ATT.csv,/home/tchowdh4/sensor_recovery_project/prediction_results_v9_trained_hybrid/baseline_02_high_altitude_hover_ATT_trained_hybrid_prediction_outputs.csv
2.799713,baseline_02_high_altitude_hover,Yaw,ramp,0.064638,0,352.6180114746094,352.6180114746094,352.61680297851564,0.0012084960937386313,0.0012084960937386313,0.010773,0,0.0,0.0007388305664051131,0,0,0,W10_N3_mean1.5x,10,3,1.5,1127,Yaw_hybrid_prediction,/home/tchowdh4/sensor_recovery_project/logs/extracted_csv/baseline_02_high_altitude_hover_ATT.csv,/home/tchowdh4/sensor_recovery_project/prediction_results_v9_trained_hybrid/baseline_02_high_altitude_hover_ATT_trained_hybrid_prediction_outputs.csv
2.899673,baseline_02_high_altitude_hover,Yaw,ramp,0.064638,0,352.61590576171875,352.61590576171875,352.61495819091795,0.0009475708008039874,0.0009475708008039874,0.010773,0,0.0,0.0007443237304698869,0,0,0,W10_N3_mean1.5x,10,3,1.5,1127,Yaw_hybrid_prediction,/home/tchowdh4/sensor_recovery_project/logs/extracted_csv/baseline_02_high_altitude_hover_ATT.csv,/home/tchowdh4/sensor_recovery_project/prediction_results_v9_trained_hybrid/baseline_02_high_altitude_hover_ATT_trained_hybrid_prediction_outputs.csv
2.999633,baseline_02_high_altitude_hover,Yaw,ramp,0.064638,0,352.61639404296875,352.61639404296875,352.6166137695312,-0.00021972656247726263,0.00021972656247726263,0.010773,0,0.0,0.0007539367675803987,0,0,0,W10_N3_mean1.5x,10,3,1.5,1127,Yaw_hybrid_prediction,/home/tchowdh4/sensor_recovery_project/logs/extracted_csv/baseline_02_high_altitude_hover_ATT.csv,/home/tchowdh4/sensor_recovery_project/prediction_results_v9_trained_hybrid/baseline_02_high_altitude_hover_ATT_trained_hybrid_prediction_outputs.csv
3.099593,baseline_02_high_altitude_hover,Yaw,ramp,0.064638,0,352.6173400878906,352.6173400878906,352.6177658081055,-0.00042572021487785605,0.00042572021487785605,0.010773,0,0.0,0.0007333374023460237,0,0,0,W10_N3_mean1.5x,10,3,1.5,1127,Yaw_hybrid_prediction,/home/tchowdh4/sensor_recovery_project/logs/extracted_csv/baseline_02_high_altitude_hover_ATT.csv,/home/tchowdh4/sensor_recovery_project/prediction_results_v9_trained_hybrid/baseline_02_high_altitude_hover_ATT_trained_hybrid_prediction_outputs.csv
3.199553,baseline_02_high_altitude_hover,Yaw,ramp,0.064638,0,352.6179504394531,352.6179504394531,352.61822509765625,-0.000274658203125,0.000274658203125,0.010773,0,0.0,0.000720977783203125,0,0,0,W10_N3_mean1.5x,10,3,1.5,1127,Yaw_hybrid_prediction,/home/tchowdh4/sensor_recovery_project/logs/extracted_csv/baseline_02_high_altitude_hover_ATT.csv,/home/tchowdh4/sensor_recovery_project/prediction_results_v9_trained_hybrid/baseline_02_high_altitude_hover_ATT_trained_hybrid_prediction_outputs.csv
3.299513,baseline_02_high_altitude_hover,Yaw,ramp,0.064638,0,352.6197509765625,352.6197509765625,352.62056121826174,-0.0008102416992414874,0.0008102416992414874,0.010773,0,0.0,0.0007319641113326725,0,0,0,W10_N3_mean1.5x,10,3,1.5,1127,Yaw_hybrid_prediction,/home/tchowdh4/sensor_recovery_project/logs/extracted_csv/baseline_02_high_altitude_hover_ATT.csv,/home/tchowdh4/sensor_recovery_project/prediction_results_v9_trained_hybrid/baseline_02_high_altitude_hover_ATT_trained_hybrid_prediction_outputs.csv
3.399473,baseline_02_high_altitude_hover,Yaw,ramp,0.064638,0,352.619384765625,352.619384765625,352.6192199707032,0.00016479492177268185,0.00016479492177268185,0.010773,0,0.0,0.0006838989257801131,0,0,0,W10_N3_mean1.5x,10,3,1.5,1127,Yaw_hybrid_prediction,/home/tchowdh4/sensor_recovery_project/logs/extracted_csv/baseline_02_high_altitude_hover_ATT.csv,/home/tchowdh4/sensor_recovery_project/prediction_results_v9_trained_hybrid/baseline_02_high_altitude_hover_ATT_trained_hybrid_prediction_outputs.csv
3.499433,baseline_02_high_altitude_hover,Yaw,ramp,0.064638,0,352.6163024902344,352.6163024902344,352.6149154663086,0.0013870239257585126,0.0013870239257585126,0.010773,0,0.0,0.0007539367675747144,0,0,0,W10_N3_mean1.5x,10,3,1.5,1127,Yaw_hybrid_prediction,/home/tchowdh4/sensor_recovery_project/logs/extracted_csv/baseline_02_high_altitude_hover_ATT.csv,/home/tchowdh4/sensor_recovery_project/prediction_results_v9_trained_hybrid/baseline_02_high_altitude_hover_ATT_trained_hybrid_prediction_outputs.csv
3.599393,baseline_02_high_altitude_hover,Yaw,ramp,0.064638,0,352.6145324707031,352.6145324707031,352.6137359619141,0.0007965087890511313,0.0007965087890511313,0.010773,0,0.0,0.0006825256347610775,0,0,0,W10_N3_mean1.5x,10,3,1.5,1127,Yaw_hybrid_prediction,/home/tchowdh4/sensor_recovery_project/logs/extracted_csv/baseline_02_high_altitude_hover_ATT.csv,/home/tchowdh4/sensor_recovery_project/prediction_results_v9_trained_hybrid/baseline_02_high_altitude_hover_ATT_trained_hybrid_prediction_outputs.csv
3.699353,baseline_02_high_altitude_hover,Yaw,ramp,0.064638,0,352.6168518066406,352.6168518066406,352.6178955078125,-0.0010437011718522626,0.0010437011718522626,0.010773,0,0.0,0.0007278442382698813,0,0,0,W10_N3_mean1.5x,10,3,1.5,1127,Yaw_hybrid_prediction,/home/tchowdh4/sensor_recovery_project/logs/extracted_csv/baseline_02_high_altitude_hover_ATT.csv,/home/tchowdh4/sensor_recovery_project/prediction_results_v9_trained_hybrid/baseline_02_high_altitude_hover_ATT_trained_hybrid_prediction_outputs.csv
3.799313,baseline_02_high_altitude_hover,Yaw,ramp,0.064638,0,352.6191711425781,352.6191711425781,352.62021484375003,-0.001043701171909106,0.001043701171909106,0.010773,0,0.0,0.0007113647460869288,0,0,0,W10_N3_mean1.5x,10,3,1.5,1127,Yaw_hybrid_prediction,/home/tchowdh4/sensor_recovery_project/logs/extracted_csv/baseline_02_high_altitude_hover_ATT.csv,/home/tchowdh4/sensor_recovery_project/prediction_results_v9_trained_hybrid/baseline_02_high_altitude_hover_ATT_trained_hybrid_prediction_outputs.csv
3.900106,baseline_02_high_altitude_hover,Yaw,ramp,0.064638,0,352.6186218261719,352.6186218261719,352.6183746337891,0.0002471923828011313,0.0002471923828011313,0.010773,0,0.0,0.0006413269042866432,0,0,0,W10_N3_mean1.5x,10,3,1.5,1127,Yaw_hybrid_prediction,/home/tchowdh4/sensor_recovery_project/logs/extracted_csv/baseline_02_high_altitude_hover_ATT.csv,/home/tchowdh4/sensor_recovery_project/prediction_results_v9_trained_hybrid/baseline_02_high_altitude_hover_ATT_trained_hybrid_prediction_outputs.csv
4.000066,baseline_02_high_altitude_hover,Yaw,ramp,0.064638,0,352.61767578125,352.61767578125,352.6172500610352,0.00042572021482101263,0.00042572021482101263,0.010773,0,0.0,0.0006619262695210182,0,0,0,W10_N3_mean1.5x,10,3,1.5,1127,Yaw_hybrid_prediction,/home/tchowdh4/sensor_recovery_project/logs/extracted_csv/baseline_02_high_altitude_hover_ATT.csv,/home/tchowdh4/sensor_recovery_project/prediction_results_v9_trained_hybrid/baseline_02_high_altitude_hover_ATT_trained_hybrid_prediction_outputs.csv
4.100026,baseline_02_high_altitude_hover,Yaw,ramp,0.064638,0,352.6172180175781,352.6172180175781,352.6170120239258,0.00020599365234375,0.00020599365234375,0.010773,0,0.0,0.0006399536132676076,0,0,0,W10_N3_mean1.5x,10,3,1.5,1127,Yaw_hybrid_prediction,/home/tchowdh4/sensor_recovery_project/logs/extracted_csv/baseline_02_high_altitude_hover_ATT.csv,/home/tchowdh4/sensor_recovery_project/prediction_results_v9_trained_hybrid/baseline_02_high_altitude_hover_ATT_trained_hybrid_prediction_outputs.csv
4.199986,baseline_02_high_altitude_hover,Yaw,ramp,0.064638,0,352.6167907714844,352.6167907714844,352.6165985107422,0.00019226074215339395,0.00019226074215339395,0.010773,0,0.0,0.000631713867170447,0,0,0,W10_N3_mean1.5x,10,3,1.5,1127,Yaw_hybrid_prediction,/home/tchowdh4/sensor_recovery_project/logs/extracted_csv/baseline_02_high_altitude_hover_ATT.csv,/home/tchowdh4/sensor_recovery_project/prediction_results_v9_trained_hybrid/baseline_02_high_altitude_hover_ATT_trained_hybrid_prediction_outputs.csv
4.299946,baseline_02_high_altitude_hover,Yaw,ramp,0.064638,0,352.6161193847656,352.6161193847656,352.61581726074223,0.00030212402339202526,0.00030212402339202526,0.010773,0,0.0,0.0005809020995855008,0,0,0,W10_N3_mean1.5x,10,3,1.5,1127,Yaw_hybrid_prediction,/home/tchowdh4/sensor_recovery_project/logs/extracted_csv/baseline_02_high_altitude_hover_ATT.csv,/home/tchowdh4/sensor_recovery_project/prediction_results_v9_trained_hybrid/baseline_02_high_altitude_hover_ATT_trained_hybrid_prediction_outputs.csv
4.399906,baseline_02_high_altitude_hover,Yaw,ramp,0.064638,0,352.6161499023437,352.6161499023437,352.6161636352539,-1.3732910190356051e-05,1.3732910190356051e-05,0.010773,0,0.0,0.0005657958984272681,0,0,0,W10_N3_mean1.5x,10,3,1.5,1127,Yaw_hybrid_prediction,/home/tchowdh4/sensor_recovery_project/logs/extracted_csv/baseline_02_high_altitude_hover_ATT.csv,/home/tchowdh4/sensor_recovery_project/prediction_results_v9_trained_hybrid/baseline_02_high_altitude_hover_ATT_trained_hybrid_prediction_outputs.csv
4.499866,baseline_02_high_altitude_hover,Yaw,ramp,0.064638,0,352.6165771484375,352.6165771484375,352.6167694091797,-0.00019226074221023737,0.00019226074221023737,0.010773,0,0.0,0.00044631958007244064,0,0,0,W10_N3_mean1.5x,10,3,1.5,1127,Yaw_hybrid_prediction,/home/tchowdh4/sensor_recovery_project/logs/extracted_csv/baseline_02_high_altitude_hover_ATT.csv,/home/tchowdh4/sensor_recovery_project/prediction_results_v9_trained_hybrid/baseline_02_high_altitude_hover_ATT_trained_hybrid_prediction_outputs.csv
4.599826,baseline_02_high_altitude_hover,Yaw,ramp,0.064638,0,352.6171569824219,352.6171569824219,352.61741790771487,-0.00026092529299148737,0.00026092529299148737,0.010773,0,0.0,0.00039276123046647624,0,0,0,W10_N3_mean1.5x,10,3,1.5,1127,Yaw_hybrid_prediction,/home/tchowdh4/sensor_recovery_project/logs/extracted_csv/baseline_02_high_altitude_hover_ATT.csv,/home/tchowdh4/sensor_recovery_project/prediction_results_v9_trained_hybrid/baseline_02_high_altitude_hover_ATT_trained_hybrid_prediction_outputs.csv
4.699786,baseline_02_high_altitude_hover,Yaw,ramp,0.064638,0,352.6173095703125,352.6173095703125,352.6173782348633,-6.866455078125e-05,6.866455078125e-05,0.010773,0,0.0,0.000295257568359375,0,0,0,W10_N3_mean1.5x,10,3,1.5,1127,Yaw_hybrid_prediction,/home/tchowdh4/sensor_recovery_project/logs/extracted_csv/baseline_02_high_altitude_hover_ATT.csv,/home/tchowdh4/sensor_recovery_project/prediction_results_v9_trained_hybrid/baseline_02_high_altitude_hover_ATT_trained_hybrid_prediction_outputs.csv
4.799746,baseline_02_high_altitude_hover,Yaw,ramp,0.064638,0,352.61688232421875,352.61688232421875,352.6166900634766,0.00019226074215339395,0.00019226074215339395,0.010773,0,0.0,0.0002101135253838038,0,0,0,W10_N3_mean1.5x,10,3,1.5,1127,Yaw_hybrid_prediction,/home/tchowdh4/sensor_recovery_project/logs/extracted_csv/baseline_02_high_altitude_hover_ATT.csv,/home/tchowdh4/sensor_recovery_project/prediction_results_v9_trained_hybrid/baseline_02_high_altitude_hover_ATT_trained_hybrid_prediction_outputs.csv
4.899706,baseline_02_high_altitude_hover,Yaw,ramp,0.064638,0,352.6164855957031,352.6164855957031,352.6163070678711,0.00017852783201988132,0.00017852783201988132,0.010773,0,0.0,0.0002032470703056788,0,0,0,W10_N3_mean1.5x,10,3,1.5,1127,Yaw_hybrid_prediction,/home/tchowdh4/sensor_recovery_project/logs/extracted_csv/baseline_02_high_altitude_hover_ATT.csv,/home/tchowdh4/sensor_recovery_project/prediction_results_v9_trained_hybrid/baseline_02_high_altitude_hover_ATT_trained_hybrid_prediction_outputs.csv
4.999666,baseline_02_high_altitude_hover,Yaw,ramp,0.064638,0,352.6167907714844,352.6167907714844,352.61692810058594,-0.0001373291015625,0.0001373291015625,0.010773,0,0.0,0.00017440795897982753,0,0,0,W10_N3_mean1.5x,10,3,1.5,1127,Yaw_hybrid_prediction,/home/tchowdh4/sensor_recovery_project/logs/extracted_csv/baseline_02_high_altitude_hover_ATT.csv,/home/tchowdh4/sensor_recovery_project/prediction_results_v9_trained_hybrid/baseline_02_high_altitude_hover_ATT_trained_hybrid_prediction_outputs.csv
5.099626,baseline_02_high_altitude_hover,Yaw,ramp,0.064638,0,352.61676025390625,352.61676025390625,352.6167465209961,1.3732910133512632e-05,1.3732910133512632e-05,0.010773,0,0.0,0.0001551818847588038,0,0,0,W10_N3_mean1.5x,10,3,1.5,1127,Yaw_hybrid_prediction,/home/tchowdh4/sensor_recovery_project/logs/extracted_csv/baseline_02_high_altitude_hover_ATT.csv,/home/tchowdh4/sensor_recovery_project/prediction_results_v9_trained_hybrid/baseline_02_high_altitude_hover_ATT_trained_hybrid_prediction_outputs.csv
5.199586,baseline_02_high_altitude_hover,Yaw,ramp,0.064638,0,352.6166381835937,352.6166381835937,352.6165832519531,5.493164059089395e-05,5.493164059089395e-05,0.010773,0,0.0,0.0001414489746025538,0,0,0,W10_N3_mean1.5x,10,3,1.5,1127,Yaw_hybrid_prediction,/home/tchowdh4/sensor_recovery_project/logs/extracted_csv/baseline_02_high_altitude_hover_ATT.csv,/home/tchowdh4/sensor_recovery_project/prediction_results_v9_trained_hybrid/baseline_02_high_altitude_hover_ATT_trained_hybrid_prediction_outputs.csv
5.299546,baseline_02_high_altitude_hover,Yaw,ramp,0.064638,0,352.616455078125,352.616455078125,352.6163726806641,8.239746091476263e-05,8.239746091476263e-05,0.010773,0,0.0,0.00011947631835482753,0,0,0,W10_N3_mean1.5x,10,3,1.5,1127,Yaw_hybrid_prediction,/home/tchowdh4/sensor_recovery_project/logs/extracted_csv/baseline_02_high_altitude_hover_ATT.csv,/home/tchowdh4/sensor_recovery_project/prediction_results_v9_trained_hybrid/baseline_02_high_altitude_hover_ATT_trained_hybrid_prediction_outputs.csv
5.399506,baseline_02_high_altitude_hover,Yaw,ramp,0.064638,0,352.6162109375,352.6162109375,352.6161010742188,0.0001098632811817879,0.0001098632811817879,0.010773,0,0.0,0.0001290893554539707,0,0,0,W10_N3_mean1.5x,10,3,1.5,1127,Yaw_hybrid_prediction,/home/tchowdh4/sensor_recovery_project/logs/extracted_csv/baseline_02_high_altitude_hover_ATT.csv,/home/tchowdh4/sensor_recovery_project/prediction_results_v9_trained_hybrid/baseline_02_high_altitude_hover_ATT_trained_hybrid_prediction_outputs.csv
5.499466,baseline_02_high_altitude_hover,Yaw,ramp,0.064638,0,352.6159973144531,352.6159973144531,352.6159011840821,9.613037104827526e-05,9.613037104827526e-05,0.010773,0,0.0,0.0001194763183377745,0,0,0,W10_N3_mean1.5x,10,3,1.5,1127,Yaw_hybrid_prediction,/home/tchowdh4/sensor_recovery_project/logs/extracted_csv/baseline_02_high_altitude_hover_ATT.csv,/home/tchowdh4/sensor_recovery_project/prediction_results_v9_trained_hybrid/baseline_02_high_altitude_hover_ATT_trained_hybrid_prediction_outputs.csv
5.599426,baseline_02_high_altitude_hover,Yaw,ramp,0.064638,0,352.6158447265625,352.6158447265625,352.6157760620117,6.866455078125e-05,6.866455078125e-05,0.010773,0,0.0,0.00010025024411675076,0,0,0,W10_N3_mean1.5x,10,3,1.5,1127,Yaw_hybrid_prediction,/home/tchowdh4/sensor_recovery_project/logs/extracted_csv/baseline_02_high_altitude_hover_ATT.csv,/home/tchowdh4/sensor_recovery_project/prediction_results_v9_trained_hybrid/baseline_02_high_altitude_hover_ATT_trained_hybrid_prediction_outputs.csv
5.699386,baseline_02_high_altitude_hover,Yaw,ramp,0.064638,0,352.6161193847656,352.6161193847656,352.61624298095705,-0.00012359619142898737,0.00012359619142898737,0.010773,0,0.0,0.0001057434081815245,0,0,0,W10_N3_mean1.5x,10,3,1.5,1127,Yaw_hybrid_prediction,/home/tchowdh4/sensor_recovery_project/logs/extracted_csv/baseline_02_high_altitude_hover_ATT.csv,/home/tchowdh4/sensor_recovery_project/prediction_results_v9_trained_hybrid/baseline_02_high_altitude_hover_ATT_trained_hybrid_prediction_outputs.csv
5.799346,baseline_02_high_altitude_hover,Yaw,ramp,0.064638,0,352.6165466308594,352.6165466308594,352.6167388916016,-0.00019226074221023737,0.00019226074221023737,0.010773,0,0.0,0.00010574340818720884,0,0,0,W10_N3_mean1.5x,10,3,1.5,1127,Yaw_hybrid_prediction,/home/tchowdh4/sensor_recovery_project/logs/extracted_csv/baseline_02_high_altitude_hover_ATT.csv,/home/tchowdh4/sensor_recovery_project/prediction_results_v9_trained_hybrid/baseline_02_high_altitude_hover_ATT_trained_hybrid_prediction_outputs.csv
5.899306,baseline_02_high_altitude_hover,Yaw,ramp,0.064638,0,352.616943359375,352.616943359375,352.6171218872071,-0.00017852783207672474,0.00017852783207672474,0.010773,0,0.0,0.00010574340819289319,0,0,0,W10_N3_mean1.5x,10,3,1.5,1127,Yaw_hybrid_prediction,/home/tchowdh4/sensor_recovery_project/logs/extracted_csv/baseline_02_high_altitude_hover_ATT.csv,/home/tchowdh4/sensor_recovery_project/prediction_results_v9_trained_hybrid/baseline_02_high_altitude_hover_ATT_trained_hybrid_prediction_outputs.csv
6.000099,baseline_02_high_altitude_hover,Yaw,ramp,0.064638,0,352.6172180175781,352.6172180175781,352.61734161376955,-0.00012359619142898737,0.00012359619142898737,0.010773,0,0.0,0.00010437011717954193,0,0,0,W10_N3_mean1.5x,10,3,1.5,1127,Yaw_hybrid_prediction,/home/tchowdh4/sensor_recovery_project/logs/extracted_csv/baseline_02_high_altitude_hover_ATT.csv,/home/tchowdh4/sensor_recovery_project/prediction_results_v9_trained_hybrid/baseline_02_high_altitude_hover_ATT_trained_hybrid_prediction_outputs.csv
6.100059,baseline_02_high_altitude_hover,Yaw,ramp,0.064638,0,352.6171264648437,352.6171264648437,352.61708526611324,4.1198730457381316e-05,4.1198730457381316e-05,0.010773,0,0.0,0.00010711669921192879,0,0,0,W10_N3_mean1.5x,10,3,1.5,1127,Yaw_hybrid_prediction,/home/tchowdh4/sensor_recovery_project/logs/extracted_csv/baseline_02_high_altitude_hover_ATT.csv,/home/tchowdh4/sensor_recovery_project/prediction_results_v9_trained_hybrid/baseline_02_high_altitude_hover_ATT_trained_hybrid_prediction_outputs.csv
6.200019,baseline_02_high_altitude_hover,Yaw,ramp,0.064638,0,352.61651611328125,352.61651611328125,352.6162414550781,0.000274658203125,0.000274658203125,0.010773,0,0.0,0.00012908935546533938,0,0,0,W10_N3_mean1.5x,10,3,1.5,1127,Yaw_hybrid_prediction,/home/tchowdh4/sensor_recovery_project/logs/extracted_csv/baseline_02_high_altitude_hover_ATT.csv,/home/tchowdh4/sensor_recovery_project/prediction_results_v9_trained_hybrid/baseline_02_high_altitude_hover_ATT_trained_hybrid_prediction_outputs.csv
6.299979,baseline_02_high_altitude_hover,Yaw,ramp,0.064638,0,352.6163330078125,352.6163330078125,352.6162506103516,8.239746091476263e-05,8.239746091476263e-05,0.010773,0,0.0,0.00012908935546533938,0,0,0,W10_N3_mean1.5x,10,3,1.5,1127,Yaw_hybrid_prediction,/home/tchowdh4/sensor_recovery_project/logs/extracted_csv/baseline_02_high_altitude_hover_ATT.csv,/home/tchowdh4/sensor_recovery_project/prediction_results_v9_trained_hybrid/baseline_02_high_altitude_hover_ATT_trained_hybrid_prediction_outputs.csv
6.399939,baseline_02_high_altitude_hover,Yaw,ramp,0.064638,0,352.6163635253906,352.6163635253906,352.6163772583008,-1.3732910190356051e-05,1.3732910190356051e-05,0.010773,0,0.0,0.0001194763183661962,0,0,0,W10_N3_mean1.5x,10,3,1.5,1127,Yaw_hybrid_prediction,/home/tchowdh4/sensor_recovery_project/logs/extracted_csv/baseline_02_high_altitude_hover_ATT.csv,/home/tchowdh4/sensor_recovery_project/prediction_results_v9_trained_hybrid/baseline_02_high_altitude_hover_ATT_trained_hybrid_prediction_outputs.csv
6.499899,baseline_02_high_altitude_hover,Yaw,ramp,0.064638,0,352.6178283691406,352.6178283691406,352.61848754882817,-0.0006591796875454747,0.0006591796875454747,0.010773,0,0.0,0.00017578125001591616,0,0,0,W10_N3_mean1.5x,10,3,1.5,1127,Yaw_hybrid_prediction,/home/tchowdh4/sensor_recovery_project/logs/extracted_csv/baseline_02_high_altitude_hover_ATT.csv,/home/tchowdh4/sensor_recovery_project/prediction_results_v9_trained_hybrid/baseline_02_high_altitude_hover_ATT_trained_hybrid_prediction_outputs.csv
6.599859,baseline_02_high_altitude_hover,Yaw,ramp,0.064638,0,352.6184387207031,352.6184387207031,352.61871337890625,-0.000274658203125,0.000274658203125,0.010773,0,0.0,0.00019638061525029116,0,0,0,W10_N3_mean1.5x,10,3,1.5,1127,Yaw_hybrid_prediction,/home/tchowdh4/sensor_recovery_project/logs/extracted_csv/baseline_02_high_altitude_hover_ATT.csv,/home/tchowdh4/sensor_recovery_project/prediction_results_v9_trained_hybrid/baseline_02_high_altitude_hover_ATT_trained_hybrid_prediction_outputs.csv
6.699819,baseline_02_high_altitude_hover,Yaw,ramp,0.064638,0,352.6185913085937,352.6185913085937,352.6186599731445,-6.866455078125e-05,6.866455078125e-05,0.010773,0,0.0,0.00019088745118551743,0,0,0,W10_N3_mean1.5x,10,3,1.5,1127,Yaw_hybrid_prediction,/home/tchowdh4/sensor_recovery_project/logs/extracted_csv/baseline_02_high_altitude_hover_ATT.csv,/home/tchowdh4/sensor_recovery_project/prediction_results_v9_trained_hybrid/baseline_02_high_altitude_hover_ATT_trained_hybrid_prediction_outputs.csv
6.799779,baseline_02_high_altitude_hover,Yaw,ramp,0.064638,0,352.6183166503906,352.6183166503906,352.61819305419925,0.00012359619137214395,0.00012359619137214395,0.010773,0,0.0,0.00018402099610170808,0,0,0,W10_N3_mean1.5x,10,3,1.5,1127,Yaw_hybrid_prediction,/home/tchowdh4/sensor_recovery_project/logs/extracted_csv/baseline_02_high_altitude_hover_ATT.csv,/home/tchowdh4/sensor_recovery_project/prediction_results_v9_trained_hybrid/baseline_02_high_altitude_hover_ATT_trained_hybrid_prediction_outputs.csv
6.899739,baseline_02_high_altitude_hover,Yaw,ramp,0.064638,0,352.6180725097656,352.6180725097656,352.6179626464844,0.00010986328123863132,0.00010986328123863132,0.010773,0,0.0,0.00017715454101789873,0,0,0,W10_N3_mean1.5x,10,3,1.5,1127,Yaw_hybrid_prediction,/home/tchowdh4/sensor_recovery_project/logs/extracted_csv/baseline_02_high_altitude_hover_ATT.csv,/home/tchowdh4/sensor_recovery_project/prediction_results_v9_trained_hybrid/baseline_02_high_altitude_hover_ATT_trained_hybrid_prediction_outputs.csv
6.999699,baseline_02_high_altitude_hover,Yaw,ramp,0.064638,0,352.6178894042969,352.6178894042969,352.617807006836,8.239746085791921e-05,8.239746085791921e-05,0.010773,0,0.0,0.00017303466796079193,0,0,0,W10_N3_mean1.5x,10,3,1.5,1127,Yaw_hybrid_prediction,/home/tchowdh4/sensor_recovery_project/logs/extracted_csv/baseline_02_high_altitude_hover_ATT.csv,/home/tchowdh4/sensor_recovery_project/prediction_results_v9_trained_hybrid/baseline_02_high_altitude_hover_ATT_trained_hybrid_prediction_outputs.csv
7.099659,baseline_02_high_altitude_hover,Yaw,ramp,0.064638,0,352.6177062988281,352.6177062988281,352.6176239013672,8.239746091476263e-05,8.239746091476263e-05,0.010773,0,0.0,0.00017715454100653005,0,0,0,W10_N3_mean1.5x,10,3,1.5,1127,Yaw_hybrid_prediction,/home/tchowdh4/sensor_recovery_project/logs/extracted_csv/baseline_02_high_altitude_hover_ATT.csv,/home/tchowdh4/sensor_recovery_project/prediction_results_v9_trained_hybrid/baseline_02_high_altitude_hover_ATT_trained_hybrid_prediction_outputs.csv
7.199619,baseline_02_high_altitude_hover,Yaw,ramp,0.064638,0,352.6175537109375,352.6175537109375,352.6174850463867,6.866455078125e-05,6.866455078125e-05,0.010773,0,0.0,0.00015655517577215506,0,0,0,W10_N3_mean1.5x,10,3,1.5,1127,Yaw_hybrid_prediction,/home/tchowdh4/sensor_recovery_project/logs/extracted_csv/baseline_02_high_altitude_hover_ATT.csv,/home/tchowdh4/sensor_recovery_project/prediction_results_v9_trained_hybrid/baseline_02_high_altitude_hover_ATT_trained_hybrid_prediction_outputs.csv
7.299579,baseline_02_high_altitude_hover,Yaw,ramp,0.064638,0,352.6175537109375,352.6175537109375,352.6175537109375,0.0,0.0,0.010773,0,0.0,0.00014831542968067878,0,0,0,W10_N3_mean1.5x,10,3,1.5,1127,Yaw_hybrid_prediction,/home/tchowdh4/sensor_recovery_project/logs/extracted_csv/baseline_02_high_altitude_hover_ATT.csv,/home/tchowdh4/sensor_recovery_project/prediction_results_v9_trained_hybrid/baseline_02_high_altitude_hover_ATT_trained_hybrid_prediction_outputs.csv
7.399539,baseline_02_high_altitude_hover,Yaw,ramp,0.064638,0,352.61773681640625,352.61773681640625,352.6178192138672,-8.239746097160605e-05,8.239746097160605e-05,0.010773,0,0.0,0.0001551818847588038,0,0,0,W10_N3_mean1.5x,10,3,1.5,1127,Yaw_hybrid_prediction,/home/tchowdh4/sensor_recovery_project/logs/extracted_csv/baseline_02_high_altitude_hover_ATT.csv,/home/tchowdh4/sensor_recovery_project/prediction_results_v9_trained_hybrid/baseline_02_high_altitude_hover_ATT_trained_hybrid_prediction_outputs.csv
7.499499,baseline_02_high_altitude_hover,Yaw,ramp,0.064638,0,352.6177673339844,352.6177673339844,352.6177810668945,-1.3732910133512632e-05,1.3732910133512632e-05,0.010773,0,0.0,9.063720701760758e-05,0,0,0,W10_N3_mean1.5x,10,3,1.5,1127,Yaw_hybrid_prediction,/home/tchowdh4/sensor_recovery_project/logs/extracted_csv/baseline_02_high_altitude_hover_ATT.csv,/home/tchowdh4/sensor_recovery_project/prediction_results_v9_trained_hybrid/baseline_02_high_altitude_hover_ATT_trained_hybrid_prediction_outputs.csv
7.599459,baseline_02_high_altitude_hover,Yaw,ramp,0.064638,0,352.61773681640625,352.61773681640625,352.6177230834961,1.3732910133512632e-05,1.3732910133512632e-05,0.010773,0,0.0,6.454467771845884e-05,0,0,0,W10_N3_mean1.5x,10,3,1.5,1127,Yaw_hybrid_prediction,/home/tchowdh4/sensor_recovery_project/logs/extracted_csv/baseline_02_high_altitude_hover_ATT.csv,/home/tchowdh4/sensor_recovery_project/prediction_results_v9_trained_hybrid/baseline_02_high_altitude_hover_ATT_trained_hybrid_prediction_outputs.csv
7.699419,baseline_02_high_altitude_hover,Yaw,ramp,0.064638,0,352.6181335449219,352.6181335449219,352.61831207275395,-0.00017852783207672474,0.00017852783207672474,0.010773,0,0.0,7.553100584800632e-05,0,0,0,W10_N3_mean1.5x,10,3,1.5,1127,Yaw_hybrid_prediction,/home/tchowdh4/sensor_recovery_project/logs/extracted_csv/baseline_02_high_altitude_hover_ATT.csv,/home/tchowdh4/sensor_recovery_project/prediction_results_v9_trained_hybrid/baseline_02_high_altitude_hover_ATT_trained_hybrid_prediction_outputs.csv
7.799379,baseline_02_high_altitude_hover,Yaw,ramp,0.064638,0,352.6181030273437,352.6181030273437,352.6180892944335,1.3732910190356051e-05,1.3732910190356051e-05,0.010773,0,0.0,6.454467772982752e-05,0,0,0,W10_N3_mean1.5x,10,3,1.5,1127,Yaw_hybrid_prediction,/home/tchowdh4/sensor_recovery_project/logs/extracted_csv/baseline_02_high_altitude_hover_ATT.csv,/home/tchowdh4/sensor_recovery_project/prediction_results_v9_trained_hybrid/baseline_02_high_altitude_hover_ATT_trained_hybrid_prediction_outputs.csv
7.899339,baseline_02_high_altitude_hover,Yaw,ramp,0.064638,0,352.6181335449219,352.6181335449219,352.6181472778321,-1.373291024719947e-05,1.373291024719947e-05,0.010773,0,0.0,5.4931640630684345e-05,0,0,0,W10_N3_mean1.5x,10,3,1.5,1127,Yaw_hybrid_prediction,/home/tchowdh4/sensor_recovery_project/logs/extracted_csv/baseline_02_high_altitude_hover_ATT.csv,/home/tchowdh4/sensor_recovery_project/prediction_results_v9_trained_hybrid/baseline_02_high_altitude_hover_ATT_trained_hybrid_prediction_outputs.csv
8.000132,baseline_02_high_altitude_hover,Yaw,ramp,0.064638,0,352.61773681640625,352.61773681640625,352.61755828857423,0.00017852783201988132,0.00017852783201988132,0.010773,0,0.0,6.454467774688055e-05,0,0,0,W10_N3_mean1.5x,10,3,1.5,1127,Yaw_hybrid_prediction,/home/tchowdh4/sensor_recovery_project/logs/extracted_csv/baseline_02_high_altitude_hover_ATT.csv,/home/tchowdh4/sensor_recovery_project/prediction_results_v9_trained_hybrid/baseline_02_high_altitude_hover_ATT_trained_hybrid_prediction_outputs.csv
8.100092,baseline_02_high_altitude_hover,Yaw,ramp,0.064638,0,352.6176452636719,352.6176452636719,352.6176040649415,4.11987304005379e-05,4.11987304005379e-05,0.010773,0,0.0,6.042480469545808e-05,0,0,0,W10_N3_mean1.5x,10,3,1.5,1127,Yaw_hybrid_prediction,/home/tchowdh4/sensor_recovery_project/logs/extracted_csv/baseline_02_high_altitude_hover_ATT.csv,/home/tchowdh4/sensor_recovery_project/prediction_results_v9_trained_hybrid/baseline_02_high_altitude_hover_ATT_trained_hybrid_prediction_outputs.csv
8.200052,baseline_02_high_altitude_hover,Yaw,ramp,0.064638,0,352.61798095703125,352.61798095703125,352.618132019043,-0.00015106201175285605,0.00015106201175285605,0.010773,0,0.0,6.866455079261869e-05,0,0,0,W10_N3_mean1.5x,10,3,1.5,1127,Yaw_hybrid_prediction,/home/tchowdh4/sensor_recovery_project/logs/extracted_csv/baseline_02_high_altitude_hover_ATT.csv,/home/tchowdh4/sensor_recovery_project/prediction_results_v9_trained_hybrid/baseline_02_high_altitude_hover_ATT_trained_hybrid_prediction_outputs.csv
8.300012,baseline_02_high_altitude_hover,Yaw,ramp,0.064638,0,352.6186828613281,352.6186828613281,352.61899871826176,-0.00031585693363922474,0.00031585693363922474,0.010773,0,0.0,0.00010025024415654116,0,0,0,W10_N3_mean1.5x,10,3,1.5,1127,Yaw_hybrid_prediction,/home/tchowdh4/sensor_recovery_project/logs/extracted_csv/baseline_02_high_altitude_hover_ATT.csv,/home/tchowdh4/sensor_recovery_project/prediction_results_v9_trained_hybrid/baseline_02_high_altitude_hover_ATT_trained_hybrid_prediction_outputs.csv
8.399972,baseline_02_high_altitude_hover,Yaw,ramp,0.064638,1,352.6186828613281,352.6186828613281,352.6186828613281,0.0,0.0,0.010773,0,0.0,9.201049805938056e-05,0,0,0,W10_N3_mean1.5x,10,3,1.5,1127,Yaw_hybrid_prediction,/home/tchowdh4/sensor_recovery_project/logs/extracted_csv/baseline_02_high_altitude_hover_ATT.csv,/home/tchowdh4/sensor_recovery_project/prediction_results_v9_trained_hybrid/baseline_02_high_altitude_hover_ATT_trained_hybrid_prediction_outputs.csv
8.499932,baseline_02_high_altitude_hover,Yaw,ramp,0.064638,1,352.61871337890625,352.61948287890624,352.61872711181644,0.0007557670897995195,0.0007557670897995195,0.010773,0,0.0,0.00016621391602598124,0,0,0,W10_N3_mean1.5x,10,3,1.5,1127,Yaw_hybrid_prediction,/home/tchowdh4/sensor_recovery_project/logs/extracted_csv/baseline_02_high_altitude_hover_ATT.csv,/home/tchowdh4/sensor_recovery_project/prediction_results_v9_trained_hybrid/baseline_02_high_altitude_hover_ATT_trained_hybrid_prediction_outputs.csv
8.599892,baseline_02_high_altitude_hover,Yaw,ramp,0.064638,1,352.6191711425781,352.6207101425781,352.61937713623047,0.001333006347636001,0.001333006347636001,0.010773,0,0.0,0.00029814125977623007,0,0,0,W10_N3_mean1.5x,10,3,1.5,1127,Yaw_hybrid_prediction,/home/tchowdh4/sensor_recovery_project/logs/extracted_csv/baseline_02_high_altitude_hover_ATT.csv,/home/tchowdh4/sensor_recovery_project/prediction_results_v9_trained_hybrid/baseline_02_high_altitude_hover_ATT_trained_hybrid_prediction_outputs.csv
8.699852,baseline_02_high_altitude_hover,Yaw,ramp,0.064638,1,352.6195068359375,352.6218153359375,352.61965789794925,0.002157437988273614,0.002157437988273614,0.010773,0,0.0,0.0004960322753959189,0,0,0,W10_N3_mean1.5x,10,3,1.5,1127,Yaw_hybrid_prediction,/home/tchowdh4/sensor_recovery_project/logs/extracted_csv/baseline_02_high_altitude_hover_ATT.csv,/home/tchowdh4/sensor_recovery_project/prediction_results_v9_trained_hybrid/baseline_02_high_altitude_hover_ATT_trained_hybrid_prediction_outputs.csv
8.799812,baseline_02_high_altitude_hover,Yaw,ramp,0.064638,1,352.6190795898437,352.6221575898437,352.61888732910154,0.0032702607421697394,0.0032702607421697394,0.010773,0,0.0,0.0008216850585938574,0,0,0,W10_N3_mean1.5x,10,3,1.5,1127,Yaw_hybrid_prediction,/home/tchowdh4/sensor_recovery_project/logs/extracted_csv/baseline_02_high_altitude_hover_ATT.csv,/home/tchowdh4/sensor_recovery_project/prediction_results_v9_trained_hybrid/baseline_02_high_altitude_hover_ATT_trained_hybrid_prediction_outputs.csv
8.899772,baseline_02_high_altitude_hover,Yaw,ramp,0.064638,1,352.6185607910156,352.62240829101563,352.618327331543,0.004080959472616996,0.004080959472616996,0.010773,0,0.0,0.001228407714830837,0,0,0,W10_N3_mean1.5x,10,3,1.5,1127,Yaw_hybrid_prediction,/home/tchowdh4/sensor_recovery_project/logs/extracted_csv/baseline_02_high_altitude_hover_ATT.csv,/home/tchowdh4/sensor_recovery_project/prediction_results_v9_trained_hybrid/baseline_02_high_altitude_hover_ATT_trained_hybrid_prediction_outputs.csv
8.999732,baseline_02_high_altitude_hover,Yaw,ramp,0.064638,1,352.6178283691406,352.6224453691406,352.6174987792969,0.00494658984371199,0.00494658984371199,0.010773,0,0.0,0.0017052139160000479,0,0,0,W10_N3_mean1.5x,10,3,1.5,1127,Yaw_hybrid_prediction,/home/tchowdh4/sensor_recovery_project/logs/extracted_csv/baseline_02_high_altitude_hover_ATT.csv,/home/tchowdh4/sensor_recovery_project/prediction_results_v9_trained_hybrid/baseline_02_high_altitude_hover_ATT_trained_hybrid_prediction_outputs.csv
9.099692,baseline_02_high_altitude_hover,Yaw,ramp,0.064638,1,352.6175537109375,352.6229402109375,352.6174301147461,0.005510096191358116,0.005510096191358116,0.010773,0,0.0,0.002252103662095806,0,0,0,W10_N3_mean1.5x,10,3,1.5,1127,Yaw_hybrid_prediction,/home/tchowdh4/sensor_recovery_project/logs/extracted_csv/baseline_02_high_altitude_hover_ATT.csv,/home/tchowdh4/sensor_recovery_project/prediction_results_v9_trained_hybrid/baseline_02_high_altitude_hover_ATT_trained_hybrid_prediction_outputs.csv
9.199652,baseline_02_high_altitude_hover,Yaw,ramp,0.064638,1,352.61798095703125,352.6241369570312,352.61817321777346,0.00596373925776561,0.00596373925776561,0.010773,0,0.0,0.002833371386697081,0,0,0,W10_N3_mean1.5x,10,3,1.5,1127,Yaw_hybrid_prediction,/home/tchowdh4/sensor_recovery_project/logs/extracted_csv/baseline_02_high_altitude_hover_ATT.csv,/home/tchowdh4/sensor_recovery_project/prediction_results_v9_trained_hybrid/baseline_02_high_altitude_hover_ATT_trained_hybrid_prediction_outputs.csv
9.299612,baseline_02_high_altitude_hover,Yaw,ramp,0.064638,1,352.6183776855469,352.6253031855469,352.6185562133789,0.006746972168002685,0.006746972168002685,0.010773,0,0.0,0.0034764829101334273,0,0,0,W10_N3_mean1.5x,10,3,1.5,1127,Yaw_hybrid_prediction,/home/tchowdh4/sensor_recovery_project/logs/extracted_csv/baseline_02_high_altitude_hover_ATT.csv,/home/tchowdh4/sensor_recovery_project/prediction_results_v9_trained_hybrid/baseline_02_high_altitude_hover_ATT_trained_hybrid_prediction_outputs.csv
9.399572,baseline_02_high_altitude_hover,Yaw,ramp,0.064638,1,352.6183776855469,352.6260726855469,352.6183776855469,0.007695000000012442,0.007695000000012442,0.010773,0,0.0,0.004245982910134671,0,0,0,W10_N3_mean1.5x,10,3,1.5,1127,Yaw_hybrid_prediction,/home/tchowdh4/sensor_recovery_project/logs/extracted_csv/baseline_02_high_altitude_hover_ATT.csv,/home/tchowdh4/sensor_recovery_project/prediction_results_v9_trained_hybrid/baseline_02_high_altitude_hover_ATT_trained_hybrid_prediction_outputs.csv
9.499532,baseline_02_high_altitude_hover,Yaw,ramp,0.064638,1,352.61834716796875,352.62681166796875,352.6183334350586,0.00847823291013583,0.00847823291013583,0.010773,0,0.0,0.0050182294921683026,0,0,0,W10_N3_mean1.5x,10,3,1.5,1127,Yaw_hybrid_prediction,/home/tchowdh4/sensor_recovery_project/logs/extracted_csv/baseline_02_high_altitude_hover_ATT.csv,/home/tchowdh4/sensor_recovery_project/prediction_results_v9_trained_hybrid/baseline_02_high_altitude_hover_ATT_trained_hybrid_prediction_outputs.csv
9.599492,baseline_02_high_altitude_hover,Yaw,ramp,0.064638,1,352.6185302734375,352.6277642734375,352.6186126708984,0.00915160253907743,0.00915160253907743,0.010773,0,0.0,0.005800089111312445,0,0,0,W10_N3_mean1.5x,10,3,1.5,1127,Yaw_hybrid_prediction,/home/tchowdh4/sensor_recovery_project/logs/extracted_csv/baseline_02_high_altitude_hover_ATT.csv,/home/tchowdh4/sensor_recovery_project/prediction_results_v9_trained_hybrid/baseline_02_high_altitude_hover_ATT_trained_hybrid_prediction_outputs.csv
9.699452,baseline_02_high_altitude_hover,Yaw,ramp,0.064638,1,352.6186218261719,352.62862532617186,352.6186630249024,0.009962301269467844,0.009962301269467844,0.010773,0,0.0,0.0065805754394318685,0,0,0,W10_N3_mean1.5x,10,3,1.5,1127,Yaw_hybrid_prediction,/home/tchowdh4/sensor_recovery_project/logs/extracted_csv/baseline_02_high_altitude_hover_ATT.csv,/home/tchowdh4/sensor_recovery_project/prediction_results_v9_trained_hybrid/baseline_02_high_altitude_hover_ATT_trained_hybrid_prediction_outputs.csv
9.799412,baseline_02_high_altitude_hover,Yaw,ramp,0.064638,1,352.6186828613281,352.6294558613281,352.61871032714845,0.010745534179648075,0.010745534179648075,0.010773,0,0.0,0.007328102783179702,0,0,0,W10_N3_mean1.5x,10,3,1.5,1127,Yaw_hybrid_prediction,/home/tchowdh4/sensor_recovery_project/logs/extracted_csv/baseline_02_high_altitude_hover_ATT.csv,/home/tchowdh4/sensor_recovery_project/prediction_results_v9_trained_hybrid/baseline_02_high_altitude_hover_ATT_trained_hybrid_prediction_outputs.csv
9.899372,baseline_02_high_altitude_hover,Yaw,ramp,0.064638,1,352.6192932128906,352.63083571289064,352.6195678710937,0.011267841796950506,0.011267841796950506,0.010773,1,1.0,0.008046791015613054,0,0,0,W10_N3_mean1.5x,10,3,1.5,1127,Yaw_hybrid_prediction,/home/tchowdh4/sensor_recovery_project/logs/extracted_csv/baseline_02_high_altitude_hover_ATT.csv,/home/tchowdh4/sensor_recovery_project/prediction_results_v9_trained_hybrid/baseline_02_high_altitude_hover_ATT_trained_hybrid_prediction_outputs.csv
9.999332,baseline_02_high_altitude_hover,Yaw,ramp,0.064638,1,352.61944580078125,352.63175780078126,352.61951446533203,0.012243335449227288,0.012243335449227288,0.010773,1,2.0,0.008776465576164582,0,0,0,W10_N3_mean1.5x,10,3,1.5,1127,Yaw_hybrid_prediction,/home/tchowdh4/sensor_recovery_project/logs/extracted_csv/baseline_02_high_altitude_hover_ATT.csv,/home/tchowdh4/sensor_recovery_project/prediction_results_v9_trained_hybrid/baseline_02_high_altitude_hover_ATT_trained_hybrid_prediction_outputs.csv
10.100125,baseline_02_high_altitude_hover,Yaw,ramp,0.064638,1,352.6196594238281,352.6327409238281,352.6197555541993,0.012985369628836452,0.012985369628836452,0.010773,1,3.0,0.009523992919912416,1,0,1,W10_N3_mean1.5x,10,3,1.5,1127,Yaw_hybrid_prediction,/home/tchowdh4/sensor_recovery_project/logs/extracted_csv/baseline_02_high_altitude_hover_ATT.csv,/home/tchowdh4/sensor_recovery_project/prediction_results_v9_trained_hybrid/baseline_02_high_altitude_hover_ATT_trained_hybrid_prediction_outputs.csv
10.200085,baseline_02_high_altitude_hover,Yaw,ramp,0.064638,1,352.6192932128906,352.6331442128906,352.6191284179688,0.014015794921817815,0.014015794921817815,0.010773,1,4.0,0.010329198486317637,1,0,1,W10_N3_mean1.5x,10,3,1.5,1127,Yaw_hybrid_prediction,/home/tchowdh4/sensor_recovery_project/logs/extracted_csv/baseline_02_high_altitude_hover_ATT.csv,/home/tchowdh4/sensor_recovery_project/prediction_results_v9_trained_hybrid/baseline_02_high_altitude_hover_ATT_trained_hybrid_prediction_outputs.csv
10.300045,baseline_02_high_altitude_hover,Yaw,ramp,0.064638,1,352.6191711425781,352.6337916425781,352.61911621093753,0.014675431640569059,0.014675431640569059,0.010773,1,5.0,0.011122044433574275,1,0,1,W10_N3_mean1.5x,10,3,1.5,1127,Yaw_hybrid_prediction,/home/tchowdh4/sensor_recovery_project/logs/extracted_csv/baseline_02_high_altitude_hover_ATT.csv,/home/tchowdh4/sensor_recovery_project/prediction_results_v9_trained_hybrid/baseline_02_high_altitude_hover_ATT_trained_hybrid_prediction_outputs.csv
10.400005,baseline_02_high_altitude_hover,Yaw,ramp,0.064638,1,352.619140625,352.634530625,352.61912689208987,0.015403732910158396,0.015403732910158396,0.010773,1,6.0,0.01189291772458887,1,0,1,W10_N3_mean1.5x,10,3,1.5,1127,Yaw_hybrid_prediction,/home/tchowdh4/sensor_recovery_project/logs/extracted_csv/baseline_02_high_altitude_hover_ATT.csv,/home/tchowdh4/sensor_recovery_project/prediction_results_v9_trained_hybrid/baseline_02_high_altitude_hover_ATT_trained_hybrid_prediction_outputs.csv
10.499965,baseline_02_high_altitude_hover,Yaw,ramp,0.064638,1,352.6190185546875,352.6351780546875,352.6189636230469,0.016214431640605653,0.016214431640605653,0.010773,1,7.0,0.012666537597635853,1,0,1,W10_N3_mean1.5x,10,3,1.5,1127,Yaw_hybrid_prediction,/home/tchowdh4/sensor_recovery_project/logs/extracted_csv/baseline_02_high_altitude_hover_ATT.csv,/home/tchowdh4/sensor_recovery_project/prediction_results_v9_trained_hybrid/baseline_02_high_altitude_hover_ATT_trained_hybrid_prediction_outputs.csv
10.599925,baseline_02_high_altitude_hover,Yaw,ramp,0.064638,1,352.61883544921875,352.63576444921875,352.61875305175784,0.017011397460919397,0.017011397460919397,0.010773,1,8.0,0.013452517089820048,1,0,1,W10_N3_mean1.5x,10,3,1.5,1127,Yaw_hybrid_prediction,/home/tchowdh4/sensor_recovery_project/logs/extracted_csv/baseline_02_high_altitude_hover_ATT.csv,/home/tchowdh4/sensor_recovery_project/prediction_results_v9_trained_hybrid/baseline_02_high_altitude_hover_ATT_trained_hybrid_prediction_outputs.csv
10.699885,baseline_02_high_altitude_hover,Yaw,ramp,0.064638,1,352.618896484375,352.636594984375,352.6189239501954,0.017671034179613798,0.017671034179613798,0.010773,1,9.0,0.014223390380834644,1,0,1,W10_N3_mean1.5x,10,3,1.5,1127,Yaw_hybrid_prediction,/home/tchowdh4/sensor_recovery_project/logs/extracted_csv/baseline_02_high_altitude_hover_ATT.csv,/home/tchowdh4/sensor_recovery_project/prediction_results_v9_trained_hybrid/baseline_02_high_altitude_hover_ATT_trained_hybrid_prediction_outputs.csv
10.799845,baseline_02_high_altitude_hover,Yaw,ramp,0.064638,1,352.6186218261719,352.63708982617186,352.6184982299805,0.01859159619135653,0.01859159619135653,0.010773,1,10.0,0.01500799658200549,1,0,1,W10_N3_mean1.5x,10,3,1.5,1127,Yaw_hybrid_prediction,/home/tchowdh4/sensor_recovery_project/logs/extracted_csv/baseline_02_high_altitude_hover_ATT.csv,/home/tchowdh4/sensor_recovery_project/prediction_results_v9_trained_hybrid/baseline_02_high_altitude_hover_ATT_trained_hybrid_prediction_outputs.csv
10.899805,baseline_02_high_altitude_hover,Yaw,ramp,0.064638,1,352.6188659667969,352.63810346679685,352.61897583007817,0.019127636718678787,0.019127636718678787,0.010773,1,10.0,0.015793976074178318,1,0,1,W10_N3_mean1.5x,10,3,1.5,1127,Yaw_hybrid_prediction,/home/tchowdh4/sensor_recovery_project/logs/extracted_csv/baseline_02_high_altitude_hover_ATT.csv,/home/tchowdh4/sensor_recovery_project/prediction_results_v9_trained_hybrid/baseline_02_high_altitude_hover_ATT_trained_hybrid_prediction_outputs.csv
10.999765,baseline_02_high_altitude_hover,Yaw,ramp,0.064638,1,352.6189880371094,352.6389950371094,352.61904296875,0.019952068359373243,0.019952068359373243,0.010773,1,10.0,0.016564849365192914,1,1,1,W10_N3_mean1.5x,10,3,1.5,1127,Yaw_hybrid_prediction,/home/tchowdh4/sensor_recovery_project/logs/extracted_csv/baseline_02_high_altitude_hover_ATT.csv,/home/tchowdh4/sensor_recovery_project/prediction_results_v9_trained_hybrid/baseline_02_high_altitude_hover_ATT_trained_hybrid_prediction_outputs.csv
11.099725,baseline_02_high_altitude_hover,Yaw,ramp,0.064638,1,352.61871337890625,352.63948987890626,352.6185897827149,0.020900096191383,0.020900096191383,0.010773,1,10.0,0.017356322021447566,1,1,1,W10_N3_mean1.5x,10,3,1.5,1127,Yaw_hybrid_prediction,/home/tchowdh4/sensor_recovery_project/logs/extracted_csv/baseline_02_high_altitude_hover_ATT.csv,/home/tchowdh4/sensor_recovery_project/prediction_results_v9_trained_hybrid/baseline_02_high_altitude_hover_ATT_trained_hybrid_prediction_outputs.csv
11.199685,baseline_02_high_altitude_hover,Yaw,ramp,0.064638,1,352.6185302734375,352.6400762734375,352.6184478759766,0.021628397460915494,0.021628397460915494,0.010773,1,10.0,0.018117582275357334,1,1,1,W10_N3_mean1.5x,10,3,1.5,1127,Yaw_hybrid_prediction,/home/tchowdh4/sensor_recovery_project/logs/extracted_csv/baseline_02_high_altitude_hover_ATT.csv,/home/tchowdh4/sensor_recovery_project/prediction_results_v9_trained_hybrid/baseline_02_high_altitude_hover_ATT_trained_hybrid_prediction_outputs.csv
11.299645,baseline_02_high_altitude_hover,Yaw,ramp,0.064638,1,352.61865234375,352.64096784375,352.61870727539065,0.02226056835934287,0.02226056835934287,0.010773,1,10.0,0.018876095947234717,1,1,1,W10_N3_mean1.5x,10,3,1.5,1127,Yaw_hybrid_prediction,/home/tchowdh4/sensor_recovery_project/logs/extracted_csv/baseline_02_high_altitude_hover_ATT.csv,/home/tchowdh4/sensor_recovery_project/prediction_results_v9_trained_hybrid/baseline_02_high_altitude_hover_ATT_trained_hybrid_prediction_outputs.csv
11.399605,baseline_02_high_altitude_hover,Yaw,ramp,0.064638,1,352.6187744140625,352.6418594140625,352.61882934570315,0.023030068359332745,0.023030068359332745,0.010773,1,10.0,0.019638729492152153,1,1,1,W10_N3_mean1.5x,10,3,1.5,1127,Yaw_hybrid_prediction,/home/tchowdh4/sensor_recovery_project/logs/extracted_csv/baseline_02_high_altitude_hover_ATT.csv,/home/tchowdh4/sensor_recovery_project/prediction_results_v9_trained_hybrid/baseline_02_high_altitude_hover_ATT_trained_hybrid_prediction_outputs.csv
11.499565,baseline_02_high_altitude_hover,Yaw,ramp,0.064638,1,352.6193542480469,352.6432087480469,352.61961517333987,0.023593574707035714,0.023593574707035714,0.010773,1,10.0,0.02037664379879516,1,1,1,W10_N3_mean1.5x,10,3,1.5,1127,Yaw_hybrid_prediction,/home/tchowdh4/sensor_recovery_project/logs/extracted_csv/baseline_02_high_altitude_hover_ATT.csv,/home/tchowdh4/sensor_recovery_project/prediction_results_v9_trained_hybrid/baseline_02_high_altitude_hover_ATT_trained_hybrid_prediction_outputs.csv
11.599525,baseline_02_high_altitude_hover,Yaw,ramp,0.064638,1,352.61968994140625,352.64431394140627,352.619841003418,0.02447293798826422,0.02447293798826422,0.010773,1,10.0,0.02112279785152964,1,1,1,W10_N3_mean1.5x,10,3,1.5,1127,Yaw_hybrid_prediction,/home/tchowdh4/sensor_recovery_project/logs/extracted_csv/baseline_02_high_altitude_hover_ATT.csv,/home/tchowdh4/sensor_recovery_project/prediction_results_v9_trained_hybrid/baseline_02_high_altitude_hover_ATT_trained_hybrid_prediction_outputs.csv
11.699485,baseline_02_high_altitude_hover,Yaw,ramp,0.064638,1,352.6205444335937,352.6459379335937,352.62092895507806,0.02500897851564332,0.02500897851564332,0.010773,1,10.0,0.021856592285132592,1,1,1,W10_N3_mean1.5x,10,3,1.5,1127,Yaw_hybrid_prediction,/home/tchowdh4/sensor_recovery_project/logs/extracted_csv/baseline_02_high_altitude_hover_ATT.csv,/home/tchowdh4/sensor_recovery_project/prediction_results_v9_trained_hybrid/baseline_02_high_altitude_hover_ATT_trained_hybrid_prediction_outputs.csv
11.799445,baseline_02_high_altitude_hover,Yaw,ramp,0.064638,1,352.6210327148437,352.6471957148437,352.6212524414062,0.02594327343746272,0.02594327343746272,0.010773,1,10.0,0.022591760009743212,1,1,1,W10_N3_mean1.5x,10,3,1.5,1127,Yaw_hybrid_prediction,/home/tchowdh4/sensor_recovery_project/logs/extracted_csv/baseline_02_high_altitude_hover_ATT.csv,/home/tchowdh4/sensor_recovery_project/prediction_results_v9_trained_hybrid/baseline_02_high_altitude_hover_ATT_trained_hybrid_prediction_outputs.csv
11.899405,baseline_02_high_altitude_hover,Yaw,ramp,0.064638,1,352.6215515136719,352.64848401367186,352.6217849731446,0.02669904052726224,0.02669904052726224,0.010773,1,10.0,0.023348900390601557,1,1,1,W10_N3_mean1.5x,10,3,1.5,1127,Yaw_hybrid_prediction,/home/tchowdh4/sensor_recovery_project/logs/extracted_csv/baseline_02_high_altitude_hover_ATT.csv,/home/tchowdh4/sensor_recovery_project/prediction_results_v9_trained_hybrid/baseline_02_high_altitude_hover_ATT_trained_hybrid_prediction_outputs.csv
11.999365,baseline_02_high_altitude_hover,Yaw,ramp,0.064638,1,352.6219482421875,352.6496502421875,352.6221267700196,0.027523472167899854,0.027523472167899854,0.010773,1,10.0,0.02410604077145422,1,1,1,W10_N3_mean1.5x,10,3,1.5,1127,Yaw_hybrid_prediction,/home/tchowdh4/sensor_recovery_project/logs/extracted_csv/baseline_02_high_altitude_hover_ATT.csv,/home/tchowdh4/sensor_recovery_project/prediction_results_v9_trained_hybrid/baseline_02_high_altitude_hover_ATT_trained_hybrid_prediction_outputs.csv
12.099325,baseline_02_high_altitude_hover,Yaw,ramp,0.064638,1,352.6224365234375,352.6509080234375,352.62265625000003,0.02825177343748919,0.02825177343748919,0.010773,1,10.0,0.02484120849606484,1,1,1,W10_N3_mean1.5x,10,3,1.5,1127,Yaw_hybrid_prediction,/home/tchowdh4/sensor_recovery_project/logs/extracted_csv/baseline_02_high_altitude_hover_ATT.csv,/home/tchowdh4/sensor_recovery_project/prediction_results_v9_trained_hybrid/baseline_02_high_altitude_hover_ATT_trained_hybrid_prediction_outputs.csv
12.200118,baseline_02_high_altitude_hover,Yaw,ramp,0.064638,1,352.6228332519531,352.65207425195314,352.6230117797852,0.02906247216793645,0.02906247216793645,0.010773,1,10.0,0.025584615966766932,1,1,1,W10_N3_mean1.5x,10,3,1.5,1127,Yaw_hybrid_prediction,/home/tchowdh4/sensor_recovery_project/logs/extracted_csv/baseline_02_high_altitude_hover_ATT.csv,/home/tchowdh4/sensor_recovery_project/prediction_results_v9_trained_hybrid/baseline_02_high_altitude_hover_ATT_trained_hybrid_prediction_outputs.csv
12.300078,baseline_02_high_altitude_hover,Yaw,ramp,0.064638,1,352.6234436035156,352.6534541035156,352.62371826171875,0.02973584179687805,0.02973584179687805,0.010773,1,10.0,0.026332143310520452,1,1,1,W10_N3_mean1.5x,10,3,1.5,1127,Yaw_hybrid_prediction,/home/tchowdh4/sensor_recovery_project/logs/extracted_csv/baseline_02_high_altitude_hover_ATT.csv,/home/tchowdh4/sensor_recovery_project/prediction_results_v9_trained_hybrid/baseline_02_high_altitude_hover_ATT_trained_hybrid_prediction_outputs.csv
12.400038,baseline_02_high_altitude_hover,Yaw,ramp,0.064638,1,352.6236572265625,352.6544372265625,352.6237533569336,0.030683869628887805,0.030683869628887805,0.010773,1,10.0,0.027097523437475957,1,1,1,W10_N3_mean1.5x,10,3,1.5,1127,Yaw_hybrid_prediction,/home/tchowdh4/sensor_recovery_project/logs/extracted_csv/baseline_02_high_altitude_hover_ATT.csv,/home/tchowdh4/sensor_recovery_project/prediction_results_v9_trained_hybrid/baseline_02_high_altitude_hover_ATT_trained_hybrid_prediction_outputs.csv
12.499998,baseline_02_high_altitude_hover,Yaw,ramp,0.064638,1,352.62408447265625,352.65563397265623,352.62427673339846,0.03135723925777256,0.03135723925777256,0.010773,1,10.0,0.02787388989254964,1,1,1,W10_N3_mean1.5x,10,3,1.5,1127,Yaw_hybrid_prediction,/home/tchowdh4/sensor_recovery_project/logs/extracted_csv/baseline_02_high_altitude_hover_ATT.csv,/home/tchowdh4/sensor_recovery_project/prediction_results_v9_trained_hybrid/baseline_02_high_altitude_hover_ATT_trained_hybrid_prediction_outputs.csv
12.599958,baseline_02_high_altitude_hover,Yaw,ramp,0.064638,1,352.6241149902344,352.65643399023435,352.62412872314457,0.03230526708978232,0.03230526708978232,0.010773,1,10.0,0.02865712280270145,1,1,1,W10_N3_mean1.5x,10,3,1.5,1127,Yaw_hybrid_prediction,/home/tchowdh4/sensor_recovery_project/logs/extracted_csv/baseline_02_high_altitude_hover_ATT.csv,/home/tchowdh4/sensor_recovery_project/prediction_results_v9_trained_hybrid/baseline_02_high_altitude_hover_ATT_trained_hybrid_prediction_outputs.csv
12.699918,baseline_02_high_altitude_hover,Yaw,ramp,0.064638,1,352.6246032714844,352.6576917714844,352.62482299804685,0.03286877343754213,0.03286877343754213,0.010773,1,10.0,0.029443102294891332,1,1,1,W10_N3_mean1.5x,10,3,1.5,1127,Yaw_hybrid_prediction,/home/tchowdh4/sensor_recovery_project/logs/extracted_csv/baseline_02_high_altitude_hover_ATT.csv,/home/tchowdh4/sensor_recovery_project/prediction_results_v9_trained_hybrid/baseline_02_high_altitude_hover_ATT_trained_hybrid_prediction_outputs.csv
12.799878,baseline_02_high_altitude_hover,Yaw,ramp,0.064638,1,352.6246032714844,352.6584612714844,352.6246032714844,0.03385800000000927,0.03385800000000927,0.010773,1,10.0,0.03023457495114599,1,1,1,W10_N3_mean1.5x,10,3,1.5,1127,Yaw_hybrid_prediction,/home/tchowdh4/sensor_recovery_project/logs/extracted_csv/baseline_02_high_altitude_hover_ATT.csv,/home/tchowdh4/sensor_recovery_project/prediction_results_v9_trained_hybrid/baseline_02_high_altitude_hover_ATT_trained_hybrid_prediction_outputs.csv
12.899838,baseline_02_high_altitude_hover,Yaw,ramp,0.064638,1,352.62481689453125,352.65944439453125,352.6249130249024,0.03453136962883718,0.03453136962883718,0.010773,1,10.0,0.03101780786130348,1,1,1,W10_N3_mean1.5x,10,3,1.5,1127,Yaw_hybrid_prediction,/home/tchowdh4/sensor_recovery_project/logs/extracted_csv/baseline_02_high_altitude_hover_ATT.csv,/home/tchowdh4/sensor_recovery_project/prediction_results_v9_trained_hybrid/baseline_02_high_altitude_hover_ATT_trained_hybrid_prediction_outputs.csv
12.999798,baseline_02_high_altitude_hover,Yaw,ramp,0.064638,1,352.6248779296875,352.6602749296875,352.6249053955078,0.03536953417966515,0.03536953417966515,0.010773,1,10.0,0.03180241406248001,1,1,1,W10_N3_mean1.5x,10,3,1.5,1127,Yaw_hybrid_prediction,/home/tchowdh4/sensor_recovery_project/logs/extracted_csv/baseline_02_high_altitude_hover_ATT.csv,/home/tchowdh4/sensor_recovery_project/prediction_results_v9_trained_hybrid/baseline_02_high_altitude_hover_ATT_trained_hybrid_prediction_outputs.csv
13.099758,baseline_02_high_altitude_hover,Yaw,ramp,0.064638,1,352.6251525878906,352.6613190878906,352.62527618408205,0.03604290380854991,0.03604290380854991,0.010773,1,10.0,0.03258152709958608,1,1,1,W10_N3_mean1.5x,10,3,1.5,1127,Yaw_hybrid_prediction,/home/tchowdh4/sensor_recovery_project/logs/extracted_csv/baseline_02_high_altitude_hover_ATT.csv,/home/tchowdh4/sensor_recovery_project/prediction_results_v9_trained_hybrid/baseline_02_high_altitude_hover_ATT_trained_hybrid_prediction_outputs.csv
13.199718,baseline_02_high_altitude_hover,Yaw,ramp,0.064638,1,352.6253662109375,352.6623022109375,352.6254623413086,0.036839869628920496,0.036839869628920496,0.010773,1,10.0,0.033359266845684486,1,1,1,W10_N3_mean1.5x,10,3,1.5,1127,Yaw_hybrid_prediction,/home/tchowdh4/sensor_recovery_project/logs/extracted_csv/baseline_02_high_altitude_hover_ATT.csv,/home/tchowdh4/sensor_recovery_project/prediction_results_v9_trained_hybrid/baseline_02_high_altitude_hover_ATT_trained_hybrid_prediction_outputs.csv
13.299678,baseline_02_high_altitude_hover,Yaw,ramp,0.064638,1,352.6254272460937,352.6631327460937,352.625454711914,0.03767803417969162,0.03767803417969162,0.010773,1,10.0,0.034153486083965845,1,1,1,W10_N3_mean1.5x,10,3,1.5,1127,Yaw_hybrid_prediction,/home/tchowdh4/sensor_recovery_project/logs/extracted_csv/baseline_02_high_altitude_hover_ATT.csv,/home/tchowdh4/sensor_recovery_project/prediction_results_v9_trained_hybrid/baseline_02_high_altitude_hover_ATT_trained_hybrid_prediction_outputs.csv
13.399638,baseline_02_high_altitude_hover,Yaw,ramp,0.064638,1,352.6175537109375,352.6560287109375,352.61401062011726,0.042018090820249654,0.042018090820249654,0.010773,1,10.0,0.03528690820310203,1,1,1,W10_N3_mean1.5x,10,3,1.5,1127,Yaw_hybrid_prediction,/home/tchowdh4/sensor_recovery_project/logs/extracted_csv/baseline_02_high_altitude_hover_ATT.csv,/home/tchowdh4/sensor_recovery_project/prediction_results_v9_trained_hybrid/baseline_02_high_altitude_hover_ATT_trained_hybrid_prediction_outputs.csv
13.499598,baseline_02_high_altitude_hover,Yaw,ramp,0.064638,1,352.5969543457031,352.6361988457031,352.58768463134766,0.04851421435546399,0.04851421435546399,0.010773,1,10.0,0.03700260571287117,1,1,1,W10_N3_mean1.5x,10,3,1.5,1127,Yaw_hybrid_prediction,/home/tchowdh4/sensor_recovery_project/logs/extracted_csv/baseline_02_high_altitude_hover_ATT.csv,/home/tchowdh4/sensor_recovery_project/prediction_results_v9_trained_hybrid/baseline_02_high_altitude_hover_ATT_trained_hybrid_prediction_outputs.csv
13.599558,baseline_02_high_altitude_hover,Yaw,ramp,0.064638,1,352.57135009765625,352.61136409765624,352.55982818603513,0.051535911621101604,0.051535911621101604,0.010773,1,10.0,0.0389256701660031,1,1,1,W10_N3_mean1.5x,10,3,1.5,1127,Yaw_hybrid_prediction,/home/tchowdh4/sensor_recovery_project/logs/extracted_csv/baseline_02_high_altitude_hover_ATT.csv,/home/tchowdh4/sensor_recovery_project/prediction_results_v9_trained_hybrid/baseline_02_high_altitude_hover_ATT_trained_hybrid_prediction_outputs.csv
13.699518,baseline_02_high_altitude_hover,Yaw,ramp,0.064638,1,352.54718017578125,352.5879636757812,352.53630371093755,0.05165996484367952,0.05165996484367952,0.010773,1,10.0,0.04080478930661684,1,1,1,W10_N3_mean1.5x,10,3,1.5,1127,Yaw_hybrid_prediction,/home/tchowdh4/sensor_recovery_project/logs/extracted_csv/baseline_02_high_altitude_hover_ATT.csv,/home/tchowdh4/sensor_recovery_project/prediction_results_v9_trained_hybrid/baseline_02_high_altitude_hover_ATT_trained_hybrid_prediction_outputs.csv
13.799478,baseline_02_high_altitude_hover,Yaw,ramp,0.064638,1,352.5259704589844,352.5675234589844,352.5164260864258,0.05109737255861546,0.05109737255861546,0.010773,1,10.0,0.042528726562477456,1,1,1,W10_N3_mean1.5x,10,3,1.5,1127,Yaw_hybrid_prediction,/home/tchowdh4/sensor_recovery_project/logs/extracted_csv/baseline_02_high_altitude_hover_ATT.csv,/home/tchowdh4/sensor_recovery_project/prediction_results_v9_trained_hybrid/baseline_02_high_altitude_hover_ATT_trained_hybrid_prediction_outputs.csv
13.899438,baseline_02_high_altitude_hover,Yaw,ramp,0.064638,1,352.5079650878906,352.55028758789064,352.49986267089844,0.05042491699219909,0.05042491699219909,0.010773,1,10.0,0.04411808129881365,1,1,1,W10_N3_mean1.5x,10,3,1.5,1127,Yaw_hybrid_prediction,/home/tchowdh4/sensor_recovery_project/logs/extracted_csv/baseline_02_high_altitude_hover_ATT.csv,/home/tchowdh4/sensor_recovery_project/prediction_results_v9_trained_hybrid/baseline_02_high_altitude_hover_ATT_trained_hybrid_prediction_outputs.csv
13.999398,baseline_02_high_altitude_hover,Yaw,ramp,0.064638,1,352.4928894042969,352.5359814042969,352.4861053466797,0.049876057617154856,0.049876057617154856,0.010773,1,10.0,0.04556873364256262,1,1,1,W10_N3_mean1.5x,10,3,1.5,1127,Yaw_hybrid_prediction,/home/tchowdh4/sensor_recovery_project/logs/extracted_csv/baseline_02_high_altitude_hover_ATT.csv,/home/tchowdh4/sensor_recovery_project/prediction_results_v9_trained_hybrid/baseline_02_high_altitude_hover_ATT_trained_hybrid_prediction_outputs.csv
14.099358,baseline_02_high_altitude_hover,Yaw,ramp,0.064638,1,352.4793395996094,352.52320109960937,352.4732421875,0.049958912109389075,0.049958912109389075,0.010773,1,10.0,0.04696033447264654,1,1,1,W10_N3_mean1.5x,10,3,1.5,1127,Yaw_hybrid_prediction,/home/tchowdh4/sensor_recovery_project/logs/extracted_csv/baseline_02_high_altitude_hover_ATT.csv,/home/tchowdh4/sensor_recovery_project/prediction_results_v9_trained_hybrid/baseline_02_high_altitude_hover_ATT_trained_hybrid_prediction_outputs.csv
14.199318,baseline_02_high_altitude_hover,Yaw,ramp,0.064638,1,352.46710205078125,352.51173305078123,352.4615951538086,0.050137896972614726,0.050137896972614726,0.010773,1,10.0,0.04829013720701596,1,1,1,W10_N3_mean1.5x,10,3,1.5,1127,Yaw_hybrid_prediction,/home/tchowdh4/sensor_recovery_project/logs/extracted_csv/baseline_02_high_altitude_hover_ATT.csv,/home/tchowdh4/sensor_recovery_project/prediction_results_v9_trained_hybrid/baseline_02_high_altitude_hover_ATT_trained_hybrid_prediction_outputs.csv
14.300111,baseline_02_high_altitude_hover,Yaw,ramp,0.064638,1,352.45623779296875,352.5016382929688,352.45134887695315,0.050289416015630195,0.050289416015630195,0.010773,1,10.0,0.049551275390609814,1,1,1,W10_N3_mean1.5x,10,3,1.5,1127,Yaw_hybrid_prediction,/home/tchowdh4/sensor_recovery_project/logs/extracted_csv/baseline_02_high_altitude_hover_ATT.csv,/home/tchowdh4/sensor_recovery_project/prediction_results_v9_trained_hybrid/baseline_02_high_altitude_hover_ATT_trained_hybrid_prediction_outputs.csv
14.400071,baseline_02_high_altitude_hover,Yaw,ramp,0.064638,1,352.4463806152344,352.4925506152344,352.4419448852539,0.05060572998047519,0.05060572998047519,0.010773,1,10.0,0.05041003930663237,1,1,1,W10_N3_mean1.5x,10,3,1.5,1127,Yaw_hybrid_prediction,/home/tchowdh4/sensor_recovery_project/logs/extracted_csv/baseline_02_high_altitude_hover_ATT.csv,/home/tchowdh4/sensor_recovery_project/prediction_results_v9_trained_hybrid/baseline_02_high_altitude_hover_ATT_trained_hybrid_prediction_outputs.csv
14.500031,baseline_02_high_altitude_hover,Yaw,ramp,0.064638,1,352.4372253417969,352.4841648417969,352.43310546875,0.05105937304688268,0.05105937304688268,0.010773,1,10.0,0.05066455517577424,1,1,1,W10_N3_mean1.5x,10,3,1.5,1127,Yaw_hybrid_prediction,/home/tchowdh4/sensor_recovery_project/logs/extracted_csv/baseline_02_high_altitude_hover_ATT.csv,/home/tchowdh4/sensor_recovery_project/prediction_results_v9_trained_hybrid/baseline_02_high_altitude_hover_ATT_trained_hybrid_prediction_outputs.csv
14.599991,baseline_02_high_altitude_hover,Yaw,ramp,0.064638,1,352.428955078125,352.476664078125,352.4252334594727,0.05143061865231857,0.05143061865231857,0.010773,1,10.0,0.050654025878895934,1,1,1,W10_N3_mean1.5x,10,3,1.5,1127,Yaw_hybrid_prediction,/home/tchowdh4/sensor_recovery_project/logs/extracted_csv/baseline_02_high_altitude_hover_ATT.csv,/home/tchowdh4/sensor_recovery_project/prediction_results_v9_trained_hybrid/baseline_02_high_altitude_hover_ATT_trained_hybrid_prediction_outputs.csv
14.699951,baseline_02_high_altitude_hover,Yaw,ramp,0.064638,1,352.42144775390625,352.46992625390624,352.41806945800784,0.0518567958984022,0.0518567958984022,0.010773,1,10.0,0.0506737089843682,1,1,1,W10_N3_mean1.5x,10,3,1.5,1127,Yaw_hybrid_prediction,/home/tchowdh4/sensor_recovery_project/logs/extracted_csv/baseline_02_high_altitude_hover_ATT.csv,/home/tchowdh4/sensor_recovery_project/prediction_results_v9_trained_hybrid/baseline_02_high_altitude_hover_ATT_trained_hybrid_prediction_outputs.csv
14.799911,baseline_02_high_altitude_hover,Yaw,ramp,0.064638,1,352.4145202636719,352.46376826367185,352.41140289306645,0.052365370605400585,0.052365370605400585,0.010773,1,10.0,0.05080050878904672,1,1,1,W10_N3_mean1.5x,10,3,1.5,1127,Yaw_hybrid_prediction,/home/tchowdh4/sensor_recovery_project/logs/extracted_csv/baseline_02_high_altitude_hover_ATT.csv,/home/tchowdh4/sensor_recovery_project/prediction_results_v9_trained_hybrid/baseline_02_high_altitude_hover_ATT_trained_hybrid_prediction_outputs.csv
14.899871,baseline_02_high_altitude_hover,Yaw,ramp,0.064638,1,352.4084777832031,352.45849528320315,352.40575866699226,0.05273661621089332,0.05273661621089332,0.010773,1,10.0,0.05103167871091614,1,1,1,W10_N3_mean1.5x,10,3,1.5,1127,Yaw_hybrid_prediction,/home/tchowdh4/sensor_recovery_project/logs/extracted_csv/baseline_02_high_altitude_hover_ATT.csv,/home/tchowdh4/sensor_recovery_project/prediction_results_v9_trained_hybrid/baseline_02_high_altitude_hover_ATT_trained_hybrid_prediction_outputs.csv
14.999831,baseline_02_high_altitude_hover,Yaw,ramp,0.064638,1,352.40301513671875,352.45380213671876,352.4005569458008,0.05324519091794855,0.05324519091794855,0.010773,1,10.0,0.05136859204099551,1,1,1,W10_N3_mean1.5x,10,3,1.5,1127,Yaw_hybrid_prediction,/home/tchowdh4/sensor_recovery_project/logs/extracted_csv/baseline_02_high_altitude_hover_ATT.csv,/home/tchowdh4/sensor_recovery_project/prediction_results_v9_trained_hybrid/baseline_02_high_altitude_hover_ATT_trained_hybrid_prediction_outputs.csv
15.099791,baseline_02_high_altitude_hover,Yaw,ramp,0.064638,1,352.3981628417969,352.4497193417969,352.395979309082,0.05374003271487027,0.05374003271487027,0.010773,1,10.0,0.051746704101543625,1,1,1,W10_N3_mean1.5x,10,3,1.5,1127,Yaw_hybrid_prediction,/home/tchowdh4/sensor_recovery_project/logs/extracted_csv/baseline_02_high_altitude_hover_ATT.csv,/home/tchowdh4/sensor_recovery_project/prediction_results_v9_trained_hybrid/baseline_02_high_altitude_hover_ATT_trained_hybrid_prediction_outputs.csv
15.199751,baseline_02_high_altitude_hover,Yaw,ramp,0.064638,1,352.3934631347656,352.4457891347656,352.39134826660154,0.05444086816407889,0.05444086816407889,0.010773,1,10.0,0.05217700122069004,1,1,1,W10_N3_mean1.5x,10,3,1.5,1127,Yaw_hybrid_prediction,/home/tchowdh4/sensor_recovery_project/logs/extracted_csv/baseline_02_high_altitude_hover_ATT.csv,/home/tchowdh4/sensor_recovery_project/prediction_results_v9_trained_hybrid/baseline_02_high_altitude_hover_ATT_trained_hybrid_prediction_outputs.csv
15.299711,baseline_02_high_altitude_hover,Yaw,ramp,0.064638,1,352.3892822265625,352.4423777265625,352.38740081787114,0.054976908691344306,0.054976908691344306,0.010773,1,10.0,0.05264575048826146,1,1,1,W10_N3_mean1.5x,10,3,1.5,1127,Yaw_hybrid_prediction,/home/tchowdh4/sensor_recovery_project/logs/extracted_csv/baseline_02_high_altitude_hover_ATT.csv,/home/tchowdh4/sensor_recovery_project/prediction_results_v9_trained_hybrid/baseline_02_high_altitude_hover_ATT_trained_hybrid_prediction_outputs.csv
15.399671,baseline_02_high_altitude_hover,Yaw,ramp,0.064638,1,352.3854675292969,352.43933252929685,352.38375091552734,0.055581613769504656,0.055581613769504656,0.010773,1,10.0,0.0531433388671644,1,1,1,W10_N3_mean1.5x,10,3,1.5,1127,Yaw_hybrid_prediction,/home/tchowdh4/sensor_recovery_project/logs/extracted_csv/baseline_02_high_altitude_hover_ATT.csv,/home/tchowdh4/sensor_recovery_project/prediction_results_v9_trained_hybrid/baseline_02_high_altitude_hover_ATT_trained_hybrid_prediction_outputs.csv
15.499631,baseline_02_high_altitude_hover,Yaw,ramp,0.064638,1,352.3819274902344,352.4365619902344,352.3803344726563,0.05622751757812239,0.05622751757812239,0.010773,1,10.0,0.053660153320288374,1,1,1,W10_N3_mean1.5x,10,3,1.5,1127,Yaw_hybrid_prediction,/home/tchowdh4/sensor_recovery_project/logs/extracted_csv/baseline_02_high_altitude_hover_ATT.csv,/home/tchowdh4/sensor_recovery_project/prediction_results_v9_trained_hybrid/baseline_02_high_altitude_hover_ATT_trained_hybrid_prediction_outputs.csv
15.599591,baseline_02_high_altitude_hover,Yaw,ramp,0.064638,1,352.3785400390625,352.4339440390625,352.3770156860352,0.05692835302733101,0.05692835302733101,0.010773,1,10.0,0.054209926757789614,1,1,1,W10_N3_mean1.5x,10,3,1.5,1127,Yaw_hybrid_prediction,/home/tchowdh4/sensor_recovery_project/logs/extracted_csv/baseline_02_high_altitude_hover_ATT.csv,/home/tchowdh4/sensor_recovery_project/prediction_results_v9_trained_hybrid/baseline_02_high_altitude_hover_ATT_trained_hybrid_prediction_outputs.csv
15.699551,baseline_02_high_altitude_hover,Yaw,ramp,0.064638,1,352.3756103515625,352.4317838515625,352.3742919921875,0.05749185937497714,0.05749185937497714,0.010773,1,10.0,0.05477343310544711,1,1,1,W10_N3_mean1.5x,10,3,1.5,1127,Yaw_hybrid_prediction,/home/tchowdh4/sensor_recovery_project/logs/extracted_csv/baseline_02_high_altitude_hover_ATT.csv,/home/tchowdh4/sensor_recovery_project/prediction_results_v9_trained_hybrid/baseline_02_high_altitude_hover_ATT_trained_hybrid_prediction_outputs.csv
15.799511,baseline_02_high_altitude_hover,Yaw,ramp,0.064638,1,352.37286376953125,352.42980676953124,352.3716278076172,0.05817896191405225,0.05817896191405225,0.010773,1,10.0,0.055354792236312275,1,1,1,W10_N3_mean1.5x,10,3,1.5,1127,Yaw_hybrid_prediction,/home/tchowdh4/sensor_recovery_project/logs/extracted_csv/baseline_02_high_altitude_hover_ATT.csv,/home/tchowdh4/sensor_recovery_project/prediction_results_v9_trained_hybrid/baseline_02_high_altitude_hover_ATT_trained_hybrid_prediction_outputs.csv
15.899471,baseline_02_high_altitude_hover,Yaw,ramp,0.064638,1,352.3702697753906,352.4279822753906,352.36910247802734,0.05887979736326088,0.05887979736326088,0.010773,1,10.0,0.055969110351549035,1,1,1,W10_N3_mean1.5x,10,3,1.5,1127,Yaw_hybrid_prediction,/home/tchowdh4/sensor_recovery_project/logs/extracted_csv/baseline_02_high_altitude_hover_ATT.csv,/home/tchowdh4/sensor_recovery_project/prediction_results_v9_trained_hybrid/baseline_02_high_altitude_hover_ATT_trained_hybrid_prediction_outputs.csv
15.999431,baseline_02_high_altitude_hover,Yaw,ramp,0.064638,1,352.3678283691406,352.42631036914065,352.3667297363281,0.059580632812526346,0.059580632812526346,0.010773,1,10.0,0.05660265454100681,1,1,1,W10_N3_mean1.5x,10,3,1.5,1127,Yaw_hybrid_prediction,/home/tchowdh4/sensor_recovery_project/logs/extracted_csv/baseline_02_high_altitude_hover_ATT.csv,/home/tchowdh4/sensor_recovery_project/prediction_results_v9_trained_hybrid/baseline_02_high_altitude_hover_ATT_trained_hybrid_prediction_outputs.csv
16.099391,baseline_02_high_altitude_hover,Yaw,ramp,0.064638,1,352.3656921386719,352.4249436386719,352.36473083496094,0.06021280371095372,0.06021280371095372,0.010773,1,10.0,0.05724993164061516,1,1,1,W10_N3_mean1.5x,10,3,1.5,1127,Yaw_hybrid_prediction,/home/tchowdh4/sensor_recovery_project/logs/extracted_csv/baseline_02_high_altitude_hover_ATT.csv,/home/tchowdh4/sensor_recovery_project/prediction_results_v9_trained_hybrid/baseline_02_high_altitude_hover_ATT_trained_hybrid_prediction_outputs.csv
16.199351,baseline_02_high_altitude_hover,Yaw,ramp,0.064638,1,352.3637390136719,352.4237600136719,352.3628601074219,0.06089990624997199,0.06089990624997199,0.010773,1,10.0,0.05789583544920447,1,1,1,W10_N3_mean1.5x,10,3,1.5,1127,Yaw_hybrid_prediction,/home/tchowdh4/sensor_recovery_project/logs/extracted_csv/baseline_02_high_altitude_hover_ATT.csv,/home/tchowdh4/sensor_recovery_project/prediction_results_v9_trained_hybrid/baseline_02_high_altitude_hover_ATT_trained_hybrid_prediction_outputs.csv
16.299311,baseline_02_high_altitude_hover,Yaw,ramp,0.064638,1,352.3619384765625,352.4227289765625,352.3611282348633,0.06160074169918062,0.06160074169918062,0.010773,1,10.0,0.0585582187499881,1,1,1,W10_N3_mean1.5x,10,3,1.5,1127,Yaw_hybrid_prediction,/home/tchowdh4/sensor_recovery_project/logs/extracted_csv/baseline_02_high_altitude_hover_ATT.csv,/home/tchowdh4/sensor_recovery_project/prediction_results_v9_trained_hybrid/baseline_02_high_altitude_hover_ATT_trained_hybrid_prediction_outputs.csv
16.400104,baseline_02_high_altitude_hover,Yaw,ramp,0.064638,1,352.360107421875,352.421667421875,352.3592834472656,0.06238397460936085,0.06238397460936085,0.010773,1,10.0,0.05923845483397372,1,1,1,W10_N3_mean1.5x,10,3,1.5,1127,Yaw_hybrid_prediction,/home/tchowdh4/sensor_recovery_project/logs/extracted_csv/baseline_02_high_altitude_hover_ATT.csv,/home/tchowdh4/sensor_recovery_project/prediction_results_v9_trained_hybrid/baseline_02_high_altitude_hover_ATT_trained_hybrid_prediction_outputs.csv
16.500064,baseline_02_high_altitude_hover,Yaw,ramp,0.064638,1,352.3588256835937,352.42115518359367,352.3582489013671,0.06290628222654959,0.06290628222654959,0.010773,1,10.0,0.05990633129881644,1,1,1,W10_N3_mean1.5x,10,3,1.5,1127,Yaw_hybrid_prediction,/home/tchowdh4/sensor_recovery_project/logs/extracted_csv/baseline_02_high_altitude_hover_ATT.csv,/home/tchowdh4/sensor_recovery_project/prediction_results_v9_trained_hybrid/baseline_02_high_altitude_hover_ATT_trained_hybrid_prediction_outputs.csv
16.600024,baseline_02_high_altitude_hover,Yaw,ramp,0.064638,1,352.3572082519531,352.42030725195315,352.3564804077149,0.06382684423823548,0.06382684423823548,0.010773,1,10.0,0.060596180419906887,1,1,1,W10_N3_mean1.5x,10,3,1.5,1127,Yaw_hybrid_prediction,/home/tchowdh4/sensor_recovery_project/logs/extracted_csv/baseline_02_high_altitude_hover_ATT.csv,/home/tchowdh4/sensor_recovery_project/prediction_results_v9_trained_hybrid/baseline_02_high_altitude_hover_ATT_trained_hybrid_prediction_outputs.csv
16.699984,baseline_02_high_altitude_hover,Yaw,ramp,0.064638,1,352.35601806640625,352.41988656640626,352.3554824829102,0.06440408349607196,0.06440408349607196,0.010773,1,10.0,0.06128740283201637,1,1,1,W10_N3_mean1.5x,10,3,1.5,1127,Yaw_hybrid_prediction,/home/tchowdh4/sensor_recovery_project/logs/extracted_csv/baseline_02_high_altitude_hover_ATT.csv,/home/tchowdh4/sensor_recovery_project/prediction_results_v9_trained_hybrid/baseline_02_high_altitude_hover_ATT_trained_hybrid_prediction_outputs.csv
16.799944,baseline_02_high_altitude_hover,Yaw,ramp,0.064638,1,352.3548889160156,352.4195269160156,352.3543807983399,0.06514611767573797,0.06514611767573797,0.010773,1,10.0,0.06198411840818494,1,1,1,W10_N3_mean1.5x,10,3,1.5,1127,Yaw_hybrid_prediction,/home/tchowdh4/sensor_recovery_project/logs/extracted_csv/baseline_02_high_altitude_hover_ATT.csv,/home/tchowdh4/sensor_recovery_project/prediction_results_v9_trained_hybrid/baseline_02_high_altitude_hover_ATT_trained_hybrid_prediction_outputs.csv
16.899904,baseline_02_high_altitude_hover,Yaw,ramp,0.064638,0,352.353759765625,352.353759765625,352.35325164794926,0.0005081176757357753,0.0005081176757357753,0.010773,0,9.0,0.05614695043943243,1,1,1,W10_N3_mean1.5x,10,3,1.5,1127,Yaw_hybrid_prediction,/home/tchowdh4/sensor_recovery_project/logs/extracted_csv/baseline_02_high_altitude_hover_ATT.csv,/home/tchowdh4/sensor_recovery_project/prediction_results_v9_trained_hybrid/baseline_02_high_altitude_hover_ATT_trained_hybrid_prediction_outputs.csv
16.999864,baseline_02_high_altitude_hover,Yaw,ramp,0.064638,0,352.35272216796875,352.35272216796875,352.3522552490234,0.00046691894533523737,0.00046691894533523737,0.010773,0,8.0,0.05023557905271332,1,1,1,W10_N3_mean1.5x,10,3,1.5,1127,Yaw_hybrid_prediction,/home/tchowdh4/sensor_recovery_project/logs/extracted_csv/baseline_02_high_altitude_hover_ATT.csv,/home/tchowdh4/sensor_recovery_project/prediction_results_v9_trained_hybrid/baseline_02_high_altitude_hover_ATT_trained_hybrid_prediction_outputs.csv
17.099824,baseline_02_high_altitude_hover,Yaw,ramp,0.064638,0,352.3518371582031,352.3518371582031,352.3514389038086,0.00039825439449714395,0.00039825439449714395,0.010773,0,7.0,0.04425412412106766,1,1,1,W10_N3_mean1.5x,10,3,1.5,1127,Yaw_hybrid_prediction,/home/tchowdh4/sensor_recovery_project/logs/extracted_csv/baseline_02_high_altitude_hover_ATT.csv,/home/tchowdh4/sensor_recovery_project/prediction_results_v9_trained_hybrid/baseline_02_high_altitude_hover_ATT_trained_hybrid_prediction_outputs.csv
17.199784,baseline_02_high_altitude_hover,Yaw,ramp,0.064638,0,352.3509216308594,352.3509216308594,352.3505096435547,0.0004119873046875,0.0004119873046875,0.010773,0,6.0,0.03820533222653921,1,1,1,W10_N3_mean1.5x,10,3,1.5,1127,Yaw_hybrid_prediction,/home/tchowdh4/sensor_recovery_project/logs/extracted_csv/baseline_02_high_altitude_hover_ATT.csv,/home/tchowdh4/sensor_recovery_project/prediction_results_v9_trained_hybrid/baseline_02_high_altitude_hover_ATT_trained_hybrid_prediction_outputs.csv
17.299744,baseline_02_high_altitude_hover,Yaw,ramp,0.064638,0,352.3500366210937,352.3500366210937,352.3496383666992,0.00039825439449714395,0.00039825439449714395,0.010773,0,5.0,0.032085083496070865,1,1,1,W10_N3_mean1.5x,10,3,1.5,1127,Yaw_hybrid_prediction,/home/tchowdh4/sensor_recovery_project/logs/extracted_csv/baseline_02_high_altitude_hover_ATT.csv,/home/tchowdh4/sensor_recovery_project/prediction_results_v9_trained_hybrid/baseline_02_high_altitude_hover_ATT_trained_hybrid_prediction_outputs.csv
17.399704,baseline_02_high_altitude_hover,Yaw,ramp,0.064638,0,352.3494873046875,352.3494873046875,352.3492401123048,0.0002471923826874445,0.0002471923826874445,0.010773,0,4.0,0.025871405273403526,1,1,1,W10_N3_mean1.5x,10,3,1.5,1127,Yaw_hybrid_prediction,/home/tchowdh4/sensor_recovery_project/logs/extracted_csv/baseline_02_high_altitude_hover_ATT.csv,/home/tchowdh4/sensor_recovery_project/prediction_results_v9_trained_hybrid/baseline_02_high_altitude_hover_ATT_trained_hybrid_prediction_outputs.csv
17.499664,baseline_02_high_altitude_hover,Yaw,ramp,0.064638,0,352.3487854003906,352.3487854003906,352.3484695434571,0.0003158569335255379,0.0003158569335255379,0.010773,0,3.0,0.01961236274410112,1,1,1,W10_N3_mean1.5x,10,3,1.5,1127,Yaw_hybrid_prediction,/home/tchowdh4/sensor_recovery_project/logs/extracted_csv/baseline_02_high_altitude_hover_ATT.csv,/home/tchowdh4/sensor_recovery_project/prediction_results_v9_trained_hybrid/baseline_02_high_altitude_hover_ATT_trained_hybrid_prediction_outputs.csv
17.599624,baseline_02_high_altitude_hover,Yaw,ramp,0.064638,0,352.347900390625,352.347900390625,352.3475021362305,0.00039825439449714395,0.00039825439449714395,0.010773,0,2.0,0.013269503759727286,0,0,0,W10_N3_mean1.5x,10,3,1.5,1127,Yaw_hybrid_prediction,/home/tchowdh4/sensor_recovery_project/logs/extracted_csv/baseline_02_high_altitude_hover_ATT.csv,/home/tchowdh4/sensor_recovery_project/prediction_results_v9_trained_hybrid/baseline_02_high_altitude_hover_ATT_trained_hybrid_prediction_outputs.csv
17.699584,baseline_02_high_altitude_hover,Yaw,ramp,0.064638,0,352.34735107421875,352.34735107421875,352.34710388183595,0.0002471923828011313,0.0002471923828011313,0.010773,0,1.0,0.006853814648400203,0,0,0,W10_N3_mean1.5x,10,3,1.5,1127,Yaw_hybrid_prediction,/home/tchowdh4/sensor_recovery_project/logs/extracted_csv/baseline_02_high_altitude_hover_ATT.csv,/home/tchowdh4/sensor_recovery_project/prediction_results_v9_trained_hybrid/baseline_02_high_altitude_hover_ATT_trained_hybrid_prediction_outputs.csv
17.799544,baseline_02_high_altitude_hover,Yaw,ramp,0.064638,0,352.3471069335937,352.3471069335937,352.34699707031245,0.00010986328123863132,0.00010986328123863132,0.010773,0,0.0,0.00035018920895026897,0,0,0,W10_N3_mean1.5x,10,3,1.5,1127,Yaw_hybrid_prediction,/home/tchowdh4/sensor_recovery_project/logs/extracted_csv/baseline_02_high_altitude_hover_ATT.csv,/home/tchowdh4/sensor_recovery_project/prediction_results_v9_trained_hybrid/baseline_02_high_altitude_hover_ATT_trained_hybrid_prediction_outputs.csv
17.899504,baseline_02_high_altitude_hover,Yaw,ramp,0.064638,0,352.3469543457031,352.3469543457031,352.3468856811524,6.866455072440658e-05,6.866455072440658e-05,0.010773,0,0.0,0.0003062438964491321,0,0,0,W10_N3_mean1.5x,10,3,1.5,1127,Yaw_hybrid_prediction,/home/tchowdh4/sensor_recovery_project/logs/extracted_csv/baseline_02_high_altitude_hover_ATT.csv,/home/tchowdh4/sensor_recovery_project/prediction_results_v9_trained_hybrid/baseline_02_high_altitude_hover_ATT_trained_hybrid_prediction_outputs.csv
17.999464,baseline_02_high_altitude_hover,Yaw,ramp,0.064638,0,352.34649658203125,352.34649658203125,352.3462905883789,0.00020599365234375,0.00020599365234375,0.010773,0,0.0,0.00028015136714998334,0,0,0,W10_N3_mean1.5x,10,3,1.5,1127,Yaw_hybrid_prediction,/home/tchowdh4/sensor_recovery_project/logs/extracted_csv/baseline_02_high_altitude_hover_ATT.csv,/home/tchowdh4/sensor_recovery_project/prediction_results_v9_trained_hybrid/baseline_02_high_altitude_hover_ATT_trained_hybrid_prediction_outputs.csv
18.099424,baseline_02_high_altitude_hover,Yaw,ramp,0.064638,0,352.34625244140625,352.34625244140625,352.346142578125,0.00010986328123863132,0.00010986328123863132,0.010773,0,0.0,0.00025131225582413207,0,0,0,W10_N3_mean1.5x,10,3,1.5,1127,Yaw_hybrid_prediction,/home/tchowdh4/sensor_recovery_project/logs/extracted_csv/baseline_02_high_altitude_hover_ATT.csv,/home/tchowdh4/sensor_recovery_project/prediction_results_v9_trained_hybrid/baseline_02_high_altitude_hover_ATT_trained_hybrid_prediction_outputs.csv
18.199384,baseline_02_high_altitude_hover,Yaw,ramp,0.064638,0,352.3462829589844,352.3462829589844,352.3462966918945,-1.3732910133512632e-05,1.3732910133512632e-05,0.010773,0,0.0,0.00021148681636873334,0,0,0,W10_N3_mean1.5x,10,3,1.5,1127,Yaw_hybrid_prediction,/home/tchowdh4/sensor_recovery_project/logs/extracted_csv/baseline_02_high_altitude_hover_ATT.csv,/home/tchowdh4/sensor_recovery_project/prediction_results_v9_trained_hybrid/baseline_02_high_altitude_hover_ATT_trained_hybrid_prediction_outputs.csv
18.299344,baseline_02_high_altitude_hover,Yaw,ramp,0.064638,0,352.34619140625,352.34619140625,352.3461502075196,4.11987304005379e-05,4.11987304005379e-05,0.010773,0,0.0,0.00017578124995907274,0,0,0,W10_N3_mean1.5x,10,3,1.5,1127,Yaw_hybrid_prediction,/home/tchowdh4/sensor_recovery_project/logs/extracted_csv/baseline_02_high_altitude_hover_ATT.csv,/home/tchowdh4/sensor_recovery_project/prediction_results_v9_trained_hybrid/baseline_02_high_altitude_hover_ATT_trained_hybrid_prediction_outputs.csv
18.400137,baseline_02_high_altitude_hover,Yaw,ramp,0.064638,0,352.345947265625,352.345947265625,352.34583740234376,0.00010986328123863132,0.00010986328123863132,0.010773,0,0.0,0.0001620483398141914,0,0,0,W10_N3_mean1.5x,10,3,1.5,1127,Yaw_hybrid_prediction,/home/tchowdh4/sensor_recovery_project/logs/extracted_csv/baseline_02_high_altitude_hover_ATT.csv,/home/tchowdh4/sensor_recovery_project/prediction_results_v9_trained_hybrid/baseline_02_high_altitude_hover_ATT_trained_hybrid_prediction_outputs.csv
18.500097,baseline_02_high_altitude_hover,Yaw,ramp,0.064638,0,352.34576416015625,352.34576416015625,352.34568176269534,8.239746091476263e-05,8.239746091476263e-05,0.010773,0,0.0,0.0001387023925531139,0,0,0,W10_N3_mean1.5x,10,3,1.5,1127,Yaw_hybrid_prediction,/home/tchowdh4/sensor_recovery_project/logs/extracted_csv/baseline_02_high_altitude_hover_ATT.csv,/home/tchowdh4/sensor_recovery_project/prediction_results_v9_trained_hybrid/baseline_02_high_altitude_hover_ATT_trained_hybrid_prediction_outputs.csv
18.600057,baseline_02_high_altitude_hover,Yaw,ramp,0.064638,0,352.34552001953125,352.34552001953125,352.34541015625,0.00010986328123863132,0.00010986328123863132,0.010773,0,0.0,0.00010986328122726263,0,0,0,W10_N3_mean1.5x,10,3,1.5,1127,Yaw_hybrid_prediction,/home/tchowdh4/sensor_recovery_project/logs/extracted_csv/baseline_02_high_altitude_hover_ATT.csv,/home/tchowdh4/sensor_recovery_project/prediction_results_v9_trained_hybrid/baseline_02_high_altitude_hover_ATT_trained_hybrid_prediction_outputs.csv
18.700017,baseline_02_high_altitude_hover,Yaw,ramp,0.064638,0,352.3455810546875,352.3455810546875,352.3456085205079,-2.7465820380712103e-05,2.7465820380712103e-05,0.010773,0,0.0,8.789062498522071e-05,0,0,0,W10_N3_mean1.5x,10,3,1.5,1127,Yaw_hybrid_prediction,/home/tchowdh4/sensor_recovery_project/logs/extracted_csv/baseline_02_high_altitude_hover_ATT.csv,/home/tchowdh4/sensor_recovery_project/prediction_results_v9_trained_hybrid/baseline_02_high_altitude_hover_ATT_trained_hybrid_prediction_outputs.csv
18.799977,baseline_02_high_altitude_hover,Yaw,ramp,0.064638,0,352.3455810546875,352.3455810546875,352.3455810546875,0.0,0.0,0.010773,0,0.0,7.690429686135758e-05,0,0,0,W10_N3_mean1.5x,10,3,1.5,1127,Yaw_hybrid_prediction,/home/tchowdh4/sensor_recovery_project/logs/extracted_csv/baseline_02_high_altitude_hover_ATT.csv,/home/tchowdh4/sensor_recovery_project/prediction_results_v9_trained_hybrid/baseline_02_high_altitude_hover_ATT_trained_hybrid_prediction_outputs.csv
18.899937,baseline_02_high_altitude_hover,Yaw,ramp,0.064638,0,352.34576416015625,352.34576416015625,352.3458465576172,-8.239746097160605e-05,8.239746097160605e-05,0.010773,0,0.0,7.827758788607753e-05,0,0,0,W10_N3_mean1.5x,10,3,1.5,1127,Yaw_hybrid_prediction,/home/tchowdh4/sensor_recovery_project/logs/extracted_csv/baseline_02_high_altitude_hover_ATT.csv,/home/tchowdh4/sensor_recovery_project/prediction_results_v9_trained_hybrid/baseline_02_high_altitude_hover_ATT_trained_hybrid_prediction_outputs.csv
18.999897,baseline_02_high_altitude_hover,Yaw,ramp,0.064638,0,352.3456115722656,352.3456115722656,352.34554290771484,6.866455078125e-05,6.866455078125e-05,0.010773,0,0.0,6.454467772982752e-05,0,0,0,W10_N3_mean1.5x,10,3,1.5,1127,Yaw_hybrid_prediction,/home/tchowdh4/sensor_recovery_project/logs/extracted_csv/baseline_02_high_altitude_hover_ATT.csv,/home/tchowdh4/sensor_recovery_project/prediction_results_v9_trained_hybrid/baseline_02_high_altitude_hover_ATT_trained_hybrid_prediction_outputs.csv
19.099857,baseline_02_high_altitude_hover,Yaw,ramp,0.064638,0,352.345703125,352.345703125,352.3457443237305,-4.1198730514224735e-05,4.1198730514224735e-05,0.010773,0,0.0,5.767822265738687e-05,0,0,0,W10_N3_mean1.5x,10,3,1.5,1127,Yaw_hybrid_prediction,/home/tchowdh4/sensor_recovery_project/logs/extracted_csv/baseline_02_high_altitude_hover_ATT.csv,/home/tchowdh4/sensor_recovery_project/prediction_results_v9_trained_hybrid/baseline_02_high_altitude_hover_ATT_trained_hybrid_prediction_outputs.csv
19.199817,baseline_02_high_altitude_hover,Yaw,ramp,0.064638,0,352.34576416015625,352.34576416015625,352.34579162597663,-2.7465820380712103e-05,2.7465820380712103e-05,0.010773,0,0.0,5.9051513682106814e-05,0,0,0,W10_N3_mean1.5x,10,3,1.5,1127,Yaw_hybrid_prediction,/home/tchowdh4/sensor_recovery_project/logs/extracted_csv/baseline_02_high_altitude_hover_ATT.csv,/home/tchowdh4/sensor_recovery_project/prediction_results_v9_trained_hybrid/baseline_02_high_altitude_hover_ATT_trained_hybrid_prediction_outputs.csv
19.299777,baseline_02_high_altitude_hover,Yaw,ramp,0.064638,0,352.345947265625,352.345947265625,352.346029663086,-8.239746097160605e-05,8.239746097160605e-05,0.010773,0,0.0,6.317138673921363e-05,0,0,0,W10_N3_mean1.5x,10,3,1.5,1127,Yaw_hybrid_prediction,/home/tchowdh4/sensor_recovery_project/logs/extracted_csv/baseline_02_high_altitude_hover_ATT.csv,/home/tchowdh4/sensor_recovery_project/prediction_results_v9_trained_hybrid/baseline_02_high_altitude_hover_ATT_trained_hybrid_prediction_outputs.csv
19.399737,baseline_02_high_altitude_hover,Yaw,ramp,0.064638,0,352.3457946777344,352.3457946777344,352.3457260131836,6.866455078125e-05,6.866455078125e-05,0.010773,0,0.0,5.90515136934755e-05,0,0,0,W10_N3_mean1.5x,10,3,1.5,1127,Yaw_hybrid_prediction,/home/tchowdh4/sensor_recovery_project/logs/extracted_csv/baseline_02_high_altitude_hover_ATT.csv,/home/tchowdh4/sensor_recovery_project/prediction_results_v9_trained_hybrid/baseline_02_high_altitude_hover_ATT_trained_hybrid_prediction_outputs.csv
19.499697,baseline_02_high_altitude_hover,Yaw,ramp,0.064638,0,352.3458557128906,352.3458557128906,352.3458831787109,-2.7465820267025265e-05,2.7465820267025265e-05,0.010773,0,0.0,5.355834962870176e-05,0,0,0,W10_N3_mean1.5x,10,3,1.5,1127,Yaw_hybrid_prediction,/home/tchowdh4/sensor_recovery_project/logs/extracted_csv/baseline_02_high_altitude_hover_ATT.csv,/home/tchowdh4/sensor_recovery_project/prediction_results_v9_trained_hybrid/baseline_02_high_altitude_hover_ATT_trained_hybrid_prediction_outputs.csv
19.599657,baseline_02_high_altitude_hover,Yaw,ramp,0.064638,0,352.3459167480469,352.3459167480469,352.34594421386726,-2.7465820380712103e-05,2.7465820380712103e-05,0.010773,0,0.0,4.531860354290984e-05,0,0,0,W10_N3_mean1.5x,10,3,1.5,1127,Yaw_hybrid_prediction,/home/tchowdh4/sensor_recovery_project/logs/extracted_csv/baseline_02_high_altitude_hover_ATT.csv,/home/tchowdh4/sensor_recovery_project/prediction_results_v9_trained_hybrid/baseline_02_high_altitude_hover_ATT_trained_hybrid_prediction_outputs.csv
19.699617,baseline_02_high_altitude_hover,Yaw,ramp,0.064638,0,352.3462829589844,352.3462829589844,352.34644775390626,-0.00016479492188636868,0.00016479492188636868,0.010773,0,0.0,5.90515136934755e-05,0,0,0,W10_N3_mean1.5x,10,3,1.5,1127,Yaw_hybrid_prediction,/home/tchowdh4/sensor_recovery_project/logs/extracted_csv/baseline_02_high_altitude_hover_ATT.csv,/home/tchowdh4/sensor_recovery_project/prediction_results_v9_trained_hybrid/baseline_02_high_altitude_hover_ATT_trained_hybrid_prediction_outputs.csv
19.799577,baseline_02_high_altitude_hover,Yaw,ramp,0.064638,0,352.3466491699219,352.3466491699219,352.3468139648438,-0.0001647949219432121,0.0001647949219432121,0.010773,0,0.0,7.553100588779671e-05,0,0,0,W10_N3_mean1.5x,10,3,1.5,1127,Yaw_hybrid_prediction,/home/tchowdh4/sensor_recovery_project/logs/extracted_csv/baseline_02_high_altitude_hover_ATT.csv,/home/tchowdh4/sensor_recovery_project/prediction_results_v9_trained_hybrid/baseline_02_high_altitude_hover_ATT_trained_hybrid_prediction_outputs.csv
19.899537,baseline_02_high_altitude_hover,Yaw,ramp,0.064638,0,352.346923828125,352.346923828125,352.34704742431643,-0.00012359619142898737,0.00012359619142898737,0.010773,0,0.0,7.965087893353484e-05,0,0,0,W10_N3_mean1.5x,10,3,1.5,1127,Yaw_hybrid_prediction,/home/tchowdh4/sensor_recovery_project/logs/extracted_csv/baseline_02_high_altitude_hover_ATT.csv,/home/tchowdh4/sensor_recovery_project/prediction_results_v9_trained_hybrid/baseline_02_high_altitude_hover_ATT_trained_hybrid_prediction_outputs.csv
19.999497,baseline_02_high_altitude_hover,Yaw,ramp,0.064638,0,352.34716796875,352.34716796875,352.3472778320313,-0.00010986328129547474,0.00010986328129547474,0.010773,0,0.0,8.377075198495731e-05,0,0,0,W10_N3_mean1.5x,10,3,1.5,1127,Yaw_hybrid_prediction,/home/tchowdh4/sensor_recovery_project/logs/extracted_csv/baseline_02_high_altitude_hover_ATT.csv,/home/tchowdh4/sensor_recovery_project/prediction_results_v9_trained_hybrid/baseline_02_high_altitude_hover_ATT_trained_hybrid_prediction_outputs.csv
20.099457,baseline_02_high_altitude_hover,Yaw,ramp,0.064638,0,352.3475341796875,352.3475341796875,352.3476989746094,-0.00016479492188636868,0.00016479492188636868,0.010773,0,0.0,9.61303711221717e-05,0,0,0,W10_N3_mean1.5x,10,3,1.5,1127,Yaw_hybrid_prediction,/home/tchowdh4/sensor_recovery_project/logs/extracted_csv/baseline_02_high_altitude_hover_ATT.csv,/home/tchowdh4/sensor_recovery_project/prediction_results_v9_trained_hybrid/baseline_02_high_altitude_hover_ATT_trained_hybrid_prediction_outputs.csv
20.199417,baseline_02_high_altitude_hover,Yaw,ramp,0.064638,0,352.34820556640625,352.34820556640625,352.34850769042976,-0.0003021240235057121,0.0003021240235057121,0.010773,0,0.0,0.0001235961914346717,0,0,0,W10_N3_mean1.5x,10,3,1.5,1127,Yaw_hybrid_prediction,/home/tchowdh4/sensor_recovery_project/logs/extracted_csv/baseline_02_high_altitude_hover_ATT.csv,/home/tchowdh4/sensor_recovery_project/prediction_results_v9_trained_hybrid/baseline_02_high_altitude_hover_ATT_trained_hybrid_prediction_outputs.csv
20.299377,baseline_02_high_altitude_hover,Yaw,ramp,0.064638,0,352.34844970703125,352.34844970703125,352.34855957031255,-0.00010986328129547474,0.00010986328129547474,0.010773,0,0.0,0.00012634277346705857,0,0,0,W10_N3_mean1.5x,10,3,1.5,1127,Yaw_hybrid_prediction,/home/tchowdh4/sensor_recovery_project/logs/extracted_csv/baseline_02_high_altitude_hover_ATT.csv,/home/tchowdh4/sensor_recovery_project/prediction_results_v9_trained_hybrid/baseline_02_high_altitude_hover_ATT_trained_hybrid_prediction_outputs.csv
20.399337,baseline_02_high_altitude_hover,Yaw,ramp,0.064638,0,352.3488464355469,352.3488464355469,352.3490249633789,-0.00017852783201988132,0.00017852783201988132,0.010773,0,0.0,0.0001373291015909217,0,0,0,W10_N3_mean1.5x,10,3,1.5,1127,Yaw_hybrid_prediction,/home/tchowdh4/sensor_recovery_project/logs/extracted_csv/baseline_02_high_altitude_hover_ATT.csv,/home/tchowdh4/sensor_recovery_project/prediction_results_v9_trained_hybrid/baseline_02_high_altitude_hover_ATT_trained_hybrid_prediction_outputs.csv
20.50013,baseline_02_high_altitude_hover,Yaw,ramp,0.064638,0,352.3492431640625,352.3492431640625,352.3494216918946,-0.00017852783207672474,0.00017852783207672474,0.010773,0,0.0,0.00015243530277189165,0,0,0,W10_N3_mean1.5x,10,3,1.5,1127,Yaw_hybrid_prediction,/home/tchowdh4/sensor_recovery_project/logs/extracted_csv/baseline_02_high_altitude_hover_ATT.csv,/home/tchowdh4/sensor_recovery_project/prediction_results_v9_trained_hybrid/baseline_02_high_altitude_hover_ATT_trained_hybrid_prediction_outputs.csv
20.60009,baseline_02_high_altitude_hover,Yaw,ramp,0.064638,0,352.3496398925781,352.3496398925781,352.3498184204102,-0.00017852783207672474,0.00017852783207672474,0.010773,0,0.0,0.00016754150394149292,0,0,0,W10_N3_mean1.5x,10,3,1.5,1127,Yaw_hybrid_prediction,/home/tchowdh4/sensor_recovery_project/logs/extracted_csv/baseline_02_high_altitude_hover_ATT.csv,/home/tchowdh4/sensor_recovery_project/prediction_results_v9_trained_hybrid/baseline_02_high_altitude_hover_ATT_trained_hybrid_prediction_outputs.csv
20.70005,baseline_02_high_altitude_hover,Yaw,ramp,0.064638,0,352.3500366210937,352.3500366210937,352.3502151489257,-0.00017852783201988132,0.00017852783201988132,0.010773,0,0.0,0.00016891479495484418,0,0,0,W10_N3_mean1.5x,10,3,1.5,1127,Yaw_hybrid_prediction,/home/tchowdh4/sensor_recovery_project/logs/extracted_csv/baseline_02_high_altitude_hover_ATT.csv,/home/tchowdh4/sensor_recovery_project/prediction_results_v9_trained_hybrid/baseline_02_high_altitude_hover_ATT_trained_hybrid_prediction_outputs.csv
20.80001,baseline_02_high_altitude_hover,Yaw,ramp,0.064638,0,352.3503723144531,352.3503723144531,352.3505233764649,-0.00015106201175285605,0.00015106201175285605,0.010773,0,0.0,0.00016754150393580858,0,0,0,W10_N3_mean1.5x,10,3,1.5,1127,Yaw_hybrid_prediction,/home/tchowdh4/sensor_recovery_project/logs/extracted_csv/baseline_02_high_altitude_hover_ATT.csv,/home/tchowdh4/sensor_recovery_project/prediction_results_v9_trained_hybrid/baseline_02_high_altitude_hover_ATT_trained_hybrid_prediction_outputs.csv
20.89997,baseline_02_high_altitude_hover,Yaw,ramp,0.064638,0,352.3509521484375,352.3509521484375,352.3512130737305,-0.00026092529299148737,0.00026092529299148737,0.010773,0,0.0,0.0001812744140920586,0,0,0,W10_N3_mean1.5x,10,3,1.5,1127,Yaw_hybrid_prediction,/home/tchowdh4/sensor_recovery_project/logs/extracted_csv/baseline_02_high_altitude_hover_ATT.csv,/home/tchowdh4/sensor_recovery_project/prediction_results_v9_trained_hybrid/baseline_02_high_altitude_hover_ATT_trained_hybrid_prediction_outputs.csv
20.99993,baseline_02_high_altitude_hover,Yaw,ramp,0.064638,0,352.3515014648437,352.3515014648437,352.3517486572265,-0.0002471923828011313,0.0002471923828011313,0.010773,0,0.0,0.00019500732424262423,0,0,0,W10_N3_mean1.5x,10,3,1.5,1127,Yaw_hybrid_prediction,/home/tchowdh4/sensor_recovery_project/logs/extracted_csv/baseline_02_high_altitude_hover_ATT.csv,/home/tchowdh4/sensor_recovery_project/prediction_results_v9_trained_hybrid/baseline_02_high_altitude_hover_ATT_trained_hybrid_prediction_outputs.csv
21.09989,baseline_02_high_altitude_hover,Yaw,ramp,0.064638,0,352.3518981933594,352.3518981933594,352.35207672119145,-0.00017852783207672474,0.00017852783207672474,0.010773,0,0.0,0.00019638061526165983,0,0,0,W10_N3_mean1.5x,10,3,1.5,1127,Yaw_hybrid_prediction,/home/tchowdh4/sensor_recovery_project/logs/extracted_csv/baseline_02_high_altitude_hover_ATT.csv,/home/tchowdh4/sensor_recovery_project/prediction_results_v9_trained_hybrid/baseline_02_high_altitude_hover_ATT_trained_hybrid_prediction_outputs.csv
21.19985,baseline_02_high_altitude_hover,Yaw,ramp,0.064638,0,352.3525390625,352.3525390625,352.35282745361326,-0.00028839111325851263,0.00028839111325851263,0.010773,0,0.0,0.0001950073242369399,0,0,0,W10_N3_mean1.5x,10,3,1.5,1127,Yaw_hybrid_prediction,/home/tchowdh4/sensor_recovery_project/logs/extracted_csv/baseline_02_high_altitude_hover_ATT.csv,/home/tchowdh4/sensor_recovery_project/prediction_results_v9_trained_hybrid/baseline_02_high_altitude_hover_ATT_trained_hybrid_prediction_outputs.csv
21.29981,baseline_02_high_altitude_hover,Yaw,ramp,0.064638,0,352.3533630371094,352.3533630371094,352.35373382568366,-0.0003707885742869621,0.0003707885742869621,0.010773,0,0.0,0.00022109985353608864,0,0,0,W10_N3_mean1.5x,10,3,1.5,1127,Yaw_hybrid_prediction,/home/tchowdh4/sensor_recovery_project/logs/extracted_csv/baseline_02_high_altitude_hover_ATT.csv,/home/tchowdh4/sensor_recovery_project/prediction_results_v9_trained_hybrid/baseline_02_high_altitude_hover_ATT_trained_hybrid_prediction_outputs.csv
21.39977,baseline_02_high_altitude_hover,Yaw,ramp,0.064638,0,352.35400390625,352.35400390625,352.3542922973633,-0.00028839111331535605,0.00028839111331535605,0.010773,0,0.0,0.0002320861816656361,0,0,0,W10_N3_mean1.5x,10,3,1.5,1127,Yaw_hybrid_prediction,/home/tchowdh4/sensor_recovery_project/logs/extracted_csv/baseline_02_high_altitude_hover_ATT.csv,/home/tchowdh4/sensor_recovery_project/prediction_results_v9_trained_hybrid/baseline_02_high_altitude_hover_ATT_trained_hybrid_prediction_outputs.csv
21.49973,baseline_02_high_altitude_hover,Yaw,ramp,0.064638,0,352.3546142578125,352.3546142578125,352.3548889160156,-0.000274658203125,0.000274658203125,0.010773,0,0.0,0.00024169921877046364,0,0,0,W10_N3_mean1.5x,10,3,1.5,1127,Yaw_hybrid_prediction,/home/tchowdh4/sensor_recovery_project/logs/extracted_csv/baseline_02_high_altitude_hover_ATT.csv,/home/tchowdh4/sensor_recovery_project/prediction_results_v9_trained_hybrid/baseline_02_high_altitude_hover_ATT_trained_hybrid_prediction_outputs.csv
21.59969,baseline_02_high_altitude_hover,Yaw,ramp,0.064638,0,352.35504150390625,352.35504150390625,352.35523376464846,-0.00019226074221023737,0.00019226074221023737,0.010773,0,0.0,0.0002430725097838149,0,0,0,W10_N3_mean1.5x,10,3,1.5,1127,Yaw_hybrid_prediction,/home/tchowdh4/sensor_recovery_project/logs/extracted_csv/baseline_02_high_altitude_hover_ATT.csv,/home/tchowdh4/sensor_recovery_project/prediction_results_v9_trained_hybrid/baseline_02_high_altitude_hover_ATT_trained_hybrid_prediction_outputs.csv
21.69965,baseline_02_high_altitude_hover,Yaw,ramp,0.064638,0,352.355712890625,352.355712890625,352.35601501464845,-0.0003021240234488687,0.0003021240234488687,0.010773,0,0.0,0.00025543212892671364,0,0,0,W10_N3_mean1.5x,10,3,1.5,1127,Yaw_hybrid_prediction,/home/tchowdh4/sensor_recovery_project/logs/extracted_csv/baseline_02_high_altitude_hover_ATT.csv,/home/tchowdh4/sensor_recovery_project/prediction_results_v9_trained_hybrid/baseline_02_high_altitude_hover_ATT_trained_hybrid_prediction_outputs.csv
21.79961,baseline_02_high_altitude_hover,Yaw,ramp,0.064638,0,352.3564453125,352.3564453125,352.3567749023438,-0.00032958984377273737,0.00032958984377273737,0.010773,0,0.0,0.0002732849121287018,0,0,0,W10_N3_mean1.5x,10,3,1.5,1127,Yaw_hybrid_prediction,/home/tchowdh4/sensor_recovery_project/logs/extracted_csv/baseline_02_high_altitude_hover_ATT.csv,/home/tchowdh4/sensor_recovery_project/prediction_results_v9_trained_hybrid/baseline_02_high_altitude_hover_ATT_trained_hybrid_prediction_outputs.csv
21.89957,baseline_02_high_altitude_hover,Yaw,ramp,0.064638,0,352.357177734375,352.357177734375,352.3575073242188,-0.00032958984377273737,0.00032958984377273737,0.010773,0,0.0,0.00028015136720682676,0,0,0,W10_N3_mean1.5x,10,3,1.5,1127,Yaw_hybrid_prediction,/home/tchowdh4/sensor_recovery_project/logs/extracted_csv/baseline_02_high_altitude_hover_ATT.csv,/home/tchowdh4/sensor_recovery_project/prediction_results_v9_trained_hybrid/baseline_02_high_altitude_hover_ATT_trained_hybrid_prediction_outputs.csv
21.99953,baseline_02_high_altitude_hover,Yaw,ramp,0.064638,0,352.3578186035156,352.3578186035156,352.35810699462894,-0.00028839111331535605,0.00028839111331535605,0.010773,0,0.0,0.0002842712402582492,0,0,0,W10_N3_mean1.5x,10,3,1.5,1127,Yaw_hybrid_prediction,/home/tchowdh4/sensor_recovery_project/logs/extracted_csv/baseline_02_high_altitude_hover_ATT.csv,/home/tchowdh4/sensor_recovery_project/prediction_results_v9_trained_hybrid/baseline_02_high_altitude_hover_ATT_trained_hybrid_prediction_outputs.csv
22.09949,baseline_02_high_altitude_hover,Yaw,ramp,0.064638,0,352.35858154296875,352.35858154296875,352.35892486572266,-0.00034332275390625,0.00034332275390625,0.010773,0,0.0,0.0003007507324412018,0,0,0,W10_N3_mean1.5x,10,3,1.5,1127,Yaw_hybrid_prediction,/home/tchowdh4/sensor_recovery_project/logs/extracted_csv/baseline_02_high_altitude_hover_ATT.csv,/home/tchowdh4/sensor_recovery_project/prediction_results_v9_trained_hybrid/baseline_02_high_altitude_hover_ATT_trained_hybrid_prediction_outputs.csv
22.19945,baseline_02_high_altitude_hover,Yaw,ramp,0.064638,0,352.3593139648437,352.3593139648437,352.3596435546874,-0.00032958984371589395,0.00032958984371589395,0.010773,0,0.0,0.0003048706054869399,0,0,0,W10_N3_mean1.5x,10,3,1.5,1127,Yaw_hybrid_prediction,/home/tchowdh4/sensor_recovery_project/logs/extracted_csv/baseline_02_high_altitude_hover_ATT.csv,/home/tchowdh4/sensor_recovery_project/prediction_results_v9_trained_hybrid/baseline_02_high_altitude_hover_ATT_trained_hybrid_prediction_outputs.csv
22.29941,baseline_02_high_altitude_hover,Yaw,ramp,0.064638,0,352.3600769042969,352.3600769042969,352.36042022705084,-0.0003433227539630934,0.0003433227539630934,0.010773,0,0.0,0.00030212402345455305,0,0,0,W10_N3_mean1.5x,10,3,1.5,1127,Yaw_hybrid_prediction,/home/tchowdh4/sensor_recovery_project/logs/extracted_csv/baseline_02_high_altitude_hover_ATT.csv,/home/tchowdh4/sensor_recovery_project/prediction_results_v9_trained_hybrid/baseline_02_high_altitude_hover_ATT_trained_hybrid_prediction_outputs.csv
22.39937,baseline_02_high_altitude_hover,Yaw,ramp,0.064638,0,352.3608703613281,352.3608703613281,352.3612274169922,-0.00035705566409660605,0.00035705566409660605,0.010773,0,0.0,0.00030899047853267804,0,0,0,W10_N3_mean1.5x,10,3,1.5,1127,Yaw_hybrid_prediction,/home/tchowdh4/sensor_recovery_project/logs/extracted_csv/baseline_02_high_altitude_hover_ATT.csv,/home/tchowdh4/sensor_recovery_project/prediction_results_v9_trained_hybrid/baseline_02_high_altitude_hover_ATT_trained_hybrid_prediction_outputs.csv
22.49933,baseline_02_high_altitude_hover,Yaw,ramp,0.064638,0,352.3619384765625,352.3619384765625,352.362419128418,-0.0004806518555255934,0.0004806518555255934,0.010773,0,0.0,0.00032958984377273737,0,0,0,W10_N3_mean1.5x,10,3,1.5,1127,Yaw_hybrid_prediction,/home/tchowdh4/sensor_recovery_project/logs/extracted_csv/baseline_02_high_altitude_hover_ATT.csv,/home/tchowdh4/sensor_recovery_project/prediction_results_v9_trained_hybrid/baseline_02_high_altitude_hover_ATT_trained_hybrid_prediction_outputs.csv
22.600123,baseline_02_high_altitude_hover,Yaw,ramp,0.064638,0,352.3627624511719,352.3627624511719,352.3631332397461,-0.0003707885742301187,0.0003707885742301187,0.010773,0,0.0,0.0003474426269747255,0,0,0,W10_N3_mean1.5x,10,3,1.5,1127,Yaw_hybrid_prediction,/home/tchowdh4/sensor_recovery_project/logs/extracted_csv/baseline_02_high_altitude_hover_ATT.csv,/home/tchowdh4/sensor_recovery_project/prediction_results_v9_trained_hybrid/baseline_02_high_altitude_hover_ATT_trained_hybrid_prediction_outputs.csv
22.700083,baseline_02_high_altitude_hover,Yaw,ramp,0.064638,0,352.3636779785156,352.3636779785156,352.3640899658203,-0.0004119873046875,0.0004119873046875,0.010773,0,0.0,0.00035842895509858864,0,0,0,W10_N3_mean1.5x,10,3,1.5,1127,Yaw_hybrid_prediction,/home/tchowdh4/sensor_recovery_project/logs/extracted_csv/baseline_02_high_altitude_hover_ATT.csv,/home/tchowdh4/sensor_recovery_project/prediction_results_v9_trained_hybrid/baseline_02_high_altitude_hover_ATT_trained_hybrid_prediction_outputs.csv
22.800043,baseline_02_high_altitude_hover,Yaw,ramp,0.064638,0,352.3646545410156,352.3646545410156,352.3650939941407,-0.0004394531250682121,0.0004394531250682121,0.010773,0,0.0,0.0003694152832281361,0,0,0,W10_N3_mean1.5x,10,3,1.5,1127,Yaw_hybrid_prediction,/home/tchowdh4/sensor_recovery_project/logs/extracted_csv/baseline_02_high_altitude_hover_ATT.csv,/home/tchowdh4/sensor_recovery_project/prediction_results_v9_trained_hybrid/baseline_02_high_altitude_hover_ATT_trained_hybrid_prediction_outputs.csv
22.900003,baseline_02_high_altitude_hover,Yaw,ramp,0.064638,0,352.3656921386719,352.3656921386719,352.3661590576172,-0.00046691894533523737,0.00046691894533523737,0.010773,0,0.0,0.0003831481933843861,0,0,0,W10_N3_mean1.5x,10,3,1.5,1127,Yaw_hybrid_prediction,/home/tchowdh4/sensor_recovery_project/logs/extracted_csv/baseline_02_high_altitude_hover_ATT.csv,/home/tchowdh4/sensor_recovery_project/prediction_results_v9_trained_hybrid/baseline_02_high_altitude_hover_ATT_trained_hybrid_prediction_outputs.csv
22.999963,baseline_02_high_altitude_hover,Yaw,ramp,0.064638,0,352.3666076660156,352.3666076660156,352.3670196533203,-0.0004119873046875,0.0004119873046875,0.010773,0,0.0,0.0003955078125216005,0,0,0,W10_N3_mean1.5x,10,3,1.5,1127,Yaw_hybrid_prediction,/home/tchowdh4/sensor_recovery_project/logs/extracted_csv/baseline_02_high_altitude_hover_ATT.csv,/home/tchowdh4/sensor_recovery_project/prediction_results_v9_trained_hybrid/baseline_02_high_altitude_hover_ATT_trained_hybrid_prediction_outputs.csv
23.099923,baseline_02_high_altitude_hover,Yaw,ramp,0.064638,0,352.3673400878906,352.3673400878906,352.3676696777344,-0.00032958984377273737,0.00032958984377273737,0.010773,0,0.0,0.0003941345215082492,0,0,0,W10_N3_mean1.5x,10,3,1.5,1127,Yaw_hybrid_prediction,/home/tchowdh4/sensor_recovery_project/logs/extracted_csv/baseline_02_high_altitude_hover_ATT.csv,/home/tchowdh4/sensor_recovery_project/prediction_results_v9_trained_hybrid/baseline_02_high_altitude_hover_ATT_trained_hybrid_prediction_outputs.csv
23.199883,baseline_02_high_altitude_hover,Yaw,ramp,0.064638,0,352.36822509765625,352.36822509765625,352.3686233520508,-0.00039825439455398737,0.00039825439455398737,0.010773,0,0.0,0.00040100097659205857,0,0,0,W10_N3_mean1.5x,10,3,1.5,1127,Yaw_hybrid_prediction,/home/tchowdh4/sensor_recovery_project/logs/extracted_csv/baseline_02_high_altitude_hover_ATT.csv,/home/tchowdh4/sensor_recovery_project/prediction_results_v9_trained_hybrid/baseline_02_high_altitude_hover_ATT_trained_hybrid_prediction_outputs.csv
23.299843,baseline_02_high_altitude_hover,Yaw,ramp,0.064638,0,352.36920166015625,352.36920166015625,352.36964111328126,-0.0004394531250113687,0.0004394531250113687,0.010773,0,0.0,0.0004106140136968861,0,0,0,W10_N3_mean1.5x,10,3,1.5,1127,Yaw_hybrid_prediction,/home/tchowdh4/sensor_recovery_project/logs/extracted_csv/baseline_02_high_altitude_hover_ATT.csv,/home/tchowdh4/sensor_recovery_project/prediction_results_v9_trained_hybrid/baseline_02_high_altitude_hover_ATT_trained_hybrid_prediction_outputs.csv
23.399803,baseline_02_high_altitude_hover,Yaw,ramp,0.064638,0,352.3700866699219,352.3700866699219,352.37048492431643,-0.00039825439455398737,0.00039825439455398737,0.010773,0,0.0,0.00041473388674262424,0,0,0,W10_N3_mean1.5x,10,3,1.5,1127,Yaw_hybrid_prediction,/home/tchowdh4/sensor_recovery_project/logs/extracted_csv/baseline_02_high_altitude_hover_ATT.csv,/home/tchowdh4/sensor_recovery_project/prediction_results_v9_trained_hybrid/baseline_02_high_altitude_hover_ATT_trained_hybrid_prediction_outputs.csv
23.499763,baseline_02_high_altitude_hover,Yaw,ramp,0.064638,0,352.3712463378906,352.3712463378906,352.3717681884766,-0.0005218505859829747,0.0005218505859829747,0.010773,0,0.0,0.0004188537597883624,0,0,0,W10_N3_mean1.5x,10,3,1.5,1127,Yaw_hybrid_prediction,/home/tchowdh4/sensor_recovery_project/logs/extracted_csv/baseline_02_high_altitude_hover_ATT.csv,/home/tchowdh4/sensor_recovery_project/prediction_results_v9_trained_hybrid/baseline_02_high_altitude_hover_ATT_trained_hybrid_prediction_outputs.csv
23.599723,baseline_02_high_altitude_hover,Yaw,ramp,0.064638,0,352.3724060058594,352.3724060058594,352.37292785644536,-0.0005218505859829747,0.0005218505859829747,0.010773,0,0.0,0.000433959960963648,0,0,0,W10_N3_mean1.5x,10,3,1.5,1127,Yaw_hybrid_prediction,/home/tchowdh4/sensor_recovery_project/logs/extracted_csv/baseline_02_high_altitude_hover_ATT.csv,/home/tchowdh4/sensor_recovery_project/prediction_results_v9_trained_hybrid/baseline_02_high_altitude_hover_ATT_trained_hybrid_prediction_outputs.csv
23.699683,baseline_02_high_altitude_hover,Yaw,ramp,0.064638,0,352.37353515625,352.37353515625,352.37404327392585,-0.0005081176758494621,0.0005081176758494621,0.010773,0,0.0,0.0004435729980798442,0,0,0,W10_N3_mean1.5x,10,3,1.5,1127,Yaw_hybrid_prediction,/home/tchowdh4/sensor_recovery_project/logs/extracted_csv/baseline_02_high_altitude_hover_ATT.csv,/home/tchowdh4/sensor_recovery_project/prediction_results_v9_trained_hybrid/baseline_02_high_altitude_hover_ATT_trained_hybrid_prediction_outputs.csv
23.799643,baseline_02_high_altitude_hover,Yaw,ramp,0.064638,0,352.37451171875,352.37451171875,352.374951171875,-0.0004394531250113687,0.0004394531250113687,0.010773,0,0.0,0.0004435729980741598,0,0,0,W10_N3_mean1.5x,10,3,1.5,1127,Yaw_hybrid_prediction,/home/tchowdh4/sensor_recovery_project/logs/extracted_csv/baseline_02_high_altitude_hover_ATT.csv,/home/tchowdh4/sensor_recovery_project/prediction_results_v9_trained_hybrid/baseline_02_high_altitude_hover_ATT_trained_hybrid_prediction_outputs.csv
23.899603,baseline_02_high_altitude_hover,Yaw,ramp,0.064638,0,352.37548828125,352.37548828125,352.37592773437507,-0.0004394531250682121,0.0004394531250682121,0.010773,0,0.0,0.0004408264160474573,0,0,0,W10_N3_mean1.5x,10,3,1.5,1127,Yaw_hybrid_prediction,/home/tchowdh4/sensor_recovery_project/logs/extracted_csv/baseline_02_high_altitude_hover_ATT.csv,/home/tchowdh4/sensor_recovery_project/prediction_results_v9_trained_hybrid/baseline_02_high_altitude_hover_ATT_trained_hybrid_prediction_outputs.csv
23.999563,baseline_02_high_altitude_hover,Yaw,ramp,0.064638,0,352.3765869140625,352.3765869140625,352.37708129882816,-0.000494384765659106,0.000494384765659106,0.010773,0,0.0,0.0004490661621446179,0,0,0,W10_N3_mean1.5x,10,3,1.5,1127,Yaw_hybrid_prediction,/home/tchowdh4/sensor_recovery_project/logs/extracted_csv/baseline_02_high_altitude_hover_ATT.csv,/home/tchowdh4/sensor_recovery_project/prediction_results_v9_trained_hybrid/baseline_02_high_altitude_hover_ATT_trained_hybrid_prediction_outputs.csv
24.099523,baseline_02_high_altitude_hover,Yaw,ramp,0.064638,0,352.377685546875,352.377685546875,352.37817993164066,-0.000494384765659106,0.000494384765659106,0.010773,0,0.0,0.0004655456543332548,0,0,0,W10_N3_mean1.5x,10,3,1.5,1127,Yaw_hybrid_prediction,/home/tchowdh4/sensor_recovery_project/logs/extracted_csv/baseline_02_high_altitude_hover_ATT.csv,/home/tchowdh4/sensor_recovery_project/prediction_results_v9_trained_hybrid/baseline_02_high_altitude_hover_ATT_trained_hybrid_prediction_outputs.csv
24.199483,baseline_02_high_altitude_hover,Yaw,ramp,0.064638,0,352.3787841796875,352.3787841796875,352.3792785644531,-0.0004943847656022626,0.0004943847656022626,0.010773,0,0.0,0.0004751586914380823,0,0,0,W10_N3_mean1.5x,10,3,1.5,1127,Yaw_hybrid_prediction,/home/tchowdh4/sensor_recovery_project/logs/extracted_csv/baseline_02_high_altitude_hover_ATT.csv,/home/tchowdh4/sensor_recovery_project/prediction_results_v9_trained_hybrid/baseline_02_high_altitude_hover_ATT_trained_hybrid_prediction_outputs.csv
24.299443,baseline_02_high_altitude_hover,Yaw,ramp,0.064638,0,352.3798828125,352.3798828125,352.3803771972656,-0.0004943847656022626,0.0004943847656022626,0.010773,0,0.0,0.0004806518554971717,0,0,0,W10_N3_mean1.5x,10,3,1.5,1127,Yaw_hybrid_prediction,/home/tchowdh4/sensor_recovery_project/logs/extracted_csv/baseline_02_high_altitude_hover_ATT.csv,/home/tchowdh4/sensor_recovery_project/prediction_results_v9_trained_hybrid/baseline_02_high_altitude_hover_ATT_trained_hybrid_prediction_outputs.csv
24.399403,baseline_02_high_altitude_hover,Yaw,ramp,0.064638,0,352.38104248046875,352.38104248046875,352.38156433105473,-0.0005218505859829747,0.0005218505859829747,0.010773,0,0.0,0.0004930114746400704,0,0,0,W10_N3_mean1.5x,10,3,1.5,1127,Yaw_hybrid_prediction,/home/tchowdh4/sensor_recovery_project/logs/extracted_csv/baseline_02_high_altitude_hover_ATT.csv,/home/tchowdh4/sensor_recovery_project/prediction_results_v9_trained_hybrid/baseline_02_high_altitude_hover_ATT_trained_hybrid_prediction_outputs.csv
24.499363,baseline_02_high_altitude_hover,Yaw,ramp,0.064638,0,352.3822021484375,352.3822021484375,352.3827239990235,-0.0005218505859829747,0.0005218505859829747,0.010773,0,0.0,0.0004930114746400704,0,0,0,W10_N3_mean1.5x,10,3,1.5,1127,Yaw_hybrid_prediction,/home/tchowdh4/sensor_recovery_project/logs/extracted_csv/baseline_02_high_altitude_hover_ATT.csv,/home/tchowdh4/sensor_recovery_project/prediction_results_v9_trained_hybrid/baseline_02_high_altitude_hover_ATT_trained_hybrid_prediction_outputs.csv
24.599323,baseline_02_high_altitude_hover,Yaw,ramp,0.064638,0,352.3836975097656,352.3836975097656,352.3843704223633,-0.0006729125976789874,0.0006729125976789874,0.010773,0,0.0,0.0005081176758096717,0,0,0,W10_N3_mean1.5x,10,3,1.5,1127,Yaw_hybrid_prediction,/home/tchowdh4/sensor_recovery_project/logs/extracted_csv/baseline_02_high_altitude_hover_ATT.csv,/home/tchowdh4/sensor_recovery_project/prediction_results_v9_trained_hybrid/baseline_02_high_altitude_hover_ATT_trained_hybrid_prediction_outputs.csv
24.700116,baseline_02_high_altitude_hover,Yaw,ramp,0.064638,0,352.38494873046875,352.38494873046875,352.3855117797852,-0.000563049316440356,0.000563049316440356,0.010773,0,0.0,0.0005136108398687611,0,0,0,W10_N3_mean1.5x,10,3,1.5,1127,Yaw_hybrid_prediction,/home/tchowdh4/sensor_recovery_project/logs/extracted_csv/baseline_02_high_altitude_hover_ATT.csv,/home/tchowdh4/sensor_recovery_project/prediction_results_v9_trained_hybrid/baseline_02_high_altitude_hover_ATT_trained_hybrid_prediction_outputs.csv
24.800076,baseline_02_high_altitude_hover,Yaw,ramp,0.064638,0,352.3861389160156,352.3861389160156,352.38667449951174,-0.0005355834961164874,0.0005355834961164874,0.010773,0,0.0,0.000523223876979273,0,0,0,W10_N3_mean1.5x,10,3,1.5,1127,Yaw_hybrid_prediction,/home/tchowdh4/sensor_recovery_project/logs/extracted_csv/baseline_02_high_altitude_hover_ATT.csv,/home/tchowdh4/sensor_recovery_project/prediction_results_v9_trained_hybrid/baseline_02_high_altitude_hover_ATT_trained_hybrid_prediction_outputs.csv
24.900036,baseline_02_high_altitude_hover,Yaw,ramp,0.064638,0,352.38739013671875,352.38739013671875,352.3879531860352,-0.000563049316440356,0.000563049316440356,0.010773,0,0.0,0.0005355834961164874,0,0,0,W10_N3_mean1.5x,10,3,1.5,1127,Yaw_hybrid_prediction,/home/tchowdh4/sensor_recovery_project/logs/extracted_csv/baseline_02_high_altitude_hover_ATT.csv,/home/tchowdh4/sensor_recovery_project/prediction_results_v9_trained_hybrid/baseline_02_high_altitude_hover_ATT_trained_hybrid_prediction_outputs.csv
24.999996,baseline_02_high_altitude_hover,Yaw,ramp,0.064638,0,352.3886108398437,352.3886108398437,352.3891601562499,-0.0005493164061931566,0.0005493164061931566,0.010773,0,0.0,0.0005410766601698924,0,0,0,W10_N3_mean1.5x,10,3,1.5,1127,Yaw_hybrid_prediction,/home/tchowdh4/sensor_recovery_project/logs/extracted_csv/baseline_02_high_altitude_hover_ATT.csv,/home/tchowdh4/sensor_recovery_project/prediction_results_v9_trained_hybrid/baseline_02_high_altitude_hover_ATT_trained_hybrid_prediction_outputs.csv
25.099956,baseline_02_high_altitude_hover,Yaw,ramp,0.064638,0,352.3898620605469,352.3898620605469,352.3904251098634,-0.0005630493164971995,0.0005630493164971995,0.010773,0,0.0,0.0005479431152537017,0,0,0,W10_N3_mean1.5x,10,3,1.5,1127,Yaw_hybrid_prediction,/home/tchowdh4/sensor_recovery_project/logs/extracted_csv/baseline_02_high_altitude_hover_ATT.csv,/home/tchowdh4/sensor_recovery_project/prediction_results_v9_trained_hybrid/baseline_02_high_altitude_hover_ATT_trained_hybrid_prediction_outputs.csv
25.199916,baseline_02_high_altitude_hover,Yaw,ramp,0.064638,0,352.39117431640625,352.39117431640625,352.391764831543,-0.0005905151367642247,0.0005905151367642247,0.010773,0,0.0,0.000557556152369898,0,0,0,W10_N3_mean1.5x,10,3,1.5,1127,Yaw_hybrid_prediction,/home/tchowdh4/sensor_recovery_project/logs/extracted_csv/baseline_02_high_altitude_hover_ATT.csv,/home/tchowdh4/sensor_recovery_project/prediction_results_v9_trained_hybrid/baseline_02_high_altitude_hover_ATT_trained_hybrid_prediction_outputs.csv
25.299876,baseline_02_high_altitude_hover,Yaw,ramp,0.064638,0,352.39263916015625,352.39263916015625,352.3932983398438,-0.0006591796875454747,0.0006591796875454747,0.010773,0,0.0,0.0005740356445642191,0,0,0,W10_N3_mean1.5x,10,3,1.5,1127,Yaw_hybrid_prediction,/home/tchowdh4/sensor_recovery_project/logs/extracted_csv/baseline_02_high_altitude_hover_ATT.csv,/home/tchowdh4/sensor_recovery_project/prediction_results_v9_trained_hybrid/baseline_02_high_altitude_hover_ATT_trained_hybrid_prediction_outputs.csv
25.399836,baseline_02_high_altitude_hover,Yaw,ramp,0.064638,0,352.3941650390625,352.3941650390625,352.3948516845703,-0.0006866455078125,0.0006866455078125,0.010773,0,0.0,0.0005905151367471718,0,0,0,W10_N3_mean1.5x,10,3,1.5,1127,Yaw_hybrid_prediction,/home/tchowdh4/sensor_recovery_project/logs/extracted_csv/baseline_02_high_altitude_hover_ATT.csv,/home/tchowdh4/sensor_recovery_project/prediction_results_v9_trained_hybrid/baseline_02_high_altitude_hover_ATT_trained_hybrid_prediction_outputs.csv
25.499796,baseline_02_high_altitude_hover,Yaw,ramp,0.064638,0,352.39581298828125,352.39581298828125,352.3965545654297,-0.0007415771484602374,0.0007415771484602374,0.010773,0,0.0,0.0006124877929948979,0,0,0,W10_N3_mean1.5x,10,3,1.5,1127,Yaw_hybrid_prediction,/home/tchowdh4/sensor_recovery_project/logs/extracted_csv/baseline_02_high_altitude_hover_ATT.csv,/home/tchowdh4/sensor_recovery_project/prediction_results_v9_trained_hybrid/baseline_02_high_altitude_hover_ATT_trained_hybrid_prediction_outputs.csv
25.599756,baseline_02_high_altitude_hover,Yaw,ramp,0.064638,0,352.3973388671875,352.3973388671875,352.3980255126953,-0.0006866455078125,0.0006866455078125,0.010773,0,0.0,0.0006138610840082492,0,0,0,W10_N3_mean1.5x,10,3,1.5,1127,Yaw_hybrid_prediction,/home/tchowdh4/sensor_recovery_project/logs/extracted_csv/baseline_02_high_altitude_hover_ATT.csv,/home/tchowdh4/sensor_recovery_project/prediction_results_v9_trained_hybrid/baseline_02_high_altitude_hover_ATT_trained_hybrid_prediction_outputs.csv
25.699716,baseline_02_high_altitude_hover,Yaw,ramp,0.064638,0,352.39892578125,352.39892578125,352.39963989257814,-0.0007141113281363687,0.0007141113281363687,0.010773,0,0.0,0.0006289672851778505,0,0,0,W10_N3_mean1.5x,10,3,1.5,1127,Yaw_hybrid_prediction,/home/tchowdh4/sensor_recovery_project/logs/extracted_csv/baseline_02_high_altitude_hover_ATT.csv,/home/tchowdh4/sensor_recovery_project/prediction_results_v9_trained_hybrid/baseline_02_high_altitude_hover_ATT_trained_hybrid_prediction_outputs.csv
25.799676,baseline_02_high_altitude_hover,Yaw,ramp,0.064638,0,352.40057373046875,352.40057373046875,352.4013153076172,-0.0007415771484602374,0.0007415771484602374,0.010773,0,0.0,0.0006495666504122255,0,0,0,W10_N3_mean1.5x,10,3,1.5,1127,Yaw_hybrid_prediction,/home/tchowdh4/sensor_recovery_project/logs/extracted_csv/baseline_02_high_altitude_hover_ATT.csv,/home/tchowdh4/sensor_recovery_project/prediction_results_v9_trained_hybrid/baseline_02_high_altitude_hover_ATT_trained_hybrid_prediction_outputs.csv
25.899636,baseline_02_high_altitude_hover,Yaw,ramp,0.064638,0,352.40216064453125,352.40216064453125,352.4028747558594,-0.0007141113281363687,0.0007141113281363687,0.010773,0,0.0,0.0006646728515818268,0,0,0,W10_N3_mean1.5x,10,3,1.5,1127,Yaw_hybrid_prediction,/home/tchowdh4/sensor_recovery_project/logs/extracted_csv/baseline_02_high_altitude_hover_ATT.csv,/home/tchowdh4/sensor_recovery_project/prediction_results_v9_trained_hybrid/baseline_02_high_altitude_hover_ATT_trained_hybrid_prediction_outputs.csv
25.999596,baseline_02_high_altitude_hover,Yaw,ramp,0.064638,0,352.4037475585937,352.4037475585937,352.40446166992183,-0.0007141113281363687,0.0007141113281363687,0.010773,0,0.0,0.0006811523437761479,0,0,0,W10_N3_mean1.5x,10,3,1.5,1127,Yaw_hybrid_prediction,/home/tchowdh4/sensor_recovery_project/logs/extracted_csv/baseline_02_high_altitude_hover_ATT.csv,/home/tchowdh4/sensor_recovery_project/prediction_results_v9_trained_hybrid/baseline_02_high_altitude_hover_ATT_trained_hybrid_prediction_outputs.csv
26.099556,baseline_02_high_altitude_hover,Yaw,ramp,0.064638,0,352.4053955078125,352.4053955078125,352.40613708496096,-0.0007415771484602374,0.0007415771484602374,0.010773,0,0.0,0.0006990051269724518,0,0,0,W10_N3_mean1.5x,10,3,1.5,1127,Yaw_hybrid_prediction,/home/tchowdh4/sensor_recovery_project/logs/extracted_csv/baseline_02_high_altitude_hover_ATT.csv,/home/tchowdh4/sensor_recovery_project/prediction_results_v9_trained_hybrid/baseline_02_high_altitude_hover_ATT_trained_hybrid_prediction_outputs.csv
26.199516,baseline_02_high_altitude_hover,Yaw,ramp,0.064638,0,352.4069519042969,352.4069519042969,352.4076522827149,-0.000700378418002856,0.000700378418002856,0.010773,0,0.0,0.0007099914550963149,0,0,0,W10_N3_mean1.5x,10,3,1.5,1127,Yaw_hybrid_prediction,/home/tchowdh4/sensor_recovery_project/logs/extracted_csv/baseline_02_high_altitude_hover_ATT.csv,/home/tchowdh4/sensor_recovery_project/prediction_results_v9_trained_hybrid/baseline_02_high_altitude_hover_ATT_trained_hybrid_prediction_outputs.csv
26.299476,baseline_02_high_altitude_hover,Yaw,ramp,0.064638,0,352.4085693359375,352.4085693359375,352.4092971801758,-0.0007278442383267247,0.0007278442383267247,0.010773,0,0.0,0.0007168579101744399,0,0,0,W10_N3_mean1.5x,10,3,1.5,1127,Yaw_hybrid_prediction,/home/tchowdh4/sensor_recovery_project/logs/extracted_csv/baseline_02_high_altitude_hover_ATT.csv,/home/tchowdh4/sensor_recovery_project/prediction_results_v9_trained_hybrid/baseline_02_high_altitude_hover_ATT_trained_hybrid_prediction_outputs.csv
26.399436,baseline_02_high_altitude_hover,Yaw,ramp,0.064638,0,352.41021728515625,352.41021728515625,352.4109588623047,-0.0007415771484602374,0.0007415771484602374,0.010773,0,0.0,0.0007223510742392136,0,0,0,W10_N3_mean1.5x,10,3,1.5,1127,Yaw_hybrid_prediction,/home/tchowdh4/sensor_recovery_project/logs/extracted_csv/baseline_02_high_altitude_hover_ATT.csv,/home/tchowdh4/sensor_recovery_project/prediction_results_v9_trained_hybrid/baseline_02_high_altitude_hover_ATT_trained_hybrid_prediction_outputs.csv
26.499396,baseline_02_high_altitude_hover,Yaw,ramp,0.064638,0,352.4119567871094,352.4119567871094,352.41273956298835,-0.0007827758789744621,0.0007827758789744621,0.010773,0,0.0,0.0007264709472906361,0,0,0,W10_N3_mean1.5x,10,3,1.5,1127,Yaw_hybrid_prediction,/home/tchowdh4/sensor_recovery_project/logs/extracted_csv/baseline_02_high_altitude_hover_ATT.csv,/home/tchowdh4/sensor_recovery_project/prediction_results_v9_trained_hybrid/baseline_02_high_altitude_hover_ATT_trained_hybrid_prediction_outputs.csv
26.599356,baseline_02_high_altitude_hover,Yaw,ramp,0.064638,0,352.4136657714844,352.4136657714844,352.4144348144532,-0.0007690429688409495,0.0007690429688409495,0.010773,0,0.0,0.000734710693393481,0,0,0,W10_N3_mean1.5x,10,3,1.5,1127,Yaw_hybrid_prediction,/home/tchowdh4/sensor_recovery_project/logs/extracted_csv/baseline_02_high_altitude_hover_ATT.csv,/home/tchowdh4/sensor_recovery_project/prediction_results_v9_trained_hybrid/baseline_02_high_altitude_hover_ATT_trained_hybrid_prediction_outputs.csv
26.699316,baseline_02_high_altitude_hover,Yaw,ramp,0.064638,0,352.4151306152344,352.4151306152344,352.4157897949219,-0.0006591796875454747,0.0006591796875454747,0.010773,0,0.0,0.0007292175293343916,0,0,0,W10_N3_mean1.5x,10,3,1.5,1127,Yaw_hybrid_prediction,/home/tchowdh4/sensor_recovery_project/logs/extracted_csv/baseline_02_high_altitude_hover_ATT.csv,/home/tchowdh4/sensor_recovery_project/prediction_results_v9_trained_hybrid/baseline_02_high_altitude_hover_ATT_trained_hybrid_prediction_outputs.csv
26.800109,baseline_02_high_altitude_hover,Yaw,ramp,0.064638,0,352.4169311523437,352.4169311523437,352.4177413940429,-0.000810241699184644,0.000810241699184644,0.010773,0,0.0,0.0007360839844068323,0,0,0,W10_N3_mean1.5x,10,3,1.5,1127,Yaw_hybrid_prediction,/home/tchowdh4/sensor_recovery_project/logs/extracted_csv/baseline_02_high_altitude_hover_ATT.csv,/home/tchowdh4/sensor_recovery_project/prediction_results_v9_trained_hybrid/baseline_02_high_altitude_hover_ATT_trained_hybrid_prediction_outputs.csv
26.900069,baseline_02_high_altitude_hover,Yaw,ramp,0.064638,0,352.418701171875,352.418701171875,352.4194976806641,-0.0007965087891079747,0.0007965087891079747,0.010773,0,0.0,0.0007443237305039929,0,0,0,W10_N3_mean1.5x,10,3,1.5,1127,Yaw_hybrid_prediction,/home/tchowdh4/sensor_recovery_project/logs/extracted_csv/baseline_02_high_altitude_hover_ATT.csv,/home/tchowdh4/sensor_recovery_project/prediction_results_v9_trained_hybrid/baseline_02_high_altitude_hover_ATT_trained_hybrid_prediction_outputs.csv
27.000029,baseline_02_high_altitude_hover,Yaw,ramp,0.064638,0,352.4202880859375,352.4202880859375,352.42100219726564,-0.0007141113281363687,0.0007141113281363687,0.010773,0,0.0,0.0007443237305039929,0,0,0,W10_N3_mean1.5x,10,3,1.5,1127,Yaw_hybrid_prediction,/home/tchowdh4/sensor_recovery_project/logs/extracted_csv/baseline_02_high_altitude_hover_ATT.csv,/home/tchowdh4/sensor_recovery_project/prediction_results_v9_trained_hybrid/baseline_02_high_altitude_hover_ATT_trained_hybrid_prediction_outputs.csv
27.099989,baseline_02_high_altitude_hover,Yaw,ramp,0.064638,0,352.4219970703125,352.4219970703125,352.4227661132812,-0.0007690429687272626,0.0007690429687272626,0.010773,0,0.0,0.0007470703125306954,0,0,0,W10_N3_mean1.5x,10,3,1.5,1127,Yaw_hybrid_prediction,/home/tchowdh4/sensor_recovery_project/logs/extracted_csv/baseline_02_high_altitude_hover_ATT.csv,/home/tchowdh4/sensor_recovery_project/prediction_results_v9_trained_hybrid/baseline_02_high_altitude_hover_ATT_trained_hybrid_prediction_outputs.csv
27.199949,baseline_02_high_altitude_hover,Yaw,ramp,0.064638,0,352.4237976074219,352.4237976074219,352.4246078491211,-0.0008102416992414874,0.0008102416992414874,0.010773,0,0.0,0.0007580566406545586,0,0,0,W10_N3_mean1.5x,10,3,1.5,1127,Yaw_hybrid_prediction,/home/tchowdh4/sensor_recovery_project/logs/extracted_csv/baseline_02_high_altitude_hover_ATT.csv,/home/tchowdh4/sensor_recovery_project/prediction_results_v9_trained_hybrid/baseline_02_high_altitude_hover_ATT_trained_hybrid_prediction_outputs.csv
27.299909,baseline_02_high_altitude_hover,Yaw,ramp,0.064638,0,352.42559814453125,352.42559814453125,352.4264083862305,-0.0008102416992414874,0.0008102416992414874,0.010773,0,0.0,0.0007662963867460348,0,0,0,W10_N3_mean1.5x,10,3,1.5,1127,Yaw_hybrid_prediction,/home/tchowdh4/sensor_recovery_project/logs/extracted_csv/baseline_02_high_altitude_hover_ATT.csv,/home/tchowdh4/sensor_recovery_project/prediction_results_v9_trained_hybrid/baseline_02_high_altitude_hover_ATT_trained_hybrid_prediction_outputs.csv
27.399869,baseline_02_high_altitude_hover,Yaw,ramp,0.064638,0,352.42730712890625,352.42730712890625,352.428076171875,-0.0007690429687272626,0.0007690429687272626,0.010773,0,0.0,0.0007690429687727373,0,0,0,W10_N3_mean1.5x,10,3,1.5,1127,Yaw_hybrid_prediction,/home/tchowdh4/sensor_recovery_project/logs/extracted_csv/baseline_02_high_altitude_hover_ATT.csv,/home/tchowdh4/sensor_recovery_project/prediction_results_v9_trained_hybrid/baseline_02_high_altitude_hover_ATT_trained_hybrid_prediction_outputs.csv
27.499829,baseline_02_high_altitude_hover,Yaw,ramp,0.064638,0,352.42901611328125,352.42901611328125,352.42978515625,-0.0007690429687272626,0.0007690429687272626,0.010773,0,0.0,0.0007676696777480174,0,0,0,W10_N3_mean1.5x,10,3,1.5,1127,Yaw_hybrid_prediction,/home/tchowdh4/sensor_recovery_project/logs/extracted_csv/baseline_02_high_altitude_hover_ATT.csv,/home/tchowdh4/sensor_recovery_project/prediction_results_v9_trained_hybrid/baseline_02_high_altitude_hover_ATT_trained_hybrid_prediction_outputs.csv
27.599789,baseline_02_high_altitude_hover,Yaw,ramp,0.064638,0,352.43084716796875,352.43084716796875,352.4316711425781,-0.000823974609375,0.000823974609375,0.010773,0,0.0,0.0007731628418014225,0,0,0,W10_N3_mean1.5x,10,3,1.5,1127,Yaw_hybrid_prediction,/home/tchowdh4/sensor_recovery_project/logs/extracted_csv/baseline_02_high_altitude_hover_ATT.csv,/home/tchowdh4/sensor_recovery_project/prediction_results_v9_trained_hybrid/baseline_02_high_altitude_hover_ATT_trained_hybrid_prediction_outputs.csv
27.699749,baseline_02_high_altitude_hover,Yaw,ramp,0.064638,0,352.4325256347656,352.4325256347656,352.4332809448242,-0.00075531005859375,0.00075531005859375,0.010773,0,0.0,0.00078277587890625,0,0,0,W10_N3_mean1.5x,10,3,1.5,1127,Yaw_hybrid_prediction,/home/tchowdh4/sensor_recovery_project/logs/extracted_csv/baseline_02_high_altitude_hover_ATT.csv,/home/tchowdh4/sensor_recovery_project/prediction_results_v9_trained_hybrid/baseline_02_high_altitude_hover_ATT_trained_hybrid_prediction_outputs.csv
27.799709,baseline_02_high_altitude_hover,Yaw,ramp,0.064638,0,352.434326171875,352.434326171875,352.43513641357424,-0.0008102416992414874,0.0008102416992414874,0.010773,0,0.0,0.0007827758789119343,0,0,0,W10_N3_mean1.5x,10,3,1.5,1127,Yaw_hybrid_prediction,/home/tchowdh4/sensor_recovery_project/logs/extracted_csv/baseline_02_high_altitude_hover_ATT.csv,/home/tchowdh4/sensor_recovery_project/prediction_results_v9_trained_hybrid/baseline_02_high_altitude_hover_ATT_trained_hybrid_prediction_outputs.csv
27.899669,baseline_02_high_altitude_hover,Yaw,ramp,0.064638,0,352.43621826171875,352.43621826171875,352.4370697021485,-0.0008514404297557121,0.0008514404297557121,0.010773,0,0.0,0.0007882690429767081,0,0,0,W10_N3_mean1.5x,10,3,1.5,1127,Yaw_hybrid_prediction,/home/tchowdh4/sensor_recovery_project/logs/extracted_csv/baseline_02_high_altitude_hover_ATT.csv,/home/tchowdh4/sensor_recovery_project/prediction_results_v9_trained_hybrid/baseline_02_high_altitude_hover_ATT_trained_hybrid_prediction_outputs.csv
27.999629,baseline_02_high_altitude_hover,Yaw,ramp,0.064638,0,352.4379577636719,352.4379577636719,352.4387405395508,-0.0007827758789176187,0.0007827758789176187,0.010773,0,0.0,0.000795135498054833,0,0,0,W10_N3_mean1.5x,10,3,1.5,1127,Yaw_hybrid_prediction,/home/tchowdh4/sensor_recovery_project/logs/extracted_csv/baseline_02_high_altitude_hover_ATT.csv,/home/tchowdh4/sensor_recovery_project/prediction_results_v9_trained_hybrid/baseline_02_high_altitude_hover_ATT_trained_hybrid_prediction_outputs.csv
28.099589,baseline_02_high_altitude_hover,Yaw,ramp,0.064638,0,352.43994140625,352.43994140625,352.44083404541016,-0.00089263916015625,0.00089263916015625,0.010773,0,0.0,0.0008074951171977319,0,0,0,W10_N3_mean1.5x,10,3,1.5,1127,Yaw_hybrid_prediction,/home/tchowdh4/sensor_recovery_project/logs/extracted_csv/baseline_02_high_altitude_hover_ATT.csv,/home/tchowdh4/sensor_recovery_project/prediction_results_v9_trained_hybrid/baseline_02_high_altitude_hover_ATT_trained_hybrid_prediction_outputs.csv
