x,Baseline,Axis,AttackType,AttackMagnitude,AttackActive,CleanFuture_Roll,AttackedFuture_Roll,V9PredictedFuture_Roll,Residual_Roll,AbsResidual_Roll,Threshold,PointDetectionFlag,WindowCount,RollingMeanAbsResidual,WindowCountFlag,WindowMeanFlag,WindowCombinedFlag,WindowRule,W,N,RollingMeanMultiplier,AlignmentOffset,PredictionColumn,CleanFile,PredictionFile,Roll_recovered_future_v9_phase5,Roll_recovery_source_phase5,Roll_attacked_error_vs_clean_phase5,Roll_recovered_error_vs_clean_phase5
0.0,baseline_03_forward_motion,Roll,pulse,0.054568,0,0.0676333531737327,0.0676333531737327,0.0690457716965473,-0.0014124185228145,0.0014124185228145,0.006821,0,0.0,0.0014124185228145,0,0,0,W30_N8_mean1x,30,8,1.0,909,Roll_hybrid_prediction,/home/tchowdh4/sensor_recovery_project/logs/extracted_csv/baseline_03_forward_motion_ATT.csv,/home/tchowdh4/sensor_recovery_project/prediction_results_v9_trained_hybrid/baseline_03_forward_motion_ATT_trained_hybrid_prediction_outputs.csv,0.0676333531737327,attacked_measurement,0.0,0.0
0.09996,baseline_03_forward_motion,Roll,pulse,0.054568,0,0.073538914322853,0.073538914322853,0.07659050373653,-0.0030515894136769,0.0030515894136769,0.006821,0,0.0,0.0022320039682457,0,0,0,W30_N8_mean1x,30,8,1.0,909,Roll_hybrid_prediction,/home/tchowdh4/sensor_recovery_project/logs/extracted_csv/baseline_03_forward_motion_ATT.csv,/home/tchowdh4/sensor_recovery_project/prediction_results_v9_trained_hybrid/baseline_03_forward_motion_ATT_trained_hybrid_prediction_outputs.csv,0.073538914322853,attacked_measurement,0.0,0.0
0.19992,baseline_03_forward_motion,Roll,pulse,0.054568,0,0.075905717909336,0.075905717909336,0.0765704710342919,-0.0006647531249558,0.0006647531249558,0.006821,0,0.0,0.0017095870204824,0,0,0,W30_N8_mean1x,30,8,1.0,909,Roll_hybrid_prediction,/home/tchowdh4/sensor_recovery_project/logs/extracted_csv/baseline_03_forward_motion_ATT.csv,/home/tchowdh4/sensor_recovery_project/prediction_results_v9_trained_hybrid/baseline_03_forward_motion_ATT_trained_hybrid_prediction_outputs.csv,0.075905717909336,attacked_measurement,0.0,0.0
0.29988,baseline_03_forward_motion,Roll,pulse,0.054568,0,0.0796469673514366,0.0796469673514366,0.0817705832105668,-0.0021236158591301,0.0021236158591301,0.006821,0,0.0,0.0018130942301444,0,0,0,W30_N8_mean1x,30,8,1.0,909,Roll_hybrid_prediction,/home/tchowdh4/sensor_recovery_project/logs/extracted_csv/baseline_03_forward_motion_ATT.csv,/home/tchowdh4/sensor_recovery_project/prediction_results_v9_trained_hybrid/baseline_03_forward_motion_ATT_trained_hybrid_prediction_outputs.csv,0.0796469673514366,attacked_measurement,0.0,0.0
0.39984,baseline_03_forward_motion,Roll,pulse,0.054568,0,0.0820918306708335,0.0820918306708335,0.0834749241119707,-0.0013830934411371,0.0013830934411371,0.006821,0,0.0,0.0017270940723429,0,0,0,W30_N8_mean1x,30,8,1.0,909,Roll_hybrid_prediction,/home/tchowdh4/sensor_recovery_project/logs/extracted_csv/baseline_03_forward_motion_ATT.csv,/home/tchowdh4/sensor_recovery_project/prediction_results_v9_trained_hybrid/baseline_03_forward_motion_ATT_trained_hybrid_prediction_outputs.csv,0.0820918306708335,attacked_measurement,0.0,0.0
0.4998,baseline_03_forward_motion,Roll,pulse,0.054568,0,0.0817621201276779,0.0817621201276779,0.0811416975981865,0.0006204225294914,0.0006204225294914,0.006821,0,0.0,0.001542648815201,0,0,0,W30_N8_mean1x,30,8,1.0,909,Roll_hybrid_prediction,/home/tchowdh4/sensor_recovery_project/logs/extracted_csv/baseline_03_forward_motion_ATT.csv,/home/tchowdh4/sensor_recovery_project/prediction_results_v9_trained_hybrid/baseline_03_forward_motion_ATT_trained_hybrid_prediction_outputs.csv,0.0817621201276779,attacked_measurement,0.0,0.0
0.59976,baseline_03_forward_motion,Roll,pulse,0.054568,0,0.084925390779972,0.084925390779972,0.0868056685512121,-0.0018802777712401,0.0018802777712401,0.006821,0,0.0,0.0015908815232066,0,0,0,W30_N8_mean1x,30,8,1.0,909,Roll_hybrid_prediction,/home/tchowdh4/sensor_recovery_project/logs/extracted_csv/baseline_03_forward_motion_ATT.csv,/home/tchowdh4/sensor_recovery_project/prediction_results_v9_trained_hybrid/baseline_03_forward_motion_ATT_trained_hybrid_prediction_outputs.csv,0.084925390779972,attacked_measurement,0.0,0.0
0.69972,baseline_03_forward_motion,Roll,pulse,0.054568,0,0.0827567875385284,0.0827567875385284,0.0814775977406312,0.0012791897978972,0.0012791897978972,0.006821,0,0.0,0.0015519200575429,0,0,0,W30_N8_mean1x,30,8,1.0,909,Roll_hybrid_prediction,/home/tchowdh4/sensor_recovery_project/logs/extracted_csv/baseline_03_forward_motion_ATT.csv,/home/tchowdh4/sensor_recovery_project/prediction_results_v9_trained_hybrid/baseline_03_forward_motion_ATT_trained_hybrid_prediction_outputs.csv,0.0827567875385284,attacked_measurement,0.0,0.0
0.800513,baseline_03_forward_motion,Roll,pulse,0.054568,0,0.0789854303002357,0.0789854303002357,0.0769023451193254,0.0020830851809103,0.0020830851809103,0.006821,0,0.0,0.0016109384045837,0,0,0,W30_N8_mean1x,30,8,1.0,909,Roll_hybrid_prediction,/home/tchowdh4/sensor_recovery_project/logs/extracted_csv/baseline_03_forward_motion_ATT.csv,/home/tchowdh4/sensor_recovery_project/prediction_results_v9_trained_hybrid/baseline_03_forward_motion_ATT_trained_hybrid_prediction_outputs.csv,0.0789854303002357,attacked_measurement,0.0,0.0
0.900473,baseline_03_forward_motion,Roll,pulse,0.054568,0,0.0745196267962455,0.0745196267962455,0.071596870894788,0.0029227559014575,0.0029227559014575,0.006821,0,0.0,0.0017421201542711,0,0,0,W30_N8_mean1x,30,8,1.0,909,Roll_hybrid_prediction,/home/tchowdh4/sensor_recovery_project/logs/extracted_csv/baseline_03_forward_motion_ATT.csv,/home/tchowdh4/sensor_recovery_project/prediction_results_v9_trained_hybrid/baseline_03_forward_motion_ATT_trained_hybrid_prediction_outputs.csv,0.0745196267962455,attacked_measurement,0.0,0.0
1.000433,baseline_03_forward_motion,Roll,pulse,0.054568,0,0.0806951746344566,0.0806951746344566,0.0847832948044727,-0.004088120170016,0.004088120170016,0.006821,0,0.0,0.0019553928829752,0,0,0,W30_N8_mean1x,30,8,1.0,909,Roll_hybrid_prediction,/home/tchowdh4/sensor_recovery_project/logs/extracted_csv/baseline_03_forward_motion_ATT.csv,/home/tchowdh4/sensor_recovery_project/prediction_results_v9_trained_hybrid/baseline_03_forward_motion_ATT_trained_hybrid_prediction_outputs.csv,0.0806951746344566,attacked_measurement,0.0,0.0
1.100393,baseline_03_forward_motion,Roll,pulse,0.054568,0,0.0816822201013565,0.0816822201013565,0.0821783250687491,-0.0004961049673925,0.0004961049673925,0.006821,0,0.0,0.0018337855566766,0,0,0,W30_N8_mean1x,30,8,1.0,909,Roll_hybrid_prediction,/home/tchowdh4/sensor_recovery_project/logs/extracted_csv/baseline_03_forward_motion_ATT.csv,/home/tchowdh4/sensor_recovery_project/prediction_results_v9_trained_hybrid/baseline_03_forward_motion_ATT_trained_hybrid_prediction_outputs.csv,0.0816822201013565,attacked_measurement,0.0,0.0
1.200353,baseline_03_forward_motion,Roll,pulse,0.054568,0,0.0837507545948028,0.0837507545948028,0.0848413901958924,-0.0010906356010896,0.0010906356010896,0.006821,0,0.0,0.0017766201754776,0,0,0,W30_N8_mean1x,30,8,1.0,909,Roll_hybrid_prediction,/home/tchowdh4/sensor_recovery_project/logs/extracted_csv/baseline_03_forward_motion_ATT.csv,/home/tchowdh4/sensor_recovery_project/prediction_results_v9_trained_hybrid/baseline_03_forward_motion_ATT_trained_hybrid_prediction_outputs.csv,0.0837507545948028,attacked_measurement,0.0,0.0
1.300313,baseline_03_forward_motion,Roll,pulse,0.054568,0,0.0840555429458618,0.0840555429458618,0.0836787000394326,0.0003768429064291,0.0003768429064291,0.006821,0,0.0,0.0016766360848313,0,0,0,W30_N8_mean1x,30,8,1.0,909,Roll_hybrid_prediction,/home/tchowdh4/sensor_recovery_project/logs/extracted_csv/baseline_03_forward_motion_ATT.csv,/home/tchowdh4/sensor_recovery_project/prediction_results_v9_trained_hybrid/baseline_03_forward_motion_ATT_trained_hybrid_prediction_outputs.csv,0.0840555429458618,attacked_measurement,0.0,0.0
1.400273,baseline_03_forward_motion,Roll,pulse,0.054568,0,0.0854982882738113,0.0854982882738113,0.0863966762171855,-0.0008983879433741,0.0008983879433741,0.006821,0,0.0,0.0016247528754008,0,0,0,W30_N8_mean1x,30,8,1.0,909,Roll_hybrid_prediction,/home/tchowdh4/sensor_recovery_project/logs/extracted_csv/baseline_03_forward_motion_ATT.csv,/home/tchowdh4/sensor_recovery_project/prediction_results_v9_trained_hybrid/baseline_03_forward_motion_ATT_trained_hybrid_prediction_outputs.csv,0.0854982882738113,attacked_measurement,0.0,0.0
1.500233,baseline_03_forward_motion,Roll,pulse,0.054568,0,0.0918620377779007,0.0918620377779007,0.0954271941838428,-0.003565156405942,0.003565156405942,0.006821,0,0.0,0.0017460280960597,0,0,0,W30_N8_mean1x,30,8,1.0,909,Roll_hybrid_prediction,/home/tchowdh4/sensor_recovery_project/logs/extracted_csv/baseline_03_forward_motion_ATT.csv,/home/tchowdh4/sensor_recovery_project/prediction_results_v9_trained_hybrid/baseline_03_forward_motion_ATT_trained_hybrid_prediction_outputs.csv,0.0918620377779007,attacked_measurement,0.0,0.0
1.600193,baseline_03_forward_motion,Roll,pulse,0.054568,0,0.0926479995250701,0.0926479995250701,0.0920651255010674,0.0005828740240026,0.0005828740240026,0.006821,0,0.0,0.0016776072682916,0,0,0,W30_N8_mean1x,30,8,1.0,909,Roll_hybrid_prediction,/home/tchowdh4/sensor_recovery_project/logs/extracted_csv/baseline_03_forward_motion_ATT.csv,/home/tchowdh4/sensor_recovery_project/prediction_results_v9_trained_hybrid/baseline_03_forward_motion_ATT_trained_hybrid_prediction_outputs.csv,0.0926479995250701,attacked_measurement,0.0,0.0
1.700153,baseline_03_forward_motion,Roll,pulse,0.054568,0,0.0893901735544204,0.0893901735544204,0.0870252947138073,0.0023648788406131,0.0023648788406131,0.006821,0,0.0,0.0017157890223095,0,0,0,W30_N8_mean1x,30,8,1.0,909,Roll_hybrid_prediction,/home/tchowdh4/sensor_recovery_project/logs/extracted_csv/baseline_03_forward_motion_ATT.csv,/home/tchowdh4/sensor_recovery_project/prediction_results_v9_trained_hybrid/baseline_03_forward_motion_ATT_trained_hybrid_prediction_outputs.csv,0.0893901735544204,attacked_measurement,0.0,0.0
1.800113,baseline_03_forward_motion,Roll,pulse,0.054568,0,0.0914547145366668,0.0914547145366668,0.0927046020428559,-0.001249887506189,0.001249887506189,0.006821,0,0.0,0.0016912678898821,0,0,0,W30_N8_mean1x,30,8,1.0,909,Roll_hybrid_prediction,/home/tchowdh4/sensor_recovery_project/logs/extracted_csv/baseline_03_forward_motion_ATT.csv,/home/tchowdh4/sensor_recovery_project/prediction_results_v9_trained_hybrid/baseline_03_forward_motion_ATT_trained_hybrid_prediction_outputs.csv,0.0914547145366668,attacked_measurement,0.0,0.0
1.900073,baseline_03_forward_motion,Roll,pulse,0.054568,0,0.0905826166272163,0.0905826166272163,0.0900118351156391,0.0005707815115772,0.0005707815115772,0.006821,0,0.0,0.0016352435709668,0,0,0,W30_N8_mean1x,30,8,1.0,909,Roll_hybrid_prediction,/home/tchowdh4/sensor_recovery_project/logs/extracted_csv/baseline_03_forward_motion_ATT.csv,/home/tchowdh4/sensor_recovery_project/prediction_results_v9_trained_hybrid/baseline_03_forward_motion_ATT_trained_hybrid_prediction_outputs.csv,0.0905826166272163,attacked_measurement,0.0,0.0
2.000033,baseline_03_forward_motion,Roll,pulse,0.054568,0,0.0905208438634872,0.0905208438634872,0.0907779878442545,-0.0002571439807673,0.0002571439807673,0.006821,0,0.0,0.0015696197809573,0,0,0,W30_N8_mean1x,30,8,1.0,909,Roll_hybrid_prediction,/home/tchowdh4/sensor_recovery_project/logs/extracted_csv/baseline_03_forward_motion_ATT.csv,/home/tchowdh4/sensor_recovery_project/prediction_results_v9_trained_hybrid/baseline_03_forward_motion_ATT_trained_hybrid_prediction_outputs.csv,0.0905208438634872,attacked_measurement,0.0,0.0
2.099993,baseline_03_forward_motion,Roll,pulse,0.054568,0,0.0929799154400825,0.0929799154400825,0.0938484470477059,-0.0008685316076234,0.0008685316076234,0.006821,0,0.0,0.0015377521367149,0,0,0,W30_N8_mean1x,30,8,1.0,909,Roll_hybrid_prediction,/home/tchowdh4/sensor_recovery_project/logs/extracted_csv/baseline_03_forward_motion_ATT.csv,/home/tchowdh4/sensor_recovery_project/prediction_results_v9_trained_hybrid/baseline_03_forward_motion_ATT_trained_hybrid_prediction_outputs.csv,0.0929799154400825,attacked_measurement,0.0,0.0
2.199953,baseline_03_forward_motion,Roll,pulse,0.054568,0,0.0929363146424293,0.0929363146424293,0.0918808181785185,0.0010554964639108,0.0010554964639108,0.006821,0,0.0,0.0015167844987669,0,0,0,W30_N8_mean1x,30,8,1.0,909,Roll_hybrid_prediction,/home/tchowdh4/sensor_recovery_project/logs/extracted_csv/baseline_03_forward_motion_ATT.csv,/home/tchowdh4/sensor_recovery_project/prediction_results_v9_trained_hybrid/baseline_03_forward_motion_ATT_trained_hybrid_prediction_outputs.csv,0.0929363146424293,attacked_measurement,0.0,0.0
2.299913,baseline_03_forward_motion,Roll,pulse,0.054568,0,0.089108720421791,0.089108720421791,0.0868302751758952,0.0022784452458957,0.0022784452458957,0.006821,0,0.0,0.0015485203632306,0,0,0,W30_N8_mean1x,30,8,1.0,909,Roll_hybrid_prediction,/home/tchowdh4/sensor_recovery_project/logs/extracted_csv/baseline_03_forward_motion_ATT.csv,/home/tchowdh4/sensor_recovery_project/prediction_results_v9_trained_hybrid/baseline_03_forward_motion_ATT_trained_hybrid_prediction_outputs.csv,0.089108720421791,attacked_measurement,0.0,0.0
2.399873,baseline_03_forward_motion,Roll,pulse,0.054568,0,0.0869486853480339,0.0869486853480339,0.0854811917647007,0.0014674935833332,0.0014674935833332,0.006821,0,0.0,0.0015452792920347,0,0,0,W30_N8_mean1x,30,8,1.0,909,Roll_hybrid_prediction,/home/tchowdh4/sensor_recovery_project/logs/extracted_csv/baseline_03_forward_motion_ATT.csv,/home/tchowdh4/sensor_recovery_project/prediction_results_v9_trained_hybrid/baseline_03_forward_motion_ATT_trained_hybrid_prediction_outputs.csv,0.0869486853480339,attacked_measurement,0.0,0.0
2.499833,baseline_03_forward_motion,Roll,pulse,0.054568,0,0.0850643217563629,0.0850643217563629,0.0841869577673578,0.0008773639890051,0.0008773639890051,0.006821,0,0.0,0.0015195902419181,0,0,0,W30_N8_mean1x,30,8,1.0,909,Roll_hybrid_prediction,/home/tchowdh4/sensor_recovery_project/logs/extracted_csv/baseline_03_forward_motion_ATT.csv,/home/tchowdh4/sensor_recovery_project/prediction_results_v9_trained_hybrid/baseline_03_forward_motion_ATT_trained_hybrid_prediction_outputs.csv,0.0850643217563629,attacked_measurement,0.0,0.0
2.599793,baseline_03_forward_motion,Roll,pulse,0.054568,0,0.0819099321961402,0.0819099321961402,0.080620764879956,0.0012891673161842,0.0012891673161842,0.006821,0,0.0,0.0015110560594835,0,0,0,W30_N8_mean1x,30,8,1.0,909,Roll_hybrid_prediction,/home/tchowdh4/sensor_recovery_project/logs/extracted_csv/baseline_03_forward_motion_ATT.csv,/home/tchowdh4/sensor_recovery_project/prediction_results_v9_trained_hybrid/baseline_03_forward_motion_ATT_trained_hybrid_prediction_outputs.csv,0.0819099321961402,attacked_measurement,0.0,0.0
2.699753,baseline_03_forward_motion,Roll,pulse,0.054568,0,0.0828775390982627,0.0828775390982627,0.083211175099044,-0.0003336360007812,0.0003336360007812,0.006821,0,0.0,0.0014690053431013,0,0,0,W30_N8_mean1x,30,8,1.0,909,Roll_hybrid_prediction,/home/tchowdh4/sensor_recovery_project/logs/extracted_csv/baseline_03_forward_motion_ATT.csv,/home/tchowdh4/sensor_recovery_project/prediction_results_v9_trained_hybrid/baseline_03_forward_motion_ATT_trained_hybrid_prediction_outputs.csv,0.0828775390982627,attacked_measurement,0.0,0.0
2.800546,baseline_03_forward_motion,Roll,pulse,0.054568,0,0.0799732059240341,0.0799732059240341,0.0776821329398306,0.0022910729842035,0.0022910729842035,0.006821,0,0.0,0.0014973525031393,0,0,0,W30_N8_mean1x,30,8,1.0,909,Roll_hybrid_prediction,/home/tchowdh4/sensor_recovery_project/logs/extracted_csv/baseline_03_forward_motion_ATT.csv,/home/tchowdh4/sensor_recovery_project/prediction_results_v9_trained_hybrid/baseline_03_forward_motion_ATT_trained_hybrid_prediction_outputs.csv,0.0799732059240341,attacked_measurement,0.0,0.0
2.900506,baseline_03_forward_motion,Roll,pulse,0.054568,0,0.079063706099987,0.079063706099987,0.0783437986806747,0.0007199074193122,0.0007199074193122,0.006821,0,0.0,0.0014714376670118,0,0,0,W30_N8_mean1x,30,8,1.0,909,Roll_hybrid_prediction,/home/tchowdh4/sensor_recovery_project/logs/extracted_csv/baseline_03_forward_motion_ATT.csv,/home/tchowdh4/sensor_recovery_project/prediction_results_v9_trained_hybrid/baseline_03_forward_motion_ATT_trained_hybrid_prediction_outputs.csv,0.079063706099987,attacked_measurement,0.0,0.0
3.000466,baseline_03_forward_motion,Roll,pulse,0.054568,0,0.0794820412993431,0.0794820412993431,0.0795149672848258,-3.292598548269854e-05,3.292598548269854e-05,0.006821,0,0.0,0.001425454582434,0,0,0,W30_N8_mean1x,30,8,1.0,909,Roll_hybrid_prediction,/home/tchowdh4/sensor_recovery_project/logs/extracted_csv/baseline_03_forward_motion_ATT.csv,/home/tchowdh4/sensor_recovery_project/prediction_results_v9_trained_hybrid/baseline_03_forward_motion_ATT_trained_hybrid_prediction_outputs.csv,0.0794820412993431,attacked_measurement,0.0,0.0
3.100426,baseline_03_forward_motion,Roll,pulse,0.054568,0,0.077452927827835,0.077452927827835,0.0762377090054851,0.0012152188223499,0.0012152188223499,0.006821,0,0.0,0.0013642422293898,0,0,0,W30_N8_mean1x,30,8,1.0,909,Roll_hybrid_prediction,/home/tchowdh4/sensor_recovery_project/logs/extracted_csv/baseline_03_forward_motion_ATT.csv,/home/tchowdh4/sensor_recovery_project/prediction_results_v9_trained_hybrid/baseline_03_forward_motion_ATT_trained_hybrid_prediction_outputs.csv,0.077452927827835,attacked_measurement,0.0,0.0
3.200386,baseline_03_forward_motion,Roll,pulse,0.054568,0,0.0773479118943214,0.0773479118943214,0.0776517811862875,-0.0003038692919661,0.0003038692919661,0.006821,0,0.0,0.0013522127682901,0,0,0,W30_N8_mean1x,30,8,1.0,909,Roll_hybrid_prediction,/home/tchowdh4/sensor_recovery_project/logs/extracted_csv/baseline_03_forward_motion_ATT.csv,/home/tchowdh4/sensor_recovery_project/prediction_results_v9_trained_hybrid/baseline_03_forward_motion_ATT_trained_hybrid_prediction_outputs.csv,0.0773479118943214,attacked_measurement,0.0,0.0
3.300346,baseline_03_forward_motion,Roll,pulse,0.054568,0,0.0811024457216262,0.0811024457216262,0.0833576971602055,-0.0022552514385792,0.0022552514385792,0.006821,0,0.0,0.0013566006209384,0,0,0,W30_N8_mean1x,30,8,1.0,909,Roll_hybrid_prediction,/home/tchowdh4/sensor_recovery_project/logs/extracted_csv/baseline_03_forward_motion_ATT.csv,/home/tchowdh4/sensor_recovery_project/prediction_results_v9_trained_hybrid/baseline_03_forward_motion_ATT_trained_hybrid_prediction_outputs.csv,0.0811024457216262,attacked_measurement,0.0,0.0
3.400306,baseline_03_forward_motion,Roll,pulse,0.054568,0,0.0782629549503326,0.0782629549503326,0.0757166619618209,0.0025462929885116,0.0025462929885116,0.006821,0,0.0,0.0013953739391843,0,0,0,W30_N8_mean1x,30,8,1.0,909,Roll_hybrid_prediction,/home/tchowdh4/sensor_recovery_project/logs/extracted_csv/baseline_03_forward_motion_ATT.csv,/home/tchowdh4/sensor_recovery_project/prediction_results_v9_trained_hybrid/baseline_03_forward_motion_ATT_trained_hybrid_prediction_outputs.csv,0.0782629549503326,attacked_measurement,0.0,0.0
3.500266,baseline_03_forward_motion,Roll,pulse,0.054568,0,0.0795459896326065,0.0795459896326065,0.0799976230830802,-0.0004516334504736,0.0004516334504736,0.006821,0,0.0,0.0013897476365503,0,0,0,W30_N8_mean1x,30,8,1.0,909,Roll_hybrid_prediction,/home/tchowdh4/sensor_recovery_project/logs/extracted_csv/baseline_03_forward_motion_ATT.csv,/home/tchowdh4/sensor_recovery_project/prediction_results_v9_trained_hybrid/baseline_03_forward_motion_ATT_trained_hybrid_prediction_outputs.csv,0.0795459896326065,attacked_measurement,0.0,0.0
3.600226,baseline_03_forward_motion,Roll,pulse,0.054568,0,0.0838920250535011,0.0838920250535011,0.0860875652454756,-0.0021955401919745,0.0021955401919745,0.006821,0,0.0,0.0014002563839081,0,0,0,W30_N8_mean1x,30,8,1.0,909,Roll_hybrid_prediction,/home/tchowdh4/sensor_recovery_project/logs/extracted_csv/baseline_03_forward_motion_ATT.csv,/home/tchowdh4/sensor_recovery_project/prediction_results_v9_trained_hybrid/baseline_03_forward_motion_ATT_trained_hybrid_prediction_outputs.csv,0.0838920250535011,attacked_measurement,0.0,0.0
3.700186,baseline_03_forward_motion,Roll,pulse,0.054568,0,0.0846924632787704,0.0846924632787704,0.0850964909494093,-0.0004040276706388,0.0004040276706388,0.006821,0,0.0,0.0013710843129995,0,0,0,W30_N8_mean1x,30,8,1.0,909,Roll_hybrid_prediction,/home/tchowdh4/sensor_recovery_project/logs/extracted_csv/baseline_03_forward_motion_ATT.csv,/home/tchowdh4/sensor_recovery_project/prediction_results_v9_trained_hybrid/baseline_03_forward_motion_ATT_trained_hybrid_prediction_outputs.csv,0.0846924632787704,attacked_measurement,0.0,0.0
3.800146,baseline_03_forward_motion,Roll,pulse,0.054568,0,0.0853829458355903,0.0853829458355903,0.0855860676653669,-0.0002031218297766,0.0002031218297766,0.006821,0,0.0,0.0013084188679617,0,0,0,W30_N8_mean1x,30,8,1.0,909,Roll_hybrid_prediction,/home/tchowdh4/sensor_recovery_project/logs/extracted_csv/baseline_03_forward_motion_ATT.csv,/home/tchowdh4/sensor_recovery_project/prediction_results_v9_trained_hybrid/baseline_03_forward_motion_ATT_trained_hybrid_prediction_outputs.csv,0.0853829458355903,attacked_measurement,0.0,0.0
3.900106,baseline_03_forward_motion,Roll,pulse,0.054568,0,0.085867591202259,0.085867591202259,0.0858774255447426,-9.834342483611149e-06,9.834342483611149e-06,0.006821,0,0.0,0.0012113214826626,0,0,0,W30_N8_mean1x,30,8,1.0,909,Roll_hybrid_prediction,/home/tchowdh4/sensor_recovery_project/logs/extracted_csv/baseline_03_forward_motion_ATT.csv,/home/tchowdh4/sensor_recovery_project/prediction_results_v9_trained_hybrid/baseline_03_forward_motion_ATT_trained_hybrid_prediction_outputs.csv,0.085867591202259,attacked_measurement,0.0,0.0
4.000066,baseline_03_forward_motion,Roll,pulse,0.054568,0,0.0830458775162696,0.0830458775162696,0.0810930819405494,0.0019527955757202,0.0019527955757202,0.006821,0,0.0,0.0011401439961861,0,0,0,W30_N8_mean1x,30,8,1.0,909,Roll_hybrid_prediction,/home/tchowdh4/sensor_recovery_project/logs/extracted_csv/baseline_03_forward_motion_ATT.csv,/home/tchowdh4/sensor_recovery_project/prediction_results_v9_trained_hybrid/baseline_03_forward_motion_ATT_trained_hybrid_prediction_outputs.csv,0.0830458775162696,attacked_measurement,0.0,0.0
4.100026,baseline_03_forward_motion,Roll,pulse,0.054568,0,0.0824788138270378,0.0824788138270378,0.0817157301401701,0.0007630836868676,0.0007630836868676,0.006821,0,0.0,0.0011490432868353,0,0,0,W30_N8_mean1x,30,8,1.0,909,Roll_hybrid_prediction,/home/tchowdh4/sensor_recovery_project/logs/extracted_csv/baseline_03_forward_motion_ATT.csv,/home/tchowdh4/sensor_recovery_project/prediction_results_v9_trained_hybrid/baseline_03_forward_motion_ATT_trained_hybrid_prediction_outputs.csv,0.0824788138270378,attacked_measurement,0.0,0.0
4.199986,baseline_03_forward_motion,Roll,pulse,0.054568,0,0.0794140547513961,0.0794140547513961,0.0771555211433893,0.0022585336080067,0.0022585336080067,0.006821,0,0.0,0.0011879732203992,0,0,0,W30_N8_mean1x,30,8,1.0,909,Roll_hybrid_prediction,/home/tchowdh4/sensor_recovery_project/logs/extracted_csv/baseline_03_forward_motion_ATT.csv,/home/tchowdh4/sensor_recovery_project/prediction_results_v9_trained_hybrid/baseline_03_forward_motion_ATT_trained_hybrid_prediction_outputs.csv,0.0794140547513961,attacked_measurement,0.0,0.0
4.299946,baseline_03_forward_motion,Roll,pulse,0.054568,0,0.0790941566228866,0.0790941566228866,0.0786441530841723,0.0004500035387142,0.0004500035387142,0.006821,0,0.0,0.001190411908142,0,0,0,W30_N8_mean1x,30,8,1.0,909,Roll_hybrid_prediction,/home/tchowdh4/sensor_recovery_project/logs/extracted_csv/baseline_03_forward_motion_ATT.csv,/home/tchowdh4/sensor_recovery_project/prediction_results_v9_trained_hybrid/baseline_03_forward_motion_ATT_trained_hybrid_prediction_outputs.csv,0.0790941566228866,attacked_measurement,0.0,0.0
4.399906,baseline_03_forward_motion,Roll,pulse,0.054568,0,0.0855680480599403,0.0855680480599403,0.0895725274096155,-0.0040044793496751,0.0040044793496751,0.006821,0,0.0,0.001293948288352,0,0,0,W30_N8_mean1x,30,8,1.0,909,Roll_hybrid_prediction,/home/tchowdh4/sensor_recovery_project/logs/extracted_csv/baseline_03_forward_motion_ATT.csv,/home/tchowdh4/sensor_recovery_project/prediction_results_v9_trained_hybrid/baseline_03_forward_motion_ATT_trained_hybrid_prediction_outputs.csv,0.0855680480599403,attacked_measurement,0.0,0.0
4.499866,baseline_03_forward_motion,Roll,pulse,0.054568,0,0.0883172750473022,0.0883172750473022,0.0893852493281796,-0.0010679742808773,0.0010679742808773,0.006821,0,0.0,0.0012107088841832,0,0,0,W30_N8_mean1x,30,8,1.0,909,Roll_hybrid_prediction,/home/tchowdh4/sensor_recovery_project/logs/extracted_csv/baseline_03_forward_motion_ATT.csv,/home/tchowdh4/sensor_recovery_project/prediction_results_v9_trained_hybrid/baseline_03_forward_motion_ATT_trained_hybrid_prediction_outputs.csv,0.0883172750473022,attacked_measurement,0.0,0.0
4.599826,baseline_03_forward_motion,Roll,pulse,0.054568,0,0.0914562717080116,0.0914562717080116,0.0935467306744886,-0.0020904589664769,0.0020904589664769,0.006821,0,0.0,0.001260961715599,0,0,0,W30_N8_mean1x,30,8,1.0,909,Roll_hybrid_prediction,/home/tchowdh4/sensor_recovery_project/logs/extracted_csv/baseline_03_forward_motion_ATT.csv,/home/tchowdh4/sensor_recovery_project/prediction_results_v9_trained_hybrid/baseline_03_forward_motion_ATT_trained_hybrid_prediction_outputs.csv,0.0914562717080116,attacked_measurement,0.0,0.0
4.699786,baseline_03_forward_motion,Roll,pulse,0.054568,0,0.0959274321794509,0.0959274321794509,0.0980751636996643,-0.0021477315202134,0.0021477315202134,0.006821,0,0.0,0.0012537234715857,0,0,0,W30_N8_mean1x,30,8,1.0,909,Roll_hybrid_prediction,/home/tchowdh4/sensor_recovery_project/logs/extracted_csv/baseline_03_forward_motion_ATT.csv,/home/tchowdh4/sensor_recovery_project/prediction_results_v9_trained_hybrid/baseline_03_forward_motion_ATT_trained_hybrid_prediction_outputs.csv,0.0959274321794509,attacked_measurement,0.0,0.0
4.799746,baseline_03_forward_motion,Roll,pulse,0.054568,0,0.0925099551677703,0.0925099551677703,0.0896436849885067,0.0028662701792636,0.0028662701792636,0.006821,0,0.0,0.0013076028940215,0,0,0,W30_N8_mean1x,30,8,1.0,909,Roll_hybrid_prediction,/home/tchowdh4/sensor_recovery_project/logs/extracted_csv/baseline_03_forward_motion_ATT.csv,/home/tchowdh4/sensor_recovery_project/prediction_results_v9_trained_hybrid/baseline_03_forward_motion_ATT_trained_hybrid_prediction_outputs.csv,0.0925099551677703,attacked_measurement,0.0,0.0
4.900539,baseline_03_forward_motion,Roll,pulse,0.054568,0,0.092097632586956,0.092097632586956,0.0913566618134378,0.0007409707735182,0.0007409707735182,0.006821,0,0.0,0.0013132758694195,0,0,0,W30_N8_mean1x,30,8,1.0,909,Roll_hybrid_prediction,/home/tchowdh4/sensor_recovery_project/logs/extracted_csv/baseline_03_forward_motion_ATT.csv,/home/tchowdh4/sensor_recovery_project/prediction_results_v9_trained_hybrid/baseline_03_forward_motion_ATT_trained_hybrid_prediction_outputs.csv,0.092097632586956,attacked_measurement,0.0,0.0
5.000499,baseline_03_forward_motion,Roll,pulse,0.054568,0,0.0939535498619079,0.0939535498619079,0.0948431724855629,-0.0008896226236549,0.0008896226236549,0.006821,0,0.0,0.0013343584908491,0,0,0,W30_N8_mean1x,30,8,1.0,909,Roll_hybrid_prediction,/home/tchowdh4/sensor_recovery_project/logs/extracted_csv/baseline_03_forward_motion_ATT.csv,/home/tchowdh4/sensor_recovery_project/prediction_results_v9_trained_hybrid/baseline_03_forward_motion_ATT_trained_hybrid_prediction_outputs.csv,0.0939535498619079,attacked_measurement,0.0,0.0
5.100459,baseline_03_forward_motion,Roll,pulse,0.054568,0,0.0911035910248756,0.0911035910248756,0.0891145345722886,0.0019890564525869,0.0019890564525869,0.006821,0,0.0,0.0013717093190146,0,0,0,W30_N8_mean1x,30,8,1.0,909,Roll_hybrid_prediction,/home/tchowdh4/sensor_recovery_project/logs/extracted_csv/baseline_03_forward_motion_ATT.csv,/home/tchowdh4/sensor_recovery_project/prediction_results_v9_trained_hybrid/baseline_03_forward_motion_ATT_trained_hybrid_prediction_outputs.csv,0.0911035910248756,attacked_measurement,0.0,0.0
5.200419,baseline_03_forward_motion,Roll,pulse,0.054568,0,0.0936595275998115,0.0936595275998115,0.0954610309004185,-0.001801503300607,0.001801503300607,0.006821,0,0.0,0.0013965762135711,0,0,0,W30_N8_mean1x,30,8,1.0,909,Roll_hybrid_prediction,/home/tchowdh4/sensor_recovery_project/logs/extracted_csv/baseline_03_forward_motion_ATT.csv,/home/tchowdh4/sensor_recovery_project/prediction_results_v9_trained_hybrid/baseline_03_forward_motion_ATT_trained_hybrid_prediction_outputs.csv,0.0936595275998115,attacked_measurement,0.0,0.0
5.300379,baseline_03_forward_motion,Roll,pulse,0.054568,0,0.0935333222150802,0.0935333222150802,0.0933264731525124,0.0002068490625678,0.0002068490625678,0.006821,0,0.0,0.0013275230074602,0,0,0,W30_N8_mean1x,30,8,1.0,909,Roll_hybrid_prediction,/home/tchowdh4/sensor_recovery_project/logs/extracted_csv/baseline_03_forward_motion_ATT.csv,/home/tchowdh4/sensor_recovery_project/prediction_results_v9_trained_hybrid/baseline_03_forward_motion_ATT_trained_hybrid_prediction_outputs.csv,0.0935333222150802,attacked_measurement,0.0,0.0
5.400339,baseline_03_forward_motion,Roll,pulse,0.054568,0,0.0874635353684425,0.0874635353684425,0.0833698996493113,0.0040936357191311,0.0040936357191311,0.006821,0,0.0,0.0014150610786535,0,0,0,W30_N8_mean1x,30,8,1.0,909,Roll_hybrid_prediction,/home/tchowdh4/sensor_recovery_project/logs/extracted_csv/baseline_03_forward_motion_ATT.csv,/home/tchowdh4/sensor_recovery_project/prediction_results_v9_trained_hybrid/baseline_03_forward_motion_ATT_trained_hybrid_prediction_outputs.csv,0.0874635353684425,attacked_measurement,0.0,0.0
5.500299,baseline_03_forward_motion,Roll,pulse,0.054568,0,0.0844029411673545,0.0844029411673545,0.082488139985055,0.0019148011822995,0.0019148011822995,0.006821,0,0.0,0.0014496423184299,0,0,0,W30_N8_mean1x,30,8,1.0,909,Roll_hybrid_prediction,/home/tchowdh4/sensor_recovery_project/logs/extracted_csv/baseline_03_forward_motion_ATT.csv,/home/tchowdh4/sensor_recovery_project/prediction_results_v9_trained_hybrid/baseline_03_forward_motion_ATT_trained_hybrid_prediction_outputs.csv,0.0844029411673545,attacked_measurement,0.0,0.0
5.600259,baseline_03_forward_motion,Roll,pulse,0.054568,0,0.0838912948966026,0.0838912948966026,0.0828742803779609,0.0010170145186417,0.0010170145186417,0.006821,0,0.0,0.0014405705585119,0,0,0,W30_N8_mean1x,30,8,1.0,909,Roll_hybrid_prediction,/home/tchowdh4/sensor_recovery_project/logs/extracted_csv/baseline_03_forward_motion_ATT.csv,/home/tchowdh4/sensor_recovery_project/prediction_results_v9_trained_hybrid/baseline_03_forward_motion_ATT_trained_hybrid_prediction_outputs.csv,0.0838912948966026,attacked_measurement,0.0,0.0
5.700219,baseline_03_forward_motion,Roll,pulse,0.054568,0,0.0816951021552085,0.0816951021552085,0.0806074526757201,0.0010876494794884,0.0010876494794884,0.006821,0,0.0,0.0014657043411354,0,0,0,W30_N8_mean1x,30,8,1.0,909,Roll_hybrid_prediction,/home/tchowdh4/sensor_recovery_project/logs/extracted_csv/baseline_03_forward_motion_ATT.csv,/home/tchowdh4/sensor_recovery_project/prediction_results_v9_trained_hybrid/baseline_03_forward_motion_ATT_trained_hybrid_prediction_outputs.csv,0.0816951021552085,attacked_measurement,0.0,0.0
5.800179,baseline_03_forward_motion,Roll,pulse,0.054568,0,0.0821479484438896,0.0821479484438896,0.0828145131523237,-0.000666564708434,0.000666564708434,0.006821,0,0.0,0.0014115540652764,0,0,0,W30_N8_mean1x,30,8,1.0,909,Roll_hybrid_prediction,/home/tchowdh4/sensor_recovery_project/logs/extracted_csv/baseline_03_forward_motion_ATT.csv,/home/tchowdh4/sensor_recovery_project/prediction_results_v9_trained_hybrid/baseline_03_forward_motion_ATT_trained_hybrid_prediction_outputs.csv,0.0821479484438896,attacked_measurement,0.0,0.0
5.900139,baseline_03_forward_motion,Roll,pulse,0.054568,0,0.0835678130388259,0.0835678130388259,0.0841015194321951,-0.0005337063933691,0.0005337063933691,0.006821,0,0.0,0.0014053473644117,0,0,0,W30_N8_mean1x,30,8,1.0,909,Roll_hybrid_prediction,/home/tchowdh4/sensor_recovery_project/logs/extracted_csv/baseline_03_forward_motion_ATT.csv,/home/tchowdh4/sensor_recovery_project/prediction_results_v9_trained_hybrid/baseline_03_forward_motion_ATT_trained_hybrid_prediction_outputs.csv,0.0835678130388259,attacked_measurement,0.0,0.0
6.000099,baseline_03_forward_motion,Roll,pulse,0.054568,0,0.0798836126923561,0.0798836126923561,0.0769967650231396,0.0028868476692164,0.0028868476692164,0.006821,0,0.0,0.0015004780872028,0,0,0,W30_N8_mean1x,30,8,1.0,909,Roll_hybrid_prediction,/home/tchowdh4/sensor_recovery_project/logs/extracted_csv/baseline_03_forward_motion_ATT.csv,/home/tchowdh4/sensor_recovery_project/prediction_results_v9_trained_hybrid/baseline_03_forward_motion_ATT_trained_hybrid_prediction_outputs.csv,0.0798836126923561,attacked_measurement,0.0,0.0
6.100059,baseline_03_forward_motion,Roll,pulse,0.054568,0,0.0823171064257621,0.0823171064257621,0.0835747952151904,-0.0012576887894283,0.0012576887894283,0.006821,0,0.0,0.0015018937527721,0,0,0,W30_N8_mean1x,30,8,1.0,909,Roll_hybrid_prediction,/home/tchowdh4/sensor_recovery_project/logs/extracted_csv/baseline_03_forward_motion_ATT.csv,/home/tchowdh4/sensor_recovery_project/prediction_results_v9_trained_hybrid/baseline_03_forward_motion_ATT_trained_hybrid_prediction_outputs.csv,0.0823171064257621,attacked_measurement,0.0,0.0
6.200019,baseline_03_forward_motion,Roll,pulse,0.054568,0,0.0812732875347137,0.0812732875347137,0.0802130319217611,0.0010602556129526,0.0010602556129526,0.006821,0,0.0,0.0015271066301383,0,0,0,W30_N8_mean1x,30,8,1.0,909,Roll_hybrid_prediction,/home/tchowdh4/sensor_recovery_project/logs/extracted_csv/baseline_03_forward_motion_ATT.csv,/home/tchowdh4/sensor_recovery_project/prediction_results_v9_trained_hybrid/baseline_03_forward_motion_ATT_trained_hybrid_prediction_outputs.csv,0.0812732875347137,attacked_measurement,0.0,0.0
6.299979,baseline_03_forward_motion,Roll,pulse,0.054568,0,0.0818410292267799,0.0818410292267799,0.0817749112522995,6.61179744803897e-05,6.61179744803897e-05,0.006821,0,0.0,0.0014541355146683,0,0,0,W30_N8_mean1x,30,8,1.0,909,Roll_hybrid_prediction,/home/tchowdh4/sensor_recovery_project/logs/extracted_csv/baseline_03_forward_motion_ATT.csv,/home/tchowdh4/sensor_recovery_project/prediction_results_v9_trained_hybrid/baseline_03_forward_motion_ATT_trained_hybrid_prediction_outputs.csv,0.0818410292267799,attacked_measurement,0.0,0.0
6.399939,baseline_03_forward_motion,Roll,pulse,0.054568,0,0.0799331590533256,0.0799331590533256,0.0782647917789182,0.0016683672744074,0.0016683672744074,0.006821,0,0.0,0.0014248713241982,0,0,0,W30_N8_mean1x,30,8,1.0,909,Roll_hybrid_prediction,/home/tchowdh4/sensor_recovery_project/logs/extracted_csv/baseline_03_forward_motion_ATT.csv,/home/tchowdh4/sensor_recovery_project/prediction_results_v9_trained_hybrid/baseline_03_forward_motion_ATT_trained_hybrid_prediction_outputs.csv,0.0799331590533256,attacked_measurement,0.0,0.0
6.499899,baseline_03_forward_motion,Roll,pulse,0.054568,0,0.0804777666926384,0.0804777666926384,0.0804424434926076,3.532320003080125e-05,3.532320003080125e-05,0.006821,0,0.0,0.0014109943158501,0,0,0,W30_N8_mean1x,30,8,1.0,909,Roll_hybrid_prediction,/home/tchowdh4/sensor_recovery_project/logs/extracted_csv/baseline_03_forward_motion_ATT.csv,/home/tchowdh4/sensor_recovery_project/prediction_results_v9_trained_hybrid/baseline_03_forward_motion_ATT_trained_hybrid_prediction_outputs.csv,0.0804777666926384,attacked_measurement,0.0,0.0
6.599859,baseline_03_forward_motion,Roll,pulse,0.054568,0,0.0809030756354332,0.0809030756354332,0.0805489861748729,0.0003540894605603,0.0003540894605603,0.006821,0,0.0,0.001349612624803,0,0,0,W30_N8_mean1x,30,8,1.0,909,Roll_hybrid_prediction,/home/tchowdh4/sensor_recovery_project/logs/extracted_csv/baseline_03_forward_motion_ATT.csv,/home/tchowdh4/sensor_recovery_project/prediction_results_v9_trained_hybrid/baseline_03_forward_motion_ATT_trained_hybrid_prediction_outputs.csv,0.0809030756354332,attacked_measurement,0.0,0.0
6.699819,baseline_03_forward_motion,Roll,pulse,0.054568,0,0.0853855162858963,0.0853855162858963,0.0881919129064189,-0.0028063966205225,0.0028063966205225,0.006821,0,0.0,0.0014296915897991,0,0,0,W30_N8_mean1x,30,8,1.0,909,Roll_hybrid_prediction,/home/tchowdh4/sensor_recovery_project/logs/extracted_csv/baseline_03_forward_motion_ATT.csv,/home/tchowdh4/sensor_recovery_project/prediction_results_v9_trained_hybrid/baseline_03_forward_motion_ATT_trained_hybrid_prediction_outputs.csv,0.0853855162858963,attacked_measurement,0.0,0.0
6.799779,baseline_03_forward_motion,Roll,pulse,0.054568,0,0.0951860398054122,0.0951860398054122,0.1008973455905909,-0.0057113057851787,0.0057113057851787,0.006821,0,0.0,0.0016132977216458,0,0,0,W30_N8_mean1x,30,8,1.0,909,Roll_hybrid_prediction,/home/tchowdh4/sensor_recovery_project/logs/extracted_csv/baseline_03_forward_motion_ATT.csv,/home/tchowdh4/sensor_recovery_project/prediction_results_v9_trained_hybrid/baseline_03_forward_motion_ATT_trained_hybrid_prediction_outputs.csv,0.0951860398054122,attacked_measurement,0.0,0.0
6.899739,baseline_03_forward_motion,Roll,pulse,0.054568,0,0.0985104218125343,0.0985104218125343,0.1001919719006988,-0.0016815500881644,0.0016815500881644,0.006821,0,0.0,0.0016690215798352,0,0,0,W30_N8_mean1x,30,8,1.0,909,Roll_hybrid_prediction,/home/tchowdh4/sensor_recovery_project/logs/extracted_csv/baseline_03_forward_motion_ATT.csv,/home/tchowdh4/sensor_recovery_project/prediction_results_v9_trained_hybrid/baseline_03_forward_motion_ATT_trained_hybrid_prediction_outputs.csv,0.0985104218125343,attacked_measurement,0.0,0.0
7.000532,baseline_03_forward_motion,Roll,pulse,0.054568,0,0.1011841744184494,0.1011841744184494,0.1026708300563627,-0.0014866556379132,0.0014866556379132,0.006821,0,0.0,0.0016534835819083,0,0,0,W30_N8_mean1x,30,8,1.0,909,Roll_hybrid_prediction,/home/tchowdh4/sensor_recovery_project/logs/extracted_csv/baseline_03_forward_motion_ATT.csv,/home/tchowdh4/sensor_recovery_project/prediction_results_v9_trained_hybrid/baseline_03_forward_motion_ATT_trained_hybrid_prediction_outputs.csv,0.1011841744184494,attacked_measurement,0.0,0.0
7.100492,baseline_03_forward_motion,Roll,pulse,0.054568,0,0.1006905883550643,0.1006905883550643,0.0998383076595832,0.0008522806954811,0.0008522806954811,0.006821,0,0.0,0.0016564568155287,0,0,0,W30_N8_mean1x,30,8,1.0,909,Roll_hybrid_prediction,/home/tchowdh4/sensor_recovery_project/logs/extracted_csv/baseline_03_forward_motion_ATT.csv,/home/tchowdh4/sensor_recovery_project/prediction_results_v9_trained_hybrid/baseline_03_forward_motion_ATT_trained_hybrid_prediction_outputs.csv,0.1006905883550643,attacked_measurement,0.0,0.0
7.200452,baseline_03_forward_motion,Roll,pulse,0.054568,0,0.0933083370327949,0.0933083370327949,0.0883536291593821,0.0049547078734128,0.0049547078734128,0.006821,0,0.0,0.0017463292910423,0,0,0,W30_N8_mean1x,30,8,1.0,909,Roll_hybrid_prediction,/home/tchowdh4/sensor_recovery_project/logs/extracted_csv/baseline_03_forward_motion_ATT.csv,/home/tchowdh4/sensor_recovery_project/prediction_results_v9_trained_hybrid/baseline_03_forward_motion_ATT_trained_hybrid_prediction_outputs.csv,0.0933083370327949,attacked_measurement,0.0,0.0
7.300412,baseline_03_forward_motion,Roll,pulse,0.054568,0,0.092060387134552,0.092060387134552,0.0914104603962107,0.0006499267383412,0.0006499267383412,0.006821,0,0.0,0.0017529933976965,0,0,0,W30_N8_mean1x,30,8,1.0,909,Roll_hybrid_prediction,/home/tchowdh4/sensor_recovery_project/logs/extracted_csv/baseline_03_forward_motion_ATT.csv,/home/tchowdh4/sensor_recovery_project/prediction_results_v9_trained_hybrid/baseline_03_forward_motion_ATT_trained_hybrid_prediction_outputs.csv,0.092060387134552,attacked_measurement,0.0,0.0
7.400372,baseline_03_forward_motion,Roll,pulse,0.054568,0,0.0896337926387786,0.0896337926387786,0.0876229351532612,0.0020108574855174,0.0020108574855174,0.006821,0,0.0,0.0016865393355579,0,0,0,W30_N8_mean1x,30,8,1.0,909,Roll_hybrid_prediction,/home/tchowdh4/sensor_recovery_project/logs/extracted_csv/baseline_03_forward_motion_ATT.csv,/home/tchowdh4/sensor_recovery_project/prediction_results_v9_trained_hybrid/baseline_03_forward_motion_ATT_trained_hybrid_prediction_outputs.csv,0.0896337926387786,attacked_measurement,0.0,0.0
7.500332,baseline_03_forward_motion,Roll,pulse,0.054568,0,0.0893138423562049,0.0893138423562049,0.0891401590454726,0.0001736833107323,0.0001736833107323,0.006821,0,0.0,0.0016567296365531,0,0,0,W30_N8_mean1x,30,8,1.0,909,Roll_hybrid_prediction,/home/tchowdh4/sensor_recovery_project/logs/extracted_csv/baseline_03_forward_motion_ATT.csv,/home/tchowdh4/sensor_recovery_project/prediction_results_v9_trained_hybrid/baseline_03_forward_motion_ATT_trained_hybrid_prediction_outputs.csv,0.0893138423562049,attacked_measurement,0.0,0.0
7.600292,baseline_03_forward_motion,Roll,pulse,0.054568,0,0.089236743748188,0.089236743748188,0.0891406984485458,9.604529964220287e-05,9.604529964220287e-05,0.006821,0,0.0,0.0015902491809919,0,0,0,W30_N8_mean1x,30,8,1.0,909,Roll_hybrid_prediction,/home/tchowdh4/sensor_recovery_project/logs/extracted_csv/baseline_03_forward_motion_ATT.csv,/home/tchowdh4/sensor_recovery_project/prediction_results_v9_trained_hybrid/baseline_03_forward_motion_ATT_trained_hybrid_prediction_outputs.csv,0.089236743748188,attacked_measurement,0.0,0.0
7.700252,baseline_03_forward_motion,Roll,pulse,0.054568,0,0.0888496190309524,0.0888496190309524,0.0888058562703512,4.376276060119588e-05,4.376276060119588e-05,0.006821,0,0.0,0.0015201168890048,0,0,0,W30_N8_mean1x,30,8,1.0,909,Roll_hybrid_prediction,/home/tchowdh4/sensor_recovery_project/logs/extracted_csv/baseline_03_forward_motion_ATT.csv,/home/tchowdh4/sensor_recovery_project/prediction_results_v9_trained_hybrid/baseline_03_forward_motion_ATT_trained_hybrid_prediction_outputs.csv,0.0888496190309524,attacked_measurement,0.0,0.0
7.800212,baseline_03_forward_motion,Roll,pulse,0.054568,0,0.0868111625313758,0.0868111625313758,0.0852429478369191,0.0015682146944566,0.0015682146944566,0.006821,0,0.0,0.0014768483728446,0,0,0,W30_N8_mean1x,30,8,1.0,909,Roll_hybrid_prediction,/home/tchowdh4/sensor_recovery_project/logs/extracted_csv/baseline_03_forward_motion_ATT.csv,/home/tchowdh4/sensor_recovery_project/prediction_results_v9_trained_hybrid/baseline_03_forward_motion_ATT_trained_hybrid_prediction_outputs.csv,0.0868111625313758,attacked_measurement,0.0,0.0
7.900172,baseline_03_forward_motion,Roll,pulse,0.054568,0,0.0890106409788131,0.0890106409788131,0.0898985566906986,-0.0008879157118854,0.0008879157118854,0.006821,0,0.0,0.0014817465374568,0,0,0,W30_N8_mean1x,30,8,1.0,909,Roll_hybrid_prediction,/home/tchowdh4/sensor_recovery_project/logs/extracted_csv/baseline_03_forward_motion_ATT.csv,/home/tchowdh4/sensor_recovery_project/prediction_results_v9_trained_hybrid/baseline_03_forward_motion_ATT_trained_hybrid_prediction_outputs.csv,0.0890106409788131,attacked_measurement,0.0,0.0
8.000132,baseline_03_forward_motion,Roll,pulse,0.054568,0,0.0871831327676773,0.0871831327676773,0.0854844787541707,0.0016986540135065,0.0016986540135065,0.006821,0,0.0,0.0015087142504519,0,0,0,W30_N8_mean1x,30,8,1.0,909,Roll_hybrid_prediction,/home/tchowdh4/sensor_recovery_project/logs/extracted_csv/baseline_03_forward_motion_ATT.csv,/home/tchowdh4/sensor_recovery_project/prediction_results_v9_trained_hybrid/baseline_03_forward_motion_ATT_trained_hybrid_prediction_outputs.csv,0.0871831327676773,attacked_measurement,0.0,0.0
8.100092,baseline_03_forward_motion,Roll,pulse,0.054568,0,0.0894367322325706,0.0894367322325706,0.0907327496236975,-0.0012960173911268,0.0012960173911268,0.006821,0,0.0,0.0014856129484032,0,0,0,W30_N8_mean1x,30,8,1.0,909,Roll_hybrid_prediction,/home/tchowdh4/sensor_recovery_project/logs/extracted_csv/baseline_03_forward_motion_ATT.csv,/home/tchowdh4/sensor_recovery_project/prediction_results_v9_trained_hybrid/baseline_03_forward_motion_ATT_trained_hybrid_prediction_outputs.csv,0.0894367322325706,attacked_measurement,0.0,0.0
8.200052,baseline_03_forward_motion,Roll,pulse,0.054568,0,0.0890979543328285,0.0890979543328285,0.08807148745557,0.0010264668772584,0.0010264668772584,0.006821,0,0.0,0.0014597784009583,0,0,0,W30_N8_mean1x,30,8,1.0,909,Roll_hybrid_prediction,/home/tchowdh4/sensor_recovery_project/logs/extracted_csv/baseline_03_forward_motion_ATT.csv,/home/tchowdh4/sensor_recovery_project/prediction_results_v9_trained_hybrid/baseline_03_forward_motion_ATT_trained_hybrid_prediction_outputs.csv,0.0890979543328285,attacked_measurement,0.0,0.0
8.300012,baseline_03_forward_motion,Roll,pulse,0.054568,0,0.0865965709090232,0.0865965709090232,0.0847821614805536,0.0018144094284695,0.0018144094284695,0.006821,0,0.0,0.0015133637464883,0,0,0,W30_N8_mean1x,30,8,1.0,909,Roll_hybrid_prediction,/home/tchowdh4/sensor_recovery_project/logs/extracted_csv/baseline_03_forward_motion_ATT.csv,/home/tchowdh4/sensor_recovery_project/prediction_results_v9_trained_hybrid/baseline_03_forward_motion_ATT_trained_hybrid_prediction_outputs.csv,0.0865965709090232,attacked_measurement,0.0,0.0
8.399972,baseline_03_forward_motion,Roll,pulse,0.054568,0,0.0871560126543045,0.0871560126543045,0.0874033458551498,-0.0002473332008453,0.0002473332008453,0.006821,0,0.0,0.0013851536625455,0,0,0,W30_N8_mean1x,30,8,1.0,909,Roll_hybrid_prediction,/home/tchowdh4/sensor_recovery_project/logs/extracted_csv/baseline_03_forward_motion_ATT.csv,/home/tchowdh4/sensor_recovery_project/prediction_results_v9_trained_hybrid/baseline_03_forward_motion_ATT_trained_hybrid_prediction_outputs.csv,0.0871560126543045,attacked_measurement,0.0,0.0
8.499932,baseline_03_forward_motion,Roll,pulse,0.054568,0,0.0837705582380294,0.0837705582380294,0.0817793637340373,0.001991194503992,0.001991194503992,0.006821,0,0.0,0.0013877001066019,0,0,0,W30_N8_mean1x,30,8,1.0,909,Roll_hybrid_prediction,/home/tchowdh4/sensor_recovery_project/logs/extracted_csv/baseline_03_forward_motion_ATT.csv,/home/tchowdh4/sensor_recovery_project/prediction_results_v9_trained_hybrid/baseline_03_forward_motion_ATT_trained_hybrid_prediction_outputs.csv,0.0837705582380294,attacked_measurement,0.0,0.0
8.599892,baseline_03_forward_motion,Roll,pulse,0.054568,0,0.0838768631219863,0.0838768631219863,0.0841965160358971,-0.0003196529139107,0.0003196529139107,0.006821,0,0.0,0.0013644547197775,0,0,0,W30_N8_mean1x,30,8,1.0,909,Roll_hybrid_prediction,/home/tchowdh4/sensor_recovery_project/logs/extracted_csv/baseline_03_forward_motion_ATT.csv,/home/tchowdh4/sensor_recovery_project/prediction_results_v9_trained_hybrid/baseline_03_forward_motion_ATT_trained_hybrid_prediction_outputs.csv,0.0838768631219863,attacked_measurement,0.0,0.0
8.699852,baseline_03_forward_motion,Roll,pulse,0.054568,0,0.0847395583987236,0.0847395583987236,0.0853742045613074,-0.0006346461625837,0.0006346461625837,0.006821,0,0.0,0.001349354609214,0,0,0,W30_N8_mean1x,30,8,1.0,909,Roll_hybrid_prediction,/home/tchowdh4/sensor_recovery_project/logs/extracted_csv/baseline_03_forward_motion_ATT.csv,/home/tchowdh4/sensor_recovery_project/prediction_results_v9_trained_hybrid/baseline_03_forward_motion_ATT_trained_hybrid_prediction_outputs.csv,0.0847395583987236,attacked_measurement,0.0,0.0
8.799812,baseline_03_forward_motion,Roll,pulse,0.054568,0,0.0862916558980941,0.0862916558980941,0.0872501996686437,-0.0009585437705496,0.0009585437705496,0.006821,0,0.0,0.0013590872446179,0,0,0,W30_N8_mean1x,30,8,1.0,909,Roll_hybrid_prediction,/home/tchowdh4/sensor_recovery_project/logs/extracted_csv/baseline_03_forward_motion_ATT.csv,/home/tchowdh4/sensor_recovery_project/prediction_results_v9_trained_hybrid/baseline_03_forward_motion_ATT_trained_hybrid_prediction_outputs.csv,0.0862916558980941,attacked_measurement,0.0,0.0
8.899772,baseline_03_forward_motion,Roll,pulse,0.054568,0,0.0921114087104797,0.0921114087104797,0.0949771296372305,-0.0028657209267508,0.0028657209267508,0.006821,0,0.0,0.0014368210623973,0,0,0,W30_N8_mean1x,30,8,1.0,909,Roll_hybrid_prediction,/home/tchowdh4/sensor_recovery_project/logs/extracted_csv/baseline_03_forward_motion_ATT.csv,/home/tchowdh4/sensor_recovery_project/prediction_results_v9_trained_hybrid/baseline_03_forward_motion_ATT_trained_hybrid_prediction_outputs.csv,0.0921114087104797,attacked_measurement,0.0,0.0
8.999732,baseline_03_forward_motion,Roll,pulse,0.054568,0,0.0934756696224212,0.0934756696224212,0.0932180666053254,0.0002576030170957,0.0002576030170957,0.006821,0,0.0,0.0013491795739933,0,0,0,W30_N8_mean1x,30,8,1.0,909,Roll_hybrid_prediction,/home/tchowdh4/sensor_recovery_project/logs/extracted_csv/baseline_03_forward_motion_ATT.csv,/home/tchowdh4/sensor_recovery_project/prediction_results_v9_trained_hybrid/baseline_03_forward_motion_ATT_trained_hybrid_prediction_outputs.csv,0.0934756696224212,attacked_measurement,0.0,0.0
9.100525,baseline_03_forward_motion,Roll,pulse,0.054568,0,0.0913851037621498,0.0913851037621498,0.0900903686867518,0.0012947350753979,0.0012947350753979,0.006821,0,0.0,0.0013504144501922,0,0,0,W30_N8_mean1x,30,8,1.0,909,Roll_hybrid_prediction,/home/tchowdh4/sensor_recovery_project/logs/extracted_csv/baseline_03_forward_motion_ATT.csv,/home/tchowdh4/sensor_recovery_project/prediction_results_v9_trained_hybrid/baseline_03_forward_motion_ATT_trained_hybrid_prediction_outputs.csv,0.0913851037621498,attacked_measurement,0.0,0.0
9.200485,baseline_03_forward_motion,Roll,pulse,0.054568,0,0.0937780812382698,0.0937780812382698,0.0952639088742847,-0.0014858276360148,0.0014858276360148,0.006821,0,0.0,0.0013646001842943,0,0,0,W30_N8_mean1x,30,8,1.0,909,Roll_hybrid_prediction,/home/tchowdh4/sensor_recovery_project/logs/extracted_csv/baseline_03_forward_motion_ATT.csv,/home/tchowdh4/sensor_recovery_project/prediction_results_v9_trained_hybrid/baseline_03_forward_motion_ATT_trained_hybrid_prediction_outputs.csv,0.0937780812382698,attacked_measurement,0.0,0.0
9.300445,baseline_03_forward_motion,Roll,pulse,0.054568,0,0.0901296436786651,0.0901296436786651,0.0876377330065363,0.0024919106721288,0.0024919106721288,0.006821,0,0.0,0.0014454599408826,0,0,0,W30_N8_mean1x,30,8,1.0,909,Roll_hybrid_prediction,/home/tchowdh4/sensor_recovery_project/logs/extracted_csv/baseline_03_forward_motion_ATT.csv,/home/tchowdh4/sensor_recovery_project/prediction_results_v9_trained_hybrid/baseline_03_forward_motion_ATT_trained_hybrid_prediction_outputs.csv,0.0901296436786651,attacked_measurement,0.0,0.0
9.400405,baseline_03_forward_motion,Roll,pulse,0.054568,0,0.0879211276769638,0.0879211276769638,0.08671687715498,0.0012042505219838,0.0012042505219838,0.006821,0,0.0,0.0014299893824685,0,0,0,W30_N8_mean1x,30,8,1.0,909,Roll_hybrid_prediction,/home/tchowdh4/sensor_recovery_project/logs/extracted_csv/baseline_03_forward_motion_ATT.csv,/home/tchowdh4/sensor_recovery_project/prediction_results_v9_trained_hybrid/baseline_03_forward_motion_ATT_trained_hybrid_prediction_outputs.csv,0.0879211276769638,attacked_measurement,0.0,0.0
9.500365,baseline_03_forward_motion,Roll,pulse,0.054568,0,0.0871050134301185,0.0871050134301185,0.0866020253573637,0.0005029880727548,0.0005029880727548,0.006821,0,0.0,0.0014455782115593,0,0,0,W30_N8_mean1x,30,8,1.0,909,Roll_hybrid_prediction,/home/tchowdh4/sensor_recovery_project/logs/extracted_csv/baseline_03_forward_motion_ATT.csv,/home/tchowdh4/sensor_recovery_project/prediction_results_v9_trained_hybrid/baseline_03_forward_motion_ATT_trained_hybrid_prediction_outputs.csv,0.0871050134301185,attacked_measurement,0.0,0.0
9.600325,baseline_03_forward_motion,Roll,pulse,0.054568,0,0.0864889919757843,0.0864889919757843,0.0856435510428037,0.0008454409329805,0.0008454409329805,0.006821,0,0.0,0.0014619565939733,0,0,0,W30_N8_mean1x,30,8,1.0,909,Roll_hybrid_prediction,/home/tchowdh4/sensor_recovery_project/logs/extracted_csv/baseline_03_forward_motion_ATT.csv,/home/tchowdh4/sensor_recovery_project/prediction_results_v9_trained_hybrid/baseline_03_forward_motion_ATT_trained_hybrid_prediction_outputs.csv,0.0864889919757843,attacked_measurement,0.0,0.0
9.700285,baseline_03_forward_motion,Roll,pulse,0.054568,1,0.0860586911439895,0.1406266911439894,0.0849961407661795,0.0556305503778099,0.0556305503778099,0.006821,1,1.0,0.0032227617192162,0,0,0,W30_N8_mean1x,30,8,1.0,909,Roll_hybrid_prediction,/home/tchowdh4/sensor_recovery_project/logs/extracted_csv/baseline_03_forward_motion_ATT.csv,/home/tchowdh4/sensor_recovery_project/prediction_results_v9_trained_hybrid/baseline_03_forward_motion_ATT_trained_hybrid_prediction_outputs.csv,0.0849961407661795,V9_prediction,0.05456799999999991,-0.001062550377809987
9.800245,baseline_03_forward_motion,Roll,pulse,0.054568,1,0.0855471119284629,0.1401151119284629,0.0843192551444291,0.0557958567840338,0.0557958567840338,0.006821,1,2.0,0.0048922467525114,0,0,0,W30_N8_mean1x,30,8,1.0,909,Roll_hybrid_prediction,/home/tchowdh4/sensor_recovery_project/logs/extracted_csv/baseline_03_forward_motion_ATT.csv,/home/tchowdh4/sensor_recovery_project/prediction_results_v9_trained_hybrid/baseline_03_forward_motion_ATT_trained_hybrid_prediction_outputs.csv,0.0843192551444291,V9_prediction,0.054568000000000005,-0.0012278567840337956
9.900205,baseline_03_forward_motion,Roll,pulse,0.054568,1,0.0853910073637962,0.1399590073637962,0.0843834290646143,0.0555755782991819,0.0555755782991819,0.006821,1,3.0,0.0066887143595453,0,0,0,W30_N8_mean1x,30,8,1.0,909,Roll_hybrid_prediction,/home/tchowdh4/sensor_recovery_project/logs/extracted_csv/baseline_03_forward_motion_ATT.csv,/home/tchowdh4/sensor_recovery_project/prediction_results_v9_trained_hybrid/baseline_03_forward_motion_ATT_trained_hybrid_prediction_outputs.csv,0.0843834290646143,V9_prediction,0.054568000000000005,-0.0010075782991819104
10.000165,baseline_03_forward_motion,Roll,pulse,0.054568,1,0.0851635485887527,0.1397315485887527,0.0841287472652187,0.055602801323534,0.055602801323534,0.006821,1,4.0,0.0084925858823993,0,1,1,W30_N8_mean1x,30,8,1.0,909,Roll_hybrid_prediction,/home/tchowdh4/sensor_recovery_project/logs/extracted_csv/baseline_03_forward_motion_ATT.csv,/home/tchowdh4/sensor_recovery_project/prediction_results_v9_trained_hybrid/baseline_03_forward_motion_ATT_trained_hybrid_prediction_outputs.csv,0.0841287472652187,V9_prediction,0.05456799999999999,-0.001034801323534007
10.100125,baseline_03_forward_motion,Roll,pulse,0.054568,1,0.0850983634591102,0.1396663634591102,0.0841090375501885,0.0555573259089217,0.0555573259089217,0.006821,1,5.0,0.010316087389514,0,1,1,W30_N8_mean1x,30,8,1.0,909,Roll_hybrid_prediction,/home/tchowdh4/sensor_recovery_project/logs/extracted_csv/baseline_03_forward_motion_ATT.csv,/home/tchowdh4/sensor_recovery_project/prediction_results_v9_trained_hybrid/baseline_03_forward_motion_ATT_trained_hybrid_prediction_outputs.csv,0.0841090375501885,V9_prediction,0.054568000000000005,-0.000989325908921701
10.200085,baseline_03_forward_motion,Roll,pulse,0.054568,1,0.0847022458910942,0.1392702458910941,0.0828965046137701,0.056373741277324,0.056373741277324,0.006821,1,6.0,0.0120300551696444,0,1,1,W30_N8_mean1x,30,8,1.0,909,Roll_hybrid_prediction,/home/tchowdh4/sensor_recovery_project/logs/extracted_csv/baseline_03_forward_motion_ATT.csv,/home/tchowdh4/sensor_recovery_project/prediction_results_v9_trained_hybrid/baseline_03_forward_motion_ATT_trained_hybrid_prediction_outputs.csv,0.0828965046137701,V9_prediction,0.05456799999999991,-0.0018057412773240938
10.300045,baseline_03_forward_motion,Roll,pulse,0.054568,1,0.0846742913126945,0.1392422913126945,0.082554154254839,0.0566881370578555,0.0566881370578555,0.006821,1,7.0,0.0138979955136282,0,1,1,W30_N8_mean1x,30,8,1.0,909,Roll_hybrid_prediction,/home/tchowdh4/sensor_recovery_project/logs/extracted_csv/baseline_03_forward_motion_ATT.csv,/home/tchowdh4/sensor_recovery_project/prediction_results_v9_trained_hybrid/baseline_03_forward_motion_ATT_trained_hybrid_prediction_outputs.csv,0.082554154254839,V9_prediction,0.054568000000000005,-0.0021201370578554923
10.400005,baseline_03_forward_motion,Roll,pulse,0.054568,1,0.0845576003193855,0.1391256003193855,0.0819713766867877,0.0571542236325978,0.0571542236325978,0.006821,1,8.0,0.0157361077185309,1,1,1,W30_N8_mean1x,30,8,1.0,909,Roll_hybrid_prediction,/home/tchowdh4/sensor_recovery_project/logs/extracted_csv/baseline_03_forward_motion_ATT.csv,/home/tchowdh4/sensor_recovery_project/prediction_results_v9_trained_hybrid/baseline_03_forward_motion_ATT_trained_hybrid_prediction_outputs.csv,0.0819713766867877,V9_prediction,0.054568000000000005,-0.002586223632597806
10.499965,baseline_03_forward_motion,Roll,pulse,0.054568,1,0.0844297409057617,0.1389977409057617,0.0814947355104316,0.0575030053953301,0.0575030053953301,0.006821,1,9.0,0.0176470851213508,1,1,1,W30_N8_mean1x,30,8,1.0,909,Roll_hybrid_prediction,/home/tchowdh4/sensor_recovery_project/logs/extracted_csv/baseline_03_forward_motion_ATT.csv,/home/tchowdh4/sensor_recovery_project/prediction_results_v9_trained_hybrid/baseline_03_forward_motion_ATT_trained_hybrid_prediction_outputs.csv,0.0814947355104316,V9_prediction,0.05456799999999999,-0.0029350053953301064
10.599925,baseline_03_forward_motion,Roll,pulse,0.054568,1,0.0841375142335891,0.1387055142335891,0.0809698689946453,0.0577356452389438,0.0577356452389438,0.006821,1,10.0,0.0195684051193275,1,1,1,W30_N8_mean1x,30,8,1.0,909,Roll_hybrid_prediction,/home/tchowdh4/sensor_recovery_project/logs/extracted_csv/baseline_03_forward_motion_ATT.csv,/home/tchowdh4/sensor_recovery_project/prediction_results_v9_trained_hybrid/baseline_03_forward_motion_ATT_trained_hybrid_prediction_outputs.csv,0.0809698689946453,V9_prediction,0.05456799999999999,-0.003167645238943806
10.699885,baseline_03_forward_motion,Roll,pulse,0.054568,0,0.0842211171984672,0.0842211171984672,0.0810888070129411,0.003132310185526,0.003132310185526,0.006821,0,10.0,0.0196713567001583,1,1,1,W30_N8_mean1x,30,8,1.0,909,Roll_hybrid_prediction,/home/tchowdh4/sensor_recovery_project/logs/extracted_csv/baseline_03_forward_motion_ATT.csv,/home/tchowdh4/sensor_recovery_project/prediction_results_v9_trained_hybrid/baseline_03_forward_motion_ATT_trained_hybrid_prediction_outputs.csv,0.0842211171984672,attacked_measurement,0.0,0.0
10.799845,baseline_03_forward_motion,Roll,pulse,0.054568,0,0.0840144529938697,0.0840144529938697,0.0806018484475913,0.0034126045462783,0.0034126045462783,0.006821,0,10.0,0.0197328363618857,1,1,1,W30_N8_mean1x,30,8,1.0,909,Roll_hybrid_prediction,/home/tchowdh4/sensor_recovery_project/logs/extracted_csv/baseline_03_forward_motion_ATT.csv,/home/tchowdh4/sensor_recovery_project/prediction_results_v9_trained_hybrid/baseline_03_forward_motion_ATT_trained_hybrid_prediction_outputs.csv,0.0840144529938697,attacked_measurement,0.0,0.0
10.899805,baseline_03_forward_motion,Roll,pulse,0.054568,0,0.0840694978833198,0.0840694978833198,0.0807791749984636,0.0032903228848562,0.0032903228848562,0.006821,0,10.0,0.0198129166009848,1,1,1,W30_N8_mean1x,30,8,1.0,909,Roll_hybrid_prediction,/home/tchowdh4/sensor_recovery_project/logs/extracted_csv/baseline_03_forward_motion_ATT.csv,/home/tchowdh4/sensor_recovery_project/prediction_results_v9_trained_hybrid/baseline_03_forward_motion_ATT_trained_hybrid_prediction_outputs.csv,0.0840694978833198,attacked_measurement,0.0,0.0
10.999765,baseline_03_forward_motion,Roll,pulse,0.054568,0,0.0839183628559112,0.0839183628559112,0.0805192909405294,0.0033990719153818,0.0033990719153818,0.006821,0,10.0,0.0198695971977139,1,1,1,W30_N8_mean1x,30,8,1.0,909,Roll_hybrid_prediction,/home/tchowdh4/sensor_recovery_project/logs/extracted_csv/baseline_03_forward_motion_ATT.csv,/home/tchowdh4/sensor_recovery_project/prediction_results_v9_trained_hybrid/baseline_03_forward_motion_ATT_trained_hybrid_prediction_outputs.csv,0.0839183628559112,attacked_measurement,0.0,0.0
11.099725,baseline_03_forward_motion,Roll,pulse,0.054568,0,0.0840073600411415,0.0840073600411415,0.0811577150788162,0.0028496449623253,0.0028496449623253,0.006821,0,10.0,0.0199213847834205,1,1,1,W30_N8_mean1x,30,8,1.0,909,Roll_hybrid_prediction,/home/tchowdh4/sensor_recovery_project/logs/extracted_csv/baseline_03_forward_motion_ATT.csv,/home/tchowdh4/sensor_recovery_project/prediction_results_v9_trained_hybrid/baseline_03_forward_motion_ATT_trained_hybrid_prediction_outputs.csv,0.0840073600411415,attacked_measurement,0.0,0.0
11.200518,baseline_03_forward_motion,Roll,pulse,0.054568,0,0.0840101912617683,0.0840101912617683,0.081665220456113,0.0023449708056552,0.0023449708056552,0.006821,0,10.0,0.0199653349143671,1,1,1,W30_N8_mean1x,30,8,1.0,909,Roll_hybrid_prediction,/home/tchowdh4/sensor_recovery_project/logs/extracted_csv/baseline_03_forward_motion_ATT.csv,/home/tchowdh4/sensor_recovery_project/prediction_results_v9_trained_hybrid/baseline_03_forward_motion_ATT_trained_hybrid_prediction_outputs.csv,0.0840101912617683,attacked_measurement,0.0,0.0
11.300478,baseline_03_forward_motion,Roll,pulse,0.054568,0,0.0842339321970939,0.0842339321970939,0.0824875248225132,0.0017464073745806,0.0017464073745806,0.006821,0,10.0,0.0199630681792375,1,1,1,W30_N8_mean1x,30,8,1.0,909,Roll_hybrid_prediction,/home/tchowdh4/sensor_recovery_project/logs/extracted_csv/baseline_03_forward_motion_ATT.csv,/home/tchowdh4/sensor_recovery_project/prediction_results_v9_trained_hybrid/baseline_03_forward_motion_ATT_trained_hybrid_prediction_outputs.csv,0.0842339321970939,attacked_measurement,0.0,0.0
11.400438,baseline_03_forward_motion,Roll,pulse,0.054568,0,0.0841666236519813,0.0841666236519813,0.0825707333969316,0.0015958902550496,0.0015958902550496,0.006821,0,10.0,0.0200080200810443,1,1,1,W30_N8_mean1x,30,8,1.0,909,Roll_hybrid_prediction,/home/tchowdh4/sensor_recovery_project/logs/extracted_csv/baseline_03_forward_motion_ATT.csv,/home/tchowdh4/sensor_recovery_project/prediction_results_v9_trained_hybrid/baseline_03_forward_motion_ATT_trained_hybrid_prediction_outputs.csv,0.0841666236519813,attacked_measurement,0.0,0.0
11.500398,baseline_03_forward_motion,Roll,pulse,0.054568,0,0.0842542573809623,0.0842542573809623,0.0829025130138323,0.00135174436713,0.00135174436713,0.006821,0,10.0,0.0199867050764822,1,1,1,W30_N8_mean1x,30,8,1.0,909,Roll_hybrid_prediction,/home/tchowdh4/sensor_recovery_project/logs/extracted_csv/baseline_03_forward_motion_ATT.csv,/home/tchowdh4/sensor_recovery_project/prediction_results_v9_trained_hybrid/baseline_03_forward_motion_ATT_trained_hybrid_prediction_outputs.csv,0.0842542573809623,attacked_measurement,0.0,0.0
11.600358,baseline_03_forward_motion,Roll,pulse,0.054568,0,0.0848362892866134,0.0848362892866134,0.0835747946326836,0.0012614946539298,0.0012614946539298,0.006821,0,10.0,0.0200180998011495,1,1,1,W30_N8_mean1x,30,8,1.0,909,Roll_hybrid_prediction,/home/tchowdh4/sensor_recovery_project/logs/extracted_csv/baseline_03_forward_motion_ATT.csv,/home/tchowdh4/sensor_recovery_project/prediction_results_v9_trained_hybrid/baseline_03_forward_motion_ATT_trained_hybrid_prediction_outputs.csv,0.0848362892866134,attacked_measurement,0.0,0.0
11.700318,baseline_03_forward_motion,Roll,pulse,0.054568,0,0.0851376131176948,0.0851376131176948,0.0837388303601135,0.0013987827575813,0.0013987827575813,0.006821,0,10.0,0.0200435710209828,1,1,1,W30_N8_mean1x,30,8,1.0,909,Roll_hybrid_prediction,/home/tchowdh4/sensor_recovery_project/logs/extracted_csv/baseline_03_forward_motion_ATT.csv,/home/tchowdh4/sensor_recovery_project/prediction_results_v9_trained_hybrid/baseline_03_forward_motion_ATT_trained_hybrid_prediction_outputs.csv,0.0851376131176948,attacked_measurement,0.0,0.0
11.800278,baseline_03_forward_motion,Roll,pulse,0.054568,0,0.0852558687329292,0.0852558687329292,0.0837519826647817,0.0015038860681474,0.0015038860681474,0.006821,0,10.0,0.0200617490975694,1,1,1,W30_N8_mean1x,30,8,1.0,909,Roll_hybrid_prediction,/home/tchowdh4/sensor_recovery_project/logs/extracted_csv/baseline_03_forward_motion_ATT.csv,/home/tchowdh4/sensor_recovery_project/prediction_results_v9_trained_hybrid/baseline_03_forward_motion_ATT_trained_hybrid_prediction_outputs.csv,0.0852558687329292,attacked_measurement,0.0,0.0
11.900238,baseline_03_forward_motion,Roll,pulse,0.054568,0,0.0853460729122161,0.0853460729122161,0.0838943452584638,0.0014517276537523,0.0014517276537523,0.006821,0,10.0,0.0200146159884694,1,1,1,W30_N8_mean1x,30,8,1.0,909,Roll_hybrid_prediction,/home/tchowdh4/sensor_recovery_project/logs/extracted_csv/baseline_03_forward_motion_ATT.csv,/home/tchowdh4/sensor_recovery_project/prediction_results_v9_trained_hybrid/baseline_03_forward_motion_ATT_trained_hybrid_prediction_outputs.csv,0.0853460729122161,attacked_measurement,0.0,0.0
12.000198,baseline_03_forward_motion,Roll,pulse,0.054568,0,0.0852557644248008,0.0852557644248008,0.0837076420467702,0.0015481223780306,0.0015481223780306,0.006821,0,10.0,0.0200576333005006,1,1,1,W30_N8_mean1x,30,8,1.0,909,Roll_hybrid_prediction,/home/tchowdh4/sensor_recovery_project/logs/extracted_csv/baseline_03_forward_motion_ATT.csv,/home/tchowdh4/sensor_recovery_project/prediction_results_v9_trained_hybrid/baseline_03_forward_motion_ATT_trained_hybrid_prediction_outputs.csv,0.0852557644248008,attacked_measurement,0.0,0.0
12.100158,baseline_03_forward_motion,Roll,pulse,0.054568,0,0.0853113308548927,0.0853113308548927,0.0838804098516625,0.0014309210032302,0.0014309210032302,0.006821,0,10.0,0.0200621728314283,1,1,1,W30_N8_mean1x,30,8,1.0,909,Roll_hybrid_prediction,/home/tchowdh4/sensor_recovery_project/logs/extracted_csv/baseline_03_forward_motion_ATT.csv,/home/tchowdh4/sensor_recovery_project/prediction_results_v9_trained_hybrid/baseline_03_forward_motion_ATT_trained_hybrid_prediction_outputs.csv,0.0853113308548927,attacked_measurement,0.0,0.0
12.200118,baseline_03_forward_motion,Roll,pulse,0.054568,0,0.085372619330883,0.085372619330883,0.0838892466737765,0.0014833726571065,0.0014833726571065,0.006821,0,10.0,0.020062090998798,1,1,1,W30_N8_mean1x,30,8,1.0,909,Roll_hybrid_prediction,/home/tchowdh4/sensor_recovery_project/logs/extracted_csv/baseline_03_forward_motion_ATT.csv,/home/tchowdh4/sensor_recovery_project/prediction_results_v9_trained_hybrid/baseline_03_forward_motion_ATT_trained_hybrid_prediction_outputs.csv,0.085372619330883,attacked_measurement,0.0,0.0
12.300078,baseline_03_forward_motion,Roll,pulse,0.054568,0,0.0851354002952575,0.0851354002952575,0.0834589645806608,0.0016764357145967,0.0016764357145967,0.006821,0,10.0,0.0200349085002136,1,1,1,W30_N8_mean1x,30,8,1.0,909,Roll_hybrid_prediction,/home/tchowdh4/sensor_recovery_project/logs/extracted_csv/baseline_03_forward_motion_ATT.csv,/home/tchowdh4/sensor_recovery_project/prediction_results_v9_trained_hybrid/baseline_03_forward_motion_ATT_trained_hybrid_prediction_outputs.csv,0.0851354002952575,attacked_measurement,0.0,0.0
12.400038,baseline_03_forward_motion,Roll,pulse,0.054568,0,0.0849257558584213,0.0849257558584213,0.0833399171310048,0.0015858387274164,0.0015858387274164,0.006821,0,10.0,0.0200476281070614,1,1,1,W30_N8_mean1x,30,8,1.0,909,Roll_hybrid_prediction,/home/tchowdh4/sensor_recovery_project/logs/extracted_csv/baseline_03_forward_motion_ATT.csv,/home/tchowdh4/sensor_recovery_project/prediction_results_v9_trained_hybrid/baseline_03_forward_motion_ATT_trained_hybrid_prediction_outputs.csv,0.0849257558584213,attacked_measurement,0.0,0.0
12.499998,baseline_03_forward_motion,Roll,pulse,0.054568,0,0.0846946612000465,0.0846946612000465,0.0830112120043487,0.0016834491956977,0.0016834491956977,0.006821,0,10.0,0.0200869768111595,1,1,1,W30_N8_mean1x,30,8,1.0,909,Roll_hybrid_prediction,/home/tchowdh4/sensor_recovery_project/logs/extracted_csv/baseline_03_forward_motion_ATT.csv,/home/tchowdh4/sensor_recovery_project/prediction_results_v9_trained_hybrid/baseline_03_forward_motion_ATT_trained_hybrid_prediction_outputs.csv,0.0846946612000465,attacked_measurement,0.0,0.0
12.599958,baseline_03_forward_motion,Roll,pulse,0.054568,0,0.0846357867121696,0.0846357867121696,0.0831529685741015,0.0014828181380681,0.0014828181380681,0.006821,0,10.0,0.0201082227179957,1,1,1,W30_N8_mean1x,30,8,1.0,909,Roll_hybrid_prediction,/home/tchowdh4/sensor_recovery_project/logs/extracted_csv/baseline_03_forward_motion_ATT.csv,/home/tchowdh4/sensor_recovery_project/prediction_results_v9_trained_hybrid/baseline_03_forward_motion_ATT_trained_hybrid_prediction_outputs.csv,0.0846357867121696,attacked_measurement,0.0,0.0
12.699918,baseline_03_forward_motion,Roll,pulse,0.054568,0,0.0845274478197097,0.0845274478197097,0.0829593334040448,0.0015681144156649,0.0015681144156649,0.006821,0,9.0,0.0183061415192576,1,1,1,W30_N8_mean1x,30,8,1.0,909,Roll_hybrid_prediction,/home/tchowdh4/sensor_recovery_project/logs/extracted_csv/baseline_03_forward_motion_ATT.csv,/home/tchowdh4/sensor_recovery_project/prediction_results_v9_trained_hybrid/baseline_03_forward_motion_ATT_trained_hybrid_prediction_outputs.csv,0.0845274478197097,attacked_measurement,0.0,0.0
12.799878,baseline_03_forward_motion,Roll,pulse,0.054568,0,0.0842520967125892,0.0842520967125892,0.0826191920733899,0.0016329046391992,0.0016329046391992,0.006821,0,8.0,0.0165007097810964,1,1,1,W30_N8_mean1x,30,8,1.0,909,Roll_hybrid_prediction,/home/tchowdh4/sensor_recovery_project/logs/extracted_csv/baseline_03_forward_motion_ATT.csv,/home/tchowdh4/sensor_recovery_project/prediction_results_v9_trained_hybrid/baseline_03_forward_motion_ATT_trained_hybrid_prediction_outputs.csv,0.0842520967125892,attacked_measurement,0.0,0.0
12.899838,baseline_03_forward_motion,Roll,pulse,0.054568,0,0.083959013223648,0.083959013223648,0.0822490485702049,0.001709964653443,0.001709964653443,0.006821,0,7.0,0.0147051893262385,0,1,1,W30_N8_mean1x,30,8,1.0,909,Roll_hybrid_prediction,/home/tchowdh4/sensor_recovery_project/logs/extracted_csv/baseline_03_forward_motion_ATT.csv,/home/tchowdh4/sensor_recovery_project/prediction_results_v9_trained_hybrid/baseline_03_forward_motion_ATT_trained_hybrid_prediction_outputs.csv,0.083959013223648,attacked_measurement,0.0,0.0
12.999798,baseline_03_forward_motion,Roll,pulse,0.054568,0,0.0834764167666435,0.0834764167666435,0.0817299795678328,0.0017464371988106,0.0017464371988106,0.006821,0,6.0,0.0129099771887477,0,1,1,W30_N8_mean1x,30,8,1.0,909,Roll_hybrid_prediction,/home/tchowdh4/sensor_recovery_project/logs/extracted_csv/baseline_03_forward_motion_ATT.csv,/home/tchowdh4/sensor_recovery_project/prediction_results_v9_trained_hybrid/baseline_03_forward_motion_ATT_trained_hybrid_prediction_outputs.csv,0.0834764167666435,attacked_measurement,0.0,0.0
13.099758,baseline_03_forward_motion,Roll,pulse,0.054568,0,0.0830374732613563,0.0830374732613563,0.0812984609355095,0.0017390123258467,0.0017390123258467,0.006821,0,5.0,0.0111160334026452,0,1,1,W30_N8_mean1x,30,8,1.0,909,Roll_hybrid_prediction,/home/tchowdh4/sensor_recovery_project/logs/extracted_csv/baseline_03_forward_motion_ATT.csv,/home/tchowdh4/sensor_recovery_project/prediction_results_v9_trained_hybrid/baseline_03_forward_motion_ATT_trained_hybrid_prediction_outputs.csv,0.0830374732613563,attacked_measurement,0.0,0.0
13.199718,baseline_03_forward_motion,Roll,pulse,0.054568,0,0.0826394334435463,0.0826394334435463,0.0809319024878249,0.0017075309557213,0.0017075309557213,0.006821,0,4.0,0.0092938263919251,0,1,1,W30_N8_mean1x,30,8,1.0,909,Roll_hybrid_prediction,/home/tchowdh4/sensor_recovery_project/logs/extracted_csv/baseline_03_forward_motion_ATT.csv,/home/tchowdh4/sensor_recovery_project/prediction_results_v9_trained_hybrid/baseline_03_forward_motion_ATT_trained_hybrid_prediction_outputs.csv,0.0826394334435463,attacked_measurement,0.0,0.0
13.300511,baseline_03_forward_motion,Roll,pulse,0.054568,0,0.0823192298412323,0.0823192298412323,0.0807569665381897,0.0015622633030425,0.0015622633030425,0.006821,0,3.0,0.0074562972667647,0,1,1,W30_N8_mean1x,30,8,1.0,909,Roll_hybrid_prediction,/home/tchowdh4/sensor_recovery_project/logs/extracted_csv/baseline_03_forward_motion_ATT.csv,/home/tchowdh4/sensor_recovery_project/prediction_results_v9_trained_hybrid/baseline_03_forward_motion_ATT_trained_hybrid_prediction_outputs.csv,0.0823192298412323,attacked_measurement,0.0,0.0
13.400471,baseline_03_forward_motion,Roll,pulse,0.054568,0,0.0821205228567123,0.0821205228567123,0.0806035298133131,0.0015169930433991,0.0015169930433991,0.006821,0,2.0,0.0056017229137914,0,0,0,W30_N8_mean1x,30,8,1.0,909,Roll_hybrid_prediction,/home/tchowdh4/sensor_recovery_project/logs/extracted_csv/baseline_03_forward_motion_ATT.csv,/home/tchowdh4/sensor_recovery_project/prediction_results_v9_trained_hybrid/baseline_03_forward_motion_ATT_trained_hybrid_prediction_outputs.csv,0.0821205228567123,attacked_measurement,0.0,0.0
13.500431,baseline_03_forward_motion,Roll,pulse,0.054568,0,0.0819369331002235,0.0819369331002235,0.0804674838895287,0.0014694492106948,0.0014694492106948,0.006821,0,1.0,0.0037339377076369,0,0,0,W30_N8_mean1x,30,8,1.0,909,Roll_hybrid_prediction,/home/tchowdh4/sensor_recovery_project/logs/extracted_csv/baseline_03_forward_motion_ATT.csv,/home/tchowdh4/sensor_recovery_project/prediction_results_v9_trained_hybrid/baseline_03_forward_motion_ATT_trained_hybrid_prediction_outputs.csv,0.0819369331002235,attacked_measurement,0.0,0.0
13.600391,baseline_03_forward_motion,Roll,pulse,0.054568,0,0.0817271769046783,0.0817271769046783,0.0801654186048018,0.0015617582998765,0.0015617582998765,0.006821,0,0.0,0.001861474809668,0,0,0,W30_N8_mean1x,30,8,1.0,909,Roll_hybrid_prediction,/home/tchowdh4/sensor_recovery_project/logs/extracted_csv/baseline_03_forward_motion_ATT.csv,/home/tchowdh4/sensor_recovery_project/prediction_results_v9_trained_hybrid/baseline_03_forward_motion_ATT_trained_hybrid_prediction_outputs.csv,0.0817271769046783,attacked_measurement,0.0,0.0
13.700351,baseline_03_forward_motion,Roll,pulse,0.054568,0,0.0816477239131927,0.0816477239131927,0.0801808214624651,0.0014669024507276,0.0014669024507276,0.006821,0,0.0,0.001805961218508,0,0,0,W30_N8_mean1x,30,8,1.0,909,Roll_hybrid_prediction,/home/tchowdh4/sensor_recovery_project/logs/extracted_csv/baseline_03_forward_motion_ATT.csv,/home/tchowdh4/sensor_recovery_project/prediction_results_v9_trained_hybrid/baseline_03_forward_motion_ATT_trained_hybrid_prediction_outputs.csv,0.0816477239131927,attacked_measurement,0.0,0.0
13.800311,baseline_03_forward_motion,Roll,pulse,0.054568,0,0.0814896672964096,0.0814896672964096,0.0800298513399086,0.001459815956501,0.001459815956501,0.006821,0,0.0,0.0017408682655154,0,0,0,W30_N8_mean1x,30,8,1.0,909,Roll_hybrid_prediction,/home/tchowdh4/sensor_recovery_project/logs/extracted_csv/baseline_03_forward_motion_ATT.csv,/home/tchowdh4/sensor_recovery_project/prediction_results_v9_trained_hybrid/baseline_03_forward_motion_ATT_trained_hybrid_prediction_outputs.csv,0.0814896672964096,attacked_measurement,0.0,0.0
13.900271,baseline_03_forward_motion,Roll,pulse,0.054568,0,0.0815469920635223,0.0815469920635223,0.0802420318752503,0.001304960188272,0.001304960188272,0.006821,0,0.0,0.0016746895089626,0,0,0,W30_N8_mean1x,30,8,1.0,909,Roll_hybrid_prediction,/home/tchowdh4/sensor_recovery_project/logs/extracted_csv/baseline_03_forward_motion_ATT.csv,/home/tchowdh4/sensor_recovery_project/prediction_results_v9_trained_hybrid/baseline_03_forward_motion_ATT_trained_hybrid_prediction_outputs.csv,0.0815469920635223,attacked_measurement,0.0,0.0
14.000231,baseline_03_forward_motion,Roll,pulse,0.054568,0,0.0815609917044639,0.0815609917044639,0.0801841550677421,0.0013768366367218,0.0013768366367218,0.006821,0,0.0,0.0016072816663406,0,0,0,W30_N8_mean1x,30,8,1.0,909,Roll_hybrid_prediction,/home/tchowdh4/sensor_recovery_project/logs/extracted_csv/baseline_03_forward_motion_ATT.csv,/home/tchowdh4/sensor_recovery_project/prediction_results_v9_trained_hybrid/baseline_03_forward_motion_ATT_trained_hybrid_prediction_outputs.csv,0.0815609917044639,attacked_measurement,0.0,0.0
14.100191,baseline_03_forward_motion,Roll,pulse,0.054568,0,0.0815972685813903,0.0815972685813903,0.0802131421475147,0.0013841264338756,0.0013841264338756,0.006821,0,0.0,0.0015584310487256,0,0,0,W30_N8_mean1x,30,8,1.0,909,Roll_hybrid_prediction,/home/tchowdh4/sensor_recovery_project/logs/extracted_csv/baseline_03_forward_motion_ATT.csv,/home/tchowdh4/sensor_recovery_project/prediction_results_v9_trained_hybrid/baseline_03_forward_motion_ATT_trained_hybrid_prediction_outputs.csv,0.0815972685813903,attacked_measurement,0.0,0.0
14.200151,baseline_03_forward_motion,Roll,pulse,0.054568,0,0.0815258994698524,0.0815258994698524,0.0800614152933592,0.0014644841764932,0.0014644841764932,0.006821,0,0.0,0.0015290814944202,0,0,0,W30_N8_mean1x,30,8,1.0,909,Roll_hybrid_prediction,/home/tchowdh4/sensor_recovery_project/logs/extracted_csv/baseline_03_forward_motion_ATT.csv,/home/tchowdh4/sensor_recovery_project/prediction_results_v9_trained_hybrid/baseline_03_forward_motion_ATT_trained_hybrid_prediction_outputs.csv,0.0815258994698524,attacked_measurement,0.0,0.0
14.300111,baseline_03_forward_motion,Roll,pulse,0.054568,0,0.0816955938935279,0.0816955938935279,0.0803801418826854,0.0013154520108425,0.0013154520108425,0.006821,0,0.0,0.001514716315629,0,0,0,W30_N8_mean1x,30,8,1.0,909,Roll_hybrid_prediction,/home/tchowdh4/sensor_recovery_project/logs/extracted_csv/baseline_03_forward_motion_ATT.csv,/home/tchowdh4/sensor_recovery_project/prediction_results_v9_trained_hybrid/baseline_03_forward_motion_ATT_trained_hybrid_prediction_outputs.csv,0.0816955938935279,attacked_measurement,0.0,0.0
14.400071,baseline_03_forward_motion,Roll,pulse,0.054568,0,0.0817640796303749,0.0817640796303749,0.0804984685651377,0.0012656110652371,0.0012656110652371,0.006821,0,0.0,0.0015037070093019,0,0,0,W30_N8_mean1x,30,8,1.0,909,Roll_hybrid_prediction,/home/tchowdh4/sensor_recovery_project/logs/extracted_csv/baseline_03_forward_motion_ATT.csv,/home/tchowdh4/sensor_recovery_project/prediction_results_v9_trained_hybrid/baseline_03_forward_motion_ATT_trained_hybrid_prediction_outputs.csv,0.0817640796303749,attacked_measurement,0.0,0.0
14.500031,baseline_03_forward_motion,Roll,pulse,0.054568,0,0.0819009393453598,0.0819009393453598,0.0805833023804258,0.001317636964934,0.001317636964934,0.006821,0,0.0,0.0015025700958953,0,0,0,W30_N8_mean1x,30,8,1.0,909,Roll_hybrid_prediction,/home/tchowdh4/sensor_recovery_project/logs/extracted_csv/baseline_03_forward_motion_ATT.csv,/home/tchowdh4/sensor_recovery_project/prediction_results_v9_trained_hybrid/baseline_03_forward_motion_ATT_trained_hybrid_prediction_outputs.csv,0.0819009393453598,attacked_measurement,0.0,0.0
14.599991,baseline_03_forward_motion,Roll,pulse,0.054568,0,0.0819814577698707,0.0819814577698707,0.0805691984406378,0.0014122593292329,0.0014122593292329,0.006821,0,0.0,0.0015075955850721,0,0,0,W30_N8_mean1x,30,8,1.0,909,Roll_hybrid_prediction,/home/tchowdh4/sensor_recovery_project/logs/extracted_csv/baseline_03_forward_motion_ATT.csv,/home/tchowdh4/sensor_recovery_project/prediction_results_v9_trained_hybrid/baseline_03_forward_motion_ATT_trained_hybrid_prediction_outputs.csv,0.0819814577698707,attacked_measurement,0.0,0.0
14.699951,baseline_03_forward_motion,Roll,pulse,0.054568,0,0.082193374633789,0.082193374633789,0.0808968968962478,0.0012964777375411,0.0012964777375411,0.006821,0,0.0,0.0015041854177374,0,0,0,W30_N8_mean1x,30,8,1.0,909,Roll_hybrid_prediction,/home/tchowdh4/sensor_recovery_project/logs/extracted_csv/baseline_03_forward_motion_ATT.csv,/home/tchowdh4/sensor_recovery_project/prediction_results_v9_trained_hybrid/baseline_03_forward_motion_ATT_trained_hybrid_prediction_outputs.csv,0.082193374633789,attacked_measurement,0.0,0.0
14.799911,baseline_03_forward_motion,Roll,pulse,0.054568,0,0.0823925584554672,0.0823925584554672,0.0812086326989037,0.0011839257565634,0.0011839257565634,0.006821,0,0.0,0.001493520074018,0,0,0,W30_N8_mean1x,30,8,1.0,909,Roll_hybrid_prediction,/home/tchowdh4/sensor_recovery_project/logs/extracted_csv/baseline_03_forward_motion_ATT.csv,/home/tchowdh4/sensor_recovery_project/prediction_results_v9_trained_hybrid/baseline_03_forward_motion_ATT_trained_hybrid_prediction_outputs.csv,0.0823925584554672,attacked_measurement,0.0,0.0
14.899871,baseline_03_forward_motion,Roll,pulse,0.054568,0,0.0827356800436973,0.0827356800436973,0.0815134427714939,0.0012222372722033,0.0012222372722033,0.006821,0,0.0,0.001485870394633,0,0,0,W30_N8_mean1x,30,8,1.0,909,Roll_hybrid_prediction,/home/tchowdh4/sensor_recovery_project/logs/extracted_csv/baseline_03_forward_motion_ATT.csv,/home/tchowdh4/sensor_recovery_project/prediction_results_v9_trained_hybrid/baseline_03_forward_motion_ATT_trained_hybrid_prediction_outputs.csv,0.0827356800436973,attacked_measurement,0.0,0.0
14.999831,baseline_03_forward_motion,Roll,pulse,0.054568,0,0.0829149335622787,0.0829149335622787,0.0815921778907753,0.0013227556715034,0.0013227556715034,0.006821,0,0.0,0.0014783581710821,0,0,0,W30_N8_mean1x,30,8,1.0,909,Roll_hybrid_prediction,/home/tchowdh4/sensor_recovery_project/logs/extracted_csv/baseline_03_forward_motion_ATT.csv,/home/tchowdh4/sensor_recovery_project/prediction_results_v9_trained_hybrid/baseline_03_forward_motion_ATT_trained_hybrid_prediction_outputs.csv,0.0829149335622787,attacked_measurement,0.0,0.0
15.099791,baseline_03_forward_motion,Roll,pulse,0.054568,0,0.0833463221788406,0.0833463221788406,0.082157541527435,0.0011887806514055,0.0011887806514055,0.006821,0,0.0,0.0014702868260213,0,0,0,W30_N8_mean1x,30,8,1.0,909,Roll_hybrid_prediction,/home/tchowdh4/sensor_recovery_project/logs/extracted_csv/baseline_03_forward_motion_ATT.csv,/home/tchowdh4/sensor_recovery_project/prediction_results_v9_trained_hybrid/baseline_03_forward_motion_ATT_trained_hybrid_prediction_outputs.csv,0.0833463221788406,attacked_measurement,0.0,0.0
15.199751,baseline_03_forward_motion,Roll,pulse,0.054568,0,0.0837458595633506,0.0837458595633506,0.0824807275454131,0.0012651320179375,0.0012651320179375,0.006821,0,0.0,0.001463012138049,0,0,0,W30_N8_mean1x,30,8,1.0,909,Roll_hybrid_prediction,/home/tchowdh4/sensor_recovery_project/logs/extracted_csv/baseline_03_forward_motion_ATT.csv,/home/tchowdh4/sensor_recovery_project/prediction_results_v9_trained_hybrid/baseline_03_forward_motion_ATT_trained_hybrid_prediction_outputs.csv,0.0837458595633506,attacked_measurement,0.0,0.0
15.300544,baseline_03_forward_motion,Roll,pulse,0.054568,0,0.0842275768518447,0.0842275768518447,0.0830589566757638,0.0011686201760809,0.0011686201760809,0.006821,0,0.0,0.0014460849534318,0,0,0,W30_N8_mean1x,30,8,1.0,909,Roll_hybrid_prediction,/home/tchowdh4/sensor_recovery_project/logs/extracted_csv/baseline_03_forward_motion_ATT.csv,/home/tchowdh4/sensor_recovery_project/prediction_results_v9_trained_hybrid/baseline_03_forward_motion_ATT_trained_hybrid_prediction_outputs.csv,0.0842275768518447,attacked_measurement,0.0,0.0
15.400504,baseline_03_forward_motion,Roll,pulse,0.054568,0,0.0846403688192367,0.0846403688192367,0.0833982182575372,0.0012421505616995,0.0012421505616995,0.006821,0,0.0,0.0014346286812412,0,0,0,W30_N8_mean1x,30,8,1.0,909,Roll_hybrid_prediction,/home/tchowdh4/sensor_recovery_project/logs/extracted_csv/baseline_03_forward_motion_ATT.csv,/home/tchowdh4/sensor_recovery_project/prediction_results_v9_trained_hybrid/baseline_03_forward_motion_ATT_trained_hybrid_prediction_outputs.csv,0.0846403688192367,attacked_measurement,0.0,0.0
15.500464,baseline_03_forward_motion,Roll,pulse,0.054568,0,0.0851236954331398,0.0851236954331398,0.0839772535566547,0.0011464418764851,0.0011464418764851,0.006821,0,0.0,0.0014167284372675,0,0,0,W30_N8_mean1x,30,8,1.0,909,Roll_hybrid_prediction,/home/tchowdh4/sensor_recovery_project/logs/extracted_csv/baseline_03_forward_motion_ATT.csv,/home/tchowdh4/sensor_recovery_project/prediction_results_v9_trained_hybrid/baseline_03_forward_motion_ATT_trained_hybrid_prediction_outputs.csv,0.0851236954331398,attacked_measurement,0.0,0.0
15.600424,baseline_03_forward_motion,Roll,pulse,0.054568,0,0.0856803879141807,0.0856803879141807,0.0845778668526313,0.0011025210615493,0.0011025210615493,0.006821,0,0.0,0.0014040518680502,0,0,0,W30_N8_mean1x,30,8,1.0,909,Roll_hybrid_prediction,/home/tchowdh4/sensor_recovery_project/logs/extracted_csv/baseline_03_forward_motion_ATT.csv,/home/tchowdh4/sensor_recovery_project/prediction_results_v9_trained_hybrid/baseline_03_forward_motion_ATT_trained_hybrid_prediction_outputs.csv,0.0856803879141807,attacked_measurement,0.0,0.0
15.700384,baseline_03_forward_motion,Roll,pulse,0.054568,0,0.0862999781966209,0.0862999781966209,0.0852067028217049,0.001093275374916,0.001093275374916,0.006821,0,0.0,0.0013882239000252,0,0,0,W30_N8_mean1x,30,8,1.0,909,Roll_hybrid_prediction,/home/tchowdh4/sensor_recovery_project/logs/extracted_csv/baseline_03_forward_motion_ATT.csv,/home/tchowdh4/sensor_recovery_project/prediction_results_v9_trained_hybrid/baseline_03_forward_motion_ATT_trained_hybrid_prediction_outputs.csv,0.0862999781966209,attacked_measurement,0.0,0.0
15.800344,baseline_03_forward_motion,Roll,pulse,0.054568,0,0.0866419821977615,0.0866419821977615,0.0853477499675825,0.0012942322301789,0.0012942322301789,0.006821,0,0.0,0.0013769348197245,0,0,0,W30_N8_mean1x,30,8,1.0,909,Roll_hybrid_prediction,/home/tchowdh4/sensor_recovery_project/logs/extracted_csv/baseline_03_forward_motion_ATT.csv,/home/tchowdh4/sensor_recovery_project/prediction_results_v9_trained_hybrid/baseline_03_forward_motion_ATT_trained_hybrid_prediction_outputs.csv,0.0866419821977615,attacked_measurement,0.0,0.0
15.900304,baseline_03_forward_motion,Roll,pulse,0.054568,0,0.0874306038022041,0.0874306038022041,0.0864115665038277,0.0010190372983764,0.0010190372983764,0.006821,0,0.0,0.001353903907889,0,0,0,W30_N8_mean1x,30,8,1.0,909,Roll_hybrid_prediction,/home/tchowdh4/sensor_recovery_project/logs/extracted_csv/baseline_03_forward_motion_ATT.csv,/home/tchowdh4/sensor_recovery_project/prediction_results_v9_trained_hybrid/baseline_03_forward_motion_ATT_trained_hybrid_prediction_outputs.csv,0.0874306038022041,attacked_measurement,0.0,0.0
16.000264,baseline_03_forward_motion,Roll,pulse,0.054568,0,0.0879872888326644,0.0879872888326644,0.086822433994531,0.0011648548381334,0.0011648548381334,0.006821,0,0.0,0.0013345178291997,0,0,0,W30_N8_mean1x,30,8,1.0,909,Roll_hybrid_prediction,/home/tchowdh4/sensor_recovery_project/logs/extracted_csv/baseline_03_forward_motion_ATT.csv,/home/tchowdh4/sensor_recovery_project/prediction_results_v9_trained_hybrid/baseline_03_forward_motion_ATT_trained_hybrid_prediction_outputs.csv,0.0879872888326644,attacked_measurement,0.0,0.0
16.100224,baseline_03_forward_motion,Roll,pulse,0.054568,0,0.0883326306939125,0.0883326306939125,0.087107762905309,0.0012248677886035,0.0012248677886035,0.006821,0,0.0,0.0013173796779583,0,0,0,W30_N8_mean1x,30,8,1.0,909,Roll_hybrid_prediction,/home/tchowdh4/sensor_recovery_project/logs/extracted_csv/baseline_03_forward_motion_ATT.csv,/home/tchowdh4/sensor_recovery_project/prediction_results_v9_trained_hybrid/baseline_03_forward_motion_ATT_trained_hybrid_prediction_outputs.csv,0.0883326306939125,attacked_measurement,0.0,0.0
16.200184,baseline_03_forward_motion,Roll,pulse,0.054568,0,0.0887647718191146,0.0887647718191146,0.0875181602927729,0.0012466115263417,0.0012466115263417,0.006821,0,0.0,0.001302015696979,0,0,0,W30_N8_mean1x,30,8,1.0,909,Roll_hybrid_prediction,/home/tchowdh4/sensor_recovery_project/logs/extracted_csv/baseline_03_forward_motion_ATT.csv,/home/tchowdh4/sensor_recovery_project/prediction_results_v9_trained_hybrid/baseline_03_forward_motion_ATT_trained_hybrid_prediction_outputs.csv,0.0887647718191146,attacked_measurement,0.0,0.0
16.300144,baseline_03_forward_motion,Roll,pulse,0.054568,0,0.0894843861460685,0.0894843861460685,0.0884269553097054,0.0010574308363631,0.0010574308363631,0.006821,0,0.0,0.0012851879480896,0,0,0,W30_N8_mean1x,30,8,1.0,909,Roll_hybrid_prediction,/home/tchowdh4/sensor_recovery_project/logs/extracted_csv/baseline_03_forward_motion_ATT.csv,/home/tchowdh4/sensor_recovery_project/prediction_results_v9_trained_hybrid/baseline_03_forward_motion_ATT_trained_hybrid_prediction_outputs.csv,0.0894843861460685,attacked_measurement,0.0,0.0
16.400104,baseline_03_forward_motion,Roll,pulse,0.054568,0,0.0898539200425148,0.0898539200425148,0.0885022681604149,0.0013516518820999,0.0013516518820999,0.006821,0,0.0,0.0012796765760463,0,0,0,W30_N8_mean1x,30,8,1.0,909,Roll_hybrid_prediction,/home/tchowdh4/sensor_recovery_project/logs/extracted_csv/baseline_03_forward_motion_ATT.csv,/home/tchowdh4/sensor_recovery_project/prediction_results_v9_trained_hybrid/baseline_03_forward_motion_ATT_trained_hybrid_prediction_outputs.csv,0.0898539200425148,attacked_measurement,0.0,0.0
16.500064,baseline_03_forward_motion,Roll,pulse,0.054568,0,0.0904010608792305,0.0904010608792305,0.0891447226207977,0.0012563382584327,0.0012563382584327,0.006821,0,0.0,0.0012725728776376,0,0,0,W30_N8_mean1x,30,8,1.0,909,Roll_hybrid_prediction,/home/tchowdh4/sensor_recovery_project/logs/extracted_csv/baseline_03_forward_motion_ATT.csv,/home/tchowdh4/sensor_recovery_project/prediction_results_v9_trained_hybrid/baseline_03_forward_motion_ATT_trained_hybrid_prediction_outputs.csv,0.0904010608792305,attacked_measurement,0.0,0.0
16.600024,baseline_03_forward_motion,Roll,pulse,0.054568,0,0.0909080654382705,0.0909080654382705,0.0896672066350246,0.0012408588032458,0.0012408588032458,0.006821,0,0.0,0.0012618762277499,0,0,0,W30_N8_mean1x,30,8,1.0,909,Roll_hybrid_prediction,/home/tchowdh4/sensor_recovery_project/logs/extracted_csv/baseline_03_forward_motion_ATT.csv,/home/tchowdh4/sensor_recovery_project/prediction_results_v9_trained_hybrid/baseline_03_forward_motion_ATT_trained_hybrid_prediction_outputs.csv,0.0909080654382705,attacked_measurement,0.0,0.0
16.699984,baseline_03_forward_motion,Roll,pulse,0.054568,0,0.0913996919989585,0.0913996919989585,0.0901075578499428,0.0012921341490157,0.0012921341490157,0.006821,0,0.0,0.0012560506176929,0,0,0,W30_N8_mean1x,30,8,1.0,909,Roll_hybrid_prediction,/home/tchowdh4/sensor_recovery_project/logs/extracted_csv/baseline_03_forward_motion_ATT.csv,/home/tchowdh4/sensor_recovery_project/prediction_results_v9_trained_hybrid/baseline_03_forward_motion_ATT_trained_hybrid_prediction_outputs.csv,0.0913996919989585,attacked_measurement,0.0,0.0
16.799944,baseline_03_forward_motion,Roll,pulse,0.054568,0,0.0919962152838707,0.0919962152838707,0.0907858795585124,0.0012103357253582,0.0012103357253582,0.006821,0,0.0,0.0012477346099881,0,0,0,W30_N8_mean1x,30,8,1.0,909,Roll_hybrid_prediction,/home/tchowdh4/sensor_recovery_project/logs/extracted_csv/baseline_03_forward_motion_ATT.csv,/home/tchowdh4/sensor_recovery_project/prediction_results_v9_trained_hybrid/baseline_03_forward_motion_ATT_trained_hybrid_prediction_outputs.csv,0.0919962152838707,attacked_measurement,0.0,0.0
16.899904,baseline_03_forward_motion,Roll,pulse,0.054568,0,0.092762790620327,0.092762790620327,0.0916400373055574,0.0011227533147695,0.0011227533147695,0.006821,0,0.0,0.001241661047538,0,0,0,W30_N8_mean1x,30,8,1.0,909,Roll_hybrid_prediction,/home/tchowdh4/sensor_recovery_project/logs/extracted_csv/baseline_03_forward_motion_ATT.csv,/home/tchowdh4/sensor_recovery_project/prediction_results_v9_trained_hybrid/baseline_03_forward_motion_ATT_trained_hybrid_prediction_outputs.csv,0.092762790620327,attacked_measurement,0.0,0.0
16.999864,baseline_03_forward_motion,Roll,pulse,0.054568,0,0.0931829437613487,0.0931829437613487,0.0918115348053228,0.0013714089560259,0.0013714089560259,0.006821,0,0.0,0.0012414801248482,0,0,0,W30_N8_mean1x,30,8,1.0,909,Roll_hybrid_prediction,/home/tchowdh4/sensor_recovery_project/logs/extracted_csv/baseline_03_forward_motion_ATT.csv,/home/tchowdh4/sensor_recovery_project/prediction_results_v9_trained_hybrid/baseline_03_forward_motion_ATT_trained_hybrid_prediction_outputs.csv,0.0931829437613487,attacked_measurement,0.0,0.0
17.099824,baseline_03_forward_motion,Roll,pulse,0.054568,0,0.0935209095478057,0.0935209095478057,0.0921589592288339,0.0013619503189718,0.0013619503189718,0.006821,0,0.0,0.001240740921018,0,0,0,W30_N8_mean1x,30,8,1.0,909,Roll_hybrid_prediction,/home/tchowdh4/sensor_recovery_project/logs/extracted_csv/baseline_03_forward_motion_ATT.csv,/home/tchowdh4/sensor_recovery_project/prediction_results_v9_trained_hybrid/baseline_03_forward_motion_ATT_trained_hybrid_prediction_outputs.csv,0.0935209095478057,attacked_measurement,0.0,0.0
17.199784,baseline_03_forward_motion,Roll,pulse,0.054568,0,0.0940622240304946,0.0940622240304946,0.0927871833050393,0.0012750407254553,0.0012750407254553,0.006821,0,0.0,0.0012344261393168,0,0,0,W30_N8_mean1x,30,8,1.0,909,Roll_hybrid_prediction,/home/tchowdh4/sensor_recovery_project/logs/extracted_csv/baseline_03_forward_motion_ATT.csv,/home/tchowdh4/sensor_recovery_project/prediction_results_v9_trained_hybrid/baseline_03_forward_motion_ATT_trained_hybrid_prediction_outputs.csv,0.0940622240304946,attacked_measurement,0.0,0.0
17.299744,baseline_03_forward_motion,Roll,pulse,0.054568,0,0.0946676582098007,0.0946676582098007,0.0933761791637102,0.0012914790460905,0.0012914790460905,0.006821,0,0.0,0.0012336270404917,0,0,0,W30_N8_mean1x,30,8,1.0,909,Roll_hybrid_prediction,/home/tchowdh4/sensor_recovery_project/logs/extracted_csv/baseline_03_forward_motion_ATT.csv,/home/tchowdh4/sensor_recovery_project/prediction_results_v9_trained_hybrid/baseline_03_forward_motion_ATT_trained_hybrid_prediction_outputs.csv,0.0946676582098007,attacked_measurement,0.0,0.0
17.400537,baseline_03_forward_motion,Roll,pulse,0.054568,0,0.0952877402305603,0.0952877402305603,0.0940586202763834,0.0012291199541769,0.0012291199541769,0.006821,0,0.0,0.001232410670123,0,0,0,W30_N8_mean1x,30,8,1.0,909,Roll_hybrid_prediction,/home/tchowdh4/sensor_recovery_project/logs/extracted_csv/baseline_03_forward_motion_ATT.csv,/home/tchowdh4/sensor_recovery_project/prediction_results_v9_trained_hybrid/baseline_03_forward_motion_ATT_trained_hybrid_prediction_outputs.csv,0.0952877402305603,attacked_measurement,0.0,0.0
17.500497,baseline_03_forward_motion,Roll,pulse,0.054568,0,0.0957117527723312,0.0957117527723312,0.0943129620811007,0.0013987906912305,0.0013987906912305,0.006821,0,0.0,0.0012351157943329,0,0,0,W30_N8_mean1x,30,8,1.0,909,Roll_hybrid_prediction,/home/tchowdh4/sensor_recovery_project/logs/extracted_csv/baseline_03_forward_motion_ATT.csv,/home/tchowdh4/sensor_recovery_project/prediction_results_v9_trained_hybrid/baseline_03_forward_motion_ATT_trained_hybrid_prediction_outputs.csv,0.0957117527723312,attacked_measurement,0.0,0.0
17.600457,baseline_03_forward_motion,Roll,pulse,0.054568,0,0.0960260778665542,0.0960260778665542,0.0946172585683933,0.0014088192981609,0.0014088192981609,0.006821,0,0.0,0.0012350011266305,0,0,0,W30_N8_mean1x,30,8,1.0,909,Roll_hybrid_prediction,/home/tchowdh4/sensor_recovery_project/logs/extracted_csv/baseline_03_forward_motion_ATT.csv,/home/tchowdh4/sensor_recovery_project/prediction_results_v9_trained_hybrid/baseline_03_forward_motion_ATT_trained_hybrid_prediction_outputs.csv,0.0960260778665542,attacked_measurement,0.0,0.0
17.700417,baseline_03_forward_motion,Roll,pulse,0.054568,0,0.0964213535189628,0.0964213535189628,0.0950927190050055,0.0013286345139573,0.0013286345139573,0.006821,0,0.0,0.0012360730191777,0,0,0,W30_N8_mean1x,30,8,1.0,909,Roll_hybrid_prediction,/home/tchowdh4/sensor_recovery_project/logs/extracted_csv/baseline_03_forward_motion_ATT.csv,/home/tchowdh4/sensor_recovery_project/prediction_results_v9_trained_hybrid/baseline_03_forward_motion_ATT_trained_hybrid_prediction_outputs.csv,0.0964213535189628,attacked_measurement,0.0,0.0
17.800377,baseline_03_forward_motion,Roll,pulse,0.054568,0,0.0967683419585228,0.0967683419585228,0.0953126109623178,0.0014557309962049,0.0014557309962049,0.006821,0,0.0,0.0012451331938324,0,0,0,W30_N8_mean1x,30,8,1.0,909,Roll_hybrid_prediction,/home/tchowdh4/sensor_recovery_project/logs/extracted_csv/baseline_03_forward_motion_ATT.csv,/home/tchowdh4/sensor_recovery_project/prediction_results_v9_trained_hybrid/baseline_03_forward_motion_ATT_trained_hybrid_prediction_outputs.csv,0.0967683419585228,attacked_measurement,0.0,0.0
17.900337,baseline_03_forward_motion,Roll,pulse,0.054568,0,0.0974116623401641,0.0974116623401641,0.0961006853284462,0.0013109770117178,0.0013109770117178,0.006821,0,0.0,0.0012480911851496,0,0,0,W30_N8_mean1x,30,8,1.0,909,Roll_hybrid_prediction,/home/tchowdh4/sensor_recovery_project/logs/extracted_csv/baseline_03_forward_motion_ATT.csv,/home/tchowdh4/sensor_recovery_project/prediction_results_v9_trained_hybrid/baseline_03_forward_motion_ATT_trained_hybrid_prediction_outputs.csv,0.0974116623401641,attacked_measurement,0.0,0.0
18.000297,baseline_03_forward_motion,Roll,pulse,0.054568,0,0.0978701189160347,0.0978701189160347,0.0964688030394393,0.0014013158765953,0.0014013158765953,0.006821,0,0.0,0.0012507098586526,0,0,0,W30_N8_mean1x,30,8,1.0,909,Roll_hybrid_prediction,/home/tchowdh4/sensor_recovery_project/logs/extracted_csv/baseline_03_forward_motion_ATT.csv,/home/tchowdh4/sensor_recovery_project/prediction_results_v9_trained_hybrid/baseline_03_forward_motion_ATT_trained_hybrid_prediction_outputs.csv,0.0978701189160347,attacked_measurement,0.0,0.0
18.100257,baseline_03_forward_motion,Roll,pulse,0.054568,0,0.0984114184975624,0.0984114184975624,0.0970931573774725,0.0013182611200898,0.0013182611200898,0.006821,0,0.0,0.0012550258742755,0,0,0,W30_N8_mean1x,30,8,1.0,909,Roll_hybrid_prediction,/home/tchowdh4/sensor_recovery_project/logs/extracted_csv/baseline_03_forward_motion_ATT.csv,/home/tchowdh4/sensor_recovery_project/prediction_results_v9_trained_hybrid/baseline_03_forward_motion_ATT_trained_hybrid_prediction_outputs.csv,0.0984114184975624,attacked_measurement,0.0,0.0
18.200217,baseline_03_forward_motion,Roll,pulse,0.054568,0,0.0987677276134491,0.0987677276134491,0.0973237920954669,0.0014439355179821,0.0014439355179821,0.006821,0,0.0,0.0012609859909436,0,0,0,W30_N8_mean1x,30,8,1.0,909,Roll_hybrid_prediction,/home/tchowdh4/sensor_recovery_project/logs/extracted_csv/baseline_03_forward_motion_ATT.csv,/home/tchowdh4/sensor_recovery_project/prediction_results_v9_trained_hybrid/baseline_03_forward_motion_ATT_trained_hybrid_prediction_outputs.csv,0.0987677276134491,attacked_measurement,0.0,0.0
18.300177,baseline_03_forward_motion,Roll,pulse,0.054568,0,0.0989904478192329,0.0989904478192329,0.0975219178578534,0.0014685299613795,0.0014685299613795,0.006821,0,0.0,0.0012709829837869,0,0,0,W30_N8_mean1x,30,8,1.0,909,Roll_hybrid_prediction,/home/tchowdh4/sensor_recovery_project/logs/extracted_csv/baseline_03_forward_motion_ATT.csv,/home/tchowdh4/sensor_recovery_project/prediction_results_v9_trained_hybrid/baseline_03_forward_motion_ATT_trained_hybrid_prediction_outputs.csv,0.0989904478192329,attacked_measurement,0.0,0.0
18.400137,baseline_03_forward_motion,Roll,pulse,0.054568,0,0.0994829013943672,0.0994829013943672,0.0981234008160103,0.0013595005783569,0.0013595005783569,0.006821,0,0.0,0.0012748946510088,0,0,0,W30_N8_mean1x,30,8,1.0,909,Roll_hybrid_prediction,/home/tchowdh4/sensor_recovery_project/logs/extracted_csv/baseline_03_forward_motion_ATT.csv,/home/tchowdh4/sensor_recovery_project/prediction_results_v9_trained_hybrid/baseline_03_forward_motion_ATT_trained_hybrid_prediction_outputs.csv,0.0994829013943672,attacked_measurement,0.0,0.0
18.500097,baseline_03_forward_motion,Roll,pulse,0.054568,0,0.0998680144548416,0.0998680144548416,0.0984054744415416,0.0014625400132999,0.0014625400132999,0.006821,0,0.0,0.0012854312555693,0,0,0,W30_N8_mean1x,30,8,1.0,909,Roll_hybrid_prediction,/home/tchowdh4/sensor_recovery_project/logs/extracted_csv/baseline_03_forward_motion_ATT.csv,/home/tchowdh4/sensor_recovery_project/prediction_results_v9_trained_hybrid/baseline_03_forward_motion_ATT_trained_hybrid_prediction_outputs.csv,0.0998680144548416,attacked_measurement,0.0,0.0
18.600057,baseline_03_forward_motion,Roll,pulse,0.054568,0,0.1001752540469169,0.1001752540469169,0.0986559427344325,0.0015193113124844,0.0015193113124844,0.006821,0,0.0,0.0012993242639338,0,0,0,W30_N8_mean1x,30,8,1.0,909,Roll_hybrid_prediction,/home/tchowdh4/sensor_recovery_project/logs/extracted_csv/baseline_03_forward_motion_ATT.csv,/home/tchowdh4/sensor_recovery_project/prediction_results_v9_trained_hybrid/baseline_03_forward_motion_ATT_trained_hybrid_prediction_outputs.csv,0.1001752540469169,attacked_measurement,0.0,0.0
18.700017,baseline_03_forward_motion,Roll,pulse,0.054568,0,0.1003309413790702,0.1003309413790702,0.0987056510563277,0.0016252903227425,0.0016252903227425,0.006821,0,0.0,0.001317058095528,0,0,0,W30_N8_mean1x,30,8,1.0,909,Roll_hybrid_prediction,/home/tchowdh4/sensor_recovery_project/logs/extracted_csv/baseline_03_forward_motion_ATT.csv,/home/tchowdh4/sensor_recovery_project/prediction_results_v9_trained_hybrid/baseline_03_forward_motion_ATT_trained_hybrid_prediction_outputs.csv,0.1003309413790702,attacked_measurement,0.0,0.0
18.799977,baseline_03_forward_motion,Roll,pulse,0.054568,0,0.1006459146738052,0.1006459146738052,0.0991468402969475,0.0014990743768577,0.0014990743768577,0.006821,0,0.0,0.001323886167084,0,0,0,W30_N8_mean1x,30,8,1.0,909,Roll_hybrid_prediction,/home/tchowdh4/sensor_recovery_project/logs/extracted_csv/baseline_03_forward_motion_ATT.csv,/home/tchowdh4/sensor_recovery_project/prediction_results_v9_trained_hybrid/baseline_03_forward_motion_ATT_trained_hybrid_prediction_outputs.csv,0.1006459146738052,attacked_measurement,0.0,0.0
18.899937,baseline_03_forward_motion,Roll,pulse,0.054568,0,0.1008686572313308,0.1008686572313308,0.0992535476227831,0.0016151096085477,0.0016151096085477,0.006821,0,0.0,0.0013437552440897,0,0,0,W30_N8_mean1x,30,8,1.0,909,Roll_hybrid_prediction,/home/tchowdh4/sensor_recovery_project/logs/extracted_csv/baseline_03_forward_motion_ATT.csv,/home/tchowdh4/sensor_recovery_project/prediction_results_v9_trained_hybrid/baseline_03_forward_motion_ATT_trained_hybrid_prediction_outputs.csv,0.1008686572313308,attacked_measurement,0.0,0.0
18.999897,baseline_03_forward_motion,Roll,pulse,0.054568,0,0.1010728403925895,0.1010728403925895,0.0995326147368376,0.0015402256557519,0.0015402256557519,0.006821,0,0.0,0.001356267604677,0,0,0,W30_N8_mean1x,30,8,1.0,909,Roll_hybrid_prediction,/home/tchowdh4/sensor_recovery_project/logs/extracted_csv/baseline_03_forward_motion_ATT.csv,/home/tchowdh4/sensor_recovery_project/prediction_results_v9_trained_hybrid/baseline_03_forward_motion_ATT_trained_hybrid_prediction_outputs.csv,0.1010728403925895,attacked_measurement,0.0,0.0
19.099857,baseline_03_forward_motion,Roll,pulse,0.054568,0,0.1014068350195884,0.1014068350195884,0.0998113456356659,0.0015954893839224,0.0015954893839224,0.006821,0,0.0,0.0013686216578543,0,0,0,W30_N8_mean1x,30,8,1.0,909,Roll_hybrid_prediction,/home/tchowdh4/sensor_recovery_project/logs/extracted_csv/baseline_03_forward_motion_ATT.csv,/home/tchowdh4/sensor_recovery_project/prediction_results_v9_trained_hybrid/baseline_03_forward_motion_ATT_trained_hybrid_prediction_outputs.csv,0.1014068350195884,attacked_measurement,0.0,0.0
19.199817,baseline_03_forward_motion,Roll,pulse,0.054568,0,0.101598247885704,0.101598247885704,0.100011703699962,0.001586544185742,0.001586544185742,0.006821,0,0.0,0.0013799527465009,0,0,0,W30_N8_mean1x,30,8,1.0,909,Roll_hybrid_prediction,/home/tchowdh4/sensor_recovery_project/logs/extracted_csv/baseline_03_forward_motion_ATT.csv,/home/tchowdh4/sensor_recovery_project/prediction_results_v9_trained_hybrid/baseline_03_forward_motion_ATT_trained_hybrid_prediction_outputs.csv,0.101598247885704,attacked_measurement,0.0,0.0
19.299777,baseline_03_forward_motion,Roll,pulse,0.054568,0,0.1018664538860321,0.1018664538860321,0.1002656378367689,0.0016008160492632,0.0016008160492632,0.006821,0,0.0,0.001398065586931,0,0,0,W30_N8_mean1x,30,8,1.0,909,Roll_hybrid_prediction,/home/tchowdh4/sensor_recovery_project/logs/extracted_csv/baseline_03_forward_motion_ATT.csv,/home/tchowdh4/sensor_recovery_project/prediction_results_v9_trained_hybrid/baseline_03_forward_motion_ATT_trained_hybrid_prediction_outputs.csv,0.1018664538860321,attacked_measurement,0.0,0.0
19.399737,baseline_03_forward_motion,Roll,pulse,0.054568,0,0.1020970940589904,0.1020970940589904,0.1004589927455569,0.0016381013134334,0.0016381013134334,0.006821,0,0.0,0.0014076139013087,0,0,0,W30_N8_mean1x,30,8,1.0,909,Roll_hybrid_prediction,/home/tchowdh4/sensor_recovery_project/logs/extracted_csv/baseline_03_forward_motion_ATT.csv,/home/tchowdh4/sensor_recovery_project/prediction_results_v9_trained_hybrid/baseline_03_forward_motion_ATT_trained_hybrid_prediction_outputs.csv,0.1020970940589904,attacked_measurement,0.0,0.0
19.50053,baseline_03_forward_motion,Roll,pulse,0.054568,0,0.1023511663079261,0.1023511663079261,0.1007845597963218,0.0015666065116042,0.0015666065116042,0.006821,0,0.0,0.0014179561764145,0,0,0,W30_N8_mean1x,30,8,1.0,909,Roll_hybrid_prediction,/home/tchowdh4/sensor_recovery_project/logs/extracted_csv/baseline_03_forward_motion_ATT.csv,/home/tchowdh4/sensor_recovery_project/prediction_results_v9_trained_hybrid/baseline_03_forward_motion_ATT_trained_hybrid_prediction_outputs.csv,0.1023511663079261,attacked_measurement,0.0,0.0
19.60049,baseline_03_forward_motion,Roll,pulse,0.054568,0,0.1023670807480812,0.1023670807480812,0.1006616012387552,0.0017054795093259,0.0017054795093259,0.006821,0,0.0,0.0014334435332838,0,0,0,W30_N8_mean1x,30,8,1.0,909,Roll_hybrid_prediction,/home/tchowdh4/sensor_recovery_project/logs/extracted_csv/baseline_03_forward_motion_ATT.csv,/home/tchowdh4/sensor_recovery_project/prediction_results_v9_trained_hybrid/baseline_03_forward_motion_ATT_trained_hybrid_prediction_outputs.csv,0.1023670807480812,attacked_measurement,0.0,0.0
19.70045,baseline_03_forward_motion,Roll,pulse,0.054568,0,0.1027698740363121,0.1027698740363121,0.1012717427119559,0.0014981313243562,0.0014981313243562,0.006821,0,0.0,0.0014403101057951,0,0,0,W30_N8_mean1x,30,8,1.0,909,Roll_hybrid_prediction,/home/tchowdh4/sensor_recovery_project/logs/extracted_csv/baseline_03_forward_motion_ATT.csv,/home/tchowdh4/sensor_recovery_project/prediction_results_v9_trained_hybrid/baseline_03_forward_motion_ATT_trained_hybrid_prediction_outputs.csv,0.1027698740363121,attacked_measurement,0.0,0.0
19.80041,baseline_03_forward_motion,Roll,pulse,0.054568,0,0.1031327918171882,0.1031327918171882,0.1015863669631025,0.0015464248540856,0.0015464248540856,0.006821,0,0.0,0.0014515130767527,0,0,0,W30_N8_mean1x,30,8,1.0,909,Roll_hybrid_prediction,/home/tchowdh4/sensor_recovery_project/logs/extracted_csv/baseline_03_forward_motion_ATT.csv,/home/tchowdh4/sensor_recovery_project/prediction_results_v9_trained_hybrid/baseline_03_forward_motion_ATT_trained_hybrid_prediction_outputs.csv,0.1031327918171882,attacked_measurement,0.0,0.0
19.90037,baseline_03_forward_motion,Roll,pulse,0.054568,0,0.103810541331768,0.103810541331768,0.1024119122158701,0.0013986291158979,0.0013986291158979,0.006821,0,0.0,0.0014607089367903,0,0,0,W30_N8_mean1x,30,8,1.0,909,Roll_hybrid_prediction,/home/tchowdh4/sensor_recovery_project/logs/extracted_csv/baseline_03_forward_motion_ATT.csv,/home/tchowdh4/sensor_recovery_project/prediction_results_v9_trained_hybrid/baseline_03_forward_motion_ATT_trained_hybrid_prediction_outputs.csv,0.103810541331768,attacked_measurement,0.0,0.0
20.00033,baseline_03_forward_motion,Roll,pulse,0.054568,0,0.1040639281272888,0.1040639281272888,0.1023768577311851,0.0016870703961037,0.0016870703961037,0.006821,0,0.0,0.0014712309847929,0,0,0,W30_N8_mean1x,30,8,1.0,909,Roll_hybrid_prediction,/home/tchowdh4/sensor_recovery_project/logs/extracted_csv/baseline_03_forward_motion_ATT.csv,/home/tchowdh4/sensor_recovery_project/prediction_results_v9_trained_hybrid/baseline_03_forward_motion_ATT_trained_hybrid_prediction_outputs.csv,0.1040639281272888,attacked_measurement,0.0,0.0
20.10029,baseline_03_forward_motion,Roll,pulse,0.054568,0,0.1041212752461433,0.1041212752461433,0.1024353210529401,0.0016859541932031,0.0016859541932031,0.006821,0,0.0,0.001482031113934,0,0,0,W30_N8_mean1x,30,8,1.0,909,Roll_hybrid_prediction,/home/tchowdh4/sensor_recovery_project/logs/extracted_csv/baseline_03_forward_motion_ATT.csv,/home/tchowdh4/sensor_recovery_project/prediction_results_v9_trained_hybrid/baseline_03_forward_motion_ATT_trained_hybrid_prediction_outputs.csv,0.1041212752461433,attacked_measurement,0.0,0.0
20.20025,baseline_03_forward_motion,Roll,pulse,0.054568,0,0.1042593792080879,0.1042593792080879,0.1025380918681549,0.001721287339933,0.001721287339933,0.006821,0,0.0,0.0014969060010832,0,0,0,W30_N8_mean1x,30,8,1.0,909,Roll_hybrid_prediction,/home/tchowdh4/sensor_recovery_project/logs/extracted_csv/baseline_03_forward_motion_ATT.csv,/home/tchowdh4/sensor_recovery_project/prediction_results_v9_trained_hybrid/baseline_03_forward_motion_ATT_trained_hybrid_prediction_outputs.csv,0.1042593792080879,attacked_measurement,0.0,0.0
20.30021,baseline_03_forward_motion,Roll,pulse,0.054568,0,0.1043877303600311,0.1043877303600311,0.1028068169105585,0.0015809134494726,0.0015809134494726,0.006821,0,0.0,0.0015065538145293,0,0,0,W30_N8_mean1x,30,8,1.0,909,Roll_hybrid_prediction,/home/tchowdh4/sensor_recovery_project/logs/extracted_csv/baseline_03_forward_motion_ATT.csv,/home/tchowdh4/sensor_recovery_project/prediction_results_v9_trained_hybrid/baseline_03_forward_motion_ATT_trained_hybrid_prediction_outputs.csv,0.1043877303600311,attacked_measurement,0.0,0.0
20.40017,baseline_03_forward_motion,Roll,pulse,0.054568,0,0.1043454334139823,0.1043454334139823,0.1025619153630671,0.0017835180509152,0.0017835180509152,0.006821,0,0.0,0.0015250337510872,0,0,0,W30_N8_mean1x,30,8,1.0,909,Roll_hybrid_prediction,/home/tchowdh4/sensor_recovery_project/logs/extracted_csv/baseline_03_forward_motion_ATT.csv,/home/tchowdh4/sensor_recovery_project/prediction_results_v9_trained_hybrid/baseline_03_forward_motion_ATT_trained_hybrid_prediction_outputs.csv,0.1043454334139823,attacked_measurement,0.0,0.0
20.50013,baseline_03_forward_motion,Roll,pulse,0.054568,0,0.1045461446046829,0.1045461446046829,0.1028660706513272,0.0016800739533556,0.0016800739533556,0.006821,0,0.0,0.0015344098598247,0,0,0,W30_N8_mean1x,30,8,1.0,909,Roll_hybrid_prediction,/home/tchowdh4/sensor_recovery_project/logs/extracted_csv/baseline_03_forward_motion_ATT.csv,/home/tchowdh4/sensor_recovery_project/prediction_results_v9_trained_hybrid/baseline_03_forward_motion_ATT_trained_hybrid_prediction_outputs.csv,0.1045461446046829,attacked_measurement,0.0,0.0
20.60009,baseline_03_forward_motion,Roll,pulse,0.054568,0,0.1044298559427261,0.1044298559427261,0.1027156234965386,0.0017142324461874,0.0017142324461874,0.006821,0,0.0,0.0015445902980923,0,0,0,W30_N8_mean1x,30,8,1.0,909,Roll_hybrid_prediction,/home/tchowdh4/sensor_recovery_project/logs/extracted_csv/baseline_03_forward_motion_ATT.csv,/home/tchowdh4/sensor_recovery_project/prediction_results_v9_trained_hybrid/baseline_03_forward_motion_ATT_trained_hybrid_prediction_outputs.csv,0.1044298559427261,attacked_measurement,0.0,0.0
20.70005,baseline_03_forward_motion,Roll,pulse,0.054568,0,0.1047046929597854,0.1047046929597854,0.1031510284640603,0.0015536644957251,0.0015536644957251,0.006821,0,0.0,0.0015520912974846,0,0,0,W30_N8_mean1x,30,8,1.0,909,Roll_hybrid_prediction,/home/tchowdh4/sensor_recovery_project/logs/extracted_csv/baseline_03_forward_motion_ATT.csv,/home/tchowdh4/sensor_recovery_project/prediction_results_v9_trained_hybrid/baseline_03_forward_motion_ATT_trained_hybrid_prediction_outputs.csv,0.1047046929597854,attacked_measurement,0.0,0.0
20.80001,baseline_03_forward_motion,Roll,pulse,0.054568,0,0.1046899557113647,0.1046899557113647,0.1029037279414716,0.0017862277698931,0.0017862277698931,0.006821,0,0.0,0.0015631078566075,0,0,0,W30_N8_mean1x,30,8,1.0,909,Roll_hybrid_prediction,/home/tchowdh4/sensor_recovery_project/logs/extracted_csv/baseline_03_forward_motion_ATT.csv,/home/tchowdh4/sensor_recovery_project/prediction_results_v9_trained_hybrid/baseline_03_forward_motion_ATT_trained_hybrid_prediction_outputs.csv,0.1046899557113647,attacked_measurement,0.0,0.0
20.89997,baseline_03_forward_motion,Roll,pulse,0.054568,0,0.104566253721714,0.104566253721714,0.1028251456707262,0.0017411080509878,0.0017411080509878,0.006821,0,0.0,0.0015774455579165,0,0,0,W30_N8_mean1x,30,8,1.0,909,Roll_hybrid_prediction,/home/tchowdh4/sensor_recovery_project/logs/extracted_csv/baseline_03_forward_motion_ATT.csv,/home/tchowdh4/sensor_recovery_project/prediction_results_v9_trained_hybrid/baseline_03_forward_motion_ATT_trained_hybrid_prediction_outputs.csv,0.104566253721714,attacked_measurement,0.0,0.0
20.99993,baseline_03_forward_motion,Roll,pulse,0.054568,0,0.1046249121427536,0.1046249121427536,0.1028815449064441,0.0017433672363094,0.0017433672363094,0.006821,0,0.0,0.001588847269907,0,0,0,W30_N8_mean1x,30,8,1.0,909,Roll_hybrid_prediction,/home/tchowdh4/sensor_recovery_project/logs/extracted_csv/baseline_03_forward_motion_ATT.csv,/home/tchowdh4/sensor_recovery_project/prediction_results_v9_trained_hybrid/baseline_03_forward_motion_ATT_trained_hybrid_prediction_outputs.csv,0.1046249121427536,attacked_measurement,0.0,0.0
21.09989,baseline_03_forward_motion,Roll,pulse,0.054568,0,0.1047433614730835,0.1047433614730835,0.1031012383643259,0.0016421231087575,0.0016421231087575,0.006821,0,0.0,0.0015996426695292,0,0,0,W30_N8_mean1x,30,8,1.0,909,Roll_hybrid_prediction,/home/tchowdh4/sensor_recovery_project/logs/extracted_csv/baseline_03_forward_motion_ATT.csv,/home/tchowdh4/sensor_recovery_project/prediction_results_v9_trained_hybrid/baseline_03_forward_motion_ATT_trained_hybrid_prediction_outputs.csv,0.1047433614730835,attacked_measurement,0.0,0.0
21.19985,baseline_03_forward_motion,Roll,pulse,0.054568,0,0.1048402488231659,0.1048402488231659,0.1030878906347786,0.0017523581883872,0.0017523581883872,0.006821,0,0.0,0.0016099234252094,0,0,0,W30_N8_mean1x,30,8,1.0,909,Roll_hybrid_prediction,/home/tchowdh4/sensor_recovery_project/logs/extracted_csv/baseline_03_forward_motion_ATT.csv,/home/tchowdh4/sensor_recovery_project/prediction_results_v9_trained_hybrid/baseline_03_forward_motion_ATT_trained_hybrid_prediction_outputs.csv,0.1048402488231659,attacked_measurement,0.0,0.0
21.29981,baseline_03_forward_motion,Roll,pulse,0.054568,0,0.1047039926052093,0.1047039926052093,0.1028386736408006,0.0018653189644086,0.0018653189644086,0.006821,0,0.0,0.0016231497253104,0,0,0,W30_N8_mean1x,30,8,1.0,909,Roll_hybrid_prediction,/home/tchowdh4/sensor_recovery_project/logs/extracted_csv/baseline_03_forward_motion_ATT.csv,/home/tchowdh4/sensor_recovery_project/prediction_results_v9_trained_hybrid/baseline_03_forward_motion_ATT_trained_hybrid_prediction_outputs.csv,0.1047039926052093,attacked_measurement,0.0,0.0
21.39977,baseline_03_forward_motion,Roll,pulse,0.054568,0,0.1047668159008026,0.1047668159008026,0.1030095874650336,0.001757228435769,0.001757228435769,0.006821,0,0.0,0.0016364073205574,0,0,0,W30_N8_mean1x,30,8,1.0,909,Roll_hybrid_prediction,/home/tchowdh4/sensor_recovery_project/logs/extracted_csv/baseline_03_forward_motion_ATT.csv,/home/tchowdh4/sensor_recovery_project/prediction_results_v9_trained_hybrid/baseline_03_forward_motion_ATT_trained_hybrid_prediction_outputs.csv,0.1047668159008026,attacked_measurement,0.0,0.0
21.49973,baseline_03_forward_motion,Roll,pulse,0.054568,0,0.104762852191925,0.104762852191925,0.1029512749197432,0.0018115772721817,0.0018115772721817,0.006821,0,0.0,0.0016480418958535,0,0,0,W30_N8_mean1x,30,8,1.0,909,Roll_hybrid_prediction,/home/tchowdh4/sensor_recovery_project/logs/extracted_csv/baseline_03_forward_motion_ATT.csv,/home/tchowdh4/sensor_recovery_project/prediction_results_v9_trained_hybrid/baseline_03_forward_motion_ATT_trained_hybrid_prediction_outputs.csv,0.104762852191925,attacked_measurement,0.0,0.0
21.600523,baseline_03_forward_motion,Roll,pulse,0.054568,0,0.1045712903141975,0.1045712903141975,0.1026993784194607,0.0018719118947368,0.0018719118947368,0.006821,0,0.0,0.0016597952485952,0,0,0,W30_N8_mean1x,30,8,1.0,909,Roll_hybrid_prediction,/home/tchowdh4/sensor_recovery_project/logs/extracted_csv/baseline_03_forward_motion_ATT.csv,/home/tchowdh4/sensor_recovery_project/prediction_results_v9_trained_hybrid/baseline_03_forward_motion_ATT_trained_hybrid_prediction_outputs.csv,0.1045712903141975,attacked_measurement,0.0,0.0
21.700483,baseline_03_forward_motion,Roll,pulse,0.054568,0,0.1045047715306282,0.1045047715306282,0.1026578828000612,0.001846888730567,0.001846888730567,0.006821,0,0.0,0.0016671818621894,0,0,0,W30_N8_mean1x,30,8,1.0,909,Roll_hybrid_prediction,/home/tchowdh4/sensor_recovery_project/logs/extracted_csv/baseline_03_forward_motion_ATT.csv,/home/tchowdh4/sensor_recovery_project/prediction_results_v9_trained_hybrid/baseline_03_forward_motion_ATT_trained_hybrid_prediction_outputs.csv,0.1045047715306282,attacked_measurement,0.0,0.0
21.800443,baseline_03_forward_motion,Roll,pulse,0.054568,0,0.1044114604592323,0.1044114604592323,0.1025976197426786,0.0018138407165537,0.0018138407165537,0.006821,0,0.0,0.0016776740735126,0,0,0,W30_N8_mean1x,30,8,1.0,909,Roll_hybrid_prediction,/home/tchowdh4/sensor_recovery_project/logs/extracted_csv/baseline_03_forward_motion_ATT.csv,/home/tchowdh4/sensor_recovery_project/prediction_results_v9_trained_hybrid/baseline_03_forward_motion_ATT_trained_hybrid_prediction_outputs.csv,0.1044114604592323,attacked_measurement,0.0,0.0
21.900403,baseline_03_forward_motion,Roll,pulse,0.054568,0,0.1043397560715675,0.1043397560715675,0.1025561762052993,0.0017835798662681,0.0017835798662681,0.006821,0,0.0,0.0016832897487699,0,0,0,W30_N8_mean1x,30,8,1.0,909,Roll_hybrid_prediction,/home/tchowdh4/sensor_recovery_project/logs/extracted_csv/baseline_03_forward_motion_ATT.csv,/home/tchowdh4/sensor_recovery_project/prediction_results_v9_trained_hybrid/baseline_03_forward_motion_ATT_trained_hybrid_prediction_outputs.csv,0.1043397560715675,attacked_measurement,0.0,0.0
22.000363,baseline_03_forward_motion,Roll,pulse,0.054568,0,0.1043638363480568,0.1043638363480568,0.1025565163686638,0.0018073199793929,0.0018073199793929,0.006821,0,0.0,0.0016921928928913,0,0,0,W30_N8_mean1x,30,8,1.0,909,Roll_hybrid_prediction,/home/tchowdh4/sensor_recovery_project/logs/extracted_csv/baseline_03_forward_motion_ATT.csv,/home/tchowdh4/sensor_recovery_project/prediction_results_v9_trained_hybrid/baseline_03_forward_motion_ATT_trained_hybrid_prediction_outputs.csv,0.1043638363480568,attacked_measurement,0.0,0.0
22.100323,baseline_03_forward_motion,Roll,pulse,0.054568,0,0.1045222431421279,0.1045222431421279,0.1028914814846941,0.0016307616574337,0.0016307616574337,0.006821,0,0.0,0.0016933686353417,0,0,0,W30_N8_mean1x,30,8,1.0,909,Roll_hybrid_prediction,/home/tchowdh4/sensor_recovery_project/logs/extracted_csv/baseline_03_forward_motion_ATT.csv,/home/tchowdh4/sensor_recovery_project/prediction_results_v9_trained_hybrid/baseline_03_forward_motion_ATT_trained_hybrid_prediction_outputs.csv,0.1045222431421279,attacked_measurement,0.0,0.0
22.200283,baseline_03_forward_motion,Roll,pulse,0.054568,0,0.1044375449419021,0.1044375449419021,0.1026207455971099,0.0018167993447922,0.0018167993447922,0.006821,0,0.0,0.00170104380731,0,0,0,W30_N8_mean1x,30,8,1.0,909,Roll_hybrid_prediction,/home/tchowdh4/sensor_recovery_project/logs/extracted_csv/baseline_03_forward_motion_ATT.csv,/home/tchowdh4/sensor_recovery_project/prediction_results_v9_trained_hybrid/baseline_03_forward_motion_ATT_trained_hybrid_prediction_outputs.csv,0.1044375449419021,attacked_measurement,0.0,0.0
22.300243,baseline_03_forward_motion,Roll,pulse,0.054568,0,0.1041755080223083,0.1041755080223083,0.1021913432443057,0.0019841647780025,0.0019841647780025,0.006821,0,0.0,0.001713822098268,0,0,0,W30_N8_mean1x,30,8,1.0,909,Roll_hybrid_prediction,/home/tchowdh4/sensor_recovery_project/logs/extracted_csv/baseline_03_forward_motion_ATT.csv,/home/tchowdh4/sensor_recovery_project/prediction_results_v9_trained_hybrid/baseline_03_forward_motion_ATT_trained_hybrid_prediction_outputs.csv,0.1041755080223083,attacked_measurement,0.0,0.0
22.400203,baseline_03_forward_motion,Roll,pulse,0.054568,0,0.1042821481823921,0.1042821481823921,0.1025678465867002,0.0017143015956919,0.0017143015956919,0.006821,0,0.0,0.0017163621076766,0,0,0,W30_N8_mean1x,30,8,1.0,909,Roll_hybrid_prediction,/home/tchowdh4/sensor_recovery_project/logs/extracted_csv/baseline_03_forward_motion_ATT.csv,/home/tchowdh4/sensor_recovery_project/prediction_results_v9_trained_hybrid/baseline_03_forward_motion_ATT_trained_hybrid_prediction_outputs.csv,0.1042821481823921,attacked_measurement,0.0,0.0
22.500163,baseline_03_forward_motion,Roll,pulse,0.054568,0,0.1040883362293243,0.1040883362293243,0.102241072850547,0.0018472633787773,0.0018472633787773,0.006821,0,0.0,0.0017257173365824,0,0,0,W30_N8_mean1x,30,8,1.0,909,Roll_hybrid_prediction,/home/tchowdh4/sensor_recovery_project/logs/extracted_csv/baseline_03_forward_motion_ATT.csv,/home/tchowdh4/sensor_recovery_project/prediction_results_v9_trained_hybrid/baseline_03_forward_motion_ATT_trained_hybrid_prediction_outputs.csv,0.1040883362293243,attacked_measurement,0.0,0.0
22.600123,baseline_03_forward_motion,Roll,pulse,0.054568,0,0.103751353919506,0.103751353919506,0.1017502456860824,0.0020011082334236,0.0020011082334236,0.006821,0,0.0,0.0017355716273856,0,0,0,W30_N8_mean1x,30,8,1.0,909,Roll_hybrid_prediction,/home/tchowdh4/sensor_recovery_project/logs/extracted_csv/baseline_03_forward_motion_ATT.csv,/home/tchowdh4/sensor_recovery_project/prediction_results_v9_trained_hybrid/baseline_03_forward_motion_ATT_trained_hybrid_prediction_outputs.csv,0.103751353919506,attacked_measurement,0.0,0.0
