x,Baseline,Axis,AttackType,AttackMagnitude,AttackActive,CleanFuture_Pitch,AttackedFuture_Pitch,V9PredictedFuture_Pitch,Residual_Pitch,AbsResidual_Pitch,Threshold,PointDetectionFlag,WindowCount,RollingMeanAbsResidual,WindowCountFlag,WindowMeanFlag,WindowCombinedFlag,WindowRule,W,N,RollingMeanMultiplier,AlignmentOffset,PredictionColumn,CleanFile,PredictionFile
0.0,baseline_05_mixed_maneuver,Pitch,bias,0.038788,0,0.0719339177012443,0.0719339177012443,0.0781978759914636,-0.006263958290219307,0.006263958290219307,0.009697,0,0.0,0.006263958290219307,0,0,0,W10_N3_mean1.5x,10,3,1.5,1909,Pitch_hybrid_prediction,/home/tchowdh4/sensor_recovery_project/logs/extracted_csv/baseline_05_mixed_maneuver_ATT.csv,/home/tchowdh4/sensor_recovery_project/prediction_results_v9_trained_hybrid/baseline_05_mixed_maneuver_ATT_trained_hybrid_prediction_outputs.csv
0.09996,baseline_05_mixed_maneuver,Pitch,bias,0.038788,0,0.0820606499910354,0.0820606499910354,0.0896556992083787,-0.007595049217343289,0.007595049217343289,0.009697,0,0.0,0.006929503753781298,0,0,0,W10_N3_mean1.5x,10,3,1.5,1909,Pitch_hybrid_prediction,/home/tchowdh4/sensor_recovery_project/logs/extracted_csv/baseline_05_mixed_maneuver_ATT.csv,/home/tchowdh4/sensor_recovery_project/prediction_results_v9_trained_hybrid/baseline_05_mixed_maneuver_ATT_trained_hybrid_prediction_outputs.csv
0.19992,baseline_05_mixed_maneuver,Pitch,bias,0.038788,0,0.085509568452835,0.085509568452835,0.0880962572991846,-0.002586688846349605,0.002586688846349605,0.009697,0,0.0,0.0054818987846374,0,0,0,W10_N3_mean1.5x,10,3,1.5,1909,Pitch_hybrid_prediction,/home/tchowdh4/sensor_recovery_project/logs/extracted_csv/baseline_05_mixed_maneuver_ATT.csv,/home/tchowdh4/sensor_recovery_project/prediction_results_v9_trained_hybrid/baseline_05_mixed_maneuver_ATT_trained_hybrid_prediction_outputs.csv
0.29988,baseline_05_mixed_maneuver,Pitch,bias,0.038788,0,0.0915398001670837,0.0915398001670837,0.0960624739527702,-0.004522673785686507,0.004522673785686507,0.009697,0,0.0,0.005242092534899677,0,0,0,W10_N3_mean1.5x,10,3,1.5,1909,Pitch_hybrid_prediction,/home/tchowdh4/sensor_recovery_project/logs/extracted_csv/baseline_05_mixed_maneuver_ATT.csv,/home/tchowdh4/sensor_recovery_project/prediction_results_v9_trained_hybrid/baseline_05_mixed_maneuver_ATT_trained_hybrid_prediction_outputs.csv
0.39984,baseline_05_mixed_maneuver,Pitch,bias,0.038788,0,0.0997596755623817,0.0997596755623817,0.1059245821088552,-0.006164906546473503,0.006164906546473503,0.009697,0,0.0,0.005426655337214442,0,0,0,W10_N3_mean1.5x,10,3,1.5,1909,Pitch_hybrid_prediction,/home/tchowdh4/sensor_recovery_project/logs/extracted_csv/baseline_05_mixed_maneuver_ATT.csv,/home/tchowdh4/sensor_recovery_project/prediction_results_v9_trained_hybrid/baseline_05_mixed_maneuver_ATT_trained_hybrid_prediction_outputs.csv
0.4998,baseline_05_mixed_maneuver,Pitch,bias,0.038788,0,0.1069304198026657,0.1069304198026657,0.1123084779828787,-0.005378058180213002,0.005378058180213002,0.009697,0,0.0,0.005418555811047536,0,0,0,W10_N3_mean1.5x,10,3,1.5,1909,Pitch_hybrid_prediction,/home/tchowdh4/sensor_recovery_project/logs/extracted_csv/baseline_05_mixed_maneuver_ATT.csv,/home/tchowdh4/sensor_recovery_project/prediction_results_v9_trained_hybrid/baseline_05_mixed_maneuver_ATT_trained_hybrid_prediction_outputs.csv
0.600593,baseline_05_mixed_maneuver,Pitch,bias,0.038788,0,0.1066584214568138,0.1066584214568138,0.1064544226974248,0.00020399875938899303,0.00020399875938899303,0.009697,0,0.0,0.004673619089382029,0,0,0,W10_N3_mean1.5x,10,3,1.5,1909,Pitch_hybrid_prediction,/home/tchowdh4/sensor_recovery_project/logs/extracted_csv/baseline_05_mixed_maneuver_ATT.csv,/home/tchowdh4/sensor_recovery_project/prediction_results_v9_trained_hybrid/baseline_05_mixed_maneuver_ATT_trained_hybrid_prediction_outputs.csv
0.700553,baseline_05_mixed_maneuver,Pitch,bias,0.038788,0,0.0968152657151222,0.0968152657151222,0.0894328989088535,0.007382366806268692,0.007382366806268692,0.009697,0,0.0,0.005012212553992862,0,0,0,W10_N3_mean1.5x,10,3,1.5,1909,Pitch_hybrid_prediction,/home/tchowdh4/sensor_recovery_project/logs/extracted_csv/baseline_05_mixed_maneuver_ATT.csv,/home/tchowdh4/sensor_recovery_project/prediction_results_v9_trained_hybrid/baseline_05_mixed_maneuver_ATT_trained_hybrid_prediction_outputs.csv
0.800513,baseline_05_mixed_maneuver,Pitch,bias,0.038788,0,0.0878987312316894,0.0878987312316894,0.0812113303691147,0.006687400862574702,0.006687400862574702,0.009697,0,0.0,0.005198344588279734,0,0,0,W10_N3_mean1.5x,10,3,1.5,1909,Pitch_hybrid_prediction,/home/tchowdh4/sensor_recovery_project/logs/extracted_csv/baseline_05_mixed_maneuver_ATT.csv,/home/tchowdh4/sensor_recovery_project/prediction_results_v9_trained_hybrid/baseline_05_mixed_maneuver_ATT_trained_hybrid_prediction_outputs.csv
0.900473,baseline_05_mixed_maneuver,Pitch,bias,0.038788,0,0.082177996635437,0.082177996635437,0.0778874456882477,0.004290550947189303,0.004290550947189303,0.009697,0,0.0,0.00510756522417069,0,0,0,W10_N3_mean1.5x,10,3,1.5,1909,Pitch_hybrid_prediction,/home/tchowdh4/sensor_recovery_project/logs/extracted_csv/baseline_05_mixed_maneuver_ATT.csv,/home/tchowdh4/sensor_recovery_project/prediction_results_v9_trained_hybrid/baseline_05_mixed_maneuver_ATT_trained_hybrid_prediction_outputs.csv
1.000433,baseline_05_mixed_maneuver,Pitch,bias,0.038788,0,0.0771495699882507,0.0771495699882507,0.073378250002861,0.0037713199853897095,0.0037713199853897095,0.009697,0,0.0,0.004858301393687731,0,0,0,W10_N3_mean1.5x,10,3,1.5,1909,Pitch_hybrid_prediction,/home/tchowdh4/sensor_recovery_project/logs/extracted_csv/baseline_05_mixed_maneuver_ATT.csv,/home/tchowdh4/sensor_recovery_project/prediction_results_v9_trained_hybrid/baseline_05_mixed_maneuver_ATT_trained_hybrid_prediction_outputs.csv
1.100393,baseline_05_mixed_maneuver,Pitch,bias,0.038788,0,0.0731913596391677,0.0731913596391677,0.0702227018773554,0.0029686577618123072,0.0029686577618123072,0.009697,0,0.0,0.0043956622481346325,0,0,0,W10_N3_mean1.5x,10,3,1.5,1909,Pitch_hybrid_prediction,/home/tchowdh4/sensor_recovery_project/logs/extracted_csv/baseline_05_mixed_maneuver_ATT.csv,/home/tchowdh4/sensor_recovery_project/prediction_results_v9_trained_hybrid/baseline_05_mixed_maneuver_ATT_trained_hybrid_prediction_outputs.csv
1.200353,baseline_05_mixed_maneuver,Pitch,bias,0.038788,0,0.0703337788581848,0.0703337788581848,0.0681905932724476,0.0021431855857372006,0.0021431855857372006,0.009697,0,0.0,0.004351311922073392,0,0,0,W10_N3_mean1.5x,10,3,1.5,1909,Pitch_hybrid_prediction,/home/tchowdh4/sensor_recovery_project/logs/extracted_csv/baseline_05_mixed_maneuver_ATT.csv,/home/tchowdh4/sensor_recovery_project/prediction_results_v9_trained_hybrid/baseline_05_mixed_maneuver_ATT_trained_hybrid_prediction_outputs.csv
1.300313,baseline_05_mixed_maneuver,Pitch,bias,0.038788,0,0.067348301410675,0.067348301410675,0.0651091933250426,0.0022391080856323936,0.0022391080856323936,0.009697,0,0.0,0.004122955352067981,0,0,0,W10_N3_mean1.5x,10,3,1.5,1909,Pitch_hybrid_prediction,/home/tchowdh4/sensor_recovery_project/logs/extracted_csv/baseline_05_mixed_maneuver_ATT.csv,/home/tchowdh4/sensor_recovery_project/prediction_results_v9_trained_hybrid/baseline_05_mixed_maneuver_ATT_trained_hybrid_prediction_outputs.csv
1.400273,baseline_05_mixed_maneuver,Pitch,bias,0.038788,0,0.0748810023069381,0.0748810023069381,0.0805305279791354,-0.0056495256721973,0.0056495256721973,0.009697,0,0.0,0.004071417264640361,0,0,0,W10_N3_mean1.5x,10,3,1.5,1909,Pitch_hybrid_prediction,/home/tchowdh4/sensor_recovery_project/logs/extracted_csv/baseline_05_mixed_maneuver_ATT.csv,/home/tchowdh4/sensor_recovery_project/prediction_results_v9_trained_hybrid/baseline_05_mixed_maneuver_ATT_trained_hybrid_prediction_outputs.csv
1.500233,baseline_05_mixed_maneuver,Pitch,bias,0.038788,0,0.0812263712286949,0.0812263712286949,0.0859853979200125,-0.0047590266913176,0.0047590266913176,0.009697,0,0.0,0.00400951411575082,0,0,0,W10_N3_mean1.5x,10,3,1.5,1909,Pitch_hybrid_prediction,/home/tchowdh4/sensor_recovery_project/logs/extracted_csv/baseline_05_mixed_maneuver_ATT.csv,/home/tchowdh4/sensor_recovery_project/prediction_results_v9_trained_hybrid/baseline_05_mixed_maneuver_ATT_trained_hybrid_prediction_outputs.csv
1.600193,baseline_05_mixed_maneuver,Pitch,bias,0.038788,0,0.0862818956375122,0.0862818956375122,0.0900735389441251,-0.003791643306612913,0.003791643306612913,0.009697,0,0.0,0.004368278570473212,0,0,0,W10_N3_mean1.5x,10,3,1.5,1909,Pitch_hybrid_prediction,/home/tchowdh4/sensor_recovery_project/logs/extracted_csv/baseline_05_mixed_maneuver_ATT.csv,/home/tchowdh4/sensor_recovery_project/prediction_results_v9_trained_hybrid/baseline_05_mixed_maneuver_ATT_trained_hybrid_prediction_outputs.csv
1.700153,baseline_05_mixed_maneuver,Pitch,bias,0.038788,0,0.0929186195135116,0.0929186195135116,0.0978961624205111,-0.004977542906999491,0.004977542906999491,0.009697,0,0.0,0.004127796180546292,0,0,0,W10_N3_mean1.5x,10,3,1.5,1909,Pitch_hybrid_prediction,/home/tchowdh4/sensor_recovery_project/logs/extracted_csv/baseline_05_mixed_maneuver_ATT.csv,/home/tchowdh4/sensor_recovery_project/prediction_results_v9_trained_hybrid/baseline_05_mixed_maneuver_ATT_trained_hybrid_prediction_outputs.csv
1.800113,baseline_05_mixed_maneuver,Pitch,bias,0.038788,0,0.0957407876849174,0.0957407876849174,0.0978574138134717,-0.0021166261285543025,0.0021166261285543025,0.009697,0,0.0,0.003670718707144252,0,0,0,W10_N3_mean1.5x,10,3,1.5,1909,Pitch_hybrid_prediction,/home/tchowdh4/sensor_recovery_project/logs/extracted_csv/baseline_05_mixed_maneuver_ATT.csv,/home/tchowdh4/sensor_recovery_project/prediction_results_v9_trained_hybrid/baseline_05_mixed_maneuver_ATT_trained_hybrid_prediction_outputs.csv
1.900073,baseline_05_mixed_maneuver,Pitch,bias,0.038788,0,0.0984905958175659,0.0984905958175659,0.1005529519170523,-0.0020623560994863926,0.0020623560994863926,0.009697,0,0.0,0.003447899222373961,0,0,0,W10_N3_mean1.5x,10,3,1.5,1909,Pitch_hybrid_prediction,/home/tchowdh4/sensor_recovery_project/logs/extracted_csv/baseline_05_mixed_maneuver_ATT.csv,/home/tchowdh4/sensor_recovery_project/prediction_results_v9_trained_hybrid/baseline_05_mixed_maneuver_ATT_trained_hybrid_prediction_outputs.csv
2.000033,baseline_05_mixed_maneuver,Pitch,bias,0.038788,0,0.1003808304667472,0.1003808304667472,0.1017985064536331,-0.0014176759868858996,0.0014176759868858996,0.009697,0,0.0,0.00321253482252358,0,0,0,W10_N3_mean1.5x,10,3,1.5,1909,Pitch_hybrid_prediction,/home/tchowdh4/sensor_recovery_project/logs/extracted_csv/baseline_05_mixed_maneuver_ATT.csv,/home/tchowdh4/sensor_recovery_project/prediction_results_v9_trained_hybrid/baseline_05_mixed_maneuver_ATT_trained_hybrid_prediction_outputs.csv
2.099993,baseline_05_mixed_maneuver,Pitch,bias,0.038788,0,0.1021929085254669,0.1021929085254669,0.1035519670695066,-0.0013590585440396985,0.0013590585440396985,0.009697,0,0.0,0.003051574900746319,0,0,0,W10_N3_mean1.5x,10,3,1.5,1909,Pitch_hybrid_prediction,/home/tchowdh4/sensor_recovery_project/logs/extracted_csv/baseline_05_mixed_maneuver_ATT.csv,/home/tchowdh4/sensor_recovery_project/prediction_results_v9_trained_hybrid/baseline_05_mixed_maneuver_ATT_trained_hybrid_prediction_outputs.csv
2.199953,baseline_05_mixed_maneuver,Pitch,bias,0.038788,0,0.1035638451576232,0.1035638451576232,0.1045920476317404,-0.0010282024741172097,0.0010282024741172097,0.009697,0,0.0,0.00294007658958432,0,0,0,W10_N3_mean1.5x,10,3,1.5,1909,Pitch_hybrid_prediction,/home/tchowdh4/sensor_recovery_project/logs/extracted_csv/baseline_05_mixed_maneuver_ATT.csv,/home/tchowdh4/sensor_recovery_project/prediction_results_v9_trained_hybrid/baseline_05_mixed_maneuver_ATT_trained_hybrid_prediction_outputs.csv
2.299913,baseline_05_mixed_maneuver,Pitch,bias,0.038788,0,0.1053101196885109,0.1053101196885109,0.1066198255866766,-0.0013097058981657028,0.0013097058981657028,0.009697,0,0.0,0.002847136370837651,0,0,0,W10_N3_mean1.5x,10,3,1.5,1909,Pitch_hybrid_prediction,/home/tchowdh4/sensor_recovery_project/logs/extracted_csv/baseline_05_mixed_maneuver_ATT.csv,/home/tchowdh4/sensor_recovery_project/prediction_results_v9_trained_hybrid/baseline_05_mixed_maneuver_ATT_trained_hybrid_prediction_outputs.csv
2.399873,baseline_05_mixed_maneuver,Pitch,bias,0.038788,0,0.106832630932331,0.106832630932331,0.107974514365196,-0.001141883432865004,0.001141883432865004,0.009697,0,0.0,0.0023963721469044213,0,0,0,W10_N3_mean1.5x,10,3,1.5,1909,Pitch_hybrid_prediction,/home/tchowdh4/sensor_recovery_project/logs/extracted_csv/baseline_05_mixed_maneuver_ATT.csv,/home/tchowdh4/sensor_recovery_project/prediction_results_v9_trained_hybrid/baseline_05_mixed_maneuver_ATT_trained_hybrid_prediction_outputs.csv
2.499833,baseline_05_mixed_maneuver,Pitch,bias,0.038788,0,0.1139661446213722,0.1139661446213722,0.1193162798881531,-0.005350135266780909,0.005350135266780909,0.009697,0,0.0,0.0024554830044507523,0,0,0,W10_N3_mean1.5x,10,3,1.5,1909,Pitch_hybrid_prediction,/home/tchowdh4/sensor_recovery_project/logs/extracted_csv/baseline_05_mixed_maneuver_ATT.csv,/home/tchowdh4/sensor_recovery_project/prediction_results_v9_trained_hybrid/baseline_05_mixed_maneuver_ATT_trained_hybrid_prediction_outputs.csv
2.599793,baseline_05_mixed_maneuver,Pitch,bias,0.038788,0,0.1228805556893348,0.1228805556893348,0.1295663639903067,-0.006685808300971888,0.006685808300971888,0.009697,0,0.0,0.0027448995038866497,0,0,0,W10_N3_mean1.5x,10,3,1.5,1909,Pitch_hybrid_prediction,/home/tchowdh4/sensor_recovery_project/logs/extracted_csv/baseline_05_mixed_maneuver_ATT.csv,/home/tchowdh4/sensor_recovery_project/prediction_results_v9_trained_hybrid/baseline_05_mixed_maneuver_ATT_trained_hybrid_prediction_outputs.csv
2.700586,baseline_05_mixed_maneuver,Pitch,bias,0.038788,0,0.1263115555047989,0.1263115555047989,0.1288848053663969,-0.002573249861598015,0.002573249861598015,0.009697,0,0.0,0.002504470199346502,0,0,0,W10_N3_mean1.5x,10,3,1.5,1909,Pitch_hybrid_prediction,/home/tchowdh4/sensor_recovery_project/logs/extracted_csv/baseline_05_mixed_maneuver_ATT.csv,/home/tchowdh4/sensor_recovery_project/prediction_results_v9_trained_hybrid/baseline_05_mixed_maneuver_ATT_trained_hybrid_prediction_outputs.csv
2.800546,baseline_05_mixed_maneuver,Pitch,bias,0.038788,0,0.122907631099224,0.122907631099224,0.1203546877950428,0.002552943304181196,0.002552943304181196,0.009697,0,0.0,0.0025481019169091915,0,0,0,W10_N3_mean1.5x,10,3,1.5,1909,Pitch_hybrid_prediction,/home/tchowdh4/sensor_recovery_project/logs/extracted_csv/baseline_05_mixed_maneuver_ATT.csv,/home/tchowdh4/sensor_recovery_project/prediction_results_v9_trained_hybrid/baseline_05_mixed_maneuver_ATT_trained_hybrid_prediction_outputs.csv
2.900506,baseline_05_mixed_maneuver,Pitch,bias,0.038788,0,0.1207345947623252,0.1207345947623252,0.1191048175096511,0.0016297772526741028,0.0016297772526741028,0.009697,0,0.0,0.0025048440322279625,0,0,0,W10_N3_mean1.5x,10,3,1.5,1909,Pitch_hybrid_prediction,/home/tchowdh4/sensor_recovery_project/logs/extracted_csv/baseline_05_mixed_maneuver_ATT.csv,/home/tchowdh4/sensor_recovery_project/prediction_results_v9_trained_hybrid/baseline_05_mixed_maneuver_ATT_trained_hybrid_prediction_outputs.csv
3.000466,baseline_05_mixed_maneuver,Pitch,bias,0.038788,0,0.1204964444041252,0.1204964444041252,0.1203178316354752,0.00017861276864999942,0.00017861276864999942,0.009697,0,0.0,0.0023809377104043726,0,0,0,W10_N3_mean1.5x,10,3,1.5,1909,Pitch_hybrid_prediction,/home/tchowdh4/sensor_recovery_project/logs/extracted_csv/baseline_05_mixed_maneuver_ATT.csv,/home/tchowdh4/sensor_recovery_project/prediction_results_v9_trained_hybrid/baseline_05_mixed_maneuver_ATT_trained_hybrid_prediction_outputs.csv
3.100426,baseline_05_mixed_maneuver,Pitch,bias,0.038788,0,0.1185867115855217,0.1185867115855217,0.117154411971569,0.0014322996139526922,0.0014322996139526922,0.009697,0,0.0,0.002388261817395672,0,0,0,W10_N3_mean1.5x,10,3,1.5,1909,Pitch_hybrid_prediction,/home/tchowdh4/sensor_recovery_project/logs/extracted_csv/baseline_05_mixed_maneuver_ATT.csv,/home/tchowdh4/sensor_recovery_project/prediction_results_v9_trained_hybrid/baseline_05_mixed_maneuver_ATT_trained_hybrid_prediction_outputs.csv
3.200386,baseline_05_mixed_maneuver,Pitch,bias,0.038788,0,0.1131443604826927,0.1131443604826927,0.1090625971555709,0.004081763327121804,0.004081763327121804,0.009697,0,0.0,0.002693617902696131,0,0,0,W10_N3_mean1.5x,10,3,1.5,1909,Pitch_hybrid_prediction,/home/tchowdh4/sensor_recovery_project/logs/extracted_csv/baseline_05_mixed_maneuver_ATT.csv,/home/tchowdh4/sensor_recovery_project/prediction_results_v9_trained_hybrid/baseline_05_mixed_maneuver_ATT_trained_hybrid_prediction_outputs.csv
3.300346,baseline_05_mixed_maneuver,Pitch,bias,0.038788,0,0.1074538007378578,0.1074538007378578,0.1031858809292316,0.004267919808626203,0.004267919808626203,0.009697,0,0.0,0.002989439293742181,0,0,0,W10_N3_mean1.5x,10,3,1.5,1909,Pitch_hybrid_prediction,/home/tchowdh4/sensor_recovery_project/logs/extracted_csv/baseline_05_mixed_maneuver_ATT.csv,/home/tchowdh4/sensor_recovery_project/prediction_results_v9_trained_hybrid/baseline_05_mixed_maneuver_ATT_trained_hybrid_prediction_outputs.csv
3.400306,baseline_05_mixed_maneuver,Pitch,bias,0.038788,0,0.1068372949957847,0.1068372949957847,0.1063749156892298,0.00046237930655490533,0.00046237930655490533,0.009697,0,0.0,0.0029214888811111713,0,0,0,W10_N3_mean1.5x,10,3,1.5,1909,Pitch_hybrid_prediction,/home/tchowdh4/sensor_recovery_project/logs/extracted_csv/baseline_05_mixed_maneuver_ATT.csv,/home/tchowdh4/sensor_recovery_project/prediction_results_v9_trained_hybrid/baseline_05_mixed_maneuver_ATT_trained_hybrid_prediction_outputs.csv
3.500266,baseline_05_mixed_maneuver,Pitch,bias,0.038788,0,0.1035782247781753,0.1035782247781753,0.1011339221149682,0.0024443026632070958,0.0024443026632070958,0.009697,0,0.0,0.00263090562075379,0,0,0,W10_N3_mean1.5x,10,3,1.5,1909,Pitch_hybrid_prediction,/home/tchowdh4/sensor_recovery_project/logs/extracted_csv/baseline_05_mixed_maneuver_ATT.csv,/home/tchowdh4/sensor_recovery_project/prediction_results_v9_trained_hybrid/baseline_05_mixed_maneuver_ATT_trained_hybrid_prediction_outputs.csv
3.600226,baseline_05_mixed_maneuver,Pitch,bias,0.038788,0,0.1043340340256691,0.1043340340256691,0.1049008909612894,-0.0005668569356203079,0.0005668569356203079,0.009697,0,0.0,0.002019010484218632,0,0,0,W10_N3_mean1.5x,10,3,1.5,1909,Pitch_hybrid_prediction,/home/tchowdh4/sensor_recovery_project/logs/extracted_csv/baseline_05_mixed_maneuver_ATT.csv,/home/tchowdh4/sensor_recovery_project/prediction_results_v9_trained_hybrid/baseline_05_mixed_maneuver_ATT_trained_hybrid_prediction_outputs.csv
3.700186,baseline_05_mixed_maneuver,Pitch,bias,0.038788,0,0.1010903045535087,0.1010903045535087,0.0986575074493884,0.002432797104120296,0.002432797104120296,0.009697,0,0.0,0.0020049652084708604,0,0,0,W10_N3_mean1.5x,10,3,1.5,1909,Pitch_hybrid_prediction,/home/tchowdh4/sensor_recovery_project/logs/extracted_csv/baseline_05_mixed_maneuver_ATT.csv,/home/tchowdh4/sensor_recovery_project/prediction_results_v9_trained_hybrid/baseline_05_mixed_maneuver_ATT_trained_hybrid_prediction_outputs.csv
3.800146,baseline_05_mixed_maneuver,Pitch,bias,0.038788,0,0.0961712896823883,0.0961712896823883,0.092482028529048,0.003689261153340312,0.003689261153340312,0.009697,0,0.0,0.0021185969933867716,0,0,0,W10_N3_mean1.5x,10,3,1.5,1909,Pitch_hybrid_prediction,/home/tchowdh4/sensor_recovery_project/logs/extracted_csv/baseline_05_mixed_maneuver_ATT.csv,/home/tchowdh4/sensor_recovery_project/prediction_results_v9_trained_hybrid/baseline_05_mixed_maneuver_ATT_trained_hybrid_prediction_outputs.csv
3.900106,baseline_05_mixed_maneuver,Pitch,bias,0.038788,0,0.0886877328157424,0.0886877328157424,0.0830750651657579,0.0056126676499844985,0.0056126676499844985,0.009697,0,0.0,0.0025168860331178113,0,0,0,W10_N3_mean1.5x,10,3,1.5,1909,Pitch_hybrid_prediction,/home/tchowdh4/sensor_recovery_project/logs/extracted_csv/baseline_05_mixed_maneuver_ATT.csv,/home/tchowdh4/sensor_recovery_project/prediction_results_v9_trained_hybrid/baseline_05_mixed_maneuver_ATT_trained_hybrid_prediction_outputs.csv
4.000066,baseline_05_mixed_maneuver,Pitch,bias,0.038788,0,0.0895514637231826,0.0895514637231826,0.0901992619037627,-0.0006477981805801114,0.0006477981805801114,0.009697,0,0.0,0.0025638045743108227,0,0,0,W10_N3_mean1.5x,10,3,1.5,1909,Pitch_hybrid_prediction,/home/tchowdh4/sensor_recovery_project/logs/extracted_csv/baseline_05_mixed_maneuver_ATT.csv,/home/tchowdh4/sensor_recovery_project/prediction_results_v9_trained_hybrid/baseline_05_mixed_maneuver_ATT_trained_hybrid_prediction_outputs.csv
4.100026,baseline_05_mixed_maneuver,Pitch,bias,0.038788,0,0.0978294312953949,0.0978294312953949,0.1040379069745541,-0.006208475679159206,0.006208475679159206,0.009697,0,0.0,0.003041422180831474,0,0,0,W10_N3_mean1.5x,10,3,1.5,1909,Pitch_hybrid_prediction,/home/tchowdh4/sensor_recovery_project/logs/extracted_csv/baseline_05_mixed_maneuver_ATT.csv,/home/tchowdh4/sensor_recovery_project/prediction_results_v9_trained_hybrid/baseline_05_mixed_maneuver_ATT_trained_hybrid_prediction_outputs.csv
4.199986,baseline_05_mixed_maneuver,Pitch,bias,0.038788,0,0.1023643761873245,0.1023643761873245,0.1057655848562716,-0.003401208668947109,0.003401208668947109,0.009697,0,0.0,0.0029733667150140045,0,0,0,W10_N3_mean1.5x,10,3,1.5,1909,Pitch_hybrid_prediction,/home/tchowdh4/sensor_recovery_project/logs/extracted_csv/baseline_05_mixed_maneuver_ATT.csv,/home/tchowdh4/sensor_recovery_project/prediction_results_v9_trained_hybrid/baseline_05_mixed_maneuver_ATT_trained_hybrid_prediction_outputs.csv
4.299946,baseline_05_mixed_maneuver,Pitch,bias,0.038788,0,0.1028830483555793,0.1028830483555793,0.1032720524817704,-0.0003890041261910976,0.0003890041261910976,0.009697,0,0.0,0.002585475146770494,0,0,0,W10_N3_mean1.5x,10,3,1.5,1909,Pitch_hybrid_prediction,/home/tchowdh4/sensor_recovery_project/logs/extracted_csv/baseline_05_mixed_maneuver_ATT.csv,/home/tchowdh4/sensor_recovery_project/prediction_results_v9_trained_hybrid/baseline_05_mixed_maneuver_ATT_trained_hybrid_prediction_outputs.csv
4.399906,baseline_05_mixed_maneuver,Pitch,bias,0.038788,0,0.0986350551247596,0.0986350551247596,0.0954490602016448,0.0031859949231148044,0.0031859949231148044,0.009697,0,0.0,0.002857836708426484,0,0,0,W10_N3_mean1.5x,10,3,1.5,1909,Pitch_hybrid_prediction,/home/tchowdh4/sensor_recovery_project/logs/extracted_csv/baseline_05_mixed_maneuver_ATT.csv,/home/tchowdh4/sensor_recovery_project/prediction_results_v9_trained_hybrid/baseline_05_mixed_maneuver_ATT_trained_hybrid_prediction_outputs.csv
4.499866,baseline_05_mixed_maneuver,Pitch,bias,0.038788,0,0.095457375049591,0.095457375049591,0.0930741149932145,0.002383260056376499,0.002383260056376499,0.009697,0,0.0,0.002851732447743424,0,0,0,W10_N3_mean1.5x,10,3,1.5,1909,Pitch_hybrid_prediction,/home/tchowdh4/sensor_recovery_project/logs/extracted_csv/baseline_05_mixed_maneuver_ATT.csv,/home/tchowdh4/sensor_recovery_project/prediction_results_v9_trained_hybrid/baseline_05_mixed_maneuver_ATT_trained_hybrid_prediction_outputs.csv
4.599826,baseline_05_mixed_maneuver,Pitch,bias,0.038788,0,0.0971072167158126,0.0971072167158126,0.0983445979654788,-0.0012373812496662001,0.0012373812496662001,0.009697,0,0.0,0.0029187848791480133,0,0,0,W10_N3_mean1.5x,10,3,1.5,1909,Pitch_hybrid_prediction,/home/tchowdh4/sensor_recovery_project/logs/extracted_csv/baseline_05_mixed_maneuver_ATT.csv,/home/tchowdh4/sensor_recovery_project/prediction_results_v9_trained_hybrid/baseline_05_mixed_maneuver_ATT_trained_hybrid_prediction_outputs.csv
4.700619,baseline_05_mixed_maneuver,Pitch,bias,0.038788,0,0.0972935855388641,0.0972935855388641,0.0974333621561527,-0.00013977661728860336,0.00013977661728860336,0.009697,0,0.0,0.002689482830464844,0,0,0,W10_N3_mean1.5x,10,3,1.5,1909,Pitch_hybrid_prediction,/home/tchowdh4/sensor_recovery_project/logs/extracted_csv/baseline_05_mixed_maneuver_ATT.csv,/home/tchowdh4/sensor_recovery_project/prediction_results_v9_trained_hybrid/baseline_05_mixed_maneuver_ATT_trained_hybrid_prediction_outputs.csv
4.800579,baseline_05_mixed_maneuver,Pitch,bias,0.038788,0,0.1000599712133407,0.1000599712133407,0.1021347604691981,-0.0020747892558573983,0.0020747892558573983,0.009697,0,0.0,0.002528035640716553,0,0,0,W10_N3_mean1.5x,10,3,1.5,1909,Pitch_hybrid_prediction,/home/tchowdh4/sensor_recovery_project/logs/extracted_csv/baseline_05_mixed_maneuver_ATT.csv,/home/tchowdh4/sensor_recovery_project/prediction_results_v9_trained_hybrid/baseline_05_mixed_maneuver_ATT_trained_hybrid_prediction_outputs.csv
4.900539,baseline_05_mixed_maneuver,Pitch,bias,0.038788,0,0.0966491550207138,0.0966491550207138,0.0940910428762436,0.002558112144470201,0.002558112144470201,0.009697,0,0.0,0.002222580090165123,0,0,0,W10_N3_mean1.5x,10,3,1.5,1909,Pitch_hybrid_prediction,/home/tchowdh4/sensor_recovery_project/logs/extracted_csv/baseline_05_mixed_maneuver_ATT.csv,/home/tchowdh4/sensor_recovery_project/prediction_results_v9_trained_hybrid/baseline_05_mixed_maneuver_ATT_trained_hybrid_prediction_outputs.csv
5.000499,baseline_05_mixed_maneuver,Pitch,bias,0.038788,0,0.0902280732989311,0.0902280732989311,0.085412262007594,0.0048158112913370965,0.0048158112913370965,0.009697,0,0.0,0.0026393814012408215,0,0,0,W10_N3_mean1.5x,10,3,1.5,1909,Pitch_hybrid_prediction,/home/tchowdh4/sensor_recovery_project/logs/extracted_csv/baseline_05_mixed_maneuver_ATT.csv,/home/tchowdh4/sensor_recovery_project/prediction_results_v9_trained_hybrid/baseline_05_mixed_maneuver_ATT_trained_hybrid_prediction_outputs.csv
5.100459,baseline_05_mixed_maneuver,Pitch,bias,0.038788,0,0.0852276608347892,0.0852276608347892,0.0814773514866828,0.003750309348106412,0.003750309348106412,0.009697,0,0.0,0.002393564768135542,0,0,0,W10_N3_mean1.5x,10,3,1.5,1909,Pitch_hybrid_prediction,/home/tchowdh4/sensor_recovery_project/logs/extracted_csv/baseline_05_mixed_maneuver_ATT.csv,/home/tchowdh4/sensor_recovery_project/prediction_results_v9_trained_hybrid/baseline_05_mixed_maneuver_ATT_trained_hybrid_prediction_outputs.csv
5.200419,baseline_05_mixed_maneuver,Pitch,bias,0.038788,0,0.0854621827602386,0.0854621827602386,0.0856380742043256,-0.00017589144408700075,0.00017589144408700075,0.009697,0,0.0,0.0020710330456495314,0,0,0,W10_N3_mean1.5x,10,3,1.5,1909,Pitch_hybrid_prediction,/home/tchowdh4/sensor_recovery_project/logs/extracted_csv/baseline_05_mixed_maneuver_ATT.csv,/home/tchowdh4/sensor_recovery_project/prediction_results_v9_trained_hybrid/baseline_05_mixed_maneuver_ATT_trained_hybrid_prediction_outputs.csv
5.300379,baseline_05_mixed_maneuver,Pitch,bias,0.038788,0,0.0907981097698211,0.0907981097698211,0.0948000550270079,-0.004001945257186806,0.004001945257186806,0.009697,0,0.0,0.002432327158749102,0,0,0,W10_N3_mean1.5x,10,3,1.5,1909,Pitch_hybrid_prediction,/home/tchowdh4/sensor_recovery_project/logs/extracted_csv/baseline_05_mixed_maneuver_ATT.csv,/home/tchowdh4/sensor_recovery_project/prediction_results_v9_trained_hybrid/baseline_05_mixed_maneuver_ATT_trained_hybrid_prediction_outputs.csv
5.400339,baseline_05_mixed_maneuver,Pitch,bias,0.038788,0,0.100125066936016,0.100125066936016,0.1071202848106621,-0.0069952178746461036,0.0069952178746461036,0.009697,0,0.0,0.002813249453902232,0,0,0,W10_N3_mean1.5x,10,3,1.5,1909,Pitch_hybrid_prediction,/home/tchowdh4/sensor_recovery_project/logs/extracted_csv/baseline_05_mixed_maneuver_ATT.csv,/home/tchowdh4/sensor_recovery_project/prediction_results_v9_trained_hybrid/baseline_05_mixed_maneuver_ATT_trained_hybrid_prediction_outputs.csv
5.500299,baseline_05_mixed_maneuver,Pitch,bias,0.038788,0,0.1067972257733345,0.1067972257733345,0.1118013449013233,-0.005004119127988801,0.005004119127988801,0.009697,0,0.0,0.0030753353610634623,0,0,0,W10_N3_mean1.5x,10,3,1.5,1909,Pitch_hybrid_prediction,/home/tchowdh4/sensor_recovery_project/logs/extracted_csv/baseline_05_mixed_maneuver_ATT.csv,/home/tchowdh4/sensor_recovery_project/prediction_results_v9_trained_hybrid/baseline_05_mixed_maneuver_ATT_trained_hybrid_prediction_outputs.csv
5.600259,baseline_05_mixed_maneuver,Pitch,bias,0.038788,0,0.1060380563139915,0.1060380563139915,0.1054686792194842,0.0005693770945073007,0.0005693770945073007,0.009697,0,0.0,0.0030085349455475723,0,0,0,W10_N3_mean1.5x,10,3,1.5,1909,Pitch_hybrid_prediction,/home/tchowdh4/sensor_recovery_project/logs/extracted_csv/baseline_05_mixed_maneuver_ATT.csv,/home/tchowdh4/sensor_recovery_project/prediction_results_v9_trained_hybrid/baseline_05_mixed_maneuver_ATT_trained_hybrid_prediction_outputs.csv
5.700219,baseline_05_mixed_maneuver,Pitch,bias,0.038788,0,0.1037030816078186,0.1037030816078186,0.1019518505781889,0.0017512310296297073,0.0017512310296297073,0.009697,0,0.0,0.003169680386781683,0,0,0,W10_N3_mean1.5x,10,3,1.5,1909,Pitch_hybrid_prediction,/home/tchowdh4/sensor_recovery_project/logs/extracted_csv/baseline_05_mixed_maneuver_ATT.csv,/home/tchowdh4/sensor_recovery_project/prediction_results_v9_trained_hybrid/baseline_05_mixed_maneuver_ATT_trained_hybrid_prediction_outputs.csv
5.800179,baseline_05_mixed_maneuver,Pitch,bias,0.038788,0,0.1043957024812698,0.1043957024812698,0.1049151681363581,-0.0005194656550882998,0.0005194656550882998,0.009697,0,0.0,0.003014148026704773,0,0,0,W10_N3_mean1.5x,10,3,1.5,1909,Pitch_hybrid_prediction,/home/tchowdh4/sensor_recovery_project/logs/extracted_csv/baseline_05_mixed_maneuver_ATT.csv,/home/tchowdh4/sensor_recovery_project/prediction_results_v9_trained_hybrid/baseline_05_mixed_maneuver_ATT_trained_hybrid_prediction_outputs.csv
5.900139,baseline_05_mixed_maneuver,Pitch,bias,0.038788,0,0.106504276394844,0.106504276394844,0.1080857068300246,-0.0015814304351805947,0.0015814304351805947,0.009697,0,0.0,0.0029164798557758122,0,0,0,W10_N3_mean1.5x,10,3,1.5,1909,Pitch_hybrid_prediction,/home/tchowdh4/sensor_recovery_project/logs/extracted_csv/baseline_05_mixed_maneuver_ATT.csv,/home/tchowdh4/sensor_recovery_project/prediction_results_v9_trained_hybrid/baseline_05_mixed_maneuver_ATT_trained_hybrid_prediction_outputs.csv
6.000099,baseline_05_mixed_maneuver,Pitch,bias,0.038788,0,0.108102448284626,0.108102448284626,0.1093010772019625,-0.0011986289173365056,0.0011986289173365056,0.009697,0,0.0,0.0025547616183757534,0,0,0,W10_N3_mean1.5x,10,3,1.5,1909,Pitch_hybrid_prediction,/home/tchowdh4/sensor_recovery_project/logs/extracted_csv/baseline_05_mixed_maneuver_ATT.csv,/home/tchowdh4/sensor_recovery_project/prediction_results_v9_trained_hybrid/baseline_05_mixed_maneuver_ATT_trained_hybrid_prediction_outputs.csv
6.100059,baseline_05_mixed_maneuver,Pitch,bias,0.038788,0,0.1065788492560386,0.1065788492560386,0.105436149984598,0.0011426992714406031,0.0011426992714406031,0.009697,0,0.0,0.0022940006107091725,0,0,0,W10_N3_mean1.5x,10,3,1.5,1909,Pitch_hybrid_prediction,/home/tchowdh4/sensor_recovery_project/logs/extracted_csv/baseline_05_mixed_maneuver_ATT.csv,/home/tchowdh4/sensor_recovery_project/prediction_results_v9_trained_hybrid/baseline_05_mixed_maneuver_ATT_trained_hybrid_prediction_outputs.csv
6.200019,baseline_05_mixed_maneuver,Pitch,bias,0.038788,0,0.1030749827623367,0.1030749827623367,0.1004470828920602,0.0026278998702765066,0.0026278998702765066,0.009697,0,0.0,0.002539201453328123,0,0,0,W10_N3_mean1.5x,10,3,1.5,1909,Pitch_hybrid_prediction,/home/tchowdh4/sensor_recovery_project/logs/extracted_csv/baseline_05_mixed_maneuver_ATT.csv,/home/tchowdh4/sensor_recovery_project/prediction_results_v9_trained_hybrid/baseline_05_mixed_maneuver_ATT_trained_hybrid_prediction_outputs.csv
6.299979,baseline_05_mixed_maneuver,Pitch,bias,0.038788,0,0.1027151867747306,0.1027151867747306,0.102445339784026,0.0002698469907046058,0.0002698469907046058,0.009697,0,0.0,0.0021659916266799028,0,0,0,W10_N3_mean1.5x,10,3,1.5,1909,Pitch_hybrid_prediction,/home/tchowdh4/sensor_recovery_project/logs/extracted_csv/baseline_05_mixed_maneuver_ATT.csv,/home/tchowdh4/sensor_recovery_project/prediction_results_v9_trained_hybrid/baseline_05_mixed_maneuver_ATT_trained_hybrid_prediction_outputs.csv
6.399939,baseline_05_mixed_maneuver,Pitch,bias,0.038788,0,0.1073240488767623,0.1073240488767623,0.110780695453286,-0.0034566465765236976,0.0034566465765236976,0.009697,0,0.0,0.0018121344968676622,0,0,0,W10_N3_mean1.5x,10,3,1.5,1909,Pitch_hybrid_prediction,/home/tchowdh4/sensor_recovery_project/logs/extracted_csv/baseline_05_mixed_maneuver_ATT.csv,/home/tchowdh4/sensor_recovery_project/prediction_results_v9_trained_hybrid/baseline_05_mixed_maneuver_ATT_trained_hybrid_prediction_outputs.csv
6.499899,baseline_05_mixed_maneuver,Pitch,bias,0.038788,0,0.1002211645245552,0.1002211645245552,0.0948940012603998,0.005327163264155402,0.005327163264155402,0.009697,0,0.0,0.0018444389104843224,0,0,0,W10_N3_mean1.5x,10,3,1.5,1909,Pitch_hybrid_prediction,/home/tchowdh4/sensor_recovery_project/logs/extracted_csv/baseline_05_mixed_maneuver_ATT.csv,/home/tchowdh4/sensor_recovery_project/prediction_results_v9_trained_hybrid/baseline_05_mixed_maneuver_ATT_trained_hybrid_prediction_outputs.csv
6.599859,baseline_05_mixed_maneuver,Pitch,bias,0.038788,0,0.0978892594575882,0.0978892594575882,0.0961403306573629,0.0017489288002252995,0.0017489288002252995,0.009697,0,0.0,0.001962394081056122,0,0,0,W10_N3_mean1.5x,10,3,1.5,1909,Pitch_hybrid_prediction,/home/tchowdh4/sensor_recovery_project/logs/extracted_csv/baseline_05_mixed_maneuver_ATT.csv,/home/tchowdh4/sensor_recovery_project/prediction_results_v9_trained_hybrid/baseline_05_mixed_maneuver_ATT_trained_hybrid_prediction_outputs.csv
6.699819,baseline_05_mixed_maneuver,Pitch,bias,0.038788,0,0.1013963967561721,0.1013963967561721,0.10402674973011,-0.002630352973937905,0.002630352973937905,0.009697,0,0.0,0.002050306275486942,0,0,0,W10_N3_mean1.5x,10,3,1.5,1909,Pitch_hybrid_prediction,/home/tchowdh4/sensor_recovery_project/logs/extracted_csv/baseline_05_mixed_maneuver_ATT.csv,/home/tchowdh4/sensor_recovery_project/prediction_results_v9_trained_hybrid/baseline_05_mixed_maneuver_ATT_trained_hybrid_prediction_outputs.csv
6.800612,baseline_05_mixed_maneuver,Pitch,bias,0.038788,0,0.1022262647747993,0.1022262647747993,0.1028486657887697,-0.0006224010139703889,0.0006224010139703889,0.009697,0,0.0,0.002060599811375151,0,0,0,W10_N3_mean1.5x,10,3,1.5,1909,Pitch_hybrid_prediction,/home/tchowdh4/sensor_recovery_project/logs/extracted_csv/baseline_05_mixed_maneuver_ATT.csv,/home/tchowdh4/sensor_recovery_project/prediction_results_v9_trained_hybrid/baseline_05_mixed_maneuver_ATT_trained_hybrid_prediction_outputs.csv
6.900572,baseline_05_mixed_maneuver,Pitch,bias,0.038788,0,0.1146842613816261,0.1146842613816261,0.1240277588367462,-0.0093434974551201,0.0093434974551201,0.009697,0,0.0,0.0028368065133691014,0,0,0,W10_N3_mean1.5x,10,3,1.5,1909,Pitch_hybrid_prediction,/home/tchowdh4/sensor_recovery_project/logs/extracted_csv/baseline_05_mixed_maneuver_ATT.csv,/home/tchowdh4/sensor_recovery_project/prediction_results_v9_trained_hybrid/baseline_05_mixed_maneuver_ATT_trained_hybrid_prediction_outputs.csv
7.000532,baseline_05_mixed_maneuver,Pitch,bias,0.038788,0,0.1212181597948074,0.1212181597948074,0.1261185836046933,-0.004900423809885895,0.004900423809885895,0.009697,0,0.0,0.0032069860026240405,0,0,0,W10_N3_mean1.5x,10,3,1.5,1909,Pitch_hybrid_prediction,/home/tchowdh4/sensor_recovery_project/logs/extracted_csv/baseline_05_mixed_maneuver_ATT.csv,/home/tchowdh4/sensor_recovery_project/prediction_results_v9_trained_hybrid/baseline_05_mixed_maneuver_ATT_trained_hybrid_prediction_outputs.csv
7.100492,baseline_05_mixed_maneuver,Pitch,bias,0.038788,0,0.1150727644562721,0.1150727644562721,0.1104637179523706,0.0046090465039014955,0.0046090465039014955,0.009697,0,0.0,0.0035536207258701296,0,0,0,W10_N3_mean1.5x,10,3,1.5,1909,Pitch_hybrid_prediction,/home/tchowdh4/sensor_recovery_project/logs/extracted_csv/baseline_05_mixed_maneuver_ATT.csv,/home/tchowdh4/sensor_recovery_project/prediction_results_v9_trained_hybrid/baseline_05_mixed_maneuver_ATT_trained_hybrid_prediction_outputs.csv
7.200452,baseline_05_mixed_maneuver,Pitch,bias,0.038788,0,0.1121865287423133,0.1121865287423133,0.1100218519568441,0.002164676785469208,0.002164676785469208,0.009697,0,0.0,0.0035072984173894,0,0,0,W10_N3_mean1.5x,10,3,1.5,1909,Pitch_hybrid_prediction,/home/tchowdh4/sensor_recovery_project/logs/extracted_csv/baseline_05_mixed_maneuver_ATT.csv,/home/tchowdh4/sensor_recovery_project/prediction_results_v9_trained_hybrid/baseline_05_mixed_maneuver_ATT_trained_hybrid_prediction_outputs.csv
7.300412,baseline_05_mixed_maneuver,Pitch,bias,0.038788,0,0.1094123348593711,0.1094123348593711,0.1073316894471644,0.0020806454122067053,0.0020806454122067053,0.009697,0,0.0,0.00368837825953961,0,0,0,W10_N3_mean1.5x,10,3,1.5,1909,Pitch_hybrid_prediction,/home/tchowdh4/sensor_recovery_project/logs/extracted_csv/baseline_05_mixed_maneuver_ATT.csv,/home/tchowdh4/sensor_recovery_project/prediction_results_v9_trained_hybrid/baseline_05_mixed_maneuver_ATT_trained_hybrid_prediction_outputs.csv
7.400372,baseline_05_mixed_maneuver,Pitch,bias,0.038788,0,0.1059756129980087,0.1059756129980087,0.1033980716019869,0.0025775413960218013,0.0025775413960218013,0.009697,0,0.0,0.00360046774148942,0,0,0,W10_N3_mean1.5x,10,3,1.5,1909,Pitch_hybrid_prediction,/home/tchowdh4/sensor_recovery_project/logs/extracted_csv/baseline_05_mixed_maneuver_ATT.csv,/home/tchowdh4/sensor_recovery_project/prediction_results_v9_trained_hybrid/baseline_05_mixed_maneuver_ATT_trained_hybrid_prediction_outputs.csv
7.500332,baseline_05_mixed_maneuver,Pitch,bias,0.038788,0,0.1026037409901619,0.1026037409901619,0.1000748369842768,0.0025289040058850965,0.0025289040058850965,0.009697,0,0.0,0.0033206418156623897,0,0,0,W10_N3_mean1.5x,10,3,1.5,1909,Pitch_hybrid_prediction,/home/tchowdh4/sensor_recovery_project/logs/extracted_csv/baseline_05_mixed_maneuver_ATT.csv,/home/tchowdh4/sensor_recovery_project/prediction_results_v9_trained_hybrid/baseline_05_mixed_maneuver_ATT_trained_hybrid_prediction_outputs.csv
7.600292,baseline_05_mixed_maneuver,Pitch,bias,0.038788,0,0.0987974032759666,0.0987974032759666,0.0959426499903201,0.002854753285646508,0.002854753285646508,0.009697,0,0.0,0.0034312242642045103,0,0,0,W10_N3_mean1.5x,10,3,1.5,1909,Pitch_hybrid_prediction,/home/tchowdh4/sensor_recovery_project/logs/extracted_csv/baseline_05_mixed_maneuver_ATT.csv,/home/tchowdh4/sensor_recovery_project/prediction_results_v9_trained_hybrid/baseline_05_mixed_maneuver_ATT_trained_hybrid_prediction_outputs.csv
7.700252,baseline_05_mixed_maneuver,Pitch,bias,0.038788,0,0.099815048277378,0.099815048277378,0.1005782820284365,-0.0007632337510584952,0.0007632337510584952,0.009697,0,0.0,0.0032445123419165695,0,0,0,W10_N3_mean1.5x,10,3,1.5,1909,Pitch_hybrid_prediction,/home/tchowdh4/sensor_recovery_project/logs/extracted_csv/baseline_05_mixed_maneuver_ATT.csv,/home/tchowdh4/sensor_recovery_project/prediction_results_v9_trained_hybrid/baseline_05_mixed_maneuver_ATT_trained_hybrid_prediction_outputs.csv
7.800212,baseline_05_mixed_maneuver,Pitch,bias,0.038788,0,0.0939806476235389,0.0939806476235389,0.0896048471331595,0.004375800490379403,0.004375800490379403,0.009697,0,0.0,0.0036198522895574707,0,0,0,W10_N3_mean1.5x,10,3,1.5,1909,Pitch_hybrid_prediction,/home/tchowdh4/sensor_recovery_project/logs/extracted_csv/baseline_05_mixed_maneuver_ATT.csv,/home/tchowdh4/sensor_recovery_project/prediction_results_v9_trained_hybrid/baseline_05_mixed_maneuver_ATT_trained_hybrid_prediction_outputs.csv
7.900172,baseline_05_mixed_maneuver,Pitch,bias,0.038788,0,0.0938262939453125,0.0938262939453125,0.0937105286866427,0.0001157652586697977,0.0001157652586697977,0.009697,0,0.0,0.0026970790699124406,0,0,0,W10_N3_mean1.5x,10,3,1.5,1909,Pitch_hybrid_prediction,/home/tchowdh4/sensor_recovery_project/logs/extracted_csv/baseline_05_mixed_maneuver_ATT.csv,/home/tchowdh4/sensor_recovery_project/prediction_results_v9_trained_hybrid/baseline_05_mixed_maneuver_ATT_trained_hybrid_prediction_outputs.csv
8.000132,baseline_05_mixed_maneuver,Pitch,bias,0.038788,0,0.0924309566617012,0.0924309566617012,0.0913844536989927,0.001046502962708501,0.001046502962708501,0.009697,0,0.0,0.0023116869851947013,0,0,0,W10_N3_mean1.5x,10,3,1.5,1909,Pitch_hybrid_prediction,/home/tchowdh4/sensor_recovery_project/logs/extracted_csv/baseline_05_mixed_maneuver_ATT.csv,/home/tchowdh4/sensor_recovery_project/prediction_results_v9_trained_hybrid/baseline_05_mixed_maneuver_ATT_trained_hybrid_prediction_outputs.csv
8.100092,baseline_05_mixed_maneuver,Pitch,bias,0.038788,0,0.0887669399380683,0.0887669399380683,0.0860189273953436,0.0027480125427247065,0.0027480125427247065,0.009697,0,0.0,0.0021255835890770223,0,0,0,W10_N3_mean1.5x,10,3,1.5,1909,Pitch_hybrid_prediction,/home/tchowdh4/sensor_recovery_project/logs/extracted_csv/baseline_05_mixed_maneuver_ATT.csv,/home/tchowdh4/sensor_recovery_project/prediction_results_v9_trained_hybrid/baseline_05_mixed_maneuver_ATT_trained_hybrid_prediction_outputs.csv
8.200052,baseline_05_mixed_maneuver,Pitch,bias,0.038788,0,0.0831132233142852,0.0831132233142852,0.0788729358464478,0.004240287467837389,0.004240287467837389,0.009697,0,0.0,0.00233314465731384,0,0,0,W10_N3_mean1.5x,10,3,1.5,1909,Pitch_hybrid_prediction,/home/tchowdh4/sensor_recovery_project/logs/extracted_csv/baseline_05_mixed_maneuver_ATT.csv,/home/tchowdh4/sensor_recovery_project/prediction_results_v9_trained_hybrid/baseline_05_mixed_maneuver_ATT_trained_hybrid_prediction_outputs.csv
8.300012,baseline_05_mixed_maneuver,Pitch,bias,0.038788,0,0.0850498974323272,0.0850498974323272,0.0865024030208587,-0.0014525055885314941,0.0014525055885314941,0.009697,0,0.0,0.0022703306749463194,0,0,0,W10_N3_mean1.5x,10,3,1.5,1909,Pitch_hybrid_prediction,/home/tchowdh4/sensor_recovery_project/logs/extracted_csv/baseline_05_mixed_maneuver_ATT.csv,/home/tchowdh4/sensor_recovery_project/prediction_results_v9_trained_hybrid/baseline_05_mixed_maneuver_ATT_trained_hybrid_prediction_outputs.csv
8.399972,baseline_05_mixed_maneuver,Pitch,bias,0.038788,0,0.0866440162062645,0.0866440162062645,0.0878396052867174,-0.0011955890804529051,0.0011955890804529051,0.009697,0,0.0,0.0021321354433894296,0,0,0,W10_N3_mean1.5x,10,3,1.5,1909,Pitch_hybrid_prediction,/home/tchowdh4/sensor_recovery_project/logs/extracted_csv/baseline_05_mixed_maneuver_ATT.csv,/home/tchowdh4/sensor_recovery_project/prediction_results_v9_trained_hybrid/baseline_05_mixed_maneuver_ATT_trained_hybrid_prediction_outputs.csv
8.499932,baseline_05_mixed_maneuver,Pitch,bias,0.038788,0,0.0855306088924408,0.0855306088924408,0.084695553407073,0.0008350554853678027,0.0008350554853678027,0.009697,0,0.0,0.0019627505913377002,0,0,0,W10_N3_mean1.5x,10,3,1.5,1909,Pitch_hybrid_prediction,/home/tchowdh4/sensor_recovery_project/logs/extracted_csv/baseline_05_mixed_maneuver_ATT.csv,/home/tchowdh4/sensor_recovery_project/prediction_results_v9_trained_hybrid/baseline_05_mixed_maneuver_ATT_trained_hybrid_prediction_outputs.csv
8.599892,baseline_05_mixed_maneuver,Pitch,bias,0.038788,0,0.0829933136701583,0.0829933136701583,0.0810903422534464,0.0019029714167119044,0.0019029714167119044,0.009697,0,0.0,0.0018675724044442399,0,0,0,W10_N3_mean1.5x,10,3,1.5,1909,Pitch_hybrid_prediction,/home/tchowdh4/sensor_recovery_project/logs/extracted_csv/baseline_05_mixed_maneuver_ATT.csv,/home/tchowdh4/sensor_recovery_project/prediction_results_v9_trained_hybrid/baseline_05_mixed_maneuver_ATT_trained_hybrid_prediction_outputs.csv
8.699852,baseline_05_mixed_maneuver,Pitch,bias,0.038788,0,0.0839312821626663,0.0839312821626663,0.0846347585320473,-0.0007034763693809926,0.0007034763693809926,0.009697,0,0.0,0.0018615966662764896,0,0,0,W10_N3_mean1.5x,10,3,1.5,1909,Pitch_hybrid_prediction,/home/tchowdh4/sensor_recovery_project/logs/extracted_csv/baseline_05_mixed_maneuver_ATT.csv,/home/tchowdh4/sensor_recovery_project/prediction_results_v9_trained_hybrid/baseline_05_mixed_maneuver_ATT_trained_hybrid_prediction_outputs.csv
8.799812,baseline_05_mixed_maneuver,Pitch,bias,0.038788,0,0.0874615311622619,0.0874615311622619,0.0901092179119585,-0.0026476867496966067,0.0026476867496966067,0.009697,0,0.0,0.00168878529220821,0,0,0,W10_N3_mean1.5x,10,3,1.5,1909,Pitch_hybrid_prediction,/home/tchowdh4/sensor_recovery_project/logs/extracted_csv/baseline_05_mixed_maneuver_ATT.csv,/home/tchowdh4/sensor_recovery_project/prediction_results_v9_trained_hybrid/baseline_05_mixed_maneuver_ATT_trained_hybrid_prediction_outputs.csv
8.900605,baseline_05_mixed_maneuver,Pitch,bias,0.038788,0,0.091123878955841,0.091123878955841,0.0938706398010253,-0.0027467608451842984,0.0027467608451842984,0.009697,0,0.0,0.0019518848508596602,0,0,0,W10_N3_mean1.5x,10,3,1.5,1909,Pitch_hybrid_prediction,/home/tchowdh4/sensor_recovery_project/logs/extracted_csv/baseline_05_mixed_maneuver_ATT.csv,/home/tchowdh4/sensor_recovery_project/prediction_results_v9_trained_hybrid/baseline_05_mixed_maneuver_ATT_trained_hybrid_prediction_outputs.csv
9.000565,baseline_05_mixed_maneuver,Pitch,bias,0.038788,0,0.0924679413437843,0.0924679413437843,0.0934759881347417,-0.0010080467909573954,0.0010080467909573954,0.009697,0,0.0,0.0019480392336845495,0,0,0,W10_N3_mean1.5x,10,3,1.5,1909,Pitch_hybrid_prediction,/home/tchowdh4/sensor_recovery_project/logs/extracted_csv/baseline_05_mixed_maneuver_ATT.csv,/home/tchowdh4/sensor_recovery_project/prediction_results_v9_trained_hybrid/baseline_05_mixed_maneuver_ATT_trained_hybrid_prediction_outputs.csv
9.100525,baseline_05_mixed_maneuver,Pitch,bias,0.038788,0,0.0955303385853767,0.0955303385853767,0.0978271365165709,-0.0022967979311942083,0.0022967979311942083,0.009697,0,0.0,0.0019029177725314998,0,0,0,W10_N3_mean1.5x,10,3,1.5,1909,Pitch_hybrid_prediction,/home/tchowdh4/sensor_recovery_project/logs/extracted_csv/baseline_05_mixed_maneuver_ATT.csv,/home/tchowdh4/sensor_recovery_project/prediction_results_v9_trained_hybrid/baseline_05_mixed_maneuver_ATT_trained_hybrid_prediction_outputs.csv
9.200485,baseline_05_mixed_maneuver,Pitch,bias,0.038788,0,0.093045137822628,0.093045137822628,0.0911812372505664,0.0018639005720615942,0.0018639005720615942,0.009697,0,0.0,0.0016652790829539202,0,0,0,W10_N3_mean1.5x,10,3,1.5,1909,Pitch_hybrid_prediction,/home/tchowdh4/sensor_recovery_project/logs/extracted_csv/baseline_05_mixed_maneuver_ATT.csv,/home/tchowdh4/sensor_recovery_project/prediction_results_v9_trained_hybrid/baseline_05_mixed_maneuver_ATT_trained_hybrid_prediction_outputs.csv
9.300445,baseline_05_mixed_maneuver,Pitch,bias,0.038788,0,0.0980871394276619,0.0980871394276619,0.1018686406314373,-0.003781501203775406,0.003781501203775406,0.009697,0,0.0,0.0018981786444783114,0,0,0,W10_N3_mean1.5x,10,3,1.5,1909,Pitch_hybrid_prediction,/home/tchowdh4/sensor_recovery_project/logs/extracted_csv/baseline_05_mixed_maneuver_ATT.csv,/home/tchowdh4/sensor_recovery_project/prediction_results_v9_trained_hybrid/baseline_05_mixed_maneuver_ATT_trained_hybrid_prediction_outputs.csv
9.400405,baseline_05_mixed_maneuver,Pitch,bias,0.038788,0,0.0945748388767242,0.0945748388767242,0.0919406134635209,0.002634225413203295,0.002634225413203295,0.009697,0,0.0,0.0020420422777533503,0,0,0,W10_N3_mean1.5x,10,3,1.5,1909,Pitch_hybrid_prediction,/home/tchowdh4/sensor_recovery_project/logs/extracted_csv/baseline_05_mixed_maneuver_ATT.csv,/home/tchowdh4/sensor_recovery_project/prediction_results_v9_trained_hybrid/baseline_05_mixed_maneuver_ATT_trained_hybrid_prediction_outputs.csv
9.500365,baseline_05_mixed_maneuver,Pitch,bias,0.038788,0,0.1016135662794113,0.1016135662794113,0.1068926118314266,-0.0052790455520153046,0.0052790455520153046,0.009697,0,0.0,0.0024864412844181004,0,0,0,W10_N3_mean1.5x,10,3,1.5,1909,Pitch_hybrid_prediction,/home/tchowdh4/sensor_recovery_project/logs/extracted_csv/baseline_05_mixed_maneuver_ATT.csv,/home/tchowdh4/sensor_recovery_project/prediction_results_v9_trained_hybrid/baseline_05_mixed_maneuver_ATT_trained_hybrid_prediction_outputs.csv
9.600325,baseline_05_mixed_maneuver,Pitch,bias,0.038788,0,0.1114557608962059,0.1114557608962059,0.1188374068588018,-0.007381645962595898,0.007381645962595898,0.009697,0,0.0,0.0030343087390065,0,0,0,W10_N3_mean1.5x,10,3,1.5,1909,Pitch_hybrid_prediction,/home/tchowdh4/sensor_recovery_project/logs/extracted_csv/baseline_05_mixed_maneuver_ATT.csv,/home/tchowdh4/sensor_recovery_project/prediction_results_v9_trained_hybrid/baseline_05_mixed_maneuver_ATT_trained_hybrid_prediction_outputs.csv
9.700285,baseline_05_mixed_maneuver,Pitch,bias,0.038788,0,0.1100184917449951,0.1100184917449951,0.108940539881587,0.0010779518634081026,0.0010779518634081026,0.009697,0,0.0,0.0030717562884092107,0,0,0,W10_N3_mean1.5x,10,3,1.5,1909,Pitch_hybrid_prediction,/home/tchowdh4/sensor_recovery_project/logs/extracted_csv/baseline_05_mixed_maneuver_ATT.csv,/home/tchowdh4/sensor_recovery_project/prediction_results_v9_trained_hybrid/baseline_05_mixed_maneuver_ATT_trained_hybrid_prediction_outputs.csv
9.800245,baseline_05_mixed_maneuver,Pitch,bias,0.038788,0,0.1003481969237327,0.1003481969237327,0.0930954758077859,0.0072527211159467975,0.0072527211159467975,0.009697,0,0.0,0.00353225972503423,0,0,0,W10_N3_mean1.5x,10,3,1.5,1909,Pitch_hybrid_prediction,/home/tchowdh4/sensor_recovery_project/logs/extracted_csv/baseline_05_mixed_maneuver_ATT.csv,/home/tchowdh4/sensor_recovery_project/prediction_results_v9_trained_hybrid/baseline_05_mixed_maneuver_ATT_trained_hybrid_prediction_outputs.csv
9.900205,baseline_05_mixed_maneuver,Pitch,bias,0.038788,0,0.0944782495498657,0.0944782495498657,0.0900757890194654,0.00440246053040029,0.00440246053040029,0.009697,0,0.0,0.0036978296935558292,0,0,0,W10_N3_mean1.5x,10,3,1.5,1909,Pitch_hybrid_prediction,/home/tchowdh4/sensor_recovery_project/logs/extracted_csv/baseline_05_mixed_maneuver_ATT.csv,/home/tchowdh4/sensor_recovery_project/prediction_results_v9_trained_hybrid/baseline_05_mixed_maneuver_ATT_trained_hybrid_prediction_outputs.csv
10.000165,baseline_05_mixed_maneuver,Pitch,bias,0.038788,0,0.0895200818777084,0.0895200818777084,0.0858014561235904,0.0037186257541179935,0.0037186257541179935,0.009697,0,0.0,0.003968887589871889,0,0,0,W10_N3_mean1.5x,10,3,1.5,1909,Pitch_hybrid_prediction,/home/tchowdh4/sensor_recovery_project/logs/extracted_csv/baseline_05_mixed_maneuver_ATT.csv,/home/tchowdh4/sensor_recovery_project/prediction_results_v9_trained_hybrid/baseline_05_mixed_maneuver_ATT_trained_hybrid_prediction_outputs.csv
10.100125,baseline_05_mixed_maneuver,Pitch,bias,0.038788,0,0.0893931686878204,0.0893931686878204,0.0892979837954044,9.518489241600037e-05,9.518489241600037e-05,0.009697,0,0.0,0.0037487262859940682,0,0,0,W10_N3_mean1.5x,10,3,1.5,1909,Pitch_hybrid_prediction,/home/tchowdh4/sensor_recovery_project/logs/extracted_csv/baseline_05_mixed_maneuver_ATT.csv,/home/tchowdh4/sensor_recovery_project/prediction_results_v9_trained_hybrid/baseline_05_mixed_maneuver_ATT_trained_hybrid_prediction_outputs.csv
10.200085,baseline_05_mixed_maneuver,Pitch,bias,0.038788,0,0.0885075330734252,0.0885075330734252,0.0878433063626287,0.000664226710796495,0.000664226710796495,0.009697,0,0.0,0.0036287588998675582,0,0,0,W10_N3_mean1.5x,10,3,1.5,1909,Pitch_hybrid_prediction,/home/tchowdh4/sensor_recovery_project/logs/extracted_csv/baseline_05_mixed_maneuver_ATT.csv,/home/tchowdh4/sensor_recovery_project/prediction_results_v9_trained_hybrid/baseline_05_mixed_maneuver_ATT_trained_hybrid_prediction_outputs.csv
10.300045,baseline_05_mixed_maneuver,Pitch,bias,0.038788,0,0.0915614813566207,0.0915614813566207,0.0938519425690173,-0.002290461212396594,0.002290461212396594,0.009697,0,0.0,0.003479654900729677,0,0,0,W10_N3_mean1.5x,10,3,1.5,1909,Pitch_hybrid_prediction,/home/tchowdh4/sensor_recovery_project/logs/extracted_csv/baseline_05_mixed_maneuver_ATT.csv,/home/tchowdh4/sensor_recovery_project/prediction_results_v9_trained_hybrid/baseline_05_mixed_maneuver_ATT_trained_hybrid_prediction_outputs.csv
10.400005,baseline_05_mixed_maneuver,Pitch,bias,0.038788,0,0.1010399162769317,0.1010399162769317,0.1081487424671649,-0.007108826190233203,0.007108826190233203,0.009697,0,0.0,0.003927114978432668,0,0,0,W10_N3_mean1.5x,10,3,1.5,1909,Pitch_hybrid_prediction,/home/tchowdh4/sensor_recovery_project/logs/extracted_csv/baseline_05_mixed_maneuver_ATT.csv,/home/tchowdh4/sensor_recovery_project/prediction_results_v9_trained_hybrid/baseline_05_mixed_maneuver_ATT_trained_hybrid_prediction_outputs.csv
10.499965,baseline_05_mixed_maneuver,Pitch,bias,0.038788,0,0.1016864106059074,0.1016864106059074,0.1021712813526391,-0.0004848707467317026,0.0004848707467317026,0.009697,0,0.0,0.0034476974979043076,0,0,0,W10_N3_mean1.5x,10,3,1.5,1909,Pitch_hybrid_prediction,/home/tchowdh4/sensor_recovery_project/logs/extracted_csv/baseline_05_mixed_maneuver_ATT.csv,/home/tchowdh4/sensor_recovery_project/prediction_results_v9_trained_hybrid/baseline_05_mixed_maneuver_ATT_trained_hybrid_prediction_outputs.csv
10.599925,baseline_05_mixed_maneuver,Pitch,bias,0.038788,0,0.094316154718399,0.094316154718399,0.0887884628027677,0.005527691915631308,0.005527691915631308,0.009697,0,0.0,0.0032623020932078485,0,0,0,W10_N3_mean1.5x,10,3,1.5,1909,Pitch_hybrid_prediction,/home/tchowdh4/sensor_recovery_project/logs/extracted_csv/baseline_05_mixed_maneuver_ATT.csv,/home/tchowdh4/sensor_recovery_project/prediction_results_v9_trained_hybrid/baseline_05_mixed_maneuver_ATT_trained_hybrid_prediction_outputs.csv
10.699885,baseline_05_mixed_maneuver,Pitch,bias,0.038788,0,0.0946838334202766,0.0946838334202766,0.0949595924466848,-0.0002757590264081955,0.0002757590264081955,0.009697,0,0.0,0.003182082809507858,0,0,0,W10_N3_mean1.5x,10,3,1.5,1909,Pitch_hybrid_prediction,/home/tchowdh4/sensor_recovery_project/logs/extracted_csv/baseline_05_mixed_maneuver_ATT.csv,/home/tchowdh4/sensor_recovery_project/prediction_results_v9_trained_hybrid/baseline_05_mixed_maneuver_ATT_trained_hybrid_prediction_outputs.csv
10.799845,baseline_05_mixed_maneuver,Pitch,bias,0.038788,0,0.1014446914196014,0.1014446914196014,0.106515334919095,-0.005070643499493599,0.005070643499493599,0.009697,0,0.0,0.002963875047862538,0,0,0,W10_N3_mean1.5x,10,3,1.5,1909,Pitch_hybrid_prediction,/home/tchowdh4/sensor_recovery_project/logs/extracted_csv/baseline_05_mixed_maneuver_ATT.csv,/home/tchowdh4/sensor_recovery_project/prediction_results_v9_trained_hybrid/baseline_05_mixed_maneuver_ATT_trained_hybrid_prediction_outputs.csv
10.899805,baseline_05_mixed_maneuver,Pitch,bias,0.038788,0,0.1061994060873985,0.1061994060873985,0.1097654420882463,-0.0035660360008478026,0.0035660360008478026,0.009697,0,0.0,0.002880232594907289,0,0,0,W10_N3_mean1.5x,10,3,1.5,1909,Pitch_hybrid_prediction,/home/tchowdh4/sensor_recovery_project/logs/extracted_csv/baseline_05_mixed_maneuver_ATT.csv,/home/tchowdh4/sensor_recovery_project/prediction_results_v9_trained_hybrid/baseline_05_mixed_maneuver_ATT_trained_hybrid_prediction_outputs.csv
11.000598,baseline_05_mixed_maneuver,Pitch,bias,0.038788,0,0.1128470748662948,0.1128470748662948,0.117832826450467,-0.004985751584172193,0.004985751584172193,0.009697,0,0.0,0.0030069451779127093,0,0,0,W10_N3_mean1.5x,10,3,1.5,1909,Pitch_hybrid_prediction,/home/tchowdh4/sensor_recovery_project/logs/extracted_csv/baseline_05_mixed_maneuver_ATT.csv,/home/tchowdh4/sensor_recovery_project/prediction_results_v9_trained_hybrid/baseline_05_mixed_maneuver_ATT_trained_hybrid_prediction_outputs.csv
11.100558,baseline_05_mixed_maneuver,Pitch,bias,0.038788,0,0.1166758090257644,0.1166758090257644,0.1195473596453666,-0.0028715506196022034,0.0028715506196022034,0.009697,0,0.0,0.0032845817506313296,0,0,0,W10_N3_mean1.5x,10,3,1.5,1909,Pitch_hybrid_prediction,/home/tchowdh4/sensor_recovery_project/logs/extracted_csv/baseline_05_mixed_maneuver_ATT.csv,/home/tchowdh4/sensor_recovery_project/prediction_results_v9_trained_hybrid/baseline_05_mixed_maneuver_ATT_trained_hybrid_prediction_outputs.csv
11.200518,baseline_05_mixed_maneuver,Pitch,bias,0.038788,0,0.1150697544217109,0.1150697544217109,0.1138652134686707,0.0012045409530401924,0.0012045409530401924,0.009697,0,0.0,0.003338613174855699,0,0,0,W10_N3_mean1.5x,10,3,1.5,1909,Pitch_hybrid_prediction,/home/tchowdh4/sensor_recovery_project/logs/extracted_csv/baseline_05_mixed_maneuver_ATT.csv,/home/tchowdh4/sensor_recovery_project/prediction_results_v9_trained_hybrid/baseline_05_mixed_maneuver_ATT_trained_hybrid_prediction_outputs.csv
11.300478,baseline_05_mixed_maneuver,Pitch,bias,0.038788,0,0.1154501736164093,0.1154501736164093,0.1157354880124331,-0.00028531439602379194,0.00028531439602379194,0.009697,0,0.0,0.003138098493218419,0,0,0,W10_N3_mean1.5x,10,3,1.5,1909,Pitch_hybrid_prediction,/home/tchowdh4/sensor_recovery_project/logs/extracted_csv/baseline_05_mixed_maneuver_ATT.csv,/home/tchowdh4/sensor_recovery_project/prediction_results_v9_trained_hybrid/baseline_05_mixed_maneuver_ATT_trained_hybrid_prediction_outputs.csv
11.400438,baseline_05_mixed_maneuver,Pitch,bias,0.038788,0,0.1140281111001968,0.1140281111001968,0.1129615642130374,0.001066546887159403,0.001066546887159403,0.009697,0,0.0,0.002533870562911039,0,0,0,W10_N3_mean1.5x,10,3,1.5,1909,Pitch_hybrid_prediction,/home/tchowdh4/sensor_recovery_project/logs/extracted_csv/baseline_05_mixed_maneuver_ATT.csv,/home/tchowdh4/sensor_recovery_project/prediction_results_v9_trained_hybrid/baseline_05_mixed_maneuver_ATT_trained_hybrid_prediction_outputs.csv
11.500398,baseline_05_mixed_maneuver,Pitch,bias,0.038788,0,0.1044923737645149,0.1044923737645149,0.0973405707627534,0.007151803001761492,0.007151803001761492,0.009697,0,0.0,0.003200563788414018,0,0,0,W10_N3_mean1.5x,10,3,1.5,1909,Pitch_hybrid_prediction,/home/tchowdh4/sensor_recovery_project/logs/extracted_csv/baseline_05_mixed_maneuver_ATT.csv,/home/tchowdh4/sensor_recovery_project/prediction_results_v9_trained_hybrid/baseline_05_mixed_maneuver_ATT_trained_hybrid_prediction_outputs.csv
11.600358,baseline_05_mixed_maneuver,Pitch,bias,0.038788,0,0.0963953360915184,0.0963953360915184,0.090322557836771,0.006072778254747405,0.006072778254747405,0.009697,0,0.0,0.003255072422325628,0,0,0,W10_N3_mean1.5x,10,3,1.5,1909,Pitch_hybrid_prediction,/home/tchowdh4/sensor_recovery_project/logs/extracted_csv/baseline_05_mixed_maneuver_ATT.csv,/home/tchowdh4/sensor_recovery_project/prediction_results_v9_trained_hybrid/baseline_05_mixed_maneuver_ATT_trained_hybrid_prediction_outputs.csv
11.700318,baseline_05_mixed_maneuver,Pitch,bias,0.038788,0,0.09855717420578,0.09855717420578,0.1001785527914762,-0.0016213785856961926,0.0016213785856961926,0.009697,0,0.0,0.0033896343782544277,0,0,0,W10_N3_mean1.5x,10,3,1.5,1909,Pitch_hybrid_prediction,/home/tchowdh4/sensor_recovery_project/logs/extracted_csv/baseline_05_mixed_maneuver_ATT.csv,/home/tchowdh4/sensor_recovery_project/prediction_results_v9_trained_hybrid/baseline_05_mixed_maneuver_ATT_trained_hybrid_prediction_outputs.csv
11.800278,baseline_05_mixed_maneuver,Pitch,bias,0.038788,0,0.1016725227236747,0.1016725227236747,0.1040090341120957,-0.0023365113884209893,0.0023365113884209893,0.009697,0,0.0,0.0031162211671471665,0,0,0,W10_N3_mean1.5x,10,3,1.5,1909,Pitch_hybrid_prediction,/home/tchowdh4/sensor_recovery_project/logs/extracted_csv/baseline_05_mixed_maneuver_ATT.csv,/home/tchowdh4/sensor_recovery_project/prediction_results_v9_trained_hybrid/baseline_05_mixed_maneuver_ATT_trained_hybrid_prediction_outputs.csv
11.900238,baseline_05_mixed_maneuver,Pitch,bias,0.038788,0,0.1065647155046463,0.1065647155046463,0.110233860090375,-0.003669144585728701,0.003669144585728701,0.009697,0,0.0,0.0031265320256352565,0,0,0,W10_N3_mean1.5x,10,3,1.5,1909,Pitch_hybrid_prediction,/home/tchowdh4/sensor_recovery_project/logs/extracted_csv/baseline_05_mixed_maneuver_ATT.csv,/home/tchowdh4/sensor_recovery_project/prediction_results_v9_trained_hybrid/baseline_05_mixed_maneuver_ATT_trained_hybrid_prediction_outputs.csv
12.000198,baseline_05_mixed_maneuver,Pitch,bias,0.038788,0,0.1084460541605949,0.1084460541605949,0.1098570581525563,-0.001411003991961396,0.001411003991961396,0.009697,0,0.0,0.0027690572664141764,0,0,0,W10_N3_mean1.5x,10,3,1.5,1909,Pitch_hybrid_prediction,/home/tchowdh4/sensor_recovery_project/logs/extracted_csv/baseline_05_mixed_maneuver_ATT.csv,/home/tchowdh4/sensor_recovery_project/prediction_results_v9_trained_hybrid/baseline_05_mixed_maneuver_ATT_trained_hybrid_prediction_outputs.csv
12.100158,baseline_05_mixed_maneuver,Pitch,bias,0.038788,0,0.1097596883773803,0.1097596883773803,0.1107449140399693,-0.0009852256625890038,0.0009852256625890038,0.009697,0,0.0,0.002580424770712857,0,0,0,W10_N3_mean1.5x,10,3,1.5,1909,Pitch_hybrid_prediction,/home/tchowdh4/sensor_recovery_project/logs/extracted_csv/baseline_05_mixed_maneuver_ATT.csv,/home/tchowdh4/sensor_recovery_project/prediction_results_v9_trained_hybrid/baseline_05_mixed_maneuver_ATT_trained_hybrid_prediction_outputs.csv
12.200118,baseline_05_mixed_maneuver,Pitch,bias,0.038788,0,0.1104364171624183,0.1104364171624183,0.1109439637511967,-0.0005075465887783986,0.0005075465887783986,0.009697,0,0.0,0.0025107253342866774,0,0,0,W10_N3_mean1.5x,10,3,1.5,1909,Pitch_hybrid_prediction,/home/tchowdh4/sensor_recovery_project/logs/extracted_csv/baseline_05_mixed_maneuver_ATT.csv,/home/tchowdh4/sensor_recovery_project/prediction_results_v9_trained_hybrid/baseline_05_mixed_maneuver_ATT_trained_hybrid_prediction_outputs.csv
12.300078,baseline_05_mixed_maneuver,Pitch,bias,0.038788,0,0.1113797053694725,0.1113797053694725,0.1120871715247631,-0.0007074661552905898,0.0007074661552905898,0.009697,0,0.0,0.002552940510213357,0,0,0,W10_N3_mean1.5x,10,3,1.5,1909,Pitch_hybrid_prediction,/home/tchowdh4/sensor_recovery_project/logs/extracted_csv/baseline_05_mixed_maneuver_ATT.csv,/home/tchowdh4/sensor_recovery_project/prediction_results_v9_trained_hybrid/baseline_05_mixed_maneuver_ATT_trained_hybrid_prediction_outputs.csv
12.400038,baseline_05_mixed_maneuver,Pitch,bias,0.038788,0,0.1119912937283515,0.1119912937283515,0.1124499849975107,-0.000458691269159206,0.000458691269159206,0.009697,0,0.0,0.0024921549484133373,0,0,0,W10_N3_mean1.5x,10,3,1.5,1909,Pitch_hybrid_prediction,/home/tchowdh4/sensor_recovery_project/logs/extracted_csv/baseline_05_mixed_maneuver_ATT.csv,/home/tchowdh4/sensor_recovery_project/prediction_results_v9_trained_hybrid/baseline_05_mixed_maneuver_ATT_trained_hybrid_prediction_outputs.csv
12.499998,baseline_05_mixed_maneuver,Pitch,bias,0.038788,0,0.1127131357789039,0.1127131357789039,0.1132545173168182,-0.00054138153791429,0.00054138153791429,0.009697,0,0.0,0.001831112802028617,0,0,0,W10_N3_mean1.5x,10,3,1.5,1909,Pitch_hybrid_prediction,/home/tchowdh4/sensor_recovery_project/logs/extracted_csv/baseline_05_mixed_maneuver_ATT.csv,/home/tchowdh4/sensor_recovery_project/prediction_results_v9_trained_hybrid/baseline_05_mixed_maneuver_ATT_trained_hybrid_prediction_outputs.csv
12.599958,baseline_05_mixed_maneuver,Pitch,bias,0.038788,0,0.1130768805742263,0.1130768805742263,0.113349689170718,-0.00027280859649170264,0.00027280859649170264,0.009697,0,0.0,0.001251115836203047,0,0,0,W10_N3_mean1.5x,10,3,1.5,1909,Pitch_hybrid_prediction,/home/tchowdh4/sensor_recovery_project/logs/extracted_csv/baseline_05_mixed_maneuver_ATT.csv,/home/tchowdh4/sensor_recovery_project/prediction_results_v9_trained_hybrid/baseline_05_mixed_maneuver_ATT_trained_hybrid_prediction_outputs.csv
12.699918,baseline_05_mixed_maneuver,Pitch,bias,0.038788,0,0.113505519926548,0.113505519926548,0.1138269994407892,-0.0003214795142411908,0.0003214795142411908,0.009697,0,0.0,0.0011211259290575468,0,0,0,W10_N3_mean1.5x,10,3,1.5,1909,Pitch_hybrid_prediction,/home/tchowdh4/sensor_recovery_project/logs/extracted_csv/baseline_05_mixed_maneuver_ATT.csv,/home/tchowdh4/sensor_recovery_project/prediction_results_v9_trained_hybrid/baseline_05_mixed_maneuver_ATT_trained_hybrid_prediction_outputs.csv
12.799878,baseline_05_mixed_maneuver,Pitch,bias,0.038788,0,0.1135719269514083,0.1135719269514083,0.1136217322200535,-4.980526864520329e-05,4.980526864520329e-05,0.009697,0,0.0,0.0008924553170799682,0,0,0,W10_N3_mean1.5x,10,3,1.5,1909,Pitch_hybrid_prediction,/home/tchowdh4/sensor_recovery_project/logs/extracted_csv/baseline_05_mixed_maneuver_ATT.csv,/home/tchowdh4/sensor_recovery_project/prediction_results_v9_trained_hybrid/baseline_05_mixed_maneuver_ATT_trained_hybrid_prediction_outputs.csv
12.899838,baseline_05_mixed_maneuver,Pitch,bias,0.038788,0,0.1138627678155899,0.1138627678155899,0.1140808984637261,-0.00021813064813619443,0.00021813064813619443,0.009697,0,0.0,0.0005473539233207175,0,0,0,W10_N3_mean1.5x,10,3,1.5,1909,Pitch_hybrid_prediction,/home/tchowdh4/sensor_recovery_project/logs/extracted_csv/baseline_05_mixed_maneuver_ATT.csv,/home/tchowdh4/sensor_recovery_project/prediction_results_v9_trained_hybrid/baseline_05_mixed_maneuver_ATT_trained_hybrid_prediction_outputs.csv
12.999798,baseline_05_mixed_maneuver,Pitch,bias,0.038788,0,0.1138247922062873,0.1138247922062873,0.1137963104993103,2.8481706977001586e-05,2.8481706977001586e-05,0.009697,0,0.0,0.0004091016948222781,0,0,0,W10_N3_mean1.5x,10,3,1.5,1909,Pitch_hybrid_prediction,/home/tchowdh4/sensor_recovery_project/logs/extracted_csv/baseline_05_mixed_maneuver_ATT.csv,/home/tchowdh4/sensor_recovery_project/prediction_results_v9_trained_hybrid/baseline_05_mixed_maneuver_ATT_trained_hybrid_prediction_outputs.csv
13.100591,baseline_05_mixed_maneuver,Pitch,bias,0.038788,0,0.1109518334269523,0.1109518334269523,0.108797114342451,0.002154719084501308,0.002154719084501308,0.009697,0,0.0,0.0005260510370135085,0,0,0,W10_N3_mean1.5x,10,3,1.5,1909,Pitch_hybrid_prediction,/home/tchowdh4/sensor_recovery_project/logs/extracted_csv/baseline_05_mixed_maneuver_ATT.csv,/home/tchowdh4/sensor_recovery_project/prediction_results_v9_trained_hybrid/baseline_05_mixed_maneuver_ATT_trained_hybrid_prediction_outputs.csv
13.200551,baseline_05_mixed_maneuver,Pitch,bias,0.038788,0,0.105225034058094,0.105225034058094,0.1009299345314502,0.004295099526643795,0.004295099526643795,0.009697,0,0.0,0.0009048063308000481,0,0,0,W10_N3_mean1.5x,10,3,1.5,1909,Pitch_hybrid_prediction,/home/tchowdh4/sensor_recovery_project/logs/extracted_csv/baseline_05_mixed_maneuver_ATT.csv,/home/tchowdh4/sensor_recovery_project/prediction_results_v9_trained_hybrid/baseline_05_mixed_maneuver_ATT_trained_hybrid_prediction_outputs.csv
13.300511,baseline_05_mixed_maneuver,Pitch,bias,0.038788,0,0.1006193682551384,0.1006193682551384,0.0971651189029217,0.003454249352216693,0.003454249352216693,0.009697,0,0.0,0.0011794846504926584,0,0,0,W10_N3_mean1.5x,10,3,1.5,1909,Pitch_hybrid_prediction,/home/tchowdh4/sensor_recovery_project/logs/extracted_csv/baseline_05_mixed_maneuver_ATT.csv,/home/tchowdh4/sensor_recovery_project/prediction_results_v9_trained_hybrid/baseline_05_mixed_maneuver_ATT_trained_hybrid_prediction_outputs.csv
13.400471,baseline_05_mixed_maneuver,Pitch,bias,0.038788,0,0.096621349453926,0.096621349453926,0.0936228353530167,0.0029985141009093025,0.0029985141009093025,0.009697,0,0.0,0.0014334669336676681,0,0,0,W10_N3_mean1.5x,10,3,1.5,1909,Pitch_hybrid_prediction,/home/tchowdh4/sensor_recovery_project/logs/extracted_csv/baseline_05_mixed_maneuver_ATT.csv,/home/tchowdh4/sensor_recovery_project/prediction_results_v9_trained_hybrid/baseline_05_mixed_maneuver_ATT_trained_hybrid_prediction_outputs.csv
13.500431,baseline_05_mixed_maneuver,Pitch,bias,0.038788,0,0.0951957404613494,0.0951957404613494,0.0941265337169169,0.0010692067444325049,0.0010692067444325049,0.009697,0,0.0,0.0014862494543194896,0,0,0,W10_N3_mean1.5x,10,3,1.5,1909,Pitch_hybrid_prediction,/home/tchowdh4/sensor_recovery_project/logs/extracted_csv/baseline_05_mixed_maneuver_ATT.csv,/home/tchowdh4/sensor_recovery_project/prediction_results_v9_trained_hybrid/baseline_05_mixed_maneuver_ATT_trained_hybrid_prediction_outputs.csv
13.600391,baseline_05_mixed_maneuver,Pitch,bias,0.038788,0,0.0915143266320228,0.0915143266320228,0.0887532662600278,0.002761060371995,0.002761060371995,0.009697,0,0.0,0.0017350746318698193,0,0,0,W10_N3_mean1.5x,10,3,1.5,1909,Pitch_hybrid_prediction,/home/tchowdh4/sensor_recovery_project/logs/extracted_csv/baseline_05_mixed_maneuver_ATT.csv,/home/tchowdh4/sensor_recovery_project/prediction_results_v9_trained_hybrid/baseline_05_mixed_maneuver_ATT_trained_hybrid_prediction_outputs.csv
13.700351,baseline_05_mixed_maneuver,Pitch,bias,0.038788,0,0.0923584252595901,0.0923584252595901,0.0929914992302655,-0.0006330739706754129,0.0006330739706754129,0.009697,0,0.0,0.0017662340775132415,0,0,0,W10_N3_mean1.5x,10,3,1.5,1909,Pitch_hybrid_prediction,/home/tchowdh4/sensor_recovery_project/logs/extracted_csv/baseline_05_mixed_maneuver_ATT.csv,/home/tchowdh4/sensor_recovery_project/prediction_results_v9_trained_hybrid/baseline_05_mixed_maneuver_ATT_trained_hybrid_prediction_outputs.csv
13.800311,baseline_05_mixed_maneuver,Pitch,bias,0.038788,0,0.0961251929402351,0.0961251929402351,0.0989502687007188,-0.0028250757604837,0.0028250757604837,0.009697,0,0.0,0.002043761126697091,0,0,0,W10_N3_mean1.5x,10,3,1.5,1909,Pitch_hybrid_prediction,/home/tchowdh4/sensor_recovery_project/logs/extracted_csv/baseline_05_mixed_maneuver_ATT.csv,/home/tchowdh4/sensor_recovery_project/prediction_results_v9_trained_hybrid/baseline_05_mixed_maneuver_ATT_trained_hybrid_prediction_outputs.csv
13.900271,baseline_05_mixed_maneuver,Pitch,bias,0.038788,0,0.0993561297655105,0.0993561297655105,0.101779332384467,-0.0024232026189564965,0.0024232026189564965,0.009697,0,0.0,0.0022642683237791214,0,0,0,W10_N3_mean1.5x,10,3,1.5,1909,Pitch_hybrid_prediction,/home/tchowdh4/sensor_recovery_project/logs/extracted_csv/baseline_05_mixed_maneuver_ATT.csv,/home/tchowdh4/sensor_recovery_project/prediction_results_v9_trained_hybrid/baseline_05_mixed_maneuver_ATT_trained_hybrid_prediction_outputs.csv
14.000231,baseline_05_mixed_maneuver,Pitch,bias,0.038788,0,0.0968192145228385,0.0968192145228385,0.0949165280908344,0.0019026864320040998,0.0019026864320040998,0.009697,0,0.0,0.0024516887962818313,0,0,0,W10_N3_mean1.5x,10,3,1.5,1909,Pitch_hybrid_prediction,/home/tchowdh4/sensor_recovery_project/logs/extracted_csv/baseline_05_mixed_maneuver_ATT.csv,/home/tchowdh4/sensor_recovery_project/prediction_results_v9_trained_hybrid/baseline_05_mixed_maneuver_ATT_trained_hybrid_prediction_outputs.csv
14.100191,baseline_05_mixed_maneuver,Pitch,bias,0.038788,0,0.0959834605455398,0.0959834605455398,0.0953566450625657,0.0006268154829740941,0.0006268154829740941,0.009697,0,0.0,0.00229889843612911,0,0,0,W10_N3_mean1.5x,10,3,1.5,1909,Pitch_hybrid_prediction,/home/tchowdh4/sensor_recovery_project/logs/extracted_csv/baseline_05_mixed_maneuver_ATT.csv,/home/tchowdh4/sensor_recovery_project/prediction_results_v9_trained_hybrid/baseline_05_mixed_maneuver_ATT_trained_hybrid_prediction_outputs.csv
14.200151,baseline_05_mixed_maneuver,Pitch,bias,0.038788,0,0.0938233956694603,0.0938233956694603,0.0922033470124006,0.0016200486570596973,0.0016200486570596973,0.009697,0,0.0,0.0020313933491707,0,0,0,W10_N3_mean1.5x,10,3,1.5,1909,Pitch_hybrid_prediction,/home/tchowdh4/sensor_recovery_project/logs/extracted_csv/baseline_05_mixed_maneuver_ATT.csv,/home/tchowdh4/sensor_recovery_project/prediction_results_v9_trained_hybrid/baseline_05_mixed_maneuver_ATT_trained_hybrid_prediction_outputs.csv
14.300111,baseline_05_mixed_maneuver,Pitch,bias,0.038788,1,0.0967171937227249,0.1355051937227249,0.0988875422626733,0.03661765146005161,0.03661765146005161,0.009697,1,1.0,0.005347733559954192,0,0,0,W10_N3_mean1.5x,10,3,1.5,1909,Pitch_hybrid_prediction,/home/tchowdh4/sensor_recovery_project/logs/extracted_csv/baseline_05_mixed_maneuver_ATT.csv,/home/tchowdh4/sensor_recovery_project/prediction_results_v9_trained_hybrid/baseline_05_mixed_maneuver_ATT_trained_hybrid_prediction_outputs.csv
14.400071,baseline_05_mixed_maneuver,Pitch,bias,0.038788,1,0.097728855907917,0.136516855907917,0.098487602546811,0.038029253361106005,0.038029253361106005,0.009697,1,2.0,0.008850807485973862,0,0,0,W10_N3_mean1.5x,10,3,1.5,1909,Pitch_hybrid_prediction,/home/tchowdh4/sensor_recovery_project/logs/extracted_csv/baseline_05_mixed_maneuver_ATT.csv,/home/tchowdh4/sensor_recovery_project/prediction_results_v9_trained_hybrid/baseline_05_mixed_maneuver_ATT_trained_hybrid_prediction_outputs.csv
14.500031,baseline_05_mixed_maneuver,Pitch,bias,0.038788,1,0.0965409278869628,0.1353289278869628,0.0956499818712471,0.0396789460157157,0.0396789460157157,0.009697,1,3.0,0.01271178141310218,1,0,1,W10_N3_mean1.5x,10,3,1.5,1909,Pitch_hybrid_prediction,/home/tchowdh4/sensor_recovery_project/logs/extracted_csv/baseline_05_mixed_maneuver_ATT.csv,/home/tchowdh4/sensor_recovery_project/prediction_results_v9_trained_hybrid/baseline_05_mixed_maneuver_ATT_trained_hybrid_prediction_outputs.csv
14.599991,baseline_05_mixed_maneuver,Pitch,bias,0.038788,1,0.0937941819429397,0.1325821819429397,0.0917341224849223,0.040848059458017394,0.040848059458017394,0.009697,1,4.0,0.016520481321704424,1,1,1,W10_N3_mean1.5x,10,3,1.5,1909,Pitch_hybrid_prediction,/home/tchowdh4/sensor_recovery_project/logs/extracted_csv/baseline_05_mixed_maneuver_ATT.csv,/home/tchowdh4/sensor_recovery_project/prediction_results_v9_trained_hybrid/baseline_05_mixed_maneuver_ATT_trained_hybrid_prediction_outputs.csv
14.699951,baseline_05_mixed_maneuver,Pitch,bias,0.038788,1,0.0899479165673255,0.1287359165673255,0.0870632175356148,0.0416726990317107,0.0416726990317107,0.009697,1,5.0,0.020624443827807946,1,1,1,W10_N3_mean1.5x,10,3,1.5,1909,Pitch_hybrid_prediction,/home/tchowdh4/sensor_recovery_project/logs/extracted_csv/baseline_05_mixed_maneuver_ATT.csv,/home/tchowdh4/sensor_recovery_project/prediction_results_v9_trained_hybrid/baseline_05_mixed_maneuver_ATT_trained_hybrid_prediction_outputs.csv
14.799911,baseline_05_mixed_maneuver,Pitch,bias,0.038788,1,0.0881442129611969,0.1269322129611969,0.0867914352566004,0.040140777704596495,0.040140777704596495,0.009697,1,6.0,0.02435601402221923,1,1,1,W10_N3_mean1.5x,10,3,1.5,1909,Pitch_hybrid_prediction,/home/tchowdh4/sensor_recovery_project/logs/extracted_csv/baseline_05_mixed_maneuver_ATT.csv,/home/tchowdh4/sensor_recovery_project/prediction_results_v9_trained_hybrid/baseline_05_mixed_maneuver_ATT_trained_hybrid_prediction_outputs.csv
14.899871,baseline_05_mixed_maneuver,Pitch,bias,0.038788,1,0.0881007462739944,0.1268887462739944,0.0880681462585925,0.03882060001540191,0.03882060001540191,0.009697,1,7.0,0.02799575376186377,1,1,1,W10_N3_mean1.5x,10,3,1.5,1909,Pitch_hybrid_prediction,/home/tchowdh4/sensor_recovery_project/logs/extracted_csv/baseline_05_mixed_maneuver_ATT.csv,/home/tchowdh4/sensor_recovery_project/prediction_results_v9_trained_hybrid/baseline_05_mixed_maneuver_ATT_trained_hybrid_prediction_outputs.csv
14.999831,baseline_05_mixed_maneuver,Pitch,bias,0.038788,1,0.0949994027614593,0.13378740276145928,0.1001733951270579,0.03361400763440138,0.03361400763440138,0.009697,1,8.0,0.0311668858821035,1,1,1,W10_N3_mean1.5x,10,3,1.5,1909,Pitch_hybrid_prediction,/home/tchowdh4/sensor_recovery_project/logs/extracted_csv/baseline_05_mixed_maneuver_ATT.csv,/home/tchowdh4/sensor_recovery_project/prediction_results_v9_trained_hybrid/baseline_05_mixed_maneuver_ATT_trained_hybrid_prediction_outputs.csv
15.099791,baseline_05_mixed_maneuver,Pitch,bias,0.038788,1,0.1011305078864097,0.1399185078864097,0.1057288367301225,0.034189671156287196,0.034189671156287196,0.009697,1,9.0,0.03452317144943481,1,1,1,W10_N3_mean1.5x,10,3,1.5,1909,Pitch_hybrid_prediction,/home/tchowdh4/sensor_recovery_project/logs/extracted_csv/baseline_05_mixed_maneuver_ATT.csv,/home/tchowdh4/sensor_recovery_project/prediction_results_v9_trained_hybrid/baseline_05_mixed_maneuver_ATT_trained_hybrid_prediction_outputs.csv
15.200584,baseline_05_mixed_maneuver,Pitch,bias,0.038788,1,0.1078502759337425,0.1466382759337425,0.1128901019692421,0.033748173964500416,0.033748173964500416,0.009697,1,10.0,0.03773598398017888,1,1,1,W10_N3_mean1.5x,10,3,1.5,1909,Pitch_hybrid_prediction,/home/tchowdh4/sensor_recovery_project/logs/extracted_csv/baseline_05_mixed_maneuver_ATT.csv,/home/tchowdh4/sensor_recovery_project/prediction_results_v9_trained_hybrid/baseline_05_mixed_maneuver_ATT_trained_hybrid_prediction_outputs.csv
15.300544,baseline_05_mixed_maneuver,Pitch,bias,0.038788,1,0.1086358428001403,0.14742384280014031,0.1092250179499386,0.03819882485020172,0.03819882485020172,0.009697,1,10.0,0.03789410131919389,1,1,1,W10_N3_mean1.5x,10,3,1.5,1909,Pitch_hybrid_prediction,/home/tchowdh4/sensor_recovery_project/logs/extracted_csv/baseline_05_mixed_maneuver_ATT.csv,/home/tchowdh4/sensor_recovery_project/prediction_results_v9_trained_hybrid/baseline_05_mixed_maneuver_ATT_trained_hybrid_prediction_outputs.csv
15.400504,baseline_05_mixed_maneuver,Pitch,bias,0.038788,1,0.1062360629439354,0.14502406294393538,0.1044362280517817,0.04058783489215369,0.04058783489215369,0.009697,1,10.0,0.038149959472298656,1,1,1,W10_N3_mean1.5x,10,3,1.5,1909,Pitch_hybrid_prediction,/home/tchowdh4/sensor_recovery_project/logs/extracted_csv/baseline_05_mixed_maneuver_ATT.csv,/home/tchowdh4/sensor_recovery_project/prediction_results_v9_trained_hybrid/baseline_05_mixed_maneuver_ATT_trained_hybrid_prediction_outputs.csv
15.500464,baseline_05_mixed_maneuver,Pitch,bias,0.038788,1,0.104607418179512,0.143395418179512,0.1033859346061944,0.040009483573317614,0.040009483573317614,0.009697,1,10.0,0.03818301322805885,1,1,1,W10_N3_mean1.5x,10,3,1.5,1909,Pitch_hybrid_prediction,/home/tchowdh4/sensor_recovery_project/logs/extracted_csv/baseline_05_mixed_maneuver_ATT.csv,/home/tchowdh4/sensor_recovery_project/prediction_results_v9_trained_hybrid/baseline_05_mixed_maneuver_ATT_trained_hybrid_prediction_outputs.csv
15.600424,baseline_05_mixed_maneuver,Pitch,bias,0.038788,1,0.1069839745759964,0.1457719745759964,0.1087663918733597,0.037005582702636694,0.037005582702636694,0.009697,1,10.0,0.03779876555252078,1,1,1,W10_N3_mean1.5x,10,3,1.5,1909,Pitch_hybrid_prediction,/home/tchowdh4/sensor_recovery_project/logs/extracted_csv/baseline_05_mixed_maneuver_ATT.csv,/home/tchowdh4/sensor_recovery_project/prediction_results_v9_trained_hybrid/baseline_05_mixed_maneuver_ATT_trained_hybrid_prediction_outputs.csv
15.700384,baseline_05_mixed_maneuver,Pitch,bias,0.038788,1,0.109417513012886,0.148205513012886,0.1112426668405532,0.03696284617233281,0.03696284617233281,0.009697,1,10.0,0.037327780266583,1,1,1,W10_N3_mean1.5x,10,3,1.5,1909,Pitch_hybrid_prediction,/home/tchowdh4/sensor_recovery_project/logs/extracted_csv/baseline_05_mixed_maneuver_ATT.csv,/home/tchowdh4/sensor_recovery_project/prediction_results_v9_trained_hybrid/baseline_05_mixed_maneuver_ATT_trained_hybrid_prediction_outputs.csv
15.800344,baseline_05_mixed_maneuver,Pitch,bias,0.038788,1,0.1071218401193618,0.1459098401193618,0.1054000854492186,0.040509754670143214,0.040509754670143214,0.009697,1,10.0,0.037364677963137666,1,1,1,W10_N3_mean1.5x,10,3,1.5,1909,Pitch_hybrid_prediction,/home/tchowdh4/sensor_recovery_project/logs/extracted_csv/baseline_05_mixed_maneuver_ATT.csv,/home/tchowdh4/sensor_recovery_project/prediction_results_v9_trained_hybrid/baseline_05_mixed_maneuver_ATT_trained_hybrid_prediction_outputs.csv
15.900304,baseline_05_mixed_maneuver,Pitch,bias,0.038788,1,0.106035865843296,0.14482386584329598,0.1052213851362466,0.03960248070704939,0.03960248070704939,0.009697,1,10.0,0.03744286603230241,1,1,1,W10_N3_mean1.5x,10,3,1.5,1909,Pitch_hybrid_prediction,/home/tchowdh4/sensor_recovery_project/logs/extracted_csv/baseline_05_mixed_maneuver_ATT.csv,/home/tchowdh4/sensor_recovery_project/prediction_results_v9_trained_hybrid/baseline_05_mixed_maneuver_ATT_trained_hybrid_prediction_outputs.csv
16.000264,baseline_05_mixed_maneuver,Pitch,bias,0.038788,1,0.1040830686688423,0.1428710686688423,0.102618470788002,0.040252597880840305,0.040252597880840305,0.009697,1,10.0,0.0381067250569463,1,1,1,W10_N3_mean1.5x,10,3,1.5,1909,Pitch_hybrid_prediction,/home/tchowdh4/sensor_recovery_project/logs/extracted_csv/baseline_05_mixed_maneuver_ATT.csv,/home/tchowdh4/sensor_recovery_project/prediction_results_v9_trained_hybrid/baseline_05_mixed_maneuver_ATT_trained_hybrid_prediction_outputs.csv
16.100224,baseline_05_mixed_maneuver,Pitch,bias,0.038788,1,0.1028347536921501,0.1416227536921501,0.1018985174596309,0.03972423623251921,0.03972423623251921,0.009697,1,10.0,0.038660181564569504,1,1,1,W10_N3_mean1.5x,10,3,1.5,1909,Pitch_hybrid_prediction,/home/tchowdh4/sensor_recovery_project/logs/extracted_csv/baseline_05_mixed_maneuver_ATT.csv,/home/tchowdh4/sensor_recovery_project/prediction_results_v9_trained_hybrid/baseline_05_mixed_maneuver_ATT_trained_hybrid_prediction_outputs.csv
16.200184,baseline_05_mixed_maneuver,Pitch,bias,0.038788,1,0.1017141044139862,0.1405021044139862,0.1008736174553632,0.03962848695862299,0.03962848695862299,0.009697,1,10.0,0.039248212863981766,1,1,1,W10_N3_mean1.5x,10,3,1.5,1909,Pitch_hybrid_prediction,/home/tchowdh4/sensor_recovery_project/logs/extracted_csv/baseline_05_mixed_maneuver_ATT.csv,/home/tchowdh4/sensor_recovery_project/prediction_results_v9_trained_hybrid/baseline_05_mixed_maneuver_ATT_trained_hybrid_prediction_outputs.csv
16.300144,baseline_05_mixed_maneuver,Pitch,bias,0.038788,1,0.1038507744669914,0.1426387744669914,0.1054532770067452,0.037185497460246214,0.037185497460246214,0.009697,1,10.0,0.03914688012498622,1,1,1,W10_N3_mean1.5x,10,3,1.5,1909,Pitch_hybrid_prediction,/home/tchowdh4/sensor_recovery_project/logs/extracted_csv/baseline_05_mixed_maneuver_ATT.csv,/home/tchowdh4/sensor_recovery_project/prediction_results_v9_trained_hybrid/baseline_05_mixed_maneuver_ATT_trained_hybrid_prediction_outputs.csv
16.400104,baseline_05_mixed_maneuver,Pitch,bias,0.038788,1,0.1068557351827621,0.1456437351827621,0.1091094557195901,0.036534279463172004,0.036534279463172004,0.009697,1,10.0,0.03874152458208805,1,1,1,W10_N3_mean1.5x,10,3,1.5,1909,Pitch_hybrid_prediction,/home/tchowdh4/sensor_recovery_project/logs/extracted_csv/baseline_05_mixed_maneuver_ATT.csv,/home/tchowdh4/sensor_recovery_project/prediction_results_v9_trained_hybrid/baseline_05_mixed_maneuver_ATT_trained_hybrid_prediction_outputs.csv
16.500064,baseline_05_mixed_maneuver,Pitch,bias,0.038788,1,0.1062112674117088,0.14499926741170882,0.1057279165834188,0.039271350828290016,0.039271350828290016,0.009697,1,10.0,0.038667711307585284,1,1,1,W10_N3_mean1.5x,10,3,1.5,1909,Pitch_hybrid_prediction,/home/tchowdh4/sensor_recovery_project/logs/extracted_csv/baseline_05_mixed_maneuver_ATT.csv,/home/tchowdh4/sensor_recovery_project/prediction_results_v9_trained_hybrid/baseline_05_mixed_maneuver_ATT_trained_hybrid_prediction_outputs.csv
16.600024,baseline_05_mixed_maneuver,Pitch,bias,0.038788,1,0.1047695055603981,0.1435575055603981,0.103688184171915,0.03986932138848309,0.03986932138848309,0.009697,1,10.0,0.038954085176169925,1,1,1,W10_N3_mean1.5x,10,3,1.5,1909,Pitch_hybrid_prediction,/home/tchowdh4/sensor_recovery_project/logs/extracted_csv/baseline_05_mixed_maneuver_ATT.csv,/home/tchowdh4/sensor_recovery_project/prediction_results_v9_trained_hybrid/baseline_05_mixed_maneuver_ATT_trained_hybrid_prediction_outputs.csv
16.699984,baseline_05_mixed_maneuver,Pitch,bias,0.038788,1,0.0953441709280014,0.1341321709280014,0.0882751699537038,0.045857000974297596,0.045857000974297596,0.009697,1,10.0,0.0398435006563664,1,1,1,W10_N3_mean1.5x,10,3,1.5,1909,Pitch_hybrid_prediction,/home/tchowdh4/sensor_recovery_project/logs/extracted_csv/baseline_05_mixed_maneuver_ATT.csv,/home/tchowdh4/sensor_recovery_project/prediction_results_v9_trained_hybrid/baseline_05_mixed_maneuver_ATT_trained_hybrid_prediction_outputs.csv
16.799944,baseline_05_mixed_maneuver,Pitch,bias,0.038788,1,0.0876814723014831,0.1264694723014831,0.0819344483315943,0.04453502396988879,0.04453502396988879,0.009697,1,10.0,0.04024602758634096,1,1,1,W10_N3_mean1.5x,10,3,1.5,1909,Pitch_hybrid_prediction,/home/tchowdh4/sensor_recovery_project/logs/extracted_csv/baseline_05_mixed_maneuver_ATT.csv,/home/tchowdh4/sensor_recovery_project/prediction_results_v9_trained_hybrid/baseline_05_mixed_maneuver_ATT_trained_hybrid_prediction_outputs.csv
16.899904,baseline_05_mixed_maneuver,Pitch,bias,0.038788,1,0.093923807144165,0.132711807144165,0.0986055582761764,0.0341062488679886,0.0341062488679886,0.009697,1,10.0,0.03969640440243488,1,1,1,W10_N3_mean1.5x,10,3,1.5,1909,Pitch_hybrid_prediction,/home/tchowdh4/sensor_recovery_project/logs/extracted_csv/baseline_05_mixed_maneuver_ATT.csv,/home/tchowdh4/sensor_recovery_project/prediction_results_v9_trained_hybrid/baseline_05_mixed_maneuver_ATT_trained_hybrid_prediction_outputs.csv
16.999864,baseline_05_mixed_maneuver,Pitch,bias,0.038788,1,0.097663328051567,0.136451328051567,0.1004679687321185,0.035983359319448516,0.035983359319448516,0.009697,1,10.0,0.0392694805462957,1,1,1,W10_N3_mean1.5x,10,3,1.5,1909,Pitch_hybrid_prediction,/home/tchowdh4/sensor_recovery_project/logs/extracted_csv/baseline_05_mixed_maneuver_ATT.csv,/home/tchowdh4/sensor_recovery_project/prediction_results_v9_trained_hybrid/baseline_05_mixed_maneuver_ATT_trained_hybrid_prediction_outputs.csv
17.099824,baseline_05_mixed_maneuver,Pitch,bias,0.038788,1,0.0991624519228935,0.1379504519228935,0.1002867948263883,0.03766365709650521,0.03766365709650521,0.009697,1,10.0,0.0390634226326943,1,1,1,W10_N3_mean1.5x,10,3,1.5,1909,Pitch_hybrid_prediction,/home/tchowdh4/sensor_recovery_project/logs/extracted_csv/baseline_05_mixed_maneuver_ATT.csv,/home/tchowdh4/sensor_recovery_project/prediction_results_v9_trained_hybrid/baseline_05_mixed_maneuver_ATT_trained_hybrid_prediction_outputs.csv
17.200617,baseline_05_mixed_maneuver,Pitch,bias,0.038788,1,0.103077083826065,0.141865083826065,0.1060130577534436,0.03585202607262139,0.03585202607262139,0.009697,1,10.0,0.03868577654409414,1,1,1,W10_N3_mean1.5x,10,3,1.5,1909,Pitch_hybrid_prediction,/home/tchowdh4/sensor_recovery_project/logs/extracted_csv/baseline_05_mixed_maneuver_ATT.csv,/home/tchowdh4/sensor_recovery_project/prediction_results_v9_trained_hybrid/baseline_05_mixed_maneuver_ATT_trained_hybrid_prediction_outputs.csv
17.300577,baseline_05_mixed_maneuver,Pitch,bias,0.038788,1,0.0982493758201599,0.1370373758201599,0.094628594815731,0.04240878100442891,0.04240878100442891,0.009697,1,10.0,0.03920810489851241,1,1,1,W10_N3_mean1.5x,10,3,1.5,1909,Pitch_hybrid_prediction,/home/tchowdh4/sensor_recovery_project/logs/extracted_csv/baseline_05_mixed_maneuver_ATT.csv,/home/tchowdh4/sensor_recovery_project/prediction_results_v9_trained_hybrid/baseline_05_mixed_maneuver_ATT_trained_hybrid_prediction_outputs.csv
17.400537,baseline_05_mixed_maneuver,Pitch,bias,0.038788,1,0.0931998714804649,0.1319878714804649,0.0894127432256936,0.04257512825477129,0.04257512825477129,0.009697,1,10.0,0.039812189777672334,1,1,1,W10_N3_mean1.5x,10,3,1.5,1909,Pitch_hybrid_prediction,/home/tchowdh4/sensor_recovery_project/logs/extracted_csv/baseline_05_mixed_maneuver_ATT.csv,/home/tchowdh4/sensor_recovery_project/prediction_results_v9_trained_hybrid/baseline_05_mixed_maneuver_ATT_trained_hybrid_prediction_outputs.csv
17.500497,baseline_05_mixed_maneuver,Pitch,bias,0.038788,1,0.0985663384199142,0.1373543384199142,0.1025911886245011,0.034763149795413104,0.034763149795413104,0.009697,1,10.0,0.03936136967438465,1,1,1,W10_N3_mean1.5x,10,3,1.5,1909,Pitch_hybrid_prediction,/home/tchowdh4/sensor_recovery_project/logs/extracted_csv/baseline_05_mixed_maneuver_ATT.csv,/home/tchowdh4/sensor_recovery_project/prediction_results_v9_trained_hybrid/baseline_05_mixed_maneuver_ATT_trained_hybrid_prediction_outputs.csv
17.600457,baseline_05_mixed_maneuver,Pitch,bias,0.038788,1,0.1013091206550598,0.1400971206550598,0.103366207331419,0.0367309133236408,0.0367309133236408,0.009697,1,10.0,0.03904752886790042,1,1,1,W10_N3_mean1.5x,10,3,1.5,1909,Pitch_hybrid_prediction,/home/tchowdh4/sensor_recovery_project/logs/extracted_csv/baseline_05_mixed_maneuver_ATT.csv,/home/tchowdh4/sensor_recovery_project/prediction_results_v9_trained_hybrid/baseline_05_mixed_maneuver_ATT_trained_hybrid_prediction_outputs.csv
17.700417,baseline_05_mixed_maneuver,Pitch,bias,0.038788,1,0.1048277467489242,0.1436157467489242,0.1074667163193225,0.036149030429601686,0.036149030429601686,0.009697,1,10.0,0.03807673181343083,1,1,1,W10_N3_mean1.5x,10,3,1.5,1909,Pitch_hybrid_prediction,/home/tchowdh4/sensor_recovery_project/logs/extracted_csv/baseline_05_mixed_maneuver_ATT.csv,/home/tchowdh4/sensor_recovery_project/prediction_results_v9_trained_hybrid/baseline_05_mixed_maneuver_ATT_trained_hybrid_prediction_outputs.csv
17.800377,baseline_05_mixed_maneuver,Pitch,bias,0.038788,1,0.1056147813796997,0.1444027813796997,0.1062050573527813,0.0381977240269184,0.0381977240269184,0.009697,1,10.0,0.03744300181913379,1,1,1,W10_N3_mean1.5x,10,3,1.5,1909,Pitch_hybrid_prediction,/home/tchowdh4/sensor_recovery_project/logs/extracted_csv/baseline_05_mixed_maneuver_ATT.csv,/home/tchowdh4/sensor_recovery_project/prediction_results_v9_trained_hybrid/baseline_05_mixed_maneuver_ATT_trained_hybrid_prediction_outputs.csv
17.900337,baseline_05_mixed_maneuver,Pitch,bias,0.038788,1,0.102890595793724,0.141678595793724,0.1008474566042422,0.040831139189481794,0.040831139189481794,0.009697,1,10.0,0.038115490851283115,1,1,1,W10_N3_mean1.5x,10,3,1.5,1909,Pitch_hybrid_prediction,/home/tchowdh4/sensor_recovery_project/logs/extracted_csv/baseline_05_mixed_maneuver_ATT.csv,/home/tchowdh4/sensor_recovery_project/prediction_results_v9_trained_hybrid/baseline_05_mixed_maneuver_ATT_trained_hybrid_prediction_outputs.csv
18.000297,baseline_05_mixed_maneuver,Pitch,bias,0.038788,1,0.1025347784161567,0.1413227784161567,0.1022679153829812,0.0390548630331755,0.0390548630331755,0.009697,1,10.0,0.038422641222655804,1,1,1,W10_N3_mean1.5x,10,3,1.5,1909,Pitch_hybrid_prediction,/home/tchowdh4/sensor_recovery_project/logs/extracted_csv/baseline_05_mixed_maneuver_ATT.csv,/home/tchowdh4/sensor_recovery_project/prediction_results_v9_trained_hybrid/baseline_05_mixed_maneuver_ATT_trained_hybrid_prediction_outputs.csv
18.100257,baseline_05_mixed_maneuver,Pitch,bias,0.038788,1,0.1009095013141632,0.1396975013141632,0.099690543487668,0.0400069578264952,0.0400069578264952,0.009697,1,10.0,0.038656971295654804,1,1,1,W10_N3_mean1.5x,10,3,1.5,1909,Pitch_hybrid_prediction,/home/tchowdh4/sensor_recovery_project/logs/extracted_csv/baseline_05_mixed_maneuver_ATT.csv,/home/tchowdh4/sensor_recovery_project/prediction_results_v9_trained_hybrid/baseline_05_mixed_maneuver_ATT_trained_hybrid_prediction_outputs.csv
18.200217,baseline_05_mixed_maneuver,Pitch,bias,0.038788,1,0.1020892485976219,0.1408772485976219,0.1029740590602159,0.03790318953740601,0.03790318953740601,0.009697,1,10.0,0.03886208764213327,1,1,1,W10_N3_mean1.5x,10,3,1.5,1909,Pitch_hybrid_prediction,/home/tchowdh4/sensor_recovery_project/logs/extracted_csv/baseline_05_mixed_maneuver_ATT.csv,/home/tchowdh4/sensor_recovery_project/prediction_results_v9_trained_hybrid/baseline_05_mixed_maneuver_ATT_trained_hybrid_prediction_outputs.csv
18.300177,baseline_05_mixed_maneuver,Pitch,bias,0.038788,1,0.1056204885244369,0.14440848852443688,0.1082689184695481,0.036139570054888784,0.036139570054888784,0.009697,1,10.0,0.038235166547179254,1,1,1,W10_N3_mean1.5x,10,3,1.5,1909,Pitch_hybrid_prediction,/home/tchowdh4/sensor_recovery_project/logs/extracted_csv/baseline_05_mixed_maneuver_ATT.csv,/home/tchowdh4/sensor_recovery_project/prediction_results_v9_trained_hybrid/baseline_05_mixed_maneuver_ATT_trained_hybrid_prediction_outputs.csv
18.400137,baseline_05_mixed_maneuver,Pitch,bias,0.038788,1,0.1069158092141151,0.1457038092141151,0.1078872997313737,0.0378165094827414,0.0378165094827414,0.009697,1,10.0,0.03775930466997627,1,1,1,W10_N3_mean1.5x,10,3,1.5,1909,Pitch_hybrid_prediction,/home/tchowdh4/sensor_recovery_project/logs/extracted_csv/baseline_05_mixed_maneuver_ATT.csv,/home/tchowdh4/sensor_recovery_project/prediction_results_v9_trained_hybrid/baseline_05_mixed_maneuver_ATT_trained_hybrid_prediction_outputs.csv
18.500097,baseline_05_mixed_maneuver,Pitch,bias,0.038788,1,0.1031155064702034,0.1419035064702034,0.1002652794122696,0.04163822705793378,0.04163822705793378,0.009697,1,10.0,0.03844681239622834,1,1,1,W10_N3_mean1.5x,10,3,1.5,1909,Pitch_hybrid_prediction,/home/tchowdh4/sensor_recovery_project/logs/extracted_csv/baseline_05_mixed_maneuver_ATT.csv,/home/tchowdh4/sensor_recovery_project/prediction_results_v9_trained_hybrid/baseline_05_mixed_maneuver_ATT_trained_hybrid_prediction_outputs.csv
18.600057,baseline_05_mixed_maneuver,Pitch,bias,0.038788,1,0.1013722047209739,0.1401602047209739,0.1000647284090517,0.0400954763119222,0.0400954763119222,0.009697,1,10.0,0.03878326869505648,1,1,1,W10_N3_mean1.5x,10,3,1.5,1909,Pitch_hybrid_prediction,/home/tchowdh4/sensor_recovery_project/logs/extracted_csv/baseline_05_mixed_maneuver_ATT.csv,/home/tchowdh4/sensor_recovery_project/prediction_results_v9_trained_hybrid/baseline_05_mixed_maneuver_ATT_trained_hybrid_prediction_outputs.csv
18.700017,baseline_05_mixed_maneuver,Pitch,bias,0.038788,1,0.0965497866272926,0.13533778662729262,0.0929329730570316,0.04240481357026102,0.04240481357026102,0.009697,1,10.0,0.03940884700912241,1,1,1,W10_N3_mean1.5x,10,3,1.5,1909,Pitch_hybrid_prediction,/home/tchowdh4/sensor_recovery_project/logs/extracted_csv/baseline_05_mixed_maneuver_ATT.csv,/home/tchowdh4/sensor_recovery_project/prediction_results_v9_trained_hybrid/baseline_05_mixed_maneuver_ATT_trained_hybrid_prediction_outputs.csv
18.799977,baseline_05_mixed_maneuver,Pitch,bias,0.038788,1,0.0927797704935073,0.13156777049350732,0.0899522583931683,0.04161551210033902,0.04161551210033902,0.009697,1,10.0,0.03975062581646448,1,1,1,W10_N3_mean1.5x,10,3,1.5,1909,Pitch_hybrid_prediction,/home/tchowdh4/sensor_recovery_project/logs/extracted_csv/baseline_05_mixed_maneuver_ATT.csv,/home/tchowdh4/sensor_recovery_project/prediction_results_v9_trained_hybrid/baseline_05_mixed_maneuver_ATT_trained_hybrid_prediction_outputs.csv
18.899937,baseline_05_mixed_maneuver,Pitch,bias,0.038788,1,0.0912716835737228,0.1300596835737228,0.0901406183838844,0.0399190651898384,0.0399190651898384,0.009697,1,10.0,0.03965941841650013,1,1,1,W10_N3_mean1.5x,10,3,1.5,1909,Pitch_hybrid_prediction,/home/tchowdh4/sensor_recovery_project/logs/extracted_csv/baseline_05_mixed_maneuver_ATT.csv,/home/tchowdh4/sensor_recovery_project/prediction_results_v9_trained_hybrid/baseline_05_mixed_maneuver_ATT_trained_hybrid_prediction_outputs.csv
18.999897,baseline_05_mixed_maneuver,Pitch,bias,0.038788,1,0.0856645628809928,0.12445256288099281,0.0814592223614453,0.04299334051954751,0.04299334051954751,0.009697,1,10.0,0.04005326616513734,1,1,1,W10_N3_mean1.5x,10,3,1.5,1909,Pitch_hybrid_prediction,/home/tchowdh4/sensor_recovery_project/logs/extracted_csv/baseline_05_mixed_maneuver_ATT.csv,/home/tchowdh4/sensor_recovery_project/prediction_results_v9_trained_hybrid/baseline_05_mixed_maneuver_ATT_trained_hybrid_prediction_outputs.csv
19.099857,baseline_05_mixed_maneuver,Pitch,bias,0.038788,1,0.079021118581295,0.117809118581295,0.0740385353565216,0.043770583224773396,0.043770583224773396,0.009697,1,10.0,0.04042962870496515,1,1,1,W10_N3_mean1.5x,10,3,1.5,1909,Pitch_hybrid_prediction,/home/tchowdh4/sensor_recovery_project/logs/extracted_csv/baseline_05_mixed_maneuver_ATT.csv,/home/tchowdh4/sensor_recovery_project/prediction_results_v9_trained_hybrid/baseline_05_mixed_maneuver_ATT_trained_hybrid_prediction_outputs.csv
19.199817,baseline_05_mixed_maneuver,Pitch,bias,0.038788,1,0.0774929225444793,0.1162809225444793,0.0763467755168675,0.039934147027611805,0.039934147027611805,0.009697,1,10.0,0.04063272445398573,1,1,1,W10_N3_mean1.5x,10,3,1.5,1909,Pitch_hybrid_prediction,/home/tchowdh4/sensor_recovery_project/logs/extracted_csv/baseline_05_mixed_maneuver_ATT.csv,/home/tchowdh4/sensor_recovery_project/prediction_results_v9_trained_hybrid/baseline_05_mixed_maneuver_ATT_trained_hybrid_prediction_outputs.csv
19.30061,baseline_05_mixed_maneuver,Pitch,bias,0.038788,1,0.0724250376224517,0.1112130376224517,0.068624123930931,0.04258891369152071,0.04258891369152071,0.009697,1,10.0,0.04127765881764893,1,1,1,W10_N3_mean1.5x,10,3,1.5,1909,Pitch_hybrid_prediction,/home/tchowdh4/sensor_recovery_project/logs/extracted_csv/baseline_05_mixed_maneuver_ATT.csv,/home/tchowdh4/sensor_recovery_project/prediction_results_v9_trained_hybrid/baseline_05_mixed_maneuver_ATT_trained_hybrid_prediction_outputs.csv
19.40057,baseline_05_mixed_maneuver,Pitch,bias,0.038788,1,0.0711455345153808,0.1099335345153808,0.0701859071850776,0.03974762733030321,0.03974762733030321,0.009697,1,10.0,0.0414707706024051,1,1,1,W10_N3_mean1.5x,10,3,1.5,1909,Pitch_hybrid_prediction,/home/tchowdh4/sensor_recovery_project/logs/extracted_csv/baseline_05_mixed_maneuver_ATT.csv,/home/tchowdh4/sensor_recovery_project/prediction_results_v9_trained_hybrid/baseline_05_mixed_maneuver_ATT_trained_hybrid_prediction_outputs.csv
19.50053,baseline_05_mixed_maneuver,Pitch,bias,0.038788,1,0.0665530562400817,0.1053410562400817,0.0631086975336073,0.042232358706474404,0.042232358706474404,0.009697,1,10.0,0.041530183767259164,1,1,1,W10_N3_mean1.5x,10,3,1.5,1909,Pitch_hybrid_prediction,/home/tchowdh4/sensor_recovery_project/logs/extracted_csv/baseline_05_mixed_maneuver_ATT.csv,/home/tchowdh4/sensor_recovery_project/prediction_results_v9_trained_hybrid/baseline_05_mixed_maneuver_ATT_trained_hybrid_prediction_outputs.csv
19.60049,baseline_05_mixed_maneuver,Pitch,bias,0.038788,1,0.0625377595424652,0.1013257595424652,0.0595262870192528,0.0417994725232124,0.0417994725232124,0.009697,1,10.0,0.04170058338838818,1,1,1,W10_N3_mean1.5x,10,3,1.5,1909,Pitch_hybrid_prediction,/home/tchowdh4/sensor_recovery_project/logs/extracted_csv/baseline_05_mixed_maneuver_ATT.csv,/home/tchowdh4/sensor_recovery_project/prediction_results_v9_trained_hybrid/baseline_05_mixed_maneuver_ATT_trained_hybrid_prediction_outputs.csv
19.70045,baseline_05_mixed_maneuver,Pitch,bias,0.038788,1,0.0650022029876709,0.1037902029876709,0.0668505355715751,0.036939667416095806,0.036939667416095806,0.009697,1,10.0,0.04115406877297167,1,1,1,W10_N3_mean1.5x,10,3,1.5,1909,Pitch_hybrid_prediction,/home/tchowdh4/sensor_recovery_project/logs/extracted_csv/baseline_05_mixed_maneuver_ATT.csv,/home/tchowdh4/sensor_recovery_project/prediction_results_v9_trained_hybrid/baseline_05_mixed_maneuver_ATT_trained_hybrid_prediction_outputs.csv
19.80041,baseline_05_mixed_maneuver,Pitch,bias,0.038788,1,0.0682591646909713,0.10704716469097131,0.0707018859684466,0.0363452787225247,0.0363452787225247,0.009697,1,10.0,0.04062704543519023,1,1,1,W10_N3_mean1.5x,10,3,1.5,1909,Pitch_hybrid_prediction,/home/tchowdh4/sensor_recovery_project/logs/extracted_csv/baseline_05_mixed_maneuver_ATT.csv,/home/tchowdh4/sensor_recovery_project/prediction_results_v9_trained_hybrid/baseline_05_mixed_maneuver_ATT_trained_hybrid_prediction_outputs.csv
19.90037,baseline_05_mixed_maneuver,Pitch,bias,0.038788,1,0.0706239193677902,0.1094119193677902,0.0723974853754043,0.037014433992385895,0.037014433992385895,0.009697,1,10.0,0.040336582315444985,1,1,1,W10_N3_mean1.5x,10,3,1.5,1909,Pitch_hybrid_prediction,/home/tchowdh4/sensor_recovery_project/logs/extracted_csv/baseline_05_mixed_maneuver_ATT.csv,/home/tchowdh4/sensor_recovery_project/prediction_results_v9_trained_hybrid/baseline_05_mixed_maneuver_ATT_trained_hybrid_prediction_outputs.csv
20.00033,baseline_05_mixed_maneuver,Pitch,bias,0.038788,1,0.0717016458511352,0.1104896458511352,0.0725099407136439,0.0379797051374913,0.0379797051374913,0.009697,1,10.0,0.03983521877723936,1,1,1,W10_N3_mean1.5x,10,3,1.5,1909,Pitch_hybrid_prediction,/home/tchowdh4/sensor_recovery_project/logs/extracted_csv/baseline_05_mixed_maneuver_ATT.csv,/home/tchowdh4/sensor_recovery_project/prediction_results_v9_trained_hybrid/baseline_05_mixed_maneuver_ATT_trained_hybrid_prediction_outputs.csv
20.10029,baseline_05_mixed_maneuver,Pitch,bias,0.038788,1,0.0741746053099632,0.1129626053099632,0.0760293249040842,0.036933280405878996,0.036933280405878996,0.009697,1,10.0,0.039151488495349926,1,1,1,W10_N3_mean1.5x,10,3,1.5,1909,Pitch_hybrid_prediction,/home/tchowdh4/sensor_recovery_project/logs/extracted_csv/baseline_05_mixed_maneuver_ATT.csv,/home/tchowdh4/sensor_recovery_project/prediction_results_v9_trained_hybrid/baseline_05_mixed_maneuver_ATT_trained_hybrid_prediction_outputs.csv
20.20025,baseline_05_mixed_maneuver,Pitch,bias,0.038788,1,0.0792819559574127,0.11806995595741271,0.0831124689429998,0.03495748701441291,0.03495748701441291,0.009697,1,10.0,0.03865382249403003,1,1,1,W10_N3_mean1.5x,10,3,1.5,1909,Pitch_hybrid_prediction,/home/tchowdh4/sensor_recovery_project/logs/extracted_csv/baseline_05_mixed_maneuver_ATT.csv,/home/tchowdh4/sensor_recovery_project/prediction_results_v9_trained_hybrid/baseline_05_mixed_maneuver_ATT_trained_hybrid_prediction_outputs.csv
20.30021,baseline_05_mixed_maneuver,Pitch,bias,0.038788,1,0.0833630040287971,0.1221510040287971,0.0864237900823353,0.03572721394646179,0.03572721394646179,0.009697,1,10.0,0.037967652519524143,1,1,1,W10_N3_mean1.5x,10,3,1.5,1909,Pitch_hybrid_prediction,/home/tchowdh4/sensor_recovery_project/logs/extracted_csv/baseline_05_mixed_maneuver_ATT.csv,/home/tchowdh4/sensor_recovery_project/prediction_results_v9_trained_hybrid/baseline_05_mixed_maneuver_ATT_trained_hybrid_prediction_outputs.csv
20.40017,baseline_05_mixed_maneuver,Pitch,bias,0.038788,1,0.0902801230549812,0.12906812305498122,0.0954679623246193,0.03360016073036193,0.03360016073036193,0.009697,1,10.0,0.03735290585953001,1,1,1,W10_N3_mean1.5x,10,3,1.5,1909,Pitch_hybrid_prediction,/home/tchowdh4/sensor_recovery_project/logs/extracted_csv/baseline_05_mixed_maneuver_ATT.csv,/home/tchowdh4/sensor_recovery_project/prediction_results_v9_trained_hybrid/baseline_05_mixed_maneuver_ATT_trained_hybrid_prediction_outputs.csv
20.50013,baseline_05_mixed_maneuver,Pitch,bias,0.038788,1,0.0912568718194961,0.1300448718194961,0.0919894333928822,0.038055438426613894,0.038055438426613894,0.009697,1,10.0,0.03693521383154396,1,1,1,W10_N3_mean1.5x,10,3,1.5,1909,Pitch_hybrid_prediction,/home/tchowdh4/sensor_recovery_project/logs/extracted_csv/baseline_05_mixed_maneuver_ATT.csv,/home/tchowdh4/sensor_recovery_project/prediction_results_v9_trained_hybrid/baseline_05_mixed_maneuver_ATT_trained_hybrid_prediction_outputs.csv
20.60009,baseline_05_mixed_maneuver,Pitch,bias,0.038788,1,0.0909635946154594,0.1297515946154594,0.0907436367124318,0.03900795790302761,0.03900795790302761,0.009697,1,10.0,0.03665606236952548,1,1,1,W10_N3_mean1.5x,10,3,1.5,1909,Pitch_hybrid_prediction,/home/tchowdh4/sensor_recovery_project/logs/extracted_csv/baseline_05_mixed_maneuver_ATT.csv,/home/tchowdh4/sensor_recovery_project/prediction_results_v9_trained_hybrid/baseline_05_mixed_maneuver_ATT_trained_hybrid_prediction_outputs.csv
20.70005,baseline_05_mixed_maneuver,Pitch,bias,0.038788,1,0.0910608991980552,0.1298488991980552,0.091133877635002,0.038715021563053204,0.038715021563053204,0.009697,1,10.0,0.036833597784221225,1,1,1,W10_N3_mean1.5x,10,3,1.5,1909,Pitch_hybrid_prediction,/home/tchowdh4/sensor_recovery_project/logs/extracted_csv/baseline_05_mixed_maneuver_ATT.csv,/home/tchowdh4/sensor_recovery_project/prediction_results_v9_trained_hybrid/baseline_05_mixed_maneuver_ATT_trained_hybrid_prediction_outputs.csv
20.80001,baseline_05_mixed_maneuver,Pitch,bias,0.038788,1,0.0904125720262527,0.1292005720262527,0.0899263266474008,0.03927424537885191,0.03927424537885191,0.009697,1,10.0,0.03712649444985394,1,1,1,W10_N3_mean1.5x,10,3,1.5,1909,Pitch_hybrid_prediction,/home/tchowdh4/sensor_recovery_project/logs/extracted_csv/baseline_05_mixed_maneuver_ATT.csv,/home/tchowdh4/sensor_recovery_project/prediction_results_v9_trained_hybrid/baseline_05_mixed_maneuver_ATT_trained_hybrid_prediction_outputs.csv
20.89997,baseline_05_mixed_maneuver,Pitch,bias,0.038788,1,0.0934909954667091,0.1322789954667091,0.0957998130470513,0.036479182419657794,0.036479182419657794,0.009697,1,10.0,0.03707296929258113,1,1,1,W10_N3_mean1.5x,10,3,1.5,1909,Pitch_hybrid_prediction,/home/tchowdh4/sensor_recovery_project/logs/extracted_csv/baseline_05_mixed_maneuver_ATT.csv,/home/tchowdh4/sensor_recovery_project/prediction_results_v9_trained_hybrid/baseline_05_mixed_maneuver_ATT_trained_hybrid_prediction_outputs.csv
20.99993,baseline_05_mixed_maneuver,Pitch,bias,0.038788,1,0.0966186001896858,0.1354066001896858,0.0989643037319183,0.03644229645776752,0.03644229645776752,0.009697,1,10.0,0.036919228424608756,1,1,1,W10_N3_mean1.5x,10,3,1.5,1909,Pitch_hybrid_prediction,/home/tchowdh4/sensor_recovery_project/logs/extracted_csv/baseline_05_mixed_maneuver_ATT.csv,/home/tchowdh4/sensor_recovery_project/prediction_results_v9_trained_hybrid/baseline_05_mixed_maneuver_ATT_trained_hybrid_prediction_outputs.csv
21.09989,baseline_05_mixed_maneuver,Pitch,bias,0.038788,1,0.0977218300104141,0.1365098300104141,0.0985492523759603,0.03796057763445382,0.03796057763445382,0.009697,1,10.0,0.03702195814746624,1,1,1,W10_N3_mean1.5x,10,3,1.5,1909,Pitch_hybrid_prediction,/home/tchowdh4/sensor_recovery_project/logs/extracted_csv/baseline_05_mixed_maneuver_ATT.csv,/home/tchowdh4/sensor_recovery_project/prediction_results_v9_trained_hybrid/baseline_05_mixed_maneuver_ATT_trained_hybrid_prediction_outputs.csv
21.19985,baseline_05_mixed_maneuver,Pitch,bias,0.038788,1,0.0976924896240234,0.1364804896240234,0.0976704843342303,0.0388100052897931,0.0388100052897931,0.009697,1,10.0,0.037407209975004255,1,1,1,W10_N3_mean1.5x,10,3,1.5,1909,Pitch_hybrid_prediction,/home/tchowdh4/sensor_recovery_project/logs/extracted_csv/baseline_05_mixed_maneuver_ATT.csv,/home/tchowdh4/sensor_recovery_project/prediction_results_v9_trained_hybrid/baseline_05_mixed_maneuver_ATT_trained_hybrid_prediction_outputs.csv
21.29981,baseline_05_mixed_maneuver,Pitch,bias,0.038788,1,0.0947209820151329,0.1335089820151329,0.092492351308465,0.04101663070666789,0.04101663070666789,0.009697,1,10.0,0.03793615165102486,1,1,1,W10_N3_mean1.5x,10,3,1.5,1909,Pitch_hybrid_prediction,/home/tchowdh4/sensor_recovery_project/logs/extracted_csv/baseline_05_mixed_maneuver_ATT.csv,/home/tchowdh4/sensor_recovery_project/prediction_results_v9_trained_hybrid/baseline_05_mixed_maneuver_ATT_trained_hybrid_prediction_outputs.csv
21.400603,baseline_05_mixed_maneuver,Pitch,bias,0.038788,1,0.0970020070672035,0.1357900070672035,0.0987127758562564,0.03707723121094711,0.03707723121094711,0.009697,1,10.0,0.038283858699083385,1,1,1,W10_N3_mean1.5x,10,3,1.5,1909,Pitch_hybrid_prediction,/home/tchowdh4/sensor_recovery_project/logs/extracted_csv/baseline_05_mixed_maneuver_ATT.csv,/home/tchowdh4/sensor_recovery_project/prediction_results_v9_trained_hybrid/baseline_05_mixed_maneuver_ATT_trained_hybrid_prediction_outputs.csv
21.500563,baseline_05_mixed_maneuver,Pitch,bias,0.038788,1,0.0950966402888298,0.1338846402888298,0.0936676152050495,0.04021702508378029,0.04021702508378029,0.009697,1,10.0,0.03850001736480002,1,1,1,W10_N3_mean1.5x,10,3,1.5,1909,Pitch_hybrid_prediction,/home/tchowdh4/sensor_recovery_project/logs/extracted_csv/baseline_05_mixed_maneuver_ATT.csv,/home/tchowdh4/sensor_recovery_project/prediction_results_v9_trained_hybrid/baseline_05_mixed_maneuver_ATT_trained_hybrid_prediction_outputs.csv
21.600523,baseline_05_mixed_maneuver,Pitch,bias,0.038788,1,0.0946520045399665,0.13344000453996652,0.094318527728319,0.039121476811647515,0.039121476811647515,0.009697,1,10.0,0.038511369255662016,1,1,1,W10_N3_mean1.5x,10,3,1.5,1909,Pitch_hybrid_prediction,/home/tchowdh4/sensor_recovery_project/logs/extracted_csv/baseline_05_mixed_maneuver_ATT.csv,/home/tchowdh4/sensor_recovery_project/prediction_results_v9_trained_hybrid/baseline_05_mixed_maneuver_ATT_trained_hybrid_prediction_outputs.csv
21.700483,baseline_05_mixed_maneuver,Pitch,bias,0.038788,1,0.0959173515439033,0.13470535154390328,0.0968663617968558,0.03783898974704748,0.03783898974704748,0.009697,1,10.0,0.038423766074061436,1,1,1,W10_N3_mean1.5x,10,3,1.5,1909,Pitch_hybrid_prediction,/home/tchowdh4/sensor_recovery_project/logs/extracted_csv/baseline_05_mixed_maneuver_ATT.csv,/home/tchowdh4/sensor_recovery_project/prediction_results_v9_trained_hybrid/baseline_05_mixed_maneuver_ATT_trained_hybrid_prediction_outputs.csv
21.800443,baseline_05_mixed_maneuver,Pitch,bias,0.038788,1,0.0934957340359687,0.13228373403596871,0.0916795209050177,0.040604213130951014,0.040604213130951014,0.009697,1,10.0,0.038556762849271356,1,1,1,W10_N3_mean1.5x,10,3,1.5,1909,Pitch_hybrid_prediction,/home/tchowdh4/sensor_recovery_project/logs/extracted_csv/baseline_05_mixed_maneuver_ATT.csv,/home/tchowdh4/sensor_recovery_project/prediction_results_v9_trained_hybrid/baseline_05_mixed_maneuver_ATT_trained_hybrid_prediction_outputs.csv
21.900403,baseline_05_mixed_maneuver,Pitch,bias,0.038788,1,0.0945114344358444,0.1332994344358444,0.0952732097357511,0.038026224700093314,0.038026224700093314,0.009697,1,10.0,0.038711467077314904,1,1,1,W10_N3_mean1.5x,10,3,1.5,1909,Pitch_hybrid_prediction,/home/tchowdh4/sensor_recovery_project/logs/extracted_csv/baseline_05_mixed_maneuver_ATT.csv,/home/tchowdh4/sensor_recovery_project/prediction_results_v9_trained_hybrid/baseline_05_mixed_maneuver_ATT_trained_hybrid_prediction_outputs.csv
22.000363,baseline_05_mixed_maneuver,Pitch,bias,0.038788,1,0.0926051214337349,0.13139312143373488,0.0911753866821527,0.040217734751582176,0.040217734751582176,0.009697,1,10.0,0.03908901090669637,1,1,1,W10_N3_mean1.5x,10,3,1.5,1909,Pitch_hybrid_prediction,/home/tchowdh4/sensor_recovery_project/logs/extracted_csv/baseline_05_mixed_maneuver_ATT.csv,/home/tchowdh4/sensor_recovery_project/prediction_results_v9_trained_hybrid/baseline_05_mixed_maneuver_ATT_trained_hybrid_prediction_outputs.csv
22.100323,baseline_05_mixed_maneuver,Pitch,bias,0.038788,1,0.0962055623531341,0.1349935623531341,0.0989058930426835,0.036087669310450585,0.036087669310450585,0.009697,1,10.0,0.03890172007429605,1,1,1,W10_N3_mean1.5x,10,3,1.5,1909,Pitch_hybrid_prediction,/home/tchowdh4/sensor_recovery_project/logs/extracted_csv/baseline_05_mixed_maneuver_ATT.csv,/home/tchowdh4/sensor_recovery_project/prediction_results_v9_trained_hybrid/baseline_05_mixed_maneuver_ATT_trained_hybrid_prediction_outputs.csv
22.200283,baseline_05_mixed_maneuver,Pitch,bias,0.038788,1,0.0995333492755889,0.13832134927558892,0.10202918946743,0.03629215980815892,0.03629215980815892,0.009697,1,10.0,0.038649935526132634,1,1,1,W10_N3_mean1.5x,10,3,1.5,1909,Pitch_hybrid_prediction,/home/tchowdh4/sensor_recovery_project/logs/extracted_csv/baseline_05_mixed_maneuver_ATT.csv,/home/tchowdh4/sensor_recovery_project/prediction_results_v9_trained_hybrid/baseline_05_mixed_maneuver_ATT_trained_hybrid_prediction_outputs.csv
22.300243,baseline_05_mixed_maneuver,Pitch,bias,0.038788,1,0.1038520112633705,0.1426400112633705,0.1070910077542067,0.035549003509163804,0.035549003509163804,0.009697,1,10.0,0.03810317280638222,1,1,1,W10_N3_mean1.5x,10,3,1.5,1909,Pitch_hybrid_prediction,/home/tchowdh4/sensor_recovery_project/logs/extracted_csv/baseline_05_mixed_maneuver_ATT.csv,/home/tchowdh4/sensor_recovery_project/prediction_results_v9_trained_hybrid/baseline_05_mixed_maneuver_ATT_trained_hybrid_prediction_outputs.csv
22.400203,baseline_05_mixed_maneuver,Pitch,bias,0.038788,1,0.1027628406882286,0.1415508406882286,0.1019459627568721,0.0396048779313565,0.0396048779313565,0.009697,1,10.0,0.038355937478423155,1,1,1,W10_N3_mean1.5x,10,3,1.5,1909,Pitch_hybrid_prediction,/home/tchowdh4/sensor_recovery_project/logs/extracted_csv/baseline_05_mixed_maneuver_ATT.csv,/home/tchowdh4/sensor_recovery_project/prediction_results_v9_trained_hybrid/baseline_05_mixed_maneuver_ATT_trained_hybrid_prediction_outputs.csv
22.500163,baseline_05_mixed_maneuver,Pitch,bias,0.038788,1,0.1019889563322067,0.14077695633220672,0.1014085430651902,0.03936841326701651,0.03936841326701651,0.009697,1,10.0,0.03827107629674678,1,1,1,W10_N3_mean1.5x,10,3,1.5,1909,Pitch_hybrid_prediction,/home/tchowdh4/sensor_recovery_project/logs/extracted_csv/baseline_05_mixed_maneuver_ATT.csv,/home/tchowdh4/sensor_recovery_project/prediction_results_v9_trained_hybrid/baseline_05_mixed_maneuver_ATT_trained_hybrid_prediction_outputs.csv
22.600123,baseline_05_mixed_maneuver,Pitch,bias,0.038788,1,0.0960457399487495,0.1348337399487495,0.0915883276611566,0.043245412287592905,0.043245412287592905,0.009697,1,10.0,0.038683469844341324,1,1,1,W10_N3_mean1.5x,10,3,1.5,1909,Pitch_hybrid_prediction,/home/tchowdh4/sensor_recovery_project/logs/extracted_csv/baseline_05_mixed_maneuver_ATT.csv,/home/tchowdh4/sensor_recovery_project/prediction_results_v9_trained_hybrid/baseline_05_mixed_maneuver_ATT_trained_hybrid_prediction_outputs.csv
22.700083,baseline_05_mixed_maneuver,Pitch,bias,0.038788,1,0.0945355296134948,0.1333235296134948,0.0934028718620537,0.0399206577514411,0.0399206577514411,0.009697,1,10.0,0.03889163664478069,1,1,1,W10_N3_mean1.5x,10,3,1.5,1909,Pitch_hybrid_prediction,/home/tchowdh4/sensor_recovery_project/logs/extracted_csv/baseline_05_mixed_maneuver_ATT.csv,/home/tchowdh4/sensor_recovery_project/prediction_results_v9_trained_hybrid/baseline_05_mixed_maneuver_ATT_trained_hybrid_prediction_outputs.csv
22.800043,baseline_05_mixed_maneuver,Pitch,bias,0.038788,1,0.0961667224764823,0.1349547224764823,0.0973901171237229,0.03756460535275939,0.03756460535275939,0.009697,1,10.0,0.038587675866961525,1,1,1,W10_N3_mean1.5x,10,3,1.5,1909,Pitch_hybrid_prediction,/home/tchowdh4/sensor_recovery_project/logs/extracted_csv/baseline_05_mixed_maneuver_ATT.csv,/home/tchowdh4/sensor_recovery_project/prediction_results_v9_trained_hybrid/baseline_05_mixed_maneuver_ATT_trained_hybrid_prediction_outputs.csv
22.900003,baseline_05_mixed_maneuver,Pitch,bias,0.038788,1,0.0997791215777397,0.1385671215777397,0.1024884209036827,0.03607870067405701,0.03607870067405701,0.009697,1,10.0,0.038392923464357895,1,1,1,W10_N3_mean1.5x,10,3,1.5,1909,Pitch_hybrid_prediction,/home/tchowdh4/sensor_recovery_project/logs/extracted_csv/baseline_05_mixed_maneuver_ATT.csv,/home/tchowdh4/sensor_recovery_project/prediction_results_v9_trained_hybrid/baseline_05_mixed_maneuver_ATT_trained_hybrid_prediction_outputs.csv
22.999963,baseline_05_mixed_maneuver,Pitch,bias,0.038788,1,0.1068364083766937,0.14562440837669371,0.1121293734759092,0.03349503490078451,0.03349503490078451,0.009697,1,10.0,0.037720653479278124,1,1,1,W10_N3_mean1.5x,10,3,1.5,1909,Pitch_hybrid_prediction,/home/tchowdh4/sensor_recovery_project/logs/extracted_csv/baseline_05_mixed_maneuver_ATT.csv,/home/tchowdh4/sensor_recovery_project/prediction_results_v9_trained_hybrid/baseline_05_mixed_maneuver_ATT_trained_hybrid_prediction_outputs.csv
23.099923,baseline_05_mixed_maneuver,Pitch,bias,0.038788,1,0.1143261715769767,0.1531141715769767,0.1199434939771889,0.03317067759978781,0.03317067759978781,0.009697,1,10.0,0.037428954308211845,1,1,1,W10_N3_mean1.5x,10,3,1.5,1909,Pitch_hybrid_prediction,/home/tchowdh4/sensor_recovery_project/logs/extracted_csv/baseline_05_mixed_maneuver_ATT.csv,/home/tchowdh4/sensor_recovery_project/prediction_results_v9_trained_hybrid/baseline_05_mixed_maneuver_ATT_trained_hybrid_prediction_outputs.csv
23.199883,baseline_05_mixed_maneuver,Pitch,bias,0.038788,1,0.1177611649036407,0.1565491649036407,0.1203374098986387,0.03621175500500201,0.03621175500500201,0.009697,1,10.0,0.037420913827896155,1,1,1,W10_N3_mean1.5x,10,3,1.5,1909,Pitch_hybrid_prediction,/home/tchowdh4/sensor_recovery_project/logs/extracted_csv/baseline_05_mixed_maneuver_ATT.csv,/home/tchowdh4/sensor_recovery_project/prediction_results_v9_trained_hybrid/baseline_05_mixed_maneuver_ATT_trained_hybrid_prediction_outputs.csv
23.299843,baseline_05_mixed_maneuver,Pitch,bias,0.038788,1,0.12305149435997,0.16183949435997,0.1270192414522169,0.03482025290775309,0.03482025290775309,0.009697,1,10.0,0.03734803876775508,1,1,1,W10_N3_mean1.5x,10,3,1.5,1909,Pitch_hybrid_prediction,/home/tchowdh4/sensor_recovery_project/logs/extracted_csv/baseline_05_mixed_maneuver_ATT.csv,/home/tchowdh4/sensor_recovery_project/prediction_results_v9_trained_hybrid/baseline_05_mixed_maneuver_ATT_trained_hybrid_prediction_outputs.csv
23.399803,baseline_05_mixed_maneuver,Pitch,bias,0.038788,1,0.1221609413623809,0.16094894136238092,0.121493026614189,0.03945591474819192,0.03945591474819192,0.009697,1,10.0,0.037333142449438625,1,1,1,W10_N3_mean1.5x,10,3,1.5,1909,Pitch_hybrid_prediction,/home/tchowdh4/sensor_recovery_project/logs/extracted_csv/baseline_05_mixed_maneuver_ATT.csv,/home/tchowdh4/sensor_recovery_project/prediction_results_v9_trained_hybrid/baseline_05_mixed_maneuver_ATT_trained_hybrid_prediction_outputs.csv
23.500596,baseline_05_mixed_maneuver,Pitch,bias,0.038788,1,0.1238885223865509,0.1626765223865509,0.1251842081546784,0.03749231423187249,0.03749231423187249,0.009697,1,10.0,0.037145532545924224,1,1,1,W10_N3_mean1.5x,10,3,1.5,1909,Pitch_hybrid_prediction,/home/tchowdh4/sensor_recovery_project/logs/extracted_csv/baseline_05_mixed_maneuver_ATT.csv,/home/tchowdh4/sensor_recovery_project/prediction_results_v9_trained_hybrid/baseline_05_mixed_maneuver_ATT_trained_hybrid_prediction_outputs.csv
23.600556,baseline_05_mixed_maneuver,Pitch,bias,0.038788,1,0.1207583099603653,0.15954630996036528,0.118410650640726,0.04113565931963928,0.04113565931963928,0.009697,1,10.0,0.03693455724912886,1,1,1,W10_N3_mean1.5x,10,3,1.5,1909,Pitch_hybrid_prediction,/home/tchowdh4/sensor_recovery_project/logs/extracted_csv/baseline_05_mixed_maneuver_ATT.csv,/home/tchowdh4/sensor_recovery_project/prediction_results_v9_trained_hybrid/baseline_05_mixed_maneuver_ATT_trained_hybrid_prediction_outputs.csv
23.700516,baseline_05_mixed_maneuver,Pitch,bias,0.038788,1,0.118339292705059,0.15712729270505899,0.1165250297635792,0.04060226294147978,0.04060226294147978,0.009697,1,10.0,0.03700271776813273,1,1,1,W10_N3_mean1.5x,10,3,1.5,1909,Pitch_hybrid_prediction,/home/tchowdh4/sensor_recovery_project/logs/extracted_csv/baseline_05_mixed_maneuver_ATT.csv,/home/tchowdh4/sensor_recovery_project/prediction_results_v9_trained_hybrid/baseline_05_mixed_maneuver_ATT_trained_hybrid_prediction_outputs.csv
23.800476,baseline_05_mixed_maneuver,Pitch,bias,0.038788,1,0.1213961094617843,0.1601841094617843,0.1236887220293282,0.0364953874324561,0.0364953874324561,0.009697,1,10.0,0.036895795976102395,1,1,1,W10_N3_mean1.5x,10,3,1.5,1909,Pitch_hybrid_prediction,/home/tchowdh4/sensor_recovery_project/logs/extracted_csv/baseline_05_mixed_maneuver_ATT.csv,/home/tchowdh4/sensor_recovery_project/prediction_results_v9_trained_hybrid/baseline_05_mixed_maneuver_ATT_trained_hybrid_prediction_outputs.csv
23.900436,baseline_05_mixed_maneuver,Pitch,bias,0.038788,1,0.1192723289132118,0.1580603289132118,0.1176794935017824,0.04038083541142941,0.04038083541142941,0.009697,1,10.0,0.037326009449839645,1,1,1,W10_N3_mean1.5x,10,3,1.5,1909,Pitch_hybrid_prediction,/home/tchowdh4/sensor_recovery_project/logs/extracted_csv/baseline_05_mixed_maneuver_ATT.csv,/home/tchowdh4/sensor_recovery_project/prediction_results_v9_trained_hybrid/baseline_05_mixed_maneuver_ATT_trained_hybrid_prediction_outputs.csv
24.000396,baseline_05_mixed_maneuver,Pitch,bias,0.038788,1,0.1185799986124038,0.1573679986124038,0.1180607508867978,0.03930724772560601,0.03930724772560601,0.009697,1,10.0,0.037907230732321794,1,1,1,W10_N3_mean1.5x,10,3,1.5,1909,Pitch_hybrid_prediction,/home/tchowdh4/sensor_recovery_project/logs/extracted_csv/baseline_05_mixed_maneuver_ATT.csv,/home/tchowdh4/sensor_recovery_project/prediction_results_v9_trained_hybrid/baseline_05_mixed_maneuver_ATT_trained_hybrid_prediction_outputs.csv
24.100356,baseline_05_mixed_maneuver,Pitch,bias,0.038788,1,0.116645909845829,0.155433909845829,0.1151953432708978,0.0402385665749312,0.0402385665749312,0.009697,1,10.0,0.038614019629836134,1,1,1,W10_N3_mean1.5x,10,3,1.5,1909,Pitch_hybrid_prediction,/home/tchowdh4/sensor_recovery_project/logs/extracted_csv/baseline_05_mixed_maneuver_ATT.csv,/home/tchowdh4/sensor_recovery_project/prediction_results_v9_trained_hybrid/baseline_05_mixed_maneuver_ATT_trained_hybrid_prediction_outputs.csv
24.200316,baseline_05_mixed_maneuver,Pitch,bias,0.038788,1,0.1117192804813385,0.1505072804813385,0.1080243084579706,0.042482972023367885,0.042482972023367885,0.009697,1,10.0,0.03924114133167272,1,1,1,W10_N3_mean1.5x,10,3,1.5,1909,Pitch_hybrid_prediction,/home/tchowdh4/sensor_recovery_project/logs/extracted_csv/baseline_05_mixed_maneuver_ATT.csv,/home/tchowdh4/sensor_recovery_project/prediction_results_v9_trained_hybrid/baseline_05_mixed_maneuver_ATT_trained_hybrid_prediction_outputs.csv
24.300276,baseline_05_mixed_maneuver,Pitch,bias,0.038788,1,0.1113519296050071,0.1501399296050071,0.1110764164477585,0.03906351315724861,0.03906351315724861,0.009697,1,10.0,0.03966546735662227,1,1,1,W10_N3_mean1.5x,10,3,1.5,1909,Pitch_hybrid_prediction,/home/tchowdh4/sensor_recovery_project/logs/extracted_csv/baseline_05_mixed_maneuver_ATT.csv,/home/tchowdh4/sensor_recovery_project/prediction_results_v9_trained_hybrid/baseline_05_mixed_maneuver_ATT_trained_hybrid_prediction_outputs.csv
24.400236,baseline_05_mixed_maneuver,Pitch,bias,0.038788,1,0.1085651740431785,0.1473531740431785,0.106475107371807,0.04087806667137149,0.04087806667137149,0.009697,1,10.0,0.039807682548940224,1,1,1,W10_N3_mean1.5x,10,3,1.5,1909,Pitch_hybrid_prediction,/home/tchowdh4/sensor_recovery_project/logs/extracted_csv/baseline_05_mixed_maneuver_ATT.csv,/home/tchowdh4/sensor_recovery_project/prediction_results_v9_trained_hybrid/baseline_05_mixed_maneuver_ATT_trained_hybrid_prediction_outputs.csv
24.500196,baseline_05_mixed_maneuver,Pitch,bias,0.038788,1,0.1096539944410324,0.1484419944410324,0.1104706097394228,0.0379713847016096,0.0379713847016096,0.009697,1,10.0,0.03985558959591394,1,1,1,W10_N3_mean1.5x,10,3,1.5,1909,Pitch_hybrid_prediction,/home/tchowdh4/sensor_recovery_project/logs/extracted_csv/baseline_05_mixed_maneuver_ATT.csv,/home/tchowdh4/sensor_recovery_project/prediction_results_v9_trained_hybrid/baseline_05_mixed_maneuver_ATT_trained_hybrid_prediction_outputs.csv
24.600156,baseline_05_mixed_maneuver,Pitch,bias,0.038788,1,0.1116075664758682,0.15039556647586821,0.113072745501995,0.03732282097387321,0.03732282097387321,0.009697,1,10.0,0.03947430576133733,1,1,1,W10_N3_mean1.5x,10,3,1.5,1909,Pitch_hybrid_prediction,/home/tchowdh4/sensor_recovery_project/logs/extracted_csv/baseline_05_mixed_maneuver_ATT.csv,/home/tchowdh4/sensor_recovery_project/prediction_results_v9_trained_hybrid/baseline_05_mixed_maneuver_ATT_trained_hybrid_prediction_outputs.csv
24.700116,baseline_05_mixed_maneuver,Pitch,bias,0.038788,1,0.109180063009262,0.14796806300926202,0.1073594354093073,0.04060862759995472,0.04060862759995472,0.009697,1,10.0,0.039474942227184825,1,1,1,W10_N3_mean1.5x,10,3,1.5,1909,Pitch_hybrid_prediction,/home/tchowdh4/sensor_recovery_project/logs/extracted_csv/baseline_05_mixed_maneuver_ATT.csv,/home/tchowdh4/sensor_recovery_project/prediction_results_v9_trained_hybrid/baseline_05_mixed_maneuver_ATT_trained_hybrid_prediction_outputs.csv
24.800076,baseline_05_mixed_maneuver,Pitch,bias,0.038788,1,0.1077056899666786,0.1464936899666786,0.106599910184741,0.0398937797819376,0.0398937797819376,0.009697,1,10.0,0.03981478146213298,1,1,1,W10_N3_mean1.5x,10,3,1.5,1909,Pitch_hybrid_prediction,/home/tchowdh4/sensor_recovery_project/logs/extracted_csv/baseline_05_mixed_maneuver_ATT.csv,/home/tchowdh4/sensor_recovery_project/prediction_results_v9_trained_hybrid/baseline_05_mixed_maneuver_ATT_trained_hybrid_prediction_outputs.csv
24.900036,baseline_05_mixed_maneuver,Pitch,bias,0.038788,1,0.1066842302680015,0.1454722302680015,0.1059181354939936,0.039554094774007884,0.039554094774007884,0.009697,1,10.0,0.03973210739839082,1,1,1,W10_N3_mean1.5x,10,3,1.5,1909,Pitch_hybrid_prediction,/home/tchowdh4/sensor_recovery_project/logs/extracted_csv/baseline_05_mixed_maneuver_ATT.csv,/home/tchowdh4/sensor_recovery_project/prediction_results_v9_trained_hybrid/baseline_05_mixed_maneuver_ATT_trained_hybrid_prediction_outputs.csv
24.999996,baseline_05_mixed_maneuver,Pitch,bias,0.038788,1,0.103372722864151,0.142160722864151,0.1008890923112631,0.04127163055288789,0.04127163055288789,0.009697,1,10.0,0.03992854568111901,1,1,1,W10_N3_mean1.5x,10,3,1.5,1909,Pitch_hybrid_prediction,/home/tchowdh4/sensor_recovery_project/logs/extracted_csv/baseline_05_mixed_maneuver_ATT.csv,/home/tchowdh4/sensor_recovery_project/prediction_results_v9_trained_hybrid/baseline_05_mixed_maneuver_ATT_trained_hybrid_prediction_outputs.csv
25.099956,baseline_05_mixed_maneuver,Pitch,bias,0.038788,1,0.1043264120817184,0.1431144120817184,0.1050416789948939,0.0380727330868245,0.0380727330868245,0.009697,1,10.0,0.03971196233230834,1,1,1,W10_N3_mean1.5x,10,3,1.5,1909,Pitch_hybrid_prediction,/home/tchowdh4/sensor_recovery_project/logs/extracted_csv/baseline_05_mixed_maneuver_ATT.csv,/home/tchowdh4/sensor_recovery_project/prediction_results_v9_trained_hybrid/baseline_05_mixed_maneuver_ATT_trained_hybrid_prediction_outputs.csv
25.199916,baseline_05_mixed_maneuver,Pitch,bias,0.038788,1,0.1044052764773368,0.14319327647733682,0.1044644247740506,0.038728851703286216,0.038728851703286216,0.009697,1,10.0,0.03933655030030017,1,1,1,W10_N3_mean1.5x,10,3,1.5,1909,Pitch_hybrid_prediction,/home/tchowdh4/sensor_recovery_project/logs/extracted_csv/baseline_05_mixed_maneuver_ATT.csv,/home/tchowdh4/sensor_recovery_project/prediction_results_v9_trained_hybrid/baseline_05_mixed_maneuver_ATT_trained_hybrid_prediction_outputs.csv
25.299876,baseline_05_mixed_maneuver,Pitch,bias,0.038788,1,0.1074365228414535,0.14622452284145349,0.109709957614541,0.03651456522691249,0.03651456522691249,0.009697,1,10.0,0.03908165550726656,1,1,1,W10_N3_mean1.5x,10,3,1.5,1909,Pitch_hybrid_prediction,/home/tchowdh4/sensor_recovery_project/logs/extracted_csv/baseline_05_mixed_maneuver_ATT.csv,/home/tchowdh4/sensor_recovery_project/prediction_results_v9_trained_hybrid/baseline_05_mixed_maneuver_ATT_trained_hybrid_prediction_outputs.csv
25.399836,baseline_05_mixed_maneuver,Pitch,bias,0.038788,1,0.1080159097909927,0.1468039097909927,0.108450450003147,0.0383534597878457,0.0383534597878457,0.009697,1,10.0,0.03882919481891398,1,1,1,W10_N3_mean1.5x,10,3,1.5,1909,Pitch_hybrid_prediction,/home/tchowdh4/sensor_recovery_project/logs/extracted_csv/baseline_05_mixed_maneuver_ATT.csv,/home/tchowdh4/sensor_recovery_project/prediction_results_v9_trained_hybrid/baseline_05_mixed_maneuver_ATT_trained_hybrid_prediction_outputs.csv
25.499796,baseline_05_mixed_maneuver,Pitch,bias,0.038788,1,0.1078541651368141,0.1466421651368141,0.1077328566461801,0.03890930849063401,0.03890930849063401,0.009697,1,10.0,0.03892298719781642,1,1,1,W10_N3_mean1.5x,10,3,1.5,1909,Pitch_hybrid_prediction,/home/tchowdh4/sensor_recovery_project/logs/extracted_csv/baseline_05_mixed_maneuver_ATT.csv,/home/tchowdh4/sensor_recovery_project/prediction_results_v9_trained_hybrid/baseline_05_mixed_maneuver_ATT_trained_hybrid_prediction_outputs.csv
25.600589,baseline_05_mixed_maneuver,Pitch,bias,0.038788,1,0.1107879877090454,0.1495759877090454,0.1129883546382188,0.0365876330708266,0.0365876330708266,0.009697,1,10.0,0.03884946840751176,1,1,1,W10_N3_mean1.5x,10,3,1.5,1909,Pitch_hybrid_prediction,/home/tchowdh4/sensor_recovery_project/logs/extracted_csv/baseline_05_mixed_maneuver_ATT.csv,/home/tchowdh4/sensor_recovery_project/prediction_results_v9_trained_hybrid/baseline_05_mixed_maneuver_ATT_trained_hybrid_prediction_outputs.csv
25.700549,baseline_05_mixed_maneuver,Pitch,bias,0.038788,1,0.10825926810503,0.14704726810503,0.1063627284020184,0.0406845397030116,0.0406845397030116,0.009697,1,10.0,0.03885705961781745,1,1,1,W10_N3_mean1.5x,10,3,1.5,1909,Pitch_hybrid_prediction,/home/tchowdh4/sensor_recovery_project/logs/extracted_csv/baseline_05_mixed_maneuver_ATT.csv,/home/tchowdh4/sensor_recovery_project/prediction_results_v9_trained_hybrid/baseline_05_mixed_maneuver_ATT_trained_hybrid_prediction_outputs.csv
25.800509,baseline_05_mixed_maneuver,Pitch,bias,0.038788,1,0.1059001237154007,0.14468812371540068,0.1041307654231787,0.040557358292221984,0.040557358292221984,0.009697,1,10.0,0.03892341746884589,1,1,1,W10_N3_mean1.5x,10,3,1.5,1909,Pitch_hybrid_prediction,/home/tchowdh4/sensor_recovery_project/logs/extracted_csv/baseline_05_mixed_maneuver_ATT.csv,/home/tchowdh4/sensor_recovery_project/prediction_results_v9_trained_hybrid/baseline_05_mixed_maneuver_ATT_trained_hybrid_prediction_outputs.csv
25.900469,baseline_05_mixed_maneuver,Pitch,bias,0.038788,1,0.1059831082820892,0.14477110828208922,0.1060453467071055,0.038725761574983725,0.038725761574983725,0.009697,1,10.0,0.038840584148943466,1,1,1,W10_N3_mean1.5x,10,3,1.5,1909,Pitch_hybrid_prediction,/home/tchowdh4/sensor_recovery_project/logs/extracted_csv/baseline_05_mixed_maneuver_ATT.csv,/home/tchowdh4/sensor_recovery_project/prediction_results_v9_trained_hybrid/baseline_05_mixed_maneuver_ATT_trained_hybrid_prediction_outputs.csv
26.000429,baseline_05_mixed_maneuver,Pitch,bias,0.038788,1,0.1030133515596389,0.1418013515596389,0.1007860340178011,0.041015317541837806,0.041015317541837806,0.009697,1,10.0,0.038814952847838466,1,1,1,W10_N3_mean1.5x,10,3,1.5,1909,Pitch_hybrid_prediction,/home/tchowdh4/sensor_recovery_project/logs/extracted_csv/baseline_05_mixed_maneuver_ATT.csv,/home/tchowdh4/sensor_recovery_project/prediction_results_v9_trained_hybrid/baseline_05_mixed_maneuver_ATT_trained_hybrid_prediction_outputs.csv
26.100389,baseline_05_mixed_maneuver,Pitch,bias,0.038788,1,0.1046511083841323,0.14343910838413232,0.1058794260025023,0.037559682381630016,0.037559682381630016,0.009697,1,10.0,0.03876364777731901,1,1,1,W10_N3_mean1.5x,10,3,1.5,1909,Pitch_hybrid_prediction,/home/tchowdh4/sensor_recovery_project/logs/extracted_csv/baseline_05_mixed_maneuver_ATT.csv,/home/tchowdh4/sensor_recovery_project/prediction_results_v9_trained_hybrid/baseline_05_mixed_maneuver_ATT_trained_hybrid_prediction_outputs.csv
26.200349,baseline_05_mixed_maneuver,Pitch,bias,0.038788,1,0.1033716276288032,0.1421596276288032,0.1024120170623063,0.039747610566496894,0.039747610566496894,0.009697,1,10.0,0.038865523663640086,1,1,1,W10_N3_mean1.5x,10,3,1.5,1909,Pitch_hybrid_prediction,/home/tchowdh4/sensor_recovery_project/logs/extracted_csv/baseline_05_mixed_maneuver_ATT.csv,/home/tchowdh4/sensor_recovery_project/prediction_results_v9_trained_hybrid/baseline_05_mixed_maneuver_ATT_trained_hybrid_prediction_outputs.csv
26.300309,baseline_05_mixed_maneuver,Pitch,bias,0.038788,1,0.1013400182127952,0.1401280182127952,0.0998163111507892,0.040311707062005986,0.040311707062005986,0.009697,1,10.0,0.039245237847149436,1,1,1,W10_N3_mean1.5x,10,3,1.5,1909,Pitch_hybrid_prediction,/home/tchowdh4/sensor_recovery_project/logs/extracted_csv/baseline_05_mixed_maneuver_ATT.csv,/home/tchowdh4/sensor_recovery_project/prediction_results_v9_trained_hybrid/baseline_05_mixed_maneuver_ATT_trained_hybrid_prediction_outputs.csv
26.400269,baseline_05_mixed_maneuver,Pitch,bias,0.038788,1,0.101837657392025,0.14062565739202498,0.1022108867764473,0.03841477061557769,0.03841477061557769,0.009697,1,10.0,0.039251368929922634,1,1,1,W10_N3_mean1.5x,10,3,1.5,1909,Pitch_hybrid_prediction,/home/tchowdh4/sensor_recovery_project/logs/extracted_csv/baseline_05_mixed_maneuver_ATT.csv,/home/tchowdh4/sensor_recovery_project/prediction_results_v9_trained_hybrid/baseline_05_mixed_maneuver_ATT_trained_hybrid_prediction_outputs.csv
26.500229,baseline_05_mixed_maneuver,Pitch,bias,0.038788,1,0.0995999574661254,0.13838795746612542,0.0979216825217007,0.040466274944424716,0.040466274944424716,0.009697,1,10.0,0.0394070655753017,1,1,1,W10_N3_mean1.5x,10,3,1.5,1909,Pitch_hybrid_prediction,/home/tchowdh4/sensor_recovery_project/logs/extracted_csv/baseline_05_mixed_maneuver_ATT.csv,/home/tchowdh4/sensor_recovery_project/prediction_results_v9_trained_hybrid/baseline_05_mixed_maneuver_ATT_trained_hybrid_prediction_outputs.csv
26.600189,baseline_05_mixed_maneuver,Pitch,bias,0.038788,1,0.1005666926503181,0.1393546926503181,0.1012917440384626,0.03806294861185551,0.03806294861185551,0.009697,1,10.0,0.03955459712940459,1,1,1,W10_N3_mean1.5x,10,3,1.5,1909,Pitch_hybrid_prediction,/home/tchowdh4/sensor_recovery_project/logs/extracted_csv/baseline_05_mixed_maneuver_ATT.csv,/home/tchowdh4/sensor_recovery_project/prediction_results_v9_trained_hybrid/baseline_05_mixed_maneuver_ATT_trained_hybrid_prediction_outputs.csv
26.700149,baseline_05_mixed_maneuver,Pitch,bias,0.038788,1,0.0998589247465133,0.1386469247465133,0.0993280988186597,0.0393188259278536,0.0393188259278536,0.009697,1,10.0,0.0394180257518888,1,1,1,W10_N3_mean1.5x,10,3,1.5,1909,Pitch_hybrid_prediction,/home/tchowdh4/sensor_recovery_project/logs/extracted_csv/baseline_05_mixed_maneuver_ATT.csv,/home/tchowdh4/sensor_recovery_project/prediction_results_v9_trained_hybrid/baseline_05_mixed_maneuver_ATT_trained_hybrid_prediction_outputs.csv
26.800109,baseline_05_mixed_maneuver,Pitch,bias,0.038788,1,0.1015545427799224,0.14034254277992242,0.1028262563049792,0.03751628647494322,0.03751628647494322,0.009697,1,10.0,0.039113918570160916,1,1,1,W10_N3_mean1.5x,10,3,1.5,1909,Pitch_hybrid_prediction,/home/tchowdh4/sensor_recovery_project/logs/extracted_csv/baseline_05_mixed_maneuver_ATT.csv,/home/tchowdh4/sensor_recovery_project/prediction_results_v9_trained_hybrid/baseline_05_mixed_maneuver_ATT_trained_hybrid_prediction_outputs.csv
26.900069,baseline_05_mixed_maneuver,Pitch,bias,0.038788,1,0.1045326814055442,0.14332068140554421,0.1067662853747605,0.03655439603078371,0.03655439603078371,0.009697,1,10.0,0.03889678201574091,1,1,1,W10_N3_mean1.5x,10,3,1.5,1909,Pitch_hybrid_prediction,/home/tchowdh4/sensor_recovery_project/logs/extracted_csv/baseline_05_mixed_maneuver_ATT.csv,/home/tchowdh4/sensor_recovery_project/prediction_results_v9_trained_hybrid/baseline_05_mixed_maneuver_ATT_trained_hybrid_prediction_outputs.csv
27.000029,baseline_05_mixed_maneuver,Pitch,bias,0.038788,1,0.1030852571129798,0.14187325711297982,0.1019996888935565,0.039873568219423325,0.039873568219423325,0.009697,1,10.0,0.03878260708349947,1,1,1,W10_N3_mean1.5x,10,3,1.5,1909,Pitch_hybrid_prediction,/home/tchowdh4/sensor_recovery_project/logs/extracted_csv/baseline_05_mixed_maneuver_ATT.csv,/home/tchowdh4/sensor_recovery_project/prediction_results_v9_trained_hybrid/baseline_05_mixed_maneuver_ATT_trained_hybrid_prediction_outputs.csv
27.099989,baseline_05_mixed_maneuver,Pitch,bias,0.038788,1,0.1060900911688804,0.1448780911688804,0.1083437167108058,0.0365343744580746,0.0365343744580746,0.009697,1,10.0,0.03868007629114393,1,1,1,W10_N3_mean1.5x,10,3,1.5,1909,Pitch_hybrid_prediction,/home/tchowdh4/sensor_recovery_project/logs/extracted_csv/baseline_05_mixed_maneuver_ATT.csv,/home/tchowdh4/sensor_recovery_project/prediction_results_v9_trained_hybrid/baseline_05_mixed_maneuver_ATT_trained_hybrid_prediction_outputs.csv
27.199949,baseline_05_mixed_maneuver,Pitch,bias,0.038788,1,0.1048984453082084,0.1436864453082084,0.1040047109127044,0.039681734395504,0.039681734395504,0.009697,1,10.0,0.03867348867404464,1,1,1,W10_N3_mean1.5x,10,3,1.5,1909,Pitch_hybrid_prediction,/home/tchowdh4/sensor_recovery_project/logs/extracted_csv/baseline_05_mixed_maneuver_ATT.csv,/home/tchowdh4/sensor_recovery_project/prediction_results_v9_trained_hybrid/baseline_05_mixed_maneuver_ATT_trained_hybrid_prediction_outputs.csv
27.299909,baseline_05_mixed_maneuver,Pitch,bias,0.038788,1,0.1044237464666366,0.1432117464666366,0.1040677223354577,0.03914402413117889,0.03914402413117889,0.009697,1,10.0,0.03855672038096193,1,1,1,W10_N3_mean1.5x,10,3,1.5,1909,Pitch_hybrid_prediction,/home/tchowdh4/sensor_recovery_project/logs/extracted_csv/baseline_05_mixed_maneuver_ATT.csv,/home/tchowdh4/sensor_recovery_project/prediction_results_v9_trained_hybrid/baseline_05_mixed_maneuver_ATT_trained_hybrid_prediction_outputs.csv
27.399869,baseline_05_mixed_maneuver,Pitch,bias,0.038788,1,0.1050956919789314,0.14388369197893142,0.1055996511131525,0.03828404086577891,0.03828404086577891,0.009697,1,10.0,0.038543647405982054,1,1,1,W10_N3_mean1.5x,10,3,1.5,1909,Pitch_hybrid_prediction,/home/tchowdh4/sensor_recovery_project/logs/extracted_csv/baseline_05_mixed_maneuver_ATT.csv,/home/tchowdh4/sensor_recovery_project/prediction_results_v9_trained_hybrid/baseline_05_mixed_maneuver_ATT_trained_hybrid_prediction_outputs.csv
27.499829,baseline_05_mixed_maneuver,Pitch,bias,0.038788,1,0.102111779153347,0.140899779153347,0.0998738445341587,0.0410259346191883,0.0410259346191883,0.009697,1,10.0,0.03859961337345841,1,1,1,W10_N3_mean1.5x,10,3,1.5,1909,Pitch_hybrid_prediction,/home/tchowdh4/sensor_recovery_project/logs/extracted_csv/baseline_05_mixed_maneuver_ATT.csv,/home/tchowdh4/sensor_recovery_project/prediction_results_v9_trained_hybrid/baseline_05_mixed_maneuver_ATT_trained_hybrid_prediction_outputs.csv
27.599789,baseline_05_mixed_maneuver,Pitch,bias,0.038788,1,0.1017144918441772,0.1405024918441772,0.1014165263622998,0.03908596548187741,0.03908596548187741,0.009697,1,10.0,0.0387019150604606,1,1,1,W10_N3_mean1.5x,10,3,1.5,1909,Pitch_hybrid_prediction,/home/tchowdh4/sensor_recovery_project/logs/extracted_csv/baseline_05_mixed_maneuver_ATT.csv,/home/tchowdh4/sensor_recovery_project/prediction_results_v9_trained_hybrid/baseline_05_mixed_maneuver_ATT_trained_hybrid_prediction_outputs.csv
27.700582,baseline_05_mixed_maneuver,Pitch,bias,0.038788,1,0.1031004190444946,0.14188841904449462,0.1041398644447326,0.03774855459976202,0.03774855459976202,0.009697,1,10.0,0.03854488792765144,1,1,1,W10_N3_mean1.5x,10,3,1.5,1909,Pitch_hybrid_prediction,/home/tchowdh4/sensor_recovery_project/logs/extracted_csv/baseline_05_mixed_maneuver_ATT.csv,/home/tchowdh4/sensor_recovery_project/prediction_results_v9_trained_hybrid/baseline_05_mixed_maneuver_ATT_trained_hybrid_prediction_outputs.csv
27.800542,baseline_05_mixed_maneuver,Pitch,bias,0.038788,1,0.1016461253166198,0.1404341253166198,0.1005554050207137,0.03987872029590611,0.03987872029590611,0.009697,1,10.0,0.03878113130974773,1,1,1,W10_N3_mean1.5x,10,3,1.5,1909,Pitch_hybrid_prediction,/home/tchowdh4/sensor_recovery_project/logs/extracted_csv/baseline_05_mixed_maneuver_ATT.csv,/home/tchowdh4/sensor_recovery_project/prediction_results_v9_trained_hybrid/baseline_05_mixed_maneuver_ATT_trained_hybrid_prediction_outputs.csv
27.900502,baseline_05_mixed_maneuver,Pitch,bias,0.038788,1,0.1019990220665931,0.1407870220665931,0.102263694629073,0.0385233274375201,0.0385233274375201,0.009697,1,10.0,0.03897802445042137,1,1,1,W10_N3_mean1.5x,10,3,1.5,1909,Pitch_hybrid_prediction,/home/tchowdh4/sensor_recovery_project/logs/extracted_csv/baseline_05_mixed_maneuver_ATT.csv,/home/tchowdh4/sensor_recovery_project/prediction_results_v9_trained_hybrid/baseline_05_mixed_maneuver_ATT_trained_hybrid_prediction_outputs.csv
28.000462,baseline_05_mixed_maneuver,Pitch,bias,0.038788,1,0.1035587787628173,0.14234677876281732,0.1047285962849854,0.03761818247783191,0.03761818247783191,0.009697,1,10.0,0.038752485876262226,1,1,1,W10_N3_mean1.5x,10,3,1.5,1909,Pitch_hybrid_prediction,/home/tchowdh4/sensor_recovery_project/logs/extracted_csv/baseline_05_mixed_maneuver_ATT.csv,/home/tchowdh4/sensor_recovery_project/prediction_results_v9_trained_hybrid/baseline_05_mixed_maneuver_ATT_trained_hybrid_prediction_outputs.csv
28.100422,baseline_05_mixed_maneuver,Pitch,bias,0.038788,1,0.1010136529803276,0.1398016529803276,0.0991048086434603,0.040696844336867294,0.040696844336867294,0.009697,1,10.0,0.03916873286414149,1,1,1,W10_N3_mean1.5x,10,3,1.5,1909,Pitch_hybrid_prediction,/home/tchowdh4/sensor_recovery_project/logs/extracted_csv/baseline_05_mixed_maneuver_ATT.csv,/home/tchowdh4/sensor_recovery_project/prediction_results_v9_trained_hybrid/baseline_05_mixed_maneuver_ATT_trained_hybrid_prediction_outputs.csv
28.200382,baseline_05_mixed_maneuver,Pitch,bias,0.038788,1,0.100086472928524,0.138874472928524,0.0993910878896713,0.03948338503885271,0.03948338503885271,0.009697,1,10.0,0.03914889792847637,1,1,1,W10_N3_mean1.5x,10,3,1.5,1909,Pitch_hybrid_prediction,/home/tchowdh4/sensor_recovery_project/logs/extracted_csv/baseline_05_mixed_maneuver_ATT.csv,/home/tchowdh4/sensor_recovery_project/prediction_results_v9_trained_hybrid/baseline_05_mixed_maneuver_ATT_trained_hybrid_prediction_outputs.csv
28.300342,baseline_05_mixed_maneuver,Pitch,bias,0.038788,1,0.1012985482811927,0.1400865482811927,0.1022076047956942,0.037878943485498515,0.037878943485498515,0.009697,1,10.0,0.039022389863908324,1,1,1,W10_N3_mean1.5x,10,3,1.5,1909,Pitch_hybrid_prediction,/home/tchowdh4/sensor_recovery_project/logs/extracted_csv/baseline_05_mixed_maneuver_ATT.csv,/home/tchowdh4/sensor_recovery_project/prediction_results_v9_trained_hybrid/baseline_05_mixed_maneuver_ATT_trained_hybrid_prediction_outputs.csv
28.400302,baseline_05_mixed_maneuver,Pitch,bias,0.038788,1,0.1015822142362594,0.1403702142362594,0.1017949637025594,0.03857525053369999,0.03857525053369999,0.009697,1,10.0,0.03905151083070044,1,1,1,W10_N3_mean1.5x,10,3,1.5,1909,Pitch_hybrid_prediction,/home/tchowdh4/sensor_recovery_project/logs/extracted_csv/baseline_05_mixed_maneuver_ATT.csv,/home/tchowdh4/sensor_recovery_project/prediction_results_v9_trained_hybrid/baseline_05_mixed_maneuver_ATT_trained_hybrid_prediction_outputs.csv
28.500262,baseline_05_mixed_maneuver,Pitch,bias,0.038788,1,0.1076942086219787,0.1464822086219787,0.1122782044112681,0.0342040042107106,0.0342040042107106,0.009697,1,10.0,0.03836931778985266,1,1,1,W10_N3_mean1.5x,10,3,1.5,1909,Pitch_hybrid_prediction,/home/tchowdh4/sensor_recovery_project/logs/extracted_csv/baseline_05_mixed_maneuver_ATT.csv,/home/tchowdh4/sensor_recovery_project/prediction_results_v9_trained_hybrid/baseline_05_mixed_maneuver_ATT_trained_hybrid_prediction_outputs.csv
28.600222,baseline_05_mixed_maneuver,Pitch,bias,0.038788,0,0.1133906468749046,0.1133906468749046,0.117662975564599,-0.004272328689694391,0.004272328689694391,0.009697,0,9.0,0.03488795411063437,1,1,1,W10_N3_mean1.5x,10,3,1.5,1909,Pitch_hybrid_prediction,/home/tchowdh4/sensor_recovery_project/logs/extracted_csv/baseline_05_mixed_maneuver_ATT.csv,/home/tchowdh4/sensor_recovery_project/prediction_results_v9_trained_hybrid/baseline_05_mixed_maneuver_ATT_trained_hybrid_prediction_outputs.csv
28.700182,baseline_05_mixed_maneuver,Pitch,bias,0.038788,0,0.1113494038581848,0.1113494038581848,0.1098184715956449,0.0015309322625399052,0.0015309322625399052,0.009697,0,8.0,0.03126619187691215,1,1,1,W10_N3_mean1.5x,10,3,1.5,1909,Pitch_hybrid_prediction,/home/tchowdh4/sensor_recovery_project/logs/extracted_csv/baseline_05_mixed_maneuver_ATT.csv,/home/tchowdh4/sensor_recovery_project/prediction_results_v9_trained_hybrid/baseline_05_mixed_maneuver_ATT_trained_hybrid_prediction_outputs.csv
28.800142,baseline_05_mixed_maneuver,Pitch,bias,0.038788,0,0.1139989867806434,0.1139989867806434,0.1159861739724873,-0.0019871871918439032,0.0019871871918439032,0.009697,0,7.0,0.027477038566505928,1,1,1,W10_N3_mean1.5x,10,3,1.5,1909,Pitch_hybrid_prediction,/home/tchowdh4/sensor_recovery_project/logs/extracted_csv/baseline_05_mixed_maneuver_ATT.csv,/home/tchowdh4/sensor_recovery_project/prediction_results_v9_trained_hybrid/baseline_05_mixed_maneuver_ATT_trained_hybrid_prediction_outputs.csv
28.900102,baseline_05_mixed_maneuver,Pitch,bias,0.038788,0,0.1116076856851577,0.1116076856851577,0.1098142098635434,0.001793475821614307,0.001793475821614307,0.009697,0,6.0,0.023804053404915353,1,1,1,W10_N3_mean1.5x,10,3,1.5,1909,Pitch_hybrid_prediction,/home/tchowdh4/sensor_recovery_project/logs/extracted_csv/baseline_05_mixed_maneuver_ATT.csv,/home/tchowdh4/sensor_recovery_project/prediction_results_v9_trained_hybrid/baseline_05_mixed_maneuver_ATT_trained_hybrid_prediction_outputs.csv
29.000062,baseline_05_mixed_maneuver,Pitch,bias,0.038788,0,0.1086840406060218,0.1086840406060218,0.1064913067966698,0.0021927338093520043,0.0021927338093520043,0.009697,0,5.0,0.020261508538067362,1,1,1,W10_N3_mean1.5x,10,3,1.5,1909,Pitch_hybrid_prediction,/home/tchowdh4/sensor_recovery_project/logs/extracted_csv/baseline_05_mixed_maneuver_ATT.csv,/home/tchowdh4/sensor_recovery_project/prediction_results_v9_trained_hybrid/baseline_05_mixed_maneuver_ATT_trained_hybrid_prediction_outputs.csv
29.100022,baseline_05_mixed_maneuver,Pitch,bias,0.038788,0,0.1104039996862411,0.1104039996862411,0.1116939689964055,-0.00128996931016441,0.00128996931016441,0.009697,0,4.0,0.016320821035397073,1,1,1,W10_N3_mean1.5x,10,3,1.5,1909,Pitch_hybrid_prediction,/home/tchowdh4/sensor_recovery_project/logs/extracted_csv/baseline_05_mixed_maneuver_ATT.csv,/home/tchowdh4/sensor_recovery_project/prediction_results_v9_trained_hybrid/baseline_05_mixed_maneuver_ATT_trained_hybrid_prediction_outputs.csv
29.199982,baseline_05_mixed_maneuver,Pitch,bias,0.038788,0,0.1077383011579513,0.1077383011579513,0.1057390272617339,0.0019992738962174017,0.0019992738962174017,0.009697,0,3.0,0.012572409921133542,1,0,1,W10_N3_mean1.5x,10,3,1.5,1909,Pitch_hybrid_prediction,/home/tchowdh4/sensor_recovery_project/logs/extracted_csv/baseline_05_mixed_maneuver_ATT.csv,/home/tchowdh4/sensor_recovery_project/prediction_results_v9_trained_hybrid/baseline_05_mixed_maneuver_ATT_trained_hybrid_prediction_outputs.csv
29.299942,baseline_05_mixed_maneuver,Pitch,bias,0.038788,0,0.1048104912042617,0.1048104912042617,0.1026146337389944,0.0021958574652672924,0.0021958574652672924,0.009697,0,2.0,0.009004101319110419,0,0,0,W10_N3_mean1.5x,10,3,1.5,1909,Pitch_hybrid_prediction,/home/tchowdh4/sensor_recovery_project/logs/extracted_csv/baseline_05_mixed_maneuver_ATT.csv,/home/tchowdh4/sensor_recovery_project/prediction_results_v9_trained_hybrid/baseline_05_mixed_maneuver_ATT_trained_hybrid_prediction_outputs.csv
29.399902,baseline_05_mixed_maneuver,Pitch,bias,0.038788,0,0.1031441539525985,0.1031441539525985,0.1018944010138511,0.001249752938747406,0.001249752938747406,0.009697,0,1.0,0.005271551559615162,0,0,0,W10_N3_mean1.5x,10,3,1.5,1909,Pitch_hybrid_prediction,/home/tchowdh4/sensor_recovery_project/logs/extracted_csv/baseline_05_mixed_maneuver_ATT.csv,/home/tchowdh4/sensor_recovery_project/prediction_results_v9_trained_hybrid/baseline_05_mixed_maneuver_ATT_trained_hybrid_prediction_outputs.csv
29.499862,baseline_05_mixed_maneuver,Pitch,bias,0.038788,0,0.1044650897383689,0.1044650897383689,0.1054557915776967,-0.0009907018393277983,0.0009907018393277983,0.009697,0,0.0,0.0019502213224768818,0,0,0,W10_N3_mean1.5x,10,3,1.5,1909,Pitch_hybrid_prediction,/home/tchowdh4/sensor_recovery_project/logs/extracted_csv/baseline_05_mixed_maneuver_ATT.csv,/home/tchowdh4/sensor_recovery_project/prediction_results_v9_trained_hybrid/baseline_05_mixed_maneuver_ATT_trained_hybrid_prediction_outputs.csv
29.599822,baseline_05_mixed_maneuver,Pitch,bias,0.038788,0,0.1008962392807006,0.1008962392807006,0.0982196014374493,0.0026766378432512977,0.0026766378432512977,0.009697,0,0.0,0.0017906522378325726,0,0,0,W10_N3_mean1.5x,10,3,1.5,1909,Pitch_hybrid_prediction,/home/tchowdh4/sensor_recovery_project/logs/extracted_csv/baseline_05_mixed_maneuver_ATT.csv,/home/tchowdh4/sensor_recovery_project/prediction_results_v9_trained_hybrid/baseline_05_mixed_maneuver_ATT_trained_hybrid_prediction_outputs.csv
29.700615,baseline_05_mixed_maneuver,Pitch,bias,0.038788,0,0.0964136347174644,0.0964136347174644,0.0930516812950372,0.003361953422427205,0.003361953422427205,0.009697,0,0.0,0.0019737543538213024,0,0,0,W10_N3_mean1.5x,10,3,1.5,1909,Pitch_hybrid_prediction,/home/tchowdh4/sensor_recovery_project/logs/extracted_csv/baseline_05_mixed_maneuver_ATT.csv,/home/tchowdh4/sensor_recovery_project/prediction_results_v9_trained_hybrid/baseline_05_mixed_maneuver_ATT_trained_hybrid_prediction_outputs.csv
29.800575,baseline_05_mixed_maneuver,Pitch,bias,0.038788,0,0.0951883569359779,0.0951883569359779,0.094269398599863,0.0009189583361148973,0.0009189583361148973,0.009697,0,0.0,0.001866931468248402,0,0,0,W10_N3_mean1.5x,10,3,1.5,1909,Pitch_hybrid_prediction,/home/tchowdh4/sensor_recovery_project/logs/extracted_csv/baseline_05_mixed_maneuver_ATT.csv,/home/tchowdh4/sensor_recovery_project/prediction_results_v9_trained_hybrid/baseline_05_mixed_maneuver_ATT_trained_hybrid_prediction_outputs.csv
29.900535,baseline_05_mixed_maneuver,Pitch,bias,0.038788,0,0.0919062122702598,0.0919062122702598,0.0894446037709712,0.0024616084992886006,0.0024616084992886006,0.009697,0,0.0,0.0019337447360158314,0,0,0,W10_N3_mean1.5x,10,3,1.5,1909,Pitch_hybrid_prediction,/home/tchowdh4/sensor_recovery_project/logs/extracted_csv/baseline_05_mixed_maneuver_ATT.csv,/home/tchowdh4/sensor_recovery_project/prediction_results_v9_trained_hybrid/baseline_05_mixed_maneuver_ATT_trained_hybrid_prediction_outputs.csv
30.000495,baseline_05_mixed_maneuver,Pitch,bias,0.038788,0,0.0905683189630508,0.0905683189630508,0.089564898982644,0.0010034199804068028,0.0010034199804068028,0.009697,0,0.0,0.0018148133531213112,0,0,0,W10_N3_mean1.5x,10,3,1.5,1909,Pitch_hybrid_prediction,/home/tchowdh4/sensor_recovery_project/logs/extracted_csv/baseline_05_mixed_maneuver_ATT.csv,/home/tchowdh4/sensor_recovery_project/prediction_results_v9_trained_hybrid/baseline_05_mixed_maneuver_ATT_trained_hybrid_prediction_outputs.csv
30.100455,baseline_05_mixed_maneuver,Pitch,bias,0.038788,0,0.089786060154438,0.089786060154438,0.0891993660479784,0.0005866941064596037,0.0005866941064596037,0.009697,0,0.0,0.0017444858327508306,0,0,0,W10_N3_mean1.5x,10,3,1.5,1909,Pitch_hybrid_prediction,/home/tchowdh4/sensor_recovery_project/logs/extracted_csv/baseline_05_mixed_maneuver_ATT.csv,/home/tchowdh4/sensor_recovery_project/prediction_results_v9_trained_hybrid/baseline_05_mixed_maneuver_ATT_trained_hybrid_prediction_outputs.csv
30.200415,baseline_05_mixed_maneuver,Pitch,bias,0.038788,0,0.0908195748925209,0.0908195748925209,0.091594710946083,-0.0007751360535620949,0.0007751360535620949,0.009697,0,0.0,0.0016220720484853,0,0,0,W10_N3_mean1.5x,10,3,1.5,1909,Pitch_hybrid_prediction,/home/tchowdh4/sensor_recovery_project/logs/extracted_csv/baseline_05_mixed_maneuver_ATT.csv,/home/tchowdh4/sensor_recovery_project/prediction_results_v9_trained_hybrid/baseline_05_mixed_maneuver_ATT_trained_hybrid_prediction_outputs.csv
30.300375,baseline_05_mixed_maneuver,Pitch,bias,0.038788,0,0.0898944661021232,0.0898944661021232,0.0892006345093249,0.0006938315927983024,0.0006938315927983024,0.009697,0,0.0,0.001471869461238401,0,0,0,W10_N3_mean1.5x,10,3,1.5,1909,Pitch_hybrid_prediction,/home/tchowdh4/sensor_recovery_project/logs/extracted_csv/baseline_05_mixed_maneuver_ATT.csv,/home/tchowdh4/sensor_recovery_project/prediction_results_v9_trained_hybrid/baseline_05_mixed_maneuver_ATT_trained_hybrid_prediction_outputs.csv
30.400335,baseline_05_mixed_maneuver,Pitch,bias,0.038788,0,0.0941469445824623,0.0941469445824623,0.0973363034427166,-0.0031893588602543016,0.0031893588602543016,0.009697,0,0.0,0.0016658300533890905,0,0,0,W10_N3_mean1.5x,10,3,1.5,1909,Pitch_hybrid_prediction,/home/tchowdh4/sensor_recovery_project/logs/extracted_csv/baseline_05_mixed_maneuver_ATT.csv,/home/tchowdh4/sensor_recovery_project/prediction_results_v9_trained_hybrid/baseline_05_mixed_maneuver_ATT_trained_hybrid_prediction_outputs.csv
30.500295,baseline_05_mixed_maneuver,Pitch,bias,0.038788,0,0.0943400636315345,0.0943400636315345,0.0944849029183386,-0.00014483928680410207,0.00014483928680410207,0.009697,0,0.0,0.0015812437981367207,0,0,0,W10_N3_mean1.5x,10,3,1.5,1909,Pitch_hybrid_prediction,/home/tchowdh4/sensor_recovery_project/logs/extracted_csv/baseline_05_mixed_maneuver_ATT.csv,/home/tchowdh4/sensor_recovery_project/prediction_results_v9_trained_hybrid/baseline_05_mixed_maneuver_ATT_trained_hybrid_prediction_outputs.csv
30.600255,baseline_05_mixed_maneuver,Pitch,bias,0.038788,0,0.093141034245491,0.093141034245491,0.0922417622059584,0.0008992720395326059,0.0008992720395326059,0.009697,0,0.0,0.0014035072177648517,0,0,0,W10_N3_mean1.5x,10,3,1.5,1909,Pitch_hybrid_prediction,/home/tchowdh4/sensor_recovery_project/logs/extracted_csv/baseline_05_mixed_maneuver_ATT.csv,/home/tchowdh4/sensor_recovery_project/prediction_results_v9_trained_hybrid/baseline_05_mixed_maneuver_ATT_trained_hybrid_prediction_outputs.csv
30.700215,baseline_05_mixed_maneuver,Pitch,bias,0.038788,0,0.0966400504112243,0.0966400504112243,0.0992643125355242,-0.002624262124299906,0.002624262124299906,0.009697,0,0.0,0.0013297380879521217,0,0,0,W10_N3_mean1.5x,10,3,1.5,1909,Pitch_hybrid_prediction,/home/tchowdh4/sensor_recovery_project/logs/extracted_csv/baseline_05_mixed_maneuver_ATT.csv,/home/tchowdh4/sensor_recovery_project/prediction_results_v9_trained_hybrid/baseline_05_mixed_maneuver_ATT_trained_hybrid_prediction_outputs.csv
30.800175,baseline_05_mixed_maneuver,Pitch,bias,0.038788,0,0.0978864282369613,0.0978864282369613,0.098821211606264,-0.000934783369302708,0.000934783369302708,0.009697,0,0.0,0.0013313205912709029,0,0,0,W10_N3_mean1.5x,10,3,1.5,1909,Pitch_hybrid_prediction,/home/tchowdh4/sensor_recovery_project/logs/extracted_csv/baseline_05_mixed_maneuver_ATT.csv,/home/tchowdh4/sensor_recovery_project/prediction_results_v9_trained_hybrid/baseline_05_mixed_maneuver_ATT_trained_hybrid_prediction_outputs.csv
30.900135,baseline_05_mixed_maneuver,Pitch,bias,0.038788,0,0.0985581204295158,0.0985581204295158,0.0990618895739316,-0.0005037691444157999,0.0005037691444157999,0.009697,0,0.0,0.0011355366557836226,0,0,0,W10_N3_mean1.5x,10,3,1.5,1909,Pitch_hybrid_prediction,/home/tchowdh4/sensor_recovery_project/logs/extracted_csv/baseline_05_mixed_maneuver_ATT.csv,/home/tchowdh4/sensor_recovery_project/prediction_results_v9_trained_hybrid/baseline_05_mixed_maneuver_ATT_trained_hybrid_prediction_outputs.csv
31.000095,baseline_05_mixed_maneuver,Pitch,bias,0.038788,0,0.0985459312796592,0.0985459312796592,0.0985367894172667,9.141862392494926e-06,9.141862392494926e-06,0.009697,0,0.0,0.0010361088439821919,0,0,0,W10_N3_mean1.5x,10,3,1.5,1909,Pitch_hybrid_prediction,/home/tchowdh4/sensor_recovery_project/logs/extracted_csv/baseline_05_mixed_maneuver_ATT.csv,/home/tchowdh4/sensor_recovery_project/prediction_results_v9_trained_hybrid/baseline_05_mixed_maneuver_ATT_trained_hybrid_prediction_outputs.csv
31.100055,baseline_05_mixed_maneuver,Pitch,bias,0.038788,0,0.0987323299050331,0.0987323299050331,0.0988721288740635,-0.000139798969030408,0.000139798969030408,0.009697,0,0.0,0.0009914193302392725,0,0,0,W10_N3_mean1.5x,10,3,1.5,1909,Pitch_hybrid_prediction,/home/tchowdh4/sensor_recovery_project/logs/extracted_csv/baseline_05_mixed_maneuver_ATT.csv,/home/tchowdh4/sensor_recovery_project/prediction_results_v9_trained_hybrid/baseline_05_mixed_maneuver_ATT_trained_hybrid_prediction_outputs.csv
31.200015,baseline_05_mixed_maneuver,Pitch,bias,0.038788,0,0.0984025076031684,0.0984025076031684,0.0981551408767698,0.0002473667263986068,0.0002473667263986068,0.009697,0,0.0,0.0009386423975229236,0,0,0,W10_N3_mean1.5x,10,3,1.5,1909,Pitch_hybrid_prediction,/home/tchowdh4/sensor_recovery_project/logs/extracted_csv/baseline_05_mixed_maneuver_ATT.csv,/home/tchowdh4/sensor_recovery_project/prediction_results_v9_trained_hybrid/baseline_05_mixed_maneuver_ATT_trained_hybrid_prediction_outputs.csv
31.299975,baseline_05_mixed_maneuver,Pitch,bias,0.038788,0,0.0986485481262207,0.0986485481262207,0.0988330785185099,-0.00018453039228920332,0.00018453039228920332,0.009697,0,0.0,0.0008877122774720136,0,0,0,W10_N3_mean1.5x,10,3,1.5,1909,Pitch_hybrid_prediction,/home/tchowdh4/sensor_recovery_project/logs/extracted_csv/baseline_05_mixed_maneuver_ATT.csv,/home/tchowdh4/sensor_recovery_project/prediction_results_v9_trained_hybrid/baseline_05_mixed_maneuver_ATT_trained_hybrid_prediction_outputs.csv
31.399935,baseline_05_mixed_maneuver,Pitch,bias,0.038788,0,0.098446100950241,0.098446100950241,0.0982942655682562,0.00015183538198480784,0.00015183538198480784,0.009697,0,0.0,0.0005839599296450643,0,0,0,W10_N3_mean1.5x,10,3,1.5,1909,Pitch_hybrid_prediction,/home/tchowdh4/sensor_recovery_project/logs/extracted_csv/baseline_05_mixed_maneuver_ATT.csv,/home/tchowdh4/sensor_recovery_project/prediction_results_v9_trained_hybrid/baseline_05_mixed_maneuver_ATT_trained_hybrid_prediction_outputs.csv
31.499895,baseline_05_mixed_maneuver,Pitch,bias,0.038788,0,0.0986630022525787,0.0986630022525787,0.0988256782293319,-0.0001626759767532071,0.0001626759767532071,0.009697,0,0.0,0.0005857435986399747,0,0,0,W10_N3_mean1.5x,10,3,1.5,1909,Pitch_hybrid_prediction,/home/tchowdh4/sensor_recovery_project/logs/extracted_csv/baseline_05_mixed_maneuver_ATT.csv,/home/tchowdh4/sensor_recovery_project/prediction_results_v9_trained_hybrid/baseline_05_mixed_maneuver_ATT_trained_hybrid_prediction_outputs.csv
31.599855,baseline_05_mixed_maneuver,Pitch,bias,0.038788,0,0.0985543131828308,0.0985543131828308,0.0984727963805198,8.151680231099911e-05,8.151680231099911e-05,0.009697,0,0.0,0.0005039680749178141,0,0,0,W10_N3_mean1.5x,10,3,1.5,1909,Pitch_hybrid_prediction,/home/tchowdh4/sensor_recovery_project/logs/extracted_csv/baseline_05_mixed_maneuver_ATT.csv,/home/tchowdh4/sensor_recovery_project/prediction_results_v9_trained_hybrid/baseline_05_mixed_maneuver_ATT_trained_hybrid_prediction_outputs.csv
31.699815,baseline_05_mixed_maneuver,Pitch,bias,0.038788,0,0.0987537950277328,0.0987537950277328,0.0989034064114093,-0.00014961138367650118,0.00014961138367650118,0.009697,0,0.0,0.0002565030008554736,0,0,0,W10_N3_mean1.5x,10,3,1.5,1909,Pitch_hybrid_prediction,/home/tchowdh4/sensor_recovery_project/logs/extracted_csv/baseline_05_mixed_maneuver_ATT.csv,/home/tchowdh4/sensor_recovery_project/prediction_results_v9_trained_hybrid/baseline_05_mixed_maneuver_ATT_trained_hybrid_prediction_outputs.csv
31.800608,baseline_05_mixed_maneuver,Pitch,bias,0.038788,0,0.0986397787928581,0.0986397787928581,0.098554266616702,8.551217615609952e-05,8.551217615609952e-05,0.009697,0,0.0,0.00017157588154081277,0,0,0,W10_N3_mean1.5x,10,3,1.5,1909,Pitch_hybrid_prediction,/home/tchowdh4/sensor_recovery_project/logs/extracted_csv/baseline_05_mixed_maneuver_ATT.csv,/home/tchowdh4/sensor_recovery_project/prediction_results_v9_trained_hybrid/baseline_05_mixed_maneuver_ATT_trained_hybrid_prediction_outputs.csv
31.900568,baseline_05_mixed_maneuver,Pitch,bias,0.038788,0,0.0987761616706848,0.0987761616706848,0.0988784488290548,-0.00010228715837000413,0.00010228715837000413,0.009697,0,0.0,0.0001314276829362332,0,0,0,W10_N3_mean1.5x,10,3,1.5,1909,Pitch_hybrid_prediction,/home/tchowdh4/sensor_recovery_project/logs/extracted_csv/baseline_05_mixed_maneuver_ATT.csv,/home/tchowdh4/sensor_recovery_project/prediction_results_v9_trained_hybrid/baseline_05_mixed_maneuver_ATT_trained_hybrid_prediction_outputs.csv
32.000528,baseline_05_mixed_maneuver,Pitch,bias,0.038788,0,0.0985554829239845,0.0985554829239845,0.0983899738639592,0.00016550906002529842,0.00016550906002529842,0.009697,0,0.0,0.00014706440269951355,0,0,0,W10_N3_mean1.5x,10,3,1.5,1909,Pitch_hybrid_prediction,/home/tchowdh4/sensor_recovery_project/logs/extracted_csv/baseline_05_mixed_maneuver_ATT.csv,/home/tchowdh4/sensor_recovery_project/prediction_results_v9_trained_hybrid/baseline_05_mixed_maneuver_ATT_trained_hybrid_prediction_outputs.csv
32.100488,baseline_05_mixed_maneuver,Pitch,bias,0.038788,0,0.0987557992339134,0.0987557992339134,0.09890603646636,-0.00015023723244660114,0.00015023723244660114,0.009697,0,0.0,0.00014810822904113286,0,0,0,W10_N3_mean1.5x,10,3,1.5,1909,Pitch_hybrid_prediction,/home/tchowdh4/sensor_recovery_project/logs/extracted_csv/baseline_05_mixed_maneuver_ATT.csv,/home/tchowdh4/sensor_recovery_project/prediction_results_v9_trained_hybrid/baseline_05_mixed_maneuver_ATT_trained_hybrid_prediction_outputs.csv
32.200448,baseline_05_mixed_maneuver,Pitch,bias,0.038788,0,0.0985331684350967,0.0985331684350967,0.0983661953359841,0.00016697309911259395,0.00016697309911259395,0.009697,0,0.0,0.00014006886631253156,0,0,0,W10_N3_mean1.5x,10,3,1.5,1909,Pitch_hybrid_prediction,/home/tchowdh4/sensor_recovery_project/logs/extracted_csv/baseline_05_mixed_maneuver_ATT.csv,/home/tchowdh4/sensor_recovery_project/prediction_results_v9_trained_hybrid/baseline_05_mixed_maneuver_ATT_trained_hybrid_prediction_outputs.csv
32.300408,baseline_05_mixed_maneuver,Pitch,bias,0.038788,0,0.0987584963440895,0.0987584963440895,0.0989274922758341,-0.00016899593174460326,0.00016899593174460326,0.009697,0,0.0,0.00013851542025807156,0,0,0,W10_N3_mean1.5x,10,3,1.5,1909,Pitch_hybrid_prediction,/home/tchowdh4/sensor_recovery_project/logs/extracted_csv/baseline_05_mixed_maneuver_ATT.csv,/home/tchowdh4/sensor_recovery_project/prediction_results_v9_trained_hybrid/baseline_05_mixed_maneuver_ATT_trained_hybrid_prediction_outputs.csv
32.400368,baseline_05_mixed_maneuver,Pitch,bias,0.038788,0,0.0986791923642158,0.0986791923642158,0.0986197143793105,5.947798490529843e-05,5.947798490529843e-05,0.009697,0,0.0,0.00012927968055012062,0,0,0,W10_N3_mean1.5x,10,3,1.5,1909,Pitch_hybrid_prediction,/home/tchowdh4/sensor_recovery_project/logs/extracted_csv/baseline_05_mixed_maneuver_ATT.csv,/home/tchowdh4/sensor_recovery_project/prediction_results_v9_trained_hybrid/baseline_05_mixed_maneuver_ATT_trained_hybrid_prediction_outputs.csv
32.500328,baseline_05_mixed_maneuver,Pitch,bias,0.038788,0,0.0990660712122917,0.0990660712122917,0.0993562303483486,-0.0002901591360569,0.0002901591360569,0.009697,0,0.0,0.00014202799648048992,0,0,0,W10_N3_mean1.5x,10,3,1.5,1909,Pitch_hybrid_prediction,/home/tchowdh4/sensor_recovery_project/logs/extracted_csv/baseline_05_mixed_maneuver_ATT.csv,/home/tchowdh4/sensor_recovery_project/prediction_results_v9_trained_hybrid/baseline_05_mixed_maneuver_ATT_trained_hybrid_prediction_outputs.csv
32.600288,baseline_05_mixed_maneuver,Pitch,bias,0.038788,0,0.098972737789154,0.098972737789154,0.0989027377218007,7.000006735330411e-05,7.000006735330411e-05,0.009697,0,0.0,0.00014087632298472041,0,0,0,W10_N3_mean1.5x,10,3,1.5,1909,Pitch_hybrid_prediction,/home/tchowdh4/sensor_recovery_project/logs/extracted_csv/baseline_05_mixed_maneuver_ATT.csv,/home/tchowdh4/sensor_recovery_project/prediction_results_v9_trained_hybrid/baseline_05_mixed_maneuver_ATT_trained_hybrid_prediction_outputs.csv
32.700248,baseline_05_mixed_maneuver,Pitch,bias,0.038788,0,0.0992681458592414,0.0992681458592414,0.0994897019118069,-0.00022155605256549138,0.00022155605256549138,0.009697,0,0.0,0.00014807078987361943,0,0,0,W10_N3_mean1.5x,10,3,1.5,1909,Pitch_hybrid_prediction,/home/tchowdh4/sensor_recovery_project/logs/extracted_csv/baseline_05_mixed_maneuver_ATT.csv,/home/tchowdh4/sensor_recovery_project/prediction_results_v9_trained_hybrid/baseline_05_mixed_maneuver_ATT_trained_hybrid_prediction_outputs.csv
32.800208,baseline_05_mixed_maneuver,Pitch,bias,0.038788,0,0.0990786254405975,0.0990786254405975,0.0989364851266146,0.00014214031398290805,0.00014214031398290805,0.009697,0,0.0,0.0001537336036563003,0,0,0,W10_N3_mean1.5x,10,3,1.5,1909,Pitch_hybrid_prediction,/home/tchowdh4/sensor_recovery_project/logs/extracted_csv/baseline_05_mixed_maneuver_ATT.csv,/home/tchowdh4/sensor_recovery_project/prediction_results_v9_trained_hybrid/baseline_05_mixed_maneuver_ATT_trained_hybrid_prediction_outputs.csv
32.900168,baseline_05_mixed_maneuver,Pitch,bias,0.038788,0,0.0989816933870315,0.0989816933870315,0.098908994346857,7.269904017449813e-05,7.269904017449813e-05,0.009697,0,0.0,0.00015077479183674968,0,0,0,W10_N3_mean1.5x,10,3,1.5,1909,Pitch_hybrid_prediction,/home/tchowdh4/sensor_recovery_project/logs/extracted_csv/baseline_05_mixed_maneuver_ATT.csv,/home/tchowdh4/sensor_recovery_project/prediction_results_v9_trained_hybrid/baseline_05_mixed_maneuver_ATT_trained_hybrid_prediction_outputs.csv
33.000128,baseline_05_mixed_maneuver,Pitch,bias,0.038788,0,0.0986742749810218,0.0986742749810218,0.0984437111765145,0.0002305638045072972,0.0002305638045072972,0.009697,0,0.0,0.00015728026628494956,0,0,0,W10_N3_mean1.5x,10,3,1.5,1909,Pitch_hybrid_prediction,/home/tchowdh4/sensor_recovery_project/logs/extracted_csv/baseline_05_mixed_maneuver_ATT.csv,/home/tchowdh4/sensor_recovery_project/prediction_results_v9_trained_hybrid/baseline_05_mixed_maneuver_ATT_trained_hybrid_prediction_outputs.csv
33.100088,baseline_05_mixed_maneuver,Pitch,bias,0.038788,0,0.0985862612724304,0.0985862612724304,0.0985202509909868,6.601028144360976e-05,6.601028144360976e-05,0.009697,0,0.0,0.00014885757118465043,0,0,0,W10_N3_mean1.5x,10,3,1.5,1909,Pitch_hybrid_prediction,/home/tchowdh4/sensor_recovery_project/logs/extracted_csv/baseline_05_mixed_maneuver_ATT.csv,/home/tchowdh4/sensor_recovery_project/prediction_results_v9_trained_hybrid/baseline_05_mixed_maneuver_ATT_trained_hybrid_prediction_outputs.csv
33.200048,baseline_05_mixed_maneuver,Pitch,bias,0.038788,0,0.0983887836337089,0.0983887836337089,0.0982406754046677,0.0001481082290411967,0.0001481082290411967,0.009697,0,0.0,0.0001469710841775107,0,0,0,W10_N3_mean1.5x,10,3,1.5,1909,Pitch_hybrid_prediction,/home/tchowdh4/sensor_recovery_project/logs/extracted_csv/baseline_05_mixed_maneuver_ATT.csv,/home/tchowdh4/sensor_recovery_project/prediction_results_v9_trained_hybrid/baseline_05_mixed_maneuver_ATT_trained_hybrid_prediction_outputs.csv
33.300008,baseline_05_mixed_maneuver,Pitch,bias,0.038788,0,0.0979656353592872,0.0979656353592872,0.0976482741534709,0.00031736120581631055,0.00031736120581631055,0.009697,0,0.0,0.00016180761158468142,0,0,0,W10_N3_mean1.5x,10,3,1.5,1909,Pitch_hybrid_prediction,/home/tchowdh4/sensor_recovery_project/logs/extracted_csv/baseline_05_mixed_maneuver_ATT.csv,/home/tchowdh4/sensor_recovery_project/prediction_results_v9_trained_hybrid/baseline_05_mixed_maneuver_ATT_trained_hybrid_prediction_outputs.csv
33.399968,baseline_05_mixed_maneuver,Pitch,bias,0.038788,0,0.0976056382060051,0.0976056382060051,0.0973356403410435,0.0002699978649615964,0.0002699978649615964,0.009697,0,0.0,0.00018285959959031122,0,0,0,W10_N3_mean1.5x,10,3,1.5,1909,Pitch_hybrid_prediction,/home/tchowdh4/sensor_recovery_project/logs/extracted_csv/baseline_05_mixed_maneuver_ATT.csv,/home/tchowdh4/sensor_recovery_project/prediction_results_v9_trained_hybrid/baseline_05_mixed_maneuver_ATT_trained_hybrid_prediction_outputs.csv
33.499928,baseline_05_mixed_maneuver,Pitch,bias,0.038788,0,0.0969744697213172,0.0969744697213172,0.0965010933578012,0.00047337636351599266,0.00047337636351599266,0.009697,0,0.0,0.0002011813223362205,0,0,0,W10_N3_mean1.5x,10,3,1.5,1909,Pitch_hybrid_prediction,/home/tchowdh4/sensor_recovery_project/logs/extracted_csv/baseline_05_mixed_maneuver_ATT.csv,/home/tchowdh4/sensor_recovery_project/prediction_results_v9_trained_hybrid/baseline_05_mixed_maneuver_ATT_trained_hybrid_prediction_outputs.csv
33.599888,baseline_05_mixed_maneuver,Pitch,bias,0.038788,0,0.0962937548756599,0.0962937548756599,0.0957832187414169,0.0005105361342429976,0.0005105361342429976,0.009697,0,0.0,0.00024523492902518983,0,0,0,W10_N3_mean1.5x,10,3,1.5,1909,Pitch_hybrid_prediction,/home/tchowdh4/sensor_recovery_project/logs/extracted_csv/baseline_05_mixed_maneuver_ATT.csv,/home/tchowdh4/sensor_recovery_project/prediction_results_v9_trained_hybrid/baseline_05_mixed_maneuver_ATT_trained_hybrid_prediction_outputs.csv
33.699848,baseline_05_mixed_maneuver,Pitch,bias,0.038788,0,0.095737837255001,0.095737837255001,0.0953208990395068,0.0004169382154941975,0.0004169382154941975,0.009697,0,0.0,0.0002647731453180605,0,0,0,W10_N3_mean1.5x,10,3,1.5,1909,Pitch_hybrid_prediction,/home/tchowdh4/sensor_recovery_project/logs/extracted_csv/baseline_05_mixed_maneuver_ATT.csv,/home/tchowdh4/sensor_recovery_project/prediction_results_v9_trained_hybrid/baseline_05_mixed_maneuver_ATT_trained_hybrid_prediction_outputs.csv
33.799808,baseline_05_mixed_maneuver,Pitch,bias,0.038788,0,0.0950722023844719,0.0950722023844719,0.094572976231575,0.000499226152896895,0.000499226152896895,0.009697,0,0.0,0.00030048172920945916,0,0,0,W10_N3_mean1.5x,10,3,1.5,1909,Pitch_hybrid_prediction,/home/tchowdh4/sensor_recovery_project/logs/extracted_csv/baseline_05_mixed_maneuver_ATT.csv,/home/tchowdh4/sensor_recovery_project/prediction_results_v9_trained_hybrid/baseline_05_mixed_maneuver_ATT_trained_hybrid_prediction_outputs.csv
33.900601,baseline_05_mixed_maneuver,Pitch,bias,0.038788,0,0.0945839285850524,0.0945839285850524,0.0942177232354877,0.0003662053495646911,0.0003662053495646911,0.009697,0,0.0,0.00032983236014847843,0,0,0,W10_N3_mean1.5x,10,3,1.5,1909,Pitch_hybrid_prediction,/home/tchowdh4/sensor_recovery_project/logs/extracted_csv/baseline_05_mixed_maneuver_ATT.csv,/home/tchowdh4/sensor_recovery_project/prediction_results_v9_trained_hybrid/baseline_05_mixed_maneuver_ATT_trained_hybrid_prediction_outputs.csv
34.000561,baseline_05_mixed_maneuver,Pitch,bias,0.038788,0,0.0938400700688362,0.0938400700688362,0.093282176181674,0.0005578938871621947,0.0005578938871621947,0.009697,0,0.0,0.0003625653684139682,0,0,0,W10_N3_mean1.5x,10,3,1.5,1909,Pitch_hybrid_prediction,/home/tchowdh4/sensor_recovery_project/logs/extracted_csv/baseline_05_mixed_maneuver_ATT.csv,/home/tchowdh4/sensor_recovery_project/prediction_results_v9_trained_hybrid/baseline_05_mixed_maneuver_ATT_trained_hybrid_prediction_outputs.csv
34.100521,baseline_05_mixed_maneuver,Pitch,bias,0.038788,0,0.0929913371801376,0.0929913371801376,0.0923547875136136,0.0006365496665240028,0.0006365496665240028,0.009697,0,0.0,0.0004196193069220075,0,0,0,W10_N3_mean1.5x,10,3,1.5,1909,Pitch_hybrid_prediction,/home/tchowdh4/sensor_recovery_project/logs/extracted_csv/baseline_05_mixed_maneuver_ATT.csv,/home/tchowdh4/sensor_recovery_project/prediction_results_v9_trained_hybrid/baseline_05_mixed_maneuver_ATT_trained_hybrid_prediction_outputs.csv
34.200481,baseline_05_mixed_maneuver,Pitch,bias,0.038788,0,0.0924281626939773,0.0924281626939773,0.092005781829357,0.0004223808646203059,0.0004223808646203059,0.009697,0,0.0,0.0004470465704799184,0,0,0,W10_N3_mean1.5x,10,3,1.5,1909,Pitch_hybrid_prediction,/home/tchowdh4/sensor_recovery_project/logs/extracted_csv/baseline_05_mixed_maneuver_ATT.csv,/home/tchowdh4/sensor_recovery_project/prediction_results_v9_trained_hybrid/baseline_05_mixed_maneuver_ATT_trained_hybrid_prediction_outputs.csv
34.300441,baseline_05_mixed_maneuver,Pitch,bias,0.038788,0,0.0918453633785247,0.0918453633785247,0.0914082638919352,0.00043709948658950115,0.00043709948658950115,0.009697,0,0.0,0.0004590203985572375,0,0,0,W10_N3_mean1.5x,10,3,1.5,1909,Pitch_hybrid_prediction,/home/tchowdh4/sensor_recovery_project/logs/extracted_csv/baseline_05_mixed_maneuver_ATT.csv,/home/tchowdh4/sensor_recovery_project/prediction_results_v9_trained_hybrid/baseline_05_mixed_maneuver_ATT_trained_hybrid_prediction_outputs.csv
34.400401,baseline_05_mixed_maneuver,Pitch,bias,0.038788,0,0.0911202430725097,0.0911202430725097,0.0905764028429984,0.0005438402295113026,0.0005438402295113026,0.009697,0,0.0,0.0004864046350122081,0,0,0,W10_N3_mean1.5x,10,3,1.5,1909,Pitch_hybrid_prediction,/home/tchowdh4/sensor_recovery_project/logs/extracted_csv/baseline_05_mixed_maneuver_ATT.csv,/home/tchowdh4/sensor_recovery_project/prediction_results_v9_trained_hybrid/baseline_05_mixed_maneuver_ATT_trained_hybrid_prediction_outputs.csv
34.500361,baseline_05_mixed_maneuver,Pitch,bias,0.038788,0,0.0905167534947395,0.0905167534947395,0.0900641363114118,0.0004526171833277026,0.0004526171833277026,0.009697,0,0.0,0.00048432871699337907,0,0,0,W10_N3_mean1.5x,10,3,1.5,1909,Pitch_hybrid_prediction,/home/tchowdh4/sensor_recovery_project/logs/extracted_csv/baseline_05_mixed_maneuver_ATT.csv,/home/tchowdh4/sensor_recovery_project/prediction_results_v9_trained_hybrid/baseline_05_mixed_maneuver_ATT_trained_hybrid_prediction_outputs.csv
34.600321,baseline_05_mixed_maneuver,Pitch,bias,0.038788,0,0.0896551758050918,0.0896551758050918,0.089008992537856,0.0006461832672357976,0.0006461832672357976,0.009697,0,0.0,0.000497893430292659,0,0,0,W10_N3_mean1.5x,10,3,1.5,1909,Pitch_hybrid_prediction,/home/tchowdh4/sensor_recovery_project/logs/extracted_csv/baseline_05_mixed_maneuver_ATT.csv,/home/tchowdh4/sensor_recovery_project/prediction_results_v9_trained_hybrid/baseline_05_mixed_maneuver_ATT_trained_hybrid_prediction_outputs.csv
34.700281,baseline_05_mixed_maneuver,Pitch,bias,0.038788,0,0.0891900658607482,0.0891900658607482,0.0888412334024904,0.00034883245825780007,0.00034883245825780007,0.009697,0,0.0,0.0004910828545690194,0,0,0,W10_N3_mean1.5x,10,3,1.5,1909,Pitch_hybrid_prediction,/home/tchowdh4/sensor_recovery_project/logs/extracted_csv/baseline_05_mixed_maneuver_ATT.csv,/home/tchowdh4/sensor_recovery_project/prediction_results_v9_trained_hybrid/baseline_05_mixed_maneuver_ATT_trained_hybrid_prediction_outputs.csv
34.800241,baseline_05_mixed_maneuver,Pitch,bias,0.038788,0,0.0884841233491897,0.0884841233491897,0.0879546664655208,0.0005294568836688995,0.0005294568836688995,0.009697,0,0.0,0.0004941059276462198,0,0,0,W10_N3_mean1.5x,10,3,1.5,1909,Pitch_hybrid_prediction,/home/tchowdh4/sensor_recovery_project/logs/extracted_csv/baseline_05_mixed_maneuver_ATT.csv,/home/tchowdh4/sensor_recovery_project/prediction_results_v9_trained_hybrid/baseline_05_mixed_maneuver_ATT_trained_hybrid_prediction_outputs.csv
34.900201,baseline_05_mixed_maneuver,Pitch,bias,0.038788,0,0.0880241766571998,0.0880241766571998,0.0876792166382073,0.0003449600189925073,0.0003449600189925073,0.009697,0,0.0,0.0004919813945890014,0,0,0,W10_N3_mean1.5x,10,3,1.5,1909,Pitch_hybrid_prediction,/home/tchowdh4/sensor_recovery_project/logs/extracted_csv/baseline_05_mixed_maneuver_ATT.csv,/home/tchowdh4/sensor_recovery_project/prediction_results_v9_trained_hybrid/baseline_05_mixed_maneuver_ATT_trained_hybrid_prediction_outputs.csv
35.000161,baseline_05_mixed_maneuver,Pitch,bias,0.038788,0,0.0875750556588172,0.0875750556588172,0.0872382149100302,0.00033684074878699566,0.00033684074878699566,0.009697,0,0.0,0.0004698760807514815,0,0,0,W10_N3_mean1.5x,10,3,1.5,1909,Pitch_hybrid_prediction,/home/tchowdh4/sensor_recovery_project/logs/extracted_csv/baseline_05_mixed_maneuver_ATT.csv,/home/tchowdh4/sensor_recovery_project/prediction_results_v9_trained_hybrid/baseline_05_mixed_maneuver_ATT_trained_hybrid_prediction_outputs.csv
35.100121,baseline_05_mixed_maneuver,Pitch,bias,0.038788,0,0.0871206596493721,0.0871206596493721,0.0867798626422882,0.0003407970070839067,0.0003407970070839067,0.009697,0,0.0,0.0004403008148074719,0,0,0,W10_N3_mean1.5x,10,3,1.5,1909,Pitch_hybrid_prediction,/home/tchowdh4/sensor_recovery_project/logs/extracted_csv/baseline_05_mixed_maneuver_ATT.csv,/home/tchowdh4/sensor_recovery_project/prediction_results_v9_trained_hybrid/baseline_05_mixed_maneuver_ATT_trained_hybrid_prediction_outputs.csv
35.200081,baseline_05_mixed_maneuver,Pitch,bias,0.038788,0,0.0865764692425727,0.0865764692425727,0.0861683264374731,0.0004081428050995983,0.0004081428050995983,0.009697,0,0.0,0.0004388770088554012,0,0,0,W10_N3_mean1.5x,10,3,1.5,1909,Pitch_hybrid_prediction,/home/tchowdh4/sensor_recovery_project/logs/extracted_csv/baseline_05_mixed_maneuver_ATT.csv,/home/tchowdh4/sensor_recovery_project/prediction_results_v9_trained_hybrid/baseline_05_mixed_maneuver_ATT_trained_hybrid_prediction_outputs.csv
35.300041,baseline_05_mixed_maneuver,Pitch,bias,0.038788,0,0.0865485817193985,0.0865485817193985,0.0865276660770178,2.091564238070054e-05,2.091564238070054e-05,0.009697,0,0.0,0.00039725862443452107,0,0,0,W10_N3_mean1.5x,10,3,1.5,1909,Pitch_hybrid_prediction,/home/tchowdh4/sensor_recovery_project/logs/extracted_csv/baseline_05_mixed_maneuver_ATT.csv,/home/tchowdh4/sensor_recovery_project/prediction_results_v9_trained_hybrid/baseline_05_mixed_maneuver_ATT_trained_hybrid_prediction_outputs.csv
35.400001,baseline_05_mixed_maneuver,Pitch,bias,0.038788,0,0.0858687087893486,0.0858687087893486,0.0853588040918111,0.0005099046975375054,0.0005099046975375054,0.009697,0,0.0,0.0003938650712371414,0,0,0,W10_N3_mean1.5x,10,3,1.5,1909,Pitch_hybrid_prediction,/home/tchowdh4/sensor_recovery_project/logs/extracted_csv/baseline_05_mixed_maneuver_ATT.csv,/home/tchowdh4/sensor_recovery_project/prediction_results_v9_trained_hybrid/baseline_05_mixed_maneuver_ATT_trained_hybrid_prediction_outputs.csv
35.499961,baseline_05_mixed_maneuver,Pitch,bias,0.038788,0,0.0857900232076644,0.0857900232076644,0.0857310090214012,5.901418626320931e-05,5.901418626320931e-05,0.009697,0,0.0,0.00035450477153069204,0,0,0,W10_N3_mean1.5x,10,3,1.5,1909,Pitch_hybrid_prediction,/home/tchowdh4/sensor_recovery_project/logs/extracted_csv/baseline_05_mixed_maneuver_ATT.csv,/home/tchowdh4/sensor_recovery_project/prediction_results_v9_trained_hybrid/baseline_05_mixed_maneuver_ATT_trained_hybrid_prediction_outputs.csv
35.599921,baseline_05_mixed_maneuver,Pitch,bias,0.038788,0,0.0855744332075119,0.0855744332075119,0.0854127407073975,0.00016169250011439928,0.00016169250011439928,0.009697,0,0.0,0.0003060556948185522,0,0,0,W10_N3_mean1.5x,10,3,1.5,1909,Pitch_hybrid_prediction,/home/tchowdh4/sensor_recovery_project/logs/extracted_csv/baseline_05_mixed_maneuver_ATT.csv,/home/tchowdh4/sensor_recovery_project/prediction_results_v9_trained_hybrid/baseline_05_mixed_maneuver_ATT_trained_hybrid_prediction_outputs.csv
35.699881,baseline_05_mixed_maneuver,Pitch,bias,0.038788,0,0.0855745747685432,0.0855745747685432,0.0855746809393166,-1.0617077339514225e-07,1.0617077339514225e-07,0.009697,0,0.0,0.0002711830660701117,0,0,0,W10_N3_mean1.5x,10,3,1.5,1909,Pitch_hybrid_prediction,/home/tchowdh4/sensor_recovery_project/logs/extracted_csv/baseline_05_mixed_maneuver_ATT.csv,/home/tchowdh4/sensor_recovery_project/prediction_results_v9_trained_hybrid/baseline_05_mixed_maneuver_ATT_trained_hybrid_prediction_outputs.csv
35.799841,baseline_05_mixed_maneuver,Pitch,bias,0.038788,0,0.0852826684713363,0.0852826684713363,0.0850637387484311,0.00021892972290520063,0.00021892972290520063,0.009697,0,0.0,0.00024013034999374183,0,0,0,W10_N3_mean1.5x,10,3,1.5,1909,Pitch_hybrid_prediction,/home/tchowdh4/sensor_recovery_project/logs/extracted_csv/baseline_05_mixed_maneuver_ATT.csv,/home/tchowdh4/sensor_recovery_project/prediction_results_v9_trained_hybrid/baseline_05_mixed_maneuver_ATT_trained_hybrid_prediction_outputs.csv
35.899801,baseline_05_mixed_maneuver,Pitch,bias,0.038788,0,0.0853657200932502,0.0853657200932502,0.0854280088096856,-6.22887164353908e-05,6.22887164353908e-05,0.009697,0,0.0,0.0002118632197380302,0,0,0,W10_N3_mean1.5x,10,3,1.5,1909,Pitch_hybrid_prediction,/home/tchowdh4/sensor_recovery_project/logs/extracted_csv/baseline_05_mixed_maneuver_ATT.csv,/home/tchowdh4/sensor_recovery_project/prediction_results_v9_trained_hybrid/baseline_05_mixed_maneuver_ATT_trained_hybrid_prediction_outputs.csv
36.000594,baseline_05_mixed_maneuver,Pitch,bias,0.038788,0,0.0853448808193206,0.0853448808193206,0.0853292513638734,1.562945544719696e-05,1.562945544719696e-05,0.009697,0,0.0,0.0001797420904040503,0,0,0,W10_N3_mean1.5x,10,3,1.5,1909,Pitch_hybrid_prediction,/home/tchowdh4/sensor_recovery_project/logs/extracted_csv/baseline_05_mixed_maneuver_ATT.csv,/home/tchowdh4/sensor_recovery_project/prediction_results_v9_trained_hybrid/baseline_05_mixed_maneuver_ATT_trained_hybrid_prediction_outputs.csv
36.100554,baseline_05_mixed_maneuver,Pitch,bias,0.038788,0,0.0852116346359252,0.0852116346359252,0.0851116999983786,9.993463754659482e-05,9.993463754659482e-05,0.009697,0,0.0,0.00015565585345031914,0,0,0,W10_N3_mean1.5x,10,3,1.5,1909,Pitch_hybrid_prediction,/home/tchowdh4/sensor_recovery_project/logs/extracted_csv/baseline_05_mixed_maneuver_ATT.csv,/home/tchowdh4/sensor_recovery_project/prediction_results_v9_trained_hybrid/baseline_05_mixed_maneuver_ATT_trained_hybrid_prediction_outputs.csv
36.200514,baseline_05_mixed_maneuver,Pitch,bias,0.038788,0,0.0849323347210884,0.0849323347210884,0.0847228597849608,0.00020947493612759327,0.00020947493612759327,0.009697,0,0.0,0.00013578906655311863,0,0,0,W10_N3_mean1.5x,10,3,1.5,1909,Pitch_hybrid_prediction,/home/tchowdh4/sensor_recovery_project/logs/extracted_csv/baseline_05_mixed_maneuver_ATT.csv,/home/tchowdh4/sensor_recovery_project/prediction_results_v9_trained_hybrid/baseline_05_mixed_maneuver_ATT_trained_hybrid_prediction_outputs.csv
36.300474,baseline_05_mixed_maneuver,Pitch,bias,0.038788,0,0.0850219801068306,0.0850219801068306,0.0850892141461372,-6.723403930659899e-05,6.723403930659899e-05,0.009697,0,0.0,0.00014042090624570845,0,0,0,W10_N3_mean1.5x,10,3,1.5,1909,Pitch_hybrid_prediction,/home/tchowdh4/sensor_recovery_project/logs/extracted_csv/baseline_05_mixed_maneuver_ATT.csv,/home/tchowdh4/sensor_recovery_project/prediction_results_v9_trained_hybrid/baseline_05_mixed_maneuver_ATT_trained_hybrid_prediction_outputs.csv
36.400434,baseline_05_mixed_maneuver,Pitch,bias,0.038788,0,0.0849944055080413,0.0849944055080413,0.0849737245589493,2.0680949091994583e-05,2.0680949091994583e-05,0.009697,0,0.0,9.149853140115738e-05,0,0,0,W10_N3_mean1.5x,10,3,1.5,1909,Pitch_hybrid_prediction,/home/tchowdh4/sensor_recovery_project/logs/extracted_csv/baseline_05_mixed_maneuver_ATT.csv,/home/tchowdh4/sensor_recovery_project/prediction_results_v9_trained_hybrid/baseline_05_mixed_maneuver_ATT_trained_hybrid_prediction_outputs.csv
36.500394,baseline_05_mixed_maneuver,Pitch,bias,0.038788,0,0.0852447897195816,0.0852447897195816,0.0854325778782368,-0.00018778815865519438,0.00018778815865519438,0.009697,0,0.0,0.00010437592864035589,0,0,0,W10_N3_mean1.5x,10,3,1.5,1909,Pitch_hybrid_prediction,/home/tchowdh4/sensor_recovery_project/logs/extracted_csv/baseline_05_mixed_maneuver_ATT.csv,/home/tchowdh4/sensor_recovery_project/prediction_results_v9_trained_hybrid/baseline_05_mixed_maneuver_ATT_trained_hybrid_prediction_outputs.csv
36.600354,baseline_05_mixed_maneuver,Pitch,bias,0.038788,0,0.0854418724775314,0.0854418724775314,0.0855896845459937,-0.00014781206846228856,0.00014781206846228856,0.009697,0,0.0,0.00010298788547514481,0,0,0,W10_N3_mean1.5x,10,3,1.5,1909,Pitch_hybrid_prediction,/home/tchowdh4/sensor_recovery_project/logs/extracted_csv/baseline_05_mixed_maneuver_ATT.csv,/home/tchowdh4/sensor_recovery_project/prediction_results_v9_trained_hybrid/baseline_05_mixed_maneuver_ATT_trained_hybrid_prediction_outputs.csv
36.700314,baseline_05_mixed_maneuver,Pitch,bias,0.038788,0,0.0855887830257415,0.0855887830257415,0.085698965936899,-0.00011018291115751089,0.00011018291115751089,0.009697,0,0.0,0.00011399555951355639,0,0,0,W10_N3_mean1.5x,10,3,1.5,1909,Pitch_hybrid_prediction,/home/tchowdh4/sensor_recovery_project/logs/extracted_csv/baseline_05_mixed_maneuver_ATT.csv,/home/tchowdh4/sensor_recovery_project/prediction_results_v9_trained_hybrid/baseline_05_mixed_maneuver_ATT_trained_hybrid_prediction_outputs.csv
36.800274,baseline_05_mixed_maneuver,Pitch,bias,0.038788,0,0.085535429418087,0.085535429418087,0.0854954142123461,4.0015205740900894e-05,4.0015205740900894e-05,0.009697,0,0.0,9.610410779712641e-05,0,0,0,W10_N3_mean1.5x,10,3,1.5,1909,Pitch_hybrid_prediction,/home/tchowdh4/sensor_recovery_project/logs/extracted_csv/baseline_05_mixed_maneuver_ATT.csv,/home/tchowdh4/sensor_recovery_project/prediction_results_v9_trained_hybrid/baseline_05_mixed_maneuver_ATT_trained_hybrid_prediction_outputs.csv
36.900234,baseline_05_mixed_maneuver,Pitch,bias,0.038788,0,0.0857408791780471,0.0857408791780471,0.0858949664980171,-0.00015408731997000602,0.00015408731997000602,0.009697,0,0.0,0.00010528396815058794,0,0,0,W10_N3_mean1.5x,10,3,1.5,1909,Pitch_hybrid_prediction,/home/tchowdh4/sensor_recovery_project/logs/extracted_csv/baseline_05_mixed_maneuver_ATT.csv,/home/tchowdh4/sensor_recovery_project/prediction_results_v9_trained_hybrid/baseline_05_mixed_maneuver_ATT_trained_hybrid_prediction_outputs.csv
37.000194,baseline_05_mixed_maneuver,Pitch,bias,0.038788,0,0.0859047695994377,0.0859047695994377,0.0860276874154806,-0.00012291781604290009,0.00012291781604290009,0.009697,0,0.0,0.00011601280421015825,0,0,0,W10_N3_mean1.5x,10,3,1.5,1909,Pitch_hybrid_prediction,/home/tchowdh4/sensor_recovery_project/logs/extracted_csv/baseline_05_mixed_maneuver_ATT.csv,/home/tchowdh4/sensor_recovery_project/prediction_results_v9_trained_hybrid/baseline_05_mixed_maneuver_ATT_trained_hybrid_prediction_outputs.csv
37.100154,baseline_05_mixed_maneuver,Pitch,bias,0.038788,0,0.0863364711403846,0.0863364711403846,0.0866602472960947,-0.00032377615571009544,0.00032377615571009544,0.009697,0,0.0,0.0001383969560265083,0,0,0,W10_N3_mean1.5x,10,3,1.5,1909,Pitch_hybrid_prediction,/home/tchowdh4/sensor_recovery_project/logs/extracted_csv/baseline_05_mixed_maneuver_ATT.csv,/home/tchowdh4/sensor_recovery_project/prediction_results_v9_trained_hybrid/baseline_05_mixed_maneuver_ATT_trained_hybrid_prediction_outputs.csv
37.200114,baseline_05_mixed_maneuver,Pitch,bias,0.038788,0,0.0866954624652862,0.0866954624652862,0.0869647059589624,-0.0002692434936761995,0.0002692434936761995,0.009697,0,0.0,0.00014437381178136893,0,0,0,W10_N3_mean1.5x,10,3,1.5,1909,Pitch_hybrid_prediction,/home/tchowdh4/sensor_recovery_project/logs/extracted_csv/baseline_05_mixed_maneuver_ATT.csv,/home/tchowdh4/sensor_recovery_project/prediction_results_v9_trained_hybrid/baseline_05_mixed_maneuver_ATT_trained_hybrid_prediction_outputs.csv
37.300074,baseline_05_mixed_maneuver,Pitch,bias,0.038788,0,0.0870443359017372,0.0870443359017372,0.0873059909790754,-0.0002616550773382048,0.0002616550773382048,0.009697,0,0.0,0.00016381591558452951,0,0,0,W10_N3_mean1.5x,10,3,1.5,1909,Pitch_hybrid_prediction,/home/tchowdh4/sensor_recovery_project/logs/extracted_csv/baseline_05_mixed_maneuver_ATT.csv,/home/tchowdh4/sensor_recovery_project/prediction_results_v9_trained_hybrid/baseline_05_mixed_maneuver_ATT_trained_hybrid_prediction_outputs.csv
37.400034,baseline_05_mixed_maneuver,Pitch,bias,0.038788,0,0.0871113091707229,0.0871113091707229,0.0871615391224621,-5.0229951739200196e-05,5.0229951739200196e-05,0.009697,0,0.0,0.0001667708158492501,0,0,0,W10_N3_mean1.5x,10,3,1.5,1909,Pitch_hybrid_prediction,/home/tchowdh4/sensor_recovery_project/logs/extracted_csv/baseline_05_mixed_maneuver_ATT.csv,/home/tchowdh4/sensor_recovery_project/prediction_results_v9_trained_hybrid/baseline_05_mixed_maneuver_ATT_trained_hybrid_prediction_outputs.csv
37.499994,baseline_05_mixed_maneuver,Pitch,bias,0.038788,0,0.0873022079467773,0.0873022079467773,0.087445382028818,-0.00014317408204070348,0.00014317408204070348,0.009697,0,0.0,0.000162309408187801,0,0,0,W10_N3_mean1.5x,10,3,1.5,1909,Pitch_hybrid_prediction,/home/tchowdh4/sensor_recovery_project/logs/extracted_csv/baseline_05_mixed_maneuver_ATT.csv,/home/tchowdh4/sensor_recovery_project/prediction_results_v9_trained_hybrid/baseline_05_mixed_maneuver_ATT_trained_hybrid_prediction_outputs.csv
37.599954,baseline_05_mixed_maneuver,Pitch,bias,0.038788,0,0.0875747129321098,0.0875747129321098,0.0877790916711091,-0.00020437873899929737,0.00020437873899929737,0.009697,0,0.0,0.00016796607524150186,0,0,0,W10_N3_mean1.5x,10,3,1.5,1909,Pitch_hybrid_prediction,/home/tchowdh4/sensor_recovery_project/logs/extracted_csv/baseline_05_mixed_maneuver_ATT.csv,/home/tchowdh4/sensor_recovery_project/prediction_results_v9_trained_hybrid/baseline_05_mixed_maneuver_ATT_trained_hybrid_prediction_outputs.csv
37.699914,baseline_05_mixed_maneuver,Pitch,bias,0.038788,0,0.0879585519433021,0.0879585519433021,0.0882464312016963,-0.0002878792583941997,0.0002878792583941997,0.009697,0,0.0,0.00018573570996517074,0,0,0,W10_N3_mean1.5x,10,3,1.5,1909,Pitch_hybrid_prediction,/home/tchowdh4/sensor_recovery_project/logs/extracted_csv/baseline_05_mixed_maneuver_ATT.csv,/home/tchowdh4/sensor_recovery_project/prediction_results_v9_trained_hybrid/baseline_05_mixed_maneuver_ATT_trained_hybrid_prediction_outputs.csv
37.799874,baseline_05_mixed_maneuver,Pitch,bias,0.038788,0,0.0883471220731735,0.0883471220731735,0.088638549670577,-0.00029142759740349855,0.00029142759740349855,0.009697,0,0.0,0.00021087694913143052,0,0,0,W10_N3_mean1.5x,10,3,1.5,1909,Pitch_hybrid_prediction,/home/tchowdh4/sensor_recovery_project/logs/extracted_csv/baseline_05_mixed_maneuver_ATT.csv,/home/tchowdh4/sensor_recovery_project/prediction_results_v9_trained_hybrid/baseline_05_mixed_maneuver_ATT_trained_hybrid_prediction_outputs.csv
37.899834,baseline_05_mixed_maneuver,Pitch,bias,0.038788,0,0.0883508175611496,0.0883508175611496,0.0883535891771316,-2.771615982000153e-06,2.771615982000153e-06,0.009697,0,0.0,0.00019574537873262994,0,0,0,W10_N3_mean1.5x,10,3,1.5,1909,Pitch_hybrid_prediction,/home/tchowdh4/sensor_recovery_project/logs/extracted_csv/baseline_05_mixed_maneuver_ATT.csv,/home/tchowdh4/sensor_recovery_project/prediction_results_v9_trained_hybrid/baseline_05_mixed_maneuver_ATT_trained_hybrid_prediction_outputs.csv
37.999794,baseline_05_mixed_maneuver,Pitch,bias,0.038788,0,0.0885008424520492,0.0885008424520492,0.0886133611202239,-0.00011251866817470202,0.00011251866817470202,0.009697,0,0.0,0.00019470546394581011,0,0,0,W10_N3_mean1.5x,10,3,1.5,1909,Pitch_hybrid_prediction,/home/tchowdh4/sensor_recovery_project/logs/extracted_csv/baseline_05_mixed_maneuver_ATT.csv,/home/tchowdh4/sensor_recovery_project/prediction_results_v9_trained_hybrid/baseline_05_mixed_maneuver_ATT_trained_hybrid_prediction_outputs.csv
38.100587,baseline_05_mixed_maneuver,Pitch,bias,0.038788,0,0.0888038799166679,0.0888038799166679,0.0890311580151319,-0.00022727809846399827,0.00022727809846399827,0.009697,0,0.0,0.00018505565822120041,0,0,0,W10_N3_mean1.5x,10,3,1.5,1909,Pitch_hybrid_prediction,/home/tchowdh4/sensor_recovery_project/logs/extracted_csv/baseline_05_mixed_maneuver_ATT.csv,/home/tchowdh4/sensor_recovery_project/prediction_results_v9_trained_hybrid/baseline_05_mixed_maneuver_ATT_trained_hybrid_prediction_outputs.csv
38.200547,baseline_05_mixed_maneuver,Pitch,bias,0.038788,0,0.0890525728464126,0.0890525728464126,0.0892390925437211,-0.0001865196973084987,0.0001865196973084987,0.009697,0,0.0,0.00017678327858443034,0,0,0,W10_N3_mean1.5x,10,3,1.5,1909,Pitch_hybrid_prediction,/home/tchowdh4/sensor_recovery_project/logs/extracted_csv/baseline_05_mixed_maneuver_ATT.csv,/home/tchowdh4/sensor_recovery_project/prediction_results_v9_trained_hybrid/baseline_05_mixed_maneuver_ATT_trained_hybrid_prediction_outputs.csv
38.300507,baseline_05_mixed_maneuver,Pitch,bias,0.038788,0,0.0892766937613487,0.0892766937613487,0.0894447844475507,-0.00016809068620200762,0.00016809068620200762,0.009697,0,0.0,0.0001674268394708106,0,0,0,W10_N3_mean1.5x,10,3,1.5,1909,Pitch_hybrid_prediction,/home/tchowdh4/sensor_recovery_project/logs/extracted_csv/baseline_05_mixed_maneuver_ATT.csv,/home/tchowdh4/sensor_recovery_project/prediction_results_v9_trained_hybrid/baseline_05_mixed_maneuver_ATT_trained_hybrid_prediction_outputs.csv
38.400467,baseline_05_mixed_maneuver,Pitch,bias,0.038788,0,0.0895026698708534,0.0895026698708534,0.0896721519529819,-0.00016948208212849702,0.00016948208212849702,0.009697,0,0.0,0.0001793520525097403,0,0,0,W10_N3_mean1.5x,10,3,1.5,1909,Pitch_hybrid_prediction,/home/tchowdh4/sensor_recovery_project/logs/extracted_csv/baseline_05_mixed_maneuver_ATT.csv,/home/tchowdh4/sensor_recovery_project/prediction_results_v9_trained_hybrid/baseline_05_mixed_maneuver_ATT_trained_hybrid_prediction_outputs.csv
38.500427,baseline_05_mixed_maneuver,Pitch,bias,0.038788,0,0.0897532403469085,0.0897532403469085,0.0899411682039498,-0.00018792785704130344,0.00018792785704130344,0.009697,0,0.0,0.0001838274300098003,0,0,0,W10_N3_mean1.5x,10,3,1.5,1909,Pitch_hybrid_prediction,/home/tchowdh4/sensor_recovery_project/logs/extracted_csv/baseline_05_mixed_maneuver_ATT.csv,/home/tchowdh4/sensor_recovery_project/prediction_results_v9_trained_hybrid/baseline_05_mixed_maneuver_ATT_trained_hybrid_prediction_outputs.csv
38.600387,baseline_05_mixed_maneuver,Pitch,bias,0.038788,0,0.0899476632475853,0.0899476632475853,0.0900934804230929,-0.00014581717550760098,0.00014581717550760098,0.009697,0,0.0,0.00017797127366063064,0,0,0,W10_N3_mean1.5x,10,3,1.5,1909,Pitch_hybrid_prediction,/home/tchowdh4/sensor_recovery_project/logs/extracted_csv/baseline_05_mixed_maneuver_ATT.csv,/home/tchowdh4/sensor_recovery_project/prediction_results_v9_trained_hybrid/baseline_05_mixed_maneuver_ATT_trained_hybrid_prediction_outputs.csv
38.700347,baseline_05_mixed_maneuver,Pitch,bias,0.038788,0,0.0900420770049095,0.0900420770049095,0.0901128873229026,-7.081031799309467e-05,7.081031799309467e-05,0.009697,0,0.0,0.00015626437962052014,0,0,0,W10_N3_mean1.5x,10,3,1.5,1909,Pitch_hybrid_prediction,/home/tchowdh4/sensor_recovery_project/logs/extracted_csv/baseline_05_mixed_maneuver_ATT.csv,/home/tchowdh4/sensor_recovery_project/prediction_results_v9_trained_hybrid/baseline_05_mixed_maneuver_ATT_trained_hybrid_prediction_outputs.csv
38.800307,baseline_05_mixed_maneuver,Pitch,bias,0.038788,0,0.0903429239988327,0.0903429239988327,0.0905685592442751,-0.00022563524544239044,0.00022563524544239044,0.009697,0,0.0,0.00014968514442440932,0,0,0,W10_N3_mean1.5x,10,3,1.5,1909,Pitch_hybrid_prediction,/home/tchowdh4/sensor_recovery_project/logs/extracted_csv/baseline_05_mixed_maneuver_ATT.csv,/home/tchowdh4/sensor_recovery_project/prediction_results_v9_trained_hybrid/baseline_05_mixed_maneuver_ATT_trained_hybrid_prediction_outputs.csv
38.900267,baseline_05_mixed_maneuver,Pitch,bias,0.038788,0,0.0905073881149292,0.0905073881149292,0.0906307362020015,-0.00012334808707230305,0.00012334808707230305,0.009697,0,0.0,0.00016174279153343963,0,0,0,W10_N3_mean1.5x,10,3,1.5,1909,Pitch_hybrid_prediction,/home/tchowdh4/sensor_recovery_project/logs/extracted_csv/baseline_05_mixed_maneuver_ATT.csv,/home/tchowdh4/sensor_recovery_project/prediction_results_v9_trained_hybrid/baseline_05_mixed_maneuver_ATT_trained_hybrid_prediction_outputs.csv
39.000227,baseline_05_mixed_maneuver,Pitch,bias,0.038788,0,0.0907863825559616,0.0907863825559616,0.0909956283867358,-0.0002092458307742101,0.0002092458307742101,0.009697,0,0.0,0.00017141550779339044,0,0,0,W10_N3_mean1.5x,10,3,1.5,1909,Pitch_hybrid_prediction,/home/tchowdh4/sensor_recovery_project/logs/extracted_csv/baseline_05_mixed_maneuver_ATT.csv,/home/tchowdh4/sensor_recovery_project/prediction_results_v9_trained_hybrid/baseline_05_mixed_maneuver_ATT_trained_hybrid_prediction_outputs.csv
39.100187,baseline_05_mixed_maneuver,Pitch,bias,0.038788,0,0.0910006165504455,0.0910006165504455,0.0911612920463084,-0.0001606754958629053,0.0001606754958629053,0.009697,0,0.0,0.00016475524753328114,0,0,0,W10_N3_mean1.5x,10,3,1.5,1909,Pitch_hybrid_prediction,/home/tchowdh4/sensor_recovery_project/logs/extracted_csv/baseline_05_mixed_maneuver_ATT.csv,/home/tchowdh4/sensor_recovery_project/prediction_results_v9_trained_hybrid/baseline_05_mixed_maneuver_ATT_trained_hybrid_prediction_outputs.csv
39.200147,baseline_05_mixed_maneuver,Pitch,bias,0.038788,0,0.0913856551051139,0.0913856551051139,0.0916744340211151,-0.000288778916001195,0.000288778916001195,0.009697,0,0.0,0.00017498116940255077,0,0,0,W10_N3_mean1.5x,10,3,1.5,1909,Pitch_hybrid_prediction,/home/tchowdh4/sensor_recovery_project/logs/extracted_csv/baseline_05_mixed_maneuver_ATT.csv,/home/tchowdh4/sensor_recovery_project/prediction_results_v9_trained_hybrid/baseline_05_mixed_maneuver_ATT_trained_hybrid_prediction_outputs.csv
39.300107,baseline_05_mixed_maneuver,Pitch,bias,0.038788,0,0.0916360691189765,0.0916360691189765,0.0918238796293734,-0.00018781051039690189,0.00018781051039690189,0.009697,0,0.0,0.0001769531518220402,0,0,0,W10_N3_mean1.5x,10,3,1.5,1909,Pitch_hybrid_prediction,/home/tchowdh4/sensor_recovery_project/logs/extracted_csv/baseline_05_mixed_maneuver_ATT.csv,/home/tchowdh4/sensor_recovery_project/prediction_results_v9_trained_hybrid/baseline_05_mixed_maneuver_ATT_trained_hybrid_prediction_outputs.csv
39.400067,baseline_05_mixed_maneuver,Pitch,bias,0.038788,0,0.0920734107494354,0.0920734107494354,0.0924014169722795,-0.0003280062228440961,0.0003280062228440961,0.009697,0,0.0,0.0001928055658936001,0,0,0,W10_N3_mean1.5x,10,3,1.5,1909,Pitch_hybrid_prediction,/home/tchowdh4/sensor_recovery_project/logs/extracted_csv/baseline_05_mixed_maneuver_ATT.csv,/home/tchowdh4/sensor_recovery_project/prediction_results_v9_trained_hybrid/baseline_05_mixed_maneuver_ATT_trained_hybrid_prediction_outputs.csv
39.500027,baseline_05_mixed_maneuver,Pitch,bias,0.038788,0,0.0922064706683158,0.0922064706683158,0.0923062656074761,-9.979493916029147e-05,9.979493916029147e-05,0.009697,0,0.0,0.0001839922741054989,0,0,0,W10_N3_mean1.5x,10,3,1.5,1909,Pitch_hybrid_prediction,/home/tchowdh4/sensor_recovery_project/logs/extracted_csv/baseline_05_mixed_maneuver_ATT.csv,/home/tchowdh4/sensor_recovery_project/prediction_results_v9_trained_hybrid/baseline_05_mixed_maneuver_ATT_trained_hybrid_prediction_outputs.csv
39.599987,baseline_05_mixed_maneuver,Pitch,bias,0.038788,0,0.0924523249268531,0.0924523249268531,0.092636715620756,-0.00018439069390289997,0.00018439069390289997,0.009697,0,0.0,0.0001878496259450288,0,0,0,W10_N3_mean1.5x,10,3,1.5,1909,Pitch_hybrid_prediction,/home/tchowdh4/sensor_recovery_project/logs/extracted_csv/baseline_05_mixed_maneuver_ATT.csv,/home/tchowdh4/sensor_recovery_project/prediction_results_v9_trained_hybrid/baseline_05_mixed_maneuver_ATT_trained_hybrid_prediction_outputs.csv
39.699947,baseline_05_mixed_maneuver,Pitch,bias,0.038788,0,0.0927356630563736,0.0927356630563736,0.0929481666535139,-0.00021250359714029832,0.00021250359714029832,0.009697,0,0.0,0.00020201895385974915,0,0,0,W10_N3_mean1.5x,10,3,1.5,1909,Pitch_hybrid_prediction,/home/tchowdh4/sensor_recovery_project/logs/extracted_csv/baseline_05_mixed_maneuver_ATT.csv,/home/tchowdh4/sensor_recovery_project/prediction_results_v9_trained_hybrid/baseline_05_mixed_maneuver_ATT_trained_hybrid_prediction_outputs.csv
39.799907,baseline_05_mixed_maneuver,Pitch,bias,0.038788,0,0.0928808078169822,0.0928808078169822,0.0929896663874386,-0.0001088585704563938,0.0001088585704563938,0.009697,0,0.0,0.0001903412863611495,0,0,0,W10_N3_mean1.5x,10,3,1.5,1909,Pitch_hybrid_prediction,/home/tchowdh4/sensor_recovery_project/logs/extracted_csv/baseline_05_mixed_maneuver_ATT.csv,/home/tchowdh4/sensor_recovery_project/prediction_results_v9_trained_hybrid/baseline_05_mixed_maneuver_ATT_trained_hybrid_prediction_outputs.csv
39.899867,baseline_05_mixed_maneuver,Pitch,bias,0.038788,0,0.0932554751634597,0.0932554751634597,0.0935364756733178,-0.00028100050985810365,0.00028100050985810365,0.009697,0,0.0,0.00020610652863972955,0,0,0,W10_N3_mean1.5x,10,3,1.5,1909,Pitch_hybrid_prediction,/home/tchowdh4/sensor_recovery_project/logs/extracted_csv/baseline_05_mixed_maneuver_ATT.csv,/home/tchowdh4/sensor_recovery_project/prediction_results_v9_trained_hybrid/baseline_05_mixed_maneuver_ATT_trained_hybrid_prediction_outputs.csv
39.999827,baseline_05_mixed_maneuver,Pitch,bias,0.038788,0,0.0936769470572471,0.0936769470572471,0.0939930509775876,-0.0003161039203404964,0.0003161039203404964,0.009697,0,0.0,0.0002167923375963582,0,0,0,W10_N3_mean1.5x,10,3,1.5,1909,Pitch_hybrid_prediction,/home/tchowdh4/sensor_recovery_project/logs/extracted_csv/baseline_05_mixed_maneuver_ATT.csv,/home/tchowdh4/sensor_recovery_project/prediction_results_v9_trained_hybrid/baseline_05_mixed_maneuver_ATT_trained_hybrid_prediction_outputs.csv
40.10062,baseline_05_mixed_maneuver,Pitch,bias,0.038788,0,0.094089888036251,0.094089888036251,0.0943995937705039,-0.00030970573425290193,0.00030970573425290193,0.009697,0,0.0,0.00023169536143535785,0,0,0,W10_N3_mean1.5x,10,3,1.5,1909,Pitch_hybrid_prediction,/home/tchowdh4/sensor_recovery_project/logs/extracted_csv/baseline_05_mixed_maneuver_ATT.csv,/home/tchowdh4/sensor_recovery_project/prediction_results_v9_trained_hybrid/baseline_05_mixed_maneuver_ATT_trained_hybrid_prediction_outputs.csv
40.20058,baseline_05_mixed_maneuver,Pitch,bias,0.038788,0,0.0940763354301452,0.0940763354301452,0.0940661709755658,1.0164454579394966e-05,1.0164454579394966e-05,0.009697,0,0.0,0.00020383391529317784,0,0,0,W10_N3_mean1.5x,10,3,1.5,1909,Pitch_hybrid_prediction,/home/tchowdh4/sensor_recovery_project/logs/extracted_csv/baseline_05_mixed_maneuver_ATT.csv,/home/tchowdh4/sensor_recovery_project/prediction_results_v9_trained_hybrid/baseline_05_mixed_maneuver_ATT_trained_hybrid_prediction_outputs.csv
40.30054,baseline_05_mixed_maneuver,Pitch,bias,0.038788,0,0.0942332968115806,0.0942332968115806,0.0943510178476571,-0.00011772103607650408,0.00011772103607650408,0.009697,0,0.0,0.00019682496786113806,0,0,0,W10_N3_mean1.5x,10,3,1.5,1909,Pitch_hybrid_prediction,/home/tchowdh4/sensor_recovery_project/logs/extracted_csv/baseline_05_mixed_maneuver_ATT.csv,/home/tchowdh4/sensor_recovery_project/prediction_results_v9_trained_hybrid/baseline_05_mixed_maneuver_ATT_trained_hybrid_prediction_outputs.csv
40.4005,baseline_05_mixed_maneuver,Pitch,bias,0.038788,0,0.0944516658782959,0.0944516658782959,0.0946154426783323,-0.0001637768000364026,0.0001637768000364026,0.009697,0,0.0,0.0001804020255803687,0,0,0,W10_N3_mean1.5x,10,3,1.5,1909,Pitch_hybrid_prediction,/home/tchowdh4/sensor_recovery_project/logs/extracted_csv/baseline_05_mixed_maneuver_ATT.csv,/home/tchowdh4/sensor_recovery_project/prediction_results_v9_trained_hybrid/baseline_05_mixed_maneuver_ATT_trained_hybrid_prediction_outputs.csv
40.50046,baseline_05_mixed_maneuver,Pitch,bias,0.038788,0,0.0947055742144584,0.0947055742144584,0.0948960054665802,-0.00019043125212180045,0.00019043125212180045,0.009697,0,0.0,0.0001894656568765196,0,0,0,W10_N3_mean1.5x,10,3,1.5,1909,Pitch_hybrid_prediction,/home/tchowdh4/sensor_recovery_project/logs/extracted_csv/baseline_05_mixed_maneuver_ATT.csv,/home/tchowdh4/sensor_recovery_project/prediction_results_v9_trained_hybrid/baseline_05_mixed_maneuver_ATT_trained_hybrid_prediction_outputs.csv
40.60042,baseline_05_mixed_maneuver,Pitch,bias,0.038788,0,0.0948704183101654,0.0948704183101654,0.0949940513819456,-0.0001236330717801909,0.0001236330717801909,0.009697,0,0.0,0.00018338989466424872,0,0,0,W10_N3_mean1.5x,10,3,1.5,1909,Pitch_hybrid_prediction,/home/tchowdh4/sensor_recovery_project/logs/extracted_csv/baseline_05_mixed_maneuver_ATT.csv,/home/tchowdh4/sensor_recovery_project/prediction_results_v9_trained_hybrid/baseline_05_mixed_maneuver_ATT_trained_hybrid_prediction_outputs.csv
40.70038,baseline_05_mixed_maneuver,Pitch,bias,0.038788,0,0.0951017364859581,0.0951017364859581,0.0952752251178026,-0.0001734886318445067,0.0001734886318445067,0.009697,0,0.0,0.00017948839813466955,0,0,0,W10_N3_mean1.5x,10,3,1.5,1909,Pitch_hybrid_prediction,/home/tchowdh4/sensor_recovery_project/logs/extracted_csv/baseline_05_mixed_maneuver_ATT.csv,/home/tchowdh4/sensor_recovery_project/prediction_results_v9_trained_hybrid/baseline_05_mixed_maneuver_ATT_trained_hybrid_prediction_outputs.csv
40.80034,baseline_05_mixed_maneuver,Pitch,bias,0.038788,0,0.0952279418706893,0.0952279418706893,0.0953225959092377,-9.465403854840015e-05,9.465403854840015e-05,0.009697,0,0.0,0.00017806794494387018,0,0,0,W10_N3_mean1.5x,10,3,1.5,1909,Pitch_hybrid_prediction,/home/tchowdh4/sensor_recovery_project/logs/extracted_csv/baseline_05_mixed_maneuver_ATT.csv,/home/tchowdh4/sensor_recovery_project/prediction_results_v9_trained_hybrid/baseline_05_mixed_maneuver_ATT_trained_hybrid_prediction_outputs.csv
40.9003,baseline_05_mixed_maneuver,Pitch,bias,0.038788,0,0.0953825712203979,0.0953825712203979,0.0954985432326793,-0.00011597201228140397,0.00011597201228140397,0.009697,0,0.0,0.00016156509518620022,0,0,0,W10_N3_mean1.5x,10,3,1.5,1909,Pitch_hybrid_prediction,/home/tchowdh4/sensor_recovery_project/logs/extracted_csv/baseline_05_mixed_maneuver_ATT.csv,/home/tchowdh4/sensor_recovery_project/prediction_results_v9_trained_hybrid/baseline_05_mixed_maneuver_ATT_trained_hybrid_prediction_outputs.csv
41.00026,baseline_05_mixed_maneuver,Pitch,bias,0.038788,0,0.0954027697443962,0.0954027697443962,0.0954179186373949,-1.5148892998709251e-05,1.5148892998709251e-05,0.009697,0,0.0,0.0001314695924520215,0,0,0,W10_N3_mean1.5x,10,3,1.5,1909,Pitch_hybrid_prediction,/home/tchowdh4/sensor_recovery_project/logs/extracted_csv/baseline_05_mixed_maneuver_ATT.csv,/home/tchowdh4/sensor_recovery_project/prediction_results_v9_trained_hybrid/baseline_05_mixed_maneuver_ATT_trained_hybrid_prediction_outputs.csv
41.10022,baseline_05_mixed_maneuver,Pitch,bias,0.038788,0,0.0955815389752388,0.0955815389752388,0.0957156158983707,-0.00013407692313190112,0.00013407692313190112,0.009697,0,0.0,0.00011390671133992142,0,0,0,W10_N3_mean1.5x,10,3,1.5,1909,Pitch_hybrid_prediction,/home/tchowdh4/sensor_recovery_project/logs/extracted_csv/baseline_05_mixed_maneuver_ATT.csv,/home/tchowdh4/sensor_recovery_project/prediction_results_v9_trained_hybrid/baseline_05_mixed_maneuver_ATT_trained_hybrid_prediction_outputs.csv
41.20018,baseline_05_mixed_maneuver,Pitch,bias,0.038788,0,0.0956949815154075,0.0956949815154075,0.095780063420534,-8.508190512648839e-05,8.508190512648839e-05,0.009697,0,0.0,0.00012139845639463077,0,0,0,W10_N3_mean1.5x,10,3,1.5,1909,Pitch_hybrid_prediction,/home/tchowdh4/sensor_recovery_project/logs/extracted_csv/baseline_05_mixed_maneuver_ATT.csv,/home/tchowdh4/sensor_recovery_project/prediction_results_v9_trained_hybrid/baseline_05_mixed_maneuver_ATT_trained_hybrid_prediction_outputs.csv
41.30014,baseline_05_mixed_maneuver,Pitch,bias,0.038788,0,0.095756284892559,0.095756284892559,0.0958022624254226,-4.5977532863603066e-05,4.5977532863603066e-05,0.009697,0,0.0,0.00011422410607334066,0,0,0,W10_N3_mean1.5x,10,3,1.5,1909,Pitch_hybrid_prediction,/home/tchowdh4/sensor_recovery_project/logs/extracted_csv/baseline_05_mixed_maneuver_ATT.csv,/home/tchowdh4/sensor_recovery_project/prediction_results_v9_trained_hybrid/baseline_05_mixed_maneuver_ATT_trained_hybrid_prediction_outputs.csv
41.4001,baseline_05_mixed_maneuver,Pitch,bias,0.038788,0,0.0959618613123893,0.0959618613123893,0.096116043627262,-0.00015418231487270007,0.00015418231487270007,0.009697,0,0.0,0.0001132646575569704,0,0,0,W10_N3_mean1.5x,10,3,1.5,1909,Pitch_hybrid_prediction,/home/tchowdh4/sensor_recovery_project/logs/extracted_csv/baseline_05_mixed_maneuver_ATT.csv,/home/tchowdh4/sensor_recovery_project/prediction_results_v9_trained_hybrid/baseline_05_mixed_maneuver_ATT_trained_hybrid_prediction_outputs.csv
41.50006,baseline_05_mixed_maneuver,Pitch,bias,0.038788,0,0.0960806757211685,0.0960806757211685,0.0961697865277529,-8.911080658439985e-05,8.911080658439985e-05,0.009697,0,0.0,0.00010313261300323034,0,0,0,W10_N3_mean1.5x,10,3,1.5,1909,Pitch_hybrid_prediction,/home/tchowdh4/sensor_recovery_project/logs/extracted_csv/baseline_05_mixed_maneuver_ATT.csv,/home/tchowdh4/sensor_recovery_project/prediction_results_v9_trained_hybrid/baseline_05_mixed_maneuver_ATT_trained_hybrid_prediction_outputs.csv
41.60002,baseline_05_mixed_maneuver,Pitch,bias,0.038788,0,0.0960059985518455,0.0960059985518455,0.0959499906748532,5.6007876992295036e-05,5.6007876992295036e-05,0.009697,0,0.0,9.637009352444076e-05,0,0,0,W10_N3_mean1.5x,10,3,1.5,1909,Pitch_hybrid_prediction,/home/tchowdh4/sensor_recovery_project/logs/extracted_csv/baseline_05_mixed_maneuver_ATT.csv,/home/tchowdh4/sensor_recovery_project/prediction_results_v9_trained_hybrid/baseline_05_mixed_maneuver_ATT_trained_hybrid_prediction_outputs.csv
41.69998,baseline_05_mixed_maneuver,Pitch,bias,0.038788,0,0.096185527741909,0.096185527741909,0.0963201746344566,-0.00013464689254760742,0.00013464689254760742,0.009697,0,0.0,9.248591959475083e-05,0,0,0,W10_N3_mean1.5x,10,3,1.5,1909,Pitch_hybrid_prediction,/home/tchowdh4/sensor_recovery_project/logs/extracted_csv/baseline_05_mixed_maneuver_ATT.csv,/home/tchowdh4/sensor_recovery_project/prediction_results_v9_trained_hybrid/baseline_05_mixed_maneuver_ATT_trained_hybrid_prediction_outputs.csv
41.79994,baseline_05_mixed_maneuver,Pitch,bias,0.038788,0,0.0962911173701286,0.0962911173701286,0.0963703095912933,-7.919222116468949e-05,7.919222116468949e-05,0.009697,0,0.0,9.093973785637976e-05,0,0,0,W10_N3_mean1.5x,10,3,1.5,1909,Pitch_hybrid_prediction,/home/tchowdh4/sensor_recovery_project/logs/extracted_csv/baseline_05_mixed_maneuver_ATT.csv,/home/tchowdh4/sensor_recovery_project/prediction_results_v9_trained_hybrid/baseline_05_mixed_maneuver_ATT_trained_hybrid_prediction_outputs.csv
41.8999,baseline_05_mixed_maneuver,Pitch,bias,0.038788,0,0.0966555178165435,0.0966555178165435,0.0969288181513546,-0.0002733003348110996,0.0002733003348110996,0.009697,0,0.0,0.00010667257010934933,0,0,0,W10_N3_mean1.5x,10,3,1.5,1909,Pitch_hybrid_prediction,/home/tchowdh4/sensor_recovery_project/logs/extracted_csv/baseline_05_mixed_maneuver_ATT.csv,/home/tchowdh4/sensor_recovery_project/prediction_results_v9_trained_hybrid/baseline_05_mixed_maneuver_ATT_trained_hybrid_prediction_outputs.csv
41.99986,baseline_05_mixed_maneuver,Pitch,bias,0.038788,0,0.09654151648283,0.09654151648283,0.0964560154825448,8.550100028520413e-05,8.550100028520413e-05,0.009697,0,0.0,0.00011370778083799882,0,0,0,W10_N3_mean1.5x,10,3,1.5,1909,Pitch_hybrid_prediction,/home/tchowdh4/sensor_recovery_project/logs/extracted_csv/baseline_05_mixed_maneuver_ATT.csv,/home/tchowdh4/sensor_recovery_project/prediction_results_v9_trained_hybrid/baseline_05_mixed_maneuver_ATT_trained_hybrid_prediction_outputs.csv
42.09982,baseline_05_mixed_maneuver,Pitch,bias,0.038788,0,0.0965176224708557,0.0965176224708557,0.0964997019618749,1.792050898079267e-05,1.792050898079267e-05,0.009697,0,0.0,0.00010209213942288797,0,0,0,W10_N3_mean1.5x,10,3,1.5,1909,Pitch_hybrid_prediction,/home/tchowdh4/sensor_recovery_project/logs/extracted_csv/baseline_05_mixed_maneuver_ATT.csv,/home/tchowdh4/sensor_recovery_project/prediction_results_v9_trained_hybrid/baseline_05_mixed_maneuver_ATT_trained_hybrid_prediction_outputs.csv
42.200613,baseline_05_mixed_maneuver,Pitch,bias,0.038788,0,0.0965479090809822,0.0965479090809822,0.096570624038577,-2.2714957594802132e-05,2.2714957594802132e-05,0.009697,0,0.0,9.585544466971935e-05,0,0,0,W10_N3_mean1.5x,10,3,1.5,1909,Pitch_hybrid_prediction,/home/tchowdh4/sensor_recovery_project/logs/extracted_csv/baseline_05_mixed_maneuver_ATT.csv,/home/tchowdh4/sensor_recovery_project/prediction_results_v9_trained_hybrid/baseline_05_mixed_maneuver_ATT_trained_hybrid_prediction_outputs.csv
42.300573,baseline_05_mixed_maneuver,Pitch,bias,0.038788,0,0.096429131925106,0.096429131925106,0.0963400490581988,8.908286690718914e-05,8.908286690718914e-05,0.009697,0,0.0,0.00010016597807407796,0,0,0,W10_N3_mean1.5x,10,3,1.5,1909,Pitch_hybrid_prediction,/home/tchowdh4/sensor_recovery_project/logs/extracted_csv/baseline_05_mixed_maneuver_ATT.csv,/home/tchowdh4/sensor_recovery_project/prediction_results_v9_trained_hybrid/baseline_05_mixed_maneuver_ATT_trained_hybrid_prediction_outputs.csv
42.400533,baseline_05_mixed_maneuver,Pitch,bias,0.038788,0,0.0962576121091842,0.0962576121091842,0.0961289722472428,0.0001286398619413931,0.0001286398619413931,0.009697,0,0.0,9.761173278094726e-05,0,0,0,W10_N3_mean1.5x,10,3,1.5,1909,Pitch_hybrid_prediction,/home/tchowdh4/sensor_recovery_project/logs/extracted_csv/baseline_05_mixed_maneuver_ATT.csv,/home/tchowdh4/sensor_recovery_project/prediction_results_v9_trained_hybrid/baseline_05_mixed_maneuver_ATT_trained_hybrid_prediction_outputs.csv
42.500493,baseline_05_mixed_maneuver,Pitch,bias,0.038788,0,0.0962865203619003,0.0962865203619003,0.0963082015514373,-2.168118953699283e-05,2.168118953699283e-05,0.009697,0,0.0,9.086877107620656e-05,0,0,0,W10_N3_mean1.5x,10,3,1.5,1909,Pitch_hybrid_prediction,/home/tchowdh4/sensor_recovery_project/logs/extracted_csv/baseline_05_mixed_maneuver_ATT.csv,/home/tchowdh4/sensor_recovery_project/prediction_results_v9_trained_hybrid/baseline_05_mixed_maneuver_ATT_trained_hybrid_prediction_outputs.csv
42.600453,baseline_05_mixed_maneuver,Pitch,bias,0.038788,0,0.0962446853518486,0.0962446853518486,0.0962133090943098,3.137625753879547e-05,3.137625753879547e-05,0.009697,0,0.0,8.84056091308566e-05,0,0,0,W10_N3_mean1.5x,10,3,1.5,1909,Pitch_hybrid_prediction,/home/tchowdh4/sensor_recovery_project/logs/extracted_csv/baseline_05_mixed_maneuver_ATT.csv,/home/tchowdh4/sensor_recovery_project/prediction_results_v9_trained_hybrid/baseline_05_mixed_maneuver_ATT_trained_hybrid_prediction_outputs.csv
42.700413,baseline_05_mixed_maneuver,Pitch,bias,0.038788,0,0.0961970761418342,0.0961970761418342,0.0961613692343234,3.570690751079908e-05,3.570690751079908e-05,0.009697,0,0.0,7.851161062717577e-05,0,0,0,W10_N3_mean1.5x,10,3,1.5,1909,Pitch_hybrid_prediction,/home/tchowdh4/sensor_recovery_project/logs/extracted_csv/baseline_05_mixed_maneuver_ATT.csv,/home/tchowdh4/sensor_recovery_project/prediction_results_v9_trained_hybrid/baseline_05_mixed_maneuver_ATT_trained_hybrid_prediction_outputs.csv
42.800373,baseline_05_mixed_maneuver,Pitch,bias,0.038788,0,0.0961483269929885,0.0961483269929885,0.0961117651313542,3.656186163430997e-05,3.656186163430997e-05,0.009697,0,0.0,7.424857467413781e-05,0,0,0,W10_N3_mean1.5x,10,3,1.5,1909,Pitch_hybrid_prediction,/home/tchowdh4/sensor_recovery_project/logs/extracted_csv/baseline_05_mixed_maneuver_ATT.csv,/home/tchowdh4/sensor_recovery_project/prediction_results_v9_trained_hybrid/baseline_05_mixed_maneuver_ATT_trained_hybrid_prediction_outputs.csv
42.900333,baseline_05_mixed_maneuver,Pitch,bias,0.038788,0,0.0961469560861587,0.0961469560861587,0.0961459279060363,1.0281801224032439e-06,1.0281801224032439e-06,0.009697,0,0.0,4.7021359205268173e-05,0,0,0,W10_N3_mean1.5x,10,3,1.5,1909,Pitch_hybrid_prediction,/home/tchowdh4/sensor_recovery_project/logs/extracted_csv/baseline_05_mixed_maneuver_ATT.csv,/home/tchowdh4/sensor_recovery_project/prediction_results_v9_trained_hybrid/baseline_05_mixed_maneuver_ATT_trained_hybrid_prediction_outputs.csv
43.000293,baseline_05_mixed_maneuver,Pitch,bias,0.038788,0,0.0963423103094101,0.0963423103094101,0.0964888259768486,-0.00014651566743850708,0.00014651566743850708,0.009697,0,0.0,5.312282592059847e-05,0,0,0,W10_N3_mean1.5x,10,3,1.5,1909,Pitch_hybrid_prediction,/home/tchowdh4/sensor_recovery_project/logs/extracted_csv/baseline_05_mixed_maneuver_ATT.csv,/home/tchowdh4/sensor_recovery_project/prediction_results_v9_trained_hybrid/baseline_05_mixed_maneuver_ATT_trained_hybrid_prediction_outputs.csv
43.100253,baseline_05_mixed_maneuver,Pitch,bias,0.038788,0,0.0961990803480148,0.0961990803480148,0.0960916578769683,0.00010742247104650327,0.00010742247104650327,0.009697,0,0.0,6.207302212716954e-05,0,0,0,W10_N3_mean1.5x,10,3,1.5,1909,Pitch_hybrid_prediction,/home/tchowdh4/sensor_recovery_project/logs/extracted_csv/baseline_05_mixed_maneuver_ATT.csv,/home/tchowdh4/sensor_recovery_project/prediction_results_v9_trained_hybrid/baseline_05_mixed_maneuver_ATT_trained_hybrid_prediction_outputs.csv
43.200213,baseline_05_mixed_maneuver,Pitch,bias,0.038788,0,0.0961538404226303,0.0961538404226303,0.0961199104785919,3.392994403839111e-05,3.392994403839111e-05,0.009697,0,0.0,6.319452077152843e-05,0,0,0,W10_N3_mean1.5x,10,3,1.5,1909,Pitch_hybrid_prediction,/home/tchowdh4/sensor_recovery_project/logs/extracted_csv/baseline_05_mixed_maneuver_ATT.csv,/home/tchowdh4/sensor_recovery_project/prediction_results_v9_trained_hybrid/baseline_05_mixed_maneuver_ATT_trained_hybrid_prediction_outputs.csv
43.300173,baseline_05_mixed_maneuver,Pitch,bias,0.038788,0,0.0961444452404975,0.0961444452404975,0.0961373988538979,7.046386599610099e-06,7.046386599610099e-06,0.009697,0,0.0,5.499087274077052e-05,0,0,0,W10_N3_mean1.5x,10,3,1.5,1909,Pitch_hybrid_prediction,/home/tchowdh4/sensor_recovery_project/logs/extracted_csv/baseline_05_mixed_maneuver_ATT.csv,/home/tchowdh4/sensor_recovery_project/prediction_results_v9_trained_hybrid/baseline_05_mixed_maneuver_ATT_trained_hybrid_prediction_outputs.csv
43.400133,baseline_05_mixed_maneuver,Pitch,bias,0.038788,0,0.0958987176418304,0.0958987176418304,0.09571442194283,0.00018429569900040021,0.00018429569900040021,0.009697,0,0.0,6.055645644667124e-05,0,0,0,W10_N3_mean1.5x,10,3,1.5,1909,Pitch_hybrid_prediction,/home/tchowdh4/sensor_recovery_project/logs/extracted_csv/baseline_05_mixed_maneuver_ATT.csv,/home/tchowdh4/sensor_recovery_project/prediction_results_v9_trained_hybrid/baseline_05_mixed_maneuver_ATT_trained_hybrid_prediction_outputs.csv
43.500093,baseline_05_mixed_maneuver,Pitch,bias,0.038788,0,0.095692329108715,0.095692329108715,0.0955375377088784,0.00015479139983659573,0.00015479139983659573,0.009697,0,0.0,7.386747747663153e-05,0,0,0,W10_N3_mean1.5x,10,3,1.5,1909,Pitch_hybrid_prediction,/home/tchowdh4/sensor_recovery_project/logs/extracted_csv/baseline_05_mixed_maneuver_ATT.csv,/home/tchowdh4/sensor_recovery_project/prediction_results_v9_trained_hybrid/baseline_05_mixed_maneuver_ATT_trained_hybrid_prediction_outputs.csv
43.600053,baseline_05_mixed_maneuver,Pitch,bias,0.038788,0,0.0954048410058021,0.0954048410058021,0.0951892249286174,0.00021561607718470488,0.00021561607718470488,0.009697,0,0.0,9.229145944122247e-05,0,0,0,W10_N3_mean1.5x,10,3,1.5,1909,Pitch_hybrid_prediction,/home/tchowdh4/sensor_recovery_project/logs/extracted_csv/baseline_05_mixed_maneuver_ATT.csv,/home/tchowdh4/sensor_recovery_project/prediction_results_v9_trained_hybrid/baseline_05_mixed_maneuver_ATT_trained_hybrid_prediction_outputs.csv
43.700013,baseline_05_mixed_maneuver,Pitch,bias,0.038788,0,0.0954166203737258,0.0954166203737258,0.0954254548996685,-8.834525942705285e-06,8.834525942705285e-06,0.009697,0,0.0,8.96042212844131e-05,0,0,0,W10_N3_mean1.5x,10,3,1.5,1909,Pitch_hybrid_prediction,/home/tchowdh4/sensor_recovery_project/logs/extracted_csv/baseline_05_mixed_maneuver_ATT.csv,/home/tchowdh4/sensor_recovery_project/prediction_results_v9_trained_hybrid/baseline_05_mixed_maneuver_ATT_trained_hybrid_prediction_outputs.csv
43.799973,baseline_05_mixed_maneuver,Pitch,bias,0.038788,0,0.0952624529600143,0.0952624529600143,0.0951468273997306,0.00011562556028370252,0.00011562556028370252,0.009697,0,0.0,9.751059114935235e-05,0,0,0,W10_N3_mean1.5x,10,3,1.5,1909,Pitch_hybrid_prediction,/home/tchowdh4/sensor_recovery_project/logs/extracted_csv/baseline_05_mixed_maneuver_ATT.csv,/home/tchowdh4/sensor_recovery_project/prediction_results_v9_trained_hybrid/baseline_05_mixed_maneuver_ATT_trained_hybrid_prediction_outputs.csv
43.899933,baseline_05_mixed_maneuver,Pitch,bias,0.038788,0,0.0954396501183509,0.0954396501183509,0.0955725479871033,-0.0001328978687523963,0.0001328978687523963,0.009697,0,0.0,0.00011069756001235165,0,0,0,W10_N3_mean1.5x,10,3,1.5,1909,Pitch_hybrid_prediction,/home/tchowdh4/sensor_recovery_project/logs/extracted_csv/baseline_05_mixed_maneuver_ATT.csv,/home/tchowdh4/sensor_recovery_project/prediction_results_v9_trained_hybrid/baseline_05_mixed_maneuver_ATT_trained_hybrid_prediction_outputs.csv
43.999893,baseline_05_mixed_maneuver,Pitch,bias,0.038788,0,0.0953707545995712,0.0953707545995712,0.0953190829604864,5.16716390848021e-05,5.16716390848021e-05,0.009697,0,0.0,0.00010121315717698116,0,0,0,W10_N3_mean1.5x,10,3,1.5,1909,Pitch_hybrid_prediction,/home/tchowdh4/sensor_recovery_project/logs/extracted_csv/baseline_05_mixed_maneuver_ATT.csv,/home/tchowdh4/sensor_recovery_project/prediction_results_v9_trained_hybrid/baseline_05_mixed_maneuver_ATT_trained_hybrid_prediction_outputs.csv
44.099853,baseline_05_mixed_maneuver,Pitch,bias,0.038788,0,0.0952244400978088,0.0952244400978088,0.0951147042214869,0.00010973587632188975,0.00010973587632188975,0.009697,0,0.0,0.0001014444977045198,0,0,0,W10_N3_mean1.5x,10,3,1.5,1909,Pitch_hybrid_prediction,/home/tchowdh4/sensor_recovery_project/logs/extracted_csv/baseline_05_mixed_maneuver_ATT.csv,/home/tchowdh4/sensor_recovery_project/prediction_results_v9_trained_hybrid/baseline_05_mixed_maneuver_ATT_trained_hybrid_prediction_outputs.csv
44.199813,baseline_05_mixed_maneuver,Pitch,bias,0.038788,0,0.0949603840708732,0.0949603840708732,0.0947623420506715,0.0001980420202017108,0.0001980420202017108,0.009697,0,0.0,0.00011785570532085176,0,0,0,W10_N3_mean1.5x,10,3,1.5,1909,Pitch_hybrid_prediction,/home/tchowdh4/sensor_recovery_project/logs/extracted_csv/baseline_05_mixed_maneuver_ATT.csv,/home/tchowdh4/sensor_recovery_project/prediction_results_v9_trained_hybrid/baseline_05_mixed_maneuver_ATT_trained_hybrid_prediction_outputs.csv
44.300606,baseline_05_mixed_maneuver,Pitch,bias,0.038788,0,0.094735749065876,0.094735749065876,0.0945672728121281,0.00016847625374789843,0.00016847625374789843,0.009697,0,0.0,0.0001339986920356806,0,0,0,W10_N3_mean1.5x,10,3,1.5,1909,Pitch_hybrid_prediction,/home/tchowdh4/sensor_recovery_project/logs/extracted_csv/baseline_05_mixed_maneuver_ATT.csv,/home/tchowdh4/sensor_recovery_project/prediction_results_v9_trained_hybrid/baseline_05_mixed_maneuver_ATT_trained_hybrid_prediction_outputs.csv
44.400566,baseline_05_mixed_maneuver,Pitch,bias,0.038788,0,0.094621904194355,0.094621904194355,0.0945365205407142,8.538365364080258e-05,8.538365364080258e-05,0.009697,0,0.0,0.00012410748749972083,0,0,0,W10_N3_mean1.5x,10,3,1.5,1909,Pitch_hybrid_prediction,/home/tchowdh4/sensor_recovery_project/logs/extracted_csv/baseline_05_mixed_maneuver_ATT.csv,/home/tchowdh4/sensor_recovery_project/prediction_results_v9_trained_hybrid/baseline_05_mixed_maneuver_ATT_trained_hybrid_prediction_outputs.csv
44.500526,baseline_05_mixed_maneuver,Pitch,bias,0.038788,0,0.0941422656178474,0.0941422656178474,0.0937825366854667,0.000359728932380704,0.000359728932380704,0.009697,0,0.0,0.00014460124075413167,0,0,0,W10_N3_mean1.5x,10,3,1.5,1909,Pitch_hybrid_prediction,/home/tchowdh4/sensor_recovery_project/logs/extracted_csv/baseline_05_mixed_maneuver_ATT.csv,/home/tchowdh4/sensor_recovery_project/prediction_results_v9_trained_hybrid/baseline_05_mixed_maneuver_ATT_trained_hybrid_prediction_outputs.csv
44.600486,baseline_05_mixed_maneuver,Pitch,bias,0.038788,0,0.0939754620194435,0.0939754620194435,0.0938503593206405,0.0001251026988030035,0.0001251026988030035,0.009697,0,0.0,0.00013554990291596153,0,0,0,W10_N3_mean1.5x,10,3,1.5,1909,Pitch_hybrid_prediction,/home/tchowdh4/sensor_recovery_project/logs/extracted_csv/baseline_05_mixed_maneuver_ATT.csv,/home/tchowdh4/sensor_recovery_project/prediction_results_v9_trained_hybrid/baseline_05_mixed_maneuver_ATT_trained_hybrid_prediction_outputs.csv
44.700446,baseline_05_mixed_maneuver,Pitch,bias,0.038788,0,0.0937670320272445,0.0937670320272445,0.0936107095330952,0.0001563224941493052,0.0001563224941493052,0.009697,0,0.0,0.00015029869973662153,0,0,0,W10_N3_mean1.5x,10,3,1.5,1909,Pitch_hybrid_prediction,/home/tchowdh4/sensor_recovery_project/logs/extracted_csv/baseline_05_mixed_maneuver_ATT.csv,/home/tchowdh4/sensor_recovery_project/prediction_results_v9_trained_hybrid/baseline_05_mixed_maneuver_ATT_trained_hybrid_prediction_outputs.csv
44.800406,baseline_05_mixed_maneuver,Pitch,bias,0.038788,0,0.0934615954756736,0.0934615954756736,0.0932325180619954,0.00022907741367821088,0.00022907741367821088,0.009697,0,0.0,0.00016164388507607235,0,0,0,W10_N3_mean1.5x,10,3,1.5,1909,Pitch_hybrid_prediction,/home/tchowdh4/sensor_recovery_project/logs/extracted_csv/baseline_05_mixed_maneuver_ATT.csv,/home/tchowdh4/sensor_recovery_project/prediction_results_v9_trained_hybrid/baseline_05_mixed_maneuver_ATT_trained_hybrid_prediction_outputs.csv
44.900366,baseline_05_mixed_maneuver,Pitch,bias,0.038788,0,0.0932651460170745,0.0932651460170745,0.0931178089231251,0.0001473370939494012,0.0001473370939494012,0.009697,0,0.0,0.00016308780759577285,0,0,0,W10_N3_mean1.5x,10,3,1.5,1909,Pitch_hybrid_prediction,/home/tchowdh4/sensor_recovery_project/logs/extracted_csv/baseline_05_mixed_maneuver_ATT.csv,/home/tchowdh4/sensor_recovery_project/prediction_results_v9_trained_hybrid/baseline_05_mixed_maneuver_ATT_trained_hybrid_prediction_outputs.csv
45.000326,baseline_05_mixed_maneuver,Pitch,bias,0.038788,0,0.0930242836475372,0.0930242836475372,0.0928436368703842,0.00018064677715300126,0.00018064677715300126,0.009697,0,0.0,0.00017598532140259278,0,0,0,W10_N3_mean1.5x,10,3,1.5,1909,Pitch_hybrid_prediction,/home/tchowdh4/sensor_recovery_project/logs/extracted_csv/baseline_05_mixed_maneuver_ATT.csv,/home/tchowdh4/sensor_recovery_project/prediction_results_v9_trained_hybrid/baseline_05_mixed_maneuver_ATT_trained_hybrid_prediction_outputs.csv
45.100286,baseline_05_mixed_maneuver,Pitch,bias,0.038788,0,0.0926833376288414,0.0926833376288414,0.0924276281148195,0.00025570951402190123,0.00025570951402190123,0.009697,0,0.0,0.0001905826851725939,0,0,0,W10_N3_mean1.5x,10,3,1.5,1909,Pitch_hybrid_prediction,/home/tchowdh4/sensor_recovery_project/logs/extracted_csv/baseline_05_mixed_maneuver_ATT.csv,/home/tchowdh4/sensor_recovery_project/prediction_results_v9_trained_hybrid/baseline_05_mixed_maneuver_ATT_trained_hybrid_prediction_outputs.csv
45.200246,baseline_05_mixed_maneuver,Pitch,bias,0.038788,0,0.0920615494251251,0.0920615494251251,0.0915952082723378,0.0004663411527872918,0.0004663411527872918,0.009697,0,0.0,0.00021741259843115202,0,0,0,W10_N3_mean1.5x,10,3,1.5,1909,Pitch_hybrid_prediction,/home/tchowdh4/sensor_recovery_project/logs/extracted_csv/baseline_05_mixed_maneuver_ATT.csv,/home/tchowdh4/sensor_recovery_project/prediction_results_v9_trained_hybrid/baseline_05_mixed_maneuver_ATT_trained_hybrid_prediction_outputs.csv
45.300206,baseline_05_mixed_maneuver,Pitch,bias,0.038788,0,0.0917618572711944,0.0917618572711944,0.0915370881557463,0.00022476911544810907,0.00022476911544810907,0.009697,0,0.0,0.00022304188460117307,0,0,0,W10_N3_mean1.5x,10,3,1.5,1909,Pitch_hybrid_prediction,/home/tchowdh4/sensor_recovery_project/logs/extracted_csv/baseline_05_mixed_maneuver_ATT.csv,/home/tchowdh4/sensor_recovery_project/prediction_results_v9_trained_hybrid/baseline_05_mixed_maneuver_ATT_trained_hybrid_prediction_outputs.csv
45.400166,baseline_05_mixed_maneuver,Pitch,bias,0.038788,0,0.0912417247891426,0.0912417247891426,0.0908516254276037,0.0003900993615389009,0.0003900993615389009,0.009697,0,0.0,0.0002535134553909829,0,0,0,W10_N3_mean1.5x,10,3,1.5,1909,Pitch_hybrid_prediction,/home/tchowdh4/sensor_recovery_project/logs/extracted_csv/baseline_05_mixed_maneuver_ATT.csv,/home/tchowdh4/sensor_recovery_project/prediction_results_v9_trained_hybrid/baseline_05_mixed_maneuver_ATT_trained_hybrid_prediction_outputs.csv
45.500126,baseline_05_mixed_maneuver,Pitch,bias,0.038788,0,0.0904856920242309,0.0904856920242309,0.0899186674505471,0.0005670245736838081,0.0005670245736838081,0.009697,0,0.0,0.0002742430195212933,0,0,0,W10_N3_mean1.5x,10,3,1.5,1909,Pitch_hybrid_prediction,/home/tchowdh4/sensor_recovery_project/logs/extracted_csv/baseline_05_mixed_maneuver_ATT.csv,/home/tchowdh4/sensor_recovery_project/prediction_results_v9_trained_hybrid/baseline_05_mixed_maneuver_ATT_trained_hybrid_prediction_outputs.csv
45.600086,baseline_05_mixed_maneuver,Pitch,bias,0.038788,0,0.0899888277053833,0.0899888277053833,0.0896161794662476,0.00037264823913570055,0.00037264823913570055,0.009697,0,0.0,0.000298997573554563,0,0,0,W10_N3_mean1.5x,10,3,1.5,1909,Pitch_hybrid_prediction,/home/tchowdh4/sensor_recovery_project/logs/extracted_csv/baseline_05_mixed_maneuver_ATT.csv,/home/tchowdh4/sensor_recovery_project/prediction_results_v9_trained_hybrid/baseline_05_mixed_maneuver_ATT_trained_hybrid_prediction_outputs.csv
45.700046,baseline_05_mixed_maneuver,Pitch,bias,0.038788,0,0.089576169848442,0.089576169848442,0.089266676455736,0.0003094933927060006,0.0003094933927060006,0.009697,0,0.0,0.00031431466341023256,0,0,0,W10_N3_mean1.5x,10,3,1.5,1909,Pitch_hybrid_prediction,/home/tchowdh4/sensor_recovery_project/logs/extracted_csv/baseline_05_mixed_maneuver_ATT.csv,/home/tchowdh4/sensor_recovery_project/prediction_results_v9_trained_hybrid/baseline_05_mixed_maneuver_ATT_trained_hybrid_prediction_outputs.csv
45.800006,baseline_05_mixed_maneuver,Pitch,bias,0.038788,0,0.089140735566616,0.089140735566616,0.0888141598552465,0.0003265757113695006,0.0003265757113695006,0.009697,0,0.0,0.00032406449317936155,0,0,0,W10_N3_mean1.5x,10,3,1.5,1909,Pitch_hybrid_prediction,/home/tchowdh4/sensor_recovery_project/logs/extracted_csv/baseline_05_mixed_maneuver_ATT.csv,/home/tchowdh4/sensor_recovery_project/prediction_results_v9_trained_hybrid/baseline_05_mixed_maneuver_ATT_trained_hybrid_prediction_outputs.csv
45.899966,baseline_05_mixed_maneuver,Pitch,bias,0.038788,0,0.0884863883256912,0.0884863883256912,0.0879956278949976,0.0004907604306935986,0.0004907604306935986,0.009697,0,0.0,0.00035840682685378127,0,0,0,W10_N3_mean1.5x,10,3,1.5,1909,Pitch_hybrid_prediction,/home/tchowdh4/sensor_recovery_project/logs/extracted_csv/baseline_05_mixed_maneuver_ATT.csv,/home/tchowdh4/sensor_recovery_project/prediction_results_v9_trained_hybrid/baseline_05_mixed_maneuver_ATT_trained_hybrid_prediction_outputs.csv
45.999926,baseline_05_mixed_maneuver,Pitch,bias,0.038788,0,0.0879202932119369,0.0879202932119369,0.0874957218766211,0.0004245713353158015,0.0004245713353158015,0.009697,0,0.0,0.0003827992826700613,0,0,0,W10_N3_mean1.5x,10,3,1.5,1909,Pitch_hybrid_prediction,/home/tchowdh4/sensor_recovery_project/logs/extracted_csv/baseline_05_mixed_maneuver_ATT.csv,/home/tchowdh4/sensor_recovery_project/prediction_results_v9_trained_hybrid/baseline_05_mixed_maneuver_ATT_trained_hybrid_prediction_outputs.csv
46.099886,baseline_05_mixed_maneuver,Pitch,bias,0.038788,0,0.0874992534518241,0.0874992534518241,0.0871834736317395,0.0003157798200845996,0.0003157798200845996,0.009697,0,0.0,0.00038880631327633115,0,0,0,W10_N3_mean1.5x,10,3,1.5,1909,Pitch_hybrid_prediction,/home/tchowdh4/sensor_recovery_project/logs/extracted_csv/baseline_05_mixed_maneuver_ATT.csv,/home/tchowdh4/sensor_recovery_project/prediction_results_v9_trained_hybrid/baseline_05_mixed_maneuver_ATT_trained_hybrid_prediction_outputs.csv
46.199846,baseline_05_mixed_maneuver,Pitch,bias,0.038788,0,0.0870441794395446,0.0870441794395446,0.0867028739303349,0.0003413055092096884,0.0003413055092096884,0.009697,0,0.0,0.0003763027489185708,0,0,0,W10_N3_mean1.5x,10,3,1.5,1909,Pitch_hybrid_prediction,/home/tchowdh4/sensor_recovery_project/logs/extracted_csv/baseline_05_mixed_maneuver_ATT.csv,/home/tchowdh4/sensor_recovery_project/prediction_results_v9_trained_hybrid/baseline_05_mixed_maneuver_ATT_trained_hybrid_prediction_outputs.csv
46.299806,baseline_05_mixed_maneuver,Pitch,bias,0.038788,0,0.0865585803985595,0.0865585803985595,0.0861943811178206,0.00036419928073889996,0.00036419928073889996,0.009697,0,0.0,0.0003902457654476499,0,0,0,W10_N3_mean1.5x,10,3,1.5,1909,Pitch_hybrid_prediction,/home/tchowdh4/sensor_recovery_project/logs/extracted_csv/baseline_05_mixed_maneuver_ATT.csv,/home/tchowdh4/sensor_recovery_project/prediction_results_v9_trained_hybrid/baseline_05_mixed_maneuver_ATT_trained_hybrid_prediction_outputs.csv
46.400599,baseline_05_mixed_maneuver,Pitch,bias,0.038788,0,0.0857264846563339,0.0857264846563339,0.0851024128496646,0.0006240718066692907,0.0006240718066692907,0.009697,0,0.0,0.00041364300996068885,0,0,0,W10_N3_mean1.5x,10,3,1.5,1909,Pitch_hybrid_prediction,/home/tchowdh4/sensor_recovery_project/logs/extracted_csv/baseline_05_mixed_maneuver_ATT.csv,/home/tchowdh4/sensor_recovery_project/prediction_results_v9_trained_hybrid/baseline_05_mixed_maneuver_ATT_trained_hybrid_prediction_outputs.csv
46.500559,baseline_05_mixed_maneuver,Pitch,bias,0.038788,0,0.0850919038057327,0.0850919038057327,0.0846159681677818,0.0004759356379508972,0.0004759356379508972,0.009697,0,0.0,0.0004045341163873978,0,0,0,W10_N3_mean1.5x,10,3,1.5,1909,Pitch_hybrid_prediction,/home/tchowdh4/sensor_recovery_project/logs/extracted_csv/baseline_05_mixed_maneuver_ATT.csv,/home/tchowdh4/sensor_recovery_project/prediction_results_v9_trained_hybrid/baseline_05_mixed_maneuver_ATT_trained_hybrid_prediction_outputs.csv
46.600519,baseline_05_mixed_maneuver,Pitch,bias,0.038788,0,0.0845416411757469,0.0845416411757469,0.0841289442032575,0.00041269697248939863,0.00041269697248939863,0.009697,0,0.0,0.00040853898972276757,0,0,0,W10_N3_mean1.5x,10,3,1.5,1909,Pitch_hybrid_prediction,/home/tchowdh4/sensor_recovery_project/logs/extracted_csv/baseline_05_mixed_maneuver_ATT.csv,/home/tchowdh4/sensor_recovery_project/prediction_results_v9_trained_hybrid/baseline_05_mixed_maneuver_ATT_trained_hybrid_prediction_outputs.csv
46.700479,baseline_05_mixed_maneuver,Pitch,bias,0.038788,0,0.0839108377695083,0.0839108377695083,0.0834377352148293,0.0004731025546790002,0.0004731025546790002,0.009697,0,0.0,0.00042489990592006754,0,0,0,W10_N3_mean1.5x,10,3,1.5,1909,Pitch_hybrid_prediction,/home/tchowdh4/sensor_recovery_project/logs/extracted_csv/baseline_05_mixed_maneuver_ATT.csv,/home/tchowdh4/sensor_recovery_project/prediction_results_v9_trained_hybrid/baseline_05_mixed_maneuver_ATT_trained_hybrid_prediction_outputs.csv
46.800439,baseline_05_mixed_maneuver,Pitch,bias,0.038788,0,0.0834280177950859,0.0834280177950859,0.083065902814269,0.00036211498081689664,0.00036211498081689664,0.009697,0,0.0,0.00042845383286480715,0,0,0,W10_N3_mean1.5x,10,3,1.5,1909,Pitch_hybrid_prediction,/home/tchowdh4/sensor_recovery_project/logs/extracted_csv/baseline_05_mixed_maneuver_ATT.csv,/home/tchowdh4/sensor_recovery_project/prediction_results_v9_trained_hybrid/baseline_05_mixed_maneuver_ATT_trained_hybrid_prediction_outputs.csv
46.900399,baseline_05_mixed_maneuver,Pitch,bias,0.038788,0,0.0828591734170913,0.0828591734170913,0.0824325401335953,0.00042663328349600016,0.00042663328349600016,0.009697,0,0.0,0.0004220411181450473,0,0,0,W10_N3_mean1.5x,10,3,1.5,1909,Pitch_hybrid_prediction,/home/tchowdh4/sensor_recovery_project/logs/extracted_csv/baseline_05_mixed_maneuver_ATT.csv,/home/tchowdh4/sensor_recovery_project/prediction_results_v9_trained_hybrid/baseline_05_mixed_maneuver_ATT_trained_hybrid_prediction_outputs.csv
47.000359,baseline_05_mixed_maneuver,Pitch,bias,0.038788,0,0.0823896452784538,0.0823896452784538,0.0820374991744756,0.0003521461039781987,0.0003521461039781987,0.009697,0,0.0,0.000414798595011287,0,0,0,W10_N3_mean1.5x,10,3,1.5,1909,Pitch_hybrid_prediction,/home/tchowdh4/sensor_recovery_project/logs/extracted_csv/baseline_05_mixed_maneuver_ATT.csv,/home/tchowdh4/sensor_recovery_project/prediction_results_v9_trained_hybrid/baseline_05_mixed_maneuver_ATT_trained_hybrid_prediction_outputs.csv
47.100319,baseline_05_mixed_maneuver,Pitch,bias,0.038788,0,0.0816869437694549,0.0816869437694549,0.0811599176377057,0.0005270261317491948,0.0005270261317491948,0.009697,0,0.0,0.0004359232261777465,0,0,0,W10_N3_mean1.5x,10,3,1.5,1909,Pitch_hybrid_prediction,/home/tchowdh4/sensor_recovery_project/logs/extracted_csv/baseline_05_mixed_maneuver_ATT.csv,/home/tchowdh4/sensor_recovery_project/prediction_results_v9_trained_hybrid/baseline_05_mixed_maneuver_ATT_trained_hybrid_prediction_outputs.csv
47.200279,baseline_05_mixed_maneuver,Pitch,bias,0.038788,0,0.0809875354170799,0.0809875354170799,0.0804629791527986,0.0005245562642813006,0.0005245562642813006,0.009697,0,0.0,0.0004542483016849078,0,0,0,W10_N3_mean1.5x,10,3,1.5,1909,Pitch_hybrid_prediction,/home/tchowdh4/sensor_recovery_project/logs/extracted_csv/baseline_05_mixed_maneuver_ATT.csv,/home/tchowdh4/sensor_recovery_project/prediction_results_v9_trained_hybrid/baseline_05_mixed_maneuver_ATT_trained_hybrid_prediction_outputs.csv
47.300239,baseline_05_mixed_maneuver,Pitch,bias,0.038788,0,0.0802049785852432,0.0802049785852432,0.0796180609613656,0.0005869176238775947,0.0005869176238775947,0.009697,0,0.0,0.00047652013599877726,0,0,0,W10_N3_mean1.5x,10,3,1.5,1909,Pitch_hybrid_prediction,/home/tchowdh4/sensor_recovery_project/logs/extracted_csv/baseline_05_mixed_maneuver_ATT.csv,/home/tchowdh4/sensor_recovery_project/prediction_results_v9_trained_hybrid/baseline_05_mixed_maneuver_ATT_trained_hybrid_prediction_outputs.csv
47.400199,baseline_05_mixed_maneuver,Pitch,bias,0.038788,0,0.0796475559473037,0.0796475559473037,0.079229488968849,0.00041806697845470087,0.00041806697845470087,0.009697,0,0.0,0.0004559196531773183,0,0,0,W10_N3_mean1.5x,10,3,1.5,1909,Pitch_hybrid_prediction,/home/tchowdh4/sensor_recovery_project/logs/extracted_csv/baseline_05_mixed_maneuver_ATT.csv,/home/tchowdh4/sensor_recovery_project/prediction_results_v9_trained_hybrid/baseline_05_mixed_maneuver_ATT_trained_hybrid_prediction_outputs.csv
47.500159,baseline_05_mixed_maneuver,Pitch,bias,0.038788,0,0.0792101100087165,0.0792101100087165,0.0788820255547761,0.0003280844539404054,0.0003280844539404054,0.009697,0,0.0,0.0004411345347762691,0,0,0,W10_N3_mean1.5x,10,3,1.5,1909,Pitch_hybrid_prediction,/home/tchowdh4/sensor_recovery_project/logs/extracted_csv/baseline_05_mixed_maneuver_ATT.csv,/home/tchowdh4/sensor_recovery_project/prediction_results_v9_trained_hybrid/baseline_05_mixed_maneuver_ATT_trained_hybrid_prediction_outputs.csv
47.600119,baseline_05_mixed_maneuver,Pitch,bias,0.038788,0,0.0785051733255386,0.0785051733255386,0.0779764708131551,0.0005287025123834888,0.0005287025123834888,0.009697,0,0.0,0.0004527350887656781,0,0,0,W10_N3_mean1.5x,10,3,1.5,1909,Pitch_hybrid_prediction,/home/tchowdh4/sensor_recovery_project/logs/extracted_csv/baseline_05_mixed_maneuver_ATT.csv,/home/tchowdh4/sensor_recovery_project/prediction_results_v9_trained_hybrid/baseline_05_mixed_maneuver_ATT_trained_hybrid_prediction_outputs.csv
