x,Baseline,Axis,AttackType,AttackMagnitude,AttackActive,CleanFuture_Pitch,AttackedFuture_Pitch,V9PredictedFuture_Pitch,Residual_Pitch,AbsResidual_Pitch,Threshold,PointDetectionFlag,WindowCount,RollingMeanAbsResidual,WindowCountFlag,WindowMeanFlag,WindowCombinedFlag,WindowRule,W,N,RollingMeanMultiplier,AlignmentOffset,PredictionColumn,CleanFile,PredictionFile
0.0,baseline_03_forward_motion,Pitch,bias,0.06476,0,0.0858551189303398,0.0858551189303398,0.0870853865874776,-0.0012302676571377957,0.0012302676571377957,0.01619,0,0.0,0.0012302676571377957,0,0,0,W20_N5_mean1.25x,20,5,1.25,909,Pitch_hybrid_prediction,/home/tchowdh4/sensor_recovery_project/logs/extracted_csv/baseline_03_forward_motion_ATT.csv,/home/tchowdh4/sensor_recovery_project/prediction_results_v9_trained_hybrid/baseline_03_forward_motion_ATT_trained_hybrid_prediction_outputs.csv
0.09996,baseline_03_forward_motion,Pitch,bias,0.06476,0,0.0839243158698082,0.0839243158698082,0.0839740523546154,-4.973648480720294e-05,4.973648480720294e-05,0.01619,0,0.0,0.0006400020709724993,0,0,0,W20_N5_mean1.25x,20,5,1.25,909,Pitch_hybrid_prediction,/home/tchowdh4/sensor_recovery_project/logs/extracted_csv/baseline_03_forward_motion_ATT.csv,/home/tchowdh4/sensor_recovery_project/prediction_results_v9_trained_hybrid/baseline_03_forward_motion_ATT_trained_hybrid_prediction_outputs.csv
0.19992,baseline_03_forward_motion,Pitch,bias,0.06476,0,0.0842184647917747,0.0842184647917747,0.0857377534506354,-0.0015192886588607096,0.0015192886588607096,0.01619,0,0.0,0.0009330976002685695,0,0,0,W20_N5_mean1.25x,20,5,1.25,909,Pitch_hybrid_prediction,/home/tchowdh4/sensor_recovery_project/logs/extracted_csv/baseline_03_forward_motion_ATT.csv,/home/tchowdh4/sensor_recovery_project/prediction_results_v9_trained_hybrid/baseline_03_forward_motion_ATT_trained_hybrid_prediction_outputs.csv
0.29988,baseline_03_forward_motion,Pitch,bias,0.06476,0,0.0847060978412628,0.0847060978412628,0.0863269960976111,-0.0016208982563482993,0.0016208982563482993,0.01619,0,0.0,0.001105047764288502,0,0,0,W20_N5_mean1.25x,20,5,1.25,909,Pitch_hybrid_prediction,/home/tchowdh4/sensor_recovery_project/logs/extracted_csv/baseline_03_forward_motion_ATT.csv,/home/tchowdh4/sensor_recovery_project/prediction_results_v9_trained_hybrid/baseline_03_forward_motion_ATT_trained_hybrid_prediction_outputs.csv
0.39984,baseline_03_forward_motion,Pitch,bias,0.06476,0,0.086272545158863,0.086272545158863,0.0882840669233186,-0.0020115217644555983,0.0020115217644555983,0.01619,0,0.0,0.0012863425643219212,0,0,0,W20_N5_mean1.25x,20,5,1.25,909,Pitch_hybrid_prediction,/home/tchowdh4/sensor_recovery_project/logs/extracted_csv/baseline_03_forward_motion_ATT.csv,/home/tchowdh4/sensor_recovery_project/prediction_results_v9_trained_hybrid/baseline_03_forward_motion_ATT_trained_hybrid_prediction_outputs.csv
0.4998,baseline_03_forward_motion,Pitch,bias,0.06476,0,0.0861514955759048,0.0861514955759048,0.0872624198050995,-0.0011109242291946902,0.0011109242291946902,0.01619,0,0.0,0.0012571061751340494,0,0,0,W20_N5_mean1.25x,20,5,1.25,909,Pitch_hybrid_prediction,/home/tchowdh4/sensor_recovery_project/logs/extracted_csv/baseline_03_forward_motion_ATT.csv,/home/tchowdh4/sensor_recovery_project/prediction_results_v9_trained_hybrid/baseline_03_forward_motion_ATT_trained_hybrid_prediction_outputs.csv
0.59976,baseline_03_forward_motion,Pitch,bias,0.06476,0,0.083151638507843,0.083151638507843,0.082376575968534,0.0007750625393090071,0.0007750625393090071,0.01619,0,0.0,0.0011882427985876148,0,0,0,W20_N5_mean1.25x,20,5,1.25,909,Pitch_hybrid_prediction,/home/tchowdh4/sensor_recovery_project/logs/extracted_csv/baseline_03_forward_motion_ATT.csv,/home/tchowdh4/sensor_recovery_project/prediction_results_v9_trained_hybrid/baseline_03_forward_motion_ATT_trained_hybrid_prediction_outputs.csv
0.69972,baseline_03_forward_motion,Pitch,bias,0.06476,0,0.0823960155248642,0.0823960155248642,0.0825747717721904,-0.00017875624732620332,0.00017875624732620332,0.01619,0,0.0,0.0010620569796799383,0,0,0,W20_N5_mean1.25x,20,5,1.25,909,Pitch_hybrid_prediction,/home/tchowdh4/sensor_recovery_project/logs/extracted_csv/baseline_03_forward_motion_ATT.csv,/home/tchowdh4/sensor_recovery_project/prediction_results_v9_trained_hybrid/baseline_03_forward_motion_ATT_trained_hybrid_prediction_outputs.csv
0.800513,baseline_03_forward_motion,Pitch,bias,0.06476,0,0.0825806185603141,0.0825806185603141,0.0834473803040171,-0.0008667617437030095,0.0008667617437030095,0.01619,0,0.0,0.0010403575090158351,0,0,0,W20_N5_mean1.25x,20,5,1.25,909,Pitch_hybrid_prediction,/home/tchowdh4/sensor_recovery_project/logs/extracted_csv/baseline_03_forward_motion_ATT.csv,/home/tchowdh4/sensor_recovery_project/prediction_results_v9_trained_hybrid/baseline_03_forward_motion_ATT_trained_hybrid_prediction_outputs.csv
0.900473,baseline_03_forward_motion,Pitch,bias,0.06476,0,0.0827617198228836,0.0827617198228836,0.0838667996196607,-0.0011050797967770976,0.0011050797967770976,0.01619,0,0.0,0.0010468297377919614,0,0,0,W20_N5_mean1.25x,20,5,1.25,909,Pitch_hybrid_prediction,/home/tchowdh4/sensor_recovery_project/logs/extracted_csv/baseline_03_forward_motion_ATT.csv,/home/tchowdh4/sensor_recovery_project/prediction_results_v9_trained_hybrid/baseline_03_forward_motion_ATT_trained_hybrid_prediction_outputs.csv
1.000433,baseline_03_forward_motion,Pitch,bias,0.06476,0,0.0841968730092048,0.0841968730092048,0.0857997347278132,-0.001602861718608406,0.001602861718608406,0.01619,0,0.0,0.0010973780996843653,0,0,0,W20_N5_mean1.25x,20,5,1.25,909,Pitch_hybrid_prediction,/home/tchowdh4/sensor_recovery_project/logs/extracted_csv/baseline_03_forward_motion_ATT.csv,/home/tchowdh4/sensor_recovery_project/prediction_results_v9_trained_hybrid/baseline_03_forward_motion_ATT_trained_hybrid_prediction_outputs.csv
1.100393,baseline_03_forward_motion,Pitch,bias,0.06476,0,0.081691950559616,0.081691950559616,0.0808067634909721,0.0008851870686439056,0.0008851870686439056,0.01619,0,0.0,0.0010796955137643272,0,0,0,W20_N5_mean1.25x,20,5,1.25,909,Pitch_hybrid_prediction,/home/tchowdh4/sensor_recovery_project/logs/extracted_csv/baseline_03_forward_motion_ATT.csv,/home/tchowdh4/sensor_recovery_project/prediction_results_v9_trained_hybrid/baseline_03_forward_motion_ATT_trained_hybrid_prediction_outputs.csv
1.200353,baseline_03_forward_motion,Pitch,bias,0.06476,0,0.08460483700037,0.08460483700037,0.0869829859938964,-0.0023781489935263966,0.0023781489935263966,0.01619,0,0.0,0.0011795765506691018,0,0,0,W20_N5_mean1.25x,20,5,1.25,909,Pitch_hybrid_prediction,/home/tchowdh4/sensor_recovery_project/logs/extracted_csv/baseline_03_forward_motion_ATT.csv,/home/tchowdh4/sensor_recovery_project/prediction_results_v9_trained_hybrid/baseline_03_forward_motion_ATT_trained_hybrid_prediction_outputs.csv
1.300313,baseline_03_forward_motion,Pitch,bias,0.06476,0,0.0841443315148353,0.0841443315148353,0.0849286834410997,-0.0007843519262644011,0.0007843519262644011,0.01619,0,0.0,0.0011513462203544802,0,0,0,W20_N5_mean1.25x,20,5,1.25,909,Pitch_hybrid_prediction,/home/tchowdh4/sensor_recovery_project/logs/extracted_csv/baseline_03_forward_motion_ATT.csv,/home/tchowdh4/sensor_recovery_project/prediction_results_v9_trained_hybrid/baseline_03_forward_motion_ATT_trained_hybrid_prediction_outputs.csv
1.400273,baseline_03_forward_motion,Pitch,bias,0.06476,0,0.089350014925003,0.089350014925003,0.0931225909603446,-0.0037725760353416044,0.0037725760353416044,0.01619,0,0.0,0.0013260948746869551,0,0,0,W20_N5_mean1.25x,20,5,1.25,909,Pitch_hybrid_prediction,/home/tchowdh4/sensor_recovery_project/logs/extracted_csv/baseline_03_forward_motion_ATT.csv,/home/tchowdh4/sensor_recovery_project/prediction_results_v9_trained_hybrid/baseline_03_forward_motion_ATT_trained_hybrid_prediction_outputs.csv
1.500233,baseline_03_forward_motion,Pitch,bias,0.06476,0,0.0942638888955116,0.0942638888955116,0.097520075801672,-0.003256186906160405,0.003256186906160405,0.01619,0,0.0,0.0014467256266540458,0,0,0,W20_N5_mean1.25x,20,5,1.25,909,Pitch_hybrid_prediction,/home/tchowdh4/sensor_recovery_project/logs/extracted_csv/baseline_03_forward_motion_ATT.csv,/home/tchowdh4/sensor_recovery_project/prediction_results_v9_trained_hybrid/baseline_03_forward_motion_ATT_trained_hybrid_prediction_outputs.csv
1.600193,baseline_03_forward_motion,Pitch,bias,0.06476,0,0.0946205854415893,0.0946205854415893,0.095994873823948,-0.0013742883823587015,0.0013742883823587015,0.01619,0,0.0,0.0014424646122837314,0,0,0,W20_N5_mean1.25x,20,5,1.25,909,Pitch_hybrid_prediction,/home/tchowdh4/sensor_recovery_project/logs/extracted_csv/baseline_03_forward_motion_ATT.csv,/home/tchowdh4/sensor_recovery_project/prediction_results_v9_trained_hybrid/baseline_03_forward_motion_ATT_trained_hybrid_prediction_outputs.csv
1.700153,baseline_03_forward_motion,Pitch,bias,0.06476,0,0.097298264503479,0.097298264503479,0.1003636840966296,-0.003065419593150598,0.003065419593150598,0.01619,0,0.0,0.0015326287778874462,0,0,0,W20_N5_mean1.25x,20,5,1.25,909,Pitch_hybrid_prediction,/home/tchowdh4/sensor_recovery_project/logs/extracted_csv/baseline_03_forward_motion_ATT.csv,/home/tchowdh4/sensor_recovery_project/prediction_results_v9_trained_hybrid/baseline_03_forward_motion_ATT_trained_hybrid_prediction_outputs.csv
1.800113,baseline_03_forward_motion,Pitch,bias,0.06476,0,0.0970333442091941,0.0970333442091941,0.0979216592862182,-0.0008883150770240961,0.0008883150770240961,0.01619,0,0.0,0.0014987175304735857,0,0,0,W20_N5_mean1.25x,20,5,1.25,909,Pitch_hybrid_prediction,/home/tchowdh4/sensor_recovery_project/logs/extracted_csv/baseline_03_forward_motion_ATT.csv,/home/tchowdh4/sensor_recovery_project/prediction_results_v9_trained_hybrid/baseline_03_forward_motion_ATT_trained_hybrid_prediction_outputs.csv
1.900073,baseline_03_forward_motion,Pitch,bias,0.06476,0,0.0966942608356475,0.0966942608356475,0.0970525315001949,-0.0003582706645473971,0.0003582706645473971,0.01619,0,0.0,0.0014416951871772763,0,0,0,W20_N5_mean1.25x,20,5,1.25,909,Pitch_hybrid_prediction,/home/tchowdh4/sensor_recovery_project/logs/extracted_csv/baseline_03_forward_motion_ATT.csv,/home/tchowdh4/sensor_recovery_project/prediction_results_v9_trained_hybrid/baseline_03_forward_motion_ATT_trained_hybrid_prediction_outputs.csv
2.000033,baseline_03_forward_motion,Pitch,bias,0.06476,0,0.0969321876764297,0.0969321876764297,0.0973424186413083,-0.00041023096487859123,0.00041023096487859123,0.01619,0,0.0,0.001400693352564316,0,0,0,W20_N5_mean1.25x,20,5,1.25,909,Pitch_hybrid_prediction,/home/tchowdh4/sensor_recovery_project/logs/extracted_csv/baseline_03_forward_motion_ATT.csv,/home/tchowdh4/sensor_recovery_project/prediction_results_v9_trained_hybrid/baseline_03_forward_motion_ATT_trained_hybrid_prediction_outputs.csv
2.099993,baseline_03_forward_motion,Pitch,bias,0.06476,0,0.0964529290795326,0.0964529290795326,0.0967052660258016,-0.0002523369462689995,0.0002523369462689995,0.01619,0,0.0,0.0014108233756374058,0,0,0,W20_N5_mean1.25x,20,5,1.25,909,Pitch_hybrid_prediction,/home/tchowdh4/sensor_recovery_project/logs/extracted_csv/baseline_03_forward_motion_ATT.csv,/home/tchowdh4/sensor_recovery_project/prediction_results_v9_trained_hybrid/baseline_03_forward_motion_ATT_trained_hybrid_prediction_outputs.csv
2.199953,baseline_03_forward_motion,Pitch,bias,0.06476,0,0.0929372757673263,0.0929372757673263,0.0923192034280609,0.0006180723392654047,0.0006180723392654047,0.01619,0,0.0,0.0013657625596576405,0,0,0,W20_N5_mean1.25x,20,5,1.25,909,Pitch_hybrid_prediction,/home/tchowdh4/sensor_recovery_project/logs/extracted_csv/baseline_03_forward_motion_ATT.csv,/home/tchowdh4/sensor_recovery_project/prediction_results_v9_trained_hybrid/baseline_03_forward_motion_ATT_trained_hybrid_prediction_outputs.csv
2.299913,baseline_03_forward_motion,Pitch,bias,0.06476,0,0.090597428381443,0.090597428381443,0.0904805615629752,0.00011686681846780067,0.00011686681846780067,0.01619,0,0.0,0.0012905609877636158,0,0,0,W20_N5_mean1.25x,20,5,1.25,909,Pitch_hybrid_prediction,/home/tchowdh4/sensor_recovery_project/logs/extracted_csv/baseline_03_forward_motion_ATT.csv,/home/tchowdh4/sensor_recovery_project/prediction_results_v9_trained_hybrid/baseline_03_forward_motion_ATT_trained_hybrid_prediction_outputs.csv
2.399873,baseline_03_forward_motion,Pitch,bias,0.06476,0,0.0868538618087768,0.0868538618087768,0.0854688825513314,0.0013849792574454067,0.0013849792574454067,0.01619,0,0.0,0.001259233862413106,0,0,0,W20_N5_mean1.25x,20,5,1.25,909,Pitch_hybrid_prediction,/home/tchowdh4/sensor_recovery_project/logs/extracted_csv/baseline_03_forward_motion_ATT.csv,/home/tchowdh4/sensor_recovery_project/prediction_results_v9_trained_hybrid/baseline_03_forward_motion_ATT_trained_hybrid_prediction_outputs.csv
2.499833,baseline_03_forward_motion,Pitch,bias,0.06476,0,0.085645392537117,0.085645392537117,0.08547559232549,0.00016980021162700532,0.00016980021162700532,0.01619,0,0.0,0.0012121776615347218,0,0,0,W20_N5_mean1.25x,20,5,1.25,909,Pitch_hybrid_prediction,/home/tchowdh4/sensor_recovery_project/logs/extracted_csv/baseline_03_forward_motion_ATT.csv,/home/tchowdh4/sensor_recovery_project/prediction_results_v9_trained_hybrid/baseline_03_forward_motion_ATT_trained_hybrid_prediction_outputs.csv
2.599793,baseline_03_forward_motion,Pitch,bias,0.06476,0,0.0849236845970153,0.0849236845970153,0.0845347901407237,0.00038889445629160246,0.00038889445629160246,0.01619,0,0.0,0.0011928692573838517,0,0,0,W20_N5_mean1.25x,20,5,1.25,909,Pitch_hybrid_prediction,/home/tchowdh4/sensor_recovery_project/logs/extracted_csv/baseline_03_forward_motion_ATT.csv,/home/tchowdh4/sensor_recovery_project/prediction_results_v9_trained_hybrid/baseline_03_forward_motion_ATT_trained_hybrid_prediction_outputs.csv
2.699753,baseline_03_forward_motion,Pitch,bias,0.06476,0,0.0819182395935058,0.0819182395935058,0.0804872215476205,0.0014310180458853017,0.0014310180458853017,0.01619,0,0.0,0.0012554823473118065,0,0,0,W20_N5_mean1.25x,20,5,1.25,909,Pitch_hybrid_prediction,/home/tchowdh4/sensor_recovery_project/logs/extracted_csv/baseline_03_forward_motion_ATT.csv,/home/tchowdh4/sensor_recovery_project/prediction_results_v9_trained_hybrid/baseline_03_forward_motion_ATT_trained_hybrid_prediction_outputs.csv
2.800546,baseline_03_forward_motion,Pitch,bias,0.06476,0,0.0821583047509193,0.0821583047509193,0.0832793780453888,-0.0011210732944695045,0.0011210732944695045,0.01619,0,0.0,0.0012681979248501314,0,0,0,W20_N5_mean1.25x,20,5,1.25,909,Pitch_hybrid_prediction,/home/tchowdh4/sensor_recovery_project/logs/extracted_csv/baseline_03_forward_motion_ATT.csv,/home/tchowdh4/sensor_recovery_project/prediction_results_v9_trained_hybrid/baseline_03_forward_motion_ATT_trained_hybrid_prediction_outputs.csv
2.900506,baseline_03_forward_motion,Pitch,bias,0.06476,0,0.082458309829235,0.082458309829235,0.0836707993073083,-0.0012124894780733003,0.0012124894780733003,0.01619,0,0.0,0.0012735684089149415,0,0,0,W20_N5_mean1.25x,20,5,1.25,909,Pitch_hybrid_prediction,/home/tchowdh4/sensor_recovery_project/logs/extracted_csv/baseline_03_forward_motion_ATT.csv,/home/tchowdh4/sensor_recovery_project/prediction_results_v9_trained_hybrid/baseline_03_forward_motion_ATT_trained_hybrid_prediction_outputs.csv
3.000466,baseline_03_forward_motion,Pitch,bias,0.06476,0,0.0826427862048149,0.0826427862048149,0.0836385994739882,-0.0009958132691733068,0.0009958132691733068,0.01619,0,0.0,0.0012432159864431865,0,0,0,W20_N5_mean1.25x,20,5,1.25,909,Pitch_hybrid_prediction,/home/tchowdh4/sensor_recovery_project/logs/extracted_csv/baseline_03_forward_motion_ATT.csv,/home/tchowdh4/sensor_recovery_project/prediction_results_v9_trained_hybrid/baseline_03_forward_motion_ATT_trained_hybrid_prediction_outputs.csv
3.100426,baseline_03_forward_motion,Pitch,bias,0.06476,0,0.082951582968235,0.082951582968235,0.0839778237574023,-0.0010262407891672987,0.0010262407891672987,0.01619,0,0.0,0.0012502686724693562,0,0,0,W20_N5_mean1.25x,20,5,1.25,909,Pitch_hybrid_prediction,/home/tchowdh4/sensor_recovery_project/logs/extracted_csv/baseline_03_forward_motion_ATT.csv,/home/tchowdh4/sensor_recovery_project/prediction_results_v9_trained_hybrid/baseline_03_forward_motion_ATT_trained_hybrid_prediction_outputs.csv
3.200386,baseline_03_forward_motion,Pitch,bias,0.06476,0,0.0821758583188057,0.0821758583188057,0.082312163080509,-0.00013630476170330141,0.00013630476170330141,0.01619,0,0.0,0.0011381764608782013,0,0,0,W20_N5_mean1.25x,20,5,1.25,909,Pitch_hybrid_prediction,/home/tchowdh4/sensor_recovery_project/logs/extracted_csv/baseline_03_forward_motion_ATT.csv,/home/tchowdh4/sensor_recovery_project/prediction_results_v9_trained_hybrid/baseline_03_forward_motion_ATT_trained_hybrid_prediction_outputs.csv
3.300346,baseline_03_forward_motion,Pitch,bias,0.06476,0,0.0851553529500961,0.0851553529500961,0.0872545395211805,-0.002099186571084391,0.002099186571084391,0.01619,0,0.0,0.0012039181931192008,0,0,0,W20_N5_mean1.25x,20,5,1.25,909,Pitch_hybrid_prediction,/home/tchowdh4/sensor_recovery_project/logs/extracted_csv/baseline_03_forward_motion_ATT.csv,/home/tchowdh4/sensor_recovery_project/prediction_results_v9_trained_hybrid/baseline_03_forward_motion_ATT_trained_hybrid_prediction_outputs.csv
3.400306,baseline_03_forward_motion,Pitch,bias,0.06476,0,0.0838624686002731,0.0838624686002731,0.0841094945196934,-0.0002470259194203017,0.0002470259194203017,0.01619,0,0.0,0.0010276406873231357,0,0,0,W20_N5_mean1.25x,20,5,1.25,909,Pitch_hybrid_prediction,/home/tchowdh4/sensor_recovery_project/logs/extracted_csv/baseline_03_forward_motion_ATT.csv,/home/tchowdh4/sensor_recovery_project/prediction_results_v9_trained_hybrid/baseline_03_forward_motion_ATT_trained_hybrid_prediction_outputs.csv
3.500266,baseline_03_forward_motion,Pitch,bias,0.06476,0,0.0821829810738563,0.0821829810738563,0.0823909661463202,-0.00020798507246390374,0.00020798507246390374,0.01619,0,0.0,0.0008752305956383107,0,0,0,W20_N5_mean1.25x,20,5,1.25,909,Pitch_hybrid_prediction,/home/tchowdh4/sensor_recovery_project/logs/extracted_csv/baseline_03_forward_motion_ATT.csv,/home/tchowdh4/sensor_recovery_project/prediction_results_v9_trained_hybrid/baseline_03_forward_motion_ATT_trained_hybrid_prediction_outputs.csv
3.600226,baseline_03_forward_motion,Pitch,bias,0.06476,0,0.0836799368262291,0.0836799368262291,0.0852898444128898,-0.0016099075866606999,0.0016099075866606999,0.01619,0,0.0,0.0008870115558534105,0,0,0,W20_N5_mean1.25x,20,5,1.25,909,Pitch_hybrid_prediction,/home/tchowdh4/sensor_recovery_project/logs/extracted_csv/baseline_03_forward_motion_ATT.csv,/home/tchowdh4/sensor_recovery_project/prediction_results_v9_trained_hybrid/baseline_03_forward_motion_ATT_trained_hybrid_prediction_outputs.csv
3.700186,baseline_03_forward_motion,Pitch,bias,0.06476,0,0.0812955945730209,0.0812955945730209,0.0807893423385449,0.0005062522344759929,0.0005062522344759929,0.01619,0,0.0,0.0007590531879196803,0,0,0,W20_N5_mean1.25x,20,5,1.25,909,Pitch_hybrid_prediction,/home/tchowdh4/sensor_recovery_project/logs/extracted_csv/baseline_03_forward_motion_ATT.csv,/home/tchowdh4/sensor_recovery_project/prediction_results_v9_trained_hybrid/baseline_03_forward_motion_ATT_trained_hybrid_prediction_outputs.csv
3.800146,baseline_03_forward_motion,Pitch,bias,0.06476,0,0.0812271609902381,0.0812271609902381,0.0819763311565175,-0.0007491701662794004,0.0007491701662794004,0.01619,0,0.0,0.0007520959423824456,0,0,0,W20_N5_mean1.25x,20,5,1.25,909,Pitch_hybrid_prediction,/home/tchowdh4/sensor_recovery_project/logs/extracted_csv/baseline_03_forward_motion_ATT.csv,/home/tchowdh4/sensor_recovery_project/prediction_results_v9_trained_hybrid/baseline_03_forward_motion_ATT_trained_hybrid_prediction_outputs.csv
3.900106,baseline_03_forward_motion,Pitch,bias,0.06476,0,0.0799528509378433,0.0799528509378433,0.0802379771732765,-0.00028512623543321125,0.00028512623543321125,0.01619,0,0.0,0.0007484387209267362,0,0,0,W20_N5_mean1.25x,20,5,1.25,909,Pitch_hybrid_prediction,/home/tchowdh4/sensor_recovery_project/logs/extracted_csv/baseline_03_forward_motion_ATT.csv,/home/tchowdh4/sensor_recovery_project/prediction_results_v9_trained_hybrid/baseline_03_forward_motion_ATT_trained_hybrid_prediction_outputs.csv
4.000066,baseline_03_forward_motion,Pitch,bias,0.06476,0,0.0767224505543708,0.0767224505543708,0.0760793394297708,0.0006431111245999988,0.0006431111245999988,0.01619,0,0.0,0.0007600827289128067,0,0,0,W20_N5_mean1.25x,20,5,1.25,909,Pitch_hybrid_prediction,/home/tchowdh4/sensor_recovery_project/logs/extracted_csv/baseline_03_forward_motion_ATT.csv,/home/tchowdh4/sensor_recovery_project/prediction_results_v9_trained_hybrid/baseline_03_forward_motion_ATT_trained_hybrid_prediction_outputs.csv
4.100026,baseline_03_forward_motion,Pitch,bias,0.06476,0,0.076459877192974,0.076459877192974,0.077598825575665,-0.0011389483826910046,0.0011389483826910046,0.01619,0,0.0,0.0008044133007339069,0,0,0,W20_N5_mean1.25x,20,5,1.25,909,Pitch_hybrid_prediction,/home/tchowdh4/sensor_recovery_project/logs/extracted_csv/baseline_03_forward_motion_ATT.csv,/home/tchowdh4/sensor_recovery_project/prediction_results_v9_trained_hybrid/baseline_03_forward_motion_ATT_trained_hybrid_prediction_outputs.csv
4.199986,baseline_03_forward_motion,Pitch,bias,0.06476,0,0.0733970329165458,0.0733970329165458,0.0732806201857607,0.0001164127307850954,0.0001164127307850954,0.01619,0,0.0,0.0007793303203098914,0,0,0,W20_N5_mean1.25x,20,5,1.25,909,Pitch_hybrid_prediction,/home/tchowdh4/sensor_recovery_project/logs/extracted_csv/baseline_03_forward_motion_ATT.csv,/home/tchowdh4/sensor_recovery_project/prediction_results_v9_trained_hybrid/baseline_03_forward_motion_ATT_trained_hybrid_prediction_outputs.csv
4.299946,baseline_03_forward_motion,Pitch,bias,0.06476,0,0.0754254907369613,0.0754254907369613,0.0780597372248303,-0.002634246487869002,0.002634246487869002,0.01619,0,0.0,0.0009051993037799515,0,0,0,W20_N5_mean1.25x,20,5,1.25,909,Pitch_hybrid_prediction,/home/tchowdh4/sensor_recovery_project/logs/extracted_csv/baseline_03_forward_motion_ATT.csv,/home/tchowdh4/sensor_recovery_project/prediction_results_v9_trained_hybrid/baseline_03_forward_motion_ATT_trained_hybrid_prediction_outputs.csv
4.399906,baseline_03_forward_motion,Pitch,bias,0.06476,0,0.0824671611189842,0.0824671611189842,0.0875566759511485,-0.005089514832164299,0.005089514832164299,0.01619,0,0.0,0.001090426082515896,0,0,0,W20_N5_mean1.25x,20,5,1.25,909,Pitch_hybrid_prediction,/home/tchowdh4/sensor_recovery_project/logs/extracted_csv/baseline_03_forward_motion_ATT.csv,/home/tchowdh4/sensor_recovery_project/prediction_results_v9_trained_hybrid/baseline_03_forward_motion_ATT_trained_hybrid_prediction_outputs.csv
4.499866,baseline_03_forward_motion,Pitch,bias,0.06476,0,0.0872377008199691,0.0872377008199691,0.0910703301955328,-0.003832629375563709,0.003832629375563709,0.01619,0,0.0,0.0012735675407127313,0,0,0,W20_N5_mean1.25x,20,5,1.25,909,Pitch_hybrid_prediction,/home/tchowdh4/sensor_recovery_project/logs/extracted_csv/baseline_03_forward_motion_ATT.csv,/home/tchowdh4/sensor_recovery_project/prediction_results_v9_trained_hybrid/baseline_03_forward_motion_ATT_trained_hybrid_prediction_outputs.csv
4.599826,baseline_03_forward_motion,Pitch,bias,0.06476,0,0.0927711427211761,0.0927711427211761,0.0969389139014282,-0.004167771180252092,0.004167771180252092,0.01619,0,0.0,0.0014625113769107558,0,0,0,W20_N5_mean1.25x,20,5,1.25,909,Pitch_hybrid_prediction,/home/tchowdh4/sensor_recovery_project/logs/extracted_csv/baseline_03_forward_motion_ATT.csv,/home/tchowdh4/sensor_recovery_project/prediction_results_v9_trained_hybrid/baseline_03_forward_motion_ATT_trained_hybrid_prediction_outputs.csv
4.699786,baseline_03_forward_motion,Pitch,bias,0.06476,0,0.0989738777279853,0.0989738777279853,0.1032263674611007,-0.0042524897331154,0.0042524897331154,0.01619,0,0.0,0.0016035849612722607,0,0,0,W20_N5_mean1.25x,20,5,1.25,909,Pitch_hybrid_prediction,/home/tchowdh4/sensor_recovery_project/logs/extracted_csv/baseline_03_forward_motion_ATT.csv,/home/tchowdh4/sensor_recovery_project/prediction_results_v9_trained_hybrid/baseline_03_forward_motion_ATT_trained_hybrid_prediction_outputs.csv
4.799746,baseline_03_forward_motion,Pitch,bias,0.06476,0,0.0957217738032341,0.0957217738032341,0.0952517957560929,0.0004699780471412035,0.0004699780471412035,0.01619,0,0.0,0.0015710301989058455,0,0,0,W20_N5_mean1.25x,20,5,1.25,909,Pitch_hybrid_prediction,/home/tchowdh4/sensor_recovery_project/logs/extracted_csv/baseline_03_forward_motion_ATT.csv,/home/tchowdh4/sensor_recovery_project/prediction_results_v9_trained_hybrid/baseline_03_forward_motion_ATT_trained_hybrid_prediction_outputs.csv
4.900539,baseline_03_forward_motion,Pitch,bias,0.06476,0,0.0955293625593185,0.0955293625593185,0.0966609590043642,-0.0011315964450456933,0.0011315964450456933,0.01619,0,0.0,0.0015669855472544652,0,0,0,W20_N5_mean1.25x,20,5,1.25,909,Pitch_hybrid_prediction,/home/tchowdh4/sensor_recovery_project/logs/extracted_csv/baseline_03_forward_motion_ATT.csv,/home/tchowdh4/sensor_recovery_project/prediction_results_v9_trained_hybrid/baseline_03_forward_motion_ATT_trained_hybrid_prediction_outputs.csv
5.000499,baseline_03_forward_motion,Pitch,bias,0.06476,0,0.0968167409300804,0.0968167409300804,0.0984217420400648,-0.0016050011099844053,0.0016050011099844053,0.01619,0,0.0,0.0015974449392950202,0,0,0,W20_N5_mean1.25x,20,5,1.25,909,Pitch_hybrid_prediction,/home/tchowdh4/sensor_recovery_project/logs/extracted_csv/baseline_03_forward_motion_ATT.csv,/home/tchowdh4/sensor_recovery_project/prediction_results_v9_trained_hybrid/baseline_03_forward_motion_ATT_trained_hybrid_prediction_outputs.csv
5.100459,baseline_03_forward_motion,Pitch,bias,0.06476,0,0.0935916006565094,0.0935916006565094,0.0925925781992704,0.0009990224572389989,0.0009990224572389989,0.01619,0,0.0,0.0015960840226986051,0,0,0,W20_N5_mean1.25x,20,5,1.25,909,Pitch_hybrid_prediction,/home/tchowdh4/sensor_recovery_project/logs/extracted_csv/baseline_03_forward_motion_ATT.csv,/home/tchowdh4/sensor_recovery_project/prediction_results_v9_trained_hybrid/baseline_03_forward_motion_ATT_trained_hybrid_prediction_outputs.csv
5.200419,baseline_03_forward_motion,Pitch,bias,0.06476,0,0.0948908329010009,0.0948908329010009,0.0961470102503927,-0.0012561773493918044,0.0012561773493918044,0.01619,0,0.0,0.0016520776520830304,0,0,0,W20_N5_mean1.25x,20,5,1.25,909,Pitch_hybrid_prediction,/home/tchowdh4/sensor_recovery_project/logs/extracted_csv/baseline_03_forward_motion_ATT.csv,/home/tchowdh4/sensor_recovery_project/prediction_results_v9_trained_hybrid/baseline_03_forward_motion_ATT_trained_hybrid_prediction_outputs.csv
5.300379,baseline_03_forward_motion,Pitch,bias,0.06476,0,0.0931508839130401,0.0931508839130401,0.0925714777325459,0.0005794061804942074,0.0005794061804942074,0.01619,0,0.0,0.001576088632553521,0,0,0,W20_N5_mean1.25x,20,5,1.25,909,Pitch_hybrid_prediction,/home/tchowdh4/sensor_recovery_project/logs/extracted_csv/baseline_03_forward_motion_ATT.csv,/home/tchowdh4/sensor_recovery_project/prediction_results_v9_trained_hybrid/baseline_03_forward_motion_ATT_trained_hybrid_prediction_outputs.csv
5.400339,baseline_03_forward_motion,Pitch,bias,0.06476,0,0.0865608155727386,0.0865608155727386,0.083696326751216,0.002864488821522612,0.002864488821522612,0.01619,0,0.0,0.0017069617776586366,0,0,0,W20_N5_mean1.25x,20,5,1.25,909,Pitch_hybrid_prediction,/home/tchowdh4/sensor_recovery_project/logs/extracted_csv/baseline_03_forward_motion_ATT.csv,/home/tchowdh4/sensor_recovery_project/prediction_results_v9_trained_hybrid/baseline_03_forward_motion_ATT_trained_hybrid_prediction_outputs.csv
5.500299,baseline_03_forward_motion,Pitch,bias,0.06476,0,0.0848554000258445,0.0848554000258445,0.0846978145232132,0.00015758550263129945,0.00015758550263129945,0.01619,0,0.0,0.0017044417991670066,0,0,0,W20_N5_mean1.25x,20,5,1.25,909,Pitch_hybrid_prediction,/home/tchowdh4/sensor_recovery_project/logs/extracted_csv/baseline_03_forward_motion_ATT.csv,/home/tchowdh4/sensor_recovery_project/prediction_results_v9_trained_hybrid/baseline_03_forward_motion_ATT_trained_hybrid_prediction_outputs.csv
5.600259,baseline_03_forward_motion,Pitch,bias,0.06476,0,0.0849125608801841,0.0849125608801841,0.0857652440318643,-0.0008526831516801892,0.0008526831516801892,0.01619,0,0.0,0.001666580577417981,0,0,0,W20_N5_mean1.25x,20,5,1.25,909,Pitch_hybrid_prediction,/home/tchowdh4/sensor_recovery_project/logs/extracted_csv/baseline_03_forward_motion_ATT.csv,/home/tchowdh4/sensor_recovery_project/prediction_results_v9_trained_hybrid/baseline_03_forward_motion_ATT_trained_hybrid_prediction_outputs.csv
5.700219,baseline_03_forward_motion,Pitch,bias,0.06476,0,0.0832804068922996,0.0832804068922996,0.0832481800876118,3.2226804687798816e-05,3.2226804687798816e-05,0.01619,0,0.0,0.0016428793059285712,0,0,0,W20_N5_mean1.25x,20,5,1.25,909,Pitch_hybrid_prediction,/home/tchowdh4/sensor_recovery_project/logs/extracted_csv/baseline_03_forward_motion_ATT.csv,/home/tchowdh4/sensor_recovery_project/prediction_results_v9_trained_hybrid/baseline_03_forward_motion_ATT_trained_hybrid_prediction_outputs.csv
5.800179,baseline_03_forward_motion,Pitch,bias,0.06476,0,0.0855491012334823,0.0855491012334823,0.0870890746765725,-0.0015399734430901896,0.0015399734430901896,0.01619,0,0.0,0.0016824194697691106,0,0,0,W20_N5_mean1.25x,20,5,1.25,909,Pitch_hybrid_prediction,/home/tchowdh4/sensor_recovery_project/logs/extracted_csv/baseline_03_forward_motion_ATT.csv,/home/tchowdh4/sensor_recovery_project/prediction_results_v9_trained_hybrid/baseline_03_forward_motion_ATT_trained_hybrid_prediction_outputs.csv
5.900139,baseline_03_forward_motion,Pitch,bias,0.06476,0,0.0846170708537101,0.0846170708537101,0.0847138182695201,-9.67474158099918e-05,9.67474158099918e-05,0.01619,0,0.0,0.0016730005287879496,0,0,0,W20_N5_mean1.25x,20,5,1.25,909,Pitch_hybrid_prediction,/home/tchowdh4/sensor_recovery_project/logs/extracted_csv/baseline_03_forward_motion_ATT.csv,/home/tchowdh4/sensor_recovery_project/prediction_results_v9_trained_hybrid/baseline_03_forward_motion_ATT_trained_hybrid_prediction_outputs.csv
6.000099,baseline_03_forward_motion,Pitch,bias,0.06476,0,0.085166722536087,0.085166722536087,0.0866269147038749,-0.0014601921677879076,0.0014601921677879076,0.01619,0,0.0,0.0017138545809473452,0,0,0,W20_N5_mean1.25x,20,5,1.25,909,Pitch_hybrid_prediction,/home/tchowdh4/sensor_recovery_project/logs/extracted_csv/baseline_03_forward_motion_ATT.csv,/home/tchowdh4/sensor_recovery_project/prediction_results_v9_trained_hybrid/baseline_03_forward_motion_ATT_trained_hybrid_prediction_outputs.csv
6.100059,baseline_03_forward_motion,Pitch,bias,0.06476,0,0.0814119428396225,0.0814119428396225,0.0805468246275165,0.0008651182121059975,0.0008651182121059975,0.01619,0,0.0,0.0017001630724180947,0,0,0,W20_N5_mean1.25x,20,5,1.25,909,Pitch_hybrid_prediction,/home/tchowdh4/sensor_recovery_project/logs/extracted_csv/baseline_03_forward_motion_ATT.csv,/home/tchowdh4/sensor_recovery_project/prediction_results_v9_trained_hybrid/baseline_03_forward_motion_ATT_trained_hybrid_prediction_outputs.csv
6.200019,baseline_03_forward_motion,Pitch,bias,0.06476,0,0.0806193724274635,0.0806193724274635,0.0813487398504295,-0.0007293674229659902,0.0007293674229659902,0.01619,0,0.0,0.0017308108070271395,0,0,0,W20_N5_mean1.25x,20,5,1.25,909,Pitch_hybrid_prediction,/home/tchowdh4/sensor_recovery_project/logs/extracted_csv/baseline_03_forward_motion_ATT.csv,/home/tchowdh4/sensor_recovery_project/prediction_results_v9_trained_hybrid/baseline_03_forward_motion_ATT_trained_hybrid_prediction_outputs.csv
6.299979,baseline_03_forward_motion,Pitch,bias,0.06476,0,0.0801023766398429,0.0801023766398429,0.0813123092008612,-0.0012099325610182982,0.0012099325610182982,0.01619,0,0.0,0.0016595951106846043,0,0,0,W20_N5_mean1.25x,20,5,1.25,909,Pitch_hybrid_prediction,/home/tchowdh4/sensor_recovery_project/logs/extracted_csv/baseline_03_forward_motion_ATT.csv,/home/tchowdh4/sensor_recovery_project/prediction_results_v9_trained_hybrid/baseline_03_forward_motion_ATT_trained_hybrid_prediction_outputs.csv
6.399939,baseline_03_forward_motion,Pitch,bias,0.06476,0,0.0783626660704612,0.0783626660704612,0.0790515997744583,-0.0006889337039970994,0.0006889337039970994,0.01619,0,0.0,0.0014395660542762443,0,0,0,W20_N5_mean1.25x,20,5,1.25,909,Pitch_hybrid_prediction,/home/tchowdh4/sensor_recovery_project/logs/extracted_csv/baseline_03_forward_motion_ATT.csv,/home/tchowdh4/sensor_recovery_project/prediction_results_v9_trained_hybrid/baseline_03_forward_motion_ATT_trained_hybrid_prediction_outputs.csv
6.499899,baseline_03_forward_motion,Pitch,bias,0.06476,0,0.0799902603030204,0.0799902603030204,0.0825404260964888,-0.002550165793468409,0.002550165793468409,0.01619,0,0.0,0.0013754428751714793,0,0,0,W20_N5_mean1.25x,20,5,1.25,909,Pitch_hybrid_prediction,/home/tchowdh4/sensor_recovery_project/logs/extracted_csv/baseline_03_forward_motion_ATT.csv,/home/tchowdh4/sensor_recovery_project/prediction_results_v9_trained_hybrid/baseline_03_forward_motion_ATT_trained_hybrid_prediction_outputs.csv
6.599859,baseline_03_forward_motion,Pitch,bias,0.06476,0,0.0781180113554,0.0781180113554,0.0786068683503636,-0.0004888569949635935,0.0004888569949635935,0.01619,0,0.0,0.0011914971659070545,0,0,0,W20_N5_mean1.25x,20,5,1.25,909,Pitch_hybrid_prediction,/home/tchowdh4/sensor_recovery_project/logs/extracted_csv/baseline_03_forward_motion_ATT.csv,/home/tchowdh4/sensor_recovery_project/prediction_results_v9_trained_hybrid/baseline_03_forward_motion_ATT_trained_hybrid_prediction_outputs.csv
6.699819,baseline_03_forward_motion,Pitch,bias,0.06476,0,0.0696406215429306,0.0696406215429306,0.0661643153217635,0.003476306221167097,0.003476306221167097,0.01619,0,0.0,0.0011526879903096393,0,0,0,W20_N5_mean1.25x,20,5,1.25,909,Pitch_hybrid_prediction,/home/tchowdh4/sensor_recovery_project/logs/extracted_csv/baseline_03_forward_motion_ATT.csv,/home/tchowdh4/sensor_recovery_project/prediction_results_v9_trained_hybrid/baseline_03_forward_motion_ATT_trained_hybrid_prediction_outputs.csv
6.799779,baseline_03_forward_motion,Pitch,bias,0.06476,1,0.0651346072554588,0.12989460725545882,0.0633306194756965,0.06656398777976232,0.06656398777976232,0.01619,1,1.0,0.004457388476940695,0,0,0,W20_N5_mean1.25x,20,5,1.25,909,Pitch_hybrid_prediction,/home/tchowdh4/sensor_recovery_project/logs/extracted_csv/baseline_03_forward_motion_ATT.csv,/home/tchowdh4/sensor_recovery_project/prediction_results_v9_trained_hybrid/baseline_03_forward_motion_ATT_trained_hybrid_prediction_outputs.csv
6.899739,baseline_03_forward_motion,Pitch,bias,0.06476,1,0.0587014369666576,0.1234614369666576,0.0560182126094607,0.0674432243571969,0.0674432243571969,0.01619,1,2.0,0.007772969872548255,0,0,0,W20_N5_mean1.25x,20,5,1.25,909,Pitch_hybrid_prediction,/home/tchowdh4/sensor_recovery_project/logs/extracted_csv/baseline_03_forward_motion_ATT.csv,/home/tchowdh4/sensor_recovery_project/prediction_results_v9_trained_hybrid/baseline_03_forward_motion_ATT_trained_hybrid_prediction_outputs.csv
7.000532,baseline_03_forward_motion,Pitch,bias,0.06476,1,0.0538709908723831,0.1186309908723831,0.0521384766063558,0.0664925142660273,0.0664925142660273,0.01619,1,3.0,0.0110173455303504,0,0,0,W20_N5_mean1.25x,20,5,1.25,909,Pitch_hybrid_prediction,/home/tchowdh4/sensor_recovery_project/logs/extracted_csv/baseline_03_forward_motion_ATT.csv,/home/tchowdh4/sensor_recovery_project/prediction_results_v9_trained_hybrid/baseline_03_forward_motion_ATT_trained_hybrid_prediction_outputs.csv
7.100492,baseline_03_forward_motion,Pitch,bias,0.06476,1,0.0547841303050518,0.11954413030505179,0.0562632089654894,0.0632809213395624,0.0632809213395624,0.01619,1,4.0,0.014131440474466569,0,0,0,W20_N5_mean1.25x,20,5,1.25,909,Pitch_hybrid_prediction,/home/tchowdh4/sensor_recovery_project/logs/extracted_csv/baseline_03_forward_motion_ATT.csv,/home/tchowdh4/sensor_recovery_project/prediction_results_v9_trained_hybrid/baseline_03_forward_motion_ATT_trained_hybrid_prediction_outputs.csv
7.200452,baseline_03_forward_motion,Pitch,bias,0.06476,1,0.0521524101495742,0.11691241014957421,0.0519835465668937,0.06492886358268052,0.06492886358268052,0.01619,1,5.0,0.017315074786131004,1,0,1,W20_N5_mean1.25x,20,5,1.25,909,Pitch_hybrid_prediction,/home/tchowdh4/sensor_recovery_project/logs/extracted_csv/baseline_03_forward_motion_ATT.csv,/home/tchowdh4/sensor_recovery_project/prediction_results_v9_trained_hybrid/baseline_03_forward_motion_ATT_trained_hybrid_prediction_outputs.csv
7.300412,baseline_03_forward_motion,Pitch,bias,0.06476,1,0.0527667552232742,0.1175267552232742,0.0540636369528653,0.0634631182704089,0.0634631182704089,0.01619,1,6.0,0.02045926039062674,1,1,1,W20_N5_mean1.25x,20,5,1.25,909,Pitch_hybrid_prediction,/home/tchowdh4/sensor_recovery_project/logs/extracted_csv/baseline_03_forward_motion_ATT.csv,/home/tchowdh4/sensor_recovery_project/prediction_results_v9_trained_hybrid/baseline_03_forward_motion_ATT_trained_hybrid_prediction_outputs.csv
7.400372,baseline_03_forward_motion,Pitch,bias,0.06476,1,0.0524816177785396,0.1172416177785396,0.0532756639900057,0.0639659537885339,0.0639659537885339,0.01619,1,7.0,0.023514333638977307,1,1,1,W20_N5_mean1.25x,20,5,1.25,909,Pitch_hybrid_prediction,/home/tchowdh4/sensor_recovery_project/logs/extracted_csv/baseline_03_forward_motion_ATT.csv,/home/tchowdh4/sensor_recovery_project/prediction_results_v9_trained_hybrid/baseline_03_forward_motion_ATT_trained_hybrid_prediction_outputs.csv
7.500332,baseline_03_forward_motion,Pitch,bias,0.06476,1,0.0548200383782386,0.1195800383782386,0.0571562764618032,0.06242376191643541,0.06242376191643541,0.01619,1,8.0,0.026627642459667512,1,1,1,W20_N5_mean1.25x,20,5,1.25,909,Pitch_hybrid_prediction,/home/tchowdh4/sensor_recovery_project/logs/extracted_csv/baseline_03_forward_motion_ATT.csv,/home/tchowdh4/sensor_recovery_project/prediction_results_v9_trained_hybrid/baseline_03_forward_motion_ATT_trained_hybrid_prediction_outputs.csv
7.600292,baseline_03_forward_motion,Pitch,bias,0.06476,1,0.0571825131773948,0.1219425131773948,0.0591021482203809,0.0628403649570139,0.0628403649570139,0.01619,1,9.0,0.0297270265499342,1,1,1,W20_N5_mean1.25x,20,5,1.25,909,Pitch_hybrid_prediction,/home/tchowdh4/sensor_recovery_project/logs/extracted_csv/baseline_03_forward_motion_ATT.csv,/home/tchowdh4/sensor_recovery_project/prediction_results_v9_trained_hybrid/baseline_03_forward_motion_ATT_trained_hybrid_prediction_outputs.csv
7.700252,baseline_03_forward_motion,Pitch,bias,0.06476,1,0.0587612763047218,0.12352127630472179,0.0601197997885204,0.06340147651620139,0.06340147651620139,0.01619,1,10.0,0.03289548903550987,1,1,1,W20_N5_mean1.25x,20,5,1.25,909,Pitch_hybrid_prediction,/home/tchowdh4/sensor_recovery_project/logs/extracted_csv/baseline_03_forward_motion_ATT.csv,/home/tchowdh4/sensor_recovery_project/prediction_results_v9_trained_hybrid/baseline_03_forward_motion_ATT_trained_hybrid_prediction_outputs.csv
7.800212,baseline_03_forward_motion,Pitch,bias,0.06476,1,0.0575188547372818,0.1222788547372818,0.0574271759879714,0.06485167874931039,0.06485167874931039,0.01619,1,11.0,0.03606107430082088,1,1,1,W20_N5_mean1.25x,20,5,1.25,909,Pitch_hybrid_prediction,/home/tchowdh4/sensor_recovery_project/logs/extracted_csv/baseline_03_forward_motion_ATT.csv,/home/tchowdh4/sensor_recovery_project/prediction_results_v9_trained_hybrid/baseline_03_forward_motion_ATT_trained_hybrid_prediction_outputs.csv
7.900172,baseline_03_forward_motion,Pitch,bias,0.06476,1,0.0633022114634513,0.12806221146345131,0.0673008390713801,0.06076137239207122,0.06076137239207122,0.01619,1,12.0,0.039094305549633945,1,1,1,W20_N5_mean1.25x,20,5,1.25,909,Pitch_hybrid_prediction,/home/tchowdh4/sensor_recovery_project/logs/extracted_csv/baseline_03_forward_motion_ATT.csv,/home/tchowdh4/sensor_recovery_project/prediction_results_v9_trained_hybrid/baseline_03_forward_motion_ATT_trained_hybrid_prediction_outputs.csv
8.000132,baseline_03_forward_motion,Pitch,bias,0.06476,1,0.0669205710291862,0.13168057102918618,0.0699352393734545,0.06174533165573168,0.06174533165573168,0.01619,1,13.0,0.042108562524031126,1,1,1,W20_N5_mean1.25x,20,5,1.25,909,Pitch_hybrid_prediction,/home/tchowdh4/sensor_recovery_project/logs/extracted_csv/baseline_03_forward_motion_ATT.csv,/home/tchowdh4/sensor_recovery_project/prediction_results_v9_trained_hybrid/baseline_03_forward_motion_ATT_trained_hybrid_prediction_outputs.csv
8.100092,baseline_03_forward_motion,Pitch,bias,0.06476,1,0.0737506300210952,0.1385106300210952,0.0784680563976784,0.060042573623416806,0.060042573623416806,0.01619,1,14.0,0.045067435294596676,1,1,1,W20_N5_mean1.25x,20,5,1.25,909,Pitch_hybrid_prediction,/home/tchowdh4/sensor_recovery_project/logs/extracted_csv/baseline_03_forward_motion_ATT.csv,/home/tchowdh4/sensor_recovery_project/prediction_results_v9_trained_hybrid/baseline_03_forward_motion_ATT_trained_hybrid_prediction_outputs.csv
8.200052,baseline_03_forward_motion,Pitch,bias,0.06476,1,0.0765723511576652,0.14133235115766518,0.0789926824736232,0.06233966868404198,0.06233966868404198,0.01619,1,15.0,0.048147950357650474,1,1,1,W20_N5_mean1.25x,20,5,1.25,909,Pitch_hybrid_prediction,/home/tchowdh4/sensor_recovery_project/logs/extracted_csv/baseline_03_forward_motion_ATT.csv,/home/tchowdh4/sensor_recovery_project/prediction_results_v9_trained_hybrid/baseline_03_forward_motion_ATT_trained_hybrid_prediction_outputs.csv
8.300012,baseline_03_forward_motion,Pitch,bias,0.06476,1,0.074147492647171,0.138907492647171,0.0738146501724351,0.0650928424747359,0.0650928424747359,0.01619,1,16.0,0.05134209585333636,1,1,1,W20_N5_mean1.25x,20,5,1.25,909,Pitch_hybrid_prediction,/home/tchowdh4/sensor_recovery_project/logs/extracted_csv/baseline_03_forward_motion_ATT.csv,/home/tchowdh4/sensor_recovery_project/prediction_results_v9_trained_hybrid/baseline_03_forward_motion_ATT_trained_hybrid_prediction_outputs.csv
8.399972,baseline_03_forward_motion,Pitch,bias,0.06476,1,0.0739075317978859,0.13866753179788588,0.0743946355276177,0.06427289627026818,0.06427289627026818,0.01619,1,17.0,0.05452129398164991,1,1,1,W20_N5_mean1.25x,20,5,1.25,909,Pitch_hybrid_prediction,/home/tchowdh4/sensor_recovery_project/logs/extracted_csv/baseline_03_forward_motion_ATT.csv,/home/tchowdh4/sensor_recovery_project/prediction_results_v9_trained_hybrid/baseline_03_forward_motion_ATT_trained_hybrid_prediction_outputs.csv
8.499932,baseline_03_forward_motion,Pitch,bias,0.06476,1,0.0720145031809806,0.1367745031809806,0.0715112452032417,0.06526325797773891,0.06526325797773891,0.01619,1,18.0,0.057656948590863434,1,1,1,W20_N5_mean1.25x,20,5,1.25,909,Pitch_hybrid_prediction,/home/tchowdh4/sensor_recovery_project/logs/extracted_csv/baseline_03_forward_motion_ATT.csv,/home/tchowdh4/sensor_recovery_project/prediction_results_v9_trained_hybrid/baseline_03_forward_motion_ATT_trained_hybrid_prediction_outputs.csv
8.599892,baseline_03_forward_motion,Pitch,bias,0.06476,1,0.071138709783554,0.135898709783554,0.0712272909427177,0.06467141884083631,0.06467141884083631,0.01619,1,19.0,0.060866076683157064,1,1,1,W20_N5_mean1.25x,20,5,1.25,909,Pitch_hybrid_prediction,/home/tchowdh4/sensor_recovery_project/logs/extracted_csv/baseline_03_forward_motion_ATT.csv,/home/tchowdh4/sensor_recovery_project/prediction_results_v9_trained_hybrid/baseline_03_forward_motion_ATT_trained_hybrid_prediction_outputs.csv
8.699852,baseline_03_forward_motion,Pitch,bias,0.06476,1,0.0717725232243537,0.1365325232243537,0.0727264564145796,0.06380606680977409,0.06380606680977409,0.01619,1,20.0,0.06388256471258742,1,1,1,W20_N5_mean1.25x,20,5,1.25,909,Pitch_hybrid_prediction,/home/tchowdh4/sensor_recovery_project/logs/extracted_csv/baseline_03_forward_motion_ATT.csv,/home/tchowdh4/sensor_recovery_project/prediction_results_v9_trained_hybrid/baseline_03_forward_motion_ATT_trained_hybrid_prediction_outputs.csv
8.799812,baseline_03_forward_motion,Pitch,bias,0.06476,1,0.0731250420212745,0.1378850420212745,0.0746630018831864,0.06322204013808809,0.06322204013808809,0.01619,1,20.0,0.0637154673305037,1,1,1,W20_N5_mean1.25x,20,5,1.25,909,Pitch_hybrid_prediction,/home/tchowdh4/sensor_recovery_project/logs/extracted_csv/baseline_03_forward_motion_ATT.csv,/home/tchowdh4/sensor_recovery_project/prediction_results_v9_trained_hybrid/baseline_03_forward_motion_ATT_trained_hybrid_prediction_outputs.csv
8.899772,baseline_03_forward_motion,Pitch,bias,0.06476,1,0.0800025165081024,0.1447625165081024,0.0849680952588383,0.059794421249264096,0.059794421249264096,0.01619,1,20.0,0.06333302717510707,1,1,1,W20_N5_mean1.25x,20,5,1.25,909,Pitch_hybrid_prediction,/home/tchowdh4/sensor_recovery_project/logs/extracted_csv/baseline_03_forward_motion_ATT.csv,/home/tchowdh4/sensor_recovery_project/prediction_results_v9_trained_hybrid/baseline_03_forward_motion_ATT_trained_hybrid_prediction_outputs.csv
8.999732,baseline_03_forward_motion,Pitch,bias,0.06476,1,0.084429994225502,0.149189994225502,0.0884968811130545,0.0606931131124475,0.0606931131124475,0.01619,1,20.0,0.06304305711742808,1,1,1,W20_N5_mean1.25x,20,5,1.25,909,Pitch_hybrid_prediction,/home/tchowdh4/sensor_recovery_project/logs/extracted_csv/baseline_03_forward_motion_ATT.csv,/home/tchowdh4/sensor_recovery_project/prediction_results_v9_trained_hybrid/baseline_03_forward_motion_ATT_trained_hybrid_prediction_outputs.csv
9.100525,baseline_03_forward_motion,Pitch,bias,0.06476,1,0.0842587053775787,0.1490187053775787,0.0855610205248905,0.0634576848526882,0.0634576848526882,0.01619,1,20.0,0.06305189529308437,1,1,1,W20_N5_mean1.25x,20,5,1.25,909,Pitch_hybrid_prediction,/home/tchowdh4/sensor_recovery_project/logs/extracted_csv/baseline_03_forward_motion_ATT.csv,/home/tchowdh4/sensor_recovery_project/prediction_results_v9_trained_hybrid/baseline_03_forward_motion_ATT_trained_hybrid_prediction_outputs.csv
9.200485,baseline_03_forward_motion,Pitch,bias,0.06476,1,0.0862288400530815,0.1509888400530815,0.0880969437548432,0.0628918962982383,0.0628918962982383,0.01619,1,20.0,0.06295004692886226,1,1,1,W20_N5_mean1.25x,20,5,1.25,909,Pitch_hybrid_prediction,/home/tchowdh4/sensor_recovery_project/logs/extracted_csv/baseline_03_forward_motion_ATT.csv,/home/tchowdh4/sensor_recovery_project/prediction_results_v9_trained_hybrid/baseline_03_forward_motion_ATT_trained_hybrid_prediction_outputs.csv
9.300445,baseline_03_forward_motion,Pitch,bias,0.06476,1,0.0860757902264595,0.1508357902264595,0.0868359479213617,0.06399984230509778,0.06399984230509778,0.01619,1,20.0,0.06297688313059671,1,1,1,W20_N5_mean1.25x,20,5,1.25,909,Pitch_hybrid_prediction,/home/tchowdh4/sensor_recovery_project/logs/extracted_csv/baseline_03_forward_motion_ATT.csv,/home/tchowdh4/sensor_recovery_project/prediction_results_v9_trained_hybrid/baseline_03_forward_motion_ATT_trained_hybrid_prediction_outputs.csv
9.400405,baseline_03_forward_motion,Pitch,bias,0.06476,1,0.0866697281599044,0.1514297281599044,0.0867305725510299,0.06469915560887451,0.06469915560887451,0.01619,1,20.0,0.06301354322161373,1,1,1,W20_N5_mean1.25x,20,5,1.25,909,Pitch_hybrid_prediction,/home/tchowdh4/sensor_recovery_project/logs/extracted_csv/baseline_03_forward_motion_ATT.csv,/home/tchowdh4/sensor_recovery_project/prediction_results_v9_trained_hybrid/baseline_03_forward_motion_ATT_trained_hybrid_prediction_outputs.csv
9.500365,baseline_03_forward_motion,Pitch,bias,0.06476,1,0.0867830216884613,0.1515430216884613,0.0842143423975016,0.06732867929095969,0.06732867929095969,0.01619,1,20.0,0.06325878909033995,1,1,1,W20_N5_mean1.25x,20,5,1.25,909,Pitch_hybrid_prediction,/home/tchowdh4/sensor_recovery_project/logs/extracted_csv/baseline_03_forward_motion_ATT.csv,/home/tchowdh4/sensor_recovery_project/prediction_results_v9_trained_hybrid/baseline_03_forward_motion_ATT_trained_hybrid_prediction_outputs.csv
9.600325,baseline_03_forward_motion,Pitch,bias,0.06476,1,0.0864866152405738,0.1512466152405738,0.0814920841207389,0.06975453111983491,0.06975453111983491,0.01619,1,20.0,0.063604497398481,1,1,1,W20_N5_mean1.25x,20,5,1.25,909,Pitch_hybrid_prediction,/home/tchowdh4/sensor_recovery_project/logs/extracted_csv/baseline_03_forward_motion_ATT.csv,/home/tchowdh4/sensor_recovery_project/prediction_results_v9_trained_hybrid/baseline_03_forward_motion_ATT_trained_hybrid_prediction_outputs.csv
9.700285,baseline_03_forward_motion,Pitch,bias,0.06476,1,0.0860768184065818,0.1508368184065818,0.079398047854725,0.07143877055185681,0.07143877055185681,0.01619,1,20.0,0.06400636210026375,1,1,1,W20_N5_mean1.25x,20,5,1.25,909,Pitch_hybrid_prediction,/home/tchowdh4/sensor_recovery_project/logs/extracted_csv/baseline_03_forward_motion_ATT.csv,/home/tchowdh4/sensor_recovery_project/prediction_results_v9_trained_hybrid/baseline_03_forward_motion_ATT_trained_hybrid_prediction_outputs.csv
9.800245,baseline_03_forward_motion,Pitch,bias,0.06476,1,0.0854983329772949,0.1502583329772949,0.0779453379328681,0.0723129950444268,0.0723129950444268,0.01619,1,20.0,0.06437942791501958,1,1,1,W20_N5_mean1.25x,20,5,1.25,909,Pitch_hybrid_prediction,/home/tchowdh4/sensor_recovery_project/logs/extracted_csv/baseline_03_forward_motion_ATT.csv,/home/tchowdh4/sensor_recovery_project/prediction_results_v9_trained_hybrid/baseline_03_forward_motion_ATT_trained_hybrid_prediction_outputs.csv
9.900205,baseline_03_forward_motion,Pitch,bias,0.06476,1,0.0853182822465896,0.1500782822465896,0.0777370938967186,0.072341188349871,0.072341188349871,0.01619,1,20.0,0.06495841871290957,1,1,1,W20_N5_mean1.25x,20,5,1.25,909,Pitch_hybrid_prediction,/home/tchowdh4/sensor_recovery_project/logs/extracted_csv/baseline_03_forward_motion_ATT.csv,/home/tchowdh4/sensor_recovery_project/prediction_results_v9_trained_hybrid/baseline_03_forward_motion_ATT_trained_hybrid_prediction_outputs.csv
10.000165,baseline_03_forward_motion,Pitch,bias,0.06476,1,0.0849933847784996,0.1497533847784996,0.0770532032190854,0.07270018155941418,0.07270018155941418,0.01619,1,20.0,0.06550616120809369,1,1,1,W20_N5_mean1.25x,20,5,1.25,909,Pitch_hybrid_prediction,/home/tchowdh4/sensor_recovery_project/logs/extracted_csv/baseline_03_forward_motion_ATT.csv,/home/tchowdh4/sensor_recovery_project/prediction_results_v9_trained_hybrid/baseline_03_forward_motion_ATT_trained_hybrid_prediction_outputs.csv
10.100125,baseline_03_forward_motion,Pitch,bias,0.06476,1,0.0848953798413276,0.1496553798413276,0.076528689699326,0.0731266901420016,0.0731266901420016,0.01619,1,20.0,0.06616036703402295,1,1,1,W20_N5_mean1.25x,20,5,1.25,909,Pitch_hybrid_prediction,/home/tchowdh4/sensor_recovery_project/logs/extracted_csv/baseline_03_forward_motion_ATT.csv,/home/tchowdh4/sensor_recovery_project/prediction_results_v9_trained_hybrid/baseline_03_forward_motion_ATT_trained_hybrid_prediction_outputs.csv
10.200085,baseline_03_forward_motion,Pitch,bias,0.06476,1,0.0847314149141311,0.1494914149141311,0.0751463768231508,0.0743450380909803,0.0743450380909803,0.01619,1,20.0,0.06676063550436986,1,1,1,W20_N5_mean1.25x,20,5,1.25,909,Pitch_hybrid_prediction,/home/tchowdh4/sensor_recovery_project/logs/extracted_csv/baseline_03_forward_motion_ATT.csv,/home/tchowdh4/sensor_recovery_project/prediction_results_v9_trained_hybrid/baseline_03_forward_motion_ATT_trained_hybrid_prediction_outputs.csv
10.300045,baseline_03_forward_motion,Pitch,bias,0.06476,1,0.0847468599677085,0.14950685996770852,0.0734714589843388,0.07603540098336972,0.07603540098336972,0.01619,1,20.0,0.06730776342980155,1,1,1,W20_N5_mean1.25x,20,5,1.25,909,Pitch_hybrid_prediction,/home/tchowdh4/sensor_recovery_project/logs/extracted_csv/baseline_03_forward_motion_ATT.csv,/home/tchowdh4/sensor_recovery_project/prediction_results_v9_trained_hybrid/baseline_03_forward_motion_ATT_trained_hybrid_prediction_outputs.csv
10.400005,baseline_03_forward_motion,Pitch,bias,0.06476,1,0.0843745842576026,0.1491345842576026,0.0709640896589817,0.0781704945986209,0.0781704945986209,0.01619,1,20.0,0.06800264334621918,1,1,1,W20_N5_mean1.25x,20,5,1.25,909,Pitch_hybrid_prediction,/home/tchowdh4/sensor_recovery_project/logs/extracted_csv/baseline_03_forward_motion_ATT.csv,/home/tchowdh4/sensor_recovery_project/prediction_results_v9_trained_hybrid/baseline_03_forward_motion_ATT_trained_hybrid_prediction_outputs.csv
10.499965,baseline_03_forward_motion,Pitch,bias,0.06476,1,0.0842256769537925,0.1489856769537925,0.0694016043535032,0.0795840726002893,0.0795840726002893,0.01619,1,20.0,0.0687186840773467,1,1,1,W20_N5_mean1.25x,20,5,1.25,909,Pitch_hybrid_prediction,/home/tchowdh4/sensor_recovery_project/logs/extracted_csv/baseline_03_forward_motion_ATT.csv,/home/tchowdh4/sensor_recovery_project/prediction_results_v9_trained_hybrid/baseline_03_forward_motion_ATT_trained_hybrid_prediction_outputs.csv
10.599925,baseline_03_forward_motion,Pitch,bias,0.06476,1,0.0840480029582977,0.1488080029582977,0.0680964462662469,0.08071155669205081,0.08071155669205081,0.01619,1,20.0,0.06952069096990743,1,1,1,W20_N5_mean1.25x,20,5,1.25,909,Pitch_hybrid_prediction,/home/tchowdh4/sensor_recovery_project/logs/extracted_csv/baseline_03_forward_motion_ATT.csv,/home/tchowdh4/sensor_recovery_project/prediction_results_v9_trained_hybrid/baseline_03_forward_motion_ATT_trained_hybrid_prediction_outputs.csv
10.699885,baseline_03_forward_motion,Pitch,bias,0.06476,1,0.0838842168450355,0.14864421684503548,0.0671036815610327,0.08154053528400278,0.08154053528400278,0.01619,1,20.0,0.07040741439361886,1,1,1,W20_N5_mean1.25x,20,5,1.25,909,Pitch_hybrid_prediction,/home/tchowdh4/sensor_recovery_project/logs/extracted_csv/baseline_03_forward_motion_ATT.csv,/home/tchowdh4/sensor_recovery_project/prediction_results_v9_trained_hybrid/baseline_03_forward_motion_ATT_trained_hybrid_prediction_outputs.csv
10.799845,baseline_03_forward_motion,Pitch,bias,0.06476,1,0.0834348052740097,0.1481948052740097,0.0658752404625844,0.08231956481142529,0.08231956481142529,0.01619,1,20.0,0.07136229062728572,1,1,1,W20_N5_mean1.25x,20,5,1.25,909,Pitch_hybrid_prediction,/home/tchowdh4/sensor_recovery_project/logs/extracted_csv/baseline_03_forward_motion_ATT.csv,/home/tchowdh4/sensor_recovery_project/prediction_results_v9_trained_hybrid/baseline_03_forward_motion_ATT_trained_hybrid_prediction_outputs.csv
10.899805,baseline_03_forward_motion,Pitch,bias,0.06476,1,0.0834143236279487,0.1481743236279487,0.0665048044697862,0.08166951915816249,0.08166951915816249,0.01619,1,20.0,0.07245604552273065,1,1,1,W20_N5_mean1.25x,20,5,1.25,909,Pitch_hybrid_prediction,/home/tchowdh4/sensor_recovery_project/logs/extracted_csv/baseline_03_forward_motion_ATT.csv,/home/tchowdh4/sensor_recovery_project/prediction_results_v9_trained_hybrid/baseline_03_forward_motion_ATT_trained_hybrid_prediction_outputs.csv
10.999765,baseline_03_forward_motion,Pitch,bias,0.06476,1,0.083243653178215,0.148003653178215,0.0687302529636744,0.07927340021454062,0.07927340021454062,0.01619,1,20.0,0.0733850598778353,1,1,1,W20_N5_mean1.25x,20,5,1.25,909,Pitch_hybrid_prediction,/home/tchowdh4/sensor_recovery_project/logs/extracted_csv/baseline_03_forward_motion_ATT.csv,/home/tchowdh4/sensor_recovery_project/prediction_results_v9_trained_hybrid/baseline_03_forward_motion_ATT_trained_hybrid_prediction_outputs.csv
11.099725,baseline_03_forward_motion,Pitch,bias,0.06476,1,0.0831743329763412,0.1479343329763412,0.0722582496487841,0.0756760833275571,0.0756760833275571,0.01619,1,20.0,0.07399597980157875,1,1,1,W20_N5_mean1.25x,20,5,1.25,909,Pitch_hybrid_prediction,/home/tchowdh4/sensor_recovery_project/logs/extracted_csv/baseline_03_forward_motion_ATT.csv,/home/tchowdh4/sensor_recovery_project/prediction_results_v9_trained_hybrid/baseline_03_forward_motion_ATT_trained_hybrid_prediction_outputs.csv
11.200518,baseline_03_forward_motion,Pitch,bias,0.06476,1,0.0829054489731788,0.1476654489731788,0.0750816583272914,0.0725837906458874,0.0725837906458874,0.01619,1,20.0,0.0744805745189612,1,1,1,W20_N5_mean1.25x,20,5,1.25,909,Pitch_hybrid_prediction,/home/tchowdh4/sensor_recovery_project/logs/extracted_csv/baseline_03_forward_motion_ATT.csv,/home/tchowdh4/sensor_recovery_project/prediction_results_v9_trained_hybrid/baseline_03_forward_motion_ATT_trained_hybrid_prediction_outputs.csv
11.300478,baseline_03_forward_motion,Pitch,bias,0.06476,1,0.0829236656427383,0.1476836656427383,0.0771948831976359,0.0704887824451024,0.0704887824451024,0.01619,1,20.0,0.07480502152596143,1,1,1,W20_N5_mean1.25x,20,5,1.25,909,Pitch_hybrid_prediction,/home/tchowdh4/sensor_recovery_project/logs/extracted_csv/baseline_03_forward_motion_ATT.csv,/home/tchowdh4/sensor_recovery_project/prediction_results_v9_trained_hybrid/baseline_03_forward_motion_ATT_trained_hybrid_prediction_outputs.csv
11.400438,baseline_03_forward_motion,Pitch,bias,0.06476,1,0.082628920674324,0.147388920674324,0.0773360595266932,0.07005286114763079,0.07005286114763079,0.01619,1,20.0,0.07507270680289924,1,1,1,W20_N5_mean1.25x,20,5,1.25,909,Pitch_hybrid_prediction,/home/tchowdh4/sensor_recovery_project/logs/extracted_csv/baseline_03_forward_motion_ATT.csv,/home/tchowdh4/sensor_recovery_project/prediction_results_v9_trained_hybrid/baseline_03_forward_motion_ATT_trained_hybrid_prediction_outputs.csv
11.500398,baseline_03_forward_motion,Pitch,bias,0.06476,1,0.0826186388731002,0.1473786388731002,0.0777314496261924,0.06964718924690781,0.06964718924690781,0.01619,1,20.0,0.07518863230069664,1,1,1,W20_N5_mean1.25x,20,5,1.25,909,Pitch_hybrid_prediction,/home/tchowdh4/sensor_recovery_project/logs/extracted_csv/baseline_03_forward_motion_ATT.csv,/home/tchowdh4/sensor_recovery_project/prediction_results_v9_trained_hybrid/baseline_03_forward_motion_ATT_trained_hybrid_prediction_outputs.csv
11.600358,baseline_03_forward_motion,Pitch,bias,0.06476,1,0.0822765529155731,0.1470365529155731,0.0773723239379907,0.0696642289775824,0.0696642289775824,0.01619,1,20.0,0.07518411719358402,1,1,1,W20_N5_mean1.25x,20,5,1.25,909,Pitch_hybrid_prediction,/home/tchowdh4/sensor_recovery_project/logs/extracted_csv/baseline_03_forward_motion_ATT.csv,/home/tchowdh4/sensor_recovery_project/prediction_results_v9_trained_hybrid/baseline_03_forward_motion_ATT_trained_hybrid_prediction_outputs.csv
11.700318,baseline_03_forward_motion,Pitch,bias,0.06476,1,0.082380510866642,0.14714051086664198,0.0778803430190718,0.06926016784757018,0.06926016784757018,0.01619,1,20.0,0.0750751870583697,1,1,1,W20_N5_mean1.25x,20,5,1.25,909,Pitch_hybrid_prediction,/home/tchowdh4/sensor_recovery_project/logs/extracted_csv/baseline_03_forward_motion_ATT.csv,/home/tchowdh4/sensor_recovery_project/prediction_results_v9_trained_hybrid/baseline_03_forward_motion_ATT_trained_hybrid_prediction_outputs.csv
11.800278,baseline_03_forward_motion,Pitch,bias,0.06476,1,0.082329973578453,0.147089973578453,0.0777939763159847,0.0692959972624683,0.0692959972624683,0.01619,1,20.0,0.07492433716927177,1,1,1,W20_N5_mean1.25x,20,5,1.25,909,Pitch_hybrid_prediction,/home/tchowdh4/sensor_recovery_project/logs/extracted_csv/baseline_03_forward_motion_ATT.csv,/home/tchowdh4/sensor_recovery_project/prediction_results_v9_trained_hybrid/baseline_03_forward_motion_ATT_trained_hybrid_prediction_outputs.csv
11.900238,baseline_03_forward_motion,Pitch,bias,0.06476,1,0.0821578502655029,0.14691785026550291,0.0775473953062014,0.06937045495930151,0.06937045495930151,0.01619,1,20.0,0.07477580049974329,1,1,1,W20_N5_mean1.25x,20,5,1.25,909,Pitch_hybrid_prediction,/home/tchowdh4/sensor_recovery_project/logs/extracted_csv/baseline_03_forward_motion_ATT.csv,/home/tchowdh4/sensor_recovery_project/prediction_results_v9_trained_hybrid/baseline_03_forward_motion_ATT_trained_hybrid_prediction_outputs.csv
12.000198,baseline_03_forward_motion,Pitch,bias,0.06476,1,0.0817412361502647,0.1465012361502647,0.0769898767138809,0.0695113594363838,0.0695113594363838,0.01619,1,20.0,0.07461635939359178,1,1,1,W20_N5_mean1.25x,20,5,1.25,909,Pitch_hybrid_prediction,/home/tchowdh4/sensor_recovery_project/logs/extracted_csv/baseline_03_forward_motion_ATT.csv,/home/tchowdh4/sensor_recovery_project/prediction_results_v9_trained_hybrid/baseline_03_forward_motion_ATT_trained_hybrid_prediction_outputs.csv
12.100158,baseline_03_forward_motion,Pitch,bias,0.06476,1,0.0811754837632179,0.1459354837632179,0.0763971000494646,0.06953838371375332,0.06953838371375332,0.01619,1,20.0,0.07443694407217935,1,1,1,W20_N5_mean1.25x,20,5,1.25,909,Pitch_hybrid_prediction,/home/tchowdh4/sensor_recovery_project/logs/extracted_csv/baseline_03_forward_motion_ATT.csv,/home/tchowdh4/sensor_recovery_project/prediction_results_v9_trained_hybrid/baseline_03_forward_motion_ATT_trained_hybrid_prediction_outputs.csv
12.200118,baseline_03_forward_motion,Pitch,bias,0.06476,1,0.0806199610233306,0.14537996102333062,0.0758705194367397,0.06950944158659092,0.06950944158659092,0.01619,1,20.0,0.07419516424695989,1,1,1,W20_N5_mean1.25x,20,5,1.25,909,Pitch_hybrid_prediction,/home/tchowdh4/sensor_recovery_project/logs/extracted_csv/baseline_03_forward_motion_ATT.csv,/home/tchowdh4/sensor_recovery_project/prediction_results_v9_trained_hybrid/baseline_03_forward_motion_ATT_trained_hybrid_prediction_outputs.csv
12.300078,baseline_03_forward_motion,Pitch,bias,0.06476,1,0.0799541026353836,0.1447141026353836,0.0751664289460692,0.06954767368931439,0.06954767368931439,0.01619,1,20.0,0.07387077788225713,1,1,1,W20_N5_mean1.25x,20,5,1.25,909,Pitch_hybrid_prediction,/home/tchowdh4/sensor_recovery_project/logs/extracted_csv/baseline_03_forward_motion_ATT.csv,/home/tchowdh4/sensor_recovery_project/prediction_results_v9_trained_hybrid/baseline_03_forward_motion_ATT_trained_hybrid_prediction_outputs.csv
12.400038,baseline_03_forward_motion,Pitch,bias,0.06476,1,0.0792865827679634,0.1440465827679634,0.0745462023327773,0.0695003804351861,0.0695003804351861,0.01619,1,20.0,0.07343727217408538,1,1,1,W20_N5_mean1.25x,20,5,1.25,909,Pitch_hybrid_prediction,/home/tchowdh4/sensor_recovery_project/logs/extracted_csv/baseline_03_forward_motion_ATT.csv,/home/tchowdh4/sensor_recovery_project/prediction_results_v9_trained_hybrid/baseline_03_forward_motion_ATT_trained_hybrid_prediction_outputs.csv
12.499998,baseline_03_forward_motion,Pitch,bias,0.06476,1,0.0785300284624099,0.1432900284624099,0.0738299223646088,0.06946010609780111,0.06946010609780111,0.01619,1,20.0,0.07293107384896097,1,1,1,W20_N5_mean1.25x,20,5,1.25,909,Pitch_hybrid_prediction,/home/tchowdh4/sensor_recovery_project/logs/extracted_csv/baseline_03_forward_motion_ATT.csv,/home/tchowdh4/sensor_recovery_project/prediction_results_v9_trained_hybrid/baseline_03_forward_motion_ATT_trained_hybrid_prediction_outputs.csv
12.599958,baseline_03_forward_motion,Pitch,bias,0.06476,1,0.0776893496513366,0.1424493496513366,0.0729848415081469,0.0694645081431897,0.0694645081431897,0.01619,1,20.0,0.07236872142151793,1,1,1,W20_N5_mean1.25x,20,5,1.25,909,Pitch_hybrid_prediction,/home/tchowdh4/sensor_recovery_project/logs/extracted_csv/baseline_03_forward_motion_ATT.csv,/home/tchowdh4/sensor_recovery_project/prediction_results_v9_trained_hybrid/baseline_03_forward_motion_ATT_trained_hybrid_prediction_outputs.csv
12.699918,baseline_03_forward_motion,Pitch,bias,0.06476,1,0.076961450278759,0.141721450278759,0.0723192679223238,0.0694021823564352,0.0694021823564352,0.01619,1,20.0,0.07176180377513955,1,1,1,W20_N5_mean1.25x,20,5,1.25,909,Pitch_hybrid_prediction,/home/tchowdh4/sensor_recovery_project/logs/extracted_csv/baseline_03_forward_motion_ATT.csv,/home/tchowdh4/sensor_recovery_project/prediction_results_v9_trained_hybrid/baseline_03_forward_motion_ATT_trained_hybrid_prediction_outputs.csv
12.799878,baseline_03_forward_motion,Pitch,bias,0.06476,1,0.0762163326144218,0.1409763326144218,0.0716617443916778,0.069314588222744,0.069314588222744,0.01619,1,20.0,0.07111155494570548,1,1,1,W20_N5_mean1.25x,20,5,1.25,909,Pitch_hybrid_prediction,/home/tchowdh4/sensor_recovery_project/logs/extracted_csv/baseline_03_forward_motion_ATT.csv,/home/tchowdh4/sensor_recovery_project/prediction_results_v9_trained_hybrid/baseline_03_forward_motion_ATT_trained_hybrid_prediction_outputs.csv
12.899838,baseline_03_forward_motion,Pitch,bias,0.06476,1,0.0754389986395835,0.14019899863958352,0.070944603314623,0.06925439532496051,0.06925439532496051,0.01619,1,20.0,0.07049079875404538,1,1,1,W20_N5_mean1.25x,20,5,1.25,909,Pitch_hybrid_prediction,/home/tchowdh4/sensor_recovery_project/logs/extracted_csv/baseline_03_forward_motion_ATT.csv,/home/tchowdh4/sensor_recovery_project/prediction_results_v9_trained_hybrid/baseline_03_forward_motion_ATT_trained_hybrid_prediction_outputs.csv
12.999798,baseline_03_forward_motion,Pitch,bias,0.06476,1,0.074762687087059,0.139522687087059,0.0703904777741569,0.06913220931290211,0.06913220931290211,0.01619,1,20.0,0.06998373920896345,1,1,1,W20_N5_mean1.25x,20,5,1.25,909,Pitch_hybrid_prediction,/home/tchowdh4/sensor_recovery_project/logs/extracted_csv/baseline_03_forward_motion_ATT.csv,/home/tchowdh4/sensor_recovery_project/prediction_results_v9_trained_hybrid/baseline_03_forward_motion_ATT_trained_hybrid_prediction_outputs.csv
13.099758,baseline_03_forward_motion,Pitch,bias,0.06476,1,0.0742445290088653,0.13900452900886529,0.0699718427906263,0.06903268621823898,0.06903268621823898,0.01619,1,20.0,0.06965156935349755,1,1,1,W20_N5_mean1.25x,20,5,1.25,909,Pitch_hybrid_prediction,/home/tchowdh4/sensor_recovery_project/logs/extracted_csv/baseline_03_forward_motion_ATT.csv,/home/tchowdh4/sensor_recovery_project/prediction_results_v9_trained_hybrid/baseline_03_forward_motion_ATT_trained_hybrid_prediction_outputs.csv
13.199718,baseline_03_forward_motion,Pitch,bias,0.06476,1,0.0734394043684005,0.1381994043684005,0.0690750717050759,0.0691243326633246,0.0691243326633246,0.01619,1,20.0,0.0694785964543694,1,1,1,W20_N5_mean1.25x,20,5,1.25,909,Pitch_hybrid_prediction,/home/tchowdh4/sensor_recovery_project/logs/extracted_csv/baseline_03_forward_motion_ATT.csv,/home/tchowdh4/sensor_recovery_project/prediction_results_v9_trained_hybrid/baseline_03_forward_motion_ATT_trained_hybrid_prediction_outputs.csv
13.300511,baseline_03_forward_motion,Pitch,bias,0.06476,1,0.0726296752691268,0.1373896752691268,0.0682332681016268,0.06915640716749999,0.06915640716749999,0.01619,1,20.0,0.06941197769048929,1,1,1,W20_N5_mean1.25x,20,5,1.25,909,Pitch_hybrid_prediction,/home/tchowdh4/sensor_recovery_project/logs/extracted_csv/baseline_03_forward_motion_ATT.csv,/home/tchowdh4/sensor_recovery_project/prediction_results_v9_trained_hybrid/baseline_03_forward_motion_ATT_trained_hybrid_prediction_outputs.csv
13.400471,baseline_03_forward_motion,Pitch,bias,0.06476,1,0.0720484629273414,0.1368084629273414,0.0677756739649239,0.06903278896241749,0.06903278896241749,0.01619,1,20.0,0.06936097408122863,1,1,1,W20_N5_mean1.25x,20,5,1.25,909,Pitch_hybrid_prediction,/home/tchowdh4/sensor_recovery_project/logs/extracted_csv/baseline_03_forward_motion_ATT.csv,/home/tchowdh4/sensor_recovery_project/prediction_results_v9_trained_hybrid/baseline_03_forward_motion_ATT_trained_hybrid_prediction_outputs.csv
13.500431,baseline_03_forward_motion,Pitch,bias,0.06476,1,0.0715001076459884,0.1362601076459884,0.0673366936864379,0.0689234139595505,0.0689234139595505,0.01619,1,20.0,0.06932478531686075,1,1,1,W20_N5_mean1.25x,20,5,1.25,909,Pitch_hybrid_prediction,/home/tchowdh4/sensor_recovery_project/logs/extracted_csv/baseline_03_forward_motion_ATT.csv,/home/tchowdh4/sensor_recovery_project/prediction_results_v9_trained_hybrid/baseline_03_forward_motion_ATT_trained_hybrid_prediction_outputs.csv
13.600391,baseline_03_forward_motion,Pitch,bias,0.06476,0,0.0707558169960975,0.0707558169960975,0.0666083883279206,0.004147428668176897,0.004147428668176897,0.01619,0,19.0,0.06604894530139048,1,1,1,W20_N5_mean1.25x,20,5,1.25,909,Pitch_hybrid_prediction,/home/tchowdh4/sensor_recovery_project/logs/extracted_csv/baseline_03_forward_motion_ATT.csv,/home/tchowdh4/sensor_recovery_project/prediction_results_v9_trained_hybrid/baseline_03_forward_motion_ATT_trained_hybrid_prediction_outputs.csv
13.700351,baseline_03_forward_motion,Pitch,bias,0.06476,0,0.0706284642219543,0.0706284642219543,0.0668188687464746,0.00380959547547971,0.00380959547547971,0.01619,0,18.0,0.06277641668278595,1,1,1,W20_N5_mean1.25x,20,5,1.25,909,Pitch_hybrid_prediction,/home/tchowdh4/sensor_recovery_project/logs/extracted_csv/baseline_03_forward_motion_ATT.csv,/home/tchowdh4/sensor_recovery_project/prediction_results_v9_trained_hybrid/baseline_03_forward_motion_ATT_trained_hybrid_prediction_outputs.csv
13.800311,baseline_03_forward_motion,Pitch,bias,0.06476,0,0.0704674944281578,0.0704674944281578,0.0666594875438248,0.0038080068843330123,0.0038080068843330123,0.01619,0,17.0,0.05950201716387919,1,1,1,W20_N5_mean1.25x,20,5,1.25,909,Pitch_hybrid_prediction,/home/tchowdh4/sensor_recovery_project/logs/extracted_csv/baseline_03_forward_motion_ATT.csv,/home/tchowdh4/sensor_recovery_project/prediction_results_v9_trained_hybrid/baseline_03_forward_motion_ATT_trained_hybrid_prediction_outputs.csv
13.900271,baseline_03_forward_motion,Pitch,bias,0.06476,0,0.0701869651675224,0.0701869651675224,0.0663274680894621,0.0038594970780602977,0.0038594970780602977,0.01619,0,16.0,0.056226469269817135,1,1,1,W20_N5_mean1.25x,20,5,1.25,909,Pitch_hybrid_prediction,/home/tchowdh4/sensor_recovery_project/logs/extracted_csv/baseline_03_forward_motion_ATT.csv,/home/tchowdh4/sensor_recovery_project/prediction_results_v9_trained_hybrid/baseline_03_forward_motion_ATT_trained_hybrid_prediction_outputs.csv
14.000231,baseline_03_forward_motion,Pitch,bias,0.06476,0,0.0699383094906807,0.0699383094906807,0.0660703830379188,0.003867926452761891,0.003867926452761891,0.01619,0,15.0,0.05294429762063604,1,1,1,W20_N5_mean1.25x,20,5,1.25,909,Pitch_hybrid_prediction,/home/tchowdh4/sensor_recovery_project/logs/extracted_csv/baseline_03_forward_motion_ATT.csv,/home/tchowdh4/sensor_recovery_project/prediction_results_v9_trained_hybrid/baseline_03_forward_motion_ATT_trained_hybrid_prediction_outputs.csv
14.100191,baseline_03_forward_motion,Pitch,bias,0.06476,0,0.0699014440178871,0.0699014440178871,0.0662114197843613,0.003690024233525796,0.003690024233525796,0.01619,0,14.0,0.04965187964662466,1,1,1,W20_N5_mean1.25x,20,5,1.25,909,Pitch_hybrid_prediction,/home/tchowdh4/sensor_recovery_project/logs/extracted_csv/baseline_03_forward_motion_ATT.csv,/home/tchowdh4/sensor_recovery_project/prediction_results_v9_trained_hybrid/baseline_03_forward_motion_ATT_trained_hybrid_prediction_outputs.csv
14.200151,baseline_03_forward_motion,Pitch,bias,0.06476,0,0.0697510614991188,0.0697510614991188,0.0660183488958278,0.0037327126032909996,0.0037327126032909996,0.01619,0,13.0,0.046363043197459666,1,1,1,W20_N5_mean1.25x,20,5,1.25,909,Pitch_hybrid_prediction,/home/tchowdh4/sensor_recovery_project/logs/extracted_csv/baseline_03_forward_motion_ATT.csv,/home/tchowdh4/sensor_recovery_project/prediction_results_v9_trained_hybrid/baseline_03_forward_motion_ATT_trained_hybrid_prediction_outputs.csv
14.300111,baseline_03_forward_motion,Pitch,bias,0.06476,0,0.0699971914291381,0.0699971914291381,0.0664648396777484,0.0035323517513897035,0.0035323517513897035,0.01619,0,12.0,0.04306227710056343,1,1,1,W20_N5_mean1.25x,20,5,1.25,909,Pitch_hybrid_prediction,/home/tchowdh4/sensor_recovery_project/logs/extracted_csv/baseline_03_forward_motion_ATT.csv,/home/tchowdh4/sensor_recovery_project/prediction_results_v9_trained_hybrid/baseline_03_forward_motion_ATT_trained_hybrid_prediction_outputs.csv
14.400071,baseline_03_forward_motion,Pitch,bias,0.06476,0,0.0700275972485542,0.0700275972485542,0.066340167014369,0.0036874302341852044,0.0036874302341852044,0.01619,0,11.0,0.039771629590513384,1,1,1,W20_N5_mean1.25x,20,5,1.25,909,Pitch_hybrid_prediction,/home/tchowdh4/sensor_recovery_project/logs/extracted_csv/baseline_03_forward_motion_ATT.csv,/home/tchowdh4/sensor_recovery_project/prediction_results_v9_trained_hybrid/baseline_03_forward_motion_ATT_trained_hybrid_prediction_outputs.csv
14.500031,baseline_03_forward_motion,Pitch,bias,0.06476,0,0.0703450515866279,0.0703450515866279,0.0668108011085385,0.003534250478089404,0.003534250478089404,0.01619,0,10.0,0.0364753368095278,1,1,1,W20_N5_mean1.25x,20,5,1.25,909,Pitch_hybrid_prediction,/home/tchowdh4/sensor_recovery_project/logs/extracted_csv/baseline_03_forward_motion_ATT.csv,/home/tchowdh4/sensor_recovery_project/prediction_results_v9_trained_hybrid/baseline_03_forward_motion_ATT_trained_hybrid_prediction_outputs.csv
14.599991,baseline_03_forward_motion,Pitch,bias,0.06476,0,0.0705002918839454,0.0705002918839454,0.0669483668380352,0.0035519250459101898,0.0035519250459101898,0.01619,0,9.0,0.033179707654663826,1,1,1,W20_N5_mean1.25x,20,5,1.25,909,Pitch_hybrid_prediction,/home/tchowdh4/sensor_recovery_project/logs/extracted_csv/baseline_03_forward_motion_ATT.csv,/home/tchowdh4/sensor_recovery_project/prediction_results_v9_trained_hybrid/baseline_03_forward_motion_ATT_trained_hybrid_prediction_outputs.csv
14.699951,baseline_03_forward_motion,Pitch,bias,0.06476,0,0.0708581954240799,0.0708581954240799,0.0673658688339342,0.0034923265901457,0.0034923265901457,0.01619,0,8.0,0.029884214866349346,1,1,1,W20_N5_mean1.25x,20,5,1.25,909,Pitch_hybrid_prediction,/home/tchowdh4/sensor_recovery_project/logs/extracted_csv/baseline_03_forward_motion_ATT.csv,/home/tchowdh4/sensor_recovery_project/prediction_results_v9_trained_hybrid/baseline_03_forward_motion_ATT_trained_hybrid_prediction_outputs.csv
14.799911,baseline_03_forward_motion,Pitch,bias,0.06476,0,0.0709456503391265,0.0709456503391265,0.0672031101675483,0.0037425401715781986,0.0037425401715781986,0.01619,0,7.0,0.026605612463791062,1,1,1,W20_N5_mean1.25x,20,5,1.25,909,Pitch_hybrid_prediction,/home/tchowdh4/sensor_recovery_project/logs/extracted_csv/baseline_03_forward_motion_ATT.csv,/home/tchowdh4/sensor_recovery_project/prediction_results_v9_trained_hybrid/baseline_03_forward_motion_ATT_trained_hybrid_prediction_outputs.csv
14.899871,baseline_03_forward_motion,Pitch,bias,0.06476,0,0.0711763352155685,0.0711763352155685,0.0675510927108772,0.0036252425046913034,0.0036252425046913034,0.01619,0,6.0,0.0233241548227776,1,1,1,W20_N5_mean1.25x,20,5,1.25,909,Pitch_hybrid_prediction,/home/tchowdh4/sensor_recovery_project/logs/extracted_csv/baseline_03_forward_motion_ATT.csv,/home/tchowdh4/sensor_recovery_project/prediction_results_v9_trained_hybrid/baseline_03_forward_motion_ATT_trained_hybrid_prediction_outputs.csv
14.999831,baseline_03_forward_motion,Pitch,bias,0.06476,0,0.0713535025715828,0.0713535025715828,0.0677610741947442,0.0035924283768385967,0.0035924283768385967,0.01619,0,5.0,0.020047165775974422,1,0,1,W20_N5_mean1.25x,20,5,1.25,909,Pitch_hybrid_prediction,/home/tchowdh4/sensor_recovery_project/logs/extracted_csv/baseline_03_forward_motion_ATT.csv,/home/tchowdh4/sensor_recovery_project/prediction_results_v9_trained_hybrid/baseline_03_forward_motion_ATT_trained_hybrid_prediction_outputs.csv
15.099791,baseline_03_forward_motion,Pitch,bias,0.06476,0,0.0717095211148262,0.0717095211148262,0.0681849682327801,0.003524552882046103,0.003524552882046103,0.01619,0,4.0,0.01677175910916478,0,0,0,W20_N5_mean1.25x,20,5,1.25,909,Pitch_hybrid_prediction,/home/tchowdh4/sensor_recovery_project/logs/extracted_csv/baseline_03_forward_motion_ATT.csv,/home/tchowdh4/sensor_recovery_project/prediction_results_v9_trained_hybrid/baseline_03_forward_motion_ATT_trained_hybrid_prediction_outputs.csv
15.199751,baseline_03_forward_motion,Pitch,bias,0.06476,0,0.0720122531056404,0.0720122531056404,0.0684533684782273,0.003558884627413092,0.003558884627413092,0.01619,0,3.0,0.013493486707369204,0,0,0,W20_N5_mean1.25x,20,5,1.25,909,Pitch_hybrid_prediction,/home/tchowdh4/sensor_recovery_project/logs/extracted_csv/baseline_03_forward_motion_ATT.csv,/home/tchowdh4/sensor_recovery_project/prediction_results_v9_trained_hybrid/baseline_03_forward_motion_ATT_trained_hybrid_prediction_outputs.csv
15.300544,baseline_03_forward_motion,Pitch,bias,0.06476,0,0.0726487562060356,0.0726487562060356,0.0692271031715149,0.0034216530345207025,0.0034216530345207025,0.01619,0,2.0,0.010206749000720241,0,0,0,W20_N5_mean1.25x,20,5,1.25,909,Pitch_hybrid_prediction,/home/tchowdh4/sensor_recovery_project/logs/extracted_csv/baseline_03_forward_motion_ATT.csv,/home/tchowdh4/sensor_recovery_project/prediction_results_v9_trained_hybrid/baseline_03_forward_motion_ATT_trained_hybrid_prediction_outputs.csv
15.400504,baseline_03_forward_motion,Pitch,bias,0.06476,0,0.0729956179857254,0.0729956179857254,0.0693931201288704,0.003602497856855,0.003602497856855,0.01619,0,1.0,0.006935234445442115,0,0,0,W20_N5_mean1.25x,20,5,1.25,909,Pitch_hybrid_prediction,/home/tchowdh4/sensor_recovery_project/logs/extracted_csv/baseline_03_forward_motion_ATT.csv,/home/tchowdh4/sensor_recovery_project/prediction_results_v9_trained_hybrid/baseline_03_forward_motion_ATT_trained_hybrid_prediction_outputs.csv
15.500464,baseline_03_forward_motion,Pitch,bias,0.06476,0,0.0735414549708366,0.0735414549708366,0.0700155780224412,0.003525876948395401,0.003525876948395401,0.01619,0,0.0,0.0036653575948843603,0,0,0,W20_N5_mean1.25x,20,5,1.25,909,Pitch_hybrid_prediction,/home/tchowdh4/sensor_recovery_project/logs/extracted_csv/baseline_03_forward_motion_ATT.csv,/home/tchowdh4/sensor_recovery_project/prediction_results_v9_trained_hybrid/baseline_03_forward_motion_ATT_trained_hybrid_prediction_outputs.csv
15.600424,baseline_03_forward_motion,Pitch,bias,0.06476,0,0.0740220248699188,0.0740220248699188,0.0703781806203458,0.0036438442495729945,0.0036438442495729945,0.01619,0,0.0,0.003640178373954165,0,0,0,W20_N5_mean1.25x,20,5,1.25,909,Pitch_hybrid_prediction,/home/tchowdh4/sensor_recovery_project/logs/extracted_csv/baseline_03_forward_motion_ATT.csv,/home/tchowdh4/sensor_recovery_project/prediction_results_v9_trained_hybrid/baseline_03_forward_motion_ATT_trained_hybrid_prediction_outputs.csv
15.700384,baseline_03_forward_motion,Pitch,bias,0.06476,0,0.0744457393884658,0.0744457393884658,0.0707806789383445,0.003665060450121299,0.003665060450121299,0.01619,0,0.0,0.0036329516226862443,0,0,0,W20_N5_mean1.25x,20,5,1.25,909,Pitch_hybrid_prediction,/home/tchowdh4/sensor_recovery_project/logs/extracted_csv/baseline_03_forward_motion_ATT.csv,/home/tchowdh4/sensor_recovery_project/prediction_results_v9_trained_hybrid/baseline_03_forward_motion_ATT_trained_hybrid_prediction_outputs.csv
15.800344,baseline_03_forward_motion,Pitch,bias,0.06476,0,0.0749464631080627,0.0749464631080627,0.0713149960522699,0.0036314670557928003,0.0036314670557928003,0.01619,0,0.0,0.003624124631259234,0,0,0,W20_N5_mean1.25x,20,5,1.25,909,Pitch_hybrid_prediction,/home/tchowdh4/sensor_recovery_project/logs/extracted_csv/baseline_03_forward_motion_ATT.csv,/home/tchowdh4/sensor_recovery_project/prediction_results_v9_trained_hybrid/baseline_03_forward_motion_ATT_trained_hybrid_prediction_outputs.csv
15.900304,baseline_03_forward_motion,Pitch,bias,0.06476,0,0.0756643489003181,0.0756643489003181,0.0721228858970076,0.0035414630033104993,0.0035414630033104993,0.01619,0,0.0,0.0036082229275217438,0,0,0,W20_N5_mean1.25x,20,5,1.25,909,Pitch_hybrid_prediction,/home/tchowdh4/sensor_recovery_project/logs/extracted_csv/baseline_03_forward_motion_ATT.csv,/home/tchowdh4/sensor_recovery_project/prediction_results_v9_trained_hybrid/baseline_03_forward_motion_ATT_trained_hybrid_prediction_outputs.csv
16.000264,baseline_03_forward_motion,Pitch,bias,0.06476,0,0.0762669444084167,0.0762669444084167,0.0726511414083826,0.0036158030000341124,0.0036158030000341124,0.01619,0,0.0,0.003595616754885355,0,0,0,W20_N5_mean1.25x,20,5,1.25,909,Pitch_hybrid_prediction,/home/tchowdh4/sensor_recovery_project/logs/extracted_csv/baseline_03_forward_motion_ATT.csv,/home/tchowdh4/sensor_recovery_project/prediction_results_v9_trained_hybrid/baseline_03_forward_motion_ATT_trained_hybrid_prediction_outputs.csv
16.100224,baseline_03_forward_motion,Pitch,bias,0.06476,0,0.0769518986344337,0.0769518986344337,0.0732903876067068,0.0036615110277269103,0.0036615110277269103,0.01619,0,0.0,0.0035941910945954106,0,0,0,W20_N5_mean1.25x,20,5,1.25,909,Pitch_hybrid_prediction,/home/tchowdh4/sensor_recovery_project/logs/extracted_csv/baseline_03_forward_motion_ATT.csv,/home/tchowdh4/sensor_recovery_project/prediction_results_v9_trained_hybrid/baseline_03_forward_motion_ATT_trained_hybrid_prediction_outputs.csv
16.200184,baseline_03_forward_motion,Pitch,bias,0.06476,0,0.0773566514253616,0.0773566514253616,0.0734767121128982,0.0038799393124634013,0.0038799393124634013,0.01619,0,0.0,0.0036015524300540306,0,0,0,W20_N5_mean1.25x,20,5,1.25,909,Pitch_hybrid_prediction,/home/tchowdh4/sensor_recovery_project/logs/extracted_csv/baseline_03_forward_motion_ATT.csv,/home/tchowdh4/sensor_recovery_project/prediction_results_v9_trained_hybrid/baseline_03_forward_motion_ATT_trained_hybrid_prediction_outputs.csv
16.300144,baseline_03_forward_motion,Pitch,bias,0.06476,0,0.0777796730399131,0.0777796730399131,0.0739497618553106,0.0038299111846024914,0.0038299111846024914,0.01619,0,0.0,0.00361643040171467,0,0,0,W20_N5_mean1.25x,20,5,1.25,909,Pitch_hybrid_prediction,/home/tchowdh4/sensor_recovery_project/logs/extracted_csv/baseline_03_forward_motion_ATT.csv,/home/tchowdh4/sensor_recovery_project/prediction_results_v9_trained_hybrid/baseline_03_forward_motion_ATT_trained_hybrid_prediction_outputs.csv
16.400104,baseline_03_forward_motion,Pitch,bias,0.06476,0,0.0780868902802467,0.0780868902802467,0.0741924820754692,0.0038944082047775025,0.0038944082047775025,0.01619,0,0.0,0.0036267793002442853,0,0,0,W20_N5_mean1.25x,20,5,1.25,909,Pitch_hybrid_prediction,/home/tchowdh4/sensor_recovery_project/logs/extracted_csv/baseline_03_forward_motion_ATT.csv,/home/tchowdh4/sensor_recovery_project/prediction_results_v9_trained_hybrid/baseline_03_forward_motion_ATT_trained_hybrid_prediction_outputs.csv
16.500064,baseline_03_forward_motion,Pitch,bias,0.06476,0,0.0785504132509231,0.0785504132509231,0.0747464766615863,0.0038039365893367955,0.0038039365893367955,0.01619,0,0.0,0.0036402636058066548,0,0,0,W20_N5_mean1.25x,20,5,1.25,909,Pitch_hybrid_prediction,/home/tchowdh4/sensor_recovery_project/logs/extracted_csv/baseline_03_forward_motion_ATT.csv,/home/tchowdh4/sensor_recovery_project/prediction_results_v9_trained_hybrid/baseline_03_forward_motion_ATT_trained_hybrid_prediction_outputs.csv
16.600024,baseline_03_forward_motion,Pitch,bias,0.06476,0,0.0791056603193283,0.0791056603193283,0.075257090402166,0.0038485699171623006,0.0038485699171623006,0.01619,0,0.0,0.0036550958493692604,0,0,0,W20_N5_mean1.25x,20,5,1.25,909,Pitch_hybrid_prediction,/home/tchowdh4/sensor_recovery_project/logs/extracted_csv/baseline_03_forward_motion_ATT.csv,/home/tchowdh4/sensor_recovery_project/prediction_results_v9_trained_hybrid/baseline_03_forward_motion_ATT_trained_hybrid_prediction_outputs.csv
16.699984,baseline_03_forward_motion,Pitch,bias,0.06476,0,0.0797068923711776,0.0797068923711776,0.0758799981867711,0.0038268941844065013,0.0038268941844065013,0.01619,0,0.0,0.0036718242290823,0,0,0,W20_N5_mean1.25x,20,5,1.25,909,Pitch_hybrid_prediction,/home/tchowdh4/sensor_recovery_project/logs/extracted_csv/baseline_03_forward_motion_ATT.csv,/home/tchowdh4/sensor_recovery_project/prediction_results_v9_trained_hybrid/baseline_03_forward_motion_ATT_trained_hybrid_prediction_outputs.csv
16.799944,baseline_03_forward_motion,Pitch,bias,0.06476,0,0.0803515166044235,0.0803515166044235,0.0765116603486437,0.003839856255779789,0.003839856255779789,0.01619,0,0.0,0.00367669003329238,0,0,0,W20_N5_mean1.25x,20,5,1.25,909,Pitch_hybrid_prediction,/home/tchowdh4/sensor_recovery_project/logs/extracted_csv/baseline_03_forward_motion_ATT.csv,/home/tchowdh4/sensor_recovery_project/prediction_results_v9_trained_hybrid/baseline_03_forward_motion_ATT_trained_hybrid_prediction_outputs.csv
16.899904,baseline_03_forward_motion,Pitch,bias,0.06476,0,0.0809303671121597,0.0809303671121597,0.0770117756681667,0.003918591443993008,0.003918591443993008,0.01619,0,0.0,0.003691357480257465,0,0,0,W20_N5_mean1.25x,20,5,1.25,909,Pitch_hybrid_prediction,/home/tchowdh4/sensor_recovery_project/logs/extracted_csv/baseline_03_forward_motion_ATT.csv,/home/tchowdh4/sensor_recovery_project/prediction_results_v9_trained_hybrid/baseline_03_forward_motion_ATT_trained_hybrid_prediction_outputs.csv
16.999864,baseline_03_forward_motion,Pitch,bias,0.06476,0,0.0814544409513473,0.0814544409513473,0.077522670360476,0.003931770590871297,0.003931770590871297,0.01619,0,0.0,0.0037083245909591,0,0,0,W20_N5_mean1.25x,20,5,1.25,909,Pitch_hybrid_prediction,/home/tchowdh4/sensor_recovery_project/logs/extracted_csv/baseline_03_forward_motion_ATT.csv,/home/tchowdh4/sensor_recovery_project/prediction_results_v9_trained_hybrid/baseline_03_forward_motion_ATT_trained_hybrid_prediction_outputs.csv
17.099824,baseline_03_forward_motion,Pitch,bias,0.06476,0,0.082180730998516,0.082180730998516,0.0782613520143505,0.0039193789841655,0.0039193789841655,0.01619,0,0.0,0.00372806589606507,0,0,0,W20_N5_mean1.25x,20,5,1.25,909,Pitch_hybrid_prediction,/home/tchowdh4/sensor_recovery_project/logs/extracted_csv/baseline_03_forward_motion_ATT.csv,/home/tchowdh4/sensor_recovery_project/prediction_results_v9_trained_hybrid/baseline_03_forward_motion_ATT_trained_hybrid_prediction_outputs.csv
17.199784,baseline_03_forward_motion,Pitch,bias,0.06476,0,0.0828125476837158,0.0828125476837158,0.0787672547770753,0.004045292906640505,0.004045292906640505,0.01619,0,0.0,0.0037523863100264406,0,0,0,W20_N5_mean1.25x,20,5,1.25,909,Pitch_hybrid_prediction,/home/tchowdh4/sensor_recovery_project/logs/extracted_csv/baseline_03_forward_motion_ATT.csv,/home/tchowdh4/sensor_recovery_project/prediction_results_v9_trained_hybrid/baseline_03_forward_motion_ATT_trained_hybrid_prediction_outputs.csv
17.299744,baseline_03_forward_motion,Pitch,bias,0.06476,0,0.0835254415869712,0.0835254415869712,0.0795734985544781,0.003951943032493105,0.003951943032493105,0.01619,0,0.0,0.0037789008099250606,0,0,0,W20_N5_mean1.25x,20,5,1.25,909,Pitch_hybrid_prediction,/home/tchowdh4/sensor_recovery_project/logs/extracted_csv/baseline_03_forward_motion_ATT.csv,/home/tchowdh4/sensor_recovery_project/prediction_results_v9_trained_hybrid/baseline_03_forward_motion_ATT_trained_hybrid_prediction_outputs.csv
17.400537,baseline_03_forward_motion,Pitch,bias,0.06476,0,0.0839930921792984,0.0839930921792984,0.0798607632113945,0.0041323289679039005,0.0041323289679039005,0.01619,0,0.0,0.003805392365477506,0,0,0,W20_N5_mean1.25x,20,5,1.25,909,Pitch_hybrid_prediction,/home/tchowdh4/sensor_recovery_project/logs/extracted_csv/baseline_03_forward_motion_ATT.csv,/home/tchowdh4/sensor_recovery_project/prediction_results_v9_trained_hybrid/baseline_03_forward_motion_ATT_trained_hybrid_prediction_outputs.csv
17.500497,baseline_03_forward_motion,Pitch,bias,0.06476,0,0.0843942165374755,0.0843942165374755,0.0801454645128584,0.0042487520246171084,0.0042487520246171084,0.01619,0,0.0,0.003841536119288591,0,0,0,W20_N5_mean1.25x,20,5,1.25,909,Pitch_hybrid_prediction,/home/tchowdh4/sensor_recovery_project/logs/extracted_csv/baseline_03_forward_motion_ATT.csv,/home/tchowdh4/sensor_recovery_project/prediction_results_v9_trained_hybrid/baseline_03_forward_motion_ATT_trained_hybrid_prediction_outputs.csv
17.600457,baseline_03_forward_motion,Pitch,bias,0.06476,0,0.084864355623722,0.084864355623722,0.080679071661013,0.004185283962708994,0.004185283962708994,0.01619,0,0.0,0.003868608104945391,0,0,0,W20_N5_mean1.25x,20,5,1.25,909,Pitch_hybrid_prediction,/home/tchowdh4/sensor_recovery_project/logs/extracted_csv/baseline_03_forward_motion_ATT.csv,/home/tchowdh4/sensor_recovery_project/prediction_results_v9_trained_hybrid/baseline_03_forward_motion_ATT_trained_hybrid_prediction_outputs.csv
17.700417,baseline_03_forward_motion,Pitch,bias,0.06476,0,0.0853697881102562,0.0853697881102562,0.0811053843692584,0.004264403740997791,0.004264403740997791,0.01619,0,0.0,0.0038985752694892157,0,0,0,W20_N5_mean1.25x,20,5,1.25,909,Pitch_hybrid_prediction,/home/tchowdh4/sensor_recovery_project/logs/extracted_csv/baseline_03_forward_motion_ATT.csv,/home/tchowdh4/sensor_recovery_project/prediction_results_v9_trained_hybrid/baseline_03_forward_motion_ATT_trained_hybrid_prediction_outputs.csv
17.800377,baseline_03_forward_motion,Pitch,bias,0.06476,0,0.0856096372008323,0.0856096372008323,0.0812123405247329,0.004397296676099394,0.004397296676099394,0.01619,0,0.0,0.0039368667505045455,0,0,0,W20_N5_mean1.25x,20,5,1.25,909,Pitch_hybrid_prediction,/home/tchowdh4/sensor_recovery_project/logs/extracted_csv/baseline_03_forward_motion_ATT.csv,/home/tchowdh4/sensor_recovery_project/prediction_results_v9_trained_hybrid/baseline_03_forward_motion_ATT_trained_hybrid_prediction_outputs.csv
17.900337,baseline_03_forward_motion,Pitch,bias,0.06476,0,0.0861291959881782,0.0861291959881782,0.0819173727358218,0.004211823252356403,0.004211823252356403,0.01619,0,0.0,0.0039703847629568405,0,0,0,W20_N5_mean1.25x,20,5,1.25,909,Pitch_hybrid_prediction,/home/tchowdh4/sensor_recovery_project/logs/extracted_csv/baseline_03_forward_motion_ATT.csv,/home/tchowdh4/sensor_recovery_project/prediction_results_v9_trained_hybrid/baseline_03_forward_motion_ATT_trained_hybrid_prediction_outputs.csv
18.000297,baseline_03_forward_motion,Pitch,bias,0.06476,0,0.0866221487522125,0.0866221487522125,0.0822916461315018,0.004330502620710691,0.004330502620710691,0.01619,0,0.0,0.004006119743990669,0,0,0,W20_N5_mean1.25x,20,5,1.25,909,Pitch_hybrid_prediction,/home/tchowdh4/sensor_recovery_project/logs/extracted_csv/baseline_03_forward_motion_ATT.csv,/home/tchowdh4/sensor_recovery_project/prediction_results_v9_trained_hybrid/baseline_03_forward_motion_ATT_trained_hybrid_prediction_outputs.csv
18.100257,baseline_03_forward_motion,Pitch,bias,0.06476,0,0.0872577503323555,0.0872577503323555,0.0829583113999663,0.004299438932389196,0.004299438932389196,0.01619,0,0.0,0.004038016139223784,0,0,0,W20_N5_mean1.25x,20,5,1.25,909,Pitch_hybrid_prediction,/home/tchowdh4/sensor_recovery_project/logs/extracted_csv/baseline_03_forward_motion_ATT.csv,/home/tchowdh4/sensor_recovery_project/prediction_results_v9_trained_hybrid/baseline_03_forward_motion_ATT_trained_hybrid_prediction_outputs.csv
18.200217,baseline_03_forward_motion,Pitch,bias,0.06476,0,0.0876053348183631,0.0876053348183631,0.083188275890901,0.004417058927462109,0.004417058927462109,0.01619,0,0.0,0.004064872119973719,0,0,0,W20_N5_mean1.25x,20,5,1.25,909,Pitch_hybrid_prediction,/home/tchowdh4/sensor_recovery_project/logs/extracted_csv/baseline_03_forward_motion_ATT.csv,/home/tchowdh4/sensor_recovery_project/prediction_results_v9_trained_hybrid/baseline_03_forward_motion_ATT_trained_hybrid_prediction_outputs.csv
18.300177,baseline_03_forward_motion,Pitch,bias,0.06476,0,0.0880216881632804,0.0880216881632804,0.0835942631935443,0.00442742496973611,0.00442742496973611,0.01619,0,0.0,0.0040947478092304,0,0,0,W20_N5_mean1.25x,20,5,1.25,909,Pitch_hybrid_prediction,/home/tchowdh4/sensor_recovery_project/logs/extracted_csv/baseline_03_forward_motion_ATT.csv,/home/tchowdh4/sensor_recovery_project/prediction_results_v9_trained_hybrid/baseline_03_forward_motion_ATT_trained_hybrid_prediction_outputs.csv
18.400137,baseline_03_forward_motion,Pitch,bias,0.06476,0,0.0884547904133796,0.0884547904133796,0.0839680234426236,0.0044867669707560065,0.0044867669707560065,0.01619,0,0.0,0.004124365747529325,0,0,0,W20_N5_mean1.25x,20,5,1.25,909,Pitch_hybrid_prediction,/home/tchowdh4/sensor_recovery_project/logs/extracted_csv/baseline_03_forward_motion_ATT.csv,/home/tchowdh4/sensor_recovery_project/prediction_results_v9_trained_hybrid/baseline_03_forward_motion_ATT_trained_hybrid_prediction_outputs.csv
18.500097,baseline_03_forward_motion,Pitch,bias,0.06476,0,0.0888496339321136,0.0888496339321136,0.0844211561101388,0.004428477821974808,0.004428477821974808,0.01619,0,0.0,0.0041555928091612255,0,0,0,W20_N5_mean1.25x,20,5,1.25,909,Pitch_hybrid_prediction,/home/tchowdh4/sensor_recovery_project/logs/extracted_csv/baseline_03_forward_motion_ATT.csv,/home/tchowdh4/sensor_recovery_project/prediction_results_v9_trained_hybrid/baseline_03_forward_motion_ATT_trained_hybrid_prediction_outputs.csv
18.600057,baseline_03_forward_motion,Pitch,bias,0.06476,0,0.0891928896307945,0.0891928896307945,0.0846620286195704,0.004530861011224102,0.004530861011224102,0.01619,0,0.0,0.004189707363864316,0,0,0,W20_N5_mean1.25x,20,5,1.25,909,Pitch_hybrid_prediction,/home/tchowdh4/sensor_recovery_project/logs/extracted_csv/baseline_03_forward_motion_ATT.csv,/home/tchowdh4/sensor_recovery_project/prediction_results_v9_trained_hybrid/baseline_03_forward_motion_ATT_trained_hybrid_prediction_outputs.csv
18.700017,baseline_03_forward_motion,Pitch,bias,0.06476,0,0.0895317569375038,0.0895317569375038,0.0849423617880987,0.0045893951494050955,0.0045893951494050955,0.01619,0,0.0,0.0042278324121142455,0,0,0,W20_N5_mean1.25x,20,5,1.25,909,Pitch_hybrid_prediction,/home/tchowdh4/sensor_recovery_project/logs/extracted_csv/baseline_03_forward_motion_ATT.csv,/home/tchowdh4/sensor_recovery_project/prediction_results_v9_trained_hybrid/baseline_03_forward_motion_ATT_trained_hybrid_prediction_outputs.csv
18.799977,baseline_03_forward_motion,Pitch,bias,0.06476,0,0.0898582562804222,0.0898582562804222,0.0852917592257419,0.004566497054680291,0.004566497054680291,0.01619,0,0.0,0.004264164452059271,0,0,0,W20_N5_mean1.25x,20,5,1.25,909,Pitch_hybrid_prediction,/home/tchowdh4/sensor_recovery_project/logs/extracted_csv/baseline_03_forward_motion_ATT.csv,/home/tchowdh4/sensor_recovery_project/prediction_results_v9_trained_hybrid/baseline_03_forward_motion_ATT_trained_hybrid_prediction_outputs.csv
18.899937,baseline_03_forward_motion,Pitch,bias,0.06476,0,0.0902085751295089,0.0902085751295089,0.0856336745004461,0.004574900629062809,0.004574900629062809,0.01619,0,0.0,0.004296979911312761,0,0,0,W20_N5_mean1.25x,20,5,1.25,909,Pitch_hybrid_prediction,/home/tchowdh4/sensor_recovery_project/logs/extracted_csv/baseline_03_forward_motion_ATT.csv,/home/tchowdh4/sensor_recovery_project/prediction_results_v9_trained_hybrid/baseline_03_forward_motion_ATT_trained_hybrid_prediction_outputs.csv
18.999897,baseline_03_forward_motion,Pitch,bias,0.06476,0,0.0906239226460456,0.0906239226460456,0.0860057468273849,0.004618175818660697,0.004618175818660697,0.01619,0,0.0,0.004331300172702231,0,0,0,W20_N5_mean1.25x,20,5,1.25,909,Pitch_hybrid_prediction,/home/tchowdh4/sensor_recovery_project/logs/extracted_csv/baseline_03_forward_motion_ATT.csv,/home/tchowdh4/sensor_recovery_project/prediction_results_v9_trained_hybrid/baseline_03_forward_motion_ATT_trained_hybrid_prediction_outputs.csv
19.099857,baseline_03_forward_motion,Pitch,bias,0.06476,0,0.0911431685090065,0.0911431685090065,0.0865867140902846,0.004556454418721906,0.004556454418721906,0.01619,0,0.0,0.004363153944430051,0,0,0,W20_N5_mean1.25x,20,5,1.25,909,Pitch_hybrid_prediction,/home/tchowdh4/sensor_recovery_project/logs/extracted_csv/baseline_03_forward_motion_ATT.csv,/home/tchowdh4/sensor_recovery_project/prediction_results_v9_trained_hybrid/baseline_03_forward_motion_ATT_trained_hybrid_prediction_outputs.csv
19.199817,baseline_03_forward_motion,Pitch,bias,0.06476,0,0.0912855491042137,0.0912855491042137,0.0865837314396564,0.004701817664557295,0.004701817664557295,0.01619,0,0.0,0.00439598018232589,0,0,0,W20_N5_mean1.25x,20,5,1.25,909,Pitch_hybrid_prediction,/home/tchowdh4/sensor_recovery_project/logs/extracted_csv/baseline_03_forward_motion_ATT.csv,/home/tchowdh4/sensor_recovery_project/prediction_results_v9_trained_hybrid/baseline_03_forward_motion_ATT_trained_hybrid_prediction_outputs.csv
19.299777,baseline_03_forward_motion,Pitch,bias,0.06476,0,0.0918278694152832,0.0918278694152832,0.0872761261016909,0.004551743313592302,0.004551743313592302,0.01619,0,0.0,0.00442597019638085,0,0,0,W20_N5_mean1.25x,20,5,1.25,909,Pitch_hybrid_prediction,/home/tchowdh4/sensor_recovery_project/logs/extracted_csv/baseline_03_forward_motion_ATT.csv,/home/tchowdh4/sensor_recovery_project/prediction_results_v9_trained_hybrid/baseline_03_forward_motion_ATT_trained_hybrid_prediction_outputs.csv
19.399737,baseline_03_forward_motion,Pitch,bias,0.06476,0,0.0922698229551315,0.0922698229551315,0.0876210981112562,0.00464872484387531,0.00464872484387531,0.01619,0,0.0,0.0044517899901794205,0,0,0,W20_N5_mean1.25x,20,5,1.25,909,Pitch_hybrid_prediction,/home/tchowdh4/sensor_recovery_project/logs/extracted_csv/baseline_03_forward_motion_ATT.csv,/home/tchowdh4/sensor_recovery_project/prediction_results_v9_trained_hybrid/baseline_03_forward_motion_ATT_trained_hybrid_prediction_outputs.csv
19.50053,baseline_03_forward_motion,Pitch,bias,0.06476,0,0.0925952717661857,0.0925952717661857,0.0878314426652039,0.0047638291009818035,0.0047638291009818035,0.01619,0,0.0,0.004477543843997655,0,0,0,W20_N5_mean1.25x,20,5,1.25,909,Pitch_hybrid_prediction,/home/tchowdh4/sensor_recovery_project/logs/extracted_csv/baseline_03_forward_motion_ATT.csv,/home/tchowdh4/sensor_recovery_project/prediction_results_v9_trained_hybrid/baseline_03_forward_motion_ATT_trained_hybrid_prediction_outputs.csv
19.60049,baseline_03_forward_motion,Pitch,bias,0.06476,0,0.0931504666805267,0.0931504666805267,0.0884549738187931,0.004695492861733611,0.004695492861733611,0.01619,0,0.0,0.004503054288948887,0,0,0,W20_N5_mean1.25x,20,5,1.25,909,Pitch_hybrid_prediction,/home/tchowdh4/sensor_recovery_project/logs/extracted_csv/baseline_03_forward_motion_ATT.csv,/home/tchowdh4/sensor_recovery_project/prediction_results_v9_trained_hybrid/baseline_03_forward_motion_ATT_trained_hybrid_prediction_outputs.csv
19.70045,baseline_03_forward_motion,Pitch,bias,0.06476,0,0.0935322642326355,0.0935322642326355,0.0887442314644258,0.004788032768209702,0.004788032768209702,0.01619,0,0.0,0.004529235740309482,0,0,0,W20_N5_mean1.25x,20,5,1.25,909,Pitch_hybrid_prediction,/home/tchowdh4/sensor_recovery_project/logs/extracted_csv/baseline_03_forward_motion_ATT.csv,/home/tchowdh4/sensor_recovery_project/prediction_results_v9_trained_hybrid/baseline_03_forward_motion_ATT_trained_hybrid_prediction_outputs.csv
19.80041,baseline_03_forward_motion,Pitch,bias,0.06476,0,0.0937025919556617,0.0937025919556617,0.0888049483565159,0.0048976435991458095,0.0048976435991458095,0.01619,0,0.0,0.004554253086461802,0,0,0,W20_N5_mean1.25x,20,5,1.25,909,Pitch_hybrid_prediction,/home/tchowdh4/sensor_recovery_project/logs/extracted_csv/baseline_03_forward_motion_ATT.csv,/home/tchowdh4/sensor_recovery_project/prediction_results_v9_trained_hybrid/baseline_03_forward_motion_ATT_trained_hybrid_prediction_outputs.csv
19.90037,baseline_03_forward_motion,Pitch,bias,0.06476,0,0.0940901264548301,0.0940901264548301,0.0893007993851085,0.0047893270697215995,0.0047893270697215995,0.01619,0,0.0,0.004583128277330062,0,0,0,W20_N5_mean1.25x,20,5,1.25,909,Pitch_hybrid_prediction,/home/tchowdh4/sensor_recovery_project/logs/extracted_csv/baseline_03_forward_motion_ATT.csv,/home/tchowdh4/sensor_recovery_project/prediction_results_v9_trained_hybrid/baseline_03_forward_motion_ATT_trained_hybrid_prediction_outputs.csv
20.00033,baseline_03_forward_motion,Pitch,bias,0.06476,0,0.0942891016602516,0.0942891016602516,0.0893814696474204,0.004907632012831203,0.004907632012831203,0.01619,0,0.0,0.004611984746936088,0,0,0,W20_N5_mean1.25x,20,5,1.25,909,Pitch_hybrid_prediction,/home/tchowdh4/sensor_recovery_project/logs/extracted_csv/baseline_03_forward_motion_ATT.csv,/home/tchowdh4/sensor_recovery_project/prediction_results_v9_trained_hybrid/baseline_03_forward_motion_ATT_trained_hybrid_prediction_outputs.csv
20.10029,baseline_03_forward_motion,Pitch,bias,0.06476,0,0.0943448469042778,0.0943448469042778,0.0893087570928931,0.005036089811384703,0.005036089811384703,0.01619,0,0.0,0.0046488172908858635,0,0,0,W20_N5_mean1.25x,20,5,1.25,909,Pitch_hybrid_prediction,/home/tchowdh4/sensor_recovery_project/logs/extracted_csv/baseline_03_forward_motion_ATT.csv,/home/tchowdh4/sensor_recovery_project/prediction_results_v9_trained_hybrid/baseline_03_forward_motion_ATT_trained_hybrid_prediction_outputs.csv
20.20025,baseline_03_forward_motion,Pitch,bias,0.06476,0,0.0946237817406654,0.0946237817406654,0.0896772248024209,0.004946556938244501,0.004946556938244501,0.01619,0,0.0,0.004675292191424983,0,0,0,W20_N5_mean1.25x,20,5,1.25,909,Pitch_hybrid_prediction,/home/tchowdh4/sensor_recovery_project/logs/extracted_csv/baseline_03_forward_motion_ATT.csv,/home/tchowdh4/sensor_recovery_project/prediction_results_v9_trained_hybrid/baseline_03_forward_motion_ATT_trained_hybrid_prediction_outputs.csv
20.30021,baseline_03_forward_motion,Pitch,bias,0.06476,0,0.0947838723659515,0.0947838723659515,0.0897881830246089,0.004995689341342591,0.004995689341342591,0.01619,0,0.0,0.004703705410005307,0,0,0,W20_N5_mean1.25x,20,5,1.25,909,Pitch_hybrid_prediction,/home/tchowdh4/sensor_recovery_project/logs/extracted_csv/baseline_03_forward_motion_ATT.csv,/home/tchowdh4/sensor_recovery_project/prediction_results_v9_trained_hybrid/baseline_03_forward_motion_ATT_trained_hybrid_prediction_outputs.csv
20.40017,baseline_03_forward_motion,Pitch,bias,0.06476,0,0.0948435515165329,0.0948435515165329,0.0897418358266556,0.005101715689877301,0.005101715689877301,0.01619,0,0.0,0.004734452845961372,0,0,0,W20_N5_mean1.25x,20,5,1.25,909,Pitch_hybrid_prediction,/home/tchowdh4/sensor_recovery_project/logs/extracted_csv/baseline_03_forward_motion_ATT.csv,/home/tchowdh4/sensor_recovery_project/prediction_results_v9_trained_hybrid/baseline_03_forward_motion_ATT_trained_hybrid_prediction_outputs.csv
20.50013,baseline_03_forward_motion,Pitch,bias,0.06476,0,0.0950978323817253,0.0950978323817253,0.0901649679429728,0.004932864438752502,0.004932864438752502,0.01619,0,0.0,0.004759672176800256,0,0,0,W20_N5_mean1.25x,20,5,1.25,909,Pitch_hybrid_prediction,/home/tchowdh4/sensor_recovery_project/logs/extracted_csv/baseline_03_forward_motion_ATT.csv,/home/tchowdh4/sensor_recovery_project/prediction_results_v9_trained_hybrid/baseline_03_forward_motion_ATT_trained_hybrid_prediction_outputs.csv
20.60009,baseline_03_forward_motion,Pitch,bias,0.06476,0,0.0950956270098686,0.0950956270098686,0.0899589668659271,0.005136660143941499,0.005136660143941499,0.01619,0,0.0,0.004789962133436127,0,0,0,W20_N5_mean1.25x,20,5,1.25,909,Pitch_hybrid_prediction,/home/tchowdh4/sensor_recovery_project/logs/extracted_csv/baseline_03_forward_motion_ATT.csv,/home/tchowdh4/sensor_recovery_project/prediction_results_v9_trained_hybrid/baseline_03_forward_motion_ATT_trained_hybrid_prediction_outputs.csv
20.70005,baseline_03_forward_motion,Pitch,bias,0.06476,0,0.0952462181448936,0.0952462181448936,0.0901822385781433,0.00506397956675031,0.00506397956675031,0.01619,0,0.0,0.004813691354303387,0,0,0,W20_N5_mean1.25x,20,5,1.25,909,Pitch_hybrid_prediction,/home/tchowdh4/sensor_recovery_project/logs/extracted_csv/baseline_03_forward_motion_ATT.csv,/home/tchowdh4/sensor_recovery_project/prediction_results_v9_trained_hybrid/baseline_03_forward_motion_ATT_trained_hybrid_prediction_outputs.csv
20.80001,baseline_03_forward_motion,Pitch,bias,0.06476,0,0.0953327044844627,0.0953327044844627,0.0903121797814878,0.005020524702974899,0.005020524702974899,0.01619,0,0.0,0.004836392736718117,0,0,0,W20_N5_mean1.25x,20,5,1.25,909,Pitch_hybrid_prediction,/home/tchowdh4/sensor_recovery_project/logs/extracted_csv/baseline_03_forward_motion_ATT.csv,/home/tchowdh4/sensor_recovery_project/prediction_results_v9_trained_hybrid/baseline_03_forward_motion_ATT_trained_hybrid_prediction_outputs.csv
20.89997,baseline_03_forward_motion,Pitch,bias,0.06476,0,0.0954830721020698,0.0954830721020698,0.0903910502627543,0.005092021839315494,0.005092021839315494,0.01619,0,0.0,0.0048622487972307515,0,0,0,W20_N5_mean1.25x,20,5,1.25,909,Pitch_hybrid_prediction,/home/tchowdh4/sensor_recovery_project/logs/extracted_csv/baseline_03_forward_motion_ATT.csv,/home/tchowdh4/sensor_recovery_project/prediction_results_v9_trained_hybrid/baseline_03_forward_motion_ATT_trained_hybrid_prediction_outputs.csv
20.99993,baseline_03_forward_motion,Pitch,bias,0.06476,0,0.0954451337456703,0.0954451337456703,0.090257978673395,0.00518715507227531,0.00518715507227531,0.01619,0,0.0,0.004890697759911482,0,0,0,W20_N5_mean1.25x,20,5,1.25,909,Pitch_hybrid_prediction,/home/tchowdh4/sensor_recovery_project/logs/extracted_csv/baseline_03_forward_motion_ATT.csv,/home/tchowdh4/sensor_recovery_project/prediction_results_v9_trained_hybrid/baseline_03_forward_motion_ATT_trained_hybrid_prediction_outputs.csv
21.09989,baseline_03_forward_motion,Pitch,bias,0.06476,0,0.0955418646335601,0.0955418646335601,0.090449837232911,0.005092027400649096,0.005092027400649096,0.01619,0,0.0,0.004917476409007842,0,0,0,W20_N5_mean1.25x,20,5,1.25,909,Pitch_hybrid_prediction,/home/tchowdh4/sensor_recovery_project/logs/extracted_csv/baseline_03_forward_motion_ATT.csv,/home/tchowdh4/sensor_recovery_project/prediction_results_v9_trained_hybrid/baseline_03_forward_motion_ATT_trained_hybrid_prediction_outputs.csv
21.19985,baseline_03_forward_motion,Pitch,bias,0.06476,0,0.0956201255321502,0.0956201255321502,0.0905212270338649,0.0050988984982852925,0.0050988984982852925,0.01619,0,0.0,0.004937330450694242,0,0,0,W20_N5_mean1.25x,20,5,1.25,909,Pitch_hybrid_prediction,/home/tchowdh4/sensor_recovery_project/logs/extracted_csv/baseline_03_forward_motion_ATT.csv,/home/tchowdh4/sensor_recovery_project/prediction_results_v9_trained_hybrid/baseline_03_forward_motion_ATT_trained_hybrid_prediction_outputs.csv
21.29981,baseline_03_forward_motion,Pitch,bias,0.06476,0,0.0958983227610588,0.0958983227610588,0.0909217213349086,0.004976601426150196,0.004976601426150196,0.01619,0,0.0,0.004958573356322137,0,0,0,W20_N5_mean1.25x,20,5,1.25,909,Pitch_hybrid_prediction,/home/tchowdh4/sensor_recovery_project/logs/extracted_csv/baseline_03_forward_motion_ATT.csv,/home/tchowdh4/sensor_recovery_project/prediction_results_v9_trained_hybrid/baseline_03_forward_motion_ATT_trained_hybrid_prediction_outputs.csv
21.39977,baseline_03_forward_motion,Pitch,bias,0.06476,0,0.0960780456662178,0.0960780456662178,0.0910053573923389,0.0050726882738788975,0.0050726882738788975,0.01619,0,0.0,0.004979771527822316,0,0,0,W20_N5_mean1.25x,20,5,1.25,909,Pitch_hybrid_prediction,/home/tchowdh4/sensor_recovery_project/logs/extracted_csv/baseline_03_forward_motion_ATT.csv,/home/tchowdh4/sensor_recovery_project/prediction_results_v9_trained_hybrid/baseline_03_forward_motion_ATT_trained_hybrid_prediction_outputs.csv
21.49973,baseline_03_forward_motion,Pitch,bias,0.06476,0,0.0962609350681305,0.0962609350681305,0.09120372681844,0.005057208249690498,0.005057208249690498,0.01619,0,0.0,0.004994440485257751,0,0,0,W20_N5_mean1.25x,20,5,1.25,909,Pitch_hybrid_prediction,/home/tchowdh4/sensor_recovery_project/logs/extracted_csv/baseline_03_forward_motion_ATT.csv,/home/tchowdh4/sensor_recovery_project/prediction_results_v9_trained_hybrid/baseline_03_forward_motion_ATT_trained_hybrid_prediction_outputs.csv
21.600523,baseline_03_forward_motion,Pitch,bias,0.06476,0,0.0962524116039276,0.0962524116039276,0.0910405636874611,0.005211847916466492,0.005211847916466492,0.01619,0,0.0,0.005020258237994395,0,0,0,W20_N5_mean1.25x,20,5,1.25,909,Pitch_hybrid_prediction,/home/tchowdh4/sensor_recovery_project/logs/extracted_csv/baseline_03_forward_motion_ATT.csv,/home/tchowdh4/sensor_recovery_project/prediction_results_v9_trained_hybrid/baseline_03_forward_motion_ATT_trained_hybrid_prediction_outputs.csv
21.700483,baseline_03_forward_motion,Pitch,bias,0.06476,0,0.0963425412774086,0.0963425412774086,0.0911938539724412,0.005148687304967398,0.005148687304967398,0.01619,0,0.0,0.005038290964832279,0,0,0,W20_N5_mean1.25x,20,5,1.25,909,Pitch_hybrid_prediction,/home/tchowdh4/sensor_recovery_project/logs/extracted_csv/baseline_03_forward_motion_ATT.csv,/home/tchowdh4/sensor_recovery_project/prediction_results_v9_trained_hybrid/baseline_03_forward_motion_ATT_trained_hybrid_prediction_outputs.csv
21.800443,baseline_03_forward_motion,Pitch,bias,0.06476,0,0.0961488336324691,0.0961488336324691,0.0908338426260046,0.005314991006464501,0.005314991006464501,0.01619,0,0.0,0.005059158335198214,0,0,0,W20_N5_mean1.25x,20,5,1.25,909,Pitch_hybrid_prediction,/home/tchowdh4/sensor_recovery_project/logs/extracted_csv/baseline_03_forward_motion_ATT.csv,/home/tchowdh4/sensor_recovery_project/prediction_results_v9_trained_hybrid/baseline_03_forward_motion_ATT_trained_hybrid_prediction_outputs.csv
21.900403,baseline_03_forward_motion,Pitch,bias,0.06476,0,0.0962160676717758,0.0962160676717758,0.0910338070026682,0.005182260669107611,0.005182260669107611,0.01619,0,0.0,0.005078805015167514,0,0,0,W20_N5_mean1.25x,20,5,1.25,909,Pitch_hybrid_prediction,/home/tchowdh4/sensor_recovery_project/logs/extracted_csv/baseline_03_forward_motion_ATT.csv,/home/tchowdh4/sensor_recovery_project/prediction_results_v9_trained_hybrid/baseline_03_forward_motion_ATT_trained_hybrid_prediction_outputs.csv
22.000363,baseline_03_forward_motion,Pitch,bias,0.06476,0,0.0963842049241066,0.0963842049241066,0.0912871148426622,0.0050970900814443915,0.0050970900814443915,0.01619,0,0.0,0.005088277918598174,0,0,0,W20_N5_mean1.25x,20,5,1.25,909,Pitch_hybrid_prediction,/home/tchowdh4/sensor_recovery_project/logs/extracted_csv/baseline_03_forward_motion_ATT.csv,/home/tchowdh4/sensor_recovery_project/prediction_results_v9_trained_hybrid/baseline_03_forward_motion_ATT_trained_hybrid_prediction_outputs.csv
22.100323,baseline_03_forward_motion,Pitch,bias,0.06476,0,0.0964336320757865,0.0964336320757865,0.091218730544566,0.005214901531220492,0.005214901531220492,0.01619,0,0.0,0.005097218504589963,0,0,0,W20_N5_mean1.25x,20,5,1.25,909,Pitch_hybrid_prediction,/home/tchowdh4/sensor_recovery_project/logs/extracted_csv/baseline_03_forward_motion_ATT.csv,/home/tchowdh4/sensor_recovery_project/prediction_results_v9_trained_hybrid/baseline_03_forward_motion_ATT_trained_hybrid_prediction_outputs.csv
22.200283,baseline_03_forward_motion,Pitch,bias,0.06476,0,0.0965905338525772,0.0965905338525772,0.091406217232411,0.0051843166201661905,0.0051843166201661905,0.01619,0,0.0,0.005109106488686048,0,0,0,W20_N5_mean1.25x,20,5,1.25,909,Pitch_hybrid_prediction,/home/tchowdh4/sensor_recovery_project/logs/extracted_csv/baseline_03_forward_motion_ATT.csv,/home/tchowdh4/sensor_recovery_project/prediction_results_v9_trained_hybrid/baseline_03_forward_motion_ATT_trained_hybrid_prediction_outputs.csv
22.300243,baseline_03_forward_motion,Pitch,bias,0.06476,0,0.0964671149849891,0.0964671149849891,0.0911918867219848,0.005275228263004292,0.005275228263004292,0.01619,0,0.0,0.005123083434769133,0,0,0,W20_N5_mean1.25x,20,5,1.25,909,Pitch_hybrid_prediction,/home/tchowdh4/sensor_recovery_project/logs/extracted_csv/baseline_03_forward_motion_ATT.csv,/home/tchowdh4/sensor_recovery_project/prediction_results_v9_trained_hybrid/baseline_03_forward_motion_ATT_trained_hybrid_prediction_outputs.csv
22.400203,baseline_03_forward_motion,Pitch,bias,0.06476,0,0.0963093787431716,0.0963093787431716,0.0910195306841323,0.005289848059039301,0.005289848059039301,0.01619,0,0.0,0.005132490053227233,0,0,0,W20_N5_mean1.25x,20,5,1.25,909,Pitch_hybrid_prediction,/home/tchowdh4/sensor_recovery_project/logs/extracted_csv/baseline_03_forward_motion_ATT.csv,/home/tchowdh4/sensor_recovery_project/prediction_results_v9_trained_hybrid/baseline_03_forward_motion_ATT_trained_hybrid_prediction_outputs.csv
22.500163,baseline_03_forward_motion,Pitch,bias,0.06476,0,0.096254639327526,0.096254639327526,0.0910113625720329,0.00524327675549309,0.00524327675549309,0.01619,0,0.0,0.005148010669064262,0,0,0,W20_N5_mean1.25x,20,5,1.25,909,Pitch_hybrid_prediction,/home/tchowdh4/sensor_recovery_project/logs/extracted_csv/baseline_03_forward_motion_ATT.csv,/home/tchowdh4/sensor_recovery_project/prediction_results_v9_trained_hybrid/baseline_03_forward_motion_ATT_trained_hybrid_prediction_outputs.csv
22.600123,baseline_03_forward_motion,Pitch,bias,0.06476,0,0.0961614921689033,0.0961614921689033,0.0908885993488306,0.0052728928200726916,0.0052728928200726916,0.01619,0,0.0,0.005154822302870822,0,0,0,W20_N5_mean1.25x,20,5,1.25,909,Pitch_hybrid_prediction,/home/tchowdh4/sensor_recovery_project/logs/extracted_csv/baseline_03_forward_motion_ATT.csv,/home/tchowdh4/sensor_recovery_project/prediction_results_v9_trained_hybrid/baseline_03_forward_motion_ATT_trained_hybrid_prediction_outputs.csv
