x,Baseline,Axis,AttackType,AttackMagnitude,AttackActive,CleanFuture_Pitch,AttackedFuture_Pitch,V9PredictedFuture_Pitch,Residual_Pitch,AbsResidual_Pitch,Threshold,PointDetectionFlag,WindowCount,RollingMeanAbsResidual,WindowCountFlag,WindowMeanFlag,WindowCombinedFlag,WindowRule,W,N,RollingMeanMultiplier,AlignmentOffset,PredictionColumn,CleanFile,PredictionFile,Pitch_recovered_future_v9_phase5,Pitch_recovery_source_phase5,Pitch_attacked_error_vs_clean_phase5,Pitch_recovered_error_vs_clean_phase5
0.0,baseline_01_hover,Pitch,bias,0.036644,0,0.0827193185687065,0.0827193185687065,0.0843465603455465,-0.0016272417768399,0.0016272417768399,0.009161,0,0.0,0.0016272417768399,0,0,0,W20_N5_mean1x,20,5,1.0,1001,Pitch_hybrid_prediction,/home/tchowdh4/sensor_recovery_project/logs/extracted_csv/baseline_01_hover_ATT.csv,/home/tchowdh4/sensor_recovery_project/prediction_results_v9_trained_hybrid/baseline_01_hover_ATT_trained_hybrid_prediction_outputs.csv,0.0827193185687065,attacked_measurement,0.0,0.0
0.09996,baseline_01_hover,Pitch,bias,0.036644,0,0.0800635889172554,0.0800635889172554,0.0780344445700723,0.002029144347183,0.002029144347183,0.009161,0,0.0,0.0018281930620115,0,0,0,W20_N5_mean1x,20,5,1.0,1001,Pitch_hybrid_prediction,/home/tchowdh4/sensor_recovery_project/logs/extracted_csv/baseline_01_hover_ATT.csv,/home/tchowdh4/sensor_recovery_project/prediction_results_v9_trained_hybrid/baseline_01_hover_ATT_trained_hybrid_prediction_outputs.csv,0.0800635889172554,attacked_measurement,0.0,0.0
0.19992,baseline_01_hover,Pitch,bias,0.036644,0,0.0822465419769287,0.0822465419769287,0.0841145224143047,-0.001867980437376,0.001867980437376,0.009161,0,0.0,0.0018414555204663,0,0,0,W20_N5_mean1x,20,5,1.0,1001,Pitch_hybrid_prediction,/home/tchowdh4/sensor_recovery_project/logs/extracted_csv/baseline_01_hover_ATT.csv,/home/tchowdh4/sensor_recovery_project/prediction_results_v9_trained_hybrid/baseline_01_hover_ATT_trained_hybrid_prediction_outputs.csv,0.0822465419769287,attacked_measurement,0.0,0.0
0.29988,baseline_01_hover,Pitch,bias,0.036644,0,0.0825774222612381,0.0825774222612381,0.0815061224725264,0.0010712997887117,0.0010712997887117,0.009161,0,0.0,0.0016489165875277,0,0,0,W20_N5_mean1x,20,5,1.0,1001,Pitch_hybrid_prediction,/home/tchowdh4/sensor_recovery_project/logs/extracted_csv/baseline_01_hover_ATT.csv,/home/tchowdh4/sensor_recovery_project/prediction_results_v9_trained_hybrid/baseline_01_hover_ATT_trained_hybrid_prediction_outputs.csv,0.0825774222612381,attacked_measurement,0.0,0.0
0.39984,baseline_01_hover,Pitch,bias,0.036644,0,0.0806173831224441,0.0806173831224441,0.0791238742664522,0.0014935088559918,0.0014935088559918,0.009161,0,0.0,0.0016178350412205,0,0,0,W20_N5_mean1x,20,5,1.0,1001,Pitch_hybrid_prediction,/home/tchowdh4/sensor_recovery_project/logs/extracted_csv/baseline_01_hover_ATT.csv,/home/tchowdh4/sensor_recovery_project/prediction_results_v9_trained_hybrid/baseline_01_hover_ATT_trained_hybrid_prediction_outputs.csv,0.0806173831224441,attacked_measurement,0.0,0.0
0.4998,baseline_01_hover,Pitch,bias,0.036644,0,0.0781267583370208,0.0781267583370208,0.0800025191112161,-0.0018757607741952,0.0018757607741952,0.009161,0,0.0,0.0016608226633829,0,0,0,W20_N5_mean1x,20,5,1.0,1001,Pitch_hybrid_prediction,/home/tchowdh4/sensor_recovery_project/logs/extracted_csv/baseline_01_hover_ATT.csv,/home/tchowdh4/sensor_recovery_project/prediction_results_v9_trained_hybrid/baseline_01_hover_ATT_trained_hybrid_prediction_outputs.csv,0.0781267583370208,attacked_measurement,0.0,0.0
0.59976,baseline_01_hover,Pitch,bias,0.036644,0,0.0762966871261596,0.0762966871261596,0.0769266900556153,-0.0006300029294556,0.0006300029294556,0.009161,0,0.0,0.0015135627013933,0,0,0,W20_N5_mean1x,20,5,1.0,1001,Pitch_hybrid_prediction,/home/tchowdh4/sensor_recovery_project/logs/extracted_csv/baseline_01_hover_ATT.csv,/home/tchowdh4/sensor_recovery_project/prediction_results_v9_trained_hybrid/baseline_01_hover_ATT_trained_hybrid_prediction_outputs.csv,0.0762966871261596,attacked_measurement,0.0,0.0
0.69972,baseline_01_hover,Pitch,bias,0.036644,0,0.0825011655688285,0.0825011655688285,0.0895499186230886,-0.0070487530542601,0.0070487530542601,0.009161,0,0.0,0.0022054614955017,0,0,0,W20_N5_mean1x,20,5,1.0,1001,Pitch_hybrid_prediction,/home/tchowdh4/sensor_recovery_project/logs/extracted_csv/baseline_01_hover_ATT.csv,/home/tchowdh4/sensor_recovery_project/prediction_results_v9_trained_hybrid/baseline_01_hover_ATT_trained_hybrid_prediction_outputs.csv,0.0825011655688285,attacked_measurement,0.0,0.0
0.79968,baseline_01_hover,Pitch,bias,0.036644,0,0.0911537483334541,0.0911537483334541,0.0967118146584678,-0.0055580663250136,0.0055580663250136,0.009161,0,0.0,0.0025779731432252,0,0,0,W20_N5_mean1x,20,5,1.0,1001,Pitch_hybrid_prediction,/home/tchowdh4/sensor_recovery_project/logs/extracted_csv/baseline_01_hover_ATT.csv,/home/tchowdh4/sensor_recovery_project/prediction_results_v9_trained_hybrid/baseline_01_hover_ATT_trained_hybrid_prediction_outputs.csv,0.0911537483334541,attacked_measurement,0.0,0.0
0.89964,baseline_01_hover,Pitch,bias,0.036644,0,0.0945397093892097,0.0945397093892097,0.0936020710740368,0.0009376383151729,0.0009376383151729,0.009161,0,0.0,0.00241393966042,0,0,0,W20_N5_mean1x,20,5,1.0,1001,Pitch_hybrid_prediction,/home/tchowdh4/sensor_recovery_project/logs/extracted_csv/baseline_01_hover_ATT.csv,/home/tchowdh4/sensor_recovery_project/prediction_results_v9_trained_hybrid/baseline_01_hover_ATT_trained_hybrid_prediction_outputs.csv,0.0945397093892097,attacked_measurement,0.0,0.0
0.9996,baseline_01_hover,Pitch,bias,0.036644,0,0.0961648747324943,0.0961648747324943,0.0947692318948922,0.0013956428376021,0.0013956428376021,0.009161,0,0.0,0.002321367221982,0,0,0,W20_N5_mean1x,20,5,1.0,1001,Pitch_hybrid_prediction,/home/tchowdh4/sensor_recovery_project/logs/extracted_csv/baseline_01_hover_ATT.csv,/home/tchowdh4/sensor_recovery_project/prediction_results_v9_trained_hybrid/baseline_01_hover_ATT_trained_hybrid_prediction_outputs.csv,0.0961648747324943,attacked_measurement,0.0,0.0
1.09956,baseline_01_hover,Pitch,bias,0.036644,0,0.0998845845460891,0.0998845845460891,0.10239439302258,-0.0025098084764908,0.0025098084764908,0.009161,0,0.0,0.0023370706598577,0,0,0,W20_N5_mean1x,20,5,1.0,1001,Pitch_hybrid_prediction,/home/tchowdh4/sensor_recovery_project/logs/extracted_csv/baseline_01_hover_ATT.csv,/home/tchowdh4/sensor_recovery_project/prediction_results_v9_trained_hybrid/baseline_01_hover_ATT_trained_hybrid_prediction_outputs.csv,0.0998845845460891,attacked_measurement,0.0,0.0
1.19952,baseline_01_hover,Pitch,bias,0.036644,0,0.101112812757492,0.101112812757492,0.1012301049252959,-0.0001172921678039,0.0001172921678039,0.009161,0,0.0,0.0021663184681613,0,0,0,W20_N5_mean1x,20,5,1.0,1001,Pitch_hybrid_prediction,/home/tchowdh4/sensor_recovery_project/logs/extracted_csv/baseline_01_hover_ATT.csv,/home/tchowdh4/sensor_recovery_project/prediction_results_v9_trained_hybrid/baseline_01_hover_ATT_trained_hybrid_prediction_outputs.csv,0.101112812757492,attacked_measurement,0.0,0.0
1.29948,baseline_01_hover,Pitch,bias,0.036644,0,0.1035123169422149,0.1035123169422149,0.1055585877531945,-0.0020462708109796,0.0020462708109796,0.009161,0,0.0,0.0021577436355054,0,0,0,W20_N5_mean1x,20,5,1.0,1001,Pitch_hybrid_prediction,/home/tchowdh4/sensor_recovery_project/logs/extracted_csv/baseline_01_hover_ATT.csv,/home/tchowdh4/sensor_recovery_project/prediction_results_v9_trained_hybrid/baseline_01_hover_ATT_trained_hybrid_prediction_outputs.csv,0.1035123169422149,attacked_measurement,0.0,0.0
1.39944,baseline_01_hover,Pitch,bias,0.036644,0,0.0993965119123458,0.0993965119123458,0.0966305987050452,0.0027659132073006,0.0027659132073006,0.009161,0,0.0,0.0021982882736251,0,0,0,W20_N5_mean1x,20,5,1.0,1001,Pitch_hybrid_prediction,/home/tchowdh4/sensor_recovery_project/logs/extracted_csv/baseline_01_hover_ATT.csv,/home/tchowdh4/sensor_recovery_project/prediction_results_v9_trained_hybrid/baseline_01_hover_ATT_trained_hybrid_prediction_outputs.csv,0.0993965119123458,attacked_measurement,0.0,0.0
1.4994,baseline_01_hover,Pitch,bias,0.036644,0,0.0975523069500923,0.0975523069500923,0.0980211423560893,-0.000468835405997,0.000468835405997,0.009161,0,0.0,0.0020901974693984,0,0,0,W20_N5_mean1x,20,5,1.0,1001,Pitch_hybrid_prediction,/home/tchowdh4/sensor_recovery_project/logs/extracted_csv/baseline_01_hover_ATT.csv,/home/tchowdh4/sensor_recovery_project/prediction_results_v9_trained_hybrid/baseline_01_hover_ATT_trained_hybrid_prediction_outputs.csv,0.0975523069500923,attacked_measurement,0.0,0.0
1.59936,baseline_01_hover,Pitch,bias,0.036644,0,0.0965058282017707,0.0965058282017707,0.09640647879984,9.934940193069564e-05,9.934940193069564e-05,0.009161,0,0.0,0.0019730887595473,0,0,0,W20_N5_mean1x,20,5,1.0,1001,Pitch_hybrid_prediction,/home/tchowdh4/sensor_recovery_project/logs/extracted_csv/baseline_01_hover_ATT.csv,/home/tchowdh4/sensor_recovery_project/prediction_results_v9_trained_hybrid/baseline_01_hover_ATT_trained_hybrid_prediction_outputs.csv,0.0965058282017707,attacked_measurement,0.0,0.0
1.69932,baseline_01_hover,Pitch,bias,0.036644,0,0.0942954272031784,0.0942954272031784,0.0923864512254751,0.0019089759777033,0.0019089759777033,0.009161,0,0.0,0.0019695269383338,0,0,0,W20_N5_mean1x,20,5,1.0,1001,Pitch_hybrid_prediction,/home/tchowdh4/sensor_recovery_project/logs/extracted_csv/baseline_01_hover_ATT.csv,/home/tchowdh4/sensor_recovery_project/prediction_results_v9_trained_hybrid/baseline_01_hover_ATT_trained_hybrid_prediction_outputs.csv,0.0942954272031784,attacked_measurement,0.0,0.0
1.800113,baseline_01_hover,Pitch,bias,0.036644,0,0.0944141745567321,0.0944141745567321,0.0946710088782665,-0.0002568343215344,0.0002568343215344,0.009161,0,0.0,0.0018793852216601,0,0,0,W20_N5_mean1x,20,5,1.0,1001,Pitch_hybrid_prediction,/home/tchowdh4/sensor_recovery_project/logs/extracted_csv/baseline_01_hover_ATT.csv,/home/tchowdh4/sensor_recovery_project/prediction_results_v9_trained_hybrid/baseline_01_hover_ATT_trained_hybrid_prediction_outputs.csv,0.0944141745567321,attacked_measurement,0.0,0.0
1.900073,baseline_01_hover,Pitch,bias,0.036644,0,0.0902867168188095,0.0902867168188095,0.0869687931258595,0.0033179236929499,0.0033179236929499,0.009161,0,0.0,0.0019513121452246,0,0,0,W20_N5_mean1x,20,5,1.0,1001,Pitch_hybrid_prediction,/home/tchowdh4/sensor_recovery_project/logs/extracted_csv/baseline_01_hover_ATT.csv,/home/tchowdh4/sensor_recovery_project/prediction_results_v9_trained_hybrid/baseline_01_hover_ATT_trained_hybrid_prediction_outputs.csv,0.0902867168188095,attacked_measurement,0.0,0.0
2.000033,baseline_01_hover,Pitch,bias,0.036644,0,0.0914362668991088,0.0914362668991088,0.0923296451453073,-0.0008933782461984,0.0008933782461984,0.009161,0,0.0,0.0019146189686925,0,0,0,W20_N5_mean1x,20,5,1.0,1001,Pitch_hybrid_prediction,/home/tchowdh4/sensor_recovery_project/logs/extracted_csv/baseline_01_hover_ATT.csv,/home/tchowdh4/sensor_recovery_project/prediction_results_v9_trained_hybrid/baseline_01_hover_ATT_trained_hybrid_prediction_outputs.csv,0.0914362668991088,attacked_measurement,0.0,0.0
2.099993,baseline_01_hover,Pitch,bias,0.036644,0,0.0940749123692512,0.0940749123692512,0.0948698803645017,-0.0007949679952505,0.0007949679952505,0.009161,0,0.0,0.0018529101510959,0,0,0,W20_N5_mean1x,20,5,1.0,1001,Pitch_hybrid_prediction,/home/tchowdh4/sensor_recovery_project/logs/extracted_csv/baseline_01_hover_ATT.csv,/home/tchowdh4/sensor_recovery_project/prediction_results_v9_trained_hybrid/baseline_01_hover_ATT_trained_hybrid_prediction_outputs.csv,0.0940749123692512,attacked_measurement,0.0,0.0
2.199953,baseline_01_hover,Pitch,bias,0.036644,0,0.0892045646905899,0.0892045646905899,0.0856295278264709,0.003575036864119,0.003575036864119,0.009161,0,0.0,0.001938262972433,0,0,0,W20_N5_mean1x,20,5,1.0,1001,Pitch_hybrid_prediction,/home/tchowdh4/sensor_recovery_project/logs/extracted_csv/baseline_01_hover_ATT.csv,/home/tchowdh4/sensor_recovery_project/prediction_results_v9_trained_hybrid/baseline_01_hover_ATT_trained_hybrid_prediction_outputs.csv,0.0892045646905899,attacked_measurement,0.0,0.0
2.299913,baseline_01_hover,Pitch,bias,0.036644,0,0.0846350640058517,0.0846350640058517,0.0823460031162878,0.0022890608895639,0.0022890608895639,0.009161,0,0.0,0.0019991510274756,0,0,0,W20_N5_mean1x,20,5,1.0,1001,Pitch_hybrid_prediction,/home/tchowdh4/sensor_recovery_project/logs/extracted_csv/baseline_01_hover_ATT.csv,/home/tchowdh4/sensor_recovery_project/prediction_results_v9_trained_hybrid/baseline_01_hover_ATT_trained_hybrid_prediction_outputs.csv,0.0846350640058517,attacked_measurement,0.0,0.0
2.399873,baseline_01_hover,Pitch,bias,0.036644,0,0.0830540731549263,0.0830540731549263,0.0835083689751189,-0.0004542958201926,0.0004542958201926,0.009161,0,0.0,0.0019471903756857,0,0,0,W20_N5_mean1x,20,5,1.0,1001,Pitch_hybrid_prediction,/home/tchowdh4/sensor_recovery_project/logs/extracted_csv/baseline_01_hover_ATT.csv,/home/tchowdh4/sensor_recovery_project/prediction_results_v9_trained_hybrid/baseline_01_hover_ATT_trained_hybrid_prediction_outputs.csv,0.0830540731549263,attacked_measurement,0.0,0.0
2.499833,baseline_01_hover,Pitch,bias,0.036644,0,0.0764238089323043,0.0764238089323043,0.0728907464188962,0.003533062513408,0.003533062513408,0.009161,0,0.0,0.0020300554626463,0,0,0,W20_N5_mean1x,20,5,1.0,1001,Pitch_hybrid_prediction,/home/tchowdh4/sensor_recovery_project/logs/extracted_csv/baseline_01_hover_ATT.csv,/home/tchowdh4/sensor_recovery_project/prediction_results_v9_trained_hybrid/baseline_01_hover_ATT_trained_hybrid_prediction_outputs.csv,0.0764238089323043,attacked_measurement,0.0,0.0
2.599793,baseline_01_hover,Pitch,bias,0.036644,0,0.0741571262478828,0.0741571262478828,0.0753702834877473,-0.0012131572398644,0.0012131572398644,0.009161,0,0.0,0.0020592131781668,0,0,0,W20_N5_mean1x,20,5,1.0,1001,Pitch_hybrid_prediction,/home/tchowdh4/sensor_recovery_project/logs/extracted_csv/baseline_01_hover_ATT.csv,/home/tchowdh4/sensor_recovery_project/prediction_results_v9_trained_hybrid/baseline_01_hover_ATT_trained_hybrid_prediction_outputs.csv,0.0741571262478828,attacked_measurement,0.0,0.0
2.699753,baseline_01_hover,Pitch,bias,0.036644,0,0.0704288333654403,0.0704288333654403,0.0671407410959252,0.003288092269515,0.003288092269515,0.009161,0,0.0,0.0018711801389295,0,0,0,W20_N5_mean1x,20,5,1.0,1001,Pitch_hybrid_prediction,/home/tchowdh4/sensor_recovery_project/logs/extracted_csv/baseline_01_hover_ATT.csv,/home/tchowdh4/sensor_recovery_project/prediction_results_v9_trained_hybrid/baseline_01_hover_ATT_trained_hybrid_prediction_outputs.csv,0.0704288333654403,attacked_measurement,0.0,0.0
2.799713,baseline_01_hover,Pitch,bias,0.036644,0,0.0643395707011222,0.0643395707011222,0.0629399074326061,0.0013996632685161,0.0013996632685161,0.009161,0,0.0,0.0016632599861046,0,0,0,W20_N5_mean1x,20,5,1.0,1001,Pitch_hybrid_prediction,/home/tchowdh4/sensor_recovery_project/logs/extracted_csv/baseline_01_hover_ATT.csv,/home/tchowdh4/sensor_recovery_project/prediction_results_v9_trained_hybrid/baseline_01_hover_ATT_trained_hybrid_prediction_outputs.csv,0.0643395707011222,attacked_measurement,0.0,0.0
2.899673,baseline_01_hover,Pitch,bias,0.036644,0,0.0609268248081207,0.0609268248081207,0.0605847868170532,0.0003420379910675,0.0003420379910675,0.009161,0,0.0,0.0016334799698994,0,0,0,W20_N5_mean1x,20,5,1.0,1001,Pitch_hybrid_prediction,/home/tchowdh4/sensor_recovery_project/logs/extracted_csv/baseline_01_hover_ATT.csv,/home/tchowdh4/sensor_recovery_project/prediction_results_v9_trained_hybrid/baseline_01_hover_ATT_trained_hybrid_prediction_outputs.csv,0.0609268248081207,attacked_measurement,0.0,0.0
2.999633,baseline_01_hover,Pitch,bias,0.036644,0,0.0611779354512691,0.0611779354512691,0.0617665558398001,-0.0005886203885309,0.0005886203885309,0.009161,0,0.0,0.0015931288474458,0,0,0,W20_N5_mean1x,20,5,1.0,1001,Pitch_hybrid_prediction,/home/tchowdh4/sensor_recovery_project/logs/extracted_csv/baseline_01_hover_ATT.csv,/home/tchowdh4/sensor_recovery_project/prediction_results_v9_trained_hybrid/baseline_01_hover_ATT_trained_hybrid_prediction_outputs.csv,0.0611779354512691,attacked_measurement,0.0,0.0
3.099593,baseline_01_hover,Pitch,bias,0.036644,0,0.0576066263020038,0.0576066263020038,0.055348574032773,0.0022580522692308,0.0022580522692308,0.009161,0,0.0,0.0015805410370828,0,0,0,W20_N5_mean1x,20,5,1.0,1001,Pitch_hybrid_prediction,/home/tchowdh4/sensor_recovery_project/logs/extracted_csv/baseline_01_hover_ATT.csv,/home/tchowdh4/sensor_recovery_project/prediction_results_v9_trained_hybrid/baseline_01_hover_ATT_trained_hybrid_prediction_outputs.csv,0.0576066263020038,attacked_measurement,0.0,0.0
3.199553,baseline_01_hover,Pitch,bias,0.036644,0,0.0565933771431446,0.0565933771431446,0.0559086065728333,0.0006847705703112,0.0006847705703112,0.009161,0,0.0,0.0016089149572082,0,0,0,W20_N5_mean1x,20,5,1.0,1001,Pitch_hybrid_prediction,/home/tchowdh4/sensor_recovery_project/logs/extracted_csv/baseline_01_hover_ATT.csv,/home/tchowdh4/sensor_recovery_project/prediction_results_v9_trained_hybrid/baseline_01_hover_ATT_trained_hybrid_prediction_outputs.csv,0.0565933771431446,attacked_measurement,0.0,0.0
3.299513,baseline_01_hover,Pitch,bias,0.036644,0,0.0578973442316055,0.0578973442316055,0.0593422828659954,-0.0014449386343898,0.0014449386343898,0.009161,0,0.0,0.0015788483483787,0,0,0,W20_N5_mean1x,20,5,1.0,1001,Pitch_hybrid_prediction,/home/tchowdh4/sensor_recovery_project/logs/extracted_csv/baseline_01_hover_ATT.csv,/home/tchowdh4/sensor_recovery_project/prediction_results_v9_trained_hybrid/baseline_01_hover_ATT_trained_hybrid_prediction_outputs.csv,0.0578973442316055,attacked_measurement,0.0,0.0
3.399473,baseline_01_hover,Pitch,bias,0.036644,0,0.0545270591974258,0.0545270591974258,0.0525562398288696,0.0019708193685561,0.0019708193685561,0.009161,0,0.0,0.0015390936564415,0,0,0,W20_N5_mean1x,20,5,1.0,1001,Pitch_hybrid_prediction,/home/tchowdh4/sensor_recovery_project/logs/extracted_csv/baseline_01_hover_ATT.csv,/home/tchowdh4/sensor_recovery_project/prediction_results_v9_trained_hybrid/baseline_01_hover_ATT_trained_hybrid_prediction_outputs.csv,0.0545270591974258,attacked_measurement,0.0,0.0
3.499433,baseline_01_hover,Pitch,bias,0.036644,0,0.0553850755095481,0.0553850755095481,0.0581601563945808,-0.0027750808850327,0.0027750808850327,0.009161,0,0.0,0.0016544059303933,0,0,0,W20_N5_mean1x,20,5,1.0,1001,Pitch_hybrid_prediction,/home/tchowdh4/sensor_recovery_project/logs/extracted_csv/baseline_01_hover_ATT.csv,/home/tchowdh4/sensor_recovery_project/prediction_results_v9_trained_hybrid/baseline_01_hover_ATT_trained_hybrid_prediction_outputs.csv,0.0553850755095481,attacked_measurement,0.0,0.0
3.599393,baseline_01_hover,Pitch,bias,0.036644,0,0.0548761114478111,0.0548761114478111,0.0561710040728342,-0.0012948926250231,0.0012948926250231,0.009161,0,0.0,0.0017141830915479,0,0,0,W20_N5_mean1x,20,5,1.0,1001,Pitch_hybrid_prediction,/home/tchowdh4/sensor_recovery_project/logs/extracted_csv/baseline_01_hover_ATT.csv,/home/tchowdh4/sensor_recovery_project/prediction_results_v9_trained_hybrid/baseline_01_hover_ATT_trained_hybrid_prediction_outputs.csv,0.0548761114478111,attacked_measurement,0.0,0.0
3.699353,baseline_01_hover,Pitch,bias,0.036644,0,0.0551075972616672,0.0551075972616672,0.0553518545339025,-0.0002442572722352,0.0002442572722352,0.009161,0,0.0,0.0016309471562745,0,0,0,W20_N5_mean1x,20,5,1.0,1001,Pitch_hybrid_prediction,/home/tchowdh4/sensor_recovery_project/logs/extracted_csv/baseline_01_hover_ATT.csv,/home/tchowdh4/sensor_recovery_project/prediction_results_v9_trained_hybrid/baseline_01_hover_ATT_trained_hybrid_prediction_outputs.csv,0.0551075972616672,attacked_measurement,0.0,0.0
3.799313,baseline_01_hover,Pitch,bias,0.036644,0,0.0619681812822818,0.0619681812822818,0.0669036595629392,-0.0049354782806574,0.0049354782806574,0.009161,0,0.0,0.0018648793542306,0,0,0,W20_N5_mean1x,20,5,1.0,1001,Pitch_hybrid_prediction,/home/tchowdh4/sensor_recovery_project/logs/extracted_csv/baseline_01_hover_ATT.csv,/home/tchowdh4/sensor_recovery_project/prediction_results_v9_trained_hybrid/baseline_01_hover_ATT_trained_hybrid_prediction_outputs.csv,0.0619681812822818,attacked_measurement,0.0,0.0
3.900106,baseline_01_hover,Pitch,bias,0.036644,0,0.0646230280399322,0.0646230280399322,0.0642037083144131,0.000419319725519,0.000419319725519,0.009161,0,0.0,0.0017199491558591,0,0,0,W20_N5_mean1x,20,5,1.0,1001,Pitch_hybrid_prediction,/home/tchowdh4/sensor_recovery_project/logs/extracted_csv/baseline_01_hover_ATT.csv,/home/tchowdh4/sensor_recovery_project/prediction_results_v9_trained_hybrid/baseline_01_hover_ATT_trained_hybrid_prediction_outputs.csv,0.0646230280399322,attacked_measurement,0.0,0.0
4.000066,baseline_01_hover,Pitch,bias,0.036644,0,0.070139467716217,0.070139467716217,0.0718724090684451,-0.001732941352228,0.001732941352228,0.009161,0,0.0,0.0017619273111606,0,0,0,W20_N5_mean1x,20,5,1.0,1001,Pitch_hybrid_prediction,/home/tchowdh4/sensor_recovery_project/logs/extracted_csv/baseline_01_hover_ATT.csv,/home/tchowdh4/sensor_recovery_project/prediction_results_v9_trained_hybrid/baseline_01_hover_ATT_trained_hybrid_prediction_outputs.csv,0.070139467716217,attacked_measurement,0.0,0.0
4.100026,baseline_01_hover,Pitch,bias,0.036644,0,0.07326390594244,0.07326390594244,0.0744913115139605,-0.0012274055715204,0.0012274055715204,0.009161,0,0.0,0.0017835491899741,0,0,0,W20_N5_mean1x,20,5,1.0,1001,Pitch_hybrid_prediction,/home/tchowdh4/sensor_recovery_project/logs/extracted_csv/baseline_01_hover_ATT.csv,/home/tchowdh4/sensor_recovery_project/prediction_results_v9_trained_hybrid/baseline_01_hover_ATT_trained_hybrid_prediction_outputs.csv,0.07326390594244,attacked_measurement,0.0,0.0
4.199986,baseline_01_hover,Pitch,bias,0.036644,0,0.0734910070896148,0.0734910070896148,0.0753552633103726,-0.0018642562207577,0.0018642562207577,0.009161,0,0.0,0.001698010157806,0,0,0,W20_N5_mean1x,20,5,1.0,1001,Pitch_hybrid_prediction,/home/tchowdh4/sensor_recovery_project/logs/extracted_csv/baseline_01_hover_ATT.csv,/home/tchowdh4/sensor_recovery_project/prediction_results_v9_trained_hybrid/baseline_01_hover_ATT_trained_hybrid_prediction_outputs.csv,0.0734910070896148,attacked_measurement,0.0,0.0
4.299946,baseline_01_hover,Pitch,bias,0.036644,0,0.0750708654522895,0.0750708654522895,0.0755077185962275,-0.000436853143938,0.000436853143938,0.009161,0,0.0,0.0016053997705247,0,0,0,W20_N5_mean1x,20,5,1.0,1001,Pitch_hybrid_prediction,/home/tchowdh4/sensor_recovery_project/logs/extracted_csv/baseline_01_hover_ATT.csv,/home/tchowdh4/sensor_recovery_project/prediction_results_v9_trained_hybrid/baseline_01_hover_ATT_trained_hybrid_prediction_outputs.csv,0.0750708654522895,attacked_measurement,0.0,0.0
4.399906,baseline_01_hover,Pitch,bias,0.036644,0,0.0715774074196815,0.0715774074196815,0.0705901828978585,0.0009872245218229,0.0009872245218229,0.009161,0,0.0,0.0016320462056062,0,0,0,W20_N5_mean1x,20,5,1.0,1001,Pitch_hybrid_prediction,/home/tchowdh4/sensor_recovery_project/logs/extracted_csv/baseline_01_hover_ATT.csv,/home/tchowdh4/sensor_recovery_project/prediction_results_v9_trained_hybrid/baseline_01_hover_ATT_trained_hybrid_prediction_outputs.csv,0.0715774074196815,attacked_measurement,0.0,0.0
4.499866,baseline_01_hover,Pitch,bias,0.036644,0,0.0697497576475143,0.0697497576475143,0.0696575079250952,9.224972241909934e-05,9.224972241909934e-05,0.009161,0,0.0,0.0014600055660568,0,0,0,W20_N5_mean1x,20,5,1.0,1001,Pitch_hybrid_prediction,/home/tchowdh4/sensor_recovery_project/logs/extracted_csv/baseline_01_hover_ATT.csv,/home/tchowdh4/sensor_recovery_project/prediction_results_v9_trained_hybrid/baseline_01_hover_ATT_trained_hybrid_prediction_outputs.csv,0.0697497576475143,attacked_measurement,0.0,0.0
4.599826,baseline_01_hover,Pitch,bias,0.036644,0,0.0706352367997169,0.0706352367997169,0.0718887771725703,-0.0012535403728534,0.0012535403728534,0.009161,0,0.0,0.0014620247227062,0,0,0,W20_N5_mean1x,20,5,1.0,1001,Pitch_hybrid_prediction,/home/tchowdh4/sensor_recovery_project/logs/extracted_csv/baseline_01_hover_ATT.csv,/home/tchowdh4/sensor_recovery_project/prediction_results_v9_trained_hybrid/baseline_01_hover_ATT_trained_hybrid_prediction_outputs.csv,0.0706352367997169,attacked_measurement,0.0,0.0
4.699786,baseline_01_hover,Pitch,bias,0.036644,0,0.0689738914370536,0.0689738914370536,0.0697376084593413,-0.0007637170222876,0.0007637170222876,0.009161,0,0.0,0.0013358059603448,0,0,0,W20_N5_mean1x,20,5,1.0,1001,Pitch_hybrid_prediction,/home/tchowdh4/sensor_recovery_project/logs/extracted_csv/baseline_01_hover_ATT.csv,/home/tchowdh4/sensor_recovery_project/prediction_results_v9_trained_hybrid/baseline_01_hover_ATT_trained_hybrid_prediction_outputs.csv,0.0689738914370536,attacked_measurement,0.0,0.0
4.799746,baseline_01_hover,Pitch,bias,0.036644,0,0.0787543281912803,0.0787543281912803,0.0860118214551442,-0.0072574932638639,0.0072574932638639,0.009161,0,0.0,0.0016286974601122,0,0,0,W20_N5_mean1x,20,5,1.0,1001,Pitch_hybrid_prediction,/home/tchowdh4/sensor_recovery_project/logs/extracted_csv/baseline_01_hover_ATT.csv,/home/tchowdh4/sensor_recovery_project/prediction_results_v9_trained_hybrid/baseline_01_hover_ATT_trained_hybrid_prediction_outputs.csv,0.0787543281912803,attacked_measurement,0.0,0.0
4.899706,baseline_01_hover,Pitch,bias,0.036644,0,0.0867105275392532,0.0867105275392532,0.0908494755808722,-0.004138948041619,0.004138948041619,0.009161,0,0.0,0.0018185429626398,0,0,0,W20_N5_mean1x,20,5,1.0,1001,Pitch_hybrid_prediction,/home/tchowdh4/sensor_recovery_project/logs/extracted_csv/baseline_01_hover_ATT.csv,/home/tchowdh4/sensor_recovery_project/prediction_results_v9_trained_hybrid/baseline_01_hover_ATT_trained_hybrid_prediction_outputs.csv,0.0867105275392532,attacked_measurement,0.0,0.0
4.999666,baseline_01_hover,Pitch,bias,0.036644,0,0.0902147740125656,0.0902147740125656,0.0898838851708775,0.000330888841688,0.000330888841688,0.009161,0,0.0,0.0018056563852977,0,0,0,W20_N5_mean1x,20,5,1.0,1001,Pitch_hybrid_prediction,/home/tchowdh4/sensor_recovery_project/logs/extracted_csv/baseline_01_hover_ATT.csv,/home/tchowdh4/sensor_recovery_project/prediction_results_v9_trained_hybrid/baseline_01_hover_ATT_trained_hybrid_prediction_outputs.csv,0.0902147740125656,attacked_measurement,0.0,0.0
5.099626,baseline_01_hover,Pitch,bias,0.036644,0,0.0927395969629287,0.0927395969629287,0.0927656383345436,-2.604137161489606e-05,2.604137161489606e-05,0.009161,0,0.0,0.0016940558404169,0,0,0,W20_N5_mean1x,20,5,1.0,1001,Pitch_hybrid_prediction,/home/tchowdh4/sensor_recovery_project/logs/extracted_csv/baseline_01_hover_ATT.csv,/home/tchowdh4/sensor_recovery_project/prediction_results_v9_trained_hybrid/baseline_01_hover_ATT_trained_hybrid_prediction_outputs.csv,0.0927395969629287,attacked_measurement,0.0,0.0
5.199586,baseline_01_hover,Pitch,bias,0.036644,0,0.0936220437288284,0.0936220437288284,0.0950209625020768,-0.0013989187732483,0.0013989187732483,0.009161,0,0.0,0.0017297632505637,0,0,0,W20_N5_mean1x,20,5,1.0,1001,Pitch_hybrid_prediction,/home/tchowdh4/sensor_recovery_project/logs/extracted_csv/baseline_01_hover_ATT.csv,/home/tchowdh4/sensor_recovery_project/prediction_results_v9_trained_hybrid/baseline_01_hover_ATT_trained_hybrid_prediction_outputs.csv,0.0936220437288284,attacked_measurement,0.0,0.0
5.299546,baseline_01_hover,Pitch,bias,0.036644,0,0.0873990058898925,0.0873990058898925,0.0832981819944327,0.0041008238954597,0.0041008238954597,0.009161,0,0.0,0.0018625575136172,0,0,0,W20_N5_mean1x,20,5,1.0,1001,Pitch_hybrid_prediction,/home/tchowdh4/sensor_recovery_project/logs/extracted_csv/baseline_01_hover_ATT.csv,/home/tchowdh4/sensor_recovery_project/prediction_results_v9_trained_hybrid/baseline_01_hover_ATT_trained_hybrid_prediction_outputs.csv,0.0873990058898925,attacked_measurement,0.0,0.0
5.399506,baseline_01_hover,Pitch,bias,0.036644,0,0.0856034457683563,0.0856034457683563,0.0853986075027382,0.000204838265618,0.000204838265618,0.009161,0,0.0,0.0017742584584703,0,0,0,W20_N5_mean1x,20,5,1.0,1001,Pitch_hybrid_prediction,/home/tchowdh4/sensor_recovery_project/logs/extracted_csv/baseline_01_hover_ATT.csv,/home/tchowdh4/sensor_recovery_project/prediction_results_v9_trained_hybrid/baseline_01_hover_ATT_trained_hybrid_prediction_outputs.csv,0.0856034457683563,attacked_measurement,0.0,0.0
5.499466,baseline_01_hover,Pitch,bias,0.036644,0,0.085741750895977,0.085741750895977,0.086842677876418,-0.0011009269804409,0.0011009269804409,0.009161,0,0.0,0.0016905507632407,0,0,0,W20_N5_mean1x,20,5,1.0,1001,Pitch_hybrid_prediction,/home/tchowdh4/sensor_recovery_project/logs/extracted_csv/baseline_01_hover_ATT.csv,/home/tchowdh4/sensor_recovery_project/prediction_results_v9_trained_hybrid/baseline_01_hover_ATT_trained_hybrid_prediction_outputs.csv,0.085741750895977,attacked_measurement,0.0,0.0
5.599426,baseline_01_hover,Pitch,bias,0.036644,0,0.0847223252058029,0.0847223252058029,0.0847483459147556,-2.602070895268982e-05,2.602070895268982e-05,0.009161,0,0.0,0.0016271071674372,0,0,0,W20_N5_mean1x,20,5,1.0,1001,Pitch_hybrid_prediction,/home/tchowdh4/sensor_recovery_project/logs/extracted_csv/baseline_01_hover_ATT.csv,/home/tchowdh4/sensor_recovery_project/prediction_results_v9_trained_hybrid/baseline_01_hover_ATT_trained_hybrid_prediction_outputs.csv,0.0847223252058029,attacked_measurement,0.0,0.0
5.699386,baseline_01_hover,Pitch,bias,0.036644,0,0.0839706063270568,0.0839706063270568,0.0842014959373338,-0.0002308896102769,0.0002308896102769,0.009161,0,0.0,0.0016264387843393,0,0,0,W20_N5_mean1x,20,5,1.0,1001,Pitch_hybrid_prediction,/home/tchowdh4/sensor_recovery_project/logs/extracted_csv/baseline_01_hover_ATT.csv,/home/tchowdh4/sensor_recovery_project/prediction_results_v9_trained_hybrid/baseline_01_hover_ATT_trained_hybrid_prediction_outputs.csv,0.0839706063270568,attacked_measurement,0.0,0.0
5.799346,baseline_01_hover,Pitch,bias,0.036644,0,0.0829873830080032,0.0829873830080032,0.0838988732175375,-0.0009114902095343,0.0009114902095343,0.009161,0,0.0,0.0014252393807831,0,0,0,W20_N5_mean1x,20,5,1.0,1001,Pitch_hybrid_prediction,/home/tchowdh4/sensor_recovery_project/logs/extracted_csv/baseline_01_hover_ATT.csv,/home/tchowdh4/sensor_recovery_project/prediction_results_v9_trained_hybrid/baseline_01_hover_ATT_trained_hybrid_prediction_outputs.csv,0.0829873830080032,attacked_measurement,0.0,0.0
5.899306,baseline_01_hover,Pitch,bias,0.036644,0,0.0799528136849403,0.0799528136849403,0.0789695216274849,0.0009832920574553,0.0009832920574553,0.009161,0,0.0,0.00145343799738,0,0,0,W20_N5_mean1x,20,5,1.0,1001,Pitch_hybrid_prediction,/home/tchowdh4/sensor_recovery_project/logs/extracted_csv/baseline_01_hover_ATT.csv,/home/tchowdh4/sensor_recovery_project/prediction_results_v9_trained_hybrid/baseline_01_hover_ATT_trained_hybrid_prediction_outputs.csv,0.0799528136849403,attacked_measurement,0.0,0.0
6.000099,baseline_01_hover,Pitch,bias,0.036644,0,0.0833631977438926,0.0833631977438926,0.0856659087603101,-0.0023027110164175,0.0023027110164175,0.009161,0,0.0,0.0014819264805894,0,0,0,W20_N5_mean1x,20,5,1.0,1001,Pitch_hybrid_prediction,/home/tchowdh4/sensor_recovery_project/logs/extracted_csv/baseline_01_hover_ATT.csv,/home/tchowdh4/sensor_recovery_project/prediction_results_v9_trained_hybrid/baseline_01_hover_ATT_trained_hybrid_prediction_outputs.csv,0.0833631977438926,attacked_measurement,0.0,0.0
6.100059,baseline_01_hover,Pitch,bias,0.036644,0,0.08407823741436,0.08407823741436,0.0823111436395447,0.0017670937748153,0.0017670937748153,0.009161,0,0.0,0.0015089108907542,0,0,0,W20_N5_mean1x,20,5,1.0,1001,Pitch_hybrid_prediction,/home/tchowdh4/sensor_recovery_project/logs/extracted_csv/baseline_01_hover_ATT.csv,/home/tchowdh4/sensor_recovery_project/prediction_results_v9_trained_hybrid/baseline_01_hover_ATT_trained_hybrid_prediction_outputs.csv,0.08407823741436,attacked_measurement,0.0,0.0
6.200019,baseline_01_hover,Pitch,bias,0.036644,0,0.0818734914064407,0.0818734914064407,0.0808814418675941,0.0009920495388465,0.0009920495388465,0.009161,0,0.0,0.0014653005566586,0,0,0,W20_N5_mean1x,20,5,1.0,1001,Pitch_hybrid_prediction,/home/tchowdh4/sensor_recovery_project/logs/extracted_csv/baseline_01_hover_ATT.csv,/home/tchowdh4/sensor_recovery_project/prediction_results_v9_trained_hybrid/baseline_01_hover_ATT_trained_hybrid_prediction_outputs.csv,0.0818734914064407,attacked_measurement,0.0,0.0
6.299979,baseline_01_hover,Pitch,bias,0.036644,0,0.080668032169342,0.080668032169342,0.0824079468585803,-0.0017399146892383,0.0017399146892383,0.009161,0,0.0,0.0015304536339236,0,0,0,W20_N5_mean1x,20,5,1.0,1001,Pitch_hybrid_prediction,/home/tchowdh4/sensor_recovery_project/logs/extracted_csv/baseline_01_hover_ATT.csv,/home/tchowdh4/sensor_recovery_project/prediction_results_v9_trained_hybrid/baseline_01_hover_ATT_trained_hybrid_prediction_outputs.csv,0.080668032169342,attacked_measurement,0.0,0.0
6.399939,baseline_01_hover,Pitch,bias,0.036644,0,0.0792618542909622,0.0792618542909622,0.079599325714107,-0.0003374714231447,0.0003374714231447,0.009161,0,0.0,0.0014979659789897,0,0,0,W20_N5_mean1x,20,5,1.0,1001,Pitch_hybrid_prediction,/home/tchowdh4/sensor_recovery_project/logs/extracted_csv/baseline_01_hover_ATT.csv,/home/tchowdh4/sensor_recovery_project/prediction_results_v9_trained_hybrid/baseline_01_hover_ATT_trained_hybrid_prediction_outputs.csv,0.0792618542909622,attacked_measurement,0.0,0.0
6.499899,baseline_01_hover,Pitch,bias,0.036644,0,0.0739424675703048,0.0739424675703048,0.0699867985630028,0.003955669007302,0.003955669007302,0.009161,0,0.0,0.0016911369432339,0,0,0,W20_N5_mean1x,20,5,1.0,1001,Pitch_hybrid_prediction,/home/tchowdh4/sensor_recovery_project/logs/extracted_csv/baseline_01_hover_ATT.csv,/home/tchowdh4/sensor_recovery_project/prediction_results_v9_trained_hybrid/baseline_01_hover_ATT_trained_hybrid_prediction_outputs.csv,0.0739424675703048,attacked_measurement,0.0,0.0
6.599859,baseline_01_hover,Pitch,bias,0.036644,0,0.0726625025272369,0.0726625025272369,0.0719904208333688,0.000672081693868,0.000672081693868,0.009161,0,0.0,0.0016620640092846,0,0,0,W20_N5_mean1x,20,5,1.0,1001,Pitch_hybrid_prediction,/home/tchowdh4/sensor_recovery_project/logs/extracted_csv/baseline_01_hover_ATT.csv,/home/tchowdh4/sensor_recovery_project/prediction_results_v9_trained_hybrid/baseline_01_hover_ATT_trained_hybrid_prediction_outputs.csv,0.0726625025272369,attacked_measurement,0.0,0.0
6.699819,baseline_01_hover,Pitch,bias,0.036644,0,0.0734426453709602,0.0734426453709602,0.0748656013377454,-0.0014229559667852,0.0014229559667852,0.009161,0,0.0,0.0016950259565095,0,0,0,W20_N5_mean1x,20,5,1.0,1001,Pitch_hybrid_prediction,/home/tchowdh4/sensor_recovery_project/logs/extracted_csv/baseline_01_hover_ATT.csv,/home/tchowdh4/sensor_recovery_project/prediction_results_v9_trained_hybrid/baseline_01_hover_ATT_trained_hybrid_prediction_outputs.csv,0.0734426453709602,attacked_measurement,0.0,0.0
6.799779,baseline_01_hover,Pitch,bias,0.036644,0,0.0713956877589225,0.0713956877589225,0.0702415744312125,0.0011541133277099,0.0011541133277099,0.009161,0,0.0,0.0013898569597018,0,0,0,W20_N5_mean1x,20,5,1.0,1001,Pitch_hybrid_prediction,/home/tchowdh4/sensor_recovery_project/logs/extracted_csv/baseline_01_hover_ATT.csv,/home/tchowdh4/sensor_recovery_project/prediction_results_v9_trained_hybrid/baseline_01_hover_ATT_trained_hybrid_prediction_outputs.csv,0.0713956877589225,attacked_measurement,0.0,0.0
6.899739,baseline_01_hover,Pitch,bias,0.036644,0,0.0769010856747627,0.0769010856747627,0.0823559119810415,-0.0054548263062788,0.0054548263062788,0.009161,0,0.0,0.0014556508729348,0,0,0,W20_N5_mean1x,20,5,1.0,1001,Pitch_hybrid_prediction,/home/tchowdh4/sensor_recovery_project/logs/extracted_csv/baseline_01_hover_ATT.csv,/home/tchowdh4/sensor_recovery_project/prediction_results_v9_trained_hybrid/baseline_01_hover_ATT_trained_hybrid_prediction_outputs.csv,0.0769010856747627,attacked_measurement,0.0,0.0
6.999699,baseline_01_hover,Pitch,bias,0.036644,0,0.0775885581970214,0.0775885581970214,0.0777363404372066,-0.0001477822401852,0.0001477822401852,0.009161,0,0.0,0.0014464955428596,0,0,0,W20_N5_mean1x,20,5,1.0,1001,Pitch_hybrid_prediction,/home/tchowdh4/sensor_recovery_project/logs/extracted_csv/baseline_01_hover_ATT.csv,/home/tchowdh4/sensor_recovery_project/prediction_results_v9_trained_hybrid/baseline_01_hover_ATT_trained_hybrid_prediction_outputs.csv,0.0775885581970214,attacked_measurement,0.0,0.0
7.099659,baseline_01_hover,Pitch,bias,0.036644,0,0.0794473737478256,0.0794473737478256,0.0813656210502014,-0.0019182473023758,0.0019182473023758,0.009161,0,0.0,0.0015411058393977,0,0,0,W20_N5_mean1x,20,5,1.0,1001,Pitch_hybrid_prediction,/home/tchowdh4/sensor_recovery_project/logs/extracted_csv/baseline_01_hover_ATT.csv,/home/tchowdh4/sensor_recovery_project/prediction_results_v9_trained_hybrid/baseline_01_hover_ATT_trained_hybrid_prediction_outputs.csv,0.0794473737478256,attacked_measurement,0.0,0.0
7.199619,baseline_01_hover,Pitch,bias,0.036644,0,0.0782163366675376,0.0782163366675376,0.0775666636563808,0.0006496730111568,0.0006496730111568,0.009161,0,0.0,0.0015036435512931,0,0,0,W20_N5_mean1x,20,5,1.0,1001,Pitch_hybrid_prediction,/home/tchowdh4/sensor_recovery_project/logs/extracted_csv/baseline_01_hover_ATT.csv,/home/tchowdh4/sensor_recovery_project/prediction_results_v9_trained_hybrid/baseline_01_hover_ATT_trained_hybrid_prediction_outputs.csv,0.0782163366675376,attacked_measurement,0.0,0.0
7.299579,baseline_01_hover,Pitch,bias,0.036644,0,0.0791435241699218,0.0791435241699218,0.0829343926996469,-0.0037908685297251,0.0037908685297251,0.009161,0,0.0,0.0014881457830063,0,0,0,W20_N5_mean1x,20,5,1.0,1001,Pitch_hybrid_prediction,/home/tchowdh4/sensor_recovery_project/logs/extracted_csv/baseline_01_hover_ATT.csv,/home/tchowdh4/sensor_recovery_project/prediction_results_v9_trained_hybrid/baseline_01_hover_ATT_trained_hybrid_prediction_outputs.csv,0.0791435241699218,attacked_measurement,0.0,0.0
7.399539,baseline_01_hover,Pitch,bias,0.036644,0,0.0859837159514427,0.0859837159514427,0.0907475528480213,-0.0047638368965785,0.0047638368965785,0.009161,0,0.0,0.0017160957145544,0,0,0,W20_N5_mean1x,20,5,1.0,1001,Pitch_hybrid_prediction,/home/tchowdh4/sensor_recovery_project/logs/extracted_csv/baseline_01_hover_ATT.csv,/home/tchowdh4/sensor_recovery_project/prediction_results_v9_trained_hybrid/baseline_01_hover_ATT_trained_hybrid_prediction_outputs.csv,0.0859837159514427,attacked_measurement,0.0,0.0
7.499499,baseline_01_hover,Pitch,bias,0.036644,1,0.097057819366455,0.133701819366455,0.1022928331660646,0.0314089862003904,0.0314089862003904,0.009161,1,1.0,0.0032314986755518,0,0,0,W20_N5_mean1x,20,5,1.0,1001,Pitch_hybrid_prediction,/home/tchowdh4/sensor_recovery_project/logs/extracted_csv/baseline_01_hover_ATT.csv,/home/tchowdh4/sensor_recovery_project/prediction_results_v9_trained_hybrid/baseline_01_hover_ATT_trained_hybrid_prediction_outputs.csv,0.1022928331660646,V9_prediction,0.03664400000000001,0.005235013799609611
7.599459,baseline_01_hover,Pitch,bias,0.036644,1,0.1013557314872741,0.1379997314872741,0.1042339299091988,0.0337658015780752,0.0337658015780752,0.009161,1,2.0,0.004918487719008,0,0,0,W20_N5_mean1x,20,5,1.0,1001,Pitch_hybrid_prediction,/home/tchowdh4/sensor_recovery_project/logs/extracted_csv/baseline_01_hover_ATT.csv,/home/tchowdh4/sensor_recovery_project/prediction_results_v9_trained_hybrid/baseline_01_hover_ATT_trained_hybrid_prediction_outputs.csv,0.1042339299091988,V9_prediction,0.036643999999999996,0.002878198421924702
7.699419,baseline_01_hover,Pitch,bias,0.036644,1,0.103842943906784,0.140486943906784,0.1038074598216004,0.0366794840851836,0.0366794840851836,0.009161,1,3.0,0.0067409174427533,0,0,0,W20_N5_mean1x,20,5,1.0,1001,Pitch_hybrid_prediction,/home/tchowdh4/sensor_recovery_project/logs/extracted_csv/baseline_01_hover_ATT.csv,/home/tchowdh4/sensor_recovery_project/prediction_results_v9_trained_hybrid/baseline_01_hover_ATT_trained_hybrid_prediction_outputs.csv,0.1038074598216004,V9_prediction,0.03664400000000001,-3.548408518359858e-05
7.799379,baseline_01_hover,Pitch,bias,0.036644,1,0.1050762236118316,0.1417202236118316,0.1068683172005287,0.0348519064113028,0.0348519064113028,0.009161,1,4.0,0.0084379382528417,0,0,0,W20_N5_mean1x,20,5,1.0,1001,Pitch_hybrid_prediction,/home/tchowdh4/sensor_recovery_project/logs/extracted_csv/baseline_01_hover_ATT.csv,/home/tchowdh4/sensor_recovery_project/prediction_results_v9_trained_hybrid/baseline_01_hover_ATT_trained_hybrid_prediction_outputs.csv,0.1068683172005287,V9_prediction,0.036643999999999996,0.0017920935886970996
7.899339,baseline_01_hover,Pitch,bias,0.036644,1,0.1049140244722366,0.1415580244722366,0.1057776491603404,0.0357803753118962,0.0357803753118962,0.009161,1,5.0,0.0101777924155638,1,1,1,W20_N5_mean1x,20,5,1.0,1001,Pitch_hybrid_prediction,/home/tchowdh4/sensor_recovery_project/logs/extracted_csv/baseline_01_hover_ATT.csv,/home/tchowdh4/sensor_recovery_project/prediction_results_v9_trained_hybrid/baseline_01_hover_ATT_trained_hybrid_prediction_outputs.csv,0.1057776491603404,V9_prediction,0.03664399999999998,0.0008636246881037896
7.999299,baseline_01_hover,Pitch,bias,0.036644,1,0.0973478853702545,0.1339918853702545,0.0956600974264033,0.0383317879438512,0.0383317879438512,0.009161,1,6.0,0.0119792462619355,1,1,1,W20_N5_mean1x,20,5,1.0,1001,Pitch_hybrid_prediction,/home/tchowdh4/sensor_recovery_project/logs/extracted_csv/baseline_01_hover_ATT.csv,/home/tchowdh4/sensor_recovery_project/prediction_results_v9_trained_hybrid/baseline_01_hover_ATT_trained_hybrid_prediction_outputs.csv,0.0956600974264033,V9_prediction,0.036643999999999996,-0.0016877879438512017
8.100092,baseline_01_hover,Pitch,bias,0.036644,1,0.0915855690836906,0.1282295690836906,0.0926092413710766,0.035620327712614,0.035620327712614,0.009161,1,7.0,0.0136719079588254,1,1,1,W20_N5_mean1x,20,5,1.0,1001,Pitch_hybrid_prediction,/home/tchowdh4/sensor_recovery_project/logs/extracted_csv/baseline_01_hover_ATT.csv,/home/tchowdh4/sensor_recovery_project/prediction_results_v9_trained_hybrid/baseline_01_hover_ATT_trained_hybrid_prediction_outputs.csv,0.0926092413710766,V9_prediction,0.036643999999999996,0.0010236722873859933
8.200052,baseline_01_hover,Pitch,bias,0.036644,1,0.0894469916820526,0.1260909916820526,0.0895875635672767,0.0365034281147758,0.0365034281147758,0.009161,1,8.0,0.0154474768876219,1,1,1,W20_N5_mean1x,20,5,1.0,1001,Pitch_hybrid_prediction,/home/tchowdh4/sensor_recovery_project/logs/extracted_csv/baseline_01_hover_ATT.csv,/home/tchowdh4/sensor_recovery_project/prediction_results_v9_trained_hybrid/baseline_01_hover_ATT_trained_hybrid_prediction_outputs.csv,0.0895875635672767,V9_prediction,0.036643999999999996,0.00014057188522410835
8.300012,baseline_01_hover,Pitch,bias,0.036644,1,0.0881358087062835,0.1247798087062835,0.0898481396282847,0.0349316690779988,0.0349316690779988,0.009161,1,9.0,0.0171070646070599,1,1,1,W20_N5_mean1x,20,5,1.0,1001,Pitch_hybrid_prediction,/home/tchowdh4/sensor_recovery_project/logs/extracted_csv/baseline_01_hover_ATT.csv,/home/tchowdh4/sensor_recovery_project/prediction_results_v9_trained_hybrid/baseline_01_hover_ATT_trained_hybrid_prediction_outputs.csv,0.0898481396282847,V9_prediction,0.036643999999999996,0.0017123309220011956
8.399972,baseline_01_hover,Pitch,bias,0.036644,1,0.0876750349998474,0.1243190349998474,0.0923704997258937,0.0319485352739536,0.0319485352739536,0.009161,1,10.0,0.0186876177996003,1,1,1,W20_N5_mean1x,20,5,1.0,1001,Pitch_hybrid_prediction,/home/tchowdh4/sensor_recovery_project/logs/extracted_csv/baseline_01_hover_ATT.csv,/home/tchowdh4/sensor_recovery_project/prediction_results_v9_trained_hybrid/baseline_01_hover_ATT_trained_hybrid_prediction_outputs.csv,0.0923704997258937,V9_prediction,0.036643999999999996,0.004695464726046303
8.499932,baseline_01_hover,Pitch,bias,0.036644,1,0.0871282517910003,0.1237722517910002,0.094260934325874,0.0295113174651262,0.0295113174651262,0.009161,1,11.0,0.0199654002224915,1,1,1,W20_N5_mean1x,20,5,1.0,1001,Pitch_hybrid_prediction,/home/tchowdh4/sensor_recovery_project/logs/extracted_csv/baseline_01_hover_ATT.csv,/home/tchowdh4/sensor_recovery_project/prediction_results_v9_trained_hybrid/baseline_01_hover_ATT_trained_hybrid_prediction_outputs.csv,0.094260934325874,V9_prediction,0.0366439999999999,0.007132682534873702
8.599892,baseline_01_hover,Pitch,bias,0.036644,1,0.0868435204029083,0.1234875204029083,0.0958747760569796,0.0276127443459287,0.0276127443459287,0.009161,1,12.0,0.0213124333550946,1,1,1,W20_N5_mean1x,20,5,1.0,1001,Pitch_hybrid_prediction,/home/tchowdh4/sensor_recovery_project/logs/extracted_csv/baseline_01_hover_ATT.csv,/home/tchowdh4/sensor_recovery_project/prediction_results_v9_trained_hybrid/baseline_01_hover_ATT_trained_hybrid_prediction_outputs.csv,0.0958747760569796,V9_prediction,0.036643999999999996,0.009031255654071299
8.699852,baseline_01_hover,Pitch,bias,0.036644,1,0.0865752696990966,0.1232192696990966,0.0961060825932031,0.0271131871058935,0.0271131871058935,0.009161,1,13.0,0.02259694491205,1,1,1,W20_N5_mean1x,20,5,1.0,1001,Pitch_hybrid_prediction,/home/tchowdh4/sensor_recovery_project/logs/extracted_csv/baseline_01_hover_ATT.csv,/home/tchowdh4/sensor_recovery_project/prediction_results_v9_trained_hybrid/baseline_01_hover_ATT_trained_hybrid_prediction_outputs.csv,0.0961060825932031,V9_prediction,0.03664400000000001,0.009530812894106497
8.799812,baseline_01_hover,Pitch,bias,0.036644,1,0.0865274742245674,0.1231714742245674,0.095418206161411,0.0277532680631563,0.0277532680631563,0.009161,1,14.0,0.0239269026488223,1,1,1,W20_N5_mean1x,20,5,1.0,1001,Pitch_hybrid_prediction,/home/tchowdh4/sensor_recovery_project/logs/extracted_csv/baseline_01_hover_ATT.csv,/home/tchowdh4/sensor_recovery_project/prediction_results_v9_trained_hybrid/baseline_01_hover_ATT_trained_hybrid_prediction_outputs.csv,0.095418206161411,V9_prediction,0.036643999999999996,0.008890731936843602
8.899772,baseline_01_hover,Pitch,bias,0.036644,1,0.0860949680209159,0.1227389680209159,0.0858417594793976,0.0368972085415183,0.0368972085415183,0.009161,1,15.0,0.0254990217605843,1,1,1,W20_N5_mean1x,20,5,1.0,1001,Pitch_hybrid_prediction,/home/tchowdh4/sensor_recovery_project/logs/extracted_csv/baseline_01_hover_ATT.csv,/home/tchowdh4/sensor_recovery_project/prediction_results_v9_trained_hybrid/baseline_01_hover_ATT_trained_hybrid_prediction_outputs.csv,0.0858417594793976,V9_prediction,0.036643999999999996,-0.0002532085415183072
8.999732,baseline_01_hover,Pitch,bias,0.036644,1,0.0860685855150222,0.1227125855150222,0.0828547544620282,0.039857831052994,0.039857831052994,0.009161,1,16.0,0.0274845242012247,1,1,1,W20_N5_mean1x,20,5,1.0,1001,Pitch_hybrid_prediction,/home/tchowdh4/sensor_recovery_project/logs/extracted_csv/baseline_01_hover_ATT.csv,/home/tchowdh4/sensor_recovery_project/prediction_results_v9_trained_hybrid/baseline_01_hover_ATT_trained_hybrid_prediction_outputs.csv,0.0828547544620282,V9_prediction,0.03664400000000001,-0.0032138310529939984
9.099692,baseline_01_hover,Pitch,bias,0.036644,1,0.085706278681755,0.1223502786817549,0.0821341407847651,0.0402161378969899,0.0402161378969899,0.009161,1,17.0,0.0293994187309554,1,1,1,W20_N5_mean1x,20,5,1.0,1001,Pitch_hybrid_prediction,/home/tchowdh4/sensor_recovery_project/logs/extracted_csv/baseline_01_hover_ATT.csv,/home/tchowdh4/sensor_recovery_project/prediction_results_v9_trained_hybrid/baseline_01_hover_ATT_trained_hybrid_prediction_outputs.csv,0.0821341407847651,V9_prediction,0.0366439999999999,-0.003572137896989902
9.199652,baseline_01_hover,Pitch,bias,0.036644,1,0.0857167541980743,0.1223607541980743,0.0828883158399946,0.0394724383580796,0.0394724383580796,0.009161,1,18.0,0.0313405569983016,1,1,1,W20_N5_mean1x,20,5,1.0,1001,Pitch_hybrid_prediction,/home/tchowdh4/sensor_recovery_project/logs/extracted_csv/baseline_01_hover_ATT.csv,/home/tchowdh4/sensor_recovery_project/prediction_results_v9_trained_hybrid/baseline_01_hover_ATT_trained_hybrid_prediction_outputs.csv,0.0828883158399946,V9_prediction,0.036643999999999996,-0.0028284383580796935
9.299612,baseline_01_hover,Pitch,bias,0.036644,1,0.0855045765638351,0.1221485765638351,0.0824400613550024,0.0397085152088327,0.0397085152088327,0.009161,1,19.0,0.033136439332257,1,1,1,W20_N5_mean1x,20,5,1.0,1001,Pitch_hybrid_prediction,/home/tchowdh4/sensor_recovery_project/logs/extracted_csv/baseline_01_hover_ATT.csv,/home/tchowdh4/sensor_recovery_project/prediction_results_v9_trained_hybrid/baseline_01_hover_ATT_trained_hybrid_prediction_outputs.csv,0.0824400613550024,V9_prediction,0.036643999999999996,-0.003064515208832705
9.399572,baseline_01_hover,Pitch,bias,0.036644,1,0.0855427905917167,0.1221867905917166,0.0827083732787327,0.0394784173129839,0.0394784173129839,0.009161,1,20.0,0.0348721683530772,1,1,1,W20_N5_mean1x,20,5,1.0,1001,Pitch_hybrid_prediction,/home/tchowdh4/sensor_recovery_project/logs/extracted_csv/baseline_01_hover_ATT.csv,/home/tchowdh4/sensor_recovery_project/prediction_results_v9_trained_hybrid/baseline_01_hover_ATT_trained_hybrid_prediction_outputs.csv,0.0827083732787327,V9_prediction,0.0366439999999999,-0.0028344173129839917
9.499532,baseline_01_hover,Pitch,bias,0.036644,1,0.0851929411292076,0.1218369411292076,0.0821056691673175,0.03973127196189,0.03973127196189,0.009161,1,20.0,0.0352882826411522,1,1,1,W20_N5_mean1x,20,5,1.0,1001,Pitch_hybrid_prediction,/home/tchowdh4/sensor_recovery_project/logs/extracted_csv/baseline_01_hover_ATT.csv,/home/tchowdh4/sensor_recovery_project/prediction_results_v9_trained_hybrid/baseline_01_hover_ATT_trained_hybrid_prediction_outputs.csv,0.0821056691673175,V9_prediction,0.036643999999999996,-0.003087271961890098
9.599492,baseline_01_hover,Pitch,bias,0.036644,1,0.0851249918341636,0.1217689918341635,0.0833665768256411,0.0384024150085225,0.0384024150085225,0.009161,1,20.0,0.0355201133126746,1,1,1,W20_N5_mean1x,20,5,1.0,1001,Pitch_hybrid_prediction,/home/tchowdh4/sensor_recovery_project/logs/extracted_csv/baseline_01_hover_ATT.csv,/home/tchowdh4/sensor_recovery_project/prediction_results_v9_trained_hybrid/baseline_01_hover_ATT_trained_hybrid_prediction_outputs.csv,0.0833665768256411,V9_prediction,0.0366439999999999,-0.0017584150085225014
9.699452,baseline_01_hover,Pitch,bias,0.036644,1,0.0849136039614677,0.1215576039614677,0.0874168538106979,0.0341407501507698,0.0341407501507698,0.009161,1,20.0,0.0353931766159539,1,1,1,W20_N5_mean1x,20,5,1.0,1001,Pitch_hybrid_prediction,/home/tchowdh4/sensor_recovery_project/logs/extracted_csv/baseline_01_hover_ATT.csv,/home/tchowdh4/sensor_recovery_project/prediction_results_v9_trained_hybrid/baseline_01_hover_ATT_trained_hybrid_prediction_outputs.csv,0.0874168538106979,V9_prediction,0.036643999999999996,0.002503249849230199
9.799412,baseline_01_hover,Pitch,bias,0.036644,1,0.0849457457661628,0.1215897457661628,0.0898359800600974,0.0317537657060654,0.0317537657060654,0.009161,1,20.0,0.035238269580692,1,1,1,W20_N5_mean1x,20,5,1.0,1001,Pitch_hybrid_prediction,/home/tchowdh4/sensor_recovery_project/logs/extracted_csv/baseline_01_hover_ATT.csv,/home/tchowdh4/sensor_recovery_project/prediction_results_v9_trained_hybrid/baseline_01_hover_ATT_trained_hybrid_prediction_outputs.csv,0.0898359800600974,V9_prediction,0.036643999999999996,0.004890234293934592
9.899372,baseline_01_hover,Pitch,bias,0.036644,1,0.0848279669880867,0.1214719669880867,0.0876474924800521,0.0338244745080346,0.0338244745080346,0.009161,1,20.0,0.0351404745404989,1,1,1,W20_N5_mean1x,20,5,1.0,1001,Pitch_hybrid_prediction,/home/tchowdh4/sensor_recovery_project/logs/extracted_csv/baseline_01_hover_ATT.csv,/home/tchowdh4/sensor_recovery_project/prediction_results_v9_trained_hybrid/baseline_01_hover_ATT_trained_hybrid_prediction_outputs.csv,0.0876474924800521,V9_prediction,0.036643999999999996,0.0028195254919654023
9.999332,baseline_01_hover,Pitch,bias,0.036644,1,0.0849875658750534,0.1216315658750534,0.0861444190647565,0.0354871468102969,0.0354871468102969,0.009161,1,20.0,0.0349982424838212,1,1,1,W20_N5_mean1x,20,5,1.0,1001,Pitch_hybrid_prediction,/home/tchowdh4/sensor_recovery_project/logs/extracted_csv/baseline_01_hover_ATT.csv,/home/tchowdh4/sensor_recovery_project/prediction_results_v9_trained_hybrid/baseline_01_hover_ATT_trained_hybrid_prediction_outputs.csv,0.0861444190647565,V9_prediction,0.036643999999999996,0.0011568531897030998
10.099292,baseline_01_hover,Pitch,bias,0.036644,1,0.0850187540054321,0.1216627540054321,0.0843792769017958,0.0372834771036363,0.0372834771036363,0.009161,1,20.0,0.0350813999533723,1,1,1,W20_N5_mean1x,20,5,1.0,1001,Pitch_hybrid_prediction,/home/tchowdh4/sensor_recovery_project/logs/extracted_csv/baseline_01_hover_ATT.csv,/home/tchowdh4/sensor_recovery_project/prediction_results_v9_trained_hybrid/baseline_01_hover_ATT_trained_hybrid_prediction_outputs.csv,0.0843792769017958,V9_prediction,0.036643999999999996,-0.0006394771036363073
10.200085,baseline_01_hover,Pitch,bias,0.036644,1,0.0851095840334892,0.1217535840334892,0.0848266770756288,0.0369269069578604,0.0369269069578604,0.009161,1,20.0,0.0351025738955266,1,1,1,W20_N5_mean1x,20,5,1.0,1001,Pitch_hybrid_prediction,/home/tchowdh4/sensor_recovery_project/logs/extracted_csv/baseline_01_hover_ATT.csv,/home/tchowdh4/sensor_recovery_project/prediction_results_v9_trained_hybrid/baseline_01_hover_ATT_trained_hybrid_prediction_outputs.csv,0.0848266770756288,V9_prediction,0.036643999999999996,-0.00028290695786040154
10.300045,baseline_01_hover,Pitch,bias,0.036644,1,0.085021786391735,0.121665786391735,0.0839625475923635,0.0377032387993715,0.0377032387993715,0.009161,1,20.0,0.0352411523815952,1,1,1,W20_N5_mean1x,20,5,1.0,1001,Pitch_hybrid_prediction,/home/tchowdh4/sensor_recovery_project/logs/extracted_csv/baseline_01_hover_ATT.csv,/home/tchowdh4/sensor_recovery_project/prediction_results_v9_trained_hybrid/baseline_01_hover_ATT_trained_hybrid_prediction_outputs.csv,0.0839625475923635,V9_prediction,0.03664400000000001,-0.0010592387993714897
10.400005,baseline_01_hover,Pitch,bias,0.036644,1,0.0849912986159324,0.1216352986159323,0.0839207811827027,0.0377145174332296,0.0377145174332296,0.009161,1,20.0,0.035529451489559,1,1,1,W20_N5_mean1x,20,5,1.0,1001,Pitch_hybrid_prediction,/home/tchowdh4/sensor_recovery_project/logs/extracted_csv/baseline_01_hover_ATT.csv,/home/tchowdh4/sensor_recovery_project/prediction_results_v9_trained_hybrid/baseline_01_hover_ATT_trained_hybrid_prediction_outputs.csv,0.0839207811827027,V9_prediction,0.0366439999999999,-0.0010705174332296952
10.499965,baseline_01_hover,Pitch,bias,0.036644,1,0.0850713774561882,0.1217153774561882,0.0840193738030587,0.0376960036531295,0.0376960036531295,0.009161,1,20.0,0.0359386857989591,1,1,1,W20_N5_mean1x,20,5,1.0,1001,Pitch_hybrid_prediction,/home/tchowdh4/sensor_recovery_project/logs/extracted_csv/baseline_01_hover_ATT.csv,/home/tchowdh4/sensor_recovery_project/prediction_results_v9_trained_hybrid/baseline_01_hover_ATT_trained_hybrid_prediction_outputs.csv,0.0840193738030587,V9_prediction,0.036643999999999996,-0.0010520036531295046
10.599925,baseline_01_hover,Pitch,bias,0.036644,1,0.0848703682422638,0.1215143682422638,0.0837044969784624,0.0378098712638014,0.0378098712638014,0.009161,1,20.0,0.0364485421448528,1,1,1,W20_N5_mean1x,20,5,1.0,1001,Pitch_hybrid_prediction,/home/tchowdh4/sensor_recovery_project/logs/extracted_csv/baseline_01_hover_ATT.csv,/home/tchowdh4/sensor_recovery_project/prediction_results_v9_trained_hybrid/baseline_01_hover_ATT_trained_hybrid_prediction_outputs.csv,0.0837044969784624,V9_prediction,0.03664400000000001,-0.0011658712638013963
10.699885,baseline_01_hover,Pitch,bias,0.036644,1,0.0848014950752258,0.1214454950752258,0.0835443166269367,0.0379011784482891,0.0379011784482891,0.009161,1,20.0,0.0369879417119726,1,1,1,W20_N5_mean1x,20,5,1.0,1001,Pitch_hybrid_prediction,/home/tchowdh4/sensor_recovery_project/logs/extracted_csv/baseline_01_hover_ATT.csv,/home/tchowdh4/sensor_recovery_project/prediction_results_v9_trained_hybrid/baseline_01_hover_ATT_trained_hybrid_prediction_outputs.csv,0.0835443166269367,V9_prediction,0.036643999999999996,-0.001257178448289098
10.799845,baseline_01_hover,Pitch,bias,0.036644,1,0.084288515150547,0.120932515150547,0.0824857370801854,0.0384467780703616,0.0384467780703616,0.009161,1,20.0,0.0375226172123328,1,1,1,W20_N5_mean1x,20,5,1.0,1001,Pitch_hybrid_prediction,/home/tchowdh4/sensor_recovery_project/logs/extracted_csv/baseline_01_hover_ATT.csv,/home/tchowdh4/sensor_recovery_project/prediction_results_v9_trained_hybrid/baseline_01_hover_ATT_trained_hybrid_prediction_outputs.csv,0.0824857370801854,V9_prediction,0.036643999999999996,-0.0018027780703615964
10.899805,baseline_01_hover,Pitch,bias,0.036644,1,0.0838242843747139,0.1204682843747139,0.0825341027289554,0.0379341816457585,0.0379341816457585,0.009161,1,20.0,0.0375744658675448,1,1,1,W20_N5_mean1x,20,5,1.0,1001,Pitch_hybrid_prediction,/home/tchowdh4/sensor_recovery_project/logs/extracted_csv/baseline_01_hover_ATT.csv,/home/tchowdh4/sensor_recovery_project/prediction_results_v9_trained_hybrid/baseline_01_hover_ATT_trained_hybrid_prediction_outputs.csv,0.0825341027289554,V9_prediction,0.036643999999999996,-0.0012901816457585036
10.999765,baseline_01_hover,Pitch,bias,0.036644,1,0.0832948386669159,0.1199388386669159,0.0818051965514441,0.0381336421154718,0.0381336421154718,0.009161,1,20.0,0.0374882564206687,1,1,1,W20_N5_mean1x,20,5,1.0,1001,Pitch_hybrid_prediction,/home/tchowdh4/sensor_recovery_project/logs/extracted_csv/baseline_01_hover_ATT.csv,/home/tchowdh4/sensor_recovery_project/prediction_results_v9_trained_hybrid/baseline_01_hover_ATT_trained_hybrid_prediction_outputs.csv,0.0818051965514441,V9_prediction,0.03664400000000001,-0.0014896421154717981
11.099725,baseline_01_hover,Pitch,bias,0.036644,1,0.0827341601252555,0.1193781601252555,0.0813535536177295,0.038024606507526,0.038024606507526,0.009161,1,20.0,0.0373786798511955,1,1,1,W20_N5_mean1x,20,5,1.0,1001,Pitch_hybrid_prediction,/home/tchowdh4/sensor_recovery_project/logs/extracted_csv/baseline_01_hover_ATT.csv,/home/tchowdh4/sensor_recovery_project/prediction_results_v9_trained_hybrid/baseline_01_hover_ATT_trained_hybrid_prediction_outputs.csv,0.0813535536177295,V9_prediction,0.036643999999999996,-0.001380606507526
11.199685,baseline_01_hover,Pitch,bias,0.036644,1,0.0820969641208648,0.1187409641208648,0.0806027332076822,0.0381382309131825,0.0381382309131825,0.009161,1,20.0,0.0373119694789507,1,1,1,W20_N5_mean1x,20,5,1.0,1001,Pitch_hybrid_prediction,/home/tchowdh4/sensor_recovery_project/logs/extracted_csv/baseline_01_hover_ATT.csv,/home/tchowdh4/sensor_recovery_project/prediction_results_v9_trained_hybrid/baseline_01_hover_ATT_trained_hybrid_prediction_outputs.csv,0.0806027332076822,V9_prediction,0.036643999999999996,-0.0014942309131825982
11.299645,baseline_01_hover,Pitch,bias,0.036644,1,0.0814816802740097,0.1181256802740097,0.0800869542659006,0.0380387260081091,0.0380387260081091,0.009161,1,20.0,0.0372284800189145,1,1,1,W20_N5_mean1x,20,5,1.0,1001,Pitch_hybrid_prediction,/home/tchowdh4/sensor_recovery_project/logs/extracted_csv/baseline_01_hover_ATT.csv,/home/tchowdh4/sensor_recovery_project/prediction_results_v9_trained_hybrid/baseline_01_hover_ATT_trained_hybrid_prediction_outputs.csv,0.0800869542659006,V9_prediction,0.036643999999999996,-0.0013947260081091095
11.399605,baseline_01_hover,Pitch,bias,0.036644,1,0.0807111784815788,0.1173551784815788,0.0792632691030496,0.0380919093785292,0.0380919093785292,0.009161,1,20.0,0.0371591546221918,1,1,1,W20_N5_mean1x,20,5,1.0,1001,Pitch_hybrid_prediction,/home/tchowdh4/sensor_recovery_project/logs/extracted_csv/baseline_01_hover_ATT.csv,/home/tchowdh4/sensor_recovery_project/prediction_results_v9_trained_hybrid/baseline_01_hover_ATT_trained_hybrid_prediction_outputs.csv,0.0792632691030496,V9_prediction,0.036643999999999996,-0.0014479093785292052
11.499565,baseline_01_hover,Pitch,bias,0.036644,1,0.0799338370561599,0.1165778370561599,0.0788389962731914,0.0377388407829685,0.0377388407829685,0.009161,1,20.0,0.0370595330632457,1,1,1,W20_N5_mean1x,20,5,1.0,1001,Pitch_hybrid_prediction,/home/tchowdh4/sensor_recovery_project/logs/extracted_csv/baseline_01_hover_ATT.csv,/home/tchowdh4/sensor_recovery_project/prediction_results_v9_trained_hybrid/baseline_01_hover_ATT_trained_hybrid_prediction_outputs.csv,0.0788389962731914,V9_prediction,0.036643999999999996,-0.0010948407829685092
11.599525,baseline_01_hover,Pitch,bias,0.036644,1,0.0790275931358337,0.1156715931358337,0.0777471744698801,0.0379244186659536,0.0379244186659536,0.009161,1,20.0,0.0370356332461172,1,1,1,W20_N5_mean1x,20,5,1.0,1001,Pitch_hybrid_prediction,/home/tchowdh4/sensor_recovery_project/logs/extracted_csv/baseline_01_hover_ATT.csv,/home/tchowdh4/sensor_recovery_project/prediction_results_v9_trained_hybrid/baseline_01_hover_ATT_trained_hybrid_prediction_outputs.csv,0.0777471744698801,V9_prediction,0.036643999999999996,-0.0012804186659536032
11.699485,baseline_01_hover,Pitch,bias,0.036644,1,0.0784582123160362,0.1151022123160362,0.0772621952111505,0.0378400171048857,0.0378400171048857,0.009161,1,20.0,0.037220596593823,1,1,1,W20_N5_mean1x,20,5,1.0,1001,Pitch_hybrid_prediction,/home/tchowdh4/sensor_recovery_project/logs/extracted_csv/baseline_01_hover_ATT.csv,/home/tchowdh4/sensor_recovery_project/prediction_results_v9_trained_hybrid/baseline_01_hover_ATT_trained_hybrid_prediction_outputs.csv,0.0772621952111505,V9_prediction,0.03664400000000001,-0.001196017104885691
11.799445,baseline_01_hover,Pitch,bias,0.036644,1,0.0780836343765258,0.1147276343765258,0.0771607334865496,0.0375669008899762,0.0375669008899762,0.009161,1,20.0,0.0375112533530186,1,1,1,W20_N5_mean1x,20,5,1.0,1001,Pitch_hybrid_prediction,/home/tchowdh4/sensor_recovery_project/logs/extracted_csv/baseline_01_hover_ATT.csv,/home/tchowdh4/sensor_recovery_project/prediction_results_v9_trained_hybrid/baseline_01_hover_ATT_trained_hybrid_prediction_outputs.csv,0.0771607334865496,V9_prediction,0.03664400000000001,-0.0009229008899761942
11.899405,baseline_01_hover,Pitch,bias,0.036644,1,0.0774758830666542,0.1141198830666542,0.0760777707947664,0.0380421122718878,0.0380421122718878,0.009161,1,20.0,0.0377221352412112,1,1,1,W20_N5_mean1x,20,5,1.0,1001,Pitch_hybrid_prediction,/home/tchowdh4/sensor_recovery_project/logs/extracted_csv/baseline_01_hover_ATT.csv,/home/tchowdh4/sensor_recovery_project/prediction_results_v9_trained_hybrid/baseline_01_hover_ATT_trained_hybrid_prediction_outputs.csv,0.0760777707947664,V9_prediction,0.036643999999999996,-0.0013981122718878108
11.999365,baseline_01_hover,Pitch,bias,0.036644,1,0.0770701542496681,0.1137141542496681,0.0759586966888729,0.0377554575607952,0.0377554575607952,0.009161,1,20.0,0.0378355507787361,1,1,1,W20_N5_mean1x,20,5,1.0,1001,Pitch_hybrid_prediction,/home/tchowdh4/sensor_recovery_project/logs/extracted_csv/baseline_01_hover_ATT.csv,/home/tchowdh4/sensor_recovery_project/prediction_results_v9_trained_hybrid/baseline_01_hover_ATT_trained_hybrid_prediction_outputs.csv,0.0759586966888729,V9_prediction,0.03664400000000001,-0.0011114575607951982
12.099325,baseline_01_hover,Pitch,bias,0.036644,1,0.076504074037075,0.113148074037075,0.0751588677911829,0.037989206245892,0.037989206245892,0.009161,1,20.0,0.0378708372358489,1,1,1,W20_N5_mean1x,20,5,1.0,1001,Pitch_hybrid_prediction,/home/tchowdh4/sensor_recovery_project/logs/extracted_csv/baseline_01_hover_ATT.csv,/home/tchowdh4/sensor_recovery_project/prediction_results_v9_trained_hybrid/baseline_01_hover_ATT_trained_hybrid_prediction_outputs.csv,0.0751588677911829,V9_prediction,0.036643999999999996,-0.0013452062458921
12.199285,baseline_01_hover,Pitch,bias,0.036644,1,0.0762680992484092,0.1129120992484092,0.0753459153624719,0.0375661838859373,0.0375661838859373,0.009161,1,20.0,0.0379028010822528,1,1,1,W20_N5_mean1x,20,5,1.0,1001,Pitch_hybrid_prediction,/home/tchowdh4/sensor_recovery_project/logs/extracted_csv/baseline_01_hover_ATT.csv,/home/tchowdh4/sensor_recovery_project/prediction_results_v9_trained_hybrid/baseline_01_hover_ATT_trained_hybrid_prediction_outputs.csv,0.0753459153624719,V9_prediction,0.036643999999999996,-0.0009221838859373027
12.300078,baseline_01_hover,Pitch,bias,0.036644,1,0.0760895758867263,0.1127335758867263,0.0749739407138594,0.0377596351728669,0.0377596351728669,0.009161,1,20.0,0.0379056209009276,1,1,1,W20_N5_mean1x,20,5,1.0,1001,Pitch_hybrid_prediction,/home/tchowdh4/sensor_recovery_project/logs/extracted_csv/baseline_01_hover_ATT.csv,/home/tchowdh4/sensor_recovery_project/prediction_results_v9_trained_hybrid/baseline_01_hover_ATT_trained_hybrid_prediction_outputs.csv,0.0749739407138594,V9_prediction,0.03664400000000001,-0.0011156351728668912
12.400038,baseline_01_hover,Pitch,bias,0.036644,1,0.0757538527250289,0.1123978527250288,0.0745948562144118,0.037802996510617,0.037802996510617,0.009161,1,20.0,0.0379100448547969,1,1,1,W20_N5_mean1x,20,5,1.0,1001,Pitch_hybrid_prediction,/home/tchowdh4/sensor_recovery_project/logs/extracted_csv/baseline_01_hover_ATT.csv,/home/tchowdh4/sensor_recovery_project/prediction_results_v9_trained_hybrid/baseline_01_hover_ATT_trained_hybrid_prediction_outputs.csv,0.0745948562144118,V9_prediction,0.0366439999999999,-0.0011589965106170996
12.499998,baseline_01_hover,Pitch,bias,0.036644,1,0.0755399912595748,0.1121839912595748,0.0745323999110684,0.0376515913485064,0.0376515913485064,0.009161,1,20.0,0.0379078242395658,1,1,1,W20_N5_mean1x,20,5,1.0,1001,Pitch_hybrid_prediction,/home/tchowdh4/sensor_recovery_project/logs/extracted_csv/baseline_01_hover_ATT.csv,/home/tchowdh4/sensor_recovery_project/prediction_results_v9_trained_hybrid/baseline_01_hover_ATT_trained_hybrid_prediction_outputs.csv,0.0745323999110684,V9_prediction,0.036643999999999996,-0.0010075913485064064
12.599958,baseline_01_hover,Pitch,bias,0.036644,1,0.0752680599689483,0.1119120599689482,0.0744563648484767,0.0374556951204715,0.0374556951204715,0.009161,1,20.0,0.0378901154323993,1,1,1,W20_N5_mean1x,20,5,1.0,1001,Pitch_hybrid_prediction,/home/tchowdh4/sensor_recovery_project/logs/extracted_csv/baseline_01_hover_ATT.csv,/home/tchowdh4/sensor_recovery_project/prediction_results_v9_trained_hybrid/baseline_01_hover_ATT_trained_hybrid_prediction_outputs.csv,0.0744563648484767,V9_prediction,0.0366439999999999,-0.0008116951204715922
12.699918,baseline_01_hover,Pitch,bias,0.036644,1,0.0749585255980491,0.111602525598049,0.0741230000138207,0.0374795255842283,0.0374795255842283,0.009161,1,20.0,0.0378690327891962,1,1,1,W20_N5_mean1x,20,5,1.0,1001,Pitch_hybrid_prediction,/home/tchowdh4/sensor_recovery_project/logs/extracted_csv/baseline_01_hover_ATT.csv,/home/tchowdh4/sensor_recovery_project/prediction_results_v9_trained_hybrid/baseline_01_hover_ATT_trained_hybrid_prediction_outputs.csv,0.0741230000138207,V9_prediction,0.0366439999999999,-0.0008355255842283915
12.799878,baseline_01_hover,Pitch,bias,0.036644,1,0.0747988149523735,0.1114428149523735,0.0742185135614659,0.0372243013909076,0.0372243013909076,0.009161,1,20.0,0.0378079089552235,1,1,1,W20_N5_mean1x,20,5,1.0,1001,Pitch_hybrid_prediction,/home/tchowdh4/sensor_recovery_project/logs/extracted_csv/baseline_01_hover_ATT.csv,/home/tchowdh4/sensor_recovery_project/prediction_results_v9_trained_hybrid/baseline_01_hover_ATT_trained_hybrid_prediction_outputs.csv,0.0742185135614659,V9_prediction,0.036643999999999996,-0.0005803013909076032
12.899838,baseline_01_hover,Pitch,bias,0.036644,1,0.0746375098824501,0.1112815098824501,0.0738407168964072,0.0374407929860429,0.0374407929860429,0.009161,1,20.0,0.0377832395222378,1,1,1,W20_N5_mean1x,20,5,1.0,1001,Pitch_hybrid_prediction,/home/tchowdh4/sensor_recovery_project/logs/extracted_csv/baseline_01_hover_ATT.csv,/home/tchowdh4/sensor_recovery_project/prediction_results_v9_trained_hybrid/baseline_01_hover_ATT_trained_hybrid_prediction_outputs.csv,0.0738407168964072,V9_prediction,0.036643999999999996,-0.0007967929860429046
12.999798,baseline_01_hover,Pitch,bias,0.036644,1,0.074700653553009,0.111344653553009,0.0740207783321765,0.0373238752208325,0.0373238752208325,0.009161,1,20.0,0.0377427511775058,1,1,1,W20_N5_mean1x,20,5,1.0,1001,Pitch_hybrid_prediction,/home/tchowdh4/sensor_recovery_project/logs/extracted_csv/baseline_01_hover_ATT.csv,/home/tchowdh4/sensor_recovery_project/prediction_results_v9_trained_hybrid/baseline_01_hover_ATT_trained_hybrid_prediction_outputs.csv,0.0740207783321765,V9_prediction,0.036643999999999996,-0.0006798752208325015
13.099758,baseline_01_hover,Pitch,bias,0.036644,1,0.0746636167168617,0.1113076167168617,0.0740452488717797,0.037262367845082,0.037262367845082,0.009161,1,20.0,0.0377046392443836,1,1,1,W20_N5_mean1x,20,5,1.0,1001,Pitch_hybrid_prediction,/home/tchowdh4/sensor_recovery_project/logs/extracted_csv/baseline_01_hover_ATT.csv,/home/tchowdh4/sensor_recovery_project/prediction_results_v9_trained_hybrid/baseline_01_hover_ATT_trained_hybrid_prediction_outputs.csv,0.0740452488717797,V9_prediction,0.036643999999999996,-0.000618367845081999
13.199718,baseline_01_hover,Pitch,bias,0.036644,1,0.0749945417046547,0.1116385417046547,0.0745848581159233,0.0370536835887314,0.0370536835887314,0.009161,1,20.0,0.037650411878161,1,1,1,W20_N5_mean1x,20,5,1.0,1001,Pitch_hybrid_prediction,/home/tchowdh4/sensor_recovery_project/logs/extracted_csv/baseline_01_hover_ATT.csv,/home/tchowdh4/sensor_recovery_project/prediction_results_v9_trained_hybrid/baseline_01_hover_ATT_trained_hybrid_prediction_outputs.csv,0.0745848581159233,V9_prediction,0.03664400000000001,-0.000409683588731391
13.299678,baseline_01_hover,Pitch,bias,0.036644,1,0.0751213058829307,0.1117653058829307,0.0745367611835722,0.0372285446993585,0.0372285446993585,0.009161,1,20.0,0.0376099028127235,1,1,1,W20_N5_mean1x,20,5,1.0,1001,Pitch_hybrid_prediction,/home/tchowdh4/sensor_recovery_project/logs/extracted_csv/baseline_01_hover_ATT.csv,/home/tchowdh4/sensor_recovery_project/prediction_results_v9_trained_hybrid/baseline_01_hover_ATT_trained_hybrid_prediction_outputs.csv,0.0745367611835722,V9_prediction,0.036643999999999996,-0.0005845446993584941
13.399638,baseline_01_hover,Pitch,bias,0.036644,1,0.0755259469151496,0.1121699469151496,0.0751211970108244,0.0370487499043252,0.0370487499043252,0.009161,1,20.0,0.0375577448390133,1,1,1,W20_N5_mean1x,20,5,1.0,1001,Pitch_hybrid_prediction,/home/tchowdh4/sensor_recovery_project/logs/extracted_csv/baseline_01_hover_ATT.csv,/home/tchowdh4/sensor_recovery_project/prediction_results_v9_trained_hybrid/baseline_01_hover_ATT_trained_hybrid_prediction_outputs.csv,0.0751211970108244,V9_prediction,0.036643999999999996,-0.00040474990432520785
13.499598,baseline_01_hover,Pitch,bias,0.036644,1,0.0755385160446167,0.1121825160446167,0.075164768948818,0.0370177470957987,0.0370177470957987,0.009161,1,20.0,0.0375216901546548,1,1,1,W20_N5_mean1x,20,5,1.0,1001,Pitch_hybrid_prediction,/home/tchowdh4/sensor_recovery_project/logs/extracted_csv/baseline_01_hover_ATT.csv,/home/tchowdh4/sensor_recovery_project/prediction_results_v9_trained_hybrid/baseline_01_hover_ATT_trained_hybrid_prediction_outputs.csv,0.075164768948818,V9_prediction,0.036643999999999996,-0.00037374709579869603
13.599558,baseline_01_hover,Pitch,bias,0.036644,1,0.0757655203342437,0.1124095203342437,0.0753097713450441,0.0370997489891996,0.0370997489891996,0.009161,1,20.0,0.0374804566708171,1,1,1,W20_N5_mean1x,20,5,1.0,1001,Pitch_hybrid_prediction,/home/tchowdh4/sensor_recovery_project/logs/extracted_csv/baseline_01_hover_ATT.csv,/home/tchowdh4/sensor_recovery_project/prediction_results_v9_trained_hybrid/baseline_01_hover_ATT_trained_hybrid_prediction_outputs.csv,0.0753097713450441,V9_prediction,0.036643999999999996,-0.00045574898919960305
13.699518,baseline_01_hover,Pitch,bias,0.036644,1,0.0760097801685333,0.1126537801685333,0.0754821420562065,0.0371716381123268,0.0371716381123268,0.009161,1,20.0,0.0374470377211892,1,1,1,W20_N5_mean1x,20,5,1.0,1001,Pitch_hybrid_prediction,/home/tchowdh4/sensor_recovery_project/logs/extracted_csv/baseline_01_hover_ATT.csv,/home/tchowdh4/sensor_recovery_project/prediction_results_v9_trained_hybrid/baseline_01_hover_ATT_trained_hybrid_prediction_outputs.csv,0.0754821420562065,V9_prediction,0.036643999999999996,-0.0005276381123267976
13.799478,baseline_01_hover,Pitch,bias,0.036644,1,0.0764602422714233,0.1131042422714233,0.0761234699845574,0.0369807722868659,0.0369807722868659,0.009161,1,20.0,0.0374177312910337,1,1,1,W20_N5_mean1x,20,5,1.0,1001,Pitch_hybrid_prediction,/home/tchowdh4/sensor_recovery_project/logs/extracted_csv/baseline_01_hover_ATT.csv,/home/tchowdh4/sensor_recovery_project/prediction_results_v9_trained_hybrid/baseline_01_hover_ATT_trained_hybrid_prediction_outputs.csv,0.0761234699845574,V9_prediction,0.036643999999999996,-0.0003367722868659051
13.899438,baseline_01_hover,Pitch,bias,0.036644,1,0.0767059251666069,0.1133499251666069,0.0761153427943072,0.0372345823722997,0.0372345823722997,0.009161,1,20.0,0.0373773547960542,1,1,1,W20_N5_mean1x,20,5,1.0,1001,Pitch_hybrid_prediction,/home/tchowdh4/sensor_recovery_project/logs/extracted_csv/baseline_01_hover_ATT.csv,/home/tchowdh4/sensor_recovery_project/prediction_results_v9_trained_hybrid/baseline_01_hover_ATT_trained_hybrid_prediction_outputs.csv,0.0761153427943072,V9_prediction,0.036643999999999996,-0.0005905823722996972
13.999398,baseline_01_hover,Pitch,bias,0.036644,1,0.0772726014256477,0.1139166014256476,0.0769055246677917,0.0370110767578559,0.0370110767578559,0.009161,1,20.0,0.0373401357559073,1,1,1,W20_N5_mean1x,20,5,1.0,1001,Pitch_hybrid_prediction,/home/tchowdh4/sensor_recovery_project/logs/extracted_csv/baseline_01_hover_ATT.csv,/home/tchowdh4/sensor_recovery_project/prediction_results_v9_trained_hybrid/baseline_01_hover_ATT_trained_hybrid_prediction_outputs.csv,0.0769055246677917,V9_prediction,0.03664399999999991,-0.00036707675785599414
14.099358,baseline_01_hover,Pitch,bias,0.036644,1,0.0774711593985557,0.1141151593985557,0.0770841611437158,0.0370309982548399,0.0370309982548399,0.009161,1,20.0,0.0372922253563547,1,1,1,W20_N5_mean1x,20,5,1.0,1001,Pitch_hybrid_prediction,/home/tchowdh4/sensor_recovery_project/logs/extracted_csv/baseline_01_hover_ATT.csv,/home/tchowdh4/sensor_recovery_project/prediction_results_v9_trained_hybrid/baseline_01_hover_ATT_trained_hybrid_prediction_outputs.csv,0.0770841611437158,V9_prediction,0.036643999999999996,-0.0003869982548398987
14.199318,baseline_01_hover,Pitch,bias,0.036644,1,0.0781243816018104,0.1147683816018104,0.0776752783076496,0.0370931032941608,0.0370931032941608,0.009161,1,20.0,0.0372685713267659,1,1,1,W20_N5_mean1x,20,5,1.0,1001,Pitch_hybrid_prediction,/home/tchowdh4/sensor_recovery_project/logs/extracted_csv/baseline_01_hover_ATT.csv,/home/tchowdh4/sensor_recovery_project/prediction_results_v9_trained_hybrid/baseline_01_hover_ATT_trained_hybrid_prediction_outputs.csv,0.0776752783076496,V9_prediction,0.036643999999999996,-0.0004491032941607992
14.300111,baseline_01_hover,Pitch,bias,0.036644,1,0.0785588473081588,0.1152028473081588,0.0780961238799014,0.0371067234282573,0.0371067234282573,0.009161,1,20.0,0.0372359257395354,1,1,1,W20_N5_mean1x,20,5,1.0,1001,Pitch_hybrid_prediction,/home/tchowdh4/sensor_recovery_project/logs/extracted_csv/baseline_01_hover_ATT.csv,/home/tchowdh4/sensor_recovery_project/prediction_results_v9_trained_hybrid/baseline_01_hover_ATT_trained_hybrid_prediction_outputs.csv,0.0780961238799014,V9_prediction,0.036643999999999996,-0.0004627234282574
14.400071,baseline_01_hover,Pitch,bias,0.036644,1,0.0788996666669845,0.1155436666669845,0.0783585027836105,0.037185163883374,0.037185163883374,0.009161,1,20.0,0.0372050341081732,1,1,1,W20_N5_mean1x,20,5,1.0,1001,Pitch_hybrid_prediction,/home/tchowdh4/sensor_recovery_project/logs/extracted_csv/baseline_01_hover_ATT.csv,/home/tchowdh4/sensor_recovery_project/prediction_results_v9_trained_hybrid/baseline_01_hover_ATT_trained_hybrid_prediction_outputs.csv,0.0783585027836105,V9_prediction,0.036643999999999996,-0.0005411638833739962
14.500031,baseline_01_hover,Pitch,bias,0.036644,1,0.0792667791247367,0.1159107791247367,0.0787926361959663,0.0371181429287704,0.0371181429287704,0.009161,1,20.0,0.0371783616871864,1,1,1,W20_N5_mean1x,20,5,1.0,1001,Pitch_hybrid_prediction,/home/tchowdh4/sensor_recovery_project/logs/extracted_csv/baseline_01_hover_ATT.csv,/home/tchowdh4/sensor_recovery_project/prediction_results_v9_trained_hybrid/baseline_01_hover_ATT_trained_hybrid_prediction_outputs.csv,0.0787926361959663,V9_prediction,0.036643999999999996,-0.00047414292877040465
14.599991,baseline_01_hover,Pitch,bias,0.036644,1,0.0798186361789703,0.1164626361789702,0.0794977372230301,0.0369648989559402,0.0369648989559402,0.009161,1,20.0,0.0371538218789598,1,1,1,W20_N5_mean1x,20,5,1.0,1001,Pitch_hybrid_prediction,/home/tchowdh4/sensor_recovery_project/logs/extracted_csv/baseline_01_hover_ATT.csv,/home/tchowdh4/sensor_recovery_project/prediction_results_v9_trained_hybrid/baseline_01_hover_ATT_trained_hybrid_prediction_outputs.csv,0.0794977372230301,V9_prediction,0.0366439999999999,-0.000320898955940202
14.699951,baseline_01_hover,Pitch,bias,0.036644,1,0.0802883431315422,0.1169323431315422,0.0797405874223287,0.0371917557092135,0.0371917557092135,0.009161,1,20.0,0.0371394333852091,1,1,1,W20_N5_mean1x,20,5,1.0,1001,Pitch_hybrid_prediction,/home/tchowdh4/sensor_recovery_project/logs/extracted_csv/baseline_01_hover_ATT.csv,/home/tchowdh4/sensor_recovery_project/prediction_results_v9_trained_hybrid/baseline_01_hover_ATT_trained_hybrid_prediction_outputs.csv,0.0797405874223287,V9_prediction,0.036643999999999996,-0.0005477557092135044
14.799911,baseline_01_hover,Pitch,bias,0.036644,1,0.0808174610137939,0.1174614610137939,0.0802194637629397,0.0372419972508542,0.0372419972508542,0.009161,1,20.0,0.0371403181782064,1,1,1,W20_N5_mean1x,20,5,1.0,1001,Pitch_hybrid_prediction,/home/tchowdh4/sensor_recovery_project/logs/extracted_csv/baseline_01_hover_ATT.csv,/home/tchowdh4/sensor_recovery_project/prediction_results_v9_trained_hybrid/baseline_01_hover_ATT_trained_hybrid_prediction_outputs.csv,0.0802194637629397,V9_prediction,0.036643999999999996,-0.0005979972508542014
14.899871,baseline_01_hover,Pitch,bias,0.036644,1,0.0814937204122543,0.1181377204122543,0.0811108133825651,0.0370269070296892,0.0370269070296892,0.009161,1,20.0,0.0371196238803888,1,1,1,W20_N5_mean1x,20,5,1.0,1001,Pitch_hybrid_prediction,/home/tchowdh4/sensor_recovery_project/logs/extracted_csv/baseline_01_hover_ATT.csv,/home/tchowdh4/sensor_recovery_project/prediction_results_v9_trained_hybrid/baseline_01_hover_ATT_trained_hybrid_prediction_outputs.csv,0.0811108133825651,V9_prediction,0.036643999999999996,-0.0003829070296892112
14.999831,baseline_01_hover,Pitch,bias,0.036644,0,0.0820374637842178,0.0820374637842178,0.0815621646896522,0.0004752990945656,0.0004752990945656,0.009161,0,19.0,0.0352771950740754,1,1,1,W20_N5_mean1x,20,5,1.0,1001,Pitch_hybrid_prediction,/home/tchowdh4/sensor_recovery_project/logs/extracted_csv/baseline_01_hover_ATT.csv,/home/tchowdh4/sensor_recovery_project/prediction_results_v9_trained_hybrid/baseline_01_hover_ATT_trained_hybrid_prediction_outputs.csv,0.0820374637842178,attacked_measurement,0.0,0.0
15.099791,baseline_01_hover,Pitch,bias,0.036644,0,0.0824527516961097,0.0824527516961097,0.0819706965954141,0.0004820551006955,0.0004820551006955,0.009161,0,18.0,0.0334381794368561,1,1,1,W20_N5_mean1x,20,5,1.0,1001,Pitch_hybrid_prediction,/home/tchowdh4/sensor_recovery_project/logs/extracted_csv/baseline_01_hover_ATT.csv,/home/tchowdh4/sensor_recovery_project/prediction_results_v9_trained_hybrid/baseline_01_hover_ATT_trained_hybrid_prediction_outputs.csv,0.0824527516961097,attacked_measurement,0.0,0.0
15.199751,baseline_01_hover,Pitch,bias,0.036644,0,0.0829995721578598,0.0829995721578598,0.082647366652675,0.0003522055051848,0.0003522055051848,0.009161,0,17.0,0.0316031055326788,1,1,1,W20_N5_mean1x,20,5,1.0,1001,Pitch_hybrid_prediction,/home/tchowdh4/sensor_recovery_project/logs/extracted_csv/baseline_01_hover_ATT.csv,/home/tchowdh4/sensor_recovery_project/prediction_results_v9_trained_hybrid/baseline_01_hover_ATT_trained_hybrid_prediction_outputs.csv,0.0829995721578598,attacked_measurement,0.0,0.0
15.299711,baseline_01_hover,Pitch,bias,0.036644,0,0.083584725856781,0.083584725856781,0.0830478402169785,0.0005368856398025,0.0005368856398025,0.009161,0,16.0,0.029768522579701,1,1,1,W20_N5_mean1x,20,5,1.0,1001,Pitch_hybrid_prediction,/home/tchowdh4/sensor_recovery_project/logs/extracted_csv/baseline_01_hover_ATT.csv,/home/tchowdh4/sensor_recovery_project/prediction_results_v9_trained_hybrid/baseline_01_hover_ATT_trained_hybrid_prediction_outputs.csv,0.083584725856781,attacked_measurement,0.0,0.0
15.399671,baseline_01_hover,Pitch,bias,0.036644,0,0.0841991528868675,0.0841991528868675,0.0837153014950625,0.0004838513918049,0.0004838513918049,0.009161,0,15.0,0.0279402776540749,1,1,1,W20_N5_mean1x,20,5,1.0,1001,Pitch_hybrid_prediction,/home/tchowdh4/sensor_recovery_project/logs/extracted_csv/baseline_01_hover_ATT.csv,/home/tchowdh4/sensor_recovery_project/prediction_results_v9_trained_hybrid/baseline_01_hover_ATT_trained_hybrid_prediction_outputs.csv,0.0841991528868675,attacked_measurement,0.0,0.0
15.499631,baseline_01_hover,Pitch,bias,0.036644,0,0.0847477987408638,0.0847477987408638,0.0841897595270083,0.0005580392138554,0.0005580392138554,0.009161,0,14.0,0.0261172922599778,1,1,1,W20_N5_mean1x,20,5,1.0,1001,Pitch_hybrid_prediction,/home/tchowdh4/sensor_recovery_project/logs/extracted_csv/baseline_01_hover_ATT.csv,/home/tchowdh4/sensor_recovery_project/prediction_results_v9_trained_hybrid/baseline_01_hover_ATT_trained_hybrid_prediction_outputs.csv,0.0847477987408638,attacked_measurement,0.0,0.0
15.599591,baseline_01_hover,Pitch,bias,0.036644,0,0.0852930396795272,0.0852930396795272,0.0848946390000628,0.0003984006794643,0.0003984006794643,0.009161,0,13.0,0.024282224844491,1,1,1,W20_N5_mean1x,20,5,1.0,1001,Pitch_hybrid_prediction,/home/tchowdh4/sensor_recovery_project/logs/extracted_csv/baseline_01_hover_ATT.csv,/home/tchowdh4/sensor_recovery_project/prediction_results_v9_trained_hybrid/baseline_01_hover_ATT_trained_hybrid_prediction_outputs.csv,0.0852930396795272,attacked_measurement,0.0,0.0
15.699551,baseline_01_hover,Pitch,bias,0.036644,0,0.0859874859452247,0.0859874859452247,0.0853786546827887,0.000608831262436,0.000608831262436,0.009161,0,12.0,0.0224540845019965,1,1,1,W20_N5_mean1x,20,5,1.0,1001,Pitch_hybrid_prediction,/home/tchowdh4/sensor_recovery_project/logs/extracted_csv/baseline_01_hover_ATT.csv,/home/tchowdh4/sensor_recovery_project/prediction_results_v9_trained_hybrid/baseline_01_hover_ATT_trained_hybrid_prediction_outputs.csv,0.0859874859452247,attacked_measurement,0.0,0.0
15.799511,baseline_01_hover,Pitch,bias,0.036644,0,0.0865615457296371,0.0865615457296371,0.0861764961984334,0.0003850495312037,0.0003850495312037,0.009161,0,11.0,0.0206242983642134,1,1,1,W20_N5_mean1x,20,5,1.0,1001,Pitch_hybrid_prediction,/home/tchowdh4/sensor_recovery_project/logs/extracted_csv/baseline_01_hover_ATT.csv,/home/tchowdh4/sensor_recovery_project/prediction_results_v9_trained_hybrid/baseline_01_hover_ATT_trained_hybrid_prediction_outputs.csv,0.0865615457296371,attacked_measurement,0.0,0.0
15.899471,baseline_01_hover,Pitch,bias,0.036644,0,0.0870275720953941,0.0870275720953941,0.0863726737030094,0.0006548983923847,0.0006548983923847,0.009161,0,10.0,0.0187953141652176,1,1,1,W20_N5_mean1x,20,5,1.0,1001,Pitch_hybrid_prediction,/home/tchowdh4/sensor_recovery_project/logs/extracted_csv/baseline_01_hover_ATT.csv,/home/tchowdh4/sensor_recovery_project/prediction_results_v9_trained_hybrid/baseline_01_hover_ATT_trained_hybrid_prediction_outputs.csv,0.0870275720953941,attacked_measurement,0.0,0.0
15.999431,baseline_01_hover,Pitch,bias,0.036644,0,0.0875947028398513,0.0875947028398513,0.0871011351588586,0.0004935676809926,0.0004935676809926,0.009161,0,9.0,0.0169694387113745,1,1,1,W20_N5_mean1x,20,5,1.0,1001,Pitch_hybrid_prediction,/home/tchowdh4/sensor_recovery_project/logs/extracted_csv/baseline_01_hover_ATT.csv,/home/tchowdh4/sensor_recovery_project/prediction_results_v9_trained_hybrid/baseline_01_hover_ATT_trained_hybrid_prediction_outputs.csv,0.0875947028398513,attacked_measurement,0.0,0.0
16.099391,baseline_01_hover,Pitch,bias,0.036644,0,0.088026039302349,0.088026039302349,0.0871986667195659,0.000827372582783,0.000827372582783,0.009161,0,8.0,0.0151592574277716,1,1,1,W20_N5_mean1x,20,5,1.0,1001,Pitch_hybrid_prediction,/home/tchowdh4/sensor_recovery_project/logs/extracted_csv/baseline_01_hover_ATT.csv,/home/tchowdh4/sensor_recovery_project/prediction_results_v9_trained_hybrid/baseline_01_hover_ATT_trained_hybrid_prediction_outputs.csv,0.088026039302349,attacked_measurement,0.0,0.0
16.199351,baseline_01_hover,Pitch,bias,0.036644,0,0.0886140540242195,0.0886140540242195,0.0881697497302411,0.0004443042939784,0.0004443042939784,0.009161,0,7.0,0.0133268174777625,1,1,1,W20_N5_mean1x,20,5,1.0,1001,Pitch_hybrid_prediction,/home/tchowdh4/sensor_recovery_project/logs/extracted_csv/baseline_01_hover_ATT.csv,/home/tchowdh4/sensor_recovery_project/prediction_results_v9_trained_hybrid/baseline_01_hover_ATT_trained_hybrid_prediction_outputs.csv,0.0886140540242195,attacked_measurement,0.0,0.0
16.299311,baseline_01_hover,Pitch,bias,0.036644,0,0.0889347046613693,0.0889347046613693,0.0880709527948211,0.0008637518665481,0.0008637518665481,0.009161,0,6.0,0.011514668899677,1,1,1,W20_N5_mean1x,20,5,1.0,1001,Pitch_hybrid_prediction,/home/tchowdh4/sensor_recovery_project/logs/extracted_csv/baseline_01_hover_ATT.csv,/home/tchowdh4/sensor_recovery_project/prediction_results_v9_trained_hybrid/baseline_01_hover_ATT_trained_hybrid_prediction_outputs.csv,0.0889347046613693,attacked_measurement,0.0,0.0
16.400104,baseline_01_hover,Pitch,bias,0.036644,0,0.0895406380295753,0.0895406380295753,0.0891111271286601,0.0004295109009152,0.0004295109009152,0.009161,0,5.0,0.0096768862505541,1,1,1,W20_N5_mean1x,20,5,1.0,1001,Pitch_hybrid_prediction,/home/tchowdh4/sensor_recovery_project/logs/extracted_csv/baseline_01_hover_ATT.csv,/home/tchowdh4/sensor_recovery_project/prediction_results_v9_trained_hybrid/baseline_01_hover_ATT_trained_hybrid_prediction_outputs.csv,0.0895406380295753,attacked_measurement,0.0,0.0
16.500064,baseline_01_hover,Pitch,bias,0.036644,0,0.0898245349526405,0.0898245349526405,0.0890099646329768,0.0008145703196636,0.0008145703196636,0.009161,0,4.0,0.0078617076200988,0,0,0,W20_N5_mean1x,20,5,1.0,1001,Pitch_hybrid_prediction,/home/tchowdh4/sensor_recovery_project/logs/extracted_csv/baseline_01_hover_ATT.csv,/home/tchowdh4/sensor_recovery_project/prediction_results_v9_trained_hybrid/baseline_01_hover_ATT_trained_hybrid_prediction_outputs.csv,0.0898245349526405,attacked_measurement,0.0,0.0
16.600024,baseline_01_hover,Pitch,bias,0.036644,0,0.0902371108531951,0.0902371108531951,0.0895093658560385,0.0007277449971565,0.0007277449971565,0.009161,0,3.0,0.0060498499221596,0,0,0,W20_N5_mean1x,20,5,1.0,1001,Pitch_hybrid_prediction,/home/tchowdh4/sensor_recovery_project/logs/extracted_csv/baseline_01_hover_ATT.csv,/home/tchowdh4/sensor_recovery_project/prediction_results_v9_trained_hybrid/baseline_01_hover_ATT_trained_hybrid_prediction_outputs.csv,0.0902371108531951,attacked_measurement,0.0,0.0
16.699984,baseline_01_hover,Pitch,bias,0.036644,0,0.0909444540739059,0.0909444540739059,0.0906135770315927,0.0003308770423132,0.0003308770423132,0.009161,0,2.0,0.0042068059888146,0,0,0,W20_N5_mean1x,20,5,1.0,1001,Pitch_hybrid_prediction,/home/tchowdh4/sensor_recovery_project/logs/extracted_csv/baseline_01_hover_ATT.csv,/home/tchowdh4/sensor_recovery_project/prediction_results_v9_trained_hybrid/baseline_01_hover_ATT_trained_hybrid_prediction_outputs.csv,0.0909444540739059,attacked_measurement,0.0,0.0
16.799944,baseline_01_hover,Pitch,bias,0.036644,0,0.0916211903095245,0.0916211903095245,0.0908446444892961,0.0007765458202283,0.0007765458202283,0.009161,0,1.0,0.0023835334172833,0,0,0,W20_N5_mean1x,20,5,1.0,1001,Pitch_hybrid_prediction,/home/tchowdh4/sensor_recovery_project/logs/extracted_csv/baseline_01_hover_ATT.csv,/home/tchowdh4/sensor_recovery_project/prediction_results_v9_trained_hybrid/baseline_01_hover_ATT_trained_hybrid_prediction_outputs.csv,0.0916211903095245,attacked_measurement,0.0,0.0
16.899904,baseline_01_hover,Pitch,bias,0.036644,0,0.092099905014038,0.092099905014038,0.0913645962483264,0.0007353087657116,0.0007353087657116,0.009161,0,0.0,0.0005689535040844,0,0,0,W20_N5_mean1x,20,5,1.0,1001,Pitch_hybrid_prediction,/home/tchowdh4/sensor_recovery_project/logs/extracted_csv/baseline_01_hover_ATT.csv,/home/tchowdh4/sensor_recovery_project/prediction_results_v9_trained_hybrid/baseline_01_hover_ATT_trained_hybrid_prediction_outputs.csv,0.092099905014038,attacked_measurement,0.0,0.0
16.999864,baseline_01_hover,Pitch,bias,0.036644,0,0.0925251245498657,0.0925251245498657,0.0917547566088322,0.0007703679410334,0.0007703679410334,0.009161,0,0.0,0.0005837069464078,0,0,0,W20_N5_mean1x,20,5,1.0,1001,Pitch_hybrid_prediction,/home/tchowdh4/sensor_recovery_project/logs/extracted_csv/baseline_01_hover_ATT.csv,/home/tchowdh4/sensor_recovery_project/prediction_results_v9_trained_hybrid/baseline_01_hover_ATT_trained_hybrid_prediction_outputs.csv,0.0925251245498657,attacked_measurement,0.0,0.0
17.099824,baseline_01_hover,Pitch,bias,0.036644,0,0.093082845211029,0.093082845211029,0.0922125297113402,0.0008703154996888,0.0008703154996888,0.009161,0,0.0,0.0006031199663575,0,0,0,W20_N5_mean1x,20,5,1.0,1001,Pitch_hybrid_prediction,/home/tchowdh4/sensor_recovery_project/logs/extracted_csv/baseline_01_hover_ATT.csv,/home/tchowdh4/sensor_recovery_project/prediction_results_v9_trained_hybrid/baseline_01_hover_ATT_trained_hybrid_prediction_outputs.csv,0.093082845211029,attacked_measurement,0.0,0.0
17.199784,baseline_01_hover,Pitch,bias,0.036644,0,0.0936897099018096,0.0936897099018096,0.0929882733500127,0.0007014365517968,0.0007014365517968,0.009161,0,0.0,0.0006205815186881,0,0,0,W20_N5_mean1x,20,5,1.0,1001,Pitch_hybrid_prediction,/home/tchowdh4/sensor_recovery_project/logs/extracted_csv/baseline_01_hover_ATT.csv,/home/tchowdh4/sensor_recovery_project/prediction_results_v9_trained_hybrid/baseline_01_hover_ATT_trained_hybrid_prediction_outputs.csv,0.0936897099018096,attacked_measurement,0.0,0.0
17.299744,baseline_01_hover,Pitch,bias,0.036644,0,0.0939993262290954,0.0939993262290954,0.0930951024638701,0.0009042237652253,0.0009042237652253,0.009161,0,0.0,0.0006389484249592,0,0,0,W20_N5_mean1x,20,5,1.0,1001,Pitch_hybrid_prediction,/home/tchowdh4/sensor_recovery_project/logs/extracted_csv/baseline_01_hover_ATT.csv,/home/tchowdh4/sensor_recovery_project/prediction_results_v9_trained_hybrid/baseline_01_hover_ATT_trained_hybrid_prediction_outputs.csv,0.0939993262290954,attacked_measurement,0.0,0.0
17.399704,baseline_01_hover,Pitch,bias,0.036644,0,0.094423159956932,0.094423159956932,0.0936163439269239,0.000806816030008,0.000806816030008,0.009161,0,0.0,0.0006550966568694,0,0,0,W20_N5_mean1x,20,5,1.0,1001,Pitch_hybrid_prediction,/home/tchowdh4/sensor_recovery_project/logs/extracted_csv/baseline_01_hover_ATT.csv,/home/tchowdh4/sensor_recovery_project/prediction_results_v9_trained_hybrid/baseline_01_hover_ATT_trained_hybrid_prediction_outputs.csv,0.094423159956932,attacked_measurement,0.0,0.0
17.499664,baseline_01_hover,Pitch,bias,0.036644,0,0.0949097722768783,0.0949097722768783,0.0940467465737154,0.0008630257031629,0.0008630257031629,0.009161,0,0.0,0.0006703459813347,0,0,0,W20_N5_mean1x,20,5,1.0,1001,Pitch_hybrid_prediction,/home/tchowdh4/sensor_recovery_project/logs/extracted_csv/baseline_01_hover_ATT.csv,/home/tchowdh4/sensor_recovery_project/prediction_results_v9_trained_hybrid/baseline_01_hover_ATT_trained_hybrid_prediction_outputs.csv,0.0949097722768783,attacked_measurement,0.0,0.0
17.599624,baseline_01_hover,Pitch,bias,0.036644,0,0.0953117460012435,0.0953117460012435,0.0944192446132476,0.0008925013879958,0.0008925013879958,0.009161,0,0.0,0.0006950510167613,0,0,0,W20_N5_mean1x,20,5,1.0,1001,Pitch_hybrid_prediction,/home/tchowdh4/sensor_recovery_project/logs/extracted_csv/baseline_01_hover_ATT.csv,/home/tchowdh4/sensor_recovery_project/prediction_results_v9_trained_hybrid/baseline_01_hover_ATT_trained_hybrid_prediction_outputs.csv,0.0953117460012435,attacked_measurement,0.0,0.0
17.699584,baseline_01_hover,Pitch,bias,0.036644,0,0.0956355556845665,0.0956355556845665,0.0948699826713158,0.0007655730132506,0.0007655730132506,0.009161,0,0.0,0.000702888104302,0,0,0,W20_N5_mean1x,20,5,1.0,1001,Pitch_hybrid_prediction,/home/tchowdh4/sensor_recovery_project/logs/extracted_csv/baseline_01_hover_ATT.csv,/home/tchowdh4/sensor_recovery_project/prediction_results_v9_trained_hybrid/baseline_01_hover_ATT_trained_hybrid_prediction_outputs.csv,0.0956355556845665,attacked_measurement,0.0,0.0
17.799544,baseline_01_hover,Pitch,bias,0.036644,0,0.0959410294890403,0.0959410294890403,0.0952571207906491,0.0006839086983912,0.0006839086983912,0.009161,0,0.0,0.0007178310626614,0,0,0,W20_N5_mean1x,20,5,1.0,1001,Pitch_hybrid_prediction,/home/tchowdh4/sensor_recovery_project/logs/extracted_csv/baseline_01_hover_ATT.csv,/home/tchowdh4/sensor_recovery_project/prediction_results_v9_trained_hybrid/baseline_01_hover_ATT_trained_hybrid_prediction_outputs.csv,0.0959410294890403,attacked_measurement,0.0,0.0
17.899504,baseline_01_hover,Pitch,bias,0.036644,0,0.0964498594403266,0.0964498594403266,0.0955098174064727,0.0009400420338538,0.0009400420338538,0.009161,0,0.0,0.0007320882447349,0,0,0,W20_N5_mean1x,20,5,1.0,1001,Pitch_hybrid_prediction,/home/tchowdh4/sensor_recovery_project/logs/extracted_csv/baseline_01_hover_ATT.csv,/home/tchowdh4/sensor_recovery_project/prediction_results_v9_trained_hybrid/baseline_01_hover_ATT_trained_hybrid_prediction_outputs.csv,0.0964498594403266,attacked_measurement,0.0,0.0
17.999464,baseline_01_hover,Pitch,bias,0.036644,0,0.0969890654087066,0.0969890654087066,0.0958635485784459,0.0011255168302607,0.0011255168302607,0.009161,0,0.0,0.0007636857021983,0,0,0,W20_N5_mean1x,20,5,1.0,1001,Pitch_hybrid_prediction,/home/tchowdh4/sensor_recovery_project/logs/extracted_csv/baseline_01_hover_ATT.csv,/home/tchowdh4/sensor_recovery_project/prediction_results_v9_trained_hybrid/baseline_01_hover_ATT_trained_hybrid_prediction_outputs.csv,0.0969890654087066,attacked_measurement,0.0,0.0
18.099424,baseline_01_hover,Pitch,bias,0.036644,0,0.0971765890717506,0.0971765890717506,0.0961179031256299,0.0010586859461206,0.0010586859461206,0.009161,0,0.0,0.0007752513703651,0,0,0,W20_N5_mean1x,20,5,1.0,1001,Pitch_hybrid_prediction,/home/tchowdh4/sensor_recovery_project/logs/extracted_csv/baseline_01_hover_ATT.csv,/home/tchowdh4/sensor_recovery_project/prediction_results_v9_trained_hybrid/baseline_01_hover_ATT_trained_hybrid_prediction_outputs.csv,0.0971765890717506,attacked_measurement,0.0,0.0
18.199384,baseline_01_hover,Pitch,bias,0.036644,0,0.0975808799266815,0.0975808799266815,0.0968286310393036,0.0007522488873779,0.0007522488873779,0.009161,0,0.0,0.0007906486000351,0,0,0,W20_N5_mean1x,20,5,1.0,1001,Pitch_hybrid_prediction,/home/tchowdh4/sensor_recovery_project/logs/extracted_csv/baseline_01_hover_ATT.csv,/home/tchowdh4/sensor_recovery_project/prediction_results_v9_trained_hybrid/baseline_01_hover_ATT_trained_hybrid_prediction_outputs.csv,0.0975808799266815,attacked_measurement,0.0,0.0
18.299344,baseline_01_hover,Pitch,bias,0.036644,0,0.0977553054690361,0.0977553054690361,0.096594146785329,0.0011611586837071,0.0011611586837071,0.009161,0,0.0,0.0008055189408931,0,0,0,W20_N5_mean1x,20,5,1.0,1001,Pitch_hybrid_prediction,/home/tchowdh4/sensor_recovery_project/logs/extracted_csv/baseline_01_hover_ATT.csv,/home/tchowdh4/sensor_recovery_project/prediction_results_v9_trained_hybrid/baseline_01_hover_ATT_trained_hybrid_prediction_outputs.csv,0.0977553054690361,attacked_measurement,0.0,0.0
18.399304,baseline_01_hover,Pitch,bias,0.036644,0,0.0977471470832824,0.0977471470832824,0.096711471243528,0.0010356758397544,0.0010356758397544,0.009161,0,0.0,0.000835827187835,0,0,0,W20_N5_mean1x,20,5,1.0,1001,Pitch_hybrid_prediction,/home/tchowdh4/sensor_recovery_project/logs/extracted_csv/baseline_01_hover_ATT.csv,/home/tchowdh4/sensor_recovery_project/prediction_results_v9_trained_hybrid/baseline_01_hover_ATT_trained_hybrid_prediction_outputs.csv,0.0977471470832824,attacked_measurement,0.0,0.0
18.500097,baseline_01_hover,Pitch,bias,0.036644,0,0.097672700881958,0.097672700881958,0.0965936523328435,0.0010790485491144,0.0010790485491144,0.009161,0,0.0,0.0008490510993076,0,0,0,W20_N5_mean1x,20,5,1.0,1001,Pitch_hybrid_prediction,/home/tchowdh4/sensor_recovery_project/logs/extracted_csv/baseline_01_hover_ATT.csv,/home/tchowdh4/sensor_recovery_project/prediction_results_v9_trained_hybrid/baseline_01_hover_ATT_trained_hybrid_prediction_outputs.csv,0.097672700881958,attacked_measurement,0.0,0.0
18.600057,baseline_01_hover,Pitch,bias,0.036644,0,0.0980841889977455,0.0980841889977455,0.0973958223496958,0.0006883666480497,0.0006883666480497,0.009161,0,0.0,0.0008470821818522,0,0,0,W20_N5_mean1x,20,5,1.0,1001,Pitch_hybrid_prediction,/home/tchowdh4/sensor_recovery_project/logs/extracted_csv/baseline_01_hover_ATT.csv,/home/tchowdh4/sensor_recovery_project/prediction_results_v9_trained_hybrid/baseline_01_hover_ATT_trained_hybrid_prediction_outputs.csv,0.0980841889977455,attacked_measurement,0.0,0.0
18.700017,baseline_01_hover,Pitch,bias,0.036644,0,0.0984823703765869,0.0984823703765869,0.0972980045861521,0.0011843657904347,0.0011843657904347,0.009161,0,0.0,0.0008897566192583,0,0,0,W20_N5_mean1x,20,5,1.0,1001,Pitch_hybrid_prediction,/home/tchowdh4/sensor_recovery_project/logs/extracted_csv/baseline_01_hover_ATT.csv,/home/tchowdh4/sensor_recovery_project/prediction_results_v9_trained_hybrid/baseline_01_hover_ATT_trained_hybrid_prediction_outputs.csv,0.0984823703765869,attacked_measurement,0.0,0.0
18.799977,baseline_01_hover,Pitch,bias,0.036644,0,0.0987663641571998,0.0987663641571998,0.0977981181614891,0.0009682459957107,0.0009682459957107,0.009161,0,0.0,0.0008993416280324,0,0,0,W20_N5_mean1x,20,5,1.0,1001,Pitch_hybrid_prediction,/home/tchowdh4/sensor_recovery_project/logs/extracted_csv/baseline_01_hover_ATT.csv,/home/tchowdh4/sensor_recovery_project/prediction_results_v9_trained_hybrid/baseline_01_hover_ATT_trained_hybrid_prediction_outputs.csv,0.0987663641571998,attacked_measurement,0.0,0.0
18.899937,baseline_01_hover,Pitch,bias,0.036644,0,0.0990044251084327,0.0990044251084327,0.0981238034450258,0.0008806216634068,0.0008806216634068,0.009161,0,0.0,0.0009066072729172,0,0,0,W20_N5_mean1x,20,5,1.0,1001,Pitch_hybrid_prediction,/home/tchowdh4/sensor_recovery_project/logs/extracted_csv/baseline_01_hover_ATT.csv,/home/tchowdh4/sensor_recovery_project/prediction_results_v9_trained_hybrid/baseline_01_hover_ATT_trained_hybrid_prediction_outputs.csv,0.0990044251084327,attacked_measurement,0.0,0.0
18.999897,baseline_01_hover,Pitch,bias,0.036644,0,0.0992723479866981,0.0992723479866981,0.0983478187704817,0.0009245292162163,0.0009245292162163,0.009161,0,0.0,0.0009143153366763,0,0,0,W20_N5_mean1x,20,5,1.0,1001,Pitch_hybrid_prediction,/home/tchowdh4/sensor_recovery_project/logs/extracted_csv/baseline_01_hover_ATT.csv,/home/tchowdh4/sensor_recovery_project/prediction_results_v9_trained_hybrid/baseline_01_hover_ATT_trained_hybrid_prediction_outputs.csv,0.0992723479866981,attacked_measurement,0.0,0.0
19.099857,baseline_01_hover,Pitch,bias,0.036644,0,0.0993071869015693,0.0993071869015693,0.0978946259804965,0.0014125609210727,0.0014125609210727,0.009161,0,0.0,0.0009414276077455,0,0,0,W20_N5_mean1x,20,5,1.0,1001,Pitch_hybrid_prediction,/home/tchowdh4/sensor_recovery_project/logs/extracted_csv/baseline_01_hover_ATT.csv,/home/tchowdh4/sensor_recovery_project/prediction_results_v9_trained_hybrid/baseline_01_hover_ATT_trained_hybrid_prediction_outputs.csv,0.0993071869015693,attacked_measurement,0.0,0.0
19.199817,baseline_01_hover,Pitch,bias,0.036644,0,0.0993880778551101,0.0993880778551101,0.0982776257817069,0.0011104520734031,0.0011104520734031,0.009161,0,0.0,0.0009618783838258,0,0,0,W20_N5_mean1x,20,5,1.0,1001,Pitch_hybrid_prediction,/home/tchowdh4/sensor_recovery_project/logs/extracted_csv/baseline_01_hover_ATT.csv,/home/tchowdh4/sensor_recovery_project/prediction_results_v9_trained_hybrid/baseline_01_hover_ATT_trained_hybrid_prediction_outputs.csv,0.0993880778551101,attacked_measurement,0.0,0.0
19.299777,baseline_01_hover,Pitch,bias,0.036644,0,0.0996355786919593,0.0996355786919593,0.0987474154932772,0.000888163198682,0.000888163198682,0.009161,0,0.0,0.0009610753554987,0,0,0,W20_N5_mean1x,20,5,1.0,1001,Pitch_hybrid_prediction,/home/tchowdh4/sensor_recovery_project/logs/extracted_csv/baseline_01_hover_ATT.csv,/home/tchowdh4/sensor_recovery_project/prediction_results_v9_trained_hybrid/baseline_01_hover_ATT_trained_hybrid_prediction_outputs.csv,0.0996355786919593,attacked_measurement,0.0,0.0
19.399737,baseline_01_hover,Pitch,bias,0.036644,0,0.0997512936592102,0.0997512936592102,0.0984029436432076,0.0013483500160026,0.0013483500160026,0.009161,0,0.0,0.0009881520547984,0,0,0,W20_N5_mean1x,20,5,1.0,1001,Pitch_hybrid_prediction,/home/tchowdh4/sensor_recovery_project/logs/extracted_csv/baseline_01_hover_ATT.csv,/home/tchowdh4/sensor_recovery_project/prediction_results_v9_trained_hybrid/baseline_01_hover_ATT_trained_hybrid_prediction_outputs.csv,0.0997512936592102,attacked_measurement,0.0,0.0
19.499697,baseline_01_hover,Pitch,bias,0.036644,0,0.0999220311641693,0.0999220311641693,0.0990043375354871,0.0009176936286822,0.0009176936286822,0.009161,0,0.0,0.0009908854510744,0,0,0,W20_N5_mean1x,20,5,1.0,1001,Pitch_hybrid_prediction,/home/tchowdh4/sensor_recovery_project/logs/extracted_csv/baseline_01_hover_ATT.csv,/home/tchowdh4/sensor_recovery_project/prediction_results_v9_trained_hybrid/baseline_01_hover_ATT_trained_hybrid_prediction_outputs.csv,0.0999220311641693,attacked_measurement,0.0,0.0
19.599657,baseline_01_hover,Pitch,bias,0.036644,0,0.1000154986977577,0.1000154986977577,0.0988128386844592,0.0012026600132984,0.0012026600132984,0.009161,0,0.0,0.0010063933823395,0,0,0,W20_N5_mean1x,20,5,1.0,1001,Pitch_hybrid_prediction,/home/tchowdh4/sensor_recovery_project/logs/extracted_csv/baseline_01_hover_ATT.csv,/home/tchowdh4/sensor_recovery_project/prediction_results_v9_trained_hybrid/baseline_01_hover_ATT_trained_hybrid_prediction_outputs.csv,0.1000154986977577,attacked_measurement,0.0,0.0
19.699617,baseline_01_hover,Pitch,bias,0.036644,0,0.0999990701675415,0.0999990701675415,0.098931111434229,0.0010679587333125,0.0010679587333125,0.009161,0,0.0,0.0010215126683426,0,0,0,W20_N5_mean1x,20,5,1.0,1001,Pitch_hybrid_prediction,/home/tchowdh4/sensor_recovery_project/logs/extracted_csv/baseline_01_hover_ATT.csv,/home/tchowdh4/sensor_recovery_project/prediction_results_v9_trained_hybrid/baseline_01_hover_ATT_trained_hybrid_prediction_outputs.csv,0.0999990701675415,attacked_measurement,0.0,0.0
19.799577,baseline_01_hover,Pitch,bias,0.036644,0,0.1003531962633133,0.1003531962633133,0.0992967853326668,0.0010564109306464,0.0010564109306464,0.009161,0,0.0,0.0010401377799554,0,0,0,W20_N5_mean1x,20,5,1.0,1001,Pitch_hybrid_prediction,/home/tchowdh4/sensor_recovery_project/logs/extracted_csv/baseline_01_hover_ATT.csv,/home/tchowdh4/sensor_recovery_project/prediction_results_v9_trained_hybrid/baseline_01_hover_ATT_trained_hybrid_prediction_outputs.csv,0.1003531962633133,attacked_measurement,0.0,0.0
19.899537,baseline_01_hover,Pitch,bias,0.036644,0,0.1004123091697692,0.1004123091697692,0.0989786909836717,0.0014336181860975,0.0014336181860975,0.009161,0,0.0,0.0010648165875675,0,0,0,W20_N5_mean1x,20,5,1.0,1001,Pitch_hybrid_prediction,/home/tchowdh4/sensor_recovery_project/logs/extracted_csv/baseline_01_hover_ATT.csv,/home/tchowdh4/sensor_recovery_project/prediction_results_v9_trained_hybrid/baseline_01_hover_ATT_trained_hybrid_prediction_outputs.csv,0.1004123091697692,attacked_measurement,0.0,0.0
19.999497,baseline_01_hover,Pitch,bias,0.036644,0,0.1004298329353332,0.1004298329353332,0.0992399149598574,0.0011899179754757,0.0011899179754757,0.009161,0,0.0,0.0010680366448283,0,0,0,W20_N5_mean1x,20,5,1.0,1001,Pitch_hybrid_prediction,/home/tchowdh4/sensor_recovery_project/logs/extracted_csv/baseline_01_hover_ATT.csv,/home/tchowdh4/sensor_recovery_project/prediction_results_v9_trained_hybrid/baseline_01_hover_ATT_trained_hybrid_prediction_outputs.csv,0.1004298329353332,attacked_measurement,0.0,0.0
20.099457,baseline_01_hover,Pitch,bias,0.036644,0,0.1003119647502899,0.1003119647502899,0.0986161242266105,0.0016958405236794,0.0016958405236794,0.009161,0,0.0,0.0010998943737062,0,0,0,W20_N5_mean1x,20,5,1.0,1001,Pitch_hybrid_prediction,/home/tchowdh4/sensor_recovery_project/logs/extracted_csv/baseline_01_hover_ATT.csv,/home/tchowdh4/sensor_recovery_project/prediction_results_v9_trained_hybrid/baseline_01_hover_ATT_trained_hybrid_prediction_outputs.csv,0.1003119647502899,attacked_measurement,0.0,0.0
20.199417,baseline_01_hover,Pitch,bias,0.036644,0,0.1003927364945411,0.1003927364945411,0.0991317787148103,0.0012609577797308,0.0012609577797308,0.009161,0,0.0,0.0011253298183239,0,0,0,W20_N5_mean1x,20,5,1.0,1001,Pitch_hybrid_prediction,/home/tchowdh4/sensor_recovery_project/logs/extracted_csv/baseline_01_hover_ATT.csv,/home/tchowdh4/sensor_recovery_project/prediction_results_v9_trained_hybrid/baseline_01_hover_ATT_trained_hybrid_prediction_outputs.csv,0.1003927364945411,attacked_measurement,0.0,0.0
20.299377,baseline_01_hover,Pitch,bias,0.036644,0,0.1002248153090477,0.1002248153090477,0.0989161892023199,0.0013086261067278,0.0013086261067278,0.009161,0,0.0,0.0011327031894749,0,0,0,W20_N5_mean1x,20,5,1.0,1001,Pitch_hybrid_prediction,/home/tchowdh4/sensor_recovery_project/logs/extracted_csv/baseline_01_hover_ATT.csv,/home/tchowdh4/sensor_recovery_project/prediction_results_v9_trained_hybrid/baseline_01_hover_ATT_trained_hybrid_prediction_outputs.csv,0.1002248153090477,attacked_measurement,0.0,0.0
20.399337,baseline_01_hover,Pitch,bias,0.036644,0,0.100353330373764,0.100353330373764,0.0994059610426438,0.0009473693311201,0.0009473693311201,0.009161,0,0.0,0.0011282878640432,0,0,0,W20_N5_mean1x,20,5,1.0,1001,Pitch_hybrid_prediction,/home/tchowdh4/sensor_recovery_project/logs/extracted_csv/baseline_01_hover_ATT.csv,/home/tchowdh4/sensor_recovery_project/prediction_results_v9_trained_hybrid/baseline_01_hover_ATT_trained_hybrid_prediction_outputs.csv,0.100353330373764,attacked_measurement,0.0,0.0
20.499297,baseline_01_hover,Pitch,bias,0.036644,0,0.1003605052828788,0.1003605052828788,0.0988835956794698,0.001476909603409,0.001476909603409,0.009161,0,0.0,0.0011481809167579,0,0,0,W20_N5_mean1x,20,5,1.0,1001,Pitch_hybrid_prediction,/home/tchowdh4/sensor_recovery_project/logs/extracted_csv/baseline_01_hover_ATT.csv,/home/tchowdh4/sensor_recovery_project/prediction_results_v9_trained_hybrid/baseline_01_hover_ATT_trained_hybrid_prediction_outputs.csv,0.1003605052828788,attacked_measurement,0.0,0.0
20.60009,baseline_01_hover,Pitch,bias,0.036644,0,0.1002425476908683,0.1002425476908683,0.0990752398922283,0.0011673077986399,0.0011673077986399,0.009161,0,0.0,0.0011721279742874,0,0,0,W20_N5_mean1x,20,5,1.0,1001,Pitch_hybrid_prediction,/home/tchowdh4/sensor_recovery_project/logs/extracted_csv/baseline_01_hover_ATT.csv,/home/tchowdh4/sensor_recovery_project/prediction_results_v9_trained_hybrid/baseline_01_hover_ATT_trained_hybrid_prediction_outputs.csv,0.1002425476908683,attacked_measurement,0.0,0.0
20.70005,baseline_01_hover,Pitch,bias,0.036644,0,0.100233718752861,0.100233718752861,0.0990342479659231,0.0011994707869378,0.0011994707869378,0.009161,0,0.0,0.0011728832241126,0,0,0,W20_N5_mean1x,20,5,1.0,1001,Pitch_hybrid_prediction,/home/tchowdh4/sensor_recovery_project/logs/extracted_csv/baseline_01_hover_ATT.csv,/home/tchowdh4/sensor_recovery_project/prediction_results_v9_trained_hybrid/baseline_01_hover_ATT_trained_hybrid_prediction_outputs.csv,0.100233718752861,attacked_measurement,0.0,0.0
20.80001,baseline_01_hover,Pitch,bias,0.036644,0,0.0999895930290222,0.0999895930290222,0.0986975567423333,0.0012920362866889,0.0012920362866889,0.009161,0,0.0,0.0011890727386615,0,0,0,W20_N5_mean1x,20,5,1.0,1001,Pitch_hybrid_prediction,/home/tchowdh4/sensor_recovery_project/logs/extracted_csv/baseline_01_hover_ATT.csv,/home/tchowdh4/sensor_recovery_project/prediction_results_v9_trained_hybrid/baseline_01_hover_ATT_trained_hybrid_prediction_outputs.csv,0.0999895930290222,attacked_measurement,0.0,0.0
20.89997,baseline_01_hover,Pitch,bias,0.036644,0,0.1000118851661682,0.1000118851661682,0.0989595928405256,0.0010522923256425,0.0010522923256425,0.009161,0,0.0,0.0011976562717733,0,0,0,W20_N5_mean1x,20,5,1.0,1001,Pitch_hybrid_prediction,/home/tchowdh4/sensor_recovery_project/logs/extracted_csv/baseline_01_hover_ATT.csv,/home/tchowdh4/sensor_recovery_project/prediction_results_v9_trained_hybrid/baseline_01_hover_ATT_trained_hybrid_prediction_outputs.csv,0.1000118851661682,attacked_measurement,0.0,0.0
20.99993,baseline_01_hover,Pitch,bias,0.036644,0,0.0999454110860824,0.0999454110860824,0.0983273277037047,0.0016180833823777,0.0016180833823777,0.009161,0,0.0,0.0012323339800813,0,0,0,W20_N5_mean1x,20,5,1.0,1001,Pitch_hybrid_prediction,/home/tchowdh4/sensor_recovery_project/logs/extracted_csv/baseline_01_hover_ATT.csv,/home/tchowdh4/sensor_recovery_project/prediction_results_v9_trained_hybrid/baseline_01_hover_ATT_trained_hybrid_prediction_outputs.csv,0.0999454110860824,attacked_measurement,0.0,0.0
21.09989,baseline_01_hover,Pitch,bias,0.036644,0,0.0999902784824371,0.0999902784824371,0.0988225884186292,0.0011676900638079,0.0011676900638079,0.009161,0,0.0,0.0012200904372181,0,0,0,W20_N5_mean1x,20,5,1.0,1001,Pitch_hybrid_prediction,/home/tchowdh4/sensor_recovery_project/logs/extracted_csv/baseline_01_hover_ATT.csv,/home/tchowdh4/sensor_recovery_project/prediction_results_v9_trained_hybrid/baseline_01_hover_ATT_trained_hybrid_prediction_outputs.csv,0.0999902784824371,attacked_measurement,0.0,0.0
21.19985,baseline_01_hover,Pitch,bias,0.036644,0,0.099754512310028,0.099754512310028,0.0984454186465643,0.0013090936634637,0.0013090936634637,0.009161,0,0.0,0.0012300225167211,0,0,0,W20_N5_mean1x,20,5,1.0,1001,Pitch_hybrid_prediction,/home/tchowdh4/sensor_recovery_project/logs/extracted_csv/baseline_01_hover_ATT.csv,/home/tchowdh4/sensor_recovery_project/prediction_results_v9_trained_hybrid/baseline_01_hover_ATT_trained_hybrid_prediction_outputs.csv,0.099754512310028,attacked_measurement,0.0,0.0
21.29981,baseline_01_hover,Pitch,bias,0.036644,0,0.0997183546423912,0.0997183546423912,0.098376047902305,0.0013423067400862,0.0013423067400862,0.009161,0,0.0,0.0012527296937913,0,0,0,W20_N5_mean1x,20,5,1.0,1001,Pitch_hybrid_prediction,/home/tchowdh4/sensor_recovery_project/logs/extracted_csv/baseline_01_hover_ATT.csv,/home/tchowdh4/sensor_recovery_project/prediction_results_v9_trained_hybrid/baseline_01_hover_ATT_trained_hybrid_prediction_outputs.csv,0.0997183546423912,attacked_measurement,0.0,0.0
21.39977,baseline_01_hover,Pitch,bias,0.036644,0,0.0998502075672149,0.0998502075672149,0.098750775446748,0.0010994321204668,0.0010994321204668,0.009161,0,0.0,0.0012402837990146,0,0,0,W20_N5_mean1x,20,5,1.0,1001,Pitch_hybrid_prediction,/home/tchowdh4/sensor_recovery_project/logs/extracted_csv/baseline_01_hover_ATT.csv,/home/tchowdh4/sensor_recovery_project/prediction_results_v9_trained_hybrid/baseline_01_hover_ATT_trained_hybrid_prediction_outputs.csv,0.0998502075672149,attacked_measurement,0.0,0.0
21.49973,baseline_01_hover,Pitch,bias,0.036644,0,0.0999121442437172,0.0999121442437172,0.0984462600615964,0.0014658841821207,0.0014658841821207,0.009161,0,0.0,0.0012676933266865,0,0,0,W20_N5_mean1x,20,5,1.0,1001,Pitch_hybrid_prediction,/home/tchowdh4/sensor_recovery_project/logs/extracted_csv/baseline_01_hover_ATT.csv,/home/tchowdh4/sensor_recovery_project/prediction_results_v9_trained_hybrid/baseline_01_hover_ATT_trained_hybrid_prediction_outputs.csv,0.0999121442437172,attacked_measurement,0.0,0.0
21.59969,baseline_01_hover,Pitch,bias,0.036644,0,0.0998321175575256,0.0998321175575256,0.0984823815423986,0.0013497360151269,0.0013497360151269,0.009161,0,0.0,0.0012750471267779,0,0,0,W20_N5_mean1x,20,5,1.0,1001,Pitch_hybrid_prediction,/home/tchowdh4/sensor_recovery_project/logs/extracted_csv/baseline_01_hover_ATT.csv,/home/tchowdh4/sensor_recovery_project/prediction_results_v9_trained_hybrid/baseline_01_hover_ATT_trained_hybrid_prediction_outputs.csv,0.0998321175575256,attacked_measurement,0.0,0.0
21.69965,baseline_01_hover,Pitch,bias,0.036644,0,0.0997500196099281,0.0997500196099281,0.0981075640248942,0.0016424555850338,0.0016424555850338,0.009161,0,0.0,0.001303771969364,0,0,0,W20_N5_mean1x,20,5,1.0,1001,Pitch_hybrid_prediction,/home/tchowdh4/sensor_recovery_project/logs/extracted_csv/baseline_01_hover_ATT.csv,/home/tchowdh4/sensor_recovery_project/prediction_results_v9_trained_hybrid/baseline_01_hover_ATT_trained_hybrid_prediction_outputs.csv,0.0997500196099281,attacked_measurement,0.0,0.0
21.79961,baseline_01_hover,Pitch,bias,0.036644,0,0.0995243117213249,0.0995243117213249,0.0981764398038159,0.001347871917509,0.001347871917509,0.009161,0,0.0,0.0013183450187071,0,0,0,W20_N5_mean1x,20,5,1.0,1001,Pitch_hybrid_prediction,/home/tchowdh4/sensor_recovery_project/logs/extracted_csv/baseline_01_hover_ATT.csv,/home/tchowdh4/sensor_recovery_project/prediction_results_v9_trained_hybrid/baseline_01_hover_ATT_trained_hybrid_prediction_outputs.csv,0.0995243117213249,attacked_measurement,0.0,0.0
21.89957,baseline_01_hover,Pitch,bias,0.036644,0,0.0994385629892349,0.0994385629892349,0.0978088398079341,0.0016297231813007,0.0016297231813007,0.009161,0,0.0,0.0013281502684673,0,0,0,W20_N5_mean1x,20,5,1.0,1001,Pitch_hybrid_prediction,/home/tchowdh4/sensor_recovery_project/logs/extracted_csv/baseline_01_hover_ATT.csv,/home/tchowdh4/sensor_recovery_project/prediction_results_v9_trained_hybrid/baseline_01_hover_ATT_trained_hybrid_prediction_outputs.csv,0.0994385629892349,attacked_measurement,0.0,0.0
21.99953,baseline_01_hover,Pitch,bias,0.036644,0,0.0993395522236824,0.0993395522236824,0.098150722535652,0.0011888296880303,0.0011888296880303,0.009161,0,0.0,0.001328095854095,0,0,0,W20_N5_mean1x,20,5,1.0,1001,Pitch_hybrid_prediction,/home/tchowdh4/sensor_recovery_project/logs/extracted_csv/baseline_01_hover_ATT.csv,/home/tchowdh4/sensor_recovery_project/prediction_results_v9_trained_hybrid/baseline_01_hover_ATT_trained_hybrid_prediction_outputs.csv,0.0993395522236824,attacked_measurement,0.0,0.0
22.09949,baseline_01_hover,Pitch,bias,0.036644,0,0.0992294773459434,0.0992294773459434,0.097930326194076,0.0012991511518673,0.0012991511518673,0.009161,0,0.0,0.0013082613855044,0,0,0,W20_N5_mean1x,20,5,1.0,1001,Pitch_hybrid_prediction,/home/tchowdh4/sensor_recovery_project/logs/extracted_csv/baseline_01_hover_ATT.csv,/home/tchowdh4/sensor_recovery_project/prediction_results_v9_trained_hybrid/baseline_01_hover_ATT_trained_hybrid_prediction_outputs.csv,0.0992294773459434,attacked_measurement,0.0,0.0
22.19945,baseline_01_hover,Pitch,bias,0.036644,0,0.0992143750190734,0.0992143750190734,0.0979899703031255,0.0012244047159478,0.0012244047159478,0.009161,0,0.0,0.0013064337323152,0,0,0,W20_N5_mean1x,20,5,1.0,1001,Pitch_hybrid_prediction,/home/tchowdh4/sensor_recovery_project/logs/extracted_csv/baseline_01_hover_ATT.csv,/home/tchowdh4/sensor_recovery_project/prediction_results_v9_trained_hybrid/baseline_01_hover_ATT_trained_hybrid_prediction_outputs.csv,0.0992143750190734,attacked_measurement,0.0,0.0
22.29941,baseline_01_hover,Pitch,bias,0.036644,0,0.099222294986248,0.099222294986248,0.0978904568869409,0.0013318380993071,0.0013318380993071,0.009161,0,0.0,0.0013075943319442,0,0,0,W20_N5_mean1x,20,5,1.0,1001,Pitch_hybrid_prediction,/home/tchowdh4/sensor_recovery_project/logs/extracted_csv/baseline_01_hover_ATT.csv,/home/tchowdh4/sensor_recovery_project/prediction_results_v9_trained_hybrid/baseline_01_hover_ATT_trained_hybrid_prediction_outputs.csv,0.099222294986248,attacked_measurement,0.0,0.0
22.39937,baseline_01_hover,Pitch,bias,0.036644,0,0.0991010442376136,0.0991010442376136,0.0978287048564005,0.0012723393812131,0.0012723393812131,0.009161,0,0.0,0.0013238428344489,0,0,0,W20_N5_mean1x,20,5,1.0,1001,Pitch_hybrid_prediction,/home/tchowdh4/sensor_recovery_project/logs/extracted_csv/baseline_01_hover_ATT.csv,/home/tchowdh4/sensor_recovery_project/prediction_results_v9_trained_hybrid/baseline_01_hover_ATT_trained_hybrid_prediction_outputs.csv,0.0991010442376136,attacked_measurement,0.0,0.0
22.49933,baseline_01_hover,Pitch,bias,0.036644,0,0.0991856753826141,0.0991856753826141,0.0980715679586753,0.0011141074239387,0.0011141074239387,0.009161,0,0.0,0.0013057027254753,0,0,0,W20_N5_mean1x,20,5,1.0,1001,Pitch_hybrid_prediction,/home/tchowdh4/sensor_recovery_project/logs/extracted_csv/baseline_01_hover_ATT.csv,/home/tchowdh4/sensor_recovery_project/prediction_results_v9_trained_hybrid/baseline_01_hover_ATT_trained_hybrid_prediction_outputs.csv,0.0991856753826141,attacked_measurement,0.0,0.0
22.59929,baseline_01_hover,Pitch,bias,0.036644,0,0.0990226417779922,0.0990226417779922,0.097785297763601,0.0012373440143912,0.0012373440143912,0.009161,0,0.0,0.0013092045362629,0,0,0,W20_N5_mean1x,20,5,1.0,1001,Pitch_hybrid_prediction,/home/tchowdh4/sensor_recovery_project/logs/extracted_csv/baseline_01_hover_ATT.csv,/home/tchowdh4/sensor_recovery_project/prediction_results_v9_trained_hybrid/baseline_01_hover_ATT_trained_hybrid_prediction_outputs.csv,0.0990226417779922,attacked_measurement,0.0,0.0
22.700083,baseline_01_hover,Pitch,bias,0.036644,0,0.0990562960505485,0.0990562960505485,0.0977117938248628,0.0013445022256857,0.0013445022256857,0.009161,0,0.0,0.0013164561082003,0,0,0,W20_N5_mean1x,20,5,1.0,1001,Pitch_hybrid_prediction,/home/tchowdh4/sensor_recovery_project/logs/extracted_csv/baseline_01_hover_ATT.csv,/home/tchowdh4/sensor_recovery_project/prediction_results_v9_trained_hybrid/baseline_01_hover_ATT_trained_hybrid_prediction_outputs.csv,0.0990562960505485,attacked_measurement,0.0,0.0
22.800043,baseline_01_hover,Pitch,bias,0.036644,0,0.0992483124136924,0.0992483124136924,0.0980833948075482,0.0011649176061442,0.0011649176061442,0.009161,0,0.0,0.0013101001741731,0,0,0,W20_N5_mean1x,20,5,1.0,1001,Pitch_hybrid_prediction,/home/tchowdh4/sensor_recovery_project/logs/extracted_csv/baseline_01_hover_ATT.csv,/home/tchowdh4/sensor_recovery_project/prediction_results_v9_trained_hybrid/baseline_01_hover_ATT_trained_hybrid_prediction_outputs.csv,0.0992483124136924,attacked_measurement,0.0,0.0
22.900003,baseline_01_hover,Pitch,bias,0.036644,0,0.0991490557789802,0.0991490557789802,0.0979825382946375,0.0011665174843426,0.0011665174843426,0.009161,0,0.0,0.0013158114321081,0,0,0,W20_N5_mean1x,20,5,1.0,1001,Pitch_hybrid_prediction,/home/tchowdh4/sensor_recovery_project/logs/extracted_csv/baseline_01_hover_ATT.csv,/home/tchowdh4/sensor_recovery_project/prediction_results_v9_trained_hybrid/baseline_01_hover_ATT_trained_hybrid_prediction_outputs.csv,0.0991490557789802,attacked_measurement,0.0,0.0
22.999963,baseline_01_hover,Pitch,bias,0.036644,0,0.0988431572914123,0.0988431572914123,0.0973511656735925,0.0014919916178197,0.0014919916178197,0.009161,0,0.0,0.0013095068438802,0,0,0,W20_N5_mean1x,20,5,1.0,1001,Pitch_hybrid_prediction,/home/tchowdh4/sensor_recovery_project/logs/extracted_csv/baseline_01_hover_ATT.csv,/home/tchowdh4/sensor_recovery_project/prediction_results_v9_trained_hybrid/baseline_01_hover_ATT_trained_hybrid_prediction_outputs.csv,0.0988431572914123,attacked_measurement,0.0,0.0
23.099923,baseline_01_hover,Pitch,bias,0.036644,0,0.0985481217503547,0.0985481217503547,0.0971365003276772,0.0014116214226774,0.0014116214226774,0.009161,0,0.0,0.0013217034118237,0,0,0,W20_N5_mean1x,20,5,1.0,1001,Pitch_hybrid_prediction,/home/tchowdh4/sensor_recovery_project/logs/extracted_csv/baseline_01_hover_ATT.csv,/home/tchowdh4/sensor_recovery_project/prediction_results_v9_trained_hybrid/baseline_01_hover_ATT_trained_hybrid_prediction_outputs.csv,0.0985481217503547,attacked_measurement,0.0,0.0
23.199883,baseline_01_hover,Pitch,bias,0.036644,0,0.0983589515089988,0.0983589515089988,0.0972237787020531,0.0011351728069456,0.0011351728069456,0.009161,0,0.0,0.0013130073689978,0,0,0,W20_N5_mean1x,20,5,1.0,1001,Pitch_hybrid_prediction,/home/tchowdh4/sensor_recovery_project/logs/extracted_csv/baseline_01_hover_ATT.csv,/home/tchowdh4/sensor_recovery_project/prediction_results_v9_trained_hybrid/baseline_01_hover_ATT_trained_hybrid_prediction_outputs.csv,0.0983589515089988,attacked_measurement,0.0,0.0
23.299843,baseline_01_hover,Pitch,bias,0.036644,0,0.0980163067579269,0.0980163067579269,0.0967998068337164,0.0012164999242104,0.0012164999242104,0.009161,0,0.0,0.001306717028204,0,0,0,W20_N5_mean1x,20,5,1.0,1001,Pitch_hybrid_prediction,/home/tchowdh4/sensor_recovery_project/logs/extracted_csv/baseline_01_hover_ATT.csv,/home/tchowdh4/sensor_recovery_project/prediction_results_v9_trained_hybrid/baseline_01_hover_ATT_trained_hybrid_prediction_outputs.csv,0.0980163067579269,attacked_measurement,0.0,0.0
23.399803,baseline_01_hover,Pitch,bias,0.036644,0,0.0980758816003799,0.0980758816003799,0.0969277124754046,0.0011481691249752,0.0011481691249752,0.009161,0,0.0,0.0013091538784294,0,0,0,W20_N5_mean1x,20,5,1.0,1001,Pitch_hybrid_prediction,/home/tchowdh4/sensor_recovery_project/logs/extracted_csv/baseline_01_hover_ATT.csv,/home/tchowdh4/sensor_recovery_project/prediction_results_v9_trained_hybrid/baseline_01_hover_ATT_trained_hybrid_prediction_outputs.csv,0.0980758816003799,attacked_measurement,0.0,0.0
23.499763,baseline_01_hover,Pitch,bias,0.036644,0,0.0979658290743827,0.0979658290743827,0.0965079890514671,0.0014578400229156,0.0014578400229156,0.009161,0,0.0,0.0013087516704691,0,0,0,W20_N5_mean1x,20,5,1.0,1001,Pitch_hybrid_prediction,/home/tchowdh4/sensor_recovery_project/logs/extracted_csv/baseline_01_hover_ATT.csv,/home/tchowdh4/sensor_recovery_project/prediction_results_v9_trained_hybrid/baseline_01_hover_ATT_trained_hybrid_prediction_outputs.csv,0.0979658290743827,attacked_measurement,0.0,0.0
23.599723,baseline_01_hover,Pitch,bias,0.036644,0,0.0981360748410224,0.0981360748410224,0.0972239775473314,0.0009120972936909,0.0009120972936909,0.009161,0,0.0,0.0012868697343973,0,0,0,W20_N5_mean1x,20,5,1.0,1001,Pitch_hybrid_prediction,/home/tchowdh4/sensor_recovery_project/logs/extracted_csv/baseline_01_hover_ATT.csv,/home/tchowdh4/sensor_recovery_project/prediction_results_v9_trained_hybrid/baseline_01_hover_ATT_trained_hybrid_prediction_outputs.csv,0.0981360748410224,attacked_measurement,0.0,0.0
23.699683,baseline_01_hover,Pitch,bias,0.036644,0,0.0979706048965454,0.0979706048965454,0.0967800135355589,0.0011905913609864,0.0011905913609864,0.009161,0,0.0,0.001264276523195,0,0,0,W20_N5_mean1x,20,5,1.0,1001,Pitch_hybrid_prediction,/home/tchowdh4/sensor_recovery_project/logs/extracted_csv/baseline_01_hover_ATT.csv,/home/tchowdh4/sensor_recovery_project/prediction_results_v9_trained_hybrid/baseline_01_hover_ATT_trained_hybrid_prediction_outputs.csv,0.0979706048965454,attacked_measurement,0.0,0.0
23.799643,baseline_01_hover,Pitch,bias,0.036644,0,0.0980347320437431,0.0980347320437431,0.0971290361135449,0.0009056959301982,0.0009056959301982,0.009161,0,0.0,0.0012421677238294,0,0,0,W20_N5_mean1x,20,5,1.0,1001,Pitch_hybrid_prediction,/home/tchowdh4/sensor_recovery_project/logs/extracted_csv/baseline_01_hover_ATT.csv,/home/tchowdh4/sensor_recovery_project/prediction_results_v9_trained_hybrid/baseline_01_hover_ATT_trained_hybrid_prediction_outputs.csv,0.0980347320437431,attacked_measurement,0.0,0.0
23.899603,baseline_01_hover,Pitch,bias,0.036644,0,0.0980477631092071,0.0980477631092071,0.0966115973575342,0.0014361657516728,0.0014361657516728,0.009161,0,0.0,0.001232489852348,0,0,0,W20_N5_mean1x,20,5,1.0,1001,Pitch_hybrid_prediction,/home/tchowdh4/sensor_recovery_project/logs/extracted_csv/baseline_01_hover_ATT.csv,/home/tchowdh4/sensor_recovery_project/prediction_results_v9_trained_hybrid/baseline_01_hover_ATT_trained_hybrid_prediction_outputs.csv,0.0980477631092071,attacked_measurement,0.0,0.0
23.999563,baseline_01_hover,Pitch,bias,0.036644,0,0.0978300422430038,0.0978300422430038,0.0968248976305805,0.0010051446124233,0.0010051446124233,0.009161,0,0.0,0.0012233055985677,0,0,0,W20_N5_mean1x,20,5,1.0,1001,Pitch_hybrid_prediction,/home/tchowdh4/sensor_recovery_project/logs/extracted_csv/baseline_01_hover_ATT.csv,/home/tchowdh4/sensor_recovery_project/prediction_results_v9_trained_hybrid/baseline_01_hover_ATT_trained_hybrid_prediction_outputs.csv,0.0978300422430038,attacked_measurement,0.0,0.0
24.099523,baseline_01_hover,Pitch,bias,0.036644,0,0.0979670137166976,0.0979670137166976,0.0965730103060135,0.0013940034106841,0.0013940034106841,0.009161,0,0.0,0.0012280482115085,0,0,0,W20_N5_mean1x,20,5,1.0,1001,Pitch_hybrid_prediction,/home/tchowdh4/sensor_recovery_project/logs/extracted_csv/baseline_01_hover_ATT.csv,/home/tchowdh4/sensor_recovery_project/prediction_results_v9_trained_hybrid/baseline_01_hover_ATT_trained_hybrid_prediction_outputs.csv,0.0979670137166976,attacked_measurement,0.0,0.0
24.199483,baseline_01_hover,Pitch,bias,0.036644,0,0.097769871354103,0.097769871354103,0.096372332871024,0.001397538483079,0.001397538483079,0.009161,0,0.0,0.0012367048998651,0,0,0,W20_N5_mean1x,20,5,1.0,1001,Pitch_hybrid_prediction,/home/tchowdh4/sensor_recovery_project/logs/extracted_csv/baseline_01_hover_ATT.csv,/home/tchowdh4/sensor_recovery_project/prediction_results_v9_trained_hybrid/baseline_01_hover_ATT_trained_hybrid_prediction_outputs.csv,0.097769871354103,attacked_measurement,0.0,0.0
24.299443,baseline_01_hover,Pitch,bias,0.036644,0,0.0976812914013862,0.0976812914013862,0.0967164929231982,0.000964798478188,0.000964798478188,0.009161,0,0.0,0.0012183529188091,0,0,0,W20_N5_mean1x,20,5,1.0,1001,Pitch_hybrid_prediction,/home/tchowdh4/sensor_recovery_project/logs/extracted_csv/baseline_01_hover_ATT.csv,/home/tchowdh4/sensor_recovery_project/prediction_results_v9_trained_hybrid/baseline_01_hover_ATT_trained_hybrid_prediction_outputs.csv,0.0976812914013862,attacked_measurement,0.0,0.0
24.399403,baseline_01_hover,Pitch,bias,0.036644,0,0.097615547478199,0.097615547478199,0.0964390439477932,0.0011765035304058,0.0011765035304058,0.009161,0,0.0,0.0012135611262687,0,0,0,W20_N5_mean1x,20,5,1.0,1001,Pitch_hybrid_prediction,/home/tchowdh4/sensor_recovery_project/logs/extracted_csv/baseline_01_hover_ATT.csv,/home/tchowdh4/sensor_recovery_project/prediction_results_v9_trained_hybrid/baseline_01_hover_ATT_trained_hybrid_prediction_outputs.csv,0.097615547478199,attacked_measurement,0.0,0.0
24.499363,baseline_01_hover,Pitch,bias,0.036644,0,0.0974812135100364,0.0974812135100364,0.0961871266729085,0.0012940868371278,0.0012940868371278,0.009161,0,0.0,0.0012225600969282,0,0,0,W20_N5_mean1x,20,5,1.0,1001,Pitch_hybrid_prediction,/home/tchowdh4/sensor_recovery_project/logs/extracted_csv/baseline_01_hover_ATT.csv,/home/tchowdh4/sensor_recovery_project/prediction_results_v9_trained_hybrid/baseline_01_hover_ATT_trained_hybrid_prediction_outputs.csv,0.0974812135100364,attacked_measurement,0.0,0.0
24.599323,baseline_01_hover,Pitch,bias,0.036644,0,0.0973368138074874,0.0973368138074874,0.0957036383372754,0.001633175470212,0.001633175470212,0.009161,0,0.0,0.0012423516697192,0,0,0,W20_N5_mean1x,20,5,1.0,1001,Pitch_hybrid_prediction,/home/tchowdh4/sensor_recovery_project/logs/extracted_csv/baseline_01_hover_ATT.csv,/home/tchowdh4/sensor_recovery_project/prediction_results_v9_trained_hybrid/baseline_01_hover_ATT_trained_hybrid_prediction_outputs.csv,0.0973368138074874,attacked_measurement,0.0,0.0
24.700116,baseline_01_hover,Pitch,bias,0.036644,0,0.0969326421618461,0.0969326421618461,0.0958694182132611,0.001063223948585,0.001063223948585,0.009161,0,0.0,0.0012282877558642,0,0,0,W20_N5_mean1x,20,5,1.0,1001,Pitch_hybrid_prediction,/home/tchowdh4/sensor_recovery_project/logs/extracted_csv/baseline_01_hover_ATT.csv,/home/tchowdh4/sensor_recovery_project/prediction_results_v9_trained_hybrid/baseline_01_hover_ATT_trained_hybrid_prediction_outputs.csv,0.0969326421618461,attacked_measurement,0.0,0.0
24.800076,baseline_01_hover,Pitch,bias,0.036644,0,0.0968552008271217,0.0968552008271217,0.09585198532676,0.0010032155003617,0.0010032155003617,0.009161,0,0.0,0.0012202026505751,0,0,0,W20_N5_mean1x,20,5,1.0,1001,Pitch_hybrid_prediction,/home/tchowdh4/sensor_recovery_project/logs/extracted_csv/baseline_01_hover_ATT.csv,/home/tchowdh4/sensor_recovery_project/prediction_results_v9_trained_hybrid/baseline_01_hover_ATT_trained_hybrid_prediction_outputs.csv,0.0968552008271217,attacked_measurement,0.0,0.0
24.900036,baseline_01_hover,Pitch,bias,0.036644,0,0.0969883874058723,0.0969883874058723,0.0959101682679486,0.0010782191379237,0.0010782191379237,0.009161,0,0.0,0.0012157877332541,0,0,0,W20_N5_mean1x,20,5,1.0,1001,Pitch_hybrid_prediction,/home/tchowdh4/sensor_recovery_project/logs/extracted_csv/baseline_01_hover_ATT.csv,/home/tchowdh4/sensor_recovery_project/prediction_results_v9_trained_hybrid/baseline_01_hover_ATT_trained_hybrid_prediction_outputs.csv,0.0969883874058723,attacked_measurement,0.0,0.0
