x,Baseline,Axis,AttackType,AttackMagnitude,AttackActive,CleanFuture_Yaw,AttackedFuture_Yaw,V9PredictedFuture_Yaw,Residual_Yaw,AbsResidual_Yaw,Threshold,PointDetectionFlag,WindowCount,RollingMeanAbsResidual,WindowCountFlag,WindowMeanFlag,WindowCombinedFlag,WindowRule,W,N,RollingMeanMultiplier,AlignmentOffset,PredictionColumn,CleanFile,PredictionFile
0.0,baseline_04_yaw_rotation,Yaw,ramp,0.022782,0,172.5936737060547,172.5936737060547,172.59325408935547,0.00041961669921875,0.00041961669921875,0.003797,0,0.0,0.00041961669921875,0,0,0,W30_N8_mean1.25x,30,8,1.25,1477,Yaw_hybrid_prediction,/home/tchowdh4/sensor_recovery_project/logs/extracted_csv/baseline_04_yaw_rotation_ATT.csv,/home/tchowdh4/sensor_recovery_project/prediction_results_v9_trained_hybrid/baseline_04_yaw_rotation_ATT_trained_hybrid_prediction_outputs.csv
0.100793,baseline_04_yaw_rotation,Yaw,ramp,0.022782,0,172.59327697753906,172.59327697753906,172.5930587768555,0.00021820068357669697,0.00021820068357669697,0.003797,0,0.0,0.0003189086913977235,0,0,0,W30_N8_mean1.25x,30,8,1.25,1477,Yaw_hybrid_prediction,/home/tchowdh4/sensor_recovery_project/logs/extracted_csv/baseline_04_yaw_rotation_ATT.csv,/home/tchowdh4/sensor_recovery_project/prediction_results_v9_trained_hybrid/baseline_04_yaw_rotation_ATT_trained_hybrid_prediction_outputs.csv
0.200753,baseline_04_yaw_rotation,Yaw,ramp,0.022782,0,172.59251403808594,172.59251403808594,172.59209442138672,0.00041961669921875,0.00041961669921875,0.003797,0,0.0,0.00035247802733806566,0,0,0,W30_N8_mean1.25x,30,8,1.25,1477,Yaw_hybrid_prediction,/home/tchowdh4/sensor_recovery_project/logs/extracted_csv/baseline_04_yaw_rotation_ATT.csv,/home/tchowdh4/sensor_recovery_project/prediction_results_v9_trained_hybrid/baseline_04_yaw_rotation_ATT_trained_hybrid_prediction_outputs.csv
0.300713,baseline_04_yaw_rotation,Yaw,ramp,0.022782,0,172.5924530029297,172.5924530029297,172.59241943359376,3.3569335926131316e-05,3.3569335926131316e-05,0.003797,0,0.0,0.00027275085448508207,0,0,0,W30_N8_mean1.25x,30,8,1.25,1477,Yaw_hybrid_prediction,/home/tchowdh4/sensor_recovery_project/logs/extracted_csv/baseline_04_yaw_rotation_ATT.csv,/home/tchowdh4/sensor_recovery_project/prediction_results_v9_trained_hybrid/baseline_04_yaw_rotation_ATT_trained_hybrid_prediction_outputs.csv
0.400673,baseline_04_yaw_rotation,Yaw,ramp,0.022782,0,172.59283447265625,172.59283447265625,172.59304428100586,-0.000209808349609375,0.000209808349609375,0.003797,0,0.0,0.00026016235350994065,0,0,0,W30_N8_mean1.25x,30,8,1.25,1477,Yaw_hybrid_prediction,/home/tchowdh4/sensor_recovery_project/logs/extracted_csv/baseline_04_yaw_rotation_ATT.csv,/home/tchowdh4/sensor_recovery_project/prediction_results_v9_trained_hybrid/baseline_04_yaw_rotation_ATT_trained_hybrid_prediction_outputs.csv
0.500633,baseline_04_yaw_rotation,Yaw,ramp,0.022782,0,172.59323120117188,172.59323120117188,172.59344940185548,-0.00021820068360511868,0.00021820068360511868,0.003797,0,0.0,0.000253168741859137,0,0,0,W30_N8_mean1.25x,30,8,1.25,1477,Yaw_hybrid_prediction,/home/tchowdh4/sensor_recovery_project/logs/extracted_csv/baseline_04_yaw_rotation_ATT.csv,/home/tchowdh4/sensor_recovery_project/prediction_results_v9_trained_hybrid/baseline_04_yaw_rotation_ATT_trained_hybrid_prediction_outputs.csv
0.600593,baseline_04_yaw_rotation,Yaw,ramp,0.022782,0,172.59376525878906,172.59376525878906,172.59405899047852,-0.000293731689453125,0.000293731689453125,0.003797,0,0.0,0.00025896344865827814,0,0,0,W30_N8_mean1.25x,30,8,1.25,1477,Yaw_hybrid_prediction,/home/tchowdh4/sensor_recovery_project/logs/extracted_csv/baseline_04_yaw_rotation_ATT.csv,/home/tchowdh4/sensor_recovery_project/prediction_results_v9_trained_hybrid/baseline_04_yaw_rotation_ATT_trained_hybrid_prediction_outputs.csv
0.700553,baseline_04_yaw_rotation,Yaw,ramp,0.022782,0,172.59457397460938,172.59457397460938,172.59501876831058,-0.00044479370120598105,0.00044479370120598105,0.003797,0,0.0,0.000282192230226741,0,0,0,W30_N8_mean1.25x,30,8,1.25,1477,Yaw_hybrid_prediction,/home/tchowdh4/sensor_recovery_project/logs/extracted_csv/baseline_04_yaw_rotation_ATT.csv,/home/tchowdh4/sensor_recovery_project/prediction_results_v9_trained_hybrid/baseline_04_yaw_rotation_ATT_trained_hybrid_prediction_outputs.csv
0.800513,baseline_04_yaw_rotation,Yaw,ramp,0.022782,0,172.59503173828125,172.59503173828125,172.59528350830078,-0.00025177001953125,0.00025177001953125,0.003797,0,0.0,0.0002788119845939087,0,0,0,W30_N8_mean1.25x,30,8,1.25,1477,Yaw_hybrid_prediction,/home/tchowdh4/sensor_recovery_project/logs/extracted_csv/baseline_04_yaw_rotation_ATT.csv,/home/tchowdh4/sensor_recovery_project/prediction_results_v9_trained_hybrid/baseline_04_yaw_rotation_ATT_trained_hybrid_prediction_outputs.csv
0.900473,baseline_04_yaw_rotation,Yaw,ramp,0.022782,0,172.5951690673828,172.5951690673828,172.5952445983887,-7.553100587642803e-05,7.553100587642803e-05,0.003797,0,0.0,0.0002584838867221606,0,0,0,W30_N8_mean1.25x,30,8,1.25,1477,Yaw_hybrid_prediction,/home/tchowdh4/sensor_recovery_project/logs/extracted_csv/baseline_04_yaw_rotation_ATT.csv,/home/tchowdh4/sensor_recovery_project/prediction_results_v9_trained_hybrid/baseline_04_yaw_rotation_ATT_trained_hybrid_prediction_outputs.csv
1.000433,baseline_04_yaw_rotation,Yaw,ramp,0.022782,0,172.59490966796875,172.59490966796875,172.59476699829102,0.00014266967772869066,0.00014266967772869066,0.003797,0,0.0,0.0002479553222682088,0,0,0,W30_N8_mean1.25x,30,8,1.25,1477,Yaw_hybrid_prediction,/home/tchowdh4/sensor_recovery_project/logs/extracted_csv/baseline_04_yaw_rotation_ATT.csv,/home/tchowdh4/sensor_recovery_project/prediction_results_v9_trained_hybrid/baseline_04_yaw_rotation_ATT_trained_hybrid_prediction_outputs.csv
1.100393,baseline_04_yaw_rotation,Yaw,ramp,0.022782,0,172.59378051757812,172.59378051757812,172.5931594848633,0.0006210327148323813,0.0006210327148323813,0.003797,0,0.0,0.00027904510498188984,0,0,0,W30_N8_mean1.25x,30,8,1.25,1477,Yaw_hybrid_prediction,/home/tchowdh4/sensor_recovery_project/logs/extracted_csv/baseline_04_yaw_rotation_ATT.csv,/home/tchowdh4/sensor_recovery_project/prediction_results_v9_trained_hybrid/baseline_04_yaw_rotation_ATT_trained_hybrid_prediction_outputs.csv
1.200353,baseline_04_yaw_rotation,Yaw,ramp,0.022782,0,172.59136962890625,172.59136962890625,172.59004364013674,0.0013259887695085126,0.0013259887695085126,0.003797,0,0.0,0.0003595792330223993,0,0,0,W30_N8_mean1.25x,30,8,1.25,1477,Yaw_hybrid_prediction,/home/tchowdh4/sensor_recovery_project/logs/extracted_csv/baseline_04_yaw_rotation_ATT.csv,/home/tchowdh4/sensor_recovery_project/prediction_results_v9_trained_hybrid/baseline_04_yaw_rotation_ATT_trained_hybrid_prediction_outputs.csv
1.300313,baseline_04_yaw_rotation,Yaw,ramp,0.022782,0,172.58944702148438,172.58944702148438,172.58838958740236,0.001057434082014197,0.001057434082014197,0.003797,0,0.0,0.0004094260079503848,0,0,0,W30_N8_mean1.25x,30,8,1.25,1477,Yaw_hybrid_prediction,/home/tchowdh4/sensor_recovery_project/logs/extracted_csv/baseline_04_yaw_rotation_ATT.csv,/home/tchowdh4/sensor_recovery_project/prediction_results_v9_trained_hybrid/baseline_04_yaw_rotation_ATT_trained_hybrid_prediction_outputs.csv
1.400273,baseline_04_yaw_rotation,Yaw,ramp,0.022782,0,172.58868408203125,172.58868408203125,172.58826446533203,0.00041961669921875,0.00041961669921875,0.003797,0,0.0,0.0004101053873682758,0,0,0,W30_N8_mean1.25x,30,8,1.25,1477,Yaw_hybrid_prediction,/home/tchowdh4/sensor_recovery_project/logs/extracted_csv/baseline_04_yaw_rotation_ATT.csv,/home/tchowdh4/sensor_recovery_project/prediction_results_v9_trained_hybrid/baseline_04_yaw_rotation_ATT_trained_hybrid_prediction_outputs.csv
1.500233,baseline_04_yaw_rotation,Yaw,ramp,0.022782,0,172.5895233154297,172.5895233154297,172.58998489379883,-0.000461578369140625,0.000461578369140625,0.003797,0,0.0,0.00041332244872904766,0,0,0,W30_N8_mean1.25x,30,8,1.25,1477,Yaw_hybrid_prediction,/home/tchowdh4/sensor_recovery_project/logs/extracted_csv/baseline_04_yaw_rotation_ATT.csv,/home/tchowdh4/sensor_recovery_project/prediction_results_v9_trained_hybrid/baseline_04_yaw_rotation_ATT_trained_hybrid_prediction_outputs.csv
1.600193,baseline_04_yaw_rotation,Yaw,ramp,0.022782,0,172.58993530273438,172.58993530273438,172.59016189575198,-0.00022659301760086237,0.00022659301760086237,0.003797,0,0.0,0.00040233836454503676,0,0,0,W30_N8_mean1.25x,30,8,1.25,1477,Yaw_hybrid_prediction,/home/tchowdh4/sensor_recovery_project/logs/extracted_csv/baseline_04_yaw_rotation_ATT.csv,/home/tchowdh4/sensor_recovery_project/prediction_results_v9_trained_hybrid/baseline_04_yaw_rotation_ATT_trained_hybrid_prediction_outputs.csv
1.700153,baseline_04_yaw_rotation,Yaw,ramp,0.022782,0,172.59031677246094,172.59031677246094,172.59052658081055,-0.000209808349609375,0.000209808349609375,0.003797,0,0.0,0.0003916422526041667,0,0,0,W30_N8_mean1.25x,30,8,1.25,1477,Yaw_hybrid_prediction,/home/tchowdh4/sensor_recovery_project/logs/extracted_csv/baseline_04_yaw_rotation_ATT.csv,/home/tchowdh4/sensor_recovery_project/prediction_results_v9_trained_hybrid/baseline_04_yaw_rotation_ATT_trained_hybrid_prediction_outputs.csv
1.800113,baseline_04_yaw_rotation,Yaw,ramp,0.022782,0,172.5903778076172,172.5903778076172,172.59041137695314,-3.3569335954553026e-05,3.3569335954553026e-05,0.003797,0,0.0,0.00037279630962260804,0,0,0,W30_N8_mean1.25x,30,8,1.25,1477,Yaw_hybrid_prediction,/home/tchowdh4/sensor_recovery_project/logs/extracted_csv/baseline_04_yaw_rotation_ATT.csv,/home/tchowdh4/sensor_recovery_project/prediction_results_v9_trained_hybrid/baseline_04_yaw_rotation_ATT_trained_hybrid_prediction_outputs.csv
1.900073,baseline_04_yaw_rotation,Yaw,ramp,0.022782,0,172.59022521972656,172.59022521972656,172.59014129638672,8.392333984375e-05,8.392333984375e-05,0.003797,0,0.0,0.00035835266113366516,0,0,0,W30_N8_mean1.25x,30,8,1.25,1477,Yaw_hybrid_prediction,/home/tchowdh4/sensor_recovery_project/logs/extracted_csv/baseline_04_yaw_rotation_ATT.csv,/home/tchowdh4/sensor_recovery_project/prediction_results_v9_trained_hybrid/baseline_04_yaw_rotation_ATT_trained_hybrid_prediction_outputs.csv
2.000033,baseline_04_yaw_rotation,Yaw,ramp,0.022782,0,172.59194946289062,172.59194946289062,172.5928977966309,-0.000948333740268481,0.000948333740268481,0.003797,0,0.0,0.00038644699823532305,0,0,0,W30_N8_mean1.25x,30,8,1.25,1477,Yaw_hybrid_prediction,/home/tchowdh4/sensor_recovery_project/logs/extracted_csv/baseline_04_yaw_rotation_ATT.csv,/home/tchowdh4/sensor_recovery_project/prediction_results_v9_trained_hybrid/baseline_04_yaw_rotation_ATT_trained_hybrid_prediction_outputs.csv
2.099993,baseline_04_yaw_rotation,Yaw,ramp,0.022782,0,172.59523010253906,172.59523010253906,172.5970344543457,-0.001804351806640625,0.001804351806640625,0.003797,0,0.0,0.0004508972167992004,0,0,0,W30_N8_mean1.25x,30,8,1.25,1477,Yaw_hybrid_prediction,/home/tchowdh4/sensor_recovery_project/logs/extracted_csv/baseline_04_yaw_rotation_ATT.csv,/home/tchowdh4/sensor_recovery_project/prediction_results_v9_trained_hybrid/baseline_04_yaw_rotation_ATT_trained_hybrid_prediction_outputs.csv
2.200786,baseline_04_yaw_rotation,Yaw,ramp,0.022782,0,172.59573364257812,172.59573364257812,172.59601058959962,-0.00027694702149005934,0.00027694702149005934,0.003797,0,0.0,0.00044333416482923775,0,0,0,W30_N8_mean1.25x,30,8,1.25,1477,Yaw_hybrid_prediction,/home/tchowdh4/sensor_recovery_project/logs/extracted_csv/baseline_04_yaw_rotation_ATT.csv,/home/tchowdh4/sensor_recovery_project/prediction_results_v9_trained_hybrid/baseline_04_yaw_rotation_ATT_trained_hybrid_prediction_outputs.csv
2.300746,baseline_04_yaw_rotation,Yaw,ramp,0.022782,0,172.5940704345703,172.5940704345703,172.59315567016603,0.0009147644042855063,0.0009147644042855063,0.003797,0,0.0,0.00046297709147324895,0,0,0,W30_N8_mean1.25x,30,8,1.25,1477,Yaw_hybrid_prediction,/home/tchowdh4/sensor_recovery_project/logs/extracted_csv/baseline_04_yaw_rotation_ATT.csv,/home/tchowdh4/sensor_recovery_project/prediction_results_v9_trained_hybrid/baseline_04_yaw_rotation_ATT_trained_hybrid_prediction_outputs.csv
2.400706,baseline_04_yaw_rotation,Yaw,ramp,0.022782,0,172.5921173095703,172.5921173095703,172.59104309082034,0.0010742187499772626,0.0010742187499772626,0.003797,0,0.0,0.00048742675781340947,0,0,0,W30_N8_mean1.25x,30,8,1.25,1477,Yaw_hybrid_prediction,/home/tchowdh4/sensor_recovery_project/logs/extracted_csv/baseline_04_yaw_rotation_ATT.csv,/home/tchowdh4/sensor_recovery_project/prediction_results_v9_trained_hybrid/baseline_04_yaw_rotation_ATT_trained_hybrid_prediction_outputs.csv
2.500666,baseline_04_yaw_rotation,Yaw,ramp,0.022782,0,172.59365844726562,172.59365844726562,172.59450607299806,-0.0008476257324332437,0.0008476257324332437,0.003797,0,0.0,0.000501280564529557,0,0,0,W30_N8_mean1.25x,30,8,1.25,1477,Yaw_hybrid_prediction,/home/tchowdh4/sensor_recovery_project/logs/extracted_csv/baseline_04_yaw_rotation_ATT.csv,/home/tchowdh4/sensor_recovery_project/prediction_results_v9_trained_hybrid/baseline_04_yaw_rotation_ATT_trained_hybrid_prediction_outputs.csv
2.600626,baseline_04_yaw_rotation,Yaw,ramp,0.022782,0,172.59622192382812,172.59622192382812,172.5976318359375,-0.0014099121093806843,0.0014099121093806843,0.003797,0,0.0,0.0005349335847092283,0,0,0,W30_N8_mean1.25x,30,8,1.25,1477,Yaw_hybrid_prediction,/home/tchowdh4/sensor_recovery_project/logs/extracted_csv/baseline_04_yaw_rotation_ATT.csv,/home/tchowdh4/sensor_recovery_project/prediction_results_v9_trained_hybrid/baseline_04_yaw_rotation_ATT_trained_hybrid_prediction_outputs.csv
2.700586,baseline_04_yaw_rotation,Yaw,ramp,0.022782,0,172.59613037109375,172.59613037109375,172.59608001708983,5.0354003917618684e-05,5.0354003917618684e-05,0.003797,0,0.0,0.000517627171109528,0,0,0,W30_N8_mean1.25x,30,8,1.25,1477,Yaw_hybrid_prediction,/home/tchowdh4/sensor_recovery_project/logs/extracted_csv/baseline_04_yaw_rotation_ATT.csv,/home/tchowdh4/sensor_recovery_project/prediction_results_v9_trained_hybrid/baseline_04_yaw_rotation_ATT_trained_hybrid_prediction_outputs.csv
2.800546,baseline_04_yaw_rotation,Yaw,ramp,0.022782,0,172.59259033203125,172.59259033203125,172.5906433105469,0.001947021484340894,0.001947021484340894,0.003797,0,0.0,0.0005669166301864717,0,0,0,W30_N8_mean1.25x,30,8,1.25,1477,Yaw_hybrid_prediction,/home/tchowdh4/sensor_recovery_project/logs/extracted_csv/baseline_04_yaw_rotation_ATT.csv,/home/tchowdh4/sensor_recovery_project/prediction_results_v9_trained_hybrid/baseline_04_yaw_rotation_ATT_trained_hybrid_prediction_outputs.csv
2.900506,baseline_04_yaw_rotation,Yaw,ramp,0.022782,0,172.58750915527344,172.58750915527344,172.58471450805666,0.0027946472167741376,0.0027946472167741376,0.003797,0,0.0,0.0006411743164060605,0,0,0,W30_N8_mean1.25x,30,8,1.25,1477,Yaw_hybrid_prediction,/home/tchowdh4/sensor_recovery_project/logs/extracted_csv/baseline_04_yaw_rotation_ATT.csv,/home/tchowdh4/sensor_recovery_project/prediction_results_v9_trained_hybrid/baseline_04_yaw_rotation_ATT_trained_hybrid_prediction_outputs.csv
3.000466,baseline_04_yaw_rotation,Yaw,ramp,0.022782,0,172.58578491210938,172.58578491210938,172.58483657836916,0.0009483337402116376,0.0009483337402116376,0.003797,0,0.0,0.0006587982177724901,0,0,0,W30_N8_mean1.25x,30,8,1.25,1477,Yaw_hybrid_prediction,/home/tchowdh4/sensor_recovery_project/logs/extracted_csv/baseline_04_yaw_rotation_ATT.csv,/home/tchowdh4/sensor_recovery_project/prediction_results_v9_trained_hybrid/baseline_04_yaw_rotation_ATT_trained_hybrid_prediction_outputs.csv
3.100426,baseline_04_yaw_rotation,Yaw,ramp,0.022782,0,172.58778381347656,172.58778381347656,172.58888320922853,-0.0010993957519644937,0.0010993957519644937,0.003797,0,0.0,0.00068817138671875,0,0,0,W30_N8_mean1.25x,30,8,1.25,1477,Yaw_hybrid_prediction,/home/tchowdh4/sensor_recovery_project/logs/extracted_csv/baseline_04_yaw_rotation_ATT.csv,/home/tchowdh4/sensor_recovery_project/prediction_results_v9_trained_hybrid/baseline_04_yaw_rotation_ATT_trained_hybrid_prediction_outputs.csv
3.200386,baseline_04_yaw_rotation,Yaw,ramp,0.022782,0,172.5907440185547,172.5907440185547,172.59237213134767,-0.001628112792985803,0.001628112792985803,0.003797,0,0.0,0.0007284545898443185,0,0,0,W30_N8_mean1.25x,30,8,1.25,1477,Yaw_hybrid_prediction,/home/tchowdh4/sensor_recovery_project/logs/extracted_csv/baseline_04_yaw_rotation_ATT.csv,/home/tchowdh4/sensor_recovery_project/prediction_results_v9_trained_hybrid/baseline_04_yaw_rotation_ATT_trained_hybrid_prediction_outputs.csv
3.300346,baseline_04_yaw_rotation,Yaw,ramp,0.022782,0,172.59127807617188,172.59127807617188,172.59157180786133,-0.000293731689453125,0.000293731689453125,0.003797,0,0.0,0.0007371266682952183,0,0,0,W30_N8_mean1.25x,30,8,1.25,1477,Yaw_hybrid_prediction,/home/tchowdh4/sensor_recovery_project/logs/extracted_csv/baseline_04_yaw_rotation_ATT.csv,/home/tchowdh4/sensor_recovery_project/prediction_results_v9_trained_hybrid/baseline_04_yaw_rotation_ATT_trained_hybrid_prediction_outputs.csv
3.400306,baseline_04_yaw_rotation,Yaw,ramp,0.022782,0,172.58807373046875,172.58807373046875,172.58631134033203,0.00176239013671875,0.00176239013671875,0.003797,0,0.0,0.0007888793945321974,0,0,0,W30_N8_mean1.25x,30,8,1.25,1477,Yaw_hybrid_prediction,/home/tchowdh4/sensor_recovery_project/logs/extracted_csv/baseline_04_yaw_rotation_ATT.csv,/home/tchowdh4/sensor_recovery_project/prediction_results_v9_trained_hybrid/baseline_04_yaw_rotation_ATT_trained_hybrid_prediction_outputs.csv
3.500266,baseline_04_yaw_rotation,Yaw,ramp,0.022782,0,172.58570861816406,172.58570861816406,172.58440780639648,0.001300811767578125,0.001300811767578125,0.003797,0,0.0,0.0008249664306646309,0,0,0,W30_N8_mean1.25x,30,8,1.25,1477,Yaw_hybrid_prediction,/home/tchowdh4/sensor_recovery_project/logs/extracted_csv/baseline_04_yaw_rotation_ATT.csv,/home/tchowdh4/sensor_recovery_project/prediction_results_v9_trained_hybrid/baseline_04_yaw_rotation_ATT_trained_hybrid_prediction_outputs.csv
3.600226,baseline_04_yaw_rotation,Yaw,ramp,0.022782,0,172.58731079101562,172.58731079101562,172.58819198608398,-0.000881195068359375,0.000881195068359375,0.003797,0,0.0,0.0008445485432948392,0,0,0,W30_N8_mean1.25x,30,8,1.25,1477,Yaw_hybrid_prediction,/home/tchowdh4/sensor_recovery_project/logs/extracted_csv/baseline_04_yaw_rotation_ATT.csv,/home/tchowdh4/sensor_recovery_project/prediction_results_v9_trained_hybrid/baseline_04_yaw_rotation_ATT_trained_hybrid_prediction_outputs.csv
3.700186,baseline_04_yaw_rotation,Yaw,ramp,0.022782,0,172.5913848876953,172.5913848876953,172.59362564086916,-0.0022407531738508624,0.0022407531738508624,0.003797,0,0.0,0.0009044138590496686,0,0,0,W30_N8_mean1.25x,30,8,1.25,1477,Yaw_hybrid_prediction,/home/tchowdh4/sensor_recovery_project/logs/extracted_csv/baseline_04_yaw_rotation_ATT.csv,/home/tchowdh4/sensor_recovery_project/prediction_results_v9_trained_hybrid/baseline_04_yaw_rotation_ATT_trained_hybrid_prediction_outputs.csv
3.800146,baseline_04_yaw_rotation,Yaw,ramp,0.022782,0,172.59300231933594,172.59300231933594,172.5938919067383,-0.0008895874023551187,0.0008895874023551187,0.003797,0,0.0,0.0009256744384771309,0,0,0,W30_N8_mean1.25x,30,8,1.25,1477,Yaw_hybrid_prediction,/home/tchowdh4/sensor_recovery_project/logs/extracted_csv/baseline_04_yaw_rotation_ATT.csv,/home/tchowdh4/sensor_recovery_project/prediction_results_v9_trained_hybrid/baseline_04_yaw_rotation_ATT_trained_hybrid_prediction_outputs.csv
3.900106,baseline_04_yaw_rotation,Yaw,ramp,0.022782,0,172.59130859375,172.59130859375,172.59037704467772,0.0009315490722769937,0.0009315490722769937,0.003797,0,0.0,0.0009542083740238165,0,0,0,W30_N8_mean1.25x,30,8,1.25,1477,Yaw_hybrid_prediction,/home/tchowdh4/sensor_recovery_project/logs/extracted_csv/baseline_04_yaw_rotation_ATT.csv,/home/tchowdh4/sensor_recovery_project/prediction_results_v9_trained_hybrid/baseline_04_yaw_rotation_ATT_trained_hybrid_prediction_outputs.csv
4.000066,baseline_04_yaw_rotation,Yaw,ramp,0.022782,0,172.5877227783203,172.5877227783203,172.58575057983398,0.001972198486328125,0.001972198486328125,0.003797,0,0.0,0.0010151926676437975,0,0,0,W30_N8_mean1.25x,30,8,1.25,1477,Yaw_hybrid_prediction,/home/tchowdh4/sensor_recovery_project/logs/extracted_csv/baseline_04_yaw_rotation_ATT.csv,/home/tchowdh4/sensor_recovery_project/prediction_results_v9_trained_hybrid/baseline_04_yaw_rotation_ATT_trained_hybrid_prediction_outputs.csv
4.100026,baseline_04_yaw_rotation,Yaw,ramp,0.022782,0,172.58753967285156,172.58753967285156,172.58743896484378,0.00010070800777839395,0.00010070800777839395,0.003797,0,0.0,0.000997848510741998,0,0,0,W30_N8_mean1.25x,30,8,1.25,1477,Yaw_hybrid_prediction,/home/tchowdh4/sensor_recovery_project/logs/extracted_csv/baseline_04_yaw_rotation_ATT.csv,/home/tchowdh4/sensor_recovery_project/prediction_results_v9_trained_hybrid/baseline_04_yaw_rotation_ATT_trained_hybrid_prediction_outputs.csv
4.199986,baseline_04_yaw_rotation,Yaw,ramp,0.022782,0,172.59056091308594,172.59056091308594,172.59222259521485,-0.0016616821289119343,0.0016616821289119343,0.003797,0,0.0,0.0010090382893887786,0,0,0,W30_N8_mean1.25x,30,8,1.25,1477,Yaw_hybrid_prediction,/home/tchowdh4/sensor_recovery_project/logs/extracted_csv/baseline_04_yaw_rotation_ATT.csv,/home/tchowdh4/sensor_recovery_project/prediction_results_v9_trained_hybrid/baseline_04_yaw_rotation_ATT_trained_hybrid_prediction_outputs.csv
4.300779,baseline_04_yaw_rotation,Yaw,ramp,0.022782,0,172.59249877929688,172.59249877929688,172.5935646057129,-0.0010658264160383624,0.0010658264160383624,0.003797,0,0.0,0.0010093180338562509,0,0,0,W30_N8_mean1.25x,30,8,1.25,1477,Yaw_hybrid_prediction,/home/tchowdh4/sensor_recovery_project/logs/extracted_csv/baseline_04_yaw_rotation_ATT.csv,/home/tchowdh4/sensor_recovery_project/prediction_results_v9_trained_hybrid/baseline_04_yaw_rotation_ATT_trained_hybrid_prediction_outputs.csv
4.400739,baseline_04_yaw_rotation,Yaw,ramp,0.022782,0,172.59097290039062,172.59097290039062,172.5901336669922,0.0008392333984375,0.0008392333984375,0.003797,0,0.0,0.0010233052571635426,0,0,0,W30_N8_mean1.25x,30,8,1.25,1477,Yaw_hybrid_prediction,/home/tchowdh4/sensor_recovery_project/logs/extracted_csv/baseline_04_yaw_rotation_ATT.csv,/home/tchowdh4/sensor_recovery_project/prediction_results_v9_trained_hybrid/baseline_04_yaw_rotation_ATT_trained_hybrid_prediction_outputs.csv
4.500699,baseline_04_yaw_rotation,Yaw,ramp,0.022782,0,172.5872802734375,172.5872802734375,172.5852493286133,0.0020309448242130657,0.0020309448242130657,0.003797,0,0.0,0.001075617472332624,0,0,0,W30_N8_mean1.25x,30,8,1.25,1477,Yaw_hybrid_prediction,/home/tchowdh4/sensor_recovery_project/logs/extracted_csv/baseline_04_yaw_rotation_ATT.csv,/home/tchowdh4/sensor_recovery_project/prediction_results_v9_trained_hybrid/baseline_04_yaw_rotation_ATT_trained_hybrid_prediction_outputs.csv
4.600659,baseline_04_yaw_rotation,Yaw,ramp,0.022782,0,172.58619689941406,172.58619689941406,172.58560104370116,0.0005958557129019937,0.0005958557129019937,0.003797,0,0.0,0.0010879262288426617,0,0,0,W30_N8_mean1.25x,30,8,1.25,1477,Yaw_hybrid_prediction,/home/tchowdh4/sensor_recovery_project/logs/extracted_csv/baseline_04_yaw_rotation_ATT.csv,/home/tchowdh4/sensor_recovery_project/prediction_results_v9_trained_hybrid/baseline_04_yaw_rotation_ATT_trained_hybrid_prediction_outputs.csv
4.700619,baseline_04_yaw_rotation,Yaw,ramp,0.022782,0,172.5892333984375,172.5892333984375,172.5909034729004,-0.001670074462907678,0.001670074462907678,0.003797,0,0.0,0.001136601765952605,0,0,0,W30_N8_mean1.25x,30,8,1.25,1477,Yaw_hybrid_prediction,/home/tchowdh4/sensor_recovery_project/logs/extracted_csv/baseline_04_yaw_rotation_ATT.csv,/home/tchowdh4/sensor_recovery_project/prediction_results_v9_trained_hybrid/baseline_04_yaw_rotation_ATT_trained_hybrid_prediction_outputs.csv
4.800579,baseline_04_yaw_rotation,Yaw,ramp,0.022782,0,172.591552734375,172.591552734375,172.59282836914065,-0.0012756347656477374,0.0012756347656477374,0.003797,0,0.0,0.001178003946942378,0,0,0,W30_N8_mean1.25x,30,8,1.25,1477,Yaw_hybrid_prediction,/home/tchowdh4/sensor_recovery_project/logs/extracted_csv/baseline_04_yaw_rotation_ATT.csv,/home/tchowdh4/sensor_recovery_project/prediction_results_v9_trained_hybrid/baseline_04_yaw_rotation_ATT_trained_hybrid_prediction_outputs.csv
4.900539,baseline_04_yaw_rotation,Yaw,ramp,0.022782,0,172.59059143066406,172.59059143066406,172.59006271362307,0.0005287170409928876,0.0005287170409928876,0.003797,0,0.0,0.0011928304036473492,0,0,0,W30_N8_mean1.25x,30,8,1.25,1477,Yaw_hybrid_prediction,/home/tchowdh4/sensor_recovery_project/logs/extracted_csv/baseline_04_yaw_rotation_ATT.csv,/home/tchowdh4/sensor_recovery_project/prediction_results_v9_trained_hybrid/baseline_04_yaw_rotation_ATT_trained_hybrid_prediction_outputs.csv
5.000499,baseline_04_yaw_rotation,Yaw,ramp,0.022782,0,172.58865356445312,172.58865356445312,172.58758773803712,0.0010658264160099407,0.0010658264160099407,0.003797,0,0.0,0.0011967468261720644,0,0,0,W30_N8_mean1.25x,30,8,1.25,1477,Yaw_hybrid_prediction,/home/tchowdh4/sensor_recovery_project/logs/extracted_csv/baseline_04_yaw_rotation_ATT.csv,/home/tchowdh4/sensor_recovery_project/prediction_results_v9_trained_hybrid/baseline_04_yaw_rotation_ATT_trained_hybrid_prediction_outputs.csv
5.100459,baseline_04_yaw_rotation,Yaw,ramp,0.022782,0,172.58802795410156,172.58802795410156,172.5876838684082,0.0003440856933707437,0.0003440856933707437,0.003797,0,0.0,0.0011480712890630685,0,0,0,W30_N8_mean1.25x,30,8,1.25,1477,Yaw_hybrid_prediction,/home/tchowdh4/sensor_recovery_project/logs/extracted_csv/baseline_04_yaw_rotation_ATT.csv,/home/tchowdh4/sensor_recovery_project/prediction_results_v9_trained_hybrid/baseline_04_yaw_rotation_ATT_trained_hybrid_prediction_outputs.csv
5.200419,baseline_04_yaw_rotation,Yaw,ramp,0.022782,0,172.5911407470703,172.5911407470703,172.59285278320314,-0.001712036132829553,0.001712036132829553,0.003797,0,0.0,0.0011959075927743849,0,0,0,W30_N8_mean1.25x,30,8,1.25,1477,Yaw_hybrid_prediction,/home/tchowdh4/sensor_recovery_project/logs/extracted_csv/baseline_04_yaw_rotation_ATT.csv,/home/tchowdh4/sensor_recovery_project/prediction_results_v9_trained_hybrid/baseline_04_yaw_rotation_ATT_trained_hybrid_prediction_outputs.csv
5.300379,baseline_04_yaw_rotation,Yaw,ramp,0.022782,0,172.59523010253906,172.59523010253906,172.59747924804688,-0.0022491455078181843,0.0022491455078181843,0.003797,0,0.0,0.0012403869628921408,0,0,0,W30_N8_mean1.25x,30,8,1.25,1477,Yaw_hybrid_prediction,/home/tchowdh4/sensor_recovery_project/logs/extracted_csv/baseline_04_yaw_rotation_ATT.csv,/home/tchowdh4/sensor_recovery_project/prediction_results_v9_trained_hybrid/baseline_04_yaw_rotation_ATT_trained_hybrid_prediction_outputs.csv
5.400339,baseline_04_yaw_rotation,Yaw,ramp,0.022782,0,172.59597778320312,172.59597778320312,172.59638900756835,-0.0004112243652230063,0.0004112243652230063,0.003797,0,0.0,0.001218287150066999,0,0,0,W30_N8_mean1.25x,30,8,1.25,1477,Yaw_hybrid_prediction,/home/tchowdh4/sensor_recovery_project/logs/extracted_csv/baseline_04_yaw_rotation_ATT.csv,/home/tchowdh4/sensor_recovery_project/prediction_results_v9_trained_hybrid/baseline_04_yaw_rotation_ATT_trained_hybrid_prediction_outputs.csv
5.500299,baseline_04_yaw_rotation,Yaw,ramp,0.022782,0,172.5925750732422,172.5925750732422,172.5907035827637,0.0018714904784928876,0.0018714904784928876,0.003797,0,0.0,0.0012524159749356537,0,0,0,W30_N8_mean1.25x,30,8,1.25,1477,Yaw_hybrid_prediction,/home/tchowdh4/sensor_recovery_project/logs/extracted_csv/baseline_04_yaw_rotation_ATT.csv,/home/tchowdh4/sensor_recovery_project/prediction_results_v9_trained_hybrid/baseline_04_yaw_rotation_ATT_trained_hybrid_prediction_outputs.csv
5.600259,baseline_04_yaw_rotation,Yaw,ramp,0.022782,0,172.58897399902344,172.58897399902344,172.58699340820314,0.001980590820295447,0.001980590820295447,0.003797,0,0.0,0.0012714385986328125,0,0,0,W30_N8_mean1.25x,30,8,1.25,1477,Yaw_hybrid_prediction,/home/tchowdh4/sensor_recovery_project/logs/extracted_csv/baseline_04_yaw_rotation_ATT.csv,/home/tchowdh4/sensor_recovery_project/prediction_results_v9_trained_hybrid/baseline_04_yaw_rotation_ATT_trained_hybrid_prediction_outputs.csv
5.700219,baseline_04_yaw_rotation,Yaw,ramp,0.022782,0,172.5889892578125,172.5889892578125,172.5889976501465,-8.392333995743684e-06,8.392333995743684e-06,0.003797,0,0.0,0.0012700398763020833,0,0,0,W30_N8_mean1.25x,30,8,1.25,1477,Yaw_hybrid_prediction,/home/tchowdh4/sensor_recovery_project/logs/extracted_csv/baseline_04_yaw_rotation_ATT.csv,/home/tchowdh4/sensor_recovery_project/prediction_results_v9_trained_hybrid/baseline_04_yaw_rotation_ATT_trained_hybrid_prediction_outputs.csv
5.800179,baseline_04_yaw_rotation,Yaw,ramp,0.022782,0,172.5923614501953,172.5923614501953,172.59421615600587,-0.0018547058105582437,0.0018547058105582437,0.003797,0,0.0,0.001266962687175995,0,0,0,W30_N8_mean1.25x,30,8,1.25,1477,Yaw_hybrid_prediction,/home/tchowdh4/sensor_recovery_project/logs/extracted_csv/baseline_04_yaw_rotation_ATT.csv,/home/tchowdh4/sensor_recovery_project/prediction_results_v9_trained_hybrid/baseline_04_yaw_rotation_ATT_trained_hybrid_prediction_outputs.csv
5.900139,baseline_04_yaw_rotation,Yaw,ramp,0.022782,0,172.59471130371094,172.59471130371094,172.59600372314455,-0.001292419433610803,0.001292419433610803,0.003797,0,0.0,0.0012168884277372171,0,0,0,W30_N8_mean1.25x,30,8,1.25,1477,Yaw_hybrid_prediction,/home/tchowdh4/sensor_recovery_project/logs/extracted_csv/baseline_04_yaw_rotation_ATT.csv,/home/tchowdh4/sensor_recovery_project/prediction_results_v9_trained_hybrid/baseline_04_yaw_rotation_ATT_trained_hybrid_prediction_outputs.csv
6.000099,baseline_04_yaw_rotation,Yaw,ramp,0.022782,0,172.59275817871094,172.59275817871094,172.59168395996096,0.0010742187499772626,0.0010742187499772626,0.003797,0,0.0,0.0012210845947294047,0,0,0,W30_N8_mean1.25x,30,8,1.25,1477,Yaw_hybrid_prediction,/home/tchowdh4/sensor_recovery_project/logs/extracted_csv/baseline_04_yaw_rotation_ATT.csv,/home/tchowdh4/sensor_recovery_project/prediction_results_v9_trained_hybrid/baseline_04_yaw_rotation_ATT_trained_hybrid_prediction_outputs.csv
6.100059,baseline_04_yaw_rotation,Yaw,ramp,0.022782,0,172.588134765625,172.588134765625,172.58559188842776,0.0025428771972428876,0.0025428771972428876,0.003797,0,0.0,0.0012692006429053512,0,0,0,W30_N8_mean1.25x,30,8,1.25,1477,Yaw_hybrid_prediction,/home/tchowdh4/sensor_recovery_project/logs/extracted_csv/baseline_04_yaw_rotation_ATT.csv,/home/tchowdh4/sensor_recovery_project/prediction_results_v9_trained_hybrid/baseline_04_yaw_rotation_ATT_trained_hybrid_prediction_outputs.csv
6.200019,baseline_04_yaw_rotation,Yaw,ramp,0.022782,0,172.58555603027344,172.58555603027344,172.5841377258301,0.0014183044433480063,0.0014183044433480063,0.003797,0,0.0,0.0012622070312507578,0,0,0,W30_N8_mean1.25x,30,8,1.25,1477,Yaw_hybrid_prediction,/home/tchowdh4/sensor_recovery_project/logs/extracted_csv/baseline_04_yaw_rotation_ATT.csv,/home/tchowdh4/sensor_recovery_project/prediction_results_v9_trained_hybrid/baseline_04_yaw_rotation_ATT_trained_hybrid_prediction_outputs.csv
6.299979,baseline_04_yaw_rotation,Yaw,ramp,0.022782,0,172.58753967285156,172.58753967285156,172.58863067626953,-0.00109100341796875,0.00109100341796875,0.003797,0,0.0,0.0012887827555346121,0,0,0,W30_N8_mean1.25x,30,8,1.25,1477,Yaw_hybrid_prediction,/home/tchowdh4/sensor_recovery_project/logs/extracted_csv/baseline_04_yaw_rotation_ATT.csv,/home/tchowdh4/sensor_recovery_project/prediction_results_v9_trained_hybrid/baseline_04_yaw_rotation_ATT_trained_hybrid_prediction_outputs.csv
6.400772,baseline_04_yaw_rotation,Yaw,ramp,0.022782,0,172.59120178222656,172.59120178222656,172.5932159423828,-0.00201416015625,0.00201416015625,0.003797,0,0.0,0.001297175089518987,0,0,0,W30_N8_mean1.25x,30,8,1.25,1477,Yaw_hybrid_prediction,/home/tchowdh4/sensor_recovery_project/logs/extracted_csv/baseline_04_yaw_rotation_ATT.csv,/home/tchowdh4/sensor_recovery_project/prediction_results_v9_trained_hybrid/baseline_04_yaw_rotation_ATT_trained_hybrid_prediction_outputs.csv
6.500732,baseline_04_yaw_rotation,Yaw,ramp,0.022782,0,172.59317016601562,172.59317016601562,172.59425277709963,-0.001082611084001428,0.001082611084001428,0.003797,0,0.0,0.0012899017333997639,0,0,0,W30_N8_mean1.25x,30,8,1.25,1477,Yaw_hybrid_prediction,/home/tchowdh4/sensor_recovery_project/logs/extracted_csv/baseline_04_yaw_rotation_ATT.csv,/home/tchowdh4/sensor_recovery_project/prediction_results_v9_trained_hybrid/baseline_04_yaw_rotation_ATT_trained_hybrid_prediction_outputs.csv
6.600692,baseline_04_yaw_rotation,Yaw,ramp,0.022782,0,172.58993530273438,172.58993530273438,172.5881561279297,0.0017791748046818157,0.0017791748046818157,0.003797,0,0.0,0.0013198343912771786,0,0,0,W30_N8_mean1.25x,30,8,1.25,1477,Yaw_hybrid_prediction,/home/tchowdh4/sensor_recovery_project/logs/extracted_csv/baseline_04_yaw_rotation_ATT.csv,/home/tchowdh4/sensor_recovery_project/prediction_results_v9_trained_hybrid/baseline_04_yaw_rotation_ATT_trained_hybrid_prediction_outputs.csv
6.700652,baseline_04_yaw_rotation,Yaw,ramp,0.022782,0,172.5860137939453,172.5860137939453,172.58385696411136,0.002156829833950269,0.002156829833950269,0.003797,0,0.0,0.0013170369466138255,0,0,0,W30_N8_mean1.25x,30,8,1.25,1477,Yaw_hybrid_prediction,/home/tchowdh4/sensor_recovery_project/logs/extracted_csv/baseline_04_yaw_rotation_ATT.csv,/home/tchowdh4/sensor_recovery_project/prediction_results_v9_trained_hybrid/baseline_04_yaw_rotation_ATT_trained_hybrid_prediction_outputs.csv
6.800612,baseline_04_yaw_rotation,Yaw,ramp,0.022782,0,172.58506774902344,172.58506774902344,172.5845474243164,0.0005203247070255657,0.0005203247070255657,0.003797,0,0.0,0.0013047281901028404,0,0,0,W30_N8_mean1.25x,30,8,1.25,1477,Yaw_hybrid_prediction,/home/tchowdh4/sensor_recovery_project/logs/extracted_csv/baseline_04_yaw_rotation_ATT.csv,/home/tchowdh4/sensor_recovery_project/prediction_results_v9_trained_hybrid/baseline_04_yaw_rotation_ATT_trained_hybrid_prediction_outputs.csv
6.900572,baseline_04_yaw_rotation,Yaw,ramp,0.022782,0,172.5885009765625,172.5885009765625,172.59038925170898,-0.001888275146484375,0.001888275146484375,0.003797,0,0.0,0.0013366190592430864,0,0,0,W30_N8_mean1.25x,30,8,1.25,1477,Yaw_hybrid_prediction,/home/tchowdh4/sensor_recovery_project/logs/extracted_csv/baseline_04_yaw_rotation_ATT.csv,/home/tchowdh4/sensor_recovery_project/prediction_results_v9_trained_hybrid/baseline_04_yaw_rotation_ATT_trained_hybrid_prediction_outputs.csv
7.000532,baseline_04_yaw_rotation,Yaw,ramp,0.022782,0,172.5924072265625,172.5924072265625,172.5945556640625,-0.0021484375000113687,0.0021484375000113687,0.003797,0,0.0,0.0013424936930325278,0,0,0,W30_N8_mean1.25x,30,8,1.25,1477,Yaw_hybrid_prediction,/home/tchowdh4/sensor_recovery_project/logs/extracted_csv/baseline_04_yaw_rotation_ATT.csv,/home/tchowdh4/sensor_recovery_project/prediction_results_v9_trained_hybrid/baseline_04_yaw_rotation_ATT_trained_hybrid_prediction_outputs.csv
7.100492,baseline_04_yaw_rotation,Yaw,ramp,0.022782,0,172.59339904785156,172.59339904785156,172.59394454956055,-0.000545501708984375,0.000545501708984375,0.003797,0,0.0,0.0013573201497393938,0,0,0,W30_N8_mean1.25x,30,8,1.25,1477,Yaw_hybrid_prediction,/home/tchowdh4/sensor_recovery_project/logs/extracted_csv/baseline_04_yaw_rotation_ATT.csv,/home/tchowdh4/sensor_recovery_project/prediction_results_v9_trained_hybrid/baseline_04_yaw_rotation_ATT_trained_hybrid_prediction_outputs.csv
7.200452,baseline_04_yaw_rotation,Yaw,ramp,0.022782,0,172.59010314941406,172.59010314941406,172.58829040527343,0.0018127441406363687,0.0018127441406363687,0.003797,0,0.0,0.0013623555501302083,0,0,0,W30_N8_mean1.25x,30,8,1.25,1477,Yaw_hybrid_prediction,/home/tchowdh4/sensor_recovery_project/logs/extracted_csv/baseline_04_yaw_rotation_ATT.csv,/home/tchowdh4/sensor_recovery_project/prediction_results_v9_trained_hybrid/baseline_04_yaw_rotation_ATT_trained_hybrid_prediction_outputs.csv
7.300412,baseline_04_yaw_rotation,Yaw,ramp,0.022782,0,172.58547973632812,172.58547973632812,172.58293685913088,0.0025428771972428876,0.0025428771972428876,0.003797,0,0.0,0.0014115905761703591,0,0,0,W30_N8_mean1.25x,30,8,1.25,1477,Yaw_hybrid_prediction,/home/tchowdh4/sensor_recovery_project/logs/extracted_csv/baseline_04_yaw_rotation_ATT.csv,/home/tchowdh4/sensor_recovery_project/prediction_results_v9_trained_hybrid/baseline_04_yaw_rotation_ATT_trained_hybrid_prediction_outputs.csv
7.400372,baseline_04_yaw_rotation,Yaw,ramp,0.022782,0,172.5850830078125,172.5850830078125,172.58486480712892,0.00021820068357669697,0.00021820068357669697,0.003797,0,0.0,0.001390889485674999,0,0,0,W30_N8_mean1.25x,30,8,1.25,1477,Yaw_hybrid_prediction,/home/tchowdh4/sensor_recovery_project/logs/extracted_csv/baseline_04_yaw_rotation_ATT.csv,/home/tchowdh4/sensor_recovery_project/prediction_results_v9_trained_hybrid/baseline_04_yaw_rotation_ATT_trained_hybrid_prediction_outputs.csv
7.500332,baseline_04_yaw_rotation,Yaw,ramp,0.022782,0,172.58865356445312,172.58865356445312,172.59061737060546,-0.0019638061523323813,0.0019638061523323813,0.003797,0,0.0,0.001388651529945643,0,0,0,W30_N8_mean1.25x,30,8,1.25,1477,Yaw_hybrid_prediction,/home/tchowdh4/sensor_recovery_project/logs/extracted_csv/baseline_04_yaw_rotation_ATT.csv,/home/tchowdh4/sensor_recovery_project/prediction_results_v9_trained_hybrid/baseline_04_yaw_rotation_ATT_trained_hybrid_prediction_outputs.csv
7.600292,baseline_04_yaw_rotation,Yaw,ramp,0.022782,0,172.5921630859375,172.5921630859375,172.5940933227539,-0.00193023681640625,0.00193023681640625,0.003797,0,0.0,0.0014331309000624516,0,0,0,W30_N8_mean1.25x,30,8,1.25,1477,Yaw_hybrid_prediction,/home/tchowdh4/sensor_recovery_project/logs/extracted_csv/baseline_04_yaw_rotation_ATT.csv,/home/tchowdh4/sensor_recovery_project/prediction_results_v9_trained_hybrid/baseline_04_yaw_rotation_ATT_trained_hybrid_prediction_outputs.csv
7.700252,baseline_04_yaw_rotation,Yaw,ramp,0.022782,0,172.59140014648438,172.59140014648438,172.59098052978516,0.00041961669921875,0.00041961669921875,0.003797,0,0.0,0.0013914489746061538,0,0,0,W30_N8_mean1.25x,30,8,1.25,1477,Yaw_hybrid_prediction,/home/tchowdh4/sensor_recovery_project/logs/extracted_csv/baseline_04_yaw_rotation_ATT.csv,/home/tchowdh4/sensor_recovery_project/prediction_results_v9_trained_hybrid/baseline_04_yaw_rotation_ATT_trained_hybrid_prediction_outputs.csv
7.800212,baseline_04_yaw_rotation,Yaw,ramp,0.022782,0,172.58790588378906,172.58790588378906,172.58598403930665,0.0019218444824105063,0.0019218444824105063,0.003797,0,0.0,0.0014129892984982462,0,0,0,W30_N8_mean1.25x,30,8,1.25,1477,Yaw_hybrid_prediction,/home/tchowdh4/sensor_recovery_project/logs/extracted_csv/baseline_04_yaw_rotation_ATT.csv,/home/tchowdh4/sensor_recovery_project/prediction_results_v9_trained_hybrid/baseline_04_yaw_rotation_ATT_trained_hybrid_prediction_outputs.csv
7.900172,baseline_04_yaw_rotation,Yaw,ramp,0.022782,0,172.5867156982422,172.5867156982422,172.58606109619143,0.0006546020507585126,0.0006546020507585126,0.003797,0,0.0,0.0014171854654904336,0,0,0,W30_N8_mean1.25x,30,8,1.25,1477,Yaw_hybrid_prediction,/home/tchowdh4/sensor_recovery_project/logs/extracted_csv/baseline_04_yaw_rotation_ATT.csv,/home/tchowdh4/sensor_recovery_project/prediction_results_v9_trained_hybrid/baseline_04_yaw_rotation_ATT_trained_hybrid_prediction_outputs.csv
8.000132,baseline_04_yaw_rotation,Yaw,ramp,0.022782,0,172.58908081054688,172.58908081054688,172.59038162231445,-0.001300811767578125,0.001300811767578125,0.003797,0,0.0,0.0014250183105427065,0,0,0,W30_N8_mean1.25x,30,8,1.25,1477,Yaw_hybrid_prediction,/home/tchowdh4/sensor_recovery_project/logs/extracted_csv/baseline_04_yaw_rotation_ATT.csv,/home/tchowdh4/sensor_recovery_project/prediction_results_v9_trained_hybrid/baseline_04_yaw_rotation_ATT_trained_hybrid_prediction_outputs.csv
8.100092,baseline_04_yaw_rotation,Yaw,ramp,0.022782,0,172.59141540527344,172.59141540527344,172.59269943237305,-0.0012840270996150593,0.0012840270996150593,0.003797,0,0.0,0.0014563496907508504,0,0,0,W30_N8_mean1.25x,30,8,1.25,1477,Yaw_hybrid_prediction,/home/tchowdh4/sensor_recovery_project/logs/extracted_csv/baseline_04_yaw_rotation_ATT.csv,/home/tchowdh4/sensor_recovery_project/prediction_results_v9_trained_hybrid/baseline_04_yaw_rotation_ATT_trained_hybrid_prediction_outputs.csv
8.200052,baseline_04_yaw_rotation,Yaw,ramp,0.022782,0,172.59014892578125,172.59014892578125,172.58945236206057,0.0006965637206803876,0.0006965637206803876,0.003797,0,0.0,0.0014225006103458782,0,0,0,W30_N8_mean1.25x,30,8,1.25,1477,Yaw_hybrid_prediction,/home/tchowdh4/sensor_recovery_project/logs/extracted_csv/baseline_04_yaw_rotation_ATT.csv,/home/tchowdh4/sensor_recovery_project/prediction_results_v9_trained_hybrid/baseline_04_yaw_rotation_ATT_trained_hybrid_prediction_outputs.csv
8.300012,baseline_04_yaw_rotation,Yaw,ramp,0.022782,0,172.58668518066406,172.58668518066406,172.58478012084962,0.0019050598144474407,0.0019050598144474407,0.003797,0,0.0,0.00141103108723352,0,0,0,W30_N8_mean1.25x,30,8,1.25,1477,Yaw_hybrid_prediction,/home/tchowdh4/sensor_recovery_project/logs/extracted_csv/baseline_04_yaw_rotation_ATT.csv,/home/tchowdh4/sensor_recovery_project/prediction_results_v9_trained_hybrid/baseline_04_yaw_rotation_ATT_trained_hybrid_prediction_outputs.csv
8.399972,baseline_04_yaw_rotation,Yaw,ramp,0.022782,0,172.58578491210938,172.58578491210938,172.5852897644043,0.0004951477050667563,0.0004951477050667563,0.003797,0,0.0,0.0014138285318949784,0,0,0,W30_N8_mean1.25x,30,8,1.25,1477,Yaw_hybrid_prediction,/home/tchowdh4/sensor_recovery_project/logs/extracted_csv/baseline_04_yaw_rotation_ATT.csv,/home/tchowdh4/sensor_recovery_project/prediction_results_v9_trained_hybrid/baseline_04_yaw_rotation_ATT_trained_hybrid_prediction_outputs.csv
8.500765,baseline_04_yaw_rotation,Yaw,ramp,0.022782,0,172.58815002441406,172.58815002441406,172.58945083618164,-0.001300811767578125,0.001300811767578125,0.003797,0,0.0,0.0013948059081978195,0,0,0,W30_N8_mean1.25x,30,8,1.25,1477,Yaw_hybrid_prediction,/home/tchowdh4/sensor_recovery_project/logs/extracted_csv/baseline_04_yaw_rotation_ATT.csv,/home/tchowdh4/sensor_recovery_project/prediction_results_v9_trained_hybrid/baseline_04_yaw_rotation_ATT_trained_hybrid_prediction_outputs.csv
8.600725,baseline_04_yaw_rotation,Yaw,ramp,0.022782,0,172.5902862548828,172.5902862548828,172.59146118164062,-0.0011749267578125,0.0011749267578125,0.003797,0,0.0,0.001367950439448388,0,0,0,W30_N8_mean1.25x,30,8,1.25,1477,Yaw_hybrid_prediction,/home/tchowdh4/sensor_recovery_project/logs/extracted_csv/baseline_04_yaw_rotation_ATT.csv,/home/tchowdh4/sensor_recovery_project/prediction_results_v9_trained_hybrid/baseline_04_yaw_rotation_ATT_trained_hybrid_prediction_outputs.csv
8.700685,baseline_04_yaw_rotation,Yaw,ramp,0.022782,0,172.5890655517578,172.5890655517578,172.58839416503906,0.00067138671875,0.00067138671875,0.003797,0,0.0,0.0013900502522735299,0,0,0,W30_N8_mean1.25x,30,8,1.25,1477,Yaw_hybrid_prediction,/home/tchowdh4/sensor_recovery_project/logs/extracted_csv/baseline_04_yaw_rotation_ATT.csv,/home/tchowdh4/sensor_recovery_project/prediction_results_v9_trained_hybrid/baseline_04_yaw_rotation_ATT_trained_hybrid_prediction_outputs.csv
8.800645,baseline_04_yaw_rotation,Yaw,ramp,0.022782,0,172.58642578125,172.58642578125,172.58497390747073,0.0014518737792741376,0.0014518737792741376,0.003797,0,0.0,0.001376622517897393,0,0,0,W30_N8_mean1.25x,30,8,1.25,1477,Yaw_hybrid_prediction,/home/tchowdh4/sensor_recovery_project/logs/extracted_csv/baseline_04_yaw_rotation_ATT.csv,/home/tchowdh4/sensor_recovery_project/prediction_results_v9_trained_hybrid/baseline_04_yaw_rotation_ATT_trained_hybrid_prediction_outputs.csv
8.900605,baseline_04_yaw_rotation,Yaw,ramp,0.022782,0,172.58645629882812,172.58645629882812,172.58647308349612,-1.6784667991487368e-05,1.6784667991487368e-05,0.003797,0,0.0,0.001334101359043416,0,0,0,W30_N8_mean1.25x,30,8,1.25,1477,Yaw_hybrid_prediction,/home/tchowdh4/sensor_recovery_project/logs/extracted_csv/baseline_04_yaw_rotation_ATT.csv,/home/tchowdh4/sensor_recovery_project/prediction_results_v9_trained_hybrid/baseline_04_yaw_rotation_ATT_trained_hybrid_prediction_outputs.csv
9.000565,baseline_04_yaw_rotation,Yaw,ramp,0.022782,0,172.58949279785156,172.58949279785156,172.59116287231444,-0.0016700744628792563,0.0016700744628792563,0.003797,0,0.0,0.001353963216140149,0,0,0,W30_N8_mean1.25x,30,8,1.25,1477,Yaw_hybrid_prediction,/home/tchowdh4/sensor_recovery_project/logs/extracted_csv/baseline_04_yaw_rotation_ATT.csv,/home/tchowdh4/sensor_recovery_project/prediction_results_v9_trained_hybrid/baseline_04_yaw_rotation_ATT_trained_hybrid_prediction_outputs.csv
9.100525,baseline_04_yaw_rotation,Yaw,ramp,0.022782,0,172.5919189453125,172.5919189453125,172.593253326416,-0.0013343811035042563,0.0013343811035042563,0.003797,0,0.0,0.001313680013015528,0,0,0,W30_N8_mean1.25x,30,8,1.25,1477,Yaw_hybrid_prediction,/home/tchowdh4/sensor_recovery_project/logs/extracted_csv/baseline_04_yaw_rotation_ATT.csv,/home/tchowdh4/sensor_recovery_project/prediction_results_v9_trained_hybrid/baseline_04_yaw_rotation_ATT_trained_hybrid_prediction_outputs.csv
9.200485,baseline_04_yaw_rotation,Yaw,ramp,0.022782,0,172.59043884277344,172.59043884277344,172.589624786377,0.000814056396450269,0.000814056396450269,0.003797,0,0.0,0.00129353841145227,0,0,0,W30_N8_mean1.25x,30,8,1.25,1477,Yaw_hybrid_prediction,/home/tchowdh4/sensor_recovery_project/logs/extracted_csv/baseline_04_yaw_rotation_ATT.csv,/home/tchowdh4/sensor_recovery_project/prediction_results_v9_trained_hybrid/baseline_04_yaw_rotation_ATT_trained_hybrid_prediction_outputs.csv
9.300445,baseline_04_yaw_rotation,Yaw,ramp,0.022782,0,172.5866241455078,172.5866241455078,172.58452606201172,0.00209808349609375,0.00209808349609375,0.003797,0,0.0,0.00132710774738977,0,0,0,W30_N8_mean1.25x,30,8,1.25,1477,Yaw_hybrid_prediction,/home/tchowdh4/sensor_recovery_project/logs/extracted_csv/baseline_04_yaw_rotation_ATT.csv,/home/tchowdh4/sensor_recovery_project/prediction_results_v9_trained_hybrid/baseline_04_yaw_rotation_ATT_trained_hybrid_prediction_outputs.csv
9.400405,baseline_04_yaw_rotation,Yaw,ramp,0.022782,0,172.58470153808594,172.58470153808594,172.58364410400392,0.001057434082014197,0.001057434082014197,0.003797,0,0.0,0.0012952168782485766,0,0,0,W30_N8_mean1.25x,30,8,1.25,1477,Yaw_hybrid_prediction,/home/tchowdh4/sensor_recovery_project/logs/extracted_csv/baseline_04_yaw_rotation_ATT.csv,/home/tchowdh4/sensor_recovery_project/prediction_results_v9_trained_hybrid/baseline_04_yaw_rotation_ATT_trained_hybrid_prediction_outputs.csv
9.500365,baseline_04_yaw_rotation,Yaw,ramp,0.022782,0,172.58688354492188,172.58688354492188,172.58808364868165,-0.0012001037597713093,0.0012001037597713093,0.003797,0,0.0,0.0012991333007742393,0,0,0,W30_N8_mean1.25x,30,8,1.25,1477,Yaw_hybrid_prediction,/home/tchowdh4/sensor_recovery_project/logs/extracted_csv/baseline_04_yaw_rotation_ATT.csv,/home/tchowdh4/sensor_recovery_project/prediction_results_v9_trained_hybrid/baseline_04_yaw_rotation_ATT_trained_hybrid_prediction_outputs.csv
9.600325,baseline_04_yaw_rotation,Yaw,ramp,0.022782,0,172.5895233154297,172.5895233154297,172.59097518920902,-0.001451873779330981,0.001451873779330981,0.003797,0,0.0,0.0012882232665958782,0,0,0,W30_N8_mean1.25x,30,8,1.25,1477,Yaw_hybrid_prediction,/home/tchowdh4/sensor_recovery_project/logs/extracted_csv/baseline_04_yaw_rotation_ATT.csv,/home/tchowdh4/sensor_recovery_project/prediction_results_v9_trained_hybrid/baseline_04_yaw_rotation_ATT_trained_hybrid_prediction_outputs.csv
9.700285,baseline_04_yaw_rotation,Yaw,ramp,0.022782,0,172.59014892578125,172.59014892578125,172.59049301147462,-0.0003440856933707437,0.0003440856933707437,0.003797,0,0.0,0.001227798461909894,0,0,0,W30_N8_mean1.25x,30,8,1.25,1477,Yaw_hybrid_prediction,/home/tchowdh4/sensor_recovery_project/logs/extracted_csv/baseline_04_yaw_rotation_ATT.csv,/home/tchowdh4/sensor_recovery_project/prediction_results_v9_trained_hybrid/baseline_04_yaw_rotation_ATT_trained_hybrid_prediction_outputs.csv
9.800245,baseline_04_yaw_rotation,Yaw,ramp,0.022782,0,172.58895874023438,172.58895874023438,172.58830413818362,0.0006546020507585126,0.0006546020507585126,0.003797,0,0.0,0.0012322743733676588,0,0,0,W30_N8_mean1.25x,30,8,1.25,1477,Yaw_hybrid_prediction,/home/tchowdh4/sensor_recovery_project/logs/extracted_csv/baseline_04_yaw_rotation_ATT.csv,/home/tchowdh4/sensor_recovery_project/prediction_results_v9_trained_hybrid/baseline_04_yaw_rotation_ATT_trained_hybrid_prediction_outputs.csv
9.900205,baseline_04_yaw_rotation,Yaw,ramp,0.022782,0,172.5880889892578,172.5880889892578,172.58761062622074,0.00047836303707526895,0.00047836303707526895,0.003797,0,0.0,0.001185277303054022,0,0,0,W30_N8_mean1.25x,30,8,1.25,1477,Yaw_hybrid_prediction,/home/tchowdh4/sensor_recovery_project/logs/extracted_csv/baseline_04_yaw_rotation_ATT.csv,/home/tchowdh4/sensor_recovery_project/prediction_results_v9_trained_hybrid/baseline_04_yaw_rotation_ATT_trained_hybrid_prediction_outputs.csv
10.000165,baseline_04_yaw_rotation,Yaw,ramp,0.022782,0,172.5872039794922,172.5872039794922,172.58671722412112,0.00048675537107101263,0.00048675537107101263,0.003797,0,0.0,0.0011298878987560101,0,0,0,W30_N8_mean1.25x,30,8,1.25,1477,Yaw_hybrid_prediction,/home/tchowdh4/sensor_recovery_project/logs/extracted_csv/baseline_04_yaw_rotation_ATT.csv,/home/tchowdh4/sensor_recovery_project/prediction_results_v9_trained_hybrid/baseline_04_yaw_rotation_ATT_trained_hybrid_prediction_outputs.csv
10.100125,baseline_04_yaw_rotation,Yaw,ramp,0.022782,0,172.58636474609375,172.58636474609375,172.5859031677246,0.000461578369140625,0.000461578369140625,0.003797,0,0.0,0.0011270904540945518,0,0,0,W30_N8_mean1.25x,30,8,1.25,1477,Yaw_hybrid_prediction,/home/tchowdh4/sensor_recovery_project/logs/extracted_csv/baseline_04_yaw_rotation_ATT.csv,/home/tchowdh4/sensor_recovery_project/prediction_results_v9_trained_hybrid/baseline_04_yaw_rotation_ATT_trained_hybrid_prediction_outputs.csv
10.200085,baseline_04_yaw_rotation,Yaw,ramp,0.022782,0,172.58595275878906,172.58595275878906,172.58572616577152,0.00022659301754401895,0.00022659301754401895,0.003797,0,0.0,0.0010742187499914735,0,0,0,W30_N8_mean1.25x,30,8,1.25,1477,Yaw_hybrid_prediction,/home/tchowdh4/sensor_recovery_project/logs/extracted_csv/baseline_04_yaw_rotation_ATT.csv,/home/tchowdh4/sensor_recovery_project/prediction_results_v9_trained_hybrid/baseline_04_yaw_rotation_ATT_trained_hybrid_prediction_outputs.csv
10.300045,baseline_04_yaw_rotation,Yaw,ramp,0.022782,0,172.58616638183594,172.58616638183594,172.58628387451174,-0.00011749267579830303,0.00011749267579830303,0.003797,0,0.0,0.000993372599276654,0,0,0,W30_N8_mean1.25x,30,8,1.25,1477,Yaw_hybrid_prediction,/home/tchowdh4/sensor_recovery_project/logs/extracted_csv/baseline_04_yaw_rotation_ATT.csv,/home/tchowdh4/sensor_recovery_project/prediction_results_v9_trained_hybrid/baseline_04_yaw_rotation_ATT_trained_hybrid_prediction_outputs.csv
10.400005,baseline_04_yaw_rotation,Yaw,ramp,0.022782,0,172.58631896972656,172.58631896972656,172.5864028930664,-8.392333984375e-05,8.392333984375e-05,0.003797,0,0.0,0.000988896687818889,0,0,0,W30_N8_mean1.25x,30,8,1.25,1477,Yaw_hybrid_prediction,/home/tchowdh4/sensor_recovery_project/logs/extracted_csv/baseline_04_yaw_rotation_ATT.csv,/home/tchowdh4/sensor_recovery_project/prediction_results_v9_trained_hybrid/baseline_04_yaw_rotation_ATT_trained_hybrid_prediction_outputs.csv
10.500798,baseline_04_yaw_rotation,Yaw,ramp,0.022782,0,172.58676147460938,172.58676147460938,172.58700485229494,-0.00024337768556392803,0.00024337768556392803,0.003797,0,0.0,0.0009315490722599407,0,0,0,W30_N8_mean1.25x,30,8,1.25,1477,Yaw_hybrid_prediction,/home/tchowdh4/sensor_recovery_project/logs/extracted_csv/baseline_04_yaw_rotation_ATT.csv,/home/tchowdh4/sensor_recovery_project/prediction_results_v9_trained_hybrid/baseline_04_yaw_rotation_ATT_trained_hybrid_prediction_outputs.csv
10.600758,baseline_04_yaw_rotation,Yaw,ramp,0.022782,0,172.58656311035156,172.58656311035156,172.5864540100098,0.00010910034177413763,0.00010910034177413763,0.003797,0,0.0,0.0008708445231055369,0,0,0,W30_N8_mean1.25x,30,8,1.25,1477,Yaw_hybrid_prediction,/home/tchowdh4/sensor_recovery_project/logs/extracted_csv/baseline_04_yaw_rotation_ATT.csv,/home/tchowdh4/sensor_recovery_project/prediction_results_v9_trained_hybrid/baseline_04_yaw_rotation_ATT_trained_hybrid_prediction_outputs.csv
10.700718,baseline_04_yaw_rotation,Yaw,ramp,0.022782,0,172.58644104003906,172.58644104003906,172.5863739013672,6.713867185226263e-05,6.713867185226263e-05,0.003797,0,0.0,0.000859095255526654,0,0,0,W30_N8_mean1.25x,30,8,1.25,1477,Yaw_hybrid_prediction,/home/tchowdh4/sensor_recovery_project/logs/extracted_csv/baseline_04_yaw_rotation_ATT.csv,/home/tchowdh4/sensor_recovery_project/prediction_results_v9_trained_hybrid/baseline_04_yaw_rotation_ATT_trained_hybrid_prediction_outputs.csv
10.800678,baseline_04_yaw_rotation,Yaw,ramp,0.022782,0,172.58624267578125,172.58624267578125,172.58613357543948,0.00010910034177413763,0.00010910034177413763,0.003797,0,0.0,0.0007986704508387751,0,0,0,W30_N8_mean1.25x,30,8,1.25,1477,Yaw_hybrid_prediction,/home/tchowdh4/sensor_recovery_project/logs/extracted_csv/baseline_04_yaw_rotation_ATT.csv,/home/tchowdh4/sensor_recovery_project/prediction_results_v9_trained_hybrid/baseline_04_yaw_rotation_ATT_trained_hybrid_prediction_outputs.csv
10.900638,baseline_04_yaw_rotation,Yaw,ramp,0.022782,0,172.5865478515625,172.5865478515625,172.5867156982422,-0.0001678466796875,0.0001678466796875,0.003797,0,0.0,0.0007824452718030746,0,0,0,W30_N8_mean1.25x,30,8,1.25,1477,Yaw_hybrid_prediction,/home/tchowdh4/sensor_recovery_project/logs/extracted_csv/baseline_04_yaw_rotation_ATT.csv,/home/tchowdh4/sensor_recovery_project/prediction_results_v9_trained_hybrid/baseline_04_yaw_rotation_ATT_trained_hybrid_prediction_outputs.csv
11.000598,baseline_04_yaw_rotation,Yaw,ramp,0.022782,1,172.58676147460938,172.58676147460938,172.58687896728517,-0.00011749267579830303,0.00011749267579830303,0.003797,0,0.0,0.0007430013020770806,0,0,0,W30_N8_mean1.25x,30,8,1.25,1477,Yaw_hybrid_prediction,/home/tchowdh4/sensor_recovery_project/logs/extracted_csv/baseline_04_yaw_rotation_ATT.csv,/home/tchowdh4/sensor_recovery_project/prediction_results_v9_trained_hybrid/baseline_04_yaw_rotation_ATT_trained_hybrid_prediction_outputs.csv
11.100558,baseline_04_yaw_rotation,Yaw,ramp,0.022782,1,172.58641052246094,172.58661763155186,172.58621749877932,0.0004001327725404735,0.0004001327725404735,0.003797,0,0.0,0.000713538157841261,0,0,0,W30_N8_mean1.25x,30,8,1.25,1477,Yaw_hybrid_prediction,/home/tchowdh4/sensor_recovery_project/logs/extracted_csv/baseline_04_yaw_rotation_ATT.csv,/home/tchowdh4/sensor_recovery_project/prediction_results_v9_trained_hybrid/baseline_04_yaw_rotation_ATT_trained_hybrid_prediction_outputs.csv
11.200518,baseline_04_yaw_rotation,Yaw,ramp,0.022782,1,172.58570861816406,172.58612283634588,172.5853225708008,0.000800265545080947,0.000800265545080947,0.003797,0,0.0,0.0007169948853212797,0,0,0,W30_N8_mean1.25x,30,8,1.25,1477,Yaw_hybrid_prediction,/home/tchowdh4/sensor_recovery_project/logs/extracted_csv/baseline_04_yaw_rotation_ATT.csv,/home/tchowdh4/sensor_recovery_project/prediction_results_v9_trained_hybrid/baseline_04_yaw_rotation_ATT_trained_hybrid_prediction_outputs.csv
11.300478,baseline_04_yaw_rotation,Yaw,ramp,0.022782,1,172.58688354492188,172.58750487219461,172.5875297546387,-2.48824440802764e-05,2.48824440802764e-05,0.003797,0,0.0,0.0006543223063090409,0,0,0,W30_N8_mean1.25x,30,8,1.25,1477,Yaw_hybrid_prediction,/home/tchowdh4/sensor_recovery_project/logs/extracted_csv/baseline_04_yaw_rotation_ATT.csv,/home/tchowdh4/sensor_recovery_project/prediction_results_v9_trained_hybrid/baseline_04_yaw_rotation_ATT_trained_hybrid_prediction_outputs.csv
11.400438,baseline_04_yaw_rotation,Yaw,ramp,0.022782,1,172.5874786376953,172.58830707405895,172.58780593872072,0.0005011353382258221,0.0005011353382258221,0.003797,0,0.0,0.0006545218940810098,0,0,0,W30_N8_mean1.25x,30,8,1.25,1477,Yaw_hybrid_prediction,/home/tchowdh4/sensor_recovery_project/logs/extracted_csv/baseline_04_yaw_rotation_ATT.csv,/home/tchowdh4/sensor_recovery_project/prediction_results_v9_trained_hybrid/baseline_04_yaw_rotation_ATT_trained_hybrid_prediction_outputs.csv
11.500398,baseline_04_yaw_rotation,Yaw,ramp,0.022782,1,172.58660888671875,172.5876444321733,172.58613052368165,0.0015139084916597767,0.0015139084916597767,0.003797,0,0.0,0.0006616251182170648,0,0,0,W30_N8_mean1.25x,30,8,1.25,1477,Yaw_hybrid_prediction,/home/tchowdh4/sensor_recovery_project/logs/extracted_csv/baseline_04_yaw_rotation_ATT.csv,/home/tchowdh4/sensor_recovery_project/prediction_results_v9_trained_hybrid/baseline_04_yaw_rotation_ATT_trained_hybrid_prediction_outputs.csv
11.600358,baseline_04_yaw_rotation,Yaw,ramp,0.022782,1,172.58547973632812,172.58672239087358,172.5848587036133,0.0018636872602826315,0.0018636872602826315,0.003797,0,0.0,0.0006845838016327359,0,0,0,W30_N8_mean1.25x,30,8,1.25,1477,Yaw_hybrid_prediction,/home/tchowdh4/sensor_recovery_project/logs/extracted_csv/baseline_04_yaw_rotation_ATT.csv,/home/tchowdh4/sensor_recovery_project/prediction_results_v9_trained_hybrid/baseline_04_yaw_rotation_ATT_trained_hybrid_prediction_outputs.csv
11.700318,baseline_04_yaw_rotation,Yaw,ramp,0.022782,1,172.58534240722656,172.58679217086294,172.58526687622071,0.0015252946422208424,0.0015252946422208424,0.003797,0,0.0,0.0007130473990817639,0,0,0,W30_N8_mean1.25x,30,8,1.25,1477,Yaw_hybrid_prediction,/home/tchowdh4/sensor_recovery_project/logs/extracted_csv/baseline_04_yaw_rotation_ATT.csv,/home/tchowdh4/sensor_recovery_project/prediction_results_v9_trained_hybrid/baseline_04_yaw_rotation_ATT_trained_hybrid_prediction_outputs.csv
11.800278,baseline_04_yaw_rotation,Yaw,ramp,0.022782,1,172.5865020751953,172.58815894792258,172.58713989257814,0.0010190553444431316,0.0010190553444431316,0.003797,0,0.0,0.0006986201179207304,0,0,0,W30_N8_mean1.25x,30,8,1.25,1477,Yaw_hybrid_prediction,/home/tchowdh4/sensor_recovery_project/logs/extracted_csv/baseline_04_yaw_rotation_ATT.csv,/home/tchowdh4/sensor_recovery_project/prediction_results_v9_trained_hybrid/baseline_04_yaw_rotation_ATT_trained_hybrid_prediction_outputs.csv
11.900238,baseline_04_yaw_rotation,Yaw,ramp,0.022782,1,172.58714294433594,172.58900692615413,172.5874954223633,0.0015115037908230988,0.0015115037908230988,0.003797,0,0.0,0.000748444088681784,0,0,0,W30_N8_mean1.25x,30,8,1.25,1477,Yaw_hybrid_prediction,/home/tchowdh4/sensor_recovery_project/logs/extracted_csv/baseline_04_yaw_rotation_ATT.csv,/home/tchowdh4/sensor_recovery_project/prediction_results_v9_trained_hybrid/baseline_04_yaw_rotation_ATT_trained_hybrid_prediction_outputs.csv
12.000198,baseline_04_yaw_rotation,Yaw,ramp,0.022782,1,172.58633422851562,172.5884053194247,172.58588943481448,0.002515884610232888,0.002515884610232888,0.003797,0,0.0,0.0007766377602602385,0,0,0,W30_N8_mean1.25x,30,8,1.25,1477,Yaw_hybrid_prediction,/home/tchowdh4/sensor_recovery_project/logs/extracted_csv/baseline_04_yaw_rotation_ATT.csv,/home/tchowdh4/sensor_recovery_project/prediction_results_v9_trained_hybrid/baseline_04_yaw_rotation_ATT_trained_hybrid_prediction_outputs.csv
12.100158,baseline_04_yaw_rotation,Yaw,ramp,0.022782,1,172.58583068847656,172.58810888847657,172.5855537414551,0.002555147021467974,0.002555147021467974,0.003797,0,0.0,0.0008173299575256958,0,0,0,W30_N8_mean1.25x,30,8,1.25,1477,Yaw_hybrid_prediction,/home/tchowdh4/sensor_recovery_project/logs/extracted_csv/baseline_04_yaw_rotation_ATT.csv,/home/tchowdh4/sensor_recovery_project/prediction_results_v9_trained_hybrid/baseline_04_yaw_rotation_ATT_trained_hybrid_prediction_outputs.csv
12.200118,baseline_04_yaw_rotation,Yaw,ramp,0.022782,1,172.58465576171875,172.58714107080965,172.584009552002,0.0031315188076632694,0.0031315188076632694,0.003797,0,0.0,0.0008945787045661291,0,0,0,W30_N8_mean1.25x,30,8,1.25,1477,Yaw_hybrid_prediction,/home/tchowdh4/sensor_recovery_project/logs/extracted_csv/baseline_04_yaw_rotation_ATT.csv,/home/tchowdh4/sensor_recovery_project/prediction_results_v9_trained_hybrid/baseline_04_yaw_rotation_ATT_trained_hybrid_prediction_outputs.csv
12.300078,baseline_04_yaw_rotation,Yaw,ramp,0.022782,1,172.58425903320312,172.58695145138495,172.58404083251955,0.0029106188653997833,0.0029106188653997833,0.003797,0,0.0,0.0009216632168763302,0,0,0,W30_N8_mean1.25x,30,8,1.25,1477,Yaw_hybrid_prediction,/home/tchowdh4/sensor_recovery_project/logs/extracted_csv/baseline_04_yaw_rotation_ATT.csv,/home/tchowdh4/sensor_recovery_project/prediction_results_v9_trained_hybrid/baseline_04_yaw_rotation_ATT_trained_hybrid_prediction_outputs.csv
12.400038,baseline_04_yaw_rotation,Yaw,ramp,0.022782,1,172.58416748046875,172.58706700774147,172.58411712646486,0.0029498812766064475,0.0029498812766064475,0.003797,0,0.0,0.0009847447900294052,0,0,0,W30_N8_mean1.25x,30,8,1.25,1477,Yaw_hybrid_prediction,/home/tchowdh4/sensor_recovery_project/logs/extracted_csv/baseline_04_yaw_rotation_ATT.csv,/home/tchowdh4/sensor_recovery_project/prediction_results_v9_trained_hybrid/baseline_04_yaw_rotation_ATT_trained_hybrid_prediction_outputs.csv
12.499998,baseline_04_yaw_rotation,Yaw,ramp,0.022782,1,172.5869140625,172.59002069886364,172.5884246826172,0.0015960162464523364,0.0015960162464523364,0.003797,0,0.0,0.0009979418729187729,0,0,0,W30_N8_mean1.25x,30,8,1.25,1477,Yaw_hybrid_prediction,/home/tchowdh4/sensor_recovery_project/logs/extracted_csv/baseline_04_yaw_rotation_ATT.csv,/home/tchowdh4/sensor_recovery_project/prediction_results_v9_trained_hybrid/baseline_04_yaw_rotation_ATT_trained_hybrid_prediction_outputs.csv
12.600791,baseline_04_yaw_rotation,Yaw,ramp,0.022782,1,172.58819580078125,172.59150954623578,172.58890075683593,0.0026087893998578693,0.0026087893998578693,0.003797,0,0.0,0.0010365057269363356,0,0,0,W30_N8_mean1.25x,30,8,1.25,1477,Yaw_hybrid_prediction,/home/tchowdh4/sensor_recovery_project/logs/extracted_csv/baseline_04_yaw_rotation_ATT.csv,/home/tchowdh4/sensor_recovery_project/prediction_results_v9_trained_hybrid/baseline_04_yaw_rotation_ATT_trained_hybrid_prediction_outputs.csv
12.700751,baseline_04_yaw_rotation,Yaw,ramp,0.022782,1,172.58599853515625,172.5895193897017,172.5847900390625,0.004729350639195218,0.004729350639195218,0.003797,1,1.0,0.0011826812251304849,0,0,0,W30_N8_mean1.25x,30,8,1.25,1477,Yaw_hybrid_prediction,/home/tchowdh4/sensor_recovery_project/logs/extracted_csv/baseline_04_yaw_rotation_ATT.csv,/home/tchowdh4/sensor_recovery_project/prediction_results_v9_trained_hybrid/baseline_04_yaw_rotation_ATT_trained_hybrid_prediction_outputs.csv
12.800711,baseline_04_yaw_rotation,Yaw,ramp,0.022782,1,172.5825958251953,172.58632378883166,172.58072433471682,0.005599454114843638,0.005599454114843638,0.003797,1,2.0,0.0013475096272666557,0,0,0,W30_N8_mean1.25x,30,8,1.25,1477,Yaw_hybrid_prediction,/home/tchowdh4/sensor_recovery_project/logs/extracted_csv/baseline_04_yaw_rotation_ATT.csv,/home/tchowdh4/sensor_recovery_project/prediction_results_v9_trained_hybrid/baseline_04_yaw_rotation_ATT_trained_hybrid_prediction_outputs.csv
12.900671,baseline_04_yaw_rotation,Yaw,ramp,0.022782,1,172.58187866210938,172.58581373483665,172.58148422241212,0.004329512424533277,0.004329512424533277,0.003797,1,3.0,0.001475881273515256,0,0,0,W30_N8_mean1.25x,30,8,1.25,1477,Yaw_hybrid_prediction,/home/tchowdh4/sensor_recovery_project/logs/extracted_csv/baseline_04_yaw_rotation_ATT.csv,/home/tchowdh4/sensor_recovery_project/prediction_results_v9_trained_hybrid/baseline_04_yaw_rotation_ATT_trained_hybrid_prediction_outputs.csv
13.000631,baseline_04_yaw_rotation,Yaw,ramp,0.022782,1,172.58444213867188,172.58858432049007,172.58585205078126,0.002732269708815238,0.002732269708815238,0.003797,0,3.0,0.0015507317514400635,0,0,0,W30_N8_mean1.25x,30,8,1.25,1477,Yaw_hybrid_prediction,/home/tchowdh4/sensor_recovery_project/logs/extracted_csv/baseline_04_yaw_rotation_ATT.csv,/home/tchowdh4/sensor_recovery_project/prediction_results_v9_trained_hybrid/baseline_04_yaw_rotation_ATT_trained_hybrid_prediction_outputs.csv
13.100591,baseline_04_yaw_rotation,Yaw,ramp,0.022782,1,172.58717346191406,172.59152275282315,172.58867568969728,0.0028470631258699086,0.0028470631258699086,0.003797,0,3.0,0.0016302479099977063,0,0,0,W30_N8_mean1.25x,30,8,1.25,1477,Yaw_hybrid_prediction,/home/tchowdh4/sensor_recovery_project/logs/extracted_csv/baseline_04_yaw_rotation_ATT.csv,/home/tchowdh4/sensor_recovery_project/prediction_results_v9_trained_hybrid/baseline_04_yaw_rotation_ATT_trained_hybrid_prediction_outputs.csv
13.200551,baseline_04_yaw_rotation,Yaw,ramp,0.022782,1,172.5876922607422,172.5922486607422,172.58797760009767,0.0042710606445268695,0.0042710606445268695,0.003797,1,4.0,0.0017650634975638012,0,0,0,W30_N8_mean1.25x,30,8,1.25,1477,Yaw_hybrid_prediction,/home/tchowdh4/sensor_recovery_project/logs/extracted_csv/baseline_04_yaw_rotation_ATT.csv,/home/tchowdh4/sensor_recovery_project/prediction_results_v9_trained_hybrid/baseline_04_yaw_rotation_ATT_trained_hybrid_prediction_outputs.csv
13.300511,baseline_04_yaw_rotation,Yaw,ramp,0.022782,1,172.58688354492188,172.59164705401278,172.58643875122073,0.005208302792055974,0.005208302792055974,0.003797,1,5.0,0.0019347571681057236,0,0,0,W30_N8_mean1.25x,30,8,1.25,1477,Yaw_hybrid_prediction,/home/tchowdh4/sensor_recovery_project/logs/extracted_csv/baseline_04_yaw_rotation_ATT.csv,/home/tchowdh4/sensor_recovery_project/prediction_results_v9_trained_hybrid/baseline_04_yaw_rotation_ATT_trained_hybrid_prediction_outputs.csv
13.400471,baseline_04_yaw_rotation,Yaw,ramp,0.022782,1,172.5839385986328,172.58890921681464,172.58231887817385,0.00659033864079106,0.00659033864079106,0.003797,1,6.0,0.0021516376781373007,0,0,0,W30_N8_mean1.25x,30,8,1.25,1477,Yaw_hybrid_prediction,/home/tchowdh4/sensor_recovery_project/logs/extracted_csv/baseline_04_yaw_rotation_ATT.csv,/home/tchowdh4/sensor_recovery_project/prediction_results_v9_trained_hybrid/baseline_04_yaw_rotation_ATT_trained_hybrid_prediction_outputs.csv
13.500431,baseline_04_yaw_rotation,Yaw,ramp,0.022782,1,172.58273315429688,172.5879108815696,172.58207015991212,0.005840721657477843,0.005840721657477843,0.003797,1,7.0,0.002338215810534431,0,0,0,W30_N8_mean1.25x,30,8,1.25,1477,Yaw_hybrid_prediction,/home/tchowdh4/sensor_recovery_project/logs/extracted_csv/baseline_04_yaw_rotation_ATT.csv,/home/tchowdh4/sensor_recovery_project/prediction_results_v9_trained_hybrid/baseline_04_yaw_rotation_ATT_trained_hybrid_prediction_outputs.csv
13.600391,baseline_04_yaw_rotation,Yaw,ramp,0.022782,1,172.5850067138672,172.59039155023083,172.58625717163088,0.004134378599957245,0.004134378599957245,0.003797,1,8.0,0.002472391752473868,1,0,1,W30_N8_mean1.25x,30,8,1.25,1477,Yaw_hybrid_prediction,/home/tchowdh4/sensor_recovery_project/logs/extracted_csv/baseline_04_yaw_rotation_ATT.csv,/home/tchowdh4/sensor_recovery_project/prediction_results_v9_trained_hybrid/baseline_04_yaw_rotation_ATT_trained_hybrid_prediction_outputs.csv
13.700351,baseline_04_yaw_rotation,Yaw,ramp,0.022782,1,172.58863830566406,172.5942302511186,172.59063568115235,0.0035945699662534025,0.0035945699662534025,0.003797,0,8.0,0.0025899727956205727,1,0,1,W30_N8_mean1.25x,30,8,1.25,1477,Yaw_hybrid_prediction,/home/tchowdh4/sensor_recovery_project/logs/extracted_csv/baseline_04_yaw_rotation_ATT.csv,/home/tchowdh4/sensor_recovery_project/prediction_results_v9_trained_hybrid/baseline_04_yaw_rotation_ATT_trained_hybrid_prediction_outputs.csv
13.800311,baseline_04_yaw_rotation,Yaw,ramp,0.022782,1,172.58908081054688,172.59487986509234,172.58932418823244,0.005555676859898995,0.005555676859898995,0.003797,1,9.0,0.0027715253462247346,1,0,1,W30_N8_mean1.25x,30,8,1.25,1477,Yaw_hybrid_prediction,/home/tchowdh4/sensor_recovery_project/logs/extracted_csv/baseline_04_yaw_rotation_ATT.csv,/home/tchowdh4/sensor_recovery_project/prediction_results_v9_trained_hybrid/baseline_04_yaw_rotation_ATT_trained_hybrid_prediction_outputs.csv
13.900271,baseline_04_yaw_rotation,Yaw,ramp,0.022782,1,172.58663940429688,172.59264556793323,172.58529663085938,0.007348937073857087,0.007348937073857087,0.003797,1,10.0,0.0030108950260303875,1,0,1,W30_N8_mean1.25x,30,8,1.25,1477,Yaw_hybrid_prediction,/home/tchowdh4/sensor_recovery_project/logs/extracted_csv/baseline_04_yaw_rotation_ATT.csv,/home/tchowdh4/sensor_recovery_project/prediction_results_v9_trained_hybrid/baseline_04_yaw_rotation_ATT_trained_hybrid_prediction_outputs.csv
14.000231,baseline_04_yaw_rotation,Yaw,ramp,0.022782,1,172.58441162109375,172.59062489382103,172.58318634033205,0.00743855348898137,0.00743855348898137,0.003797,1,11.0,0.0032549303864698232,1,0,1,W30_N8_mean1.25x,30,8,1.25,1477,Yaw_hybrid_prediction,/home/tchowdh4/sensor_recovery_project/logs/extracted_csv/baseline_04_yaw_rotation_ATT.csv,/home/tchowdh4/sensor_recovery_project/prediction_results_v9_trained_hybrid/baseline_04_yaw_rotation_ATT_trained_hybrid_prediction_outputs.csv
14.100191,baseline_04_yaw_rotation,Yaw,ramp,0.022782,1,172.58358764648438,172.59000802830255,172.58313446044923,0.006873567853318718,0.006873567853318718,0.003797,1,12.0,0.003470711555829098,1,0,1,W30_N8_mean1.25x,30,8,1.25,1477,Yaw_hybrid_prediction,/home/tchowdh4/sensor_recovery_project/logs/extracted_csv/baseline_04_yaw_rotation_ATT.csv,/home/tchowdh4/sensor_recovery_project/prediction_results_v9_trained_hybrid/baseline_04_yaw_rotation_ATT_trained_hybrid_prediction_outputs.csv
14.200151,baseline_04_yaw_rotation,Yaw,ramp,0.022782,1,172.58302307128906,172.58965056219816,172.58271255493165,0.006938007266512614,0.006938007266512614,0.003797,1,13.0,0.003675302946543487,1,0,1,W30_N8_mean1.25x,30,8,1.25,1477,Yaw_hybrid_prediction,/home/tchowdh4/sensor_recovery_project/logs/extracted_csv/baseline_04_yaw_rotation_ATT.csv,/home/tchowdh4/sensor_recovery_project/prediction_results_v9_trained_hybrid/baseline_04_yaw_rotation_ATT_trained_hybrid_prediction_outputs.csv
14.300111,baseline_04_yaw_rotation,Yaw,ramp,0.022782,1,172.58282470703125,172.58965930703124,172.58271560668948,0.006943700341764725,0.006943700341764725,0.003797,1,14.0,0.0039059302097996353,1,0,1,W30_N8_mean1.25x,30,8,1.25,1477,Yaw_hybrid_prediction,/home/tchowdh4/sensor_recovery_project/logs/extracted_csv/baseline_04_yaw_rotation_ATT.csv,/home/tchowdh4/sensor_recovery_project/prediction_results_v9_trained_hybrid/baseline_04_yaw_rotation_ATT_trained_hybrid_prediction_outputs.csv
14.400071,baseline_04_yaw_rotation,Yaw,ramp,0.022782,1,172.5832061767578,172.59024788584873,172.58341598510742,0.006831900741303798,0.006831900741303798,0.003797,1,15.0,0.004116955723235568,1,0,1,W30_N8_mean1.25x,30,8,1.25,1477,Yaw_hybrid_prediction,/home/tchowdh4/sensor_recovery_project/logs/extracted_csv/baseline_04_yaw_rotation_ATT.csv,/home/tchowdh4/sensor_recovery_project/prediction_results_v9_trained_hybrid/baseline_04_yaw_rotation_ATT_trained_hybrid_prediction_outputs.csv
14.500031,baseline_04_yaw_rotation,Yaw,ramp,0.022782,1,172.58372497558594,172.59097379376774,172.58401031494142,0.006963478826321534,0.006963478826321534,0.003797,1,16.0,0.004298608067724293,1,0,1,W30_N8_mean1.25x,30,8,1.25,1477,Yaw_hybrid_prediction,/home/tchowdh4/sensor_recovery_project/logs/extracted_csv/baseline_04_yaw_rotation_ATT.csv,/home/tchowdh4/sensor_recovery_project/prediction_results_v9_trained_hybrid/baseline_04_yaw_rotation_ATT_trained_hybrid_prediction_outputs.csv
14.599991,baseline_04_yaw_rotation,Yaw,ramp,0.022782,1,172.58383178710938,172.5912877143821,172.5838905334473,0.007397180934816561,0.007397180934816561,0.003797,1,17.0,0.004483057856875424,1,0,1,W30_N8_mean1.25x,30,8,1.25,1477,Yaw_hybrid_prediction,/home/tchowdh4/sensor_recovery_project/logs/extracted_csv/baseline_04_yaw_rotation_ATT.csv,/home/tchowdh4/sensor_recovery_project/prediction_results_v9_trained_hybrid/baseline_04_yaw_rotation_ATT_trained_hybrid_prediction_outputs.csv
14.700784,baseline_04_yaw_rotation,Yaw,ramp,0.022782,1,172.58436584472656,172.5920288810902,172.58465957641602,0.007369304674170962,0.007369304674170962,0.003797,1,18.0,0.004677858191273762,1,0,1,W30_N8_mean1.25x,30,8,1.25,1477,Yaw_hybrid_prediction,/home/tchowdh4/sensor_recovery_project/logs/extracted_csv/baseline_04_yaw_rotation_ATT.csv,/home/tchowdh4/sensor_recovery_project/prediction_results_v9_trained_hybrid/baseline_04_yaw_rotation_ATT_trained_hybrid_prediction_outputs.csv
14.800744,baseline_04_yaw_rotation,Yaw,ramp,0.022782,1,172.58438110351562,172.59225124897017,172.58438949584962,0.00786175312055093,0.00786175312055093,0.003797,1,19.0,0.004905948117144021,1,1,1,W30_N8_mean1.25x,30,8,1.25,1477,Yaw_hybrid_prediction,/home/tchowdh4/sensor_recovery_project/logs/extracted_csv/baseline_04_yaw_rotation_ATT.csv,/home/tchowdh4/sensor_recovery_project/prediction_results_v9_trained_hybrid/baseline_04_yaw_rotation_ATT_trained_hybrid_prediction_outputs.csv
14.900704,baseline_04_yaw_rotation,Yaw,ramp,0.022782,1,172.58448791503906,172.5925651695845,172.58454666137698,0.008018508207527475,0.008018508207527475,0.003797,1,20.0,0.0051228482643675,1,1,1,W30_N8_mean1.25x,30,8,1.25,1477,Yaw_hybrid_prediction,/home/tchowdh4/sensor_recovery_project/logs/extracted_csv/baseline_04_yaw_rotation_ATT.csv,/home/tchowdh4/sensor_recovery_project/prediction_results_v9_trained_hybrid/baseline_04_yaw_rotation_ATT_trained_hybrid_prediction_outputs.csv
15.000664,baseline_04_yaw_rotation,Yaw,ramp,0.022782,1,172.58425903320312,172.5925433968395,172.58413314819336,0.008410248646129048,0.008410248646129048,0.003797,1,21.0,0.005319327065564039,1,1,1,W30_N8_mean1.25x,30,8,1.25,1477,Yaw_hybrid_prediction,/home/tchowdh4/sensor_recovery_project/logs/extracted_csv/baseline_04_yaw_rotation_ATT.csv,/home/tchowdh4/sensor_recovery_project/prediction_results_v9_trained_hybrid/baseline_04_yaw_rotation_ATT_trained_hybrid_prediction_outputs.csv
15.100624,baseline_04_yaw_rotation,Yaw,ramp,0.022782,1,172.5840301513672,172.59252162409447,172.58390426635742,0.008617357737051634,0.008617357737051634,0.003797,1,22.0,0.0055214007560834945,1,1,1,W30_N8_mean1.25x,30,8,1.25,1477,Yaw_hybrid_prediction,/home/tchowdh4/sensor_recovery_project/logs/extracted_csv/baseline_04_yaw_rotation_ATT.csv,/home/tchowdh4/sensor_recovery_project/prediction_results_v9_trained_hybrid/baseline_04_yaw_rotation_ATT_trained_hybrid_prediction_outputs.csv
15.200584,baseline_04_yaw_rotation,Yaw,ramp,0.022782,1,172.5836639404297,172.59236252224787,172.58346252441407,0.008899997833793805,0.008899997833793805,0.003797,1,23.0,0.005713683390287845,1,1,1,W30_N8_mean1.25x,30,8,1.25,1477,Yaw_hybrid_prediction,/home/tchowdh4/sensor_recovery_project/logs/extracted_csv/baseline_04_yaw_rotation_ATT.csv,/home/tchowdh4/sensor_recovery_project/prediction_results_v9_trained_hybrid/baseline_04_yaw_rotation_ATT_trained_hybrid_prediction_outputs.csv
15.300544,baseline_04_yaw_rotation,Yaw,ramp,0.022782,1,172.58380126953125,172.59270696044035,172.58387680053713,0.008830159903226331,0.008830159903226331,0.003797,1,24.0,0.0059110014248820635,1,1,1,W30_N8_mean1.25x,30,8,1.25,1477,Yaw_hybrid_prediction,/home/tchowdh4/sensor_recovery_project/logs/extracted_csv/baseline_04_yaw_rotation_ATT.csv,/home/tchowdh4/sensor_recovery_project/prediction_results_v9_trained_hybrid/baseline_04_yaw_rotation_ATT_trained_hybrid_prediction_outputs.csv
15.400504,baseline_04_yaw_rotation,Yaw,ramp,0.022782,1,172.58367919921875,172.59279199921875,172.5836120605469,0.009179938671849186,0.009179938671849186,0.003797,1,25.0,0.006118670004723489,1,1,1,W30_N8_mean1.25x,30,8,1.25,1477,Yaw_hybrid_prediction,/home/tchowdh4/sensor_recovery_project/logs/extracted_csv/baseline_04_yaw_rotation_ATT.csv,/home/tchowdh4/sensor_recovery_project/prediction_results_v9_trained_hybrid/baseline_04_yaw_rotation_ATT_trained_hybrid_prediction_outputs.csv
15.500464,baseline_04_yaw_rotation,Yaw,ramp,0.022782,1,172.583740234375,172.59306014346592,172.58377380371095,0.009286339754964956,0.009286339754964956,0.003797,1,26.0,0.006375014121673909,1,1,1,W30_N8_mean1.25x,30,8,1.25,1477,Yaw_hybrid_prediction,/home/tchowdh4/sensor_recovery_project/logs/extracted_csv/baseline_04_yaw_rotation_ATT.csv,/home/tchowdh4/sensor_recovery_project/prediction_results_v9_trained_hybrid/baseline_04_yaw_rotation_ATT_trained_hybrid_prediction_outputs.csv
15.600424,baseline_04_yaw_rotation,Yaw,ramp,0.022782,1,172.58407592773438,172.5936029459162,172.58426055908205,0.009342386834134686,0.009342386834134686,0.003797,1,27.0,0.006599467369483136,1,1,1,W30_N8_mean1.25x,30,8,1.25,1477,Yaw_hybrid_prediction,/home/tchowdh4/sensor_recovery_project/logs/extracted_csv/baseline_04_yaw_rotation_ATT.csv,/home/tchowdh4/sensor_recovery_project/prediction_results_v9_trained_hybrid/baseline_04_yaw_rotation_ATT_trained_hybrid_prediction_outputs.csv
15.700384,baseline_04_yaw_rotation,Yaw,ramp,0.022782,1,172.58457946777344,172.59431359504617,172.58485641479496,0.009457180251217778,0.009457180251217778,0.003797,1,27.0,0.006757061689883889,1,1,1,W30_N8_mean1.25x,30,8,1.25,1477,Yaw_hybrid_prediction,/home/tchowdh4/sensor_recovery_project/logs/extracted_csv/baseline_04_yaw_rotation_ATT.csv,/home/tchowdh4/sensor_recovery_project/prediction_results_v9_trained_hybrid/baseline_04_yaw_rotation_ATT_trained_hybrid_prediction_outputs.csv
15.800344,baseline_04_yaw_rotation,Yaw,ramp,0.022782,1,172.58473205566406,172.5946732920277,172.5848159790039,0.009857313023786674,0.009857313023786674,0.003797,1,27.0,0.006898990320181989,1,1,1,W30_N8_mean1.25x,30,8,1.25,1477,Yaw_hybrid_prediction,/home/tchowdh4/sensor_recovery_project/logs/extracted_csv/baseline_04_yaw_rotation_ATT.csv,/home/tchowdh4/sensor_recovery_project/prediction_results_v9_trained_hybrid/baseline_04_yaw_rotation_ATT_trained_hybrid_prediction_outputs.csv
15.900304,baseline_04_yaw_rotation,Yaw,ramp,0.022782,1,172.585205078125,172.59535342357955,172.58546524047853,0.009888183101026016,0.009888183101026016,0.003797,1,27.0,0.007084279342731747,1,1,1,W30_N8_mean1.25x,30,8,1.25,1477,Yaw_hybrid_prediction,/home/tchowdh4/sensor_recovery_project/logs/extracted_csv/baseline_04_yaw_rotation_ATT.csv,/home/tchowdh4/sensor_recovery_project/prediction_results_v9_trained_hybrid/baseline_04_yaw_rotation_ATT_trained_hybrid_prediction_outputs.csv
16.000264,baseline_04_yaw_rotation,Yaw,ramp,0.022782,1,172.58526611328125,172.5956215678267,172.5852996826172,0.01032188520949262,0.01032188520949262,0.003797,1,28.0,0.00733726652608766,1,1,1,W30_N8_mean1.25x,30,8,1.25,1477,Yaw_hybrid_prediction,/home/tchowdh4/sensor_recovery_project/logs/extracted_csv/baseline_04_yaw_rotation_ATT.csv,/home/tchowdh4/sensor_recovery_project/prediction_results_v9_trained_hybrid/baseline_04_yaw_rotation_ATT_trained_hybrid_prediction_outputs.csv
16.100224,baseline_04_yaw_rotation,Yaw,ramp,0.022782,1,172.5848388671875,172.59540143082387,172.58460388183596,0.010797548987909522,0.010797548987909522,0.003797,1,29.0,0.007602282721488981,1,1,1,W30_N8_mean1.25x,30,8,1.25,1477,Yaw_hybrid_prediction,/home/tchowdh4/sensor_recovery_project/logs/extracted_csv/baseline_04_yaw_rotation_ATT.csv,/home/tchowdh4/sensor_recovery_project/prediction_results_v9_trained_hybrid/baseline_04_yaw_rotation_ATT_trained_hybrid_prediction_outputs.csv
16.200184,baseline_04_yaw_rotation,Yaw,ramp,0.022782,1,172.58389282226562,172.5946624949929,172.58337249755863,0.011289997434261068,0.011289997434261068,0.003797,1,29.0,0.007836247281146787,1,1,1,W30_N8_mean1.25x,30,8,1.25,1477,Yaw_hybrid_prediction,/home/tchowdh4/sensor_recovery_project/logs/extracted_csv/baseline_04_yaw_rotation_ATT.csv,/home/tchowdh4/sensor_recovery_project/prediction_results_v9_trained_hybrid/baseline_04_yaw_rotation_ATT_trained_hybrid_prediction_outputs.csv
16.300144,baseline_04_yaw_rotation,Yaw,ramp,0.022782,1,172.5830841064453,172.5940608882635,172.58263931274416,0.011421575519335647,0.011421575519335647,0.003797,1,29.0,0.00804335637205611,1,1,1,W30_N8_mean1.25x,30,8,1.25,1477,Yaw_hybrid_prediction,/home/tchowdh4/sensor_recovery_project/logs/extracted_csv/baseline_04_yaw_rotation_ATT.csv,/home/tchowdh4/sensor_recovery_project/prediction_results_v9_trained_hybrid/baseline_04_yaw_rotation_ATT_trained_hybrid_prediction_outputs.csv
16.400104,baseline_04_yaw_rotation,Yaw,ramp,0.022782,1,172.58261108398438,172.59379497489346,172.58235092163085,0.011444053262607667,0.011444053262607667,0.003797,1,29.0,0.008205146859449997,1,1,1,W30_N8_mean1.25x,30,8,1.25,1477,Yaw_hybrid_prediction,/home/tchowdh4/sensor_recovery_project/logs/extracted_csv/baseline_04_yaw_rotation_ATT.csv,/home/tchowdh4/sensor_recovery_project/prediction_results_v9_trained_hybrid/baseline_04_yaw_rotation_ATT_trained_hybrid_prediction_outputs.csv
16.500064,baseline_04_yaw_rotation,Yaw,ramp,0.022782,1,172.5830535888672,172.5944445888672,172.58329696655275,0.011147622314439332,0.011147622314439332,0.003797,1,29.0,0.00838204354801538,1,1,1,W30_N8_mean1.25x,30,8,1.25,1477,Yaw_hybrid_prediction,/home/tchowdh4/sensor_recovery_project/logs/extracted_csv/baseline_04_yaw_rotation_ATT.csv,/home/tchowdh4/sensor_recovery_project/prediction_results_v9_trained_hybrid/baseline_04_yaw_rotation_ATT_trained_hybrid_prediction_outputs.csv
16.600024,baseline_04_yaw_rotation,Yaw,ramp,0.022782,1,172.58328247070312,172.59488057979402,172.5834083557129,0.011472224081131799,0.011472224081131799,0.003797,1,29.0,0.008626638397387865,1,1,1,W30_N8_mean1.25x,30,8,1.25,1477,Yaw_hybrid_prediction,/home/tchowdh4/sensor_recovery_project/logs/extracted_csv/baseline_04_yaw_rotation_ATT.csv,/home/tchowdh4/sensor_recovery_project/prediction_results_v9_trained_hybrid/baseline_04_yaw_rotation_ATT_trained_hybrid_prediction_outputs.csv
16.699984,baseline_04_yaw_rotation,Yaw,ramp,0.022782,1,172.58348083496094,172.59528605314276,172.58358993530274,0.01169611784001745,0.01169611784001745,0.003797,1,30.0,0.00889668999318,1,1,1,W30_N8_mean1.25x,30,8,1.25,1477,Yaw_hybrid_prediction,/home/tchowdh4/sensor_recovery_project/logs/extracted_csv/baseline_04_yaw_rotation_ATT.csv,/home/tchowdh4/sensor_recovery_project/prediction_results_v9_trained_hybrid/baseline_04_yaw_rotation_ATT_trained_hybrid_prediction_outputs.csv
16.800777,baseline_04_yaw_rotation,Yaw,ramp,0.022782,1,172.58319091796875,172.59520324524146,172.58303146362306,0.01217178161840593,0.01217178161840593,0.003797,1,30.0,0.009117226818463563,1,1,1,W30_N8_mean1.25x,30,8,1.25,1477,Yaw_hybrid_prediction,/home/tchowdh4/sensor_recovery_project/logs/extracted_csv/baseline_04_yaw_rotation_ATT.csv,/home/tchowdh4/sensor_recovery_project/prediction_results_v9_trained_hybrid/baseline_04_yaw_rotation_ATT_trained_hybrid_prediction_outputs.csv
16.900737,baseline_04_yaw_rotation,Yaw,ramp,0.022782,1,172.5832061767578,172.59542561312145,172.5832145690918,0.012211044029641016,0.012211044029641016,0.003797,1,30.0,0.009279297050323028,1,1,1,W30_N8_mean1.25x,30,8,1.25,1477,Yaw_hybrid_prediction,/home/tchowdh4/sensor_recovery_project/logs/extracted_csv/baseline_04_yaw_rotation_ATT.csv,/home/tchowdh4/sensor_recovery_project/prediction_results_v9_trained_hybrid/baseline_04_yaw_rotation_ATT_trained_hybrid_prediction_outputs.csv
17.000697,baseline_04_yaw_rotation,Yaw,ramp,0.022782,1,172.58274841308594,172.5951749585405,172.5824966430664,0.012678315474090596,0.012678315474090596,0.003797,1,30.0,0.009453955783160002,1,1,1,W30_N8_mean1.25x,30,8,1.25,1477,Yaw_hybrid_prediction,/home/tchowdh4/sensor_recovery_project/logs/extracted_csv/baseline_04_yaw_rotation_ATT.csv,/home/tchowdh4/sensor_recovery_project/prediction_results_v9_trained_hybrid/baseline_04_yaw_rotation_ATT_trained_hybrid_prediction_outputs.csv
17.100657,baseline_04_yaw_rotation,Yaw,ramp,0.022782,1,172.58265686035156,172.59529051489702,172.58260650634767,0.012684008549342707,0.012684008549342707,0.003797,1,30.0,0.009647637139694135,1,1,1,W30_N8_mean1.25x,30,8,1.25,1477,Yaw_hybrid_prediction,/home/tchowdh4/sensor_recovery_project/logs/extracted_csv/baseline_04_yaw_rotation_ATT.csv,/home/tchowdh4/sensor_recovery_project/prediction_results_v9_trained_hybrid/baseline_04_yaw_rotation_ATT_trained_hybrid_prediction_outputs.csv
17.200617,baseline_04_yaw_rotation,Yaw,ramp,0.022782,1,172.58253479003906,172.59537555367544,172.5824676513672,0.012907902308228358,0.012907902308228358,0.003797,1,30.0,0.00984663364108466,1,1,1,W30_N8_mean1.25x,30,8,1.25,1477,Yaw_hybrid_prediction,/home/tchowdh4/sensor_recovery_project/logs/extracted_csv/baseline_04_yaw_rotation_ATT.csv,/home/tchowdh4/sensor_recovery_project/prediction_results_v9_trained_hybrid/baseline_04_yaw_rotation_ATT_trained_hybrid_prediction_outputs.csv
17.300577,baseline_04_yaw_rotation,Yaw,ramp,0.022782,1,172.58274841308594,172.5957962858132,172.58286590576174,0.012930380051471957,0.012930380051471957,0.003797,1,30.0,0.010046189631408235,1,1,1,W30_N8_mean1.25x,30,8,1.25,1477,Yaw_hybrid_prediction,/home/tchowdh4/sensor_recovery_project/logs/extracted_csv/baseline_04_yaw_rotation_ATT.csv,/home/tchowdh4/sensor_recovery_project/prediction_results_v9_trained_hybrid/baseline_04_yaw_rotation_ATT_trained_hybrid_prediction_outputs.csv
17.400537,baseline_04_yaw_rotation,Yaw,ramp,0.022782,1,172.58297729492188,172.59623227674007,172.58310317993164,0.01312909680842722,0.01312909680842722,0.003797,1,30.0,0.010256096166979015,1,1,1,W30_N8_mean1.25x,30,8,1.25,1477,Yaw_hybrid_prediction,/home/tchowdh4/sensor_recovery_project/logs/extracted_csv/baseline_04_yaw_rotation_ATT.csv,/home/tchowdh4/sensor_recovery_project/prediction_results_v9_trained_hybrid/baseline_04_yaw_rotation_ATT_trained_hybrid_prediction_outputs.csv
17.500497,baseline_04_yaw_rotation,Yaw,ramp,0.022782,1,172.58323669433594,172.59669878524502,172.5833793640137,0.013319421231329898,0.013319421231329898,0.003797,1,30.0,0.010467960913812628,1,1,1,W30_N8_mean1.25x,30,8,1.25,1477,Yaw_hybrid_prediction,/home/tchowdh4/sensor_recovery_project/logs/extracted_csv/baseline_04_yaw_rotation_ATT.csv,/home/tchowdh4/sensor_recovery_project/prediction_results_v9_trained_hybrid/baseline_04_yaw_rotation_ATT_trained_hybrid_prediction_outputs.csv
17.600457,baseline_04_yaw_rotation,Yaw,ramp,0.022782,1,172.5834503173828,172.59711951738282,172.58356781005858,0.013551707324239715,0.013551707324239715,0.003797,1,30.0,0.010673111793460066,1,1,1,W30_N8_mean1.25x,30,8,1.25,1477,Yaw_hybrid_prediction,/home/tchowdh4/sensor_recovery_project/logs/extracted_csv/baseline_04_yaw_rotation_ATT.csv,/home/tchowdh4/sensor_recovery_project/prediction_results_v9_trained_hybrid/baseline_04_yaw_rotation_ATT_trained_hybrid_prediction_outputs.csv
17.700417,baseline_04_yaw_rotation,Yaw,ramp,0.022782,1,172.58364868164062,172.59752499073153,172.58375778198246,0.013767208749072779,0.013767208749072779,0.003797,1,30.0,0.01088637526262346,1,1,1,W30_N8_mean1.25x,30,8,1.25,1477,Yaw_hybrid_prediction,/home/tchowdh4/sensor_recovery_project/logs/extracted_csv/baseline_04_yaw_rotation_ATT.csv,/home/tchowdh4/sensor_recovery_project/prediction_results_v9_trained_hybrid/baseline_04_yaw_rotation_ATT_trained_hybrid_prediction_outputs.csv
17.800377,baseline_04_yaw_rotation,Yaw,ramp,0.022782,1,172.58328247070312,172.59736588888495,172.5830810546875,0.014284834197439977,0.014284834197439977,0.003797,1,30.0,0.011100477965186428,1,1,1,W30_N8_mean1.25x,30,8,1.25,1477,Yaw_hybrid_prediction,/home/tchowdh4/sensor_recovery_project/logs/extracted_csv/baseline_04_yaw_rotation_ATT.csv,/home/tchowdh4/sensor_recovery_project/prediction_results_v9_trained_hybrid/baseline_04_yaw_rotation_ATT_trained_hybrid_prediction_outputs.csv
17.900337,baseline_04_yaw_rotation,Yaw,ramp,0.022782,1,172.5830078125,172.59729833977272,172.5828567504883,0.014441589284416523,0.014441589284416523,0.003797,1,30.0,0.011314580667749397,1,1,1,W30_N8_mean1.25x,30,8,1.25,1477,Yaw_hybrid_prediction,/home/tchowdh4/sensor_recovery_project/logs/extracted_csv/baseline_04_yaw_rotation_ATT.csv,/home/tchowdh4/sensor_recovery_project/prediction_results_v9_trained_hybrid/baseline_04_yaw_rotation_ATT_trained_hybrid_prediction_outputs.csv
18.000297,baseline_04_yaw_rotation,Yaw,ramp,0.022782,1,172.5823974609375,172.59689509730114,172.58206176757812,0.014833329723018096,0.014833329723018096,0.003797,1,30.0,0.011528683370312365,1,1,1,W30_N8_mean1.25x,30,8,1.25,1477,Yaw_hybrid_prediction,/home/tchowdh4/sensor_recovery_project/logs/extracted_csv/baseline_04_yaw_rotation_ATT.csv,/home/tchowdh4/sensor_recovery_project/prediction_results_v9_trained_hybrid/baseline_04_yaw_rotation_ATT_trained_hybrid_prediction_outputs.csv
18.100257,baseline_04_yaw_rotation,Yaw,ramp,0.022782,1,172.5823211669922,172.59702591244672,172.5822792053223,0.014746707124430714,0.014746707124430714,0.003797,1,30.0,0.011732995016558334,1,1,1,W30_N8_mean1.25x,30,8,1.25,1477,Yaw_hybrid_prediction,/home/tchowdh4/sensor_recovery_project/logs/extracted_csv/baseline_04_yaw_rotation_ATT.csv,/home/tchowdh4/sensor_recovery_project/prediction_results_v9_trained_hybrid/baseline_04_yaw_rotation_ATT_trained_hybrid_prediction_outputs.csv
18.200217,baseline_04_yaw_rotation,Yaw,ramp,0.022782,1,172.5821533203125,172.59706517485796,172.58206100463866,0.01500417021929934,0.01500417021929934,0.003797,1,30.0,0.011936467429408518,1,1,1,W30_N8_mean1.25x,30,8,1.25,1477,Yaw_hybrid_prediction,/home/tchowdh4/sensor_recovery_project/logs/extracted_csv/baseline_04_yaw_rotation_ATT.csv,/home/tchowdh4/sensor_recovery_project/prediction_results_v9_trained_hybrid/baseline_04_yaw_rotation_ATT_trained_hybrid_prediction_outputs.csv
18.300177,baseline_04_yaw_rotation,Yaw,ramp,0.022782,1,172.58245849609375,172.5975774597301,172.58262634277344,0.01495111695666651,0.01495111695666651,0.003797,1,30.0,0.012140499331189858,1,1,1,W30_N8_mean1.25x,30,8,1.25,1477,Yaw_hybrid_prediction,/home/tchowdh4/sensor_recovery_project/logs/extracted_csv/baseline_04_yaw_rotation_ATT.csv,/home/tchowdh4/sensor_recovery_project/prediction_results_v9_trained_hybrid/baseline_04_yaw_rotation_ATT_trained_hybrid_prediction_outputs.csv
18.400137,baseline_04_yaw_rotation,Yaw,ramp,0.022782,1,172.5824737548828,172.5977998276101,172.5824821472168,0.015317680393280853,0.015317680393280853,0.003797,1,30.0,0.012345090721904246,1,1,1,W30_N8_mean1.25x,30,8,1.25,1477,Yaw_hybrid_prediction,/home/tchowdh4/sensor_recovery_project/logs/extracted_csv/baseline_04_yaw_rotation_ATT.csv,/home/tchowdh4/sensor_recovery_project/prediction_results_v9_trained_hybrid/baseline_04_yaw_rotation_ATT_trained_hybrid_prediction_outputs.csv
18.500097,baseline_04_yaw_rotation,Yaw,ramp,0.022782,1,172.58303833007812,172.5985715118963,172.58334884643557,0.015222665460726148,0.015222665460726148,0.003797,1,30.0,0.01254296824542962,1,1,1,W30_N8_mean1.25x,30,8,1.25,1477,Yaw_hybrid_prediction,/home/tchowdh4/sensor_recovery_project/logs/extracted_csv/baseline_04_yaw_rotation_ATT.csv,/home/tchowdh4/sensor_recovery_project/prediction_results_v9_trained_hybrid/baseline_04_yaw_rotation_ATT_trained_hybrid_prediction_outputs.csv
18.600057,baseline_04_yaw_rotation,Yaw,ramp,0.022782,1,172.58334350585938,172.59908379676847,172.58351135253906,0.015572444229405846,0.015572444229405846,0.003797,1,30.0,0.012750636825271992,1,1,1,W30_N8_mean1.25x,30,8,1.25,1477,Yaw_hybrid_prediction,/home/tchowdh4/sensor_recovery_project/logs/extracted_csv/baseline_04_yaw_rotation_ATT.csv,/home/tchowdh4/sensor_recovery_project/prediction_results_v9_trained_hybrid/baseline_04_yaw_rotation_ATT_trained_hybrid_prediction_outputs.csv
18.700017,baseline_04_yaw_rotation,Yaw,ramp,0.022782,1,172.58351135253906,172.59945875253905,172.5836036682129,0.015855084326148017,0.015855084326148017,0.003797,1,30.0,0.012963900294436333,1,1,1,W30_N8_mean1.25x,30,8,1.25,1477,Yaw_hybrid_prediction,/home/tchowdh4/sensor_recovery_project/logs/extracted_csv/baseline_04_yaw_rotation_ATT.csv,/home/tchowdh4/sensor_recovery_project/prediction_results_v9_trained_hybrid/baseline_04_yaw_rotation_ATT_trained_hybrid_prediction_outputs.csv
18.799977,baseline_04_yaw_rotation,Yaw,ramp,0.022782,1,172.58331298828125,172.59946749737216,172.58320388793948,0.016263609432684234,0.016263609432684234,0.003797,1,30.0,0.013177443508066251,1,1,1,W30_N8_mean1.25x,30,8,1.25,1477,Yaw_hybrid_prediction,/home/tchowdh4/sensor_recovery_project/logs/extracted_csv/baseline_04_yaw_rotation_ATT.csv,/home/tchowdh4/sensor_recovery_project/prediction_results_v9_trained_hybrid/baseline_04_yaw_rotation_ATT_trained_hybrid_prediction_outputs.csv
18.90077,baseline_04_yaw_rotation,Yaw,ramp,0.022782,1,172.58319091796875,172.59955253615055,172.5831237792969,0.016428756853656523,0.016428756853656523,0.003797,1,30.0,0.013395462633153936,1,1,1,W30_N8_mean1.25x,30,8,1.25,1477,Yaw_hybrid_prediction,/home/tchowdh4/sensor_recovery_project/logs/extracted_csv/baseline_04_yaw_rotation_ATT.csv,/home/tchowdh4/sensor_recovery_project/prediction_results_v9_trained_hybrid/baseline_04_yaw_rotation_ATT_trained_hybrid_prediction_outputs.csv
19.00073,baseline_04_yaw_rotation,Yaw,ramp,0.022782,1,172.5833740234375,172.59994275071023,172.58347473144534,0.01646801926489161,0.01646801926489161,0.003797,1,30.0,0.013600333768333901,1,1,1,W30_N8_mean1.25x,30,8,1.25,1477,Yaw_hybrid_prediction,/home/tchowdh4/sensor_recovery_project/logs/extracted_csv/baseline_04_yaw_rotation_ATT.csv,/home/tchowdh4/sensor_recovery_project/prediction_results_v9_trained_hybrid/baseline_04_yaw_rotation_ATT_trained_hybrid_prediction_outputs.csv
19.10069,baseline_04_yaw_rotation,Yaw,ramp,0.022782,1,172.5836944580078,172.60047029437146,172.5838706970215,0.01659959734996619,0.01659959734996619,0.003797,1,30.0,0.013793735380402457,1,1,1,W30_N8_mean1.25x,30,8,1.25,1477,Yaw_hybrid_prediction,/home/tchowdh4/sensor_recovery_project/logs/extracted_csv/baseline_04_yaw_rotation_ATT.csv,/home/tchowdh4/sensor_recovery_project/prediction_results_v9_trained_hybrid/baseline_04_yaw_rotation_ATT_trained_hybrid_prediction_outputs.csv
19.20065,baseline_04_yaw_rotation,Yaw,ramp,0.022782,1,172.58340454101562,172.60038748647017,172.58324508666993,0.017142399800235353,0.017142399800235353,0.003797,1,30.0,0.013988815459268267,1,1,1,W30_N8_mean1.25x,30,8,1.25,1477,Yaw_hybrid_prediction,/home/tchowdh4/sensor_recovery_project/logs/extracted_csv/baseline_04_yaw_rotation_ATT.csv,/home/tchowdh4/sensor_recovery_project/prediction_results_v9_trained_hybrid/baseline_04_yaw_rotation_ATT_trained_hybrid_prediction_outputs.csv
19.30061,baseline_04_yaw_rotation,Yaw,ramp,0.022782,1,172.58352661132812,172.6007166658736,172.58359375,0.017122915873585498,0.017122915873585498,0.003797,1,30.0,0.014178860137743261,1,1,1,W30_N8_mean1.25x,30,8,1.25,1477,Yaw_hybrid_prediction,/home/tchowdh4/sensor_recovery_project/logs/extracted_csv/baseline_04_yaw_rotation_ATT.csv,/home/tchowdh4/sensor_recovery_project/prediction_results_v9_trained_hybrid/baseline_04_yaw_rotation_ATT_trained_hybrid_prediction_outputs.csv
19.40057,baseline_04_yaw_rotation,Yaw,ramp,0.022782,1,172.5831756591797,172.60057282281605,172.58298263549807,0.017590187317978234,0.017590187317978234,0.003797,1,30.0,0.01438373127292228,1,1,1,W30_N8_mean1.25x,30,8,1.25,1477,Yaw_hybrid_prediction,/home/tchowdh4/sensor_recovery_project/logs/extracted_csv/baseline_04_yaw_rotation_ATT.csv,/home/tchowdh4/sensor_recovery_project/prediction_results_v9_trained_hybrid/baseline_04_yaw_rotation_ATT_trained_hybrid_prediction_outputs.csv
19.50053,baseline_04_yaw_rotation,Yaw,ramp,0.022782,1,172.58294677734375,172.60055105007103,172.58282089233398,0.017730157737048557,0.017730157737048557,0.003797,1,30.0,0.014603149120342588,1,1,1,W30_N8_mean1.25x,30,8,1.25,1477,Yaw_hybrid_prediction,/home/tchowdh4/sensor_recovery_project/logs/extracted_csv/baseline_04_yaw_rotation_ATT.csv,/home/tchowdh4/sensor_recovery_project/prediction_results_v9_trained_hybrid/baseline_04_yaw_rotation_ATT_trained_hybrid_prediction_outputs.csv
19.60049,baseline_04_yaw_rotation,Yaw,ramp,0.022782,1,172.5825653076172,172.60037668943536,172.58235549926758,0.01802119016778647,0.01802119016778647,0.003797,1,30.0,0.014821447989897743,1,1,1,W30_N8_mean1.25x,30,8,1.25,1477,Yaw_hybrid_prediction,/home/tchowdh4/sensor_recovery_project/logs/extracted_csv/baseline_04_yaw_rotation_ATT.csv,/home/tchowdh4/sensor_recovery_project/prediction_results_v9_trained_hybrid/baseline_04_yaw_rotation_ATT_trained_hybrid_prediction_outputs.csv
19.70045,baseline_04_yaw_rotation,Yaw,ramp,0.022782,1,172.5823974609375,172.6004159518466,172.58230514526366,0.018110806582939176,0.018110806582939176,0.003797,1,30.0,0.015035270947995135,1,1,1,W30_N8_mean1.25x,30,8,1.25,1477,Yaw_hybrid_prediction,/home/tchowdh4/sensor_recovery_project/logs/extracted_csv/baseline_04_yaw_rotation_ATT.csv,/home/tchowdh4/sensor_recovery_project/prediction_results_v9_trained_hybrid/baseline_04_yaw_rotation_ATT_trained_hybrid_prediction_outputs.csv
19.80041,baseline_04_yaw_rotation,Yaw,ramp,0.022782,1,172.58180236816406,172.60002796816406,172.58147506713868,0.018552901025373103,0.018552901025373103,0.003797,1,30.0,0.015247974928227374,1,1,1,W30_N8_mean1.25x,30,8,1.25,1477,Yaw_hybrid_prediction,/home/tchowdh4/sensor_recovery_project/logs/extracted_csv/baseline_04_yaw_rotation_ATT.csv,/home/tchowdh4/sensor_recovery_project/prediction_results_v9_trained_hybrid/baseline_04_yaw_rotation_ATT_trained_hybrid_prediction_outputs.csv
19.90037,baseline_04_yaw_rotation,Yaw,ramp,0.022782,1,172.5816650390625,172.60009774815342,172.58158950805665,0.01850824009676444,0.01850824009676444,0.003797,1,30.0,0.015457881463798154,1,1,1,W30_N8_mean1.25x,30,8,1.25,1477,Yaw_hybrid_prediction,/home/tchowdh4/sensor_recovery_project/logs/extracted_csv/baseline_04_yaw_rotation_ATT.csv,/home/tchowdh4/sensor_recovery_project/prediction_results_v9_trained_hybrid/baseline_04_yaw_rotation_ATT_trained_hybrid_prediction_outputs.csv
20.00033,baseline_04_yaw_rotation,Yaw,ramp,0.022782,1,172.58139038085938,172.60003019904119,172.58123931884768,0.01879088019350661,0.01879088019350661,0.003797,1,30.0,0.01566163362111202,1,1,1,W30_N8_mean1.25x,30,8,1.25,1477,Yaw_hybrid_prediction,/home/tchowdh4/sensor_recovery_project/logs/extracted_csv/baseline_04_yaw_rotation_ATT.csv,/home/tchowdh4/sensor_recovery_project/prediction_results_v9_trained_hybrid/baseline_04_yaw_rotation_ATT_trained_hybrid_prediction_outputs.csv
20.10029,baseline_04_yaw_rotation,Yaw,ramp,0.022782,1,172.5812225341797,172.60006946145242,172.58113021850588,0.018939242946544255,0.018939242946544255,0.003797,1,30.0,0.015870141434352072,1,1,1,W30_N8_mean1.25x,30,8,1.25,1477,Yaw_hybrid_prediction,/home/tchowdh4/sensor_recovery_project/logs/extracted_csv/baseline_04_yaw_rotation_ATT.csv,/home/tchowdh4/sensor_recovery_project/prediction_results_v9_trained_hybrid/baseline_04_yaw_rotation_ATT_trained_hybrid_prediction_outputs.csv
20.20025,baseline_04_yaw_rotation,Yaw,ramp,0.022782,1,172.5808563232422,172.59991035960581,172.58065490722657,0.019255452379240978,0.019255452379240978,0.003797,1,30.0,0.016081726436719162,1,1,1,W30_N8_mean1.25x,30,8,1.25,1477,Yaw_hybrid_prediction,/home/tchowdh4/sensor_recovery_project/logs/extracted_csv/baseline_04_yaw_rotation_ATT.csv,/home/tchowdh4/sensor_recovery_project/prediction_results_v9_trained_hybrid/baseline_04_yaw_rotation_ATT_trained_hybrid_prediction_outputs.csv
20.30021,baseline_04_yaw_rotation,Yaw,ramp,0.022782,1,172.58059692382812,172.59985806928267,172.58045425415042,0.0194038151322502,0.0194038151322502,0.003797,1,30.0,0.016297507606078437,1,1,1,W30_N8_mean1.25x,30,8,1.25,1477,Yaw_hybrid_prediction,/home/tchowdh4/sensor_recovery_project/logs/extracted_csv/baseline_04_yaw_rotation_ATT.csv,/home/tchowdh4/sensor_recovery_project/prediction_results_v9_trained_hybrid/baseline_04_yaw_rotation_ATT_trained_hybrid_prediction_outputs.csv
20.40017,baseline_04_yaw_rotation,Yaw,ramp,0.022782,1,172.58010864257812,172.59957689712357,172.57984008789063,0.019736809232938413,0.019736809232938413,0.003797,1,30.0,0.016517764686895475,1,1,1,W30_N8_mean1.25x,30,8,1.25,1477,Yaw_hybrid_prediction,/home/tchowdh4/sensor_recovery_project/logs/extracted_csv/baseline_04_yaw_rotation_ATT.csv,/home/tchowdh4/sensor_recovery_project/prediction_results_v9_trained_hybrid/baseline_04_yaw_rotation_ATT_trained_hybrid_prediction_outputs.csv
20.50013,baseline_04_yaw_rotation,Yaw,ramp,0.022782,1,172.57981872558594,172.5994940892223,172.57965927124025,0.01983481798205844,0.01983481798205844,0.003797,1,30.0,0.016734944578586427,1,1,1,W30_N8_mean1.25x,30,8,1.25,1477,Yaw_hybrid_prediction,/home/tchowdh4/sensor_recovery_project/logs/extracted_csv/baseline_04_yaw_rotation_ATT.csv,/home/tchowdh4/sensor_recovery_project/prediction_results_v9_trained_hybrid/baseline_04_yaw_rotation_ATT_trained_hybrid_prediction_outputs.csv
20.60009,baseline_04_yaw_rotation,Yaw,ramp,0.022782,1,172.5792694091797,172.59915188190695,172.57896728515624,0.020184596750709716,0.020184596750709716,0.003797,1,30.0,0.016956040892802095,1,1,1,W30_N8_mean1.25x,30,8,1.25,1477,Yaw_hybrid_prediction,/home/tchowdh4/sensor_recovery_project/logs/extracted_csv/baseline_04_yaw_rotation_ATT.csv,/home/tchowdh4/sensor_recovery_project/prediction_results_v9_trained_hybrid/baseline_04_yaw_rotation_ATT_trained_hybrid_prediction_outputs.csv
20.70005,baseline_04_yaw_rotation,Yaw,ramp,0.022782,1,172.57896423339844,172.59905381521662,172.57879638671875,0.020257428497870933,0.020257428497870933,0.003797,1,30.0,0.017172381551095364,1,1,1,W30_N8_mean1.25x,30,8,1.25,1477,Yaw_hybrid_prediction,/home/tchowdh4/sensor_recovery_project/logs/extracted_csv/baseline_04_yaw_rotation_ATT.csv,/home/tchowdh4/sensor_recovery_project/prediction_results_v9_trained_hybrid/baseline_04_yaw_rotation_ATT_trained_hybrid_prediction_outputs.csv
20.80001,baseline_04_yaw_rotation,Yaw,ramp,0.022782,1,172.5784454345703,172.5987421254794,172.57816009521486,0.02058203026453498,0.02058203026453498,0.003797,1,30.0,0.0173822880866652,1,1,1,W30_N8_mean1.25x,30,8,1.25,1477,Yaw_hybrid_prediction,/home/tchowdh4/sensor_recovery_project/logs/extracted_csv/baseline_04_yaw_rotation_ATT.csv,/home/tchowdh4/sensor_recovery_project/prediction_results_v9_trained_hybrid/baseline_04_yaw_rotation_ATT_trained_hybrid_prediction_outputs.csv
20.89997,baseline_04_yaw_rotation,Yaw,ramp,0.022782,1,172.57791137695312,172.59841517695313,172.57761764526367,0.020797531689453308,0.020797531689453308,0.003797,1,30.0,0.017594152833499757,1,1,1,W30_N8_mean1.25x,30,8,1.25,1477,Yaw_hybrid_prediction,/home/tchowdh4/sensor_recovery_project/logs/extracted_csv/baseline_04_yaw_rotation_ATT.csv,/home/tchowdh4/sensor_recovery_project/prediction_results_v9_trained_hybrid/baseline_04_yaw_rotation_ATT_trained_hybrid_prediction_outputs.csv
21.000763,baseline_04_yaw_rotation,Yaw,ramp,0.022782,1,172.5771942138672,172.5979051229581,172.57679977416993,0.02110534878818271,0.02110534878818271,0.003797,1,30.0,0.017803220135671913,1,1,1,W30_N8_mean1.25x,30,8,1.25,1477,Yaw_hybrid_prediction,/home/tchowdh4/sensor_recovery_project/logs/extracted_csv/baseline_04_yaw_rotation_ATT.csv,/home/tchowdh4/sensor_recovery_project/prediction_results_v9_trained_hybrid/baseline_04_yaw_rotation_ATT_trained_hybrid_prediction_outputs.csv
21.100723,baseline_04_yaw_rotation,Yaw,ramp,0.022782,1,172.57667541503906,172.59759343322088,172.5763900756836,0.021203357537274314,0.021203357537274314,0.003797,1,30.0,0.01801844181610003,1,1,1,W30_N8_mean1.25x,30,8,1.25,1477,Yaw_hybrid_prediction,/home/tchowdh4/sensor_recovery_project/logs/extracted_csv/baseline_04_yaw_rotation_ATT.csv,/home/tchowdh4/sensor_recovery_project/prediction_results_v9_trained_hybrid/baseline_04_yaw_rotation_ATT_trained_hybrid_prediction_outputs.csv
21.200683,baseline_04_yaw_rotation,Yaw,ramp,0.022782,1,172.57618713378906,172.5973122610618,172.5759185791016,0.021393681960205413,0.021393681960205413,0.003797,1,30.0,0.0182314255407969,1,1,1,W30_N8_mean1.25x,30,8,1.25,1477,Yaw_hybrid_prediction,/home/tchowdh4/sensor_recovery_project/logs/extracted_csv/baseline_04_yaw_rotation_ATT.csv,/home/tchowdh4/sensor_recovery_project/prediction_results_v9_trained_hybrid/baseline_04_yaw_rotation_ATT_trained_hybrid_prediction_outputs.csv
21.300643,baseline_04_yaw_rotation,Yaw,ramp,0.022782,1,172.5758514404297,172.59718367679332,172.57566680908204,0.02151686771128425,0.02151686771128425,0.003797,1,30.0,0.01845028389928416,1,1,1,W30_N8_mean1.25x,30,8,1.25,1477,Yaw_hybrid_prediction,/home/tchowdh4/sensor_recovery_project/logs/extracted_csv/baseline_04_yaw_rotation_ATT.csv,/home/tchowdh4/sensor_recovery_project/prediction_results_v9_trained_hybrid/baseline_04_yaw_rotation_ATT_trained_hybrid_prediction_outputs.csv
21.400603,baseline_04_yaw_rotation,Yaw,ramp,0.022782,1,172.575439453125,172.59697879857956,172.57521286010743,0.02176593847212871,0.02176593847212871,0.003797,1,30.0,0.018665225835245755,1,1,1,W30_N8_mean1.25x,30,8,1.25,1477,Yaw_hybrid_prediction,/home/tchowdh4/sensor_recovery_project/logs/extracted_csv/baseline_04_yaw_rotation_ATT.csv,/home/tchowdh4/sensor_recovery_project/prediction_results_v9_trained_hybrid/baseline_04_yaw_rotation_ATT_trained_hybrid_prediction_outputs.csv
21.500563,baseline_04_yaw_rotation,Yaw,ramp,0.022782,1,172.57522583007812,172.59697228462358,172.57510833740236,0.021863947221220315,0.021863947221220315,0.003797,1,30.0,0.018886601893928892,1,1,1,W30_N8_mean1.25x,30,8,1.25,1477,Yaw_hybrid_prediction,/home/tchowdh4/sensor_recovery_project/logs/extracted_csv/baseline_04_yaw_rotation_ATT.csv,/home/tchowdh4/sensor_recovery_project/prediction_results_v9_trained_hybrid/baseline_04_yaw_rotation_ATT_trained_hybrid_prediction_outputs.csv
21.600523,baseline_04_yaw_rotation,Yaw,ramp,0.022782,1,172.57476806640625,172.59672163004262,172.57451629638672,0.02220533365590427,0.02220533365590427,0.003797,1,30.0,0.019107698208145507,1,1,1,W30_N8_mean1.25x,30,8,1.25,1477,Yaw_hybrid_prediction,/home/tchowdh4/sensor_recovery_project/logs/extracted_csv/baseline_04_yaw_rotation_ATT.csv,/home/tchowdh4/sensor_recovery_project/prediction_results_v9_trained_hybrid/baseline_04_yaw_rotation_ATT_trained_hybrid_prediction_outputs.csv
21.700483,baseline_04_yaw_rotation,Yaw,ramp,0.022782,1,172.57444763183594,172.5966083045632,172.57427139282223,0.02233691174097885,0.02233691174097885,0.003797,1,30.0,0.019323759121973202,1,1,1,W30_N8_mean1.25x,30,8,1.25,1477,Yaw_hybrid_prediction,/home/tchowdh4/sensor_recovery_project/logs/extracted_csv/baseline_04_yaw_rotation_ATT.csv,/home/tchowdh4/sensor_recovery_project/prediction_results_v9_trained_hybrid/baseline_04_yaw_rotation_ATT_trained_hybrid_prediction_outputs.csv
21.800443,baseline_04_yaw_rotation,Yaw,ramp,0.022782,1,172.57400512695312,172.59637290877131,172.5737617492676,0.022611159503725275,0.022611159503725275,0.003797,1,30.0,0.019535344124341235,1,1,1,W30_N8_mean1.25x,30,8,1.25,1477,Yaw_hybrid_prediction,/home/tchowdh4/sensor_recovery_project/logs/extracted_csv/baseline_04_yaw_rotation_ATT.csv,/home/tchowdh4/sensor_recovery_project/prediction_results_v9_trained_hybrid/baseline_04_yaw_rotation_ATT_trained_hybrid_prediction_outputs.csv
21.900403,baseline_04_yaw_rotation,Yaw,ramp,0.022782,1,172.57366943359375,172.59624432450283,172.57348480224613,0.022759522256706077,0.022759522256706077,0.003797,1,30.0,0.01974636963777622,1,1,1,W30_N8_mean1.25x,30,8,1.25,1477,Yaw_hybrid_prediction,/home/tchowdh4/sensor_recovery_project/logs/extracted_csv/baseline_04_yaw_rotation_ATT.csv,/home/tchowdh4/sensor_recovery_project/prediction_results_v9_trained_hybrid/baseline_04_yaw_rotation_ATT_trained_hybrid_prediction_outputs.csv
22.000363,baseline_04_yaw_rotation,Yaw,ramp,0.022782,1,172.57327270507812,172.59605470507813,172.57305450439455,0.023000200683583216,0.023000200683583216,0.003797,1,30.0,0.019964109018399276,1,1,1,W30_N8_mean1.25x,30,8,1.25,1477,Yaw_hybrid_prediction,/home/tchowdh4/sensor_recovery_project/logs/extracted_csv/baseline_04_yaw_rotation_ATT.csv,/home/tchowdh4/sensor_recovery_project/prediction_results_v9_trained_hybrid/baseline_04_yaw_rotation_ATT_trained_hybrid_prediction_outputs.csv
22.100323,baseline_04_yaw_rotation,Yaw,ramp,0.022782,0,172.5733184814453,172.5733184814453,172.57334365844727,-2.5177001958809342e-05,2.5177001958809342e-05,0.003797,0,29.0,0.019411628340132363,1,1,1,W30_N8_mean1.25x,30,8,1.25,1477,Yaw_hybrid_prediction,/home/tchowdh4/sensor_recovery_project/logs/extracted_csv/baseline_04_yaw_rotation_ATT.csv,/home/tchowdh4/sensor_recovery_project/prediction_results_v9_trained_hybrid/baseline_04_yaw_rotation_ATT_trained_hybrid_prediction_outputs.csv
22.200283,baseline_04_yaw_rotation,Yaw,ramp,0.022782,0,172.57400512695312,172.57400512695312,172.57438278198242,-0.000377655029296875,0.000377655029296875,0.003797,0,28.0,0.018852803514434413,1,1,1,W30_N8_mean1.25x,30,8,1.25,1477,Yaw_hybrid_prediction,/home/tchowdh4/sensor_recovery_project/logs/extracted_csv/baseline_04_yaw_rotation_ATT.csv,/home/tchowdh4/sensor_recovery_project/prediction_results_v9_trained_hybrid/baseline_04_yaw_rotation_ATT_trained_hybrid_prediction_outputs.csv
22.300243,baseline_04_yaw_rotation,Yaw,ramp,0.022782,0,172.5750732421875,172.5750732421875,172.5756607055664,-0.00058746337890625,0.00058746337890625,0.003797,0,27.0,0.01830162176461177,1,1,1,W30_N8_mean1.25x,30,8,1.25,1477,Yaw_hybrid_prediction,/home/tchowdh4/sensor_recovery_project/logs/extracted_csv/baseline_04_yaw_rotation_ATT.csv,/home/tchowdh4/sensor_recovery_project/prediction_results_v9_trained_hybrid/baseline_04_yaw_rotation_ATT_trained_hybrid_prediction_outputs.csv
22.400203,baseline_04_yaw_rotation,Yaw,ramp,0.022782,0,172.5760040283203,172.5760040283203,172.57651596069337,-0.0005119323730582437,0.0005119323730582437,0.003797,0,26.0,0.017732346599781106,1,1,1,W30_N8_mean1.25x,30,8,1.25,1477,Yaw_hybrid_prediction,/home/tchowdh4/sensor_recovery_project/logs/extracted_csv/baseline_04_yaw_rotation_ATT.csv,/home/tchowdh4/sensor_recovery_project/prediction_results_v9_trained_hybrid/baseline_04_yaw_rotation_ATT_trained_hybrid_prediction_outputs.csv
22.500163,baseline_04_yaw_rotation,Yaw,ramp,0.022782,0,172.5771026611328,172.5771026611328,172.5777069091797,-0.0006042480468977374,0.0006042480468977374,0.003797,0,25.0,0.017161482943442743,1,1,1,W30_N8_mean1.25x,30,8,1.25,1477,Yaw_hybrid_prediction,/home/tchowdh4/sensor_recovery_project/logs/extracted_csv/baseline_04_yaw_rotation_ATT.csv,/home/tchowdh4/sensor_recovery_project/prediction_results_v9_trained_hybrid/baseline_04_yaw_rotation_ATT_trained_hybrid_prediction_outputs.csv
22.600123,baseline_04_yaw_rotation,Yaw,ramp,0.022782,0,172.5780487060547,172.5780487060547,172.57856903076174,-0.0005203247070539874,0.0005203247070539874,0.003797,0,24.0,0.01657812076141833,1,1,1,W30_N8_mean1.25x,30,8,1.25,1477,Yaw_hybrid_prediction,/home/tchowdh4/sensor_recovery_project/logs/extracted_csv/baseline_04_yaw_rotation_ATT.csv,/home/tchowdh4/sensor_recovery_project/prediction_results_v9_trained_hybrid/baseline_04_yaw_rotation_ATT_trained_hybrid_prediction_outputs.csv
22.700083,baseline_04_yaw_rotation,Yaw,ramp,0.022782,0,172.5792236328125,172.5792236328125,172.57986984252932,-0.0006462097168196124,0.0006462097168196124,0.003797,0,23.0,0.015995967532547676,1,1,1,W30_N8_mean1.25x,30,8,1.25,1477,Yaw_hybrid_prediction,/home/tchowdh4/sensor_recovery_project/logs/extracted_csv/baseline_04_yaw_rotation_ATT.csv,/home/tchowdh4/sensor_recovery_project/prediction_results_v9_trained_hybrid/baseline_04_yaw_rotation_ATT_trained_hybrid_prediction_outputs.csv
22.800043,baseline_04_yaw_rotation,Yaw,ramp,0.022782,0,172.580078125,172.580078125,172.58054809570314,-0.0004699707031363687,0.0004699707031363687,0.003797,0,22.0,0.015393203188473118,1,1,1,W30_N8_mean1.25x,30,8,1.25,1477,Yaw_hybrid_prediction,/home/tchowdh4/sensor_recovery_project/logs/extracted_csv/baseline_04_yaw_rotation_ATT.csv,/home/tchowdh4/sensor_recovery_project/prediction_results_v9_trained_hybrid/baseline_04_yaw_rotation_ATT_trained_hybrid_prediction_outputs.csv
22.900003,baseline_04_yaw_rotation,Yaw,ramp,0.022782,0,172.5811767578125,172.5811767578125,172.5817810058594,-0.0006042480468977374,0.0006042480468977374,0.003797,0,21.0,0.014796403453477562,1,1,1,W30_N8_mean1.25x,30,8,1.25,1477,Yaw_hybrid_prediction,/home/tchowdh4/sensor_recovery_project/logs/extracted_csv/baseline_04_yaw_rotation_ATT.csv,/home/tchowdh4/sensor_recovery_project/prediction_results_v9_trained_hybrid/baseline_04_yaw_rotation_ATT_trained_hybrid_prediction_outputs.csv
23.000796,baseline_04_yaw_rotation,Yaw,ramp,0.022782,0,172.5818328857422,172.5818328857422,172.58219375610355,-0.00036087036136223105,0.00036087036136223105,0.003797,0,20.0,0.014182069792406082,1,1,1,W30_N8_mean1.25x,30,8,1.25,1477,Yaw_hybrid_prediction,/home/tchowdh4/sensor_recovery_project/logs/extracted_csv/baseline_04_yaw_rotation_ATT.csv,/home/tchowdh4/sensor_recovery_project/prediction_results_v9_trained_hybrid/baseline_04_yaw_rotation_ATT_trained_hybrid_prediction_outputs.csv
23.100756,baseline_04_yaw_rotation,Yaw,ramp,0.022782,0,172.58294677734375,172.58294677734375,172.58355941772462,-0.0006126403808650593,0.0006126403808650593,0.003797,0,19.0,0.013571183040216777,1,1,1,W30_N8_mean1.25x,30,8,1.25,1477,Yaw_hybrid_prediction,/home/tchowdh4/sensor_recovery_project/logs/extracted_csv/baseline_04_yaw_rotation_ATT.csv,/home/tchowdh4/sensor_recovery_project/prediction_results_v9_trained_hybrid/baseline_04_yaw_rotation_ATT_trained_hybrid_prediction_outputs.csv
23.200716,baseline_04_yaw_rotation,Yaw,ramp,0.022782,0,172.58372497558594,172.58372497558594,172.58415298461915,-0.0004280090332144937,0.0004280090332144937,0.003797,0,18.0,0.012943601595349226,1,1,1,W30_N8_mean1.25x,30,8,1.25,1477,Yaw_hybrid_prediction,/home/tchowdh4/sensor_recovery_project/logs/extracted_csv/baseline_04_yaw_rotation_ATT.csv,/home/tchowdh4/sensor_recovery_project/prediction_results_v9_trained_hybrid/baseline_04_yaw_rotation_ATT_trained_hybrid_prediction_outputs.csv
23.300676,baseline_04_yaw_rotation,Yaw,ramp,0.022782,0,172.58465576171875,172.58465576171875,172.5851676940918,-0.0005119323730582437,0.0005119323730582437,0.003797,0,17.0,0.012313872170042827,1,1,1,W30_N8_mean1.25x,30,8,1.25,1477,Yaw_hybrid_prediction,/home/tchowdh4/sensor_recovery_project/logs/extracted_csv/baseline_04_yaw_rotation_ATT.csv,/home/tchowdh4/sensor_recovery_project/prediction_results_v9_trained_hybrid/baseline_04_yaw_rotation_ATT_trained_hybrid_prediction_outputs.csv
23.400636,baseline_04_yaw_rotation,Yaw,ramp,0.022782,0,172.58567810058594,172.58567810058594,172.5862403869629,-0.0005622863769758624,0.0005622863769758624,0.003797,0,16.0,0.01167472140817741,1,1,1,W30_N8_mean1.25x,30,8,1.25,1477,Yaw_hybrid_prediction,/home/tchowdh4/sensor_recovery_project/logs/extracted_csv/baseline_04_yaw_rotation_ATT.csv,/home/tchowdh4/sensor_recovery_project/prediction_results_v9_trained_hybrid/baseline_04_yaw_rotation_ATT_trained_hybrid_prediction_outputs.csv
23.500596,baseline_04_yaw_rotation,Yaw,ramp,0.022782,0,172.58656311035156,172.58656311035156,172.5870498657227,-0.00048675537112785605,0.00048675537112785605,0.003797,0,15.0,0.011029785987813057,1,1,1,W30_N8_mean1.25x,30,8,1.25,1477,Yaw_hybrid_prediction,/home/tchowdh4/sensor_recovery_project/logs/extracted_csv/baseline_04_yaw_rotation_ATT.csv,/home/tchowdh4/sensor_recovery_project/prediction_results_v9_trained_hybrid/baseline_04_yaw_rotation_ATT_trained_hybrid_prediction_outputs.csv
23.600556,baseline_04_yaw_rotation,Yaw,ramp,0.022782,0,172.58753967285156,172.58753967285156,172.58807678222658,-0.000537109375017053,0.000537109375017053,0.003797,0,14.0,0.010374869741956635,1,1,1,W30_N8_mean1.25x,30,8,1.25,1477,Yaw_hybrid_prediction,/home/tchowdh4/sensor_recovery_project/logs/extracted_csv/baseline_04_yaw_rotation_ATT.csv,/home/tchowdh4/sensor_recovery_project/prediction_results_v9_trained_hybrid/baseline_04_yaw_rotation_ATT_trained_hybrid_prediction_outputs.csv
23.700516,baseline_04_yaw_rotation,Yaw,ramp,0.022782,0,172.58860778808594,172.58860778808594,172.58919525146484,-0.00058746337890625,0.00058746337890625,0.003797,0,13.0,0.009719204237991145,1,1,1,W30_N8_mean1.25x,30,8,1.25,1477,Yaw_hybrid_prediction,/home/tchowdh4/sensor_recovery_project/logs/extracted_csv/baseline_04_yaw_rotation_ATT.csv,/home/tchowdh4/sensor_recovery_project/prediction_results_v9_trained_hybrid/baseline_04_yaw_rotation_ATT_trained_hybrid_prediction_outputs.csv
23.800476,baseline_04_yaw_rotation,Yaw,ramp,0.022782,0,172.5894012451172,172.5894012451172,172.5898376464844,-0.00043640136721023737,0.00043640136721023737,0.003797,0,12.0,0.009047683274746986,1,1,1,W30_N8_mean1.25x,30,8,1.25,1477,Yaw_hybrid_prediction,/home/tchowdh4/sensor_recovery_project/logs/extracted_csv/baseline_04_yaw_rotation_ATT.csv,/home/tchowdh4/sensor_recovery_project/prediction_results_v9_trained_hybrid/baseline_04_yaw_rotation_ATT_trained_hybrid_prediction_outputs.csv
23.900436,baseline_04_yaw_rotation,Yaw,ramp,0.022782,0,172.59051513671875,172.59051513671875,172.59112777709964,-0.000612640380893481,0.000612640380893481,0.003797,0,11.0,0.00837485356446166,1,1,1,W30_N8_mean1.25x,30,8,1.25,1477,Yaw_hybrid_prediction,/home/tchowdh4/sensor_recovery_project/logs/extracted_csv/baseline_04_yaw_rotation_ATT.csv,/home/tchowdh4/sensor_recovery_project/prediction_results_v9_trained_hybrid/baseline_04_yaw_rotation_ATT_trained_hybrid_prediction_outputs.csv
24.000396,baseline_04_yaw_rotation,Yaw,ramp,0.022782,0,172.59161376953125,172.59161376953125,172.59221801757815,-0.0006042480468977374,0.0006042480468977374,0.003797,0,10.0,0.00769148353975216,1,1,1,W30_N8_mean1.25x,30,8,1.25,1477,Yaw_hybrid_prediction,/home/tchowdh4/sensor_recovery_project/logs/extracted_csv/baseline_04_yaw_rotation_ATT.csv,/home/tchowdh4/sensor_recovery_project/prediction_results_v9_trained_hybrid/baseline_04_yaw_rotation_ATT_trained_hybrid_prediction_outputs.csv
24.100356,baseline_04_yaw_rotation,Yaw,ramp,0.022782,0,172.59254455566406,172.59254455566406,172.59305648803712,-0.0005119323730582437,0.0005119323730582437,0.003797,0,9.0,0.007001769367611625,1,1,1,W30_N8_mean1.25x,30,8,1.25,1477,Yaw_hybrid_prediction,/home/tchowdh4/sensor_recovery_project/logs/extracted_csv/baseline_04_yaw_rotation_ATT.csv,/home/tchowdh4/sensor_recovery_project/prediction_results_v9_trained_hybrid/baseline_04_yaw_rotation_ATT_trained_hybrid_prediction_outputs.csv
24.200316,baseline_04_yaw_rotation,Yaw,ramp,0.022782,0,172.5937042236328,172.5937042236328,172.59434204101564,-0.0006378173828238687,0.0006378173828238687,0.003797,0,8.0,0.00630990721503224,1,1,1,W30_N8_mean1.25x,30,8,1.25,1477,Yaw_hybrid_prediction,/home/tchowdh4/sensor_recovery_project/logs/extracted_csv/baseline_04_yaw_rotation_ATT.csv,/home/tchowdh4/sensor_recovery_project/prediction_results_v9_trained_hybrid/baseline_04_yaw_rotation_ATT_trained_hybrid_prediction_outputs.csv
24.300276,baseline_04_yaw_rotation,Yaw,ramp,0.022782,0,172.59487915039062,172.59487915039062,172.59552536010744,-0.0006462097168196124,0.0006462097168196124,0.003797,0,7.0,0.005614218615216752,0,1,1,W30_N8_mean1.25x,30,8,1.25,1477,Yaw_hybrid_prediction,/home/tchowdh4/sensor_recovery_project/logs/extracted_csv/baseline_04_yaw_rotation_ATT.csv,/home/tchowdh4/sensor_recovery_project/prediction_results_v9_trained_hybrid/baseline_04_yaw_rotation_ATT_trained_hybrid_prediction_outputs.csv
24.400236,baseline_04_yaw_rotation,Yaw,ramp,0.022782,0,172.59600830078125,172.59600830078125,172.5966293334961,-0.000621032714860803,0.000621032714860803,0.003797,0,6.0,0.004909388423307822,0,1,1,W30_N8_mean1.25x,30,8,1.25,1477,Yaw_hybrid_prediction,/home/tchowdh4/sensor_recovery_project/logs/extracted_csv/baseline_04_yaw_rotation_ATT.csv,/home/tchowdh4/sensor_recovery_project/prediction_results_v9_trained_hybrid/baseline_04_yaw_rotation_ATT_trained_hybrid_prediction_outputs.csv
24.500196,baseline_04_yaw_rotation,Yaw,ramp,0.022782,0,172.5972900390625,172.5972900390625,172.5979949951172,-0.000704956054704553,0.000704956054704553,0.003797,0,5.0,0.004204088717757296,0,0,0,W30_N8_mean1.25x,30,8,1.25,1477,Yaw_hybrid_prediction,/home/tchowdh4/sensor_recovery_project/logs/extracted_csv/baseline_04_yaw_rotation_ATT.csv,/home/tchowdh4/sensor_recovery_project/prediction_results_v9_trained_hybrid/baseline_04_yaw_rotation_ATT_trained_hybrid_prediction_outputs.csv
24.600156,baseline_04_yaw_rotation,Yaw,ramp,0.022782,0,172.59835815429688,172.59835815429688,172.59894561767578,-0.00058746337890625,0.00058746337890625,0.003797,0,4.0,0.0034834930418573625,0,0,0,W30_N8_mean1.25x,30,8,1.25,1477,Yaw_hybrid_prediction,/home/tchowdh4/sensor_recovery_project/logs/extracted_csv/baseline_04_yaw_rotation_ATT.csv,/home/tchowdh4/sensor_recovery_project/prediction_results_v9_trained_hybrid/baseline_04_yaw_rotation_ATT_trained_hybrid_prediction_outputs.csv
24.700116,baseline_04_yaw_rotation,Yaw,ramp,0.022782,0,172.59983825683594,172.59983825683594,172.60065231323244,-0.0008140563965071124,0.0008140563965071124,0.003797,0,3.0,0.0027660645303749713,0,0,0,W30_N8_mean1.25x,30,8,1.25,1477,Yaw_hybrid_prediction,/home/tchowdh4/sensor_recovery_project/logs/extracted_csv/baseline_04_yaw_rotation_ATT.csv,/home/tchowdh4/sensor_recovery_project/prediction_results_v9_trained_hybrid/baseline_04_yaw_rotation_ATT_trained_hybrid_prediction_outputs.csv
24.800076,baseline_04_yaw_rotation,Yaw,ramp,0.022782,0,172.6011199951172,172.6011199951172,172.6018249511719,-0.000704956054704553,0.000704956054704553,0.003797,0,2.0,0.002035857748740947,0,0,0,W30_N8_mean1.25x,30,8,1.25,1477,Yaw_hybrid_prediction,/home/tchowdh4/sensor_recovery_project/logs/extracted_csv/baseline_04_yaw_rotation_ATT.csv,/home/tchowdh4/sensor_recovery_project/prediction_results_v9_trained_hybrid/baseline_04_yaw_rotation_ATT_trained_hybrid_prediction_outputs.csv
24.900036,baseline_04_yaw_rotation,Yaw,ramp,0.022782,0,172.60256958007812,172.60256958007812,172.60336685180664,-0.000797271728515625,0.000797271728515625,0.003797,0,1.0,0.0013037827311345987,0,0,0,W30_N8_mean1.25x,30,8,1.25,1477,Yaw_hybrid_prediction,/home/tchowdh4/sensor_recovery_project/logs/extracted_csv/baseline_04_yaw_rotation_ATT.csv,/home/tchowdh4/sensor_recovery_project/prediction_results_v9_trained_hybrid/baseline_04_yaw_rotation_ATT_trained_hybrid_prediction_outputs.csv
24.999996,baseline_04_yaw_rotation,Yaw,ramp,0.022782,0,172.60411071777344,172.60411071777344,172.60495834350587,-0.0008476257324332437,0.0008476257324332437,0.003797,0,0.0,0.0005653635660962664,0,0,0,W30_N8_mean1.25x,30,8,1.25,1477,Yaw_hybrid_prediction,/home/tchowdh4/sensor_recovery_project/logs/extracted_csv/baseline_04_yaw_rotation_ATT.csv,/home/tchowdh4/sensor_recovery_project/prediction_results_v9_trained_hybrid/baseline_04_yaw_rotation_ATT_trained_hybrid_prediction_outputs.csv
25.100789,baseline_04_yaw_rotation,Yaw,ramp,0.022782,0,172.60549926757812,172.60549926757812,172.60626296997071,-0.0007637023925894937,0.0007637023925894937,0.003797,0,0.0,0.0005899810791172892,0,0,0,W30_N8_mean1.25x,30,8,1.25,1477,Yaw_hybrid_prediction,/home/tchowdh4/sensor_recovery_project/logs/extracted_csv/baseline_04_yaw_rotation_ATT.csv,/home/tchowdh4/sensor_recovery_project/prediction_results_v9_trained_hybrid/baseline_04_yaw_rotation_ATT_trained_hybrid_prediction_outputs.csv
25.200749,baseline_04_yaw_rotation,Yaw,ramp,0.022782,0,172.60696411132812,172.60696411132812,172.60776977539064,-0.0008056640625113687,0.0008056640625113687,0.003797,0,0.0,0.0006042480468911056,0,0,0,W30_N8_mean1.25x,30,8,1.25,1477,Yaw_hybrid_prediction,/home/tchowdh4/sensor_recovery_project/logs/extracted_csv/baseline_04_yaw_rotation_ATT.csv,/home/tchowdh4/sensor_recovery_project/prediction_results_v9_trained_hybrid/baseline_04_yaw_rotation_ATT_trained_hybrid_prediction_outputs.csv
25.300709,baseline_04_yaw_rotation,Yaw,ramp,0.022782,0,172.60836791992188,172.60836791992188,172.60914001464846,-0.0007720947265852374,0.0007720947265852374,0.003797,0,0.0,0.0006104024251470719,0,0,0,W30_N8_mean1.25x,30,8,1.25,1477,Yaw_hybrid_prediction,/home/tchowdh4/sensor_recovery_project/logs/extracted_csv/baseline_04_yaw_rotation_ATT.csv,/home/tchowdh4/sensor_recovery_project/prediction_results_v9_trained_hybrid/baseline_04_yaw_rotation_ATT_trained_hybrid_prediction_outputs.csv
25.400669,baseline_04_yaw_rotation,Yaw,ramp,0.022782,0,172.61012268066406,172.61012268066406,172.6110877990723,-0.0009651184082315467,0.0009651184082315467,0.003797,0,0.0,0.0006255086263195153,0,0,0,W30_N8_mean1.25x,30,8,1.25,1477,Yaw_hybrid_prediction,/home/tchowdh4/sensor_recovery_project/logs/extracted_csv/baseline_04_yaw_rotation_ATT.csv,/home/tchowdh4/sensor_recovery_project/prediction_results_v9_trained_hybrid/baseline_04_yaw_rotation_ATT_trained_hybrid_prediction_outputs.csv
25.500629,baseline_04_yaw_rotation,Yaw,ramp,0.022782,0,172.61203002929688,172.61203002929688,172.61307907104492,-0.001049041748046875,0.001049041748046875,0.003797,0,0.0,0.0006403350830244866,0,0,0,W30_N8_mean1.25x,30,8,1.25,1477,Yaw_hybrid_prediction,/home/tchowdh4/sensor_recovery_project/logs/extracted_csv/baseline_04_yaw_rotation_ATT.csv,/home/tchowdh4/sensor_recovery_project/prediction_results_v9_trained_hybrid/baseline_04_yaw_rotation_ATT_trained_hybrid_prediction_outputs.csv
25.600589,baseline_04_yaw_rotation,Yaw,ramp,0.022782,0,172.61351013183594,172.61351013183594,172.61432418823244,-0.0008140563965071124,0.0008140563965071124,0.003797,0,0.0,0.0006501261393395908,0,0,0,W30_N8_mean1.25x,30,8,1.25,1477,Yaw_hybrid_prediction,/home/tchowdh4/sensor_recovery_project/logs/extracted_csv/baseline_04_yaw_rotation_ATT.csv,/home/tchowdh4/sensor_recovery_project/prediction_results_v9_trained_hybrid/baseline_04_yaw_rotation_ATT_trained_hybrid_prediction_outputs.csv
25.700549,baseline_04_yaw_rotation,Yaw,ramp,0.022782,0,172.6151885986328,172.6151885986328,172.6161117553711,-0.00092315673828125,0.00092315673828125,0.003797,0,0.0,0.0006593577067216454,0,0,0,W30_N8_mean1.25x,30,8,1.25,1477,Yaw_hybrid_prediction,/home/tchowdh4/sensor_recovery_project/logs/extracted_csv/baseline_04_yaw_rotation_ATT.csv,/home/tchowdh4/sensor_recovery_project/prediction_results_v9_trained_hybrid/baseline_04_yaw_rotation_ATT_trained_hybrid_prediction_outputs.csv
25.800509,baseline_04_yaw_rotation,Yaw,ramp,0.022782,0,172.6168212890625,172.6168212890625,172.61771926879885,-0.0008979797363508624,0.0008979797363508624,0.003797,0,0.0,0.0006736246744954618,0,0,0,W30_N8_mean1.25x,30,8,1.25,1477,Yaw_hybrid_prediction,/home/tchowdh4/sensor_recovery_project/logs/extracted_csv/baseline_04_yaw_rotation_ATT.csv,/home/tchowdh4/sensor_recovery_project/prediction_results_v9_trained_hybrid/baseline_04_yaw_rotation_ATT_trained_hybrid_prediction_outputs.csv
25.900469,baseline_04_yaw_rotation,Yaw,ramp,0.022782,0,172.61866760253906,172.61866760253906,172.61968307495118,-0.0010154724121207437,0.0010154724121207437,0.003797,0,0.0,0.0006873321533362286,0,0,0,W30_N8_mean1.25x,30,8,1.25,1477,Yaw_hybrid_prediction,/home/tchowdh4/sensor_recovery_project/logs/extracted_csv/baseline_04_yaw_rotation_ATT.csv,/home/tchowdh4/sensor_recovery_project/prediction_results_v9_trained_hybrid/baseline_04_yaw_rotation_ATT_trained_hybrid_prediction_outputs.csv
26.000429,baseline_04_yaw_rotation,Yaw,ramp,0.022782,0,172.62037658691406,172.62037658691406,172.62131652832034,-0.0009399414062727374,0.0009399414062727374,0.003797,0,0.0,0.0007066345214999122,0,0,0,W30_N8_mean1.25x,30,8,1.25,1477,Yaw_hybrid_prediction,/home/tchowdh4/sensor_recovery_project/logs/extracted_csv/baseline_04_yaw_rotation_ATT.csv,/home/tchowdh4/sensor_recovery_project/prediction_results_v9_trained_hybrid/baseline_04_yaw_rotation_ATT_trained_hybrid_prediction_outputs.csv
26.100389,baseline_04_yaw_rotation,Yaw,ramp,0.022782,0,172.62222290039062,172.62222290039062,172.62323837280277,-0.0010154724121491654,0.0010154724121491654,0.003797,0,0.0,0.000720062255876049,0,0,0,W30_N8_mean1.25x,30,8,1.25,1477,Yaw_hybrid_prediction,/home/tchowdh4/sensor_recovery_project/logs/extracted_csv/baseline_04_yaw_rotation_ATT.csv,/home/tchowdh4/sensor_recovery_project/prediction_results_v9_trained_hybrid/baseline_04_yaw_rotation_ATT_trained_hybrid_prediction_outputs.csv
26.200349,baseline_04_yaw_rotation,Yaw,ramp,0.022782,0,172.62408447265625,172.62408447265625,172.62510833740237,-0.0010238647461164874,0.0010238647461164874,0.003797,0,0.0,0.0007399241129727822,0,0,0,W30_N8_mean1.25x,30,8,1.25,1477,Yaw_hybrid_prediction,/home/tchowdh4/sensor_recovery_project/logs/extracted_csv/baseline_04_yaw_rotation_ATT.csv,/home/tchowdh4/sensor_recovery_project/prediction_results_v9_trained_hybrid/baseline_04_yaw_rotation_ATT_trained_hybrid_prediction_outputs.csv
26.300309,baseline_04_yaw_rotation,Yaw,ramp,0.022782,0,172.62596130371094,172.62596130371094,172.62699356079102,-0.0010322570800838093,0.0010322570800838093,0.003797,0,0.0,0.0007572682698736344,0,0,0,W30_N8_mean1.25x,30,8,1.25,1477,Yaw_hybrid_prediction,/home/tchowdh4/sensor_recovery_project/logs/extracted_csv/baseline_04_yaw_rotation_ATT.csv,/home/tchowdh4/sensor_recovery_project/prediction_results_v9_trained_hybrid/baseline_04_yaw_rotation_ATT_trained_hybrid_prediction_outputs.csv
26.400269,baseline_04_yaw_rotation,Yaw,ramp,0.022782,0,172.6278076171875,172.6278076171875,172.62882308959962,-0.0010154724121207437,0.0010154724121207437,0.003797,0,0.0,0.0007723744710451305,0,0,0,W30_N8_mean1.25x,30,8,1.25,1477,Yaw_hybrid_prediction,/home/tchowdh4/sensor_recovery_project/logs/extracted_csv/baseline_04_yaw_rotation_ATT.csv,/home/tchowdh4/sensor_recovery_project/prediction_results_v9_trained_hybrid/baseline_04_yaw_rotation_ATT_trained_hybrid_prediction_outputs.csv
26.500229,baseline_04_yaw_rotation,Yaw,ramp,0.022782,0,172.62948608398438,172.62948608398438,172.63040924072266,-0.00092315673828125,0.00092315673828125,0.003797,0,0.0,0.0007869211832835769,0,0,0,W30_N8_mean1.25x,30,8,1.25,1477,Yaw_hybrid_prediction,/home/tchowdh4/sensor_recovery_project/logs/extracted_csv/baseline_04_yaw_rotation_ATT.csv,/home/tchowdh4/sensor_recovery_project/prediction_results_v9_trained_hybrid/baseline_04_yaw_rotation_ATT_trained_hybrid_prediction_outputs.csv
26.600189,baseline_04_yaw_rotation,Yaw,ramp,0.022782,0,172.63140869140625,172.63140869140625,172.6324661254883,-0.0010574340820426187,0.0010574340820426187,0.003797,0,0.0,0.0008042653401844291,0,0,0,W30_N8_mean1.25x,30,8,1.25,1477,Yaw_hybrid_prediction,/home/tchowdh4/sensor_recovery_project/logs/extracted_csv/baseline_04_yaw_rotation_ATT.csv,/home/tchowdh4/sensor_recovery_project/prediction_results_v9_trained_hybrid/baseline_04_yaw_rotation_ATT_trained_hybrid_prediction_outputs.csv
26.700149,baseline_04_yaw_rotation,Yaw,ramp,0.022782,0,172.63331604003906,172.63331604003906,172.6343650817871,-0.001049041748046875,0.001049041748046875,0.003797,0,0.0,0.0008196512858224499,0,0,0,W30_N8_mean1.25x,30,8,1.25,1477,Yaw_hybrid_prediction,/home/tchowdh4/sensor_recovery_project/logs/extracted_csv/baseline_04_yaw_rotation_ATT.csv,/home/tchowdh4/sensor_recovery_project/prediction_results_v9_trained_hybrid/baseline_04_yaw_rotation_ATT_trained_hybrid_prediction_outputs.csv
26.800109,baseline_04_yaw_rotation,Yaw,ramp,0.022782,0,172.63528442382812,172.63528442382812,172.63636703491213,-0.001082611084001428,0.001082611084001428,0.003797,0,0.0,0.0008411916097154896,0,0,0,W30_N8_mean1.25x,30,8,1.25,1477,Yaw_hybrid_prediction,/home/tchowdh4/sensor_recovery_project/logs/extracted_csv/baseline_04_yaw_rotation_ATT.csv,/home/tchowdh4/sensor_recovery_project/prediction_results_v9_trained_hybrid/baseline_04_yaw_rotation_ATT_trained_hybrid_prediction_outputs.csv
26.900069,baseline_04_yaw_rotation,Yaw,ramp,0.022782,0,172.63731384277344,172.63731384277344,172.63843002319337,-0.0011161804199275593,0.0011161804199275593,0.003797,0,0.0,0.0008579762776832923,0,0,0,W30_N8_mean1.25x,30,8,1.25,1477,Yaw_hybrid_prediction,/home/tchowdh4/sensor_recovery_project/logs/extracted_csv/baseline_04_yaw_rotation_ATT.csv,/home/tchowdh4/sensor_recovery_project/prediction_results_v9_trained_hybrid/baseline_04_yaw_rotation_ATT_trained_hybrid_prediction_outputs.csv
27.000029,baseline_04_yaw_rotation,Yaw,ramp,0.022782,0,172.63934326171875,172.63934326171875,172.6404594421387,-0.001116180419955981,0.001116180419955981,0.003797,0,0.0,0.000875040690118567,0,0,0,W30_N8_mean1.25x,30,8,1.25,1477,Yaw_hybrid_prediction,/home/tchowdh4/sensor_recovery_project/logs/extracted_csv/baseline_04_yaw_rotation_ATT.csv,/home/tchowdh4/sensor_recovery_project/prediction_results_v9_trained_hybrid/baseline_04_yaw_rotation_ATT_trained_hybrid_prediction_outputs.csv
27.099989,baseline_04_yaw_rotation,Yaw,ramp,0.022782,0,172.64120483398438,172.64120483398438,172.6422286987305,-0.0010238647461164874,0.0010238647461164874,0.003797,0,0.0,0.0008921051025538417,0,0,0,W30_N8_mean1.25x,30,8,1.25,1477,Yaw_hybrid_prediction,/home/tchowdh4/sensor_recovery_project/logs/extracted_csv/baseline_04_yaw_rotation_ATT.csv,/home/tchowdh4/sensor_recovery_project/prediction_results_v9_trained_hybrid/baseline_04_yaw_rotation_ATT_trained_hybrid_prediction_outputs.csv
27.200782,baseline_04_yaw_rotation,Yaw,ramp,0.022782,0,172.6433563232422,172.6433563232422,172.644539642334,-0.0011833190918082437,0.0011833190918082437,0.003797,0,0.0,0.000910288492853321,0,0,0,W30_N8_mean1.25x,30,8,1.25,1477,Yaw_hybrid_prediction,/home/tchowdh4/sensor_recovery_project/logs/extracted_csv/baseline_04_yaw_rotation_ATT.csv,/home/tchowdh4/sensor_recovery_project/prediction_results_v9_trained_hybrid/baseline_04_yaw_rotation_ATT_trained_hybrid_prediction_outputs.csv
27.300742,baseline_04_yaw_rotation,Yaw,ramp,0.022782,0,172.64517211914062,172.64517211914062,172.64617080688475,-0.0009986877441292563,0.0009986877441292563,0.003797,0,0.0,0.0009220377604303091,0,0,0,W30_N8_mean1.25x,30,8,1.25,1477,Yaw_hybrid_prediction,/home/tchowdh4/sensor_recovery_project/logs/extracted_csv/baseline_04_yaw_rotation_ATT.csv,/home/tchowdh4/sensor_recovery_project/prediction_results_v9_trained_hybrid/baseline_04_yaw_rotation_ATT_trained_hybrid_prediction_outputs.csv
27.400702,baseline_04_yaw_rotation,Yaw,ramp,0.022782,0,172.6470184326172,172.6470184326172,172.6480339050293,-0.0010154724121207437,0.0010154724121207437,0.003797,0,0.0,0.0009351857503389737,0,0,0,W30_N8_mean1.25x,30,8,1.25,1477,Yaw_hybrid_prediction,/home/tchowdh4/sensor_recovery_project/logs/extracted_csv/baseline_04_yaw_rotation_ATT.csv,/home/tchowdh4/sensor_recovery_project/prediction_results_v9_trained_hybrid/baseline_04_yaw_rotation_ATT_trained_hybrid_prediction_outputs.csv
27.500662,baseline_04_yaw_rotation,Yaw,ramp,0.022782,0,172.64923095703125,172.64923095703125,172.65044784545898,-0.001216888427734375,0.001216888427734375,0.003797,0,0.0,0.0009522501627733012,0,0,0,W30_N8_mean1.25x,30,8,1.25,1477,Yaw_hybrid_prediction,/home/tchowdh4/sensor_recovery_project/logs/extracted_csv/baseline_04_yaw_rotation_ATT.csv,/home/tchowdh4/sensor_recovery_project/prediction_results_v9_trained_hybrid/baseline_04_yaw_rotation_ATT_trained_hybrid_prediction_outputs.csv
27.600622,baseline_04_yaw_rotation,Yaw,ramp,0.022782,0,172.65145874023438,172.65145874023438,172.6526840209961,-0.0012252807617301187,0.0012252807617301187,0.003797,0,0.0,0.0009735107422007634,0,0,0,W30_N8_mean1.25x,30,8,1.25,1477,Yaw_hybrid_prediction,/home/tchowdh4/sensor_recovery_project/logs/extracted_csv/baseline_04_yaw_rotation_ATT.csv,/home/tchowdh4/sensor_recovery_project/prediction_results_v9_trained_hybrid/baseline_04_yaw_rotation_ATT_trained_hybrid_prediction_outputs.csv
27.700582,baseline_04_yaw_rotation,Yaw,ramp,0.022782,0,172.65362548828125,172.65362548828125,172.65481719970705,-0.0011917114258039874,0.0011917114258039874,0.003797,0,0.0,0.000986099243177326,0,0,0,W30_N8_mean1.25x,30,8,1.25,1477,Yaw_hybrid_prediction,/home/tchowdh4/sensor_recovery_project/logs/extracted_csv/baseline_04_yaw_rotation_ATT.csv,/home/tchowdh4/sensor_recovery_project/prediction_results_v9_trained_hybrid/baseline_04_yaw_rotation_ATT_trained_hybrid_prediction_outputs.csv
27.800542,baseline_04_yaw_rotation,Yaw,ramp,0.022782,0,172.65585327148438,172.65585327148438,172.6570785522461,-0.0012252807617301187,0.0012252807617301187,0.003797,0,0.0,0.0010034434000781782,0,0,0,W30_N8_mean1.25x,30,8,1.25,1477,Yaw_hybrid_prediction,/home/tchowdh4/sensor_recovery_project/logs/extracted_csv/baseline_04_yaw_rotation_ATT.csv,/home/tchowdh4/sensor_recovery_project/prediction_results_v9_trained_hybrid/baseline_04_yaw_rotation_ATT_trained_hybrid_prediction_outputs.csv
27.900502,baseline_04_yaw_rotation,Yaw,ramp,0.022782,0,172.65798950195312,172.65798950195312,172.65916442871094,-0.0011749267578125,0.0011749267578125,0.003797,0,0.0,0.0010160319010547407,0,0,0,W30_N8_mean1.25x,30,8,1.25,1477,Yaw_hybrid_prediction,/home/tchowdh4/sensor_recovery_project/logs/extracted_csv/baseline_04_yaw_rotation_ATT.csv,/home/tchowdh4/sensor_recovery_project/prediction_results_v9_trained_hybrid/baseline_04_yaw_rotation_ATT_trained_hybrid_prediction_outputs.csv
28.000462,baseline_04_yaw_rotation,Yaw,ramp,0.022782,0,172.66021728515625,172.66021728515625,172.66144256591798,-0.0012252807617301187,0.0012252807617301187,0.003797,0,0.0,0.001028620402031303,0,0,0,W30_N8_mean1.25x,30,8,1.25,1477,Yaw_hybrid_prediction,/home/tchowdh4/sensor_recovery_project/logs/extracted_csv/baseline_04_yaw_rotation_ATT.csv,/home/tchowdh4/sensor_recovery_project/prediction_results_v9_trained_hybrid/baseline_04_yaw_rotation_ATT_trained_hybrid_prediction_outputs.csv
28.100422,baseline_04_yaw_rotation,Yaw,ramp,0.022782,0,172.66226196289062,172.66226196289062,172.66338653564452,-0.0011245727538948813,0.0011245727538948813,0.003797,0,0.0,0.0010406494140748161,0,0,0,W30_N8_mean1.25x,30,8,1.25,1477,Yaw_hybrid_prediction,/home/tchowdh4/sensor_recovery_project/logs/extracted_csv/baseline_04_yaw_rotation_ATT.csv,/home/tchowdh4/sensor_recovery_project/prediction_results_v9_trained_hybrid/baseline_04_yaw_rotation_ATT_trained_hybrid_prediction_outputs.csv
28.200382,baseline_04_yaw_rotation,Yaw,ramp,0.022782,0,172.66452026367188,172.66452026367188,172.6657623291016,-0.001242065429721606,0.001242065429721606,0.003797,0,0.0,0.0010551961263151573,0,0,0,W30_N8_mean1.25x,30,8,1.25,1477,Yaw_hybrid_prediction,/home/tchowdh4/sensor_recovery_project/logs/extracted_csv/baseline_04_yaw_rotation_ATT.csv,/home/tchowdh4/sensor_recovery_project/prediction_results_v9_trained_hybrid/baseline_04_yaw_rotation_ATT_trained_hybrid_prediction_outputs.csv
28.300342,baseline_04_yaw_rotation,Yaw,ramp,0.022782,0,172.6665496826172,172.6665496826172,172.66766586303712,-0.0011161804199275593,0.0011161804199275593,0.003797,0,0.0,0.0010666656494265681,0,0,0,W30_N8_mean1.25x,30,8,1.25,1477,Yaw_hybrid_prediction,/home/tchowdh4/sensor_recovery_project/logs/extracted_csv/baseline_04_yaw_rotation_ATT.csv,/home/tchowdh4/sensor_recovery_project/prediction_results_v9_trained_hybrid/baseline_04_yaw_rotation_ATT_trained_hybrid_prediction_outputs.csv
28.400302,baseline_04_yaw_rotation,Yaw,ramp,0.022782,0,172.66871643066406,172.66871643066406,172.66990814208987,-0.0011917114258039874,0.0011917114258039874,0.003797,0,0.0,0.001074218750012316,0,0,0,W30_N8_mean1.25x,30,8,1.25,1477,Yaw_hybrid_prediction,/home/tchowdh4/sensor_recovery_project/logs/extracted_csv/baseline_04_yaw_rotation_ATT.csv,/home/tchowdh4/sensor_recovery_project/prediction_results_v9_trained_hybrid/baseline_04_yaw_rotation_ATT_trained_hybrid_prediction_outputs.csv
28.500262,baseline_04_yaw_rotation,Yaw,ramp,0.022782,0,172.6710205078125,172.6710205078125,172.67228775024415,-0.0012672424316519937,0.0012672424316519937,0.003797,0,0.0,0.0010814921061324868,0,0,0,W30_N8_mean1.25x,30,8,1.25,1477,Yaw_hybrid_prediction,/home/tchowdh4/sensor_recovery_project/logs/extracted_csv/baseline_04_yaw_rotation_ATT.csv,/home/tchowdh4/sensor_recovery_project/prediction_results_v9_trained_hybrid/baseline_04_yaw_rotation_ATT_trained_hybrid_prediction_outputs.csv
28.600222,baseline_04_yaw_rotation,Yaw,ramp,0.022782,0,172.6732940673828,172.6732940673828,172.6745445251465,-0.001250457763688928,0.001250457763688928,0.003797,0,0.0,0.0010960388183718806,0,0,0,W30_N8_mean1.25x,30,8,1.25,1477,Yaw_hybrid_prediction,/home/tchowdh4/sensor_recovery_project/logs/extracted_csv/baseline_04_yaw_rotation_ATT.csv,/home/tchowdh4/sensor_recovery_project/prediction_results_v9_trained_hybrid/baseline_04_yaw_rotation_ATT_trained_hybrid_prediction_outputs.csv
28.700182,baseline_04_yaw_rotation,Yaw,ramp,0.022782,0,172.6756591796875,172.6756591796875,172.67695999145508,-0.001300811767578125,0.001300811767578125,0.003797,0,0.0,0.0011086273193484431,0,0,0,W30_N8_mean1.25x,30,8,1.25,1477,Yaw_hybrid_prediction,/home/tchowdh4/sensor_recovery_project/logs/extracted_csv/baseline_04_yaw_rotation_ATT.csv,/home/tchowdh4/sensor_recovery_project/prediction_results_v9_trained_hybrid/baseline_04_yaw_rotation_ATT_trained_hybrid_prediction_outputs.csv
28.800142,baseline_04_yaw_rotation,Yaw,ramp,0.022782,0,172.6778106689453,172.6778106689453,172.67899398803712,-0.0011833190918082437,0.0011833190918082437,0.003797,0,0.0,0.0011181386311970225,0,0,0,W30_N8_mean1.25x,30,8,1.25,1477,Yaw_hybrid_prediction,/home/tchowdh4/sensor_recovery_project/logs/extracted_csv/baseline_04_yaw_rotation_ATT.csv,/home/tchowdh4/sensor_recovery_project/prediction_results_v9_trained_hybrid/baseline_04_yaw_rotation_ATT_trained_hybrid_prediction_outputs.csv
28.900102,baseline_04_yaw_rotation,Yaw,ramp,0.022782,0,172.68038940429688,172.68038940429688,172.68180770874025,-0.001418304443376428,0.001418304443376428,0.003797,0,0.0,0.001131566365572212,0,0,0,W30_N8_mean1.25x,30,8,1.25,1477,Yaw_hybrid_prediction,/home/tchowdh4/sensor_recovery_project/logs/extracted_csv/baseline_04_yaw_rotation_ATT.csv,/home/tchowdh4/sensor_recovery_project/prediction_results_v9_trained_hybrid/baseline_04_yaw_rotation_ATT_trained_hybrid_prediction_outputs.csv
29.000062,baseline_04_yaw_rotation,Yaw,ramp,0.022782,0,172.6826171875,172.6826171875,172.68384246826173,-0.0012252807617301187,0.0012252807617301187,0.003797,0,0.0,0.0011410776774207912,0,0,0,W30_N8_mean1.25x,30,8,1.25,1477,Yaw_hybrid_prediction,/home/tchowdh4/sensor_recovery_project/logs/extracted_csv/baseline_04_yaw_rotation_ATT.csv,/home/tchowdh4/sensor_recovery_project/prediction_results_v9_trained_hybrid/baseline_04_yaw_rotation_ATT_trained_hybrid_prediction_outputs.csv
29.100022,baseline_04_yaw_rotation,Yaw,ramp,0.022782,0,172.68499755859375,172.68499755859375,172.68630676269532,-0.0013092041015738687,0.0013092041015738687,0.003797,0,0.0,0.001150868733734948,0,0,0,W30_N8_mean1.25x,30,8,1.25,1477,Yaw_hybrid_prediction,/home/tchowdh4/sensor_recovery_project/logs/extracted_csv/baseline_04_yaw_rotation_ATT.csv,/home/tchowdh4/sensor_recovery_project/prediction_results_v9_trained_hybrid/baseline_04_yaw_rotation_ATT_trained_hybrid_prediction_outputs.csv
29.199982,baseline_04_yaw_rotation,Yaw,ramp,0.022782,0,172.687255859375,172.687255859375,172.68849792480472,-0.001242065429721606,0.001242065429721606,0.003797,0,0.0,0.0011581420898551186,0,0,0,W30_N8_mean1.25x,30,8,1.25,1477,Yaw_hybrid_prediction,/home/tchowdh4/sensor_recovery_project/logs/extracted_csv/baseline_04_yaw_rotation_ATT.csv,/home/tchowdh4/sensor_recovery_project/prediction_results_v9_trained_hybrid/baseline_04_yaw_rotation_ATT_trained_hybrid_prediction_outputs.csv
29.300775,baseline_04_yaw_rotation,Yaw,ramp,0.022782,0,172.6896514892578,172.6896514892578,172.69096908569338,-0.0013175964355696124,0.0013175964355696124,0.003797,0,0.0,0.0011676534017046455,0,0,0,W30_N8_mean1.25x,30,8,1.25,1477,Yaw_hybrid_prediction,/home/tchowdh4/sensor_recovery_project/logs/extracted_csv/baseline_04_yaw_rotation_ATT.csv,/home/tchowdh4/sensor_recovery_project/prediction_results_v9_trained_hybrid/baseline_04_yaw_rotation_ATT_trained_hybrid_prediction_outputs.csv
29.400735,baseline_04_yaw_rotation,Yaw,ramp,0.022782,0,172.6920166015625,172.6920166015625,172.69331741333008,-0.001300811767578125,0.001300811767578125,0.003797,0,0.0,0.0011771647135532248,0,0,0,W30_N8_mean1.25x,30,8,1.25,1477,Yaw_hybrid_prediction,/home/tchowdh4/sensor_recovery_project/logs/extracted_csv/baseline_04_yaw_rotation_ATT.csv,/home/tchowdh4/sensor_recovery_project/prediction_results_v9_trained_hybrid/baseline_04_yaw_rotation_ATT_trained_hybrid_prediction_outputs.csv
29.500695,baseline_04_yaw_rotation,Yaw,ramp,0.022782,0,172.69436645507812,172.69436645507812,172.69565887451174,-0.001292419433610803,0.001292419433610803,0.003797,0,0.0,0.00118947347006421,0,0,0,W30_N8_mean1.25x,30,8,1.25,1477,Yaw_hybrid_prediction,/home/tchowdh4/sensor_recovery_project/logs/extracted_csv/baseline_04_yaw_rotation_ATT.csv,/home/tchowdh4/sensor_recovery_project/prediction_results_v9_trained_hybrid/baseline_04_yaw_rotation_ATT_trained_hybrid_prediction_outputs.csv
29.600655,baseline_04_yaw_rotation,Yaw,ramp,0.022782,0,172.6967010498047,172.6967010498047,172.6979850769043,-0.0012840270996150593,0.0012840270996150593,0.003797,0,0.0,0.001197026570649958,0,0,0,W30_N8_mean1.25x,30,8,1.25,1477,Yaw_hybrid_prediction,/home/tchowdh4/sensor_recovery_project/logs/extracted_csv/baseline_04_yaw_rotation_ATT.csv,/home/tchowdh4/sensor_recovery_project/prediction_results_v9_trained_hybrid/baseline_04_yaw_rotation_ATT_trained_hybrid_prediction_outputs.csv
29.700615,baseline_04_yaw_rotation,Yaw,ramp,0.022782,0,172.69908142089844,172.69908142089844,172.700390625,-0.0013092041015738687,0.0013092041015738687,0.003797,0,0.0,0.0012056986491008578,0,0,0,W30_N8_mean1.25x,30,8,1.25,1477,Yaw_hybrid_prediction,/home/tchowdh4/sensor_recovery_project/logs/extracted_csv/baseline_04_yaw_rotation_ATT.csv,/home/tchowdh4/sensor_recovery_project/prediction_results_v9_trained_hybrid/baseline_04_yaw_rotation_ATT_trained_hybrid_prediction_outputs.csv
29.800575,baseline_04_yaw_rotation,Yaw,ramp,0.022782,0,172.70169067382812,172.70169067382812,172.70312576293946,-0.0014350891113394937,0.0014350891113394937,0.003797,0,0.0,0.0012174479166787932,0,0,0,W30_N8_mean1.25x,30,8,1.25,1477,Yaw_hybrid_prediction,/home/tchowdh4/sensor_recovery_project/logs/extracted_csv/baseline_04_yaw_rotation_ATT.csv,/home/tchowdh4/sensor_recovery_project/prediction_results_v9_trained_hybrid/baseline_04_yaw_rotation_ATT_trained_hybrid_prediction_outputs.csv
29.900535,baseline_04_yaw_rotation,Yaw,ramp,0.022782,0,172.7039031982422,172.7039031982422,172.70512008666992,-0.001216888427734375,0.001216888427734375,0.003797,0,0.0,0.0012208048502723539,0,0,0,W30_N8_mean1.25x,30,8,1.25,1477,Yaw_hybrid_prediction,/home/tchowdh4/sensor_recovery_project/logs/extracted_csv/baseline_04_yaw_rotation_ATT.csv,/home/tchowdh4/sensor_recovery_project/prediction_results_v9_trained_hybrid/baseline_04_yaw_rotation_ATT_trained_hybrid_prediction_outputs.csv
30.000495,baseline_04_yaw_rotation,Yaw,ramp,0.022782,0,172.7064971923828,172.7064971923828,172.70792388916016,-0.00142669677734375,0.00142669677734375,0.003797,0,0.0,0.0012311553955186127,0,0,0,W30_N8_mean1.25x,30,8,1.25,1477,Yaw_hybrid_prediction,/home/tchowdh4/sensor_recovery_project/logs/extracted_csv/baseline_04_yaw_rotation_ATT.csv,/home/tchowdh4/sensor_recovery_project/prediction_results_v9_trained_hybrid/baseline_04_yaw_rotation_ATT_trained_hybrid_prediction_outputs.csv
30.100455,baseline_04_yaw_rotation,Yaw,ramp,0.022782,0,172.708740234375,172.708740234375,172.70997390747073,-0.0012336730957258624,0.0012336730957258624,0.003797,0,0.0,0.0012381490071722587,0,0,0,W30_N8_mean1.25x,30,8,1.25,1477,Yaw_hybrid_prediction,/home/tchowdh4/sensor_recovery_project/logs/extracted_csv/baseline_04_yaw_rotation_ATT.csv,/home/tchowdh4/sensor_recovery_project/prediction_results_v9_trained_hybrid/baseline_04_yaw_rotation_ATT_trained_hybrid_prediction_outputs.csv
30.200415,baseline_04_yaw_rotation,Yaw,ramp,0.022782,0,172.7110595703125,172.7110595703125,172.71233520507815,-0.0012756347656477374,0.0012756347656477374,0.003797,0,0.0,0.0012412261963002417,0,0,0,W30_N8_mean1.25x,30,8,1.25,1477,Yaw_hybrid_prediction,/home/tchowdh4/sensor_recovery_project/logs/extracted_csv/baseline_04_yaw_rotation_ATT.csv,/home/tchowdh4/sensor_recovery_project/prediction_results_v9_trained_hybrid/baseline_04_yaw_rotation_ATT_trained_hybrid_prediction_outputs.csv
30.300375,baseline_04_yaw_rotation,Yaw,ramp,0.022782,0,172.71348571777344,172.71348571777344,172.71482009887697,-0.001334381103532678,0.001334381103532678,0.003797,0,0.0,0.0012524159749470224,0,0,0,W30_N8_mean1.25x,30,8,1.25,1477,Yaw_hybrid_prediction,/home/tchowdh4/sensor_recovery_project/logs/extracted_csv/baseline_04_yaw_rotation_ATT.csv,/home/tchowdh4/sensor_recovery_project/prediction_results_v9_trained_hybrid/baseline_04_yaw_rotation_ATT_trained_hybrid_prediction_outputs.csv
30.400335,baseline_04_yaw_rotation,Yaw,ramp,0.022782,0,172.7159881591797,172.7159881591797,172.7173645019531,-0.0013763427734261313,0.0013763427734261313,0.003797,0,0.0,0.0012644449869905353,0,0,0,W30_N8_mean1.25x,30,8,1.25,1477,Yaw_hybrid_prediction,/home/tchowdh4/sensor_recovery_project/logs/extracted_csv/baseline_04_yaw_rotation_ATT.csv,/home/tchowdh4/sensor_recovery_project/prediction_results_v9_trained_hybrid/baseline_04_yaw_rotation_ATT_trained_hybrid_prediction_outputs.csv
30.500295,baseline_04_yaw_rotation,Yaw,ramp,0.022782,0,172.7183837890625,172.7183837890625,172.71970138549807,-0.0013175964355696124,0.0013175964355696124,0.003797,0,0.0,0.0012678019205850433,0,0,0,W30_N8_mean1.25x,30,8,1.25,1477,Yaw_hybrid_prediction,/home/tchowdh4/sensor_recovery_project/logs/extracted_csv/baseline_04_yaw_rotation_ATT.csv,/home/tchowdh4/sensor_recovery_project/prediction_results_v9_trained_hybrid/baseline_04_yaw_rotation_ATT_trained_hybrid_prediction_outputs.csv
30.600255,baseline_04_yaw_rotation,Yaw,ramp,0.022782,0,172.72091674804688,172.72091674804688,172.7223098754883,-0.0013931274414176187,0.0013931274414176187,0.003797,0,0.0,0.00127339680990796,0,0,0,W30_N8_mean1.25x,30,8,1.25,1477,Yaw_hybrid_prediction,/home/tchowdh4/sensor_recovery_project/logs/extracted_csv/baseline_04_yaw_rotation_ATT.csv,/home/tchowdh4/sensor_recovery_project/prediction_results_v9_trained_hybrid/baseline_04_yaw_rotation_ATT_trained_hybrid_prediction_outputs.csv
30.700215,baseline_04_yaw_rotation,Yaw,ramp,0.022782,0,172.72344970703125,172.72344970703125,172.72484283447267,-0.0013931274414176187,0.0013931274414176187,0.003797,0,0.0,0.001280110677095081,0,0,0,W30_N8_mean1.25x,30,8,1.25,1477,Yaw_hybrid_prediction,/home/tchowdh4/sensor_recovery_project/logs/extracted_csv/baseline_04_yaw_rotation_ATT.csv,/home/tchowdh4/sensor_recovery_project/prediction_results_v9_trained_hybrid/baseline_04_yaw_rotation_ATT_trained_hybrid_prediction_outputs.csv
30.800175,baseline_04_yaw_rotation,Yaw,ramp,0.022782,0,172.72608947753906,172.72608947753906,172.7275413513184,-0.001451873779330981,0.001451873779330981,0.003797,0,0.0,0.0012876637776817765,0,0,0,W30_N8_mean1.25x,30,8,1.25,1477,Yaw_hybrid_prediction,/home/tchowdh4/sensor_recovery_project/logs/extracted_csv/baseline_04_yaw_rotation_ATT.csv,/home/tchowdh4/sensor_recovery_project/prediction_results_v9_trained_hybrid/baseline_04_yaw_rotation_ATT_trained_hybrid_prediction_outputs.csv
30.900135,baseline_04_yaw_rotation,Yaw,ramp,0.022782,0,172.72874450683594,172.72874450683594,172.73020477294924,-0.001460266113298303,0.001460266113298303,0.003797,0,0.0,0.0012971750895313032,0,0,0,W30_N8_mean1.25x,30,8,1.25,1477,Yaw_hybrid_prediction,/home/tchowdh4/sensor_recovery_project/logs/extracted_csv/baseline_04_yaw_rotation_ATT.csv,/home/tchowdh4/sensor_recovery_project/prediction_results_v9_trained_hybrid/baseline_04_yaw_rotation_ATT_trained_hybrid_prediction_outputs.csv
31.000095,baseline_04_yaw_rotation,Yaw,ramp,0.022782,0,172.73121643066406,172.73121643066406,172.73257598876955,-0.0013595581054914874,0.0013595581054914874,0.003797,0,0.0,0.0013016510009900154,0,0,0,W30_N8_mean1.25x,30,8,1.25,1477,Yaw_hybrid_prediction,/home/tchowdh4/sensor_recovery_project/logs/extracted_csv/baseline_04_yaw_rotation_ATT.csv,/home/tchowdh4/sensor_recovery_project/prediction_results_v9_trained_hybrid/baseline_04_yaw_rotation_ATT_trained_hybrid_prediction_outputs.csv
31.100055,baseline_04_yaw_rotation,Yaw,ramp,0.022782,0,172.7335968017578,172.7335968017578,172.7349060058594,-0.0013092041015738687,0.0013092041015738687,0.003797,0,0.0,0.0013078053792459816,0,0,0,W30_N8_mean1.25x,30,8,1.25,1477,Yaw_hybrid_prediction,/home/tchowdh4/sensor_recovery_project/logs/extracted_csv/baseline_04_yaw_rotation_ATT.csv,/home/tchowdh4/sensor_recovery_project/prediction_results_v9_trained_hybrid/baseline_04_yaw_rotation_ATT_trained_hybrid_prediction_outputs.csv
31.200015,baseline_04_yaw_rotation,Yaw,ramp,0.022782,0,172.7361297607422,172.7361297607422,172.7375228881836,-0.0013931274414176187,0.0013931274414176187,0.003797,0,0.0,0.0013128407796358487,0,0,0,W30_N8_mean1.25x,30,8,1.25,1477,Yaw_hybrid_prediction,/home/tchowdh4/sensor_recovery_project/logs/extracted_csv/baseline_04_yaw_rotation_ATT.csv,/home/tchowdh4/sensor_recovery_project/prediction_results_v9_trained_hybrid/baseline_04_yaw_rotation_ATT_trained_hybrid_prediction_outputs.csv
31.299975,baseline_04_yaw_rotation,Yaw,ramp,0.022782,0,172.7388153076172,172.7388153076172,172.74029235839845,-0.0014770507812613687,0.0014770507812613687,0.003797,0,0.0,0.001324869791680309,0,0,0,W30_N8_mean1.25x,30,8,1.25,1477,Yaw_hybrid_prediction,/home/tchowdh4/sensor_recovery_project/logs/extracted_csv/baseline_04_yaw_rotation_ATT.csv,/home/tchowdh4/sensor_recovery_project/prediction_results_v9_trained_hybrid/baseline_04_yaw_rotation_ATT_trained_hybrid_prediction_outputs.csv
31.400768,baseline_04_yaw_rotation,Yaw,ramp,0.022782,0,172.74124145507812,172.74124145507812,172.74257583618163,-0.0013343811035042563,0.0013343811035042563,0.003797,0,0.0,0.0013296254476036515,0,0,0,W30_N8_mean1.25x,30,8,1.25,1477,Yaw_hybrid_prediction,/home/tchowdh4/sensor_recovery_project/logs/extracted_csv/baseline_04_yaw_rotation_ATT.csv,/home/tchowdh4/sensor_recovery_project/prediction_results_v9_trained_hybrid/baseline_04_yaw_rotation_ATT_trained_hybrid_prediction_outputs.csv
31.500728,baseline_04_yaw_rotation,Yaw,ramp,0.022782,0,172.74374389648438,172.74374389648438,172.7451202392578,-0.0013763427734261313,0.0013763427734261313,0.003797,0,0.0,0.0013332621256627894,0,0,0,W30_N8_mean1.25x,30,8,1.25,1477,Yaw_hybrid_prediction,/home/tchowdh4/sensor_recovery_project/logs/extracted_csv/baseline_04_yaw_rotation_ATT.csv,/home/tchowdh4/sensor_recovery_project/prediction_results_v9_trained_hybrid/baseline_04_yaw_rotation_ATT_trained_hybrid_prediction_outputs.csv
31.600688,baseline_04_yaw_rotation,Yaw,ramp,0.022782,0,172.74624633789062,172.74624633789062,172.74762268066408,-0.001376342773454553,0.001376342773454553,0.003797,0,0.0,0.0013374582926549768,0,0,0,W30_N8_mean1.25x,30,8,1.25,1477,Yaw_hybrid_prediction,/home/tchowdh4/sensor_recovery_project/logs/extracted_csv/baseline_04_yaw_rotation_ATT.csv,/home/tchowdh4/sensor_recovery_project/prediction_results_v9_trained_hybrid/baseline_04_yaw_rotation_ATT_trained_hybrid_prediction_outputs.csv
31.700648,baseline_04_yaw_rotation,Yaw,ramp,0.022782,0,172.7485809326172,172.7485809326172,172.7498649597168,-0.0012840270996150593,0.0012840270996150593,0.003797,0,0.0,0.0013368988037228747,0,0,0,W30_N8_mean1.25x,30,8,1.25,1477,Yaw_hybrid_prediction,/home/tchowdh4/sensor_recovery_project/logs/extracted_csv/baseline_04_yaw_rotation_ATT.csv,/home/tchowdh4/sensor_recovery_project/prediction_results_v9_trained_hybrid/baseline_04_yaw_rotation_ATT_trained_hybrid_prediction_outputs.csv
31.800608,baseline_04_yaw_rotation,Yaw,ramp,0.022782,0,172.75111389160156,172.75111389160156,172.75250701904298,-0.0013931274414176187,0.0013931274414176187,0.003797,0,0.0,0.0013438924153765205,0,0,0,W30_N8_mean1.25x,30,8,1.25,1477,Yaw_hybrid_prediction,/home/tchowdh4/sensor_recovery_project/logs/extracted_csv/baseline_04_yaw_rotation_ATT.csv,/home/tchowdh4/sensor_recovery_project/prediction_results_v9_trained_hybrid/baseline_04_yaw_rotation_ATT_trained_hybrid_prediction_outputs.csv
31.900568,baseline_04_yaw_rotation,Yaw,ramp,0.022782,0,172.75350952148438,172.75350952148438,172.75482711791994,-0.0013175964355696124,0.0013175964355696124,0.003797,0,0.0,0.00134053548178296,0,0,0,W30_N8_mean1.25x,30,8,1.25,1477,Yaw_hybrid_prediction,/home/tchowdh4/sensor_recovery_project/logs/extracted_csv/baseline_04_yaw_rotation_ATT.csv,/home/tchowdh4/sensor_recovery_project/prediction_results_v9_trained_hybrid/baseline_04_yaw_rotation_ATT_trained_hybrid_prediction_outputs.csv
32.000528,baseline_04_yaw_rotation,Yaw,ramp,0.022782,0,172.7562713623047,172.7562713623047,172.75779037475587,-0.0015190124511832437,0.0015190124511832437,0.003797,0,0.0,0.0013503265380980642,0,0,0,W30_N8_mean1.25x,30,8,1.25,1477,Yaw_hybrid_prediction,/home/tchowdh4/sensor_recovery_project/logs/extracted_csv/baseline_04_yaw_rotation_ATT.csv,/home/tchowdh4/sensor_recovery_project/prediction_results_v9_trained_hybrid/baseline_04_yaw_rotation_ATT_trained_hybrid_prediction_outputs.csv
32.100488,baseline_04_yaw_rotation,Yaw,ramp,0.022782,0,172.7587890625,172.7587890625,172.76017379760742,-0.001384735107421875,0.001384735107421875,0.003797,0,0.0,0.0013528442382929977,0,0,0,W30_N8_mean1.25x,30,8,1.25,1477,Yaw_hybrid_prediction,/home/tchowdh4/sensor_recovery_project/logs/extracted_csv/baseline_04_yaw_rotation_ATT.csv,/home/tchowdh4/sensor_recovery_project/prediction_results_v9_trained_hybrid/baseline_04_yaw_rotation_ATT_trained_hybrid_prediction_outputs.csv
32.200448,baseline_04_yaw_rotation,Yaw,ramp,0.022782,0,172.76138305664062,172.76138305664062,172.76280975341797,-0.00142669677734375,0.00142669677734375,0.003797,0,0.0,0.0013589986165470692,0,0,0,W30_N8_mean1.25x,30,8,1.25,1477,Yaw_hybrid_prediction,/home/tchowdh4/sensor_recovery_project/logs/extracted_csv/baseline_04_yaw_rotation_ATT.csv,/home/tchowdh4/sensor_recovery_project/prediction_results_v9_trained_hybrid/baseline_04_yaw_rotation_ATT_trained_hybrid_prediction_outputs.csv
32.300408,baseline_04_yaw_rotation,Yaw,ramp,0.022782,0,172.7637939453125,172.7637939453125,172.7651199340821,-0.0013259887695937778,0.0013259887695937778,0.003797,0,0.0,0.0013592783610145412,0,0,0,W30_N8_mean1.25x,30,8,1.25,1477,Yaw_hybrid_prediction,/home/tchowdh4/sensor_recovery_project/logs/extracted_csv/baseline_04_yaw_rotation_ATT.csv,/home/tchowdh4/sensor_recovery_project/prediction_results_v9_trained_hybrid/baseline_04_yaw_rotation_ATT_trained_hybrid_prediction_outputs.csv
32.400368,baseline_04_yaw_rotation,Yaw,ramp,0.022782,0,172.7661895751953,172.7661895751953,172.76750717163088,-0.0013175964355696124,0.0013175964355696124,0.003797,0,0.0,0.0013598378499475908,0,0,0,W30_N8_mean1.25x,30,8,1.25,1477,Yaw_hybrid_prediction,/home/tchowdh4/sensor_recovery_project/logs/extracted_csv/baseline_04_yaw_rotation_ATT.csv,/home/tchowdh4/sensor_recovery_project/prediction_results_v9_trained_hybrid/baseline_04_yaw_rotation_ATT_trained_hybrid_prediction_outputs.csv
32.500328,baseline_04_yaw_rotation,Yaw,ramp,0.022782,0,172.7687530517578,172.7687530517578,172.77016296386722,-0.001409912109409106,0.001409912109409106,0.003797,0,0.0,0.001363754272474201,0,0,0,W30_N8_mean1.25x,30,8,1.25,1477,Yaw_hybrid_prediction,/home/tchowdh4/sensor_recovery_project/logs/extracted_csv/baseline_04_yaw_rotation_ATT.csv,/home/tchowdh4/sensor_recovery_project/prediction_results_v9_trained_hybrid/baseline_04_yaw_rotation_ATT_trained_hybrid_prediction_outputs.csv
32.600288,baseline_04_yaw_rotation,Yaw,ramp,0.022782,0,172.7712860107422,172.7712860107422,172.7726791381836,-0.0013931274414176187,0.0013931274414176187,0.003797,0,0.0,0.0013673909505342863,0,0,0,W30_N8_mean1.25x,30,8,1.25,1477,Yaw_hybrid_prediction,/home/tchowdh4/sensor_recovery_project/logs/extracted_csv/baseline_04_yaw_rotation_ATT.csv,/home/tchowdh4/sensor_recovery_project/prediction_results_v9_trained_hybrid/baseline_04_yaw_rotation_ATT_trained_hybrid_prediction_outputs.csv
32.700248,baseline_04_yaw_rotation,Yaw,ramp,0.022782,0,172.7737274169922,172.7737274169922,172.7750701904297,-0.0013427734375,0.0013427734375,0.003797,0,0.0,0.0013685099283984906,0,0,0,W30_N8_mean1.25x,30,8,1.25,1477,Yaw_hybrid_prediction,/home/tchowdh4/sensor_recovery_project/logs/extracted_csv/baseline_04_yaw_rotation_ATT.csv,/home/tchowdh4/sensor_recovery_project/prediction_results_v9_trained_hybrid/baseline_04_yaw_rotation_ATT_trained_hybrid_prediction_outputs.csv
32.800208,baseline_04_yaw_rotation,Yaw,ramp,0.022782,0,172.77633666992188,172.77633666992188,172.7777717590332,-0.001435089111311072,0.001435089111311072,0.003797,0,0.0,0.0013685099283975433,0,0,0,W30_N8_mean1.25x,30,8,1.25,1477,Yaw_hybrid_prediction,/home/tchowdh4/sensor_recovery_project/logs/extracted_csv/baseline_04_yaw_rotation_ATT.csv,/home/tchowdh4/sensor_recovery_project/prediction_results_v9_trained_hybrid/baseline_04_yaw_rotation_ATT_trained_hybrid_prediction_outputs.csv
32.900168,baseline_04_yaw_rotation,Yaw,ramp,0.022782,0,172.7788848876953,172.7788848876953,172.78028640747073,-0.0014015197754133624,0.0014015197754133624,0.003797,0,0.0,0.0013746643066535095,0,0,0,W30_N8_mean1.25x,30,8,1.25,1477,Yaw_hybrid_prediction,/home/tchowdh4/sensor_recovery_project/logs/extracted_csv/baseline_04_yaw_rotation_ATT.csv,/home/tchowdh4/sensor_recovery_project/prediction_results_v9_trained_hybrid/baseline_04_yaw_rotation_ATT_trained_hybrid_prediction_outputs.csv
33.000128,baseline_04_yaw_rotation,Yaw,ramp,0.022782,0,172.7812957763672,172.7812957763672,172.78262176513672,-0.0013259887695369343,0.0013259887695369343,0.003797,0,0.0,0.001371307373059949,0,0,0,W30_N8_mean1.25x,30,8,1.25,1477,Yaw_hybrid_prediction,/home/tchowdh4/sensor_recovery_project/logs/extracted_csv/baseline_04_yaw_rotation_ATT.csv,/home/tchowdh4/sensor_recovery_project/prediction_results_v9_trained_hybrid/baseline_04_yaw_rotation_ATT_trained_hybrid_prediction_outputs.csv
33.100088,baseline_04_yaw_rotation,Yaw,ramp,0.022782,0,172.78402709960938,172.78402709960938,172.78552932739257,-0.0015022277831917563,0.0015022277831917563,0.003797,0,0.0,0.0013802591959754787,0,0,0,W30_N8_mean1.25x,30,8,1.25,1477,Yaw_hybrid_prediction,/home/tchowdh4/sensor_recovery_project/logs/extracted_csv/baseline_04_yaw_rotation_ATT.csv,/home/tchowdh4/sensor_recovery_project/prediction_results_v9_trained_hybrid/baseline_04_yaw_rotation_ATT_trained_hybrid_prediction_outputs.csv
33.200048,baseline_04_yaw_rotation,Yaw,ramp,0.022782,0,172.78660583496094,172.78660583496094,172.7880241394043,-0.001418304443376428,0.001418304443376428,0.003797,0,0.0,0.0013850148518997686,0,0,0,W30_N8_mean1.25x,30,8,1.25,1477,Yaw_hybrid_prediction,/home/tchowdh4/sensor_recovery_project/logs/extracted_csv/baseline_04_yaw_rotation_ATT.csv,/home/tchowdh4/sensor_recovery_project/prediction_results_v9_trained_hybrid/baseline_04_yaw_rotation_ATT_trained_hybrid_prediction_outputs.csv
33.300008,baseline_04_yaw_rotation,Yaw,ramp,0.022782,0,172.78933715820312,172.78933715820312,172.79083938598637,-0.0015022277832485997,0.0015022277832485997,0.003797,0,0.0,0.0013906097412236325,0,0,0,W30_N8_mean1.25x,30,8,1.25,1477,Yaw_hybrid_prediction,/home/tchowdh4/sensor_recovery_project/logs/extracted_csv/baseline_04_yaw_rotation_ATT.csv,/home/tchowdh4/sensor_recovery_project/prediction_results_v9_trained_hybrid/baseline_04_yaw_rotation_ATT_trained_hybrid_prediction_outputs.csv
33.400801,baseline_04_yaw_rotation,Yaw,ramp,0.022782,0,172.7919158935547,172.7919158935547,172.79333419799806,-0.001418304443376428,0.001418304443376428,0.003797,0,0.0,0.001392008463555309,0,0,0,W30_N8_mean1.25x,30,8,1.25,1477,Yaw_hybrid_prediction,/home/tchowdh4/sensor_recovery_project/logs/extracted_csv/baseline_04_yaw_rotation_ATT.csv,/home/tchowdh4/sensor_recovery_project/prediction_results_v9_trained_hybrid/baseline_04_yaw_rotation_ATT_trained_hybrid_prediction_outputs.csv
33.500761,baseline_04_yaw_rotation,Yaw,ramp,0.022782,0,172.7943115234375,172.7943115234375,172.79562911987307,-0.0013175964355696124,0.0013175964355696124,0.003797,0,0.0,0.001392008463555309,0,0,0,W30_N8_mean1.25x,30,8,1.25,1477,Yaw_hybrid_prediction,/home/tchowdh4/sensor_recovery_project/logs/extracted_csv/baseline_04_yaw_rotation_ATT.csv,/home/tchowdh4/sensor_recovery_project/prediction_results_v9_trained_hybrid/baseline_04_yaw_rotation_ATT_trained_hybrid_prediction_outputs.csv
33.600721,baseline_04_yaw_rotation,Yaw,ramp,0.022782,0,172.7968292236328,172.7968292236328,172.79821395874023,-0.001384735107421875,0.001384735107421875,0.003797,0,0.0,0.0013917287190887842,0,0,0,W30_N8_mean1.25x,30,8,1.25,1477,Yaw_hybrid_prediction,/home/tchowdh4/sensor_recovery_project/logs/extracted_csv/baseline_04_yaw_rotation_ATT.csv,/home/tchowdh4/sensor_recovery_project/prediction_results_v9_trained_hybrid/baseline_04_yaw_rotation_ATT_trained_hybrid_prediction_outputs.csv
33.700681,baseline_04_yaw_rotation,Yaw,ramp,0.022782,0,172.79949951171875,172.79949951171875,172.80096817016602,-0.001468658447265625,0.001468658447265625,0.003797,0,0.0,0.0013942464192837178,0,0,0,W30_N8_mean1.25x,30,8,1.25,1477,Yaw_hybrid_prediction,/home/tchowdh4/sensor_recovery_project/logs/extracted_csv/baseline_04_yaw_rotation_ATT.csv,/home/tchowdh4/sensor_recovery_project/prediction_results_v9_trained_hybrid/baseline_04_yaw_rotation_ATT_trained_hybrid_prediction_outputs.csv
33.800641,baseline_04_yaw_rotation,Yaw,ramp,0.022782,0,172.802001953125,172.802001953125,172.80337829589843,-0.0013763427734261313,0.0013763427734261313,0.003797,0,0.0,0.0013917287190868895,0,0,0,W30_N8_mean1.25x,30,8,1.25,1477,Yaw_hybrid_prediction,/home/tchowdh4/sensor_recovery_project/logs/extracted_csv/baseline_04_yaw_rotation_ATT.csv,/home/tchowdh4/sensor_recovery_project/prediction_results_v9_trained_hybrid/baseline_04_yaw_rotation_ATT_trained_hybrid_prediction_outputs.csv
33.900601,baseline_04_yaw_rotation,Yaw,ramp,0.022782,0,172.8044891357422,172.8044891357422,172.80585708618165,-0.0013679504394588093,0.0013679504394588093,0.003797,0,0.0,0.0013886515299589065,0,0,0,W30_N8_mean1.25x,30,8,1.25,1477,Yaw_hybrid_prediction,/home/tchowdh4/sensor_recovery_project/logs/extracted_csv/baseline_04_yaw_rotation_ATT.csv,/home/tchowdh4/sensor_recovery_project/prediction_results_v9_trained_hybrid/baseline_04_yaw_rotation_ATT_trained_hybrid_prediction_outputs.csv
34.000561,baseline_04_yaw_rotation,Yaw,ramp,0.022782,0,172.8069305419922,172.8069305419922,172.8082733154297,-0.0013427734375,0.0013427734375,0.003797,0,0.0,0.0013880920410258568,0,0,0,W30_N8_mean1.25x,30,8,1.25,1477,Yaw_hybrid_prediction,/home/tchowdh4/sensor_recovery_project/logs/extracted_csv/baseline_04_yaw_rotation_ATT.csv,/home/tchowdh4/sensor_recovery_project/prediction_results_v9_trained_hybrid/baseline_04_yaw_rotation_ATT_trained_hybrid_prediction_outputs.csv
34.100521,baseline_04_yaw_rotation,Yaw,ramp,0.022782,0,172.80938720703125,172.80938720703125,172.81073837280277,-0.0013511657715241654,0.0013511657715241654,0.003797,0,0.0,0.0013894907633575334,0,0,0,W30_N8_mean1.25x,30,8,1.25,1477,Yaw_hybrid_prediction,/home/tchowdh4/sensor_recovery_project/logs/extracted_csv/baseline_04_yaw_rotation_ATT.csv,/home/tchowdh4/sensor_recovery_project/prediction_results_v9_trained_hybrid/baseline_04_yaw_rotation_ATT_trained_hybrid_prediction_outputs.csv
34.200481,baseline_04_yaw_rotation,Yaw,ramp,0.022782,0,172.81170654296875,172.81170654296875,172.8129821777344,-0.0012756347656477374,0.0012756347656477374,0.003797,0,0.0,0.0013855743408318706,0,0,0,W30_N8_mean1.25x,30,8,1.25,1477,Yaw_hybrid_prediction,/home/tchowdh4/sensor_recovery_project/logs/extracted_csv/baseline_04_yaw_rotation_ATT.csv,/home/tchowdh4/sensor_recovery_project/prediction_results_v9_trained_hybrid/baseline_04_yaw_rotation_ATT_trained_hybrid_prediction_outputs.csv
34.300441,baseline_04_yaw_rotation,Yaw,ramp,0.022782,0,172.81411743164062,172.81411743164062,172.81544342041016,-0.0013259887695369343,0.0013259887695369343,0.003797,0,0.0,0.0013805389404410561,0,0,0,W30_N8_mean1.25x,30,8,1.25,1477,Yaw_hybrid_prediction,/home/tchowdh4/sensor_recovery_project/logs/extracted_csv/baseline_04_yaw_rotation_ATT.csv,/home/tchowdh4/sensor_recovery_project/prediction_results_v9_trained_hybrid/baseline_04_yaw_rotation_ATT_trained_hybrid_prediction_outputs.csv
34.400401,baseline_04_yaw_rotation,Yaw,ramp,0.022782,0,172.81674194335938,172.81674194335938,172.8181854248047,-0.0014434814453352374,0.0014434814453352374,0.003797,0,0.0,0.0013841756185020888,0,0,0,W30_N8_mean1.25x,30,8,1.25,1477,Yaw_hybrid_prediction,/home/tchowdh4/sensor_recovery_project/logs/extracted_csv/baseline_04_yaw_rotation_ATT.csv,/home/tchowdh4/sensor_recovery_project/prediction_results_v9_trained_hybrid/baseline_04_yaw_rotation_ATT_trained_hybrid_prediction_outputs.csv
34.500361,baseline_04_yaw_rotation,Yaw,ramp,0.022782,0,172.81906127929688,172.81906127929688,172.82033691406252,-0.0012756347656477374,0.0012756347656477374,0.003797,0,0.0,0.0013808186849094757,0,0,0,W30_N8_mean1.25x,30,8,1.25,1477,Yaw_hybrid_prediction,/home/tchowdh4/sensor_recovery_project/logs/extracted_csv/baseline_04_yaw_rotation_ATT.csv,/home/tchowdh4/sensor_recovery_project/prediction_results_v9_trained_hybrid/baseline_04_yaw_rotation_ATT_trained_hybrid_prediction_outputs.csv
34.600321,baseline_04_yaw_rotation,Yaw,ramp,0.022782,0,172.8216094970703,172.8216094970703,172.82301101684573,-0.0014015197754133624,0.0014015197754133624,0.003797,0,0.0,0.0013816579183081026,0,0,0,W30_N8_mean1.25x,30,8,1.25,1477,Yaw_hybrid_prediction,/home/tchowdh4/sensor_recovery_project/logs/extracted_csv/baseline_04_yaw_rotation_ATT.csv,/home/tchowdh4/sensor_recovery_project/prediction_results_v9_trained_hybrid/baseline_04_yaw_rotation_ATT_trained_hybrid_prediction_outputs.csv
34.700281,baseline_04_yaw_rotation,Yaw,ramp,0.022782,0,172.82406616210938,172.82406616210938,172.82541732788087,-0.0013511657714957437,0.0013511657714957437,0.003797,0,0.0,0.001383895874037459,0,0,0,W30_N8_mean1.25x,30,8,1.25,1477,Yaw_hybrid_prediction,/home/tchowdh4/sensor_recovery_project/logs/extracted_csv/baseline_04_yaw_rotation_ATT.csv,/home/tchowdh4/sensor_recovery_project/prediction_results_v9_trained_hybrid/baseline_04_yaw_rotation_ATT_trained_hybrid_prediction_outputs.csv
34.800241,baseline_04_yaw_rotation,Yaw,ramp,0.022782,0,172.82656860351562,172.82656860351562,172.82794494628908,-0.001376342773454553,0.001376342773454553,0.003797,0,0.0,0.0013833363851053567,0,0,0,W30_N8_mean1.25x,30,8,1.25,1477,Yaw_hybrid_prediction,/home/tchowdh4/sensor_recovery_project/logs/extracted_csv/baseline_04_yaw_rotation_ATT.csv,/home/tchowdh4/sensor_recovery_project/prediction_results_v9_trained_hybrid/baseline_04_yaw_rotation_ATT_trained_hybrid_prediction_outputs.csv
34.900201,baseline_04_yaw_rotation,Yaw,ramp,0.022782,0,172.8290557861328,172.8290557861328,172.83042373657227,-0.0013679504394588093,0.0013679504394588093,0.003797,0,0.0,0.0013850148519016633,0,0,0,W30_N8_mean1.25x,30,8,1.25,1477,Yaw_hybrid_prediction,/home/tchowdh4/sensor_recovery_project/logs/extracted_csv/baseline_04_yaw_rotation_ATT.csv,/home/tchowdh4/sensor_recovery_project/prediction_results_v9_trained_hybrid/baseline_04_yaw_rotation_ATT_trained_hybrid_prediction_outputs.csv
35.000161,baseline_04_yaw_rotation,Yaw,ramp,0.022782,0,172.83140563964844,172.83140563964844,172.83269805908202,-0.0012924194335823813,0.0012924194335823813,0.003797,0,0.0,0.0013774617513149679,0,0,0,W30_N8_mean1.25x,30,8,1.25,1477,Yaw_hybrid_prediction,/home/tchowdh4/sensor_recovery_project/logs/extracted_csv/baseline_04_yaw_rotation_ATT.csv,/home/tchowdh4/sensor_recovery_project/prediction_results_v9_trained_hybrid/baseline_04_yaw_rotation_ATT_trained_hybrid_prediction_outputs.csv
35.100121,baseline_04_yaw_rotation,Yaw,ramp,0.022782,0,172.83383178710938,172.83383178710938,172.8351661682129,-0.001334381103532678,0.001334381103532678,0.003797,0,0.0,0.0013757832845186612,0,0,0,W30_N8_mean1.25x,30,8,1.25,1477,Yaw_hybrid_prediction,/home/tchowdh4/sensor_recovery_project/logs/extracted_csv/baseline_04_yaw_rotation_ATT.csv,/home/tchowdh4/sensor_recovery_project/prediction_results_v9_trained_hybrid/baseline_04_yaw_rotation_ATT_trained_hybrid_prediction_outputs.csv
35.200081,baseline_04_yaw_rotation,Yaw,ramp,0.022782,0,172.83631896972656,172.83631896972656,172.83768692016602,-0.0013679504394588093,0.0013679504394588093,0.003797,0,0.0,0.00137382507325583,0,0,0,W30_N8_mean1.25x,30,8,1.25,1477,Yaw_hybrid_prediction,/home/tchowdh4/sensor_recovery_project/logs/extracted_csv/baseline_04_yaw_rotation_ATT.csv,/home/tchowdh4/sensor_recovery_project/prediction_results_v9_trained_hybrid/baseline_04_yaw_rotation_ATT_trained_hybrid_prediction_outputs.csv
35.300041,baseline_04_yaw_rotation,Yaw,ramp,0.022782,0,172.83876037597656,172.83876037597656,172.84010314941406,-0.0013427734375,0.0013427734375,0.003797,0,0.0,0.0013743845621860373,0,0,0,W30_N8_mean1.25x,30,8,1.25,1477,Yaw_hybrid_prediction,/home/tchowdh4/sensor_recovery_project/logs/extracted_csv/baseline_04_yaw_rotation_ATT.csv,/home/tchowdh4/sensor_recovery_project/prediction_results_v9_trained_hybrid/baseline_04_yaw_rotation_ATT_trained_hybrid_prediction_outputs.csv
35.400001,baseline_04_yaw_rotation,Yaw,ramp,0.022782,0,172.841064453125,172.841064453125,172.84233169555665,-0.0012672424316519937,0.0012672424316519937,0.003797,0,0.0,0.0013727060953887835,0,0,0,W30_N8_mean1.25x,30,8,1.25,1477,Yaw_hybrid_prediction,/home/tchowdh4/sensor_recovery_project/logs/extracted_csv/baseline_04_yaw_rotation_ATT.csv,/home/tchowdh4/sensor_recovery_project/prediction_results_v9_trained_hybrid/baseline_04_yaw_rotation_ATT_trained_hybrid_prediction_outputs.csv
35.500794,baseline_04_yaw_rotation,Yaw,ramp,0.022782,0,172.8434295654297,172.8434295654297,172.8447303771973,-0.0013008117676065467,0.0013008117676065467,0.003797,0,0.0,0.001369069417328698,0,0,0,W30_N8_mean1.25x,30,8,1.25,1477,Yaw_hybrid_prediction,/home/tchowdh4/sensor_recovery_project/logs/extracted_csv/baseline_04_yaw_rotation_ATT.csv,/home/tchowdh4/sensor_recovery_project/prediction_results_v9_trained_hybrid/baseline_04_yaw_rotation_ATT_trained_hybrid_prediction_outputs.csv
35.600754,baseline_04_yaw_rotation,Yaw,ramp,0.022782,0,172.84593200683594,172.84593200683594,172.8473083496094,-0.001376342773454553,0.001376342773454553,0.003797,0,0.0,0.0013685099283965959,0,0,0,W30_N8_mean1.25x,30,8,1.25,1477,Yaw_hybrid_prediction,/home/tchowdh4/sensor_recovery_project/logs/extracted_csv/baseline_04_yaw_rotation_ATT.csv,/home/tchowdh4/sensor_recovery_project/prediction_results_v9_trained_hybrid/baseline_04_yaw_rotation_ATT_trained_hybrid_prediction_outputs.csv
35.700714,baseline_04_yaw_rotation,Yaw,ramp,0.022782,0,172.8483428955078,172.8483428955078,172.84966888427735,-0.0013259887695369343,0.0013259887695369343,0.003797,0,0.0,0.0013679504394644936,0,0,0,W30_N8_mean1.25x,30,8,1.25,1477,Yaw_hybrid_prediction,/home/tchowdh4/sensor_recovery_project/logs/extracted_csv/baseline_04_yaw_rotation_ATT.csv,/home/tchowdh4/sensor_recovery_project/prediction_results_v9_trained_hybrid/baseline_04_yaw_rotation_ATT_trained_hybrid_prediction_outputs.csv
35.800674,baseline_04_yaw_rotation,Yaw,ramp,0.022782,0,172.85096740722656,172.85096740722656,172.8524108886719,-0.0014434814453352374,0.0014434814453352374,0.003797,0,0.0,0.0013682301839319658,0,0,0,W30_N8_mean1.25x,30,8,1.25,1477,Yaw_hybrid_prediction,/home/tchowdh4/sensor_recovery_project/logs/extracted_csv/baseline_04_yaw_rotation_ATT.csv,/home/tchowdh4/sensor_recovery_project/prediction_results_v9_trained_hybrid/baseline_04_yaw_rotation_ATT_trained_hybrid_prediction_outputs.csv
35.900634,baseline_04_yaw_rotation,Yaw,ramp,0.022782,0,172.8533172607422,172.8533172607422,172.85460968017577,-0.0012924194335823813,0.0012924194335823813,0.003797,0,0.0,0.0013645935058709331,0,0,0,W30_N8_mean1.25x,30,8,1.25,1477,Yaw_hybrid_prediction,/home/tchowdh4/sensor_recovery_project/logs/extracted_csv/baseline_04_yaw_rotation_ATT.csv,/home/tchowdh4/sensor_recovery_project/prediction_results_v9_trained_hybrid/baseline_04_yaw_rotation_ATT_trained_hybrid_prediction_outputs.csv
36.000594,baseline_04_yaw_rotation,Yaw,ramp,0.022782,0,172.85562133789062,172.85562133789062,172.85688858032228,-0.0012672424316519937,0.0012672424316519937,0.003797,0,0.0,0.0013626352946081019,0,0,0,W30_N8_mean1.25x,30,8,1.25,1477,Yaw_hybrid_prediction,/home/tchowdh4/sensor_recovery_project/logs/extracted_csv/baseline_04_yaw_rotation_ATT.csv,/home/tchowdh4/sensor_recovery_project/prediction_results_v9_trained_hybrid/baseline_04_yaw_rotation_ATT_trained_hybrid_prediction_outputs.csv
36.100554,baseline_04_yaw_rotation,Yaw,ramp,0.022782,0,172.85804748535156,172.85804748535156,172.85938186645507,-0.0013343811035042563,0.0013343811035042563,0.003797,0,0.0,0.001357040405285185,0,0,0,W30_N8_mean1.25x,30,8,1.25,1477,Yaw_hybrid_prediction,/home/tchowdh4/sensor_recovery_project/logs/extracted_csv/baseline_04_yaw_rotation_ATT.csv,/home/tchowdh4/sensor_recovery_project/prediction_results_v9_trained_hybrid/baseline_04_yaw_rotation_ATT_trained_hybrid_prediction_outputs.csv
36.200514,baseline_04_yaw_rotation,Yaw,ramp,0.022782,0,172.86045837402344,172.86045837402344,172.861784362793,-0.001325988769565356,0.001325988769565356,0.003797,0,0.0,0.0013539632161581495,0,0,0,W30_N8_mean1.25x,30,8,1.25,1477,Yaw_hybrid_prediction,/home/tchowdh4/sensor_recovery_project/logs/extracted_csv/baseline_04_yaw_rotation_ATT.csv,/home/tchowdh4/sensor_recovery_project/prediction_results_v9_trained_hybrid/baseline_04_yaw_rotation_ATT_trained_hybrid_prediction_outputs.csv
36.300474,baseline_04_yaw_rotation,Yaw,ramp,0.022782,0,172.8627166748047,172.8627166748047,172.86395874023438,-0.0012420654296931843,0.0012420654296931843,0.003797,0,0.0,0.0013452911377063023,0,0,0,W30_N8_mean1.25x,30,8,1.25,1477,Yaw_hybrid_prediction,/home/tchowdh4/sensor_recovery_project/logs/extracted_csv/baseline_04_yaw_rotation_ATT.csv,/home/tchowdh4/sensor_recovery_project/prediction_results_v9_trained_hybrid/baseline_04_yaw_rotation_ATT_trained_hybrid_prediction_outputs.csv
36.400434,baseline_04_yaw_rotation,Yaw,ramp,0.022782,0,172.86517333984375,172.86517333984375,172.86652450561525,-0.0013511657714957437,0.0013511657714957437,0.003797,0,0.0,0.0013430531819769462,0,0,0,W30_N8_mean1.25x,30,8,1.25,1477,Yaw_hybrid_prediction,/home/tchowdh4/sensor_recovery_project/logs/extracted_csv/baseline_04_yaw_rotation_ATT.csv,/home/tchowdh4/sensor_recovery_project/prediction_results_v9_trained_hybrid/baseline_04_yaw_rotation_ATT_trained_hybrid_prediction_outputs.csv
36.500394,baseline_04_yaw_rotation,Yaw,ramp,0.022782,0,172.86778259277344,172.86778259277344,172.86921768188478,-0.0014350891113394937,0.0014350891113394937,0.003797,0,0.0,0.0013469696045026087,0,0,0,W30_N8_mean1.25x,30,8,1.25,1477,Yaw_hybrid_prediction,/home/tchowdh4/sensor_recovery_project/logs/extracted_csv/baseline_04_yaw_rotation_ATT.csv,/home/tchowdh4/sensor_recovery_project/prediction_results_v9_trained_hybrid/baseline_04_yaw_rotation_ATT_trained_hybrid_prediction_outputs.csv
36.600354,baseline_04_yaw_rotation,Yaw,ramp,0.022782,0,172.8702850341797,172.8702850341797,172.87166137695314,-0.001376342773454553,0.001376342773454553,0.003797,0,0.0,0.0013466898600370315,0,0,0,W30_N8_mean1.25x,30,8,1.25,1477,Yaw_hybrid_prediction,/home/tchowdh4/sensor_recovery_project/logs/extracted_csv/baseline_04_yaw_rotation_ATT.csv,/home/tchowdh4/sensor_recovery_project/prediction_results_v9_trained_hybrid/baseline_04_yaw_rotation_ATT_trained_hybrid_prediction_outputs.csv
36.700314,baseline_04_yaw_rotation,Yaw,ramp,0.022782,0,172.87289428710938,172.87289428710938,172.87432937622071,-0.0014350891113394937,0.0014350891113394937,0.003797,0,0.0,0.0013455708821728271,0,0,0,W30_N8_mean1.25x,30,8,1.25,1477,Yaw_hybrid_prediction,/home/tchowdh4/sensor_recovery_project/logs/extracted_csv/baseline_04_yaw_rotation_ATT.csv,/home/tchowdh4/sensor_recovery_project/prediction_results_v9_trained_hybrid/baseline_04_yaw_rotation_ATT_trained_hybrid_prediction_outputs.csv
36.800274,baseline_04_yaw_rotation,Yaw,ramp,0.022782,0,172.87515258789062,172.87515258789062,172.87639465332032,-0.0012420654296931843,0.0012420654296931843,0.003797,0,0.0,0.001341094970715062,0,0,0,W30_N8_mean1.25x,30,8,1.25,1477,Yaw_hybrid_prediction,/home/tchowdh4/sensor_recovery_project/logs/extracted_csv/baseline_04_yaw_rotation_ATT.csv,/home/tchowdh4/sensor_recovery_project/prediction_results_v9_trained_hybrid/baseline_04_yaw_rotation_ATT_trained_hybrid_prediction_outputs.csv
