x,Baseline,Axis,AttackType,AttackMagnitude,AttackActive,CleanFuture_Roll,AttackedFuture_Roll,V9PredictedFuture_Roll,Residual_Roll,AbsResidual_Roll,Threshold,PointDetectionFlag,WindowCount,RollingMeanAbsResidual,WindowCountFlag,WindowMeanFlag,WindowCombinedFlag,WindowRule,W,N,RollingMeanMultiplier,AlignmentOffset,PredictionColumn,CleanFile,PredictionFile,Roll_component_true_future,Roll_component_hybrid,Roll_component_arx,Roll_component_naive,Roll_component_cv,Phase5B_PredictionFile,w_naive_recent_error,w_cv_recent_error,w_arx_recent_error,weights_frozen_by_detection,RecentErrorAdaptivePredictedFuture_Roll_Phase5B,OriginalV9RecoveredFuture_Roll_RecentErrorPhase5B,RecentErrorAdaptiveRecoveredFuture_Roll_Phase5B,AttackedError_Roll_RecentErrorPhase5B,OriginalV9RecoveredError_Roll_RecentErrorPhase5B,RecentErrorAdaptiveRecoveredError_Roll_Phase5B
0.0,baseline_01_hover,Roll,pulse,0.05492,0,0.0996062159538269,0.0996062159538269,0.1016504613159245,-0.0020442453620976,0.0020442453620976,0.006865,0,0.0,0.0020442453620976,0,0,0,W10_N3_mean1x,10,3,1.0,1001,Roll_hybrid_prediction,/home/tchowdh4/sensor_recovery_project/logs/extracted_csv/baseline_01_hover_ATT.csv,/home/tchowdh4/sensor_recovery_project/prediction_results_v9_trained_hybrid/baseline_01_hover_ATT_trained_hybrid_prediction_outputs.csv,0.0967454463243484,0.1016504613159245,0.1027792877497358,0.0996062159538269,0.1011014953255654,/home/tchowdh4/sensor_recovery_project/prediction_results_v9_trained_hybrid/baseline_01_hover_ATT_trained_hybrid_prediction_outputs.csv,0.3999017588954594,0.3000667667821814,0.3000314743223591,False,0.1010069210093978,0.0996062159538269,0.0996062159538269,0.0,0.0,0.0
0.09996,baseline_01_hover,Roll,pulse,0.05492,0,0.0967454463243484,0.0967454463243484,0.0944933953041651,0.0022520510201832,0.0022520510201832,0.006865,0,0.0,0.0021481481911404,0,0,0,W10_N3_mean1x,10,3,1.0,1001,Roll_hybrid_prediction,/home/tchowdh4/sensor_recovery_project/logs/extracted_csv/baseline_01_hover_ATT.csv,/home/tchowdh4/sensor_recovery_project/prediction_results_v9_trained_hybrid/baseline_01_hover_ATT_trained_hybrid_prediction_outputs.csv,0.0985469743609428,0.0944933953041651,0.0936910879710982,0.0967454463243484,0.0938846766948698,/home/tchowdh4/sensor_recovery_project/prediction_results_v9_trained_hybrid/baseline_01_hover_ATT_trained_hybrid_prediction_outputs.csv,0.45987259149111853,0.2700830324689579,0.27004437603992365,False,0.09514798869191796,0.0967454463243484,0.0967454463243484,0.0,0.0,0.0
0.19992,baseline_01_hover,Roll,pulse,0.05492,0,0.0985469743609428,0.0985469743609428,0.100125164647022,-0.0015781902860791,0.0015781902860791,0.006865,0,0.0,0.0019581622227866,0,0,0,W10_N3_mean1x,10,3,1.0,1001,Roll_hybrid_prediction,/home/tchowdh4/sensor_recovery_project/logs/extracted_csv/baseline_01_hover_ATT.csv,/home/tchowdh4/sensor_recovery_project/prediction_results_v9_trained_hybrid/baseline_01_hover_ATT_trained_hybrid_prediction_outputs.csv,0.097006469964981,0.100125164647022,0.1007613101405071,0.0985469743609428,0.1003485023975372,/home/tchowdh4/sensor_recovery_project/prediction_results_v9_trained_hybrid/baseline_01_hover_ATT_trained_hybrid_prediction_outputs.csv,0.5138572582490556,0.24309096218063236,0.243051779570312,False,0.09952310779654322,0.0985469743609428,0.0985469743609428,0.0,0.0,0.0
0.29988,baseline_01_hover,Roll,pulse,0.05492,0,0.097006469964981,0.097006469964981,0.0956764921524934,0.0013299778124876,0.0013299778124876,0.006865,0,0.0,0.0018011161202119,0,0,0,W10_N3_mean1x,10,3,1.0,1001,Roll_hybrid_prediction,/home/tchowdh4/sensor_recovery_project/logs/extracted_csv/baseline_01_hover_ATT.csv,/home/tchowdh4/sensor_recovery_project/prediction_results_v9_trained_hybrid/baseline_01_hover_ATT_trained_hybrid_prediction_outputs.csv,0.095435120165348,0.0956764921524934,0.0951485119044442,0.097006469964981,0.0954659655690191,/home/tchowdh4/sensor_recovery_project/prediction_results_v9_trained_hybrid/baseline_01_hover_ATT_trained_hybrid_prediction_outputs.csv,0.5624488409564145,0.21879485157772235,0.21875630746586325,False,0.09626297548956222,0.097006469964981,0.097006469964981,0.0,0.0,0.0
0.39984,baseline_01_hover,Roll,pulse,0.05492,0,0.095435120165348,0.095435120165348,0.0946690713731252,0.0007660487922227,0.0007660487922227,0.006865,0,0.0,0.001594102654614,0,0,0,W10_N3_mean1x,10,3,1.0,1001,Roll_hybrid_prediction,/home/tchowdh4/sensor_recovery_project/logs/extracted_csv/baseline_01_hover_ATT.csv,/home/tchowdh4/sensor_recovery_project/prediction_results_v9_trained_hybrid/baseline_01_hover_ATT_trained_hybrid_prediction_outputs.csv,0.097215861082077,0.0946690713731252,0.0946137041066277,0.095435120165348,0.093863770365715,/home/tchowdh4/sensor_recovery_project/prediction_results_v9_trained_hybrid/baseline_01_hover_ATT_trained_hybrid_prediction_outputs.csv,0.6061841827115831,0.1969261512716289,0.19688966601678798,False,0.09496395196354257,0.095435120165348,0.095435120165348,0.0,0.0,0.0
0.4998,baseline_01_hover,Roll,pulse,0.05492,0,0.097215861082077,0.097215861082077,0.1001064502103127,-0.0028905891282356,0.0028905891282356,0.006865,0,0.0,0.001810183733551,0,0,0,W10_N3_mean1x,10,3,1.0,1001,Roll_hybrid_prediction,/home/tchowdh4/sensor_recovery_project/logs/extracted_csv/baseline_01_hover_ATT.csv,/home/tchowdh4/sensor_recovery_project/prediction_results_v9_trained_hybrid/baseline_01_hover_ATT_trained_hybrid_prediction_outputs.csv,0.0957150682806968,0.1001064502103127,0.1018239355273314,0.097215861082077,0.098996601998806,/home/tchowdh4/sensor_recovery_project/prediction_results_v9_trained_hybrid/baseline_01_hover_ATT_trained_hybrid_prediction_outputs.csv,0.645550360807226,0.17724258356450512,0.17720705562826888,False,0.09834806750737649,0.097215861082077,0.097215861082077,0.0,0.0,0.0
0.59976,baseline_01_hover,Roll,pulse,0.05492,0,0.0957150682806968,0.0957150682806968,0.0958744555094219,-0.0001593872287251,0.0001593872287251,0.006865,0,0.0,0.001574355661433,0,0,0,W10_N3_mean1x,10,3,1.0,1001,Roll_hybrid_prediction,/home/tchowdh4/sensor_recovery_project/logs/extracted_csv/baseline_01_hover_ATT.csv,/home/tchowdh4/sensor_recovery_project/prediction_results_v9_trained_hybrid/baseline_01_hover_ATT_trained_hybrid_prediction_outputs.csv,0.0946235284209251,0.0958744555094219,0.0965506060788808,0.0957150682806968,0.0942142754793166,/home/tchowdh4/sensor_recovery_project/prediction_results_v9_trained_hybrid/baseline_01_hover_ATT_trained_hybrid_prediction_outputs.csv,0.6809813232565896,0.15952629097269116,0.15949238577071945,False,0.0956089142884081,0.0957150682806968,0.0957150682806968,0.0,0.0,0.0
0.69972,baseline_01_hover,Roll,pulse,0.05492,0,0.0946235284209251,0.0946235284209251,0.0959597038568284,-0.0013361754359032,0.0013361754359032,0.006865,0,0.0,0.0015445831332418,0,0,0,W10_N3_mean1x,10,3,1.0,1001,Roll_hybrid_prediction,/home/tchowdh4/sensor_recovery_project/logs/extracted_csv/baseline_01_hover_ATT.csv,/home/tchowdh4/sensor_recovery_project/prediction_results_v9_trained_hybrid/baseline_01_hover_ATT_trained_hybrid_prediction_outputs.csv,0.0918107703328132,0.0959597038568284,0.0974498618897572,0.0946235284209251,0.0935319885611534,/home/tchowdh4/sensor_recovery_project/prediction_results_v9_trained_hybrid/baseline_01_hover_ATT_trained_hybrid_prediction_outputs.csv,0.7128707062519478,0.14358099045533637,0.14354830329271578,False,0.09487251942072786,0.0946235284209251,0.0946235284209251,0.0,0.0,0.0
0.79968,baseline_01_hover,Roll,pulse,0.05492,0,0.0918107703328132,0.0918107703328132,0.0908062940832631,0.00100447624955,0.00100447624955,0.006865,0,0.0,0.001484571257276,0,0,0,W10_N3_mean1x,10,3,1.0,1001,Roll_hybrid_prediction,/home/tchowdh4/sensor_recovery_project/logs/extracted_csv/baseline_01_hover_ATT.csv,/home/tchowdh4/sensor_recovery_project/prediction_results_v9_trained_hybrid/baseline_01_hover_ATT_trained_hybrid_prediction_outputs.csv,0.085871547460556,0.0908062940832631,0.0910072710020356,0.0918107703328132,0.0889980122447012,/home/tchowdh4/sensor_recovery_project/prediction_results_v9_trained_hybrid/baseline_01_hover_ATT_trained_hybrid_prediction_outputs.csv,0.7415726085517768,0.1292289674535276,0.12919842399469558,False,0.09134346966217266,0.0918107703328132,0.0918107703328132,0.0,0.0,0.0
0.89964,baseline_01_hover,Roll,pulse,0.05492,0,0.085871547460556,0.085871547460556,0.0808915157051705,0.0049800317553855,0.0049800317553855,0.006865,0,0.0,0.001834117307087,0,0,0,W10_N3_mean1x,10,3,1.0,1001,Roll_hybrid_prediction,/home/tchowdh4/sensor_recovery_project/logs/extracted_csv/baseline_01_hover_ATT.csv,/home/tchowdh4/sensor_recovery_project/prediction_results_v9_trained_hybrid/baseline_01_hover_ATT_trained_hybrid_prediction_outputs.csv,0.0821436122059822,0.0808915157051705,0.0789766616770395,0.085871547460556,0.0799323245882988,/home/tchowdh4/sensor_recovery_project/prediction_results_v9_trained_hybrid/baseline_01_hover_ATT_trained_hybrid_prediction_outputs.csv,0.7674071918413807,0.11631053552957522,0.11628227262904409,False,0.08437900027922929,0.085871547460556,0.085871547460556,0.0,0.0,0.0
0.9996,baseline_01_hover,Roll,pulse,0.05492,0,0.0821436122059822,0.0821436122059822,0.078862415426217,0.0032811967797651,0.0032811967797651,0.006865,0,0.0,0.0019578124488537,0,0,0,W10_N3_mean1x,10,3,1.0,1001,Roll_hybrid_prediction,/home/tchowdh4/sensor_recovery_project/logs/extracted_csv/baseline_01_hover_ATT.csv,/home/tchowdh4/sensor_recovery_project/prediction_results_v9_trained_hybrid/baseline_01_hover_ATT_trained_hybrid_prediction_outputs.csv,0.0829521566629409,0.078862415426217,0.0775334126989814,0.0821436122059822,0.0784156769514083,/home/tchowdh4/sensor_recovery_project/prediction_results_v9_trained_hybrid/baseline_01_hover_ATT_trained_hybrid_prediction_outputs.csv,0.7906589074565054,0.10468354206512143,0.10465755047837333,False,0.08127086655132466,0.0821436122059822,0.0821436122059822,0.0,0.0,0.0
1.09956,baseline_01_hover,Roll,pulse,0.05492,0,0.0829521566629409,0.0829521566629409,0.084840423250238,-0.001888266587297,0.001888266587297,0.006865,0,0.0,0.0019214340055651,0,0,0,W10_N3_mean1x,10,3,1.0,1001,Roll_hybrid_prediction,/home/tchowdh4/sensor_recovery_project/logs/extracted_csv/baseline_01_hover_ATT.csv,/home/tchowdh4/sensor_recovery_project/prediction_results_v9_trained_hybrid/baseline_01_hover_ATT_trained_hybrid_prediction_outputs.csv,0.082170121371746,0.084840423250238,0.0860913524736779,0.0829521566629409,0.0837607011198996,/home/tchowdh4/sensor_recovery_project/prediction_results_v9_trained_hybrid/baseline_01_hover_ATT_trained_hybrid_prediction_outputs.csv,0.811585092855972,0.0942196170066452,0.09419529013738286,False,0.08332403487219882,0.0829521566629409,0.0829521566629409,0.0,0.0,0.0
1.19952,baseline_01_hover,Roll,pulse,0.05492,0,0.082170121371746,0.082170121371746,0.0830228444832139,-0.0008527231114679,0.0008527231114679,0.006865,0,0.0,0.001848887288104,0,0,0,W10_N3_mean1x,10,3,1.0,1001,Roll_hybrid_prediction,/home/tchowdh4/sensor_recovery_project/logs/extracted_csv/baseline_01_hover_ATT.csv,/home/tchowdh4/sensor_recovery_project/prediction_results_v9_trained_hybrid/baseline_01_hover_ATT_trained_hybrid_prediction_outputs.csv,0.0835417136549949,0.0830228444832139,0.0840049034984857,0.082170121371746,0.081388086080551,/home/tchowdh4/sensor_recovery_project/prediction_results_v9_trained_hybrid/baseline_01_hover_ATT_trained_hybrid_prediction_outputs.csv,0.8304184032819796,0.08480229391491384,0.08477930280310644,False,0.08225935453463082,0.082170121371746,0.082170121371746,0.0,0.0,0.0
1.29948,baseline_01_hover,Roll,pulse,0.05492,0,0.0835417136549949,0.0835417136549949,0.0869100600041953,-0.0033683463492003,0.0033683463492003,0.006865,0,0.0,0.0020527241417753,0,0,0,W10_N3_mean1x,10,3,1.0,1001,Roll_hybrid_prediction,/home/tchowdh4/sensor_recovery_project/logs/extracted_csv/baseline_01_hover_ATT.csv,/home/tchowdh4/sensor_recovery_project/prediction_results_v9_trained_hybrid/baseline_01_hover_ATT_trained_hybrid_prediction_outputs.csv,0.0874276012182235,0.0869100600041953,0.0891672189141778,0.0835417136549949,0.0849133059382438,/home/tchowdh4/sensor_recovery_project/prediction_results_v9_trained_hybrid/baseline_01_hover_ATT_trained_hybrid_prediction_outputs.csv,0.8473687629784304,0.07632673978447121,0.07630449723709837,False,0.08407565417279543,0.0835417136549949,0.0835417136549949,0.0,0.0,0.0
1.39944,baseline_01_hover,Roll,pulse,0.05492,0,0.0874276012182235,0.0874276012182235,0.0906974602726522,-0.0032698590544286,0.0032698590544286,0.006865,0,0.0,0.0023031051679958,0,0,0,W10_N3_mean1x,10,3,1.0,1001,Roll_hybrid_prediction,/home/tchowdh4/sensor_recovery_project/logs/extracted_csv/baseline_01_hover_ATT.csv,/home/tchowdh4/sensor_recovery_project/prediction_results_v9_trained_hybrid/baseline_01_hover_ATT_trained_hybrid_prediction_outputs.csv,0.089522086083889,0.0906974602726522,0.0919597494760108,0.0874276012182235,0.0913134887814521,/home/tchowdh4/sensor_recovery_project/prediction_results_v9_trained_hybrid/baseline_01_hover_ATT_trained_hybrid_prediction_outputs.csv,0.8626248678838666,0.06869828455435124,0.06867684756178227,False,0.08800580868281585,0.0874276012182235,0.0874276012182235,0.0,0.0,0.0
1.4994,baseline_01_hover,Roll,pulse,0.05492,0,0.089522086083889,0.089522086083889,0.0917240765173651,-0.0022019904334761,0.0022019904334761,0.006865,0,0.0,0.0022342452985199,0,0,0,W10_N3_mean1x,10,3,1.0,1001,Roll_hybrid_prediction,/home/tchowdh4/sensor_recovery_project/logs/extracted_csv/baseline_01_hover_ATT.csv,/home/tchowdh4/sensor_recovery_project/prediction_results_v9_trained_hybrid/baseline_01_hover_ATT_trained_hybrid_prediction_outputs.csv,0.0931736752390861,0.0917240765173651,0.0927640741936035,0.089522086083889,0.0916165709495544,/home/tchowdh4/sensor_recovery_project/prediction_results_v9_trained_hybrid/baseline_01_hover_ATT_trained_hybrid_prediction_outputs.csv,0.8763553060439344,0.06183261973088728,0.0618120742251782,False,0.0898519875797946,0.089522086083889,0.089522086083889,0.0,0.0,0.0
1.59936,baseline_01_hover,Roll,pulse,0.05492,0,0.0931736752390861,0.0931736752390861,0.0958034236997149,-0.0026297484606288,0.0026297484606288,0.006865,0,0.0,0.0024812814217103,0,0,0,W10_N3_mean1x,10,3,1.0,1001,Roll_hybrid_prediction,/home/tchowdh4/sensor_recovery_project/logs/extracted_csv/baseline_01_hover_ATT.csv,/home/tchowdh4/sensor_recovery_project/prediction_results_v9_trained_hybrid/baseline_01_hover_ATT_trained_hybrid_prediction_outputs.csv,0.0932782739400863,0.0958034236997149,0.0966271854747032,0.0931736752390861,0.0968252643942832,/home/tchowdh4/sensor_recovery_project/prediction_results_v9_trained_hybrid/baseline_01_hover_ATT_trained_hybrid_prediction_outputs.csv,0.8887132487936409,0.055653179175665306,0.05563357203069385,False,0.09356902889506814,0.0931736752390861,0.0931736752390861,0.0,0.0,0.0
1.69932,baseline_01_hover,Roll,pulse,0.05492,0,0.0932782739400863,0.0932782739400863,0.092484142071811,0.0007941318682752,0.0007941318682752,0.006865,0,0.0,0.0024270770649475,0,0,0,W10_N3_mean1x,10,3,1.0,1001,Roll_hybrid_prediction,/home/tchowdh4/sensor_recovery_project/logs/extracted_csv/baseline_01_hover_ATT.csv,/home/tchowdh4/sensor_recovery_project/prediction_results_v9_trained_hybrid/baseline_01_hover_ATT_trained_hybrid_prediction_outputs.csv,0.0950536131858825,0.092484142071811,0.0917963619246767,0.0932782739400863,0.0933828726410865,/home/tchowdh4/sensor_recovery_project/prediction_results_v9_trained_hybrid/baseline_01_hover_ATT_trained_hybrid_prediction_outputs.csv,0.8998351453926501,0.0500918324502047,0.05007302215714505,False,0.09320930966750875,0.0932782739400863,0.0932782739400863,0.0,0.0,0.0
1.800113,baseline_01_hover,Roll,pulse,0.05492,0,0.0950536131858825,0.0950536131858825,0.095939411245157,-0.0008857980592744,0.0008857980592744,0.006865,0,0.0,0.0024152092459199,0,0,0,W10_N3_mean1x,10,3,1.0,1001,Roll_hybrid_prediction,/home/tchowdh4/sensor_recovery_project/logs/extracted_csv/baseline_01_hover_ATT.csv,/home/tchowdh4/sensor_recovery_project/prediction_results_v9_trained_hybrid/baseline_01_hover_ATT_trained_hybrid_prediction_outputs.csv,0.0921361595392227,0.095939411245157,0.0960185772042738,0.0950536131858825,0.0968289524316787,/home/tchowdh4/sensor_recovery_project/prediction_results_v9_trained_hybrid/baseline_01_hover_ATT_trained_hybrid_prediction_outputs.csv,0.9098446943647382,0.04508679103735132,0.04506851459791045,False,0.09517714703042744,0.0950536131858825,0.0950536131858825,0.0,0.0,0.0
1.900073,baseline_01_hover,Roll,pulse,0.05492,0,0.0921361595392227,0.0921361595392227,0.0888137024525447,0.0033224570866779,0.0033224570866779,0.006865,0,0.0,0.0022494517790491,0,0,0,W10_N3_mean1x,10,3,1.0,1001,Roll_hybrid_prediction,/home/tchowdh4/sensor_recovery_project/logs/extracted_csv/baseline_01_hover_ATT.csv,/home/tchowdh4/sensor_recovery_project/prediction_results_v9_trained_hybrid/baseline_01_hover_ATT_trained_hybrid_prediction_outputs.csv,0.0899241343140602,0.0888137024525447,0.0871562207076845,0.0921361595392227,0.0892187058925629,/home/tchowdh4/sensor_recovery_project/prediction_results_v9_trained_hybrid/baseline_01_hover_ATT_trained_hybrid_prediction_outputs.csv,0.9188525378853052,0.040582846314911034,0.04056461579978382,False,0.09181575166084167,0.0921361595392227,0.0921361595392227,0.0,0.0,0.0
2.000033,baseline_01_hover,Roll,pulse,0.05492,0,0.0899241343140602,0.0899241343140602,0.0892727054957346,0.0006514288183255,0.0006514288183255,0.006865,0,0.0,0.0019864749829052,0,0,0,W10_N3_mean1x,10,3,1.0,1001,Roll_hybrid_prediction,/home/tchowdh4/sensor_recovery_project/logs/extracted_csv/baseline_01_hover_ATT.csv,/home/tchowdh4/sensor_recovery_project/prediction_results_v9_trained_hybrid/baseline_01_hover_ATT_trained_hybrid_prediction_outputs.csv,0.0927761122584343,0.0892727054957346,0.0895440910898909,0.0899241343140602,0.0877121090888976,/home/tchowdh4/sensor_recovery_project/prediction_results_v9_trained_hybrid/baseline_01_hover_ATT_trained_hybrid_prediction_outputs.csv,0.9269588095686647,0.036529662107722335,0.03651152832361292,False,0.08982945382106779,0.0899241343140602,0.0899241343140602,0.0,0.0,0.0
2.099993,baseline_01_hover,Roll,pulse,0.05492,0,0.0927761122584343,0.0927761122584343,0.0952426795811552,-0.0024665673227209,0.0024665673227209,0.006865,0,0.0,0.0020443050564476,0,0,0,W10_N3_mean1x,10,3,1.0,1001,Roll_hybrid_prediction,/home/tchowdh4/sensor_recovery_project/logs/extracted_csv/baseline_01_hover_ATT.csv,/home/tchowdh4/sensor_recovery_project/prediction_results_v9_trained_hybrid/baseline_01_hover_ATT_trained_hybrid_prediction_outputs.csv,0.092498280107975,0.0952426795811552,0.0962236972290635,0.0927761122584343,0.0956280902028084,/home/tchowdh4/sensor_recovery_project/prediction_results_v9_trained_hybrid/baseline_01_hover_ATT_trained_hybrid_prediction_outputs.csv,0.9342549702407295,0.03288131489713004,0.032863714862140375,False,0.09298318949274068,0.0927761122584343,0.0927761122584343,0.0,0.0,0.0
2.199953,baseline_01_hover,Roll,pulse,0.05492,0,0.092498280107975,0.092498280107975,0.0923788909067408,0.0001193892012342,0.0001193892012342,0.006865,0,0.0,0.0019709716654242,0,0,0,W10_N3_mean1x,10,3,1.0,1001,Roll_hybrid_prediction,/home/tchowdh4/sensor_recovery_project/logs/extracted_csv/baseline_01_hover_ATT.csv,/home/tchowdh4/sensor_recovery_project/prediction_results_v9_trained_hybrid/baseline_01_hover_ATT_trained_hybrid_prediction_outputs.csv,0.0891169235110282,0.0923788909067408,0.092382238705898,0.092498280107975,0.0922204479575157,/home/tchowdh4/sensor_recovery_project/prediction_results_v9_trained_hybrid/baseline_01_hover_ATT_trained_hybrid_prediction_outputs.csv,0.9408212013738079,0.029597912539316096,0.029580886086876,False,0.0924866242487889,0.092498280107975,0.092498280107975,0.0,0.0,0.0
2.299913,baseline_01_hover,Roll,pulse,0.05492,0,0.0891169235110282,0.0891169235110282,0.0874847969004503,0.0016321266105779,0.0016321266105779,0.006865,0,0.0,0.001797349691562,0,0,0,W10_N3_mean1x,10,3,1.0,1001,Roll_hybrid_prediction,/home/tchowdh4/sensor_recovery_project/logs/extracted_csv/baseline_01_hover_ATT.csv,/home/tchowdh4/sensor_recovery_project/prediction_results_v9_trained_hybrid/baseline_01_hover_ATT_trained_hybrid_prediction_outputs.csv,0.0896575972437858,0.0874847969004503,0.0873790047997764,0.0891169235110282,0.0857355669140814,/home/tchowdh4/sensor_recovery_project/prediction_results_v9_trained_hybrid/baseline_01_hover_ATT_trained_hybrid_prediction_outputs.csv,0.9467306539921592,0.026642439914447452,0.026626906093393354,False,0.08898056052274227,0.0891169235110282,0.0891169235110282,0.0,0.0,0.0
2.399873,baseline_01_hover,Roll,pulse,0.05492,0,0.0896575972437858,0.0896575972437858,0.0903726849662704,-0.0007150877224846,0.0007150877224846,0.006865,0,0.0,0.0015418725583675,0,0,0,W10_N3_mean1x,10,3,1.0,1001,Roll_hybrid_prediction,/home/tchowdh4/sensor_recovery_project/logs/extracted_csv/baseline_01_hover_ATT.csv,/home/tchowdh4/sensor_recovery_project/prediction_results_v9_trained_hybrid/baseline_01_hover_ATT_trained_hybrid_prediction_outputs.csv,0.0909363403916359,0.0903726849662704,0.0907611481091187,0.0896575972437858,0.0901982709765434,/home/tchowdh4/sensor_recovery_project/prediction_results_v9_trained_hybrid/baseline_01_hover_ATT_trained_hybrid_prediction_outputs.csv,0.9520477584237698,0.023983243807577038,0.023968997768653275,False,0.08969701536196764,0.0896575972437858,0.0896575972437858,0.0,0.0,0.0
2.499833,baseline_01_hover,Roll,pulse,0.05492,0,0.0909363403916359,0.0909363403916359,0.0903814060433834,0.0005549343482524,0.0005549343482524,0.006865,0,0.0,0.0013771669498452,0,0,0,W10_N3_mean1x,10,3,1.0,1001,Roll_hybrid_prediction,/home/tchowdh4/sensor_recovery_project/logs/extracted_csv/baseline_01_hover_ATT.csv,/home/tchowdh4/sensor_recovery_project/prediction_results_v9_trained_hybrid/baseline_01_hover_ATT_trained_hybrid_prediction_outputs.csv,0.090908482670784,0.0903814060433834,0.0894623713410495,0.0909363403916359,0.0922150835394859,/home/tchowdh4/sensor_recovery_project/prediction_results_v9_trained_hybrid/baseline_01_hover_ATT_trained_hybrid_prediction_outputs.csv,0.956832493928059,0.021590184086022517,0.021577321985918534,False,0.09093214438679494,0.0909363403916359,0.0909363403916359,0.0,0.0,0.0
2.599793,baseline_01_hover,Roll,pulse,0.05492,0,0.090908482670784,0.090908482670784,0.0922539211531701,-0.0013454384823861,0.0013454384823861,0.006865,0,0.0,0.0012487359520209,0,0,0,W10_N3_mean1x,10,3,1.0,1001,Roll_hybrid_prediction,/home/tchowdh4/sensor_recovery_project/logs/extracted_csv/baseline_01_hover_ATT.csv,/home/tchowdh4/sensor_recovery_project/prediction_results_v9_trained_hybrid/baseline_01_hover_ATT_trained_hybrid_prediction_outputs.csv,0.0918938070535659,0.0922539211531701,0.0933648645372504,0.090908482670784,0.0908806249499321,/home/tchowdh4/sensor_recovery_project/prediction_results_v9_trained_hybrid/baseline_01_hover_ATT_trained_hybrid_prediction_outputs.csv,0.9611372276402297,0.01943767155979469,0.019425100799975604,False,0.090955656646915,0.090908482670784,0.090908482670784,0.0,0.0,0.0
2.699753,baseline_01_hover,Roll,pulse,0.05492,0,0.0918938070535659,0.0918938070535659,0.0922300200540898,-0.0003362130005239,0.0003362130005239,0.006865,0,0.0,0.0012029440652458,0,0,0,W10_N3_mean1x,10,3,1.0,1001,Roll_hybrid_prediction,/home/tchowdh4/sensor_recovery_project/logs/extracted_csv/baseline_01_hover_ATT.csv,/home/tchowdh4/sensor_recovery_project/prediction_results_v9_trained_hybrid/baseline_01_hover_ATT_trained_hybrid_prediction_outputs.csv,0.095133252441883,0.0922300200540898,0.0921468036425979,0.0918938070535659,0.0928791314363478,/home/tchowdh4/sensor_recovery_project/prediction_results_v9_trained_hybrid/baseline_01_hover_ATT_trained_hybrid_prediction_outputs.csv,0.9650114402022963,0.01750005766512923,0.017488502132574517,False,0.09191547481847026,0.0918938070535659,0.0918938070535659,0.0,0.0,0.0
2.799713,baseline_01_hover,Roll,pulse,0.05492,0,0.095133252441883,0.095133252441883,0.0974730572648822,-0.0023398048229991,0.0023398048229991,0.006865,0,0.0,0.0013483447416182,0,0,0,W10_N3_mean1x,10,3,1.0,1001,Roll_hybrid_prediction,/home/tchowdh4/sensor_recovery_project/logs/extracted_csv/baseline_01_hover_ATT.csv,/home/tchowdh4/sensor_recovery_project/prediction_results_v9_trained_hybrid/baseline_01_hover_ATT_trained_hybrid_prediction_outputs.csv,0.0924301296472549,0.0974730572648822,0.0982094628879482,0.095133252441883,0.0983726978302001,/home/tchowdh4/sensor_recovery_project/prediction_results_v9_trained_hybrid/baseline_01_hover_ATT_trained_hybrid_prediction_outputs.csv,0.9684993959530974,0.015755696634418465,0.015744907412484084,False,0.09523272680933971,0.095133252441883,0.095133252441883,0.0,0.0,0.0
2.899673,baseline_01_hover,Roll,pulse,0.05492,0,0.0924301296472549,0.0924301296472549,0.0913484760403918,0.0010816536068631,0.0010816536068631,0.006865,0,0.0,0.0011242643936368,0,0,0,W10_N3_mean1x,10,3,1.0,1001,Roll_hybrid_prediction,/home/tchowdh4/sensor_recovery_project/logs/extracted_csv/baseline_01_hover_ATT.csv,/home/tchowdh4/sensor_recovery_project/prediction_results_v9_trained_hybrid/baseline_01_hover_ATT_trained_hybrid_prediction_outputs.csv,0.0933978408575058,0.0913484760403918,0.0914464404691868,0.0924301296472549,0.0897270068526268,/home/tchowdh4/sensor_recovery_project/prediction_results_v9_trained_hybrid/baseline_01_hover_ATT_trained_hybrid_prediction_outputs.csv,0.9716370897606794,0.01418584075928865,0.014177069480031897,False,0.09237783774791328,0.0924301296472549,0.0924301296472549,0.0,0.0,0.0
2.999633,baseline_01_hover,Roll,pulse,0.05492,0,0.0933978408575058,0.0933978408575058,0.0942714746793874,-0.0008736338218816,0.0008736338218816,0.006865,0,0.0,0.0011464848939924,0,0,0,W10_N3_mean1x,10,3,1.0,1001,Roll_hybrid_prediction,/home/tchowdh4/sensor_recovery_project/logs/extracted_csv/baseline_01_hover_ATT.csv,/home/tchowdh4/sensor_recovery_project/prediction_results_v9_trained_hybrid/baseline_01_hover_ATT_trained_hybrid_prediction_outputs.csv,0.0942678973078727,0.0942714746793874,0.0946343710026538,0.0933978408575058,0.0943655520677567,/home/tchowdh4/sensor_recovery_project/prediction_results_v9_trained_hybrid/baseline_01_hover_ATT_trained_hybrid_prediction_outputs.csv,0.9744609354964209,0.012773407853921667,0.012765656649657484,False,0.09342598694674906,0.0933978408575058,0.0933978408575058,0.0,0.0,0.0
3.099593,baseline_01_hover,Roll,pulse,0.05492,0,0.0942678973078727,0.0942678973078727,0.0934135112688466,0.0008543860390261,0.0008543860390261,0.006865,0,0.0,0.0009852667656229,0,0,0,W10_N3_mean1x,10,3,1.0,1001,Roll_hybrid_prediction,/home/tchowdh4/sensor_recovery_project/logs/extracted_csv/baseline_01_hover_ATT.csv,/home/tchowdh4/sensor_recovery_project/prediction_results_v9_trained_hybrid/baseline_01_hover_ATT_trained_hybrid_prediction_outputs.csv,0.0917910635471344,0.0934135112688466,0.0923980839822373,0.0942678973078727,0.0951379537582396,/home/tchowdh4/sensor_recovery_project/prediction_results_v9_trained_hybrid/baseline_01_hover_ATT_trained_hybrid_prediction_outputs.csv,0.9770008486828867,0.011503072263027343,0.011496079054085806,False,0.09425641010828628,0.0942678973078727,0.0942678973078727,0.0,0.0,0.0
3.199553,baseline_01_hover,Roll,pulse,0.05492,0,0.0917910635471344,0.0917910635471344,0.0902882932769755,0.0015027702701588,0.0015027702701588,0.006865,0,0.0,0.0011236048725153,0,0,0,W10_N3_mean1x,10,3,1.0,1001,Roll_hybrid_prediction,/home/tchowdh4/sensor_recovery_project/logs/extracted_csv/baseline_01_hover_ATT.csv,/home/tchowdh4/sensor_recovery_project/prediction_results_v9_trained_hybrid/baseline_01_hover_ATT_trained_hybrid_prediction_outputs.csv,0.0948278382420539,0.0902882932769755,0.089959420787114,0.0917910635471344,0.0893142297863961,/home/tchowdh4/sensor_recovery_project/prediction_results_v9_trained_hybrid/baseline_01_hover_ATT_trained_hybrid_prediction_outputs.csv,0.9792884537133645,0.01035883515146529,0.010352711135170244,False,0.09174644396611202,0.0917910635471344,0.0917910635471344,0.0,0.0,0.0
3.299513,baseline_01_hover,Roll,pulse,0.05492,0,0.0948278382420539,0.0948278382420539,0.0982720138360438,-0.0034441755939898,0.0034441755939898,0.006865,0,0.0,0.0013048097708565,0,0,0,W10_N3_mean1x,10,3,1.0,1001,Roll_hybrid_prediction,/home/tchowdh4/sensor_recovery_project/logs/extracted_csv/baseline_01_hover_ATT.csv,/home/tchowdh4/sensor_recovery_project/prediction_results_v9_trained_hybrid/baseline_01_hover_ATT_trained_hybrid_prediction_outputs.csv,0.0922487527132034,0.0982720138360438,0.0999856939784284,0.0948278382420539,0.0978646129369734,/home/tchowdh4/sensor_recovery_project/prediction_results_v9_trained_hybrid/baseline_01_hover_ATT_trained_hybrid_prediction_outputs.csv,0.9813482659863209,0.009329151505442463,0.0093225825082368,False,0.09490425330893865,0.0948278382420539,0.0948278382420539,0.0,0.0,0.0
3.399473,baseline_01_hover,Roll,pulse,0.05492,0,0.0922487527132034,0.0922487527132034,0.0909036669481321,0.0013450857650713,0.0013450857650713,0.006865,0,0.0,0.0013678095751152,0,0,0,W10_N3_mean1x,10,3,1.0,1001,Roll_hybrid_prediction,/home/tchowdh4/sensor_recovery_project/logs/extracted_csv/baseline_01_hover_ATT.csv,/home/tchowdh4/sensor_recovery_project/prediction_results_v9_trained_hybrid/baseline_01_hover_ATT_trained_hybrid_prediction_outputs.csv,0.0929611250758171,0.0909036669481321,0.0907409915144739,0.0922487527132034,0.0896696671843529,/home/tchowdh4/sensor_recovery_project/prediction_results_v9_trained_hybrid/baseline_01_hover_ATT_trained_hybrid_prediction_outputs.csv,0.9832028973673557,0.008401740577359504,0.008395362055284818,False,0.09221442570450694,0.0922487527132034,0.0922487527132034,0.0,0.0,0.0
3.499433,baseline_01_hover,Roll,pulse,0.05492,0,0.0929611250758171,0.0929611250758171,0.0958258829625476,-0.0028647578867305,0.0028647578867305,0.006865,0,0.0,0.001598791928963,0,0,0,W10_N3_mean1x,10,3,1.0,1001,Roll_hybrid_prediction,/home/tchowdh4/sensor_recovery_project/logs/extracted_csv/baseline_01_hover_ATT.csv,/home/tchowdh4/sensor_recovery_project/prediction_results_v9_trained_hybrid/baseline_01_hover_ATT_trained_hybrid_prediction_outputs.csv,0.093666635453701,0.0958258829625476,0.0979107312834675,0.0929611250758171,0.0936734974384307,/home/tchowdh4/sensor_recovery_project/prediction_results_v9_trained_hybrid/baseline_01_hover_ATT_trained_hybrid_prediction_outputs.csv,0.9848726391485619,0.007567247905606643,0.007560112945831425,False,0.09300393535605332,0.0929611250758171,0.0929611250758171,0.0,0.0,0.0
3.599393,baseline_01_hover,Roll,pulse,0.05492,0,0.093666635453701,0.093666635453701,0.095812692020632,-0.0021460565669309,0.0021460565669309,0.006865,0,0.0,0.0016788537374175,0,0,0,W10_N3_mean1x,10,3,1.0,1001,Roll_hybrid_prediction,/home/tchowdh4/sensor_recovery_project/logs/extracted_csv/baseline_01_hover_ATT.csv,/home/tchowdh4/sensor_recovery_project/prediction_results_v9_trained_hybrid/baseline_01_hover_ATT_trained_hybrid_prediction_outputs.csv,0.0933186113834381,0.095812692020632,0.0973120072561632,0.093666635453701,0.0943721458315849,/home/tchowdh4/sensor_recovery_project/prediction_results_v9_trained_hybrid/baseline_01_hover_ATT_trained_hybrid_prediction_outputs.csv,0.9863758253042805,0.00681599387905351,0.0068081808166660825,False,0.09369626255849342,0.093666635453701,0.093666635453701,0.0,0.0,0.0
3.699353,baseline_01_hover,Roll,pulse,0.05492,0,0.0933186113834381,0.0933186113834381,0.0931454829559496,0.0001731284274884,0.0001731284274884,0.006865,0,0.0,0.001662545280114,0,0,0,W10_N3_mean1x,10,3,1.0,1001,Roll_hybrid_prediction,/home/tchowdh4/sensor_recovery_project/logs/extracted_csv/baseline_01_hover_ATT.csv,/home/tchowdh4/sensor_recovery_project/prediction_results_v9_trained_hybrid/baseline_01_hover_ATT_trained_hybrid_prediction_outputs.csv,0.0960128456354141,0.0931454829559496,0.0931303866317365,0.0933186113834381,0.0929705873131751,/home/tchowdh4/sensor_recovery_project/prediction_results_v9_trained_hybrid/baseline_01_hover_ATT_trained_hybrid_prediction_outputs.csv,0.9877284844081998,0.006140062892553538,0.006131452699246723,False,0.09331532040259669,0.0933186113834381,0.0933186113834381,0.0,0.0,0.0
3.799313,baseline_01_hover,Roll,pulse,0.05492,0,0.0960128456354141,0.0960128456354141,0.0983349953676954,-0.0023221497322813,0.0023221497322813,0.006865,0,0.0,0.0016607797710422,0,0,0,W10_N3_mean1x,10,3,1.0,1001,Roll_hybrid_prediction,/home/tchowdh4/sensor_recovery_project/logs/extracted_csv/baseline_01_hover_ATT.csv,/home/tchowdh4/sensor_recovery_project/prediction_results_v9_trained_hybrid/baseline_01_hover_ATT_trained_hybrid_prediction_outputs.csv,0.0940389558672905,0.0983349953676954,0.0992552145115706,0.0960128456354141,0.0987070798873901,/home/tchowdh4/sensor_recovery_project/prediction_results_v9_trained_hybrid/baseline_01_hover_ATT_trained_hybrid_prediction_outputs.csv,0.9889457244413064,0.005531905781072894,0.00552236977762085,False,0.09604565544533776,0.0960128456354141,0.0960128456354141,0.0,0.0,0.0
3.900106,baseline_01_hover,Roll,pulse,0.05492,0,0.0940389558672905,0.0940389558672905,0.0911739758691224,0.002864979998168,0.002864979998168,0.006865,0,0.0,0.0018391124101727,0,0,0,W10_N3_mean1x,10,3,1.0,1001,Roll_hybrid_prediction,/home/tchowdh4/sensor_recovery_project/logs/extracted_csv/baseline_01_hover_ATT.csv,/home/tchowdh4/sensor_recovery_project/prediction_results_v9_trained_hybrid/baseline_01_hover_ATT_trained_hybrid_prediction_outputs.csv,0.0928137898445129,0.0911739758691224,0.0895476794226662,0.0940389558672905,0.0920650660991669,/home/tchowdh4/sensor_recovery_project/prediction_results_v9_trained_hybrid/baseline_01_hover_ATT_trained_hybrid_prediction_outputs.csv,0.990041486509226,0.004984825030375856,0.00497368846039806,False,0.09400677816234206,0.0940389558672905,0.0940389558672905,0.0,0.0,0.0
4.000066,baseline_01_hover,Roll,pulse,0.05492,0,0.0928137898445129,0.0928137898445129,0.0918477369650339,0.0009660528794789,0.0009660528794789,0.006865,0,0.0,0.0018483543159324,0,0,0,W10_N3_mean1x,10,3,1.0,1001,Roll_hybrid_prediction,/home/tchowdh4/sensor_recovery_project/logs/extracted_csv/baseline_01_hover_ATT.csv,/home/tchowdh4/sensor_recovery_project/prediction_results_v9_trained_hybrid/baseline_01_hover_ATT_trained_hybrid_prediction_outputs.csv,0.0942711755633354,0.0918477369650339,0.0915028449810157,0.0928137898445129,0.0915886238217353,/home/tchowdh4/sensor_recovery_project/prediction_results_v9_trained_hybrid/baseline_01_hover_ATT_trained_hybrid_prediction_outputs.csv,0.9910277763730261,0.004492357732510932,0.004479865894463015,False,0.09280241310327336,0.0928137898445129,0.0928137898445129,0.0,0.0,0.0
4.100026,baseline_01_hover,Roll,pulse,0.05492,0,0.0942711755633354,0.0942711755633354,0.0959873677413214,-0.0017161921779859,0.0017161921779859,0.006865,0,0.0,0.0019345349298284,0,0,0,W10_N3_mean1x,10,3,1.0,1001,Roll_hybrid_prediction,/home/tchowdh4/sensor_recovery_project/logs/extracted_csv/baseline_01_hover_ATT.csv,/home/tchowdh4/sensor_recovery_project/prediction_results_v9_trained_hybrid/baseline_01_hover_ATT_trained_hybrid_prediction_outputs.csv,0.0973648130893707,0.0959873677413214,0.0968615665346473,0.0942711755633354,0.0957285612821579,/home/tchowdh4/sensor_recovery_project/prediction_results_v9_trained_hybrid/baseline_01_hover_ATT_trained_hybrid_prediction_outputs.csv,0.9919157308729285,0.004048931902627466,0.004035337224444049,False,0.09428752951997918,0.0942711755633354,0.0942711755633354,0.0,0.0,0.0
4.199986,baseline_01_hover,Roll,pulse,0.05492,0,0.0973648130893707,0.0973648130893707,0.100734686184465,-0.0033698730950943,0.0033698730950943,0.006865,0,0.0,0.0021212452123219,0,0,0,W10_N3_mean1x,10,3,1.0,1001,Roll_hybrid_prediction,/home/tchowdh4/sensor_recovery_project/logs/extracted_csv/baseline_01_hover_ATT.csv,/home/tchowdh4/sensor_recovery_project/prediction_results_v9_trained_hybrid/baseline_01_hover_ATT_trained_hybrid_prediction_outputs.csv,0.0952025204896926,0.100734686184465,0.1023668959800748,0.0973648130893707,0.100458450615406,/home/tchowdh4/sensor_recovery_project/prediction_results_v9_trained_hybrid/baseline_01_hover_ATT_trained_hybrid_prediction_outputs.csv,0.9927154325652535,0.0036496476664375148,0.003634919768308951,False,0.09739428594633054,0.0973648130893707,0.0973648130893707,0.0,0.0,0.0
4.299946,baseline_01_hover,Roll,pulse,0.05492,0,0.0952025204896926,0.0952025204896926,0.0941668748100849,0.0010356456796077,0.0010356456796077,0.006865,0,0.0,0.0018803922208837,0,0,0,W10_N3_mean1x,10,3,1.0,1001,Roll_hybrid_prediction,/home/tchowdh4/sensor_recovery_project/logs/extracted_csv/baseline_01_hover_ATT.csv,/home/tchowdh4/sensor_recovery_project/prediction_results_v9_trained_hybrid/baseline_01_hover_ATT_trained_hybrid_prediction_outputs.csv,0.0950974971055984,0.0941668748100849,0.0941058165630161,0.0952025204896926,0.0930402278900145,/home/tchowdh4/sensor_recovery_project/prediction_results_v9_trained_hybrid/baseline_01_hover_ATT_trained_hybrid_prediction_outputs.csv,0.9934344232546233,0.0032905811422110527,0.0032749956031656547,False,0.09519181358990232,0.0952025204896926,0.0952025204896926,0.0,0.0,0.0
4.399906,baseline_01_hover,Roll,pulse,0.05492,0,0.0950974971055984,0.0950974971055984,0.094879265697777,0.0002182314078214,0.0002182314078214,0.006865,0,0.0,0.0017677067851587,0,0,0,W10_N3_mean1x,10,3,1.0,1001,Roll_hybrid_prediction,/home/tchowdh4/sensor_recovery_project/logs/extracted_csv/baseline_01_hover_ATT.csv,/home/tchowdh4/sensor_recovery_project/prediction_results_v9_trained_hybrid/baseline_01_hover_ATT_trained_hybrid_prediction_outputs.csv,0.0915328860282898,0.094879265697777,0.0947389030492302,0.0950974971055984,0.0949924737215041,/home/tchowdh4/sensor_recovery_project/prediction_results_v9_trained_hybrid/baseline_01_hover_ATT_trained_hybrid_prediction_outputs.csv,0.9940803545692632,0.0029684290696692967,0.0029512163610674732,False,0.09509612706248591,0.0950974971055984,0.0950974971055984,0.0,0.0,0.0
4.499866,baseline_01_hover,Roll,pulse,0.05492,0,0.0915328860282898,0.0915328860282898,0.0895169519864061,0.0020159340418837,0.0020159340418837,0.006865,0,0.0,0.001682824400674,0,0,0,W10_N3_mean1x,10,3,1.0,1001,Roll_hybrid_prediction,/home/tchowdh4/sensor_recovery_project/logs/extracted_csv/baseline_01_hover_ATT.csv,/home/tchowdh4/sensor_recovery_project/prediction_results_v9_trained_hybrid/baseline_01_hover_ATT_trained_hybrid_prediction_outputs.csv,0.0891580879688263,0.0895169519864061,0.0891637736166134,0.0915328860282898,0.0879682749509812,/home/tchowdh4/sensor_recovery_project/prediction_results_v9_trained_hybrid/baseline_01_hover_ATT_trained_hybrid_prediction_outputs.csv,0.9946624341152609,0.0026773556748086835,0.002660210209930405,False,0.09151703995956746,0.0915328860282898,0.0915328860282898,0.0,0.0,0.0
4.599826,baseline_01_hover,Roll,pulse,0.05492,0,0.0891580879688263,0.0891580879688263,0.0884305933869641,0.0007274945818621,0.0007274945818621,0.006865,0,0.0,0.0015409682021672,0,0,0,W10_N3_mean1x,10,3,1.0,1001,Roll_hybrid_prediction,/home/tchowdh4/sensor_recovery_project/logs/extracted_csv/baseline_01_hover_ATT.csv,/home/tchowdh4/sensor_recovery_project/prediction_results_v9_trained_hybrid/baseline_01_hover_ATT_trained_hybrid_prediction_outputs.csv,0.0910616517066955,0.0884305933869641,0.0886989334779727,0.0891580879688263,0.0867832899093627,/home/tchowdh4/sensor_recovery_project/prediction_results_v9_trained_hybrid/baseline_01_hover_ATT_trained_hybrid_prediction_outputs.csv,0.9951861914388406,0.002414882721640165,0.0023989258395193122,False,0.08915125163245267,0.0891580879688263,0.0891580879688263,0.0,0.0,0.0
4.699786,baseline_01_hover,Roll,pulse,0.05492,0,0.0910616517066955,0.0910616517066955,0.0923859424535134,-0.0013242907468179,0.0013242907468179,0.006865,0,0.0,0.0016560844341001,0,0,0,W10_N3_mean1x,10,3,1.0,1001,Roll_hybrid_prediction,/home/tchowdh4/sensor_recovery_project/logs/extracted_csv/baseline_01_hover_ATT.csv,/home/tchowdh4/sensor_recovery_project/prediction_results_v9_trained_hybrid/baseline_01_hover_ATT_trained_hybrid_prediction_outputs.csv,0.0882878303527832,0.0923859424535134,0.0927772480689575,0.0910616517066955,0.0929652154445647,/home/tchowdh4/sensor_recovery_project/prediction_results_v9_trained_hybrid/baseline_01_hover_ATT_trained_hybrid_prediction_outputs.csv,0.99565829080013,0.0021782588517833272,0.0021634503480867143,False,0.09106950976880455,0.0910616517066955,0.0910616517066955,0.0,0.0,0.0
4.799746,baseline_01_hover,Roll,pulse,0.05492,0,0.0882878303527832,0.0882878303527832,0.0879058999303843,0.0003819304223989,0.0003819304223989,0.006865,0,0.0,0.0014620625031119,0,0,0,W10_N3_mean1x,10,3,1.0,1001,Roll_hybrid_prediction,/home/tchowdh4/sensor_recovery_project/logs/extracted_csv/baseline_01_hover_ATT.csv,/home/tchowdh4/sensor_recovery_project/prediction_results_v9_trained_hybrid/baseline_01_hover_ATT_trained_hybrid_prediction_outputs.csv,0.0887835994362831,0.0879058999303843,0.0886020737134806,0.0882878303527832,0.0855140089988709,/home/tchowdh4/sensor_recovery_project/prediction_results_v9_trained_hybrid/baseline_01_hover_ATT_trained_hybrid_prediction_outputs.csv,0.9960825428148441,0.0019652785766884596,0.0019521786084674526,False,0.0882829924802674,0.0882878303527832,0.0882878303527832,0.0,0.0,0.0
4.899706,baseline_01_hover,Roll,pulse,0.05492,0,0.0887835994362831,0.0887835994362831,0.088884564573988,-0.0001009651377048,0.0001009651377048,0.006865,0,0.0,0.0011856610170656,0,0,0,W10_N3_mean1x,10,3,1.0,1001,Roll_hybrid_prediction,/home/tchowdh4/sensor_recovery_project/logs/extracted_csv/baseline_01_hover_ATT.csv,/home/tchowdh4/sensor_recovery_project/prediction_results_v9_trained_hybrid/baseline_01_hover_ATT_trained_hybrid_prediction_outputs.csv,0.0822403654456138,0.088884564573988,0.0887868927472013,0.0887835994362831,0.0892793685197829,/home/tchowdh4/sensor_recovery_project/prediction_results_v9_trained_hybrid/baseline_01_hover_ATT_trained_hybrid_prediction_outputs.csv,0.9964625000976399,0.0017739701089922002,0.0017635297933679098,False,0.0887844847236701,0.0887835994362831,0.0887835994362831,0.0,0.0,0.0
4.999666,baseline_01_hover,Roll,pulse,0.05492,0,0.0822403654456138,0.0822403654456138,0.0766242613818646,0.0056161040637492,0.0056161040637492,0.006865,0,0.0,0.0016506661354926,0,0,0,W10_N3_mean1x,10,3,1.0,1001,Roll_hybrid_prediction,/home/tchowdh4/sensor_recovery_project/logs/extracted_csv/baseline_01_hover_ATT.csv,/home/tchowdh4/sensor_recovery_project/prediction_results_v9_trained_hybrid/baseline_01_hover_ATT_trained_hybrid_prediction_outputs.csv,0.0742689818143844,0.0766242613818646,0.0744086249626767,0.0822403654456138,0.0756971314549445,/home/tchowdh4/sensor_recovery_project/prediction_results_v9_trained_hybrid/baseline_01_hover_ATT_trained_hybrid_prediction_outputs.csv,0.9968075656516491,0.0016006585223126034,0.0015917758260383318,False,0.0822174255871866,0.0822403654456138,0.0822403654456138,0.0,0.0,0.0
5.099626,baseline_01_hover,Roll,pulse,0.05492,0,0.0742689818143844,0.0742689818143844,0.0702121927044926,0.0040567891098918,0.0040567891098918,0.006865,0,0.0,0.0018847258286832,0,0,0,W10_N3_mean1x,10,3,1.0,1001,Roll_hybrid_prediction,/home/tchowdh4/sensor_recovery_project/logs/extracted_csv/baseline_01_hover_ATT.csv,/home/tchowdh4/sensor_recovery_project/prediction_results_v9_trained_hybrid/baseline_01_hover_ATT_trained_hybrid_prediction_outputs.csv,0.0698445960879325,0.0702121927044926,0.0697916865713918,0.0742689818143844,0.066297598183155,/home/tchowdh4/sensor_recovery_project/prediction_results_v9_trained_hybrid/baseline_01_hover_ATT_trained_hybrid_prediction_outputs.csv,0.9971193505847706,0.001443819366899215,0.0014368300483302528,False,0.07425103946397629,0.0742689818143844,0.0742689818143844,0.0,0.0,0.0
5.199586,baseline_01_hover,Roll,pulse,0.05492,0,0.0698445960879325,0.0698445960879325,0.0691079562011082,0.0007366398868243,0.0007366398868243,0.006865,0,0.0,0.0016214025078562,0,0,0,W10_N3_mean1x,10,3,1.0,1001,Roll_hybrid_prediction,/home/tchowdh4/sensor_recovery_project/logs/extracted_csv/baseline_01_hover_ATT.csv,/home/tchowdh4/sensor_recovery_project/prediction_results_v9_trained_hybrid/baseline_01_hover_ATT_trained_hybrid_prediction_outputs.csv,0.0665564909577369,0.0691079562011082,0.0701141183760527,0.0698445960879325,0.0654202103614806,/home/tchowdh4/sensor_recovery_project/prediction_results_v9_trained_hybrid/baseline_01_hover_ATT_trained_hybrid_prediction_outputs.csv,0.9973990301052245,0.0013025312413991355,0.0012984386533764975,False,0.06983918314545665,0.0698445960879325,0.0698445960879325,0.0,0.0,0.0
5.299546,baseline_01_hover,Roll,pulse,0.05492,0,0.0665564909577369,0.0665564909577369,0.0630245259226934,0.0035319650350434,0.0035319650350434,0.006865,0,0.0,0.0018710344433997,0,0,0,W10_N3_mean1x,10,3,1.0,1001,Roll_hybrid_prediction,/home/tchowdh4/sensor_recovery_project/logs/extracted_csv/baseline_01_hover_ATT.csv,/home/tchowdh4/sensor_recovery_project/prediction_results_v9_trained_hybrid/baseline_01_hover_ATT_trained_hybrid_prediction_outputs.csv,0.0645918771624565,0.0630245259226934,0.0613304109413654,0.0665564909577369,0.0632683858275413,/home/tchowdh4/sensor_recovery_project/prediction_results_v9_trained_hybrid/baseline_01_hover_ATT_trained_hybrid_prediction_outputs.csv,0.9976517947248622,0.0011752678194348793,0.0011729374557028413,False,0.06654649668859275,0.0665564909577369,0.0665564909577369,0.0,0.0,0.0
5.399506,baseline_01_hover,Roll,pulse,0.05492,0,0.0645918771624565,0.0645918771624565,0.0633284595164983,0.0012634176459581,0.0012634176459581,0.006865,0,0.0,0.0019755530672134,0,0,0,W10_N3_mean1x,10,3,1.0,1001,Roll_hybrid_prediction,/home/tchowdh4/sensor_recovery_project/logs/extracted_csv/baseline_01_hover_ATT.csv,/home/tchowdh4/sensor_recovery_project/prediction_results_v9_trained_hybrid/baseline_01_hover_ATT_trained_hybrid_prediction_outputs.csv,0.0652172341942787,0.0633284595164983,0.0630091591862708,0.0645918771624565,0.0626272633671761,/home/tchowdh4/sensor_recovery_project/prediction_results_v9_trained_hybrid/baseline_01_hover_ATT_trained_hybrid_prediction_outputs.csv,0.997879659546306,0.0010605732775550128,0.001059767176138933,False,0.06458811623300426,0.0645918771624565,0.0645918771624565,0.0,0.0,0.0
5.499466,baseline_01_hover,Roll,pulse,0.05492,0,0.0652172341942787,0.0652172341942787,0.0666389387374132,-0.0014217045431344,0.0014217045431344,0.006865,0,0.0,0.0019161301173385,0,0,0,W10_N3_mean1x,10,3,1.0,1001,Roll_hybrid_prediction,/home/tchowdh4/sensor_recovery_project/logs/extracted_csv/baseline_01_hover_ATT.csv,/home/tchowdh4/sensor_recovery_project/prediction_results_v9_trained_hybrid/baseline_01_hover_ATT_trained_hybrid_prediction_outputs.csv,0.0645370632410049,0.0666389387374132,0.0675747489884061,0.0652172341942787,0.0658425912261009,/home/tchowdh4/sensor_recovery_project/prediction_results_v9_trained_hybrid/baseline_01_hover_ATT_trained_hybrid_prediction_outputs.csv,0.9980844787272753,0.0009576053858649374,0.0009579158868596894,False,0.06522009134041526,0.0652172341942787,0.0652172341942787,0.0,0.0,0.0
5.599426,baseline_01_hover,Roll,pulse,0.05492,0,0.0645370632410049,0.0645370632410049,0.064771158067988,-0.000234094826983,0.000234094826983,0.006865,0,0.0,0.0018667901418506,0,0,0,W10_N3_mean1x,10,3,1.0,1001,Roll_hybrid_prediction,/home/tchowdh4/sensor_recovery_project/logs/extracted_csv/baseline_01_hover_ATT.csv,/home/tchowdh4/sensor_recovery_project/prediction_results_v9_trained_hybrid/baseline_01_hover_ATT_trained_hybrid_prediction_outputs.csv,0.0629908591508865,0.064771158067988,0.0652100250912556,0.0645370632410049,0.0638568922877311,/home/tchowdh4/sensor_recovery_project/prediction_results_v9_trained_hybrid/baseline_01_hover_ATT_trained_hybrid_prediction_outputs.csv,0.9982686813781141,0.0008651049735220289,0.0008662136483638962,False,0.06453705775046989,0.0645370632410049,0.0645370632410049,0.0,0.0,0.0
5.699386,baseline_01_hover,Roll,pulse,0.05492,0,0.0629908591508865,0.0629908591508865,0.0628598777257396,0.0001309814251468,0.0001309814251468,0.006865,0,0.0,0.0017474592096835,0,0,0,W10_N3_mean1x,10,3,1.0,1001,Roll_hybrid_prediction,/home/tchowdh4/sensor_recovery_project/logs/extracted_csv/baseline_01_hover_ATT.csv,/home/tchowdh4/sensor_recovery_project/prediction_results_v9_trained_hybrid/baseline_01_hover_ATT_trained_hybrid_prediction_outputs.csv,0.0630013644695282,0.0628598777257396,0.0633149671379352,0.0629908591508865,0.061444655060768,/home/tchowdh4/sensor_recovery_project/prediction_results_v9_trained_hybrid/baseline_01_hover_ATT_trained_hybrid_prediction_outputs.csv,0.9984341785985809,0.0007818930252767722,0.0007839283761423996,False,0.06298990426214077,0.0629908591508865,0.0629908591508865,0.0,0.0,0.0
5.799346,baseline_01_hover,Roll,pulse,0.05492,0,0.0630013644695282,0.0630013644695282,0.0641657115284439,-0.0011643470589157,0.0011643470589157,0.006865,0,0.0,0.0018257008733352,0,0,0,W10_N3_mean1x,10,3,1.0,1001,Roll_hybrid_prediction,/home/tchowdh4/sensor_recovery_project/logs/extracted_csv/baseline_01_hover_ATT.csv,/home/tchowdh4/sensor_recovery_project/prediction_results_v9_trained_hybrid/baseline_01_hover_ATT_trained_hybrid_prediction_outputs.csv,0.0599454194307327,0.0641657115284439,0.0651145390062326,0.0630013644695282,0.0630118697881699,/home/tchowdh4/sensor_recovery_project/prediction_results_v9_trained_hybrid/baseline_01_hover_ATT_trained_hybrid_prediction_outputs.csv,0.9985831090343399,0.0007073331130711686,0.0007095578525889833,False,0.06300287131987434,0.0630013644695282,0.0630013644695282,0.0,0.0,0.0
5.899306,baseline_01_hover,Roll,pulse,0.05492,0,0.0599454194307327,0.0599454194307327,0.0583567492054559,0.0015886702252767,0.0015886702252767,0.006865,0,0.0,0.0019744713820923,0,0,0,W10_N3_mean1x,10,3,1.0,1001,Roll_hybrid_prediction,/home/tchowdh4/sensor_recovery_project/logs/extracted_csv/baseline_01_hover_ATT.csv,/home/tchowdh4/sensor_recovery_project/prediction_results_v9_trained_hybrid/baseline_01_hover_ATT_trained_hybrid_prediction_outputs.csv,0.0631280317902565,0.0583567492054559,0.0581681808534279,0.0599454194307327,0.0568894743919372,/home/tchowdh4/sensor_recovery_project/prediction_results_v9_trained_hybrid/baseline_01_hover_ATT_trained_hybrid_prediction_outputs.csv,0.9987177228850689,0.0006399206227665723,0.0006423564921646403,False,0.05994232224774208,0.0599454194307327,0.0599454194307327,0.0,0.0,0.0
6.000099,baseline_01_hover,Roll,pulse,0.05492,0,0.0631280317902565,0.0631280317902565,0.0656486750532804,-0.0025206432630238,0.0025206432630238,0.006865,0,0.0,0.0016649253020198,0,0,0,W10_N3_mean1x,10,3,1.0,1001,Roll_hybrid_prediction,/home/tchowdh4/sensor_recovery_project/logs/extracted_csv/baseline_01_hover_ATT.csv,/home/tchowdh4/sensor_recovery_project/prediction_results_v9_trained_hybrid/baseline_01_hover_ATT_trained_hybrid_prediction_outputs.csv,0.0683668628334999,0.0656486750532804,0.0665537059559277,0.0631280317902565,0.0663106441497803,/home/tchowdh4/sensor_recovery_project/prediction_results_v9_trained_hybrid/baseline_01_hover_ATT_trained_hybrid_prediction_outputs.csv,0.9988377140223035,0.0005796665307814498,0.0005826194469149963,False,0.06313187250850946,0.0631280317902565,0.0631280317902565,0.0,0.0,0.0
6.100059,baseline_01_hover,Roll,pulse,0.05492,0,0.0683668628334999,0.0683668628334999,0.0703007113295773,-0.0019338484960774,0.0019338484960774,0.006865,0,0.0,0.0014526312406384,0,0,0,W10_N3_mean1x,10,3,1.0,1001,Roll_hybrid_prediction,/home/tchowdh4/sensor_recovery_project/logs/extracted_csv/baseline_01_hover_ATT.csv,/home/tchowdh4/sensor_recovery_project/prediction_results_v9_trained_hybrid/baseline_01_hover_ATT_trained_hybrid_prediction_outputs.csv,0.0694736465811729,0.0703007113295773,0.0699779215379157,0.0683668628334999,0.0736056938767432,/home/tchowdh4/sensor_recovery_project/prediction_results_v9_trained_hybrid/baseline_01_hover_ATT_trained_hybrid_prediction_outputs.csv,0.9989446148906002,0.0005258630800642943,0.0005295220293355116,False,0.06837047083240277,0.0683668628334999,0.0683668628334999,0.0,0.0,0.0
6.200019,baseline_01_hover,Roll,pulse,0.05492,0,0.0694736465811729,0.0694736465811729,0.0707871560019152,-0.0013135094207422,0.0013135094207422,0.006865,0,0.0,0.0015103181940302,0,0,0,W10_N3_mean1x,10,3,1.0,1001,Roll_hybrid_prediction,/home/tchowdh4/sensor_recovery_project/logs/extracted_csv/baseline_01_hover_ATT.csv,/home/tchowdh4/sensor_recovery_project/prediction_results_v9_trained_hybrid/baseline_01_hover_ATT_trained_hybrid_prediction_outputs.csv,0.0749271064996719,0.0707871560019152,0.0714593787106414,0.0694736465811729,0.0705804303288459,/home/tchowdh4/sensor_recovery_project/prediction_results_v9_trained_hybrid/baseline_01_hover_ATT_trained_hybrid_prediction_outputs.csv,0.9990405789809002,0.0004781071974118898,0.00048131382168789576,False,0.06947513150276874,0.0694736465811729,0.0694736465811729,0.0,0.0,0.0
6.299979,baseline_01_hover,Roll,pulse,0.05492,0,0.0749271064996719,0.0749271064996719,0.0813686471943062,-0.0064415406946343,0.0064415406946343,0.006865,0,0.0,0.0018012757599893,0,0,0,W10_N3_mean1x,10,3,1.0,1001,Roll_hybrid_prediction,/home/tchowdh4/sensor_recovery_project/logs/extracted_csv/baseline_01_hover_ATT.csv,/home/tchowdh4/sensor_recovery_project/prediction_results_v9_trained_hybrid/baseline_01_hover_ATT_trained_hybrid_prediction_outputs.csv,0.0785357505083084,0.0813686471943062,0.0846559223377346,0.0749271064996719,0.0803805664181708,/home/tchowdh4/sensor_recovery_project/prediction_results_v9_trained_hybrid/baseline_01_hover_ATT_trained_hybrid_prediction_outputs.csv,0.9991282390599464,0.00043466951963438505,0.00043709142041930177,False,0.07493372933440867,0.0749271064996719,0.0749271064996719,0.0,0.0,0.0
6.399939,baseline_01_hover,Roll,pulse,0.05492,0,0.0785357505083084,0.0785357505083084,0.0813271214892946,-0.0027913709809861,0.0027913709809861,0.006865,0,0.0,0.0019540710934921,0,0,0,W10_N3_mean1x,10,3,1.0,1001,Roll_hybrid_prediction,/home/tchowdh4/sensor_recovery_project/logs/extracted_csv/baseline_01_hover_ATT.csv,/home/tchowdh4/sensor_recovery_project/prediction_results_v9_trained_hybrid/baseline_01_hover_ATT_trained_hybrid_prediction_outputs.csv,0.0759914517402648,0.0813271214892946,0.0822987362887791,0.0785357505083084,0.0821443945169449,/home/tchowdh4/sensor_recovery_project/prediction_results_v9_trained_hybrid/baseline_01_hover_ATT_trained_hybrid_prediction_outputs.csv,0.9992077334245727,0.0003952823025962806,0.00039698427283107015,False,0.07853867078759512,0.0785357505083084,0.0785357505083084,0.0,0.0,0.0
6.499899,baseline_01_hover,Roll,pulse,0.05492,0,0.0759914517402648,0.0759914517402648,0.0730891495241045,0.0029023022161602,0.0029023022161602,0.006865,0,0.0,0.0021021308607946,0,0,0,W10_N3_mean1x,10,3,1.0,1001,Roll_hybrid_prediction,/home/tchowdh4/sensor_recovery_project/logs/extracted_csv/baseline_01_hover_ATT.csv,/home/tchowdh4/sensor_recovery_project/prediction_results_v9_trained_hybrid/baseline_01_hover_ATT_trained_hybrid_prediction_outputs.csv,0.0750044509768486,0.0730891495241045,0.0716397381719893,0.0759914517402648,0.0734471529722212,/home/tchowdh4/sensor_recovery_project/prediction_results_v9_trained_hybrid/baseline_01_hover_ATT_trained_hybrid_prediction_outputs.csv,0.9992798159517804,0.0003595376024346935,0.00036064644578487554,False,0.07598896753915438,0.0759914517402648,0.0759914517402648,0.0,0.0,0.0
6.599859,baseline_01_hover,Roll,pulse,0.05492,0,0.0750044509768486,0.0750044509768486,0.0740317199483178,0.0009727310285308,0.0009727310285308,0.006865,0,0.0,0.0021759944809494,0,0,0,W10_N3_mean1x,10,3,1.0,1001,Roll_hybrid_prediction,/home/tchowdh4/sensor_recovery_project/logs/extracted_csv/baseline_01_hover_ATT.csv,/home/tchowdh4/sensor_recovery_project/prediction_results_v9_trained_hybrid/baseline_01_hover_ATT_trained_hybrid_prediction_outputs.csv,0.0797870233654975,0.0740317199483178,0.0735947584753077,0.0750044509768486,0.0740174502134324,/home/tchowdh4/sensor_recovery_project/prediction_results_v9_trained_hybrid/baseline_01_hover_ATT_trained_hybrid_prediction_outputs.csv,0.9993448148386204,0.00032732395493998903,0.0003278612064397185,False,0.07500366572437092,0.0750044509768486,0.0750044509768486,0.0,0.0,0.0
6.699819,baseline_01_hover,Roll,pulse,0.05492,0,0.0797870233654975,0.0797870233654975,0.0825897666099647,-0.0028027432444671,0.0028027432444671,0.006865,0,0.0,0.0024431706628814,0,0,0,W10_N3_mean1x,10,3,1.0,1001,Roll_hybrid_prediction,/home/tchowdh4/sensor_recovery_project/logs/extracted_csv/baseline_01_hover_ATT.csv,/home/tchowdh4/sensor_recovery_project/prediction_results_v9_trained_hybrid/baseline_01_hover_ATT_trained_hybrid_prediction_outputs.csv,0.0765672698616981,0.0825897666099647,0.0831438029413837,0.0797870233654975,0.0845695957541464,/home/tchowdh4/sensor_recovery_project/prediction_results_v9_trained_hybrid/baseline_01_hover_ATT_trained_hybrid_prediction_outputs.csv,0.9994040143185706,0.00029792783455163843,0.0002980578468776482,False,0.07978944874142567,0.0797870233654975,0.0797870233654975,0.0,0.0,0.0
6.799779,baseline_01_hover,Roll,pulse,0.05492,0,0.0765672698616981,0.0765672698616981,0.0744586961867505,0.0021085736749476,0.0021085736749476,0.006865,0,0.0,0.0025375933244846,0,0,0,W10_N3_mean1x,10,3,1.0,1001,Roll_hybrid_prediction,/home/tchowdh4/sensor_recovery_project/logs/extracted_csv/baseline_01_hover_ATT.csv,/home/tchowdh4/sensor_recovery_project/prediction_results_v9_trained_hybrid/baseline_01_hover_ATT_trained_hybrid_prediction_outputs.csv,0.0793609768152237,0.0744586961867505,0.0739043189995386,0.0765672698616981,0.0733475163578986,/home/tchowdh4/sensor_recovery_project/prediction_results_v9_trained_hybrid/baseline_01_hover_ATT_trained_hybrid_prediction_outputs.csv,0.9994576646388169,0.0002711486537145565,0.0002711867074685696,False,0.0765656746729938,0.0765672698616981,0.0765672698616981,0.0,0.0,0.0
6.899739,baseline_01_hover,Roll,pulse,0.05492,0,0.0793609768152237,0.0793609768152237,0.0845644352864702,-0.0052034584712465,0.0052034584712465,0.006865,0,0.0,0.0028990721490816,0,0,0,W10_N3_mean1x,10,3,1.0,1001,Roll_hybrid_prediction,/home/tchowdh4/sensor_recovery_project/logs/extracted_csv/baseline_01_hover_ATT.csv,/home/tchowdh4/sensor_recovery_project/prediction_results_v9_trained_hybrid/baseline_01_hover_ATT_trained_hybrid_prediction_outputs.csv,0.0818850696086883,0.0845644352864702,0.0878059169616627,0.0793609768152237,0.0821546837687492,/home/tchowdh4/sensor_recovery_project/prediction_results_v9_trained_hybrid/baseline_01_hover_ATT_trained_hybrid_prediction_outputs.csv,0.9995064061770131,0.00024707141191304753,0.0002465224110739163,False,0.07936374892735144,0.0793609768152237,0.0793609768152237,0.0,0.0,0.0
6.999699,baseline_01_hover,Roll,pulse,0.05492,0,0.0818850696086883,0.0818850696086883,0.0839759950180694,-0.0020909254093811,0.0020909254093811,0.006865,0,0.0,0.0028561003637173,0,0,0,W10_N3_mean1x,10,3,1.0,1001,Roll_hybrid_prediction,/home/tchowdh4/sensor_recovery_project/logs/extracted_csv/baseline_01_hover_ATT.csv,/home/tchowdh4/sensor_recovery_project/prediction_results_v9_trained_hybrid/baseline_01_hover_ATT_trained_hybrid_prediction_outputs.csv,0.0810229778289794,0.0839759950180694,0.0847689002463033,0.0818850696086883,0.0844091624021529,/home/tchowdh4/sensor_recovery_project/prediction_results_v9_trained_hybrid/baseline_01_hover_ATT_trained_hybrid_prediction_outputs.csv,0.9995501784781538,0.00022546389771854278,0.00022435762412776545,False,0.08188628570987797,0.0818850696086883,0.0818850696086883,0.0,0.0,0.0
7.099659,baseline_01_hover,Roll,pulse,0.05492,0,0.0810229778289794,0.0810229778289794,0.0818901484411339,-0.0008671706121545,0.0008671706121545,0.006865,0,0.0,0.002749432575325,0,0,0,W10_N3_mean1x,10,3,1.0,1001,Roll_hybrid_prediction,/home/tchowdh4/sensor_recovery_project/logs/extracted_csv/baseline_01_hover_ATT.csv,/home/tchowdh4/sensor_recovery_project/prediction_results_v9_trained_hybrid/baseline_01_hover_ATT_trained_hybrid_prediction_outputs.csv,0.0842268317937851,0.0818901484411339,0.0829131395891544,0.0810229778289794,0.0801608860492704,/home/tchowdh4/sensor_recovery_project/prediction_results_v9_trained_hybrid/baseline_01_hover_ATT_trained_hybrid_prediction_outputs.csv,0.9995891041935467,0.00020650365335850323,0.00020439215309478375,False,0.08102318613810922,0.0810229778289794,0.0810229778289794,0.0,0.0,0.0
7.199619,baseline_01_hover,Roll,pulse,0.05492,0,0.0842268317937851,0.0842268317937851,0.0855178712583271,-0.001291039464542,0.001291039464542,0.006865,0,0.0,0.002747185579705,0,0,0,W10_N3_mean1x,10,3,1.0,1001,Roll_hybrid_prediction,/home/tchowdh4/sensor_recovery_project/logs/extracted_csv/baseline_01_hover_ATT.csv,/home/tchowdh4/sensor_recovery_project/prediction_results_v9_trained_hybrid/baseline_01_hover_ATT_trained_hybrid_prediction_outputs.csv,0.0887329801917076,0.0855178712583271,0.0854091384693867,0.0842268317937851,0.0874306857585908,/home/tchowdh4/sensor_recovery_project/prediction_results_v9_trained_hybrid/baseline_01_hover_ATT_trained_hybrid_prediction_outputs.csv,0.9996243381452633,0.00018918859691606507,0.00018647325782063806,False,0.08422765839499897,0.0842268317937851,0.0842268317937851,0.0,0.0,0.0
7.299579,baseline_01_hover,Roll,pulse,0.05492,0,0.0887329801917076,0.0887329801917076,0.09178565283477,-0.0030526726430624,0.0030526726430624,0.006865,0,0.0,0.0024082987745478,0,0,0,W10_N3_mean1x,10,3,1.0,1001,Roll_hybrid_prediction,/home/tchowdh4/sensor_recovery_project/logs/extracted_csv/baseline_01_hover_ATT.csv,/home/tchowdh4/sensor_recovery_project/prediction_results_v9_trained_hybrid/baseline_01_hover_ATT_trained_hybrid_prediction_outputs.csv,0.0871867313981056,0.09178565283477,0.0926446946707584,0.0887329801917076,0.0932391285896301,/home/tchowdh4/sensor_recovery_project/prediction_results_v9_trained_hybrid/baseline_01_hover_ATT_trained_hybrid_prediction_outputs.csv,0.9996555068978913,0.00017371385392156953,0.00017077924818698488,False,0.08873443101176998,0.0887329801917076,0.0887329801917076,0.0,0.0,0.0
7.399539,baseline_01_hover,Roll,pulse,0.05492,0,0.0871867313981056,0.0871867313981056,0.0875796134195724,-0.0003928820214668,0.0003928820214668,0.006865,0,0.0,0.0021684498785959,0,0,0,W10_N3_mean1x,10,3,1.0,1001,Roll_hybrid_prediction,/home/tchowdh4/sensor_recovery_project/logs/extracted_csv/baseline_01_hover_ATT.csv,/home/tchowdh4/sensor_recovery_project/prediction_results_v9_trained_hybrid/baseline_01_hover_ATT_trained_hybrid_prediction_outputs.csv,0.0888397544622421,0.0875796134195724,0.0884633346348097,0.0871867313981056,0.0856404826045035,/home/tchowdh4/sensor_recovery_project/prediction_results_v9_trained_hybrid/baseline_01_hover_ATT_trained_hybrid_prediction_outputs.csv,0.9996830613786799,0.00016004993080019815,0.0001568886905198503,False,0.0871866842057033,0.0871867313981056,0.0871867313981056,0.0,0.0,0.0
7.499499,baseline_01_hover,Roll,pulse,0.05492,0,0.0888397544622421,0.0888397544622421,0.0911851117026986,-0.0023453572404565,0.0023453572404565,0.006865,0,0.0,0.0021127553810255,0,0,0,W10_N3_mean1x,10,3,1.0,1001,Roll_hybrid_prediction,/home/tchowdh4/sensor_recovery_project/logs/extracted_csv/baseline_01_hover_ATT.csv,/home/tchowdh4/sensor_recovery_project/prediction_results_v9_trained_hybrid/baseline_01_hover_ATT_trained_hybrid_prediction_outputs.csv,0.092961810529232,0.0911851117026986,0.0925029410579316,0.0888397544622421,0.0904927775263786,/home/tchowdh4/sensor_recovery_project/prediction_results_v9_trained_hybrid/baseline_01_hover_ATT_trained_hybrid_prediction_outputs.csv,0.9997076621974623,0.00014787909620038827,0.00014445870633724827,False,0.08884052808899551,0.0888397544622421,0.0888397544622421,0.0,0.0,0.0
7.599459,baseline_01_hover,Roll,pulse,0.05492,0,0.092961810529232,0.092961810529232,0.0956883849249955,-0.0027265743957635,0.0027265743957635,0.006865,0,0.0,0.0022881397177488,0,0,0,W10_N3_mean1x,10,3,1.0,1001,Roll_hybrid_prediction,/home/tchowdh4/sensor_recovery_project/logs/extracted_csv/baseline_01_hover_ATT.csv,/home/tchowdh4/sensor_recovery_project/prediction_results_v9_trained_hybrid/baseline_01_hover_ATT_trained_hybrid_prediction_outputs.csv,0.0900100171566009,0.0956883849249955,0.0964202890426238,0.092961810529232,0.0970838665962219,/home/tchowdh4/sensor_recovery_project/prediction_results_v9_trained_hybrid/baseline_01_hover_ATT_trained_hybrid_prediction_outputs.csv,0.9997304183264584,0.0001365139170416579,0.00013306775650000067,False,0.09296283345922865,0.092961810529232,0.092961810529232,0.0,0.0,0.0
7.699419,baseline_01_hover,Roll,pulse,0.05492,0,0.0900100171566009,0.0900100171566009,0.0872670556334487,0.0027429615231521,0.0027429615231521,0.006865,0,0.0,0.0022821615456173,0,0,0,W10_N3_mean1x,10,3,1.0,1001,Roll_hybrid_prediction,/home/tchowdh4/sensor_recovery_project/logs/extracted_csv/baseline_01_hover_ATT.csv,/home/tchowdh4/sensor_recovery_project/prediction_results_v9_trained_hybrid/baseline_01_hover_ATT_trained_hybrid_prediction_outputs.csv,0.088124893605709,0.0872670556334487,0.0860961937954628,0.0900100171566009,0.0870582237839698,/home/tchowdh4/sensor_recovery_project/prediction_results_v9_trained_hybrid/baseline_01_hover_ATT_trained_hybrid_prediction_outputs.csv,0.9997507211428267,0.00012651408059925518,0.00012276477657409226,False,0.09000916323352576,0.0900100171566009,0.0900100171566009,0.0,0.0,0.0
7.799379,baseline_01_hover,Roll,pulse,0.05492,0,0.088124893605709,0.088124893605709,0.0868236203346449,0.0013012732710641,0.0013012732710641,0.006865,0,0.0,0.0022014315052289,0,0,0,W10_N3_mean1x,10,3,1.0,1001,Roll_hybrid_prediction,/home/tchowdh4/sensor_recovery_project/logs/extracted_csv/baseline_01_hover_ATT.csv,/home/tchowdh4/sensor_recovery_project/prediction_results_v9_trained_hybrid/baseline_01_hover_ATT_trained_hybrid_prediction_outputs.csv,0.085100382566452,0.0868236203346449,0.0864444416768259,0.088124893605709,0.0862397700548171,/home/tchowdh4/sensor_recovery_project/prediction_results_v9_trained_hybrid/baseline_01_hover_ATT_trained_hybrid_prediction_outputs.csv,0.9997687152582508,0.00011770130487326828,0.00011358343687589295,False,0.08812448085270164,0.088124893605709,0.088124893605709,0.0,0.0,0.0
7.899339,baseline_01_hover,Roll,pulse,0.05492,0,0.085100382566452,0.085100382566452,0.0829368401122211,0.0021635424542308,0.0021635424542308,0.006865,0,0.0,0.0018974399035274,0,0,0,W10_N3_mean1x,10,3,1.0,1001,Roll_hybrid_prediction,/home/tchowdh4/sensor_recovery_project/logs/extracted_csv/baseline_01_hover_ATT.csv,/home/tchowdh4/sensor_recovery_project/prediction_results_v9_trained_hybrid/baseline_01_hover_ATT_trained_hybrid_prediction_outputs.csv,0.0885235220193862,0.0829368401122211,0.0822664912093985,0.085100382566452,0.0820758715271949,/home/tchowdh4/sensor_recovery_project/prediction_results_v9_trained_hybrid/baseline_01_hover_ATT_trained_hybrid_prediction_outputs.csv,0.999784293162351,0.00010973607038978097,0.00010597076725930632,False,0.08509975035885427,0.085100382566452,0.085100382566452,0.0,0.0,0.0
7.999299,baseline_01_hover,Roll,pulse,0.05492,0,0.0885235220193862,0.0885235220193862,0.0883343502608569,0.0001891717585292,0.0001891717585292,0.006865,0,0.0,0.0017072645384422,0,0,0,W10_N3_mean1x,10,3,1.0,1001,Roll_hybrid_prediction,/home/tchowdh4/sensor_recovery_project/logs/extracted_csv/baseline_01_hover_ATT.csv,/home/tchowdh4/sensor_recovery_project/prediction_results_v9_trained_hybrid/baseline_01_hover_ATT_trained_hybrid_prediction_outputs.csv,0.090199589729309,0.0883343502608569,0.0869347953846296,0.0885235220193862,0.0919466614723203,/home/tchowdh4/sensor_recovery_project/prediction_results_v9_trained_hybrid/baseline_01_hover_ATT_trained_hybrid_prediction_outputs.csv,0.9997982481590197,0.00010244149580253877,9.931034517779659e-05,False,0.08852371491392161,0.0885235220193862,0.0885235220193862,0.0,0.0,0.0
8.100092,baseline_01_hover,Roll,pulse,0.05492,0,0.090199589729309,0.090199589729309,0.0874506286984398,0.0027489610308692,0.0027489610308692,0.006865,0,0.0,0.0018954435803136,0,0,0,W10_N3_mean1x,10,3,1.0,1001,Roll_hybrid_prediction,/home/tchowdh4/sensor_recovery_project/logs/extracted_csv/baseline_01_hover_ATT.csv,/home/tchowdh4/sensor_recovery_project/prediction_results_v9_trained_hybrid/baseline_01_hover_ATT_trained_hybrid_prediction_outputs.csv,0.0909436792135238,0.0874506286984398,0.0845919995968477,0.090199589729309,0.0918756574392318,/home/tchowdh4/sensor_recovery_project/prediction_results_v9_trained_hybrid/baseline_01_hover_ATT_trained_hybrid_prediction_outputs.csv,0.9998114171793597,9.576942200491957e-05,9.28133986353942e-05,False,0.09019922978584648,0.090199589729309,0.090199589729309,0.0,0.0,0.0
8.200052,baseline_01_hover,Roll,pulse,0.05492,0,0.0909436792135238,0.0909436792135238,0.0852871279648198,0.0056565512487039,0.0056565512487039,0.006865,0,0.0,0.0023319947587298,0,0,0,W10_N3_mean1x,10,3,1.0,1001,Roll_hybrid_prediction,/home/tchowdh4/sensor_recovery_project/logs/extracted_csv/baseline_01_hover_ATT.csv,/home/tchowdh4/sensor_recovery_project/prediction_results_v9_trained_hybrid/baseline_01_hover_ATT_trained_hybrid_prediction_outputs.csv,0.0910317823290824,0.0852871279648198,0.0803884625852567,0.0909436792135238,0.0916877686977385,/home/tchowdh4/sensor_recovery_project/prediction_results_v9_trained_hybrid/baseline_01_hover_ATT_trained_hybrid_prediction_outputs.csv,0.9998237613850586,9.010869407728624e-05,8.61299208640427e-05,False,0.09094283714248258,0.0909436792135238,0.0909436792135238,0.0,0.0,0.0
8.300012,baseline_01_hover,Roll,pulse,0.05492,0,0.0910317823290824,0.0910317823290824,0.0844586706697705,0.0065731116593119,0.0065731116593119,0.006865,0,0.0,0.0026840386603548,0,0,0,W10_N3_mean1x,10,3,1.0,1001,Roll_hybrid_prediction,/home/tchowdh4/sensor_recovery_project/logs/extracted_csv/baseline_01_hover_ATT.csv,/home/tchowdh4/sensor_recovery_project/prediction_results_v9_trained_hybrid/baseline_01_hover_ATT_trained_hybrid_prediction_outputs.csv,0.091268666088581,0.0844586706697705,0.0790486327246758,0.0910317823290824,0.091119885444641,/home/tchowdh4/sensor_recovery_project/prediction_results_v9_trained_hybrid/baseline_01_hover_ATT_trained_hybrid_prediction_outputs.csv,0.9998345021169549,8.583343346767438e-05,7.966444957740032e-05,False,0.09103083526025786,0.0910317823290824,0.0910317823290824,0.0,0.0,0.0
8.399972,baseline_01_hover,Roll,pulse,0.05492,0,0.091268666088581,0.091268666088581,0.0860320509239882,0.0052366151645927,0.0052366151645927,0.006865,0,0.0,0.0031684119746674,0,0,0,W10_N3_mean1x,10,3,1.0,1001,Roll_hybrid_prediction,/home/tchowdh4/sensor_recovery_project/logs/extracted_csv/baseline_01_hover_ATT.csv,/home/tchowdh4/sensor_recovery_project/prediction_results_v9_trained_hybrid/baseline_01_hover_ATT_trained_hybrid_prediction_outputs.csv,0.0910189375281333,0.0860320509239882,0.0816614080585947,0.091268666088581,0.0915055498480796,/home/tchowdh4/sensor_recovery_project/prediction_results_v9_trained_hybrid/baseline_01_hover_ATT_trained_hybrid_prediction_outputs.csv,0.999844181615422,8.229877167311953e-05,7.35196129049609e-05,False,0.091267979261932,0.091268666088581,0.091268666088581,0.0,0.0,0.0
8.499932,baseline_01_hover,Roll,pulse,0.05492,0,0.0910189375281333,0.0910189375281333,0.0861884986577308,0.0048304388704024,0.0048304388704024,0.006865,0,0.0,0.003416920137662,0,0,0,W10_N3_mean1x,10,3,1.0,1001,Roll_hybrid_prediction,/home/tchowdh4/sensor_recovery_project/logs/extracted_csv/baseline_01_hover_ATT.csv,/home/tchowdh4/sensor_recovery_project/prediction_results_v9_trained_hybrid/baseline_01_hover_ATT_trained_hybrid_prediction_outputs.csv,0.0908994227647781,0.0861884986577308,0.0823271317857461,0.0910189375281333,0.0907692089676855,/home/tchowdh4/sensor_recovery_project/prediction_results_v9_trained_hybrid/baseline_01_hover_ATT_trained_hybrid_prediction_outputs.csv,0.9998526610598315,7.950255399392801e-05,6.783638617453985e-05,False,0.09101832805338403,0.0910189375281333,0.0910189375281333,0.0,0.0,0.0
8.599892,baseline_01_hover,Roll,pulse,0.05492,0,0.0908994227647781,0.0908994227647781,0.086102855742137,0.004796567022641,0.004796567022641,0.006865,0,0.0,0.0036239194003497,0,0,0,W10_N3_mean1x,10,3,1.0,1001,Roll_hybrid_prediction,/home/tchowdh4/sensor_recovery_project/logs/extracted_csv/baseline_01_hover_ATT.csv,/home/tchowdh4/sensor_recovery_project/prediction_results_v9_trained_hybrid/baseline_01_hover_ATT_trained_hybrid_prediction_outputs.csv,0.090700663626194,0.086102855742137,0.082221851728469,0.0908994227647781,0.0907799080014229,/home/tchowdh4/sensor_recovery_project/prediction_results_v9_trained_hybrid/baseline_01_hover_ATT_trained_hybrid_prediction_outputs.csv,0.9998589160629535,7.849617601897065e-05,6.258776102750585e-05,False,0.09089887027358387,0.0908994227647781,0.0908994227647781,0.0,0.0,0.0
8.699852,baseline_01_hover,Roll,pulse,0.05492,0,0.090700663626194,0.090700663626194,0.0851883748470075,0.0055122887791864,0.0055122887791864,0.006865,0,0.0,0.0039008521259532,0,0,0,W10_N3_mean1x,10,3,1.0,1001,Roll_hybrid_prediction,/home/tchowdh4/sensor_recovery_project/logs/extracted_csv/baseline_01_hover_ATT.csv,/home/tchowdh4/sensor_recovery_project/prediction_results_v9_trained_hybrid/baseline_01_hover_ATT_trained_hybrid_prediction_outputs.csv,0.0906601101160049,0.0851883748470075,0.0807505964417036,0.090700663626194,0.0905019044876099,/home/tchowdh4/sensor_recovery_project/prediction_results_v9_trained_hybrid/baseline_01_hover_ATT_trained_hybrid_prediction_outputs.csv,0.9998630345406511,7.923166118677028e-05,5.773379816219502e-05,False,0.09070007342300675,0.090700663626194,0.090700663626194,0.0,0.0,0.0
8.799812,baseline_01_hover,Roll,pulse,0.05492,0,0.0906601101160049,0.0906601101160049,0.0847176182669545,0.0059424918490504,0.0059424918490504,0.006865,0,0.0,0.0043649739837518,0,0,0,W10_N3_mean1x,10,3,1.0,1001,Roll_hybrid_prediction,/home/tchowdh4/sensor_recovery_project/logs/extracted_csv/baseline_01_hover_ATT.csv,/home/tchowdh4/sensor_recovery_project/prediction_results_v9_trained_hybrid/baseline_01_hover_ATT_trained_hybrid_prediction_outputs.csv,0.0903387814760208,0.0847176182669545,0.0798703262123458,0.0906601101160049,0.0906195566058158,/home/tchowdh4/sensor_recovery_project/prediction_results_v9_trained_hybrid/baseline_01_hover_ATT_trained_hybrid_prediction_outputs.csv,0.999865285215815,8.150896216859121e-05,5.320582201646544e-05,False,0.0906595327312084,0.0906601101160049,0.0906601101160049,0.0,0.0,0.0
8.899772,baseline_01_hover,Roll,pulse,0.05492,0,0.0903387814760208,0.0903387814760208,0.0834804177895938,0.006858363686427,0.006858363686427,0.006865,0,0.0,0.0048344561069714,0,0,0,W10_N3_mean1x,10,3,1.0,1001,Roll_hybrid_prediction,/home/tchowdh4/sensor_recovery_project/logs/extracted_csv/baseline_01_hover_ATT.csv,/home/tchowdh4/sensor_recovery_project/prediction_results_v9_trained_hybrid/baseline_01_hover_ATT_trained_hybrid_prediction_outputs.csv,0.0904200449585914,0.0834804177895938,0.077985876097057,0.0903387814760208,0.0900174528360367,/home/tchowdh4/sensor_recovery_project/prediction_results_v9_trained_hybrid/baseline_01_hover_ATT_trained_hybrid_prediction_outputs.csv,0.9998635593239256,8.744208266083501e-05,4.8998593413556026e-05,False,0.09033814810338715,0.0903387814760208,0.0903387814760208,0.0,0.0,0.0
8.999732,baseline_01_hover,Roll,pulse,0.05492,0,0.0904200449585914,0.0904200449585914,0.083139033506415,0.0072810114521764,0.0072810114521764,0.006865,1,1.0,0.0055436400763361,0,0,0,W10_N3_mean1x,10,3,1.0,1001,Roll_hybrid_prediction,/home/tchowdh4/sensor_recovery_project/logs/extracted_csv/baseline_01_hover_ATT.csv,/home/tchowdh4/sensor_recovery_project/prediction_results_v9_trained_hybrid/baseline_01_hover_ATT_trained_hybrid_prediction_outputs.csv,0.0900559723377227,0.083139033506415,0.0771522919609724,0.0904200449585914,0.090501308441162,/home/tchowdh4/sensor_recovery_project/prediction_results_v9_trained_hybrid/baseline_01_hover_ATT_trained_hybrid_prediction_outputs.csv,0.9998635593239256,8.744208266083501e-05,4.8998593413556026e-05,True,0.09041940196320492,0.083139033506415,0.09041940196320492,0.0,-0.007281011452176411,-6.429953864905968e-07
9.099692,baseline_01_hover,Roll,pulse,0.05492,0,0.0900559723377227,0.0900559723377227,0.0825982013233013,0.0074577710144213,0.0074577710144213,0.006865,1,2.0,0.0060145210746914,0,0,0,W10_N3_mean1x,10,3,1.0,1001,Roll_hybrid_prediction,/home/tchowdh4/sensor_recovery_project/logs/extracted_csv/baseline_01_hover_ATT.csv,/home/tchowdh4/sensor_recovery_project/prediction_results_v9_trained_hybrid/baseline_01_hover_ATT_trained_hybrid_prediction_outputs.csv,0.0900342538952827,0.0825982013233013,0.0766287787190907,0.0900559723377227,0.0896918997168539,/home/tchowdh4/sensor_recovery_project/prediction_results_v9_trained_hybrid/baseline_01_hover_ATT_trained_hybrid_prediction_outputs.csv,0.9998635593239256,8.744208266083501e-05,4.8998593413556026e-05,True,0.09005528258885369,0.0825982013233013,0.09005528258885369,0.0,-0.0074577710144213966,-6.897488690066345e-07
9.199652,baseline_01_hover,Roll,pulse,0.05492,0,0.0900342538952827,0.0900342538952827,0.0839413414764684,0.0060929124188143,0.0060929124188143,0.006865,0,2.0,0.0060581571917024,0,0,0,W10_N3_mean1x,10,3,1.0,1001,Roll_hybrid_prediction,/home/tchowdh4/sensor_recovery_project/logs/extracted_csv/baseline_01_hover_ATT.csv,/home/tchowdh4/sensor_recovery_project/prediction_results_v9_trained_hybrid/baseline_01_hover_ATT_trained_hybrid_prediction_outputs.csv,0.0897676199674606,0.0839413414764684,0.0789641289310531,0.0900342538952827,0.0900125354528427,/home/tchowdh4/sensor_recovery_project/prediction_results_v9_trained_hybrid/baseline_01_hover_ATT_trained_hybrid_prediction_outputs.csv,0.999849160577767,0.00010573378405231042,4.510563818071679e-05,False,0.09003375227385836,0.0900342538952827,0.0900342538952827,0.0,0.0,0.0
9.299612,baseline_01_hover,Roll,pulse,0.05492,0,0.0897676199674606,0.0897676199674606,0.0840039661451825,0.0057636538222781,0.0057636538222781,0.006865,0,2.0,0.005977211407999,0,0,0,W10_N3_mean1x,10,3,1.0,1001,Roll_hybrid_prediction,/home/tchowdh4/sensor_recovery_project/logs/extracted_csv/baseline_01_hover_ATT.csv,/home/tchowdh4/sensor_recovery_project/prediction_results_v9_trained_hybrid/baseline_01_hover_ATT_trained_hybrid_prediction_outputs.csv,0.0896740481257438,0.0840039661451825,0.0793852071734358,0.0897676199674606,0.0895009860396385,/home/tchowdh4/sensor_recovery_project/prediction_results_v9_trained_hybrid/baseline_01_hover_ATT_trained_hybrid_prediction_outputs.csv,0.9998196031763604,0.00013884120618154214,4.1555617457944574e-05,False,0.08976715150011008,0.0897676199674606,0.0897676199674606,0.0,0.0,0.0
9.399572,baseline_01_hover,Roll,pulse,0.05492,0,0.0896740481257438,0.0896740481257438,0.0844570557670719,0.0052169923586719,0.0052169923586719,0.006865,0,2.0,0.0059752491274069,0,0,0,W10_N3_mean1x,10,3,1.0,1001,Roll_hybrid_prediction,/home/tchowdh4/sensor_recovery_project/logs/extracted_csv/baseline_01_hover_ATT.csv,/home/tchowdh4/sensor_recovery_project/prediction_results_v9_trained_hybrid/baseline_01_hover_ATT_trained_hybrid_prediction_outputs.csv,0.0894784405827522,0.0844570557670719,0.0802226335978738,0.0896740481257438,0.0895804762840269,/home/tchowdh4/sensor_recovery_project/prediction_results_v9_trained_hybrid/baseline_01_hover_ATT_trained_hybrid_prediction_outputs.csv,0.9997756523596608,0.00018597691210558696,3.837072823366818e-05,False,0.08967366806588335,0.0896740481257438,0.0896740481257438,0.0,0.0,0.0
9.499532,baseline_01_hover,Roll,pulse,0.05492,0,0.0894784405827522,0.0894784405827522,0.0841302511567752,0.005348189425977,0.005348189425977,0.006865,0,2.0,0.0060270241829644,0,0,0,W10_N3_mean1x,10,3,1.0,1001,Roll_hybrid_prediction,/home/tchowdh4/sensor_recovery_project/logs/extracted_csv/baseline_01_hover_ATT.csv,/home/tchowdh4/sensor_recovery_project/prediction_results_v9_trained_hybrid/baseline_01_hover_ATT_trained_hybrid_prediction_outputs.csv,0.0893975496292114,0.0841302511567752,0.0798255898238819,0.0894784405827522,0.0892828330397606,/home/tchowdh4/sensor_recovery_project/prediction_results_v9_trained_hybrid/baseline_01_hover_ATT_trained_hybrid_prediction_outputs.csv,0.9997398305789333,0.00022464257744181365,3.552684362477779e-05,False,0.08947805370565014,0.0894784405827522,0.0894784405827522,0.0,0.0,0.0
9.599492,baseline_01_hover,Roll,pulse,0.05492,0,0.0893975496292114,0.0893975496292114,0.0863960467827349,0.0030015028464765,0.0030015028464765,0.006865,0,2.0,0.0058475177653479,0,0,0,W10_N3_mean1x,10,3,1.0,1001,Roll_hybrid_prediction,/home/tchowdh4/sensor_recovery_project/logs/extracted_csv/baseline_01_hover_ATT.csv,/home/tchowdh4/sensor_recovery_project/prediction_results_v9_trained_hybrid/baseline_01_hover_ATT_trained_hybrid_prediction_outputs.csv,0.0890899300575256,0.0863960467827349,0.0839696866187235,0.0893975496292114,0.0893166586756706,/home/tchowdh4/sensor_recovery_project/prediction_results_v9_trained_hybrid/baseline_01_hover_ATT_trained_hybrid_prediction_outputs.csv,0.999701931077101,0.0002650585960488879,3.301032685015624e-05,False,0.08939734901283675,0.0893975496292114,0.0893975496292114,0.0,0.0,0.0
9.699452,baseline_01_hover,Roll,pulse,0.05492,0,0.0890899300575256,0.0890899300575256,0.0914282050440007,-0.0023382749864751,0.0023382749864751,0.006865,0,2.0,0.0055301163860768,0,0,0,W10_N3_mean1x,10,3,1.0,1001,Roll_hybrid_prediction,/home/tchowdh4/sensor_recovery_project/logs/extracted_csv/baseline_01_hover_ATT.csv,/home/tchowdh4/sensor_recovery_project/prediction_results_v9_trained_hybrid/baseline_01_hover_ATT_trained_hybrid_prediction_outputs.csv,0.0889946669340133,0.0914282050440007,0.0934532007862753,0.0890899300575256,0.0887823104858397,/home/tchowdh4/sensor_recovery_project/prediction_results_v9_trained_hybrid/baseline_01_hover_ATT_trained_hybrid_prediction_outputs.csv,0.9996699814388372,0.0002992243881262275,3.079417303648478e-05,False,0.08908997237356131,0.0890899300575256,0.0890899300575256,0.0,0.0,0.0
9.799412,baseline_01_hover,Roll,pulse,0.05492,0,0.0889946669340133,0.0889946669340133,0.0936368032854094,-0.004642136351396,0.004642136351396,0.006865,0,2.0,0.0054000808363113,0,0,0,W10_N3_mean1x,10,3,1.0,1001,Roll_hybrid_prediction,/home/tchowdh4/sensor_recovery_project/logs/extracted_csv/baseline_01_hover_ATT.csv,/home/tchowdh4/sensor_recovery_project/prediction_results_v9_trained_hybrid/baseline_01_hover_ATT_trained_hybrid_prediction_outputs.csv,0.0888180956244468,0.0936368032854094,0.0974695559814653,0.0889946669340133,0.088899403810501,/home/tchowdh4/sensor_recovery_project/prediction_results_v9_trained_hybrid/baseline_01_hover_ATT_trained_hybrid_prediction_outputs.csv,0.9996403183272756,0.00033087965577568057,2.8802016948744562e-05,False,0.08899487950728176,0.0889946669340133,0.0889946669340133,0.0,0.0,0.0
9.899372,baseline_01_hover,Roll,pulse,0.05492,0,0.0888180956244468,0.0888180956244468,0.0915435293175369,-0.00272543369309,0.00272543369309,0.006865,0,2.0,0.0049867878369776,0,0,0,W10_N3_mean1x,10,3,1.0,1001,Roll_hybrid_prediction,/home/tchowdh4/sensor_recovery_project/logs/extracted_csv/baseline_01_hover_ATT.csv,/home/tchowdh4/sensor_recovery_project/prediction_results_v9_trained_hybrid/baseline_01_hover_ATT_trained_hybrid_prediction_outputs.csv,0.0888732895255088,0.0915435293175369,0.0938376373608167,0.0888180956244468,0.0886415243148803,/home/tchowdh4/sensor_recovery_project/prediction_results_v9_trained_hybrid/baseline_01_hover_ATT_trained_hybrid_prediction_outputs.csv,0.9996127069633534,0.0003602223427783923,2.7070693868294015e-05,False,0.0888181679019937,0.0888180956244468,0.0888180956244468,0.0,0.0,0.0
9.999332,baseline_01_hover,Roll,pulse,0.05492,0,0.0888732895255088,0.0888732895255088,0.0901285956874962,-0.0012553061619874,0.0012553061619874,0.006865,0,1.0,0.0043842173079587,0,0,0,W10_N3_mean1x,10,3,1.0,1001,Roll_hybrid_prediction,/home/tchowdh4/sensor_recovery_project/logs/extracted_csv/baseline_01_hover_ATT.csv,/home/tchowdh4/sensor_recovery_project/prediction_results_v9_trained_hybrid/baseline_01_hover_ATT_trained_hybrid_prediction_outputs.csv,0.0886942893266677,0.0901285956874962,0.0911355938560089,0.0888732895255088,0.0889284834265708,/home/tchowdh4/sensor_recovery_project/prediction_results_v9_trained_hybrid/baseline_01_hover_ATT_trained_hybrid_prediction_outputs.csv,0.9995882973985483,0.00038606522380510596,2.5637377646501502e-05,False,0.08887336883350502,0.0888732895255088,0.0888732895255088,0.0,0.0,0.0
10.099292,baseline_01_hover,Roll,pulse,0.05492,0,0.0886942893266677,0.0886942893266677,0.0885113982382459,0.0001828910884218,0.0001828910884218,0.006865,0,0.0,0.0036567293153588,0,0,0,W10_N3_mean1x,10,3,1.0,1001,Roll_hybrid_prediction,/home/tchowdh4/sensor_recovery_project/logs/extracted_csv/baseline_01_hover_ATT.csv,/home/tchowdh4/sensor_recovery_project/prediction_results_v9_trained_hybrid/baseline_01_hover_ATT_trained_hybrid_prediction_outputs.csv,0.0886462852358818,0.0885113982382459,0.0884268510563886,0.0886942893266677,0.0885152891278266,/home/tchowdh4/sensor_recovery_project/prediction_results_v9_trained_hybrid/baseline_01_hover_ATT_trained_hybrid_prediction_outputs.csv,0.9995601237445491,0.00041529702609425953,2.457922935674054e-05,False,0.08869420841499087,0.0886942893266677,0.0886942893266677,0.0,0.0,0.0
10.200085,baseline_01_hover,Roll,pulse,0.05492,0,0.0886462852358818,0.0886462852358818,0.0884007653557265,0.0002455198801553,0.0002455198801553,0.006865,0,0.0,0.0030719900614929,0,0,0,W10_N3_mean1x,10,3,1.0,1001,Roll_hybrid_prediction,/home/tchowdh4/sensor_recovery_project/logs/extracted_csv/baseline_01_hover_ATT.csv,/home/tchowdh4/sensor_recovery_project/prediction_results_v9_trained_hybrid/baseline_01_hover_ATT_trained_hybrid_prediction_outputs.csv,0.088668867945671,0.0884007653557265,0.0882173414867943,0.0886462852358818,0.0885982811450959,/home/tchowdh4/sensor_recovery_project/prediction_results_v9_trained_hybrid/baseline_01_hover_ATT_trained_hybrid_prediction_outputs.csv,0.9995356686619812,0.000440416956081368,2.391438193752532e-05,False,0.08864625383614162,0.0886462852358818,0.0886462852358818,0.0,0.0,0.0
10.300045,baseline_01_hover,Roll,pulse,0.05492,0,0.088668867945671,0.088668867945671,0.0880817223654276,0.0005871455802433,0.0005871455802433,0.006865,0,0.0,0.0025543392372894,0,0,0,W10_N3_mean1x,10,3,1.0,1001,Roll_hybrid_prediction,/home/tchowdh4/sensor_recovery_project/logs/extracted_csv/baseline_01_hover_ATT.csv,/home/tchowdh4/sensor_recovery_project/prediction_results_v9_trained_hybrid/baseline_01_hover_ATT_trained_hybrid_prediction_outputs.csv,0.0885092616081237,0.0880817223654276,0.0875931186325779,0.088668867945671,0.0886914506554601,/home/tchowdh4/sensor_recovery_project/prediction_results_v9_trained_hybrid/baseline_01_hover_ATT_trained_hybrid_prediction_outputs.csv,0.9995003527805634,0.00047597203703637344,2.367518240018732e-05,False,0.08866885322584817,0.088668867945671,0.088668867945671,0.0,0.0,0.0
10.400005,baseline_01_hover,Roll,pulse,0.05492,0,0.0885092616081237,0.0885092616081237,0.087832410283936,0.0006768513241876,0.0006768513241876,0.006865,0,0.0,0.002100325133841,0,0,0,W10_N3_mean1x,10,3,1.0,1001,Roll_hybrid_prediction,/home/tchowdh4/sensor_recovery_project/logs/extracted_csv/baseline_01_hover_ATT.csv,/home/tchowdh4/sensor_recovery_project/prediction_results_v9_trained_hybrid/baseline_01_hover_ATT_trained_hybrid_prediction_outputs.csv,0.0884846523404121,0.087832410283936,0.0873366615050725,0.0885092616081237,0.0883496552705764,/home/tchowdh4/sensor_recovery_project/prediction_results_v9_trained_hybrid/baseline_01_hover_ATT_trained_hybrid_prediction_outputs.csv,0.9994720765278353,0.0005039963832276649,2.392708893705677e-05,False,0.08850915311019988,0.0885092616081237,0.0885092616081237,0.0,0.0,0.0
10.499965,baseline_01_hover,Roll,pulse,0.05492,0,0.0884846523404121,0.0884846523404121,0.0878159614551173,0.0006686908852947,0.0006686908852947,0.006865,0,0.0,0.0016323752797728,0,0,0,W10_N3_mean1x,10,3,1.0,1001,Roll_hybrid_prediction,/home/tchowdh4/sensor_recovery_project/logs/extracted_csv/baseline_01_hover_ATT.csv,/home/tchowdh4/sensor_recovery_project/prediction_results_v9_trained_hybrid/baseline_01_hover_ATT_trained_hybrid_prediction_outputs.csv,0.0884298682212829,0.0878159614551173,0.0872777995554077,0.0884846523404121,0.0884600430727005,/home/tchowdh4/sensor_recovery_project/prediction_results_v9_trained_hybrid/baseline_01_hover_ATT_trained_hybrid_prediction_outputs.csv,0.9994346526763497,0.0005404490291390056,2.4898294511326257e-05,False,0.08848460899178119,0.0884846523404121,0.0884846523404121,0.0,0.0,0.0
10.599925,baseline_01_hover,Roll,pulse,0.05492,1,0.0884298682212829,0.1433498682212829,0.0876312981937338,0.0557185700275491,0.0557185700275491,0.006865,1,1.0,0.00690408199788,0,1,1,W10_N3_mean1x,10,3,1.0,1001,Roll_hybrid_prediction,/home/tchowdh4/sensor_recovery_project/logs/extracted_csv/baseline_01_hover_ATT.csv,/home/tchowdh4/sensor_recovery_project/prediction_results_v9_trained_hybrid/baseline_01_hover_ATT_trained_hybrid_prediction_outputs.csv,0.0881780162453651,0.0876312981937338,0.0869978442145133,0.0884298682212829,0.0883750841021537,/home/tchowdh4/sensor_recovery_project/prediction_results_v9_trained_hybrid/baseline_01_hover_ATT_trained_hybrid_prediction_outputs.csv,0.9994346526763497,0.0005404490291390056,2.4898294511326257e-05,True,0.08842980295830344,0.0876312981937338,0.08842980295830344,0.05492,-0.0007985700275491003,-6.526297946507498e-08
10.699885,baseline_01_hover,Roll,pulse,0.05492,1,0.0881780162453651,0.1430980162453651,0.0873156121118674,0.0557824041334977,0.0557824041334977,0.006865,1,2.0,0.0122484949125823,0,1,1,W10_N3_mean1x,10,3,1.0,1001,Roll_hybrid_prediction,/home/tchowdh4/sensor_recovery_project/logs/extracted_csv/baseline_01_hover_ATT.csv,/home/tchowdh4/sensor_recovery_project/prediction_results_v9_trained_hybrid/baseline_01_hover_ATT_trained_hybrid_prediction_outputs.csv,0.0876114219427108,0.0873156121118674,0.0867015912666122,0.0881780162453651,0.0879261642694473,/home/tchowdh4/sensor_recovery_project/prediction_results_v9_trained_hybrid/baseline_01_hover_ATT_trained_hybrid_prediction_outputs.csv,0.9994346526763497,0.0005404490291390056,2.4898294511326257e-05,True,0.08817784337174528,0.0873156121118674,0.08817784337174528,0.05492000000000001,-0.0008624041334976962,-1.7287361982198934e-07
10.799845,baseline_01_hover,Roll,pulse,0.05492,1,0.0876114219427108,0.1425314219427108,0.0863695952983912,0.0561618266443195,0.0561618266443195,0.006865,1,3.0,0.0174004639418746,1,1,1,W10_N3_mean1x,10,3,1.0,1001,Roll_hybrid_prediction,/home/tchowdh4/sensor_recovery_project/logs/extracted_csv/baseline_01_hover_ATT.csv,/home/tchowdh4/sensor_recovery_project/prediction_results_v9_trained_hybrid/baseline_01_hover_ATT_trained_hybrid_prediction_outputs.csv,0.0874915495514869,0.0863695952983912,0.0855595896085494,0.0876114219427108,0.0870448276400564,/home/tchowdh4/sensor_recovery_project/prediction_results_v9_trained_hybrid/baseline_01_hover_ATT_trained_hybrid_prediction_outputs.csv,0.9994346526763497,0.0005404490291390056,2.4898294511326257e-05,True,0.08761106464024426,0.0863695952983912,0.08761106464024426,0.05492,-0.001241826644319599,-3.573024665304292e-07
10.899805,baseline_01_hover,Roll,pulse,0.05492,1,0.0874915495514869,0.1424115495514868,0.0866467782382473,0.0557647713132395,0.0557647713132395,0.006865,1,4.0,0.0227043977038896,1,1,1,W10_N3_mean1x,10,3,1.0,1001,Roll_hybrid_prediction,/home/tchowdh4/sensor_recovery_project/logs/extracted_csv/baseline_01_hover_ATT.csv,/home/tchowdh4/sensor_recovery_project/prediction_results_v9_trained_hybrid/baseline_01_hover_ATT_trained_hybrid_prediction_outputs.csv,0.0869130194187164,0.0866467782382473,0.0859991916696781,0.0874915495514869,0.087371677160263,/home/tchowdh4/sensor_recovery_project/prediction_results_v9_trained_hybrid/baseline_01_hover_ATT_trained_hybrid_prediction_outputs.csv,0.9994346526763497,0.0005404490291390056,2.4898294511326257e-05,True,0.08749144760940337,0.0866467782382473,0.08749144760940337,0.0549199999999999,-0.0008447713132395951,-1.0194208352465317e-07
10.999765,baseline_01_hover,Roll,pulse,0.05492,1,0.0869130194187164,0.1418330194187164,0.0858061846802515,0.0560268347384649,0.0560268347384649,0.006865,1,5.0,0.0281815505615373,1,1,1,W10_N3_mean1x,10,3,1.0,1001,Roll_hybrid_prediction,/home/tchowdh4/sensor_recovery_project/logs/extracted_csv/baseline_01_hover_ATT.csv,/home/tchowdh4/sensor_recovery_project/prediction_results_v9_trained_hybrid/baseline_01_hover_ATT_trained_hybrid_prediction_outputs.csv,0.0861709639430046,0.0858061846802515,0.0851109672152422,0.0869130194187164,0.0863344892859459,/home/tchowdh4/sensor_recovery_project/prediction_results_v9_trained_hybrid/baseline_01_hover_ATT_trained_hybrid_prediction_outputs.csv,0.9994346526763497,0.0005404490291390056,2.4898294511326257e-05,True,0.08691266188464133,0.0858061846802515,0.08691266188464133,0.05492,-0.0011068347384649013,-3.575340750683331e-07
11.099725,baseline_01_hover,Roll,pulse,0.05492,1,0.0861709639430046,0.1410909639430045,0.0850460282987536,0.0560449356442509,0.0560449356442509,0.006865,1,6.0,0.0337677550171203,1,1,1,W10_N3_mean1x,10,3,1.0,1001,Roll_hybrid_prediction,/home/tchowdh4/sensor_recovery_project/logs/extracted_csv/baseline_01_hover_ATT.csv,/home/tchowdh4/sensor_recovery_project/prediction_results_v9_trained_hybrid/baseline_01_hover_ATT_trained_hybrid_prediction_outputs.csv,0.0855701118707656,0.0850460282987536,0.0843954647628071,0.0861709639430046,0.0854289084672927,/home/tchowdh4/sensor_recovery_project/prediction_results_v9_trained_hybrid/baseline_01_hover_ATT_trained_hybrid_prediction_outputs.csv,0.9994346526763497,0.0005404490291390056,2.4898294511326257e-05,True,0.08617051869294169,0.0850460282987536,0.08617051869294169,0.0549199999999999,-0.0011249356442509933,-4.452500629026357e-07
11.199685,baseline_01_hover,Roll,pulse,0.05492,1,0.0855701118707656,0.1404901118707656,0.0843641446273901,0.0561259672433755,0.0561259672433755,0.006865,1,7.0,0.0393557997534423,1,1,1,W10_N3_mean1x,10,3,1.0,1001,Roll_hybrid_prediction,/home/tchowdh4/sensor_recovery_project/logs/extracted_csv/baseline_01_hover_ATT.csv,/home/tchowdh4/sensor_recovery_project/prediction_results_v9_trained_hybrid/baseline_01_hover_ATT_trained_hybrid_prediction_outputs.csv,0.0851713865995407,0.0843641446273901,0.0835959358181697,0.0855701118707656,0.0849692597985266,/home/tchowdh4/sensor_recovery_project/prediction_results_v9_trained_hybrid/baseline_01_hover_ATT_trained_hybrid_prediction_outputs.csv,0.9994346526763497,0.0005404490291390056,2.4898294511326257e-05,True,0.08556973798722972,0.0843641446273901,0.08556973798722972,0.05492,-0.0012059672433755025,-3.738835358813031e-07
11.299645,baseline_01_hover,Roll,pulse,0.05492,1,0.0851713865995407,0.1400913865995406,0.0841549820450438,0.0559364045544968,0.0559364045544968,0.006865,1,8.0,0.0448907256508676,1,1,1,W10_N3_mean1x,10,3,1.0,1001,Roll_hybrid_prediction,/home/tchowdh4/sensor_recovery_project/logs/extracted_csv/baseline_01_hover_ATT.csv,/home/tchowdh4/sensor_recovery_project/prediction_results_v9_trained_hybrid/baseline_01_hover_ATT_trained_hybrid_prediction_outputs.csv,0.0844378024339675,0.0841549820450438,0.0834683693263554,0.0851713865995407,0.0847726613283157,/home/tchowdh4/sensor_recovery_project/prediction_results_v9_trained_hybrid/baseline_01_hover_ATT_trained_hybrid_prediction_outputs.csv,0.9994346526763497,0.0005404490291390056,2.4898294511326257e-05,True,0.08517112870662935,0.0841549820450438,0.08517112870662935,0.0549199999999999,-0.0010164045544968914,-2.578929113455919e-07
11.399605,baseline_01_hover,Roll,pulse,0.05492,1,0.0844378024339675,0.1393578024339675,0.0833142099512414,0.0560435924827261,0.0560435924827261,0.006865,1,9.0,0.0504273997667215,1,1,1,W10_N3_mean1x,10,3,1.0,1001,Roll_hybrid_prediction,/home/tchowdh4/sensor_recovery_project/logs/extracted_csv/baseline_01_hover_ATT.csv,/home/tchowdh4/sensor_recovery_project/prediction_results_v9_trained_hybrid/baseline_01_hover_ATT_trained_hybrid_prediction_outputs.csv,0.0838406905531883,0.0833142099512414,0.0826616648892195,0.0844378024339675,0.0837042182683942,/home/tchowdh4/sensor_recovery_project/prediction_results_v9_trained_hybrid/baseline_01_hover_ATT_trained_hybrid_prediction_outputs.csv,0.9994346526763497,0.0005404490291390056,2.4898294511326257e-05,True,0.08443736174632174,0.0833142099512414,0.08443736174632174,0.05492000000000001,-0.001123592482726088,-4.4068764575022623e-07
11.499565,baseline_01_hover,Roll,pulse,0.05492,1,0.0838406905531883,0.1387606905531883,0.0830998521602492,0.055660838392939,0.055660838392939,0.006865,1,10.0,0.0559266145174859,1,1,1,W10_N3_mean1x,10,3,1.0,1001,Roll_hybrid_prediction,/home/tchowdh4/sensor_recovery_project/logs/extracted_csv/baseline_01_hover_ATT.csv,/home/tchowdh4/sensor_recovery_project/prediction_results_v9_trained_hybrid/baseline_01_hover_ATT_trained_hybrid_prediction_outputs.csv,0.0834990218281745,0.0830998521602492,0.0827108432499461,0.0838406905531883,0.0832435786724091,/home/tchowdh4/sensor_recovery_project/prediction_results_v9_trained_hybrid/baseline_01_hover_ATT_trained_hybrid_prediction_outputs.csv,0.9994346526763497,0.0005404490291390056,2.4898294511326257e-05,True,0.08384033971338115,0.0830998521602492,0.08384033971338115,0.05492,-0.0007408383929390916,-3.508398071505603e-07
11.599525,baseline_01_hover,Roll,pulse,0.05492,1,0.0834990218281745,0.1384190218281745,0.0826644433968541,0.0557545784313204,0.0557545784313204,0.006865,1,10.0,0.055930215357863,1,1,1,W10_N3_mean1x,10,3,1.0,1001,Roll_hybrid_prediction,/home/tchowdh4/sensor_recovery_project/logs/extracted_csv/baseline_01_hover_ATT.csv,/home/tchowdh4/sensor_recovery_project/prediction_results_v9_trained_hybrid/baseline_01_hover_ATT_trained_hybrid_prediction_outputs.csv,0.0829582214355468,0.0826644433968541,0.0821058496712334,0.0834990218281745,0.0831573531031606,/home/tchowdh4/sensor_recovery_project/prediction_results_v9_trained_hybrid/baseline_01_hover_ATT_trained_hybrid_prediction_outputs.csv,0.9994346526763497,0.0005404490291390056,2.4898294511326257e-05,True,0.0834988024860331,0.0826644433968541,0.0834988024860331,0.05492000000000001,-0.0008345784313203986,-2.1934214139429642e-07
11.699485,baseline_01_hover,Roll,pulse,0.05492,1,0.0829582214355468,0.1378782214355468,0.0818957811527849,0.0559824402827618,0.0559824402827618,0.006865,1,10.0,0.0559502189727894,1,1,1,W10_N3_mean1x,10,3,1.0,1001,Roll_hybrid_prediction,/home/tchowdh4/sensor_recovery_project/logs/extracted_csv/baseline_01_hover_ATT.csv,/home/tchowdh4/sensor_recovery_project/prediction_results_v9_trained_hybrid/baseline_01_hover_ATT_trained_hybrid_prediction_outputs.csv,0.0824110135436058,0.0818957811527849,0.0812231665187534,0.0829582214355468,0.0824174210429191,/home/tchowdh4/sensor_recovery_project/prediction_results_v9_trained_hybrid/baseline_01_hover_ATT_trained_hybrid_prediction_outputs.csv,0.9994346526763497,0.0005404490291390056,2.4898294511326257e-05,True,0.08295788596059134,0.0818957811527849,0.08295788596059134,0.05491999999999998,-0.001062440282761909,-3.3547495546792927e-07
11.799445,baseline_01_hover,Roll,pulse,0.05492,0,0.0824110135436058,0.0824110135436058,0.0815569631866918,0.000854050356914,0.000854050356914,0.006865,0,9.0,0.0504194413440489,1,1,1,W10_N3_mean1x,10,3,1.0,1001,Roll_hybrid_prediction,/home/tchowdh4/sensor_recovery_project/logs/extracted_csv/baseline_01_hover_ATT.csv,/home/tchowdh4/sensor_recovery_project/prediction_results_v9_trained_hybrid/baseline_01_hover_ATT_trained_hybrid_prediction_outputs.csv,0.0819540992379188,0.0815569631866918,0.0810571794008317,0.0824110135436058,0.0818638056516648,/home/tchowdh4/sensor_recovery_project/prediction_results_v9_trained_hybrid/baseline_01_hover_ATT_trained_hybrid_prediction_outputs.csv,0.9994254724132706,0.0005482194638706829,2.6308122858715117e-05,False,0.08241067793675369,0.0824110135436058,0.0824110135436058,0.0,0.0,0.0
11.899405,baseline_01_hover,Roll,pulse,0.05492,0,0.0819540992379188,0.0819540992379188,0.0808973638955057,0.0010567353424131,0.0010567353424131,0.006865,0,8.0,0.0449486377469662,1,1,1,W10_N3_mean1x,10,3,1.0,1001,Roll_hybrid_prediction,/home/tchowdh4/sensor_recovery_project/logs/extracted_csv/baseline_01_hover_ATT.csv,/home/tchowdh4/sensor_recovery_project/prediction_results_v9_trained_hybrid/baseline_01_hover_ATT_trained_hybrid_prediction_outputs.csv,0.0815684348344802,0.0808973638955057,0.0801989129083266,0.0819540992379188,0.0814971849322317,/home/tchowdh4/sensor_recovery_project/prediction_results_v9_trained_hybrid/baseline_01_hover_ATT_trained_hybrid_prediction_outputs.csv,0.9994219913177218,0.0005499896569256754,2.8019025352573384e-05,False,0.0819537987611663,0.0819540992379188,0.0819540992379188,0.0,0.0,0.0
11.999365,baseline_01_hover,Roll,pulse,0.05492,0,0.0815684348344802,0.0815684348344802,0.0806461985711251,0.0009222362633551,0.0009222362633551,0.006865,0,7.0,0.0394381778994553,1,1,1,W10_N3_mean1x,10,3,1.0,1001,Roll_hybrid_prediction,/home/tchowdh4/sensor_recovery_project/logs/extracted_csv/baseline_01_hover_ATT.csv,/home/tchowdh4/sensor_recovery_project/prediction_results_v9_trained_hybrid/baseline_01_hover_ATT_trained_hybrid_prediction_outputs.csv,0.080948531627655,0.0806461985711251,0.0800318832296304,0.0815684348344802,0.0811827704310416,/home/tchowdh4/sensor_recovery_project/prediction_results_v9_trained_hybrid/baseline_01_hover_ATT_trained_hybrid_prediction_outputs.csv,0.999424973599222,0.0005435937825181654,3.143261825985977e-05,False,0.08156817689186832,0.0815684348344802,0.0815684348344802,0.0,0.0,0.0
12.099325,baseline_01_hover,Roll,pulse,0.05492,0,0.080948531627655,0.080948531627655,0.0797875219996917,0.0011610096279632,0.0011610096279632,0.006865,0,6.0,0.0339497852978265,1,1,1,W10_N3_mean1x,10,3,1.0,1001,Roll_hybrid_prediction,/home/tchowdh4/sensor_recovery_project/logs/extracted_csv/baseline_01_hover_ATT.csv,/home/tchowdh4/sensor_recovery_project/prediction_results_v9_trained_hybrid/baseline_01_hover_ATT_trained_hybrid_prediction_outputs.csv,0.0806379690766334,0.0797875219996917,0.0790630243792945,0.080948531627655,0.0803286284208298,/home/tchowdh4/sensor_recovery_project/prediction_results_v9_trained_hybrid/baseline_01_hover_ATT_trained_hybrid_prediction_outputs.csv,0.9994347695770052,0.0005292203388185127,3.601008417632649e-05,False,0.08094813566499512,0.080948531627655,0.080948531627655,0.0,0.0,0.0
12.199285,baseline_01_hover,Roll,pulse,0.05492,0,0.0806379690766334,0.0806379690766334,0.0798599247227713,0.000778044353862,0.000778044353862,0.006865,0,5.0,0.0284149930088752,1,1,1,W10_N3_mean1x,10,3,1.0,1001,Roll_hybrid_prediction,/home/tchowdh4/sensor_recovery_project/logs/extracted_csv/baseline_01_hover_ATT.csv,/home/tchowdh4/sensor_recovery_project/prediction_results_v9_trained_hybrid/baseline_01_hover_ATT_trained_hybrid_prediction_outputs.csv,0.0802503749728202,0.0798599247227713,0.0793362748154374,0.0806379690766334,0.0803274065256118,/home/tchowdh4/sensor_recovery_project/prediction_results_v9_trained_hybrid/baseline_01_hover_ATT_trained_hybrid_prediction_outputs.csv,0.999446672107636,0.0005125790255790319,4.074886678500359e-05,False,0.08063775684621757,0.0806379690766334,0.0806379690766334,0.0,0.0,0.0
12.300078,baseline_01_hover,Roll,pulse,0.05492,0,0.0802503749728202,0.0802503749728202,0.0792454678130526,0.0010049071597676,0.0010049071597676,0.006865,0,4.0,0.0229218432694022,1,1,1,W10_N3_mean1x,10,3,1.0,1001,Roll_hybrid_prediction,/home/tchowdh4/sensor_recovery_project/logs/extracted_csv/baseline_01_hover_ATT.csv,/home/tchowdh4/sensor_recovery_project/prediction_results_v9_trained_hybrid/baseline_01_hover_ATT_trained_hybrid_prediction_outputs.csv,0.0801830664277076,0.0792454678130526,0.0785642143564476,0.0802503749728202,0.079862780869007,/home/tchowdh4/sensor_recovery_project/prediction_results_v9_trained_hybrid/baseline_01_hover_ATT_trained_hybrid_prediction_outputs.csv,0.999460819262559,0.0004950494150013574,4.413132243972333e-05,False,0.08025010868208801,0.0802503749728202,0.0802503749728202,0.0,0.0,0.0
12.400038,baseline_01_hover,Roll,pulse,0.05492,0,0.0801830664277076,0.0801830664277076,0.0793147265358061,0.0008683398919015,0.0008683398919015,0.006865,0,3.0,0.0174043180103198,1,1,1,W10_N3_mean1x,10,3,1.0,1001,Roll_hybrid_prediction,/home/tchowdh4/sensor_recovery_project/logs/extracted_csv/baseline_01_hover_ATT.csv,/home/tchowdh4/sensor_recovery_project/prediction_results_v9_trained_hybrid/baseline_01_hover_ATT_trained_hybrid_prediction_outputs.csv,0.0799998790025711,0.0793147265358061,0.0786287424588367,0.0801830664277076,0.080115757882595,/home/tchowdh4/sensor_recovery_project/prediction_results_v9_trained_hybrid/baseline_01_hover_ATT_trained_hybrid_prediction_outputs.csv,0.9994743472651424,0.0004790547564687356,4.659797838894913e-05,False,0.08018296175487422,0.0801830664277076,0.0801830664277076,0.0,0.0,0.0
12.499998,baseline_01_hover,Roll,pulse,0.05492,0,0.0799998790025711,0.0799998790025711,0.0791234599115667,0.0008764190910044,0.0008764190910044,0.006865,0,2.0,0.0119258760801263,0,1,1,W10_N3_mean1x,10,3,1.0,1001,Roll_hybrid_prediction,/home/tchowdh4/sensor_recovery_project/logs/extracted_csv/baseline_01_hover_ATT.csv,/home/tchowdh4/sensor_recovery_project/prediction_results_v9_trained_hybrid/baseline_01_hover_ATT_trained_hybrid_prediction_outputs.csv,0.0799792930483818,0.0791234599115667,0.07847300335534,0.0799998790025711,0.0798166915774346,/home/tchowdh4/sensor_recovery_project/prediction_results_v9_trained_hybrid/baseline_01_hover_ATT_trained_hybrid_prediction_outputs.csv,0.999488440951418,0.00046294813015022504,4.861091843181289e-05,False,0.07999971997346762,0.0799998790025711,0.0799998790025711,0.0,0.0,0.0
12.599958,baseline_01_hover,Roll,pulse,0.05492,0,0.0799792930483818,0.0799792930483818,0.0794398744860676,0.0005394185623142,0.0005394185623142,0.006865,0,1.0,0.0064043600932257,0,0,0,W10_N3_mean1x,10,3,1.0,1001,Roll_hybrid_prediction,/home/tchowdh4/sensor_recovery_project/logs/extracted_csv/baseline_01_hover_ATT.csv,/home/tchowdh4/sensor_recovery_project/prediction_results_v9_trained_hybrid/baseline_01_hover_ATT_trained_hybrid_prediction_outputs.csv,0.0798991471529007,0.0794398744860676,0.0790060178275157,0.0799792930483818,0.0799587070941925,/home/tchowdh4/sensor_recovery_project/prediction_results_v9_trained_hybrid/baseline_01_hover_ATT_trained_hybrid_prediction_outputs.csv,0.9994995645751552,0.00044992298428569825,5.0512440559044995e-05,False,0.07997923462378112,0.0799792930483818,0.0799792930483818,0.0,0.0,0.0
12.699918,baseline_01_hover,Roll,pulse,0.05492,0,0.0798991471529007,0.0798991471529007,0.0793017920761665,0.0005973550767341,0.0005973550767341,0.006865,0,0.0,0.0008658515726229,0,0,0,W10_N3_mean1x,10,3,1.0,1001,Roll_hybrid_prediction,/home/tchowdh4/sensor_recovery_project/logs/extracted_csv/baseline_01_hover_ATT.csv,/home/tchowdh4/sensor_recovery_project/prediction_results_v9_trained_hybrid/baseline_01_hover_ATT_trained_hybrid_prediction_outputs.csv,0.0800845772027969,0.0793017920761665,0.0788421909753771,0.0798991471529007,0.0798190012574195,/home/tchowdh4/sensor_recovery_project/prediction_results_v9_trained_hybrid/baseline_01_hover_ATT_trained_hybrid_prediction_outputs.csv,0.9995101101472219,0.0004375967236054467,5.229312917262838e-05,False,0.07989905680977351,0.0798991471529007,0.0798991471529007,0.0,0.0,0.0
12.799878,baseline_01_hover,Roll,pulse,0.05492,0,0.0800845772027969,0.0800845772027969,0.0797034458606201,0.0003811313421767,0.0003811313421767,0.006865,0,0.0,0.0008185596711492,0,0,0,W10_N3_mean1x,10,3,1.0,1001,Roll_hybrid_prediction,/home/tchowdh4/sensor_recovery_project/logs/extracted_csv/baseline_01_hover_ATT.csv,/home/tchowdh4/sensor_recovery_project/prediction_results_v9_trained_hybrid/baseline_01_hover_ATT_trained_hybrid_prediction_outputs.csv,0.0801165327429771,0.0797034458606201,0.0793241820170587,0.0800845772027969,0.080270007252693,/home/tchowdh4/sensor_recovery_project/prediction_results_v9_trained_hybrid/baseline_01_hover_ATT_trained_hybrid_prediction_outputs.csv,0.9995149346665979,0.00043088110394054273,5.4184229461597816e-05,False,0.08008461589967428,0.0800845772027969,0.0800845772027969,0.0,0.0,0.0
12.899838,baseline_01_hover,Roll,pulse,0.05492,0,0.0801165327429771,0.0801165327429771,0.0794703035075937,0.0006462292353834,0.0006462292353834,0.006865,0,0.0,0.0007775090604462,0,0,0,W10_N3_mean1x,10,3,1.0,1001,Roll_hybrid_prediction,/home/tchowdh4/sensor_recovery_project/logs/extracted_csv/baseline_01_hover_ATT.csv,/home/tchowdh4/sensor_recovery_project/prediction_results_v9_trained_hybrid/baseline_01_hover_ATT_trained_hybrid_prediction_outputs.csv,0.0803195014595985,0.0794703035075937,0.0789299503003964,0.0801165327429771,0.0801484882831573,/home/tchowdh4/sensor_recovery_project/prediction_results_v9_trained_hybrid/baseline_01_hover_ATT_trained_hybrid_prediction_outputs.csv,0.9995120551545249,0.00043175857554056347,5.61862699346346e-05,False,0.0801164798704142,0.0801165327429771,0.0801165327429771,0.0,0.0,0.0
12.999798,baseline_01_hover,Roll,pulse,0.05492,0,0.0803195014595985,0.0803195014595985,0.0797686602103511,0.0005508412492473,0.0005508412492473,0.006865,0,0.0,0.0007403695590354,0,0,0,W10_N3_mean1x,10,3,1.0,1001,Roll_hybrid_prediction,/home/tchowdh4/sensor_recovery_project/logs/extracted_csv/baseline_01_hover_ATT.csv,/home/tchowdh4/sensor_recovery_project/prediction_results_v9_trained_hybrid/baseline_01_hover_ATT_trained_hybrid_prediction_outputs.csv,0.0805740728974342,0.0797686602103511,0.0792441651094681,0.0803195014595985,0.0805224701762199,/home/tchowdh4/sensor_recovery_project/prediction_results_v9_trained_hybrid/baseline_01_hover_ATT_trained_hybrid_prediction_outputs.csv,0.999505360735513,0.00043638837369267393,5.825089079446234e-05,False,0.08031952739348637,0.0803195014595985,0.0803195014595985,0.0,0.0,0.0
13.099758,baseline_01_hover,Roll,pulse,0.05492,0,0.0805740728974342,0.0805740728974342,0.0801751633107058,0.0003989095867284,0.0003989095867284,0.006865,0,0.0,0.000664159554912,0,0,0,W10_N3_mean1x,10,3,1.0,1001,Roll_hybrid_prediction,/home/tchowdh4/sensor_recovery_project/logs/extracted_csv/baseline_01_hover_ATT.csv,/home/tchowdh4/sensor_recovery_project/prediction_results_v9_trained_hybrid/baseline_01_hover_ATT_trained_hybrid_prediction_outputs.csv,0.0808613821864128,0.0801751633107058,0.0797562113078059,0.0805740728974342,0.0808286443352699,/home/tchowdh4/sensor_recovery_project/prediction_results_v9_trained_hybrid/baseline_01_hover_ATT_trained_hybrid_prediction_outputs.csv,0.9994885331600214,0.00045067170439548376,6.0795135583031107e-05,False,0.08057413790357175,0.0805740728974342,0.0805740728974342,0.0,0.0,0.0
13.199718,baseline_01_hover,Roll,pulse,0.05492,0,0.0808613821864128,0.0808613821864128,0.0804579567978182,0.0004034253885945,0.0004034253885945,0.006865,0,0.0,0.0006266976583852,0,0,0,W10_N3_mean1x,10,3,1.0,1001,Roll_hybrid_prediction,/home/tchowdh4/sensor_recovery_project/logs/extracted_csv/baseline_01_hover_ATT.csv,/home/tchowdh4/sensor_recovery_project/prediction_results_v9_trained_hybrid/baseline_01_hover_ATT_trained_hybrid_prediction_outputs.csv,0.0811933726072311,0.0804579567978182,0.0800234053747941,0.0808613821864128,0.0811486914753913,/home/tchowdh4/sensor_recovery_project/prediction_results_v9_trained_hybrid/baseline_01_hover_ATT_trained_hybrid_prediction_outputs.csv,0.9994722596164438,0.00046431736336335807,6.342302019275104e-05,False,0.08086146244208407,0.0808613821864128,0.0808613821864128,0.0,0.0,0.0
13.299678,baseline_01_hover,Roll,pulse,0.05492,0,0.0811933726072311,0.0811933726072311,0.0806304749437247,0.0005628976635063,0.0005628976635063,0.006865,0,0.0,0.0005824967087591,0,0,0,W10_N3_mean1x,10,3,1.0,1001,Roll_hybrid_prediction,/home/tchowdh4/sensor_recovery_project/logs/extracted_csv/baseline_01_hover_ATT.csv,/home/tchowdh4/sensor_recovery_project/prediction_results_v9_trained_hybrid/baseline_01_hover_ATT_trained_hybrid_prediction_outputs.csv,0.0815997421741485,0.0806304749437247,0.0800491985205583,0.0811933726072311,0.0815253630280494,/home/tchowdh4/sensor_recovery_project/prediction_results_v9_trained_hybrid/baseline_01_hover_ATT_trained_hybrid_prediction_outputs.csv,0.9994552006892392,0.0004785798286769129,6.62194820838186e-05,False,0.08119345572453437,0.0811933726072311,0.0811933726072311,0.0,0.0,0.0
13.399638,baseline_01_hover,Roll,pulse,0.05492,0,0.0815997421741485,0.0815997421741485,0.0812059855777867,0.0003937565963618,0.0003937565963618,0.006865,0,0.0,0.0005350383792051,0,0,0,W10_N3_mean1x,10,3,1.0,1001,Roll_hybrid_prediction,/home/tchowdh4/sensor_recovery_project/logs/extracted_csv/baseline_01_hover_ATT.csv,/home/tchowdh4/sensor_recovery_project/prediction_results_v9_trained_hybrid/baseline_01_hover_ATT_trained_hybrid_prediction_outputs.csv,0.0819076150655746,0.0812059855777867,0.080736050338248,0.0815997421741485,0.0820061117410659,/home/tchowdh4/sensor_recovery_project/prediction_results_v9_trained_hybrid/baseline_01_hover_ATT_trained_hybrid_prediction_outputs.csv,0.9994495902734979,0.00048105636611550846,6.935336038665408e-05,False,0.08159987776088452,0.0815997421741485,0.0815997421741485,0.0,0.0,0.0
13.499598,baseline_01_hover,Roll,pulse,0.05492,0,0.0819076150655746,0.0819076150655746,0.0816298901504842,0.0002777249150903,0.0002777249150903,0.006865,0,0.0,0.0004751689616137,0,0,0,W10_N3_mean1x,10,3,1.0,1001,Roll_hybrid_prediction,/home/tchowdh4/sensor_recovery_project/logs/extracted_csv/baseline_01_hover_ATT.csv,/home/tchowdh4/sensor_recovery_project/prediction_results_v9_trained_hybrid/baseline_01_hover_ATT_trained_hybrid_prediction_outputs.csv,0.0823711305856704,0.0816298901504842,0.0812907068958008,0.0819076150655746,0.0822154879570007,/home/tchowdh4/sensor_recovery_project/prediction_results_v9_trained_hybrid/baseline_01_hover_ATT_trained_hybrid_prediction_outputs.csv,0.9994465627675293,0.0004803120899328668,7.312514253783179e-05,False,0.08190771782914866,0.0819076150655746,0.0819076150655746,0.0,0.0,0.0
13.599558,baseline_01_hover,Roll,pulse,0.05492,0,0.0823711305856704,0.0823711305856704,0.0819194862160176,0.0004516443696527,0.0004516443696527,0.006865,0,0.0,0.0004663915423476,0,0,0,W10_N3_mean1x,10,3,1.0,1001,Roll_hybrid_prediction,/home/tchowdh4/sensor_recovery_project/logs/extracted_csv/baseline_01_hover_ATT.csv,/home/tchowdh4/sensor_recovery_project/prediction_results_v9_trained_hybrid/baseline_01_hover_ATT_trained_hybrid_prediction_outputs.csv,0.0826674327254295,0.0819194862160176,0.0813814079062669,0.0823711305856704,0.0828346461057662,/home/tchowdh4/sensor_recovery_project/prediction_results_v9_trained_hybrid/baseline_01_hover_ATT_trained_hybrid_prediction_outputs.csv,0.9994520692256396,0.00047142898112741735,7.650179323310198e-05,False,0.08237127338476001,0.0823711305856704,0.0823711305856704,0.0,0.0,0.0
13.699518,baseline_01_hover,Roll,pulse,0.05492,0,0.0826674327254295,0.0826674327254295,0.0821491096446988,0.0005183230807306,0.0005183230807306,0.006865,0,0.0,0.0004584883427472,0,0,0,W10_N3_mean1x,10,3,1.0,1001,Roll_hybrid_prediction,/home/tchowdh4/sensor_recovery_project/logs/extracted_csv/baseline_01_hover_ATT.csv,/home/tchowdh4/sensor_recovery_project/prediction_results_v9_trained_hybrid/baseline_01_hover_ATT_trained_hybrid_prediction_outputs.csv,0.0830026343464851,0.0821491096446988,0.0816172808914613,0.0826674327254295,0.0829637348651885,/home/tchowdh4/sensor_recovery_project/prediction_results_v9_trained_hybrid/baseline_01_hover_ATT_trained_hybrid_prediction_outputs.csv,0.999460071527869,0.0004603795831637163,7.954888896742755e-05,False,0.08266748559847346,0.0826674327254295,0.0826674327254295,0.0,0.0,0.0
13.799478,baseline_01_hover,Roll,pulse,0.05492,0,0.0830026343464851,0.0830026343464851,0.0825332403614539,0.0004693939850311,0.0004693939850311,0.006865,0,0.0,0.0004673146070327,0,0,0,W10_N3_mean1x,10,3,1.0,1001,Roll_hybrid_prediction,/home/tchowdh4/sensor_recovery_project/logs/extracted_csv/baseline_01_hover_ATT.csv,/home/tchowdh4/sensor_recovery_project/prediction_results_v9_trained_hybrid/baseline_01_hover_ATT_trained_hybrid_prediction_outputs.csv,0.0831773206591606,0.0825332403614539,0.0820272992387718,0.0830026343464851,0.0833378359675407,/home/tchowdh4/sensor_recovery_project/prediction_results_v9_trained_hybrid/baseline_01_hover_ATT_trained_hybrid_prediction_outputs.csv,0.9994693650983869,0.00044858394892772195,8.205095268523115e-05,False,0.08300270468537715,0.0830026343464851,0.0830026343464851,0.0,0.0,0.0
13.899438,baseline_01_hover,Roll,pulse,0.05492,0,0.0831773206591606,0.0831773206591606,0.0825038489833184,0.0006734716758421,0.0006734716758421,0.006865,0,0.0,0.0004700388510785,0,0,0,W10_N3_mean1x,10,3,1.0,1001,Roll_hybrid_prediction,/home/tchowdh4/sensor_recovery_project/logs/extracted_csv/baseline_01_hover_ATT.csv,/home/tchowdh4/sensor_recovery_project/prediction_results_v9_trained_hybrid/baseline_01_hover_ATT_trained_hybrid_prediction_outputs.csv,0.0835173204541206,0.0825038489833184,0.0818893044075655,0.0831773206591606,0.0833520069718361,/home/tchowdh4/sensor_recovery_project/prediction_results_v9_trained_hybrid/baseline_01_hover_ATT_trained_hybrid_prediction_outputs.csv,0.999479434646257,0.00043637216731909616,8.419318642391172e-05,False,0.08317728844521306,0.0831773206591606,0.0831773206591606,0.0,0.0,0.0
13.999398,baseline_01_hover,Roll,pulse,0.05492,0,0.0835173204541206,0.0835173204541206,0.0831218617084592,0.0003954587456613,0.0003954587456613,0.006865,0,0.0,0.0004545006007199,0,0,0,W10_N3_mean1x,10,3,1.0,1001,Roll_hybrid_prediction,/home/tchowdh4/sensor_recovery_project/logs/extracted_csv/baseline_01_hover_ATT.csv,/home/tchowdh4/sensor_recovery_project/prediction_results_v9_trained_hybrid/baseline_01_hover_ATT_trained_hybrid_prediction_outputs.csv,0.0839971601963043,0.0831218617084592,0.0826746682638418,0.0835173204541206,0.0838573202490805,/home/tchowdh4/sensor_recovery_project/prediction_results_v9_trained_hybrid/baseline_01_hover_ATT_trained_hybrid_prediction_outputs.csv,0.9994896398901536,0.00042398340474470754,8.637670510168547e-05,False,0.08351739182287155,0.0835173204541206,0.0835173204541206,0.0,0.0,0.0
14.099358,baseline_01_hover,Roll,pulse,0.05492,0,0.0839971601963043,0.0839971601963043,0.0836167126596204,0.0003804475366838,0.0003804475366838,0.006865,0,0.0,0.0004526543957155,0,0,0,W10_N3_mean1x,10,3,1.0,1001,Roll_hybrid_prediction,/home/tchowdh4/sensor_recovery_project/logs/extracted_csv/baseline_01_hover_ATT.csv,/home/tchowdh4/sensor_recovery_project/prediction_results_v9_trained_hybrid/baseline_01_hover_ATT_trained_hybrid_prediction_outputs.csv,0.0843730643391609,0.0836167126596204,0.0831309502233576,0.0839971601963043,0.0844769999384879,/home/tchowdh4/sensor_recovery_project/prediction_results_v9_trained_hybrid/baseline_01_hover_ATT_trained_hybrid_prediction_outputs.csv,0.9995009336836843,0.0004107783204747566,8.828799584094726e-05,False,0.08399728082812519,0.0839971601963043,0.0839971601963043,0.0,0.0,0.0
14.199318,baseline_01_hover,Roll,pulse,0.05492,0,0.0843730643391609,0.0843730643391609,0.0839029445404195,0.0004701197987414,0.0004701197987414,0.006865,0,0.0,0.0004593238367302,0,0,0,W10_N3_mean1x,10,3,1.0,1001,Roll_hybrid_prediction,/home/tchowdh4/sensor_recovery_project/logs/extracted_csv/baseline_01_hover_ATT.csv,/home/tchowdh4/sensor_recovery_project/prediction_results_v9_trained_hybrid/baseline_01_hover_ATT_trained_hybrid_prediction_outputs.csv,0.0850849226117134,0.0839029445404195,0.0833816086531377,0.0843730643391609,0.0847489684820175,/home/tchowdh4/sensor_recovery_project/prediction_results_v9_trained_hybrid/baseline_01_hover_ATT_trained_hybrid_prediction_outputs.csv,0.9995120021789574,0.0003981577064495396,8.984011459308659e-05,False,0.08437312493579982,0.0843730643391609,0.0843730643391609,0.0,0.0,0.0
14.300111,baseline_01_hover,Roll,pulse,0.05492,0,0.0850849226117134,0.0850849226117134,0.0847819710684071,0.0003029515433062,0.0003029515433062,0.006865,0,0.0,0.0004333292247102,0,0,0,W10_N3_mean1x,10,3,1.0,1001,Roll_hybrid_prediction,/home/tchowdh4/sensor_recovery_project/logs/extracted_csv/baseline_01_hover_ATT.csv,/home/tchowdh4/sensor_recovery_project/prediction_results_v9_trained_hybrid/baseline_01_hover_ATT_trained_hybrid_prediction_outputs.csv,0.0856627598404884,0.0847819710684071,0.0842752440702284,0.0850849226117134,0.0857967808842658,/home/tchowdh4/sensor_recovery_project/prediction_results_v9_trained_hybrid/baseline_01_hover_ATT_trained_hybrid_prediction_outputs.csv,0.9995243664630503,0.00038402267577886714,9.161086117088844e-05,False,0.08508512180608355,0.0850849226117134,0.0850849226117134,0.0,0.0,0.0
14.400071,baseline_01_hover,Roll,pulse,0.05492,0,0.0856627598404884,0.0856627598404884,0.0851612764984918,0.0005014833419966,0.0005014833419966,0.006865,0,0.0,0.0004441018992736,0,0,0,W10_N3_mean1x,10,3,1.0,1001,Roll_hybrid_prediction,/home/tchowdh4/sensor_recovery_project/logs/extracted_csv/baseline_01_hover_ATT.csv,/home/tchowdh4/sensor_recovery_project/prediction_results_v9_trained_hybrid/baseline_01_hover_ATT_trained_hybrid_prediction_outputs.csv,0.0861020684242248,0.0851612764984918,0.0845408493173037,0.0856627598404884,0.0862405970692634,/home/tchowdh4/sensor_recovery_project/prediction_results_v9_trained_hybrid/baseline_01_hover_ATT_trained_hybrid_prediction_outputs.csv,0.9995368680511232,0.00037021797308421005,9.291397579269595e-05,False,0.08566286952504883,0.0856627598404884,0.0856627598404884,0.0,0.0,0.0
14.500031,baseline_01_hover,Roll,pulse,0.05492,0,0.0861020684242248,0.0861020684242248,0.0855549212628326,0.0005471471613922,0.0005471471613922,0.006865,0,0.0,0.0004710441239038,0,0,0,W10_N3_mean1x,10,3,1.0,1001,Roll_hybrid_prediction,/home/tchowdh4/sensor_recovery_project/logs/extracted_csv/baseline_01_hover_ATT.csv,/home/tchowdh4/sensor_recovery_project/prediction_results_v9_trained_hybrid/baseline_01_hover_ATT_trained_hybrid_prediction_outputs.csv,0.0865679159760475,0.0855549212628326,0.0849475068276076,0.0861020684242248,0.0865413770079611,/home/tchowdh4/sensor_recovery_project/prediction_results_v9_trained_hybrid/baseline_01_hover_ATT_trained_hybrid_prediction_outputs.csv,0.9995494471825979,0.0003570234615041567,9.352935589791015e-05,False,0.08610211728229354,0.0861020684242248,0.0861020684242248,0.0,0.0,0.0
14.599991,baseline_01_hover,Roll,pulse,0.05492,0,0.0865679159760475,0.0865679159760475,0.0861800765811665,0.000387839394881,0.000387839394881,0.006865,0,0.0,0.0004646636264266,0,0,0,W10_N3_mean1x,10,3,1.0,1001,Roll_hybrid_prediction,/home/tchowdh4/sensor_recovery_project/logs/extracted_csv/baseline_01_hover_ATT.csv,/home/tchowdh4/sensor_recovery_project/prediction_results_v9_trained_hybrid/baseline_01_hover_ATT_trained_hybrid_prediction_outputs.csv,0.0869908928871154,0.0861800765811665,0.0856933543301465,0.0865679159760475,0.0870337635278702,/home/tchowdh4/sensor_recovery_project/prediction_results_v9_trained_hybrid/baseline_01_hover_ATT_trained_hybrid_prediction_outputs.csv,0.9995606673048252,0.0003451351400224766,9.419755515233893e-05,False,0.08656799437483866,0.0865679159760475,0.0865679159760475,0.0,0.0,0.0
14.699951,baseline_01_hover,Roll,pulse,0.05492,0,0.0869908928871154,0.0869908928871154,0.086420905651727,0.0005699872353883,0.0005699872353883,0.006865,0,0.0,0.0004698300418924,0,0,0,W10_N3_mean1x,10,3,1.0,1001,Roll_hybrid_prediction,/home/tchowdh4/sensor_recovery_project/logs/extracted_csv/baseline_01_hover_ATT.csv,/home/tchowdh4/sensor_recovery_project/prediction_results_v9_trained_hybrid/baseline_01_hover_ATT_trained_hybrid_prediction_outputs.csv,0.087327666580677,0.086420905651727,0.0858007426732937,0.0869908928871154,0.0874138697981832,/home/tchowdh4/sensor_recovery_project/prediction_results_v9_trained_hybrid/baseline_01_hover_ATT_trained_hybrid_prediction_outputs.csv,0.9995716014059932,0.0003337382688135548,9.466032519327104e-05,False,0.08699092139069119,0.0869908928871154,0.0869908928871154,0.0,0.0,0.0
14.799911,baseline_01_hover,Roll,pulse,0.05492,0,0.087327666580677,0.087327666580677,0.0867569227305511,0.0005707438501258,0.0005707438501258,0.006865,0,0.0,0.0004799650284019,0,0,0,W10_N3_mean1x,10,3,1.0,1001,Roll_hybrid_prediction,/home/tchowdh4/sensor_recovery_project/logs/extracted_csv/baseline_01_hover_ATT.csv,/home/tchowdh4/sensor_recovery_project/prediction_results_v9_trained_hybrid/baseline_01_hover_ATT_trained_hybrid_prediction_outputs.csv,0.0877155289053917,0.0867569227305511,0.086167487328244,0.087327666580677,0.0876644402742386,/home/tchowdh4/sensor_recovery_project/prediction_results_v9_trained_hybrid/baseline_01_hover_ATT_trained_hybrid_prediction_outputs.csv,0.9995816277823045,0.00032347272710095165,9.489949059458163e-05,False,0.08732766541736202,0.087327666580677,0.087327666580677,0.0,0.0,0.0
14.899871,baseline_01_hover,Roll,pulse,0.05492,0,0.0877155289053917,0.0877155289053917,0.0872038235479283,0.0005117053574633,0.0005117053574633,0.006865,0,0.0,0.000463788396564,0,0,0,W10_N3_mean1x,10,3,1.0,1001,Roll_hybrid_prediction,/home/tchowdh4/sensor_recovery_project/logs/extracted_csv/baseline_01_hover_ATT.csv,/home/tchowdh4/sensor_recovery_project/prediction_results_v9_trained_hybrid/baseline_01_hover_ATT_trained_hybrid_prediction_outputs.csv,0.0883702114224433,0.0872038235479283,0.0866441146828347,0.0877155289053917,0.0881033912301063,/home/tchowdh4/sensor_recovery_project/prediction_results_v9_trained_hybrid/baseline_01_hover_ATT_trained_hybrid_prediction_outputs.csv,0.9995915280112277,0.000313148692273844,9.532329649842635e-05,False,0.08771554823323584,0.0877155289053917,0.0877155289053917,0.0,0.0,0.0
14.999831,baseline_01_hover,Roll,pulse,0.05492,0,0.0883702114224433,0.0883702114224433,0.0879985125165887,0.0003716989058546,0.0003716989058546,0.006865,0,0.0,0.0004614124125833,0,0,0,W10_N3_mean1x,10,3,1.0,1001,Roll_hybrid_prediction,/home/tchowdh4/sensor_recovery_project/logs/extracted_csv/baseline_01_hover_ATT.csv,/home/tchowdh4/sensor_recovery_project/prediction_results_v9_trained_hybrid/baseline_01_hover_ATT_trained_hybrid_prediction_outputs.csv,0.0890993922948837,0.0879985125165887,0.0874563288601435,0.0883702114224433,0.0890248939394949,/home/tchowdh4/sensor_recovery_project/prediction_results_v9_trained_hybrid/baseline_01_hover_ATT_trained_hybrid_prediction_outputs.csv,0.9996019350887096,0.00030242958025053203,9.563533103984614e-05,False,0.08837032201834077,0.0883702114224433,0.0883702114224433,0.0,0.0,0.0
15.099791,baseline_01_hover,Roll,pulse,0.05492,0,0.0890993922948837,0.0890993922948837,0.0888402780763803,0.0002591142185034,0.0002591142185034,0.006865,0,0.0,0.0004492790807653,0,0,0,W10_N3_mean1x,10,3,1.0,1001,Roll_hybrid_prediction,/home/tchowdh4/sensor_recovery_project/logs/extracted_csv/baseline_01_hover_ATT.csv,/home/tchowdh4/sensor_recovery_project/prediction_results_v9_trained_hybrid/baseline_01_hover_ATT_trained_hybrid_prediction_outputs.csv,0.0896323174238205,0.0888402780763803,0.0883631188530811,0.0890993922948837,0.0898285731673241,/home/tchowdh4/sensor_recovery_project/prediction_results_v9_trained_hybrid/baseline_01_hover_ATT_trained_hybrid_prediction_outputs.csv,0.9996121799017169,0.0002917762541275267,9.604384415558316e-05,False,0.08909953433801554,0.0890993922948837,0.0890993922948837,0.0,0.0,0.0
15.199751,baseline_01_hover,Roll,pulse,0.05492,0,0.0896323174238205,0.0896323174238205,0.0892410510984006,0.0003912663254199,0.0003912663254199,0.006865,0,0.0,0.0004413937334331,0,0,0,W10_N3_mean1x,10,3,1.0,1001,Roll_hybrid_prediction,/home/tchowdh4/sensor_recovery_project/logs/extracted_csv/baseline_01_hover_ATT.csv,/home/tchowdh4/sensor_recovery_project/prediction_results_v9_trained_hybrid/baseline_01_hover_ATT_trained_hybrid_prediction_outputs.csv,0.0900662094354629,0.0892410510984006,0.0887271331488983,0.0896323174238205,0.0901652425527572,/home/tchowdh4/sensor_recovery_project/prediction_results_v9_trained_hybrid/baseline_01_hover_ATT_trained_hybrid_prediction_outputs.csv,0.9996218982881666,0.00028160359573207864,9.649811610144402e-05,False,0.08963238014887583,0.0896323174238205,0.0896323174238205,0.0,0.0,0.0
15.299711,baseline_01_hover,Roll,pulse,0.05492,0,0.0900662094354629,0.0900662094354629,0.0895131138682056,0.0005530955672573,0.0005530955672573,0.006865,0,0.0,0.0004664081358282,0,0,0,W10_N3_mean1x,10,3,1.0,1001,Roll_hybrid_prediction,/home/tchowdh4/sensor_recovery_project/logs/extracted_csv/baseline_01_hover_ATT.csv,/home/tchowdh4/sensor_recovery_project/prediction_results_v9_trained_hybrid/baseline_01_hover_ATT_trained_hybrid_prediction_outputs.csv,0.0906264781951904,0.0895131138682056,0.0889028022180343,0.0900662094354629,0.0905001014471053,/home/tchowdh4/sensor_recovery_project/prediction_results_v9_trained_hybrid/baseline_01_hover_ATT_trained_hybrid_prediction_outputs.csv,0.9996299304357633,0.00027350836398328356,9.656120025328786e-05,False,0.09006621576855983,0.0900662094354629,0.0900662094354629,0.0,0.0,0.0
15.399671,baseline_01_hover,Roll,pulse,0.05492,0,0.0906264781951904,0.0906264781951904,0.0902487274231398,0.0003777507720506,0.0003777507720506,0.006865,0,0.0,0.0004540348788336,0,0,0,W10_N3_mean1x,10,3,1.0,1001,Roll_hybrid_prediction,/home/tchowdh4/sensor_recovery_project/logs/extracted_csv/baseline_01_hover_ATT.csv,/home/tchowdh4/sensor_recovery_project/prediction_results_v9_trained_hybrid/baseline_01_hover_ATT_trained_hybrid_prediction_outputs.csv,0.0913288369774818,0.0902487274231398,0.0897359245151975,0.0906264781951904,0.0911867469549179,/home/tchowdh4/sensor_recovery_project/prediction_results_v9_trained_hybrid/baseline_01_hover_ATT_trained_hybrid_prediction_outputs.csv,0.9996368651050671,0.0002662935998796118,9.684129505331483e-05,False,0.09062654114880365,0.0906264781951904,0.0906264781951904,0.0,0.0,0.0
15.499631,baseline_01_hover,Roll,pulse,0.05492,0,0.0913288369774818,0.0913288369774818,0.0909411976179845,0.0003876393594973,0.0003876393594973,0.006865,0,0.0,0.0004380840986441,0,0,0,W10_N3_mean1x,10,3,1.0,1001,Roll_hybrid_prediction,/home/tchowdh4/sensor_recovery_project/logs/extracted_csv/baseline_01_hover_ATT.csv,/home/tchowdh4/sensor_recovery_project/prediction_results_v9_trained_hybrid/baseline_01_hover_ATT_trained_hybrid_prediction_outputs.csv,0.0920023843646049,0.0909411976179845,0.0903686349484717,0.0913288369774818,0.0920311957597732,/home/tchowdh4/sensor_recovery_project/prediction_results_v9_trained_hybrid/baseline_01_hover_ATT_trained_hybrid_prediction_outputs.csv,0.9996439235458775,0.00025878726416728333,9.728918995530055e-05,False,0.09132892532171195,0.0913288369774818,0.0913288369774818,0.0,0.0,0.0
15.599591,baseline_01_hover,Roll,pulse,0.05492,0,0.0920023843646049,0.0920023843646049,0.0916542141078222,0.0003481702567827,0.0003481702567827,0.006865,0,0.0,0.0004341171848343,0,0,0,W10_N3_mean1x,10,3,1.0,1001,Roll_hybrid_prediction,/home/tchowdh4/sensor_recovery_project/logs/extracted_csv/baseline_01_hover_ATT.csv,/home/tchowdh4/sensor_recovery_project/prediction_results_v9_trained_hybrid/baseline_01_hover_ATT_trained_hybrid_prediction_outputs.csv,0.092424564063549,0.0916542141078222,0.0911244212115008,0.0920023843646049,0.0926759317517279,/home/tchowdh4/sensor_recovery_project/prediction_results_v9_trained_hybrid/baseline_01_hover_ATT_trained_hybrid_prediction_outputs.csv,0.9996510101529431,0.00025130096905824466,9.768887799871303e-05,False,0.09200246786048064,0.0920023843646049,0.0920023843646049,0.0,0.0,0.0
15.699551,baseline_01_hover,Roll,pulse,0.05492,0,0.092424564063549,0.092424564063549,0.0918515947416154,0.0005729693219335,0.0005729693219335,0.006865,0,0.0,0.0004344153934888,0,0,0,W10_N3_mean1x,10,3,1.0,1001,Roll_hybrid_prediction,/home/tchowdh4/sensor_recovery_project/logs/extracted_csv/baseline_01_hover_ATT.csv,/home/tchowdh4/sensor_recovery_project/prediction_results_v9_trained_hybrid/baseline_01_hover_ATT_trained_hybrid_prediction_outputs.csv,0.0928666591644287,0.0918515947416154,0.0912292817695082,0.092424564063549,0.0928467437624931,/home/tchowdh4/sensor_recovery_project/prediction_results_v9_trained_hybrid/baseline_01_hover_ATT_trained_hybrid_prediction_outputs.csv,0.9996573906642825,0.0002445660019185312,9.8043333798991e-05,False,0.09242455012488913,0.092424564063549,0.092424564063549,0.0,0.0,0.0
15.799511,baseline_01_hover,Roll,pulse,0.05492,0,0.0928666591644287,0.0928666591644287,0.0925623906419782,0.0003042685224504,0.0003042685224504,0.006865,0,0.0,0.0004077678607213,0,0,0,W10_N3_mean1x,10,3,1.0,1001,Roll_hybrid_prediction,/home/tchowdh4/sensor_recovery_project/logs/extracted_csv/baseline_01_hover_ATT.csv,/home/tchowdh4/sensor_recovery_project/prediction_results_v9_trained_hybrid/baseline_01_hover_ATT_trained_hybrid_prediction_outputs.csv,0.0933255329728126,0.0925623906419782,0.0921526818141989,0.0928666591644287,0.0933087542653084,/home/tchowdh4/sensor_recovery_project/prediction_results_v9_trained_hybrid/baseline_01_hover_ATT_trained_hybrid_prediction_outputs.csv,0.9996630038206639,0.0002381547963208914,9.884138301529483e-05,False,0.09286669388098866,0.0928666591644287,0.0928666591644287,0.0,0.0,0.0
15.899471,baseline_01_hover,Roll,pulse,0.05492,0,0.0933255329728126,0.0933255329728126,0.0928113487792924,0.0005141841935202,0.0005141841935202,0.006865,0,0.0,0.000408015744327,0,0,0,W10_N3_mean1x,10,3,1.0,1001,Roll_hybrid_prediction,/home/tchowdh4/sensor_recovery_project/logs/extracted_csv/baseline_01_hover_ATT.csv,/home/tchowdh4/sensor_recovery_project/prediction_results_v9_trained_hybrid/baseline_01_hover_ATT_trained_hybrid_prediction_outputs.csv,0.0938942953944206,0.0928113487792924,0.092223789417909,0.0933255329728126,0.0937844067811965,/home/tchowdh4/sensor_recovery_project/prediction_results_v9_trained_hybrid/baseline_01_hover_ATT_trained_hybrid_prediction_outputs.csv,0.9996683179587813,0.0002321563799664162,9.952566125234836e-05,False,0.09332552985153898,0.0933255329728126,0.0933255329728126,0.0,0.0,0.0
15.999431,baseline_01_hover,Roll,pulse,0.05492,0,0.0938942953944206,0.0938942953944206,0.0934905011014269,0.0004037942929936,0.0004037942929936,0.006865,0,0.0,0.0004112252830409,0,0,0,W10_N3_mean1x,10,3,1.0,1001,Roll_hybrid_prediction,/home/tchowdh4/sensor_recovery_project/logs/extracted_csv/baseline_01_hover_ATT.csv,/home/tchowdh4/sensor_recovery_project/prediction_results_v9_trained_hybrid/baseline_01_hover_ATT_trained_hybrid_prediction_outputs.csv,0.0944147706031799,0.0934905011014269,0.0929533012538474,0.0938942953944206,0.0944630578160286,/home/tchowdh4/sensor_recovery_project/prediction_results_v9_trained_hybrid/baseline_01_hover_ATT_trained_hybrid_prediction_outputs.csv,0.9996728538855268,0.00022703483216454312,0.00010011128230849607,False,0.09389433031917147,0.0938942953944206,0.0938942953944206,0.0,0.0,0.0
16.099391,baseline_01_hover,Roll,pulse,0.05492,0,0.0944147706031799,0.0944147706031799,0.0938680470970496,0.0005467235061303,0.0005467235061303,0.006865,0,0.0,0.0004399862118036,0,0,0,W10_N3_mean1x,10,3,1.0,1001,Roll_hybrid_prediction,/home/tchowdh4/sensor_recovery_project/logs/extracted_csv/baseline_01_hover_ATT.csv,/home/tchowdh4/sensor_recovery_project/prediction_results_v9_trained_hybrid/baseline_01_hover_ATT_trained_hybrid_prediction_outputs.csv,0.0951955690979957,0.0938680470970496,0.0932314641524851,0.0944147706031799,0.0949352458119392,/home/tchowdh4/sensor_recovery_project/prediction_results_v9_trained_hybrid/baseline_01_hover_ATT_trained_hybrid_prediction_outputs.csv,0.999676700206044,0.00022313571649151004,0.00010016407746452325,False,0.09441476821498955,0.0944147706031799,0.0944147706031799,0.0,0.0,0.0
16.199351,baseline_01_hover,Roll,pulse,0.05492,0,0.0951955690979957,0.0951955690979957,0.0949012968694937,0.000294272228502,0.000294272228502,0.006865,0,0.0,0.0004302868021118,0,0,0,W10_N3_mean1x,10,3,1.0,1001,Roll_hybrid_prediction,/home/tchowdh4/sensor_recovery_project/logs/extracted_csv/baseline_01_hover_ATT.csv,/home/tchowdh4/sensor_recovery_project/prediction_results_v9_trained_hybrid/baseline_01_hover_ATT_trained_hybrid_prediction_outputs.csv,0.0957112088799476,0.0949012968694937,0.0943766019571499,0.0951955690979957,0.0959763675928115,/home/tchowdh4/sensor_recovery_project/prediction_results_v9_trained_hybrid/baseline_01_hover_ATT_trained_hybrid_prediction_outputs.csv,0.9996809112579497,0.00021878895995543188,0.00010029978209483677,False,0.09519565778586055,0.0951955690979957,0.0951955690979957,0.0,0.0,0.0
16.299311,baseline_01_hover,Roll,pulse,0.05492,0,0.0957112088799476,0.0957112088799476,0.095033104522061,0.0006781043578866,0.0006781043578866,0.006865,0,0.0,0.0004427876811747,0,0,0,W10_N3_mean1x,10,3,1.0,1001,Roll_hybrid_prediction,/home/tchowdh4/sensor_recovery_project/logs/extracted_csv/baseline_01_hover_ATT.csv,/home/tchowdh4/sensor_recovery_project/prediction_results_v9_trained_hybrid/baseline_01_hover_ATT_trained_hybrid_prediction_outputs.csv,0.0964463576674461,0.095033104522061,0.0942907864903532,0.0957112088799476,0.0962268486618995,/home/tchowdh4/sensor_recovery_project/prediction_results_v9_trained_hybrid/baseline_01_hover_ATT_trained_hybrid_prediction_outputs.csv,0.9996852194294925,0.00021461683142955218,0.00010016373907790577,False,0.09571117727010615,0.0957112088799476,0.0957112088799476,0.0,0.0,0.0
16.400104,baseline_01_hover,Roll,pulse,0.05492,0,0.0964463576674461,0.0964463576674461,0.096116591552875,0.000329766114571,0.000329766114571,0.006865,0,0.0,0.0004379892154268,0,0,0,W10_N3_mean1x,10,3,1.0,1001,Roll_hybrid_prediction,/home/tchowdh4/sensor_recovery_project/logs/extracted_csv/baseline_01_hover_ATT.csv,/home/tchowdh4/sensor_recovery_project/prediction_results_v9_trained_hybrid/baseline_01_hover_ATT_trained_hybrid_prediction_outputs.csv,0.0970029234886169,0.096116591552875,0.0955794560818628,0.0964463576674461,0.0971815064549445,/home/tchowdh4/sensor_recovery_project/prediction_results_v9_trained_hybrid/baseline_01_hover_ATT_trained_hybrid_prediction_outputs.csv,0.9996896054068856,0.00021033002854255325,0.00010006456457193389,False,0.09644642554518186,0.0964463576674461,0.0964463576674461,0.0,0.0,0.0
16.500064,baseline_01_hover,Roll,pulse,0.05492,0,0.0970029234886169,0.0970029234886169,0.0963978532822591,0.0006050702063578,0.0006050702063578,0.006865,0,0.0,0.0004597323001128,0,0,0,W10_N3_mean1x,10,3,1.0,1001,Roll_hybrid_prediction,/home/tchowdh4/sensor_recovery_project/logs/extracted_csv/baseline_01_hover_ATT.csv,/home/tchowdh4/sensor_recovery_project/prediction_results_v9_trained_hybrid/baseline_01_hover_ATT_trained_hybrid_prediction_outputs.csv,0.0978109613060951,0.0963978532822591,0.0957004082693589,0.0970029234886169,0.0975594893097877,/home/tchowdh4/sensor_recovery_project/prediction_results_v9_trained_hybrid/baseline_01_hover_ATT_trained_hybrid_prediction_outputs.csv,0.9996934372946784,0.00020691310823300066,9.964959708868396e-05,False,0.0970029088542641,0.0970029234886169,0.0970029234886169,0.0,0.0,0.0
16.600024,baseline_01_hover,Roll,pulse,0.05492,0,0.0978109613060951,0.0978109613060951,0.0973018640633056,0.0005090972427894,0.0005090972427894,0.006865,0,0.0,0.0004758249987135,0,0,0,W10_N3_mean1x,10,3,1.0,1001,Roll_hybrid_prediction,/home/tchowdh4/sensor_recovery_project/logs/extracted_csv/baseline_01_hover_ATT.csv,/home/tchowdh4/sensor_recovery_project/prediction_results_v9_trained_hybrid/baseline_01_hover_ATT_trained_hybrid_prediction_outputs.csv,0.0983539819717407,0.0973018640633056,0.0965914980219404,0.0978109613060951,0.0986189991235732,/home/tchowdh4/sensor_recovery_project/prediction_results_v9_trained_hybrid/baseline_01_hover_ATT_trained_hybrid_prediction_outputs.csv,0.9996975978981372,0.00020343019405196736,9.897190781091166e-05,False,0.09781100499277737,0.0978109613060951,0.0978109613060951,0.0,0.0,0.0
16.699984,baseline_01_hover,Roll,pulse,0.05492,0,0.0983539819717407,0.0983539819717407,0.0978153886373671,0.0005385933343735,0.0005385933343735,0.006865,0,0.0,0.0004723873999575,0,0,0,W10_N3_mean1x,10,3,1.0,1001,Roll_hybrid_prediction,/home/tchowdh4/sensor_recovery_project/logs/extracted_csv/baseline_01_hover_ATT.csv,/home/tchowdh4/sensor_recovery_project/prediction_results_v9_trained_hybrid/baseline_01_hover_ATT_trained_hybrid_prediction_outputs.csv,0.0990794450044632,0.0978153886373671,0.097177259303554,0.0983539819717407,0.0988970026373863,/home/tchowdh4/sensor_recovery_project/prediction_results_v9_trained_hybrid/baseline_01_hover_ATT_trained_hybrid_prediction_outputs.csv,0.9997016769598401,0.000199944981364477,9.837805879550334e-05,False,0.09835397478230574,0.0983539819717407,0.0983539819717407,0.0,0.0,0.0
16.799944,baseline_01_hover,Roll,pulse,0.05492,0,0.0990794450044632,0.0990794450044632,0.0983529889301133,0.0007264560743499,0.0007264560743499,0.006865,0,0.0,0.0005146061551474,0,0,0,W10_N3_mean1x,10,3,1.0,1001,Roll_hybrid_prediction,/home/tchowdh4/sensor_recovery_project/logs/extracted_csv/baseline_01_hover_ATT.csv,/home/tchowdh4/sensor_recovery_project/prediction_results_v9_trained_hybrid/baseline_01_hover_ATT_trained_hybrid_prediction_outputs.csv,0.0996095612645149,0.0983529889301133,0.0974948110392007,0.0990794450044632,0.0998049080371857,/home/tchowdh4/sensor_recovery_project/prediction_results_v9_trained_hybrid/baseline_01_hover_ATT_trained_hybrid_prediction_outputs.csv,0.9997068137968556,0.00019603975748155715,9.714644566298276e-05,False,0.0990794332825028,0.0990794450044632,0.0990794450044632,0.0,0.0,0.0
16.899904,baseline_01_hover,Roll,pulse,0.05492,0,0.0996095612645149,0.0996095612645149,0.098812747651616,0.0007968136128988,0.0007968136128988,0.006865,0,0.0,0.0005428690970853,0,0,0,W10_N3_mean1x,10,3,1.0,1001,Roll_hybrid_prediction,/home/tchowdh4/sensor_recovery_project/logs/extracted_csv/baseline_01_hover_ATT.csv,/home/tchowdh4/sensor_recovery_project/prediction_results_v9_trained_hybrid/baseline_01_hover_ATT_trained_hybrid_prediction_outputs.csv,0.0999841019511222,0.098812747651616,0.0979680396919526,0.0996095612645149,0.1001396775245666,/home/tchowdh4/sensor_recovery_project/prediction_results_v9_trained_hybrid/baseline_01_hover_ATT_trained_hybrid_prediction_outputs.csv,0.9997120013275147,0.00019234276962116315,9.565590286417714e-05,False,0.09960950620731648,0.0996095612645149,0.0996095612645149,0.0,0.0,0.0
16.999864,baseline_01_hover,Roll,pulse,0.05492,0,0.0999841019511222,0.0999841019511222,0.0992394351202005,0.0007446668309216,0.0007446668309216,0.006865,0,0.0,0.0005769563508781,0,0,0,W10_N3_mean1x,10,3,1.0,1001,Roll_hybrid_prediction,/home/tchowdh4/sensor_recovery_project/logs/extracted_csv/baseline_01_hover_ATT.csv,/home/tchowdh4/sensor_recovery_project/prediction_results_v9_trained_hybrid/baseline_01_hover_ATT_trained_hybrid_prediction_outputs.csv,0.1004654169082641,0.0992394351202005,0.0984939656452255,0.0999841019511222,0.1003586426377295,/home/tchowdh4/sensor_recovery_project/prediction_results_v9_trained_hybrid/baseline_01_hover_ATT_trained_hybrid_prediction_outputs.csv,0.999716518354822,0.00018952269268811533,9.395895248981404e-05,False,0.09998403292343527,0.0999841019511222,0.0999841019511222,0.0,0.0,0.0
17.099824,baseline_01_hover,Roll,pulse,0.05492,0,0.1004654169082641,0.1004654169082641,0.0995949231708327,0.0008704937374314,0.0008704937374314,0.006865,0,0.0,0.0006093333740082,0,0,0,W10_N3_mean1x,10,3,1.0,1001,Roll_hybrid_prediction,/home/tchowdh4/sensor_recovery_project/logs/extracted_csv/baseline_01_hover_ATT.csv,/home/tchowdh4/sensor_recovery_project/prediction_results_v9_trained_hybrid/baseline_01_hover_ATT_trained_hybrid_prediction_outputs.csv,0.1009066179394722,0.0995949231708327,0.0987076774012463,0.1004654169082641,0.100946731865406,/home/tchowdh4/sensor_recovery_project/prediction_results_v9_trained_hybrid/baseline_01_hover_ATT_trained_hybrid_prediction_outputs.csv,0.9997208177680278,0.00018709087854978593,9.209135342246639e-05,False,0.10046534508529213,0.1004654169082641,0.1004654169082641,0.0,0.0,0.0
17.199784,baseline_01_hover,Roll,pulse,0.05492,0,0.1009066179394722,0.1009066179394722,0.1001404515945162,0.0007661663449559,0.0007661663449559,0.006865,0,0.0,0.0006565227856536,0,0,0,W10_N3_mean1x,10,3,1.0,1001,Roll_hybrid_prediction,/home/tchowdh4/sensor_recovery_project/logs/extracted_csv/baseline_01_hover_ATT.csv,/home/tchowdh4/sensor_recovery_project/prediction_results_v9_trained_hybrid/baseline_01_hover_ATT_trained_hybrid_prediction_outputs.csv,0.101286232471466,0.1001404515945162,0.0993531514827493,0.1009066179394722,0.1013478189706802,/home/tchowdh4/sensor_recovery_project/prediction_results_v9_trained_hybrid/baseline_01_hover_ATT_trained_hybrid_prediction_outputs.csv,0.999724099753906,0.00018588433077057527,9.001591532336703e-05,False,0.10090656011512558,0.1009066179394722,0.1009066179394722,0.0,0.0,0.0
17.299744,baseline_01_hover,Roll,pulse,0.05492,0,0.101286232471466,0.101286232471466,0.1004276487843824,0.0008585836870835,0.0008585836870835,0.006865,0,0.0,0.0006745707185733,0,0,0,W10_N3_mean1x,10,3,1.0,1001,Roll_hybrid_prediction,/home/tchowdh4/sensor_recovery_project/logs/extracted_csv/baseline_01_hover_ATT.csv,/home/tchowdh4/sensor_recovery_project/prediction_results_v9_trained_hybrid/baseline_01_hover_ATT_trained_hybrid_prediction_outputs.csv,0.1014982163906097,0.1004276487843824,0.0995871295742254,0.101286232471466,0.1016658470034597,/home/tchowdh4/sensor_recovery_project/prediction_results_v9_trained_hybrid/baseline_01_hover_ATT_trained_hybrid_prediction_outputs.csv,0.9997267657329254,0.0001852253548261037,8.800891224847483e-05,False,0.10128615324950459,0.101286232471466,0.101286232471466,0.0,0.0,0.0
17.399704,baseline_01_hover,Roll,pulse,0.05492,0,0.1014982163906097,0.1014982163906097,0.100663860146054,0.0008343562445557,0.0008343562445557,0.006865,0,0.0,0.0007250297315718,0,0,0,W10_N3_mean1x,10,3,1.0,1001,Roll_hybrid_prediction,/home/tchowdh4/sensor_recovery_project/logs/extracted_csv/baseline_01_hover_ATT.csv,/home/tchowdh4/sensor_recovery_project/prediction_results_v9_trained_hybrid/baseline_01_hover_ATT_trained_hybrid_prediction_outputs.csv,0.10187778621912,0.100663860146054,0.0999041199753653,0.1014982163906097,0.1017102003097534,/home/tchowdh4/sensor_recovery_project/prediction_results_v9_trained_hybrid/baseline_01_hover_ATT_trained_hybrid_prediction_outputs.csv,0.9997276477629256,0.00018648836334554395,8.586387372891528e-05,False,0.10149811904785053,0.1014982163906097,0.1014982163906097,0.0,0.0,0.0
17.499664,baseline_01_hover,Roll,pulse,0.05492,0,0.10187778621912,0.10187778621912,0.1011272517205281,0.0007505344985919,0.0007505344985919,0.006865,0,0.0,0.0007395761607952,0,0,0,W10_N3_mean1x,10,3,1.0,1001,Roll_hybrid_prediction,/home/tchowdh4/sensor_recovery_project/logs/extracted_csv/baseline_01_hover_ATT.csv,/home/tchowdh4/sensor_recovery_project/prediction_results_v9_trained_hybrid/baseline_01_hover_ATT_trained_hybrid_prediction_outputs.csv,0.102101944386959,0.1011272517205281,0.1003751526476765,0.10187778621912,0.1022573560476303,/home/tchowdh4/sensor_recovery_project/prediction_results_v9_trained_hybrid/baseline_01_hover_ATT_trained_hybrid_prediction_outputs.csv,0.9997278110473105,0.0001883431657691644,8.384578692037071e-05,False,0.10187773171900888,0.10187778621912,0.10187778621912,0.0,0.0,0.0
17.599624,baseline_01_hover,Roll,pulse,0.05492,0,0.102101944386959,0.102101944386959,0.1012055602685195,0.0008963841184395,0.0008963841184395,0.006865,0,0.0,0.0007783048483602,0,0,0,W10_N3_mean1x,10,3,1.0,1001,Roll_hybrid_prediction,/home/tchowdh4/sensor_recovery_project/logs/extracted_csv/baseline_01_hover_ATT.csv,/home/tchowdh4/sensor_recovery_project/prediction_results_v9_trained_hybrid/baseline_01_hover_ATT_trained_hybrid_prediction_outputs.csv,0.1023658588528633,0.1012055602685195,0.1003906430196731,0.102101944386959,0.102326102554798,/home/tchowdh4/sensor_recovery_project/prediction_results_v9_trained_hybrid/baseline_01_hover_ATT_trained_hybrid_prediction_outputs.csv,0.9997253750677979,0.00019280119290416707,8.182373929786837e-05,False,0.10210184757984422,0.102101944386959,0.102101944386959,0.0,0.0,0.0
17.699584,baseline_01_hover,Roll,pulse,0.05492,0,0.1023658588528633,0.1023658588528633,0.1017013981875653,0.000664460665298,0.000664460665298,0.006865,0,0.0,0.0007908915814526,0,0,0,W10_N3_mean1x,10,3,1.0,1001,Roll_hybrid_prediction,/home/tchowdh4/sensor_recovery_project/logs/extracted_csv/baseline_01_hover_ATT.csv,/home/tchowdh4/sensor_recovery_project/prediction_results_v9_trained_hybrid/baseline_01_hover_ATT_trained_hybrid_prediction_outputs.csv,0.1028861477971077,0.1017013981875653,0.101061779655629,0.1023658588528633,0.1026297733187675,/home/tchowdh4/sensor_recovery_project/prediction_results_v9_trained_hybrid/baseline_01_hover_ATT_trained_hybrid_prediction_outputs.csv,0.9997216142888482,0.00019843307058981297,7.995264056197278e-05,False,0.10236580695764581,0.1023658588528633,0.1023658588528633,0.0,0.0,0.0
17.799544,baseline_01_hover,Roll,pulse,0.05492,0,0.1028861477971077,0.1028861477971077,0.1023639434786223,0.0005222043184854,0.0005222043184854,0.006865,0,0.0,0.0007704664058662,0,0,0,W10_N3_mean1x,10,3,1.0,1001,Roll_hybrid_prediction,/home/tchowdh4/sensor_recovery_project/logs/extracted_csv/baseline_01_hover_ATT.csv,/home/tchowdh4/sensor_recovery_project/prediction_results_v9_trained_hybrid/baseline_01_hover_ATT_trained_hybrid_prediction_outputs.csv,0.1031446456909179,0.1023639434786223,0.1017474894201362,0.1028861477971077,0.1034064367413521,/home/tchowdh4/sensor_recovery_project/prediction_results_v9_trained_hybrid/baseline_01_hover_ATT_trained_hybrid_prediction_outputs.csv,0.9997167048848663,0.00020484371702164032,7.845139811192663e-05,False,0.10288616504568732,0.1028861477971077,0.1028861477971077,0.0,0.0,0.0
17.899504,baseline_01_hover,Roll,pulse,0.05492,0,0.1031446456909179,0.1031446456909179,0.1022545112884294,0.0008901344024885,0.0008901344024885,0.006865,0,0.0,0.0007797984848251,0,0,0,W10_N3_mean1x,10,3,1.0,1001,Roll_hybrid_prediction,/home/tchowdh4/sensor_recovery_project/logs/extracted_csv/baseline_01_hover_ATT.csv,/home/tchowdh4/sensor_recovery_project/prediction_results_v9_trained_hybrid/baseline_01_hover_ATT_trained_hybrid_prediction_outputs.csv,0.1036053150892257,0.1022545112884294,0.1014322202704623,0.1031446456909179,0.1034031435847281,/home/tchowdh4/sensor_recovery_project/prediction_results_v9_trained_hybrid/baseline_01_hover_ATT_trained_hybrid_prediction_outputs.csv,0.9997103002326629,0.0002126293903132773,7.707037702370869e-05,False,0.10314456867789468,0.1031446456909179,0.1031446456909179,0.0,0.0,0.0
17.999464,baseline_01_hover,Roll,pulse,0.05492,0,0.1036053150892257,0.1036053150892257,0.1027769105694588,0.0008284045197669,0.0008284045197669,0.006865,0,0.0,0.0007881722537096,0,0,0,W10_N3_mean1x,10,3,1.0,1001,Roll_hybrid_prediction,/home/tchowdh4/sensor_recovery_project/logs/extracted_csv/baseline_01_hover_ATT.csv,/home/tchowdh4/sensor_recovery_project/prediction_results_v9_trained_hybrid/baseline_01_hover_ATT_trained_hybrid_prediction_outputs.csv,0.1039460897445678,0.1027769105694588,0.1019316089084467,0.1036053150892257,0.1040659844875335,/home/tchowdh4/sensor_recovery_project/prediction_results_v9_trained_hybrid/baseline_01_hover_ATT_trained_hybrid_prediction_outputs.csv,0.9997052838253335,0.00021896449971382207,7.575167495271643e-05,False,0.10360528917342346,0.1036053150892257,0.1036053150892257,0.0,0.0,0.0
18.099424,baseline_01_hover,Roll,pulse,0.05492,0,0.1039460897445678,0.1039460897445678,0.1029790257013136,0.0009670640432541,0.0009670640432541,0.006865,0,0.0,0.0007978292842919,0,0,0,W10_N3_mean1x,10,3,1.0,1001,Roll_hybrid_prediction,/home/tchowdh4/sensor_recovery_project/logs/extracted_csv/baseline_01_hover_ATT.csv,/home/tchowdh4/sensor_recovery_project/prediction_results_v9_trained_hybrid/baseline_01_hover_ATT_trained_hybrid_prediction_outputs.csv,0.1042870804667472,0.1029790257013136,0.1020638734276177,0.1039460897445678,0.1042868643999099,/home/tchowdh4/sensor_recovery_project/prediction_results_v9_trained_hybrid/baseline_01_hover_ATT_trained_hybrid_prediction_outputs.csv,0.9996997058321132,0.00022577980845422298,7.451435943266734e-05,False,0.10394602643246105,0.1039460897445678,0.1039460897445678,0.0,0.0,0.0
18.199384,baseline_01_hover,Roll,pulse,0.05492,0,0.1042870804667472,0.1042870804667472,0.1035699556101814,0.0007171248565658,0.0007171248565658,0.006865,0,0.0,0.0007929251354529,0,0,0,W10_N3_mean1x,10,3,1.0,1001,Roll_hybrid_prediction,/home/tchowdh4/sensor_recovery_project/logs/extracted_csv/baseline_01_hover_ATT.csv,/home/tchowdh4/sensor_recovery_project/prediction_results_v9_trained_hybrid/baseline_01_hover_ATT_trained_hybrid_prediction_outputs.csv,0.1043618768453598,0.1035699556101814,0.102859220464926,0.1042870804667472,0.1046280711889266,/home/tchowdh4/sensor_recovery_project/prediction_results_v9_trained_hybrid/baseline_01_hover_ATT_trained_hybrid_prediction_outputs.csv,0.9996937842068591,0.0002327641983734178,7.345159476764205e-05,False,0.10428705495858506,0.1042870804667472,0.1042870804667472,0.0,0.0,0.0
18.299344,baseline_01_hover,Roll,pulse,0.05492,0,0.1043618768453598,0.1043618768453598,0.1033501166303398,0.00101176021502,0.00101176021502,0.006865,0,0.0,0.0008082427882465,0,0,0,W10_N3_mean1x,10,3,1.0,1001,Roll_hybrid_prediction,/home/tchowdh4/sensor_recovery_project/logs/extracted_csv/baseline_01_hover_ATT.csv,/home/tchowdh4/sensor_recovery_project/prediction_results_v9_trained_hybrid/baseline_01_hover_ATT_trained_hybrid_prediction_outputs.csv,0.1047238260507583,0.1033501166303398,0.1024951141349188,0.1043618768453598,0.1044366732239724,/home/tchowdh4/sensor_recovery_project/prediction_results_v9_trained_hybrid/baseline_01_hover_ATT_trained_hybrid_prediction_outputs.csv,0.9996855946958599,0.00024197810785651645,7.242719628343943e-05,False,0.10436175974005672,0.1043618768453598,0.1043618768453598,0.0,0.0,0.0
18.399304,baseline_01_hover,Roll,pulse,0.05492,0,0.1047238260507583,0.1047238260507583,0.1039574686160862,0.0007663574346721,0.0007663574346721,0.006865,0,0.0,0.0008014429072582,0,0,0,W10_N3_mean1x,10,3,1.0,1001,Roll_hybrid_prediction,/home/tchowdh4/sensor_recovery_project/logs/extracted_csv/baseline_01_hover_ATT.csv,/home/tchowdh4/sensor_recovery_project/prediction_results_v9_trained_hybrid/baseline_01_hover_ATT_trained_hybrid_prediction_outputs.csv,0.1048805862665176,0.1039574686160862,0.103198831003937,0.1047238260507583,0.1050857752561568,/home/tchowdh4/sensor_recovery_project/prediction_results_v9_trained_hybrid/baseline_01_hover_ATT_trained_hybrid_prediction_outputs.csv,0.9996797059179755,0.00024876101095340524,7.153307107116025e-05,False,0.1047238070020295,0.1047238260507583,0.1047238260507583,0.0,0.0,0.0
18.500097,baseline_01_hover,Roll,pulse,0.05492,0,0.1048805862665176,0.1048805862665176,0.1040253048352533,0.0008552814312643,0.0008552814312643,0.006865,0,0.0,0.0008119176005254,0,0,0,W10_N3_mean1x,10,3,1.0,1001,Roll_hybrid_prediction,/home/tchowdh4/sensor_recovery_project/logs/extracted_csv/baseline_01_hover_ATT.csv,/home/tchowdh4/sensor_recovery_project/prediction_results_v9_trained_hybrid/baseline_01_hover_ATT_trained_hybrid_prediction_outputs.csv,0.1051856204867363,0.1040253048352533,0.1032685254039428,0.1048805862665176,0.1050373464822768,/home/tchowdh4/sensor_recovery_project/prediction_results_v9_trained_hybrid/baseline_01_hover_ATT_trained_hybrid_prediction_outputs.csv,0.9996721527036461,0.00025716289634191114,7.068440001207227e-05,False,0.10488051263187387,0.1048805862665176,0.1048805862665176,0.0,0.0,0.0
18.600057,baseline_01_hover,Roll,pulse,0.05492,0,0.1051856204867363,0.1051856204867363,0.1044881346389515,0.0006974858477847,0.0006974858477847,0.006865,0,0.0,0.00079202777346,0,0,0,W10_N3_mean1x,10,3,1.0,1001,Roll_hybrid_prediction,/home/tchowdh4/sensor_recovery_project/logs/extracted_csv/baseline_01_hover_ATT.csv,/home/tchowdh4/sensor_recovery_project/prediction_results_v9_trained_hybrid/baseline_01_hover_ATT_trained_hybrid_prediction_outputs.csv,0.1051331013441085,0.1044881346389515,0.1038065428652299,0.1051856204867363,0.105490654706955,/home/tchowdh4/sensor_recovery_project/prediction_results_v9_trained_hybrid/baseline_01_hover_ATT_trained_hybrid_prediction_outputs.csv,0.9996660920948197,0.0002638523282253734,7.005557695500847e-05,False,0.10518560435864706,0.1051856204867363,0.1051856204867363,0.0,0.0,0.0
18.700017,baseline_01_hover,Roll,pulse,0.05492,0,0.1051331013441085,0.1051331013441085,0.1039989852208732,0.0011341161232353,0.0011341161232353,0.006865,0,0.0,0.0008389933192537,0,0,0,W10_N3_mean1x,10,3,1.0,1001,Roll_hybrid_prediction,/home/tchowdh4/sensor_recovery_project/logs/extracted_csv/baseline_01_hover_ATT.csv,/home/tchowdh4/sensor_recovery_project/prediction_results_v9_trained_hybrid/baseline_01_hover_ATT_trained_hybrid_prediction_outputs.csv,0.1052252948284149,0.1039989852208732,0.1030901698991817,0.1051331013441085,0.1050805822014807,/home/tchowdh4/sensor_recovery_project/prediction_results_v9_trained_hybrid/baseline_01_hover_ATT_trained_hybrid_prediction_outputs.csv,0.9996585468081564,0.0002722562690681248,6.919692277557388e-05,False,0.10513294568087324,0.1051331013441085,0.1051331013441085,0.0,0.0,0.0
18.799977,baseline_01_hover,Roll,pulse,0.05492,0,0.1052252948284149,0.1052252948284149,0.104345809818473,0.0008794850099419,0.0008794850099419,0.006865,0,0.0,0.0008747213883993,0,0,0,W10_N3_mean1x,10,3,1.0,1001,Roll_hybrid_prediction,/home/tchowdh4/sensor_recovery_project/logs/extracted_csv/baseline_01_hover_ATT.csv,/home/tchowdh4/sensor_recovery_project/prediction_results_v9_trained_hybrid/baseline_01_hover_ATT_trained_hybrid_prediction_outputs.csv,0.1053410246968269,0.104345809818473,0.1035927062705909,0.1052252948284149,0.1053174883127213,/home/tchowdh4/sensor_recovery_project/prediction_results_v9_trained_hybrid/baseline_01_hover_ATT_trained_hybrid_prediction_outputs.csv,0.9996458492390892,0.00028590818074078375,6.824258017003308e-05,False,0.10522520977523074,0.1052252948284149,0.1052252948284149,0.0,0.0,0.0
18.899937,baseline_01_hover,Roll,pulse,0.05492,0,0.1053410246968269,0.1053410246968269,0.1046317912620235,0.0007092334348033,0.0007092334348033,0.006865,0,0.0,0.0008566312916308,0,0,0,W10_N3_mean1x,10,3,1.0,1001,Roll_hybrid_prediction,/home/tchowdh4/sensor_recovery_project/logs/extracted_csv/baseline_01_hover_ATT.csv,/home/tchowdh4/sensor_recovery_project/prediction_results_v9_trained_hybrid/baseline_01_hover_ATT_trained_hybrid_prediction_outputs.csv,0.1054349243640899,0.1046317912620235,0.1040094257723072,0.1053410246968269,0.1054567545652388,/home/tchowdh4/sensor_recovery_project/prediction_results_v9_trained_hybrid/baseline_01_hover_ATT_trained_hybrid_prediction_outputs.csv,0.9996317492856606,0.00030072847035515245,6.75222439843696e-05,False,0.10534096958754573,0.1053410246968269,0.1053410246968269,0.0,0.0,0.0
18.999897,baseline_01_hover,Roll,pulse,0.05492,0,0.1054349243640899,0.1054349243640899,0.1047123208150909,0.000722603548999,0.000722603548999,0.006865,0,0.0,0.000846051194554,0,0,0,W10_N3_mean1x,10,3,1.0,1001,Roll_hybrid_prediction,/home/tchowdh4/sensor_recovery_project/logs/extracted_csv/baseline_01_hover_ATT.csv,/home/tchowdh4/sensor_recovery_project/prediction_results_v9_trained_hybrid/baseline_01_hover_ATT_trained_hybrid_prediction_outputs.csv,0.1055605635046958,0.1047123208150909,0.1040869543959961,0.1054349243640899,0.1055288240313529,/home/tchowdh4/sensor_recovery_project/prediction_results_v9_trained_hybrid/baseline_01_hover_ATT_trained_hybrid_prediction_outputs.csv,0.9996107146625183,0.00032228802911733756,6.699730836432433e-05,False,0.10543486431646897,0.1054349243640899,0.1054349243640899,0.0,0.0,0.0
19.099857,baseline_01_hover,Roll,pulse,0.05492,0,0.1055605635046958,0.1055605635046958,0.1045316826885337,0.001028880816162,0.001028880816162,0.006865,0,0.0,0.0008522328718448,0,0,0,W10_N3_mean1x,10,3,1.0,1001,Roll_hybrid_prediction,/home/tchowdh4/sensor_recovery_project/logs/extracted_csv/baseline_01_hover_ATT.csv,/home/tchowdh4/sensor_recovery_project/prediction_results_v9_trained_hybrid/baseline_01_hover_ATT_trained_hybrid_prediction_outputs.csv,0.1057780534029007,0.1045316826885337,0.1036441841514534,0.1055605635046958,0.1056862026453017,/home/tchowdh4/sensor_recovery_project/prediction_results_v9_trained_hybrid/baseline_01_hover_ATT_trained_hybrid_prediction_outputs.csv,0.9995853446753585,0.00034814408631875834,6.651123832272951e-05,False,0.10556047978445572,0.1055605635046958,0.1055605635046958,0.0,0.0,0.0
19.199817,baseline_01_hover,Roll,pulse,0.05492,0,0.1057780534029007,0.1057780534029007,0.1049913213652568,0.0007867320376439,0.0007867320376439,0.006865,0,0.0,0.0008591935899526,0,0,0,W10_N3_mean1x,10,3,1.0,1001,Roll_hybrid_prediction,/home/tchowdh4/sensor_recovery_project/logs/extracted_csv/baseline_01_hover_ATT.csv,/home/tchowdh4/sensor_recovery_project/prediction_results_v9_trained_hybrid/baseline_01_hover_ATT_trained_hybrid_prediction_outputs.csv,0.105878546833992,0.1049913213652568,0.1042685442805645,0.1057780534029007,0.1059955433011056,/home/tchowdh4/sensor_recovery_project/prediction_results_v9_trained_hybrid/baseline_01_hover_ATT_trained_hybrid_prediction_outputs.csv,0.9995580542933173,0.0003759035924758684,6.604211420677605e-05,False,0.10577803546696089,0.1057780534029007,0.1057780534029007,0.0,0.0,0.0
19.299777,baseline_01_hover,Roll,pulse,0.05492,0,0.105878546833992,0.105878546833992,0.1050674562688014,0.0008110905651906,0.0008110905651906,0.006865,0,0.0,0.0008391266249697,0,0,0,W10_N3_mean1x,10,3,1.0,1001,Roll_hybrid_prediction,/home/tchowdh4/sensor_recovery_project/logs/extracted_csv/baseline_01_hover_ATT.csv,/home/tchowdh4/sensor_recovery_project/prediction_results_v9_trained_hybrid/baseline_01_hover_ATT_trained_hybrid_prediction_outputs.csv,0.1060552895069122,0.1050674562688014,0.1043672936496122,0.105878546833992,0.1059790402650833,/home/tchowdh4/sensor_recovery_project/prediction_results_v9_trained_hybrid/baseline_01_hover_ATT_trained_hybrid_prediction_outputs.csv,0.9995343442691802,0.0003998967581374034,6.575897268240542e-05,False,0.10587848764253245,0.105878546833992,0.105878546833992,0.0,0.0,0.0
19.399737,baseline_01_hover,Roll,pulse,0.05492,0,0.1060552895069122,0.1060552895069122,0.1050852879173621,0.0009700015895501,0.0009700015895501,0.006865,0,0.0,0.0008594910404575,0,0,0,W10_N3_mean1x,10,3,1.0,1001,Roll_hybrid_prediction,/home/tchowdh4/sensor_recovery_project/logs/extracted_csv/baseline_01_hover_ATT.csv,/home/tchowdh4/sensor_recovery_project/prediction_results_v9_trained_hybrid/baseline_01_hover_ATT_trained_hybrid_prediction_outputs.csv,0.1062768101692199,0.1050852879173621,0.1042273801903047,0.1060552895069122,0.1062320321798324,/home/tchowdh4/sensor_recovery_project/prediction_results_v9_trained_hybrid/baseline_01_hover_ATT_trained_hybrid_prediction_outputs.csv,0.9995051956320999,0.00042941954475162066,6.5384823148529e-05,False,0.10605524588614297,0.1060552895069122,0.1060552895069122,0.0,0.0,0.0
19.499697,baseline_01_hover,Roll,pulse,0.05492,0,0.1062768101692199,0.1062768101692199,0.105584887374101,0.0006919227951188,0.0006919227951188,0.006865,0,0.0,0.0008431551768429,0,0,0,W10_N3_mean1x,10,3,1.0,1001,Roll_hybrid_prediction,/home/tchowdh4/sensor_recovery_project/logs/extracted_csv/baseline_01_hover_ATT.csv,/home/tchowdh4/sensor_recovery_project/prediction_results_v9_trained_hybrid/baseline_01_hover_ATT_trained_hybrid_prediction_outputs.csv,0.1063274964690208,0.105584887374101,0.1049382157554373,0.1062768101692199,0.1064983308315276,/home/tchowdh4/sensor_recovery_project/prediction_results_v9_trained_hybrid/baseline_01_hover_ATT_trained_hybrid_prediction_outputs.csv,0.9994818492637279,0.00045299538856483936,6.515534770743614e-05,False,0.10627682330047394,0.1062768101692199,0.1062768101692199,0.0,0.0,0.0
19.599657,baseline_01_hover,Roll,pulse,0.05492,0,0.1063274964690208,0.1063274964690208,0.105236755689863,0.0010907407791578,0.0010907407791578,0.006865,0,0.0,0.0008824806699802,0,0,0,W10_N3_mean1x,10,3,1.0,1001,Roll_hybrid_prediction,/home/tchowdh4/sensor_recovery_project/logs/extracted_csv/baseline_01_hover_ATT.csv,/home/tchowdh4/sensor_recovery_project/prediction_results_v9_trained_hybrid/baseline_01_hover_ATT_trained_hybrid_prediction_outputs.csv,0.1063407734036445,0.105236755689863,0.1043259000342609,0.1063274964690208,0.1063781827688217,/home/tchowdh4/sensor_recovery_project/prediction_results_v9_trained_hybrid/baseline_01_hover_ATT_trained_hybrid_prediction_outputs.csv,0.9994475300394843,0.00048776053708394666,6.470942343166108e-05,False,0.10632739166964636,0.1063274964690208,0.1063274964690208,0.0,0.0,0.0
19.699617,baseline_01_hover,Roll,pulse,0.05492,0,0.1063407734036445,0.1063407734036445,0.1054654012063415,0.000875372197303,0.000875372197303,0.006865,0,0.0,0.000856606277387,0,0,0,W10_N3_mean1x,10,3,1.0,1001,Roll_hybrid_prediction,/home/tchowdh4/sensor_recovery_project/logs/extracted_csv/baseline_01_hover_ATT.csv,/home/tchowdh4/sensor_recovery_project/prediction_results_v9_trained_hybrid/baseline_01_hover_ATT_trained_hybrid_prediction_outputs.csv,0.1062589362263679,0.1054654012063415,0.1047443596141395,0.1063407734036445,0.1063540503382682,/home/tchowdh4/sensor_recovery_project/prediction_results_v9_trained_hybrid/baseline_01_hover_ATT_trained_hybrid_prediction_outputs.csv,0.9994138764920572,0.0005216463590003482,6.447714894248057e-05,False,0.10634067739729944,0.1063407734036445,0.1063407734036445,0.0,0.0,0.0
19.799577,baseline_01_hover,Roll,pulse,0.05492,0,0.1062589362263679,0.1062589362263679,0.1053046859452203,0.0009542502811475,0.0009542502811475,0.006865,0,0.0,0.0008640828045076,0,0,0,W10_N3_mean1x,10,3,1.0,1001,Roll_hybrid_prediction,/home/tchowdh4/sensor_recovery_project/logs/extracted_csv/baseline_01_hover_ATT.csv,/home/tchowdh4/sensor_recovery_project/prediction_results_v9_trained_hybrid/baseline_01_hover_ATT_trained_hybrid_prediction_outputs.csv,0.1059863492846489,0.1053046859452203,0.1045536946887456,0.1062589362263679,0.1061770990490912,/home/tchowdh4/sensor_recovery_project/prediction_results_v9_trained_hybrid/baseline_01_hover_ATT_trained_hybrid_prediction_outputs.csv,0.9993829026929058,0.0005528574224025209,6.423988469170369e-05,False,0.10625878143755725,0.1062589362263679,0.1062589362263679,0.0,0.0,0.0
19.899537,baseline_01_hover,Roll,pulse,0.05492,0,0.1059863492846489,0.1059863492846489,0.1047717673910875,0.0012145818935613,0.0012145818935613,0.006865,0,0.0,0.0009146176503834,0,0,0,W10_N3_mean1x,10,3,1.0,1001,Roll_hybrid_prediction,/home/tchowdh4/sensor_recovery_project/logs/extracted_csv/baseline_01_hover_ATT.csv,/home/tchowdh4/sensor_recovery_project/prediction_results_v9_trained_hybrid/baseline_01_hover_ATT_trained_hybrid_prediction_outputs.csv,0.1061389669775962,0.1047717673910875,0.1038771410933442,0.1059863492846489,0.1057137623429299,/home/tchowdh4/sensor_recovery_project/prediction_results_v9_trained_hybrid/baseline_01_hover_ATT_trained_hybrid_prediction_outputs.csv,0.9993649551875975,0.0005713042261967697,6.374058620568765e-05,False,0.10598605911241055,0.1059863492846489,0.1059863492846489,0.0,0.0,0.0
19.999497,baseline_01_hover,Roll,pulse,0.05492,0,0.1061389669775962,0.1061389669775962,0.1053672673847619,0.0007716995928342,0.0007716995928342,0.006865,0,0.0,0.0009195272547669,0,0,0,W10_N3_mean1x,10,3,1.0,1001,Roll_hybrid_prediction,/home/tchowdh4/sensor_recovery_project/logs/extracted_csv/baseline_01_hover_ATT.csv,/home/tchowdh4/sensor_recovery_project/prediction_results_v9_trained_hybrid/baseline_01_hover_ATT_trained_hybrid_prediction_outputs.csv,0.1061161011457443,0.1053672673847619,0.1046803794659167,0.1061389669775962,0.1062915846705435,/home/tchowdh4/sensor_recovery_project/prediction_results_v9_trained_hybrid/baseline_01_hover_ATT_trained_hybrid_prediction_outputs.csv,0.9993519007333451,0.0005848464732238828,6.325279343103879e-05,False,0.1061389639757811,0.1061389669775962,0.1061389669775962,0.0,0.0,0.0
20.099457,baseline_01_hover,Roll,pulse,0.05492,0,0.1061161011457443,0.1061161011457443,0.1049579785354564,0.0011581226102879,0.0011581226102879,0.006865,0,0.0,0.0009324514341795,0,0,0,W10_N3_mean1x,10,3,1.0,1001,Roll_hybrid_prediction,/home/tchowdh4/sensor_recovery_project/logs/extracted_csv/baseline_01_hover_ATT.csv,/home/tchowdh4/sensor_recovery_project/prediction_results_v9_trained_hybrid/baseline_01_hover_ATT_trained_hybrid_prediction_outputs.csv,0.1061130389571189,0.1049579785354564,0.1040187385204397,0.1061161011457443,0.1060932353138923,/home/tchowdh4/sensor_recovery_project/prediction_results_v9_trained_hybrid/baseline_01_hover_ATT_trained_hybrid_prediction_outputs.csv,0.9993346785607873,0.0006025700716486192,6.275136756395232e-05,False,0.10611595575510532,0.1061161011457443,0.1061161011457443,0.0,0.0,0.0
20.199417,baseline_01_hover,Roll,pulse,0.05492,0,0.1061130389571189,0.1061130389571189,0.1051577801750504,0.0009552587820685,0.0009552587820685,0.006865,0,0.0,0.000949304108622,0,0,0,W10_N3_mean1x,10,3,1.0,1001,Roll_hybrid_prediction,/home/tchowdh4/sensor_recovery_project/logs/extracted_csv/baseline_01_hover_ATT.csv,/home/tchowdh4/sensor_recovery_project/prediction_results_v9_trained_hybrid/baseline_01_hover_ATT_trained_hybrid_prediction_outputs.csv,0.1060642600059509,0.1051577801750504,0.1043773183310399,0.1061130389571189,0.1061099767684935,/home/tchowdh4/sensor_recovery_project/prediction_results_v9_trained_hybrid/baseline_01_hover_ATT_trained_hybrid_prediction_outputs.csv,0.9993043683118541,0.000633408244347788,6.222344379815589e-05,False,0.10611292901498856,0.1061130389571189,0.1061130389571189,0.0,0.0,0.0
20.299377,baseline_01_hover,Roll,pulse,0.05492,0,0.1060642600059509,0.1060642600059509,0.1049726580691215,0.0010916019368294,0.0010916019368294,0.006865,0,0.0,0.0009773552457858,0,0,0,W10_N3_mean1x,10,3,1.0,1001,Roll_hybrid_prediction,/home/tchowdh4/sensor_recovery_project/logs/extracted_csv/baseline_01_hover_ATT.csv,/home/tchowdh4/sensor_recovery_project/prediction_results_v9_trained_hybrid/baseline_01_hover_ATT_trained_hybrid_prediction_outputs.csv,0.1063503548502922,0.1049726580691215,0.1040972670121404,0.1060642600059509,0.1060154810547829,/home/tchowdh4/sensor_recovery_project/prediction_results_v9_trained_hybrid/baseline_01_hover_ATT_trained_hybrid_prediction_outputs.csv,0.9992727321480677,0.0006656666130973957,6.160123883494373e-05,False,0.10606410636622648,0.1060642600059509,0.1060642600059509,0.0,0.0,0.0
20.399337,baseline_01_hover,Roll,pulse,0.05492,0,0.1063503548502922,0.1063503548502922,0.1056979540692797,0.0006524007810125,0.0006524007810125,0.006865,0,0.0,0.0009455951649321,0,0,0,W10_N3_mean1x,10,3,1.0,1001,Roll_hybrid_prediction,/home/tchowdh4/sensor_recovery_project/logs/extracted_csv/baseline_01_hover_ATT.csv,/home/tchowdh4/sensor_recovery_project/prediction_results_v9_trained_hybrid/baseline_01_hover_ATT_trained_hybrid_prediction_outputs.csv,0.1063553318381309,0.1056979540692797,0.1050601371232363,0.1063503548502922,0.1066364496946335,/home/tchowdh4/sensor_recovery_project/prediction_results_v9_trained_hybrid/baseline_01_hover_ATT_trained_hybrid_prediction_outputs.csv,0.9992531336919381,0.0006856504953934947,6.121581266836257e-05,False,0.10635047202963728,0.1063503548502922,0.1063503548502922,0.0,0.0,0.0
20.499297,baseline_01_hover,Roll,pulse,0.05492,0,0.1063553318381309,0.1063553318381309,0.1052436417237579,0.0011116901143729,0.0011116901143729,0.006865,0,0.0,0.0009875718968575,0,0,0,W10_N3_mean1x,10,3,1.0,1001,Roll_hybrid_prediction,/home/tchowdh4/sensor_recovery_project/logs/extracted_csv/baseline_01_hover_ATT.csv,/home/tchowdh4/sensor_recovery_project/prediction_results_v9_trained_hybrid/baseline_01_hover_ATT_trained_hybrid_prediction_outputs.csv,0.1062927022576332,0.1052436417237579,0.104332267270966,0.1063553318381309,0.1063603088259695,/home/tchowdh4/sensor_recovery_project/prediction_results_v9_trained_hybrid/baseline_01_hover_ATT_trained_hybrid_prediction_outputs.csv,0.9992157516134818,0.0007236003226780432,6.0648063840278705e-05,False,0.1063552127445319,0.1063553318381309,0.1063553318381309,0.0,0.0,0.0
20.60009,baseline_01_hover,Roll,pulse,0.05492,0,0.1062927022576332,0.1062927022576332,0.1052710224552684,0.0010216798023647,0.0010216798023647,0.006865,0,0.0,0.0009806657991782,0,0,0,W10_N3_mean1x,10,3,1.0,1001,Roll_hybrid_prediction,/home/tchowdh4/sensor_recovery_project/logs/extracted_csv/baseline_01_hover_ATT.csv,/home/tchowdh4/sensor_recovery_project/prediction_results_v9_trained_hybrid/baseline_01_hover_ATT_trained_hybrid_prediction_outputs.csv,0.1061017662286758,0.1052710224552684,0.1044578770098781,0.1062927022576332,0.1062300726771355,/home/tchowdh4/sensor_recovery_project/prediction_results_v9_trained_hybrid/baseline_01_hover_ATT_trained_hybrid_prediction_outputs.csv,0.9991833938125727,0.0007564170449869598,6.018914244041141e-05,False,0.1062925444469928,0.1062927022576332,0.1062927022576332,0.0,0.0,0.0
20.70005,baseline_01_hover,Roll,pulse,0.05492,0,0.1061017662286758,0.1061017662286758,0.1049458700213414,0.0011558962073344,0.0011558962073344,0.006865,0,0.0,0.0010087182001813,0,0,0,W10_N3_mean1x,10,3,1.0,1001,Roll_hybrid_prediction,/home/tchowdh4/sensor_recovery_project/logs/extracted_csv/baseline_01_hover_ATT.csv,/home/tchowdh4/sensor_recovery_project/prediction_results_v9_trained_hybrid/baseline_01_hover_ATT_trained_hybrid_prediction_outputs.csv,0.1062656044960022,0.1049458700213414,0.1040695680440524,0.1061017662286758,0.1059108301997184,/home/tchowdh4/sensor_recovery_project/prediction_results_v9_trained_hybrid/baseline_01_hover_ATT_trained_hybrid_prediction_outputs.csv,0.9991709641722231,0.000769392628428881,5.9643199348092454e-05,False,0.10610149811710118,0.1061017662286758,0.1061017662286758,0.0,0.0,0.0
20.80001,baseline_01_hover,Roll,pulse,0.05492,0,0.1062656044960022,0.1062656044960022,0.1053949940044886,0.0008706104915136,0.0008706104915136,0.006865,0,0.0,0.0010003542212179,0,0,0,W10_N3_mean1x,10,3,1.0,1001,Roll_hybrid_prediction,/home/tchowdh4/sensor_recovery_project/logs/extracted_csv/baseline_01_hover_ATT.csv,/home/tchowdh4/sensor_recovery_project/prediction_results_v9_trained_hybrid/baseline_01_hover_ATT_trained_hybrid_prediction_outputs.csv,0.1062760949134826,0.1053949940044886,0.1046230987778589,0.1062656044960022,0.1064294427633286,/home/tchowdh4/sensor_recovery_project/prediction_results_v9_trained_hybrid/baseline_01_hover_ATT_trained_hybrid_prediction_outputs.csv,0.9991657619359255,0.0007750670104615079,5.9171053613049926e-05,False,0.10626563429284436,0.1062656044960022,0.1062656044960022,0.0,0.0,0.0
20.89997,baseline_01_hover,Roll,pulse,0.05492,0,0.1062760949134826,0.1062760949134826,0.105390649899391,0.0008854450140916,0.0008854450140916,0.006865,0,0.0,0.000967440533271,0,0,0,W10_N3_mean1x,10,3,1.0,1001,Roll_hybrid_prediction,/home/tchowdh4/sensor_recovery_project/logs/extracted_csv/baseline_01_hover_ATT.csv,/home/tchowdh4/sensor_recovery_project/prediction_results_v9_trained_hybrid/baseline_01_hover_ATT_trained_hybrid_prediction_outputs.csv,0.106172539293766,0.105390649899391,0.104662380190596,0.1062760949134826,0.106286585330963,/home/tchowdh4/sensor_recovery_project/prediction_results_v9_trained_hybrid/baseline_01_hover_ATT_trained_hybrid_prediction_outputs.csv,0.9991380941532912,0.0008030072422435259,5.889860446515098e-05,False,0.10627600829181863,0.1062760949134826,0.1062760949134826,0.0,0.0,0.0
20.99993,baseline_01_hover,Roll,pulse,0.05492,0,0.106172539293766,0.106172539293766,0.1049769619004134,0.0011955773933525,0.0011955773933525,0.006865,0,0.0,0.0010098283133228,0,0,0,W10_N3_mean1x,10,3,1.0,1001,Roll_hybrid_prediction,/home/tchowdh4/sensor_recovery_project/logs/extracted_csv/baseline_01_hover_ATT.csv,/home/tchowdh4/sensor_recovery_project/prediction_results_v9_trained_hybrid/baseline_01_hover_ATT_trained_hybrid_prediction_outputs.csv,0.1061741858720779,0.1049769619004134,0.104036418803931,0.106172539293766,0.1060689836740493,/home/tchowdh4/sensor_recovery_project/prediction_results_v9_trained_hybrid/baseline_01_hover_ATT_trained_hybrid_prediction_outputs.csv,0.9991076481634374,0.000833906885415222,5.8444951147405864e-05,False,0.10617232809256402,0.106172539293766,0.106172539293766,0.0,0.0,0.0
21.09989,baseline_01_hover,Roll,pulse,0.05492,0,0.1061741858720779,0.1061741858720779,0.1052139183711851,0.0009602675008928,0.0009602675008928,0.006865,0,0.0,0.0009900428023833,0,0,0,W10_N3_mean1x,10,3,1.0,1001,Roll_hybrid_prediction,/home/tchowdh4/sensor_recovery_project/logs/extracted_csv/baseline_01_hover_ATT.csv,/home/tchowdh4/sensor_recovery_project/prediction_results_v9_trained_hybrid/baseline_01_hover_ATT_trained_hybrid_prediction_outputs.csv,0.1059840396046638,0.1052139183711851,0.1044276462056139,0.1061741858720779,0.1061758324503898,/home/tchowdh4/sensor_recovery_project/prediction_results_v9_trained_hybrid/baseline_01_hover_ATT_trained_hybrid_prediction_outputs.csv,0.9990774538001445,0.0008644038737152424,5.814232614038411e-05,False,0.10617408574750768,0.1061741858720779,0.1061741858720779,0.0,0.0,0.0
21.19985,baseline_01_hover,Roll,pulse,0.05492,0,0.1059840396046638,0.1059840396046638,0.1048100784013403,0.0011739612033234,0.0011739612033234,0.006865,0,0.0,0.0010119130445088,0,0,0,W10_N3_mean1x,10,3,1.0,1001,Roll_hybrid_prediction,/home/tchowdh4/sensor_recovery_project/logs/extracted_csv/baseline_01_hover_ATT.csv,/home/tchowdh4/sensor_recovery_project/prediction_results_v9_trained_hybrid/baseline_01_hover_ATT_trained_hybrid_prediction_outputs.csv,0.1058619394898414,0.1048100784013403,0.1039187087867716,0.1059840396046638,0.1057938933372496,/home/tchowdh4/sensor_recovery_project/prediction_results_v9_trained_hybrid/baseline_01_hover_ATT_trained_hybrid_prediction_outputs.csv,0.9990703816300995,0.0008718468426164969,5.777152728399911e-05,False,0.10598375450892521,0.1059840396046638,0.1059840396046638,0.0,0.0,0.0
21.29981,baseline_01_hover,Roll,pulse,0.05492,0,0.1058619394898414,0.1058619394898414,0.1046539037302985,0.0012080357595429,0.0012080357595429,0.006865,0,0.0,0.0010235564267801,0,0,0,W10_N3_mean1x,10,3,1.0,1001,Roll_hybrid_prediction,/home/tchowdh4/sensor_recovery_project/logs/extracted_csv/baseline_01_hover_ATT.csv,/home/tchowdh4/sensor_recovery_project/prediction_results_v9_trained_hybrid/baseline_01_hover_ATT_trained_hybrid_prediction_outputs.csv,0.105815939605236,0.1046539037302985,0.1037099108778807,0.1058619394898414,0.105739839375019,/home/tchowdh4/sensor_recovery_project/prediction_results_v9_trained_hybrid/baseline_01_hover_ATT_trained_hybrid_prediction_outputs.csv,0.9990701173216492,0.0008724988754866373,5.738380286404622e-05,False,0.10586170946604288,0.1058619394898414,0.1058619394898414,0.0,0.0,0.0
21.39977,baseline_01_hover,Roll,pulse,0.05492,0,0.105815939605236,0.105815939605236,0.1048486457737067,0.0009672938315292,0.0009672938315292,0.006865,0,0.0,0.0010550457318318,0,0,0,W10_N3_mean1x,10,3,1.0,1001,Roll_hybrid_prediction,/home/tchowdh4/sensor_recovery_project/logs/extracted_csv/baseline_01_hover_ATT.csv,/home/tchowdh4/sensor_recovery_project/prediction_results_v9_trained_hybrid/baseline_01_hover_ATT_trained_hybrid_prediction_outputs.csv,0.1058291122317314,0.1048486457737067,0.1040739507786756,0.105815939605236,0.1057699397206305,/home/tchowdh4/sensor_recovery_project/prediction_results_v9_trained_hybrid/baseline_01_hover_ATT_trained_hybrid_prediction_outputs.csv,0.9990465325270761,0.0008965620703422523,5.690540258162524e-05,False,0.10581579923490873,0.105815939605236,0.105815939605236,0.0,0.0,0.0
21.49973,baseline_01_hover,Roll,pulse,0.05492,0,0.1058291122317314,0.1058291122317314,0.1046833871193705,0.0011457251123608,0.0011457251123608,0.006865,0,0.0,0.0010584492316306,0,0,0,W10_N3_mean1x,10,3,1.0,1001,Roll_hybrid_prediction,/home/tchowdh4/sensor_recovery_project/logs/extracted_csv/baseline_01_hover_ATT.csv,/home/tchowdh4/sensor_recovery_project/prediction_results_v9_trained_hybrid/baseline_01_hover_ATT_trained_hybrid_prediction_outputs.csv,0.105880469083786,0.1046833871193705,0.1037411856178042,0.1058291122317314,0.1058422848582268,/home/tchowdh4/sensor_recovery_project/prediction_results_v9_trained_hybrid/baseline_01_hover_ATT_trained_hybrid_prediction_outputs.csv,0.9990263304050141,0.0009172126043264289,5.645699065943602e-05,False,0.10582900643577711,0.1058291122317314,0.1058291122317314,0.0,0.0,0.0
21.59969,baseline_01_hover,Roll,pulse,0.05492,0,0.105880469083786,0.105880469083786,0.1048264164966977,0.0010540525870882,0.0010540525870882,0.006865,0,0.0,0.0010616865101029,0,0,0,W10_N3_mean1x,10,3,1.0,1001,Roll_hybrid_prediction,/home/tchowdh4/sensor_recovery_project/logs/extracted_csv/baseline_01_hover_ATT.csv,/home/tchowdh4/sensor_recovery_project/prediction_results_v9_trained_hybrid/baseline_01_hover_ATT_trained_hybrid_prediction_outputs.csv,0.105703093111515,0.1048264164966977,0.1039453346156057,0.105880469083786,0.1059318259358405,/home/tchowdh4/sensor_recovery_project/prediction_results_v9_trained_hybrid/baseline_01_hover_ATT_trained_hybrid_prediction_outputs.csv,0.999006787025849,0.0009371870775504454,5.602589660058615e-05,False,0.10588040879712048,0.105880469083786,0.105880469083786,0.0,0.0,0.0
21.69965,baseline_01_hover,Roll,pulse,0.05492,0,0.105703093111515,0.105703093111515,0.1043812187268593,0.0013218743846556,0.0013218743846556,0.006865,0,0.0,0.0010782843278351,0,0,0,W10_N3_mean1x,10,3,1.0,1001,Roll_hybrid_prediction,/home/tchowdh4/sensor_recovery_project/logs/extracted_csv/baseline_01_hover_ATT.csv,/home/tchowdh4/sensor_recovery_project/prediction_results_v9_trained_hybrid/baseline_01_hover_ATT_trained_hybrid_prediction_outputs.csv,0.1057683527469635,0.1043812187268593,0.1033641854929669,0.105703093111515,0.105525717139244,/home/tchowdh4/sensor_recovery_project/prediction_results_v9_trained_hybrid/baseline_01_hover_ATT_trained_hybrid_prediction_outputs.csv,0.9989875623054781,0.0009568820490547479,5.555564546712777e-05,False,0.10570279344410877,0.105703093111515,0.105703093111515,0.0,0.0,0.0
21.79961,baseline_01_hover,Roll,pulse,0.05492,0,0.1057683527469635,0.1057683527469635,0.1047311651822222,0.0010371875647413,0.0010371875647413,0.006865,0,0.0,0.0010949420351578,0,0,0,W10_N3_mean1x,10,3,1.0,1001,Roll_hybrid_prediction,/home/tchowdh4/sensor_recovery_project/logs/extracted_csv/baseline_01_hover_ATT.csv,/home/tchowdh4/sensor_recovery_project/prediction_results_v9_trained_hybrid/baseline_01_hover_ATT_trained_hybrid_prediction_outputs.csv,0.1059114038944244,0.1047311651822222,0.1038588263981798,0.1057683527469635,0.105833612382412,/home/tchowdh4/sensor_recovery_project/prediction_results_v9_trained_hybrid/baseline_01_hover_ATT_trained_hybrid_prediction_outputs.csv,0.9989560534218216,0.0009888843448419614,5.506223333631995e-05,False,0.10576831213840997,0.1057683527469635,0.1057683527469635,0.0,0.0,0.0
21.89957,baseline_01_hover,Roll,pulse,0.05492,0,0.1059114038944244,0.1059114038944244,0.1045719757771572,0.0013394281172671,0.0013394281172671,0.006865,0,0.0,0.0011403403454754,0,0,0,W10_N3_mean1x,10,3,1.0,1001,Roll_hybrid_prediction,/home/tchowdh4/sensor_recovery_project/logs/extracted_csv/baseline_01_hover_ATT.csv,/home/tchowdh4/sensor_recovery_project/prediction_results_v9_trained_hybrid/baseline_01_hover_ATT_trained_hybrid_prediction_outputs.csv,0.1059386655688285,0.1045719757771572,0.1034240614457709,0.1059114038944244,0.1060544550418852,/home/tchowdh4/sensor_recovery_project/prediction_results_v9_trained_hybrid/baseline_01_hover_ATT_trained_hybrid_prediction_outputs.csv,0.9989463946946278,0.0009992008974615378,5.4404407910692924e-05,False,0.10591141150886614,0.1059114038944244,0.1059114038944244,0.0,0.0,0.0
21.99953,baseline_01_hover,Roll,pulse,0.05492,0,0.1059386655688285,0.1059386655688285,0.1048131858037689,0.0011254797650595,0.0011254797650595,0.006865,0,0.0,0.0011333305826461,0,0,0,W10_N3_mean1x,10,3,1.0,1001,Roll_hybrid_prediction,/home/tchowdh4/sensor_recovery_project/logs/extracted_csv/baseline_01_hover_ATT.csv,/home/tchowdh4/sensor_recovery_project/prediction_results_v9_trained_hybrid/baseline_01_hover_ATT_trained_hybrid_prediction_outputs.csv,0.1058061197400093,0.1048131858037689,0.1038824253871187,0.1059386655688285,0.1059659272432326,/home/tchowdh4/sensor_recovery_project/prediction_results_v9_trained_hybrid/baseline_01_hover_ATT_trained_hybrid_prediction_outputs.csv,0.9989277573730636,0.0010184118744375457,5.3830752498839754e-05,False,0.10593858264348513,0.1059386655688285,0.1059386655688285,0.0,0.0,0.0
22.09949,baseline_01_hover,Roll,pulse,0.05492,0,0.1058061197400093,0.1058061197400093,0.1045867230838443,0.0012193966561649,0.0012193966561649,0.006865,0,0.0,0.0011592434981733,0,0,0,W10_N3_mean1x,10,3,1.0,1001,Roll_hybrid_prediction,/home/tchowdh4/sensor_recovery_project/logs/extracted_csv/baseline_01_hover_ATT.csv,/home/tchowdh4/sensor_recovery_project/prediction_results_v9_trained_hybrid/baseline_01_hover_ATT_trained_hybrid_prediction_outputs.csv,0.1057743281126022,0.1045867230838443,0.1036372333938254,0.1058061197400093,0.10567357391119,/home/tchowdh4/sensor_recovery_project/prediction_results_v9_trained_hybrid/baseline_01_hover_ATT_trained_hybrid_prediction_outputs.csv,0.9989271530385668,0.001019629866594551,5.3217094838606236e-05,False,0.10580586917049316,0.1058061197400093,0.1058061197400093,0.0,0.0,0.0
22.19945,baseline_01_hover,Roll,pulse,0.05492,0,0.1057743281126022,0.1057743281126022,0.1047147695068074,0.0010595586057948,0.0010595586057948,0.006865,0,0.0,0.0011478032384205,0,0,0,W10_N3_mean1x,10,3,1.0,1001,Roll_hybrid_prediction,/home/tchowdh4/sensor_recovery_project/logs/extracted_csv/baseline_01_hover_ATT.csv,/home/tchowdh4/sensor_recovery_project/prediction_results_v9_trained_hybrid/baseline_01_hover_ATT_trained_hybrid_prediction_outputs.csv,0.1056269705295562,0.1047147695068074,0.1038594185120324,0.1057743281126022,0.1057425364851951,/home/tchowdh4/sensor_recovery_project/prediction_results_v9_trained_hybrid/baseline_01_hover_ATT_trained_hybrid_prediction_outputs.csv,0.9989064751522848,0.0010408265114790977,5.269833623608913e-05,False,0.10577419411048357,0.1057743281126022,0.1057743281126022,0.0,0.0,0.0
22.29941,baseline_01_hover,Roll,pulse,0.05492,0,0.1056269705295562,0.1056269705295562,0.1044186981305262,0.0012082723990299,0.0012082723990299,0.006865,0,0.0,0.0011478269023692,0,0,0,W10_N3_mean1x,10,3,1.0,1001,Roll_hybrid_prediction,/home/tchowdh4/sensor_recovery_project/logs/extracted_csv/baseline_01_hover_ATT.csv,/home/tchowdh4/sensor_recovery_project/prediction_results_v9_trained_hybrid/baseline_01_hover_ATT_trained_hybrid_prediction_outputs.csv,0.1053495705127716,0.1044186981305262,0.103483696197882,0.1056269705295562,0.1054796129465102,/home/tchowdh4/sensor_recovery_project/prediction_results_v9_trained_hybrid/baseline_01_hover_ATT_trained_hybrid_prediction_outputs.csv,0.9988915785764626,0.0010561877684752265,5.223365506220999e-05,False,0.10562670294122727,0.1056269705295562,0.1056269705295562,0.0,0.0,0.0
22.39937,baseline_01_hover,Roll,pulse,0.05492,0,0.1053495705127716,0.1053495705127716,0.1040560666761788,0.0012935038365928,0.0012935038365928,0.006865,0,0.0,0.0011804479028755,0,0,0,W10_N3_mean1x,10,3,1.0,1001,Roll_hybrid_prediction,/home/tchowdh4/sensor_recovery_project/logs/extracted_csv/baseline_01_hover_ATT.csv,/home/tchowdh4/sensor_recovery_project/prediction_results_v9_trained_hybrid/baseline_01_hover_ATT_trained_hybrid_prediction_outputs.csv,0.1054848358035087,0.1040560666761788,0.1030986180887064,0.1053495705127716,0.105072170495987,/home/tchowdh4/sensor_recovery_project/prediction_results_v9_trained_hybrid/baseline_01_hover_ATT_trained_hybrid_prediction_outputs.csv,0.9989041508345401,0.0010441473543875734,5.170181107237969e-05,False,0.10534916448796101,0.1053495705127716,0.1053495705127716,0.0,0.0,0.0
22.49933,baseline_01_hover,Roll,pulse,0.05492,0,0.1054848358035087,0.1054848358035087,0.104545148355481,0.0009396874480277,0.0009396874480277,0.006865,0,0.0,0.0011598441364422,0,0,0,W10_N3_mean1x,10,3,1.0,1001,Roll_hybrid_prediction,/home/tchowdh4/sensor_recovery_project/logs/extracted_csv/baseline_01_hover_ATT.csv,/home/tchowdh4/sensor_recovery_project/prediction_results_v9_trained_hybrid/baseline_01_hover_ATT_trained_hybrid_prediction_outputs.csv,0.1055315360426902,0.104545148355481,0.1037271257922813,0.1054848358035087,0.1056201010942458,/home/tchowdh4/sensor_recovery_project/prediction_results_v9_trained_hybrid/baseline_01_hover_ATT_trained_hybrid_prediction_outputs.csv,0.9989249872433099,0.0010237152516351315,5.1297505055017346e-05,False,0.10548488411051166,0.1054848358035087,0.1054848358035087,0.0,0.0,0.0
22.59929,baseline_01_hover,Roll,pulse,0.05492,0,0.1055315360426902,0.1055315360426902,0.1045229099972629,0.0010086260454272,0.0010086260454272,0.006865,0,0.0,0.0011553014822761,0,0,0,W10_N3_mean1x,10,3,1.0,1001,Roll_hybrid_prediction,/home/tchowdh4/sensor_recovery_project/logs/extracted_csv/baseline_01_hover_ATT.csv,/home/tchowdh4/sensor_recovery_project/prediction_results_v9_trained_hybrid/baseline_01_hover_ATT_trained_hybrid_prediction_outputs.csv,0.1054476499557495,0.1045229099972629,0.1036806886003927,0.1055315360426902,0.1055782362818716,/home/tchowdh4/sensor_recovery_project/prediction_results_v9_trained_hybrid/baseline_01_hover_ATT_trained_hybrid_prediction_outputs.csv,0.9989433910651799,0.0010056560829468078,5.095285187321911e-05,False,0.10553148870111423,0.1055315360426902,0.1055315360426902,0.0,0.0,0.0
22.700083,baseline_01_hover,Roll,pulse,0.05492,0,0.1054476499557495,0.1054476499557495,0.1041870578305216,0.0012605921252279,0.0012605921252279,0.006865,0,0.0,0.0011491732563333,0,0,0,W10_N3_mean1x,10,3,1.0,1001,Roll_hybrid_prediction,/home/tchowdh4/sensor_recovery_project/logs/extracted_csv/baseline_01_hover_ATT.csv,/home/tchowdh4/sensor_recovery_project/prediction_results_v9_trained_hybrid/baseline_01_hover_ATT_trained_hybrid_prediction_outputs.csv,0.1055401191115379,0.1041870578305216,0.1031861683051317,0.1054476499557495,0.1053637638688088,/home/tchowdh4/sensor_recovery_project/prediction_results_v9_trained_hybrid/baseline_01_hover_ATT_trained_hybrid_prediction_outputs.csv,0.9989527222166548,0.0009966176568069445,5.066012653826952e-05,False,0.1054474517864475,0.1054476499557495,0.1054476499557495,0.0,0.0,0.0
22.800043,baseline_01_hover,Roll,pulse,0.05492,0,0.1055401191115379,0.1055401191115379,0.1045733599623674,0.0009667591491705,0.0009667591491705,0.006865,0,0.0,0.0011421304147762,0,0,0,W10_N3_mean1x,10,3,1.0,1001,Roll_hybrid_prediction,/home/tchowdh4/sensor_recovery_project/logs/extracted_csv/baseline_01_hover_ATT.csv,/home/tchowdh4/sensor_recovery_project/prediction_results_v9_trained_hybrid/baseline_01_hover_ATT_trained_hybrid_prediction_outputs.csv,0.1054984107613563,0.1045733599623674,0.1037487500563958,0.1055401191115379,0.1056325882673263,/home/tchowdh4/sensor_recovery_project/prediction_results_v9_trained_hybrid/baseline_01_hover_ATT_trained_hybrid_prediction_outputs.csv,0.9989633168566432,0.0009862589288296252,5.042421452712552e-05,False,0.10554011998169091,0.1055401191115379,0.1055401191115379,0.0,0.0,0.0
22.900003,baseline_01_hover,Roll,pulse,0.05492,0,0.1054984107613563,0.1054984107613563,0.104552493435801,0.0009459173255552,0.0009459173255552,0.006865,0,0.0,0.001102779335605,0,0,0,W10_N3_mean1x,10,3,1.0,1001,Roll_hybrid_prediction,/home/tchowdh4/sensor_recovery_project/logs/extracted_csv/baseline_01_hover_ATT.csv,/home/tchowdh4/sensor_recovery_project/prediction_results_v9_trained_hybrid/baseline_01_hover_ATT_trained_hybrid_prediction_outputs.csv,0.1052365973591804,0.104552493435801,0.1037937277513218,0.1054984107613563,0.1054567024111746,/home/tchowdh4/sensor_recovery_project/prediction_results_v9_trained_hybrid/baseline_01_hover_ATT_trained_hybrid_prediction_outputs.csv,0.9989637758939317,0.0009858227153095801,5.040139075878625e-05,False,0.10549828372592278,0.1054984107613563,0.1054984107613563,0.0,0.0,0.0
22.999963,baseline_01_hover,Roll,pulse,0.05492,0,0.1052365973591804,0.1052365973591804,0.1040059724946901,0.0012306248644902,0.0012306248644902,0.006865,0,0.0,0.0011132938455481,0,0,0,W10_N3_mean1x,10,3,1.0,1001,Roll_hybrid_prediction,/home/tchowdh4/sensor_recovery_project/logs/extracted_csv/baseline_01_hover_ATT.csv,/home/tchowdh4/sensor_recovery_project/prediction_results_v9_trained_hybrid/baseline_01_hover_ATT_trained_hybrid_prediction_outputs.csv,0.105166845023632,0.1040059724946901,0.1030943024790802,0.1052365973591804,0.1049747839570044,/home/tchowdh4/sensor_recovery_project/prediction_results_v9_trained_hybrid/baseline_01_hover_ATT_trained_hybrid_prediction_outputs.csv,0.9989825909519311,0.0009670488896299015,5.0360158439033864e-05,False,0.10523623628651095,0.1052365973591804,0.1052365973591804,0.0,0.0,0.0
23.099923,baseline_01_hover,Roll,pulse,0.05492,0,0.105166845023632,0.105166845023632,0.1039728574322763,0.0011939875913556,0.0011939875913556,0.006865,0,0.0,0.0011107529390672,0,0,0,W10_N3_mean1x,10,3,1.0,1001,Roll_hybrid_prediction,/home/tchowdh4/sensor_recovery_project/logs/extracted_csv/baseline_01_hover_ATT.csv,/home/tchowdh4/sensor_recovery_project/prediction_results_v9_trained_hybrid/baseline_01_hover_ATT_trained_hybrid_prediction_outputs.csv,0.1051815673708915,0.1039728574322763,0.1030213229795483,0.105166845023632,0.1050970926880836,/home/tchowdh4/sensor_recovery_project/prediction_results_v9_trained_hybrid/baseline_01_hover_ATT_trained_hybrid_prediction_outputs.csv,0.9989953080761542,0.0009543632353796533,5.032868846611281e-05,False,0.10516667047325681,0.105166845023632,0.105166845023632,0.0,0.0,0.0
23.199883,baseline_01_hover,Roll,pulse,0.05492,0,0.1051815673708915,0.1051815673708915,0.1041500033109963,0.0010315640598951,0.0010315640598951,0.006865,0,0.0,0.0011079534844772,0,0,0,W10_N3_mean1x,10,3,1.0,1001,Roll_hybrid_prediction,/home/tchowdh4/sensor_recovery_project/logs/extracted_csv/baseline_01_hover_ATT.csv,/home/tchowdh4/sensor_recovery_project/prediction_results_v9_trained_hybrid/baseline_01_hover_ATT_trained_hybrid_prediction_outputs.csv,0.1050275638699531,0.1041500033109963,0.1033006427720787,0.1051815673708915,0.105196289718151,/home/tchowdh4/sensor_recovery_project/prediction_results_v9_trained_hybrid/baseline_01_hover_ATT_trained_hybrid_prediction_outputs.csv,0.9990055224686516,0.0009441686938069184,5.0308837541525907e-05,False,0.1051814866441408,0.1051815673708915,0.1051815673708915,0.0,0.0,0.0
23.299843,baseline_01_hover,Roll,pulse,0.05492,0,0.1050275638699531,0.1050275638699531,0.1038984970098502,0.0011290668601029,0.0011290668601029,0.006865,0,0.0,0.0011000329305845,0,0,0,W10_N3_mean1x,10,3,1.0,1001,Roll_hybrid_prediction,/home/tchowdh4/sensor_recovery_project/logs/extracted_csv/baseline_01_hover_ATT.csv,/home/tchowdh4/sensor_recovery_project/prediction_results_v9_trained_hybrid/baseline_01_hover_ATT_trained_hybrid_prediction_outputs.csv,0.1049850508570671,0.1038984970098502,0.1030307163064709,0.1050275638699531,0.1048735603690147,/home/tchowdh4/sensor_recovery_project/prediction_results_v9_trained_hybrid/baseline_01_hover_ATT_trained_hybrid_prediction_outputs.csv,0.9990151585343465,0.0009345133681473742,5.0328097506138014e-05,False,0.10502731945408386,0.1050275638699531,0.1050275638699531,0.0,0.0,0.0
23.399803,baseline_01_hover,Roll,pulse,0.05492,0,0.1049850508570671,0.1049850508570671,0.1038969148108162,0.0010881360462508,0.0010881360462508,0.006865,0,0.0,0.0010794961515503,0,0,0,W10_N3_mean1x,10,3,1.0,1001,Roll_hybrid_prediction,/home/tchowdh4/sensor_recovery_project/logs/extracted_csv/baseline_01_hover_ATT.csv,/home/tchowdh4/sensor_recovery_project/prediction_results_v9_trained_hybrid/baseline_01_hover_ATT_trained_hybrid_prediction_outputs.csv,0.1048898324370384,0.1038969148108162,0.1030220809594786,0.1049850508570671,0.104942537844181,/home/tchowdh4/sensor_recovery_project/prediction_results_v9_trained_hybrid/baseline_01_hover_ATT_trained_hybrid_prediction_outputs.csv,0.9990026857169962,0.0009468953372911937,5.0418945712565073e-05,False,0.10498491163082072,0.1049850508570671,0.1049850508570671,0.0,0.0,0.0
23.499763,baseline_01_hover,Roll,pulse,0.05492,0,0.1048898324370384,0.1048898324370384,0.1035278967679038,0.0013619356691345,0.0013619356691345,0.006865,0,0.0,0.001121720973661,0,0,0,W10_N3_mean1x,10,3,1.0,1001,Roll_hybrid_prediction,/home/tchowdh4/sensor_recovery_project/logs/extracted_csv/baseline_01_hover_ATT.csv,/home/tchowdh4/sensor_recovery_project/prediction_results_v9_trained_hybrid/baseline_01_hover_ATT_trained_hybrid_prediction_outputs.csv,0.1051312759518623,0.1035278967679038,0.102448210645895,0.1048898324370384,0.1047946140170097,/home/tchowdh4/sensor_recovery_project/prediction_results_v9_trained_hybrid/baseline_01_hover_ATT_trained_hybrid_prediction_outputs.csv,0.9989869495605748,0.0009627236013288545,5.032683809631858e-05,False,0.10488961788891357,0.1048898324370384,0.1048898324370384,0.0,0.0,0.0
23.599723,baseline_01_hover,Roll,pulse,0.05492,0,0.1051312759518623,0.1051312759518623,0.1042151234688329,0.0009161524830293,0.0009161524830293,0.006865,0,0.0,0.0011124736174212,0,0,0,W10_N3_mean1x,10,3,1.0,1001,Roll_hybrid_prediction,/home/tchowdh4/sensor_recovery_project/logs/extracted_csv/baseline_01_hover_ATT.csv,/home/tchowdh4/sensor_recovery_project/prediction_results_v9_trained_hybrid/baseline_01_hover_ATT_trained_hybrid_prediction_outputs.csv,0.1049455404281616,0.1042151234688329,0.103377746522782,0.1051312759518623,0.1053727194666862,/home/tchowdh4/sensor_recovery_project/prediction_results_v9_trained_hybrid/baseline_01_hover_ATT_trained_hybrid_prediction_outputs.csv,0.9989923364419714,0.0009573946567846049,5.02689012439993e-05,False,0.10513141896059561,0.1051312759518623,0.1051312759518623,0.0,0.0,0.0
23.699683,baseline_01_hover,Roll,pulse,0.05492,0,0.1049455404281616,0.1049455404281616,0.103797878097529,0.0011476623306325,0.0011476623306325,0.006865,0,0.0,0.0011011806379617,0,0,0,W10_N3_mean1x,10,3,1.0,1001,Roll_hybrid_prediction,/home/tchowdh4/sensor_recovery_project/logs/extracted_csv/baseline_01_hover_ATT.csv,/home/tchowdh4/sensor_recovery_project/prediction_results_v9_trained_hybrid/baseline_01_hover_ATT_trained_hybrid_prediction_outputs.csv,0.1050106212496757,0.103797878097529,0.1029264218356298,0.1049455404281616,0.1047598049044609,/home/tchowdh4/sensor_recovery_project/prediction_results_v9_trained_hybrid/baseline_01_hover_ATT_trained_hybrid_prediction_outputs.csv,0.9990048334454446,0.0009448886396749908,5.02779148804449e-05,False,0.10494526341170253,0.1049455404281616,0.1049455404281616,0.0,0.0,0.0
23.799643,baseline_01_hover,Roll,pulse,0.05492,0,0.1050106212496757,0.1050106212496757,0.1041200771524125,0.0008905440972631,0.0008905440972631,0.006865,0,0.0,0.001093559132771,0,0,0,W10_N3_mean1x,10,3,1.0,1001,Roll_hybrid_prediction,/home/tchowdh4/sensor_recovery_project/logs/extracted_csv/baseline_01_hover_ATT.csv,/home/tchowdh4/sensor_recovery_project/prediction_results_v9_trained_hybrid/baseline_01_hover_ATT_trained_hybrid_prediction_outputs.csv,0.1048775389790535,0.1041200771524125,0.1033677844104649,0.1050106212496757,0.1050757020711898,/home/tchowdh4/sensor_recovery_project/prediction_results_v9_trained_hybrid/baseline_01_hover_ATT_trained_hybrid_prediction_outputs.csv,0.9990141011215693,0.0009355749658927989,5.0323912537900034e-05,False,0.10501059946368566,0.1050106212496757,0.1050106212496757,0.0,0.0,0.0
23.899603,baseline_01_hover,Roll,pulse,0.05492,0,0.1048775389790535,0.1048775389790535,0.1036128562772897,0.0012646827017638,0.0012646827017638,0.006865,0,0.0,0.0011254356703918,0,0,0,W10_N3_mean1x,10,3,1.0,1001,Roll_hybrid_prediction,/home/tchowdh4/sensor_recovery_project/logs/extracted_csv/baseline_01_hover_ATT.csv,/home/tchowdh4/sensor_recovery_project/prediction_results_v9_trained_hybrid/baseline_01_hover_ATT_trained_hybrid_prediction_outputs.csv,0.1049613282084465,0.1036128562772897,0.1026265094378909,0.1048775389790535,0.1047444567084313,/home/tchowdh4/sensor_recovery_project/prediction_results_v9_trained_hybrid/baseline_01_hover_ATT_trained_hybrid_prediction_outputs.csv,0.9990287292144369,0.0009210421389131615,5.022864664992785e-05,False,0.10487730333850688,0.1048775389790535,0.1048775389790535,0.0,0.0,0.0
23.999563,baseline_01_hover,Roll,pulse,0.05492,0,0.1049613282084465,0.1049613282084465,0.1040620066040473,0.0008993216043992,0.0008993216043992,0.006865,0,0.0,0.0010923053443827,0,0,0,W10_N3_mean1x,10,3,1.0,1001,Roll_hybrid_prediction,/home/tchowdh4/sensor_recovery_project/logs/extracted_csv/baseline_01_hover_ATT.csv,/home/tchowdh4/sensor_recovery_project/prediction_results_v9_trained_hybrid/baseline_01_hover_ATT_trained_hybrid_prediction_outputs.csv,0.1045958250761032,0.1040620066040473,0.1032957292079414,0.1049613282084465,0.1050451174378395,/home/tchowdh4/sensor_recovery_project/prediction_results_v9_trained_hybrid/baseline_01_hover_ATT_trained_hybrid_prediction_outputs.csv,0.9990288379079917,0.0009209007467843996,5.026134522394222e-05,False,0.10496132165476404,0.1049613282084465,0.1049613282084465,0.0,0.0,0.0
24.099523,baseline_01_hover,Roll,pulse,0.05492,0,0.1045958250761032,0.1045958250761032,0.1031104691447506,0.0014853559313526,0.0014853559313526,0.006865,0,0.0,0.0011214421783824,0,0,0,W10_N3_mean1x,10,3,1.0,1001,Roll_hybrid_prediction,/home/tchowdh4/sensor_recovery_project/logs/extracted_csv/baseline_01_hover_ATT.csv,/home/tchowdh4/sensor_recovery_project/prediction_results_v9_trained_hybrid/baseline_01_hover_ATT_trained_hybrid_prediction_outputs.csv,0.1044531464576721,0.1031104691447506,0.1020280881581324,0.1045958250761032,0.1042303219437598,/home/tchowdh4/sensor_recovery_project/prediction_results_v9_trained_hybrid/baseline_01_hover_ATT_trained_hybrid_prediction_outputs.csv,0.9990487051297684,0.0009011088746766983,5.0185995554920425e-05,False,0.10459536685355338,0.1045958250761032,0.1045958250761032,0.0,0.0,0.0
24.199483,baseline_01_hover,Roll,pulse,0.05492,0,0.1044531464576721,0.1044531464576721,0.1032975428548239,0.0011556036028482,0.0011556036028482,0.006865,0,0.0,0.0011338461326777,0,0,0,W10_N3_mean1x,10,3,1.0,1001,Roll_hybrid_prediction,/home/tchowdh4/sensor_recovery_project/logs/extracted_csv/baseline_01_hover_ATT.csv,/home/tchowdh4/sensor_recovery_project/prediction_results_v9_trained_hybrid/baseline_01_hover_ATT_trained_hybrid_prediction_outputs.csv,0.1043064445257186,0.1032975428548239,0.102403932131923,0.1044531464576721,0.104310467839241,/home/tchowdh4/sensor_recovery_project/prediction_results_v9_trained_hybrid/baseline_01_hover_ATT_trained_hybrid_prediction_outputs.csv,0.999072748484833,0.0008771739702977735,5.0077544869349335e-05,False,0.10445291868407956,0.1044531464576721,0.1044531464576721,0.0,0.0,0.0
24.299443,baseline_01_hover,Roll,pulse,0.05492,0,0.1043064445257186,0.1043064445257186,0.1032701027702011,0.0010363417555175,0.0010363417555175,0.006865,0,0.0,0.0011245736222191,0,0,0,W10_N3_mean1x,10,3,1.0,1001,Roll_hybrid_prediction,/home/tchowdh4/sensor_recovery_project/logs/extracted_csv/baseline_01_hover_ATT.csv,/home/tchowdh4/sensor_recovery_project/prediction_results_v9_trained_hybrid/baseline_01_hover_ATT_trained_hybrid_prediction_outputs.csv,0.1043566465377807,0.1032701027702011,0.102475532945488,0.1043064445257186,0.1041597425937651,/home/tchowdh4/sensor_recovery_project/prediction_results_v9_trained_hybrid/baseline_01_hover_ATT_trained_hybrid_prediction_outputs.csv,0.9990940258620139,0.0008559538526439711,5.002028534225898e-05,False,0.10430622737291509,0.1043064445257186,0.1043064445257186,0.0,0.0,0.0
24.399403,baseline_01_hover,Roll,pulse,0.05492,0,0.1043566465377807,0.1043566465377807,0.1032805622538459,0.0010760842839348,0.0010760842839348,0.006865,0,0.0,0.0011233684459875,0,0,0,W10_N3_mean1x,10,3,1.0,1001,Roll_hybrid_prediction,/home/tchowdh4/sensor_recovery_project/logs/extracted_csv/baseline_01_hover_ATT.csv,/home/tchowdh4/sensor_recovery_project/prediction_results_v9_trained_hybrid/baseline_01_hover_ATT_trained_hybrid_prediction_outputs.csv,0.1039813235402107,0.1032805622538459,0.1023818743807857,0.1043566465377807,0.1044068485498428,/home/tchowdh4/sensor_recovery_project/prediction_results_v9_trained_hybrid/baseline_01_hover_ATT_trained_hybrid_prediction_outputs.csv,0.9991135166615293,0.0008365174626151293,4.9965875855560753e-05,False,0.10435658986142002,0.1043566465377807,0.1043566465377807,0.0,0.0,0.0
24.499363,baseline_01_hover,Roll,pulse,0.05492,0,0.1039813235402107,0.1039813235402107,0.1027184039027912,0.0012629196374194,0.0012629196374194,0.006865,0,0.0,0.001113466842816,0,0,0,W10_N3_mean1x,10,3,1.0,1001,Roll_hybrid_prediction,/home/tchowdh4/sensor_recovery_project/logs/extracted_csv/baseline_01_hover_ATT.csv,/home/tchowdh4/sensor_recovery_project/prediction_results_v9_trained_hybrid/baseline_01_hover_ATT_trained_hybrid_prediction_outputs.csv,0.1037983745336532,0.1027184039027912,0.1018215871076552,0.1039813235402107,0.1036060005426406,/home/tchowdh4/sensor_recovery_project/prediction_results_v9_trained_hybrid/baseline_01_hover_ATT_trained_hybrid_prediction_outputs.csv,0.9991413317344697,0.0008086808133710501,4.9987452159183265e-05,False,0.10398091206398213,0.1039813235402107,0.1039813235402107,0.0,0.0,0.0
24.599323,baseline_01_hover,Roll,pulse,0.05492,0,0.1037983745336532,0.1037983745336532,0.1024294822321428,0.0013688923015104,0.0013688923015104,0.006865,0,0.0,0.0011587408246641,0,0,0,W10_N3_mean1x,10,3,1.0,1001,Roll_hybrid_prediction,/home/tchowdh4/sensor_recovery_project/logs/extracted_csv/baseline_01_hover_ATT.csv,/home/tchowdh4/sensor_recovery_project/prediction_results_v9_trained_hybrid/baseline_01_hover_ATT_trained_hybrid_prediction_outputs.csv,0.1037363708019256,0.1024294822321428,0.1013760063514735,0.1037983745336532,0.1036154255270957,/home/tchowdh4/sensor_recovery_project/prediction_results_v9_trained_hybrid/baseline_01_hover_ATT_trained_hybrid_prediction_outputs.csv,0.9991646444474398,0.0007855118186567476,4.984373390351352e-05,False,0.10379811008517127,0.1037983745336532,0.1037983745336532,0.0,0.0,0.0
24.700116,baseline_01_hover,Roll,pulse,0.05492,0,0.1037363708019256,0.1037363708019256,0.1028144781457431,0.0009218926561825,0.0009218926561825,0.006865,0,0.0,0.0011361638572191,0,0,0,W10_N3_mean1x,10,3,1.0,1001,Roll_hybrid_prediction,/home/tchowdh4/sensor_recovery_project/logs/extracted_csv/baseline_01_hover_ATT.csv,/home/tchowdh4/sensor_recovery_project/prediction_results_v9_trained_hybrid/baseline_01_hover_ATT_trained_hybrid_prediction_outputs.csv,0.1037329286336898,0.1028144781457431,0.1020827491476766,0.1037363708019256,0.103674367070198,/home/tchowdh4/sensor_recovery_project/prediction_results_v9_trained_hybrid/baseline_01_hover_ATT_trained_hybrid_prediction_outputs.csv,0.9991811022189646,0.0007690958526848309,4.980192835060517e-05,False,0.10373624076156554,0.1037363708019256,0.1037363708019256,0.0,0.0,0.0
24.800076,baseline_01_hover,Roll,pulse,0.05492,0,0.1037329286336898,0.1037329286336898,0.1027257216071146,0.0010072070265751,0.0010072070265751,0.006865,0,0.0,0.0011478301501503,0,0,0,W10_N3_mean1x,10,3,1.0,1001,Roll_hybrid_prediction,/home/tchowdh4/sensor_recovery_project/logs/extracted_csv/baseline_01_hover_ATT.csv,/home/tchowdh4/sensor_recovery_project/prediction_results_v9_trained_hybrid/baseline_01_hover_ATT_trained_hybrid_prediction_outputs.csv,0.1034485027194023,0.1027257216071146,0.1019028948283662,0.1037329286336898,0.1037294864654539,/home/tchowdh4/sensor_recovery_project/prediction_results_v9_trained_hybrid/baseline_01_hover_ATT_trained_hybrid_prediction_outputs.csv,0.9991934850091734,0.000756796147722437,4.971884310426582e-05,False,0.1037328350415065,0.1037329286336898,0.1037329286336898,0.0,0.0,0.0
24.900036,baseline_01_hover,Roll,pulse,0.05492,0,0.1034485027194023,0.1034485027194023,0.1022822483494484,0.0011662543699538,0.0011662543699538,0.006865,0,0.0,0.0011379873169693,0,0,0,W10_N3_mean1x,10,3,1.0,1001,Roll_hybrid_prediction,/home/tchowdh4/sensor_recovery_project/logs/extracted_csv/baseline_01_hover_ATT.csv,/home/tchowdh4/sensor_recovery_project/prediction_results_v9_trained_hybrid/baseline_01_hover_ATT_trained_hybrid_prediction_outputs.csv,0.1032512485980987,0.1022822483494484,0.1014314678337726,0.1034485027194023,0.1031640768051148,/home/tchowdh4/sensor_recovery_project/prediction_results_v9_trained_hybrid/baseline_01_hover_ATT_trained_hybrid_prediction_outputs.csv,0.9992103277253025,0.0007399711195999723,4.970115509741491e-05,False,0.10344819200347637,0.1034485027194023,0.1034485027194023,0.0,0.0,0.0
