x,Baseline,Axis,AttackType,AttackMagnitude,AttackActive,CleanFuture_Pitch,AttackedFuture_Pitch,V9PredictedFuture_Pitch,Residual_Pitch,AbsResidual_Pitch,Threshold,PointDetectionFlag,WindowCount,RollingMeanAbsResidual,WindowCountFlag,WindowMeanFlag,WindowCombinedFlag,WindowRule,W,N,RollingMeanMultiplier,AlignmentOffset,PredictionColumn,CleanFile,PredictionFile,Pitch_recovered_future_v9_phase5,Pitch_recovery_source_phase5,Pitch_attacked_error_vs_clean_phase5,Pitch_recovered_error_vs_clean_phase5
0.0,baseline_03_forward_motion,Pitch,pulse,0.12952,0,0.0858551189303398,0.0858551189303398,0.0870853865874776,-0.0012302676571377,0.0012302676571377,0.01619,0,0.0,0.0012302676571377,0,0,0,W20_N5_mean1.5x,20,5,1.5,909,Pitch_hybrid_prediction,/home/tchowdh4/sensor_recovery_project/logs/extracted_csv/baseline_03_forward_motion_ATT.csv,/home/tchowdh4/sensor_recovery_project/prediction_results_v9_trained_hybrid/baseline_03_forward_motion_ATT_trained_hybrid_prediction_outputs.csv,0.0858551189303398,attacked_measurement,0.0,0.0
0.09996,baseline_03_forward_motion,Pitch,pulse,0.12952,0,0.0839243158698082,0.0839243158698082,0.0839740523546154,-4.973648480720294e-05,4.973648480720294e-05,0.01619,0,0.0,0.0006400020709724,0,0,0,W20_N5_mean1.5x,20,5,1.5,909,Pitch_hybrid_prediction,/home/tchowdh4/sensor_recovery_project/logs/extracted_csv/baseline_03_forward_motion_ATT.csv,/home/tchowdh4/sensor_recovery_project/prediction_results_v9_trained_hybrid/baseline_03_forward_motion_ATT_trained_hybrid_prediction_outputs.csv,0.0839243158698082,attacked_measurement,0.0,0.0
0.19992,baseline_03_forward_motion,Pitch,pulse,0.12952,0,0.0842184647917747,0.0842184647917747,0.0857377534506354,-0.0015192886588607,0.0015192886588607,0.01619,0,0.0,0.0009330976002685,0,0,0,W20_N5_mean1.5x,20,5,1.5,909,Pitch_hybrid_prediction,/home/tchowdh4/sensor_recovery_project/logs/extracted_csv/baseline_03_forward_motion_ATT.csv,/home/tchowdh4/sensor_recovery_project/prediction_results_v9_trained_hybrid/baseline_03_forward_motion_ATT_trained_hybrid_prediction_outputs.csv,0.0842184647917747,attacked_measurement,0.0,0.0
0.29988,baseline_03_forward_motion,Pitch,pulse,0.12952,0,0.0847060978412628,0.0847060978412628,0.0863269960976111,-0.0016208982563482,0.0016208982563482,0.01619,0,0.0,0.0011050477642885,0,0,0,W20_N5_mean1.5x,20,5,1.5,909,Pitch_hybrid_prediction,/home/tchowdh4/sensor_recovery_project/logs/extracted_csv/baseline_03_forward_motion_ATT.csv,/home/tchowdh4/sensor_recovery_project/prediction_results_v9_trained_hybrid/baseline_03_forward_motion_ATT_trained_hybrid_prediction_outputs.csv,0.0847060978412628,attacked_measurement,0.0,0.0
0.39984,baseline_03_forward_motion,Pitch,pulse,0.12952,0,0.086272545158863,0.086272545158863,0.0882840669233186,-0.0020115217644555,0.0020115217644555,0.01619,0,0.0,0.0012863425643219,0,0,0,W20_N5_mean1.5x,20,5,1.5,909,Pitch_hybrid_prediction,/home/tchowdh4/sensor_recovery_project/logs/extracted_csv/baseline_03_forward_motion_ATT.csv,/home/tchowdh4/sensor_recovery_project/prediction_results_v9_trained_hybrid/baseline_03_forward_motion_ATT_trained_hybrid_prediction_outputs.csv,0.086272545158863,attacked_measurement,0.0,0.0
0.4998,baseline_03_forward_motion,Pitch,pulse,0.12952,0,0.0861514955759048,0.0861514955759048,0.0872624198050995,-0.0011109242291946,0.0011109242291946,0.01619,0,0.0,0.001257106175134,0,0,0,W20_N5_mean1.5x,20,5,1.5,909,Pitch_hybrid_prediction,/home/tchowdh4/sensor_recovery_project/logs/extracted_csv/baseline_03_forward_motion_ATT.csv,/home/tchowdh4/sensor_recovery_project/prediction_results_v9_trained_hybrid/baseline_03_forward_motion_ATT_trained_hybrid_prediction_outputs.csv,0.0861514955759048,attacked_measurement,0.0,0.0
0.59976,baseline_03_forward_motion,Pitch,pulse,0.12952,0,0.083151638507843,0.083151638507843,0.082376575968534,0.000775062539309,0.000775062539309,0.01619,0,0.0,0.0011882427985876,0,0,0,W20_N5_mean1.5x,20,5,1.5,909,Pitch_hybrid_prediction,/home/tchowdh4/sensor_recovery_project/logs/extracted_csv/baseline_03_forward_motion_ATT.csv,/home/tchowdh4/sensor_recovery_project/prediction_results_v9_trained_hybrid/baseline_03_forward_motion_ATT_trained_hybrid_prediction_outputs.csv,0.083151638507843,attacked_measurement,0.0,0.0
0.69972,baseline_03_forward_motion,Pitch,pulse,0.12952,0,0.0823960155248642,0.0823960155248642,0.0825747717721904,-0.0001787562473262,0.0001787562473262,0.01619,0,0.0,0.0010620569796799,0,0,0,W20_N5_mean1.5x,20,5,1.5,909,Pitch_hybrid_prediction,/home/tchowdh4/sensor_recovery_project/logs/extracted_csv/baseline_03_forward_motion_ATT.csv,/home/tchowdh4/sensor_recovery_project/prediction_results_v9_trained_hybrid/baseline_03_forward_motion_ATT_trained_hybrid_prediction_outputs.csv,0.0823960155248642,attacked_measurement,0.0,0.0
0.800513,baseline_03_forward_motion,Pitch,pulse,0.12952,0,0.0825806185603141,0.0825806185603141,0.0834473803040171,-0.000866761743703,0.000866761743703,0.01619,0,0.0,0.0010403575090158,0,0,0,W20_N5_mean1.5x,20,5,1.5,909,Pitch_hybrid_prediction,/home/tchowdh4/sensor_recovery_project/logs/extracted_csv/baseline_03_forward_motion_ATT.csv,/home/tchowdh4/sensor_recovery_project/prediction_results_v9_trained_hybrid/baseline_03_forward_motion_ATT_trained_hybrid_prediction_outputs.csv,0.0825806185603141,attacked_measurement,0.0,0.0
0.900473,baseline_03_forward_motion,Pitch,pulse,0.12952,0,0.0827617198228836,0.0827617198228836,0.0838667996196607,-0.001105079796777,0.001105079796777,0.01619,0,0.0,0.0010468297377919,0,0,0,W20_N5_mean1.5x,20,5,1.5,909,Pitch_hybrid_prediction,/home/tchowdh4/sensor_recovery_project/logs/extracted_csv/baseline_03_forward_motion_ATT.csv,/home/tchowdh4/sensor_recovery_project/prediction_results_v9_trained_hybrid/baseline_03_forward_motion_ATT_trained_hybrid_prediction_outputs.csv,0.0827617198228836,attacked_measurement,0.0,0.0
1.000433,baseline_03_forward_motion,Pitch,pulse,0.12952,0,0.0841968730092048,0.0841968730092048,0.0857997347278132,-0.0016028617186084,0.0016028617186084,0.01619,0,0.0,0.0010973780996843,0,0,0,W20_N5_mean1.5x,20,5,1.5,909,Pitch_hybrid_prediction,/home/tchowdh4/sensor_recovery_project/logs/extracted_csv/baseline_03_forward_motion_ATT.csv,/home/tchowdh4/sensor_recovery_project/prediction_results_v9_trained_hybrid/baseline_03_forward_motion_ATT_trained_hybrid_prediction_outputs.csv,0.0841968730092048,attacked_measurement,0.0,0.0
1.100393,baseline_03_forward_motion,Pitch,pulse,0.12952,0,0.081691950559616,0.081691950559616,0.0808067634909721,0.0008851870686439,0.0008851870686439,0.01619,0,0.0,0.0010796955137643,0,0,0,W20_N5_mean1.5x,20,5,1.5,909,Pitch_hybrid_prediction,/home/tchowdh4/sensor_recovery_project/logs/extracted_csv/baseline_03_forward_motion_ATT.csv,/home/tchowdh4/sensor_recovery_project/prediction_results_v9_trained_hybrid/baseline_03_forward_motion_ATT_trained_hybrid_prediction_outputs.csv,0.081691950559616,attacked_measurement,0.0,0.0
1.200353,baseline_03_forward_motion,Pitch,pulse,0.12952,0,0.08460483700037,0.08460483700037,0.0869829859938964,-0.0023781489935263,0.0023781489935263,0.01619,0,0.0,0.0011795765506691,0,0,0,W20_N5_mean1.5x,20,5,1.5,909,Pitch_hybrid_prediction,/home/tchowdh4/sensor_recovery_project/logs/extracted_csv/baseline_03_forward_motion_ATT.csv,/home/tchowdh4/sensor_recovery_project/prediction_results_v9_trained_hybrid/baseline_03_forward_motion_ATT_trained_hybrid_prediction_outputs.csv,0.08460483700037,attacked_measurement,0.0,0.0
1.300313,baseline_03_forward_motion,Pitch,pulse,0.12952,0,0.0841443315148353,0.0841443315148353,0.0849286834410997,-0.0007843519262644,0.0007843519262644,0.01619,0,0.0,0.0011513462203544,0,0,0,W20_N5_mean1.5x,20,5,1.5,909,Pitch_hybrid_prediction,/home/tchowdh4/sensor_recovery_project/logs/extracted_csv/baseline_03_forward_motion_ATT.csv,/home/tchowdh4/sensor_recovery_project/prediction_results_v9_trained_hybrid/baseline_03_forward_motion_ATT_trained_hybrid_prediction_outputs.csv,0.0841443315148353,attacked_measurement,0.0,0.0
1.400273,baseline_03_forward_motion,Pitch,pulse,0.12952,0,0.089350014925003,0.089350014925003,0.0931225909603446,-0.0037725760353416,0.0037725760353416,0.01619,0,0.0,0.0013260948746869,0,0,0,W20_N5_mean1.5x,20,5,1.5,909,Pitch_hybrid_prediction,/home/tchowdh4/sensor_recovery_project/logs/extracted_csv/baseline_03_forward_motion_ATT.csv,/home/tchowdh4/sensor_recovery_project/prediction_results_v9_trained_hybrid/baseline_03_forward_motion_ATT_trained_hybrid_prediction_outputs.csv,0.089350014925003,attacked_measurement,0.0,0.0
1.500233,baseline_03_forward_motion,Pitch,pulse,0.12952,0,0.0942638888955116,0.0942638888955116,0.097520075801672,-0.0032561869061604,0.0032561869061604,0.01619,0,0.0,0.001446725626654,0,0,0,W20_N5_mean1.5x,20,5,1.5,909,Pitch_hybrid_prediction,/home/tchowdh4/sensor_recovery_project/logs/extracted_csv/baseline_03_forward_motion_ATT.csv,/home/tchowdh4/sensor_recovery_project/prediction_results_v9_trained_hybrid/baseline_03_forward_motion_ATT_trained_hybrid_prediction_outputs.csv,0.0942638888955116,attacked_measurement,0.0,0.0
1.600193,baseline_03_forward_motion,Pitch,pulse,0.12952,0,0.0946205854415893,0.0946205854415893,0.095994873823948,-0.0013742883823587,0.0013742883823587,0.01619,0,0.0,0.0014424646122837,0,0,0,W20_N5_mean1.5x,20,5,1.5,909,Pitch_hybrid_prediction,/home/tchowdh4/sensor_recovery_project/logs/extracted_csv/baseline_03_forward_motion_ATT.csv,/home/tchowdh4/sensor_recovery_project/prediction_results_v9_trained_hybrid/baseline_03_forward_motion_ATT_trained_hybrid_prediction_outputs.csv,0.0946205854415893,attacked_measurement,0.0,0.0
1.700153,baseline_03_forward_motion,Pitch,pulse,0.12952,0,0.097298264503479,0.097298264503479,0.1003636840966296,-0.0030654195931505,0.0030654195931505,0.01619,0,0.0,0.0015326287778874,0,0,0,W20_N5_mean1.5x,20,5,1.5,909,Pitch_hybrid_prediction,/home/tchowdh4/sensor_recovery_project/logs/extracted_csv/baseline_03_forward_motion_ATT.csv,/home/tchowdh4/sensor_recovery_project/prediction_results_v9_trained_hybrid/baseline_03_forward_motion_ATT_trained_hybrid_prediction_outputs.csv,0.097298264503479,attacked_measurement,0.0,0.0
1.800113,baseline_03_forward_motion,Pitch,pulse,0.12952,0,0.0970333442091941,0.0970333442091941,0.0979216592862182,-0.000888315077024,0.000888315077024,0.01619,0,0.0,0.0014987175304735,0,0,0,W20_N5_mean1.5x,20,5,1.5,909,Pitch_hybrid_prediction,/home/tchowdh4/sensor_recovery_project/logs/extracted_csv/baseline_03_forward_motion_ATT.csv,/home/tchowdh4/sensor_recovery_project/prediction_results_v9_trained_hybrid/baseline_03_forward_motion_ATT_trained_hybrid_prediction_outputs.csv,0.0970333442091941,attacked_measurement,0.0,0.0
1.900073,baseline_03_forward_motion,Pitch,pulse,0.12952,0,0.0966942608356475,0.0966942608356475,0.0970525315001949,-0.0003582706645473,0.0003582706645473,0.01619,0,0.0,0.0014416951871772,0,0,0,W20_N5_mean1.5x,20,5,1.5,909,Pitch_hybrid_prediction,/home/tchowdh4/sensor_recovery_project/logs/extracted_csv/baseline_03_forward_motion_ATT.csv,/home/tchowdh4/sensor_recovery_project/prediction_results_v9_trained_hybrid/baseline_03_forward_motion_ATT_trained_hybrid_prediction_outputs.csv,0.0966942608356475,attacked_measurement,0.0,0.0
2.000033,baseline_03_forward_motion,Pitch,pulse,0.12952,0,0.0969321876764297,0.0969321876764297,0.0973424186413083,-0.0004102309648785,0.0004102309648785,0.01619,0,0.0,0.0014006933525643,0,0,0,W20_N5_mean1.5x,20,5,1.5,909,Pitch_hybrid_prediction,/home/tchowdh4/sensor_recovery_project/logs/extracted_csv/baseline_03_forward_motion_ATT.csv,/home/tchowdh4/sensor_recovery_project/prediction_results_v9_trained_hybrid/baseline_03_forward_motion_ATT_trained_hybrid_prediction_outputs.csv,0.0969321876764297,attacked_measurement,0.0,0.0
2.099993,baseline_03_forward_motion,Pitch,pulse,0.12952,0,0.0964529290795326,0.0964529290795326,0.0967052660258016,-0.0002523369462689,0.0002523369462689,0.01619,0,0.0,0.0014108233756374,0,0,0,W20_N5_mean1.5x,20,5,1.5,909,Pitch_hybrid_prediction,/home/tchowdh4/sensor_recovery_project/logs/extracted_csv/baseline_03_forward_motion_ATT.csv,/home/tchowdh4/sensor_recovery_project/prediction_results_v9_trained_hybrid/baseline_03_forward_motion_ATT_trained_hybrid_prediction_outputs.csv,0.0964529290795326,attacked_measurement,0.0,0.0
2.199953,baseline_03_forward_motion,Pitch,pulse,0.12952,0,0.0929372757673263,0.0929372757673263,0.0923192034280609,0.0006180723392654,0.0006180723392654,0.01619,0,0.0,0.0013657625596576,0,0,0,W20_N5_mean1.5x,20,5,1.5,909,Pitch_hybrid_prediction,/home/tchowdh4/sensor_recovery_project/logs/extracted_csv/baseline_03_forward_motion_ATT.csv,/home/tchowdh4/sensor_recovery_project/prediction_results_v9_trained_hybrid/baseline_03_forward_motion_ATT_trained_hybrid_prediction_outputs.csv,0.0929372757673263,attacked_measurement,0.0,0.0
2.299913,baseline_03_forward_motion,Pitch,pulse,0.12952,0,0.090597428381443,0.090597428381443,0.0904805615629752,0.0001168668184678,0.0001168668184678,0.01619,0,0.0,0.0012905609877636,0,0,0,W20_N5_mean1.5x,20,5,1.5,909,Pitch_hybrid_prediction,/home/tchowdh4/sensor_recovery_project/logs/extracted_csv/baseline_03_forward_motion_ATT.csv,/home/tchowdh4/sensor_recovery_project/prediction_results_v9_trained_hybrid/baseline_03_forward_motion_ATT_trained_hybrid_prediction_outputs.csv,0.090597428381443,attacked_measurement,0.0,0.0
2.399873,baseline_03_forward_motion,Pitch,pulse,0.12952,0,0.0868538618087768,0.0868538618087768,0.0854688825513314,0.0013849792574454,0.0013849792574454,0.01619,0,0.0,0.0012592338624131,0,0,0,W20_N5_mean1.5x,20,5,1.5,909,Pitch_hybrid_prediction,/home/tchowdh4/sensor_recovery_project/logs/extracted_csv/baseline_03_forward_motion_ATT.csv,/home/tchowdh4/sensor_recovery_project/prediction_results_v9_trained_hybrid/baseline_03_forward_motion_ATT_trained_hybrid_prediction_outputs.csv,0.0868538618087768,attacked_measurement,0.0,0.0
2.499833,baseline_03_forward_motion,Pitch,pulse,0.12952,0,0.085645392537117,0.085645392537117,0.08547559232549,0.000169800211627,0.000169800211627,0.01619,0,0.0,0.0012121776615347,0,0,0,W20_N5_mean1.5x,20,5,1.5,909,Pitch_hybrid_prediction,/home/tchowdh4/sensor_recovery_project/logs/extracted_csv/baseline_03_forward_motion_ATT.csv,/home/tchowdh4/sensor_recovery_project/prediction_results_v9_trained_hybrid/baseline_03_forward_motion_ATT_trained_hybrid_prediction_outputs.csv,0.085645392537117,attacked_measurement,0.0,0.0
2.599793,baseline_03_forward_motion,Pitch,pulse,0.12952,0,0.0849236845970153,0.0849236845970153,0.0845347901407237,0.0003888944562916,0.0003888944562916,0.01619,0,0.0,0.0011928692573838,0,0,0,W20_N5_mean1.5x,20,5,1.5,909,Pitch_hybrid_prediction,/home/tchowdh4/sensor_recovery_project/logs/extracted_csv/baseline_03_forward_motion_ATT.csv,/home/tchowdh4/sensor_recovery_project/prediction_results_v9_trained_hybrid/baseline_03_forward_motion_ATT_trained_hybrid_prediction_outputs.csv,0.0849236845970153,attacked_measurement,0.0,0.0
2.699753,baseline_03_forward_motion,Pitch,pulse,0.12952,0,0.0819182395935058,0.0819182395935058,0.0804872215476205,0.0014310180458853,0.0014310180458853,0.01619,0,0.0,0.0012554823473118,0,0,0,W20_N5_mean1.5x,20,5,1.5,909,Pitch_hybrid_prediction,/home/tchowdh4/sensor_recovery_project/logs/extracted_csv/baseline_03_forward_motion_ATT.csv,/home/tchowdh4/sensor_recovery_project/prediction_results_v9_trained_hybrid/baseline_03_forward_motion_ATT_trained_hybrid_prediction_outputs.csv,0.0819182395935058,attacked_measurement,0.0,0.0
2.800546,baseline_03_forward_motion,Pitch,pulse,0.12952,0,0.0821583047509193,0.0821583047509193,0.0832793780453888,-0.0011210732944695,0.0011210732944695,0.01619,0,0.0,0.0012681979248501,0,0,0,W20_N5_mean1.5x,20,5,1.5,909,Pitch_hybrid_prediction,/home/tchowdh4/sensor_recovery_project/logs/extracted_csv/baseline_03_forward_motion_ATT.csv,/home/tchowdh4/sensor_recovery_project/prediction_results_v9_trained_hybrid/baseline_03_forward_motion_ATT_trained_hybrid_prediction_outputs.csv,0.0821583047509193,attacked_measurement,0.0,0.0
2.900506,baseline_03_forward_motion,Pitch,pulse,0.12952,0,0.082458309829235,0.082458309829235,0.0836707993073083,-0.0012124894780733,0.0012124894780733,0.01619,0,0.0,0.0012735684089149,0,0,0,W20_N5_mean1.5x,20,5,1.5,909,Pitch_hybrid_prediction,/home/tchowdh4/sensor_recovery_project/logs/extracted_csv/baseline_03_forward_motion_ATT.csv,/home/tchowdh4/sensor_recovery_project/prediction_results_v9_trained_hybrid/baseline_03_forward_motion_ATT_trained_hybrid_prediction_outputs.csv,0.082458309829235,attacked_measurement,0.0,0.0
3.000466,baseline_03_forward_motion,Pitch,pulse,0.12952,0,0.0826427862048149,0.0826427862048149,0.0836385994739882,-0.0009958132691733,0.0009958132691733,0.01619,0,0.0,0.0012432159864431,0,0,0,W20_N5_mean1.5x,20,5,1.5,909,Pitch_hybrid_prediction,/home/tchowdh4/sensor_recovery_project/logs/extracted_csv/baseline_03_forward_motion_ATT.csv,/home/tchowdh4/sensor_recovery_project/prediction_results_v9_trained_hybrid/baseline_03_forward_motion_ATT_trained_hybrid_prediction_outputs.csv,0.0826427862048149,attacked_measurement,0.0,0.0
3.100426,baseline_03_forward_motion,Pitch,pulse,0.12952,0,0.082951582968235,0.082951582968235,0.0839778237574023,-0.0010262407891672,0.0010262407891672,0.01619,0,0.0,0.0012502686724693,0,0,0,W20_N5_mean1.5x,20,5,1.5,909,Pitch_hybrid_prediction,/home/tchowdh4/sensor_recovery_project/logs/extracted_csv/baseline_03_forward_motion_ATT.csv,/home/tchowdh4/sensor_recovery_project/prediction_results_v9_trained_hybrid/baseline_03_forward_motion_ATT_trained_hybrid_prediction_outputs.csv,0.082951582968235,attacked_measurement,0.0,0.0
3.200386,baseline_03_forward_motion,Pitch,pulse,0.12952,0,0.0821758583188057,0.0821758583188057,0.082312163080509,-0.0001363047617033,0.0001363047617033,0.01619,0,0.0,0.0011381764608782,0,0,0,W20_N5_mean1.5x,20,5,1.5,909,Pitch_hybrid_prediction,/home/tchowdh4/sensor_recovery_project/logs/extracted_csv/baseline_03_forward_motion_ATT.csv,/home/tchowdh4/sensor_recovery_project/prediction_results_v9_trained_hybrid/baseline_03_forward_motion_ATT_trained_hybrid_prediction_outputs.csv,0.0821758583188057,attacked_measurement,0.0,0.0
3.300346,baseline_03_forward_motion,Pitch,pulse,0.12952,0,0.0851553529500961,0.0851553529500961,0.0872545395211805,-0.0020991865710843,0.0020991865710843,0.01619,0,0.0,0.0012039181931192,0,0,0,W20_N5_mean1.5x,20,5,1.5,909,Pitch_hybrid_prediction,/home/tchowdh4/sensor_recovery_project/logs/extracted_csv/baseline_03_forward_motion_ATT.csv,/home/tchowdh4/sensor_recovery_project/prediction_results_v9_trained_hybrid/baseline_03_forward_motion_ATT_trained_hybrid_prediction_outputs.csv,0.0851553529500961,attacked_measurement,0.0,0.0
3.400306,baseline_03_forward_motion,Pitch,pulse,0.12952,0,0.0838624686002731,0.0838624686002731,0.0841094945196934,-0.0002470259194203,0.0002470259194203,0.01619,0,0.0,0.0010276406873231,0,0,0,W20_N5_mean1.5x,20,5,1.5,909,Pitch_hybrid_prediction,/home/tchowdh4/sensor_recovery_project/logs/extracted_csv/baseline_03_forward_motion_ATT.csv,/home/tchowdh4/sensor_recovery_project/prediction_results_v9_trained_hybrid/baseline_03_forward_motion_ATT_trained_hybrid_prediction_outputs.csv,0.0838624686002731,attacked_measurement,0.0,0.0
3.500266,baseline_03_forward_motion,Pitch,pulse,0.12952,0,0.0821829810738563,0.0821829810738563,0.0823909661463202,-0.0002079850724639,0.0002079850724639,0.01619,0,0.0,0.0008752305956383,0,0,0,W20_N5_mean1.5x,20,5,1.5,909,Pitch_hybrid_prediction,/home/tchowdh4/sensor_recovery_project/logs/extracted_csv/baseline_03_forward_motion_ATT.csv,/home/tchowdh4/sensor_recovery_project/prediction_results_v9_trained_hybrid/baseline_03_forward_motion_ATT_trained_hybrid_prediction_outputs.csv,0.0821829810738563,attacked_measurement,0.0,0.0
3.600226,baseline_03_forward_motion,Pitch,pulse,0.12952,0,0.0836799368262291,0.0836799368262291,0.0852898444128898,-0.0016099075866606,0.0016099075866606,0.01619,0,0.0,0.0008870115558534,0,0,0,W20_N5_mean1.5x,20,5,1.5,909,Pitch_hybrid_prediction,/home/tchowdh4/sensor_recovery_project/logs/extracted_csv/baseline_03_forward_motion_ATT.csv,/home/tchowdh4/sensor_recovery_project/prediction_results_v9_trained_hybrid/baseline_03_forward_motion_ATT_trained_hybrid_prediction_outputs.csv,0.0836799368262291,attacked_measurement,0.0,0.0
3.700186,baseline_03_forward_motion,Pitch,pulse,0.12952,0,0.0812955945730209,0.0812955945730209,0.0807893423385449,0.0005062522344759,0.0005062522344759,0.01619,0,0.0,0.0007590531879196,0,0,0,W20_N5_mean1.5x,20,5,1.5,909,Pitch_hybrid_prediction,/home/tchowdh4/sensor_recovery_project/logs/extracted_csv/baseline_03_forward_motion_ATT.csv,/home/tchowdh4/sensor_recovery_project/prediction_results_v9_trained_hybrid/baseline_03_forward_motion_ATT_trained_hybrid_prediction_outputs.csv,0.0812955945730209,attacked_measurement,0.0,0.0
3.800146,baseline_03_forward_motion,Pitch,pulse,0.12952,0,0.0812271609902381,0.0812271609902381,0.0819763311565175,-0.0007491701662794,0.0007491701662794,0.01619,0,0.0,0.0007520959423824,0,0,0,W20_N5_mean1.5x,20,5,1.5,909,Pitch_hybrid_prediction,/home/tchowdh4/sensor_recovery_project/logs/extracted_csv/baseline_03_forward_motion_ATT.csv,/home/tchowdh4/sensor_recovery_project/prediction_results_v9_trained_hybrid/baseline_03_forward_motion_ATT_trained_hybrid_prediction_outputs.csv,0.0812271609902381,attacked_measurement,0.0,0.0
3.900106,baseline_03_forward_motion,Pitch,pulse,0.12952,0,0.0799528509378433,0.0799528509378433,0.0802379771732765,-0.0002851262354332,0.0002851262354332,0.01619,0,0.0,0.0007484387209267,0,0,0,W20_N5_mean1.5x,20,5,1.5,909,Pitch_hybrid_prediction,/home/tchowdh4/sensor_recovery_project/logs/extracted_csv/baseline_03_forward_motion_ATT.csv,/home/tchowdh4/sensor_recovery_project/prediction_results_v9_trained_hybrid/baseline_03_forward_motion_ATT_trained_hybrid_prediction_outputs.csv,0.0799528509378433,attacked_measurement,0.0,0.0
4.000066,baseline_03_forward_motion,Pitch,pulse,0.12952,0,0.0767224505543708,0.0767224505543708,0.0760793394297708,0.0006431111245999,0.0006431111245999,0.01619,0,0.0,0.0007600827289128,0,0,0,W20_N5_mean1.5x,20,5,1.5,909,Pitch_hybrid_prediction,/home/tchowdh4/sensor_recovery_project/logs/extracted_csv/baseline_03_forward_motion_ATT.csv,/home/tchowdh4/sensor_recovery_project/prediction_results_v9_trained_hybrid/baseline_03_forward_motion_ATT_trained_hybrid_prediction_outputs.csv,0.0767224505543708,attacked_measurement,0.0,0.0
4.100026,baseline_03_forward_motion,Pitch,pulse,0.12952,0,0.076459877192974,0.076459877192974,0.077598825575665,-0.001138948382691,0.001138948382691,0.01619,0,0.0,0.0008044133007339,0,0,0,W20_N5_mean1.5x,20,5,1.5,909,Pitch_hybrid_prediction,/home/tchowdh4/sensor_recovery_project/logs/extracted_csv/baseline_03_forward_motion_ATT.csv,/home/tchowdh4/sensor_recovery_project/prediction_results_v9_trained_hybrid/baseline_03_forward_motion_ATT_trained_hybrid_prediction_outputs.csv,0.076459877192974,attacked_measurement,0.0,0.0
4.199986,baseline_03_forward_motion,Pitch,pulse,0.12952,0,0.0733970329165458,0.0733970329165458,0.0732806201857607,0.000116412730785,0.000116412730785,0.01619,0,0.0,0.0007793303203098,0,0,0,W20_N5_mean1.5x,20,5,1.5,909,Pitch_hybrid_prediction,/home/tchowdh4/sensor_recovery_project/logs/extracted_csv/baseline_03_forward_motion_ATT.csv,/home/tchowdh4/sensor_recovery_project/prediction_results_v9_trained_hybrid/baseline_03_forward_motion_ATT_trained_hybrid_prediction_outputs.csv,0.0733970329165458,attacked_measurement,0.0,0.0
4.299946,baseline_03_forward_motion,Pitch,pulse,0.12952,0,0.0754254907369613,0.0754254907369613,0.0780597372248303,-0.002634246487869,0.002634246487869,0.01619,0,0.0,0.0009051993037799,0,0,0,W20_N5_mean1.5x,20,5,1.5,909,Pitch_hybrid_prediction,/home/tchowdh4/sensor_recovery_project/logs/extracted_csv/baseline_03_forward_motion_ATT.csv,/home/tchowdh4/sensor_recovery_project/prediction_results_v9_trained_hybrid/baseline_03_forward_motion_ATT_trained_hybrid_prediction_outputs.csv,0.0754254907369613,attacked_measurement,0.0,0.0
4.399906,baseline_03_forward_motion,Pitch,pulse,0.12952,0,0.0824671611189842,0.0824671611189842,0.0875566759511485,-0.0050895148321642,0.0050895148321642,0.01619,0,0.0,0.0010904260825158,0,0,0,W20_N5_mean1.5x,20,5,1.5,909,Pitch_hybrid_prediction,/home/tchowdh4/sensor_recovery_project/logs/extracted_csv/baseline_03_forward_motion_ATT.csv,/home/tchowdh4/sensor_recovery_project/prediction_results_v9_trained_hybrid/baseline_03_forward_motion_ATT_trained_hybrid_prediction_outputs.csv,0.0824671611189842,attacked_measurement,0.0,0.0
4.499866,baseline_03_forward_motion,Pitch,pulse,0.12952,0,0.0872377008199691,0.0872377008199691,0.0910703301955328,-0.0038326293755637,0.0038326293755637,0.01619,0,0.0,0.0012735675407127,0,0,0,W20_N5_mean1.5x,20,5,1.5,909,Pitch_hybrid_prediction,/home/tchowdh4/sensor_recovery_project/logs/extracted_csv/baseline_03_forward_motion_ATT.csv,/home/tchowdh4/sensor_recovery_project/prediction_results_v9_trained_hybrid/baseline_03_forward_motion_ATT_trained_hybrid_prediction_outputs.csv,0.0872377008199691,attacked_measurement,0.0,0.0
4.599826,baseline_03_forward_motion,Pitch,pulse,0.12952,0,0.0927711427211761,0.0927711427211761,0.0969389139014282,-0.004167771180252,0.004167771180252,0.01619,0,0.0,0.0014625113769107,0,0,0,W20_N5_mean1.5x,20,5,1.5,909,Pitch_hybrid_prediction,/home/tchowdh4/sensor_recovery_project/logs/extracted_csv/baseline_03_forward_motion_ATT.csv,/home/tchowdh4/sensor_recovery_project/prediction_results_v9_trained_hybrid/baseline_03_forward_motion_ATT_trained_hybrid_prediction_outputs.csv,0.0927711427211761,attacked_measurement,0.0,0.0
4.699786,baseline_03_forward_motion,Pitch,pulse,0.12952,0,0.0989738777279853,0.0989738777279853,0.1032263674611007,-0.0042524897331154,0.0042524897331154,0.01619,0,0.0,0.0016035849612722,0,0,0,W20_N5_mean1.5x,20,5,1.5,909,Pitch_hybrid_prediction,/home/tchowdh4/sensor_recovery_project/logs/extracted_csv/baseline_03_forward_motion_ATT.csv,/home/tchowdh4/sensor_recovery_project/prediction_results_v9_trained_hybrid/baseline_03_forward_motion_ATT_trained_hybrid_prediction_outputs.csv,0.0989738777279853,attacked_measurement,0.0,0.0
4.799746,baseline_03_forward_motion,Pitch,pulse,0.12952,0,0.0957217738032341,0.0957217738032341,0.0952517957560929,0.0004699780471412,0.0004699780471412,0.01619,0,0.0,0.0015710301989058,0,0,0,W20_N5_mean1.5x,20,5,1.5,909,Pitch_hybrid_prediction,/home/tchowdh4/sensor_recovery_project/logs/extracted_csv/baseline_03_forward_motion_ATT.csv,/home/tchowdh4/sensor_recovery_project/prediction_results_v9_trained_hybrid/baseline_03_forward_motion_ATT_trained_hybrid_prediction_outputs.csv,0.0957217738032341,attacked_measurement,0.0,0.0
4.900539,baseline_03_forward_motion,Pitch,pulse,0.12952,0,0.0955293625593185,0.0955293625593185,0.0966609590043642,-0.0011315964450456,0.0011315964450456,0.01619,0,0.0,0.0015669855472544,0,0,0,W20_N5_mean1.5x,20,5,1.5,909,Pitch_hybrid_prediction,/home/tchowdh4/sensor_recovery_project/logs/extracted_csv/baseline_03_forward_motion_ATT.csv,/home/tchowdh4/sensor_recovery_project/prediction_results_v9_trained_hybrid/baseline_03_forward_motion_ATT_trained_hybrid_prediction_outputs.csv,0.0955293625593185,attacked_measurement,0.0,0.0
5.000499,baseline_03_forward_motion,Pitch,pulse,0.12952,0,0.0968167409300804,0.0968167409300804,0.0984217420400648,-0.0016050011099844,0.0016050011099844,0.01619,0,0.0,0.001597444939295,0,0,0,W20_N5_mean1.5x,20,5,1.5,909,Pitch_hybrid_prediction,/home/tchowdh4/sensor_recovery_project/logs/extracted_csv/baseline_03_forward_motion_ATT.csv,/home/tchowdh4/sensor_recovery_project/prediction_results_v9_trained_hybrid/baseline_03_forward_motion_ATT_trained_hybrid_prediction_outputs.csv,0.0968167409300804,attacked_measurement,0.0,0.0
5.100459,baseline_03_forward_motion,Pitch,pulse,0.12952,0,0.0935916006565094,0.0935916006565094,0.0925925781992704,0.0009990224572389,0.0009990224572389,0.01619,0,0.0,0.0015960840226986,0,0,0,W20_N5_mean1.5x,20,5,1.5,909,Pitch_hybrid_prediction,/home/tchowdh4/sensor_recovery_project/logs/extracted_csv/baseline_03_forward_motion_ATT.csv,/home/tchowdh4/sensor_recovery_project/prediction_results_v9_trained_hybrid/baseline_03_forward_motion_ATT_trained_hybrid_prediction_outputs.csv,0.0935916006565094,attacked_measurement,0.0,0.0
5.200419,baseline_03_forward_motion,Pitch,pulse,0.12952,0,0.0948908329010009,0.0948908329010009,0.0961470102503927,-0.0012561773493918,0.0012561773493918,0.01619,0,0.0,0.001652077652083,0,0,0,W20_N5_mean1.5x,20,5,1.5,909,Pitch_hybrid_prediction,/home/tchowdh4/sensor_recovery_project/logs/extracted_csv/baseline_03_forward_motion_ATT.csv,/home/tchowdh4/sensor_recovery_project/prediction_results_v9_trained_hybrid/baseline_03_forward_motion_ATT_trained_hybrid_prediction_outputs.csv,0.0948908329010009,attacked_measurement,0.0,0.0
5.300379,baseline_03_forward_motion,Pitch,pulse,0.12952,0,0.0931508839130401,0.0931508839130401,0.0925714777325459,0.0005794061804942,0.0005794061804942,0.01619,0,0.0,0.0015760886325535,0,0,0,W20_N5_mean1.5x,20,5,1.5,909,Pitch_hybrid_prediction,/home/tchowdh4/sensor_recovery_project/logs/extracted_csv/baseline_03_forward_motion_ATT.csv,/home/tchowdh4/sensor_recovery_project/prediction_results_v9_trained_hybrid/baseline_03_forward_motion_ATT_trained_hybrid_prediction_outputs.csv,0.0931508839130401,attacked_measurement,0.0,0.0
5.400339,baseline_03_forward_motion,Pitch,pulse,0.12952,0,0.0865608155727386,0.0865608155727386,0.083696326751216,0.0028644888215226,0.0028644888215226,0.01619,0,0.0,0.0017069617776586,0,0,0,W20_N5_mean1.5x,20,5,1.5,909,Pitch_hybrid_prediction,/home/tchowdh4/sensor_recovery_project/logs/extracted_csv/baseline_03_forward_motion_ATT.csv,/home/tchowdh4/sensor_recovery_project/prediction_results_v9_trained_hybrid/baseline_03_forward_motion_ATT_trained_hybrid_prediction_outputs.csv,0.0865608155727386,attacked_measurement,0.0,0.0
5.500299,baseline_03_forward_motion,Pitch,pulse,0.12952,0,0.0848554000258445,0.0848554000258445,0.0846978145232132,0.0001575855026312,0.0001575855026312,0.01619,0,0.0,0.001704441799167,0,0,0,W20_N5_mean1.5x,20,5,1.5,909,Pitch_hybrid_prediction,/home/tchowdh4/sensor_recovery_project/logs/extracted_csv/baseline_03_forward_motion_ATT.csv,/home/tchowdh4/sensor_recovery_project/prediction_results_v9_trained_hybrid/baseline_03_forward_motion_ATT_trained_hybrid_prediction_outputs.csv,0.0848554000258445,attacked_measurement,0.0,0.0
5.600259,baseline_03_forward_motion,Pitch,pulse,0.12952,0,0.0849125608801841,0.0849125608801841,0.0857652440318643,-0.0008526831516801,0.0008526831516801,0.01619,0,0.0,0.0016665805774179,0,0,0,W20_N5_mean1.5x,20,5,1.5,909,Pitch_hybrid_prediction,/home/tchowdh4/sensor_recovery_project/logs/extracted_csv/baseline_03_forward_motion_ATT.csv,/home/tchowdh4/sensor_recovery_project/prediction_results_v9_trained_hybrid/baseline_03_forward_motion_ATT_trained_hybrid_prediction_outputs.csv,0.0849125608801841,attacked_measurement,0.0,0.0
5.700219,baseline_03_forward_motion,Pitch,pulse,0.12952,0,0.0832804068922996,0.0832804068922996,0.0832481800876118,3.2226804687798816e-05,3.2226804687798816e-05,0.01619,0,0.0,0.0016428793059285,0,0,0,W20_N5_mean1.5x,20,5,1.5,909,Pitch_hybrid_prediction,/home/tchowdh4/sensor_recovery_project/logs/extracted_csv/baseline_03_forward_motion_ATT.csv,/home/tchowdh4/sensor_recovery_project/prediction_results_v9_trained_hybrid/baseline_03_forward_motion_ATT_trained_hybrid_prediction_outputs.csv,0.0832804068922996,attacked_measurement,0.0,0.0
5.800179,baseline_03_forward_motion,Pitch,pulse,0.12952,0,0.0855491012334823,0.0855491012334823,0.0870890746765725,-0.0015399734430901,0.0015399734430901,0.01619,0,0.0,0.0016824194697691,0,0,0,W20_N5_mean1.5x,20,5,1.5,909,Pitch_hybrid_prediction,/home/tchowdh4/sensor_recovery_project/logs/extracted_csv/baseline_03_forward_motion_ATT.csv,/home/tchowdh4/sensor_recovery_project/prediction_results_v9_trained_hybrid/baseline_03_forward_motion_ATT_trained_hybrid_prediction_outputs.csv,0.0855491012334823,attacked_measurement,0.0,0.0
5.900139,baseline_03_forward_motion,Pitch,pulse,0.12952,0,0.0846170708537101,0.0846170708537101,0.0847138182695201,-9.67474158099918e-05,9.67474158099918e-05,0.01619,0,0.0,0.0016730005287879,0,0,0,W20_N5_mean1.5x,20,5,1.5,909,Pitch_hybrid_prediction,/home/tchowdh4/sensor_recovery_project/logs/extracted_csv/baseline_03_forward_motion_ATT.csv,/home/tchowdh4/sensor_recovery_project/prediction_results_v9_trained_hybrid/baseline_03_forward_motion_ATT_trained_hybrid_prediction_outputs.csv,0.0846170708537101,attacked_measurement,0.0,0.0
6.000099,baseline_03_forward_motion,Pitch,pulse,0.12952,0,0.085166722536087,0.085166722536087,0.0866269147038749,-0.0014601921677879,0.0014601921677879,0.01619,0,0.0,0.0017138545809473,0,0,0,W20_N5_mean1.5x,20,5,1.5,909,Pitch_hybrid_prediction,/home/tchowdh4/sensor_recovery_project/logs/extracted_csv/baseline_03_forward_motion_ATT.csv,/home/tchowdh4/sensor_recovery_project/prediction_results_v9_trained_hybrid/baseline_03_forward_motion_ATT_trained_hybrid_prediction_outputs.csv,0.085166722536087,attacked_measurement,0.0,0.0
6.100059,baseline_03_forward_motion,Pitch,pulse,0.12952,0,0.0814119428396225,0.0814119428396225,0.0805468246275165,0.0008651182121059,0.0008651182121059,0.01619,0,0.0,0.001700163072418,0,0,0,W20_N5_mean1.5x,20,5,1.5,909,Pitch_hybrid_prediction,/home/tchowdh4/sensor_recovery_project/logs/extracted_csv/baseline_03_forward_motion_ATT.csv,/home/tchowdh4/sensor_recovery_project/prediction_results_v9_trained_hybrid/baseline_03_forward_motion_ATT_trained_hybrid_prediction_outputs.csv,0.0814119428396225,attacked_measurement,0.0,0.0
6.200019,baseline_03_forward_motion,Pitch,pulse,0.12952,0,0.0806193724274635,0.0806193724274635,0.0813487398504295,-0.0007293674229659,0.0007293674229659,0.01619,0,0.0,0.0017308108070271,0,0,0,W20_N5_mean1.5x,20,5,1.5,909,Pitch_hybrid_prediction,/home/tchowdh4/sensor_recovery_project/logs/extracted_csv/baseline_03_forward_motion_ATT.csv,/home/tchowdh4/sensor_recovery_project/prediction_results_v9_trained_hybrid/baseline_03_forward_motion_ATT_trained_hybrid_prediction_outputs.csv,0.0806193724274635,attacked_measurement,0.0,0.0
6.299979,baseline_03_forward_motion,Pitch,pulse,0.12952,0,0.0801023766398429,0.0801023766398429,0.0813123092008612,-0.0012099325610182,0.0012099325610182,0.01619,0,0.0,0.0016595951106846,0,0,0,W20_N5_mean1.5x,20,5,1.5,909,Pitch_hybrid_prediction,/home/tchowdh4/sensor_recovery_project/logs/extracted_csv/baseline_03_forward_motion_ATT.csv,/home/tchowdh4/sensor_recovery_project/prediction_results_v9_trained_hybrid/baseline_03_forward_motion_ATT_trained_hybrid_prediction_outputs.csv,0.0801023766398429,attacked_measurement,0.0,0.0
6.399939,baseline_03_forward_motion,Pitch,pulse,0.12952,0,0.0783626660704612,0.0783626660704612,0.0790515997744583,-0.000688933703997,0.000688933703997,0.01619,0,0.0,0.0014395660542762,0,0,0,W20_N5_mean1.5x,20,5,1.5,909,Pitch_hybrid_prediction,/home/tchowdh4/sensor_recovery_project/logs/extracted_csv/baseline_03_forward_motion_ATT.csv,/home/tchowdh4/sensor_recovery_project/prediction_results_v9_trained_hybrid/baseline_03_forward_motion_ATT_trained_hybrid_prediction_outputs.csv,0.0783626660704612,attacked_measurement,0.0,0.0
6.499899,baseline_03_forward_motion,Pitch,pulse,0.12952,0,0.0799902603030204,0.0799902603030204,0.0825404260964888,-0.0025501657934684,0.0025501657934684,0.01619,0,0.0,0.0013754428751714,0,0,0,W20_N5_mean1.5x,20,5,1.5,909,Pitch_hybrid_prediction,/home/tchowdh4/sensor_recovery_project/logs/extracted_csv/baseline_03_forward_motion_ATT.csv,/home/tchowdh4/sensor_recovery_project/prediction_results_v9_trained_hybrid/baseline_03_forward_motion_ATT_trained_hybrid_prediction_outputs.csv,0.0799902603030204,attacked_measurement,0.0,0.0
6.599859,baseline_03_forward_motion,Pitch,pulse,0.12952,0,0.0781180113554,0.0781180113554,0.0786068683503636,-0.0004888569949635,0.0004888569949635,0.01619,0,0.0,0.001191497165907,0,0,0,W20_N5_mean1.5x,20,5,1.5,909,Pitch_hybrid_prediction,/home/tchowdh4/sensor_recovery_project/logs/extracted_csv/baseline_03_forward_motion_ATT.csv,/home/tchowdh4/sensor_recovery_project/prediction_results_v9_trained_hybrid/baseline_03_forward_motion_ATT_trained_hybrid_prediction_outputs.csv,0.0781180113554,attacked_measurement,0.0,0.0
6.699819,baseline_03_forward_motion,Pitch,pulse,0.12952,0,0.0696406215429306,0.0696406215429306,0.0661643153217635,0.003476306221167,0.003476306221167,0.01619,0,0.0,0.0011526879903096,0,0,0,W20_N5_mean1.5x,20,5,1.5,909,Pitch_hybrid_prediction,/home/tchowdh4/sensor_recovery_project/logs/extracted_csv/baseline_03_forward_motion_ATT.csv,/home/tchowdh4/sensor_recovery_project/prediction_results_v9_trained_hybrid/baseline_03_forward_motion_ATT_trained_hybrid_prediction_outputs.csv,0.0696406215429306,attacked_measurement,0.0,0.0
6.799779,baseline_03_forward_motion,Pitch,pulse,0.12952,0,0.0651346072554588,0.0651346072554588,0.0633306194756965,0.0018039877797623,0.0018039877797623,0.01619,0,0.0,0.0012193884769406,0,0,0,W20_N5_mean1.5x,20,5,1.5,909,Pitch_hybrid_prediction,/home/tchowdh4/sensor_recovery_project/logs/extracted_csv/baseline_03_forward_motion_ATT.csv,/home/tchowdh4/sensor_recovery_project/prediction_results_v9_trained_hybrid/baseline_03_forward_motion_ATT_trained_hybrid_prediction_outputs.csv,0.0651346072554588,attacked_measurement,0.0,0.0
6.899739,baseline_03_forward_motion,Pitch,pulse,0.12952,0,0.0587014369666576,0.0587014369666576,0.0560182126094607,0.0026832243571968,0.0026832243571968,0.01619,0,0.0,0.0012969698725482,0,0,0,W20_N5_mean1.5x,20,5,1.5,909,Pitch_hybrid_prediction,/home/tchowdh4/sensor_recovery_project/logs/extracted_csv/baseline_03_forward_motion_ATT.csv,/home/tchowdh4/sensor_recovery_project/prediction_results_v9_trained_hybrid/baseline_03_forward_motion_ATT_trained_hybrid_prediction_outputs.csv,0.0587014369666576,attacked_measurement,0.0,0.0
7.000532,baseline_03_forward_motion,Pitch,pulse,0.12952,0,0.0538709908723831,0.0538709908723831,0.0521384766063558,0.0017325142660272,0.0017325142660272,0.01619,0,0.0,0.0013033455303503,0,0,0,W20_N5_mean1.5x,20,5,1.5,909,Pitch_hybrid_prediction,/home/tchowdh4/sensor_recovery_project/logs/extracted_csv/baseline_03_forward_motion_ATT.csv,/home/tchowdh4/sensor_recovery_project/prediction_results_v9_trained_hybrid/baseline_03_forward_motion_ATT_trained_hybrid_prediction_outputs.csv,0.0538709908723831,attacked_measurement,0.0,0.0
7.100492,baseline_03_forward_motion,Pitch,pulse,0.12952,0,0.0547841303050518,0.0547841303050518,0.0562632089654894,-0.0014790786604376,0.0014790786604376,0.01619,0,0.0,0.0013273483405103,0,0,0,W20_N5_mean1.5x,20,5,1.5,909,Pitch_hybrid_prediction,/home/tchowdh4/sensor_recovery_project/logs/extracted_csv/baseline_03_forward_motion_ATT.csv,/home/tchowdh4/sensor_recovery_project/prediction_results_v9_trained_hybrid/baseline_03_forward_motion_ATT_trained_hybrid_prediction_outputs.csv,0.0547841303050518,attacked_measurement,0.0,0.0
7.200452,baseline_03_forward_motion,Pitch,pulse,0.12952,0,0.0521524101495742,0.0521524101495742,0.0519835465668937,0.0001688635826805,0.0001688635826805,0.01619,0,0.0,0.0012729826521747,0,0,0,W20_N5_mean1.5x,20,5,1.5,909,Pitch_hybrid_prediction,/home/tchowdh4/sensor_recovery_project/logs/extracted_csv/baseline_03_forward_motion_ATT.csv,/home/tchowdh4/sensor_recovery_project/prediction_results_v9_trained_hybrid/baseline_03_forward_motion_ATT_trained_hybrid_prediction_outputs.csv,0.0521524101495742,attacked_measurement,0.0,0.0
7.300412,baseline_03_forward_motion,Pitch,pulse,0.12952,0,0.0527667552232742,0.0527667552232742,0.0540636369528653,-0.001296881729591,0.001296881729591,0.01619,0,0.0,0.0013088564296296,0,0,0,W20_N5_mean1.5x,20,5,1.5,909,Pitch_hybrid_prediction,/home/tchowdh4/sensor_recovery_project/logs/extracted_csv/baseline_03_forward_motion_ATT.csv,/home/tchowdh4/sensor_recovery_project/prediction_results_v9_trained_hybrid/baseline_03_forward_motion_ATT_trained_hybrid_prediction_outputs.csv,0.0527667552232742,attacked_measurement,0.0,0.0
7.400372,baseline_03_forward_motion,Pitch,pulse,0.12952,0,0.0524816177785396,0.0524816177785396,0.0532756639900057,-0.0007940462114661,0.0007940462114661,0.01619,0,0.0,0.0012053342991267,0,0,0,W20_N5_mean1.5x,20,5,1.5,909,Pitch_hybrid_prediction,/home/tchowdh4/sensor_recovery_project/logs/extracted_csv/baseline_03_forward_motion_ATT.csv,/home/tchowdh4/sensor_recovery_project/prediction_results_v9_trained_hybrid/baseline_03_forward_motion_ATT_trained_hybrid_prediction_outputs.csv,0.0524816177785396,attacked_measurement,0.0,0.0
7.500332,baseline_03_forward_motion,Pitch,pulse,0.12952,0,0.0548200383782386,0.0548200383782386,0.0571562764618032,-0.0023362380835645,0.0023362380835645,0.01619,0,0.0,0.0013142669281734,0,0,0,W20_N5_mean1.5x,20,5,1.5,909,Pitch_hybrid_prediction,/home/tchowdh4/sensor_recovery_project/logs/extracted_csv/baseline_03_forward_motion_ATT.csv,/home/tchowdh4/sensor_recovery_project/prediction_results_v9_trained_hybrid/baseline_03_forward_motion_ATT_trained_hybrid_prediction_outputs.csv,0.0548200383782386,attacked_measurement,0.0,0.0
7.600292,baseline_03_forward_motion,Pitch,pulse,0.12952,0,0.0571825131773948,0.0571825131773948,0.0591021482203809,-0.0019196350429861,0.0019196350429861,0.01619,0,0.0,0.0013676145227387,0,0,0,W20_N5_mean1.5x,20,5,1.5,909,Pitch_hybrid_prediction,/home/tchowdh4/sensor_recovery_project/logs/extracted_csv/baseline_03_forward_motion_ATT.csv,/home/tchowdh4/sensor_recovery_project/prediction_results_v9_trained_hybrid/baseline_03_forward_motion_ATT_trained_hybrid_prediction_outputs.csv,0.0571825131773948,attacked_measurement,0.0,0.0
7.700252,baseline_03_forward_motion,Pitch,pulse,0.12952,0,0.0587612763047218,0.0587612763047218,0.0601197997885204,-0.0013585234837986,0.0013585234837986,0.01619,0,0.0,0.0014339293566942,0,0,0,W20_N5_mean1.5x,20,5,1.5,909,Pitch_hybrid_prediction,/home/tchowdh4/sensor_recovery_project/logs/extracted_csv/baseline_03_forward_motion_ATT.csv,/home/tchowdh4/sensor_recovery_project/prediction_results_v9_trained_hybrid/baseline_03_forward_motion_ATT_trained_hybrid_prediction_outputs.csv,0.0587612763047218,attacked_measurement,0.0,0.0
7.800212,baseline_03_forward_motion,Pitch,pulse,0.12952,0,0.0575188547372818,0.0575188547372818,0.0574271759879714,9.167874931039628e-05,9.167874931039628e-05,0.01619,0,0.0,0.0013615146220052,0,0,0,W20_N5_mean1.5x,20,5,1.5,909,Pitch_hybrid_prediction,/home/tchowdh4/sensor_recovery_project/logs/extracted_csv/baseline_03_forward_motion_ATT.csv,/home/tchowdh4/sensor_recovery_project/prediction_results_v9_trained_hybrid/baseline_03_forward_motion_ATT_trained_hybrid_prediction_outputs.csv,0.0575188547372818,attacked_measurement,0.0,0.0
7.900172,baseline_03_forward_motion,Pitch,pulse,0.12952,0,0.0633022114634513,0.0633022114634513,0.0673008390713801,-0.0039986276079287,0.0039986276079287,0.01619,0,0.0,0.0015566086316112,0,0,0,W20_N5_mean1.5x,20,5,1.5,909,Pitch_hybrid_prediction,/home/tchowdh4/sensor_recovery_project/logs/extracted_csv/baseline_03_forward_motion_ATT.csv,/home/tchowdh4/sensor_recovery_project/prediction_results_v9_trained_hybrid/baseline_03_forward_motion_ATT_trained_hybrid_prediction_outputs.csv,0.0633022114634513,attacked_measurement,0.0,0.0
8.000132,baseline_03_forward_motion,Pitch,pulse,0.12952,0,0.0669205710291862,0.0669205710291862,0.0699352393734545,-0.0030146683442683,0.0030146683442683,0.01619,0,0.0,0.0016343324404352,0,0,0,W20_N5_mean1.5x,20,5,1.5,909,Pitch_hybrid_prediction,/home/tchowdh4/sensor_recovery_project/logs/extracted_csv/baseline_03_forward_motion_ATT.csv,/home/tchowdh4/sensor_recovery_project/prediction_results_v9_trained_hybrid/baseline_03_forward_motion_ATT_trained_hybrid_prediction_outputs.csv,0.0669205710291862,attacked_measurement,0.0,0.0
8.100092,baseline_03_forward_motion,Pitch,pulse,0.12952,0,0.0737506300210952,0.0737506300210952,0.0784680563976784,-0.0047174263765831,0.0047174263765831,0.01619,0,0.0,0.0018269478486591,0,0,0,W20_N5_mean1.5x,20,5,1.5,909,Pitch_hybrid_prediction,/home/tchowdh4/sensor_recovery_project/logs/extracted_csv/baseline_03_forward_motion_ATT.csv,/home/tchowdh4/sensor_recovery_project/prediction_results_v9_trained_hybrid/baseline_03_forward_motion_ATT_trained_hybrid_prediction_outputs.csv,0.0737506300210952,attacked_measurement,0.0,0.0
8.200052,baseline_03_forward_motion,Pitch,pulse,0.12952,0,0.0765723511576652,0.0765723511576652,0.0789926824736232,-0.002420331315958,0.002420331315958,0.01619,0,0.0,0.0019114960433087,0,0,0,W20_N5_mean1.5x,20,5,1.5,909,Pitch_hybrid_prediction,/home/tchowdh4/sensor_recovery_project/logs/extracted_csv/baseline_03_forward_motion_ATT.csv,/home/tchowdh4/sensor_recovery_project/prediction_results_v9_trained_hybrid/baseline_03_forward_motion_ATT_trained_hybrid_prediction_outputs.csv,0.0765723511576652,attacked_measurement,0.0,0.0
8.300012,baseline_03_forward_motion,Pitch,pulse,0.12952,0,0.074147492647171,0.074147492647171,0.0738146501724351,0.0003328424747359,0.0003328424747359,0.01619,0,0.0,0.0018676415389945,0,0,0,W20_N5_mean1.5x,20,5,1.5,909,Pitch_hybrid_prediction,/home/tchowdh4/sensor_recovery_project/logs/extracted_csv/baseline_03_forward_motion_ATT.csv,/home/tchowdh4/sensor_recovery_project/prediction_results_v9_trained_hybrid/baseline_03_forward_motion_ATT_trained_hybrid_prediction_outputs.csv,0.074147492647171,attacked_measurement,0.0,0.0
8.399972,baseline_03_forward_motion,Pitch,pulse,0.12952,0,0.0739075317978859,0.0739075317978859,0.0743946355276177,-0.0004871037297318,0.0004871037297318,0.01619,0,0.0,0.0018575500402813,0,0,0,W20_N5_mean1.5x,20,5,1.5,909,Pitch_hybrid_prediction,/home/tchowdh4/sensor_recovery_project/logs/extracted_csv/baseline_03_forward_motion_ATT.csv,/home/tchowdh4/sensor_recovery_project/prediction_results_v9_trained_hybrid/baseline_03_forward_motion_ATT_trained_hybrid_prediction_outputs.csv,0.0739075317978859,attacked_measurement,0.0,0.0
8.499932,baseline_03_forward_motion,Pitch,pulse,0.12952,0,0.0720145031809806,0.0720145031809806,0.0715112452032417,0.0005032579777388,0.0005032579777388,0.01619,0,0.0,0.0017552046494948,0,0,0,W20_N5_mean1.5x,20,5,1.5,909,Pitch_hybrid_prediction,/home/tchowdh4/sensor_recovery_project/logs/extracted_csv/baseline_03_forward_motion_ATT.csv,/home/tchowdh4/sensor_recovery_project/prediction_results_v9_trained_hybrid/baseline_03_forward_motion_ATT_trained_hybrid_prediction_outputs.csv,0.0720145031809806,attacked_measurement,0.0,0.0
8.599892,baseline_03_forward_motion,Pitch,pulse,0.12952,0,0.071138709783554,0.071138709783554,0.0712272909427177,-8.858115916370035e-05,8.858115916370035e-05,0.01619,0,0.0,0.0017351908577048,0,0,0,W20_N5_mean1.5x,20,5,1.5,909,Pitch_hybrid_prediction,/home/tchowdh4/sensor_recovery_project/logs/extracted_csv/baseline_03_forward_motion_ATT.csv,/home/tchowdh4/sensor_recovery_project/prediction_results_v9_trained_hybrid/baseline_03_forward_motion_ATT_trained_hybrid_prediction_outputs.csv,0.071138709783554,attacked_measurement,0.0,0.0
8.699852,baseline_03_forward_motion,Pitch,pulse,0.12952,0,0.0717725232243537,0.0717725232243537,0.0727264564145796,-0.0009539331902259,0.0009539331902259,0.01619,0,0.0,0.0016090722061578,0,0,0,W20_N5_mean1.5x,20,5,1.5,909,Pitch_hybrid_prediction,/home/tchowdh4/sensor_recovery_project/logs/extracted_csv/baseline_03_forward_motion_ATT.csv,/home/tchowdh4/sensor_recovery_project/prediction_results_v9_trained_hybrid/baseline_03_forward_motion_ATT_trained_hybrid_prediction_outputs.csv,0.0717725232243537,attacked_measurement,0.0,0.0
8.799812,baseline_03_forward_motion,Pitch,pulse,0.12952,0,0.0731250420212745,0.0731250420212745,0.0746630018831864,-0.0015379598619119,0.0015379598619119,0.01619,0,0.0,0.0015957708102652,0,0,0,W20_N5_mean1.5x,20,5,1.5,909,Pitch_hybrid_prediction,/home/tchowdh4/sensor_recovery_project/logs/extracted_csv/baseline_03_forward_motion_ATT.csv,/home/tchowdh4/sensor_recovery_project/prediction_results_v9_trained_hybrid/baseline_03_forward_motion_ATT_trained_hybrid_prediction_outputs.csv,0.0731250420212745,attacked_measurement,0.0,0.0
8.899772,baseline_03_forward_motion,Pitch,pulse,0.12952,0,0.0800025165081024,0.0800025165081024,0.0849680952588383,-0.0049655787507359,0.0049655787507359,0.01619,0,0.0,0.0017098885299422,0,0,0,W20_N5_mean1.5x,20,5,1.5,909,Pitch_hybrid_prediction,/home/tchowdh4/sensor_recovery_project/logs/extracted_csv/baseline_03_forward_motion_ATT.csv,/home/tchowdh4/sensor_recovery_project/prediction_results_v9_trained_hybrid/baseline_03_forward_motion_ATT_trained_hybrid_prediction_outputs.csv,0.0800025165081024,attacked_measurement,0.0,0.0
8.999732,baseline_03_forward_motion,Pitch,pulse,0.12952,0,0.084429994225502,0.084429994225502,0.0884968811130545,-0.0040668868875524,0.0040668868875524,0.01619,0,0.0,0.0018266071610184,0,0,0,W20_N5_mean1.5x,20,5,1.5,909,Pitch_hybrid_prediction,/home/tchowdh4/sensor_recovery_project/logs/extracted_csv/baseline_03_forward_motion_ATT.csv,/home/tchowdh4/sensor_recovery_project/prediction_results_v9_trained_hybrid/baseline_03_forward_motion_ATT_trained_hybrid_prediction_outputs.csv,0.084429994225502,attacked_measurement,0.0,0.0
9.100525,baseline_03_forward_motion,Pitch,pulse,0.12952,0,0.0842587053775787,0.0842587053775787,0.0855610205248905,-0.0013023151473118,0.0013023151473118,0.01619,0,0.0,0.0018177689853622,0,0,0,W20_N5_mean1.5x,20,5,1.5,909,Pitch_hybrid_prediction,/home/tchowdh4/sensor_recovery_project/logs/extracted_csv/baseline_03_forward_motion_ATT.csv,/home/tchowdh4/sensor_recovery_project/prediction_results_v9_trained_hybrid/baseline_03_forward_motion_ATT_trained_hybrid_prediction_outputs.csv,0.0842587053775787,attacked_measurement,0.0,0.0
9.200485,baseline_03_forward_motion,Pitch,pulse,0.12952,0,0.0862288400530815,0.0862288400530815,0.0880969437548432,-0.0018681037017617,0.0018681037017617,0.01619,0,0.0,0.0019027309913162,0,0,0,W20_N5_mean1.5x,20,5,1.5,909,Pitch_hybrid_prediction,/home/tchowdh4/sensor_recovery_project/logs/extracted_csv/baseline_03_forward_motion_ATT.csv,/home/tchowdh4/sensor_recovery_project/prediction_results_v9_trained_hybrid/baseline_03_forward_motion_ATT_trained_hybrid_prediction_outputs.csv,0.0862288400530815,attacked_measurement,0.0,0.0
9.300445,baseline_03_forward_motion,Pitch,pulse,0.12952,0,0.0860757902264595,0.0860757902264595,0.0868359479213617,-0.0007601576949022,0.0007601576949022,0.01619,0,0.0,0.0018758947895818,0,0,0,W20_N5_mean1.5x,20,5,1.5,909,Pitch_hybrid_prediction,/home/tchowdh4/sensor_recovery_project/logs/extracted_csv/baseline_03_forward_motion_ATT.csv,/home/tchowdh4/sensor_recovery_project/prediction_results_v9_trained_hybrid/baseline_03_forward_motion_ATT_trained_hybrid_prediction_outputs.csv,0.0860757902264595,attacked_measurement,0.0,0.0
9.400405,baseline_03_forward_motion,Pitch,pulse,0.12952,0,0.0866697281599044,0.0866697281599044,0.0867305725510299,-6.084439112549744e-05,6.084439112549744e-05,0.01619,0,0.0,0.0018392346985647,0,0,0,W20_N5_mean1.5x,20,5,1.5,909,Pitch_hybrid_prediction,/home/tchowdh4/sensor_recovery_project/logs/extracted_csv/baseline_03_forward_motion_ATT.csv,/home/tchowdh4/sensor_recovery_project/prediction_results_v9_trained_hybrid/baseline_03_forward_motion_ATT_trained_hybrid_prediction_outputs.csv,0.0866697281599044,attacked_measurement,0.0,0.0
9.500365,baseline_03_forward_motion,Pitch,pulse,0.12952,0,0.0867830216884613,0.0867830216884613,0.0842143423975016,0.0025686792909597,0.0025686792909597,0.01619,0,0.0,0.0018508567589345,0,0,0,W20_N5_mean1.5x,20,5,1.5,909,Pitch_hybrid_prediction,/home/tchowdh4/sensor_recovery_project/logs/extracted_csv/baseline_03_forward_motion_ATT.csv,/home/tchowdh4/sensor_recovery_project/prediction_results_v9_trained_hybrid/baseline_03_forward_motion_ATT_trained_hybrid_prediction_outputs.csv,0.0867830216884613,attacked_measurement,0.0,0.0
9.600325,baseline_03_forward_motion,Pitch,pulse,0.12952,0,0.0864866152405738,0.0864866152405738,0.0814920841207389,0.0049945311198349,0.0049945311198349,0.01619,0,0.0,0.0020046015627769,0,0,0,W20_N5_mean1.5x,20,5,1.5,909,Pitch_hybrid_prediction,/home/tchowdh4/sensor_recovery_project/logs/extracted_csv/baseline_03_forward_motion_ATT.csv,/home/tchowdh4/sensor_recovery_project/prediction_results_v9_trained_hybrid/baseline_03_forward_motion_ATT_trained_hybrid_prediction_outputs.csv,0.0864866152405738,attacked_measurement,0.0,0.0
9.700285,baseline_03_forward_motion,Pitch,pulse,0.12952,1,0.0860768184065818,0.2155968184065818,0.079398047854725,0.1361987705518568,0.1361987705518568,0.01619,1,1.0,0.0087466139161798,0,0,0,W20_N5_mean1.5x,20,5,1.5,909,Pitch_hybrid_prediction,/home/tchowdh4/sensor_recovery_project/logs/extracted_csv/baseline_03_forward_motion_ATT.csv,/home/tchowdh4/sensor_recovery_project/prediction_results_v9_trained_hybrid/baseline_03_forward_motion_ATT_trained_hybrid_prediction_outputs.csv,0.079398047854725,V9_prediction,0.12952,-0.006678770551856797
9.800245,baseline_03_forward_motion,Pitch,pulse,0.12952,1,0.0854983329772949,0.2150183329772949,0.0779453379328681,0.1370729950444267,0.1370729950444267,0.01619,1,2.0,0.0155956797309357,0,0,0,W20_N5_mean1.5x,20,5,1.5,909,Pitch_hybrid_prediction,/home/tchowdh4/sensor_recovery_project/logs/extracted_csv/baseline_03_forward_motion_ATT.csv,/home/tchowdh4/sensor_recovery_project/prediction_results_v9_trained_hybrid/baseline_03_forward_motion_ATT_trained_hybrid_prediction_outputs.csv,0.0779453379328681,V9_prediction,0.12952,-0.0075529950444267885
9.900205,baseline_03_forward_motion,Pitch,pulse,0.12952,1,0.0853182822465896,0.2148382822465896,0.0777370938967186,0.137101188349871,0.137101188349871,0.01619,1,3.0,0.0222508077680328,0,0,0,W20_N5_mean1.5x,20,5,1.5,909,Pitch_hybrid_prediction,/home/tchowdh4/sensor_recovery_project/logs/extracted_csv/baseline_03_forward_motion_ATT.csv,/home/tchowdh4/sensor_recovery_project/prediction_results_v9_trained_hybrid/baseline_03_forward_motion_ATT_trained_hybrid_prediction_outputs.csv,0.0777370938967186,V9_prediction,0.12952,-0.00758118834987101
10.000165,baseline_03_forward_motion,Pitch,pulse,0.12952,1,0.0849933847784996,0.2145133847784996,0.0770532032190854,0.1374601815594142,0.1374601815594142,0.01619,1,4.0,0.0289730834287901,0,1,1,W20_N5_mean1.5x,20,5,1.5,909,Pitch_hybrid_prediction,/home/tchowdh4/sensor_recovery_project/logs/extracted_csv/baseline_03_forward_motion_ATT.csv,/home/tchowdh4/sensor_recovery_project/prediction_results_v9_trained_hybrid/baseline_03_forward_motion_ATT_trained_hybrid_prediction_outputs.csv,0.0770532032190854,V9_prediction,0.12952,-0.0079401815594142
10.100125,baseline_03_forward_motion,Pitch,pulse,0.12952,1,0.0848953798413276,0.2144153798413275,0.076528689699326,0.1378866901420015,0.1378866901420015,0.01619,1,5.0,0.035631546617061,1,1,1,W20_N5_mean1.5x,20,5,1.5,909,Pitch_hybrid_prediction,/home/tchowdh4/sensor_recovery_project/logs/extracted_csv/baseline_03_forward_motion_ATT.csv,/home/tchowdh4/sensor_recovery_project/prediction_results_v9_trained_hybrid/baseline_03_forward_motion_ATT_trained_hybrid_prediction_outputs.csv,0.076528689699326,V9_prediction,0.1295199999999999,-0.008366690142001601
10.200085,baseline_03_forward_motion,Pitch,pulse,0.12952,1,0.0847314149141311,0.214251414914131,0.0751463768231508,0.1391050380909803,0.1391050380909803,0.01619,1,6.0,0.0424657819558121,1,1,1,W20_N5_mean1.5x,20,5,1.5,909,Pitch_hybrid_prediction,/home/tchowdh4/sensor_recovery_project/logs/extracted_csv/baseline_03_forward_motion_ATT.csv,/home/tchowdh4/sensor_recovery_project/prediction_results_v9_trained_hybrid/baseline_03_forward_motion_ATT_trained_hybrid_prediction_outputs.csv,0.0751463768231508,V9_prediction,0.1295199999999999,-0.009585038090980297
10.300045,baseline_03_forward_motion,Pitch,pulse,0.12952,1,0.0847468599677085,0.2142668599677085,0.0734714589843388,0.1407954009833697,0.1407954009833697,0.01619,1,7.0,0.0494889098812438,1,1,1,W20_N5_mean1.5x,20,5,1.5,909,Pitch_hybrid_prediction,/home/tchowdh4/sensor_recovery_project/logs/extracted_csv/baseline_03_forward_motion_ATT.csv,/home/tchowdh4/sensor_recovery_project/prediction_results_v9_trained_hybrid/baseline_03_forward_motion_ATT_trained_hybrid_prediction_outputs.csv,0.0734714589843388,V9_prediction,0.12952,-0.01127540098336971
10.400005,baseline_03_forward_motion,Pitch,pulse,0.12952,1,0.0843745842576026,0.2138945842576026,0.0709640896589817,0.1429304945986209,0.1429304945986209,0.01619,1,8.0,0.0566110794246882,1,1,1,W20_N5_mean1.5x,20,5,1.5,909,Pitch_hybrid_prediction,/home/tchowdh4/sensor_recovery_project/logs/extracted_csv/baseline_03_forward_motion_ATT.csv,/home/tchowdh4/sensor_recovery_project/prediction_results_v9_trained_hybrid/baseline_03_forward_motion_ATT_trained_hybrid_prediction_outputs.csv,0.0709640896589817,V9_prediction,0.12952000000000002,-0.013410494598620898
10.499965,baseline_03_forward_motion,Pitch,pulse,0.12952,1,0.0842256769537925,0.2137456769537924,0.0694016043535032,0.1443440726002892,0.1443440726002892,0.01619,1,9.0,0.0638031201558158,1,1,1,W20_N5_mean1.5x,20,5,1.5,909,Pitch_hybrid_prediction,/home/tchowdh4/sensor_recovery_project/logs/extracted_csv/baseline_03_forward_motion_ATT.csv,/home/tchowdh4/sensor_recovery_project/prediction_results_v9_trained_hybrid/baseline_03_forward_motion_ATT_trained_hybrid_prediction_outputs.csv,0.0694016043535032,V9_prediction,0.1295199999999999,-0.014824072600289298
10.599925,baseline_03_forward_motion,Pitch,pulse,0.12952,1,0.0840480029582977,0.2135680029582977,0.0680964462662469,0.1454715566920508,0.1454715566920508,0.01619,1,10.0,0.0710722689324601,1,1,1,W20_N5_mean1.5x,20,5,1.5,909,Pitch_hybrid_prediction,/home/tchowdh4/sensor_recovery_project/logs/extracted_csv/baseline_03_forward_motion_ATT.csv,/home/tchowdh4/sensor_recovery_project/prediction_results_v9_trained_hybrid/baseline_03_forward_motion_ATT_trained_hybrid_prediction_outputs.csv,0.0680964462662469,V9_prediction,0.12952,-0.015951556692050797
10.699885,baseline_03_forward_motion,Pitch,pulse,0.12952,0,0.0838842168450355,0.0838842168450355,0.0671036815610327,0.0167805352840027,0.0167805352840027,0.01619,1,11.0,0.071863599037149,1,1,1,W20_N5_mean1.5x,20,5,1.5,909,Pitch_hybrid_prediction,/home/tchowdh4/sensor_recovery_project/logs/extracted_csv/baseline_03_forward_motion_ATT.csv,/home/tchowdh4/sensor_recovery_project/prediction_results_v9_trained_hybrid/baseline_03_forward_motion_ATT_trained_hybrid_prediction_outputs.csv,0.0671036815610327,V9_prediction,0.0,-0.016780535284002793
10.799845,baseline_03_forward_motion,Pitch,pulse,0.12952,0,0.0834348052740097,0.0834348052740097,0.0658752404625844,0.0175595648114253,0.0175595648114253,0.01619,1,12.0,0.0726646792846246,1,1,1,W20_N5_mean1.5x,20,5,1.5,909,Pitch_hybrid_prediction,/home/tchowdh4/sensor_recovery_project/logs/extracted_csv/baseline_03_forward_motion_ATT.csv,/home/tchowdh4/sensor_recovery_project/prediction_results_v9_trained_hybrid/baseline_03_forward_motion_ATT_trained_hybrid_prediction_outputs.csv,0.0658752404625844,V9_prediction,0.0,-0.0175595648114253
10.899805,baseline_03_forward_motion,Pitch,pulse,0.12952,0,0.0834143236279487,0.0834143236279487,0.0665048044697862,0.0169095191581625,0.0169095191581625,0.01619,1,13.0,0.073261876304996,1,1,1,W20_N5_mean1.5x,20,5,1.5,909,Pitch_hybrid_prediction,/home/tchowdh4/sensor_recovery_project/logs/extracted_csv/baseline_03_forward_motion_ATT.csv,/home/tchowdh4/sensor_recovery_project/prediction_results_v9_trained_hybrid/baseline_03_forward_motion_ATT_trained_hybrid_prediction_outputs.csv,0.0665048044697862,V9_prediction,0.0,-0.01690951915816251
10.999765,baseline_03_forward_motion,Pitch,pulse,0.12952,0,0.083243653178215,0.083243653178215,0.0687302529636744,0.0145134002145406,0.0145134002145406,0.01619,0,13.0,0.0737842019713454,1,1,1,W20_N5_mean1.5x,20,5,1.5,909,Pitch_hybrid_prediction,/home/tchowdh4/sensor_recovery_project/logs/extracted_csv/baseline_03_forward_motion_ATT.csv,/home/tchowdh4/sensor_recovery_project/prediction_results_v9_trained_hybrid/baseline_03_forward_motion_ATT_trained_hybrid_prediction_outputs.csv,0.083243653178215,attacked_measurement,0.0,0.0
11.099725,baseline_03_forward_motion,Pitch,pulse,0.12952,0,0.0831743329763412,0.0831743329763412,0.0722582496487841,0.0109160833275571,0.0109160833275571,0.01619,0,13.0,0.0742648903803576,1,1,1,W20_N5_mean1.5x,20,5,1.5,909,Pitch_hybrid_prediction,/home/tchowdh4/sensor_recovery_project/logs/extracted_csv/baseline_03_forward_motion_ATT.csv,/home/tchowdh4/sensor_recovery_project/prediction_results_v9_trained_hybrid/baseline_03_forward_motion_ATT_trained_hybrid_prediction_outputs.csv,0.0831743329763412,attacked_measurement,0.0,0.0
11.200518,baseline_03_forward_motion,Pitch,pulse,0.12952,0,0.0829054489731788,0.0829054489731788,0.0750816583272914,0.0078237906458873,0.0078237906458873,0.01619,0,13.0,0.0745626747275639,1,1,1,W20_N5_mean1.5x,20,5,1.5,909,Pitch_hybrid_prediction,/home/tchowdh4/sensor_recovery_project/logs/extracted_csv/baseline_03_forward_motion_ATT.csv,/home/tchowdh4/sensor_recovery_project/prediction_results_v9_trained_hybrid/baseline_03_forward_motion_ATT_trained_hybrid_prediction_outputs.csv,0.0829054489731788,attacked_measurement,0.0,0.0
11.300478,baseline_03_forward_motion,Pitch,pulse,0.12952,0,0.0829236656427383,0.0829236656427383,0.0771948831976359,0.0057287824451024,0.0057287824451024,0.01619,0,13.0,0.0748111059650739,1,1,1,W20_N5_mean1.5x,20,5,1.5,909,Pitch_hybrid_prediction,/home/tchowdh4/sensor_recovery_project/logs/extracted_csv/baseline_03_forward_motion_ATT.csv,/home/tchowdh4/sensor_recovery_project/prediction_results_v9_trained_hybrid/baseline_03_forward_motion_ATT_trained_hybrid_prediction_outputs.csv,0.0829236656427383,attacked_measurement,0.0,0.0
11.400438,baseline_03_forward_motion,Pitch,pulse,0.12952,0,0.082628920674324,0.082628920674324,0.0773360595266932,0.0052928611476307,0.0052928611476307,0.01619,0,13.0,0.0750727068028992,1,1,1,W20_N5_mean1.5x,20,5,1.5,909,Pitch_hybrid_prediction,/home/tchowdh4/sensor_recovery_project/logs/extracted_csv/baseline_03_forward_motion_ATT.csv,/home/tchowdh4/sensor_recovery_project/prediction_results_v9_trained_hybrid/baseline_03_forward_motion_ATT_trained_hybrid_prediction_outputs.csv,0.082628920674324,attacked_measurement,0.0,0.0
11.500398,baseline_03_forward_motion,Pitch,pulse,0.12952,0,0.0826186388731002,0.0826186388731002,0.0777314496261924,0.0048871892469078,0.0048871892469078,0.01619,0,13.0,0.0751886323006966,1,1,1,W20_N5_mean1.5x,20,5,1.5,909,Pitch_hybrid_prediction,/home/tchowdh4/sensor_recovery_project/logs/extracted_csv/baseline_03_forward_motion_ATT.csv,/home/tchowdh4/sensor_recovery_project/prediction_results_v9_trained_hybrid/baseline_03_forward_motion_ATT_trained_hybrid_prediction_outputs.csv,0.0826186388731002,attacked_measurement,0.0,0.0
11.600358,baseline_03_forward_motion,Pitch,pulse,0.12952,0,0.0822765529155731,0.0822765529155731,0.0773723239379907,0.0049042289775824,0.0049042289775824,0.01619,0,13.0,0.075184117193584,1,1,1,W20_N5_mean1.5x,20,5,1.5,909,Pitch_hybrid_prediction,/home/tchowdh4/sensor_recovery_project/logs/extracted_csv/baseline_03_forward_motion_ATT.csv,/home/tchowdh4/sensor_recovery_project/prediction_results_v9_trained_hybrid/baseline_03_forward_motion_ATT_trained_hybrid_prediction_outputs.csv,0.0822765529155731,attacked_measurement,0.0,0.0
11.700318,baseline_03_forward_motion,Pitch,pulse,0.12952,0,0.082380510866642,0.082380510866642,0.0778803430190718,0.0045001678475701,0.0045001678475701,0.01619,0,12.0,0.0685991870583696,1,1,1,W20_N5_mean1.5x,20,5,1.5,909,Pitch_hybrid_prediction,/home/tchowdh4/sensor_recovery_project/logs/extracted_csv/baseline_03_forward_motion_ATT.csv,/home/tchowdh4/sensor_recovery_project/prediction_results_v9_trained_hybrid/baseline_03_forward_motion_ATT_trained_hybrid_prediction_outputs.csv,0.082380510866642,attacked_measurement,0.0,0.0
11.800278,baseline_03_forward_motion,Pitch,pulse,0.12952,0,0.082329973578453,0.082329973578453,0.0777939763159847,0.0045359972624682,0.0045359972624682,0.01619,0,11.0,0.0619723371692717,1,1,1,W20_N5_mean1.5x,20,5,1.5,909,Pitch_hybrid_prediction,/home/tchowdh4/sensor_recovery_project/logs/extracted_csv/baseline_03_forward_motion_ATT.csv,/home/tchowdh4/sensor_recovery_project/prediction_results_v9_trained_hybrid/baseline_03_forward_motion_ATT_trained_hybrid_prediction_outputs.csv,0.082329973578453,attacked_measurement,0.0,0.0
11.900238,baseline_03_forward_motion,Pitch,pulse,0.12952,0,0.0821578502655029,0.0821578502655029,0.0775473953062014,0.0046104549593014,0.0046104549593014,0.01619,0,10.0,0.0553478004997432,1,1,1,W20_N5_mean1.5x,20,5,1.5,909,Pitch_hybrid_prediction,/home/tchowdh4/sensor_recovery_project/logs/extracted_csv/baseline_03_forward_motion_ATT.csv,/home/tchowdh4/sensor_recovery_project/prediction_results_v9_trained_hybrid/baseline_03_forward_motion_ATT_trained_hybrid_prediction_outputs.csv,0.0821578502655029,attacked_measurement,0.0,0.0
12.000198,baseline_03_forward_motion,Pitch,pulse,0.12952,0,0.0817412361502647,0.0817412361502647,0.0769898767138809,0.0047513594363838,0.0047513594363838,0.01619,0,9.0,0.0487123593935917,1,1,1,W20_N5_mean1.5x,20,5,1.5,909,Pitch_hybrid_prediction,/home/tchowdh4/sensor_recovery_project/logs/extracted_csv/baseline_03_forward_motion_ATT.csv,/home/tchowdh4/sensor_recovery_project/prediction_results_v9_trained_hybrid/baseline_03_forward_motion_ATT_trained_hybrid_prediction_outputs.csv,0.0817412361502647,attacked_measurement,0.0,0.0
12.100158,baseline_03_forward_motion,Pitch,pulse,0.12952,0,0.0811754837632179,0.0811754837632179,0.0763971000494646,0.0047783837137533,0.0047783837137533,0.01619,0,8.0,0.0420569440721793,1,1,1,W20_N5_mean1.5x,20,5,1.5,909,Pitch_hybrid_prediction,/home/tchowdh4/sensor_recovery_project/logs/extracted_csv/baseline_03_forward_motion_ATT.csv,/home/tchowdh4/sensor_recovery_project/prediction_results_v9_trained_hybrid/baseline_03_forward_motion_ATT_trained_hybrid_prediction_outputs.csv,0.0811754837632179,attacked_measurement,0.0,0.0
12.200118,baseline_03_forward_motion,Pitch,pulse,0.12952,0,0.0806199610233306,0.0806199610233306,0.0758705194367397,0.0047494415865909,0.0047494415865909,0.01619,0,7.0,0.0353391642469598,1,1,1,W20_N5_mean1.5x,20,5,1.5,909,Pitch_hybrid_prediction,/home/tchowdh4/sensor_recovery_project/logs/extracted_csv/baseline_03_forward_motion_ATT.csv,/home/tchowdh4/sensor_recovery_project/prediction_results_v9_trained_hybrid/baseline_03_forward_motion_ATT_trained_hybrid_prediction_outputs.csv,0.0806199610233306,attacked_measurement,0.0,0.0
12.300078,baseline_03_forward_motion,Pitch,pulse,0.12952,0,0.0799541026353836,0.0799541026353836,0.0751664289460692,0.0047876736893144,0.0047876736893144,0.01619,0,6.0,0.0285387778822571,1,1,1,W20_N5_mean1.5x,20,5,1.5,909,Pitch_hybrid_prediction,/home/tchowdh4/sensor_recovery_project/logs/extracted_csv/baseline_03_forward_motion_ATT.csv,/home/tchowdh4/sensor_recovery_project/prediction_results_v9_trained_hybrid/baseline_03_forward_motion_ATT_trained_hybrid_prediction_outputs.csv,0.0799541026353836,attacked_measurement,0.0,0.0
12.400038,baseline_03_forward_motion,Pitch,pulse,0.12952,0,0.0792865827679634,0.0792865827679634,0.0745462023327773,0.004740380435186,0.004740380435186,0.01619,0,5.0,0.0216292721740853,1,0,1,W20_N5_mean1.5x,20,5,1.5,909,Pitch_hybrid_prediction,/home/tchowdh4/sensor_recovery_project/logs/extracted_csv/baseline_03_forward_motion_ATT.csv,/home/tchowdh4/sensor_recovery_project/prediction_results_v9_trained_hybrid/baseline_03_forward_motion_ATT_trained_hybrid_prediction_outputs.csv,0.0792865827679634,attacked_measurement,0.0,0.0
12.499998,baseline_03_forward_motion,Pitch,pulse,0.12952,0,0.0785300284624099,0.0785300284624099,0.0738299223646088,0.0047001060978011,0.0047001060978011,0.01619,0,4.0,0.0146470738489609,0,0,0,W20_N5_mean1.5x,20,5,1.5,909,Pitch_hybrid_prediction,/home/tchowdh4/sensor_recovery_project/logs/extracted_csv/baseline_03_forward_motion_ATT.csv,/home/tchowdh4/sensor_recovery_project/prediction_results_v9_trained_hybrid/baseline_03_forward_motion_ATT_trained_hybrid_prediction_outputs.csv,0.0785300284624099,attacked_measurement,0.0,0.0
12.599958,baseline_03_forward_motion,Pitch,pulse,0.12952,0,0.0776893496513366,0.0776893496513366,0.0729848415081469,0.0047045081431897,0.0047045081431897,0.01619,0,3.0,0.0076087214215179,0,0,0,W20_N5_mean1.5x,20,5,1.5,909,Pitch_hybrid_prediction,/home/tchowdh4/sensor_recovery_project/logs/extracted_csv/baseline_03_forward_motion_ATT.csv,/home/tchowdh4/sensor_recovery_project/prediction_results_v9_trained_hybrid/baseline_03_forward_motion_ATT_trained_hybrid_prediction_outputs.csv,0.0776893496513366,attacked_measurement,0.0,0.0
12.699918,baseline_03_forward_motion,Pitch,pulse,0.12952,0,0.076961450278759,0.076961450278759,0.0723192679223238,0.0046421823564352,0.0046421823564352,0.01619,0,2.0,0.0070018037751395,0,0,0,W20_N5_mean1.5x,20,5,1.5,909,Pitch_hybrid_prediction,/home/tchowdh4/sensor_recovery_project/logs/extracted_csv/baseline_03_forward_motion_ATT.csv,/home/tchowdh4/sensor_recovery_project/prediction_results_v9_trained_hybrid/baseline_03_forward_motion_ATT_trained_hybrid_prediction_outputs.csv,0.076961450278759,attacked_measurement,0.0,0.0
12.799878,baseline_03_forward_motion,Pitch,pulse,0.12952,0,0.0762163326144218,0.0762163326144218,0.0716617443916778,0.004554588222744,0.004554588222744,0.01619,0,1.0,0.0063515549457054,0,0,0,W20_N5_mean1.5x,20,5,1.5,909,Pitch_hybrid_prediction,/home/tchowdh4/sensor_recovery_project/logs/extracted_csv/baseline_03_forward_motion_ATT.csv,/home/tchowdh4/sensor_recovery_project/prediction_results_v9_trained_hybrid/baseline_03_forward_motion_ATT_trained_hybrid_prediction_outputs.csv,0.0762163326144218,attacked_measurement,0.0,0.0
12.899838,baseline_03_forward_motion,Pitch,pulse,0.12952,0,0.0754389986395835,0.0754389986395835,0.070944603314623,0.0044943953249605,0.0044943953249605,0.01619,0,0.0,0.0057307987540453,0,0,0,W20_N5_mean1.5x,20,5,1.5,909,Pitch_hybrid_prediction,/home/tchowdh4/sensor_recovery_project/logs/extracted_csv/baseline_03_forward_motion_ATT.csv,/home/tchowdh4/sensor_recovery_project/prediction_results_v9_trained_hybrid/baseline_03_forward_motion_ATT_trained_hybrid_prediction_outputs.csv,0.0754389986395835,attacked_measurement,0.0,0.0
12.999798,baseline_03_forward_motion,Pitch,pulse,0.12952,0,0.074762687087059,0.074762687087059,0.0703904777741569,0.004372209312902,0.004372209312902,0.01619,0,0.0,0.0052237392089634,0,0,0,W20_N5_mean1.5x,20,5,1.5,909,Pitch_hybrid_prediction,/home/tchowdh4/sensor_recovery_project/logs/extracted_csv/baseline_03_forward_motion_ATT.csv,/home/tchowdh4/sensor_recovery_project/prediction_results_v9_trained_hybrid/baseline_03_forward_motion_ATT_trained_hybrid_prediction_outputs.csv,0.074762687087059,attacked_measurement,0.0,0.0
13.099758,baseline_03_forward_motion,Pitch,pulse,0.12952,0,0.0742445290088653,0.0742445290088653,0.0699718427906263,0.0042726862182389,0.0042726862182389,0.01619,0,0.0,0.0048915693534975,0,0,0,W20_N5_mean1.5x,20,5,1.5,909,Pitch_hybrid_prediction,/home/tchowdh4/sensor_recovery_project/logs/extracted_csv/baseline_03_forward_motion_ATT.csv,/home/tchowdh4/sensor_recovery_project/prediction_results_v9_trained_hybrid/baseline_03_forward_motion_ATT_trained_hybrid_prediction_outputs.csv,0.0742445290088653,attacked_measurement,0.0,0.0
13.199718,baseline_03_forward_motion,Pitch,pulse,0.12952,0,0.0734394043684005,0.0734394043684005,0.0690750717050759,0.0043643326633246,0.0043643326633246,0.01619,0,0.0,0.0047185964543694,0,0,0,W20_N5_mean1.5x,20,5,1.5,909,Pitch_hybrid_prediction,/home/tchowdh4/sensor_recovery_project/logs/extracted_csv/baseline_03_forward_motion_ATT.csv,/home/tchowdh4/sensor_recovery_project/prediction_results_v9_trained_hybrid/baseline_03_forward_motion_ATT_trained_hybrid_prediction_outputs.csv,0.0734394043684005,attacked_measurement,0.0,0.0
13.300511,baseline_03_forward_motion,Pitch,pulse,0.12952,0,0.0726296752691268,0.0726296752691268,0.0682332681016268,0.0043964071674999,0.0043964071674999,0.01619,0,0.0,0.0046519776904892,0,0,0,W20_N5_mean1.5x,20,5,1.5,909,Pitch_hybrid_prediction,/home/tchowdh4/sensor_recovery_project/logs/extracted_csv/baseline_03_forward_motion_ATT.csv,/home/tchowdh4/sensor_recovery_project/prediction_results_v9_trained_hybrid/baseline_03_forward_motion_ATT_trained_hybrid_prediction_outputs.csv,0.0726296752691268,attacked_measurement,0.0,0.0
13.400471,baseline_03_forward_motion,Pitch,pulse,0.12952,0,0.0720484629273414,0.0720484629273414,0.0677756739649239,0.0042727889624175,0.0042727889624175,0.01619,0,0.0,0.0046009740812286,0,0,0,W20_N5_mean1.5x,20,5,1.5,909,Pitch_hybrid_prediction,/home/tchowdh4/sensor_recovery_project/logs/extracted_csv/baseline_03_forward_motion_ATT.csv,/home/tchowdh4/sensor_recovery_project/prediction_results_v9_trained_hybrid/baseline_03_forward_motion_ATT_trained_hybrid_prediction_outputs.csv,0.0720484629273414,attacked_measurement,0.0,0.0
13.500431,baseline_03_forward_motion,Pitch,pulse,0.12952,0,0.0715001076459884,0.0715001076459884,0.0673366936864379,0.0041634139595504,0.0041634139595504,0.01619,0,0.0,0.0045647853168607,0,0,0,W20_N5_mean1.5x,20,5,1.5,909,Pitch_hybrid_prediction,/home/tchowdh4/sensor_recovery_project/logs/extracted_csv/baseline_03_forward_motion_ATT.csv,/home/tchowdh4/sensor_recovery_project/prediction_results_v9_trained_hybrid/baseline_03_forward_motion_ATT_trained_hybrid_prediction_outputs.csv,0.0715001076459884,attacked_measurement,0.0,0.0
13.600391,baseline_03_forward_motion,Pitch,pulse,0.12952,0,0.0707558169960975,0.0707558169960975,0.0666083883279206,0.0041474286681768,0.0041474286681768,0.01619,0,0.0,0.0045269453013904,0,0,0,W20_N5_mean1.5x,20,5,1.5,909,Pitch_hybrid_prediction,/home/tchowdh4/sensor_recovery_project/logs/extracted_csv/baseline_03_forward_motion_ATT.csv,/home/tchowdh4/sensor_recovery_project/prediction_results_v9_trained_hybrid/baseline_03_forward_motion_ATT_trained_hybrid_prediction_outputs.csv,0.0707558169960975,attacked_measurement,0.0,0.0
13.700351,baseline_03_forward_motion,Pitch,pulse,0.12952,0,0.0706284642219543,0.0706284642219543,0.0668188687464746,0.0038095954754797,0.0038095954754797,0.01619,0,0.0,0.0044924166827859,0,0,0,W20_N5_mean1.5x,20,5,1.5,909,Pitch_hybrid_prediction,/home/tchowdh4/sensor_recovery_project/logs/extracted_csv/baseline_03_forward_motion_ATT.csv,/home/tchowdh4/sensor_recovery_project/prediction_results_v9_trained_hybrid/baseline_03_forward_motion_ATT_trained_hybrid_prediction_outputs.csv,0.0706284642219543,attacked_measurement,0.0,0.0
13.800311,baseline_03_forward_motion,Pitch,pulse,0.12952,0,0.0704674944281578,0.0704674944281578,0.0666594875438248,0.003808006884333,0.003808006884333,0.01619,0,0.0,0.0044560171638791,0,0,0,W20_N5_mean1.5x,20,5,1.5,909,Pitch_hybrid_prediction,/home/tchowdh4/sensor_recovery_project/logs/extracted_csv/baseline_03_forward_motion_ATT.csv,/home/tchowdh4/sensor_recovery_project/prediction_results_v9_trained_hybrid/baseline_03_forward_motion_ATT_trained_hybrid_prediction_outputs.csv,0.0704674944281578,attacked_measurement,0.0,0.0
13.900271,baseline_03_forward_motion,Pitch,pulse,0.12952,0,0.0701869651675224,0.0701869651675224,0.0663274680894621,0.0038594970780602,0.0038594970780602,0.01619,0,0.0,0.0044184692698171,0,0,0,W20_N5_mean1.5x,20,5,1.5,909,Pitch_hybrid_prediction,/home/tchowdh4/sensor_recovery_project/logs/extracted_csv/baseline_03_forward_motion_ATT.csv,/home/tchowdh4/sensor_recovery_project/prediction_results_v9_trained_hybrid/baseline_03_forward_motion_ATT_trained_hybrid_prediction_outputs.csv,0.0701869651675224,attacked_measurement,0.0,0.0
14.000231,baseline_03_forward_motion,Pitch,pulse,0.12952,0,0.0699383094906807,0.0699383094906807,0.0660703830379188,0.0038679264527618,0.0038679264527618,0.01619,0,0.0,0.004374297620636,0,0,0,W20_N5_mean1.5x,20,5,1.5,909,Pitch_hybrid_prediction,/home/tchowdh4/sensor_recovery_project/logs/extracted_csv/baseline_03_forward_motion_ATT.csv,/home/tchowdh4/sensor_recovery_project/prediction_results_v9_trained_hybrid/baseline_03_forward_motion_ATT_trained_hybrid_prediction_outputs.csv,0.0699383094906807,attacked_measurement,0.0,0.0
14.100191,baseline_03_forward_motion,Pitch,pulse,0.12952,0,0.0699014440178871,0.0699014440178871,0.0662114197843613,0.0036900242335257,0.0036900242335257,0.01619,0,0.0,0.0043198796466246,0,0,0,W20_N5_mean1.5x,20,5,1.5,909,Pitch_hybrid_prediction,/home/tchowdh4/sensor_recovery_project/logs/extracted_csv/baseline_03_forward_motion_ATT.csv,/home/tchowdh4/sensor_recovery_project/prediction_results_v9_trained_hybrid/baseline_03_forward_motion_ATT_trained_hybrid_prediction_outputs.csv,0.0699014440178871,attacked_measurement,0.0,0.0
14.200151,baseline_03_forward_motion,Pitch,pulse,0.12952,0,0.0697510614991188,0.0697510614991188,0.0660183488958278,0.0037327126032909,0.0037327126032909,0.01619,0,0.0,0.0042690431974596,0,0,0,W20_N5_mean1.5x,20,5,1.5,909,Pitch_hybrid_prediction,/home/tchowdh4/sensor_recovery_project/logs/extracted_csv/baseline_03_forward_motion_ATT.csv,/home/tchowdh4/sensor_recovery_project/prediction_results_v9_trained_hybrid/baseline_03_forward_motion_ATT_trained_hybrid_prediction_outputs.csv,0.0697510614991188,attacked_measurement,0.0,0.0
14.300111,baseline_03_forward_motion,Pitch,pulse,0.12952,0,0.0699971914291381,0.0699971914291381,0.0664648396777484,0.0035323517513897,0.0035323517513897,0.01619,0,0.0,0.0042062771005634,0,0,0,W20_N5_mean1.5x,20,5,1.5,909,Pitch_hybrid_prediction,/home/tchowdh4/sensor_recovery_project/logs/extracted_csv/baseline_03_forward_motion_ATT.csv,/home/tchowdh4/sensor_recovery_project/prediction_results_v9_trained_hybrid/baseline_03_forward_motion_ATT_trained_hybrid_prediction_outputs.csv,0.0699971914291381,attacked_measurement,0.0,0.0
14.400071,baseline_03_forward_motion,Pitch,pulse,0.12952,0,0.0700275972485542,0.0700275972485542,0.066340167014369,0.0036874302341852,0.0036874302341852,0.01619,0,0.0,0.0041536295905133,0,0,0,W20_N5_mean1.5x,20,5,1.5,909,Pitch_hybrid_prediction,/home/tchowdh4/sensor_recovery_project/logs/extracted_csv/baseline_03_forward_motion_ATT.csv,/home/tchowdh4/sensor_recovery_project/prediction_results_v9_trained_hybrid/baseline_03_forward_motion_ATT_trained_hybrid_prediction_outputs.csv,0.0700275972485542,attacked_measurement,0.0,0.0
14.500031,baseline_03_forward_motion,Pitch,pulse,0.12952,0,0.0703450515866279,0.0703450515866279,0.0668108011085385,0.0035342504780894,0.0035342504780894,0.01619,0,0.0,0.0040953368095278,0,0,0,W20_N5_mean1.5x,20,5,1.5,909,Pitch_hybrid_prediction,/home/tchowdh4/sensor_recovery_project/logs/extracted_csv/baseline_03_forward_motion_ATT.csv,/home/tchowdh4/sensor_recovery_project/prediction_results_v9_trained_hybrid/baseline_03_forward_motion_ATT_trained_hybrid_prediction_outputs.csv,0.0703450515866279,attacked_measurement,0.0,0.0
14.599991,baseline_03_forward_motion,Pitch,pulse,0.12952,0,0.0705002918839454,0.0705002918839454,0.0669483668380352,0.0035519250459101,0.0035519250459101,0.01619,0,0.0,0.0040377076546638,0,0,0,W20_N5_mean1.5x,20,5,1.5,909,Pitch_hybrid_prediction,/home/tchowdh4/sensor_recovery_project/logs/extracted_csv/baseline_03_forward_motion_ATT.csv,/home/tchowdh4/sensor_recovery_project/prediction_results_v9_trained_hybrid/baseline_03_forward_motion_ATT_trained_hybrid_prediction_outputs.csv,0.0705002918839454,attacked_measurement,0.0,0.0
14.699951,baseline_03_forward_motion,Pitch,pulse,0.12952,0,0.0708581954240799,0.0708581954240799,0.0673658688339342,0.0034923265901457,0.0034923265901457,0.01619,0,0.0,0.0039802148663493,0,0,0,W20_N5_mean1.5x,20,5,1.5,909,Pitch_hybrid_prediction,/home/tchowdh4/sensor_recovery_project/logs/extracted_csv/baseline_03_forward_motion_ATT.csv,/home/tchowdh4/sensor_recovery_project/prediction_results_v9_trained_hybrid/baseline_03_forward_motion_ATT_trained_hybrid_prediction_outputs.csv,0.0708581954240799,attacked_measurement,0.0,0.0
14.799911,baseline_03_forward_motion,Pitch,pulse,0.12952,0,0.0709456503391265,0.0709456503391265,0.0672031101675483,0.0037425401715781,0.0037425401715781,0.01619,0,0.0,0.003939612463791,0,0,0,W20_N5_mean1.5x,20,5,1.5,909,Pitch_hybrid_prediction,/home/tchowdh4/sensor_recovery_project/logs/extracted_csv/baseline_03_forward_motion_ATT.csv,/home/tchowdh4/sensor_recovery_project/prediction_results_v9_trained_hybrid/baseline_03_forward_motion_ATT_trained_hybrid_prediction_outputs.csv,0.0709456503391265,attacked_measurement,0.0,0.0
14.899871,baseline_03_forward_motion,Pitch,pulse,0.12952,0,0.0711763352155685,0.0711763352155685,0.0675510927108772,0.0036252425046913,0.0036252425046913,0.01619,0,0.0,0.0038961548227775,0,0,0,W20_N5_mean1.5x,20,5,1.5,909,Pitch_hybrid_prediction,/home/tchowdh4/sensor_recovery_project/logs/extracted_csv/baseline_03_forward_motion_ATT.csv,/home/tchowdh4/sensor_recovery_project/prediction_results_v9_trained_hybrid/baseline_03_forward_motion_ATT_trained_hybrid_prediction_outputs.csv,0.0711763352155685,attacked_measurement,0.0,0.0
14.999831,baseline_03_forward_motion,Pitch,pulse,0.12952,0,0.0713535025715828,0.0713535025715828,0.0677610741947442,0.0035924283768385,0.0035924283768385,0.01619,0,0.0,0.0038571657759744,0,0,0,W20_N5_mean1.5x,20,5,1.5,909,Pitch_hybrid_prediction,/home/tchowdh4/sensor_recovery_project/logs/extracted_csv/baseline_03_forward_motion_ATT.csv,/home/tchowdh4/sensor_recovery_project/prediction_results_v9_trained_hybrid/baseline_03_forward_motion_ATT_trained_hybrid_prediction_outputs.csv,0.0713535025715828,attacked_measurement,0.0,0.0
15.099791,baseline_03_forward_motion,Pitch,pulse,0.12952,0,0.0717095211148262,0.0717095211148262,0.0681849682327801,0.0035245528820461,0.0035245528820461,0.01619,0,0.0,0.0038197591091647,0,0,0,W20_N5_mean1.5x,20,5,1.5,909,Pitch_hybrid_prediction,/home/tchowdh4/sensor_recovery_project/logs/extracted_csv/baseline_03_forward_motion_ATT.csv,/home/tchowdh4/sensor_recovery_project/prediction_results_v9_trained_hybrid/baseline_03_forward_motion_ATT_trained_hybrid_prediction_outputs.csv,0.0717095211148262,attacked_measurement,0.0,0.0
15.199751,baseline_03_forward_motion,Pitch,pulse,0.12952,0,0.0720122531056404,0.0720122531056404,0.0684533684782273,0.003558884627413,0.003558884627413,0.01619,0,0.0,0.0037794867073692,0,0,0,W20_N5_mean1.5x,20,5,1.5,909,Pitch_hybrid_prediction,/home/tchowdh4/sensor_recovery_project/logs/extracted_csv/baseline_03_forward_motion_ATT.csv,/home/tchowdh4/sensor_recovery_project/prediction_results_v9_trained_hybrid/baseline_03_forward_motion_ATT_trained_hybrid_prediction_outputs.csv,0.0720122531056404,attacked_measurement,0.0,0.0
15.300544,baseline_03_forward_motion,Pitch,pulse,0.12952,0,0.0726487562060356,0.0726487562060356,0.0692271031715149,0.0034216530345207,0.0034216530345207,0.01619,0,0.0,0.0037307490007202,0,0,0,W20_N5_mean1.5x,20,5,1.5,909,Pitch_hybrid_prediction,/home/tchowdh4/sensor_recovery_project/logs/extracted_csv/baseline_03_forward_motion_ATT.csv,/home/tchowdh4/sensor_recovery_project/prediction_results_v9_trained_hybrid/baseline_03_forward_motion_ATT_trained_hybrid_prediction_outputs.csv,0.0726487562060356,attacked_measurement,0.0,0.0
15.400504,baseline_03_forward_motion,Pitch,pulse,0.12952,0,0.0729956179857254,0.0729956179857254,0.0693931201288704,0.003602497856855,0.003602497856855,0.01619,0,0.0,0.0036972344454421,0,0,0,W20_N5_mean1.5x,20,5,1.5,909,Pitch_hybrid_prediction,/home/tchowdh4/sensor_recovery_project/logs/extracted_csv/baseline_03_forward_motion_ATT.csv,/home/tchowdh4/sensor_recovery_project/prediction_results_v9_trained_hybrid/baseline_03_forward_motion_ATT_trained_hybrid_prediction_outputs.csv,0.0729956179857254,attacked_measurement,0.0,0.0
15.500464,baseline_03_forward_motion,Pitch,pulse,0.12952,0,0.0735414549708366,0.0735414549708366,0.0700155780224412,0.0035258769483954,0.0035258769483954,0.01619,0,0.0,0.0036653575948843,0,0,0,W20_N5_mean1.5x,20,5,1.5,909,Pitch_hybrid_prediction,/home/tchowdh4/sensor_recovery_project/logs/extracted_csv/baseline_03_forward_motion_ATT.csv,/home/tchowdh4/sensor_recovery_project/prediction_results_v9_trained_hybrid/baseline_03_forward_motion_ATT_trained_hybrid_prediction_outputs.csv,0.0735414549708366,attacked_measurement,0.0,0.0
15.600424,baseline_03_forward_motion,Pitch,pulse,0.12952,0,0.0740220248699188,0.0740220248699188,0.0703781806203458,0.0036438442495729,0.0036438442495729,0.01619,0,0.0,0.0036401783739541,0,0,0,W20_N5_mean1.5x,20,5,1.5,909,Pitch_hybrid_prediction,/home/tchowdh4/sensor_recovery_project/logs/extracted_csv/baseline_03_forward_motion_ATT.csv,/home/tchowdh4/sensor_recovery_project/prediction_results_v9_trained_hybrid/baseline_03_forward_motion_ATT_trained_hybrid_prediction_outputs.csv,0.0740220248699188,attacked_measurement,0.0,0.0
15.700384,baseline_03_forward_motion,Pitch,pulse,0.12952,0,0.0744457393884658,0.0744457393884658,0.0707806789383445,0.0036650604501212,0.0036650604501212,0.01619,0,0.0,0.0036329516226862,0,0,0,W20_N5_mean1.5x,20,5,1.5,909,Pitch_hybrid_prediction,/home/tchowdh4/sensor_recovery_project/logs/extracted_csv/baseline_03_forward_motion_ATT.csv,/home/tchowdh4/sensor_recovery_project/prediction_results_v9_trained_hybrid/baseline_03_forward_motion_ATT_trained_hybrid_prediction_outputs.csv,0.0744457393884658,attacked_measurement,0.0,0.0
15.800344,baseline_03_forward_motion,Pitch,pulse,0.12952,0,0.0749464631080627,0.0749464631080627,0.0713149960522699,0.0036314670557928,0.0036314670557928,0.01619,0,0.0,0.0036241246312592,0,0,0,W20_N5_mean1.5x,20,5,1.5,909,Pitch_hybrid_prediction,/home/tchowdh4/sensor_recovery_project/logs/extracted_csv/baseline_03_forward_motion_ATT.csv,/home/tchowdh4/sensor_recovery_project/prediction_results_v9_trained_hybrid/baseline_03_forward_motion_ATT_trained_hybrid_prediction_outputs.csv,0.0749464631080627,attacked_measurement,0.0,0.0
15.900304,baseline_03_forward_motion,Pitch,pulse,0.12952,0,0.0756643489003181,0.0756643489003181,0.0721228858970076,0.0035414630033104,0.0035414630033104,0.01619,0,0.0,0.0036082229275217,0,0,0,W20_N5_mean1.5x,20,5,1.5,909,Pitch_hybrid_prediction,/home/tchowdh4/sensor_recovery_project/logs/extracted_csv/baseline_03_forward_motion_ATT.csv,/home/tchowdh4/sensor_recovery_project/prediction_results_v9_trained_hybrid/baseline_03_forward_motion_ATT_trained_hybrid_prediction_outputs.csv,0.0756643489003181,attacked_measurement,0.0,0.0
16.000264,baseline_03_forward_motion,Pitch,pulse,0.12952,0,0.0762669444084167,0.0762669444084167,0.0726511414083826,0.0036158030000341,0.0036158030000341,0.01619,0,0.0,0.0035956167548853,0,0,0,W20_N5_mean1.5x,20,5,1.5,909,Pitch_hybrid_prediction,/home/tchowdh4/sensor_recovery_project/logs/extracted_csv/baseline_03_forward_motion_ATT.csv,/home/tchowdh4/sensor_recovery_project/prediction_results_v9_trained_hybrid/baseline_03_forward_motion_ATT_trained_hybrid_prediction_outputs.csv,0.0762669444084167,attacked_measurement,0.0,0.0
16.100224,baseline_03_forward_motion,Pitch,pulse,0.12952,0,0.0769518986344337,0.0769518986344337,0.0732903876067068,0.0036615110277269,0.0036615110277269,0.01619,0,0.0,0.0035941910945954,0,0,0,W20_N5_mean1.5x,20,5,1.5,909,Pitch_hybrid_prediction,/home/tchowdh4/sensor_recovery_project/logs/extracted_csv/baseline_03_forward_motion_ATT.csv,/home/tchowdh4/sensor_recovery_project/prediction_results_v9_trained_hybrid/baseline_03_forward_motion_ATT_trained_hybrid_prediction_outputs.csv,0.0769518986344337,attacked_measurement,0.0,0.0
16.200184,baseline_03_forward_motion,Pitch,pulse,0.12952,0,0.0773566514253616,0.0773566514253616,0.0734767121128982,0.0038799393124634,0.0038799393124634,0.01619,0,0.0,0.003601552430054,0,0,0,W20_N5_mean1.5x,20,5,1.5,909,Pitch_hybrid_prediction,/home/tchowdh4/sensor_recovery_project/logs/extracted_csv/baseline_03_forward_motion_ATT.csv,/home/tchowdh4/sensor_recovery_project/prediction_results_v9_trained_hybrid/baseline_03_forward_motion_ATT_trained_hybrid_prediction_outputs.csv,0.0773566514253616,attacked_measurement,0.0,0.0
16.300144,baseline_03_forward_motion,Pitch,pulse,0.12952,0,0.0777796730399131,0.0777796730399131,0.0739497618553106,0.0038299111846024,0.0038299111846024,0.01619,0,0.0,0.0036164304017146,0,0,0,W20_N5_mean1.5x,20,5,1.5,909,Pitch_hybrid_prediction,/home/tchowdh4/sensor_recovery_project/logs/extracted_csv/baseline_03_forward_motion_ATT.csv,/home/tchowdh4/sensor_recovery_project/prediction_results_v9_trained_hybrid/baseline_03_forward_motion_ATT_trained_hybrid_prediction_outputs.csv,0.0777796730399131,attacked_measurement,0.0,0.0
16.400104,baseline_03_forward_motion,Pitch,pulse,0.12952,0,0.0780868902802467,0.0780868902802467,0.0741924820754692,0.0038944082047775,0.0038944082047775,0.01619,0,0.0,0.0036267793002442,0,0,0,W20_N5_mean1.5x,20,5,1.5,909,Pitch_hybrid_prediction,/home/tchowdh4/sensor_recovery_project/logs/extracted_csv/baseline_03_forward_motion_ATT.csv,/home/tchowdh4/sensor_recovery_project/prediction_results_v9_trained_hybrid/baseline_03_forward_motion_ATT_trained_hybrid_prediction_outputs.csv,0.0780868902802467,attacked_measurement,0.0,0.0
16.500064,baseline_03_forward_motion,Pitch,pulse,0.12952,0,0.0785504132509231,0.0785504132509231,0.0747464766615863,0.0038039365893367,0.0038039365893367,0.01619,0,0.0,0.0036402636058066,0,0,0,W20_N5_mean1.5x,20,5,1.5,909,Pitch_hybrid_prediction,/home/tchowdh4/sensor_recovery_project/logs/extracted_csv/baseline_03_forward_motion_ATT.csv,/home/tchowdh4/sensor_recovery_project/prediction_results_v9_trained_hybrid/baseline_03_forward_motion_ATT_trained_hybrid_prediction_outputs.csv,0.0785504132509231,attacked_measurement,0.0,0.0
16.600024,baseline_03_forward_motion,Pitch,pulse,0.12952,0,0.0791056603193283,0.0791056603193283,0.075257090402166,0.0038485699171623,0.0038485699171623,0.01619,0,0.0,0.0036550958493692,0,0,0,W20_N5_mean1.5x,20,5,1.5,909,Pitch_hybrid_prediction,/home/tchowdh4/sensor_recovery_project/logs/extracted_csv/baseline_03_forward_motion_ATT.csv,/home/tchowdh4/sensor_recovery_project/prediction_results_v9_trained_hybrid/baseline_03_forward_motion_ATT_trained_hybrid_prediction_outputs.csv,0.0791056603193283,attacked_measurement,0.0,0.0
16.699984,baseline_03_forward_motion,Pitch,pulse,0.12952,0,0.0797068923711776,0.0797068923711776,0.0758799981867711,0.0038268941844065,0.0038268941844065,0.01619,0,0.0,0.0036718242290823,0,0,0,W20_N5_mean1.5x,20,5,1.5,909,Pitch_hybrid_prediction,/home/tchowdh4/sensor_recovery_project/logs/extracted_csv/baseline_03_forward_motion_ATT.csv,/home/tchowdh4/sensor_recovery_project/prediction_results_v9_trained_hybrid/baseline_03_forward_motion_ATT_trained_hybrid_prediction_outputs.csv,0.0797068923711776,attacked_measurement,0.0,0.0
16.799944,baseline_03_forward_motion,Pitch,pulse,0.12952,0,0.0803515166044235,0.0803515166044235,0.0765116603486437,0.0038398562557797,0.0038398562557797,0.01619,0,0.0,0.0036766900332923,0,0,0,W20_N5_mean1.5x,20,5,1.5,909,Pitch_hybrid_prediction,/home/tchowdh4/sensor_recovery_project/logs/extracted_csv/baseline_03_forward_motion_ATT.csv,/home/tchowdh4/sensor_recovery_project/prediction_results_v9_trained_hybrid/baseline_03_forward_motion_ATT_trained_hybrid_prediction_outputs.csv,0.0803515166044235,attacked_measurement,0.0,0.0
16.899904,baseline_03_forward_motion,Pitch,pulse,0.12952,0,0.0809303671121597,0.0809303671121597,0.0770117756681667,0.003918591443993,0.003918591443993,0.01619,0,0.0,0.0036913574802574,0,0,0,W20_N5_mean1.5x,20,5,1.5,909,Pitch_hybrid_prediction,/home/tchowdh4/sensor_recovery_project/logs/extracted_csv/baseline_03_forward_motion_ATT.csv,/home/tchowdh4/sensor_recovery_project/prediction_results_v9_trained_hybrid/baseline_03_forward_motion_ATT_trained_hybrid_prediction_outputs.csv,0.0809303671121597,attacked_measurement,0.0,0.0
16.999864,baseline_03_forward_motion,Pitch,pulse,0.12952,0,0.0814544409513473,0.0814544409513473,0.077522670360476,0.0039317705908712,0.0039317705908712,0.01619,0,0.0,0.0037083245909591,0,0,0,W20_N5_mean1.5x,20,5,1.5,909,Pitch_hybrid_prediction,/home/tchowdh4/sensor_recovery_project/logs/extracted_csv/baseline_03_forward_motion_ATT.csv,/home/tchowdh4/sensor_recovery_project/prediction_results_v9_trained_hybrid/baseline_03_forward_motion_ATT_trained_hybrid_prediction_outputs.csv,0.0814544409513473,attacked_measurement,0.0,0.0
17.099824,baseline_03_forward_motion,Pitch,pulse,0.12952,0,0.082180730998516,0.082180730998516,0.0782613520143505,0.0039193789841655,0.0039193789841655,0.01619,0,0.0,0.003728065896065,0,0,0,W20_N5_mean1.5x,20,5,1.5,909,Pitch_hybrid_prediction,/home/tchowdh4/sensor_recovery_project/logs/extracted_csv/baseline_03_forward_motion_ATT.csv,/home/tchowdh4/sensor_recovery_project/prediction_results_v9_trained_hybrid/baseline_03_forward_motion_ATT_trained_hybrid_prediction_outputs.csv,0.082180730998516,attacked_measurement,0.0,0.0
17.199784,baseline_03_forward_motion,Pitch,pulse,0.12952,0,0.0828125476837158,0.0828125476837158,0.0787672547770753,0.0040452929066405,0.0040452929066405,0.01619,0,0.0,0.0037523863100264,0,0,0,W20_N5_mean1.5x,20,5,1.5,909,Pitch_hybrid_prediction,/home/tchowdh4/sensor_recovery_project/logs/extracted_csv/baseline_03_forward_motion_ATT.csv,/home/tchowdh4/sensor_recovery_project/prediction_results_v9_trained_hybrid/baseline_03_forward_motion_ATT_trained_hybrid_prediction_outputs.csv,0.0828125476837158,attacked_measurement,0.0,0.0
17.299744,baseline_03_forward_motion,Pitch,pulse,0.12952,0,0.0835254415869712,0.0835254415869712,0.0795734985544781,0.0039519430324931,0.0039519430324931,0.01619,0,0.0,0.003778900809925,0,0,0,W20_N5_mean1.5x,20,5,1.5,909,Pitch_hybrid_prediction,/home/tchowdh4/sensor_recovery_project/logs/extracted_csv/baseline_03_forward_motion_ATT.csv,/home/tchowdh4/sensor_recovery_project/prediction_results_v9_trained_hybrid/baseline_03_forward_motion_ATT_trained_hybrid_prediction_outputs.csv,0.0835254415869712,attacked_measurement,0.0,0.0
17.400537,baseline_03_forward_motion,Pitch,pulse,0.12952,0,0.0839930921792984,0.0839930921792984,0.0798607632113945,0.0041323289679039,0.0041323289679039,0.01619,0,0.0,0.0038053923654775,0,0,0,W20_N5_mean1.5x,20,5,1.5,909,Pitch_hybrid_prediction,/home/tchowdh4/sensor_recovery_project/logs/extracted_csv/baseline_03_forward_motion_ATT.csv,/home/tchowdh4/sensor_recovery_project/prediction_results_v9_trained_hybrid/baseline_03_forward_motion_ATT_trained_hybrid_prediction_outputs.csv,0.0839930921792984,attacked_measurement,0.0,0.0
17.500497,baseline_03_forward_motion,Pitch,pulse,0.12952,0,0.0843942165374755,0.0843942165374755,0.0801454645128584,0.0042487520246171,0.0042487520246171,0.01619,0,0.0,0.0038415361192885,0,0,0,W20_N5_mean1.5x,20,5,1.5,909,Pitch_hybrid_prediction,/home/tchowdh4/sensor_recovery_project/logs/extracted_csv/baseline_03_forward_motion_ATT.csv,/home/tchowdh4/sensor_recovery_project/prediction_results_v9_trained_hybrid/baseline_03_forward_motion_ATT_trained_hybrid_prediction_outputs.csv,0.0843942165374755,attacked_measurement,0.0,0.0
17.600457,baseline_03_forward_motion,Pitch,pulse,0.12952,0,0.084864355623722,0.084864355623722,0.080679071661013,0.0041852839627089,0.0041852839627089,0.01619,0,0.0,0.0038686081049453,0,0,0,W20_N5_mean1.5x,20,5,1.5,909,Pitch_hybrid_prediction,/home/tchowdh4/sensor_recovery_project/logs/extracted_csv/baseline_03_forward_motion_ATT.csv,/home/tchowdh4/sensor_recovery_project/prediction_results_v9_trained_hybrid/baseline_03_forward_motion_ATT_trained_hybrid_prediction_outputs.csv,0.084864355623722,attacked_measurement,0.0,0.0
17.700417,baseline_03_forward_motion,Pitch,pulse,0.12952,0,0.0853697881102562,0.0853697881102562,0.0811053843692584,0.0042644037409977,0.0042644037409977,0.01619,0,0.0,0.0038985752694892,0,0,0,W20_N5_mean1.5x,20,5,1.5,909,Pitch_hybrid_prediction,/home/tchowdh4/sensor_recovery_project/logs/extracted_csv/baseline_03_forward_motion_ATT.csv,/home/tchowdh4/sensor_recovery_project/prediction_results_v9_trained_hybrid/baseline_03_forward_motion_ATT_trained_hybrid_prediction_outputs.csv,0.0853697881102562,attacked_measurement,0.0,0.0
17.800377,baseline_03_forward_motion,Pitch,pulse,0.12952,0,0.0856096372008323,0.0856096372008323,0.0812123405247329,0.0043972966760993,0.0043972966760993,0.01619,0,0.0,0.0039368667505045,0,0,0,W20_N5_mean1.5x,20,5,1.5,909,Pitch_hybrid_prediction,/home/tchowdh4/sensor_recovery_project/logs/extracted_csv/baseline_03_forward_motion_ATT.csv,/home/tchowdh4/sensor_recovery_project/prediction_results_v9_trained_hybrid/baseline_03_forward_motion_ATT_trained_hybrid_prediction_outputs.csv,0.0856096372008323,attacked_measurement,0.0,0.0
17.900337,baseline_03_forward_motion,Pitch,pulse,0.12952,0,0.0861291959881782,0.0861291959881782,0.0819173727358218,0.0042118232523564,0.0042118232523564,0.01619,0,0.0,0.0039703847629568,0,0,0,W20_N5_mean1.5x,20,5,1.5,909,Pitch_hybrid_prediction,/home/tchowdh4/sensor_recovery_project/logs/extracted_csv/baseline_03_forward_motion_ATT.csv,/home/tchowdh4/sensor_recovery_project/prediction_results_v9_trained_hybrid/baseline_03_forward_motion_ATT_trained_hybrid_prediction_outputs.csv,0.0861291959881782,attacked_measurement,0.0,0.0
18.000297,baseline_03_forward_motion,Pitch,pulse,0.12952,0,0.0866221487522125,0.0866221487522125,0.0822916461315018,0.0043305026207106,0.0043305026207106,0.01619,0,0.0,0.0040061197439906,0,0,0,W20_N5_mean1.5x,20,5,1.5,909,Pitch_hybrid_prediction,/home/tchowdh4/sensor_recovery_project/logs/extracted_csv/baseline_03_forward_motion_ATT.csv,/home/tchowdh4/sensor_recovery_project/prediction_results_v9_trained_hybrid/baseline_03_forward_motion_ATT_trained_hybrid_prediction_outputs.csv,0.0866221487522125,attacked_measurement,0.0,0.0
18.100257,baseline_03_forward_motion,Pitch,pulse,0.12952,0,0.0872577503323555,0.0872577503323555,0.0829583113999663,0.0042994389323891,0.0042994389323891,0.01619,0,0.0,0.0040380161392237,0,0,0,W20_N5_mean1.5x,20,5,1.5,909,Pitch_hybrid_prediction,/home/tchowdh4/sensor_recovery_project/logs/extracted_csv/baseline_03_forward_motion_ATT.csv,/home/tchowdh4/sensor_recovery_project/prediction_results_v9_trained_hybrid/baseline_03_forward_motion_ATT_trained_hybrid_prediction_outputs.csv,0.0872577503323555,attacked_measurement,0.0,0.0
18.200217,baseline_03_forward_motion,Pitch,pulse,0.12952,0,0.0876053348183631,0.0876053348183631,0.083188275890901,0.0044170589274621,0.0044170589274621,0.01619,0,0.0,0.0040648721199737,0,0,0,W20_N5_mean1.5x,20,5,1.5,909,Pitch_hybrid_prediction,/home/tchowdh4/sensor_recovery_project/logs/extracted_csv/baseline_03_forward_motion_ATT.csv,/home/tchowdh4/sensor_recovery_project/prediction_results_v9_trained_hybrid/baseline_03_forward_motion_ATT_trained_hybrid_prediction_outputs.csv,0.0876053348183631,attacked_measurement,0.0,0.0
18.300177,baseline_03_forward_motion,Pitch,pulse,0.12952,0,0.0880216881632804,0.0880216881632804,0.0835942631935443,0.0044274249697361,0.0044274249697361,0.01619,0,0.0,0.0040947478092304,0,0,0,W20_N5_mean1.5x,20,5,1.5,909,Pitch_hybrid_prediction,/home/tchowdh4/sensor_recovery_project/logs/extracted_csv/baseline_03_forward_motion_ATT.csv,/home/tchowdh4/sensor_recovery_project/prediction_results_v9_trained_hybrid/baseline_03_forward_motion_ATT_trained_hybrid_prediction_outputs.csv,0.0880216881632804,attacked_measurement,0.0,0.0
18.400137,baseline_03_forward_motion,Pitch,pulse,0.12952,0,0.0884547904133796,0.0884547904133796,0.0839680234426236,0.004486766970756,0.004486766970756,0.01619,0,0.0,0.0041243657475293,0,0,0,W20_N5_mean1.5x,20,5,1.5,909,Pitch_hybrid_prediction,/home/tchowdh4/sensor_recovery_project/logs/extracted_csv/baseline_03_forward_motion_ATT.csv,/home/tchowdh4/sensor_recovery_project/prediction_results_v9_trained_hybrid/baseline_03_forward_motion_ATT_trained_hybrid_prediction_outputs.csv,0.0884547904133796,attacked_measurement,0.0,0.0
18.500097,baseline_03_forward_motion,Pitch,pulse,0.12952,0,0.0888496339321136,0.0888496339321136,0.0844211561101388,0.0044284778219748,0.0044284778219748,0.01619,0,0.0,0.0041555928091612,0,0,0,W20_N5_mean1.5x,20,5,1.5,909,Pitch_hybrid_prediction,/home/tchowdh4/sensor_recovery_project/logs/extracted_csv/baseline_03_forward_motion_ATT.csv,/home/tchowdh4/sensor_recovery_project/prediction_results_v9_trained_hybrid/baseline_03_forward_motion_ATT_trained_hybrid_prediction_outputs.csv,0.0888496339321136,attacked_measurement,0.0,0.0
18.600057,baseline_03_forward_motion,Pitch,pulse,0.12952,0,0.0891928896307945,0.0891928896307945,0.0846620286195704,0.0045308610112241,0.0045308610112241,0.01619,0,0.0,0.0041897073638643,0,0,0,W20_N5_mean1.5x,20,5,1.5,909,Pitch_hybrid_prediction,/home/tchowdh4/sensor_recovery_project/logs/extracted_csv/baseline_03_forward_motion_ATT.csv,/home/tchowdh4/sensor_recovery_project/prediction_results_v9_trained_hybrid/baseline_03_forward_motion_ATT_trained_hybrid_prediction_outputs.csv,0.0891928896307945,attacked_measurement,0.0,0.0
18.700017,baseline_03_forward_motion,Pitch,pulse,0.12952,0,0.0895317569375038,0.0895317569375038,0.0849423617880987,0.004589395149405,0.004589395149405,0.01619,0,0.0,0.0042278324121142,0,0,0,W20_N5_mean1.5x,20,5,1.5,909,Pitch_hybrid_prediction,/home/tchowdh4/sensor_recovery_project/logs/extracted_csv/baseline_03_forward_motion_ATT.csv,/home/tchowdh4/sensor_recovery_project/prediction_results_v9_trained_hybrid/baseline_03_forward_motion_ATT_trained_hybrid_prediction_outputs.csv,0.0895317569375038,attacked_measurement,0.0,0.0
18.799977,baseline_03_forward_motion,Pitch,pulse,0.12952,0,0.0898582562804222,0.0898582562804222,0.0852917592257419,0.0045664970546802,0.0045664970546802,0.01619,0,0.0,0.0042641644520592,0,0,0,W20_N5_mean1.5x,20,5,1.5,909,Pitch_hybrid_prediction,/home/tchowdh4/sensor_recovery_project/logs/extracted_csv/baseline_03_forward_motion_ATT.csv,/home/tchowdh4/sensor_recovery_project/prediction_results_v9_trained_hybrid/baseline_03_forward_motion_ATT_trained_hybrid_prediction_outputs.csv,0.0898582562804222,attacked_measurement,0.0,0.0
18.899937,baseline_03_forward_motion,Pitch,pulse,0.12952,0,0.0902085751295089,0.0902085751295089,0.0856336745004461,0.0045749006290628,0.0045749006290628,0.01619,0,0.0,0.0042969799113127,0,0,0,W20_N5_mean1.5x,20,5,1.5,909,Pitch_hybrid_prediction,/home/tchowdh4/sensor_recovery_project/logs/extracted_csv/baseline_03_forward_motion_ATT.csv,/home/tchowdh4/sensor_recovery_project/prediction_results_v9_trained_hybrid/baseline_03_forward_motion_ATT_trained_hybrid_prediction_outputs.csv,0.0902085751295089,attacked_measurement,0.0,0.0
18.999897,baseline_03_forward_motion,Pitch,pulse,0.12952,0,0.0906239226460456,0.0906239226460456,0.0860057468273849,0.0046181758186606,0.0046181758186606,0.01619,0,0.0,0.0043313001727022,0,0,0,W20_N5_mean1.5x,20,5,1.5,909,Pitch_hybrid_prediction,/home/tchowdh4/sensor_recovery_project/logs/extracted_csv/baseline_03_forward_motion_ATT.csv,/home/tchowdh4/sensor_recovery_project/prediction_results_v9_trained_hybrid/baseline_03_forward_motion_ATT_trained_hybrid_prediction_outputs.csv,0.0906239226460456,attacked_measurement,0.0,0.0
19.099857,baseline_03_forward_motion,Pitch,pulse,0.12952,0,0.0911431685090065,0.0911431685090065,0.0865867140902846,0.0045564544187219,0.0045564544187219,0.01619,0,0.0,0.00436315394443,0,0,0,W20_N5_mean1.5x,20,5,1.5,909,Pitch_hybrid_prediction,/home/tchowdh4/sensor_recovery_project/logs/extracted_csv/baseline_03_forward_motion_ATT.csv,/home/tchowdh4/sensor_recovery_project/prediction_results_v9_trained_hybrid/baseline_03_forward_motion_ATT_trained_hybrid_prediction_outputs.csv,0.0911431685090065,attacked_measurement,0.0,0.0
19.199817,baseline_03_forward_motion,Pitch,pulse,0.12952,0,0.0912855491042137,0.0912855491042137,0.0865837314396564,0.0047018176645572,0.0047018176645572,0.01619,0,0.0,0.0043959801823258,0,0,0,W20_N5_mean1.5x,20,5,1.5,909,Pitch_hybrid_prediction,/home/tchowdh4/sensor_recovery_project/logs/extracted_csv/baseline_03_forward_motion_ATT.csv,/home/tchowdh4/sensor_recovery_project/prediction_results_v9_trained_hybrid/baseline_03_forward_motion_ATT_trained_hybrid_prediction_outputs.csv,0.0912855491042137,attacked_measurement,0.0,0.0
19.299777,baseline_03_forward_motion,Pitch,pulse,0.12952,0,0.0918278694152832,0.0918278694152832,0.0872761261016909,0.0045517433135923,0.0045517433135923,0.01619,0,0.0,0.0044259701963808,0,0,0,W20_N5_mean1.5x,20,5,1.5,909,Pitch_hybrid_prediction,/home/tchowdh4/sensor_recovery_project/logs/extracted_csv/baseline_03_forward_motion_ATT.csv,/home/tchowdh4/sensor_recovery_project/prediction_results_v9_trained_hybrid/baseline_03_forward_motion_ATT_trained_hybrid_prediction_outputs.csv,0.0918278694152832,attacked_measurement,0.0,0.0
19.399737,baseline_03_forward_motion,Pitch,pulse,0.12952,0,0.0922698229551315,0.0922698229551315,0.0876210981112562,0.0046487248438753,0.0046487248438753,0.01619,0,0.0,0.0044517899901794,0,0,0,W20_N5_mean1.5x,20,5,1.5,909,Pitch_hybrid_prediction,/home/tchowdh4/sensor_recovery_project/logs/extracted_csv/baseline_03_forward_motion_ATT.csv,/home/tchowdh4/sensor_recovery_project/prediction_results_v9_trained_hybrid/baseline_03_forward_motion_ATT_trained_hybrid_prediction_outputs.csv,0.0922698229551315,attacked_measurement,0.0,0.0
19.50053,baseline_03_forward_motion,Pitch,pulse,0.12952,0,0.0925952717661857,0.0925952717661857,0.0878314426652039,0.0047638291009818,0.0047638291009818,0.01619,0,0.0,0.0044775438439976,0,0,0,W20_N5_mean1.5x,20,5,1.5,909,Pitch_hybrid_prediction,/home/tchowdh4/sensor_recovery_project/logs/extracted_csv/baseline_03_forward_motion_ATT.csv,/home/tchowdh4/sensor_recovery_project/prediction_results_v9_trained_hybrid/baseline_03_forward_motion_ATT_trained_hybrid_prediction_outputs.csv,0.0925952717661857,attacked_measurement,0.0,0.0
19.60049,baseline_03_forward_motion,Pitch,pulse,0.12952,0,0.0931504666805267,0.0931504666805267,0.0884549738187931,0.0046954928617336,0.0046954928617336,0.01619,0,0.0,0.0045030542889488,0,0,0,W20_N5_mean1.5x,20,5,1.5,909,Pitch_hybrid_prediction,/home/tchowdh4/sensor_recovery_project/logs/extracted_csv/baseline_03_forward_motion_ATT.csv,/home/tchowdh4/sensor_recovery_project/prediction_results_v9_trained_hybrid/baseline_03_forward_motion_ATT_trained_hybrid_prediction_outputs.csv,0.0931504666805267,attacked_measurement,0.0,0.0
19.70045,baseline_03_forward_motion,Pitch,pulse,0.12952,0,0.0935322642326355,0.0935322642326355,0.0887442314644258,0.0047880327682097,0.0047880327682097,0.01619,0,0.0,0.0045292357403094,0,0,0,W20_N5_mean1.5x,20,5,1.5,909,Pitch_hybrid_prediction,/home/tchowdh4/sensor_recovery_project/logs/extracted_csv/baseline_03_forward_motion_ATT.csv,/home/tchowdh4/sensor_recovery_project/prediction_results_v9_trained_hybrid/baseline_03_forward_motion_ATT_trained_hybrid_prediction_outputs.csv,0.0935322642326355,attacked_measurement,0.0,0.0
19.80041,baseline_03_forward_motion,Pitch,pulse,0.12952,0,0.0937025919556617,0.0937025919556617,0.0888049483565159,0.0048976435991458,0.0048976435991458,0.01619,0,0.0,0.0045542530864618,0,0,0,W20_N5_mean1.5x,20,5,1.5,909,Pitch_hybrid_prediction,/home/tchowdh4/sensor_recovery_project/logs/extracted_csv/baseline_03_forward_motion_ATT.csv,/home/tchowdh4/sensor_recovery_project/prediction_results_v9_trained_hybrid/baseline_03_forward_motion_ATT_trained_hybrid_prediction_outputs.csv,0.0937025919556617,attacked_measurement,0.0,0.0
19.90037,baseline_03_forward_motion,Pitch,pulse,0.12952,0,0.0940901264548301,0.0940901264548301,0.0893007993851085,0.0047893270697215,0.0047893270697215,0.01619,0,0.0,0.00458312827733,0,0,0,W20_N5_mean1.5x,20,5,1.5,909,Pitch_hybrid_prediction,/home/tchowdh4/sensor_recovery_project/logs/extracted_csv/baseline_03_forward_motion_ATT.csv,/home/tchowdh4/sensor_recovery_project/prediction_results_v9_trained_hybrid/baseline_03_forward_motion_ATT_trained_hybrid_prediction_outputs.csv,0.0940901264548301,attacked_measurement,0.0,0.0
20.00033,baseline_03_forward_motion,Pitch,pulse,0.12952,0,0.0942891016602516,0.0942891016602516,0.0893814696474204,0.0049076320128312,0.0049076320128312,0.01619,0,0.0,0.004611984746936,0,0,0,W20_N5_mean1.5x,20,5,1.5,909,Pitch_hybrid_prediction,/home/tchowdh4/sensor_recovery_project/logs/extracted_csv/baseline_03_forward_motion_ATT.csv,/home/tchowdh4/sensor_recovery_project/prediction_results_v9_trained_hybrid/baseline_03_forward_motion_ATT_trained_hybrid_prediction_outputs.csv,0.0942891016602516,attacked_measurement,0.0,0.0
20.10029,baseline_03_forward_motion,Pitch,pulse,0.12952,0,0.0943448469042778,0.0943448469042778,0.0893087570928931,0.0050360898113847,0.0050360898113847,0.01619,0,0.0,0.0046488172908858,0,0,0,W20_N5_mean1.5x,20,5,1.5,909,Pitch_hybrid_prediction,/home/tchowdh4/sensor_recovery_project/logs/extracted_csv/baseline_03_forward_motion_ATT.csv,/home/tchowdh4/sensor_recovery_project/prediction_results_v9_trained_hybrid/baseline_03_forward_motion_ATT_trained_hybrid_prediction_outputs.csv,0.0943448469042778,attacked_measurement,0.0,0.0
20.20025,baseline_03_forward_motion,Pitch,pulse,0.12952,0,0.0946237817406654,0.0946237817406654,0.0896772248024209,0.0049465569382445,0.0049465569382445,0.01619,0,0.0,0.0046752921914249,0,0,0,W20_N5_mean1.5x,20,5,1.5,909,Pitch_hybrid_prediction,/home/tchowdh4/sensor_recovery_project/logs/extracted_csv/baseline_03_forward_motion_ATT.csv,/home/tchowdh4/sensor_recovery_project/prediction_results_v9_trained_hybrid/baseline_03_forward_motion_ATT_trained_hybrid_prediction_outputs.csv,0.0946237817406654,attacked_measurement,0.0,0.0
20.30021,baseline_03_forward_motion,Pitch,pulse,0.12952,0,0.0947838723659515,0.0947838723659515,0.0897881830246089,0.0049956893413425,0.0049956893413425,0.01619,0,0.0,0.0047037054100053,0,0,0,W20_N5_mean1.5x,20,5,1.5,909,Pitch_hybrid_prediction,/home/tchowdh4/sensor_recovery_project/logs/extracted_csv/baseline_03_forward_motion_ATT.csv,/home/tchowdh4/sensor_recovery_project/prediction_results_v9_trained_hybrid/baseline_03_forward_motion_ATT_trained_hybrid_prediction_outputs.csv,0.0947838723659515,attacked_measurement,0.0,0.0
20.40017,baseline_03_forward_motion,Pitch,pulse,0.12952,0,0.0948435515165329,0.0948435515165329,0.0897418358266556,0.0051017156898773,0.0051017156898773,0.01619,0,0.0,0.0047344528459613,0,0,0,W20_N5_mean1.5x,20,5,1.5,909,Pitch_hybrid_prediction,/home/tchowdh4/sensor_recovery_project/logs/extracted_csv/baseline_03_forward_motion_ATT.csv,/home/tchowdh4/sensor_recovery_project/prediction_results_v9_trained_hybrid/baseline_03_forward_motion_ATT_trained_hybrid_prediction_outputs.csv,0.0948435515165329,attacked_measurement,0.0,0.0
20.50013,baseline_03_forward_motion,Pitch,pulse,0.12952,0,0.0950978323817253,0.0950978323817253,0.0901649679429728,0.0049328644387525,0.0049328644387525,0.01619,0,0.0,0.0047596721768002,0,0,0,W20_N5_mean1.5x,20,5,1.5,909,Pitch_hybrid_prediction,/home/tchowdh4/sensor_recovery_project/logs/extracted_csv/baseline_03_forward_motion_ATT.csv,/home/tchowdh4/sensor_recovery_project/prediction_results_v9_trained_hybrid/baseline_03_forward_motion_ATT_trained_hybrid_prediction_outputs.csv,0.0950978323817253,attacked_measurement,0.0,0.0
20.60009,baseline_03_forward_motion,Pitch,pulse,0.12952,0,0.0950956270098686,0.0950956270098686,0.0899589668659271,0.0051366601439414,0.0051366601439414,0.01619,0,0.0,0.0047899621334361,0,0,0,W20_N5_mean1.5x,20,5,1.5,909,Pitch_hybrid_prediction,/home/tchowdh4/sensor_recovery_project/logs/extracted_csv/baseline_03_forward_motion_ATT.csv,/home/tchowdh4/sensor_recovery_project/prediction_results_v9_trained_hybrid/baseline_03_forward_motion_ATT_trained_hybrid_prediction_outputs.csv,0.0950956270098686,attacked_measurement,0.0,0.0
20.70005,baseline_03_forward_motion,Pitch,pulse,0.12952,0,0.0952462181448936,0.0952462181448936,0.0901822385781433,0.0050639795667503,0.0050639795667503,0.01619,0,0.0,0.0048136913543033,0,0,0,W20_N5_mean1.5x,20,5,1.5,909,Pitch_hybrid_prediction,/home/tchowdh4/sensor_recovery_project/logs/extracted_csv/baseline_03_forward_motion_ATT.csv,/home/tchowdh4/sensor_recovery_project/prediction_results_v9_trained_hybrid/baseline_03_forward_motion_ATT_trained_hybrid_prediction_outputs.csv,0.0952462181448936,attacked_measurement,0.0,0.0
20.80001,baseline_03_forward_motion,Pitch,pulse,0.12952,0,0.0953327044844627,0.0953327044844627,0.0903121797814878,0.0050205247029748,0.0050205247029748,0.01619,0,0.0,0.0048363927367181,0,0,0,W20_N5_mean1.5x,20,5,1.5,909,Pitch_hybrid_prediction,/home/tchowdh4/sensor_recovery_project/logs/extracted_csv/baseline_03_forward_motion_ATT.csv,/home/tchowdh4/sensor_recovery_project/prediction_results_v9_trained_hybrid/baseline_03_forward_motion_ATT_trained_hybrid_prediction_outputs.csv,0.0953327044844627,attacked_measurement,0.0,0.0
20.89997,baseline_03_forward_motion,Pitch,pulse,0.12952,0,0.0954830721020698,0.0954830721020698,0.0903910502627543,0.0050920218393154,0.0050920218393154,0.01619,0,0.0,0.0048622487972307,0,0,0,W20_N5_mean1.5x,20,5,1.5,909,Pitch_hybrid_prediction,/home/tchowdh4/sensor_recovery_project/logs/extracted_csv/baseline_03_forward_motion_ATT.csv,/home/tchowdh4/sensor_recovery_project/prediction_results_v9_trained_hybrid/baseline_03_forward_motion_ATT_trained_hybrid_prediction_outputs.csv,0.0954830721020698,attacked_measurement,0.0,0.0
20.99993,baseline_03_forward_motion,Pitch,pulse,0.12952,0,0.0954451337456703,0.0954451337456703,0.090257978673395,0.0051871550722753,0.0051871550722753,0.01619,0,0.0,0.0048906977599114,0,0,0,W20_N5_mean1.5x,20,5,1.5,909,Pitch_hybrid_prediction,/home/tchowdh4/sensor_recovery_project/logs/extracted_csv/baseline_03_forward_motion_ATT.csv,/home/tchowdh4/sensor_recovery_project/prediction_results_v9_trained_hybrid/baseline_03_forward_motion_ATT_trained_hybrid_prediction_outputs.csv,0.0954451337456703,attacked_measurement,0.0,0.0
21.09989,baseline_03_forward_motion,Pitch,pulse,0.12952,0,0.0955418646335601,0.0955418646335601,0.090449837232911,0.005092027400649,0.005092027400649,0.01619,0,0.0,0.0049174764090078,0,0,0,W20_N5_mean1.5x,20,5,1.5,909,Pitch_hybrid_prediction,/home/tchowdh4/sensor_recovery_project/logs/extracted_csv/baseline_03_forward_motion_ATT.csv,/home/tchowdh4/sensor_recovery_project/prediction_results_v9_trained_hybrid/baseline_03_forward_motion_ATT_trained_hybrid_prediction_outputs.csv,0.0955418646335601,attacked_measurement,0.0,0.0
21.19985,baseline_03_forward_motion,Pitch,pulse,0.12952,0,0.0956201255321502,0.0956201255321502,0.0905212270338649,0.0050988984982852,0.0050988984982852,0.01619,0,0.0,0.0049373304506942,0,0,0,W20_N5_mean1.5x,20,5,1.5,909,Pitch_hybrid_prediction,/home/tchowdh4/sensor_recovery_project/logs/extracted_csv/baseline_03_forward_motion_ATT.csv,/home/tchowdh4/sensor_recovery_project/prediction_results_v9_trained_hybrid/baseline_03_forward_motion_ATT_trained_hybrid_prediction_outputs.csv,0.0956201255321502,attacked_measurement,0.0,0.0
21.29981,baseline_03_forward_motion,Pitch,pulse,0.12952,0,0.0958983227610588,0.0958983227610588,0.0909217213349086,0.0049766014261501,0.0049766014261501,0.01619,0,0.0,0.0049585733563221,0,0,0,W20_N5_mean1.5x,20,5,1.5,909,Pitch_hybrid_prediction,/home/tchowdh4/sensor_recovery_project/logs/extracted_csv/baseline_03_forward_motion_ATT.csv,/home/tchowdh4/sensor_recovery_project/prediction_results_v9_trained_hybrid/baseline_03_forward_motion_ATT_trained_hybrid_prediction_outputs.csv,0.0958983227610588,attacked_measurement,0.0,0.0
21.39977,baseline_03_forward_motion,Pitch,pulse,0.12952,0,0.0960780456662178,0.0960780456662178,0.0910053573923389,0.0050726882738788,0.0050726882738788,0.01619,0,0.0,0.0049797715278223,0,0,0,W20_N5_mean1.5x,20,5,1.5,909,Pitch_hybrid_prediction,/home/tchowdh4/sensor_recovery_project/logs/extracted_csv/baseline_03_forward_motion_ATT.csv,/home/tchowdh4/sensor_recovery_project/prediction_results_v9_trained_hybrid/baseline_03_forward_motion_ATT_trained_hybrid_prediction_outputs.csv,0.0960780456662178,attacked_measurement,0.0,0.0
21.49973,baseline_03_forward_motion,Pitch,pulse,0.12952,0,0.0962609350681305,0.0962609350681305,0.09120372681844,0.0050572082496904,0.0050572082496904,0.01619,0,0.0,0.0049944404852577,0,0,0,W20_N5_mean1.5x,20,5,1.5,909,Pitch_hybrid_prediction,/home/tchowdh4/sensor_recovery_project/logs/extracted_csv/baseline_03_forward_motion_ATT.csv,/home/tchowdh4/sensor_recovery_project/prediction_results_v9_trained_hybrid/baseline_03_forward_motion_ATT_trained_hybrid_prediction_outputs.csv,0.0962609350681305,attacked_measurement,0.0,0.0
21.600523,baseline_03_forward_motion,Pitch,pulse,0.12952,0,0.0962524116039276,0.0962524116039276,0.0910405636874611,0.0052118479164664,0.0052118479164664,0.01619,0,0.0,0.0050202582379943,0,0,0,W20_N5_mean1.5x,20,5,1.5,909,Pitch_hybrid_prediction,/home/tchowdh4/sensor_recovery_project/logs/extracted_csv/baseline_03_forward_motion_ATT.csv,/home/tchowdh4/sensor_recovery_project/prediction_results_v9_trained_hybrid/baseline_03_forward_motion_ATT_trained_hybrid_prediction_outputs.csv,0.0962524116039276,attacked_measurement,0.0,0.0
21.700483,baseline_03_forward_motion,Pitch,pulse,0.12952,0,0.0963425412774086,0.0963425412774086,0.0911938539724412,0.0051486873049673,0.0051486873049673,0.01619,0,0.0,0.0050382909648322,0,0,0,W20_N5_mean1.5x,20,5,1.5,909,Pitch_hybrid_prediction,/home/tchowdh4/sensor_recovery_project/logs/extracted_csv/baseline_03_forward_motion_ATT.csv,/home/tchowdh4/sensor_recovery_project/prediction_results_v9_trained_hybrid/baseline_03_forward_motion_ATT_trained_hybrid_prediction_outputs.csv,0.0963425412774086,attacked_measurement,0.0,0.0
21.800443,baseline_03_forward_motion,Pitch,pulse,0.12952,0,0.0961488336324691,0.0961488336324691,0.0908338426260046,0.0053149910064645,0.0053149910064645,0.01619,0,0.0,0.0050591583351982,0,0,0,W20_N5_mean1.5x,20,5,1.5,909,Pitch_hybrid_prediction,/home/tchowdh4/sensor_recovery_project/logs/extracted_csv/baseline_03_forward_motion_ATT.csv,/home/tchowdh4/sensor_recovery_project/prediction_results_v9_trained_hybrid/baseline_03_forward_motion_ATT_trained_hybrid_prediction_outputs.csv,0.0961488336324691,attacked_measurement,0.0,0.0
21.900403,baseline_03_forward_motion,Pitch,pulse,0.12952,0,0.0962160676717758,0.0962160676717758,0.0910338070026682,0.0051822606691076,0.0051822606691076,0.01619,0,0.0,0.0050788050151675,0,0,0,W20_N5_mean1.5x,20,5,1.5,909,Pitch_hybrid_prediction,/home/tchowdh4/sensor_recovery_project/logs/extracted_csv/baseline_03_forward_motion_ATT.csv,/home/tchowdh4/sensor_recovery_project/prediction_results_v9_trained_hybrid/baseline_03_forward_motion_ATT_trained_hybrid_prediction_outputs.csv,0.0962160676717758,attacked_measurement,0.0,0.0
22.000363,baseline_03_forward_motion,Pitch,pulse,0.12952,0,0.0963842049241066,0.0963842049241066,0.0912871148426622,0.0050970900814443,0.0050970900814443,0.01619,0,0.0,0.0050882779185981,0,0,0,W20_N5_mean1.5x,20,5,1.5,909,Pitch_hybrid_prediction,/home/tchowdh4/sensor_recovery_project/logs/extracted_csv/baseline_03_forward_motion_ATT.csv,/home/tchowdh4/sensor_recovery_project/prediction_results_v9_trained_hybrid/baseline_03_forward_motion_ATT_trained_hybrid_prediction_outputs.csv,0.0963842049241066,attacked_measurement,0.0,0.0
22.100323,baseline_03_forward_motion,Pitch,pulse,0.12952,0,0.0964336320757865,0.0964336320757865,0.091218730544566,0.0052149015312204,0.0052149015312204,0.01619,0,0.0,0.0050972185045899,0,0,0,W20_N5_mean1.5x,20,5,1.5,909,Pitch_hybrid_prediction,/home/tchowdh4/sensor_recovery_project/logs/extracted_csv/baseline_03_forward_motion_ATT.csv,/home/tchowdh4/sensor_recovery_project/prediction_results_v9_trained_hybrid/baseline_03_forward_motion_ATT_trained_hybrid_prediction_outputs.csv,0.0964336320757865,attacked_measurement,0.0,0.0
22.200283,baseline_03_forward_motion,Pitch,pulse,0.12952,0,0.0965905338525772,0.0965905338525772,0.091406217232411,0.0051843166201661,0.0051843166201661,0.01619,0,0.0,0.005109106488686,0,0,0,W20_N5_mean1.5x,20,5,1.5,909,Pitch_hybrid_prediction,/home/tchowdh4/sensor_recovery_project/logs/extracted_csv/baseline_03_forward_motion_ATT.csv,/home/tchowdh4/sensor_recovery_project/prediction_results_v9_trained_hybrid/baseline_03_forward_motion_ATT_trained_hybrid_prediction_outputs.csv,0.0965905338525772,attacked_measurement,0.0,0.0
22.300243,baseline_03_forward_motion,Pitch,pulse,0.12952,0,0.0964671149849891,0.0964671149849891,0.0911918867219848,0.0052752282630042,0.0052752282630042,0.01619,0,0.0,0.0051230834347691,0,0,0,W20_N5_mean1.5x,20,5,1.5,909,Pitch_hybrid_prediction,/home/tchowdh4/sensor_recovery_project/logs/extracted_csv/baseline_03_forward_motion_ATT.csv,/home/tchowdh4/sensor_recovery_project/prediction_results_v9_trained_hybrid/baseline_03_forward_motion_ATT_trained_hybrid_prediction_outputs.csv,0.0964671149849891,attacked_measurement,0.0,0.0
22.400203,baseline_03_forward_motion,Pitch,pulse,0.12952,0,0.0963093787431716,0.0963093787431716,0.0910195306841323,0.0052898480590393,0.0052898480590393,0.01619,0,0.0,0.0051324900532272,0,0,0,W20_N5_mean1.5x,20,5,1.5,909,Pitch_hybrid_prediction,/home/tchowdh4/sensor_recovery_project/logs/extracted_csv/baseline_03_forward_motion_ATT.csv,/home/tchowdh4/sensor_recovery_project/prediction_results_v9_trained_hybrid/baseline_03_forward_motion_ATT_trained_hybrid_prediction_outputs.csv,0.0963093787431716,attacked_measurement,0.0,0.0
22.500163,baseline_03_forward_motion,Pitch,pulse,0.12952,0,0.096254639327526,0.096254639327526,0.0910113625720329,0.005243276755493,0.005243276755493,0.01619,0,0.0,0.0051480106690642,0,0,0,W20_N5_mean1.5x,20,5,1.5,909,Pitch_hybrid_prediction,/home/tchowdh4/sensor_recovery_project/logs/extracted_csv/baseline_03_forward_motion_ATT.csv,/home/tchowdh4/sensor_recovery_project/prediction_results_v9_trained_hybrid/baseline_03_forward_motion_ATT_trained_hybrid_prediction_outputs.csv,0.096254639327526,attacked_measurement,0.0,0.0
22.600123,baseline_03_forward_motion,Pitch,pulse,0.12952,0,0.0961614921689033,0.0961614921689033,0.0908885993488306,0.0052728928200726,0.0052728928200726,0.01619,0,0.0,0.0051548223028708,0,0,0,W20_N5_mean1.5x,20,5,1.5,909,Pitch_hybrid_prediction,/home/tchowdh4/sensor_recovery_project/logs/extracted_csv/baseline_03_forward_motion_ATT.csv,/home/tchowdh4/sensor_recovery_project/prediction_results_v9_trained_hybrid/baseline_03_forward_motion_ATT_trained_hybrid_prediction_outputs.csv,0.0961614921689033,attacked_measurement,0.0,0.0
