
========== PHASE 2B: V9 COMPONENT ALIGNMENT AUDIT ==========
Detection CSV folder: /home/tchowdh4/sensor_recovery_project/attack_detection_v9_corrected/detection_csvs
V9 prediction folder : /home/tchowdh4/sensor_recovery_project/prediction_results_v9_trained_hybrid
Output folder        : /home/tchowdh4/sensor_recovery_project/phase2b_v9_component_audit
Read-only audit. No V9 retraining. No detection/recovery modification.


------------------------------------------------------------
Detection CSV: baseline_01_hover_Pitch_bias_W10_N3_mean1.25x_detection.csv
Unique PredictionFile values: 1
PredictionFile: baseline_01_hover_ATT_trained_hybrid_prediction_outputs.csv
Detection rows using this PredictionFile: 250
Prediction rows available: 250
Alignment method: row_order_min_length
Aligned rows: 250
[FAIL] Roll: Missing detection CleanFuture column; Missing detection V9PredictedFuture column
[FAIL] Pitch: Clean max mismatch=1.107e-02, V9 max mismatch=0.000e+00, components=OK
[FAIL] Yaw: Missing detection CleanFuture column; Missing detection V9PredictedFuture column

------------------------------------------------------------
Detection CSV: baseline_01_hover_Pitch_bias_W10_N3_mean1.5x_detection.csv
Unique PredictionFile values: 1
PredictionFile: baseline_01_hover_ATT_trained_hybrid_prediction_outputs.csv
Detection rows using this PredictionFile: 250
Prediction rows available: 250
Alignment method: row_order_min_length
Aligned rows: 250
[FAIL] Roll: Missing detection CleanFuture column; Missing detection V9PredictedFuture column
[FAIL] Pitch: Clean max mismatch=1.107e-02, V9 max mismatch=0.000e+00, components=OK
[FAIL] Yaw: Missing detection CleanFuture column; Missing detection V9PredictedFuture column

------------------------------------------------------------
Detection CSV: baseline_01_hover_Pitch_bias_W10_N3_mean1x_detection.csv
Unique PredictionFile values: 1
PredictionFile: baseline_01_hover_ATT_trained_hybrid_prediction_outputs.csv
Detection rows using this PredictionFile: 250
Prediction rows available: 250
Alignment method: row_order_min_length
Aligned rows: 250
[FAIL] Roll: Missing detection CleanFuture column; Missing detection V9PredictedFuture column
[FAIL] Pitch: Clean max mismatch=1.107e-02, V9 max mismatch=0.000e+00, components=OK
[FAIL] Yaw: Missing detection CleanFuture column; Missing detection V9PredictedFuture column

------------------------------------------------------------
Detection CSV: baseline_01_hover_Pitch_bias_W20_N5_mean1.25x_detection.csv
Unique PredictionFile values: 1
PredictionFile: baseline_01_hover_ATT_trained_hybrid_prediction_outputs.csv
Detection rows using this PredictionFile: 250
Prediction rows available: 250
Alignment method: row_order_min_length
Aligned rows: 250
[FAIL] Roll: Missing detection CleanFuture column; Missing detection V9PredictedFuture column
[FAIL] Pitch: Clean max mismatch=1.107e-02, V9 max mismatch=0.000e+00, components=OK
[FAIL] Yaw: Missing detection CleanFuture column; Missing detection V9PredictedFuture column

------------------------------------------------------------
Detection CSV: baseline_01_hover_Pitch_bias_W20_N5_mean1.5x_detection.csv
Unique PredictionFile values: 1
PredictionFile: baseline_01_hover_ATT_trained_hybrid_prediction_outputs.csv
Detection rows using this PredictionFile: 250
Prediction rows available: 250
Alignment method: row_order_min_length
Aligned rows: 250
[FAIL] Roll: Missing detection CleanFuture column; Missing detection V9PredictedFuture column
[FAIL] Pitch: Clean max mismatch=1.107e-02, V9 max mismatch=0.000e+00, components=OK
[FAIL] Yaw: Missing detection CleanFuture column; Missing detection V9PredictedFuture column

------------------------------------------------------------
Detection CSV: baseline_01_hover_Pitch_bias_W20_N5_mean1x_detection.csv
Unique PredictionFile values: 1
PredictionFile: baseline_01_hover_ATT_trained_hybrid_prediction_outputs.csv
Detection rows using this PredictionFile: 250
Prediction rows available: 250
Alignment method: row_order_min_length
Aligned rows: 250
[FAIL] Roll: Missing detection CleanFuture column; Missing detection V9PredictedFuture column
[FAIL] Pitch: Clean max mismatch=1.107e-02, V9 max mismatch=0.000e+00, components=OK
[FAIL] Yaw: Missing detection CleanFuture column; Missing detection V9PredictedFuture column

------------------------------------------------------------
Detection CSV: baseline_01_hover_Pitch_bias_W30_N8_mean1.25x_detection.csv
Unique PredictionFile values: 1
PredictionFile: baseline_01_hover_ATT_trained_hybrid_prediction_outputs.csv
Detection rows using this PredictionFile: 250
Prediction rows available: 250
Alignment method: row_order_min_length
Aligned rows: 250
[FAIL] Roll: Missing detection CleanFuture column; Missing detection V9PredictedFuture column
[FAIL] Pitch: Clean max mismatch=1.107e-02, V9 max mismatch=0.000e+00, components=OK
[FAIL] Yaw: Missing detection CleanFuture column; Missing detection V9PredictedFuture column

------------------------------------------------------------
Detection CSV: baseline_01_hover_Pitch_bias_W30_N8_mean1.5x_detection.csv
Unique PredictionFile values: 1
PredictionFile: baseline_01_hover_ATT_trained_hybrid_prediction_outputs.csv
Detection rows using this PredictionFile: 250
Prediction rows available: 250
Alignment method: row_order_min_length
Aligned rows: 250
[FAIL] Roll: Missing detection CleanFuture column; Missing detection V9PredictedFuture column
[FAIL] Pitch: Clean max mismatch=1.107e-02, V9 max mismatch=0.000e+00, components=OK
[FAIL] Yaw: Missing detection CleanFuture column; Missing detection V9PredictedFuture column

------------------------------------------------------------
Detection CSV: baseline_01_hover_Pitch_bias_W30_N8_mean1x_detection.csv
Unique PredictionFile values: 1
PredictionFile: baseline_01_hover_ATT_trained_hybrid_prediction_outputs.csv
Detection rows using this PredictionFile: 250
Prediction rows available: 250
Alignment method: row_order_min_length
Aligned rows: 250
[FAIL] Roll: Missing detection CleanFuture column; Missing detection V9PredictedFuture column
[FAIL] Pitch: Clean max mismatch=1.107e-02, V9 max mismatch=0.000e+00, components=OK
[FAIL] Yaw: Missing detection CleanFuture column; Missing detection V9PredictedFuture column

------------------------------------------------------------
Detection CSV: baseline_01_hover_Pitch_pulse_W10_N3_mean1.25x_detection.csv
Unique PredictionFile values: 1
PredictionFile: baseline_01_hover_ATT_trained_hybrid_prediction_outputs.csv
Detection rows using this PredictionFile: 250
Prediction rows available: 250
Alignment method: row_order_min_length
Aligned rows: 250
[FAIL] Roll: Missing detection CleanFuture column; Missing detection V9PredictedFuture column
[FAIL] Pitch: Clean max mismatch=1.107e-02, V9 max mismatch=0.000e+00, components=OK
[FAIL] Yaw: Missing detection CleanFuture column; Missing detection V9PredictedFuture column

------------------------------------------------------------
Detection CSV: baseline_01_hover_Pitch_pulse_W10_N3_mean1.5x_detection.csv
Unique PredictionFile values: 1
PredictionFile: baseline_01_hover_ATT_trained_hybrid_prediction_outputs.csv
Detection rows using this PredictionFile: 250
Prediction rows available: 250
Alignment method: row_order_min_length
Aligned rows: 250
[FAIL] Roll: Missing detection CleanFuture column; Missing detection V9PredictedFuture column
[FAIL] Pitch: Clean max mismatch=1.107e-02, V9 max mismatch=0.000e+00, components=OK
[FAIL] Yaw: Missing detection CleanFuture column; Missing detection V9PredictedFuture column

------------------------------------------------------------
Detection CSV: baseline_01_hover_Pitch_pulse_W10_N3_mean1x_detection.csv
Unique PredictionFile values: 1
PredictionFile: baseline_01_hover_ATT_trained_hybrid_prediction_outputs.csv
Detection rows using this PredictionFile: 250
Prediction rows available: 250
Alignment method: row_order_min_length
Aligned rows: 250
[FAIL] Roll: Missing detection CleanFuture column; Missing detection V9PredictedFuture column
[FAIL] Pitch: Clean max mismatch=1.107e-02, V9 max mismatch=0.000e+00, components=OK
[FAIL] Yaw: Missing detection CleanFuture column; Missing detection V9PredictedFuture column

------------------------------------------------------------
Detection CSV: baseline_01_hover_Pitch_pulse_W20_N5_mean1.25x_detection.csv
Unique PredictionFile values: 1
PredictionFile: baseline_01_hover_ATT_trained_hybrid_prediction_outputs.csv
Detection rows using this PredictionFile: 250
Prediction rows available: 250
Alignment method: row_order_min_length
Aligned rows: 250
[FAIL] Roll: Missing detection CleanFuture column; Missing detection V9PredictedFuture column
[FAIL] Pitch: Clean max mismatch=1.107e-02, V9 max mismatch=0.000e+00, components=OK
[FAIL] Yaw: Missing detection CleanFuture column; Missing detection V9PredictedFuture column

------------------------------------------------------------
Detection CSV: baseline_01_hover_Pitch_pulse_W20_N5_mean1.5x_detection.csv
Unique PredictionFile values: 1
PredictionFile: baseline_01_hover_ATT_trained_hybrid_prediction_outputs.csv
Detection rows using this PredictionFile: 250
Prediction rows available: 250
Alignment method: row_order_min_length
Aligned rows: 250
[FAIL] Roll: Missing detection CleanFuture column; Missing detection V9PredictedFuture column
[FAIL] Pitch: Clean max mismatch=1.107e-02, V9 max mismatch=0.000e+00, components=OK
[FAIL] Yaw: Missing detection CleanFuture column; Missing detection V9PredictedFuture column

------------------------------------------------------------
Detection CSV: baseline_01_hover_Pitch_pulse_W20_N5_mean1x_detection.csv
Unique PredictionFile values: 1
PredictionFile: baseline_01_hover_ATT_trained_hybrid_prediction_outputs.csv
Detection rows using this PredictionFile: 250
Prediction rows available: 250
Alignment method: row_order_min_length
Aligned rows: 250
[FAIL] Roll: Missing detection CleanFuture column; Missing detection V9PredictedFuture column
[FAIL] Pitch: Clean max mismatch=1.107e-02, V9 max mismatch=0.000e+00, components=OK
[FAIL] Yaw: Missing detection CleanFuture column; Missing detection V9PredictedFuture column

------------------------------------------------------------
Detection CSV: baseline_01_hover_Pitch_pulse_W30_N8_mean1.25x_detection.csv
Unique PredictionFile values: 1
PredictionFile: baseline_01_hover_ATT_trained_hybrid_prediction_outputs.csv
Detection rows using this PredictionFile: 250
Prediction rows available: 250
Alignment method: row_order_min_length
Aligned rows: 250
[FAIL] Roll: Missing detection CleanFuture column; Missing detection V9PredictedFuture column
[FAIL] Pitch: Clean max mismatch=1.107e-02, V9 max mismatch=0.000e+00, components=OK
[FAIL] Yaw: Missing detection CleanFuture column; Missing detection V9PredictedFuture column

------------------------------------------------------------
Detection CSV: baseline_01_hover_Pitch_pulse_W30_N8_mean1.5x_detection.csv
Unique PredictionFile values: 1
PredictionFile: baseline_01_hover_ATT_trained_hybrid_prediction_outputs.csv
Detection rows using this PredictionFile: 250
Prediction rows available: 250
Alignment method: row_order_min_length
Aligned rows: 250
[FAIL] Roll: Missing detection CleanFuture column; Missing detection V9PredictedFuture column
[FAIL] Pitch: Clean max mismatch=1.107e-02, V9 max mismatch=0.000e+00, components=OK
[FAIL] Yaw: Missing detection CleanFuture column; Missing detection V9PredictedFuture column

------------------------------------------------------------
Detection CSV: baseline_01_hover_Pitch_pulse_W30_N8_mean1x_detection.csv
Unique PredictionFile values: 1
PredictionFile: baseline_01_hover_ATT_trained_hybrid_prediction_outputs.csv
Detection rows using this PredictionFile: 250
Prediction rows available: 250
Alignment method: row_order_min_length
Aligned rows: 250
[FAIL] Roll: Missing detection CleanFuture column; Missing detection V9PredictedFuture column
[FAIL] Pitch: Clean max mismatch=1.107e-02, V9 max mismatch=0.000e+00, components=OK
[FAIL] Yaw: Missing detection CleanFuture column; Missing detection V9PredictedFuture column

------------------------------------------------------------
Detection CSV: baseline_01_hover_Pitch_ramp_W10_N3_mean1.25x_detection.csv
Unique PredictionFile values: 1
PredictionFile: baseline_01_hover_ATT_trained_hybrid_prediction_outputs.csv
Detection rows using this PredictionFile: 250
Prediction rows available: 250
Alignment method: row_order_min_length
Aligned rows: 250
[FAIL] Roll: Missing detection CleanFuture column; Missing detection V9PredictedFuture column
[FAIL] Pitch: Clean max mismatch=1.107e-02, V9 max mismatch=0.000e+00, components=OK
[FAIL] Yaw: Missing detection CleanFuture column; Missing detection V9PredictedFuture column

------------------------------------------------------------
Detection CSV: baseline_01_hover_Pitch_ramp_W10_N3_mean1.5x_detection.csv
Unique PredictionFile values: 1
PredictionFile: baseline_01_hover_ATT_trained_hybrid_prediction_outputs.csv
Detection rows using this PredictionFile: 250
Prediction rows available: 250
Alignment method: row_order_min_length
Aligned rows: 250
[FAIL] Roll: Missing detection CleanFuture column; Missing detection V9PredictedFuture column
[FAIL] Pitch: Clean max mismatch=1.107e-02, V9 max mismatch=0.000e+00, components=OK
[FAIL] Yaw: Missing detection CleanFuture column; Missing detection V9PredictedFuture column

------------------------------------------------------------
Detection CSV: baseline_01_hover_Pitch_ramp_W10_N3_mean1x_detection.csv
Unique PredictionFile values: 1
PredictionFile: baseline_01_hover_ATT_trained_hybrid_prediction_outputs.csv
Detection rows using this PredictionFile: 250
Prediction rows available: 250
Alignment method: row_order_min_length
Aligned rows: 250
[FAIL] Roll: Missing detection CleanFuture column; Missing detection V9PredictedFuture column
[FAIL] Pitch: Clean max mismatch=1.107e-02, V9 max mismatch=0.000e+00, components=OK
[FAIL] Yaw: Missing detection CleanFuture column; Missing detection V9PredictedFuture column

------------------------------------------------------------
Detection CSV: baseline_01_hover_Pitch_ramp_W20_N5_mean1.25x_detection.csv
Unique PredictionFile values: 1
PredictionFile: baseline_01_hover_ATT_trained_hybrid_prediction_outputs.csv
Detection rows using this PredictionFile: 250
Prediction rows available: 250
Alignment method: row_order_min_length
Aligned rows: 250
[FAIL] Roll: Missing detection CleanFuture column; Missing detection V9PredictedFuture column
[FAIL] Pitch: Clean max mismatch=1.107e-02, V9 max mismatch=0.000e+00, components=OK
[FAIL] Yaw: Missing detection CleanFuture column; Missing detection V9PredictedFuture column

------------------------------------------------------------
Detection CSV: baseline_01_hover_Pitch_ramp_W20_N5_mean1.5x_detection.csv
Unique PredictionFile values: 1
PredictionFile: baseline_01_hover_ATT_trained_hybrid_prediction_outputs.csv
Detection rows using this PredictionFile: 250
Prediction rows available: 250
Alignment method: row_order_min_length
Aligned rows: 250
[FAIL] Roll: Missing detection CleanFuture column; Missing detection V9PredictedFuture column
[FAIL] Pitch: Clean max mismatch=1.107e-02, V9 max mismatch=0.000e+00, components=OK
[FAIL] Yaw: Missing detection CleanFuture column; Missing detection V9PredictedFuture column

------------------------------------------------------------
Detection CSV: baseline_01_hover_Pitch_ramp_W20_N5_mean1x_detection.csv
Unique PredictionFile values: 1
PredictionFile: baseline_01_hover_ATT_trained_hybrid_prediction_outputs.csv
Detection rows using this PredictionFile: 250
Prediction rows available: 250
Alignment method: row_order_min_length
Aligned rows: 250
[FAIL] Roll: Missing detection CleanFuture column; Missing detection V9PredictedFuture column
[FAIL] Pitch: Clean max mismatch=1.107e-02, V9 max mismatch=0.000e+00, components=OK
[FAIL] Yaw: Missing detection CleanFuture column; Missing detection V9PredictedFuture column

------------------------------------------------------------
Detection CSV: baseline_01_hover_Pitch_ramp_W30_N8_mean1.25x_detection.csv
Unique PredictionFile values: 1
PredictionFile: baseline_01_hover_ATT_trained_hybrid_prediction_outputs.csv
Detection rows using this PredictionFile: 250
Prediction rows available: 250
Alignment method: row_order_min_length
Aligned rows: 250
[FAIL] Roll: Missing detection CleanFuture column; Missing detection V9PredictedFuture column
[FAIL] Pitch: Clean max mismatch=1.107e-02, V9 max mismatch=0.000e+00, components=OK
[FAIL] Yaw: Missing detection CleanFuture column; Missing detection V9PredictedFuture column

------------------------------------------------------------
Detection CSV: baseline_01_hover_Pitch_ramp_W30_N8_mean1.5x_detection.csv
Unique PredictionFile values: 1
PredictionFile: baseline_01_hover_ATT_trained_hybrid_prediction_outputs.csv
Detection rows using this PredictionFile: 250
Prediction rows available: 250
Alignment method: row_order_min_length
Aligned rows: 250
[FAIL] Roll: Missing detection CleanFuture column; Missing detection V9PredictedFuture column
[FAIL] Pitch: Clean max mismatch=1.107e-02, V9 max mismatch=0.000e+00, components=OK
[FAIL] Yaw: Missing detection CleanFuture column; Missing detection V9PredictedFuture column

------------------------------------------------------------
Detection CSV: baseline_01_hover_Pitch_ramp_W30_N8_mean1x_detection.csv
Unique PredictionFile values: 1
PredictionFile: baseline_01_hover_ATT_trained_hybrid_prediction_outputs.csv
Detection rows using this PredictionFile: 250
Prediction rows available: 250
Alignment method: row_order_min_length
Aligned rows: 250
[FAIL] Roll: Missing detection CleanFuture column; Missing detection V9PredictedFuture column
[FAIL] Pitch: Clean max mismatch=1.107e-02, V9 max mismatch=0.000e+00, components=OK
[FAIL] Yaw: Missing detection CleanFuture column; Missing detection V9PredictedFuture column

------------------------------------------------------------
Detection CSV: baseline_01_hover_Roll_bias_W10_N3_mean1.25x_detection.csv
Unique PredictionFile values: 1
PredictionFile: baseline_01_hover_ATT_trained_hybrid_prediction_outputs.csv
Detection rows using this PredictionFile: 250
Prediction rows available: 250
Alignment method: row_order_min_length
Aligned rows: 250
[FAIL] Roll: Clean max mismatch=7.971e-03, V9 max mismatch=0.000e+00, components=OK
[FAIL] Pitch: Missing detection CleanFuture column; Missing detection V9PredictedFuture column
[FAIL] Yaw: Missing detection CleanFuture column; Missing detection V9PredictedFuture column

------------------------------------------------------------
Detection CSV: baseline_01_hover_Roll_bias_W10_N3_mean1.5x_detection.csv
Unique PredictionFile values: 1
PredictionFile: baseline_01_hover_ATT_trained_hybrid_prediction_outputs.csv
Detection rows using this PredictionFile: 250
Prediction rows available: 250
Alignment method: row_order_min_length
Aligned rows: 250
[FAIL] Roll: Clean max mismatch=7.971e-03, V9 max mismatch=0.000e+00, components=OK
[FAIL] Pitch: Missing detection CleanFuture column; Missing detection V9PredictedFuture column
[FAIL] Yaw: Missing detection CleanFuture column; Missing detection V9PredictedFuture column

------------------------------------------------------------
Detection CSV: baseline_01_hover_Roll_bias_W10_N3_mean1x_detection.csv
Unique PredictionFile values: 1
PredictionFile: baseline_01_hover_ATT_trained_hybrid_prediction_outputs.csv
Detection rows using this PredictionFile: 250
Prediction rows available: 250
Alignment method: row_order_min_length
Aligned rows: 250
[FAIL] Roll: Clean max mismatch=7.971e-03, V9 max mismatch=0.000e+00, components=OK
[FAIL] Pitch: Missing detection CleanFuture column; Missing detection V9PredictedFuture column
[FAIL] Yaw: Missing detection CleanFuture column; Missing detection V9PredictedFuture column

------------------------------------------------------------
Detection CSV: baseline_01_hover_Roll_bias_W20_N5_mean1.25x_detection.csv
Unique PredictionFile values: 1
PredictionFile: baseline_01_hover_ATT_trained_hybrid_prediction_outputs.csv
Detection rows using this PredictionFile: 250
Prediction rows available: 250
Alignment method: row_order_min_length
Aligned rows: 250
[FAIL] Roll: Clean max mismatch=7.971e-03, V9 max mismatch=0.000e+00, components=OK
[FAIL] Pitch: Missing detection CleanFuture column; Missing detection V9PredictedFuture column
[FAIL] Yaw: Missing detection CleanFuture column; Missing detection V9PredictedFuture column

------------------------------------------------------------
Detection CSV: baseline_01_hover_Roll_bias_W20_N5_mean1.5x_detection.csv
Unique PredictionFile values: 1
PredictionFile: baseline_01_hover_ATT_trained_hybrid_prediction_outputs.csv
Detection rows using this PredictionFile: 250
Prediction rows available: 250
Alignment method: row_order_min_length
Aligned rows: 250
[FAIL] Roll: Clean max mismatch=7.971e-03, V9 max mismatch=0.000e+00, components=OK
[FAIL] Pitch: Missing detection CleanFuture column; Missing detection V9PredictedFuture column
[FAIL] Yaw: Missing detection CleanFuture column; Missing detection V9PredictedFuture column

------------------------------------------------------------
Detection CSV: baseline_01_hover_Roll_bias_W20_N5_mean1x_detection.csv
Unique PredictionFile values: 1
PredictionFile: baseline_01_hover_ATT_trained_hybrid_prediction_outputs.csv
Detection rows using this PredictionFile: 250
Prediction rows available: 250
Alignment method: row_order_min_length
Aligned rows: 250
[FAIL] Roll: Clean max mismatch=7.971e-03, V9 max mismatch=0.000e+00, components=OK
[FAIL] Pitch: Missing detection CleanFuture column; Missing detection V9PredictedFuture column
[FAIL] Yaw: Missing detection CleanFuture column; Missing detection V9PredictedFuture column

------------------------------------------------------------
Detection CSV: baseline_01_hover_Roll_bias_W30_N8_mean1.25x_detection.csv
Unique PredictionFile values: 1
PredictionFile: baseline_01_hover_ATT_trained_hybrid_prediction_outputs.csv
Detection rows using this PredictionFile: 250
Prediction rows available: 250
Alignment method: row_order_min_length
Aligned rows: 250
[FAIL] Roll: Clean max mismatch=7.971e-03, V9 max mismatch=0.000e+00, components=OK
[FAIL] Pitch: Missing detection CleanFuture column; Missing detection V9PredictedFuture column
[FAIL] Yaw: Missing detection CleanFuture column; Missing detection V9PredictedFuture column

------------------------------------------------------------
Detection CSV: baseline_01_hover_Roll_bias_W30_N8_mean1.5x_detection.csv
Unique PredictionFile values: 1
PredictionFile: baseline_01_hover_ATT_trained_hybrid_prediction_outputs.csv
Detection rows using this PredictionFile: 250
Prediction rows available: 250
Alignment method: row_order_min_length
Aligned rows: 250
[FAIL] Roll: Clean max mismatch=7.971e-03, V9 max mismatch=0.000e+00, components=OK
[FAIL] Pitch: Missing detection CleanFuture column; Missing detection V9PredictedFuture column
[FAIL] Yaw: Missing detection CleanFuture column; Missing detection V9PredictedFuture column

------------------------------------------------------------
Detection CSV: baseline_01_hover_Roll_bias_W30_N8_mean1x_detection.csv
Unique PredictionFile values: 1
PredictionFile: baseline_01_hover_ATT_trained_hybrid_prediction_outputs.csv
Detection rows using this PredictionFile: 250
Prediction rows available: 250
Alignment method: row_order_min_length
Aligned rows: 250
[FAIL] Roll: Clean max mismatch=7.971e-03, V9 max mismatch=0.000e+00, components=OK
[FAIL] Pitch: Missing detection CleanFuture column; Missing detection V9PredictedFuture column
[FAIL] Yaw: Missing detection CleanFuture column; Missing detection V9PredictedFuture column

------------------------------------------------------------
Detection CSV: baseline_01_hover_Roll_pulse_W10_N3_mean1.25x_detection.csv
Unique PredictionFile values: 1
PredictionFile: baseline_01_hover_ATT_trained_hybrid_prediction_outputs.csv
Detection rows using this PredictionFile: 250
Prediction rows available: 250
Alignment method: row_order_min_length
Aligned rows: 250
[FAIL] Roll: Clean max mismatch=7.971e-03, V9 max mismatch=0.000e+00, components=OK
[FAIL] Pitch: Missing detection CleanFuture column; Missing detection V9PredictedFuture column
[FAIL] Yaw: Missing detection CleanFuture column; Missing detection V9PredictedFuture column

------------------------------------------------------------
Detection CSV: baseline_01_hover_Roll_pulse_W10_N3_mean1.5x_detection.csv
Unique PredictionFile values: 1
PredictionFile: baseline_01_hover_ATT_trained_hybrid_prediction_outputs.csv
Detection rows using this PredictionFile: 250
Prediction rows available: 250
Alignment method: row_order_min_length
Aligned rows: 250
[FAIL] Roll: Clean max mismatch=7.971e-03, V9 max mismatch=0.000e+00, components=OK
[FAIL] Pitch: Missing detection CleanFuture column; Missing detection V9PredictedFuture column
[FAIL] Yaw: Missing detection CleanFuture column; Missing detection V9PredictedFuture column

------------------------------------------------------------
Detection CSV: baseline_01_hover_Roll_pulse_W10_N3_mean1x_detection.csv
Unique PredictionFile values: 1
PredictionFile: baseline_01_hover_ATT_trained_hybrid_prediction_outputs.csv
Detection rows using this PredictionFile: 250
Prediction rows available: 250
Alignment method: row_order_min_length
Aligned rows: 250
[FAIL] Roll: Clean max mismatch=7.971e-03, V9 max mismatch=0.000e+00, components=OK
[FAIL] Pitch: Missing detection CleanFuture column; Missing detection V9PredictedFuture column
[FAIL] Yaw: Missing detection CleanFuture column; Missing detection V9PredictedFuture column

------------------------------------------------------------
Detection CSV: baseline_01_hover_Roll_pulse_W20_N5_mean1.25x_detection.csv
Unique PredictionFile values: 1
PredictionFile: baseline_01_hover_ATT_trained_hybrid_prediction_outputs.csv
Detection rows using this PredictionFile: 250
Prediction rows available: 250
Alignment method: row_order_min_length
Aligned rows: 250
[FAIL] Roll: Clean max mismatch=7.971e-03, V9 max mismatch=0.000e+00, components=OK
[FAIL] Pitch: Missing detection CleanFuture column; Missing detection V9PredictedFuture column
[FAIL] Yaw: Missing detection CleanFuture column; Missing detection V9PredictedFuture column

------------------------------------------------------------
Detection CSV: baseline_01_hover_Roll_pulse_W20_N5_mean1.5x_detection.csv
Unique PredictionFile values: 1
PredictionFile: baseline_01_hover_ATT_trained_hybrid_prediction_outputs.csv
Detection rows using this PredictionFile: 250
Prediction rows available: 250
Alignment method: row_order_min_length
Aligned rows: 250
[FAIL] Roll: Clean max mismatch=7.971e-03, V9 max mismatch=0.000e+00, components=OK
[FAIL] Pitch: Missing detection CleanFuture column; Missing detection V9PredictedFuture column
[FAIL] Yaw: Missing detection CleanFuture column; Missing detection V9PredictedFuture column

------------------------------------------------------------
Detection CSV: baseline_01_hover_Roll_pulse_W20_N5_mean1x_detection.csv
Unique PredictionFile values: 1
PredictionFile: baseline_01_hover_ATT_trained_hybrid_prediction_outputs.csv
Detection rows using this PredictionFile: 250
Prediction rows available: 250
Alignment method: row_order_min_length
Aligned rows: 250
[FAIL] Roll: Clean max mismatch=7.971e-03, V9 max mismatch=0.000e+00, components=OK
[FAIL] Pitch: Missing detection CleanFuture column; Missing detection V9PredictedFuture column
[FAIL] Yaw: Missing detection CleanFuture column; Missing detection V9PredictedFuture column

------------------------------------------------------------
Detection CSV: baseline_01_hover_Roll_pulse_W30_N8_mean1.25x_detection.csv
Unique PredictionFile values: 1
PredictionFile: baseline_01_hover_ATT_trained_hybrid_prediction_outputs.csv
Detection rows using this PredictionFile: 250
Prediction rows available: 250
Alignment method: row_order_min_length
Aligned rows: 250
[FAIL] Roll: Clean max mismatch=7.971e-03, V9 max mismatch=0.000e+00, components=OK
[FAIL] Pitch: Missing detection CleanFuture column; Missing detection V9PredictedFuture column
[FAIL] Yaw: Missing detection CleanFuture column; Missing detection V9PredictedFuture column

------------------------------------------------------------
Detection CSV: baseline_01_hover_Roll_pulse_W30_N8_mean1.5x_detection.csv
Unique PredictionFile values: 1
PredictionFile: baseline_01_hover_ATT_trained_hybrid_prediction_outputs.csv
Detection rows using this PredictionFile: 250
Prediction rows available: 250
Alignment method: row_order_min_length
Aligned rows: 250
[FAIL] Roll: Clean max mismatch=7.971e-03, V9 max mismatch=0.000e+00, components=OK
[FAIL] Pitch: Missing detection CleanFuture column; Missing detection V9PredictedFuture column
[FAIL] Yaw: Missing detection CleanFuture column; Missing detection V9PredictedFuture column

------------------------------------------------------------
Detection CSV: baseline_01_hover_Roll_pulse_W30_N8_mean1x_detection.csv
Unique PredictionFile values: 1
PredictionFile: baseline_01_hover_ATT_trained_hybrid_prediction_outputs.csv
Detection rows using this PredictionFile: 250
Prediction rows available: 250
Alignment method: row_order_min_length
Aligned rows: 250
[FAIL] Roll: Clean max mismatch=7.971e-03, V9 max mismatch=0.000e+00, components=OK
[FAIL] Pitch: Missing detection CleanFuture column; Missing detection V9PredictedFuture column
[FAIL] Yaw: Missing detection CleanFuture column; Missing detection V9PredictedFuture column

------------------------------------------------------------
Detection CSV: baseline_01_hover_Roll_ramp_W10_N3_mean1.25x_detection.csv
Unique PredictionFile values: 1
PredictionFile: baseline_01_hover_ATT_trained_hybrid_prediction_outputs.csv
Detection rows using this PredictionFile: 250
Prediction rows available: 250
Alignment method: row_order_min_length
Aligned rows: 250
[FAIL] Roll: Clean max mismatch=7.971e-03, V9 max mismatch=0.000e+00, components=OK
[FAIL] Pitch: Missing detection CleanFuture column; Missing detection V9PredictedFuture column
[FAIL] Yaw: Missing detection CleanFuture column; Missing detection V9PredictedFuture column

------------------------------------------------------------
Detection CSV: baseline_01_hover_Roll_ramp_W10_N3_mean1.5x_detection.csv
Unique PredictionFile values: 1
PredictionFile: baseline_01_hover_ATT_trained_hybrid_prediction_outputs.csv
Detection rows using this PredictionFile: 250
Prediction rows available: 250
Alignment method: row_order_min_length
Aligned rows: 250
[FAIL] Roll: Clean max mismatch=7.971e-03, V9 max mismatch=0.000e+00, components=OK
[FAIL] Pitch: Missing detection CleanFuture column; Missing detection V9PredictedFuture column
[FAIL] Yaw: Missing detection CleanFuture column; Missing detection V9PredictedFuture column

------------------------------------------------------------
Detection CSV: baseline_01_hover_Roll_ramp_W10_N3_mean1x_detection.csv
Unique PredictionFile values: 1
PredictionFile: baseline_01_hover_ATT_trained_hybrid_prediction_outputs.csv
Detection rows using this PredictionFile: 250
Prediction rows available: 250
Alignment method: row_order_min_length
Aligned rows: 250
[FAIL] Roll: Clean max mismatch=7.971e-03, V9 max mismatch=0.000e+00, components=OK
[FAIL] Pitch: Missing detection CleanFuture column; Missing detection V9PredictedFuture column
[FAIL] Yaw: Missing detection CleanFuture column; Missing detection V9PredictedFuture column

------------------------------------------------------------
Detection CSV: baseline_01_hover_Roll_ramp_W20_N5_mean1.25x_detection.csv
Unique PredictionFile values: 1
PredictionFile: baseline_01_hover_ATT_trained_hybrid_prediction_outputs.csv
Detection rows using this PredictionFile: 250
Prediction rows available: 250
Alignment method: row_order_min_length
Aligned rows: 250
[FAIL] Roll: Clean max mismatch=7.971e-03, V9 max mismatch=0.000e+00, components=OK
[FAIL] Pitch: Missing detection CleanFuture column; Missing detection V9PredictedFuture column
[FAIL] Yaw: Missing detection CleanFuture column; Missing detection V9PredictedFuture column

------------------------------------------------------------
Detection CSV: baseline_01_hover_Roll_ramp_W20_N5_mean1.5x_detection.csv
Unique PredictionFile values: 1
PredictionFile: baseline_01_hover_ATT_trained_hybrid_prediction_outputs.csv
Detection rows using this PredictionFile: 250
Prediction rows available: 250
Alignment method: row_order_min_length
Aligned rows: 250
[FAIL] Roll: Clean max mismatch=7.971e-03, V9 max mismatch=0.000e+00, components=OK
[FAIL] Pitch: Missing detection CleanFuture column; Missing detection V9PredictedFuture column
[FAIL] Yaw: Missing detection CleanFuture column; Missing detection V9PredictedFuture column

------------------------------------------------------------
Detection CSV: baseline_01_hover_Roll_ramp_W20_N5_mean1x_detection.csv
Unique PredictionFile values: 1
PredictionFile: baseline_01_hover_ATT_trained_hybrid_prediction_outputs.csv
Detection rows using this PredictionFile: 250
Prediction rows available: 250
Alignment method: row_order_min_length
Aligned rows: 250
[FAIL] Roll: Clean max mismatch=7.971e-03, V9 max mismatch=0.000e+00, components=OK
[FAIL] Pitch: Missing detection CleanFuture column; Missing detection V9PredictedFuture column
[FAIL] Yaw: Missing detection CleanFuture column; Missing detection V9PredictedFuture column

------------------------------------------------------------
Detection CSV: baseline_01_hover_Roll_ramp_W30_N8_mean1.25x_detection.csv
Unique PredictionFile values: 1
PredictionFile: baseline_01_hover_ATT_trained_hybrid_prediction_outputs.csv
Detection rows using this PredictionFile: 250
Prediction rows available: 250
Alignment method: row_order_min_length
Aligned rows: 250
[FAIL] Roll: Clean max mismatch=7.971e-03, V9 max mismatch=0.000e+00, components=OK
[FAIL] Pitch: Missing detection CleanFuture column; Missing detection V9PredictedFuture column
[FAIL] Yaw: Missing detection CleanFuture column; Missing detection V9PredictedFuture column

------------------------------------------------------------
Detection CSV: baseline_01_hover_Roll_ramp_W30_N8_mean1.5x_detection.csv
Unique PredictionFile values: 1
PredictionFile: baseline_01_hover_ATT_trained_hybrid_prediction_outputs.csv
Detection rows using this PredictionFile: 250
Prediction rows available: 250
Alignment method: row_order_min_length
Aligned rows: 250
[FAIL] Roll: Clean max mismatch=7.971e-03, V9 max mismatch=0.000e+00, components=OK
[FAIL] Pitch: Missing detection CleanFuture column; Missing detection V9PredictedFuture column
[FAIL] Yaw: Missing detection CleanFuture column; Missing detection V9PredictedFuture column

------------------------------------------------------------
Detection CSV: baseline_01_hover_Roll_ramp_W30_N8_mean1x_detection.csv
Unique PredictionFile values: 1
PredictionFile: baseline_01_hover_ATT_trained_hybrid_prediction_outputs.csv
Detection rows using this PredictionFile: 250
Prediction rows available: 250
Alignment method: row_order_min_length
Aligned rows: 250
[FAIL] Roll: Clean max mismatch=7.971e-03, V9 max mismatch=0.000e+00, components=OK
[FAIL] Pitch: Missing detection CleanFuture column; Missing detection V9PredictedFuture column
[FAIL] Yaw: Missing detection CleanFuture column; Missing detection V9PredictedFuture column

------------------------------------------------------------
Detection CSV: baseline_01_hover_Yaw_bias_W10_N3_mean1.25x_detection.csv
Unique PredictionFile values: 1
PredictionFile: baseline_01_hover_ATT_trained_hybrid_prediction_outputs.csv
Detection rows using this PredictionFile: 250
Prediction rows available: 250
Alignment method: row_order_min_length
Aligned rows: 250
[FAIL] Roll: Missing detection CleanFuture column; Missing detection V9PredictedFuture column
[FAIL] Pitch: Missing detection CleanFuture column; Missing detection V9PredictedFuture column
[FAIL] Yaw: Clean max mismatch=3.070e-02, V9 max mismatch=0.000e+00, components=OK

------------------------------------------------------------
Detection CSV: baseline_01_hover_Yaw_bias_W10_N3_mean1.5x_detection.csv
Unique PredictionFile values: 1
PredictionFile: baseline_01_hover_ATT_trained_hybrid_prediction_outputs.csv
Detection rows using this PredictionFile: 250
Prediction rows available: 250
Alignment method: row_order_min_length
Aligned rows: 250
[FAIL] Roll: Missing detection CleanFuture column; Missing detection V9PredictedFuture column
[FAIL] Pitch: Missing detection CleanFuture column; Missing detection V9PredictedFuture column
[FAIL] Yaw: Clean max mismatch=3.070e-02, V9 max mismatch=0.000e+00, components=OK

------------------------------------------------------------
Detection CSV: baseline_01_hover_Yaw_bias_W10_N3_mean1x_detection.csv
Unique PredictionFile values: 1
PredictionFile: baseline_01_hover_ATT_trained_hybrid_prediction_outputs.csv
Detection rows using this PredictionFile: 250
Prediction rows available: 250
Alignment method: row_order_min_length
Aligned rows: 250
[FAIL] Roll: Missing detection CleanFuture column; Missing detection V9PredictedFuture column
[FAIL] Pitch: Missing detection CleanFuture column; Missing detection V9PredictedFuture column
[FAIL] Yaw: Clean max mismatch=3.070e-02, V9 max mismatch=0.000e+00, components=OK

------------------------------------------------------------
Detection CSV: baseline_01_hover_Yaw_bias_W20_N5_mean1.25x_detection.csv
Unique PredictionFile values: 1
PredictionFile: baseline_01_hover_ATT_trained_hybrid_prediction_outputs.csv
Detection rows using this PredictionFile: 250
Prediction rows available: 250
Alignment method: row_order_min_length
Aligned rows: 250
[FAIL] Roll: Missing detection CleanFuture column; Missing detection V9PredictedFuture column
[FAIL] Pitch: Missing detection CleanFuture column; Missing detection V9PredictedFuture column
[FAIL] Yaw: Clean max mismatch=3.070e-02, V9 max mismatch=0.000e+00, components=OK

------------------------------------------------------------
Detection CSV: baseline_01_hover_Yaw_bias_W20_N5_mean1.5x_detection.csv
Unique PredictionFile values: 1
PredictionFile: baseline_01_hover_ATT_trained_hybrid_prediction_outputs.csv
Detection rows using this PredictionFile: 250
Prediction rows available: 250
Alignment method: row_order_min_length
Aligned rows: 250
[FAIL] Roll: Missing detection CleanFuture column; Missing detection V9PredictedFuture column
[FAIL] Pitch: Missing detection CleanFuture column; Missing detection V9PredictedFuture column
[FAIL] Yaw: Clean max mismatch=3.070e-02, V9 max mismatch=0.000e+00, components=OK

------------------------------------------------------------
Detection CSV: baseline_01_hover_Yaw_bias_W20_N5_mean1x_detection.csv
Unique PredictionFile values: 1
PredictionFile: baseline_01_hover_ATT_trained_hybrid_prediction_outputs.csv
Detection rows using this PredictionFile: 250
Prediction rows available: 250
Alignment method: row_order_min_length
Aligned rows: 250
[FAIL] Roll: Missing detection CleanFuture column; Missing detection V9PredictedFuture column
[FAIL] Pitch: Missing detection CleanFuture column; Missing detection V9PredictedFuture column
[FAIL] Yaw: Clean max mismatch=3.070e-02, V9 max mismatch=0.000e+00, components=OK

------------------------------------------------------------
Detection CSV: baseline_01_hover_Yaw_bias_W30_N8_mean1.25x_detection.csv
Unique PredictionFile values: 1
PredictionFile: baseline_01_hover_ATT_trained_hybrid_prediction_outputs.csv
Detection rows using this PredictionFile: 250
Prediction rows available: 250
Alignment method: row_order_min_length
Aligned rows: 250
[FAIL] Roll: Missing detection CleanFuture column; Missing detection V9PredictedFuture column
[FAIL] Pitch: Missing detection CleanFuture column; Missing detection V9PredictedFuture column
[FAIL] Yaw: Clean max mismatch=3.070e-02, V9 max mismatch=0.000e+00, components=OK

------------------------------------------------------------
Detection CSV: baseline_01_hover_Yaw_bias_W30_N8_mean1.5x_detection.csv
Unique PredictionFile values: 1
PredictionFile: baseline_01_hover_ATT_trained_hybrid_prediction_outputs.csv
Detection rows using this PredictionFile: 250
Prediction rows available: 250
Alignment method: row_order_min_length
Aligned rows: 250
[FAIL] Roll: Missing detection CleanFuture column; Missing detection V9PredictedFuture column
[FAIL] Pitch: Missing detection CleanFuture column; Missing detection V9PredictedFuture column
[FAIL] Yaw: Clean max mismatch=3.070e-02, V9 max mismatch=0.000e+00, components=OK

------------------------------------------------------------
Detection CSV: baseline_01_hover_Yaw_bias_W30_N8_mean1x_detection.csv
Unique PredictionFile values: 1
PredictionFile: baseline_01_hover_ATT_trained_hybrid_prediction_outputs.csv
Detection rows using this PredictionFile: 250
Prediction rows available: 250
Alignment method: row_order_min_length
Aligned rows: 250
[FAIL] Roll: Missing detection CleanFuture column; Missing detection V9PredictedFuture column
[FAIL] Pitch: Missing detection CleanFuture column; Missing detection V9PredictedFuture column
[FAIL] Yaw: Clean max mismatch=3.070e-02, V9 max mismatch=0.000e+00, components=OK

------------------------------------------------------------
Detection CSV: baseline_01_hover_Yaw_pulse_W10_N3_mean1.25x_detection.csv
Unique PredictionFile values: 1
PredictionFile: baseline_01_hover_ATT_trained_hybrid_prediction_outputs.csv
Detection rows using this PredictionFile: 250
Prediction rows available: 250
Alignment method: row_order_min_length
Aligned rows: 250
[FAIL] Roll: Missing detection CleanFuture column; Missing detection V9PredictedFuture column
[FAIL] Pitch: Missing detection CleanFuture column; Missing detection V9PredictedFuture column
[FAIL] Yaw: Clean max mismatch=3.070e-02, V9 max mismatch=0.000e+00, components=OK

------------------------------------------------------------
Detection CSV: baseline_01_hover_Yaw_pulse_W10_N3_mean1.5x_detection.csv
Unique PredictionFile values: 1
PredictionFile: baseline_01_hover_ATT_trained_hybrid_prediction_outputs.csv
Detection rows using this PredictionFile: 250
Prediction rows available: 250
Alignment method: row_order_min_length
Aligned rows: 250
[FAIL] Roll: Missing detection CleanFuture column; Missing detection V9PredictedFuture column
[FAIL] Pitch: Missing detection CleanFuture column; Missing detection V9PredictedFuture column
[FAIL] Yaw: Clean max mismatch=3.070e-02, V9 max mismatch=0.000e+00, components=OK

------------------------------------------------------------
Detection CSV: baseline_01_hover_Yaw_pulse_W10_N3_mean1x_detection.csv
Unique PredictionFile values: 1
PredictionFile: baseline_01_hover_ATT_trained_hybrid_prediction_outputs.csv
Detection rows using this PredictionFile: 250
Prediction rows available: 250
Alignment method: row_order_min_length
Aligned rows: 250
[FAIL] Roll: Missing detection CleanFuture column; Missing detection V9PredictedFuture column
[FAIL] Pitch: Missing detection CleanFuture column; Missing detection V9PredictedFuture column
[FAIL] Yaw: Clean max mismatch=3.070e-02, V9 max mismatch=0.000e+00, components=OK

------------------------------------------------------------
Detection CSV: baseline_01_hover_Yaw_pulse_W20_N5_mean1.25x_detection.csv
Unique PredictionFile values: 1
PredictionFile: baseline_01_hover_ATT_trained_hybrid_prediction_outputs.csv
Detection rows using this PredictionFile: 250
Prediction rows available: 250
Alignment method: row_order_min_length
Aligned rows: 250
[FAIL] Roll: Missing detection CleanFuture column; Missing detection V9PredictedFuture column
[FAIL] Pitch: Missing detection CleanFuture column; Missing detection V9PredictedFuture column
[FAIL] Yaw: Clean max mismatch=3.070e-02, V9 max mismatch=0.000e+00, components=OK

------------------------------------------------------------
Detection CSV: baseline_01_hover_Yaw_pulse_W20_N5_mean1.5x_detection.csv
Unique PredictionFile values: 1
PredictionFile: baseline_01_hover_ATT_trained_hybrid_prediction_outputs.csv
Detection rows using this PredictionFile: 250
Prediction rows available: 250
Alignment method: row_order_min_length
Aligned rows: 250
[FAIL] Roll: Missing detection CleanFuture column; Missing detection V9PredictedFuture column
[FAIL] Pitch: Missing detection CleanFuture column; Missing detection V9PredictedFuture column
[FAIL] Yaw: Clean max mismatch=3.070e-02, V9 max mismatch=0.000e+00, components=OK

------------------------------------------------------------
Detection CSV: baseline_01_hover_Yaw_pulse_W20_N5_mean1x_detection.csv
Unique PredictionFile values: 1
PredictionFile: baseline_01_hover_ATT_trained_hybrid_prediction_outputs.csv
Detection rows using this PredictionFile: 250
Prediction rows available: 250
Alignment method: row_order_min_length
Aligned rows: 250
[FAIL] Roll: Missing detection CleanFuture column; Missing detection V9PredictedFuture column
[FAIL] Pitch: Missing detection CleanFuture column; Missing detection V9PredictedFuture column
[FAIL] Yaw: Clean max mismatch=3.070e-02, V9 max mismatch=0.000e+00, components=OK

------------------------------------------------------------
Detection CSV: baseline_01_hover_Yaw_pulse_W30_N8_mean1.25x_detection.csv
Unique PredictionFile values: 1
PredictionFile: baseline_01_hover_ATT_trained_hybrid_prediction_outputs.csv
Detection rows using this PredictionFile: 250
Prediction rows available: 250
Alignment method: row_order_min_length
Aligned rows: 250
[FAIL] Roll: Missing detection CleanFuture column; Missing detection V9PredictedFuture column
[FAIL] Pitch: Missing detection CleanFuture column; Missing detection V9PredictedFuture column
[FAIL] Yaw: Clean max mismatch=3.070e-02, V9 max mismatch=0.000e+00, components=OK

------------------------------------------------------------
Detection CSV: baseline_01_hover_Yaw_pulse_W30_N8_mean1.5x_detection.csv
Unique PredictionFile values: 1
PredictionFile: baseline_01_hover_ATT_trained_hybrid_prediction_outputs.csv
Detection rows using this PredictionFile: 250
Prediction rows available: 250
Alignment method: row_order_min_length
Aligned rows: 250
[FAIL] Roll: Missing detection CleanFuture column; Missing detection V9PredictedFuture column
[FAIL] Pitch: Missing detection CleanFuture column; Missing detection V9PredictedFuture column
[FAIL] Yaw: Clean max mismatch=3.070e-02, V9 max mismatch=0.000e+00, components=OK

------------------------------------------------------------
Detection CSV: baseline_01_hover_Yaw_pulse_W30_N8_mean1x_detection.csv
Unique PredictionFile values: 1
PredictionFile: baseline_01_hover_ATT_trained_hybrid_prediction_outputs.csv
Detection rows using this PredictionFile: 250
Prediction rows available: 250
Alignment method: row_order_min_length
Aligned rows: 250
[FAIL] Roll: Missing detection CleanFuture column; Missing detection V9PredictedFuture column
[FAIL] Pitch: Missing detection CleanFuture column; Missing detection V9PredictedFuture column
[FAIL] Yaw: Clean max mismatch=3.070e-02, V9 max mismatch=0.000e+00, components=OK

------------------------------------------------------------
Detection CSV: baseline_01_hover_Yaw_ramp_W10_N3_mean1.25x_detection.csv
Unique PredictionFile values: 1
PredictionFile: baseline_01_hover_ATT_trained_hybrid_prediction_outputs.csv
Detection rows using this PredictionFile: 250
Prediction rows available: 250
Alignment method: row_order_min_length
Aligned rows: 250
[FAIL] Roll: Missing detection CleanFuture column; Missing detection V9PredictedFuture column
[FAIL] Pitch: Missing detection CleanFuture column; Missing detection V9PredictedFuture column
[FAIL] Yaw: Clean max mismatch=3.070e-02, V9 max mismatch=0.000e+00, components=OK

------------------------------------------------------------
Detection CSV: baseline_01_hover_Yaw_ramp_W10_N3_mean1.5x_detection.csv
Unique PredictionFile values: 1
PredictionFile: baseline_01_hover_ATT_trained_hybrid_prediction_outputs.csv
Detection rows using this PredictionFile: 250
Prediction rows available: 250
Alignment method: row_order_min_length
Aligned rows: 250
[FAIL] Roll: Missing detection CleanFuture column; Missing detection V9PredictedFuture column
[FAIL] Pitch: Missing detection CleanFuture column; Missing detection V9PredictedFuture column
[FAIL] Yaw: Clean max mismatch=3.070e-02, V9 max mismatch=0.000e+00, components=OK

------------------------------------------------------------
Detection CSV: baseline_01_hover_Yaw_ramp_W10_N3_mean1x_detection.csv
Unique PredictionFile values: 1
PredictionFile: baseline_01_hover_ATT_trained_hybrid_prediction_outputs.csv
Detection rows using this PredictionFile: 250
Prediction rows available: 250
Alignment method: row_order_min_length
Aligned rows: 250
[FAIL] Roll: Missing detection CleanFuture column; Missing detection V9PredictedFuture column
[FAIL] Pitch: Missing detection CleanFuture column; Missing detection V9PredictedFuture column
[FAIL] Yaw: Clean max mismatch=3.070e-02, V9 max mismatch=0.000e+00, components=OK

------------------------------------------------------------
Detection CSV: baseline_01_hover_Yaw_ramp_W20_N5_mean1.25x_detection.csv
Unique PredictionFile values: 1
PredictionFile: baseline_01_hover_ATT_trained_hybrid_prediction_outputs.csv
Detection rows using this PredictionFile: 250
Prediction rows available: 250
Alignment method: row_order_min_length
Aligned rows: 250
[FAIL] Roll: Missing detection CleanFuture column; Missing detection V9PredictedFuture column
[FAIL] Pitch: Missing detection CleanFuture column; Missing detection V9PredictedFuture column
[FAIL] Yaw: Clean max mismatch=3.070e-02, V9 max mismatch=0.000e+00, components=OK

------------------------------------------------------------
Detection CSV: baseline_01_hover_Yaw_ramp_W20_N5_mean1.5x_detection.csv
Unique PredictionFile values: 1
PredictionFile: baseline_01_hover_ATT_trained_hybrid_prediction_outputs.csv
Detection rows using this PredictionFile: 250
Prediction rows available: 250
Alignment method: row_order_min_length
Aligned rows: 250
[FAIL] Roll: Missing detection CleanFuture column; Missing detection V9PredictedFuture column
[FAIL] Pitch: Missing detection CleanFuture column; Missing detection V9PredictedFuture column
[FAIL] Yaw: Clean max mismatch=3.070e-02, V9 max mismatch=0.000e+00, components=OK

------------------------------------------------------------
Detection CSV: baseline_01_hover_Yaw_ramp_W20_N5_mean1x_detection.csv
Unique PredictionFile values: 1
PredictionFile: baseline_01_hover_ATT_trained_hybrid_prediction_outputs.csv
Detection rows using this PredictionFile: 250
Prediction rows available: 250
Alignment method: row_order_min_length
Aligned rows: 250
[FAIL] Roll: Missing detection CleanFuture column; Missing detection V9PredictedFuture column
[FAIL] Pitch: Missing detection CleanFuture column; Missing detection V9PredictedFuture column
[FAIL] Yaw: Clean max mismatch=3.070e-02, V9 max mismatch=0.000e+00, components=OK

------------------------------------------------------------
Detection CSV: baseline_01_hover_Yaw_ramp_W30_N8_mean1.25x_detection.csv
Unique PredictionFile values: 1
PredictionFile: baseline_01_hover_ATT_trained_hybrid_prediction_outputs.csv
Detection rows using this PredictionFile: 250
Prediction rows available: 250
Alignment method: row_order_min_length
Aligned rows: 250
[FAIL] Roll: Missing detection CleanFuture column; Missing detection V9PredictedFuture column
[FAIL] Pitch: Missing detection CleanFuture column; Missing detection V9PredictedFuture column
[FAIL] Yaw: Clean max mismatch=3.070e-02, V9 max mismatch=0.000e+00, components=OK

------------------------------------------------------------
Detection CSV: baseline_01_hover_Yaw_ramp_W30_N8_mean1.5x_detection.csv
Unique PredictionFile values: 1
PredictionFile: baseline_01_hover_ATT_trained_hybrid_prediction_outputs.csv
Detection rows using this PredictionFile: 250
Prediction rows available: 250
Alignment method: row_order_min_length
Aligned rows: 250
[FAIL] Roll: Missing detection CleanFuture column; Missing detection V9PredictedFuture column
[FAIL] Pitch: Missing detection CleanFuture column; Missing detection V9PredictedFuture column
[FAIL] Yaw: Clean max mismatch=3.070e-02, V9 max mismatch=0.000e+00, components=OK

------------------------------------------------------------
Detection CSV: baseline_01_hover_Yaw_ramp_W30_N8_mean1x_detection.csv
Unique PredictionFile values: 1
PredictionFile: baseline_01_hover_ATT_trained_hybrid_prediction_outputs.csv
Detection rows using this PredictionFile: 250
Prediction rows available: 250
Alignment method: row_order_min_length
Aligned rows: 250
[FAIL] Roll: Missing detection CleanFuture column; Missing detection V9PredictedFuture column
[FAIL] Pitch: Missing detection CleanFuture column; Missing detection V9PredictedFuture column
[FAIL] Yaw: Clean max mismatch=3.070e-02, V9 max mismatch=0.000e+00, components=OK

------------------------------------------------------------
Detection CSV: baseline_02_high_altitude_hover_Pitch_bias_W10_N3_mean1.25x_detection.csv
Unique PredictionFile values: 1
PredictionFile: baseline_02_high_altitude_hover_ATT_trained_hybrid_prediction_outputs.csv
Detection rows using this PredictionFile: 282
Prediction rows available: 282
Alignment method: row_order_min_length
Aligned rows: 282
[FAIL] Roll: Missing detection CleanFuture column; Missing detection V9PredictedFuture column
[FAIL] Pitch: Clean max mismatch=8.416e-03, V9 max mismatch=0.000e+00, components=OK
[FAIL] Yaw: Missing detection CleanFuture column; Missing detection V9PredictedFuture column

------------------------------------------------------------
Detection CSV: baseline_02_high_altitude_hover_Pitch_bias_W10_N3_mean1.5x_detection.csv
Unique PredictionFile values: 1
PredictionFile: baseline_02_high_altitude_hover_ATT_trained_hybrid_prediction_outputs.csv
Detection rows using this PredictionFile: 282
Prediction rows available: 282
Alignment method: row_order_min_length
Aligned rows: 282
[FAIL] Roll: Missing detection CleanFuture column; Missing detection V9PredictedFuture column
[FAIL] Pitch: Clean max mismatch=8.416e-03, V9 max mismatch=0.000e+00, components=OK
[FAIL] Yaw: Missing detection CleanFuture column; Missing detection V9PredictedFuture column

------------------------------------------------------------
Detection CSV: baseline_02_high_altitude_hover_Pitch_bias_W10_N3_mean1x_detection.csv
Unique PredictionFile values: 1
PredictionFile: baseline_02_high_altitude_hover_ATT_trained_hybrid_prediction_outputs.csv
Detection rows using this PredictionFile: 282
Prediction rows available: 282
Alignment method: row_order_min_length
Aligned rows: 282
[FAIL] Roll: Missing detection CleanFuture column; Missing detection V9PredictedFuture column
[FAIL] Pitch: Clean max mismatch=8.416e-03, V9 max mismatch=0.000e+00, components=OK
[FAIL] Yaw: Missing detection CleanFuture column; Missing detection V9PredictedFuture column

------------------------------------------------------------
Detection CSV: baseline_02_high_altitude_hover_Pitch_bias_W20_N5_mean1.25x_detection.csv
Unique PredictionFile values: 1
PredictionFile: baseline_02_high_altitude_hover_ATT_trained_hybrid_prediction_outputs.csv
Detection rows using this PredictionFile: 282
Prediction rows available: 282
Alignment method: row_order_min_length
Aligned rows: 282
[FAIL] Roll: Missing detection CleanFuture column; Missing detection V9PredictedFuture column
[FAIL] Pitch: Clean max mismatch=8.416e-03, V9 max mismatch=0.000e+00, components=OK
[FAIL] Yaw: Missing detection CleanFuture column; Missing detection V9PredictedFuture column

------------------------------------------------------------
Detection CSV: baseline_02_high_altitude_hover_Pitch_bias_W20_N5_mean1.5x_detection.csv
Unique PredictionFile values: 1
PredictionFile: baseline_02_high_altitude_hover_ATT_trained_hybrid_prediction_outputs.csv
Detection rows using this PredictionFile: 282
Prediction rows available: 282
Alignment method: row_order_min_length
Aligned rows: 282
[FAIL] Roll: Missing detection CleanFuture column; Missing detection V9PredictedFuture column
[FAIL] Pitch: Clean max mismatch=8.416e-03, V9 max mismatch=0.000e+00, components=OK
[FAIL] Yaw: Missing detection CleanFuture column; Missing detection V9PredictedFuture column

------------------------------------------------------------
Detection CSV: baseline_02_high_altitude_hover_Pitch_bias_W20_N5_mean1x_detection.csv
Unique PredictionFile values: 1
PredictionFile: baseline_02_high_altitude_hover_ATT_trained_hybrid_prediction_outputs.csv
Detection rows using this PredictionFile: 282
Prediction rows available: 282
Alignment method: row_order_min_length
Aligned rows: 282
[FAIL] Roll: Missing detection CleanFuture column; Missing detection V9PredictedFuture column
[FAIL] Pitch: Clean max mismatch=8.416e-03, V9 max mismatch=0.000e+00, components=OK
[FAIL] Yaw: Missing detection CleanFuture column; Missing detection V9PredictedFuture column

------------------------------------------------------------
Detection CSV: baseline_02_high_altitude_hover_Pitch_bias_W30_N8_mean1.25x_detection.csv
Unique PredictionFile values: 1
PredictionFile: baseline_02_high_altitude_hover_ATT_trained_hybrid_prediction_outputs.csv
Detection rows using this PredictionFile: 282
Prediction rows available: 282
Alignment method: row_order_min_length
Aligned rows: 282
[FAIL] Roll: Missing detection CleanFuture column; Missing detection V9PredictedFuture column
[FAIL] Pitch: Clean max mismatch=8.416e-03, V9 max mismatch=0.000e+00, components=OK
[FAIL] Yaw: Missing detection CleanFuture column; Missing detection V9PredictedFuture column

------------------------------------------------------------
Detection CSV: baseline_02_high_altitude_hover_Pitch_bias_W30_N8_mean1.5x_detection.csv
Unique PredictionFile values: 1
PredictionFile: baseline_02_high_altitude_hover_ATT_trained_hybrid_prediction_outputs.csv
Detection rows using this PredictionFile: 282
Prediction rows available: 282
Alignment method: row_order_min_length
Aligned rows: 282
[FAIL] Roll: Missing detection CleanFuture column; Missing detection V9PredictedFuture column
[FAIL] Pitch: Clean max mismatch=8.416e-03, V9 max mismatch=0.000e+00, components=OK
[FAIL] Yaw: Missing detection CleanFuture column; Missing detection V9PredictedFuture column

------------------------------------------------------------
Detection CSV: baseline_02_high_altitude_hover_Pitch_bias_W30_N8_mean1x_detection.csv
Unique PredictionFile values: 1
PredictionFile: baseline_02_high_altitude_hover_ATT_trained_hybrid_prediction_outputs.csv
Detection rows using this PredictionFile: 282
Prediction rows available: 282
Alignment method: row_order_min_length
Aligned rows: 282
[FAIL] Roll: Missing detection CleanFuture column; Missing detection V9PredictedFuture column
[FAIL] Pitch: Clean max mismatch=8.416e-03, V9 max mismatch=0.000e+00, components=OK
[FAIL] Yaw: Missing detection CleanFuture column; Missing detection V9PredictedFuture column

------------------------------------------------------------
Detection CSV: baseline_02_high_altitude_hover_Pitch_pulse_W10_N3_mean1.25x_detection.csv
Unique PredictionFile values: 1
PredictionFile: baseline_02_high_altitude_hover_ATT_trained_hybrid_prediction_outputs.csv
Detection rows using this PredictionFile: 282
Prediction rows available: 282
Alignment method: row_order_min_length
Aligned rows: 282
[FAIL] Roll: Missing detection CleanFuture column; Missing detection V9PredictedFuture column
[FAIL] Pitch: Clean max mismatch=8.416e-03, V9 max mismatch=0.000e+00, components=OK
[FAIL] Yaw: Missing detection CleanFuture column; Missing detection V9PredictedFuture column

------------------------------------------------------------
Detection CSV: baseline_02_high_altitude_hover_Pitch_pulse_W10_N3_mean1.5x_detection.csv
Unique PredictionFile values: 1
PredictionFile: baseline_02_high_altitude_hover_ATT_trained_hybrid_prediction_outputs.csv
Detection rows using this PredictionFile: 282
Prediction rows available: 282
Alignment method: row_order_min_length
Aligned rows: 282
[FAIL] Roll: Missing detection CleanFuture column; Missing detection V9PredictedFuture column
[FAIL] Pitch: Clean max mismatch=8.416e-03, V9 max mismatch=0.000e+00, components=OK
[FAIL] Yaw: Missing detection CleanFuture column; Missing detection V9PredictedFuture column

------------------------------------------------------------
Detection CSV: baseline_02_high_altitude_hover_Pitch_pulse_W10_N3_mean1x_detection.csv
Unique PredictionFile values: 1
PredictionFile: baseline_02_high_altitude_hover_ATT_trained_hybrid_prediction_outputs.csv
Detection rows using this PredictionFile: 282
Prediction rows available: 282
Alignment method: row_order_min_length
Aligned rows: 282
[FAIL] Roll: Missing detection CleanFuture column; Missing detection V9PredictedFuture column
[FAIL] Pitch: Clean max mismatch=8.416e-03, V9 max mismatch=0.000e+00, components=OK
[FAIL] Yaw: Missing detection CleanFuture column; Missing detection V9PredictedFuture column

------------------------------------------------------------
Detection CSV: baseline_02_high_altitude_hover_Pitch_pulse_W20_N5_mean1.25x_detection.csv
Unique PredictionFile values: 1
PredictionFile: baseline_02_high_altitude_hover_ATT_trained_hybrid_prediction_outputs.csv
Detection rows using this PredictionFile: 282
Prediction rows available: 282
Alignment method: row_order_min_length
Aligned rows: 282
[FAIL] Roll: Missing detection CleanFuture column; Missing detection V9PredictedFuture column
[FAIL] Pitch: Clean max mismatch=8.416e-03, V9 max mismatch=0.000e+00, components=OK
[FAIL] Yaw: Missing detection CleanFuture column; Missing detection V9PredictedFuture column

------------------------------------------------------------
Detection CSV: baseline_02_high_altitude_hover_Pitch_pulse_W20_N5_mean1.5x_detection.csv
Unique PredictionFile values: 1
PredictionFile: baseline_02_high_altitude_hover_ATT_trained_hybrid_prediction_outputs.csv
Detection rows using this PredictionFile: 282
Prediction rows available: 282
Alignment method: row_order_min_length
Aligned rows: 282
[FAIL] Roll: Missing detection CleanFuture column; Missing detection V9PredictedFuture column
[FAIL] Pitch: Clean max mismatch=8.416e-03, V9 max mismatch=0.000e+00, components=OK
[FAIL] Yaw: Missing detection CleanFuture column; Missing detection V9PredictedFuture column

------------------------------------------------------------
Detection CSV: baseline_02_high_altitude_hover_Pitch_pulse_W20_N5_mean1x_detection.csv
Unique PredictionFile values: 1
PredictionFile: baseline_02_high_altitude_hover_ATT_trained_hybrid_prediction_outputs.csv
Detection rows using this PredictionFile: 282
Prediction rows available: 282
Alignment method: row_order_min_length
Aligned rows: 282
[FAIL] Roll: Missing detection CleanFuture column; Missing detection V9PredictedFuture column
[FAIL] Pitch: Clean max mismatch=8.416e-03, V9 max mismatch=0.000e+00, components=OK
[FAIL] Yaw: Missing detection CleanFuture column; Missing detection V9PredictedFuture column

------------------------------------------------------------
Detection CSV: baseline_02_high_altitude_hover_Pitch_pulse_W30_N8_mean1.25x_detection.csv
Unique PredictionFile values: 1
PredictionFile: baseline_02_high_altitude_hover_ATT_trained_hybrid_prediction_outputs.csv
Detection rows using this PredictionFile: 282
Prediction rows available: 282
Alignment method: row_order_min_length
Aligned rows: 282
[FAIL] Roll: Missing detection CleanFuture column; Missing detection V9PredictedFuture column
[FAIL] Pitch: Clean max mismatch=8.416e-03, V9 max mismatch=0.000e+00, components=OK
[FAIL] Yaw: Missing detection CleanFuture column; Missing detection V9PredictedFuture column

------------------------------------------------------------
Detection CSV: baseline_02_high_altitude_hover_Pitch_pulse_W30_N8_mean1.5x_detection.csv
Unique PredictionFile values: 1
PredictionFile: baseline_02_high_altitude_hover_ATT_trained_hybrid_prediction_outputs.csv
Detection rows using this PredictionFile: 282
Prediction rows available: 282
Alignment method: row_order_min_length
Aligned rows: 282
[FAIL] Roll: Missing detection CleanFuture column; Missing detection V9PredictedFuture column
[FAIL] Pitch: Clean max mismatch=8.416e-03, V9 max mismatch=0.000e+00, components=OK
[FAIL] Yaw: Missing detection CleanFuture column; Missing detection V9PredictedFuture column

------------------------------------------------------------
Detection CSV: baseline_02_high_altitude_hover_Pitch_pulse_W30_N8_mean1x_detection.csv
Unique PredictionFile values: 1
PredictionFile: baseline_02_high_altitude_hover_ATT_trained_hybrid_prediction_outputs.csv
Detection rows using this PredictionFile: 282
Prediction rows available: 282
Alignment method: row_order_min_length
Aligned rows: 282
[FAIL] Roll: Missing detection CleanFuture column; Missing detection V9PredictedFuture column
[FAIL] Pitch: Clean max mismatch=8.416e-03, V9 max mismatch=0.000e+00, components=OK
[FAIL] Yaw: Missing detection CleanFuture column; Missing detection V9PredictedFuture column

------------------------------------------------------------
Detection CSV: baseline_02_high_altitude_hover_Pitch_ramp_W10_N3_mean1.25x_detection.csv
Unique PredictionFile values: 1
PredictionFile: baseline_02_high_altitude_hover_ATT_trained_hybrid_prediction_outputs.csv
Detection rows using this PredictionFile: 282
Prediction rows available: 282
Alignment method: row_order_min_length
Aligned rows: 282
[FAIL] Roll: Missing detection CleanFuture column; Missing detection V9PredictedFuture column
[FAIL] Pitch: Clean max mismatch=8.416e-03, V9 max mismatch=0.000e+00, components=OK
[FAIL] Yaw: Missing detection CleanFuture column; Missing detection V9PredictedFuture column

------------------------------------------------------------
Detection CSV: baseline_02_high_altitude_hover_Pitch_ramp_W10_N3_mean1.5x_detection.csv
Unique PredictionFile values: 1
PredictionFile: baseline_02_high_altitude_hover_ATT_trained_hybrid_prediction_outputs.csv
Detection rows using this PredictionFile: 282
Prediction rows available: 282
Alignment method: row_order_min_length
Aligned rows: 282
[FAIL] Roll: Missing detection CleanFuture column; Missing detection V9PredictedFuture column
[FAIL] Pitch: Clean max mismatch=8.416e-03, V9 max mismatch=0.000e+00, components=OK
[FAIL] Yaw: Missing detection CleanFuture column; Missing detection V9PredictedFuture column

------------------------------------------------------------
Detection CSV: baseline_02_high_altitude_hover_Pitch_ramp_W10_N3_mean1x_detection.csv
Unique PredictionFile values: 1
PredictionFile: baseline_02_high_altitude_hover_ATT_trained_hybrid_prediction_outputs.csv
Detection rows using this PredictionFile: 282
Prediction rows available: 282
Alignment method: row_order_min_length
Aligned rows: 282
[FAIL] Roll: Missing detection CleanFuture column; Missing detection V9PredictedFuture column
[FAIL] Pitch: Clean max mismatch=8.416e-03, V9 max mismatch=0.000e+00, components=OK
[FAIL] Yaw: Missing detection CleanFuture column; Missing detection V9PredictedFuture column

------------------------------------------------------------
Detection CSV: baseline_02_high_altitude_hover_Pitch_ramp_W20_N5_mean1.25x_detection.csv
Unique PredictionFile values: 1
PredictionFile: baseline_02_high_altitude_hover_ATT_trained_hybrid_prediction_outputs.csv
Detection rows using this PredictionFile: 282
Prediction rows available: 282
Alignment method: row_order_min_length
Aligned rows: 282
[FAIL] Roll: Missing detection CleanFuture column; Missing detection V9PredictedFuture column
[FAIL] Pitch: Clean max mismatch=8.416e-03, V9 max mismatch=0.000e+00, components=OK
[FAIL] Yaw: Missing detection CleanFuture column; Missing detection V9PredictedFuture column

------------------------------------------------------------
Detection CSV: baseline_02_high_altitude_hover_Pitch_ramp_W20_N5_mean1.5x_detection.csv
Unique PredictionFile values: 1
PredictionFile: baseline_02_high_altitude_hover_ATT_trained_hybrid_prediction_outputs.csv
Detection rows using this PredictionFile: 282
Prediction rows available: 282
Alignment method: row_order_min_length
Aligned rows: 282
[FAIL] Roll: Missing detection CleanFuture column; Missing detection V9PredictedFuture column
[FAIL] Pitch: Clean max mismatch=8.416e-03, V9 max mismatch=0.000e+00, components=OK
[FAIL] Yaw: Missing detection CleanFuture column; Missing detection V9PredictedFuture column

------------------------------------------------------------
Detection CSV: baseline_02_high_altitude_hover_Pitch_ramp_W20_N5_mean1x_detection.csv
Unique PredictionFile values: 1
PredictionFile: baseline_02_high_altitude_hover_ATT_trained_hybrid_prediction_outputs.csv
Detection rows using this PredictionFile: 282
Prediction rows available: 282
Alignment method: row_order_min_length
Aligned rows: 282
[FAIL] Roll: Missing detection CleanFuture column; Missing detection V9PredictedFuture column
[FAIL] Pitch: Clean max mismatch=8.416e-03, V9 max mismatch=0.000e+00, components=OK
[FAIL] Yaw: Missing detection CleanFuture column; Missing detection V9PredictedFuture column

------------------------------------------------------------
Detection CSV: baseline_02_high_altitude_hover_Pitch_ramp_W30_N8_mean1.25x_detection.csv
Unique PredictionFile values: 1
PredictionFile: baseline_02_high_altitude_hover_ATT_trained_hybrid_prediction_outputs.csv
Detection rows using this PredictionFile: 282
Prediction rows available: 282
Alignment method: row_order_min_length
Aligned rows: 282
[FAIL] Roll: Missing detection CleanFuture column; Missing detection V9PredictedFuture column
[FAIL] Pitch: Clean max mismatch=8.416e-03, V9 max mismatch=0.000e+00, components=OK
[FAIL] Yaw: Missing detection CleanFuture column; Missing detection V9PredictedFuture column

------------------------------------------------------------
Detection CSV: baseline_02_high_altitude_hover_Pitch_ramp_W30_N8_mean1.5x_detection.csv
Unique PredictionFile values: 1
PredictionFile: baseline_02_high_altitude_hover_ATT_trained_hybrid_prediction_outputs.csv
Detection rows using this PredictionFile: 282
Prediction rows available: 282
Alignment method: row_order_min_length
Aligned rows: 282
[FAIL] Roll: Missing detection CleanFuture column; Missing detection V9PredictedFuture column
[FAIL] Pitch: Clean max mismatch=8.416e-03, V9 max mismatch=0.000e+00, components=OK
[FAIL] Yaw: Missing detection CleanFuture column; Missing detection V9PredictedFuture column

------------------------------------------------------------
Detection CSV: baseline_02_high_altitude_hover_Pitch_ramp_W30_N8_mean1x_detection.csv
Unique PredictionFile values: 1
PredictionFile: baseline_02_high_altitude_hover_ATT_trained_hybrid_prediction_outputs.csv
Detection rows using this PredictionFile: 282
Prediction rows available: 282
Alignment method: row_order_min_length
Aligned rows: 282
[FAIL] Roll: Missing detection CleanFuture column; Missing detection V9PredictedFuture column
[FAIL] Pitch: Clean max mismatch=8.416e-03, V9 max mismatch=0.000e+00, components=OK
[FAIL] Yaw: Missing detection CleanFuture column; Missing detection V9PredictedFuture column

------------------------------------------------------------
Detection CSV: baseline_02_high_altitude_hover_Roll_bias_W10_N3_mean1.25x_detection.csv
Unique PredictionFile values: 1
PredictionFile: baseline_02_high_altitude_hover_ATT_trained_hybrid_prediction_outputs.csv
Detection rows using this PredictionFile: 282
Prediction rows available: 282
Alignment method: row_order_min_length
Aligned rows: 282
[FAIL] Roll: Clean max mismatch=5.807e-03, V9 max mismatch=0.000e+00, components=OK
[FAIL] Pitch: Missing detection CleanFuture column; Missing detection V9PredictedFuture column
[FAIL] Yaw: Missing detection CleanFuture column; Missing detection V9PredictedFuture column

------------------------------------------------------------
Detection CSV: baseline_02_high_altitude_hover_Roll_bias_W10_N3_mean1.5x_detection.csv
Unique PredictionFile values: 1
PredictionFile: baseline_02_high_altitude_hover_ATT_trained_hybrid_prediction_outputs.csv
Detection rows using this PredictionFile: 282
Prediction rows available: 282
Alignment method: row_order_min_length
Aligned rows: 282
[FAIL] Roll: Clean max mismatch=5.807e-03, V9 max mismatch=0.000e+00, components=OK
[FAIL] Pitch: Missing detection CleanFuture column; Missing detection V9PredictedFuture column
[FAIL] Yaw: Missing detection CleanFuture column; Missing detection V9PredictedFuture column

------------------------------------------------------------
Detection CSV: baseline_02_high_altitude_hover_Roll_bias_W10_N3_mean1x_detection.csv
Unique PredictionFile values: 1
PredictionFile: baseline_02_high_altitude_hover_ATT_trained_hybrid_prediction_outputs.csv
Detection rows using this PredictionFile: 282
Prediction rows available: 282
Alignment method: row_order_min_length
Aligned rows: 282
[FAIL] Roll: Clean max mismatch=5.807e-03, V9 max mismatch=0.000e+00, components=OK
[FAIL] Pitch: Missing detection CleanFuture column; Missing detection V9PredictedFuture column
[FAIL] Yaw: Missing detection CleanFuture column; Missing detection V9PredictedFuture column

------------------------------------------------------------
Detection CSV: baseline_02_high_altitude_hover_Roll_bias_W20_N5_mean1.25x_detection.csv
Unique PredictionFile values: 1
PredictionFile: baseline_02_high_altitude_hover_ATT_trained_hybrid_prediction_outputs.csv
Detection rows using this PredictionFile: 282
Prediction rows available: 282
Alignment method: row_order_min_length
Aligned rows: 282
[FAIL] Roll: Clean max mismatch=5.807e-03, V9 max mismatch=0.000e+00, components=OK
[FAIL] Pitch: Missing detection CleanFuture column; Missing detection V9PredictedFuture column
[FAIL] Yaw: Missing detection CleanFuture column; Missing detection V9PredictedFuture column

------------------------------------------------------------
Detection CSV: baseline_02_high_altitude_hover_Roll_bias_W20_N5_mean1.5x_detection.csv
Unique PredictionFile values: 1
PredictionFile: baseline_02_high_altitude_hover_ATT_trained_hybrid_prediction_outputs.csv
Detection rows using this PredictionFile: 282
Prediction rows available: 282
Alignment method: row_order_min_length
Aligned rows: 282
[FAIL] Roll: Clean max mismatch=5.807e-03, V9 max mismatch=0.000e+00, components=OK
[FAIL] Pitch: Missing detection CleanFuture column; Missing detection V9PredictedFuture column
[FAIL] Yaw: Missing detection CleanFuture column; Missing detection V9PredictedFuture column

------------------------------------------------------------
Detection CSV: baseline_02_high_altitude_hover_Roll_bias_W20_N5_mean1x_detection.csv
Unique PredictionFile values: 1
PredictionFile: baseline_02_high_altitude_hover_ATT_trained_hybrid_prediction_outputs.csv
Detection rows using this PredictionFile: 282
Prediction rows available: 282
Alignment method: row_order_min_length
Aligned rows: 282
[FAIL] Roll: Clean max mismatch=5.807e-03, V9 max mismatch=0.000e+00, components=OK
[FAIL] Pitch: Missing detection CleanFuture column; Missing detection V9PredictedFuture column
[FAIL] Yaw: Missing detection CleanFuture column; Missing detection V9PredictedFuture column

------------------------------------------------------------
Detection CSV: baseline_02_high_altitude_hover_Roll_bias_W30_N8_mean1.25x_detection.csv
Unique PredictionFile values: 1
PredictionFile: baseline_02_high_altitude_hover_ATT_trained_hybrid_prediction_outputs.csv
Detection rows using this PredictionFile: 282
Prediction rows available: 282
Alignment method: row_order_min_length
Aligned rows: 282
[FAIL] Roll: Clean max mismatch=5.807e-03, V9 max mismatch=0.000e+00, components=OK
[FAIL] Pitch: Missing detection CleanFuture column; Missing detection V9PredictedFuture column
[FAIL] Yaw: Missing detection CleanFuture column; Missing detection V9PredictedFuture column

------------------------------------------------------------
Detection CSV: baseline_02_high_altitude_hover_Roll_bias_W30_N8_mean1.5x_detection.csv
Unique PredictionFile values: 1
PredictionFile: baseline_02_high_altitude_hover_ATT_trained_hybrid_prediction_outputs.csv
Detection rows using this PredictionFile: 282
Prediction rows available: 282
Alignment method: row_order_min_length
Aligned rows: 282
[FAIL] Roll: Clean max mismatch=5.807e-03, V9 max mismatch=0.000e+00, components=OK
[FAIL] Pitch: Missing detection CleanFuture column; Missing detection V9PredictedFuture column
[FAIL] Yaw: Missing detection CleanFuture column; Missing detection V9PredictedFuture column

------------------------------------------------------------
Detection CSV: baseline_02_high_altitude_hover_Roll_bias_W30_N8_mean1x_detection.csv
Unique PredictionFile values: 1
PredictionFile: baseline_02_high_altitude_hover_ATT_trained_hybrid_prediction_outputs.csv
Detection rows using this PredictionFile: 282
Prediction rows available: 282
Alignment method: row_order_min_length
Aligned rows: 282
[FAIL] Roll: Clean max mismatch=5.807e-03, V9 max mismatch=0.000e+00, components=OK
[FAIL] Pitch: Missing detection CleanFuture column; Missing detection V9PredictedFuture column
[FAIL] Yaw: Missing detection CleanFuture column; Missing detection V9PredictedFuture column

------------------------------------------------------------
Detection CSV: baseline_02_high_altitude_hover_Roll_pulse_W10_N3_mean1.25x_detection.csv
Unique PredictionFile values: 1
PredictionFile: baseline_02_high_altitude_hover_ATT_trained_hybrid_prediction_outputs.csv
Detection rows using this PredictionFile: 282
Prediction rows available: 282
Alignment method: row_order_min_length
Aligned rows: 282
[FAIL] Roll: Clean max mismatch=5.807e-03, V9 max mismatch=0.000e+00, components=OK
[FAIL] Pitch: Missing detection CleanFuture column; Missing detection V9PredictedFuture column
[FAIL] Yaw: Missing detection CleanFuture column; Missing detection V9PredictedFuture column

------------------------------------------------------------
Detection CSV: baseline_02_high_altitude_hover_Roll_pulse_W10_N3_mean1.5x_detection.csv
Unique PredictionFile values: 1
PredictionFile: baseline_02_high_altitude_hover_ATT_trained_hybrid_prediction_outputs.csv
Detection rows using this PredictionFile: 282
Prediction rows available: 282
Alignment method: row_order_min_length
Aligned rows: 282
[FAIL] Roll: Clean max mismatch=5.807e-03, V9 max mismatch=0.000e+00, components=OK
[FAIL] Pitch: Missing detection CleanFuture column; Missing detection V9PredictedFuture column
[FAIL] Yaw: Missing detection CleanFuture column; Missing detection V9PredictedFuture column

------------------------------------------------------------
Detection CSV: baseline_02_high_altitude_hover_Roll_pulse_W10_N3_mean1x_detection.csv
Unique PredictionFile values: 1
PredictionFile: baseline_02_high_altitude_hover_ATT_trained_hybrid_prediction_outputs.csv
Detection rows using this PredictionFile: 282
Prediction rows available: 282
Alignment method: row_order_min_length
Aligned rows: 282
[FAIL] Roll: Clean max mismatch=5.807e-03, V9 max mismatch=0.000e+00, components=OK
[FAIL] Pitch: Missing detection CleanFuture column; Missing detection V9PredictedFuture column
[FAIL] Yaw: Missing detection CleanFuture column; Missing detection V9PredictedFuture column

------------------------------------------------------------
Detection CSV: baseline_02_high_altitude_hover_Roll_pulse_W20_N5_mean1.25x_detection.csv
Unique PredictionFile values: 1
PredictionFile: baseline_02_high_altitude_hover_ATT_trained_hybrid_prediction_outputs.csv
Detection rows using this PredictionFile: 282
Prediction rows available: 282
Alignment method: row_order_min_length
Aligned rows: 282
[FAIL] Roll: Clean max mismatch=5.807e-03, V9 max mismatch=0.000e+00, components=OK
[FAIL] Pitch: Missing detection CleanFuture column; Missing detection V9PredictedFuture column
[FAIL] Yaw: Missing detection CleanFuture column; Missing detection V9PredictedFuture column

------------------------------------------------------------
Detection CSV: baseline_02_high_altitude_hover_Roll_pulse_W20_N5_mean1.5x_detection.csv
Unique PredictionFile values: 1
PredictionFile: baseline_02_high_altitude_hover_ATT_trained_hybrid_prediction_outputs.csv
Detection rows using this PredictionFile: 282
Prediction rows available: 282
Alignment method: row_order_min_length
Aligned rows: 282
[FAIL] Roll: Clean max mismatch=5.807e-03, V9 max mismatch=0.000e+00, components=OK
[FAIL] Pitch: Missing detection CleanFuture column; Missing detection V9PredictedFuture column
[FAIL] Yaw: Missing detection CleanFuture column; Missing detection V9PredictedFuture column

------------------------------------------------------------
Detection CSV: baseline_02_high_altitude_hover_Roll_pulse_W20_N5_mean1x_detection.csv
Unique PredictionFile values: 1
PredictionFile: baseline_02_high_altitude_hover_ATT_trained_hybrid_prediction_outputs.csv
Detection rows using this PredictionFile: 282
Prediction rows available: 282
Alignment method: row_order_min_length
Aligned rows: 282
[FAIL] Roll: Clean max mismatch=5.807e-03, V9 max mismatch=0.000e+00, components=OK
[FAIL] Pitch: Missing detection CleanFuture column; Missing detection V9PredictedFuture column
[FAIL] Yaw: Missing detection CleanFuture column; Missing detection V9PredictedFuture column

------------------------------------------------------------
Detection CSV: baseline_02_high_altitude_hover_Roll_pulse_W30_N8_mean1.25x_detection.csv
Unique PredictionFile values: 1
PredictionFile: baseline_02_high_altitude_hover_ATT_trained_hybrid_prediction_outputs.csv
Detection rows using this PredictionFile: 282
Prediction rows available: 282
Alignment method: row_order_min_length
Aligned rows: 282
[FAIL] Roll: Clean max mismatch=5.807e-03, V9 max mismatch=0.000e+00, components=OK
[FAIL] Pitch: Missing detection CleanFuture column; Missing detection V9PredictedFuture column
[FAIL] Yaw: Missing detection CleanFuture column; Missing detection V9PredictedFuture column

------------------------------------------------------------
Detection CSV: baseline_02_high_altitude_hover_Roll_pulse_W30_N8_mean1.5x_detection.csv
Unique PredictionFile values: 1
PredictionFile: baseline_02_high_altitude_hover_ATT_trained_hybrid_prediction_outputs.csv
Detection rows using this PredictionFile: 282
Prediction rows available: 282
Alignment method: row_order_min_length
Aligned rows: 282
[FAIL] Roll: Clean max mismatch=5.807e-03, V9 max mismatch=0.000e+00, components=OK
[FAIL] Pitch: Missing detection CleanFuture column; Missing detection V9PredictedFuture column
[FAIL] Yaw: Missing detection CleanFuture column; Missing detection V9PredictedFuture column

------------------------------------------------------------
Detection CSV: baseline_02_high_altitude_hover_Roll_pulse_W30_N8_mean1x_detection.csv
Unique PredictionFile values: 1
PredictionFile: baseline_02_high_altitude_hover_ATT_trained_hybrid_prediction_outputs.csv
Detection rows using this PredictionFile: 282
Prediction rows available: 282
Alignment method: row_order_min_length
Aligned rows: 282
[FAIL] Roll: Clean max mismatch=5.807e-03, V9 max mismatch=0.000e+00, components=OK
[FAIL] Pitch: Missing detection CleanFuture column; Missing detection V9PredictedFuture column
[FAIL] Yaw: Missing detection CleanFuture column; Missing detection V9PredictedFuture column

------------------------------------------------------------
Detection CSV: baseline_02_high_altitude_hover_Roll_ramp_W10_N3_mean1.25x_detection.csv
Unique PredictionFile values: 1
PredictionFile: baseline_02_high_altitude_hover_ATT_trained_hybrid_prediction_outputs.csv
Detection rows using this PredictionFile: 282
Prediction rows available: 282
Alignment method: row_order_min_length
Aligned rows: 282
[FAIL] Roll: Clean max mismatch=5.807e-03, V9 max mismatch=0.000e+00, components=OK
[FAIL] Pitch: Missing detection CleanFuture column; Missing detection V9PredictedFuture column
[FAIL] Yaw: Missing detection CleanFuture column; Missing detection V9PredictedFuture column

------------------------------------------------------------
Detection CSV: baseline_02_high_altitude_hover_Roll_ramp_W10_N3_mean1.5x_detection.csv
Unique PredictionFile values: 1
PredictionFile: baseline_02_high_altitude_hover_ATT_trained_hybrid_prediction_outputs.csv
Detection rows using this PredictionFile: 282
Prediction rows available: 282
Alignment method: row_order_min_length
Aligned rows: 282
[FAIL] Roll: Clean max mismatch=5.807e-03, V9 max mismatch=0.000e+00, components=OK
[FAIL] Pitch: Missing detection CleanFuture column; Missing detection V9PredictedFuture column
[FAIL] Yaw: Missing detection CleanFuture column; Missing detection V9PredictedFuture column

------------------------------------------------------------
Detection CSV: baseline_02_high_altitude_hover_Roll_ramp_W10_N3_mean1x_detection.csv
Unique PredictionFile values: 1
PredictionFile: baseline_02_high_altitude_hover_ATT_trained_hybrid_prediction_outputs.csv
Detection rows using this PredictionFile: 282
Prediction rows available: 282
Alignment method: row_order_min_length
Aligned rows: 282
[FAIL] Roll: Clean max mismatch=5.807e-03, V9 max mismatch=0.000e+00, components=OK
[FAIL] Pitch: Missing detection CleanFuture column; Missing detection V9PredictedFuture column
[FAIL] Yaw: Missing detection CleanFuture column; Missing detection V9PredictedFuture column

------------------------------------------------------------
Detection CSV: baseline_02_high_altitude_hover_Roll_ramp_W20_N5_mean1.25x_detection.csv
Unique PredictionFile values: 1
PredictionFile: baseline_02_high_altitude_hover_ATT_trained_hybrid_prediction_outputs.csv
Detection rows using this PredictionFile: 282
Prediction rows available: 282
Alignment method: row_order_min_length
Aligned rows: 282
[FAIL] Roll: Clean max mismatch=5.807e-03, V9 max mismatch=0.000e+00, components=OK
[FAIL] Pitch: Missing detection CleanFuture column; Missing detection V9PredictedFuture column
[FAIL] Yaw: Missing detection CleanFuture column; Missing detection V9PredictedFuture column

------------------------------------------------------------
Detection CSV: baseline_02_high_altitude_hover_Roll_ramp_W20_N5_mean1.5x_detection.csv
Unique PredictionFile values: 1
PredictionFile: baseline_02_high_altitude_hover_ATT_trained_hybrid_prediction_outputs.csv
Detection rows using this PredictionFile: 282
Prediction rows available: 282
Alignment method: row_order_min_length
Aligned rows: 282
[FAIL] Roll: Clean max mismatch=5.807e-03, V9 max mismatch=0.000e+00, components=OK
[FAIL] Pitch: Missing detection CleanFuture column; Missing detection V9PredictedFuture column
[FAIL] Yaw: Missing detection CleanFuture column; Missing detection V9PredictedFuture column

------------------------------------------------------------
Detection CSV: baseline_02_high_altitude_hover_Roll_ramp_W20_N5_mean1x_detection.csv
Unique PredictionFile values: 1
PredictionFile: baseline_02_high_altitude_hover_ATT_trained_hybrid_prediction_outputs.csv
Detection rows using this PredictionFile: 282
Prediction rows available: 282
Alignment method: row_order_min_length
Aligned rows: 282
[FAIL] Roll: Clean max mismatch=5.807e-03, V9 max mismatch=0.000e+00, components=OK
[FAIL] Pitch: Missing detection CleanFuture column; Missing detection V9PredictedFuture column
[FAIL] Yaw: Missing detection CleanFuture column; Missing detection V9PredictedFuture column

------------------------------------------------------------
Detection CSV: baseline_02_high_altitude_hover_Roll_ramp_W30_N8_mean1.25x_detection.csv
Unique PredictionFile values: 1
PredictionFile: baseline_02_high_altitude_hover_ATT_trained_hybrid_prediction_outputs.csv
Detection rows using this PredictionFile: 282
Prediction rows available: 282
Alignment method: row_order_min_length
Aligned rows: 282
[FAIL] Roll: Clean max mismatch=5.807e-03, V9 max mismatch=0.000e+00, components=OK
[FAIL] Pitch: Missing detection CleanFuture column; Missing detection V9PredictedFuture column
[FAIL] Yaw: Missing detection CleanFuture column; Missing detection V9PredictedFuture column

------------------------------------------------------------
Detection CSV: baseline_02_high_altitude_hover_Roll_ramp_W30_N8_mean1.5x_detection.csv
Unique PredictionFile values: 1
PredictionFile: baseline_02_high_altitude_hover_ATT_trained_hybrid_prediction_outputs.csv
Detection rows using this PredictionFile: 282
Prediction rows available: 282
Alignment method: row_order_min_length
Aligned rows: 282
[FAIL] Roll: Clean max mismatch=5.807e-03, V9 max mismatch=0.000e+00, components=OK
[FAIL] Pitch: Missing detection CleanFuture column; Missing detection V9PredictedFuture column
[FAIL] Yaw: Missing detection CleanFuture column; Missing detection V9PredictedFuture column

------------------------------------------------------------
Detection CSV: baseline_02_high_altitude_hover_Roll_ramp_W30_N8_mean1x_detection.csv
Unique PredictionFile values: 1
PredictionFile: baseline_02_high_altitude_hover_ATT_trained_hybrid_prediction_outputs.csv
Detection rows using this PredictionFile: 282
Prediction rows available: 282
Alignment method: row_order_min_length
Aligned rows: 282
[FAIL] Roll: Clean max mismatch=5.807e-03, V9 max mismatch=0.000e+00, components=OK
[FAIL] Pitch: Missing detection CleanFuture column; Missing detection V9PredictedFuture column
[FAIL] Yaw: Missing detection CleanFuture column; Missing detection V9PredictedFuture column

------------------------------------------------------------
Detection CSV: baseline_02_high_altitude_hover_Yaw_bias_W10_N3_mean1.25x_detection.csv
Unique PredictionFile values: 1
PredictionFile: baseline_02_high_altitude_hover_ATT_trained_hybrid_prediction_outputs.csv
Detection rows using this PredictionFile: 282
Prediction rows available: 282
Alignment method: row_order_min_length
Aligned rows: 282
[FAIL] Roll: Missing detection CleanFuture column; Missing detection V9PredictedFuture column
[FAIL] Pitch: Missing detection CleanFuture column; Missing detection V9PredictedFuture column
[FAIL] Yaw: Clean max mismatch=2.560e-02, V9 max mismatch=0.000e+00, components=OK

------------------------------------------------------------
Detection CSV: baseline_02_high_altitude_hover_Yaw_bias_W10_N3_mean1.5x_detection.csv
Unique PredictionFile values: 1
PredictionFile: baseline_02_high_altitude_hover_ATT_trained_hybrid_prediction_outputs.csv
Detection rows using this PredictionFile: 282
Prediction rows available: 282
Alignment method: row_order_min_length
Aligned rows: 282
[FAIL] Roll: Missing detection CleanFuture column; Missing detection V9PredictedFuture column
[FAIL] Pitch: Missing detection CleanFuture column; Missing detection V9PredictedFuture column
[FAIL] Yaw: Clean max mismatch=2.560e-02, V9 max mismatch=0.000e+00, components=OK

------------------------------------------------------------
Detection CSV: baseline_02_high_altitude_hover_Yaw_bias_W10_N3_mean1x_detection.csv
Unique PredictionFile values: 1
PredictionFile: baseline_02_high_altitude_hover_ATT_trained_hybrid_prediction_outputs.csv
Detection rows using this PredictionFile: 282
Prediction rows available: 282
Alignment method: row_order_min_length
Aligned rows: 282
[FAIL] Roll: Missing detection CleanFuture column; Missing detection V9PredictedFuture column
[FAIL] Pitch: Missing detection CleanFuture column; Missing detection V9PredictedFuture column
[FAIL] Yaw: Clean max mismatch=2.560e-02, V9 max mismatch=0.000e+00, components=OK

------------------------------------------------------------
Detection CSV: baseline_02_high_altitude_hover_Yaw_bias_W20_N5_mean1.25x_detection.csv
Unique PredictionFile values: 1
PredictionFile: baseline_02_high_altitude_hover_ATT_trained_hybrid_prediction_outputs.csv
Detection rows using this PredictionFile: 282
Prediction rows available: 282
Alignment method: row_order_min_length
Aligned rows: 282
[FAIL] Roll: Missing detection CleanFuture column; Missing detection V9PredictedFuture column
[FAIL] Pitch: Missing detection CleanFuture column; Missing detection V9PredictedFuture column
[FAIL] Yaw: Clean max mismatch=2.560e-02, V9 max mismatch=0.000e+00, components=OK

------------------------------------------------------------
Detection CSV: baseline_02_high_altitude_hover_Yaw_bias_W20_N5_mean1.5x_detection.csv
Unique PredictionFile values: 1
PredictionFile: baseline_02_high_altitude_hover_ATT_trained_hybrid_prediction_outputs.csv
Detection rows using this PredictionFile: 282
Prediction rows available: 282
Alignment method: row_order_min_length
Aligned rows: 282
[FAIL] Roll: Missing detection CleanFuture column; Missing detection V9PredictedFuture column
[FAIL] Pitch: Missing detection CleanFuture column; Missing detection V9PredictedFuture column
[FAIL] Yaw: Clean max mismatch=2.560e-02, V9 max mismatch=0.000e+00, components=OK

------------------------------------------------------------
Detection CSV: baseline_02_high_altitude_hover_Yaw_bias_W20_N5_mean1x_detection.csv
Unique PredictionFile values: 1
PredictionFile: baseline_02_high_altitude_hover_ATT_trained_hybrid_prediction_outputs.csv
Detection rows using this PredictionFile: 282
Prediction rows available: 282
Alignment method: row_order_min_length
Aligned rows: 282
[FAIL] Roll: Missing detection CleanFuture column; Missing detection V9PredictedFuture column
[FAIL] Pitch: Missing detection CleanFuture column; Missing detection V9PredictedFuture column
[FAIL] Yaw: Clean max mismatch=2.560e-02, V9 max mismatch=0.000e+00, components=OK

------------------------------------------------------------
Detection CSV: baseline_02_high_altitude_hover_Yaw_bias_W30_N8_mean1.25x_detection.csv
Unique PredictionFile values: 1
PredictionFile: baseline_02_high_altitude_hover_ATT_trained_hybrid_prediction_outputs.csv
Detection rows using this PredictionFile: 282
Prediction rows available: 282
Alignment method: row_order_min_length
Aligned rows: 282
[FAIL] Roll: Missing detection CleanFuture column; Missing detection V9PredictedFuture column
[FAIL] Pitch: Missing detection CleanFuture column; Missing detection V9PredictedFuture column
[FAIL] Yaw: Clean max mismatch=2.560e-02, V9 max mismatch=0.000e+00, components=OK

------------------------------------------------------------
Detection CSV: baseline_02_high_altitude_hover_Yaw_bias_W30_N8_mean1.5x_detection.csv
Unique PredictionFile values: 1
PredictionFile: baseline_02_high_altitude_hover_ATT_trained_hybrid_prediction_outputs.csv
Detection rows using this PredictionFile: 282
Prediction rows available: 282
Alignment method: row_order_min_length
Aligned rows: 282
[FAIL] Roll: Missing detection CleanFuture column; Missing detection V9PredictedFuture column
[FAIL] Pitch: Missing detection CleanFuture column; Missing detection V9PredictedFuture column
[FAIL] Yaw: Clean max mismatch=2.560e-02, V9 max mismatch=0.000e+00, components=OK

------------------------------------------------------------
Detection CSV: baseline_02_high_altitude_hover_Yaw_bias_W30_N8_mean1x_detection.csv
Unique PredictionFile values: 1
PredictionFile: baseline_02_high_altitude_hover_ATT_trained_hybrid_prediction_outputs.csv
Detection rows using this PredictionFile: 282
Prediction rows available: 282
Alignment method: row_order_min_length
Aligned rows: 282
[FAIL] Roll: Missing detection CleanFuture column; Missing detection V9PredictedFuture column
[FAIL] Pitch: Missing detection CleanFuture column; Missing detection V9PredictedFuture column
[FAIL] Yaw: Clean max mismatch=2.560e-02, V9 max mismatch=0.000e+00, components=OK

------------------------------------------------------------
Detection CSV: baseline_02_high_altitude_hover_Yaw_pulse_W10_N3_mean1.25x_detection.csv
Unique PredictionFile values: 1
PredictionFile: baseline_02_high_altitude_hover_ATT_trained_hybrid_prediction_outputs.csv
Detection rows using this PredictionFile: 282
Prediction rows available: 282
Alignment method: row_order_min_length
Aligned rows: 282
[FAIL] Roll: Missing detection CleanFuture column; Missing detection V9PredictedFuture column
[FAIL] Pitch: Missing detection CleanFuture column; Missing detection V9PredictedFuture column
[FAIL] Yaw: Clean max mismatch=2.560e-02, V9 max mismatch=0.000e+00, components=OK

------------------------------------------------------------
Detection CSV: baseline_02_high_altitude_hover_Yaw_pulse_W10_N3_mean1.5x_detection.csv
Unique PredictionFile values: 1
PredictionFile: baseline_02_high_altitude_hover_ATT_trained_hybrid_prediction_outputs.csv
Detection rows using this PredictionFile: 282
Prediction rows available: 282
Alignment method: row_order_min_length
Aligned rows: 282
[FAIL] Roll: Missing detection CleanFuture column; Missing detection V9PredictedFuture column
[FAIL] Pitch: Missing detection CleanFuture column; Missing detection V9PredictedFuture column
[FAIL] Yaw: Clean max mismatch=2.560e-02, V9 max mismatch=0.000e+00, components=OK

------------------------------------------------------------
Detection CSV: baseline_02_high_altitude_hover_Yaw_pulse_W10_N3_mean1x_detection.csv
Unique PredictionFile values: 1
PredictionFile: baseline_02_high_altitude_hover_ATT_trained_hybrid_prediction_outputs.csv
Detection rows using this PredictionFile: 282
Prediction rows available: 282
Alignment method: row_order_min_length
Aligned rows: 282
[FAIL] Roll: Missing detection CleanFuture column; Missing detection V9PredictedFuture column
[FAIL] Pitch: Missing detection CleanFuture column; Missing detection V9PredictedFuture column
[FAIL] Yaw: Clean max mismatch=2.560e-02, V9 max mismatch=0.000e+00, components=OK

------------------------------------------------------------
Detection CSV: baseline_02_high_altitude_hover_Yaw_pulse_W20_N5_mean1.25x_detection.csv
Unique PredictionFile values: 1
PredictionFile: baseline_02_high_altitude_hover_ATT_trained_hybrid_prediction_outputs.csv
Detection rows using this PredictionFile: 282
Prediction rows available: 282
Alignment method: row_order_min_length
Aligned rows: 282
[FAIL] Roll: Missing detection CleanFuture column; Missing detection V9PredictedFuture column
[FAIL] Pitch: Missing detection CleanFuture column; Missing detection V9PredictedFuture column
[FAIL] Yaw: Clean max mismatch=2.560e-02, V9 max mismatch=0.000e+00, components=OK

------------------------------------------------------------
Detection CSV: baseline_02_high_altitude_hover_Yaw_pulse_W20_N5_mean1.5x_detection.csv
Unique PredictionFile values: 1
PredictionFile: baseline_02_high_altitude_hover_ATT_trained_hybrid_prediction_outputs.csv
Detection rows using this PredictionFile: 282
Prediction rows available: 282
Alignment method: row_order_min_length
Aligned rows: 282
[FAIL] Roll: Missing detection CleanFuture column; Missing detection V9PredictedFuture column
[FAIL] Pitch: Missing detection CleanFuture column; Missing detection V9PredictedFuture column
[FAIL] Yaw: Clean max mismatch=2.560e-02, V9 max mismatch=0.000e+00, components=OK

------------------------------------------------------------
Detection CSV: baseline_02_high_altitude_hover_Yaw_pulse_W20_N5_mean1x_detection.csv
Unique PredictionFile values: 1
PredictionFile: baseline_02_high_altitude_hover_ATT_trained_hybrid_prediction_outputs.csv
Detection rows using this PredictionFile: 282
Prediction rows available: 282
Alignment method: row_order_min_length
Aligned rows: 282
[FAIL] Roll: Missing detection CleanFuture column; Missing detection V9PredictedFuture column
[FAIL] Pitch: Missing detection CleanFuture column; Missing detection V9PredictedFuture column
[FAIL] Yaw: Clean max mismatch=2.560e-02, V9 max mismatch=0.000e+00, components=OK

------------------------------------------------------------
Detection CSV: baseline_02_high_altitude_hover_Yaw_pulse_W30_N8_mean1.25x_detection.csv
Unique PredictionFile values: 1
PredictionFile: baseline_02_high_altitude_hover_ATT_trained_hybrid_prediction_outputs.csv
Detection rows using this PredictionFile: 282
Prediction rows available: 282
Alignment method: row_order_min_length
Aligned rows: 282
[FAIL] Roll: Missing detection CleanFuture column; Missing detection V9PredictedFuture column
[FAIL] Pitch: Missing detection CleanFuture column; Missing detection V9PredictedFuture column
[FAIL] Yaw: Clean max mismatch=2.560e-02, V9 max mismatch=0.000e+00, components=OK

------------------------------------------------------------
Detection CSV: baseline_02_high_altitude_hover_Yaw_pulse_W30_N8_mean1.5x_detection.csv
Unique PredictionFile values: 1
PredictionFile: baseline_02_high_altitude_hover_ATT_trained_hybrid_prediction_outputs.csv
Detection rows using this PredictionFile: 282
Prediction rows available: 282
Alignment method: row_order_min_length
Aligned rows: 282
[FAIL] Roll: Missing detection CleanFuture column; Missing detection V9PredictedFuture column
[FAIL] Pitch: Missing detection CleanFuture column; Missing detection V9PredictedFuture column
[FAIL] Yaw: Clean max mismatch=2.560e-02, V9 max mismatch=0.000e+00, components=OK

------------------------------------------------------------
Detection CSV: baseline_02_high_altitude_hover_Yaw_pulse_W30_N8_mean1x_detection.csv
Unique PredictionFile values: 1
PredictionFile: baseline_02_high_altitude_hover_ATT_trained_hybrid_prediction_outputs.csv
Detection rows using this PredictionFile: 282
Prediction rows available: 282
Alignment method: row_order_min_length
Aligned rows: 282
[FAIL] Roll: Missing detection CleanFuture column; Missing detection V9PredictedFuture column
[FAIL] Pitch: Missing detection CleanFuture column; Missing detection V9PredictedFuture column
[FAIL] Yaw: Clean max mismatch=2.560e-02, V9 max mismatch=0.000e+00, components=OK

------------------------------------------------------------
Detection CSV: baseline_02_high_altitude_hover_Yaw_ramp_W10_N3_mean1.25x_detection.csv
Unique PredictionFile values: 1
PredictionFile: baseline_02_high_altitude_hover_ATT_trained_hybrid_prediction_outputs.csv
Detection rows using this PredictionFile: 282
Prediction rows available: 282
Alignment method: row_order_min_length
Aligned rows: 282
[FAIL] Roll: Missing detection CleanFuture column; Missing detection V9PredictedFuture column
[FAIL] Pitch: Missing detection CleanFuture column; Missing detection V9PredictedFuture column
[FAIL] Yaw: Clean max mismatch=2.560e-02, V9 max mismatch=0.000e+00, components=OK

------------------------------------------------------------
Detection CSV: baseline_02_high_altitude_hover_Yaw_ramp_W10_N3_mean1.5x_detection.csv
Unique PredictionFile values: 1
PredictionFile: baseline_02_high_altitude_hover_ATT_trained_hybrid_prediction_outputs.csv
Detection rows using this PredictionFile: 282
Prediction rows available: 282
Alignment method: row_order_min_length
Aligned rows: 282
[FAIL] Roll: Missing detection CleanFuture column; Missing detection V9PredictedFuture column
[FAIL] Pitch: Missing detection CleanFuture column; Missing detection V9PredictedFuture column
[FAIL] Yaw: Clean max mismatch=2.560e-02, V9 max mismatch=0.000e+00, components=OK

------------------------------------------------------------
Detection CSV: baseline_02_high_altitude_hover_Yaw_ramp_W10_N3_mean1x_detection.csv
Unique PredictionFile values: 1
PredictionFile: baseline_02_high_altitude_hover_ATT_trained_hybrid_prediction_outputs.csv
Detection rows using this PredictionFile: 282
Prediction rows available: 282
Alignment method: row_order_min_length
Aligned rows: 282
[FAIL] Roll: Missing detection CleanFuture column; Missing detection V9PredictedFuture column
[FAIL] Pitch: Missing detection CleanFuture column; Missing detection V9PredictedFuture column
[FAIL] Yaw: Clean max mismatch=2.560e-02, V9 max mismatch=0.000e+00, components=OK

------------------------------------------------------------
Detection CSV: baseline_02_high_altitude_hover_Yaw_ramp_W20_N5_mean1.25x_detection.csv
Unique PredictionFile values: 1
PredictionFile: baseline_02_high_altitude_hover_ATT_trained_hybrid_prediction_outputs.csv
Detection rows using this PredictionFile: 282
Prediction rows available: 282
Alignment method: row_order_min_length
Aligned rows: 282
[FAIL] Roll: Missing detection CleanFuture column; Missing detection V9PredictedFuture column
[FAIL] Pitch: Missing detection CleanFuture column; Missing detection V9PredictedFuture column
[FAIL] Yaw: Clean max mismatch=2.560e-02, V9 max mismatch=0.000e+00, components=OK

------------------------------------------------------------
Detection CSV: baseline_02_high_altitude_hover_Yaw_ramp_W20_N5_mean1.5x_detection.csv
Unique PredictionFile values: 1
PredictionFile: baseline_02_high_altitude_hover_ATT_trained_hybrid_prediction_outputs.csv
Detection rows using this PredictionFile: 282
Prediction rows available: 282
Alignment method: row_order_min_length
Aligned rows: 282
[FAIL] Roll: Missing detection CleanFuture column; Missing detection V9PredictedFuture column
[FAIL] Pitch: Missing detection CleanFuture column; Missing detection V9PredictedFuture column
[FAIL] Yaw: Clean max mismatch=2.560e-02, V9 max mismatch=0.000e+00, components=OK

------------------------------------------------------------
Detection CSV: baseline_02_high_altitude_hover_Yaw_ramp_W20_N5_mean1x_detection.csv
Unique PredictionFile values: 1
PredictionFile: baseline_02_high_altitude_hover_ATT_trained_hybrid_prediction_outputs.csv
Detection rows using this PredictionFile: 282
Prediction rows available: 282
Alignment method: row_order_min_length
Aligned rows: 282
[FAIL] Roll: Missing detection CleanFuture column; Missing detection V9PredictedFuture column
[FAIL] Pitch: Missing detection CleanFuture column; Missing detection V9PredictedFuture column
[FAIL] Yaw: Clean max mismatch=2.560e-02, V9 max mismatch=0.000e+00, components=OK

------------------------------------------------------------
Detection CSV: baseline_02_high_altitude_hover_Yaw_ramp_W30_N8_mean1.25x_detection.csv
Unique PredictionFile values: 1
PredictionFile: baseline_02_high_altitude_hover_ATT_trained_hybrid_prediction_outputs.csv
Detection rows using this PredictionFile: 282
Prediction rows available: 282
Alignment method: row_order_min_length
Aligned rows: 282
[FAIL] Roll: Missing detection CleanFuture column; Missing detection V9PredictedFuture column
[FAIL] Pitch: Missing detection CleanFuture column; Missing detection V9PredictedFuture column
[FAIL] Yaw: Clean max mismatch=2.560e-02, V9 max mismatch=0.000e+00, components=OK

------------------------------------------------------------
Detection CSV: baseline_02_high_altitude_hover_Yaw_ramp_W30_N8_mean1.5x_detection.csv
Unique PredictionFile values: 1
PredictionFile: baseline_02_high_altitude_hover_ATT_trained_hybrid_prediction_outputs.csv
Detection rows using this PredictionFile: 282
Prediction rows available: 282
Alignment method: row_order_min_length
Aligned rows: 282
[FAIL] Roll: Missing detection CleanFuture column; Missing detection V9PredictedFuture column
[FAIL] Pitch: Missing detection CleanFuture column; Missing detection V9PredictedFuture column
[FAIL] Yaw: Clean max mismatch=2.560e-02, V9 max mismatch=0.000e+00, components=OK

------------------------------------------------------------
Detection CSV: baseline_02_high_altitude_hover_Yaw_ramp_W30_N8_mean1x_detection.csv
Unique PredictionFile values: 1
PredictionFile: baseline_02_high_altitude_hover_ATT_trained_hybrid_prediction_outputs.csv
Detection rows using this PredictionFile: 282
Prediction rows available: 282
Alignment method: row_order_min_length
Aligned rows: 282
[FAIL] Roll: Missing detection CleanFuture column; Missing detection V9PredictedFuture column
[FAIL] Pitch: Missing detection CleanFuture column; Missing detection V9PredictedFuture column
[FAIL] Yaw: Clean max mismatch=2.560e-02, V9 max mismatch=0.000e+00, components=OK

------------------------------------------------------------
Detection CSV: baseline_03_forward_motion_Pitch_bias_W10_N3_mean1.25x_detection.csv
Unique PredictionFile values: 1
PredictionFile: baseline_03_forward_motion_ATT_trained_hybrid_prediction_outputs.csv
Detection rows using this PredictionFile: 227
Prediction rows available: 227
Alignment method: row_order_min_length
Aligned rows: 227
[FAIL] Roll: Missing detection CleanFuture column; Missing detection V9PredictedFuture column
[FAIL] Pitch: Clean max mismatch=8.477e-03, V9 max mismatch=0.000e+00, components=OK
[FAIL] Yaw: Missing detection CleanFuture column; Missing detection V9PredictedFuture column

------------------------------------------------------------
Detection CSV: baseline_03_forward_motion_Pitch_bias_W10_N3_mean1.5x_detection.csv
Unique PredictionFile values: 1
PredictionFile: baseline_03_forward_motion_ATT_trained_hybrid_prediction_outputs.csv
Detection rows using this PredictionFile: 227
Prediction rows available: 227
Alignment method: row_order_min_length
Aligned rows: 227
[FAIL] Roll: Missing detection CleanFuture column; Missing detection V9PredictedFuture column
[FAIL] Pitch: Clean max mismatch=8.477e-03, V9 max mismatch=0.000e+00, components=OK
[FAIL] Yaw: Missing detection CleanFuture column; Missing detection V9PredictedFuture column

------------------------------------------------------------
Detection CSV: baseline_03_forward_motion_Pitch_bias_W10_N3_mean1x_detection.csv
Unique PredictionFile values: 1
PredictionFile: baseline_03_forward_motion_ATT_trained_hybrid_prediction_outputs.csv
Detection rows using this PredictionFile: 227
Prediction rows available: 227
Alignment method: row_order_min_length
Aligned rows: 227
[FAIL] Roll: Missing detection CleanFuture column; Missing detection V9PredictedFuture column
[FAIL] Pitch: Clean max mismatch=8.477e-03, V9 max mismatch=0.000e+00, components=OK
[FAIL] Yaw: Missing detection CleanFuture column; Missing detection V9PredictedFuture column

------------------------------------------------------------
Detection CSV: baseline_03_forward_motion_Pitch_bias_W20_N5_mean1.25x_detection.csv
Unique PredictionFile values: 1
PredictionFile: baseline_03_forward_motion_ATT_trained_hybrid_prediction_outputs.csv
Detection rows using this PredictionFile: 227
Prediction rows available: 227
Alignment method: row_order_min_length
Aligned rows: 227
[FAIL] Roll: Missing detection CleanFuture column; Missing detection V9PredictedFuture column
[FAIL] Pitch: Clean max mismatch=8.477e-03, V9 max mismatch=0.000e+00, components=OK
[FAIL] Yaw: Missing detection CleanFuture column; Missing detection V9PredictedFuture column

------------------------------------------------------------
Detection CSV: baseline_03_forward_motion_Pitch_bias_W20_N5_mean1.5x_detection.csv
Unique PredictionFile values: 1
PredictionFile: baseline_03_forward_motion_ATT_trained_hybrid_prediction_outputs.csv
Detection rows using this PredictionFile: 227
Prediction rows available: 227
Alignment method: row_order_min_length
Aligned rows: 227
[FAIL] Roll: Missing detection CleanFuture column; Missing detection V9PredictedFuture column
[FAIL] Pitch: Clean max mismatch=8.477e-03, V9 max mismatch=0.000e+00, components=OK
[FAIL] Yaw: Missing detection CleanFuture column; Missing detection V9PredictedFuture column

------------------------------------------------------------
Detection CSV: baseline_03_forward_motion_Pitch_bias_W20_N5_mean1x_detection.csv
Unique PredictionFile values: 1
PredictionFile: baseline_03_forward_motion_ATT_trained_hybrid_prediction_outputs.csv
Detection rows using this PredictionFile: 227
Prediction rows available: 227
Alignment method: row_order_min_length
Aligned rows: 227
[FAIL] Roll: Missing detection CleanFuture column; Missing detection V9PredictedFuture column
[FAIL] Pitch: Clean max mismatch=8.477e-03, V9 max mismatch=0.000e+00, components=OK
[FAIL] Yaw: Missing detection CleanFuture column; Missing detection V9PredictedFuture column

------------------------------------------------------------
Detection CSV: baseline_03_forward_motion_Pitch_bias_W30_N8_mean1.25x_detection.csv
Unique PredictionFile values: 1
PredictionFile: baseline_03_forward_motion_ATT_trained_hybrid_prediction_outputs.csv
Detection rows using this PredictionFile: 227
Prediction rows available: 227
Alignment method: row_order_min_length
Aligned rows: 227
[FAIL] Roll: Missing detection CleanFuture column; Missing detection V9PredictedFuture column
[FAIL] Pitch: Clean max mismatch=8.477e-03, V9 max mismatch=0.000e+00, components=OK
[FAIL] Yaw: Missing detection CleanFuture column; Missing detection V9PredictedFuture column

------------------------------------------------------------
Detection CSV: baseline_03_forward_motion_Pitch_bias_W30_N8_mean1.5x_detection.csv
Unique PredictionFile values: 1
PredictionFile: baseline_03_forward_motion_ATT_trained_hybrid_prediction_outputs.csv
Detection rows using this PredictionFile: 227
Prediction rows available: 227
Alignment method: row_order_min_length
Aligned rows: 227
[FAIL] Roll: Missing detection CleanFuture column; Missing detection V9PredictedFuture column
[FAIL] Pitch: Clean max mismatch=8.477e-03, V9 max mismatch=0.000e+00, components=OK
[FAIL] Yaw: Missing detection CleanFuture column; Missing detection V9PredictedFuture column

------------------------------------------------------------
Detection CSV: baseline_03_forward_motion_Pitch_bias_W30_N8_mean1x_detection.csv
Unique PredictionFile values: 1
PredictionFile: baseline_03_forward_motion_ATT_trained_hybrid_prediction_outputs.csv
Detection rows using this PredictionFile: 227
Prediction rows available: 227
Alignment method: row_order_min_length
Aligned rows: 227
[FAIL] Roll: Missing detection CleanFuture column; Missing detection V9PredictedFuture column
[FAIL] Pitch: Clean max mismatch=8.477e-03, V9 max mismatch=0.000e+00, components=OK
[FAIL] Yaw: Missing detection CleanFuture column; Missing detection V9PredictedFuture column

------------------------------------------------------------
Detection CSV: baseline_03_forward_motion_Pitch_pulse_W10_N3_mean1.25x_detection.csv
Unique PredictionFile values: 1
PredictionFile: baseline_03_forward_motion_ATT_trained_hybrid_prediction_outputs.csv
Detection rows using this PredictionFile: 227
Prediction rows available: 227
Alignment method: row_order_min_length
Aligned rows: 227
[FAIL] Roll: Missing detection CleanFuture column; Missing detection V9PredictedFuture column
[FAIL] Pitch: Clean max mismatch=8.477e-03, V9 max mismatch=0.000e+00, components=OK
[FAIL] Yaw: Missing detection CleanFuture column; Missing detection V9PredictedFuture column

------------------------------------------------------------
Detection CSV: baseline_03_forward_motion_Pitch_pulse_W10_N3_mean1.5x_detection.csv
Unique PredictionFile values: 1
PredictionFile: baseline_03_forward_motion_ATT_trained_hybrid_prediction_outputs.csv
Detection rows using this PredictionFile: 227
Prediction rows available: 227
Alignment method: row_order_min_length
Aligned rows: 227
[FAIL] Roll: Missing detection CleanFuture column; Missing detection V9PredictedFuture column
[FAIL] Pitch: Clean max mismatch=8.477e-03, V9 max mismatch=0.000e+00, components=OK
[FAIL] Yaw: Missing detection CleanFuture column; Missing detection V9PredictedFuture column

------------------------------------------------------------
Detection CSV: baseline_03_forward_motion_Pitch_pulse_W10_N3_mean1x_detection.csv
Unique PredictionFile values: 1
PredictionFile: baseline_03_forward_motion_ATT_trained_hybrid_prediction_outputs.csv
Detection rows using this PredictionFile: 227
Prediction rows available: 227
Alignment method: row_order_min_length
Aligned rows: 227
[FAIL] Roll: Missing detection CleanFuture column; Missing detection V9PredictedFuture column
[FAIL] Pitch: Clean max mismatch=8.477e-03, V9 max mismatch=0.000e+00, components=OK
[FAIL] Yaw: Missing detection CleanFuture column; Missing detection V9PredictedFuture column

------------------------------------------------------------
Detection CSV: baseline_03_forward_motion_Pitch_pulse_W20_N5_mean1.25x_detection.csv
Unique PredictionFile values: 1
PredictionFile: baseline_03_forward_motion_ATT_trained_hybrid_prediction_outputs.csv
Detection rows using this PredictionFile: 227
Prediction rows available: 227
Alignment method: row_order_min_length
Aligned rows: 227
[FAIL] Roll: Missing detection CleanFuture column; Missing detection V9PredictedFuture column
[FAIL] Pitch: Clean max mismatch=8.477e-03, V9 max mismatch=0.000e+00, components=OK
[FAIL] Yaw: Missing detection CleanFuture column; Missing detection V9PredictedFuture column

------------------------------------------------------------
Detection CSV: baseline_03_forward_motion_Pitch_pulse_W20_N5_mean1.5x_detection.csv
Unique PredictionFile values: 1
PredictionFile: baseline_03_forward_motion_ATT_trained_hybrid_prediction_outputs.csv
Detection rows using this PredictionFile: 227
Prediction rows available: 227
Alignment method: row_order_min_length
Aligned rows: 227
[FAIL] Roll: Missing detection CleanFuture column; Missing detection V9PredictedFuture column
[FAIL] Pitch: Clean max mismatch=8.477e-03, V9 max mismatch=0.000e+00, components=OK
[FAIL] Yaw: Missing detection CleanFuture column; Missing detection V9PredictedFuture column

------------------------------------------------------------
Detection CSV: baseline_03_forward_motion_Pitch_pulse_W20_N5_mean1x_detection.csv
Unique PredictionFile values: 1
PredictionFile: baseline_03_forward_motion_ATT_trained_hybrid_prediction_outputs.csv
Detection rows using this PredictionFile: 227
Prediction rows available: 227
Alignment method: row_order_min_length
Aligned rows: 227
[FAIL] Roll: Missing detection CleanFuture column; Missing detection V9PredictedFuture column
[FAIL] Pitch: Clean max mismatch=8.477e-03, V9 max mismatch=0.000e+00, components=OK
[FAIL] Yaw: Missing detection CleanFuture column; Missing detection V9PredictedFuture column

------------------------------------------------------------
Detection CSV: baseline_03_forward_motion_Pitch_pulse_W30_N8_mean1.25x_detection.csv
Unique PredictionFile values: 1
PredictionFile: baseline_03_forward_motion_ATT_trained_hybrid_prediction_outputs.csv
Detection rows using this PredictionFile: 227
Prediction rows available: 227
Alignment method: row_order_min_length
Aligned rows: 227
[FAIL] Roll: Missing detection CleanFuture column; Missing detection V9PredictedFuture column
[FAIL] Pitch: Clean max mismatch=8.477e-03, V9 max mismatch=0.000e+00, components=OK
[FAIL] Yaw: Missing detection CleanFuture column; Missing detection V9PredictedFuture column

------------------------------------------------------------
Detection CSV: baseline_03_forward_motion_Pitch_pulse_W30_N8_mean1.5x_detection.csv
Unique PredictionFile values: 1
PredictionFile: baseline_03_forward_motion_ATT_trained_hybrid_prediction_outputs.csv
Detection rows using this PredictionFile: 227
Prediction rows available: 227
Alignment method: row_order_min_length
Aligned rows: 227
[FAIL] Roll: Missing detection CleanFuture column; Missing detection V9PredictedFuture column
[FAIL] Pitch: Clean max mismatch=8.477e-03, V9 max mismatch=0.000e+00, components=OK
[FAIL] Yaw: Missing detection CleanFuture column; Missing detection V9PredictedFuture column

------------------------------------------------------------
Detection CSV: baseline_03_forward_motion_Pitch_pulse_W30_N8_mean1x_detection.csv
Unique PredictionFile values: 1
PredictionFile: baseline_03_forward_motion_ATT_trained_hybrid_prediction_outputs.csv
Detection rows using this PredictionFile: 227
Prediction rows available: 227
Alignment method: row_order_min_length
Aligned rows: 227
[FAIL] Roll: Missing detection CleanFuture column; Missing detection V9PredictedFuture column
[FAIL] Pitch: Clean max mismatch=8.477e-03, V9 max mismatch=0.000e+00, components=OK
[FAIL] Yaw: Missing detection CleanFuture column; Missing detection V9PredictedFuture column

------------------------------------------------------------
Detection CSV: baseline_03_forward_motion_Pitch_ramp_W10_N3_mean1.25x_detection.csv
Unique PredictionFile values: 1
PredictionFile: baseline_03_forward_motion_ATT_trained_hybrid_prediction_outputs.csv
Detection rows using this PredictionFile: 227
Prediction rows available: 227
Alignment method: row_order_min_length
Aligned rows: 227
[FAIL] Roll: Missing detection CleanFuture column; Missing detection V9PredictedFuture column
[FAIL] Pitch: Clean max mismatch=8.477e-03, V9 max mismatch=0.000e+00, components=OK
[FAIL] Yaw: Missing detection CleanFuture column; Missing detection V9PredictedFuture column

------------------------------------------------------------
Detection CSV: baseline_03_forward_motion_Pitch_ramp_W10_N3_mean1.5x_detection.csv
Unique PredictionFile values: 1
PredictionFile: baseline_03_forward_motion_ATT_trained_hybrid_prediction_outputs.csv
Detection rows using this PredictionFile: 227
Prediction rows available: 227
Alignment method: row_order_min_length
Aligned rows: 227
[FAIL] Roll: Missing detection CleanFuture column; Missing detection V9PredictedFuture column
[FAIL] Pitch: Clean max mismatch=8.477e-03, V9 max mismatch=0.000e+00, components=OK
[FAIL] Yaw: Missing detection CleanFuture column; Missing detection V9PredictedFuture column

------------------------------------------------------------
Detection CSV: baseline_03_forward_motion_Pitch_ramp_W10_N3_mean1x_detection.csv
Unique PredictionFile values: 1
PredictionFile: baseline_03_forward_motion_ATT_trained_hybrid_prediction_outputs.csv
Detection rows using this PredictionFile: 227
Prediction rows available: 227
Alignment method: row_order_min_length
Aligned rows: 227
[FAIL] Roll: Missing detection CleanFuture column; Missing detection V9PredictedFuture column
[FAIL] Pitch: Clean max mismatch=8.477e-03, V9 max mismatch=0.000e+00, components=OK
[FAIL] Yaw: Missing detection CleanFuture column; Missing detection V9PredictedFuture column

------------------------------------------------------------
Detection CSV: baseline_03_forward_motion_Pitch_ramp_W20_N5_mean1.25x_detection.csv
Unique PredictionFile values: 1
PredictionFile: baseline_03_forward_motion_ATT_trained_hybrid_prediction_outputs.csv
Detection rows using this PredictionFile: 227
Prediction rows available: 227
Alignment method: row_order_min_length
Aligned rows: 227
[FAIL] Roll: Missing detection CleanFuture column; Missing detection V9PredictedFuture column
[FAIL] Pitch: Clean max mismatch=8.477e-03, V9 max mismatch=0.000e+00, components=OK
[FAIL] Yaw: Missing detection CleanFuture column; Missing detection V9PredictedFuture column

------------------------------------------------------------
Detection CSV: baseline_03_forward_motion_Pitch_ramp_W20_N5_mean1.5x_detection.csv
Unique PredictionFile values: 1
PredictionFile: baseline_03_forward_motion_ATT_trained_hybrid_prediction_outputs.csv
Detection rows using this PredictionFile: 227
Prediction rows available: 227
Alignment method: row_order_min_length
Aligned rows: 227
[FAIL] Roll: Missing detection CleanFuture column; Missing detection V9PredictedFuture column
[FAIL] Pitch: Clean max mismatch=8.477e-03, V9 max mismatch=0.000e+00, components=OK
[FAIL] Yaw: Missing detection CleanFuture column; Missing detection V9PredictedFuture column

------------------------------------------------------------
Detection CSV: baseline_03_forward_motion_Pitch_ramp_W20_N5_mean1x_detection.csv
Unique PredictionFile values: 1
PredictionFile: baseline_03_forward_motion_ATT_trained_hybrid_prediction_outputs.csv
Detection rows using this PredictionFile: 227
Prediction rows available: 227
Alignment method: row_order_min_length
Aligned rows: 227
[FAIL] Roll: Missing detection CleanFuture column; Missing detection V9PredictedFuture column
[FAIL] Pitch: Clean max mismatch=8.477e-03, V9 max mismatch=0.000e+00, components=OK
[FAIL] Yaw: Missing detection CleanFuture column; Missing detection V9PredictedFuture column

------------------------------------------------------------
Detection CSV: baseline_03_forward_motion_Pitch_ramp_W30_N8_mean1.25x_detection.csv
Unique PredictionFile values: 1
PredictionFile: baseline_03_forward_motion_ATT_trained_hybrid_prediction_outputs.csv
Detection rows using this PredictionFile: 227
Prediction rows available: 227
Alignment method: row_order_min_length
Aligned rows: 227
[FAIL] Roll: Missing detection CleanFuture column; Missing detection V9PredictedFuture column
[FAIL] Pitch: Clean max mismatch=8.477e-03, V9 max mismatch=0.000e+00, components=OK
[FAIL] Yaw: Missing detection CleanFuture column; Missing detection V9PredictedFuture column

------------------------------------------------------------
Detection CSV: baseline_03_forward_motion_Pitch_ramp_W30_N8_mean1.5x_detection.csv
Unique PredictionFile values: 1
PredictionFile: baseline_03_forward_motion_ATT_trained_hybrid_prediction_outputs.csv
Detection rows using this PredictionFile: 227
Prediction rows available: 227
Alignment method: row_order_min_length
Aligned rows: 227
[FAIL] Roll: Missing detection CleanFuture column; Missing detection V9PredictedFuture column
[FAIL] Pitch: Clean max mismatch=8.477e-03, V9 max mismatch=0.000e+00, components=OK
[FAIL] Yaw: Missing detection CleanFuture column; Missing detection V9PredictedFuture column

------------------------------------------------------------
Detection CSV: baseline_03_forward_motion_Pitch_ramp_W30_N8_mean1x_detection.csv
Unique PredictionFile values: 1
PredictionFile: baseline_03_forward_motion_ATT_trained_hybrid_prediction_outputs.csv
Detection rows using this PredictionFile: 227
Prediction rows available: 227
Alignment method: row_order_min_length
Aligned rows: 227
[FAIL] Roll: Missing detection CleanFuture column; Missing detection V9PredictedFuture column
[FAIL] Pitch: Clean max mismatch=8.477e-03, V9 max mismatch=0.000e+00, components=OK
[FAIL] Yaw: Missing detection CleanFuture column; Missing detection V9PredictedFuture column

------------------------------------------------------------
Detection CSV: baseline_03_forward_motion_Roll_bias_W10_N3_mean1.25x_detection.csv
Unique PredictionFile values: 1
PredictionFile: baseline_03_forward_motion_ATT_trained_hybrid_prediction_outputs.csv
Detection rows using this PredictionFile: 227
Prediction rows available: 227
Alignment method: row_order_min_length
Aligned rows: 227
[FAIL] Roll: Clean max mismatch=9.801e-03, V9 max mismatch=0.000e+00, components=OK
[FAIL] Pitch: Missing detection CleanFuture column; Missing detection V9PredictedFuture column
[FAIL] Yaw: Missing detection CleanFuture column; Missing detection V9PredictedFuture column

------------------------------------------------------------
Detection CSV: baseline_03_forward_motion_Roll_bias_W10_N3_mean1.5x_detection.csv
Unique PredictionFile values: 1
PredictionFile: baseline_03_forward_motion_ATT_trained_hybrid_prediction_outputs.csv
Detection rows using this PredictionFile: 227
Prediction rows available: 227
Alignment method: row_order_min_length
Aligned rows: 227
[FAIL] Roll: Clean max mismatch=9.801e-03, V9 max mismatch=0.000e+00, components=OK
[FAIL] Pitch: Missing detection CleanFuture column; Missing detection V9PredictedFuture column
[FAIL] Yaw: Missing detection CleanFuture column; Missing detection V9PredictedFuture column

------------------------------------------------------------
Detection CSV: baseline_03_forward_motion_Roll_bias_W10_N3_mean1x_detection.csv
Unique PredictionFile values: 1
PredictionFile: baseline_03_forward_motion_ATT_trained_hybrid_prediction_outputs.csv
Detection rows using this PredictionFile: 227
Prediction rows available: 227
Alignment method: row_order_min_length
Aligned rows: 227
[FAIL] Roll: Clean max mismatch=9.801e-03, V9 max mismatch=0.000e+00, components=OK
[FAIL] Pitch: Missing detection CleanFuture column; Missing detection V9PredictedFuture column
[FAIL] Yaw: Missing detection CleanFuture column; Missing detection V9PredictedFuture column

------------------------------------------------------------
Detection CSV: baseline_03_forward_motion_Roll_bias_W20_N5_mean1.25x_detection.csv
Unique PredictionFile values: 1
PredictionFile: baseline_03_forward_motion_ATT_trained_hybrid_prediction_outputs.csv
Detection rows using this PredictionFile: 227
Prediction rows available: 227
Alignment method: row_order_min_length
Aligned rows: 227
[FAIL] Roll: Clean max mismatch=9.801e-03, V9 max mismatch=0.000e+00, components=OK
[FAIL] Pitch: Missing detection CleanFuture column; Missing detection V9PredictedFuture column
[FAIL] Yaw: Missing detection CleanFuture column; Missing detection V9PredictedFuture column

------------------------------------------------------------
Detection CSV: baseline_03_forward_motion_Roll_bias_W20_N5_mean1.5x_detection.csv
Unique PredictionFile values: 1
PredictionFile: baseline_03_forward_motion_ATT_trained_hybrid_prediction_outputs.csv
Detection rows using this PredictionFile: 227
Prediction rows available: 227
Alignment method: row_order_min_length
Aligned rows: 227
[FAIL] Roll: Clean max mismatch=9.801e-03, V9 max mismatch=0.000e+00, components=OK
[FAIL] Pitch: Missing detection CleanFuture column; Missing detection V9PredictedFuture column
[FAIL] Yaw: Missing detection CleanFuture column; Missing detection V9PredictedFuture column

------------------------------------------------------------
Detection CSV: baseline_03_forward_motion_Roll_bias_W20_N5_mean1x_detection.csv
Unique PredictionFile values: 1
PredictionFile: baseline_03_forward_motion_ATT_trained_hybrid_prediction_outputs.csv
Detection rows using this PredictionFile: 227
Prediction rows available: 227
Alignment method: row_order_min_length
Aligned rows: 227
[FAIL] Roll: Clean max mismatch=9.801e-03, V9 max mismatch=0.000e+00, components=OK
[FAIL] Pitch: Missing detection CleanFuture column; Missing detection V9PredictedFuture column
[FAIL] Yaw: Missing detection CleanFuture column; Missing detection V9PredictedFuture column

------------------------------------------------------------
Detection CSV: baseline_03_forward_motion_Roll_bias_W30_N8_mean1.25x_detection.csv
Unique PredictionFile values: 1
PredictionFile: baseline_03_forward_motion_ATT_trained_hybrid_prediction_outputs.csv
Detection rows using this PredictionFile: 227
Prediction rows available: 227
Alignment method: row_order_min_length
Aligned rows: 227
[FAIL] Roll: Clean max mismatch=9.801e-03, V9 max mismatch=0.000e+00, components=OK
[FAIL] Pitch: Missing detection CleanFuture column; Missing detection V9PredictedFuture column
[FAIL] Yaw: Missing detection CleanFuture column; Missing detection V9PredictedFuture column

------------------------------------------------------------
Detection CSV: baseline_03_forward_motion_Roll_bias_W30_N8_mean1.5x_detection.csv
Unique PredictionFile values: 1
PredictionFile: baseline_03_forward_motion_ATT_trained_hybrid_prediction_outputs.csv
Detection rows using this PredictionFile: 227
Prediction rows available: 227
Alignment method: row_order_min_length
Aligned rows: 227
[FAIL] Roll: Clean max mismatch=9.801e-03, V9 max mismatch=0.000e+00, components=OK
[FAIL] Pitch: Missing detection CleanFuture column; Missing detection V9PredictedFuture column
[FAIL] Yaw: Missing detection CleanFuture column; Missing detection V9PredictedFuture column

------------------------------------------------------------
Detection CSV: baseline_03_forward_motion_Roll_bias_W30_N8_mean1x_detection.csv
Unique PredictionFile values: 1
PredictionFile: baseline_03_forward_motion_ATT_trained_hybrid_prediction_outputs.csv
Detection rows using this PredictionFile: 227
Prediction rows available: 227
Alignment method: row_order_min_length
Aligned rows: 227
[FAIL] Roll: Clean max mismatch=9.801e-03, V9 max mismatch=0.000e+00, components=OK
[FAIL] Pitch: Missing detection CleanFuture column; Missing detection V9PredictedFuture column
[FAIL] Yaw: Missing detection CleanFuture column; Missing detection V9PredictedFuture column

------------------------------------------------------------
Detection CSV: baseline_03_forward_motion_Roll_pulse_W10_N3_mean1.25x_detection.csv
Unique PredictionFile values: 1
PredictionFile: baseline_03_forward_motion_ATT_trained_hybrid_prediction_outputs.csv
Detection rows using this PredictionFile: 227
Prediction rows available: 227
Alignment method: row_order_min_length
Aligned rows: 227
[FAIL] Roll: Clean max mismatch=9.801e-03, V9 max mismatch=0.000e+00, components=OK
[FAIL] Pitch: Missing detection CleanFuture column; Missing detection V9PredictedFuture column
[FAIL] Yaw: Missing detection CleanFuture column; Missing detection V9PredictedFuture column

------------------------------------------------------------
Detection CSV: baseline_03_forward_motion_Roll_pulse_W10_N3_mean1.5x_detection.csv
Unique PredictionFile values: 1
PredictionFile: baseline_03_forward_motion_ATT_trained_hybrid_prediction_outputs.csv
Detection rows using this PredictionFile: 227
Prediction rows available: 227
Alignment method: row_order_min_length
Aligned rows: 227
[FAIL] Roll: Clean max mismatch=9.801e-03, V9 max mismatch=0.000e+00, components=OK
[FAIL] Pitch: Missing detection CleanFuture column; Missing detection V9PredictedFuture column
[FAIL] Yaw: Missing detection CleanFuture column; Missing detection V9PredictedFuture column

------------------------------------------------------------
Detection CSV: baseline_03_forward_motion_Roll_pulse_W10_N3_mean1x_detection.csv
Unique PredictionFile values: 1
PredictionFile: baseline_03_forward_motion_ATT_trained_hybrid_prediction_outputs.csv
Detection rows using this PredictionFile: 227
Prediction rows available: 227
Alignment method: row_order_min_length
Aligned rows: 227
[FAIL] Roll: Clean max mismatch=9.801e-03, V9 max mismatch=0.000e+00, components=OK
[FAIL] Pitch: Missing detection CleanFuture column; Missing detection V9PredictedFuture column
[FAIL] Yaw: Missing detection CleanFuture column; Missing detection V9PredictedFuture column

------------------------------------------------------------
Detection CSV: baseline_03_forward_motion_Roll_pulse_W20_N5_mean1.25x_detection.csv
Unique PredictionFile values: 1
PredictionFile: baseline_03_forward_motion_ATT_trained_hybrid_prediction_outputs.csv
Detection rows using this PredictionFile: 227
Prediction rows available: 227
Alignment method: row_order_min_length
Aligned rows: 227
[FAIL] Roll: Clean max mismatch=9.801e-03, V9 max mismatch=0.000e+00, components=OK
[FAIL] Pitch: Missing detection CleanFuture column; Missing detection V9PredictedFuture column
[FAIL] Yaw: Missing detection CleanFuture column; Missing detection V9PredictedFuture column

------------------------------------------------------------
Detection CSV: baseline_03_forward_motion_Roll_pulse_W20_N5_mean1.5x_detection.csv
Unique PredictionFile values: 1
PredictionFile: baseline_03_forward_motion_ATT_trained_hybrid_prediction_outputs.csv
Detection rows using this PredictionFile: 227
Prediction rows available: 227
Alignment method: row_order_min_length
Aligned rows: 227
[FAIL] Roll: Clean max mismatch=9.801e-03, V9 max mismatch=0.000e+00, components=OK
[FAIL] Pitch: Missing detection CleanFuture column; Missing detection V9PredictedFuture column
[FAIL] Yaw: Missing detection CleanFuture column; Missing detection V9PredictedFuture column

------------------------------------------------------------
Detection CSV: baseline_03_forward_motion_Roll_pulse_W20_N5_mean1x_detection.csv
Unique PredictionFile values: 1
PredictionFile: baseline_03_forward_motion_ATT_trained_hybrid_prediction_outputs.csv
Detection rows using this PredictionFile: 227
Prediction rows available: 227
Alignment method: row_order_min_length
Aligned rows: 227
[FAIL] Roll: Clean max mismatch=9.801e-03, V9 max mismatch=0.000e+00, components=OK
[FAIL] Pitch: Missing detection CleanFuture column; Missing detection V9PredictedFuture column
[FAIL] Yaw: Missing detection CleanFuture column; Missing detection V9PredictedFuture column

------------------------------------------------------------
Detection CSV: baseline_03_forward_motion_Roll_pulse_W30_N8_mean1.25x_detection.csv
Unique PredictionFile values: 1
PredictionFile: baseline_03_forward_motion_ATT_trained_hybrid_prediction_outputs.csv
Detection rows using this PredictionFile: 227
Prediction rows available: 227
Alignment method: row_order_min_length
Aligned rows: 227
[FAIL] Roll: Clean max mismatch=9.801e-03, V9 max mismatch=0.000e+00, components=OK
[FAIL] Pitch: Missing detection CleanFuture column; Missing detection V9PredictedFuture column
[FAIL] Yaw: Missing detection CleanFuture column; Missing detection V9PredictedFuture column

------------------------------------------------------------
Detection CSV: baseline_03_forward_motion_Roll_pulse_W30_N8_mean1.5x_detection.csv
Unique PredictionFile values: 1
PredictionFile: baseline_03_forward_motion_ATT_trained_hybrid_prediction_outputs.csv
Detection rows using this PredictionFile: 227
Prediction rows available: 227
Alignment method: row_order_min_length
Aligned rows: 227
[FAIL] Roll: Clean max mismatch=9.801e-03, V9 max mismatch=0.000e+00, components=OK
[FAIL] Pitch: Missing detection CleanFuture column; Missing detection V9PredictedFuture column
[FAIL] Yaw: Missing detection CleanFuture column; Missing detection V9PredictedFuture column

------------------------------------------------------------
Detection CSV: baseline_03_forward_motion_Roll_pulse_W30_N8_mean1x_detection.csv
Unique PredictionFile values: 1
PredictionFile: baseline_03_forward_motion_ATT_trained_hybrid_prediction_outputs.csv
Detection rows using this PredictionFile: 227
Prediction rows available: 227
Alignment method: row_order_min_length
Aligned rows: 227
[FAIL] Roll: Clean max mismatch=9.801e-03, V9 max mismatch=0.000e+00, components=OK
[FAIL] Pitch: Missing detection CleanFuture column; Missing detection V9PredictedFuture column
[FAIL] Yaw: Missing detection CleanFuture column; Missing detection V9PredictedFuture column

------------------------------------------------------------
Detection CSV: baseline_03_forward_motion_Roll_ramp_W10_N3_mean1.25x_detection.csv
Unique PredictionFile values: 1
PredictionFile: baseline_03_forward_motion_ATT_trained_hybrid_prediction_outputs.csv
Detection rows using this PredictionFile: 227
Prediction rows available: 227
Alignment method: row_order_min_length
Aligned rows: 227
[FAIL] Roll: Clean max mismatch=9.801e-03, V9 max mismatch=0.000e+00, components=OK
[FAIL] Pitch: Missing detection CleanFuture column; Missing detection V9PredictedFuture column
[FAIL] Yaw: Missing detection CleanFuture column; Missing detection V9PredictedFuture column

------------------------------------------------------------
Detection CSV: baseline_03_forward_motion_Roll_ramp_W10_N3_mean1.5x_detection.csv
Unique PredictionFile values: 1
PredictionFile: baseline_03_forward_motion_ATT_trained_hybrid_prediction_outputs.csv
Detection rows using this PredictionFile: 227
Prediction rows available: 227
Alignment method: row_order_min_length
Aligned rows: 227
[FAIL] Roll: Clean max mismatch=9.801e-03, V9 max mismatch=0.000e+00, components=OK
[FAIL] Pitch: Missing detection CleanFuture column; Missing detection V9PredictedFuture column
[FAIL] Yaw: Missing detection CleanFuture column; Missing detection V9PredictedFuture column

------------------------------------------------------------
Detection CSV: baseline_03_forward_motion_Roll_ramp_W10_N3_mean1x_detection.csv
Unique PredictionFile values: 1
PredictionFile: baseline_03_forward_motion_ATT_trained_hybrid_prediction_outputs.csv
Detection rows using this PredictionFile: 227
Prediction rows available: 227
Alignment method: row_order_min_length
Aligned rows: 227
[FAIL] Roll: Clean max mismatch=9.801e-03, V9 max mismatch=0.000e+00, components=OK
[FAIL] Pitch: Missing detection CleanFuture column; Missing detection V9PredictedFuture column
[FAIL] Yaw: Missing detection CleanFuture column; Missing detection V9PredictedFuture column

------------------------------------------------------------
Detection CSV: baseline_03_forward_motion_Roll_ramp_W20_N5_mean1.25x_detection.csv
Unique PredictionFile values: 1
PredictionFile: baseline_03_forward_motion_ATT_trained_hybrid_prediction_outputs.csv
Detection rows using this PredictionFile: 227
Prediction rows available: 227
Alignment method: row_order_min_length
Aligned rows: 227
[FAIL] Roll: Clean max mismatch=9.801e-03, V9 max mismatch=0.000e+00, components=OK
[FAIL] Pitch: Missing detection CleanFuture column; Missing detection V9PredictedFuture column
[FAIL] Yaw: Missing detection CleanFuture column; Missing detection V9PredictedFuture column

------------------------------------------------------------
Detection CSV: baseline_03_forward_motion_Roll_ramp_W20_N5_mean1.5x_detection.csv
Unique PredictionFile values: 1
PredictionFile: baseline_03_forward_motion_ATT_trained_hybrid_prediction_outputs.csv
Detection rows using this PredictionFile: 227
Prediction rows available: 227
Alignment method: row_order_min_length
Aligned rows: 227
[FAIL] Roll: Clean max mismatch=9.801e-03, V9 max mismatch=0.000e+00, components=OK
[FAIL] Pitch: Missing detection CleanFuture column; Missing detection V9PredictedFuture column
[FAIL] Yaw: Missing detection CleanFuture column; Missing detection V9PredictedFuture column

------------------------------------------------------------
Detection CSV: baseline_03_forward_motion_Roll_ramp_W20_N5_mean1x_detection.csv
Unique PredictionFile values: 1
PredictionFile: baseline_03_forward_motion_ATT_trained_hybrid_prediction_outputs.csv
Detection rows using this PredictionFile: 227
Prediction rows available: 227
Alignment method: row_order_min_length
Aligned rows: 227
[FAIL] Roll: Clean max mismatch=9.801e-03, V9 max mismatch=0.000e+00, components=OK
[FAIL] Pitch: Missing detection CleanFuture column; Missing detection V9PredictedFuture column
[FAIL] Yaw: Missing detection CleanFuture column; Missing detection V9PredictedFuture column

------------------------------------------------------------
Detection CSV: baseline_03_forward_motion_Roll_ramp_W30_N8_mean1.25x_detection.csv
Unique PredictionFile values: 1
PredictionFile: baseline_03_forward_motion_ATT_trained_hybrid_prediction_outputs.csv
Detection rows using this PredictionFile: 227
Prediction rows available: 227
Alignment method: row_order_min_length
Aligned rows: 227
[FAIL] Roll: Clean max mismatch=9.801e-03, V9 max mismatch=0.000e+00, components=OK
[FAIL] Pitch: Missing detection CleanFuture column; Missing detection V9PredictedFuture column
[FAIL] Yaw: Missing detection CleanFuture column; Missing detection V9PredictedFuture column

------------------------------------------------------------
Detection CSV: baseline_03_forward_motion_Roll_ramp_W30_N8_mean1.5x_detection.csv
Unique PredictionFile values: 1
PredictionFile: baseline_03_forward_motion_ATT_trained_hybrid_prediction_outputs.csv
Detection rows using this PredictionFile: 227
Prediction rows available: 227
Alignment method: row_order_min_length
Aligned rows: 227
[FAIL] Roll: Clean max mismatch=9.801e-03, V9 max mismatch=0.000e+00, components=OK
[FAIL] Pitch: Missing detection CleanFuture column; Missing detection V9PredictedFuture column
[FAIL] Yaw: Missing detection CleanFuture column; Missing detection V9PredictedFuture column

------------------------------------------------------------
Detection CSV: baseline_03_forward_motion_Roll_ramp_W30_N8_mean1x_detection.csv
Unique PredictionFile values: 1
PredictionFile: baseline_03_forward_motion_ATT_trained_hybrid_prediction_outputs.csv
Detection rows using this PredictionFile: 227
Prediction rows available: 227
Alignment method: row_order_min_length
Aligned rows: 227
[FAIL] Roll: Clean max mismatch=9.801e-03, V9 max mismatch=0.000e+00, components=OK
[FAIL] Pitch: Missing detection CleanFuture column; Missing detection V9PredictedFuture column
[FAIL] Yaw: Missing detection CleanFuture column; Missing detection V9PredictedFuture column

------------------------------------------------------------
Detection CSV: baseline_03_forward_motion_Yaw_bias_W10_N3_mean1.25x_detection.csv
Unique PredictionFile values: 1
PredictionFile: baseline_03_forward_motion_ATT_trained_hybrid_prediction_outputs.csv
Detection rows using this PredictionFile: 227
Prediction rows available: 227
Alignment method: row_order_min_length
Aligned rows: 227
[FAIL] Roll: Missing detection CleanFuture column; Missing detection V9PredictedFuture column
[FAIL] Pitch: Missing detection CleanFuture column; Missing detection V9PredictedFuture column
[FAIL] Yaw: Clean max mismatch=4.272e-03, V9 max mismatch=0.000e+00, components=OK

------------------------------------------------------------
Detection CSV: baseline_03_forward_motion_Yaw_bias_W10_N3_mean1.5x_detection.csv
Unique PredictionFile values: 1
PredictionFile: baseline_03_forward_motion_ATT_trained_hybrid_prediction_outputs.csv
Detection rows using this PredictionFile: 227
Prediction rows available: 227
Alignment method: row_order_min_length
Aligned rows: 227
[FAIL] Roll: Missing detection CleanFuture column; Missing detection V9PredictedFuture column
[FAIL] Pitch: Missing detection CleanFuture column; Missing detection V9PredictedFuture column
[FAIL] Yaw: Clean max mismatch=4.272e-03, V9 max mismatch=0.000e+00, components=OK

------------------------------------------------------------
Detection CSV: baseline_03_forward_motion_Yaw_bias_W10_N3_mean1x_detection.csv
Unique PredictionFile values: 1
PredictionFile: baseline_03_forward_motion_ATT_trained_hybrid_prediction_outputs.csv
Detection rows using this PredictionFile: 227
Prediction rows available: 227
Alignment method: row_order_min_length
Aligned rows: 227
[FAIL] Roll: Missing detection CleanFuture column; Missing detection V9PredictedFuture column
[FAIL] Pitch: Missing detection CleanFuture column; Missing detection V9PredictedFuture column
[FAIL] Yaw: Clean max mismatch=4.272e-03, V9 max mismatch=0.000e+00, components=OK

------------------------------------------------------------
Detection CSV: baseline_03_forward_motion_Yaw_bias_W20_N5_mean1.25x_detection.csv
Unique PredictionFile values: 1
PredictionFile: baseline_03_forward_motion_ATT_trained_hybrid_prediction_outputs.csv
Detection rows using this PredictionFile: 227
Prediction rows available: 227
Alignment method: row_order_min_length
Aligned rows: 227
[FAIL] Roll: Missing detection CleanFuture column; Missing detection V9PredictedFuture column
[FAIL] Pitch: Missing detection CleanFuture column; Missing detection V9PredictedFuture column
[FAIL] Yaw: Clean max mismatch=4.272e-03, V9 max mismatch=0.000e+00, components=OK

------------------------------------------------------------
Detection CSV: baseline_03_forward_motion_Yaw_bias_W20_N5_mean1.5x_detection.csv
Unique PredictionFile values: 1
PredictionFile: baseline_03_forward_motion_ATT_trained_hybrid_prediction_outputs.csv
Detection rows using this PredictionFile: 227
Prediction rows available: 227
Alignment method: row_order_min_length
Aligned rows: 227
[FAIL] Roll: Missing detection CleanFuture column; Missing detection V9PredictedFuture column
[FAIL] Pitch: Missing detection CleanFuture column; Missing detection V9PredictedFuture column
[FAIL] Yaw: Clean max mismatch=4.272e-03, V9 max mismatch=0.000e+00, components=OK

------------------------------------------------------------
Detection CSV: baseline_03_forward_motion_Yaw_bias_W20_N5_mean1x_detection.csv
Unique PredictionFile values: 1
PredictionFile: baseline_03_forward_motion_ATT_trained_hybrid_prediction_outputs.csv
Detection rows using this PredictionFile: 227
Prediction rows available: 227
Alignment method: row_order_min_length
Aligned rows: 227
[FAIL] Roll: Missing detection CleanFuture column; Missing detection V9PredictedFuture column
[FAIL] Pitch: Missing detection CleanFuture column; Missing detection V9PredictedFuture column
[FAIL] Yaw: Clean max mismatch=4.272e-03, V9 max mismatch=0.000e+00, components=OK

------------------------------------------------------------
Detection CSV: baseline_03_forward_motion_Yaw_bias_W30_N8_mean1.25x_detection.csv
Unique PredictionFile values: 1
PredictionFile: baseline_03_forward_motion_ATT_trained_hybrid_prediction_outputs.csv
Detection rows using this PredictionFile: 227
Prediction rows available: 227
Alignment method: row_order_min_length
Aligned rows: 227
[FAIL] Roll: Missing detection CleanFuture column; Missing detection V9PredictedFuture column
[FAIL] Pitch: Missing detection CleanFuture column; Missing detection V9PredictedFuture column
[FAIL] Yaw: Clean max mismatch=4.272e-03, V9 max mismatch=0.000e+00, components=OK

------------------------------------------------------------
Detection CSV: baseline_03_forward_motion_Yaw_bias_W30_N8_mean1.5x_detection.csv
Unique PredictionFile values: 1
PredictionFile: baseline_03_forward_motion_ATT_trained_hybrid_prediction_outputs.csv
Detection rows using this PredictionFile: 227
Prediction rows available: 227
Alignment method: row_order_min_length
Aligned rows: 227
[FAIL] Roll: Missing detection CleanFuture column; Missing detection V9PredictedFuture column
[FAIL] Pitch: Missing detection CleanFuture column; Missing detection V9PredictedFuture column
[FAIL] Yaw: Clean max mismatch=4.272e-03, V9 max mismatch=0.000e+00, components=OK

------------------------------------------------------------
Detection CSV: baseline_03_forward_motion_Yaw_bias_W30_N8_mean1x_detection.csv
Unique PredictionFile values: 1
PredictionFile: baseline_03_forward_motion_ATT_trained_hybrid_prediction_outputs.csv
Detection rows using this PredictionFile: 227
Prediction rows available: 227
Alignment method: row_order_min_length
Aligned rows: 227
[FAIL] Roll: Missing detection CleanFuture column; Missing detection V9PredictedFuture column
[FAIL] Pitch: Missing detection CleanFuture column; Missing detection V9PredictedFuture column
[FAIL] Yaw: Clean max mismatch=4.272e-03, V9 max mismatch=0.000e+00, components=OK

------------------------------------------------------------
Detection CSV: baseline_03_forward_motion_Yaw_pulse_W10_N3_mean1.25x_detection.csv
Unique PredictionFile values: 1
PredictionFile: baseline_03_forward_motion_ATT_trained_hybrid_prediction_outputs.csv
Detection rows using this PredictionFile: 227
Prediction rows available: 227
Alignment method: row_order_min_length
Aligned rows: 227
[FAIL] Roll: Missing detection CleanFuture column; Missing detection V9PredictedFuture column
[FAIL] Pitch: Missing detection CleanFuture column; Missing detection V9PredictedFuture column
[FAIL] Yaw: Clean max mismatch=4.272e-03, V9 max mismatch=0.000e+00, components=OK

------------------------------------------------------------
Detection CSV: baseline_03_forward_motion_Yaw_pulse_W10_N3_mean1.5x_detection.csv
Unique PredictionFile values: 1
PredictionFile: baseline_03_forward_motion_ATT_trained_hybrid_prediction_outputs.csv
Detection rows using this PredictionFile: 227
Prediction rows available: 227
Alignment method: row_order_min_length
Aligned rows: 227
[FAIL] Roll: Missing detection CleanFuture column; Missing detection V9PredictedFuture column
[FAIL] Pitch: Missing detection CleanFuture column; Missing detection V9PredictedFuture column
[FAIL] Yaw: Clean max mismatch=4.272e-03, V9 max mismatch=0.000e+00, components=OK

------------------------------------------------------------
Detection CSV: baseline_03_forward_motion_Yaw_pulse_W10_N3_mean1x_detection.csv
Unique PredictionFile values: 1
PredictionFile: baseline_03_forward_motion_ATT_trained_hybrid_prediction_outputs.csv
Detection rows using this PredictionFile: 227
Prediction rows available: 227
Alignment method: row_order_min_length
Aligned rows: 227
[FAIL] Roll: Missing detection CleanFuture column; Missing detection V9PredictedFuture column
[FAIL] Pitch: Missing detection CleanFuture column; Missing detection V9PredictedFuture column
[FAIL] Yaw: Clean max mismatch=4.272e-03, V9 max mismatch=0.000e+00, components=OK

------------------------------------------------------------
Detection CSV: baseline_03_forward_motion_Yaw_pulse_W20_N5_mean1.25x_detection.csv
Unique PredictionFile values: 1
PredictionFile: baseline_03_forward_motion_ATT_trained_hybrid_prediction_outputs.csv
Detection rows using this PredictionFile: 227
Prediction rows available: 227
Alignment method: row_order_min_length
Aligned rows: 227
[FAIL] Roll: Missing detection CleanFuture column; Missing detection V9PredictedFuture column
[FAIL] Pitch: Missing detection CleanFuture column; Missing detection V9PredictedFuture column
[FAIL] Yaw: Clean max mismatch=4.272e-03, V9 max mismatch=0.000e+00, components=OK

------------------------------------------------------------
Detection CSV: baseline_03_forward_motion_Yaw_pulse_W20_N5_mean1.5x_detection.csv
Unique PredictionFile values: 1
PredictionFile: baseline_03_forward_motion_ATT_trained_hybrid_prediction_outputs.csv
Detection rows using this PredictionFile: 227
Prediction rows available: 227
Alignment method: row_order_min_length
Aligned rows: 227
[FAIL] Roll: Missing detection CleanFuture column; Missing detection V9PredictedFuture column
[FAIL] Pitch: Missing detection CleanFuture column; Missing detection V9PredictedFuture column
[FAIL] Yaw: Clean max mismatch=4.272e-03, V9 max mismatch=0.000e+00, components=OK

------------------------------------------------------------
Detection CSV: baseline_03_forward_motion_Yaw_pulse_W20_N5_mean1x_detection.csv
Unique PredictionFile values: 1
PredictionFile: baseline_03_forward_motion_ATT_trained_hybrid_prediction_outputs.csv
Detection rows using this PredictionFile: 227
Prediction rows available: 227
Alignment method: row_order_min_length
Aligned rows: 227
[FAIL] Roll: Missing detection CleanFuture column; Missing detection V9PredictedFuture column
[FAIL] Pitch: Missing detection CleanFuture column; Missing detection V9PredictedFuture column
[FAIL] Yaw: Clean max mismatch=4.272e-03, V9 max mismatch=0.000e+00, components=OK

------------------------------------------------------------
Detection CSV: baseline_03_forward_motion_Yaw_pulse_W30_N8_mean1.25x_detection.csv
Unique PredictionFile values: 1
PredictionFile: baseline_03_forward_motion_ATT_trained_hybrid_prediction_outputs.csv
Detection rows using this PredictionFile: 227
Prediction rows available: 227
Alignment method: row_order_min_length
Aligned rows: 227
[FAIL] Roll: Missing detection CleanFuture column; Missing detection V9PredictedFuture column
[FAIL] Pitch: Missing detection CleanFuture column; Missing detection V9PredictedFuture column
[FAIL] Yaw: Clean max mismatch=4.272e-03, V9 max mismatch=0.000e+00, components=OK

------------------------------------------------------------
Detection CSV: baseline_03_forward_motion_Yaw_pulse_W30_N8_mean1.5x_detection.csv
Unique PredictionFile values: 1
PredictionFile: baseline_03_forward_motion_ATT_trained_hybrid_prediction_outputs.csv
Detection rows using this PredictionFile: 227
Prediction rows available: 227
Alignment method: row_order_min_length
Aligned rows: 227
[FAIL] Roll: Missing detection CleanFuture column; Missing detection V9PredictedFuture column
[FAIL] Pitch: Missing detection CleanFuture column; Missing detection V9PredictedFuture column
[FAIL] Yaw: Clean max mismatch=4.272e-03, V9 max mismatch=0.000e+00, components=OK

------------------------------------------------------------
Detection CSV: baseline_03_forward_motion_Yaw_pulse_W30_N8_mean1x_detection.csv
Unique PredictionFile values: 1
PredictionFile: baseline_03_forward_motion_ATT_trained_hybrid_prediction_outputs.csv
Detection rows using this PredictionFile: 227
Prediction rows available: 227
Alignment method: row_order_min_length
Aligned rows: 227
[FAIL] Roll: Missing detection CleanFuture column; Missing detection V9PredictedFuture column
[FAIL] Pitch: Missing detection CleanFuture column; Missing detection V9PredictedFuture column
[FAIL] Yaw: Clean max mismatch=4.272e-03, V9 max mismatch=0.000e+00, components=OK

------------------------------------------------------------
Detection CSV: baseline_03_forward_motion_Yaw_ramp_W10_N3_mean1.25x_detection.csv
Unique PredictionFile values: 1
PredictionFile: baseline_03_forward_motion_ATT_trained_hybrid_prediction_outputs.csv
Detection rows using this PredictionFile: 227
Prediction rows available: 227
Alignment method: row_order_min_length
Aligned rows: 227
[FAIL] Roll: Missing detection CleanFuture column; Missing detection V9PredictedFuture column
[FAIL] Pitch: Missing detection CleanFuture column; Missing detection V9PredictedFuture column
[FAIL] Yaw: Clean max mismatch=4.272e-03, V9 max mismatch=0.000e+00, components=OK

------------------------------------------------------------
Detection CSV: baseline_03_forward_motion_Yaw_ramp_W10_N3_mean1.5x_detection.csv
Unique PredictionFile values: 1
PredictionFile: baseline_03_forward_motion_ATT_trained_hybrid_prediction_outputs.csv
Detection rows using this PredictionFile: 227
Prediction rows available: 227
Alignment method: row_order_min_length
Aligned rows: 227
[FAIL] Roll: Missing detection CleanFuture column; Missing detection V9PredictedFuture column
[FAIL] Pitch: Missing detection CleanFuture column; Missing detection V9PredictedFuture column
[FAIL] Yaw: Clean max mismatch=4.272e-03, V9 max mismatch=0.000e+00, components=OK

------------------------------------------------------------
Detection CSV: baseline_03_forward_motion_Yaw_ramp_W10_N3_mean1x_detection.csv
Unique PredictionFile values: 1
PredictionFile: baseline_03_forward_motion_ATT_trained_hybrid_prediction_outputs.csv
Detection rows using this PredictionFile: 227
Prediction rows available: 227
Alignment method: row_order_min_length
Aligned rows: 227
[FAIL] Roll: Missing detection CleanFuture column; Missing detection V9PredictedFuture column
[FAIL] Pitch: Missing detection CleanFuture column; Missing detection V9PredictedFuture column
[FAIL] Yaw: Clean max mismatch=4.272e-03, V9 max mismatch=0.000e+00, components=OK

------------------------------------------------------------
Detection CSV: baseline_03_forward_motion_Yaw_ramp_W20_N5_mean1.25x_detection.csv
Unique PredictionFile values: 1
PredictionFile: baseline_03_forward_motion_ATT_trained_hybrid_prediction_outputs.csv
Detection rows using this PredictionFile: 227
Prediction rows available: 227
Alignment method: row_order_min_length
Aligned rows: 227
[FAIL] Roll: Missing detection CleanFuture column; Missing detection V9PredictedFuture column
[FAIL] Pitch: Missing detection CleanFuture column; Missing detection V9PredictedFuture column
[FAIL] Yaw: Clean max mismatch=4.272e-03, V9 max mismatch=0.000e+00, components=OK

------------------------------------------------------------
Detection CSV: baseline_03_forward_motion_Yaw_ramp_W20_N5_mean1.5x_detection.csv
Unique PredictionFile values: 1
PredictionFile: baseline_03_forward_motion_ATT_trained_hybrid_prediction_outputs.csv
Detection rows using this PredictionFile: 227
Prediction rows available: 227
Alignment method: row_order_min_length
Aligned rows: 227
[FAIL] Roll: Missing detection CleanFuture column; Missing detection V9PredictedFuture column
[FAIL] Pitch: Missing detection CleanFuture column; Missing detection V9PredictedFuture column
[FAIL] Yaw: Clean max mismatch=4.272e-03, V9 max mismatch=0.000e+00, components=OK

------------------------------------------------------------
Detection CSV: baseline_03_forward_motion_Yaw_ramp_W20_N5_mean1x_detection.csv
Unique PredictionFile values: 1
PredictionFile: baseline_03_forward_motion_ATT_trained_hybrid_prediction_outputs.csv
Detection rows using this PredictionFile: 227
Prediction rows available: 227
Alignment method: row_order_min_length
Aligned rows: 227
[FAIL] Roll: Missing detection CleanFuture column; Missing detection V9PredictedFuture column
[FAIL] Pitch: Missing detection CleanFuture column; Missing detection V9PredictedFuture column
[FAIL] Yaw: Clean max mismatch=4.272e-03, V9 max mismatch=0.000e+00, components=OK

------------------------------------------------------------
Detection CSV: baseline_03_forward_motion_Yaw_ramp_W30_N8_mean1.25x_detection.csv
Unique PredictionFile values: 1
PredictionFile: baseline_03_forward_motion_ATT_trained_hybrid_prediction_outputs.csv
Detection rows using this PredictionFile: 227
Prediction rows available: 227
Alignment method: row_order_min_length
Aligned rows: 227
[FAIL] Roll: Missing detection CleanFuture column; Missing detection V9PredictedFuture column
[FAIL] Pitch: Missing detection CleanFuture column; Missing detection V9PredictedFuture column
[FAIL] Yaw: Clean max mismatch=4.272e-03, V9 max mismatch=0.000e+00, components=OK

------------------------------------------------------------
Detection CSV: baseline_03_forward_motion_Yaw_ramp_W30_N8_mean1.5x_detection.csv
Unique PredictionFile values: 1
PredictionFile: baseline_03_forward_motion_ATT_trained_hybrid_prediction_outputs.csv
Detection rows using this PredictionFile: 227
Prediction rows available: 227
Alignment method: row_order_min_length
Aligned rows: 227
[FAIL] Roll: Missing detection CleanFuture column; Missing detection V9PredictedFuture column
[FAIL] Pitch: Missing detection CleanFuture column; Missing detection V9PredictedFuture column
[FAIL] Yaw: Clean max mismatch=4.272e-03, V9 max mismatch=0.000e+00, components=OK

------------------------------------------------------------
Detection CSV: baseline_03_forward_motion_Yaw_ramp_W30_N8_mean1x_detection.csv
Unique PredictionFile values: 1
PredictionFile: baseline_03_forward_motion_ATT_trained_hybrid_prediction_outputs.csv
Detection rows using this PredictionFile: 227
Prediction rows available: 227
Alignment method: row_order_min_length
Aligned rows: 227
[FAIL] Roll: Missing detection CleanFuture column; Missing detection V9PredictedFuture column
[FAIL] Pitch: Missing detection CleanFuture column; Missing detection V9PredictedFuture column
[FAIL] Yaw: Clean max mismatch=4.272e-03, V9 max mismatch=0.000e+00, components=OK

------------------------------------------------------------
Detection CSV: baseline_04_yaw_rotation_Yaw_bias_W10_N3_mean1.25x_detection.csv
Unique PredictionFile values: 1
PredictionFile: baseline_04_yaw_rotation_ATT_trained_hybrid_prediction_outputs.csv
Detection rows using this PredictionFile: 369
Prediction rows available: 369
Alignment method: row_order_min_length
Aligned rows: 369
[FAIL] Roll: Missing detection CleanFuture column; Missing detection V9PredictedFuture column
[FAIL] Pitch: Missing detection CleanFuture column; Missing detection V9PredictedFuture column
[FAIL] Yaw: Clean max mismatch=5.081e-03, V9 max mismatch=0.000e+00, components=OK

------------------------------------------------------------
Detection CSV: baseline_04_yaw_rotation_Yaw_bias_W10_N3_mean1.5x_detection.csv
Unique PredictionFile values: 1
PredictionFile: baseline_04_yaw_rotation_ATT_trained_hybrid_prediction_outputs.csv
Detection rows using this PredictionFile: 369
Prediction rows available: 369
Alignment method: row_order_min_length
Aligned rows: 369
[FAIL] Roll: Missing detection CleanFuture column; Missing detection V9PredictedFuture column
[FAIL] Pitch: Missing detection CleanFuture column; Missing detection V9PredictedFuture column
[FAIL] Yaw: Clean max mismatch=5.081e-03, V9 max mismatch=0.000e+00, components=OK

------------------------------------------------------------
Detection CSV: baseline_04_yaw_rotation_Yaw_bias_W10_N3_mean1x_detection.csv
Unique PredictionFile values: 1
PredictionFile: baseline_04_yaw_rotation_ATT_trained_hybrid_prediction_outputs.csv
Detection rows using this PredictionFile: 369
Prediction rows available: 369
Alignment method: row_order_min_length
Aligned rows: 369
[FAIL] Roll: Missing detection CleanFuture column; Missing detection V9PredictedFuture column
[FAIL] Pitch: Missing detection CleanFuture column; Missing detection V9PredictedFuture column
[FAIL] Yaw: Clean max mismatch=5.081e-03, V9 max mismatch=0.000e+00, components=OK

------------------------------------------------------------
Detection CSV: baseline_04_yaw_rotation_Yaw_bias_W20_N5_mean1.25x_detection.csv
Unique PredictionFile values: 1
PredictionFile: baseline_04_yaw_rotation_ATT_trained_hybrid_prediction_outputs.csv
Detection rows using this PredictionFile: 369
Prediction rows available: 369
Alignment method: row_order_min_length
Aligned rows: 369
[FAIL] Roll: Missing detection CleanFuture column; Missing detection V9PredictedFuture column
[FAIL] Pitch: Missing detection CleanFuture column; Missing detection V9PredictedFuture column
[FAIL] Yaw: Clean max mismatch=5.081e-03, V9 max mismatch=0.000e+00, components=OK

------------------------------------------------------------
Detection CSV: baseline_04_yaw_rotation_Yaw_bias_W20_N5_mean1.5x_detection.csv
Unique PredictionFile values: 1
PredictionFile: baseline_04_yaw_rotation_ATT_trained_hybrid_prediction_outputs.csv
Detection rows using this PredictionFile: 369
Prediction rows available: 369
Alignment method: row_order_min_length
Aligned rows: 369
[FAIL] Roll: Missing detection CleanFuture column; Missing detection V9PredictedFuture column
[FAIL] Pitch: Missing detection CleanFuture column; Missing detection V9PredictedFuture column
[FAIL] Yaw: Clean max mismatch=5.081e-03, V9 max mismatch=0.000e+00, components=OK

------------------------------------------------------------
Detection CSV: baseline_04_yaw_rotation_Yaw_bias_W20_N5_mean1x_detection.csv
Unique PredictionFile values: 1
PredictionFile: baseline_04_yaw_rotation_ATT_trained_hybrid_prediction_outputs.csv
Detection rows using this PredictionFile: 369
Prediction rows available: 369
Alignment method: row_order_min_length
Aligned rows: 369
[FAIL] Roll: Missing detection CleanFuture column; Missing detection V9PredictedFuture column
[FAIL] Pitch: Missing detection CleanFuture column; Missing detection V9PredictedFuture column
[FAIL] Yaw: Clean max mismatch=5.081e-03, V9 max mismatch=0.000e+00, components=OK

------------------------------------------------------------
Detection CSV: baseline_04_yaw_rotation_Yaw_bias_W30_N8_mean1.25x_detection.csv
Unique PredictionFile values: 1
PredictionFile: baseline_04_yaw_rotation_ATT_trained_hybrid_prediction_outputs.csv
Detection rows using this PredictionFile: 369
Prediction rows available: 369
Alignment method: row_order_min_length
Aligned rows: 369
[FAIL] Roll: Missing detection CleanFuture column; Missing detection V9PredictedFuture column
[FAIL] Pitch: Missing detection CleanFuture column; Missing detection V9PredictedFuture column
[FAIL] Yaw: Clean max mismatch=5.081e-03, V9 max mismatch=0.000e+00, components=OK

------------------------------------------------------------
Detection CSV: baseline_04_yaw_rotation_Yaw_bias_W30_N8_mean1.5x_detection.csv
Unique PredictionFile values: 1
PredictionFile: baseline_04_yaw_rotation_ATT_trained_hybrid_prediction_outputs.csv
Detection rows using this PredictionFile: 369
Prediction rows available: 369
Alignment method: row_order_min_length
Aligned rows: 369
[FAIL] Roll: Missing detection CleanFuture column; Missing detection V9PredictedFuture column
[FAIL] Pitch: Missing detection CleanFuture column; Missing detection V9PredictedFuture column
[FAIL] Yaw: Clean max mismatch=5.081e-03, V9 max mismatch=0.000e+00, components=OK

------------------------------------------------------------
Detection CSV: baseline_04_yaw_rotation_Yaw_bias_W30_N8_mean1x_detection.csv
Unique PredictionFile values: 1
PredictionFile: baseline_04_yaw_rotation_ATT_trained_hybrid_prediction_outputs.csv
Detection rows using this PredictionFile: 369
Prediction rows available: 369
Alignment method: row_order_min_length
Aligned rows: 369
[FAIL] Roll: Missing detection CleanFuture column; Missing detection V9PredictedFuture column
[FAIL] Pitch: Missing detection CleanFuture column; Missing detection V9PredictedFuture column
[FAIL] Yaw: Clean max mismatch=5.081e-03, V9 max mismatch=0.000e+00, components=OK

------------------------------------------------------------
Detection CSV: baseline_04_yaw_rotation_Yaw_pulse_W10_N3_mean1.25x_detection.csv
Unique PredictionFile values: 1
PredictionFile: baseline_04_yaw_rotation_ATT_trained_hybrid_prediction_outputs.csv
Detection rows using this PredictionFile: 369
Prediction rows available: 369
Alignment method: row_order_min_length
Aligned rows: 369
[FAIL] Roll: Missing detection CleanFuture column; Missing detection V9PredictedFuture column
[FAIL] Pitch: Missing detection CleanFuture column; Missing detection V9PredictedFuture column
[FAIL] Yaw: Clean max mismatch=5.081e-03, V9 max mismatch=0.000e+00, components=OK

------------------------------------------------------------
Detection CSV: baseline_04_yaw_rotation_Yaw_pulse_W10_N3_mean1.5x_detection.csv
Unique PredictionFile values: 1
PredictionFile: baseline_04_yaw_rotation_ATT_trained_hybrid_prediction_outputs.csv
Detection rows using this PredictionFile: 369
Prediction rows available: 369
Alignment method: row_order_min_length
Aligned rows: 369
[FAIL] Roll: Missing detection CleanFuture column; Missing detection V9PredictedFuture column
[FAIL] Pitch: Missing detection CleanFuture column; Missing detection V9PredictedFuture column
[FAIL] Yaw: Clean max mismatch=5.081e-03, V9 max mismatch=0.000e+00, components=OK

------------------------------------------------------------
Detection CSV: baseline_04_yaw_rotation_Yaw_pulse_W10_N3_mean1x_detection.csv
Unique PredictionFile values: 1
PredictionFile: baseline_04_yaw_rotation_ATT_trained_hybrid_prediction_outputs.csv
Detection rows using this PredictionFile: 369
Prediction rows available: 369
Alignment method: row_order_min_length
Aligned rows: 369
[FAIL] Roll: Missing detection CleanFuture column; Missing detection V9PredictedFuture column
[FAIL] Pitch: Missing detection CleanFuture column; Missing detection V9PredictedFuture column
[FAIL] Yaw: Clean max mismatch=5.081e-03, V9 max mismatch=0.000e+00, components=OK

------------------------------------------------------------
Detection CSV: baseline_04_yaw_rotation_Yaw_pulse_W20_N5_mean1.25x_detection.csv
Unique PredictionFile values: 1
PredictionFile: baseline_04_yaw_rotation_ATT_trained_hybrid_prediction_outputs.csv
Detection rows using this PredictionFile: 369
Prediction rows available: 369
Alignment method: row_order_min_length
Aligned rows: 369
[FAIL] Roll: Missing detection CleanFuture column; Missing detection V9PredictedFuture column
[FAIL] Pitch: Missing detection CleanFuture column; Missing detection V9PredictedFuture column
[FAIL] Yaw: Clean max mismatch=5.081e-03, V9 max mismatch=0.000e+00, components=OK

------------------------------------------------------------
Detection CSV: baseline_04_yaw_rotation_Yaw_pulse_W20_N5_mean1.5x_detection.csv
Unique PredictionFile values: 1
PredictionFile: baseline_04_yaw_rotation_ATT_trained_hybrid_prediction_outputs.csv
Detection rows using this PredictionFile: 369
Prediction rows available: 369
Alignment method: row_order_min_length
Aligned rows: 369
[FAIL] Roll: Missing detection CleanFuture column; Missing detection V9PredictedFuture column
[FAIL] Pitch: Missing detection CleanFuture column; Missing detection V9PredictedFuture column
[FAIL] Yaw: Clean max mismatch=5.081e-03, V9 max mismatch=0.000e+00, components=OK

------------------------------------------------------------
Detection CSV: baseline_04_yaw_rotation_Yaw_pulse_W20_N5_mean1x_detection.csv
Unique PredictionFile values: 1
PredictionFile: baseline_04_yaw_rotation_ATT_trained_hybrid_prediction_outputs.csv
Detection rows using this PredictionFile: 369
Prediction rows available: 369
Alignment method: row_order_min_length
Aligned rows: 369
[FAIL] Roll: Missing detection CleanFuture column; Missing detection V9PredictedFuture column
[FAIL] Pitch: Missing detection CleanFuture column; Missing detection V9PredictedFuture column
[FAIL] Yaw: Clean max mismatch=5.081e-03, V9 max mismatch=0.000e+00, components=OK

------------------------------------------------------------
Detection CSV: baseline_04_yaw_rotation_Yaw_pulse_W30_N8_mean1.25x_detection.csv
Unique PredictionFile values: 1
PredictionFile: baseline_04_yaw_rotation_ATT_trained_hybrid_prediction_outputs.csv
Detection rows using this PredictionFile: 369
Prediction rows available: 369
Alignment method: row_order_min_length
Aligned rows: 369
[FAIL] Roll: Missing detection CleanFuture column; Missing detection V9PredictedFuture column
[FAIL] Pitch: Missing detection CleanFuture column; Missing detection V9PredictedFuture column
[FAIL] Yaw: Clean max mismatch=5.081e-03, V9 max mismatch=0.000e+00, components=OK

------------------------------------------------------------
Detection CSV: baseline_04_yaw_rotation_Yaw_pulse_W30_N8_mean1.5x_detection.csv
Unique PredictionFile values: 1
PredictionFile: baseline_04_yaw_rotation_ATT_trained_hybrid_prediction_outputs.csv
Detection rows using this PredictionFile: 369
Prediction rows available: 369
Alignment method: row_order_min_length
Aligned rows: 369
[FAIL] Roll: Missing detection CleanFuture column; Missing detection V9PredictedFuture column
[FAIL] Pitch: Missing detection CleanFuture column; Missing detection V9PredictedFuture column
[FAIL] Yaw: Clean max mismatch=5.081e-03, V9 max mismatch=0.000e+00, components=OK

------------------------------------------------------------
Detection CSV: baseline_04_yaw_rotation_Yaw_pulse_W30_N8_mean1x_detection.csv
Unique PredictionFile values: 1
PredictionFile: baseline_04_yaw_rotation_ATT_trained_hybrid_prediction_outputs.csv
Detection rows using this PredictionFile: 369
Prediction rows available: 369
Alignment method: row_order_min_length
Aligned rows: 369
[FAIL] Roll: Missing detection CleanFuture column; Missing detection V9PredictedFuture column
[FAIL] Pitch: Missing detection CleanFuture column; Missing detection V9PredictedFuture column
[FAIL] Yaw: Clean max mismatch=5.081e-03, V9 max mismatch=0.000e+00, components=OK

------------------------------------------------------------
Detection CSV: baseline_04_yaw_rotation_Yaw_ramp_W10_N3_mean1.25x_detection.csv
Unique PredictionFile values: 1
PredictionFile: baseline_04_yaw_rotation_ATT_trained_hybrid_prediction_outputs.csv
Detection rows using this PredictionFile: 369
Prediction rows available: 369
Alignment method: row_order_min_length
Aligned rows: 369
[FAIL] Roll: Missing detection CleanFuture column; Missing detection V9PredictedFuture column
[FAIL] Pitch: Missing detection CleanFuture column; Missing detection V9PredictedFuture column
[FAIL] Yaw: Clean max mismatch=5.081e-03, V9 max mismatch=0.000e+00, components=OK

------------------------------------------------------------
Detection CSV: baseline_04_yaw_rotation_Yaw_ramp_W10_N3_mean1.5x_detection.csv
Unique PredictionFile values: 1
PredictionFile: baseline_04_yaw_rotation_ATT_trained_hybrid_prediction_outputs.csv
Detection rows using this PredictionFile: 369
Prediction rows available: 369
Alignment method: row_order_min_length
Aligned rows: 369
[FAIL] Roll: Missing detection CleanFuture column; Missing detection V9PredictedFuture column
[FAIL] Pitch: Missing detection CleanFuture column; Missing detection V9PredictedFuture column
[FAIL] Yaw: Clean max mismatch=5.081e-03, V9 max mismatch=0.000e+00, components=OK

------------------------------------------------------------
Detection CSV: baseline_04_yaw_rotation_Yaw_ramp_W10_N3_mean1x_detection.csv
Unique PredictionFile values: 1
PredictionFile: baseline_04_yaw_rotation_ATT_trained_hybrid_prediction_outputs.csv
Detection rows using this PredictionFile: 369
Prediction rows available: 369
Alignment method: row_order_min_length
Aligned rows: 369
[FAIL] Roll: Missing detection CleanFuture column; Missing detection V9PredictedFuture column
[FAIL] Pitch: Missing detection CleanFuture column; Missing detection V9PredictedFuture column
[FAIL] Yaw: Clean max mismatch=5.081e-03, V9 max mismatch=0.000e+00, components=OK

------------------------------------------------------------
Detection CSV: baseline_04_yaw_rotation_Yaw_ramp_W20_N5_mean1.25x_detection.csv
Unique PredictionFile values: 1
PredictionFile: baseline_04_yaw_rotation_ATT_trained_hybrid_prediction_outputs.csv
Detection rows using this PredictionFile: 369
Prediction rows available: 369
Alignment method: row_order_min_length
Aligned rows: 369
[FAIL] Roll: Missing detection CleanFuture column; Missing detection V9PredictedFuture column
[FAIL] Pitch: Missing detection CleanFuture column; Missing detection V9PredictedFuture column
[FAIL] Yaw: Clean max mismatch=5.081e-03, V9 max mismatch=0.000e+00, components=OK

------------------------------------------------------------
Detection CSV: baseline_04_yaw_rotation_Yaw_ramp_W20_N5_mean1.5x_detection.csv
Unique PredictionFile values: 1
PredictionFile: baseline_04_yaw_rotation_ATT_trained_hybrid_prediction_outputs.csv
Detection rows using this PredictionFile: 369
Prediction rows available: 369
Alignment method: row_order_min_length
Aligned rows: 369
[FAIL] Roll: Missing detection CleanFuture column; Missing detection V9PredictedFuture column
[FAIL] Pitch: Missing detection CleanFuture column; Missing detection V9PredictedFuture column
[FAIL] Yaw: Clean max mismatch=5.081e-03, V9 max mismatch=0.000e+00, components=OK

------------------------------------------------------------
Detection CSV: baseline_04_yaw_rotation_Yaw_ramp_W20_N5_mean1x_detection.csv
Unique PredictionFile values: 1
PredictionFile: baseline_04_yaw_rotation_ATT_trained_hybrid_prediction_outputs.csv
Detection rows using this PredictionFile: 369
Prediction rows available: 369
Alignment method: row_order_min_length
Aligned rows: 369
[FAIL] Roll: Missing detection CleanFuture column; Missing detection V9PredictedFuture column
[FAIL] Pitch: Missing detection CleanFuture column; Missing detection V9PredictedFuture column
[FAIL] Yaw: Clean max mismatch=5.081e-03, V9 max mismatch=0.000e+00, components=OK

------------------------------------------------------------
Detection CSV: baseline_04_yaw_rotation_Yaw_ramp_W30_N8_mean1.25x_detection.csv
Unique PredictionFile values: 1
PredictionFile: baseline_04_yaw_rotation_ATT_trained_hybrid_prediction_outputs.csv
Detection rows using this PredictionFile: 369
Prediction rows available: 369
Alignment method: row_order_min_length
Aligned rows: 369
[FAIL] Roll: Missing detection CleanFuture column; Missing detection V9PredictedFuture column
[FAIL] Pitch: Missing detection CleanFuture column; Missing detection V9PredictedFuture column
[FAIL] Yaw: Clean max mismatch=5.081e-03, V9 max mismatch=0.000e+00, components=OK

------------------------------------------------------------
Detection CSV: baseline_04_yaw_rotation_Yaw_ramp_W30_N8_mean1.5x_detection.csv
Unique PredictionFile values: 1
PredictionFile: baseline_04_yaw_rotation_ATT_trained_hybrid_prediction_outputs.csv
Detection rows using this PredictionFile: 369
Prediction rows available: 369
Alignment method: row_order_min_length
Aligned rows: 369
[FAIL] Roll: Missing detection CleanFuture column; Missing detection V9PredictedFuture column
[FAIL] Pitch: Missing detection CleanFuture column; Missing detection V9PredictedFuture column
[FAIL] Yaw: Clean max mismatch=5.081e-03, V9 max mismatch=0.000e+00, components=OK

------------------------------------------------------------
Detection CSV: baseline_04_yaw_rotation_Yaw_ramp_W30_N8_mean1x_detection.csv
Unique PredictionFile values: 1
PredictionFile: baseline_04_yaw_rotation_ATT_trained_hybrid_prediction_outputs.csv
Detection rows using this PredictionFile: 369
Prediction rows available: 369
Alignment method: row_order_min_length
Aligned rows: 369
[FAIL] Roll: Missing detection CleanFuture column; Missing detection V9PredictedFuture column
[FAIL] Pitch: Missing detection CleanFuture column; Missing detection V9PredictedFuture column
[FAIL] Yaw: Clean max mismatch=5.081e-03, V9 max mismatch=0.000e+00, components=OK

------------------------------------------------------------
Detection CSV: baseline_05_mixed_maneuver_Pitch_bias_W10_N3_mean1.25x_detection.csv
Unique PredictionFile values: 1
PredictionFile: baseline_05_mixed_maneuver_ATT_trained_hybrid_prediction_outputs.csv
Detection rows using this PredictionFile: 477
Prediction rows available: 477
Alignment method: row_order_min_length
Aligned rows: 477
[FAIL] Roll: Missing detection CleanFuture column; Missing detection V9PredictedFuture column
[FAIL] Pitch: Clean max mismatch=1.246e-02, V9 max mismatch=0.000e+00, components=OK
[FAIL] Yaw: Missing detection CleanFuture column; Missing detection V9PredictedFuture column

------------------------------------------------------------
Detection CSV: baseline_05_mixed_maneuver_Pitch_bias_W10_N3_mean1.5x_detection.csv
Unique PredictionFile values: 1
PredictionFile: baseline_05_mixed_maneuver_ATT_trained_hybrid_prediction_outputs.csv
Detection rows using this PredictionFile: 477
Prediction rows available: 477
Alignment method: row_order_min_length
Aligned rows: 477
[FAIL] Roll: Missing detection CleanFuture column; Missing detection V9PredictedFuture column
[FAIL] Pitch: Clean max mismatch=1.246e-02, V9 max mismatch=0.000e+00, components=OK
[FAIL] Yaw: Missing detection CleanFuture column; Missing detection V9PredictedFuture column

------------------------------------------------------------
Detection CSV: baseline_05_mixed_maneuver_Pitch_bias_W10_N3_mean1x_detection.csv
Unique PredictionFile values: 1
PredictionFile: baseline_05_mixed_maneuver_ATT_trained_hybrid_prediction_outputs.csv
Detection rows using this PredictionFile: 477
Prediction rows available: 477
Alignment method: row_order_min_length
Aligned rows: 477
[FAIL] Roll: Missing detection CleanFuture column; Missing detection V9PredictedFuture column
[FAIL] Pitch: Clean max mismatch=1.246e-02, V9 max mismatch=0.000e+00, components=OK
[FAIL] Yaw: Missing detection CleanFuture column; Missing detection V9PredictedFuture column

------------------------------------------------------------
Detection CSV: baseline_05_mixed_maneuver_Pitch_bias_W20_N5_mean1.25x_detection.csv
Unique PredictionFile values: 1
PredictionFile: baseline_05_mixed_maneuver_ATT_trained_hybrid_prediction_outputs.csv
Detection rows using this PredictionFile: 477
Prediction rows available: 477
Alignment method: row_order_min_length
Aligned rows: 477
[FAIL] Roll: Missing detection CleanFuture column; Missing detection V9PredictedFuture column
[FAIL] Pitch: Clean max mismatch=1.246e-02, V9 max mismatch=0.000e+00, components=OK
[FAIL] Yaw: Missing detection CleanFuture column; Missing detection V9PredictedFuture column

------------------------------------------------------------
Detection CSV: baseline_05_mixed_maneuver_Pitch_bias_W20_N5_mean1.5x_detection.csv
Unique PredictionFile values: 1
PredictionFile: baseline_05_mixed_maneuver_ATT_trained_hybrid_prediction_outputs.csv
Detection rows using this PredictionFile: 477
Prediction rows available: 477
Alignment method: row_order_min_length
Aligned rows: 477
[FAIL] Roll: Missing detection CleanFuture column; Missing detection V9PredictedFuture column
[FAIL] Pitch: Clean max mismatch=1.246e-02, V9 max mismatch=0.000e+00, components=OK
[FAIL] Yaw: Missing detection CleanFuture column; Missing detection V9PredictedFuture column

------------------------------------------------------------
Detection CSV: baseline_05_mixed_maneuver_Pitch_bias_W20_N5_mean1x_detection.csv
Unique PredictionFile values: 1
PredictionFile: baseline_05_mixed_maneuver_ATT_trained_hybrid_prediction_outputs.csv
Detection rows using this PredictionFile: 477
Prediction rows available: 477
Alignment method: row_order_min_length
Aligned rows: 477
[FAIL] Roll: Missing detection CleanFuture column; Missing detection V9PredictedFuture column
[FAIL] Pitch: Clean max mismatch=1.246e-02, V9 max mismatch=0.000e+00, components=OK
[FAIL] Yaw: Missing detection CleanFuture column; Missing detection V9PredictedFuture column

------------------------------------------------------------
Detection CSV: baseline_05_mixed_maneuver_Pitch_bias_W30_N8_mean1.25x_detection.csv
Unique PredictionFile values: 1
PredictionFile: baseline_05_mixed_maneuver_ATT_trained_hybrid_prediction_outputs.csv
Detection rows using this PredictionFile: 477
Prediction rows available: 477
Alignment method: row_order_min_length
Aligned rows: 477
[FAIL] Roll: Missing detection CleanFuture column; Missing detection V9PredictedFuture column
[FAIL] Pitch: Clean max mismatch=1.246e-02, V9 max mismatch=0.000e+00, components=OK
[FAIL] Yaw: Missing detection CleanFuture column; Missing detection V9PredictedFuture column

------------------------------------------------------------
Detection CSV: baseline_05_mixed_maneuver_Pitch_bias_W30_N8_mean1.5x_detection.csv
Unique PredictionFile values: 1
PredictionFile: baseline_05_mixed_maneuver_ATT_trained_hybrid_prediction_outputs.csv
Detection rows using this PredictionFile: 477
Prediction rows available: 477
Alignment method: row_order_min_length
Aligned rows: 477
[FAIL] Roll: Missing detection CleanFuture column; Missing detection V9PredictedFuture column
[FAIL] Pitch: Clean max mismatch=1.246e-02, V9 max mismatch=0.000e+00, components=OK
[FAIL] Yaw: Missing detection CleanFuture column; Missing detection V9PredictedFuture column

------------------------------------------------------------
Detection CSV: baseline_05_mixed_maneuver_Pitch_bias_W30_N8_mean1x_detection.csv
Unique PredictionFile values: 1
PredictionFile: baseline_05_mixed_maneuver_ATT_trained_hybrid_prediction_outputs.csv
Detection rows using this PredictionFile: 477
Prediction rows available: 477
Alignment method: row_order_min_length
Aligned rows: 477
[FAIL] Roll: Missing detection CleanFuture column; Missing detection V9PredictedFuture column
[FAIL] Pitch: Clean max mismatch=1.246e-02, V9 max mismatch=0.000e+00, components=OK
[FAIL] Yaw: Missing detection CleanFuture column; Missing detection V9PredictedFuture column

------------------------------------------------------------
Detection CSV: baseline_05_mixed_maneuver_Pitch_pulse_W10_N3_mean1.25x_detection.csv
Unique PredictionFile values: 1
PredictionFile: baseline_05_mixed_maneuver_ATT_trained_hybrid_prediction_outputs.csv
Detection rows using this PredictionFile: 477
Prediction rows available: 477
Alignment method: row_order_min_length
Aligned rows: 477
[FAIL] Roll: Missing detection CleanFuture column; Missing detection V9PredictedFuture column
[FAIL] Pitch: Clean max mismatch=1.246e-02, V9 max mismatch=0.000e+00, components=OK
[FAIL] Yaw: Missing detection CleanFuture column; Missing detection V9PredictedFuture column

------------------------------------------------------------
Detection CSV: baseline_05_mixed_maneuver_Pitch_pulse_W10_N3_mean1.5x_detection.csv
Unique PredictionFile values: 1
PredictionFile: baseline_05_mixed_maneuver_ATT_trained_hybrid_prediction_outputs.csv
Detection rows using this PredictionFile: 477
Prediction rows available: 477
Alignment method: row_order_min_length
Aligned rows: 477
[FAIL] Roll: Missing detection CleanFuture column; Missing detection V9PredictedFuture column
[FAIL] Pitch: Clean max mismatch=1.246e-02, V9 max mismatch=0.000e+00, components=OK
[FAIL] Yaw: Missing detection CleanFuture column; Missing detection V9PredictedFuture column

------------------------------------------------------------
Detection CSV: baseline_05_mixed_maneuver_Pitch_pulse_W10_N3_mean1x_detection.csv
Unique PredictionFile values: 1
PredictionFile: baseline_05_mixed_maneuver_ATT_trained_hybrid_prediction_outputs.csv
Detection rows using this PredictionFile: 477
Prediction rows available: 477
Alignment method: row_order_min_length
Aligned rows: 477
[FAIL] Roll: Missing detection CleanFuture column; Missing detection V9PredictedFuture column
[FAIL] Pitch: Clean max mismatch=1.246e-02, V9 max mismatch=0.000e+00, components=OK
[FAIL] Yaw: Missing detection CleanFuture column; Missing detection V9PredictedFuture column

------------------------------------------------------------
Detection CSV: baseline_05_mixed_maneuver_Pitch_pulse_W20_N5_mean1.25x_detection.csv
Unique PredictionFile values: 1
PredictionFile: baseline_05_mixed_maneuver_ATT_trained_hybrid_prediction_outputs.csv
Detection rows using this PredictionFile: 477
Prediction rows available: 477
Alignment method: row_order_min_length
Aligned rows: 477
[FAIL] Roll: Missing detection CleanFuture column; Missing detection V9PredictedFuture column
[FAIL] Pitch: Clean max mismatch=1.246e-02, V9 max mismatch=0.000e+00, components=OK
[FAIL] Yaw: Missing detection CleanFuture column; Missing detection V9PredictedFuture column

------------------------------------------------------------
Detection CSV: baseline_05_mixed_maneuver_Pitch_pulse_W20_N5_mean1.5x_detection.csv
Unique PredictionFile values: 1
PredictionFile: baseline_05_mixed_maneuver_ATT_trained_hybrid_prediction_outputs.csv
Detection rows using this PredictionFile: 477
Prediction rows available: 477
Alignment method: row_order_min_length
Aligned rows: 477
[FAIL] Roll: Missing detection CleanFuture column; Missing detection V9PredictedFuture column
[FAIL] Pitch: Clean max mismatch=1.246e-02, V9 max mismatch=0.000e+00, components=OK
[FAIL] Yaw: Missing detection CleanFuture column; Missing detection V9PredictedFuture column

------------------------------------------------------------
Detection CSV: baseline_05_mixed_maneuver_Pitch_pulse_W20_N5_mean1x_detection.csv
Unique PredictionFile values: 1
PredictionFile: baseline_05_mixed_maneuver_ATT_trained_hybrid_prediction_outputs.csv
Detection rows using this PredictionFile: 477
Prediction rows available: 477
Alignment method: row_order_min_length
Aligned rows: 477
[FAIL] Roll: Missing detection CleanFuture column; Missing detection V9PredictedFuture column
[FAIL] Pitch: Clean max mismatch=1.246e-02, V9 max mismatch=0.000e+00, components=OK
[FAIL] Yaw: Missing detection CleanFuture column; Missing detection V9PredictedFuture column

------------------------------------------------------------
Detection CSV: baseline_05_mixed_maneuver_Pitch_pulse_W30_N8_mean1.25x_detection.csv
Unique PredictionFile values: 1
PredictionFile: baseline_05_mixed_maneuver_ATT_trained_hybrid_prediction_outputs.csv
Detection rows using this PredictionFile: 477
Prediction rows available: 477
Alignment method: row_order_min_length
Aligned rows: 477
[FAIL] Roll: Missing detection CleanFuture column; Missing detection V9PredictedFuture column
[FAIL] Pitch: Clean max mismatch=1.246e-02, V9 max mismatch=0.000e+00, components=OK
[FAIL] Yaw: Missing detection CleanFuture column; Missing detection V9PredictedFuture column

------------------------------------------------------------
Detection CSV: baseline_05_mixed_maneuver_Pitch_pulse_W30_N8_mean1.5x_detection.csv
Unique PredictionFile values: 1
PredictionFile: baseline_05_mixed_maneuver_ATT_trained_hybrid_prediction_outputs.csv
Detection rows using this PredictionFile: 477
Prediction rows available: 477
Alignment method: row_order_min_length
Aligned rows: 477
[FAIL] Roll: Missing detection CleanFuture column; Missing detection V9PredictedFuture column
[FAIL] Pitch: Clean max mismatch=1.246e-02, V9 max mismatch=0.000e+00, components=OK
[FAIL] Yaw: Missing detection CleanFuture column; Missing detection V9PredictedFuture column

------------------------------------------------------------
Detection CSV: baseline_05_mixed_maneuver_Pitch_pulse_W30_N8_mean1x_detection.csv
Unique PredictionFile values: 1
PredictionFile: baseline_05_mixed_maneuver_ATT_trained_hybrid_prediction_outputs.csv
Detection rows using this PredictionFile: 477
Prediction rows available: 477
Alignment method: row_order_min_length
Aligned rows: 477
[FAIL] Roll: Missing detection CleanFuture column; Missing detection V9PredictedFuture column
[FAIL] Pitch: Clean max mismatch=1.246e-02, V9 max mismatch=0.000e+00, components=OK
[FAIL] Yaw: Missing detection CleanFuture column; Missing detection V9PredictedFuture column

------------------------------------------------------------
Detection CSV: baseline_05_mixed_maneuver_Pitch_ramp_W10_N3_mean1.25x_detection.csv
Unique PredictionFile values: 1
PredictionFile: baseline_05_mixed_maneuver_ATT_trained_hybrid_prediction_outputs.csv
Detection rows using this PredictionFile: 477
Prediction rows available: 477
Alignment method: row_order_min_length
Aligned rows: 477
[FAIL] Roll: Missing detection CleanFuture column; Missing detection V9PredictedFuture column
[FAIL] Pitch: Clean max mismatch=1.246e-02, V9 max mismatch=0.000e+00, components=OK
[FAIL] Yaw: Missing detection CleanFuture column; Missing detection V9PredictedFuture column

------------------------------------------------------------
Detection CSV: baseline_05_mixed_maneuver_Pitch_ramp_W10_N3_mean1.5x_detection.csv
Unique PredictionFile values: 1
PredictionFile: baseline_05_mixed_maneuver_ATT_trained_hybrid_prediction_outputs.csv
Detection rows using this PredictionFile: 477
Prediction rows available: 477
Alignment method: row_order_min_length
Aligned rows: 477
[FAIL] Roll: Missing detection CleanFuture column; Missing detection V9PredictedFuture column
[FAIL] Pitch: Clean max mismatch=1.246e-02, V9 max mismatch=0.000e+00, components=OK
[FAIL] Yaw: Missing detection CleanFuture column; Missing detection V9PredictedFuture column

------------------------------------------------------------
Detection CSV: baseline_05_mixed_maneuver_Pitch_ramp_W10_N3_mean1x_detection.csv
Unique PredictionFile values: 1
PredictionFile: baseline_05_mixed_maneuver_ATT_trained_hybrid_prediction_outputs.csv
Detection rows using this PredictionFile: 477
Prediction rows available: 477
Alignment method: row_order_min_length
Aligned rows: 477
[FAIL] Roll: Missing detection CleanFuture column; Missing detection V9PredictedFuture column
[FAIL] Pitch: Clean max mismatch=1.246e-02, V9 max mismatch=0.000e+00, components=OK
[FAIL] Yaw: Missing detection CleanFuture column; Missing detection V9PredictedFuture column

------------------------------------------------------------
Detection CSV: baseline_05_mixed_maneuver_Pitch_ramp_W20_N5_mean1.25x_detection.csv
Unique PredictionFile values: 1
PredictionFile: baseline_05_mixed_maneuver_ATT_trained_hybrid_prediction_outputs.csv
Detection rows using this PredictionFile: 477
Prediction rows available: 477
Alignment method: row_order_min_length
Aligned rows: 477
[FAIL] Roll: Missing detection CleanFuture column; Missing detection V9PredictedFuture column
[FAIL] Pitch: Clean max mismatch=1.246e-02, V9 max mismatch=0.000e+00, components=OK
[FAIL] Yaw: Missing detection CleanFuture column; Missing detection V9PredictedFuture column

------------------------------------------------------------
Detection CSV: baseline_05_mixed_maneuver_Pitch_ramp_W20_N5_mean1.5x_detection.csv
Unique PredictionFile values: 1
PredictionFile: baseline_05_mixed_maneuver_ATT_trained_hybrid_prediction_outputs.csv
Detection rows using this PredictionFile: 477
Prediction rows available: 477
Alignment method: row_order_min_length
Aligned rows: 477
[FAIL] Roll: Missing detection CleanFuture column; Missing detection V9PredictedFuture column
[FAIL] Pitch: Clean max mismatch=1.246e-02, V9 max mismatch=0.000e+00, components=OK
[FAIL] Yaw: Missing detection CleanFuture column; Missing detection V9PredictedFuture column

------------------------------------------------------------
Detection CSV: baseline_05_mixed_maneuver_Pitch_ramp_W20_N5_mean1x_detection.csv
Unique PredictionFile values: 1
PredictionFile: baseline_05_mixed_maneuver_ATT_trained_hybrid_prediction_outputs.csv
Detection rows using this PredictionFile: 477
Prediction rows available: 477
Alignment method: row_order_min_length
Aligned rows: 477
[FAIL] Roll: Missing detection CleanFuture column; Missing detection V9PredictedFuture column
[FAIL] Pitch: Clean max mismatch=1.246e-02, V9 max mismatch=0.000e+00, components=OK
[FAIL] Yaw: Missing detection CleanFuture column; Missing detection V9PredictedFuture column

------------------------------------------------------------
Detection CSV: baseline_05_mixed_maneuver_Pitch_ramp_W30_N8_mean1.25x_detection.csv
Unique PredictionFile values: 1
PredictionFile: baseline_05_mixed_maneuver_ATT_trained_hybrid_prediction_outputs.csv
Detection rows using this PredictionFile: 477
Prediction rows available: 477
Alignment method: row_order_min_length
Aligned rows: 477
[FAIL] Roll: Missing detection CleanFuture column; Missing detection V9PredictedFuture column
[FAIL] Pitch: Clean max mismatch=1.246e-02, V9 max mismatch=0.000e+00, components=OK
[FAIL] Yaw: Missing detection CleanFuture column; Missing detection V9PredictedFuture column

------------------------------------------------------------
Detection CSV: baseline_05_mixed_maneuver_Pitch_ramp_W30_N8_mean1.5x_detection.csv
Unique PredictionFile values: 1
PredictionFile: baseline_05_mixed_maneuver_ATT_trained_hybrid_prediction_outputs.csv
Detection rows using this PredictionFile: 477
Prediction rows available: 477
Alignment method: row_order_min_length
Aligned rows: 477
[FAIL] Roll: Missing detection CleanFuture column; Missing detection V9PredictedFuture column
[FAIL] Pitch: Clean max mismatch=1.246e-02, V9 max mismatch=0.000e+00, components=OK
[FAIL] Yaw: Missing detection CleanFuture column; Missing detection V9PredictedFuture column

------------------------------------------------------------
Detection CSV: baseline_05_mixed_maneuver_Pitch_ramp_W30_N8_mean1x_detection.csv
Unique PredictionFile values: 1
PredictionFile: baseline_05_mixed_maneuver_ATT_trained_hybrid_prediction_outputs.csv
Detection rows using this PredictionFile: 477
Prediction rows available: 477
Alignment method: row_order_min_length
Aligned rows: 477
[FAIL] Roll: Missing detection CleanFuture column; Missing detection V9PredictedFuture column
[FAIL] Pitch: Clean max mismatch=1.246e-02, V9 max mismatch=0.000e+00, components=OK
[FAIL] Yaw: Missing detection CleanFuture column; Missing detection V9PredictedFuture column

------------------------------------------------------------
Detection CSV: baseline_05_mixed_maneuver_Roll_bias_W10_N3_mean1.25x_detection.csv
Unique PredictionFile values: 1
PredictionFile: baseline_05_mixed_maneuver_ATT_trained_hybrid_prediction_outputs.csv
Detection rows using this PredictionFile: 477
Prediction rows available: 477
Alignment method: row_order_min_length
Aligned rows: 477
[FAIL] Roll: Clean max mismatch=1.828e-02, V9 max mismatch=0.000e+00, components=OK
[FAIL] Pitch: Missing detection CleanFuture column; Missing detection V9PredictedFuture column
[FAIL] Yaw: Missing detection CleanFuture column; Missing detection V9PredictedFuture column

------------------------------------------------------------
Detection CSV: baseline_05_mixed_maneuver_Roll_bias_W10_N3_mean1.5x_detection.csv
Unique PredictionFile values: 1
PredictionFile: baseline_05_mixed_maneuver_ATT_trained_hybrid_prediction_outputs.csv
Detection rows using this PredictionFile: 477
Prediction rows available: 477
Alignment method: row_order_min_length
Aligned rows: 477
[FAIL] Roll: Clean max mismatch=1.828e-02, V9 max mismatch=0.000e+00, components=OK
[FAIL] Pitch: Missing detection CleanFuture column; Missing detection V9PredictedFuture column
[FAIL] Yaw: Missing detection CleanFuture column; Missing detection V9PredictedFuture column

------------------------------------------------------------
Detection CSV: baseline_05_mixed_maneuver_Roll_bias_W10_N3_mean1x_detection.csv
Unique PredictionFile values: 1
PredictionFile: baseline_05_mixed_maneuver_ATT_trained_hybrid_prediction_outputs.csv
Detection rows using this PredictionFile: 477
Prediction rows available: 477
Alignment method: row_order_min_length
Aligned rows: 477
[FAIL] Roll: Clean max mismatch=1.828e-02, V9 max mismatch=0.000e+00, components=OK
[FAIL] Pitch: Missing detection CleanFuture column; Missing detection V9PredictedFuture column
[FAIL] Yaw: Missing detection CleanFuture column; Missing detection V9PredictedFuture column

------------------------------------------------------------
Detection CSV: baseline_05_mixed_maneuver_Roll_bias_W20_N5_mean1.25x_detection.csv
Unique PredictionFile values: 1
PredictionFile: baseline_05_mixed_maneuver_ATT_trained_hybrid_prediction_outputs.csv
Detection rows using this PredictionFile: 477
Prediction rows available: 477
Alignment method: row_order_min_length
Aligned rows: 477
[FAIL] Roll: Clean max mismatch=1.828e-02, V9 max mismatch=0.000e+00, components=OK
[FAIL] Pitch: Missing detection CleanFuture column; Missing detection V9PredictedFuture column
[FAIL] Yaw: Missing detection CleanFuture column; Missing detection V9PredictedFuture column

------------------------------------------------------------
Detection CSV: baseline_05_mixed_maneuver_Roll_bias_W20_N5_mean1.5x_detection.csv
Unique PredictionFile values: 1
PredictionFile: baseline_05_mixed_maneuver_ATT_trained_hybrid_prediction_outputs.csv
Detection rows using this PredictionFile: 477
Prediction rows available: 477
Alignment method: row_order_min_length
Aligned rows: 477
[FAIL] Roll: Clean max mismatch=1.828e-02, V9 max mismatch=0.000e+00, components=OK
[FAIL] Pitch: Missing detection CleanFuture column; Missing detection V9PredictedFuture column
[FAIL] Yaw: Missing detection CleanFuture column; Missing detection V9PredictedFuture column

------------------------------------------------------------
Detection CSV: baseline_05_mixed_maneuver_Roll_bias_W20_N5_mean1x_detection.csv
Unique PredictionFile values: 1
PredictionFile: baseline_05_mixed_maneuver_ATT_trained_hybrid_prediction_outputs.csv
Detection rows using this PredictionFile: 477
Prediction rows available: 477
Alignment method: row_order_min_length
Aligned rows: 477
[FAIL] Roll: Clean max mismatch=1.828e-02, V9 max mismatch=0.000e+00, components=OK
[FAIL] Pitch: Missing detection CleanFuture column; Missing detection V9PredictedFuture column
[FAIL] Yaw: Missing detection CleanFuture column; Missing detection V9PredictedFuture column

------------------------------------------------------------
Detection CSV: baseline_05_mixed_maneuver_Roll_bias_W30_N8_mean1.25x_detection.csv
Unique PredictionFile values: 1
PredictionFile: baseline_05_mixed_maneuver_ATT_trained_hybrid_prediction_outputs.csv
Detection rows using this PredictionFile: 477
Prediction rows available: 477
Alignment method: row_order_min_length
Aligned rows: 477
[FAIL] Roll: Clean max mismatch=1.828e-02, V9 max mismatch=0.000e+00, components=OK
[FAIL] Pitch: Missing detection CleanFuture column; Missing detection V9PredictedFuture column
[FAIL] Yaw: Missing detection CleanFuture column; Missing detection V9PredictedFuture column

------------------------------------------------------------
Detection CSV: baseline_05_mixed_maneuver_Roll_bias_W30_N8_mean1.5x_detection.csv
Unique PredictionFile values: 1
PredictionFile: baseline_05_mixed_maneuver_ATT_trained_hybrid_prediction_outputs.csv
Detection rows using this PredictionFile: 477
Prediction rows available: 477
Alignment method: row_order_min_length
Aligned rows: 477
[FAIL] Roll: Clean max mismatch=1.828e-02, V9 max mismatch=0.000e+00, components=OK
[FAIL] Pitch: Missing detection CleanFuture column; Missing detection V9PredictedFuture column
[FAIL] Yaw: Missing detection CleanFuture column; Missing detection V9PredictedFuture column

------------------------------------------------------------
Detection CSV: baseline_05_mixed_maneuver_Roll_bias_W30_N8_mean1x_detection.csv
Unique PredictionFile values: 1
PredictionFile: baseline_05_mixed_maneuver_ATT_trained_hybrid_prediction_outputs.csv
Detection rows using this PredictionFile: 477
Prediction rows available: 477
Alignment method: row_order_min_length
Aligned rows: 477
[FAIL] Roll: Clean max mismatch=1.828e-02, V9 max mismatch=0.000e+00, components=OK
[FAIL] Pitch: Missing detection CleanFuture column; Missing detection V9PredictedFuture column
[FAIL] Yaw: Missing detection CleanFuture column; Missing detection V9PredictedFuture column

------------------------------------------------------------
Detection CSV: baseline_05_mixed_maneuver_Roll_pulse_W10_N3_mean1.25x_detection.csv
Unique PredictionFile values: 1
PredictionFile: baseline_05_mixed_maneuver_ATT_trained_hybrid_prediction_outputs.csv
Detection rows using this PredictionFile: 477
Prediction rows available: 477
Alignment method: row_order_min_length
Aligned rows: 477
[FAIL] Roll: Clean max mismatch=1.828e-02, V9 max mismatch=0.000e+00, components=OK
[FAIL] Pitch: Missing detection CleanFuture column; Missing detection V9PredictedFuture column
[FAIL] Yaw: Missing detection CleanFuture column; Missing detection V9PredictedFuture column

------------------------------------------------------------
Detection CSV: baseline_05_mixed_maneuver_Roll_pulse_W10_N3_mean1.5x_detection.csv
Unique PredictionFile values: 1
PredictionFile: baseline_05_mixed_maneuver_ATT_trained_hybrid_prediction_outputs.csv
Detection rows using this PredictionFile: 477
Prediction rows available: 477
Alignment method: row_order_min_length
Aligned rows: 477
[FAIL] Roll: Clean max mismatch=1.828e-02, V9 max mismatch=0.000e+00, components=OK
[FAIL] Pitch: Missing detection CleanFuture column; Missing detection V9PredictedFuture column
[FAIL] Yaw: Missing detection CleanFuture column; Missing detection V9PredictedFuture column

------------------------------------------------------------
Detection CSV: baseline_05_mixed_maneuver_Roll_pulse_W10_N3_mean1x_detection.csv
Unique PredictionFile values: 1
PredictionFile: baseline_05_mixed_maneuver_ATT_trained_hybrid_prediction_outputs.csv
Detection rows using this PredictionFile: 477
Prediction rows available: 477
Alignment method: row_order_min_length
Aligned rows: 477
[FAIL] Roll: Clean max mismatch=1.828e-02, V9 max mismatch=0.000e+00, components=OK
[FAIL] Pitch: Missing detection CleanFuture column; Missing detection V9PredictedFuture column
[FAIL] Yaw: Missing detection CleanFuture column; Missing detection V9PredictedFuture column

------------------------------------------------------------
Detection CSV: baseline_05_mixed_maneuver_Roll_pulse_W20_N5_mean1.25x_detection.csv
Unique PredictionFile values: 1
PredictionFile: baseline_05_mixed_maneuver_ATT_trained_hybrid_prediction_outputs.csv
Detection rows using this PredictionFile: 477
Prediction rows available: 477
Alignment method: row_order_min_length
Aligned rows: 477
[FAIL] Roll: Clean max mismatch=1.828e-02, V9 max mismatch=0.000e+00, components=OK
[FAIL] Pitch: Missing detection CleanFuture column; Missing detection V9PredictedFuture column
[FAIL] Yaw: Missing detection CleanFuture column; Missing detection V9PredictedFuture column

------------------------------------------------------------
Detection CSV: baseline_05_mixed_maneuver_Roll_pulse_W20_N5_mean1.5x_detection.csv
Unique PredictionFile values: 1
PredictionFile: baseline_05_mixed_maneuver_ATT_trained_hybrid_prediction_outputs.csv
Detection rows using this PredictionFile: 477
Prediction rows available: 477
Alignment method: row_order_min_length
Aligned rows: 477
[FAIL] Roll: Clean max mismatch=1.828e-02, V9 max mismatch=0.000e+00, components=OK
[FAIL] Pitch: Missing detection CleanFuture column; Missing detection V9PredictedFuture column
[FAIL] Yaw: Missing detection CleanFuture column; Missing detection V9PredictedFuture column

------------------------------------------------------------
Detection CSV: baseline_05_mixed_maneuver_Roll_pulse_W20_N5_mean1x_detection.csv
Unique PredictionFile values: 1
PredictionFile: baseline_05_mixed_maneuver_ATT_trained_hybrid_prediction_outputs.csv
Detection rows using this PredictionFile: 477
Prediction rows available: 477
Alignment method: row_order_min_length
Aligned rows: 477
[FAIL] Roll: Clean max mismatch=1.828e-02, V9 max mismatch=0.000e+00, components=OK
[FAIL] Pitch: Missing detection CleanFuture column; Missing detection V9PredictedFuture column
[FAIL] Yaw: Missing detection CleanFuture column; Missing detection V9PredictedFuture column

------------------------------------------------------------
Detection CSV: baseline_05_mixed_maneuver_Roll_pulse_W30_N8_mean1.25x_detection.csv
Unique PredictionFile values: 1
PredictionFile: baseline_05_mixed_maneuver_ATT_trained_hybrid_prediction_outputs.csv
Detection rows using this PredictionFile: 477
Prediction rows available: 477
Alignment method: row_order_min_length
Aligned rows: 477
[FAIL] Roll: Clean max mismatch=1.828e-02, V9 max mismatch=0.000e+00, components=OK
[FAIL] Pitch: Missing detection CleanFuture column; Missing detection V9PredictedFuture column
[FAIL] Yaw: Missing detection CleanFuture column; Missing detection V9PredictedFuture column

------------------------------------------------------------
Detection CSV: baseline_05_mixed_maneuver_Roll_pulse_W30_N8_mean1.5x_detection.csv
Unique PredictionFile values: 1
PredictionFile: baseline_05_mixed_maneuver_ATT_trained_hybrid_prediction_outputs.csv
Detection rows using this PredictionFile: 477
Prediction rows available: 477
Alignment method: row_order_min_length
Aligned rows: 477
[FAIL] Roll: Clean max mismatch=1.828e-02, V9 max mismatch=0.000e+00, components=OK
[FAIL] Pitch: Missing detection CleanFuture column; Missing detection V9PredictedFuture column
[FAIL] Yaw: Missing detection CleanFuture column; Missing detection V9PredictedFuture column

------------------------------------------------------------
Detection CSV: baseline_05_mixed_maneuver_Roll_pulse_W30_N8_mean1x_detection.csv
Unique PredictionFile values: 1
PredictionFile: baseline_05_mixed_maneuver_ATT_trained_hybrid_prediction_outputs.csv
Detection rows using this PredictionFile: 477
Prediction rows available: 477
Alignment method: row_order_min_length
Aligned rows: 477
[FAIL] Roll: Clean max mismatch=1.828e-02, V9 max mismatch=0.000e+00, components=OK
[FAIL] Pitch: Missing detection CleanFuture column; Missing detection V9PredictedFuture column
[FAIL] Yaw: Missing detection CleanFuture column; Missing detection V9PredictedFuture column

------------------------------------------------------------
Detection CSV: baseline_05_mixed_maneuver_Roll_ramp_W10_N3_mean1.25x_detection.csv
Unique PredictionFile values: 1
PredictionFile: baseline_05_mixed_maneuver_ATT_trained_hybrid_prediction_outputs.csv
Detection rows using this PredictionFile: 477
Prediction rows available: 477
Alignment method: row_order_min_length
Aligned rows: 477
[FAIL] Roll: Clean max mismatch=1.828e-02, V9 max mismatch=0.000e+00, components=OK
[FAIL] Pitch: Missing detection CleanFuture column; Missing detection V9PredictedFuture column
[FAIL] Yaw: Missing detection CleanFuture column; Missing detection V9PredictedFuture column

------------------------------------------------------------
Detection CSV: baseline_05_mixed_maneuver_Roll_ramp_W10_N3_mean1.5x_detection.csv
Unique PredictionFile values: 1
PredictionFile: baseline_05_mixed_maneuver_ATT_trained_hybrid_prediction_outputs.csv
Detection rows using this PredictionFile: 477
Prediction rows available: 477
Alignment method: row_order_min_length
Aligned rows: 477
[FAIL] Roll: Clean max mismatch=1.828e-02, V9 max mismatch=0.000e+00, components=OK
[FAIL] Pitch: Missing detection CleanFuture column; Missing detection V9PredictedFuture column
[FAIL] Yaw: Missing detection CleanFuture column; Missing detection V9PredictedFuture column

------------------------------------------------------------
Detection CSV: baseline_05_mixed_maneuver_Roll_ramp_W10_N3_mean1x_detection.csv
Unique PredictionFile values: 1
PredictionFile: baseline_05_mixed_maneuver_ATT_trained_hybrid_prediction_outputs.csv
Detection rows using this PredictionFile: 477
Prediction rows available: 477
Alignment method: row_order_min_length
Aligned rows: 477
[FAIL] Roll: Clean max mismatch=1.828e-02, V9 max mismatch=0.000e+00, components=OK
[FAIL] Pitch: Missing detection CleanFuture column; Missing detection V9PredictedFuture column
[FAIL] Yaw: Missing detection CleanFuture column; Missing detection V9PredictedFuture column

------------------------------------------------------------
Detection CSV: baseline_05_mixed_maneuver_Roll_ramp_W20_N5_mean1.25x_detection.csv
Unique PredictionFile values: 1
PredictionFile: baseline_05_mixed_maneuver_ATT_trained_hybrid_prediction_outputs.csv
Detection rows using this PredictionFile: 477
Prediction rows available: 477
Alignment method: row_order_min_length
Aligned rows: 477
[FAIL] Roll: Clean max mismatch=1.828e-02, V9 max mismatch=0.000e+00, components=OK
[FAIL] Pitch: Missing detection CleanFuture column; Missing detection V9PredictedFuture column
[FAIL] Yaw: Missing detection CleanFuture column; Missing detection V9PredictedFuture column

------------------------------------------------------------
Detection CSV: baseline_05_mixed_maneuver_Roll_ramp_W20_N5_mean1.5x_detection.csv
Unique PredictionFile values: 1
PredictionFile: baseline_05_mixed_maneuver_ATT_trained_hybrid_prediction_outputs.csv
Detection rows using this PredictionFile: 477
Prediction rows available: 477
Alignment method: row_order_min_length
Aligned rows: 477
[FAIL] Roll: Clean max mismatch=1.828e-02, V9 max mismatch=0.000e+00, components=OK
[FAIL] Pitch: Missing detection CleanFuture column; Missing detection V9PredictedFuture column
[FAIL] Yaw: Missing detection CleanFuture column; Missing detection V9PredictedFuture column

------------------------------------------------------------
Detection CSV: baseline_05_mixed_maneuver_Roll_ramp_W20_N5_mean1x_detection.csv
Unique PredictionFile values: 1
PredictionFile: baseline_05_mixed_maneuver_ATT_trained_hybrid_prediction_outputs.csv
Detection rows using this PredictionFile: 477
Prediction rows available: 477
Alignment method: row_order_min_length
Aligned rows: 477
[FAIL] Roll: Clean max mismatch=1.828e-02, V9 max mismatch=0.000e+00, components=OK
[FAIL] Pitch: Missing detection CleanFuture column; Missing detection V9PredictedFuture column
[FAIL] Yaw: Missing detection CleanFuture column; Missing detection V9PredictedFuture column

------------------------------------------------------------
Detection CSV: baseline_05_mixed_maneuver_Roll_ramp_W30_N8_mean1.25x_detection.csv
Unique PredictionFile values: 1
PredictionFile: baseline_05_mixed_maneuver_ATT_trained_hybrid_prediction_outputs.csv
Detection rows using this PredictionFile: 477
Prediction rows available: 477
Alignment method: row_order_min_length
Aligned rows: 477
[FAIL] Roll: Clean max mismatch=1.828e-02, V9 max mismatch=0.000e+00, components=OK
[FAIL] Pitch: Missing detection CleanFuture column; Missing detection V9PredictedFuture column
[FAIL] Yaw: Missing detection CleanFuture column; Missing detection V9PredictedFuture column

------------------------------------------------------------
Detection CSV: baseline_05_mixed_maneuver_Roll_ramp_W30_N8_mean1.5x_detection.csv
Unique PredictionFile values: 1
PredictionFile: baseline_05_mixed_maneuver_ATT_trained_hybrid_prediction_outputs.csv
Detection rows using this PredictionFile: 477
Prediction rows available: 477
Alignment method: row_order_min_length
Aligned rows: 477
[FAIL] Roll: Clean max mismatch=1.828e-02, V9 max mismatch=0.000e+00, components=OK
[FAIL] Pitch: Missing detection CleanFuture column; Missing detection V9PredictedFuture column
[FAIL] Yaw: Missing detection CleanFuture column; Missing detection V9PredictedFuture column

------------------------------------------------------------
Detection CSV: baseline_05_mixed_maneuver_Roll_ramp_W30_N8_mean1x_detection.csv
Unique PredictionFile values: 1
PredictionFile: baseline_05_mixed_maneuver_ATT_trained_hybrid_prediction_outputs.csv
Detection rows using this PredictionFile: 477
Prediction rows available: 477
Alignment method: row_order_min_length
Aligned rows: 477
[FAIL] Roll: Clean max mismatch=1.828e-02, V9 max mismatch=0.000e+00, components=OK
[FAIL] Pitch: Missing detection CleanFuture column; Missing detection V9PredictedFuture column
[FAIL] Yaw: Missing detection CleanFuture column; Missing detection V9PredictedFuture column

------------------------------------------------------------
Detection CSV: baseline_05_mixed_maneuver_Yaw_bias_W10_N3_mean1.25x_detection.csv
Unique PredictionFile values: 1
PredictionFile: baseline_05_mixed_maneuver_ATT_trained_hybrid_prediction_outputs.csv
Detection rows using this PredictionFile: 477
Prediction rows available: 477
Alignment method: row_order_min_length
Aligned rows: 477
[FAIL] Roll: Missing detection CleanFuture column; Missing detection V9PredictedFuture column
[FAIL] Pitch: Missing detection CleanFuture column; Missing detection V9PredictedFuture column
[FAIL] Yaw: Clean max mismatch=5.753e-03, V9 max mismatch=0.000e+00, components=OK

------------------------------------------------------------
Detection CSV: baseline_05_mixed_maneuver_Yaw_bias_W10_N3_mean1.5x_detection.csv
Unique PredictionFile values: 1
PredictionFile: baseline_05_mixed_maneuver_ATT_trained_hybrid_prediction_outputs.csv
Detection rows using this PredictionFile: 477
Prediction rows available: 477
Alignment method: row_order_min_length
Aligned rows: 477
[FAIL] Roll: Missing detection CleanFuture column; Missing detection V9PredictedFuture column
[FAIL] Pitch: Missing detection CleanFuture column; Missing detection V9PredictedFuture column
[FAIL] Yaw: Clean max mismatch=5.753e-03, V9 max mismatch=0.000e+00, components=OK

------------------------------------------------------------
Detection CSV: baseline_05_mixed_maneuver_Yaw_bias_W10_N3_mean1x_detection.csv
Unique PredictionFile values: 1
PredictionFile: baseline_05_mixed_maneuver_ATT_trained_hybrid_prediction_outputs.csv
Detection rows using this PredictionFile: 477
Prediction rows available: 477
Alignment method: row_order_min_length
Aligned rows: 477
[FAIL] Roll: Missing detection CleanFuture column; Missing detection V9PredictedFuture column
[FAIL] Pitch: Missing detection CleanFuture column; Missing detection V9PredictedFuture column
[FAIL] Yaw: Clean max mismatch=5.753e-03, V9 max mismatch=0.000e+00, components=OK

------------------------------------------------------------
Detection CSV: baseline_05_mixed_maneuver_Yaw_bias_W20_N5_mean1.25x_detection.csv
Unique PredictionFile values: 1
PredictionFile: baseline_05_mixed_maneuver_ATT_trained_hybrid_prediction_outputs.csv
Detection rows using this PredictionFile: 477
Prediction rows available: 477
Alignment method: row_order_min_length
Aligned rows: 477
[FAIL] Roll: Missing detection CleanFuture column; Missing detection V9PredictedFuture column
[FAIL] Pitch: Missing detection CleanFuture column; Missing detection V9PredictedFuture column
[FAIL] Yaw: Clean max mismatch=5.753e-03, V9 max mismatch=0.000e+00, components=OK

------------------------------------------------------------
Detection CSV: baseline_05_mixed_maneuver_Yaw_bias_W20_N5_mean1.5x_detection.csv
Unique PredictionFile values: 1
PredictionFile: baseline_05_mixed_maneuver_ATT_trained_hybrid_prediction_outputs.csv
Detection rows using this PredictionFile: 477
Prediction rows available: 477
Alignment method: row_order_min_length
Aligned rows: 477
[FAIL] Roll: Missing detection CleanFuture column; Missing detection V9PredictedFuture column
[FAIL] Pitch: Missing detection CleanFuture column; Missing detection V9PredictedFuture column
[FAIL] Yaw: Clean max mismatch=5.753e-03, V9 max mismatch=0.000e+00, components=OK

------------------------------------------------------------
Detection CSV: baseline_05_mixed_maneuver_Yaw_bias_W20_N5_mean1x_detection.csv
Unique PredictionFile values: 1
PredictionFile: baseline_05_mixed_maneuver_ATT_trained_hybrid_prediction_outputs.csv
Detection rows using this PredictionFile: 477
Prediction rows available: 477
Alignment method: row_order_min_length
Aligned rows: 477
[FAIL] Roll: Missing detection CleanFuture column; Missing detection V9PredictedFuture column
[FAIL] Pitch: Missing detection CleanFuture column; Missing detection V9PredictedFuture column
[FAIL] Yaw: Clean max mismatch=5.753e-03, V9 max mismatch=0.000e+00, components=OK

------------------------------------------------------------
Detection CSV: baseline_05_mixed_maneuver_Yaw_bias_W30_N8_mean1.25x_detection.csv
Unique PredictionFile values: 1
PredictionFile: baseline_05_mixed_maneuver_ATT_trained_hybrid_prediction_outputs.csv
Detection rows using this PredictionFile: 477
Prediction rows available: 477
Alignment method: row_order_min_length
Aligned rows: 477
[FAIL] Roll: Missing detection CleanFuture column; Missing detection V9PredictedFuture column
[FAIL] Pitch: Missing detection CleanFuture column; Missing detection V9PredictedFuture column
[FAIL] Yaw: Clean max mismatch=5.753e-03, V9 max mismatch=0.000e+00, components=OK

------------------------------------------------------------
Detection CSV: baseline_05_mixed_maneuver_Yaw_bias_W30_N8_mean1.5x_detection.csv
Unique PredictionFile values: 1
PredictionFile: baseline_05_mixed_maneuver_ATT_trained_hybrid_prediction_outputs.csv
Detection rows using this PredictionFile: 477
Prediction rows available: 477
Alignment method: row_order_min_length
Aligned rows: 477
[FAIL] Roll: Missing detection CleanFuture column; Missing detection V9PredictedFuture column
[FAIL] Pitch: Missing detection CleanFuture column; Missing detection V9PredictedFuture column
[FAIL] Yaw: Clean max mismatch=5.753e-03, V9 max mismatch=0.000e+00, components=OK

------------------------------------------------------------
Detection CSV: baseline_05_mixed_maneuver_Yaw_bias_W30_N8_mean1x_detection.csv
Unique PredictionFile values: 1
PredictionFile: baseline_05_mixed_maneuver_ATT_trained_hybrid_prediction_outputs.csv
Detection rows using this PredictionFile: 477
Prediction rows available: 477
Alignment method: row_order_min_length
Aligned rows: 477
[FAIL] Roll: Missing detection CleanFuture column; Missing detection V9PredictedFuture column
[FAIL] Pitch: Missing detection CleanFuture column; Missing detection V9PredictedFuture column
[FAIL] Yaw: Clean max mismatch=5.753e-03, V9 max mismatch=0.000e+00, components=OK

------------------------------------------------------------
Detection CSV: baseline_05_mixed_maneuver_Yaw_pulse_W10_N3_mean1.25x_detection.csv
Unique PredictionFile values: 1
PredictionFile: baseline_05_mixed_maneuver_ATT_trained_hybrid_prediction_outputs.csv
Detection rows using this PredictionFile: 477
Prediction rows available: 477
Alignment method: row_order_min_length
Aligned rows: 477
[FAIL] Roll: Missing detection CleanFuture column; Missing detection V9PredictedFuture column
[FAIL] Pitch: Missing detection CleanFuture column; Missing detection V9PredictedFuture column
[FAIL] Yaw: Clean max mismatch=5.753e-03, V9 max mismatch=0.000e+00, components=OK

------------------------------------------------------------
Detection CSV: baseline_05_mixed_maneuver_Yaw_pulse_W10_N3_mean1.5x_detection.csv
Unique PredictionFile values: 1
PredictionFile: baseline_05_mixed_maneuver_ATT_trained_hybrid_prediction_outputs.csv
Detection rows using this PredictionFile: 477
Prediction rows available: 477
Alignment method: row_order_min_length
Aligned rows: 477
[FAIL] Roll: Missing detection CleanFuture column; Missing detection V9PredictedFuture column
[FAIL] Pitch: Missing detection CleanFuture column; Missing detection V9PredictedFuture column
[FAIL] Yaw: Clean max mismatch=5.753e-03, V9 max mismatch=0.000e+00, components=OK

------------------------------------------------------------
Detection CSV: baseline_05_mixed_maneuver_Yaw_pulse_W10_N3_mean1x_detection.csv
Unique PredictionFile values: 1
PredictionFile: baseline_05_mixed_maneuver_ATT_trained_hybrid_prediction_outputs.csv
Detection rows using this PredictionFile: 477
Prediction rows available: 477
Alignment method: row_order_min_length
Aligned rows: 477
[FAIL] Roll: Missing detection CleanFuture column; Missing detection V9PredictedFuture column
[FAIL] Pitch: Missing detection CleanFuture column; Missing detection V9PredictedFuture column
[FAIL] Yaw: Clean max mismatch=5.753e-03, V9 max mismatch=0.000e+00, components=OK

------------------------------------------------------------
Detection CSV: baseline_05_mixed_maneuver_Yaw_pulse_W20_N5_mean1.25x_detection.csv
Unique PredictionFile values: 1
PredictionFile: baseline_05_mixed_maneuver_ATT_trained_hybrid_prediction_outputs.csv
Detection rows using this PredictionFile: 477
Prediction rows available: 477
Alignment method: row_order_min_length
Aligned rows: 477
[FAIL] Roll: Missing detection CleanFuture column; Missing detection V9PredictedFuture column
[FAIL] Pitch: Missing detection CleanFuture column; Missing detection V9PredictedFuture column
[FAIL] Yaw: Clean max mismatch=5.753e-03, V9 max mismatch=0.000e+00, components=OK

------------------------------------------------------------
Detection CSV: baseline_05_mixed_maneuver_Yaw_pulse_W20_N5_mean1.5x_detection.csv
Unique PredictionFile values: 1
PredictionFile: baseline_05_mixed_maneuver_ATT_trained_hybrid_prediction_outputs.csv
Detection rows using this PredictionFile: 477
Prediction rows available: 477
Alignment method: row_order_min_length
Aligned rows: 477
[FAIL] Roll: Missing detection CleanFuture column; Missing detection V9PredictedFuture column
[FAIL] Pitch: Missing detection CleanFuture column; Missing detection V9PredictedFuture column
[FAIL] Yaw: Clean max mismatch=5.753e-03, V9 max mismatch=0.000e+00, components=OK

------------------------------------------------------------
Detection CSV: baseline_05_mixed_maneuver_Yaw_pulse_W20_N5_mean1x_detection.csv
Unique PredictionFile values: 1
PredictionFile: baseline_05_mixed_maneuver_ATT_trained_hybrid_prediction_outputs.csv
Detection rows using this PredictionFile: 477
Prediction rows available: 477
Alignment method: row_order_min_length
Aligned rows: 477
[FAIL] Roll: Missing detection CleanFuture column; Missing detection V9PredictedFuture column
[FAIL] Pitch: Missing detection CleanFuture column; Missing detection V9PredictedFuture column
[FAIL] Yaw: Clean max mismatch=5.753e-03, V9 max mismatch=0.000e+00, components=OK

------------------------------------------------------------
Detection CSV: baseline_05_mixed_maneuver_Yaw_pulse_W30_N8_mean1.25x_detection.csv
Unique PredictionFile values: 1
PredictionFile: baseline_05_mixed_maneuver_ATT_trained_hybrid_prediction_outputs.csv
Detection rows using this PredictionFile: 477
Prediction rows available: 477
Alignment method: row_order_min_length
Aligned rows: 477
[FAIL] Roll: Missing detection CleanFuture column; Missing detection V9PredictedFuture column
[FAIL] Pitch: Missing detection CleanFuture column; Missing detection V9PredictedFuture column
[FAIL] Yaw: Clean max mismatch=5.753e-03, V9 max mismatch=0.000e+00, components=OK

------------------------------------------------------------
Detection CSV: baseline_05_mixed_maneuver_Yaw_pulse_W30_N8_mean1.5x_detection.csv
Unique PredictionFile values: 1
PredictionFile: baseline_05_mixed_maneuver_ATT_trained_hybrid_prediction_outputs.csv
Detection rows using this PredictionFile: 477
Prediction rows available: 477
Alignment method: row_order_min_length
Aligned rows: 477
[FAIL] Roll: Missing detection CleanFuture column; Missing detection V9PredictedFuture column
[FAIL] Pitch: Missing detection CleanFuture column; Missing detection V9PredictedFuture column
[FAIL] Yaw: Clean max mismatch=5.753e-03, V9 max mismatch=0.000e+00, components=OK

------------------------------------------------------------
Detection CSV: baseline_05_mixed_maneuver_Yaw_pulse_W30_N8_mean1x_detection.csv
Unique PredictionFile values: 1
PredictionFile: baseline_05_mixed_maneuver_ATT_trained_hybrid_prediction_outputs.csv
Detection rows using this PredictionFile: 477
Prediction rows available: 477
Alignment method: row_order_min_length
Aligned rows: 477
[FAIL] Roll: Missing detection CleanFuture column; Missing detection V9PredictedFuture column
[FAIL] Pitch: Missing detection CleanFuture column; Missing detection V9PredictedFuture column
[FAIL] Yaw: Clean max mismatch=5.753e-03, V9 max mismatch=0.000e+00, components=OK

------------------------------------------------------------
Detection CSV: baseline_05_mixed_maneuver_Yaw_ramp_W10_N3_mean1.25x_detection.csv
Unique PredictionFile values: 1
PredictionFile: baseline_05_mixed_maneuver_ATT_trained_hybrid_prediction_outputs.csv
Detection rows using this PredictionFile: 477
Prediction rows available: 477
Alignment method: row_order_min_length
Aligned rows: 477
[FAIL] Roll: Missing detection CleanFuture column; Missing detection V9PredictedFuture column
[FAIL] Pitch: Missing detection CleanFuture column; Missing detection V9PredictedFuture column
[FAIL] Yaw: Clean max mismatch=5.753e-03, V9 max mismatch=0.000e+00, components=OK

------------------------------------------------------------
Detection CSV: baseline_05_mixed_maneuver_Yaw_ramp_W10_N3_mean1.5x_detection.csv
Unique PredictionFile values: 1
PredictionFile: baseline_05_mixed_maneuver_ATT_trained_hybrid_prediction_outputs.csv
Detection rows using this PredictionFile: 477
Prediction rows available: 477
Alignment method: row_order_min_length
Aligned rows: 477
[FAIL] Roll: Missing detection CleanFuture column; Missing detection V9PredictedFuture column
[FAIL] Pitch: Missing detection CleanFuture column; Missing detection V9PredictedFuture column
[FAIL] Yaw: Clean max mismatch=5.753e-03, V9 max mismatch=0.000e+00, components=OK

------------------------------------------------------------
Detection CSV: baseline_05_mixed_maneuver_Yaw_ramp_W10_N3_mean1x_detection.csv
Unique PredictionFile values: 1
PredictionFile: baseline_05_mixed_maneuver_ATT_trained_hybrid_prediction_outputs.csv
Detection rows using this PredictionFile: 477
Prediction rows available: 477
Alignment method: row_order_min_length
Aligned rows: 477
[FAIL] Roll: Missing detection CleanFuture column; Missing detection V9PredictedFuture column
[FAIL] Pitch: Missing detection CleanFuture column; Missing detection V9PredictedFuture column
[FAIL] Yaw: Clean max mismatch=5.753e-03, V9 max mismatch=0.000e+00, components=OK

------------------------------------------------------------
Detection CSV: baseline_05_mixed_maneuver_Yaw_ramp_W20_N5_mean1.25x_detection.csv
Unique PredictionFile values: 1
PredictionFile: baseline_05_mixed_maneuver_ATT_trained_hybrid_prediction_outputs.csv
Detection rows using this PredictionFile: 477
Prediction rows available: 477
Alignment method: row_order_min_length
Aligned rows: 477
[FAIL] Roll: Missing detection CleanFuture column; Missing detection V9PredictedFuture column
[FAIL] Pitch: Missing detection CleanFuture column; Missing detection V9PredictedFuture column
[FAIL] Yaw: Clean max mismatch=5.753e-03, V9 max mismatch=0.000e+00, components=OK

------------------------------------------------------------
Detection CSV: baseline_05_mixed_maneuver_Yaw_ramp_W20_N5_mean1.5x_detection.csv
Unique PredictionFile values: 1
PredictionFile: baseline_05_mixed_maneuver_ATT_trained_hybrid_prediction_outputs.csv
Detection rows using this PredictionFile: 477
Prediction rows available: 477
Alignment method: row_order_min_length
Aligned rows: 477
[FAIL] Roll: Missing detection CleanFuture column; Missing detection V9PredictedFuture column
[FAIL] Pitch: Missing detection CleanFuture column; Missing detection V9PredictedFuture column
[FAIL] Yaw: Clean max mismatch=5.753e-03, V9 max mismatch=0.000e+00, components=OK

------------------------------------------------------------
Detection CSV: baseline_05_mixed_maneuver_Yaw_ramp_W20_N5_mean1x_detection.csv
Unique PredictionFile values: 1
PredictionFile: baseline_05_mixed_maneuver_ATT_trained_hybrid_prediction_outputs.csv
Detection rows using this PredictionFile: 477
Prediction rows available: 477
Alignment method: row_order_min_length
Aligned rows: 477
[FAIL] Roll: Missing detection CleanFuture column; Missing detection V9PredictedFuture column
[FAIL] Pitch: Missing detection CleanFuture column; Missing detection V9PredictedFuture column
[FAIL] Yaw: Clean max mismatch=5.753e-03, V9 max mismatch=0.000e+00, components=OK

------------------------------------------------------------
Detection CSV: baseline_05_mixed_maneuver_Yaw_ramp_W30_N8_mean1.25x_detection.csv
Unique PredictionFile values: 1
PredictionFile: baseline_05_mixed_maneuver_ATT_trained_hybrid_prediction_outputs.csv
Detection rows using this PredictionFile: 477
Prediction rows available: 477
Alignment method: row_order_min_length
Aligned rows: 477
[FAIL] Roll: Missing detection CleanFuture column; Missing detection V9PredictedFuture column
[FAIL] Pitch: Missing detection CleanFuture column; Missing detection V9PredictedFuture column
[FAIL] Yaw: Clean max mismatch=5.753e-03, V9 max mismatch=0.000e+00, components=OK

------------------------------------------------------------
Detection CSV: baseline_05_mixed_maneuver_Yaw_ramp_W30_N8_mean1.5x_detection.csv
Unique PredictionFile values: 1
PredictionFile: baseline_05_mixed_maneuver_ATT_trained_hybrid_prediction_outputs.csv
Detection rows using this PredictionFile: 477
Prediction rows available: 477
Alignment method: row_order_min_length
Aligned rows: 477
[FAIL] Roll: Missing detection CleanFuture column; Missing detection V9PredictedFuture column
[FAIL] Pitch: Missing detection CleanFuture column; Missing detection V9PredictedFuture column
[FAIL] Yaw: Clean max mismatch=5.753e-03, V9 max mismatch=0.000e+00, components=OK

------------------------------------------------------------
Detection CSV: baseline_05_mixed_maneuver_Yaw_ramp_W30_N8_mean1x_detection.csv
Unique PredictionFile values: 1
PredictionFile: baseline_05_mixed_maneuver_ATT_trained_hybrid_prediction_outputs.csv
Detection rows using this PredictionFile: 477
Prediction rows available: 477
Alignment method: row_order_min_length
Aligned rows: 477
[FAIL] Roll: Missing detection CleanFuture column; Missing detection V9PredictedFuture column
[FAIL] Pitch: Missing detection CleanFuture column; Missing detection V9PredictedFuture column
[FAIL] Yaw: Clean max mismatch=5.753e-03, V9 max mismatch=0.000e+00, components=OK

========== PHASE 2B AUDIT COMPLETE ==========
Summary CSV     : /home/tchowdh4/sensor_recovery_project/phase2b_v9_component_audit/phase2b_v9_component_alignment_audit_summary.csv
Inventory CSV   : /home/tchowdh4/sensor_recovery_project/phase2b_v9_component_audit/phase2b_prediction_file_inventory.csv
Component CSV   : /home/tchowdh4/sensor_recovery_project/phase2b_v9_component_audit/phase2b_component_column_audit.csv
Markdown report : /home/tchowdh4/sensor_recovery_project/phase2b_v9_component_audit/reports/phase2b_v9_component_alignment_audit_report.md
Figures folder  : /home/tchowdh4/sensor_recovery_project/phase2b_v9_component_audit/figures

Final decision:
FAIL or PARTIAL PASS: Phase 5B should not use V9 component columns blindly. Review the failed rows in the summary CSV, especially missing PredictionFile paths, missing component columns, or nonzero alignment mismatches.
