t_Roll,Roll_true_future,Roll_trained_ATT_IMU_ARX_prediction,Roll_naive_prediction,Roll_constant_velocity_prediction,Roll_trained_ATT_IMU_ARX_error,t_Pitch,Pitch_true_future,Pitch_trained_ATT_IMU_ARX_prediction,Pitch_naive_prediction,Pitch_constant_velocity_prediction,Pitch_trained_ATT_IMU_ARX_error,t_Yaw,Yaw_true_future,Yaw_trained_ATT_IMU_ARX_prediction,Yaw_naive_prediction,Yaw_constant_velocity_prediction,Yaw_trained_ATT_IMU_ARX_error
79.700607,0.078918419778347,0.07739016718986375,0.0771218538284301,0.07386198639869682,-0.001528252588483256,79.700607,0.0869729593396186,0.07635053673109418,0.0847550183534622,0.08083920180797581,-0.010622422608524418,79.700607,352.85919189453125,352.86043533326904,352.85894775390625,352.8590393066406,0.001243438737787983
79.800567,0.0811967477202415,0.08096853831919747,0.078918419778347,0.0807149857282639,-0.0002282094010440383,79.800567,0.0919688493013382,0.0961489975097651,0.0869729593396186,0.089190900325775,0.004180148208426909,79.800567,352.85992431640625,352.8604706268371,352.85919189453125,352.85943603515625,0.0005463104308773836
79.900527,0.0827271565794944,0.08265953684261132,0.0811967477202415,0.08347507566213601,-6.76197368830872e-05,79.900527,0.0957466289401054,0.10117628750746717,0.0919688493013382,0.09696473926305779,0.0054296585673617725,79.900527,352.8603515625,352.8609837483628,352.85992431640625,352.86065673828125,0.0006321858627984511
80.000487,0.0895541608333587,0.08398283954088402,0.0827271565794944,0.08425756543874731,-0.0055713212924746736,80.000487,0.1058019623160362,0.0987921994528629,0.0957466289401054,0.0995244085788726,-0.0070097628631732994,80.000487,352.8602905273437,352.86126081815365,352.8603515625,352.86077880859375,0.0009702908099598062
80.100447,0.097364917397499,0.09058304046533498,0.0895541608333587,0.09638116508722298,-0.006781876932164019,80.100447,0.1041781827807426,0.13715212328098297,0.1058019623160362,0.115857295691967,0.03297394050024037,80.100447,352.8598937988281,352.8609502294221,352.8602905273437,352.8602294921874,0.0010564305939624319
80.200407,0.1035649105906486,0.1005646834556519,0.097364917397499,0.10517567396163931,-0.0030002271349967025,80.200407,0.0984655693173408,0.0820812600040253,0.1041781827807426,0.10255440324544901,-0.016384309313315498,80.200407,352.85968017578125,352.8597810231562,352.8598937988281,352.85949707031256,0.00010084737493798457
80.300367,0.1028977483510971,0.10511046414001059,0.1035649105906486,0.10976490378379819,0.00221271578891348,80.300367,0.0934008434414863,0.09641540668226456,0.0984655693173408,0.09275295585393899,0.0030145632407782563,80.300367,352.8589172363281,352.85924018161387,352.85968017578125,352.8594665527344,0.0003229452857453907
80.400327,0.0969472602009773,0.10164034012832505,0.1028977483510971,0.10223058611154562,0.004693079927347757,80.400327,0.0932120829820633,0.10529236786860195,0.0934008434414863,0.08833611756563181,0.012080284886538659,80.400327,352.858154296875,352.85871844732605,352.8589172363281,352.858154296875,0.0005641504510549566
80.500287,0.1003574207425117,0.09611795972252969,0.0969472602009773,0.09099677205085749,-0.004239461019982002,80.500287,0.0881333351135253,0.10635525628220793,0.0932120829820633,0.09302332252264028,0.01822192116868264,80.500287,352.8575134277344,352.8581387605754,352.858154296875,352.8573913574219,0.0006253328410252834
80.600247,0.1029067561030387,0.10105218648940772,0.1003574207425117,0.10376758128404609,-0.0018545696136309797,80.600247,0.0838353484869003,0.09243018729876787,0.0881333351135253,0.0830545872449873,0.008594838811867567,80.600247,352.8570861816406,352.85751268398343,352.8575134277344,352.85687255859375,0.0004265023428047243
80.700207,0.1009763181209564,0.10458405091212238,0.1029067561030387,0.10545609146356572,0.0036077327911659823,80.700207,0.0828951746225357,0.07362363723138365,0.0838353484869003,0.07953736186027531,-0.009271537391152052,80.700207,352.8568725585937,352.8570869726112,352.8570861816406,352.8566589355469,0.00021441401753463651
80.800167,0.0884358659386634,0.10071393024038838,0.1009763181209564,0.09904588013887408,0.012278064301724984,80.800167,0.0934745296835899,0.09113841573415772,0.0828951746225357,0.08195500075817111,-0.0023361139494321725,80.800167,352.8572082519531,352.8570148704354,352.8568725585937,352.85665893554676,-0.00019338151770398326
80.900127,0.0818964466452598,0.08371939990061662,0.0884358659386634,0.0758954137563704,0.0018229532553568212,80.900127,0.0997966527938842,0.11863721085621196,0.0934745296835899,0.10405388474464408,0.01884055806232776,80.900127,352.85748291015625,352.8584222035446,352.8572082519531,352.85754394531256,0.0009392933883418664
81.000087,0.0800921320915222,0.08063538043798514,0.0818964466452598,0.0753570273518562,0.0005432483464629378,81.000087,0.096741996705532,0.09979356010892977,0.0997966527938842,0.1061187759041785,0.0030515634033977668,81.000087,352.85809326171875,352.8591391658413,352.85748291015625,352.8577575683594,0.0010459041225772125
81.100047,0.0766328871250152,0.08251795700093306,0.0800921320915222,0.0782878175377846,0.005885069875917859,81.100047,0.091007575392723,0.07206667419286326,0.096741996705532,0.09368734061717982,-0.018940901199859736,81.100047,352.8583068847656,352.85931669871854,352.85809326171875,352.85870361328125,0.001009813952919103
81.200007,0.0776155591011047,0.0765712482482427,0.0766328871250152,0.0731736421585082,-0.001044310852861996,81.200007,0.0872086361050605,0.08658181244766222,0.091007575392723,0.085273154079914,-0.0006268236573982733,81.200007,352.8587646484375,352.8594472872069,352.8583068847656,352.8585205078125,0.0006826387693763536
81.3008,0.0826618745923042,0.07857101094418543,0.0776155591011047,0.07859823107719419,-0.004090863648118767,81.3008,0.0889984965324401,0.08829945755285341,0.0872086361050605,0.08340969681739799,-0.0006990389795866886,81.3008,352.8591613769531,352.8599915902633,352.8587646484375,352.8592224121094,0.0008302133101665277
81.40076,0.090378388762474,0.08511981788156243,0.0826618745923042,0.08770819008350371,-0.00525857088091157,81.40076,0.0909658521413803,0.09056288219248901,0.0889984965324401,0.09078835695981971,-0.000402969948891288,81.40076,352.8596496582031,352.8599683793052,352.8591613769531,352.85955810546875,0.00031872110207586957
81.50072,0.0961870774626731,0.09354313638857138,0.090378388762474,0.09809490293264381,-0.0026439410741017216,81.50072,0.0946915745735168,0.08776195150986627,0.0909658521413803,0.09293320775032049,-0.006929623063650539,81.50072,352.8600158691406,352.85984322213153,352.8596496582031,352.8601379394531,-0.00017264700909436215
81.60068,0.0979943051934242,0.09752203576508142,0.0961870774626731,0.1019957661628722,-0.0004722694283427753,81.60068,0.0975367724895477,0.10440301993861191,0.0946915745735168,0.09841729700565331,0.006866247449064208,81.60068,352.8602294921875,352.86020603984196,352.8600158691406,352.8603820800781,-2.345234554468334e-05
81.70064,0.099502682685852,0.09746405913759063,0.0979943051934242,0.09980153292417529,-0.00203862354826137,81.70064,0.0973890200257301,0.10905140897749441,0.0975367724895477,0.1003819704055786,0.011662388951764302,81.70064,352.8602905273437,352.86063853281416,352.8602294921875,352.8604431152344,0.00034800547047098007
81.8006,0.1005209386348724,0.09979329419508945,0.099502682685852,0.1010110601782798,-0.0007276444397829457,81.8006,0.0847537368535995,0.0976917603632016,0.0973890200257301,0.09724126756191251,0.01293802350960209,81.8006,352.8607788085937,352.86075665981633,352.8602905273437,352.8603515624999,-2.214877736150811e-05
81.90056,0.1016241908073425,0.1011699383338572,0.1005209386348724,0.1015391945838928,-0.00045425247348529485,81.90056,0.0746180117130279,0.06595946235716064,0.0847537368535995,0.07211845368146891,-0.008658549355867254,81.90056,352.8609313964844,352.8612592488307,352.8607788085937,352.8612670898437,0.0003278523463450256
82.00052,0.1023417338728904,0.10240787710578568,0.1016241908073425,0.10272744297981261,6.614323289527713e-05,82.00052,0.0661239400506019,0.07421638572982094,0.0746180117130279,0.06448228657245629,0.008092445679219032,82.00052,352.8609619140625,352.86145159415594,352.8609313964844,352.86108398437506,0.0004896800934375278
82.10048,0.1031427457928657,0.10317145119506561,0.1023417338728904,0.1030592769384383,2.870540219991613e-05,82.10048,0.0592080987989902,0.05989353865059713,0.0661239400506019,0.05762986838817591,0.0006854398516069268,82.10048,352.8607482910156,352.86169759926383,352.8609619140625,352.8609924316406,0.0009493082482094906
82.20044,0.1036529839038848,0.10400973448704777,0.1031427457928657,0.10394375771284099,0.00035675058316296526,82.20044,0.053461704403162,0.05571588247252941,0.0592080987989902,0.0522922575473785,0.00225417806936741,82.20044,352.8607788085937,352.86171610594226,352.8607482910156,352.86053466796875,0.0009372973485710645
82.3004,0.1041390001773834,0.10471205300638119,0.1036529839038848,0.10416322201490391,0.0005730528289977915,82.3004,0.0489376485347747,0.04897097534686075,0.053461704403162,0.047715310007333804,3.332681208605137e-05,82.3004,352.8604431152344,352.8619948300193,352.8607788085937,352.86080932617176,0.0015517147849095636
82.40036,0.1032378673553466,0.10536107586149647,0.1041390001773834,0.10462501645088199,0.0021232085061498734,82.40036,0.0465785078704357,0.04453621936821108,0.0489376485347747,0.04441359266638739,-0.0020422885022246193,82.40036,352.8601989746094,352.86207539303314,352.8604431152344,352.86010742187506,0.0018764184237625159
82.50032,0.0939274653792381,0.10443489547204322,0.1032378673553466,0.1023367345333098,0.010507430092805123,82.50032,0.053253598511219,0.047899522780542554,0.0465785078704357,0.044219367206096705,-0.005354075730676443,82.50032,352.8599548339844,352.86213532090784,352.8601989746094,352.8599548339844,0.0021804869234642865
82.60028,0.0851969569921493,0.09187698142032658,0.0939274653792381,0.0846170634031296,0.006680024428177278,82.60028,0.0688170790672302,0.06654003283422011,0.053253598511219,0.05992868915200229,-0.0022770462330100882,82.60028,352.860107421875,352.8628719878199,352.8599548339844,352.8597106933594,0.0027645659449149207
82.70024,0.066297560930252,0.0849871142790684,0.0851969569921493,0.0764664486050605,0.01868955334881639,82.70024,0.086502157151699,0.09174066205164781,0.0688170790672302,0.0843805596232414,0.005238504899948815,82.70024,352.8597106933594,352.86367412797404,352.860107421875,352.8602600097656,0.00396343461466131
82.8002,0.0447472110390663,0.06325285579527544,0.066297560930252,0.047398164868354714,0.01850564475620914,82.8002,0.1080889552831649,0.10024685483678963,0.086502157151699,0.1041872352361678,-0.00784210044637526,82.8002,352.8594055175781,352.8640880498355,352.8597106933594,352.85931396484375,0.004682532257390903
82.90016,0.0353091396391391,0.041158094973636795,0.0447472110390663,0.023196861147880596,0.005848955334497696,82.90016,0.1240795850753784,0.13019053659079727,0.1080889552831649,0.12967575341463078,0.006110951515418864,82.90016,352.859375,352.864662274075,352.8594055175781,352.8591003417969,0.005287274074987636
83.00012,0.0344181433320045,0.03708785884642201,0.0353091396391391,0.025871068239211897,0.0026697155144175116,83.00012,0.1270617246627807,0.12277581870257913,0.1240795850753784,0.1400702148675919,-0.0042859059602015775,83.00012,352.8606262207031,352.8644487176978,352.859375,352.8593444824219,0.0038224969947009413
83.10008,0.0421958826482296,0.03873910482644087,0.0344181433320045,0.0335271470248699,-0.0034567778217887285,83.10008,0.1232055351138114,0.10414753573823689,0.1270617246627807,0.130043864250183,-0.019057999375574508,83.10008,352.8603820800781,352.8647109133943,352.8606262207031,352.86187744140625,0.004328833316151304
83.20004,0.0520987287163734,0.04848513396107298,0.0421958826482296,0.0499736219644547,-0.003613594755300424,83.20004,0.1158999949693679,0.1172086268063023,0.1232055351138114,0.11934934556484209,0.0013086318369344013,83.20004,352.8570556640625,352.86256493070334,352.8603820800781,352.8601379394531,0.005509266640842725
83.3,0.067621000111103,0.057417321061325716,0.0520987287163734,0.062001574784517205,-0.010203679049777287,83.3,0.1112552210688591,0.11818474063236797,0.1158999949693679,0.1085944548249244,0.0069295195635088735,83.3,352.8531799316406,352.85720548583316,352.8570556640625,352.8537292480469,0.004025554192537584
83.400793,0.0845942199230194,0.07264149129838382,0.067621000111103,0.0831432715058326,-0.011952728624635575,83.400793,0.1033713445067405,0.1277521125536892,0.1112552210688591,0.1066104471683503,0.024380768046948706,83.400793,352.85357666015625,352.8516159258541,352.8531799316406,352.84930419921875,-0.0019607343021448287
83.500753,0.0948474705219268,0.08835120937559705,0.0845942199230194,0.10156743973493579,-0.006496261146329743,83.500753,0.1019242778420448,0.09246241751172325,0.1033713445067405,0.0954874679446219,-0.00946186033032155,83.500753,352.8563537597656,352.8520484953946,352.85357666015625,352.8539733886719,-0.0043052643709984295
83.600713,0.0934805124998092,0.09609324257653495,0.0948474705219268,0.1051007211208342,0.0026127300767257583,83.600713,0.0997074469923973,0.11157776402691924,0.1019242778420448,0.1004772111773491,0.011870317034521946,83.600713,352.8583374023437,352.8556811353917,352.8563537597656,352.859130859375,-0.002656266951987618
83.700673,0.0876153483986854,0.09065330119017119,0.0934805124998092,0.0921135544776916,0.00303795279148579,83.700673,0.0928069502115249,0.1102906587417836,0.0997074469923973,0.09749061614274979,0.017483708530258713,83.700673,352.8587646484375,352.85857287532707,352.8583374023437,352.86032104492176,-0.00019177311042994916
83.800633,0.0858742296695709,0.08563651106333306,0.0876153483986854,0.0817501842975616,-0.00023771860623783558,83.800633,0.0865890756249427,0.09366647601386675,0.0928069502115249,0.0859064534306525,0.007077400388924057,83.800633,352.85870361328125,352.859339725357,352.8587646484375,352.8591918945313,0.0006361120757674144
83.900593,0.0867299810051918,0.08497852209583799,0.0858742296695709,0.08413311094045639,-0.0017514589093538119,83.900593,0.0817442238330841,0.09705363304383358,0.0865890756249427,0.0803712010383605,0.01530940921074947,83.900593,352.8582763671875,352.85927180460675,352.85870361328125,352.858642578125,0.0009954374192489013
84.000553,0.0904886201024055,0.08703979938823789,0.0867299810051918,0.08758573234081271,-0.003448820714167619,84.000553,0.0755969062447547,0.07402126327994314,0.0817442238330841,0.07689937204122552,-0.0015756429648115522,84.000553,352.86004638671875,352.8587700739717,352.8582763671875,352.85784912109375,-0.0012763127470520885
84.100513,0.0894367545843124,0.09266785774156834,0.0904886201024055,0.09424725919961921,0.0032311031572559434,84.100513,0.0718299970030784,0.05191596090487255,0.0755969062447547,0.06944958865642528,-0.019914036098205856,84.100513,352.8637084960937,352.86034341115294,352.86004638671875,352.86181640625,-0.0033650849407536043
84.200473,0.0899455919861793,0.08754460630831729,0.0894367545843124,0.08838488906621929,-0.002400985677862011,84.200473,0.0721959918737411,0.07278842601243284,0.0718299970030784,0.06806308776140212,0.0005924341386917414,84.200473,352.8642578125,352.86487080469004,352.8637084960937,352.86737060546864,0.0006129921900424051
84.300433,0.0935938879847526,0.09044404697249239,0.0899455919861793,0.0904544293880462,-0.003149841012260207,84.300433,0.0727336779236793,0.07815937958752413,0.0721959918737411,0.07256198674440378,0.005425701663844831,84.300433,352.8611755371094,352.8651925909333,352.8642578125,352.8648071289063,0.004017053823929473
84.400393,0.0944052636623382,0.09603359670294835,0.0935938879847526,0.0972421839833259,0.0016283330406101498,84.400393,0.0649543851613998,0.07572150760456496,0.0727336779236793,0.0732713639736175,0.010767122443165161,84.400393,352.8560485839844,352.8608373357192,352.8611755371094,352.85809326171875,0.004788751734849939
84.500353,0.0864640399813652,0.09559241183665987,0.0944052636623382,0.0952166393399238,0.009128371855294665,84.500353,0.0544032156467437,0.06351805505396761,0.0649543851613998,0.0571750923991203,0.009114839407223914,84.500353,352.8539733886719,352.8544747732472,352.8560485839844,352.8509216308594,0.0005013845753296664
84.600313,0.0845553129911422,0.08237968282939782,0.0864640399813652,0.0785228163003922,-0.0021756301617443796,84.600313,0.0471089407801628,0.058498851280662637,0.0544032156467437,0.043852046132087596,0.011389910500499839,84.600313,352.8561096191406,352.85299713242955,352.8539733886719,352.8518981933594,-0.00311248671107478
84.700273,0.0892576724290847,0.08412514570237864,0.0845553129911422,0.0826465860009192,-0.005132526726706055,84.700273,0.0400255061686039,0.04396541720744594,0.0471089407801628,0.0398146659135819,0.003939911038842045,84.700273,352.8603210449219,352.8562648156661,352.8561096191406,352.8582458496094,-0.0040562292557524415
84.800233,0.0965305939316749,0.09220342544956583,0.0892576724290847,0.09396003186702719,-0.004327168482109067,84.800233,0.0395859219133853,0.02196882934915335,0.0400255061686039,0.032942071557045,-0.01761709256423195,84.800233,352.8619079589844,352.86094293075143,352.8603210449219,352.8645324707031,-0.0009650282329403126
84.900193,0.0985219106078147,0.09772139526948286,0.0965305939316749,0.10380351543426511,-0.0008005153383318503,84.900193,0.0410771407186985,0.04668874955152998,0.0395859219133853,0.039146337658166705,0.005611608832831481,84.900193,352.8590393066406,352.86258176369483,352.8619079589844,352.8634948730469,0.0035424570542090805
85.000153,0.095275230705738,0.09894057235096637,0.0985219106078147,0.10051322728395451,0.0036653416452283732,85.000153,0.0394271872937679,0.045194453419305135,0.0410771407186985,0.0425683595240117,0.0057672661255372334,85.000153,352.8550720214844,352.8588666450372,352.8590393066406,352.8561706542969,0.003794623552835219
85.100113,0.0922074094414711,0.09424004213492866,0.095275230705738,0.09202855080366129,0.0020326326934575617,85.100113,0.0399064794182777,0.045011228645138276,0.0394271872937679,0.0377772338688373,0.005104749226860578,85.100113,352.855224609375,352.8538508551797,352.8550720214844,352.8511047363281,-0.0013737541952991705
85.200073,0.0933396965265274,0.09074996772332262,0.0922074094414711,0.0891395881772042,-0.00258972880320478,85.200073,0.0454580262303352,0.05021747824148694,0.0399064794182777,0.040385771542787496,0.004759452011151737,85.200073,352.85791015625,352.85446074058706,352.855224609375,352.8553771972656,-0.0034494156629421013
85.300033,0.0933065563440322,0.09332976458809703,0.0933396965265274,0.09447198361158371,2.3208244064820693e-05,85.300033,0.0501155033707618,0.05203182684085613,0.0454580262303352,0.0510095730423927,0.001916323470094329,85.300033,352.85968017578125,352.8586431397989,352.85791015625,352.860595703125,-0.0010370359823355102
85.399993,0.090117760002613,0.09388042198401952,0.0933065563440322,0.093273416161537,0.003762661981406526,85.399993,0.0446097888052463,0.04997595354358295,0.0501155033707618,0.0547729805111884,0.005366164738336655,85.399993,352.85888671875,352.86088023560706,352.85968017578125,352.8614501953125,0.0019935168570555106
85.500786,0.0898427590727806,0.09028563753337238,0.090117760002613,0.08692896366119379,0.0004428784605917807,85.500786,0.053610760718584,0.034314799824586364,0.0446097888052463,0.03910407423973079,-0.019295960893997634,85.500786,352.8567199707031,352.8595769831718,352.85888671875,352.85809326171875,0.002857012468666653
85.600746,0.0842465460300445,0.09087868588773612,0.0898427590727806,0.08956775814294819,0.006632139857691621,85.600746,0.0630789995193481,0.08395163770102682,0.053610760718584,0.0626117326319217,0.020872638181678713,85.600746,352.857421875,352.8567702632254,352.8567199707031,352.85455322265625,-0.0006516117745718475
85.700706,0.0859560146927833,0.08192609224130887,0.0842465460300445,0.0786503329873084,-0.0040299224514744325,85.700706,0.0698285326361656,0.0718738756121857,0.0630789995193481,0.0725472383201122,0.0020453429760200897,85.700706,352.8595886230469,352.8581828627729,352.857421875,352.8581237792969,-0.0014057602739967479
85.800666,0.0860543623566627,0.08687633249863501,0.0859560146927833,0.0876654833555221,0.0008219701419723141,85.800666,0.0692246407270431,0.07250425752174999,0.0698285326361656,0.07657806575298311,0.0032796167947068966,85.800666,352.8597106933594,352.8609890673249,352.8595886230469,352.86175537109375,0.0012783739655333193
85.900626,0.0872454941272735,0.08906025422198414,0.0860543623566627,0.08615271002054209,0.0018147600947106407,85.900626,0.0686770230531692,0.05509366241778122,0.0692246407270431,0.06862074881792059,-0.013583360635387974,85.900626,352.8562316894531,352.86071647435404,352.8597106933594,352.8598327636719,0.004484784900910199
86.000586,0.0857160463929176,0.08821491515501996,0.0872454941272735,0.08843662589788431,0.0024988687621023548,86.000586,0.0713347867131233,0.09031922484583167,0.0686770230531692,0.0681294053792953,0.01898443813270838,86.000586,352.85479736328125,352.856295580122,352.8562316894531,352.8527526855469,0.0014982168407300378
86.100546,0.0877216756343841,0.0848042569412871,0.0857160463929176,0.0841865986585617,-0.0029174186930970014,86.100546,0.070855513215065,0.08997823613944561,0.0713347867131233,0.07399255037307739,0.01912272292438061,86.100546,352.857421875,352.8548310801817,352.85479736328125,352.8533630371094,-0.002590794818274844
86.200506,0.0912966504693031,0.08922234320678936,0.0877216756343841,0.0897273048758506,-0.0020743072625137443,86.200506,0.0744182914495468,0.060515517285323256,0.070855513215065,0.07037623971700671,-0.013902774164223544,86.200506,352.8622131347656,352.8580810719279,352.857421875,352.86004638671875,-0.0041320628376979585
86.300466,0.0921293050050735,0.0926221477470248,0.0912966504693031,0.0948716253042221,0.0004928427419512993,86.300466,0.0850844979286193,0.0797561955343189,0.0744182914495468,0.0779810696840286,-0.005328302394300405,86.300466,352.8637390136719,352.8637767255548,352.8622131347656,352.86700439453125,3.77118829533174e-05
86.400426,0.0972468852996826,0.09175783283357286,0.0921293050050735,0.09296195954084391,-0.005489052466109742,86.400426,0.0918835178017616,0.10190091237295375,0.0850844979286193,0.0957507044076918,0.010017394571192148,86.400426,352.8616027832031,352.8656609563313,352.8637390136719,352.8652648925781,0.004058173128157705
86.500386,0.1011155545711517,0.09806106214401372,0.0972468852996826,0.1023644655942917,-0.0030544924271379836,86.500386,0.0959460064768791,0.10533418405147568,0.0918835178017616,0.0986825376749039,0.009388177574596576,86.500386,352.856689453125,352.8624696449064,352.8616027832031,352.8594665527344,0.005780191781411759
86.600346,0.0997334644198417,0.10328408694510972,0.1011155545711517,0.10498422384262081,0.003550622525268027,86.600346,0.0991922095417976,0.09775137957066635,0.0959460064768791,0.10000849515199661,-0.0014408299711312494,86.600346,352.85406494140625,352.8558061718977,352.856689453125,352.8517761230469,0.0017412304914614651
86.700306,0.0991485342383384,0.0982844163254847,0.0997334644198417,0.09835137426853169,-0.0008641179128537069,86.700306,0.0970441177487373,0.11421716475850027,0.0991922095417976,0.10243841260671609,0.01717304700976298,86.700306,352.8551330566406,352.8528029453549,352.85406494140625,352.8514404296875,-0.0023301112857438966
86.800266,0.1008640006184578,0.0986644841677629,0.0991485342383384,0.0985636040568351,-0.0021995164506948967,86.800266,0.0929319784045219,0.09282815758898783,0.0970441177487373,0.09489602595567699,-0.0001038208155340753,86.800266,352.85845947265625,352.85452393796436,352.8551330566406,352.856201171875,-0.003935534691891007
86.900226,0.104305163025856,0.10110166474921445,0.1008640006184578,0.10257946699857719,-0.003203498276641556,86.900226,0.0917523130774498,0.0869458536300894,0.0929319784045219,0.08881983906030651,-0.004806459447360398,86.900226,352.86090087890625,352.8586310243422,352.85845947265625,352.8617858886719,-0.002269854564076468
87.000186,0.1077736392617225,0.10422560782181715,0.104305163025856,0.10774632543325421,-0.0035480314399053414,87.000186,0.0923753678798675,0.09440919513779623,0.0917523130774498,0.0905726477503777,0.002033827257928736,87.000186,352.8597412109375,352.86140041410107,352.86090087890625,352.86334228515625,0.0016592031635696003
87.100146,0.1116911619901657,0.10799512813791007,0.1077736392617225,0.11124211549758899,-0.0036960338522556285,87.100146,0.0916963145136833,0.09792353604396681,0.0923753678798675,0.0929984226822852,0.006227221530283503,87.100146,352.85626220703125,352.8594079449159,352.8597412109375,352.85858154296875,0.0031457378846653228
87.200106,0.1187657788395881,0.11241375121631851,0.1116911619901657,0.1156086847186089,-0.006352027623269585,87.200106,0.0819478929042816,0.08730325546934305,0.0916963145136833,0.09101726114749911,0.0053553625650614445,87.200106,352.8554382324219,352.85500326770034,352.85626220703125,352.852783203125,-0.00043496472153492505
87.300066,0.1228338852524757,0.12023142200274603,0.1187657788395881,0.1258403956890105,-0.002602463249729667,87.300066,0.0788392126560211,0.06487613238169862,0.0819478929042816,0.0721994712948799,-0.013963080274322484,87.300066,352.8583984375,352.8536055977487,352.8554382324219,352.8546142578125,-0.0047928397513032905
87.400026,0.1265719532966613,0.12293536565274493,0.1228338852524757,0.1269019916653633,-0.0036365876439163614,87.400026,0.0749325305223465,0.07998100005083265,0.0788392126560211,0.0757305324077606,0.0050484695284861575,87.400026,352.86236572265625,352.8568788668026,352.8583984375,352.8613586425781,-0.005486855853632733
87.499986,0.1223928779363632,0.12489625216639938,0.1265719532966613,0.1303100213408469,0.0025033742300361733,87.499986,0.0736409947276115,0.07783083411787044,0.0749325305223465,0.07102584838867189,0.004189839390258937,87.499986,352.8624572753906,352.8620186999047,352.86236572265625,352.8663330078125,-0.00043857548592995954
87.600779,0.1196311712265014,0.11920616363958023,0.1223928779363632,0.11821380257606512,-0.00042500758692116947,87.600779,0.0723962560296058,0.080793318189562,0.0736409947276115,0.0723494589328765,0.008397062159956198,87.600779,352.8589172363281,352.86247537608966,352.8624572753906,352.862548828125,0.0035581397615374044
87.700739,0.1120666712522506,0.11768122061764073,0.1196311712265014,0.11686946451663958,0.005614549365390131,87.700739,0.069323718547821,0.0745129489039611,0.0723962560296058,0.07115151733160009,0.005189230356140093,87.700739,352.8548278808594,352.858185522117,352.8589172363281,352.8553771972656,0.003357641257650812
87.800699,0.1009046509861946,0.11059673144632484,0.1120666712522506,0.10450217127799981,0.009692080460130245,87.800699,0.0707008838653564,0.05572350307882586,0.069323718547821,0.06625118106603621,-0.01497738078653054,87.800699,352.8552551269531,352.8536519138993,352.8548278808594,352.8507385253906,-0.0016032130538405909
87.900659,0.0955373793840408,0.09750656972533225,0.1009046509861946,0.08974263072013859,0.001969190341291449,87.900659,0.0738249272108078,0.06992256387718318,0.0707008838653564,0.0720780491828918,-0.00390236333362462,87.900659,352.8588562011719,352.8551563114672,352.8552551269531,352.8556823730469,-0.00369988970464874
88.000619,0.0961248353123664,0.0947782518047832,0.0955373793840408,0.09017010778188701,-0.0013465835075831961,88.000619,0.0747463554143905,0.06783834162640644,0.0738249272108078,0.0769489705562592,-0.0069080137879840575,88.000619,352.86102294921875,352.86010546784263,352.8588562011719,352.8624572753906,-0.0009174813761205769
88.100579,0.0929716005921363,0.09708118896081569,0.0961248353123664,0.096712291240692,0.00410958836867939,88.100579,0.07863200455904,0.06680507015236309,0.0747463554143905,0.07566778361797319,-0.011826934406676912,88.100579,352.8590087890625,352.8626283934225,352.86102294921875,352.8631896972656,0.0036196043599829864
88.200539,0.0953793302178382,0.09268763601358275,0.0929716005921363,0.0898183658719062,-0.0026916942042554542,88.200539,0.0778475105762481,0.08133026960028536,0.07863200455904,0.0825176537036895,0.0034827590240372602,88.200539,352.85662841796875,352.86009195144857,352.8590087890625,352.85699462890625,0.0034635334798167605
88.300499,0.0944197028875351,0.09635746141738341,0.0953793302178382,0.09778705984354011,0.0019377585298483158,88.300499,0.0739096030592918,0.07494660905705906,0.0778475105762481,0.0770630165934562,0.0010370059977672652,88.300499,352.8568115234375,352.8566010966716,352.85662841796875,352.854248046875,-0.00021042676587512688
88.400459,0.0913553461432457,0.09644930973995715,0.0944197028875351,0.09346007555723199,0.005093963596711451,88.400459,0.0805428177118301,0.060759167631258076,0.0739096030592918,0.0699716955423355,-0.01978365008057202,88.400459,352.8603515625,352.8562634719698,352.8568115234375,352.85699462890625,-0.004088090530217414
88.500419,0.092648446559906,0.09000918741699716,0.0913553461432457,0.0882909893989563,-0.0026392591429088424,88.500419,0.0863351449370384,0.10773259200361807,0.0805428177118301,0.0871760323643684,0.021397447066579672,88.500419,352.8630676269531,352.8609706196098,352.8603515625,352.8638916015625,-0.0020970073433090874
88.600379,0.087923340499401,0.09380296916318696,0.092648446559906,0.09394154697656631,0.0058796286637859685,88.600379,0.0947349220514297,0.09519545336055894,0.0863351449370384,0.09212747216224669,0.00046053130912923623,88.600379,352.86309814453125,352.86445981264234,352.8630676269531,352.86578369140625,0.0013616681110875106
88.700339,0.0864148065447807,0.08759229476629342,0.087923340499401,0.08319823443889598,0.0011774882215127153,88.700339,0.1015046685934066,0.11145828149977494,0.0947349220514297,0.10313469916582102,0.009953612906368342,88.700339,352.8599853515625,352.86431073066024,352.86309814453125,352.8631286621094,0.004325379097736004
88.800299,0.0874485298991203,0.08541954708051562,0.0864148065447807,0.08490627259016041,-0.0020289828186046827,88.800299,0.1040306240320205,0.12059279156299182,0.1015046685934066,0.10827441513538348,0.016562167530971325,88.800299,352.8581848144531,352.86072342596526,352.8599853515625,352.85687255859375,0.002538611512136413
88.900259,0.0875762775540351,0.08790346620272536,0.0874485298991203,0.0884822532534599,0.0003271886486902603,88.900259,0.1096674650907516,0.09756424514380709,0.1040306240320205,0.1065565794706344,-0.012103219946944521,88.900259,352.8572082519531,352.8587809447634,352.8581848144531,352.85638427734375,0.001572692810270837
89.000219,0.085144504904747,0.08909793101272095,0.0875762775540351,0.0877040252089499,0.003953426107973959,89.000219,0.1080351620912551,0.10442456248598753,0.1096674650907516,0.11530430614948271,-0.003610599605267578,89.000219,352.85760498046875,352.85775193724675,352.8572082519531,352.8562316894531,0.00014695677799636542
89.100179,0.0859270319342613,0.08572374913617659,0.085144504904747,0.08271273225545889,-0.0002032827980847085,89.100179,0.1059831157326698,0.0937807517146904,0.1080351620912551,0.1064028590917586,-0.012202364017979403,89.100179,352.8588562011719,352.8583773921175,352.85760498046875,352.8580017089844,-0.00047880905435704335
89.200139,0.0839592888951301,0.08703710435225072,0.0859270319342613,0.0867095589637756,0.0030778154571206168,89.200139,0.1092406511306762,0.11497493618917541,0.1059831157326698,0.1039310693740845,0.005734285058499211,89.200139,352.859130859375,352.85990326395483,352.8588562011719,352.860107421875,0.000772404579834074
89.300099,0.0829307287931442,0.08519901302579315,0.0839592888951301,0.08199154585599891,0.002268284232648951,89.300099,0.1116052791476249,0.1250259727471368,0.1092406511306762,0.1124981865286826,0.01342069359951191,89.300099,352.8573913574219,352.86000294012973,352.859130859375,352.8594055175781,0.0026115827078569964
89.400059,0.0854989662766456,0.08250927062883291,0.0829307287931442,0.0819021686911583,-0.002989695647812693,89.400059,0.1110878884792327,0.12801187227739755,0.1116052791476249,0.1139699071645736,0.016923983798164843,89.400059,352.85723876953125,352.8579124129246,352.8573913574219,352.85565185546875,0.0006736433933269836
89.500019,0.0866943523287773,0.08634142201081953,0.0854989662766456,0.08806720376014701,-0.0003529303179577725,89.500019,0.112659178674221,0.10065375918709199,0.1110878884792327,0.11057049781084051,-0.012005419487129007,89.500019,352.86004638671875,352.85789529137134,352.85723876953125,352.8570861816406,-0.0021510953474148664
89.599979,0.0883651450276374,0.0883700732767973,0.0866943523287773,0.087889738380909,4.928249159902309e-06,89.599979,0.1095809489488601,0.0986021056784154,0.112659178674221,0.11423046886920929,-0.010978843270444696,89.599979,352.8620910644531,352.86133723340436,352.86004638671875,352.86285400390625,-0.0007538310487689159
89.700772,0.0843573287129402,0.08747478113730667,0.0883651450276374,0.0900359377264975,0.0031174524243664653,89.700772,0.1042502969503402,0.11419640258223158,0.1095809489488601,0.1065027192234992,0.009946105631891383,89.700772,352.8612060546875,352.86391150030727,352.8620910644531,352.8641357421875,0.002705445619767488
89.800732,0.0821476653218269,0.08347251523562345,0.0843573287129402,0.080349512398243,0.0013248499137965553,89.800732,0.0996080487966537,0.09567780073248724,0.1042502969503402,0.0989196449518203,-0.003930248064166461,89.800732,352.8599853515625,352.86292014910583,352.8612060546875,352.8603210449219,0.002934797543332479
89.900692,0.0779547691345214,0.08217545475567897,0.0821476653218269,0.07993800193071358,0.004220685621157572,89.900692,0.097547523677349,0.08913548457808743,0.0996080487966537,0.09496580064296721,-0.008412039099261567,89.900692,352.85906982421875,352.86157364672744,352.8599853515625,352.8587646484375,0.002503822508685971
90.000652,0.0711431354284286,0.07902463404202369,0.0779547691345214,0.07376187294721591,0.007881498613595092,90.000652,0.0929456129670143,0.08569997831074316,0.097547523677349,0.09548699855804428,-0.0072456346562711355,90.000652,352.8589782714844,352.8606835764059,352.85906982421875,352.858154296875,0.0017053049215292049
90.100612,0.0677831172943115,0.07144994812075374,0.0711431354284286,0.06433150172233579,0.003666830826442244,90.100612,0.0917259827256202,0.08267865443875291,0.0929456129670143,0.0883437022566796,-0.009047328286867287,90.100612,352.8592834472656,352.8607764722769,352.8589782714844,352.85888671875,0.001493025011257032
90.200572,0.066101424396038,0.06855042800937809,0.0677831172943115,0.0644230991601944,0.002449003613340092,90.200572,0.0925909653306007,0.10041317869410098,0.0917259827256202,0.0905063524842261,0.00782221336350028,90.200572,352.8599853515625,352.8613203392506,352.8592834472656,352.8595886230469,0.0013349876880965894
90.300532,0.0616112649440765,0.06632904414370717,0.066101424396038,0.0644197314977645,0.0047177791996306714,90.300532,0.0899457260966301,0.09877833898795074,0.0925909653306007,0.0934559479355812,0.008832612891320646,90.300532,352.860107421875,352.8626642209115,352.8599853515625,352.8606872558594,0.002556799036483426
90.400492,0.0602664984762668,0.062083439290367456,0.0616112649440765,0.05712110549211501,0.001816940814100658,90.400492,0.0889307409524917,0.08125540269798659,0.0899457260966301,0.0873004868626595,-0.007675338254505115,90.400492,352.8602905273437,352.8630672027145,352.860107421875,352.8602294921875,0.002776675370796511
90.500452,0.0600905530154705,0.061569205960118306,0.0602664984762668,0.058921732008457094,0.0014786529446478083,90.500452,0.0911815464496612,0.08764627153513009,0.0889307409524917,0.08791575580835331,-0.0035352749145311085,90.500452,352.8601379394531,352.86304944191517,352.8602905273437,352.8604736328124,0.0029115024620409713
90.600412,0.0585444830358028,0.06250130157528594,0.0600905530154705,0.0599146075546742,0.0039568185394831396,90.600412,0.0899865999817848,0.08676662100217397,0.0911815464496612,0.0934323519468307,-0.0032199789796108352,90.600412,352.8599548339844,352.86269781099935,352.8601379394531,352.85998535156256,0.0027429770149751675
90.700372,0.0589647479355335,0.06108923780921473,0.0585444830358028,0.0569984130561351,0.002124489873681225,90.700372,0.0895583778619766,0.0826241874175834,0.0899865999817848,0.08879165351390841,-0.006934190444393196,90.700372,352.859130859375,352.8621479552192,352.8599548339844,352.8597717285156,0.0030170958441999574
90.800332,0.0628597363829612,0.06004545449307396,0.0589647479355335,0.059385012835264206,-0.002814281889887242,90.800332,0.0887249335646629,0.10440525820001959,0.0895583778619766,0.08913015574216838,0.01568032463535668,90.800332,352.859130859375,352.8612441357812,352.859130859375,352.8583068847656,0.002113276406191744
90.900292,0.064919389784336,0.06469905836547106,0.0628597363829612,0.06675472483038891,-0.0002203314188649469,90.900292,0.0851389467716217,0.09618657764335362,0.0887249335646629,0.08789148926734922,0.011047630871731912,90.900292,352.8614501953125,352.8611230356136,352.859130859375,352.859130859375,-0.000327159698883861
91.000252,0.0676333531737327,0.06776663568904534,0.064919389784336,0.06697904318571081,0.00013328251531263824,91.000252,0.0858551189303398,0.07240886871998531,0.0851389467716217,0.0815529599785805,-0.01344625021035449,91.000252,352.8634033203125,352.86355274395095,352.8614501953125,352.86376953125,0.00014942363844738793
91.100212,0.073538914322853,0.07031185241886449,0.0676333531737327,0.0703473165631294,-0.0032270619039885123,91.100212,0.0839243158698082,0.10522374914363831,0.0858551189303398,0.0865712910890579,0.021299433273830118,91.100212,352.86279296875,352.8654223126615,352.8634033203125,352.8653564453125,0.002629343911507931
91.200172,0.075905717909336,0.07620371061110111,0.073538914322853,0.07944447547197331,0.0002979927017651013,91.200172,0.0842184647917747,0.09288805923869145,0.0839243158698082,0.0819935128092766,0.008669594446916756,91.200172,352.8591003417969,352.8643223202847,352.86279296875,352.8621826171875,0.005221978487838896
91.300132,0.0796469673514366,0.07628471067922309,0.075905717909336,0.07827252149581901,-0.003362256672213515,91.300132,0.0847060978412628,0.10400277652887752,0.0842184647917747,0.08451261371374119,0.019296678687614713,91.300132,352.856689453125,352.85996921144715,352.8591003417969,352.85540771484375,0.003279758322150883
91.400092,0.0820918306708335,0.08051770345624756,0.0796469673514366,0.0833882167935372,-0.0015741272145859408,91.400092,0.086272545158863,0.09480851426431383,0.0847060978412628,0.08519373089075091,0.008535969105450833,91.400092,352.8587646484375,352.8569034948458,352.856689453125,352.8542785644531,-0.0018611535916761568
91.500052,0.0817621201276779,0.08331314947998275,0.0820918306708335,0.08453669399023041,0.0015510293523048474,91.500052,0.0861514955759048,0.081905697973328,0.086272545158863,0.08783899247646319,-0.0042457976025768035,91.500052,352.8616943359375,352.85944210899333,352.8587646484375,352.86083984375,-0.002252226944165159
91.600012,0.084925390779972,0.08087497447825923,0.0817621201276779,0.0814324095845223,-0.004050416301712767,91.600012,0.083151638507843,0.0836684689410974,0.0861514955759048,0.08603044599294661,0.0005168304332544005,91.600012,352.86236572265625,352.8633395344202,352.8616943359375,352.8646240234375,0.000973811763969934
91.699972,0.0827567875385284,0.08530248906249221,0.084925390779972,0.08808866143226608,0.002545701523963814,91.699972,0.0823960155248642,0.08366694407462441,0.083151638507843,0.0801517814397812,0.001270928549760214,91.699972,352.8595275878906,352.86408327968513,352.86236572265625,352.863037109375,0.004555691794507766
91.800765,0.0789854303002357,0.08301660298100792,0.0827567875385284,0.08058818429708481,0.004031172680772216,91.800765,0.0825806185603141,0.08165035183251232,0.0823960155248642,0.08164039254188539,-0.0009302667278017762,91.800765,352.857666015625,352.86062318586863,352.8595275878906,352.856689453125,0.002957170243632845
91.900725,0.0745196267962455,0.07920062316741916,0.0789854303002357,0.07521407306194301,0.004680996371173654,91.900725,0.0827617198228836,0.0849029266752313,0.0825806185603141,0.082765221595764,0.002141206852347699,91.900725,352.8592529296875,352.85804912372976,352.857666015625,352.8558044433594,-0.0012038059577434979
92.000685,0.0806951746344566,0.07322758053359743,0.0745196267962455,0.0700538232922553,-0.007467594100859176,92.000685,0.0841968730092048,0.08795187316119076,0.0827617198228836,0.08294282108545312,0.00375500015198596,92.000685,352.861328125,352.8602574084705,352.8592529296875,352.86083984375,-0.0010707165295116283
92.100645,0.0816822201013565,0.08303644205503279,0.0806951746344566,0.08687072247266771,0.0013542219536762795,92.100645,0.081691950559616,0.08896492682666204,0.0841968730092048,0.08563202619552598,0.0072729762670460385,92.100645,352.8605041503906,352.8626886808087,352.861328125,352.8634033203125,0.00218453041804878
92.200605,0.0837507545948028,0.0833953612244309,0.0816822201013565,0.0826692655682564,-0.00035539337037189533,92.200605,0.08460483700037,0.06920999266679811,0.081691950559616,0.07918702811002722,-0.015394844333571883,92.200605,352.8599853515625,352.8614298284858,352.8605041503906,352.85968017578125,0.0014444769233250554
92.300565,0.0840555429458618,0.08480020473007521,0.0837507545948028,0.0858192890882491,0.0007446617842134101,92.300565,0.0841443315148353,0.10568829061037596,0.08460483700037,0.08751772344112399,0.02154395909554066,92.300565,352.8618469238281,352.86031970235916,352.8599853515625,352.8594665527344,-0.0015272214689616703
92.400525,0.0854982882738113,0.0838069786206958,0.0840555429458618,0.0843603312969208,-0.0016913096531154942,92.400525,0.089350014925003,0.08548676868598376,0.0841443315148353,0.0836838260293006,-0.0038632462390192357,92.400525,352.86358642578125,352.8628871980674,352.8618469238281,352.86370849609375,-0.0006992277138238023
92.500485,0.0918620377779007,0.08729605282437139,0.0854982882738113,0.0869410336017608,-0.004565984953529306,92.500485,0.0942638888955116,0.10302626263795063,0.089350014925003,0.09455569833517069,0.00876237374243903,92.500485,352.8617248535156,352.86472829783486,352.86358642578125,352.8653259277344,0.0030034443192334948
92.600445,0.0926479995250701,0.09495777334560848,0.0918620377779007,0.09822578728199009,0.0023097738205383883,92.600445,0.0946205854415893,0.10903289608940583,0.0942638888955116,0.0991777628660202,0.014412310647816534,92.600445,352.85809326171875,352.8619599473651,352.8617248535156,352.85986328125,0.003866685646357837
92.700405,0.0893901735544204,0.09198412047070242,0.0926479995250701,0.09343396127223949,0.0025939469162820222,92.700405,0.097298264503479,0.10246858377495023,0.0946205854415893,0.094977281987667,0.005170319271471227,92.700405,352.85748291015625,352.85774536149194,352.85809326171875,352.8544616699219,0.0002624513356863645
92.800365,0.0914547145366668,0.08768265880364967,0.0893901735544204,0.08613234758377071,-0.0037720557330171295,92.800365,0.0970333442091941,0.10006388115902491,0.097298264503479,0.09997594356536871,0.0030305369498308116,92.800365,352.8596496582031,352.85758679577356,352.85748291015625,352.85687255859375,-0.002062862429568213
92.900325,0.0905826166272163,0.09146421456447373,0.0914547145366668,0.0935192555189132,0.0008815979372574362,92.900325,0.0966942608356475,0.09336253101232132,0.0970333442091941,0.0967684239149092,-0.0033317298233261766,92.900325,352.8612670898437,352.8605488139333,352.8596496582031,352.86181640625,-0.0007182759104011893
93.000285,0.0905208438634872,0.09089094554979085,0.0905826166272163,0.0897105187177658,0.0003701016863036505,93.000285,0.0969321876764297,0.09126143151303472,0.0966942608356475,0.0963551774621009,-0.005670756163394991,93.000285,352.8600769042969,352.8625567968871,352.8612670898437,352.86288452148426,0.002479892590201871
93.100245,0.0929799154400825,0.09283030667536978,0.0905208438634872,0.0904590710997581,-0.00014960876471271922,93.100245,0.0964529290795326,0.10002898064477438,0.0969321876764297,0.09717011451721191,0.0035760515652417807,93.100245,352.8587646484375,352.8604539856967,352.8600769042969,352.85888671875006,0.0016893372592221567
93.200205,0.0929363146424293,0.0944237643984026,0.0929799154400825,0.09543898701667779,0.0014874497559732996,93.200205,0.0929372757673263,0.10378051360059204,0.0964529290795326,0.09597367048263548,0.01084323783326574,93.200205,352.85821533203125,352.8586894549576,352.8587646484375,352.8574523925781,0.00047412292633453035
93.300165,0.089108720421791,0.09120686254076238,0.0929363146424293,0.0928927138447761,0.0020981421189713856,93.300165,0.090597428381443,0.09504199393946722,0.0929372757673263,0.08942162245512,0.004444565558024222,93.300165,352.85888671875,352.858725286135,352.85821533203125,352.857666015625,-0.0001614326150161105
93.400125,0.0869486853480339,0.08856738906240678,0.089108720421791,0.08528112620115269,0.0016187037143728794,93.400125,0.0868538618087768,0.07654337266144827,0.090597428381443,0.08825758099555969,-0.01031048914732853,93.400125,352.8600769042969,352.8599730026279,352.85888671875,352.85955810546875,-0.00010390166897877862
93.500085,0.0850643217563629,0.08546038562179396,0.0869486853480339,0.08478865027427682,0.0003960638654310622,93.500085,0.085645392537117,0.08119276867527132,0.0868538618087768,0.0831102952361106,-0.004452623861845681,93.500085,352.8605651855469,352.861760757726,352.8600769042969,352.86126708984375,0.0011955721791423457
93.600045,0.0819099321961402,0.08500394707921372,0.0850643217563629,0.0831799581646919,0.0030940148830735092,93.600045,0.0849236845970153,0.07916621305230041,0.085645392537117,0.08443692326545721,-0.005757471544714884,93.600045,352.860595703125,352.86256857992123,352.8605651855469,352.8610534667969,0.0019728767962305938
93.700005,0.0828775390982627,0.0841137450986974,0.0819099321961402,0.07875554263591751,0.0012362060004346975,93.700005,0.0819182395935058,0.07856264343939426,0.0849236845970153,0.08420197665691359,-0.0033555961541115453,93.700005,352.8602294921875,352.8619939691423,352.860595703125,352.8606262207031,0.001764476954804195
93.800798,0.0799732059240341,0.08443140420502582,0.0828775390982627,0.0838451460003852,0.0044581982809917126,93.800798,0.0821583047509193,0.09156269253529285,0.0819182395935058,0.07891279458999631,0.009404387784373552,93.800798,352.860107421875,352.86121223879945,352.8602294921875,352.85986328125,0.0011048169244531891
93.900758,0.079063706099987,0.08010885545547829,0.0799732059240341,0.0770688727498055,0.0010451493554912844,93.900758,0.082458309829235,0.089848473978006,0.0821583047509193,0.0823983699083328,0.007390164148771,93.900758,352.8592834472656,352.8614125834915,352.860107421875,352.8599853515625,0.0021291362258466506
94.000718,0.0794820412993431,0.07932264274616599,0.079063706099987,0.0781542062759399,-0.00015939855317710638,94.000718,0.0826427862048149,0.09190331079591357,0.082458309829235,0.08275831490755069,0.009260524591098676,94.000718,352.8592224121094,352.86060366389984,352.8592834472656,352.85845947265625,0.0013812517904625565
94.100678,0.077452927827835,0.07958157707226597,0.0794820412993431,0.07990037649869919,0.002128649244430972,94.100678,0.082951582968235,0.08215601479096207,0.0826427862048149,0.0828272625803948,-0.0007955681772729289,94.100678,352.8593139648437,352.86068930569047,352.8592224121094,352.8591613769531,0.0013753408467778172
94.200638,0.0773479118943214,0.07716250762779589,0.077452927827835,0.0754238143563269,-0.00018540426652551012,94.200638,0.0821758583188057,0.07463044962473608,0.082951582968235,0.08326037973165511,-0.007545408694069611,94.200638,352.85968017578125,352.86110404737803,352.8593139648437,352.859405517578,0.0014238715967849203
94.300598,0.0811024457216262,0.07894667949619652,0.0773479118943214,0.0772428959608078,-0.0021557662254296783,94.300598,0.0851553529500961,0.07252167171716283,0.0821758583188057,0.08140013366937639,-0.012633681232933278,94.300598,352.85992431640625,352.86125115154255,352.85968017578125,352.8600463867188,0.0013268351362967223
94.400558,0.0782629549503326,0.08429089257733814,0.0811024457216262,0.084856979548931,0.006027937627005542,94.400558,0.0838624686002731,0.08742704994597733,0.0851553529500961,0.08813484758138651,0.0035645813457042264,94.400558,352.8601989746094,352.8610597735379,352.85992431640625,352.86016845703125,0.000860798928499662
94.500518,0.0795459896326065,0.0780445151319298,0.0782629549503326,0.075423464179039,-0.001501474500676711,94.500518,0.0821829810738563,0.08383952124971468,0.0838624686002731,0.0825695842504501,0.0016565401758583814,94.500518,352.8601989746094,352.86137724568084,352.8601989746094,352.8604736328125,0.001178271071466952
94.600478,0.0838920250535011,0.08019476522538083,0.0795459896326065,0.08082902431488041,-0.003697259828120275,94.600478,0.0836799368262291,0.09461204730072473,0.0821829810738563,0.08050349354743949,0.010932110474495632,94.600478,352.8601379394531,352.8613663399858,352.8601989746094,352.8601989746094,0.001228400532681917
94.700438,0.0846924632787704,0.08486094101610976,0.0838920250535011,0.0882380604743957,0.00016847773733935645,94.700438,0.0812955945730209,0.0972686924037601,0.0836799368262291,0.08517689257860189,0.015973097830739205,94.700438,352.8597106933594,352.86145941203864,352.8601379394531,352.8600769042969,0.0017487186792664033
94.800398,0.0853829458355903,0.085845684403732,0.0846924632787704,0.08549290150403971,0.00046273856814170455,94.800398,0.0812271609902381,0.0672012551047119,0.0812955945730209,0.07891125231981269,-0.014025905885526213,94.800398,352.8597412109375,352.86090158594715,352.8597106933594,352.8592834472656,0.0011603750096469412
94.900358,0.085867591202259,0.08608079788258778,0.0853829458355903,0.08607342839241018,0.00021320668032878687,94.900358,0.0799528509378433,0.08635687876281374,0.0812271609902381,0.08115872740745532,0.006404027824970446,94.900358,352.8600769042969,352.8608814703189,352.8597412109375,352.8597717285156,0.0008045660219977435
95.000318,0.0830458775162696,0.0868195527242997,0.085867591202259,0.0863522365689277,0.0037736752080300973,95.000318,0.0767224505543708,0.08058220544866765,0.0799528509378433,0.07867854088544848,0.003859754894296852,95.000318,352.8603820800781,352.8612527639509,352.8600769042969,352.86041259765625,0.0008706838727903232
95.100278,0.0824788138270378,0.08405951785281132,0.0830458775162696,0.0802241638302802,0.0015807040257735244,95.100278,0.076459877192974,0.07237575425086594,0.0767224505543708,0.0734920501708983,-0.004084122942108054,95.100278,352.8603210449219,352.8615402857827,352.8603820800781,352.8606872558594,0.0012192408608484584
95.200238,0.0794140547513961,0.08321457801794059,0.0824788138270378,0.081911750137806,0.003800523266544495,95.200238,0.0733970329165458,0.09307594684800771,0.076459877192974,0.07619730383157719,0.019678913931461914,95.200238,352.8600769042969,352.861374085857,352.8603210449219,352.8602600097656,0.0012971815601190428
95.300198,0.0790941566228866,0.07982987390160776,0.0794140547513961,0.0763492956757544,0.0007357172787211541,95.300198,0.0754254907369613,0.0672267464268407,0.0733970329165458,0.0703341886401176,-0.00819874431012059,95.300198,352.8597717285156,352.86130560486873,352.8600769042969,352.8598327636719,0.0015338763531076438
95.400158,0.0855680480599403,0.0793940990099611,0.0790941566228866,0.07877425849437711,-0.006173949049979199,95.400158,0.0824671611189842,0.09407671053216249,0.0754254907369613,0.07745394855737679,0.011609549413178294,95.400158,352.8609619140625,352.860985756811,352.8597717285156,352.8594665527344,2.3842748475999542e-05
95.500118,0.0883172750473022,0.08849498314334259,0.0855680480599403,0.09204193949699399,0.00017770809604038262,95.500118,0.0872377008199691,0.09636231832791439,0.0824671611189842,0.0895088315010071,0.009124617507945298,95.500118,352.8617248535156,352.86185087225294,352.8609619140625,352.8621520996094,0.00012601873731910018
95.600078,0.0914562717080116,0.08828153456072924,0.0883172750473022,0.09106650203466411,-0.0031747371472823638,95.600078,0.0927711427211761,0.09388969831676316,0.0872377008199691,0.092008240520954,0.001118555595587059,95.600078,352.8616638183594,352.86280058423705,352.8617248535156,352.86248779296875,0.0011367658776748613
95.700038,0.0959274321794509,0.09363580186786608,0.0914562717080116,0.094595268368721,-0.00229163031158483,95.700038,0.0989738777279853,0.09955722354995089,0.0927711427211761,0.09830458462238312,0.0005833458219655918,95.700038,352.8609924316406,352.8621831645514,352.8616638183594,352.8616027832031,0.001190732910799852
95.799998,0.0925099551677703,0.09740373266798412,0.0959274321794509,0.10039859265089021,0.004893777500213817,95.799998,0.0957217738032341,0.11287338849149509,0.0989738777279853,0.10517661273479449,0.017151614688260985,95.799998,352.8605651855469,352.86097978583155,352.8609924316406,352.8603210449219,0.0004146002846709962
95.900791,0.092097632586956,0.09177930098514668,0.0925099551677703,0.0890924781560897,-0.00031833160180931575,95.900791,0.0955293625593185,0.0869965668754466,0.0957217738032341,0.0924696698784829,-0.0085327956838719,95.900791,352.85992431640625,352.8607324709952,352.8605651855469,352.8601379394531,0.000808154588924026
96.000751,0.0939535498619079,0.09138280086233541,0.092097632586956,0.09168531000614169,-0.002570748999572492,96.000751,0.0968167409300804,0.11838452940860256,0.0955293625593185,0.0953369513154029,0.021567788478522157,96.000751,352.8595275878906,352.86040144027453,352.85992431640625,352.8592834472656,0.00087385238390425
96.100711,0.0911035910248756,0.094607691421239,0.0939535498619079,0.09580946713685981,0.0035041003963633965,96.100711,0.0935916006565094,0.10243824759921333,0.0968167409300804,0.0981041193008423,0.008846646942703928,96.100711,352.8591003417969,352.8601842564459,352.8595275878906,352.859130859375,0.0010839146490297935
96.200671,0.0936595275998115,0.09006786576176212,0.0911035910248756,0.0882536321878433,-0.003591661838049376,96.200671,0.0948908329010009,0.0886071640439013,0.0935916006565094,0.0903664603829384,-0.006283668857099592,96.200671,352.8593139648437,352.86000434742886,352.8591003417969,352.8586730957031,0.0006903825851622969
96.300631,0.0935333222150802,0.09478264282135704,0.0936595275998115,0.0962154641747474,0.0012493206062768325,96.300631,0.0931508839130401,0.1058391074483814,0.0948908329010009,0.09619006514549239,0.012688223535341298,96.300631,352.8597717285156,352.8600500396639,352.8593139648437,352.8595275878905,0.000278311148292687
96.400591,0.0874635353684425,0.09472111049730966,0.0935333222150802,0.09340711683034891,0.007257575128867169,96.400591,0.0865608155727386,0.07937426776608578,0.0931508839130401,0.09141093492507932,-0.007186547806652829,96.400591,352.8599853515625,352.8605564958149,352.8597717285156,352.86022949218756,0.0005711442523761434
96.500551,0.0844029411673545,0.08649621913841239,0.0874635353684425,0.08139374852180478,0.0020932779710578914,96.500551,0.0848554000258445,0.07753186948617899,0.0865608155727386,0.0799707472324371,-0.007323530539665515,96.500551,352.8597412109375,352.86111296615195,352.8599853515625,352.8601989746094,0.0013717552144498768
96.600511,0.0838912948966026,0.0853310611459931,0.0844029411673545,0.08134234696626651,0.0014397662493905033,96.600511,0.0849125608801841,0.09483022884359169,0.0848554000258445,0.0831499844789504,0.009917667963407581,96.600511,352.85986328125,352.86083317445406,352.8597412109375,352.8594970703125,0.0009698932040578256
96.700471,0.0816951021552085,0.08280966966682309,0.0838912948966026,0.0833796486258507,0.001114567511614581,96.700471,0.0832804068922996,0.09932935512590084,0.0849125608801841,0.0849697217345237,0.016048948233601243,96.700471,352.8594665527344,352.8613795991767,352.85986328125,352.8599853515625,0.0019130464423255944
96.800431,0.0821479484438896,0.082290018901197,0.0816951021552085,0.0794989094138144,0.00014207045730739443,96.800431,0.0855491012334823,0.0717526899848955,0.0832804068922996,0.08164825290441509,-0.013796411248586798,96.800431,352.8595886230469,352.86108444548796,352.8594665527344,352.85906982421875,0.0014958224410861476
96.900391,0.0835678130388259,0.08465677195878665,0.0821479484438896,0.0826007947325707,0.0010889589199607475,96.900391,0.0846170708537101,0.09409212423341143,0.0855491012334823,0.08781779557466501,0.009475053379701323,96.900391,352.8594665527344,352.86061090432713,352.8595886230469,352.8597106933594,0.0011443515927567205
97.000351,0.0798836126923561,0.08562506044639573,0.0835678130388259,0.08498767763376221,0.005741447754039633,97.000351,0.085166722536087,0.09007319912692147,0.0846170708537101,0.0836850404739379,0.0049064765908344715,97.000351,352.85968017578125,352.86020493873195,352.8594665527344,352.8593444824219,0.0005247629507039164
97.100311,0.0823171064257621,0.07970596051346672,0.0798836126923561,0.07619941234588629,-0.0026111459122953734,97.100311,0.0814119428396225,0.10289210906866836,0.085166722536087,0.08571637421846388,0.02148016622904586,97.100311,352.8595886230469,352.86072547801865,352.85968017578125,352.8598937988281,0.001136854971775847
97.200271,0.0812732875347137,0.08393906036429899,0.0823171064257621,0.08475060015916809,0.002665772829585286,97.200271,0.0806193724274635,0.09009568091530205,0.0814119428396225,0.077657163143158,0.00947630848783855,97.200271,352.85968017578125,352.86069073197444,352.8595886230469,352.8594970703125,0.001010556193193679
97.300231,0.0818410292267799,0.08284780756532596,0.0812732875347137,0.08022946864366531,0.001006778338546066,97.300231,0.0801023766398429,0.08572908865251107,0.0806193724274635,0.07982680201530451,0.005626712012668164,97.300231,352.85986328125,352.8607903840736,352.85968017578125,352.8597717285156,0.0009271028235957601
97.400191,0.0799331590533256,0.08303062872196008,0.0818410292267799,0.08240877091884609,0.0030974696686344866,97.400191,0.0783626660704612,0.08792105006917668,0.0801023766398429,0.0795853808522223,0.009558383998715475,97.400191,352.860107421875,352.86083670597276,352.85986328125,352.86004638671875,0.0007292840977584092
97.500151,0.0804777666926384,0.08082859159826947,0.0799331590533256,0.0780252888798713,0.0003508249056310697,97.500151,0.0799902603030204,0.0799013112393296,0.0783626660704612,0.0766229555010795,-8.894906369079358e-05,97.500151,352.86004638671875,352.86123356642537,352.860107421875,352.8603515625,0.0011871797066191903
97.600111,0.0809030756354332,0.08187957027404479,0.0804777666926384,0.0810223743319512,0.0009764946386115886,97.600111,0.0781180113554,0.09582846132239449,0.0799902603030204,0.08161785453557958,0.017710449966994488,97.600111,352.8598327636719,352.860991678786,352.86004638671875,352.8599853515625,0.00115891511410382
97.700071,0.0853855162858963,0.08076907629744341,0.0809030756354332,0.081328384578228,-0.004616439988452889,97.700071,0.0696406215429306,0.08774393902147387,0.0781180113554,0.07624576240777961,0.018103317478543268,97.700071,352.8598937988281,352.8608127572291,352.8598327636719,352.859619140625,0.0009189584009732243
97.800031,0.0951860398054122,0.0872941359123221,0.0853855162858963,0.0898679569363594,-0.007891903893090094,97.800031,0.0651346072554588,0.06164739472235298,0.0696406215429306,0.061163231730461204,-0.003487212533105827,97.800031,352.8597717285156,352.86065089654204,352.8598937988281,352.8599548339844,0.0008791680264153001
97.899991,0.0985104218125343,0.09732817020307218,0.0951860398054122,0.10498656332492809,-0.0011822516094621288,97.899991,0.0587014369666576,0.07560659200417205,0.0651346072554588,0.060628592967987005,0.016905155037514455,97.899991,352.85992431640625,352.8601074211524,352.8597717285156,352.8596496582031,0.00018310474615645944
98.000784,0.1011841744184494,0.09897928725168532,0.0985104218125343,0.10183480381965641,-0.0022048871667640774,98.000784,0.0538709908723831,0.04355005212427236,0.0587014369666576,0.05226826667785639,-0.010320938748110735,98.000784,352.8602294921875,352.8600828752648,352.85992431640625,352.8600769042969,-0.00014661692267736726
98.100744,0.1006905883550643,0.10184720206923335,0.1011841744184494,0.1038579270243645,0.001156613714169058,98.100744,0.0547841303050518,0.050967977707648375,0.0538709908723831,0.0490405447781086,-0.0038161525974034216,98.100744,352.8597106933594,352.86018454397504,352.8602294921875,352.86053466796875,0.0004738506156627409
98.200704,0.0933083370327949,0.10050095508998237,0.1006905883550643,0.10019700229167919,0.007192618057187475,98.200704,0.0521524101495742,0.06602846357590891,0.0547841303050518,0.055697269737720496,0.01387605342633471,98.200704,352.8594055175781,352.85981691893005,352.8597106933594,352.85919189453125,0.0004114013519256332
98.300664,0.092060387134552,0.09144597559562506,0.0933083370327949,0.0859260857105255,-0.00061441153892694,98.300664,0.0527667552232742,0.04783696314314178,0.0521524101495742,0.04952068999409661,-0.004929792080132424,98.300664,352.8592834472656,352.8600122187242,352.8594055175781,352.8591003417969,0.0007287714585686444
98.400624,0.0896337926387786,0.0930931680060112,0.092060387134552,0.09081243723630911,0.003459375367232592,98.400624,0.0524816177785396,0.06567616408109792,0.0527667552232742,0.0533811002969742,0.013194546302558313,98.400624,352.8593444824219,352.8598053878417,352.8592834472656,352.8591613769531,0.0004609054197999285
98.500584,0.0893138423562049,0.08907664540631048,0.0896337926387786,0.0872071981430052,-0.00023719694989442208,98.500584,0.0548200383782386,0.051000331881861344,0.0524816177785396,0.052196480333805,-0.003819706496377258,98.500584,352.8592224121094,352.860247666225,352.8593444824219,352.8594055175781,0.001025254115631924
98.600544,0.089236743748188,0.08960930854519647,0.0893138423562049,0.0889938920736312,0.000372564797008465,98.600544,0.0571825131773948,0.06157561877721244,0.0548200383782386,0.0571584589779376,0.004393105599817641,98.600544,352.859130859375,352.860316713295,352.8592224121094,352.8591003417969,0.0011858539199920415
98.700504,0.0888496190309524,0.0894063390601983,0.089236743748188,0.0891596451401711,0.0005567200292459079,98.700504,0.0587612763047218,0.06105899851986537,0.0571825131773948,0.05954498797655099,0.0022977222151435717,98.700504,352.8594055175781,352.86018542775105,352.859130859375,352.8590393066406,0.0007799101729233371
98.800464,0.0868111625313758,0.09031873319795512,0.0888496190309524,0.08846249431371679,0.003507570666579321,98.800464,0.0575188547372818,0.054089649241876654,0.0587612763047218,0.0603400394320488,-0.003429205495405145,98.800464,352.8595886230469,352.8602633459275,352.8594055175781,352.85968017578125,0.00067472288060344
98.900424,0.0890106409788131,0.08738605219784736,0.0868111625313758,0.0847727060317992,-0.0016245887809657467,98.900424,0.0633022114634513,0.054065865207430265,0.0575188547372818,0.0562764331698418,-0.009236346256021037,98.900424,352.85968017578125,352.86062150459736,352.8595886230469,352.8597717285156,0.0009413288161113087
99.000384,0.0871831327676773,0.09009883963892577,0.0890106409788131,0.0912101194262504,0.00291570687124848,99.000384,0.0669205710291862,0.08796857132752864,0.0633022114634513,0.0690855681896208,0.021048000298342445,99.000384,352.8600158691406,352.86056506871563,352.85968017578125,352.8597717285156,0.0005491995750048773
99.100344,0.0894367322325706,0.08706916872442017,0.0871831327676773,0.08535562455654148,-0.0023675635081504415,99.100344,0.0737506300210952,0.06593639884681493,0.0669205710291862,0.07053893059492108,-0.007814231174280276,99.100344,352.8603820800781,352.8609387544547,352.8600158691406,352.8603515625,0.0005566743765825777
99.200304,0.0890979543328285,0.09149747947727303,0.0894367322325706,0.09169033169746392,0.0023995251444445392,99.200304,0.0765723511576652,0.0857139569933175,0.0737506300210952,0.08058068901300422,0.009141605835652308,99.200304,352.8607482910156,352.8611587207471,352.8603820800781,352.8607482910156,0.0004104297314597716
99.300264,0.0865965709090232,0.08867609183065046,0.0890979543328285,0.08875917643308638,0.002079520921627262,99.300264,0.074147492647171,0.08724147317684275,0.0765723511576652,0.07939407229423519,0.013093980529671742,99.300264,352.8607788085937,352.86177713880113,352.8607482910156,352.8611145019531,0.0009983302074374478
99.400224,0.0871560126543045,0.08580923827442177,0.0865965709090232,0.08409518748521791,-0.0013467743798827314,99.400224,0.0739075317978859,0.07670567785582336,0.074147492647171,0.07172263413667682,0.0027981460579374617,99.400224,352.86083984375,352.8620053446562,352.8607788085937,352.86080932617176,0.0011655009062110366
99.500184,0.0837705582380294,0.0869933613613195,0.0871560126543045,0.08771545439958581,0.0032228031232900967,99.500184,0.0720145031809806,0.0831511382522336,0.0739075317978859,0.07366757094860078,0.011136635071252995,99.500184,352.86065673828125,352.8623123258431,352.86083984375,352.8609008789063,0.0016555875618564642
99.600144,0.0838768631219863,0.08333409981860979,0.0837705582380294,0.08038510382175429,-0.00054276330337652,99.600144,0.071138709783554,0.0666086372934467,0.0720145031809806,0.0701214745640753,-0.004530072490107298,99.600144,352.860595703125,352.86226257470673,352.86065673828125,352.8604736328125,0.0016668715817331758
99.700104,0.0847395583987236,0.08439845001098105,0.0838768631219863,0.08398316800594322,-0.00034110838774255303,99.700104,0.0717725232243537,0.0670817766043386,0.071138709783554,0.07026291638612739,-0.0046907466200150905,99.700104,352.8603515625,352.8621784718991,352.860595703125,352.86053466796875,0.0018269093990852525
99.800064,0.0862916558980941,0.08640524852662704,0.0847395583987236,0.0856022536754609,0.00011359262853294361,99.800064,0.0731250420212745,0.0659855003141045,0.0717725232243537,0.07240633666515339,-0.007139541707170002,99.800064,352.860107421875,352.86165623455605,352.8603515625,352.860107421875,0.001548812681051004
99.900024,0.0921114087104797,0.08892949820803758,0.0862916558980941,0.08784375339746459,-0.003181910502442112,99.900024,0.0800025165081024,0.07609446308003162,0.0731250420212745,0.0744775608181953,-0.003908053428070782,99.900024,352.85986328125,352.8605515124158,352.860107421875,352.85986328125,0.0006882311657818718
99.999984,0.0934756696224212,0.09420873106842612,0.0921114087104797,0.0979311615228653,0.0007330614460049206,99.999984,0.084429994225502,0.10598746926063057,0.0800025165081024,0.08687999099493031,0.021557475035128573,99.999984,352.85955810546875,352.86008631647593,352.85986328125,352.859619140625,0.0005282110071789248
100.100777,0.0913851037621498,0.0920167494435395,0.0934756696224212,0.0948399305343627,0.0006316456813897087,100.100777,0.0842587053775787,0.10290467303059117,0.084429994225502,0.0888574719429016,0.018645967653012477,100.100777,352.859130859375,352.86020297362467,352.85955810546875,352.8592529296875,0.001072114249666356
100.200737,0.0937780812382698,0.09067596591249638,0.0913851037621498,0.0892945379018784,-0.0031021153257734246,100.200737,0.0862288400530815,0.0817496444171093,0.0842587053775787,0.08408741652965539,-0.004479195635972197,100.200737,352.8594055175781,352.85995304874393,352.859130859375,352.85870361328125,0.0005475311658074133
100.300697,0.0901296436786651,0.09444990912154319,0.0937780812382698,0.09617105871438981,0.004320265442878085,100.300697,0.0860757902264595,0.09459457443958576,0.0862288400530815,0.0881989747285843,0.008518784213126254,100.300697,352.859375,352.86026111928254,352.8594055175781,352.85968017578125,0.0008861192825406761
100.400657,0.0879211276769638,0.08930246285874992,0.0901296436786651,0.0864812061190604,0.0013813351817861114,100.400657,0.0866697281599044,0.07433751075595828,0.0860757902264595,0.08592274039983751,-0.012332217403946119,100.400657,352.859130859375,352.86071396131535,352.859375,352.8593444824219,0.0015831019403549362
100.500617,0.0871050134301185,0.08779850161188828,0.0879211276769638,0.0857126116752625,0.0006934881817697719,100.500617,0.0867830216884613,0.08754287259795121,0.0866697281599044,0.08726366609334929,0.0007598509094899064,100.500617,352.85888671875,352.8604752815222,352.859130859375,352.85888671875,0.0015885627722127538
100.600577,0.0864889919757843,0.08823935036510192,0.0871050134301185,0.0862888991832732,0.0017503583893176133,100.600577,0.0864866152405738,0.07518818088329085,0.0867830216884613,0.08689631521701821,-0.01129843435728295,100.600577,352.8587646484375,352.86038558414555,352.85888671875,352.858642578125,0.001620935708047
100.700537,0.0860586911439895,0.08773019024688937,0.0864889919757843,0.0858729705214501,0.001671499102899876,100.700537,0.0860768184065818,0.08262644285924597,0.0864866152405738,0.0861902087926863,-0.003450375547335821,100.700537,352.8587951660156,352.86075030470744,352.8587646484375,352.858642578125,0.001955138691812408
100.800497,0.0855471119284629,0.08742070557898289,0.0860586911439895,0.08562839031219469,0.0018735936505199918,100.800497,0.0854983329772949,0.09247286918919638,0.0860768184065818,0.08566702157258979,0.006974536211901486,100.800497,352.8587951660156,352.8607296636168,352.8587951660156,352.85882568359375,0.0019344976011552717
100.900457,0.0853910073637962,0.0867071511465545,0.0855471119284629,0.0850355327129363,0.0013161437827582945,100.900457,0.0853182822465896,0.09729129478583563,0.0854983329772949,0.08491984754800799,0.011973012539246028,100.900457,352.8587341308594,352.8601253367962,352.8587951660156,352.8587951660156,0.0013912059368408336
101.000417,0.0851635485887527,0.08632208327121163,0.0853910073637962,0.08523490279912951,0.0011585346824589254,101.000417,0.0849933847784996,0.09411604804397113,0.0853182822465896,0.08513823151588432,0.009122663265471523,101.000417,352.8587646484375,352.85958620078895,352.8587341308594,352.8586730957031,0.0008215523514536471
101.100377,0.0850983634591102,0.0857102119832054,0.0851635485887527,0.0849360898137092,0.000611848524095196,101.100377,0.0848953798413276,0.09376543885710895,0.0849933847784996,0.0846684873104096,0.008870059015781348,101.100377,352.8586730957031,352.85920937678065,352.8587646484375,352.8587951660156,0.0005362810775295657
101.200337,0.0847022458910942,0.0853727108916882,0.0850983634591102,0.0850331783294677,0.000670465000594006,101.200337,0.0847314149141311,0.08688791396236244,0.0848953798413276,0.08479737490415559,0.0021564990482313418,101.200337,352.858642578125,352.8589861755438,352.8586730957031,352.85858154296875,0.000343597418805075
101.300297,0.0846742913126945,0.08479721344976582,0.0847022458910942,0.08430612832307818,0.00012292213707132404,101.300297,0.0847468599677085,0.05749614985064008,0.0847314149141311,0.08456744998693459,-0.027250710117068422,101.300297,352.8585205078125,352.8602604268792,352.858642578125,352.8586120605469,0.0017399190667219955
101.400257,0.0845576003193855,0.08635799137110034,0.0846742913126945,0.0846463367342948,0.0018003910517148392,101.400257,0.0843745842576026,0.053813886762322946,0.0847468599677085,0.08476230502128591,-0.03056069749527965,101.400257,352.8583679199219,352.8624761784597,352.8585205078125,352.8583984375,0.004108258537826259
101.500217,0.0844297409057617,0.08815089290063352,0.0845576003193855,0.08444090932607651,0.003721151994871816,101.500217,0.0842256769537925,0.06355309413213991,0.0843745842576026,0.08400230854749668,-0.020672582821652588,101.500217,352.8581848144531,352.8644410560392,352.8583679199219,352.85821533203125,0.00625624158607252
101.600177,0.0841375142335891,0.0890890425610627,0.0844297409057617,0.08430188149213791,0.0049515283274736005,101.600177,0.0840480029582977,0.07700079246611068,0.0842256769537925,0.08407676964998241,-0.0070472104921870254,101.600177,352.8581237792969,352.86562763711197,352.8581848144531,352.8580017089844,0.007503857815095216
101.700137,0.0842211171984672,0.08973416837923447,0.0841375142335891,0.0838452875614165,0.005513051180767267,101.700137,0.0838842168450355,0.08279553473156065,0.0840480029582977,0.0838703289628029,-0.0010886821134748481,101.700137,352.8579406738281,352.8662730242619,352.8581237792969,352.8580627441406,0.008332350433761349
101.800097,0.0840144529938697,0.09018001479101352,0.0842211171984672,0.0843047201633453,0.006165561797143823,101.800097,0.0834348052740097,0.08655732129498984,0.0838842168450355,0.0837204307317733,0.00312251602098014,101.800097,352.8578186035156,352.8665048438223,352.8579406738281,352.8577575683594,0.00868624030670162
101.900057,0.0840694978833198,0.09021351998519829,0.0840144529938697,0.0838077887892722,0.006144022101878491,101.900057,0.0834143236279487,0.08576875619279113,0.0834348052740097,0.08298539370298391,0.0023544325648424264,101.900057,352.857666015625,352.86673870308573,352.8578186035156,352.8576965332031,0.009072687460729867
102.000017,0.0839183628559112,0.09053579229895424,0.0840694978833198,0.0841245427727699,0.006617429443043041,102.000017,0.083243653178215,0.09821167575492305,0.0834143236279487,0.0833938419818877,0.014968022576708054,102.000017,352.8575744628906,352.8667404127762,352.857666015625,352.8575134277344,0.009165949885584723
102.099977,0.0840073600411415,0.08994271214763387,0.0839183628559112,0.0837672278285026,0.005935352106492375,102.099977,0.0831743329763412,0.1138848047683724,0.083243653178215,0.08307298272848129,0.030710471792031194,102.099977,352.8572998046875,352.8659948146981,352.8575744628906,352.85748291015625,0.008695010010626447
102.20077,0.0840101912617683,0.08941642088081789,0.0840073600411415,0.08409635722637179,0.005406229619049588,102.20077,0.0829054489731788,0.10670661703085647,0.0831743329763412,0.08310501277446741,0.02380116805767768,102.20077,352.85723876953125,352.86459563827685,352.8572998046875,352.8570251464844,0.007356868745603151
102.30073,0.0842339321970939,0.08858488093667678,0.0840101912617683,0.0840130224823951,0.004350948739582888,102.30073,0.0829236656427383,0.09757091316068385,0.0829054489731788,0.08263656497001638,0.01464724751794555,102.30073,352.8567810058594,352.86384789948244,352.85723876953125,352.857177734375,0.007066893623061787
102.40069,0.0841666236519813,0.0885672025493468,0.0842339321970939,0.08445767313241949,0.0044005788973655036,102.40069,0.082628920674324,0.0938248967690772,0.0829236656427383,0.08294188231229781,0.011195976094753202,102.40069,352.85565185546875,352.86301923018914,352.8567810058594,352.8563232421875,0.007367374720388398
102.50065,0.0842542573809623,0.08823618402866214,0.0841666236519813,0.0840993151068687,0.003981926647699835,102.50065,0.0826186388731002,0.0894022862046834,0.082628920674324,0.08233417570590969,0.006783647331583209,102.50065,352.8524475097656,352.8616838342731,352.85565185546875,352.8545227050781,0.009236324507469362
102.60061,0.0848362892866134,0.08843987155173515,0.0842542573809623,0.0843418911099433,0.003603582265121752,102.60061,0.0822765529155731,0.08886444544443423,0.0826186388731002,0.0826083570718764,0.0065878925288611195,102.60061,352.8484802246094,352.85848391845553,352.8524475097656,352.8492431640625,0.010003693846158512
102.70057,0.0851376131176948,0.08886075396226077,0.0848362892866134,0.08541832119226449,0.0037231408445659725,102.70057,0.082380510866642,0.08834329586164094,0.0822765529155731,0.08193446695804601,0.005962784994998943,102.70057,352.8442077636719,352.85466466874436,352.8484802246094,352.8445129394531,0.010456905072487643
102.80053,0.0852558687329292,0.08914885241683865,0.0851376131176948,0.0854389369487762,0.0038929836839094456,102.80053,0.082329973578453,0.08858583871865577,0.082380510866642,0.08248446881771089,0.006255865140202779,102.80053,352.8401794433594,352.8504251690876,352.8442077636719,352.8399353027344,0.010245725728225352
102.90049,0.0853460729122161,0.08907817793434833,0.0852558687329292,0.0853741243481636,0.003732105022132226,102.90049,0.0821578502655029,0.0886473346326411,0.082329973578453,0.08227943629026399,0.0064894843671381985,102.90049,352.83648681640625,352.84639005814495,352.8401794433594,352.8361511230469,0.009903241738697943
103.00045,0.0852557644248008,0.08925297538810252,0.0853460729122161,0.085436277091503,0.003997210963301717,103.00045,0.0817412361502647,0.0891475869815917,0.0821578502655029,0.08198572695255281,0.007406350831326999,103.00045,352.83306884765625,352.8425949722382,352.83648681640625,352.8327941894531,0.0095261245819529
103.10041,0.0853113308548927,0.08906112117827789,0.0852557644248008,0.0851654559373855,0.0037497903233851826,103.10041,0.0811754837632179,0.08632041309449959,0.0817412361502647,0.0813246220350265,0.005144929331281689,103.10041,352.829833984375,352.8391276183716,352.83306884765625,352.82965087890625,0.009293633996605877
103.20037,0.085372619330883,0.08930090510807835,0.0853113308548927,0.0853668972849846,0.003928285777195353,103.20037,0.0806199610233306,0.08273835705061194,0.0811754837632179,0.0806097313761711,0.0021183960272813385,103.20037,352.8264465332031,352.8360963258128,352.829833984375,352.82659912109375,0.009649792609650376
103.30033,0.0851354002952575,0.0893963721545443,0.085372619330883,0.0854339078068733,0.004260971859286797,103.30033,0.0799541026353836,0.08521484394009396,0.0806199610233306,0.08006443828344331,0.0052607413047103535,103.30033,352.8233337402344,352.83292926787107,352.8264465332031,352.82305908203125,0.009595527636690804
103.40029,0.0849257558584213,0.08897214640791777,0.0851354002952575,0.084898181259632,0.004046390549496473,103.40029,0.0792865827679634,0.08779832452199052,0.0799541026353836,0.0792882442474366,0.008511741754027122,103.40029,352.8201599121094,352.8297004679416,352.8233337402344,352.8202209472656,0.009540555832245445
103.50025,0.0846946612000465,0.08894989961726074,0.0849257558584213,0.0847161114215851,0.004255238417214244,103.50025,0.0785300284624099,0.08322551423255284,0.0792865827679634,0.07861906290054319,0.004695485770142935,103.50025,352.8172302246094,352.8264381814663,352.8201599121094,352.8169860839844,0.009207956856926103
103.60021,0.0846357867121696,0.08844407871804914,0.0846946612000465,0.0844635665416717,0.0038082920058795378,103.60021,0.0776893496513366,0.08274732388240846,0.0785300284624099,0.07777347415685641,0.005057974231071863,103.60021,352.8143920898437,352.8237063242522,352.8172302246094,352.8143005371094,0.00931423440852086
103.70017,0.0845274478197097,0.08876849180357237,0.0846357867121696,0.08457691222429271,0.004241043983862672,103.70017,0.076961450278759,0.08189113345788436,0.0776893496513366,0.0768486708402633,0.004929683179125358,103.70017,352.81158447265625,352.82096404670256,352.8143920898437,352.811553955078,0.009379574046306516
103.80013,0.0842520967125892,0.08852533040655017,0.0845274478197097,0.08441910892724978,0.004273233693960973,103.80013,0.0762163326144218,0.08367981109456502,0.076961450278759,0.0762335509061814,0.0074634784801432125,103.80013,352.80908203125,352.81803274073616,352.81158447265625,352.8087768554688,0.008950709486157393
103.90009,0.083959013223648,0.08836088477299277,0.0842520967125892,0.0839767456054687,0.004401871549344766,103.90009,0.0754389986395835,0.0807905924213709,0.0762163326144218,0.0754712149500846,0.0053515937817874,103.90009,352.8064270019531,352.8154606673229,352.80908203125,352.80657958984375,0.00903366536977046
104.00005,0.0834764167666435,0.08777531926879144,0.083959013223648,0.08366592973470681,0.0042989025021479416,104.00005,0.074762687087059,0.08257028613544812,0.0754389986395835,0.0746616646647452,0.0078075990483891244,104.00005,352.8040466308594,352.8128563140182,352.8064270019531,352.80377197265625,0.008809683158801818
104.10001,0.0830374732613563,0.08743308055961828,0.0834764167666435,0.08299382030963899,0.00439560729826198,104.10001,0.0742445290088653,0.07933700648037344,0.074762687087059,0.07408637553453448,0.005092477471508136,104.10001,352.8014831542969,352.8105613858733,352.8040466308594,352.8016662597656,0.009078231576438611
104.19997,0.0826394334435463,0.08685858415478098,0.0830374732613563,0.0825985297560691,0.004219150711234687,104.19997,0.0734394043684005,0.08038620822159574,0.0742445290088653,0.07372637093067161,0.006946803853195238,104.19997,352.79888916015625,352.80808894293864,352.8014831542969,352.7989196777344,0.009199782782388866
104.300763,0.0823192298412323,0.08639713693420632,0.0826394334435463,0.08224139362573629,0.004077907092974023,104.300763,0.0726296752691268,0.07654084766302405,0.0734394043684005,0.07263427972793571,0.003911172393897253,104.300763,352.7963256835937,352.805683029353,352.79888916015625,352.7962951660156,0.009357345759326563
104.400723,0.0821205228567123,0.08639349834501878,0.0823192298412323,0.0819990262389183,0.004272975488306477,104.400723,0.0720484629273414,0.07839284000145282,0.0726296752691268,0.07181994616985309,0.00634437707411141,104.400723,352.7940368652344,352.80303963376883,352.7963256835937,352.79376220703114,0.009002768534458028
104.500683,0.0819369331002235,0.08612736142563908,0.0821205228567123,0.0819218158721923,0.004190428325415579,104.500683,0.0715001076459884,0.07840044595334726,0.0720484629273414,0.07146725058555602,0.0069003383073588664,104.500683,352.7918395996094,352.80048678140747,352.7940368652344,352.79174804687506,0.008647181798096426
104.600643,0.0817271769046783,0.08604044250368686,0.0819369331002235,0.0817533433437347,0.004313265599008562,104.600643,0.0707558169960975,0.07589834408636396,0.0715001076459884,0.07095175236463538,0.005142527090266469,104.600643,352.789794921875,352.79812124153113,352.7918395996094,352.7896423339844,0.008326319656134729
104.700603,0.0816477239131927,0.08574335408040945,0.0817271769046783,0.0815174207091331,0.004095630167216757,104.700603,0.0706284642219543,0.07235074593034588,0.0707558169960975,0.0700115263462066,0.0017222817083915737,104.700603,352.7874755859375,352.79637095542444,352.789794921875,352.7877502441406,0.008895369486936033
104.800563,0.0814896672964096,0.08555304458357832,0.0816477239131927,0.08156827092170708,0.004063377287168712,104.800563,0.0704674944281578,0.08202646701493604,0.0706284642219543,0.07050111144781111,0.011558972586778238,104.800563,352.7853088378906,352.79390034288974,352.7874755859375,352.78515625,0.008591504999117205
104.900523,0.0815469920635223,0.08539703823254001,0.0814896672964096,0.08133161067962652,0.0038500461690177123,104.900523,0.0701869651675224,0.07244602422314475,0.0704674944281578,0.07030652463436131,0.0022590590556223478,104.900523,352.7831115722656,352.79167645946484,352.7853088378906,352.78314208984375,0.008564887199213445
105.000483,0.0815609917044639,0.08565894842786809,0.0815469920635223,0.08160431683063499,0.004097956723404184,105.000483,0.0699383094906807,0.07437286396201116,0.0701869651675224,0.069906435906887,0.004434554471330468,105.000483,352.7807922363281,352.7896660014744,352.7831115722656,352.7809143066406,0.00887376514629068
105.100443,0.0815972685813903,0.08562301375631373,0.0815609917044639,0.08157499134540551,0.004025745174923434,105.100443,0.0699014440178871,0.07671842049845395,0.0699383094906807,0.06968965381383899,0.006816976480566853,105.100443,352.7788391113281,352.7872988209162,352.7807922363281,352.7784729003906,0.008459709588066744
105.200403,0.0815258994698524,0.0856348514940816,0.0815972685813903,0.08163354545831669,0.004108952024229201,105.200403,0.0697510614991188,0.07544851229375699,0.0699014440178871,0.06986457854509351,0.005697450794638181,105.200403,352.7768249511719,352.78545006951936,352.7788391113281,352.7768859863281,0.008625118347481475
105.300363,0.0816955938935279,0.08550799086195511,0.0815258994698524,0.08145453035831451,0.003812396968427209,105.300363,0.0699971914291381,0.07671053348512591,0.0697510614991188,0.06960067898035051,0.006713342055987809,105.300363,352.7747802734375,352.7835269732045,352.7768249511719,352.7748107910156,0.008746699767016253
105.400323,0.0817640796303749,0.08554423860727327,0.0816955938935279,0.0818652883172034,0.0037801589768983734,105.400323,0.0700275972485542,0.07852111574840462,0.0699971914291381,0.0702433213591574,0.008493518499850417,105.400323,352.77313232421875,352.7814273923967,352.7747802734375,352.7727355957031,0.008295068177972098
105.500283,0.0819009393453598,0.08596843985132713,0.0817640796303749,0.08183256536722189,0.004067500505967325,105.500283,0.0703450515866279,0.07427438357319179,0.0700275972485542,0.0700580030679703,0.00392933198656388,105.500283,352.7713317871094,352.7796790566446,352.77313232421875,352.771484375,0.00834726953524978
105.600243,0.0819814577698707,0.08597322042700546,0.0819009393453598,0.08203779906034471,0.003991762657134759,105.600243,0.0705002918839454,0.0763376998361236,0.0703450515866279,0.07066250592470161,0.0058374079521782,105.600243,352.7694396972656,352.7779544897477,352.7713317871094,352.76953125,0.00851479248206033
105.700203,0.082193374633789,0.08591319444969386,0.0819814577698707,0.0820619761943816,0.0037198198159048707,105.700203,0.0708581954240799,0.07612007029701923,0.0705002918839454,0.07065553218126289,0.005261874872939332,105.700203,352.7677307128906,352.77629358340283,352.7694396972656,352.7675476074219,0.00856287051220761
105.800163,0.0823925584554672,0.08608747129774275,0.082193374633789,0.08240529149770728,0.0036949128422755495,105.800163,0.0709456503391265,0.07965692955188172,0.0708581954240799,0.0712160989642144,0.008711279212755219,105.800163,352.76593017578125,352.7745306466624,352.7677307128906,352.7660217285156,0.008600470881162892
105.900123,0.0827356800436973,0.08666572697996593,0.0823925584554672,0.0825917422771454,0.003930046936268625,105.900123,0.0711763352155685,0.07655109254142492,0.0709456503391265,0.07103310525417311,0.005374757325856419,105.900123,352.7639465332031,352.7724179047932,352.76593017578125,352.7641296386719,0.00847137159007616
106.000083,0.0829149335622787,0.08676930325194539,0.0827356800436973,0.08307880163192741,0.0038543696896666813,106.000083,0.0713535025715828,0.07605518402251364,0.0711763352155685,0.0714070200920105,0.0047016814509308474,106.000083,352.7623291015625,352.77052184319757,352.7639465332031,352.761962890625,0.008192741635070888
106.100043,0.0833463221788406,0.08698013237160467,0.0829149335622787,0.08309418708086011,0.00363381019276407,106.100043,0.0717095211148262,0.07733613384351154,0.0713535025715828,0.07153066992759709,0.005626612728685337,106.100043,352.760498046875,352.76908326115955,352.7623291015625,352.7607116699219,0.008585214284551057
106.200003,0.0837458595633506,0.08747982321394132,0.0833463221788406,0.08377771079540249,0.003733963650590727,106.200003,0.0720122531056404,0.07794428416966157,0.0717095211148262,0.07206553965806961,0.005932031064021168,106.200003,352.7588806152344,352.76736979656306,352.760498046875,352.7586669921875,0.00848918132868448
106.300796,0.0842275768518447,0.08776022856743693,0.0837458595633506,0.08414539694786059,0.003532651715592222,106.300796,0.0726487562060356,0.07944126695680974,0.0720122531056404,0.07231498509645459,0.006792510750774139,106.300796,352.75738525390625,352.7658893054807,352.7588806152344,352.75726318359375,0.008504051574448113
106.400756,0.0846403688192367,0.08831486418254593,0.0842275768518447,0.08470929414033881,0.0036744953633092298,106.400756,0.0729956179857254,0.08163187893591294,0.0726487562060356,0.0732852593064308,0.008636260950187533,106.400756,352.75604248046875,352.7642971029277,352.75738525390625,352.7558898925781,0.008254622458935046
106.500716,0.0851236954331398,0.08855675693814477,0.0846403688192367,0.0850531607866287,0.0034330615050049695,106.500716,0.0735414549708366,0.07813002712110496,0.0729956179857254,0.0733424797654152,0.004588572150268366,106.500716,352.7546081542969,352.76294640565465,352.75604248046875,352.75469970703125,0.008338251357770332
106.600676,0.0856803879141807,0.0891914930183747,0.0851236954331398,0.0856070220470429,0.003511105104194001,106.600676,0.0740220248699188,0.08030714831116247,0.0735414549708366,0.07408729195594779,0.00628512344124367,106.600676,352.753173828125,352.76157041928525,352.7546081542969,352.753173828125,0.008396591160249045
106.700636,0.0862999781966209,0.0898098916810536,0.0856803879141807,0.0862370803952216,0.0035099134844327057,106.700636,0.0744457393884658,0.08138060164388043,0.0740220248699188,0.074502594769001,0.006934862255414634,106.700636,352.7516174316406,352.76002314951586,352.753173828125,352.7517395019531,0.008405717875234586
106.800596,0.0866419821977615,0.09048276699433033,0.0862999781966209,0.0869195684790611,0.0038407847965688385,106.800596,0.0749464631080627,0.07924070187140758,0.0744457393884658,0.0748694539070128,0.004294238763344879,106.800596,352.7499694824219,352.7584828820012,352.7516174316406,352.75006103515625,0.008513399579328507
106.900556,0.0874306038022041,0.09070828673445988,0.0866419821977615,0.08698398619890209,0.0032776829322557766,106.900556,0.0756643489003181,0.0831288648365611,0.0749464631080627,0.0754471868276596,0.007464515936242991,106.900556,352.7484130859375,352.7567874147698,352.7499694824219,352.7483215332031,0.00837432883230349
107.000516,0.0879872888326644,0.09146170380568246,0.0874306038022041,0.08821922540664671,0.00347441497301805,107.000516,0.0762669444084167,0.08398562236504763,0.0756643489003181,0.0763822346925735,0.0077186779566309205,107.000516,352.746826171875,352.75513150344665,352.7484130859375,352.7468566894531,0.008305331571648367
107.100476,0.0883326306939125,0.09196320614620486,0.0879872888326644,0.08854397386312471,0.0036305754522923533,107.100476,0.0769518986344337,0.08093245969986039,0.0762669444084167,0.07686953991651531,0.003980561065426685,107.100476,352.74542236328125,352.7537062381658,352.746826171875,352.7452392578125,0.008283874884568831
107.200436,0.0887647718191146,0.09251833391322002,0.0883326306939125,0.0886779725551606,0.00375356209410542,107.200436,0.0773566514253616,0.08396617645332852,0.0769518986344337,0.0776368528604507,0.0066095250279669115,107.200436,352.7439880371094,352.7522710178313,352.74542236328125,352.7440185546875,0.008282980721901367
107.300396,0.0894843861460685,0.092770835292458,0.0887647718191146,0.0891969129443167,0.0032864491463894946,107.300396,0.0777796730399131,0.08524198747998489,0.0773566514253616,0.0777614042162895,0.007462314440071796,107.300396,352.7425537109375,352.75071490988677,352.7439880371094,352.7425537109375,0.008161198949267146
107.400356,0.0898539200425148,0.09369453935914775,0.0894843861460685,0.0902040004730224,0.0038406193166329455,107.400356,0.0780868902802467,0.08244345809098445,0.0777796730399131,0.07820269465446458,0.0043565678107377465,107.400356,352.7412414550781,352.74939069760444,352.7425537109375,352.7411193847656,0.008149242526314993
107.500316,0.0904010608792305,0.09387964768500086,0.0898539200425148,0.0902234539389611,0.003478586805770359,107.500316,0.0785504132509231,0.08363418527600772,0.0780868902802467,0.07839410752058032,0.005083772025084615,107.500316,352.73992919921875,352.74832476909137,352.7412414550781,352.73992919921875,0.00839556987261858
107.600276,0.0909080654382705,0.09442681316608749,0.0904010608792305,0.0909482017159462,0.00351874772781699,107.600276,0.0791056603193283,0.08524147616377319,0.0785504132509231,0.0790139362215995,0.006135815844444892,107.600276,352.7388000488281,352.7472068587248,352.73992919921875,352.7386169433594,0.008406809896655432
107.700236,0.0913996919989585,0.09506794990663651,0.0909080654382705,0.0914150699973105,0.0036682579076780103,107.700236,0.0797068923711776,0.08812712095601548,0.0791056603193283,0.07966090738773349,0.008420228584837874,107.700236,352.7375793457031,352.74589148420654,352.7388000488281,352.7376708984375,0.00831213850341328
107.800196,0.0919962152838707,0.09544780260773421,0.0913996919989585,0.09189131855964651,0.0034515873238635114,107.800196,0.0803515166044235,0.08495797911609337,0.0797068923711776,0.08030812442302691,0.004606462511669879,107.800196,352.7364807128906,352.7446880870178,352.7375793457031,352.7363586425781,0.008207374127152889
107.900156,0.092762790620327,0.09610333880886533,0.0919962152838707,0.09259273856878289,0.0033405481885383365,107.900156,0.0809303671121597,0.08974484567019572,0.0803515166044235,0.08099614083766939,0.00881447855803602,107.900156,352.7353515625,352.743560812396,352.7364807128906,352.7353820800781,0.00820924989602645
108.000116,0.0931829437613487,0.09686862015641871,0.092762790620327,0.0935293659567833,0.003685676395070017,108.000116,0.0814544409513473,0.08674489896453426,0.0809303671121597,0.08150921761989591,0.005290458013186963,108.000116,352.7341613769531,352.7424149220377,352.7353515625,352.7342224121094,0.008253545084585312
108.100076,0.0935209095478057,0.09717033751857411,0.0931829437613487,0.0936030969023704,0.003649427970768407,108.100076,0.082180730998516,0.08647673188767818,0.0814544409513473,0.08197851479053489,0.004296000889162183,108.100076,352.73297119140625,352.74145335507137,352.7341613769531,352.73297119140625,0.008482163665121334
108.200036,0.0940622240304946,0.09771788121011071,0.0935209095478057,0.09385887533426271,0.0036556571796161064,108.200036,0.0828125476837158,0.09168788500902839,0.082180730998516,0.0829070210456847,0.00887533732531258,108.200036,352.7320251464844,352.7401623168355,352.73297119140625,352.7317810058594,0.008137170351119494
108.299996,0.0946676582098007,0.09825408936499855,0.0940622240304946,0.09460353851318351,0.0035864311551978417,108.299996,0.0835254415869712,0.09170077630108169,0.0828125476837158,0.08344436436891561,0.008175334714110485,108.299996,352.73114013671875,352.7389755746036,352.7320251464844,352.7310791015625,0.007835437884864405
108.400789,0.0952877402305603,0.0986867784584993,0.0946676582098007,0.0952730923891068,0.003399038227938994,108.400789,0.0839930921792984,0.09002184003689284,0.0835254415869712,0.08423833549022659,0.006028747857594441,108.400789,352.7299499511719,352.73817548143904,352.73114013671875,352.7302551269531,0.008225530267168324
108.500749,0.0957117527723312,0.09950214387100603,0.0952877402305603,0.0959078222513199,0.0037903910986748363,108.500749,0.0843942165374755,0.09113855235752172,0.0839930921792984,0.0844607427716256,0.006744335820046216,108.500749,352.7286682128906,352.7370517622314,352.7299499511719,352.728759765625,0.008383549340749141
108.600709,0.0960260778665542,0.09961366945920175,0.0957117527723312,0.09613576531410209,0.0035875915926475432,108.600709,0.084864355623722,0.09354116957147365,0.0843942165374755,0.0847953408956526,0.00867681394775166,108.600709,352.7275085449219,352.7356141634083,352.7286682128906,352.7273864746094,0.008105618486411004
108.700669,0.0964213535189628,0.10000675688971455,0.0960260778665542,0.09634040296077721,0.0035854033707517496,108.700669,0.0853697881102562,0.0884989229286423,0.084864355623722,0.08533449470996848,0.0031291348183861006,108.700669,352.7265625,352.73461066668244,352.7275085449219,352.7263488769531,0.00804816668244257
108.800629,0.0967683419585228,0.1006107847067513,0.0964213535189628,0.0968166291713714,0.0038424427482285084,108.800629,0.0856096372008323,0.09361617227733773,0.0853697881102562,0.0858752205967904,0.008006535076505436,108.800629,352.7257385253906,352.7336540527792,352.7265625,352.7256164550781,0.007915527388547616
108.900589,0.0974116623401641,0.10083367864775225,0.0967683419585228,0.09711533039808279,0.0034220163075881493,108.900589,0.0861291959881782,0.08924563241957395,0.0856096372008323,0.0858494862914084,0.0031164364313957527,108.900589,352.7248229980469,352.7329955576452,352.7257385253906,352.72491455078125,0.008172559598335738
109.000549,0.0978701189160347,0.10154707733312392,0.0974116623401641,0.0980549827218054,0.0036769584170892183,109.000549,0.0866221487522125,0.09390503910342618,0.0861291959881782,0.0866487547755241,0.007282890351213683,109.000549,352.7239990234375,352.7323529772235,352.7248229980469,352.7239074707031,0.008353953786013335
109.100509,0.0984114184975624,0.10201124620824908,0.0978701189160347,0.0983285754919053,0.00359982771068669,109.100509,0.0872577503323555,0.09707717064990182,0.0866221487522125,0.0871151015162468,0.009819420317546318,109.100509,352.7229309082031,352.73127303567344,352.7239990234375,352.7231750488281,0.008342127470314153
109.200469,0.0987677276134491,0.10248692958062904,0.0984114184975624,0.09895271807909009,0.0037192019671799387,109.200469,0.0876053348183631,0.09604482759658552,0.0872577503323555,0.0878933519124985,0.00843949277822241,109.200469,352.7219543457031,352.72985566585913,352.7229309082031,352.72186279296875,0.007901320156008751
109.300429,0.0989904478192329,0.10272046370153583,0.0987677276134491,0.0991240367293358,0.0037300158823029284,109.300429,0.0880216881632804,0.09132332637141641,0.0876053348183631,0.08795291930437071,0.003301638208136004,109.300429,352.7211608886719,352.72896404717557,352.7219543457031,352.7209777832031,0.0078031585036910656
109.400389,0.0994829013943672,0.1031599102315316,0.0989904478192329,0.0992131680250167,0.0036770088371644027,109.400389,0.0884547904133796,0.09424275829511851,0.0880216881632804,0.0884380415081977,0.005787967881738909,109.400389,352.7202453613281,352.72823521285187,352.7211608886719,352.7203674316406,0.007989851523745983
109.500349,0.0998680144548416,0.10353219639437962,0.0994829013943672,0.09997535496950151,0.0036641819395380193,109.500349,0.0888496339321136,0.09657777582960232,0.0884547904133796,0.0888878926634788,0.007728141897488716,109.500349,352.71929931640625,352.7271926608726,352.7202453613281,352.7193298339844,0.00789334446636758
109.600309,0.1001752540469169,0.10399213307545639,0.0998680144548416,0.100253127515316,0.0038168790285394855,109.600309,0.0891928896307945,0.09030693879103284,0.0888496339321136,0.08924447745084761,0.0011140491602383423,109.600309,352.71844482421875,352.72665979127385,352.71929931640625,352.7183532714844,0.008214967055096167
109.700269,0.1003309413790702,0.10433526564578843,0.1001752540469169,0.10048249363899221,0.004004324266718234,109.700269,0.0895317569375038,0.0995006093080832,0.0891928896307945,0.08953614532947539,0.0099688523705794,109.700269,352.7176208496094,352.72584229143774,352.71844482421875,352.71759033203125,0.00822144182836837
109.800229,0.1006459146738052,0.10433981301129854,0.1003309413790702,0.10048662871122349,0.00369389833749334,109.800229,0.0898582562804222,0.09770971327795082,0.0895317569375038,0.0898706242442131,0.007851456997528622,109.800229,352.7168884277344,352.7247574594597,352.7176208496094,352.716796875,0.007869031725306286
109.900189,0.1008686572313308,0.10480607976048971,0.1006459146738052,0.10096088796854019,0.003937422529158907,109.900189,0.0902085751295089,0.09572381474787635,0.0898582562804222,0.09018475562334059,0.005515239618367446,109.900189,352.71612548828125,352.7241156036336,352.7168884277344,352.7161560058594,0.007990115352356497
110.000149,0.1010728403925895,0.10493909708929695,0.1008686572313308,0.10109139978885641,0.003866256696707454,110.000149,0.0906239226460456,0.09786956593140911,0.0902085751295089,0.09055889397859561,0.007245643285363507,110.000149,352.7153625488281,352.723537924201,352.71612548828125,352.7153625488281,0.008175375372900362
110.100109,0.1014068350195884,0.10546477908197482,0.1010728403925895,0.1012770235538482,0.004057944062386423,110.100109,0.0911431685090065,0.10038612501670886,0.0906239226460456,0.0910392701625823,0.009242956507702363,110.100109,352.7148132324219,352.7225058020878,352.7153625488281,352.714599609375,0.0076925696659486675
110.200069,0.101598247885704,0.10531921170893048,0.1014068350195884,0.1017408296465873,0.0037209638232264808,110.200069,0.0912855491042137,0.10003540011217603,0.0911431685090065,0.0916624143719674,0.008749851007962328,110.200069,352.7139892578125,352.7218554245553,352.7148132324219,352.7142639160156,0.00786616674281504
110.300029,0.1018664538860321,0.10575650265791836,0.101598247885704,0.1017896607518196,0.0038900487718862564,110.300029,0.0918278694152832,0.09537582036677592,0.0912855491042137,0.0914279296994209,0.003547950951492712,110.300029,352.7133483886719,352.7212132026643,352.7139892578125,352.7131652832031,0.007864813992398467
110.399989,0.1020970940589904,0.10596928675133234,0.1018664538860321,0.10213465988636021,0.003872192692341944,110.399989,0.0922698229551315,0.09903080015719239,0.0918278694152832,0.0923701897263527,0.006760977202060883,110.399989,352.7127685546875,352.7207967893086,352.7133483886719,352.71270751953125,0.00802823462112201
110.500782,0.1023511663079261,0.1060918752633653,0.1020970940589904,0.10232773423194869,0.0037407089554392092,110.500782,0.0925952717661857,0.10198387220098873,0.0922698229551315,0.0927117764949798,0.009388600434803024,110.500782,352.7121276855469,352.7201972794101,352.7127685546875,352.7121887207031,0.008069593863240243
110.600742,0.1023670807480812,0.10645732250025029,0.1023511663079261,0.1026052385568618,0.004090241752169099,110.600742,0.0931504666805267,0.09938203839805888,0.0925952717661857,0.09292072057723991,0.006231571717532178,110.600742,352.71148681640625,352.7194416719022,352.7121276855469,352.71148681640625,0.007954855495938773
110.700702,0.1027698740363121,0.10648311389629314,0.1023670807480812,0.10238299518823629,0.003713239859981038,110.700702,0.0935322642326355,0.10142510335623851,0.0931504666805267,0.0937056615948677,0.007892839123603015,110.700702,352.7109375,352.7186971255437,352.71148681640625,352.7108459472656,0.0077596255437129
110.800662,0.1031327918171882,0.106878985489351,0.1027698740363121,0.10317266732454301,0.0037461936721628064,110.800662,0.0937025919556617,0.09990775974232963,0.0935322642326355,0.09391406178474429,0.006205167786667923,110.800662,352.7105407714844,352.71818081583774,352.7109375,352.71038818359375,0.007640044353365738
110.900622,0.103810541331768,0.10733098169073205,0.1031327918171882,0.10349570959806428,0.0035204403589640526,110.900622,0.0940901264548301,0.0994329316617305,0.0937025919556617,0.09387291967868791,0.005342805206900406,110.900622,352.71014404296875,352.7179627722433,352.7105407714844,352.71014404296875,0.007818729274561065
111.000582,0.1040639281272888,0.10798391928446063,0.103810541331768,0.1044882908463478,0.003919991157171829,111.000582,0.0942891016602516,0.10180624859831708,0.0940901264548301,0.0944776609539985,0.007517146938065475,111.000582,352.7096252441406,352.71765387967963,352.71014404296875,352.7097473144531,0.00802863553900579
111.100542,0.1041212752461433,0.10799955293682008,0.1040639281272888,0.10431731492280961,0.003878277690676779,111.100542,0.0943448469042778,0.1026867180742562,0.0942891016602516,0.0944880768656731,0.008341871169978393,111.100542,352.7091979980469,352.7171486157119,352.7096252441406,352.7091064453125,0.007950617665017035
111.200502,0.1042593792080879,0.10832193919033502,0.1041212752461433,0.1041786223649978,0.004062559982247124,111.200502,0.0946237817406654,0.10170095901372567,0.0943448469042778,0.094400592148304,0.007077177273060273,111.200502,352.708740234375,352.7165449029901,352.7091979980469,352.7087707519531,0.007804668615108312
111.300462,0.1043877303600311,0.1080846685904677,0.1042593792080879,0.10439748317003249,0.003696938230436597,111.300462,0.0947838723659515,0.10424661979196619,0.0946237817406654,0.09490271657705299,0.00946274742601469,111.300462,352.7083435058594,352.7159486240061,352.708740234375,352.7082824707031,0.007605118146727818
111.400422,0.1043454334139823,0.10871090758042325,0.1043877303600311,0.10451608151197431,0.004365474166440952,111.400422,0.0948435515165329,0.09876287683193752,0.0947838723659515,0.0949439629912376,0.00391932531540462,111.400422,352.7080078125,352.7155126667029,352.7083435058594,352.70794677734375,0.0075048542029207965
111.500382,0.1045461446046829,0.10848960479645073,0.1043454334139823,0.10430313646793349,0.003943460191767834,111.500382,0.0950978323817253,0.10249808425223135,0.0948435515165329,0.0949032306671143,0.007400251870506053,111.500382,352.7077941894531,352.7151543280731,352.7080078125,352.7076721191406,0.007360138619958434
111.600342,0.1044298559427261,0.10841690238954813,0.1045461446046829,0.1047468557953835,0.003987046446822032,111.600342,0.0950956270098686,0.10359033627339939,0.0950978323817253,0.0953521132469177,0.008494709263530797,111.600342,352.7073669433594,352.7149255504646,352.7077941894531,352.70758056640625,0.0075586071052384796
111.700302,0.1047046929597854,0.10862089754961089,0.1044298559427261,0.10431356728076929,0.003916204589825487,111.700302,0.0952462181448936,0.10092037909986837,0.0950956270098686,0.09509342163801189,0.0056741609549747635,111.700302,352.7071838378906,352.7142666644222,352.7073669433594,352.7069396972656,0.007082826531586761
111.800262,0.1046899557113647,0.10875784923395657,0.1047046929597854,0.10497952997684472,0.004067893522591862,111.800262,0.0953327044844627,0.09966955884404968,0.0952462181448936,0.09539680927991862,0.004336854359586986,111.800262,352.70703125,352.71416770949463,352.7071838378906,352.7070007324219,0.007136459494631708
111.900222,0.104566253721714,0.10858730867630653,0.1046899557113647,0.104675218462944,0.004021054954592526,111.900222,0.0954830721020698,0.09967630646179974,0.0953327044844627,0.09541919082403179,0.004193234359729944,111.900222,352.70660400390625,352.71440451895467,352.70703125,352.7068786621094,0.007800515048415946
112.000182,0.1046249121427536,0.10873108225617979,0.104566253721714,0.10444255173206331,0.004106170113426191,112.000182,0.0954451337456703,0.10361222304735326,0.0954830721020698,0.0956334397196769,0.008167089301682959,112.000182,352.706298828125,352.71382244410955,352.70660400390625,352.7061767578125,0.007523615984553089
112.100142,0.1047433614730835,0.10855670181818027,0.1046249121427536,0.1046835705637932,0.003813340345096769,112.100142,0.0955418646335601,0.09952503924656657,0.0954451337456703,0.09540719538927081,0.003983174613006471,112.100142,352.7060852050781,352.7136369471146,352.706298828125,352.70599365234375,0.007551742036469022
112.200102,0.1048402488231659,0.1089767958985508,0.1047433614730835,0.10486181080341339,0.004136547075384911,112.200102,0.0956201255321502,0.10282962581883927,0.0955418646335601,0.09563859552144989,0.007209500286689069,112.200102,352.7059936523437,352.7134807918647,352.7060852050781,352.70587158203125,0.007487139521003883
112.300062,0.1047039926052093,0.10885627661045696,0.1048402488231659,0.10493713617324829,0.0041522840052476695,112.300062,0.0958983227610588,0.10004527691817224,0.0956201255321502,0.0956983864307403,0.004146954157113442,112.300062,352.705810546875,352.71348918336037,352.7059936523437,352.70590209960926,0.007678636485366042
112.400022,0.1047668159008026,0.10877780776404057,0.1047039926052093,0.1045677363872527,0.004010991863237973,112.400022,0.0960780456662178,0.10437058538952079,0.0958983227610588,0.09617651998996739,0.008292539723302988,112.400022,352.7056884765625,352.71335299057966,352.705810546875,352.7056274414063,0.007664514017164947
112.499982,0.104762852191925,0.10880591169100612,0.1047668159008026,0.1048296391963959,0.004043059499081125,112.499982,0.0962609350681305,0.10334271554039748,0.0960780456662178,0.09625776857137681,0.007081780472266985,112.499982,352.7055969238281,352.71317526181446,352.7056884765625,352.70556640625,0.007578337986331007
112.600775,0.1045712903141975,0.10876912742103546,0.104762852191925,0.10475888848304739,0.004197837106837965,112.600775,0.0962524116039276,0.10258992618044084,0.0962609350681305,0.09644382447004318,0.006337514576513242,112.600775,352.70556640625,352.7131899259998,352.7055969238281,352.70550537109375,0.007623519749813568
112.700735,0.1045047715306282,0.10866401332128667,0.1045712903141975,0.10437972843647,0.004159241790658463,112.700735,0.0963425412774086,0.10400241922111199,0.0962524116039276,0.0962438881397247,0.007659877943703389,112.700735,352.7055053710937,352.71302677391526,352.70556640625,352.7055358886719,0.0075214028215668804
112.800695,0.1044114604592323,0.10847196274644845,0.1045047715306282,0.10443825274705891,0.004060502287216147,112.800695,0.0961488336324691,0.10181077223502849,0.0963425412774086,0.0964326709508896,0.0056619386025593965,112.800695,352.7055358886719,352.7129941544133,352.7055053710937,352.7054443359374,0.007458265741433934
112.900655,0.1043397560715675,0.10841756017691177,0.1044114604592323,0.1043181493878364,0.004077804105344279,112.900655,0.0962160676717758,0.10402012425917809,0.0961488336324691,0.09595512598752959,0.007804056587402283,112.900655,352.7055358886719,352.71293202802,352.7055358886719,352.70556640625006,0.007396139348145425
113.000615,0.1043638363480568,0.10845485162636556,0.1043397560715675,0.10426805168390268,0.004091015278308768,113.000615,0.0963842049241066,0.100473335939302,0.0962160676717758,0.09628330171108251,0.004089131015195396,113.000615,352.7053527832031,352.71297651782777,352.7055358886719,352.7055358886719,0.007623734624644385
113.100575,0.1045222431421279,0.10826810767555772,0.1043638363480568,0.10438791662454609,0.0037458645334298296,113.100575,0.0964336320757865,0.10373752060624603,0.0963842049241066,0.09655234217643739,0.007303888530459532,113.100575,352.7052917480469,352.71301888540074,352.7053527832031,352.7051696777344,0.0077271373538678745
113.200535,0.1044375449419021,0.10874448046943894,0.1045222431421279,0.104680649936199,0.0043069355275368315,113.200535,0.0965905338525772,0.10362294513069226,0.0964336320757865,0.09648305922746639,0.007032411278115061,113.200535,352.7054138183594,352.71280350430413,352.7052917480469,352.7052307128906,0.007389685944758639
113.300495,0.1041755080223083,0.1086357635683497,0.1044375449419021,0.10435284674167632,0.004460255546041403,113.300495,0.0964671149849891,0.10278286152801966,0.0965905338525772,0.0967474356293679,0.006315746543030562,113.300495,352.70526123046875,352.7127906042623,352.7054138183594,352.7055358886719,0.007529373793545346
113.400455,0.1042821481823921,0.10811281385736053,0.1041755080223083,0.10391347110271448,0.0038306656749684254,113.400455,0.0963093787431716,0.10432386917882946,0.0964671149849891,0.096343696117401,0.00801449043565787,113.400455,352.705322265625,352.712645272082,352.70526123046875,352.7051086425781,0.007323006456999792
113.500415,0.1040883362293243,0.10824938937250408,0.1042821481823921,0.10438878834247592,0.004161053143179785,113.500415,0.096254639327526,0.10414642743855732,0.0963093787431716,0.09615164250135409,0.00789178811103132,113.500415,352.7052307128906,352.7126391658394,352.705322265625,352.70538330078125,0.007408452948766353
113.600375,0.103751353919506,0.10829442789765244,0.1040883362293243,0.10389452427625649,0.0045430739781464335,113.600375,0.0961614921689033,0.09962780372306215,0.096254639327526,0.0961998999118804,0.0034663115541588574,113.600375,352.705322265625,352.71268054186254,352.7052307128906,352.70513916015625,0.007358276237539485
113.700335,0.1036587804555893,0.10783903523394497,0.103751353919506,0.10341437160968771,0.00418025477835568,113.700335,0.0961256548762321,0.10452818828655544,0.0961614921689033,0.0960683450102806,0.008402533410323335,113.700335,352.7054138183594,352.7128748284904,352.705322265625,352.7054138183594,0.007461010131009971
