x,Baseline,Axis,AttackType,AttackMagnitude,AttackActive,CleanFuture_Yaw,AttackedFuture_Yaw,V9PredictedFuture_Yaw,Residual_Yaw,AbsResidual_Yaw,Threshold,PointDetectionFlag,WindowCount,RollingMeanAbsResidual,WindowCountFlag,WindowMeanFlag,WindowCombinedFlag,WindowRule,W,N,RollingMeanMultiplier,AlignmentOffset,PredictionColumn,CleanFile,PredictionFile
0.0,baseline_01_hover,Yaw,ramp,0.08157600000000001,0,352.6802062988281,352.6802062988281,352.67983551025395,0.00037078857417327526,0.00037078857417327526,0.013596,0,0.0,0.00037078857417327526,0,0,0,W30_N8_mean1.25x,30,8,1.25,1001,Yaw_hybrid_prediction,/home/tchowdh4/sensor_recovery_project/logs/extracted_csv/baseline_01_hover_ATT.csv,/home/tchowdh4/sensor_recovery_project/prediction_results_v9_trained_hybrid/baseline_01_hover_ATT_trained_hybrid_prediction_outputs.csv
0.09996,baseline_01_hover,Yaw,ramp,0.08157600000000001,0,352.6801452636719,352.6801452636719,352.6801177978516,2.7465820267025265e-05,2.7465820267025265e-05,0.013596,0,0.0,0.00019912719722015026,0,0,0,W30_N8_mean1.25x,30,8,1.25,1001,Yaw_hybrid_prediction,/home/tchowdh4/sensor_recovery_project/logs/extracted_csv/baseline_01_hover_ATT.csv,/home/tchowdh4/sensor_recovery_project/prediction_results_v9_trained_hybrid/baseline_01_hover_ATT_trained_hybrid_prediction_outputs.csv
0.19992,baseline_01_hover,Yaw,ramp,0.08157600000000001,0,352.6800842285156,352.6800842285156,352.68005676269536,2.7465820267025265e-05,2.7465820267025265e-05,0.013596,0,0.0,0.00014190673823577526,0,0,0,W30_N8_mean1.25x,30,8,1.25,1001,Yaw_hybrid_prediction,/home/tchowdh4/sensor_recovery_project/logs/extracted_csv/baseline_01_hover_ATT.csv,/home/tchowdh4/sensor_recovery_project/prediction_results_v9_trained_hybrid/baseline_01_hover_ATT_trained_hybrid_prediction_outputs.csv
0.29988,baseline_01_hover,Yaw,ramp,0.08157600000000001,0,352.6813049316406,352.6813049316406,352.6818542480469,-0.00054931640625,0.00054931640625,0.013596,0,0.0,0.00024375915523933145,0,0,0,W30_N8_mean1.25x,30,8,1.25,1001,Yaw_hybrid_prediction,/home/tchowdh4/sensor_recovery_project/logs/extracted_csv/baseline_01_hover_ATT.csv,/home/tchowdh4/sensor_recovery_project/prediction_results_v9_trained_hybrid/baseline_01_hover_ATT_trained_hybrid_prediction_outputs.csv
0.39984,baseline_01_hover,Yaw,ramp,0.08157600000000001,0,352.6837463378906,352.6837463378906,352.6848449707031,-0.0010986328125,0.0010986328125,0.013596,0,0.0,0.0004147338866914652,0,0,0,W30_N8_mean1.25x,30,8,1.25,1001,Yaw_hybrid_prediction,/home/tchowdh4/sensor_recovery_project/logs/extracted_csv/baseline_01_hover_ATT.csv,/home/tchowdh4/sensor_recovery_project/prediction_results_v9_trained_hybrid/baseline_01_hover_ATT_trained_hybrid_prediction_outputs.csv
0.4998,baseline_01_hover,Yaw,ramp,0.08157600000000001,0,352.6833801269531,352.6833801269531,352.6832153320313,0.00016479492182952526,0.00016479492182952526,0.013596,0,0.0,0.00037307739254780853,0,0,0,W30_N8_mean1.25x,30,8,1.25,1001,Yaw_hybrid_prediction,/home/tchowdh4/sensor_recovery_project/logs/extracted_csv/baseline_01_hover_ATT.csv,/home/tchowdh4/sensor_recovery_project/prediction_results_v9_trained_hybrid/baseline_01_hover_ATT_trained_hybrid_prediction_outputs.csv
0.59976,baseline_01_hover,Yaw,ramp,0.08157600000000001,0,352.6809997558594,352.6809997558594,352.67992858886726,0.001071166992119288,0.001071166992119288,0.013596,0,0.0,0.000472804478200877,0,0,0,W30_N8_mean1.25x,30,8,1.25,1001,Yaw_hybrid_prediction,/home/tchowdh4/sensor_recovery_project/logs/extracted_csv/baseline_01_hover_ATT.csv,/home/tchowdh4/sensor_recovery_project/prediction_results_v9_trained_hybrid/baseline_01_hover_ATT_trained_hybrid_prediction_outputs.csv
0.69972,baseline_01_hover,Yaw,ramp,0.08157600000000001,0,352.67889404296875,352.67889404296875,352.677946472168,0.000947570800747144,0.000947570800747144,0.013596,0,0.0,0.0005321502685191604,0,0,0,W30_N8_mean1.25x,30,8,1.25,1001,Yaw_hybrid_prediction,/home/tchowdh4/sensor_recovery_project/logs/extracted_csv/baseline_01_hover_ATT.csv,/home/tchowdh4/sensor_recovery_project/prediction_results_v9_trained_hybrid/baseline_01_hover_ATT_trained_hybrid_prediction_outputs.csv
0.79968,baseline_01_hover,Yaw,ramp,0.08157600000000001,0,352.6781005859375,352.6781005859375,352.67774353027346,0.00035705566403976263,0.00035705566403976263,0.013596,0,0.0,0.000512695312465894,0,0,0,W30_N8_mean1.25x,30,8,1.25,1001,Yaw_hybrid_prediction,/home/tchowdh4/sensor_recovery_project/logs/extracted_csv/baseline_01_hover_ATT.csv,/home/tchowdh4/sensor_recovery_project/prediction_results_v9_trained_hybrid/baseline_01_hover_ATT_trained_hybrid_prediction_outputs.csv
0.89964,baseline_01_hover,Yaw,ramp,0.08157600000000001,0,352.6778869628906,352.6778869628906,352.6777908325196,9.613037104827526e-05,9.613037104827526e-05,0.013596,0,0.0,0.0004710388183241321,0,0,0,W30_N8_mean1.25x,30,8,1.25,1001,Yaw_hybrid_prediction,/home/tchowdh4/sensor_recovery_project/logs/extracted_csv/baseline_01_hover_ATT.csv,/home/tchowdh4/sensor_recovery_project/prediction_results_v9_trained_hybrid/baseline_01_hover_ATT_trained_hybrid_prediction_outputs.csv
0.9996,baseline_01_hover,Yaw,ramp,0.08157600000000001,0,352.67828369140625,352.67828369140625,352.6784622192383,-0.00017852783207672474,0.00017852783207672474,0.013596,0,0.0,0.0004444469104834587,0,0,0,W30_N8_mean1.25x,30,8,1.25,1001,Yaw_hybrid_prediction,/home/tchowdh4/sensor_recovery_project/logs/extracted_csv/baseline_01_hover_ATT.csv,/home/tchowdh4/sensor_recovery_project/prediction_results_v9_trained_hybrid/baseline_01_hover_ATT_trained_hybrid_prediction_outputs.csv
1.09956,baseline_01_hover,Yaw,ramp,0.08157600000000001,0,352.6788024902344,352.6788024902344,352.67903594970704,-0.00023345947266761868,0.00023345947266761868,0.013596,0,0.0,0.00042686462399880537,0,0,0,W30_N8_mean1.25x,30,8,1.25,1001,Yaw_hybrid_prediction,/home/tchowdh4/sensor_recovery_project/logs/extracted_csv/baseline_01_hover_ATT.csv,/home/tchowdh4/sensor_recovery_project/prediction_results_v9_trained_hybrid/baseline_01_hover_ATT_trained_hybrid_prediction_outputs.csv
1.19952,baseline_01_hover,Yaw,ramp,0.08157600000000001,0,352.6795349121094,352.6795349121094,352.67986450195315,-0.00032958984377273737,0.00032958984377273737,0.013596,0,0.0,0.0004193819485968001,0,0,0,W30_N8_mean1.25x,30,8,1.25,1001,Yaw_hybrid_prediction,/home/tchowdh4/sensor_recovery_project/logs/extracted_csv/baseline_01_hover_ATT.csv,/home/tchowdh4/sensor_recovery_project/prediction_results_v9_trained_hybrid/baseline_01_hover_ATT_trained_hybrid_prediction_outputs.csv
1.29948,baseline_01_hover,Yaw,ramp,0.08157600000000001,0,352.67999267578125,352.67999267578125,352.6801986694336,-0.00020599365234375,0.00020599365234375,0.013596,0,0.0,0.000404139927435868,0,0,0,W30_N8_mean1.25x,30,8,1.25,1001,Yaw_hybrid_prediction,/home/tchowdh4/sensor_recovery_project/logs/extracted_csv/baseline_01_hover_ATT.csv,/home/tchowdh4/sensor_recovery_project/prediction_results_v9_trained_hybrid/baseline_01_hover_ATT_trained_hybrid_prediction_outputs.csv
1.39944,baseline_01_hover,Yaw,ramp,0.08157600000000001,0,352.6800231933594,352.6800231933594,352.6800369262695,-1.3732910133512632e-05,1.3732910133512632e-05,0.013596,0,0.0,0.00037811279294904426,0,0,0,W30_N8_mean1.25x,30,8,1.25,1001,Yaw_hybrid_prediction,/home/tchowdh4/sensor_recovery_project/logs/extracted_csv/baseline_01_hover_ATT.csv,/home/tchowdh4/sensor_recovery_project/prediction_results_v9_trained_hybrid/baseline_01_hover_ATT_trained_hybrid_prediction_outputs.csv
1.4994,baseline_01_hover,Yaw,ramp,0.08157600000000001,0,352.6806030273437,352.6806030273437,352.6808639526366,-0.00026092529293464395,0.00026092529293464395,0.013596,0,0.0,0.00037078857419814426,0,0,0,W30_N8_mean1.25x,30,8,1.25,1001,Yaw_hybrid_prediction,/home/tchowdh4/sensor_recovery_project/logs/extracted_csv/baseline_01_hover_ATT.csv,/home/tchowdh4/sensor_recovery_project/prediction_results_v9_trained_hybrid/baseline_01_hover_ATT_trained_hybrid_prediction_outputs.csv
1.59936,baseline_01_hover,Yaw,ramp,0.08157600000000001,0,352.68096923828125,352.68096923828125,352.6811340332032,-0.0001647949219432121,0.0001647949219432121,0.013596,0,0.0,0.0003586713005360894,0,0,0,W30_N8_mean1.25x,30,8,1.25,1001,Yaw_hybrid_prediction,/home/tchowdh4/sensor_recovery_project/logs/extracted_csv/baseline_01_hover_ATT.csv,/home/tchowdh4/sensor_recovery_project/prediction_results_v9_trained_hybrid/baseline_01_hover_ATT_trained_hybrid_prediction_outputs.csv
1.69932,baseline_01_hover,Yaw,ramp,0.08157600000000001,0,352.67999267578125,352.67999267578125,352.6795532226563,0.00043945312495452526,0.00043945312495452526,0.013596,0,0.0,0.000363159179670447,0,0,0,W30_N8_mean1.25x,30,8,1.25,1001,Yaw_hybrid_prediction,/home/tchowdh4/sensor_recovery_project/logs/extracted_csv/baseline_01_hover_ATT.csv,/home/tchowdh4/sensor_recovery_project/prediction_results_v9_trained_hybrid/baseline_01_hover_ATT_trained_hybrid_prediction_outputs.csv
1.800113,baseline_01_hover,Yaw,ramp,0.08157600000000001,0,352.67926025390625,352.67926025390625,352.6789306640625,0.00032958984377273737,0.00032958984377273737,0.013596,0,0.0,0.0003613923725179359,0,0,0,W30_N8_mean1.25x,30,8,1.25,1001,Yaw_hybrid_prediction,/home/tchowdh4/sensor_recovery_project/logs/extracted_csv/baseline_01_hover_ATT.csv,/home/tchowdh4/sensor_recovery_project/prediction_results_v9_trained_hybrid/baseline_01_hover_ATT_trained_hybrid_prediction_outputs.csv
1.900073,baseline_01_hover,Yaw,ramp,0.08157600000000001,0,352.6791076660156,352.6791076660156,352.67903900146484,6.866455078125e-05,6.866455078125e-05,0.013596,0,0.0,0.00034675598143110167,0,0,0,W30_N8_mean1.25x,30,8,1.25,1001,Yaw_hybrid_prediction,/home/tchowdh4/sensor_recovery_project/logs/extracted_csv/baseline_01_hover_ATT.csv,/home/tchowdh4/sensor_recovery_project/prediction_results_v9_trained_hybrid/baseline_01_hover_ATT_trained_hybrid_prediction_outputs.csv
2.000033,baseline_01_hover,Yaw,ramp,0.08157600000000001,0,352.6791076660156,352.6791076660156,352.6791076660156,0.0,0.0,0.013596,0,0.0,0.0003302437918391444,0,0,0,W30_N8_mean1.25x,30,8,1.25,1001,Yaw_hybrid_prediction,/home/tchowdh4/sensor_recovery_project/logs/extracted_csv/baseline_01_hover_ATT.csv,/home/tchowdh4/sensor_recovery_project/prediction_results_v9_trained_hybrid/baseline_01_hover_ATT_trained_hybrid_prediction_outputs.csv
2.099993,baseline_01_hover,Yaw,ramp,0.08157600000000001,0,352.6792907714844,352.6792907714844,352.67937316894535,-8.239746097160605e-05,8.239746097160605e-05,0.013596,0,0.0,0.00031897804952698357,0,0,0,W30_N8_mean1.25x,30,8,1.25,1001,Yaw_hybrid_prediction,/home/tchowdh4/sensor_recovery_project/logs/extracted_csv/baseline_01_hover_ATT.csv,/home/tchowdh4/sensor_recovery_project/prediction_results_v9_trained_hybrid/baseline_01_hover_ATT_trained_hybrid_prediction_outputs.csv
2.199953,baseline_01_hover,Yaw,ramp,0.08157600000000001,0,352.67926025390625,352.67926025390625,352.6792465209961,1.3732910133512632e-05,1.3732910133512632e-05,0.013596,0,0.0,0.00030570652172726744,0,0,0,W30_N8_mean1.25x,30,8,1.25,1001,Yaw_hybrid_prediction,/home/tchowdh4/sensor_recovery_project/logs/extracted_csv/baseline_01_hover_ATT.csv,/home/tchowdh4/sensor_recovery_project/prediction_results_v9_trained_hybrid/baseline_01_hover_ATT_trained_hybrid_prediction_outputs.csv
2.299913,baseline_01_hover,Yaw,ramp,0.08157600000000001,0,352.6796569824219,352.6796569824219,352.67983551025395,-0.00017852783207672474,0.00017852783207672474,0.013596,0,0.0,0.00030040740965849483,0,0,0,W30_N8_mean1.25x,30,8,1.25,1001,Yaw_hybrid_prediction,/home/tchowdh4/sensor_recovery_project/logs/extracted_csv/baseline_01_hover_ATT.csv,/home/tchowdh4/sensor_recovery_project/prediction_results_v9_trained_hybrid/baseline_01_hover_ATT_trained_hybrid_prediction_outputs.csv
2.399873,baseline_01_hover,Yaw,ramp,0.08157600000000001,0,352.6797790527344,352.6797790527344,352.679833984375,-5.493164064773737e-05,5.493164064773737e-05,0.013596,0,0.0,0.00029058837889806455,0,0,0,W30_N8_mean1.25x,30,8,1.25,1001,Yaw_hybrid_prediction,/home/tchowdh4/sensor_recovery_project/logs/extracted_csv/baseline_01_hover_ATT.csv,/home/tchowdh4/sensor_recovery_project/prediction_results_v9_trained_hybrid/baseline_01_hover_ATT_trained_hybrid_prediction_outputs.csv
2.499833,baseline_01_hover,Yaw,ramp,0.08157600000000001,0,352.680419921875,352.680419921875,352.6807083129883,-0.00028839111331535605,0.00028839111331535605,0.013596,0,0.0,0.000290503868683345,0,0,0,W30_N8_mean1.25x,30,8,1.25,1001,Yaw_hybrid_prediction,/home/tchowdh4/sensor_recovery_project/logs/extracted_csv/baseline_01_hover_ATT.csv,/home/tchowdh4/sensor_recovery_project/prediction_results_v9_trained_hybrid/baseline_01_hover_ATT_trained_hybrid_prediction_outputs.csv
2.599793,baseline_01_hover,Yaw,ramp,0.08157600000000001,0,352.68096923828125,352.68096923828125,352.6812164306641,-0.00024719238285797474,0.00024719238285797474,0.013596,0,0.0,0.0002888997395787016,0,0,0,W30_N8_mean1.25x,30,8,1.25,1001,Yaw_hybrid_prediction,/home/tchowdh4/sensor_recovery_project/logs/extracted_csv/baseline_01_hover_ATT.csv,/home/tchowdh4/sensor_recovery_project/prediction_results_v9_trained_hybrid/baseline_01_hover_ATT_trained_hybrid_prediction_outputs.csv
2.699753,baseline_01_hover,Yaw,ramp,0.08157600000000001,0,352.6813049316406,352.6813049316406,352.6814559936524,-0.00015106201175285605,0.00015106201175285605,0.013596,0,0.0,0.00028397696358492146,0,0,0,W30_N8_mean1.25x,30,8,1.25,1001,Yaw_hybrid_prediction,/home/tchowdh4/sensor_recovery_project/logs/extracted_csv/baseline_01_hover_ATT.csv,/home/tchowdh4/sensor_recovery_project/prediction_results_v9_trained_hybrid/baseline_01_hover_ATT_trained_hybrid_prediction_outputs.csv
2.799713,baseline_01_hover,Yaw,ramp,0.08157600000000001,0,352.6810302734375,352.6810302734375,352.6809066772461,0.00012359619137214395,0.00012359619137214395,0.013596,0,0.0,0.00027844659212930843,0,0,0,W30_N8_mean1.25x,30,8,1.25,1001,Yaw_hybrid_prediction,/home/tchowdh4/sensor_recovery_project/logs/extracted_csv/baseline_01_hover_ATT.csv,/home/tchowdh4/sensor_recovery_project/prediction_results_v9_trained_hybrid/baseline_01_hover_ATT_trained_hybrid_prediction_outputs.csv
2.899673,baseline_01_hover,Yaw,ramp,0.08157600000000001,0,352.6807861328125,352.6807861328125,352.68067626953126,0.00010986328123863132,0.00010986328123863132,0.013596,0,0.0,0.0002728271484329525,0,0,0,W30_N8_mean1.25x,30,8,1.25,1001,Yaw_hybrid_prediction,/home/tchowdh4/sensor_recovery_project/logs/extracted_csv/baseline_01_hover_ATT.csv,/home/tchowdh4/sensor_recovery_project/prediction_results_v9_trained_hybrid/baseline_01_hover_ATT_trained_hybrid_prediction_outputs.csv
2.999633,baseline_01_hover,Yaw,ramp,0.08157600000000001,0,352.68048095703125,352.68048095703125,352.6803436279297,0.0001373291015625,0.0001373291015625,0.013596,0,0.0,0.00026504516601259337,0,0,0,W30_N8_mean1.25x,30,8,1.25,1001,Yaw_hybrid_prediction,/home/tchowdh4/sensor_recovery_project/logs/extracted_csv/baseline_01_hover_ATT.csv,/home/tchowdh4/sensor_recovery_project/prediction_results_v9_trained_hybrid/baseline_01_hover_ATT_trained_hybrid_prediction_outputs.csv
3.099593,baseline_01_hover,Yaw,ramp,0.08157600000000001,0,352.6801147460937,352.6801147460937,352.6799499511718,0.00016479492188636868,0.00016479492188636868,0.013596,0,0.0,0.00026962280273323813,0,0,0,W30_N8_mean1.25x,30,8,1.25,1001,Yaw_hybrid_prediction,/home/tchowdh4/sensor_recovery_project/logs/extracted_csv/baseline_01_hover_ATT.csv,/home/tchowdh4/sensor_recovery_project/prediction_results_v9_trained_hybrid/baseline_01_hover_ATT_trained_hybrid_prediction_outputs.csv
3.199553,baseline_01_hover,Yaw,ramp,0.08157600000000001,0,352.6797790527344,352.6797790527344,352.6796279907227,0.00015106201169601263,0.00015106201169601263,0.013596,0,0.0,0.00027374267578087104,0,0,0,W30_N8_mean1.25x,30,8,1.25,1001,Yaw_hybrid_prediction,/home/tchowdh4/sensor_recovery_project/logs/extracted_csv/baseline_01_hover_ATT.csv,/home/tchowdh4/sensor_recovery_project/prediction_results_v9_trained_hybrid/baseline_01_hover_ATT_trained_hybrid_prediction_outputs.csv
3.299513,baseline_01_hover,Yaw,ramp,0.08157600000000001,0,352.6798095703125,352.6798095703125,352.6798233032227,-1.3732910190356051e-05,1.3732910190356051e-05,0.013596,0,0.0,0.0002558898925788829,0,0,0,W30_N8_mean1.25x,30,8,1.25,1001,Yaw_hybrid_prediction,/home/tchowdh4/sensor_recovery_project/logs/extracted_csv/baseline_01_hover_ATT.csv,/home/tchowdh4/sensor_recovery_project/prediction_results_v9_trained_hybrid/baseline_01_hover_ATT_trained_hybrid_prediction_outputs.csv
3.399473,baseline_01_hover,Yaw,ramp,0.08157600000000001,0,352.6801147460937,352.6801147460937,352.68025207519526,-0.0001373291015625,0.0001373291015625,0.013596,0,0.0,0.0002238464355476329,0,0,0,W30_N8_mean1.25x,30,8,1.25,1001,Yaw_hybrid_prediction,/home/tchowdh4/sensor_recovery_project/logs/extracted_csv/baseline_01_hover_ATT.csv,/home/tchowdh4/sensor_recovery_project/prediction_results_v9_trained_hybrid/baseline_01_hover_ATT_trained_hybrid_prediction_outputs.csv
3.499433,baseline_01_hover,Yaw,ramp,0.08157600000000001,0,352.6801147460937,352.6801147460937,352.6801147460937,0.0,0.0,0.013596,0,0.0,0.00021835327148664874,0,0,0,W30_N8_mean1.25x,30,8,1.25,1001,Yaw_hybrid_prediction,/home/tchowdh4/sensor_recovery_project/logs/extracted_csv/baseline_01_hover_ATT.csv,/home/tchowdh4/sensor_recovery_project/prediction_results_v9_trained_hybrid/baseline_01_hover_ATT_trained_hybrid_prediction_outputs.csv
3.599393,baseline_01_hover,Yaw,ramp,0.08157600000000001,0,352.6798095703125,352.6798095703125,352.679672241211,0.00013732910150565658,0.00013732910150565658,0.013596,0,0.0,0.00018722534179952768,0,0,0,W30_N8_mean1.25x,30,8,1.25,1001,Yaw_hybrid_prediction,/home/tchowdh4/sensor_recovery_project/logs/extracted_csv/baseline_01_hover_ATT.csv,/home/tchowdh4/sensor_recovery_project/prediction_results_v9_trained_hybrid/baseline_01_hover_ATT_trained_hybrid_prediction_outputs.csv
3.699353,baseline_01_hover,Yaw,ramp,0.08157600000000001,0,352.6796875,352.6796875,352.6796325683593,5.4931640704580786e-05,5.4931640704580786e-05,0.013596,0,0.0,0.00015747070313144225,0,0,0,W30_N8_mean1.25x,30,8,1.25,1001,Yaw_hybrid_prediction,/home/tchowdh4/sensor_recovery_project/logs/extracted_csv/baseline_01_hover_ATT.csv,/home/tchowdh4/sensor_recovery_project/prediction_results_v9_trained_hybrid/baseline_01_hover_ATT_trained_hybrid_prediction_outputs.csv
3.799313,baseline_01_hover,Yaw,ramp,0.08157600000000001,0,352.6796264648437,352.6796264648437,352.67959899902337,2.7465820323868684e-05,2.7465820323868684e-05,0.013596,0,0.0,0.0001464843750075791,0,0,0,W30_N8_mean1.25x,30,8,1.25,1001,Yaw_hybrid_prediction,/home/tchowdh4/sensor_recovery_project/logs/extracted_csv/baseline_01_hover_ATT.csv,/home/tchowdh4/sensor_recovery_project/prediction_results_v9_trained_hybrid/baseline_01_hover_ATT_trained_hybrid_prediction_outputs.csv
3.900106,baseline_01_hover,Yaw,ramp,0.08157600000000001,0,352.6794128417969,352.6794128417969,352.6793167114258,9.613037104827526e-05,9.613037104827526e-05,0.013596,0,0.0,0.0001464843750075791,0,0,0,W30_N8_mean1.25x,30,8,1.25,1001,Yaw_hybrid_prediction,/home/tchowdh4/sensor_recovery_project/logs/extracted_csv/baseline_01_hover_ATT.csv,/home/tchowdh4/sensor_recovery_project/prediction_results_v9_trained_hybrid/baseline_01_hover_ATT_trained_hybrid_prediction_outputs.csv
4.000066,baseline_01_hover,Yaw,ramp,0.08157600000000001,0,352.678955078125,352.678955078125,352.67874908447266,0.00020599365234375,0.00020599365234375,0.013596,0,0.0,0.0001473999023498133,0,0,0,W30_N8_mean1.25x,30,8,1.25,1001,Yaw_hybrid_prediction,/home/tchowdh4/sensor_recovery_project/logs/extracted_csv/baseline_01_hover_ATT.csv,/home/tchowdh4/sensor_recovery_project/prediction_results_v9_trained_hybrid/baseline_01_hover_ATT_trained_hybrid_prediction_outputs.csv
4.100026,baseline_01_hover,Yaw,ramp,0.08157600000000001,0,352.6786193847656,352.6786193847656,352.678468322754,0.00015106201163916921,0.00015106201163916921,0.013596,0,0.0,0.00014465332031553165,0,0,0,W30_N8_mean1.25x,30,8,1.25,1001,Yaw_hybrid_prediction,/home/tchowdh4/sensor_recovery_project/logs/extracted_csv/baseline_01_hover_ATT.csv,/home/tchowdh4/sensor_recovery_project/prediction_results_v9_trained_hybrid/baseline_01_hover_ATT_trained_hybrid_prediction_outputs.csv
4.199986,baseline_01_hover,Yaw,ramp,0.08157600000000001,0,352.6781921386719,352.6781921386719,352.67799987792966,0.00019226074221023737,0.00019226074221023737,0.013596,0,0.0,0.00014007568359678164,0,0,0,W30_N8_mean1.25x,30,8,1.25,1001,Yaw_hybrid_prediction,/home/tchowdh4/sensor_recovery_project/logs/extracted_csv/baseline_01_hover_ATT.csv,/home/tchowdh4/sensor_recovery_project/prediction_results_v9_trained_hybrid/baseline_01_hover_ATT_trained_hybrid_prediction_outputs.csv
4.299946,baseline_01_hover,Yaw,ramp,0.08157600000000001,0,352.6783752441406,352.6783752441406,352.6784576416016,-8.239746097160605e-05,8.239746097160605e-05,0.013596,0,0.0,0.00013595581055104352,0,0,0,W30_N8_mean1.25x,30,8,1.25,1001,Yaw_hybrid_prediction,/home/tchowdh4/sensor_recovery_project/logs/extracted_csv/baseline_01_hover_ATT.csv,/home/tchowdh4/sensor_recovery_project/prediction_results_v9_trained_hybrid/baseline_01_hover_ATT_trained_hybrid_prediction_outputs.csv
4.399906,baseline_01_hover,Yaw,ramp,0.08157600000000001,0,352.6787414550781,352.6787414550781,352.67890625,-0.00016479492188636868,0.00016479492188636868,0.013596,0,0.0,0.00014099121094280538,0,0,0,W30_N8_mean1.25x,30,8,1.25,1001,Yaw_hybrid_prediction,/home/tchowdh4/sensor_recovery_project/logs/extracted_csv/baseline_01_hover_ATT.csv,/home/tchowdh4/sensor_recovery_project/prediction_results_v9_trained_hybrid/baseline_01_hover_ATT_trained_hybrid_prediction_outputs.csv
4.499866,baseline_01_hover,Yaw,ramp,0.08157600000000001,0,352.6789855957031,352.6789855957031,352.6790954589844,-0.00010986328129547474,0.00010986328129547474,0.013596,0,0.0,0.00013595581055483307,0,0,0,W30_N8_mean1.25x,30,8,1.25,1001,Yaw_hybrid_prediction,/home/tchowdh4/sensor_recovery_project/logs/extracted_csv/baseline_01_hover_ATT.csv,/home/tchowdh4/sensor_recovery_project/prediction_results_v9_trained_hybrid/baseline_01_hover_ATT_trained_hybrid_prediction_outputs.csv
4.599826,baseline_01_hover,Yaw,ramp,0.08157600000000001,0,352.6791687011719,352.6791687011719,352.67925109863285,-8.239746097160605e-05,8.239746097160605e-05,0.013596,0,0.0,0.0001332092285224462,0,0,0,W30_N8_mean1.25x,30,8,1.25,1001,Yaw_hybrid_prediction,/home/tchowdh4/sensor_recovery_project/logs/extracted_csv/baseline_01_hover_ATT.csv,/home/tchowdh4/sensor_recovery_project/prediction_results_v9_trained_hybrid/baseline_01_hover_ATT_trained_hybrid_prediction_outputs.csv
4.699786,baseline_01_hover,Yaw,ramp,0.08157600000000001,0,352.6791687011719,352.6791687011719,352.6791687011719,0.0,0.0,0.013596,0,0.0,0.00011856079102396203,0,0,0,W30_N8_mean1.25x,30,8,1.25,1001,Yaw_hybrid_prediction,/home/tchowdh4/sensor_recovery_project/logs/extracted_csv/baseline_01_hover_ATT.csv,/home/tchowdh4/sensor_recovery_project/prediction_results_v9_trained_hybrid/baseline_01_hover_ATT_trained_hybrid_prediction_outputs.csv
4.799746,baseline_01_hover,Yaw,ramp,0.08157600000000001,0,352.6787414550781,352.6787414550781,352.678549194336,0.00019226074215339395,0.00019226074215339395,0.013596,0,0.0,0.00011398315430331726,0,0,0,W30_N8_mean1.25x,30,8,1.25,1001,Yaw_hybrid_prediction,/home/tchowdh4/sensor_recovery_project/logs/extracted_csv/baseline_01_hover_ATT.csv,/home/tchowdh4/sensor_recovery_project/prediction_results_v9_trained_hybrid/baseline_01_hover_ATT_trained_hybrid_prediction_outputs.csv
4.899706,baseline_01_hover,Yaw,ramp,0.08157600000000001,0,352.6791381835937,352.6791381835937,352.6793167114257,-0.00017852783201988132,0.00017852783201988132,0.013596,0,0.0,0.00011764526367793829,0,0,0,W30_N8_mean1.25x,30,8,1.25,1001,Yaw_hybrid_prediction,/home/tchowdh4/sensor_recovery_project/logs/extracted_csv/baseline_01_hover_ATT.csv,/home/tchowdh4/sensor_recovery_project/prediction_results_v9_trained_hybrid/baseline_01_hover_ATT_trained_hybrid_prediction_outputs.csv
4.999666,baseline_01_hover,Yaw,ramp,0.08157600000000001,0,352.67926025390625,352.67926025390625,352.6793151855469,-5.493164064773737e-05,5.493164064773737e-05,0.013596,0,0.0,0.0001194763183661962,0,0,0,W30_N8_mean1.25x,30,8,1.25,1001,Yaw_hybrid_prediction,/home/tchowdh4/sensor_recovery_project/logs/extracted_csv/baseline_01_hover_ATT.csv,/home/tchowdh4/sensor_recovery_project/prediction_results_v9_trained_hybrid/baseline_01_hover_ATT_trained_hybrid_prediction_outputs.csv
5.099626,baseline_01_hover,Yaw,ramp,0.08157600000000001,0,352.679443359375,352.679443359375,352.679525756836,-8.239746097160605e-05,8.239746097160605e-05,0.013596,0,0.0,0.0001194763183661962,0,0,0,W30_N8_mean1.25x,30,8,1.25,1001,Yaw_hybrid_prediction,/home/tchowdh4/sensor_recovery_project/logs/extracted_csv/baseline_01_hover_ATT.csv,/home/tchowdh4/sensor_recovery_project/prediction_results_v9_trained_hybrid/baseline_01_hover_ATT_trained_hybrid_prediction_outputs.csv
5.199586,baseline_01_hover,Yaw,ramp,0.08157600000000001,0,352.6793212890625,352.6793212890625,352.6792663574219,5.493164059089395e-05,5.493164059089395e-05,0.013596,0,0.0,0.00012084960938144226,0,0,0,W30_N8_mean1.25x,30,8,1.25,1001,Yaw_hybrid_prediction,/home/tchowdh4/sensor_recovery_project/logs/extracted_csv/baseline_01_hover_ATT.csv,/home/tchowdh4/sensor_recovery_project/prediction_results_v9_trained_hybrid/baseline_01_hover_ATT_trained_hybrid_prediction_outputs.csv
5.299546,baseline_01_hover,Yaw,ramp,0.08157600000000001,0,352.6792297363281,352.6792297363281,352.67918853759767,4.1198730457381316e-05,4.1198730457381316e-05,0.013596,0,0.0,0.00011627197266079747,0,0,0,W30_N8_mean1.25x,30,8,1.25,1001,Yaw_hybrid_prediction,/home/tchowdh4/sensor_recovery_project/logs/extracted_csv/baseline_01_hover_ATT.csv,/home/tchowdh4/sensor_recovery_project/prediction_results_v9_trained_hybrid/baseline_01_hover_ATT_trained_hybrid_prediction_outputs.csv
5.399506,baseline_01_hover,Yaw,ramp,0.08157600000000001,0,352.6789245605469,352.6789245605469,352.6787872314453,0.0001373291015625,0.0001373291015625,0.013596,0,0.0,0.00011901855469128955,0,0,0,W30_N8_mean1.25x,30,8,1.25,1001,Yaw_hybrid_prediction,/home/tchowdh4/sensor_recovery_project/logs/extracted_csv/baseline_01_hover_ATT.csv,/home/tchowdh4/sensor_recovery_project/prediction_results_v9_trained_hybrid/baseline_01_hover_ATT_trained_hybrid_prediction_outputs.csv
5.499466,baseline_01_hover,Yaw,ramp,0.08157600000000001,0,352.67889404296875,352.67889404296875,352.6788803100586,1.3732910133512632e-05,1.3732910133512632e-05,0.013596,0,0.0,0.00010986328125189478,0,0,0,W30_N8_mean1.25x,30,8,1.25,1001,Yaw_hybrid_prediction,/home/tchowdh4/sensor_recovery_project/logs/extracted_csv/baseline_01_hover_ATT.csv,/home/tchowdh4/sensor_recovery_project/prediction_results_v9_trained_hybrid/baseline_01_hover_ATT_trained_hybrid_prediction_outputs.csv
5.599426,baseline_01_hover,Yaw,ramp,0.08157600000000001,0,352.6790771484375,352.6790771484375,352.6791595458984,-8.239746091476263e-05,8.239746091476263e-05,0.013596,0,0.0,0.00010437011718712104,0,0,0,W30_N8_mean1.25x,30,8,1.25,1001,Yaw_hybrid_prediction,/home/tchowdh4/sensor_recovery_project/logs/extracted_csv/baseline_01_hover_ATT.csv,/home/tchowdh4/sensor_recovery_project/prediction_results_v9_trained_hybrid/baseline_01_hover_ATT_trained_hybrid_prediction_outputs.csv
5.699386,baseline_01_hover,Yaw,ramp,0.08157600000000001,0,352.6798095703125,352.6798095703125,352.6801391601563,-0.00032958984377273737,0.00032958984377273737,0.013596,0,0.0,0.00011032104492111708,0,0,0,W30_N8_mean1.25x,30,8,1.25,1001,Yaw_hybrid_prediction,/home/tchowdh4/sensor_recovery_project/logs/extracted_csv/baseline_01_hover_ATT.csv,/home/tchowdh4/sensor_recovery_project/prediction_results_v9_trained_hybrid/baseline_01_hover_ATT_trained_hybrid_prediction_outputs.csv
5.799346,baseline_01_hover,Yaw,ramp,0.08157600000000001,0,352.6806335449219,352.6806335449219,352.6810043334961,-0.0003707885742301187,0.0003707885742301187,0.013596,0,0.0,0.00011856079101638292,0,0,0,W30_N8_mean1.25x,30,8,1.25,1001,Yaw_hybrid_prediction,/home/tchowdh4/sensor_recovery_project/logs/extracted_csv/baseline_01_hover_ATT.csv,/home/tchowdh4/sensor_recovery_project/prediction_results_v9_trained_hybrid/baseline_01_hover_ATT_trained_hybrid_prediction_outputs.csv
5.899306,baseline_01_hover,Yaw,ramp,0.08157600000000001,0,352.6813659667969,352.6813659667969,352.68169555664065,-0.00032958984377273737,0.00032958984377273737,0.013596,0,0.0,0.00012588500976751978,0,0,0,W30_N8_mean1.25x,30,8,1.25,1001,Yaw_hybrid_prediction,/home/tchowdh4/sensor_recovery_project/logs/extracted_csv/baseline_01_hover_ATT.csv,/home/tchowdh4/sensor_recovery_project/prediction_results_v9_trained_hybrid/baseline_01_hover_ATT_trained_hybrid_prediction_outputs.csv
6.000099,baseline_01_hover,Yaw,ramp,0.08157600000000001,0,352.6818542480469,352.6818542480469,352.6820739746093,-0.00021972656242041921,0.00021972656242041921,0.013596,0,0.0,0.00012863159179611708,0,0,0,W30_N8_mean1.25x,30,8,1.25,1001,Yaw_hybrid_prediction,/home/tchowdh4/sensor_recovery_project/logs/extracted_csv/baseline_01_hover_ATT.csv,/home/tchowdh4/sensor_recovery_project/prediction_results_v9_trained_hybrid/baseline_01_hover_ATT_trained_hybrid_prediction_outputs.csv
6.100059,baseline_01_hover,Yaw,ramp,0.08157600000000001,0,352.6819152832031,352.6819152832031,352.6819427490235,-2.7465820380712103e-05,2.7465820380712103e-05,0.013596,0,0.0,0.00012405395507926188,0,0,0,W30_N8_mean1.25x,30,8,1.25,1001,Yaw_hybrid_prediction,/home/tchowdh4/sensor_recovery_project/logs/extracted_csv/baseline_01_hover_ATT.csv,/home/tchowdh4/sensor_recovery_project/prediction_results_v9_trained_hybrid/baseline_01_hover_ATT_trained_hybrid_prediction_outputs.csv
6.200019,baseline_01_hover,Yaw,ramp,0.08157600000000001,0,352.68182373046875,352.68182373046875,352.6817825317383,4.1198730457381316e-05,4.1198730457381316e-05,0.013596,0,0.0,0.00012039184570464082,0,0,0,W30_N8_mean1.25x,30,8,1.25,1001,Yaw_hybrid_prediction,/home/tchowdh4/sensor_recovery_project/logs/extracted_csv/baseline_01_hover_ATT.csv,/home/tchowdh4/sensor_recovery_project/prediction_results_v9_trained_hybrid/baseline_01_hover_ATT_trained_hybrid_prediction_outputs.csv
6.299979,baseline_01_hover,Yaw,ramp,0.08157600000000001,0,352.68170166015625,352.68170166015625,352.6816467285156,5.493164064773737e-05,5.493164064773737e-05,0.013596,0,0.0,0.00012176513671988687,0,0,0,W30_N8_mean1.25x,30,8,1.25,1001,Yaw_hybrid_prediction,/home/tchowdh4/sensor_recovery_project/logs/extracted_csv/baseline_01_hover_ATT.csv,/home/tchowdh4/sensor_recovery_project/prediction_results_v9_trained_hybrid/baseline_01_hover_ATT_trained_hybrid_prediction_outputs.csv
6.399939,baseline_01_hover,Yaw,ramp,0.08157600000000001,0,352.68133544921875,352.68133544921875,352.6811706542969,0.00016479492182952526,0.00016479492182952526,0.013596,0,0.0,0.00012268066406212103,0,0,0,W30_N8_mean1.25x,30,8,1.25,1001,Yaw_hybrid_prediction,/home/tchowdh4/sensor_recovery_project/logs/extracted_csv/baseline_01_hover_ATT.csv,/home/tchowdh4/sensor_recovery_project/prediction_results_v9_trained_hybrid/baseline_01_hover_ATT_trained_hybrid_prediction_outputs.csv
6.499899,baseline_01_hover,Yaw,ramp,0.08157600000000001,0,352.6810302734375,352.6810302734375,352.68089294433594,0.0001373291015625,0.0001373291015625,0.013596,0,0.0,0.00012725830078087104,0,0,0,W30_N8_mean1.25x,30,8,1.25,1001,Yaw_hybrid_prediction,/home/tchowdh4/sensor_recovery_project/logs/extracted_csv/baseline_01_hover_ATT.csv,/home/tchowdh4/sensor_recovery_project/prediction_results_v9_trained_hybrid/baseline_01_hover_ATT_trained_hybrid_prediction_outputs.csv
6.599859,baseline_01_hover,Yaw,ramp,0.08157600000000001,0,352.68072509765625,352.68072509765625,352.6805877685547,0.0001373291015625,0.0001373291015625,0.013596,0,0.0,0.00012725830078276582,0,0,0,W30_N8_mean1.25x,30,8,1.25,1001,Yaw_hybrid_prediction,/home/tchowdh4/sensor_recovery_project/logs/extracted_csv/baseline_01_hover_ATT.csv,/home/tchowdh4/sensor_recovery_project/prediction_results_v9_trained_hybrid/baseline_01_hover_ATT_trained_hybrid_prediction_outputs.csv
6.699819,baseline_01_hover,Yaw,ramp,0.08157600000000001,0,352.6810302734375,352.6810302734375,352.68116760253906,-0.0001373291015625,0.0001373291015625,0.013596,0,0.0,0.00013000488281136313,0,0,0,W30_N8_mean1.25x,30,8,1.25,1001,Yaw_hybrid_prediction,/home/tchowdh4/sensor_recovery_project/logs/extracted_csv/baseline_01_hover_ATT.csv,/home/tchowdh4/sensor_recovery_project/prediction_results_v9_trained_hybrid/baseline_01_hover_ATT_trained_hybrid_prediction_outputs.csv
6.799779,baseline_01_hover,Yaw,ramp,0.08157600000000001,0,352.6813049316406,352.6813049316406,352.68142852783205,-0.00012359619142898737,0.00012359619142898737,0.013596,0,0.0,0.0001332092285148671,0,0,0,W30_N8_mean1.25x,30,8,1.25,1001,Yaw_hybrid_prediction,/home/tchowdh4/sensor_recovery_project/logs/extracted_csv/baseline_01_hover_ATT.csv,/home/tchowdh4/sensor_recovery_project/prediction_results_v9_trained_hybrid/baseline_01_hover_ATT_trained_hybrid_prediction_outputs.csv
6.899739,baseline_01_hover,Yaw,ramp,0.08157600000000001,0,352.6814880371094,352.6814880371094,352.68157043457035,-8.239746097160605e-05,8.239746097160605e-05,0.013596,0,0.0,0.00013275146484564477,0,0,0,W30_N8_mean1.25x,30,8,1.25,1001,Yaw_hybrid_prediction,/home/tchowdh4/sensor_recovery_project/logs/extracted_csv/baseline_01_hover_ATT.csv,/home/tchowdh4/sensor_recovery_project/prediction_results_v9_trained_hybrid/baseline_01_hover_ATT_trained_hybrid_prediction_outputs.csv
6.999699,baseline_01_hover,Yaw,ramp,0.08157600000000001,0,352.68133544921875,352.68133544921875,352.681266784668,6.866455072440658e-05,6.866455072440658e-05,0.013596,0,0.0,0.000128173828125,0,0,0,W30_N8_mean1.25x,30,8,1.25,1001,Yaw_hybrid_prediction,/home/tchowdh4/sensor_recovery_project/logs/extracted_csv/baseline_01_hover_ATT.csv,/home/tchowdh4/sensor_recovery_project/prediction_results_v9_trained_hybrid/baseline_01_hover_ATT_trained_hybrid_prediction_outputs.csv
7.099659,baseline_01_hover,Yaw,ramp,0.08157600000000001,0,352.6814880371094,352.6814880371094,352.68155670166016,-6.866455078125e-05,6.866455078125e-05,0.013596,0,0.0,0.0001254272460964027,0,0,0,W30_N8_mean1.25x,30,8,1.25,1001,Yaw_hybrid_prediction,/home/tchowdh4/sensor_recovery_project/logs/extracted_csv/baseline_01_hover_ATT.csv,/home/tchowdh4/sensor_recovery_project/prediction_results_v9_trained_hybrid/baseline_01_hover_ATT_trained_hybrid_prediction_outputs.csv
7.199619,baseline_01_hover,Yaw,ramp,0.08157600000000001,0,352.6815490722656,352.6815490722656,352.68157653808595,-2.7465820323868684e-05,2.7465820323868684e-05,0.013596,0,0.0,0.00011993408203352374,0,0,0,W30_N8_mean1.25x,30,8,1.25,1001,Yaw_hybrid_prediction,/home/tchowdh4/sensor_recovery_project/logs/extracted_csv/baseline_01_hover_ATT.csv,/home/tchowdh4/sensor_recovery_project/prediction_results_v9_trained_hybrid/baseline_01_hover_ATT_trained_hybrid_prediction_outputs.csv
7.299579,baseline_01_hover,Yaw,ramp,0.08157600000000001,0,352.68170166015625,352.68170166015625,352.68177032470703,-6.866455078125e-05,6.866455078125e-05,0.013596,0,0.0,0.00011947631836051187,0,0,0,W30_N8_mean1.25x,30,8,1.25,1001,Yaw_hybrid_prediction,/home/tchowdh4/sensor_recovery_project/logs/extracted_csv/baseline_01_hover_ATT.csv,/home/tchowdh4/sensor_recovery_project/prediction_results_v9_trained_hybrid/baseline_01_hover_ATT_trained_hybrid_prediction_outputs.csv
7.399539,baseline_01_hover,Yaw,ramp,0.08157600000000001,0,352.6814880371094,352.6814880371094,352.6813919067383,9.613037104827526e-05,9.613037104827526e-05,0.013596,0,0.0,0.00011718749999924208,0,0,0,W30_N8_mean1.25x,30,8,1.25,1001,Yaw_hybrid_prediction,/home/tchowdh4/sensor_recovery_project/logs/extracted_csv/baseline_01_hover_ATT.csv,/home/tchowdh4/sensor_recovery_project/prediction_results_v9_trained_hybrid/baseline_01_hover_ATT_trained_hybrid_prediction_outputs.csv
7.499499,baseline_01_hover,Yaw,ramp,0.08157600000000001,1,352.681396484375,352.681396484375,352.68135528564454,4.1198730457381316e-05,4.1198730457381316e-05,0.013596,0,0.0,0.00011489868163797231,0,0,0,W30_N8_mean1.25x,30,8,1.25,1001,Yaw_hybrid_prediction,/home/tchowdh4/sensor_recovery_project/logs/extracted_csv/baseline_01_hover_ATT.csv,/home/tchowdh4/sensor_recovery_project/prediction_results_v9_trained_hybrid/baseline_01_hover_ATT_trained_hybrid_prediction_outputs.csv
7.599459,baseline_01_hover,Yaw,ramp,0.08157600000000001,1,352.6816101074219,352.68271248580027,352.68170623779304,0.0010062480072292601,0.0010062480072292601,0.013596,0,0.0,0.00014569369984656076,0,0,0,W30_N8_mean1.25x,30,8,1.25,1001,Yaw_hybrid_prediction,/home/tchowdh4/sensor_recovery_project/logs/extracted_csv/baseline_01_hover_ATT.csv,/home/tchowdh4/sensor_recovery_project/prediction_results_v9_trained_hybrid/baseline_01_hover_ATT_trained_hybrid_prediction_outputs.csv
7.699419,baseline_01_hover,Yaw,ramp,0.08157600000000001,1,352.681640625,352.6838453817568,352.6816543579102,0.0021910238465920884,0.0021910238465920884,0.013596,0,0.0,0.00021872782806629706,0,0,0,W30_N8_mean1.25x,30,8,1.25,1001,Yaw_hybrid_prediction,/home/tchowdh4/sensor_recovery_project/logs/extracted_csv/baseline_01_hover_ATT.csv,/home/tchowdh4/sensor_recovery_project/prediction_results_v9_trained_hybrid/baseline_01_hover_ATT_trained_hybrid_prediction_outputs.csv
7.799379,baseline_01_hover,Yaw,ramp,0.08157600000000001,1,352.6816711425781,352.68497827771324,352.68168487548826,0.0032934022249833106,0.0032934022249833106,0.013596,0,0.0,0.00032209921082729427,0,0,0,W30_N8_mean1.25x,30,8,1.25,1001,Yaw_hybrid_prediction,/home/tchowdh4/sensor_recovery_project/logs/extracted_csv/baseline_01_hover_ATT.csv,/home/tchowdh4/sensor_recovery_project/prediction_results_v9_trained_hybrid/baseline_01_hover_ATT_trained_hybrid_prediction_outputs.csv
7.899339,baseline_01_hover,Yaw,ramp,0.08157600000000001,1,352.6817932128906,352.68620272640413,352.6818481445313,0.004354581872860308,0.004354581872860308,0.013596,0,0.0,0.0004613010121886418,0,0,0,W30_N8_mean1.25x,30,8,1.25,1001,Yaw_hybrid_prediction,/home/tchowdh4/sensor_recovery_project/logs/extracted_csv/baseline_01_hover_ATT.csv,/home/tchowdh4/sensor_recovery_project/prediction_results_v9_trained_hybrid/baseline_01_hover_ATT_trained_hybrid_prediction_outputs.csv
7.999299,baseline_01_hover,Yaw,ramp,0.08157600000000001,1,352.6816711425781,352.68718303447,352.6816162109375,0.005566823532547005,0.005566823532547005,0.013596,0,0.0,0.0006450307419186175,0,0,0,W30_N8_mean1.25x,30,8,1.25,1001,Yaw_hybrid_prediction,/home/tchowdh4/sensor_recovery_project/logs/extracted_csv/baseline_01_hover_ATT.csv,/home/tchowdh4/sensor_recovery_project/prediction_results_v9_trained_hybrid/baseline_01_hover_ATT_trained_hybrid_prediction_outputs.csv
8.100092,baseline_01_hover,Yaw,ramp,0.08157600000000001,1,352.6820068359375,352.6886211062078,352.6821578979492,0.006463208258594477,0.006463208258594477,0.013596,0,0.0,0.0008577244351727131,0,0,0,W30_N8_mean1.25x,30,8,1.25,1001,Yaw_hybrid_prediction,/home/tchowdh4/sensor_recovery_project/logs/extracted_csv/baseline_01_hover_ATT.csv,/home/tchowdh4/sensor_recovery_project/prediction_results_v9_trained_hybrid/baseline_01_hover_ATT_trained_hybrid_prediction_outputs.csv
8.200052,baseline_01_hover,Yaw,ramp,0.08157600000000001,1,352.6822509765625,352.6899676252111,352.6823608398438,0.007606785367329394,0.007606785367329394,0.013596,0,0.0,0.0011094528927306632,0,0,0,W30_N8_mean1.25x,30,8,1.25,1001,Yaw_hybrid_prediction,/home/tchowdh4/sensor_recovery_project/logs/extracted_csv/baseline_01_hover_ATT.csv,/home/tchowdh4/sensor_recovery_project/prediction_results_v9_trained_hybrid/baseline_01_hover_ATT_trained_hybrid_prediction_outputs.csv
8.300012,baseline_01_hover,Yaw,ramp,0.08157600000000001,1,352.6829528808594,352.6917719078864,352.683268737793,0.008503170093376866,0.008503170093376866,0.013596,0,0.0,0.0013915186048279794,0,0,0,W30_N8_mean1.25x,30,8,1.25,1001,Yaw_hybrid_prediction,/home/tchowdh4/sensor_recovery_project/logs/extracted_csv/baseline_01_hover_ATT.csv,/home/tchowdh4/sensor_recovery_project/prediction_results_v9_trained_hybrid/baseline_01_hover_ATT_trained_hybrid_prediction_outputs.csv
8.399972,baseline_01_hover,Yaw,ramp,0.08157600000000001,1,352.683349609375,352.6932710147804,352.6835281372071,0.009742877573330588,0.009742877573330588,0.013596,0,0.0,0.0017117035538869155,0,0,0,W30_N8_mean1.25x,30,8,1.25,1001,Yaw_hybrid_prediction,/home/tchowdh4/sensor_recovery_project/logs/extracted_csv/baseline_01_hover_ATT.csv,/home/tchowdh4/sensor_recovery_project/prediction_results_v9_trained_hybrid/baseline_01_hover_ATT_trained_hybrid_prediction_outputs.csv
8.499932,baseline_01_hover,Yaw,ramp,0.08157600000000001,1,352.683837890625,352.6948616744088,352.6840576171875,0.010804057221321273,0.010804057221321273,0.013596,0,0.0,0.0020713810309265076,0,0,0,W30_N8_mean1.25x,30,8,1.25,1001,Yaw_hybrid_prediction,/home/tchowdh4/sensor_recovery_project/logs/extracted_csv/baseline_01_hover_ATT.csv,/home/tchowdh4/sensor_recovery_project/prediction_results_v9_trained_hybrid/baseline_01_hover_ATT_trained_hybrid_prediction_outputs.csv
8.599892,baseline_01_hover,Yaw,ramp,0.08157600000000001,1,352.6842041015625,352.6963302637247,352.68436889648444,0.011961367240246545,0.011961367240246545,0.013596,0,0.0,0.002467346690237567,0,0,0,W30_N8_mean1.25x,30,8,1.25,1001,Yaw_hybrid_prediction,/home/tchowdh4/sensor_recovery_project/logs/extracted_csv/baseline_01_hover_ATT.csv,/home/tchowdh4/sensor_recovery_project/prediction_results_v9_trained_hybrid/baseline_01_hover_ATT_trained_hybrid_prediction_outputs.csv
8.699852,baseline_01_hover,Yaw,ramp,0.08157600000000001,1,352.6846008300781,352.69782937061865,352.6847793579102,0.013050012708447412,0.013050012708447412,0.013596,0,0.0,0.0028913607857267228,0,0,0,W30_N8_mean1.25x,30,8,1.25,1001,Yaw_hybrid_prediction,/home/tchowdh4/sensor_recovery_project/logs/extracted_csv/baseline_01_hover_ATT.csv,/home/tchowdh4/sensor_recovery_project/prediction_results_v9_trained_hybrid/baseline_01_hover_ATT_trained_hybrid_prediction_outputs.csv
8.799812,baseline_01_hover,Yaw,ramp,0.08157600000000001,1,352.684814453125,352.6991453720439,352.68491058349616,0.014234788547753396,0.014234788547753396,0.013596,1,1.0,0.003353494118177499,0,0,0,W30_N8_mean1.25x,30,8,1.25,1001,Yaw_hybrid_prediction,/home/tchowdh4/sensor_recovery_project/logs/extracted_csv/baseline_01_hover_ATT.csv,/home/tchowdh4/sensor_recovery_project/prediction_results_v9_trained_hybrid/baseline_01_hover_ATT_trained_hybrid_prediction_outputs.csv
8.899772,baseline_01_hover,Yaw,ramp,0.08157600000000001,1,352.68511962890625,352.70055292620356,352.6852569580078,0.01529596819574408,0.01529596819574408,0.013596,1,2.0,0.0038523733965765434,0,0,0,W30_N8_mean1.25x,30,8,1.25,1001,Yaw_hybrid_prediction,/home/tchowdh4/sensor_recovery_project/logs/extracted_csv/baseline_01_hover_ATT.csv,/home/tchowdh4/sensor_recovery_project/prediction_results_v9_trained_hybrid/baseline_01_hover_ATT_trained_hybrid_prediction_outputs.csv
8.999732,baseline_01_hover,Yaw,ramp,0.08157600000000001,1,352.6854248046875,352.7019604803632,352.68556213378906,0.016398346574135303,0.016398346574135303,0.013596,1,3.0,0.004391660730300373,0,0,0,W30_N8_mean1.25x,30,8,1.25,1001,Yaw_hybrid_prediction,/home/tchowdh4/sensor_recovery_project/logs/extracted_csv/baseline_01_hover_ATT.csv,/home/tchowdh4/sensor_recovery_project/prediction_results_v9_trained_hybrid/baseline_01_hover_ATT_trained_hybrid_prediction_outputs.csv
9.099692,baseline_01_hover,Yaw,ramp,0.08157600000000001,1,352.6857604980469,352.7033985521009,352.6859115600586,0.017486992042279326,0.017486992042279326,0.013596,1,4.0,0.004973644937696993,0,0,0,W30_N8_mean1.25x,30,8,1.25,1001,Yaw_hybrid_prediction,/home/tchowdh4/sensor_recovery_project/logs/extracted_csv/baseline_01_hover_ATT.csv,/home/tchowdh4/sensor_recovery_project/prediction_results_v9_trained_hybrid/baseline_01_hover_ATT_trained_hybrid_prediction_outputs.csv
9.199652,baseline_01_hover,Yaw,ramp,0.08157600000000001,1,352.6859130859375,352.7046535183699,352.6859817504883,0.018671767881642154,0.018671767881642154,0.013596,1,5.0,0.005594663909403152,0,0,0,W30_N8_mean1.25x,30,8,1.25,1001,Yaw_hybrid_prediction,/home/tchowdh4/sensor_recovery_project/logs/extracted_csv/baseline_01_hover_ATT.csv,/home/tchowdh4/sensor_recovery_project/prediction_results_v9_trained_hybrid/baseline_01_hover_ATT_trained_hybrid_prediction_outputs.csv
9.299612,baseline_01_hover,Yaw,ramp,0.08157600000000001,1,352.6863098144531,352.70615262526394,352.6864883422852,0.0196642829787379,0.0196642829787379,0.013596,1,6.0,0.006248308954006158,0,0,0,W30_N8_mean1.25x,30,8,1.25,1001,Yaw_hybrid_prediction,/home/tchowdh4/sensor_recovery_project/logs/extracted_csv/baseline_01_hover_ATT.csv,/home/tchowdh4/sensor_recovery_project/prediction_results_v9_trained_hybrid/baseline_01_hover_ATT_trained_hybrid_prediction_outputs.csv
9.399572,baseline_01_hover,Yaw,ramp,0.08157600000000001,1,352.6863098144531,352.70725500364233,352.6863098144531,0.02094518918920585,0.02094518918920585,0.013596,1,7.0,0.006940988762918702,0,0,0,W30_N8_mean1.25x,30,8,1.25,1001,Yaw_hybrid_prediction,/home/tchowdh4/sensor_recovery_project/logs/extracted_csv/baseline_01_hover_ATT.csv,/home/tchowdh4/sensor_recovery_project/prediction_results_v9_trained_hybrid/baseline_01_hover_ATT_trained_hybrid_prediction_outputs.csv
9.499532,baseline_01_hover,Yaw,ramp,0.08157600000000001,1,352.6865234375,352.70857100506754,352.6866195678711,0.02195143719643511,0.02195143719643511,0.013596,1,8.0,0.007668125699414456,1,0,1,W30_N8_mean1.25x,30,8,1.25,1001,Yaw_hybrid_prediction,/home/tchowdh4/sensor_recovery_project/logs/extracted_csv/baseline_01_hover_ATT.csv,/home/tchowdh4/sensor_recovery_project/prediction_results_v9_trained_hybrid/baseline_01_hover_ATT_trained_hybrid_prediction_outputs.csv
9.599492,baseline_01_hover,Yaw,ramp,0.08157600000000001,1,352.6865234375,352.70967338344593,352.6865234375,0.02314994594593145,0.02314994594593145,0.013596,1,9.0,0.008435212927560087,1,0,1,W30_N8_mean1.25x,30,8,1.25,1001,Yaw_hybrid_prediction,/home/tchowdh4/sensor_recovery_project/logs/extracted_csv/baseline_01_hover_ATT.csv,/home/tchowdh4/sensor_recovery_project/prediction_results_v9_trained_hybrid/baseline_01_hover_ATT_trained_hybrid_prediction_outputs.csv
9.699452,baseline_01_hover,Yaw,ramp,0.08157600000000001,1,352.686767578125,352.7110199024493,352.6868774414063,0.024142461043027197,0.024142461043027197,0.013596,1,10.0,0.009235383992275577,1,0,1,W30_N8_mean1.25x,30,8,1.25,1001,Yaw_hybrid_prediction,/home/tchowdh4/sensor_recovery_project/logs/extracted_csv/baseline_01_hover_ATT.csv,/home/tchowdh4/sensor_recovery_project/prediction_results_v9_trained_hybrid/baseline_01_hover_ATT_trained_hybrid_prediction_outputs.csv
9.799412,baseline_01_hover,Yaw,ramp,0.08157600000000001,1,352.68682861328125,352.71218331598396,352.6868560791016,0.025327236882390025,0.025327236882390025,0.013596,1,11.0,0.010075505348640944,1,0,1,W30_N8_mean1.25x,30,8,1.25,1001,Yaw_hybrid_prediction,/home/tchowdh4/sensor_recovery_project/logs/extracted_csv/baseline_01_hover_ATT.csv,/home/tchowdh4/sensor_recovery_project/prediction_results_v9_trained_hybrid/baseline_01_hover_ATT_trained_hybrid_prediction_outputs.csv
9.899372,baseline_01_hover,Yaw,ramp,0.08157600000000001,1,352.6869812011719,352.713438282253,352.68704986572266,0.026388416530323866,0.026388416530323866,0.013596,1,12.0,0.010952372650952688,1,0,1,W30_N8_mean1.25x,30,8,1.25,1001,Yaw_hybrid_prediction,/home/tchowdh4/sensor_recovery_project/logs/extracted_csv/baseline_01_hover_ATT.csv,/home/tchowdh4/sensor_recovery_project/prediction_results_v9_trained_hybrid/baseline_01_hover_ATT_trained_hybrid_prediction_outputs.csv
9.999332,baseline_01_hover,Yaw,ramp,0.08157600000000001,1,352.6871643066406,352.71472376610006,352.68724670410154,0.027477061998524732,0.027477061998524732,0.013596,1,13.0,0.011865985899212698,1,0,1,W30_N8_mean1.25x,30,8,1.25,1001,Yaw_hybrid_prediction,/home/tchowdh4/sensor_recovery_project/logs/extracted_csv/baseline_01_hover_ATT.csv,/home/tchowdh4/sensor_recovery_project/prediction_results_v9_trained_hybrid/baseline_01_hover_ATT_trained_hybrid_prediction_outputs.csv
10.099292,baseline_01_hover,Yaw,ramp,0.08157600000000001,1,352.6781005859375,352.70676242377533,352.67402191162114,0.03274051215419149,0.03274051215419149,0.013596,1,14.0,0.01295504748599304,1,0,1,W30_N8_mean1.25x,30,8,1.25,1001,Yaw_hybrid_prediction,/home/tchowdh4/sensor_recovery_project/logs/extracted_csv/baseline_01_hover_ATT.csv,/home/tchowdh4/sensor_recovery_project/prediction_results_v9_trained_hybrid/baseline_01_hover_ATT_trained_hybrid_prediction_outputs.csv
10.200085,baseline_01_hover,Yaw,ramp,0.08157600000000001,1,352.65289306640625,352.6826572826225,352.6415496826172,0.0411076000052617,0.0411076000052617,0.013596,1,15.0,0.014324385292157633,1,0,1,W30_N8_mean1.25x,30,8,1.25,1001,Yaw_hybrid_prediction,/home/tchowdh4/sensor_recovery_project/logs/extracted_csv/baseline_01_hover_ATT.csv,/home/tchowdh4/sensor_recovery_project/prediction_results_v9_trained_hybrid/baseline_01_hover_ATT_trained_hybrid_prediction_outputs.csv
10.300045,baseline_01_hover,Yaw,ramp,0.08157600000000001,1,352.6221923828125,352.6530589774071,352.60837707519534,0.044681902211777924,0.044681902211777924,0.013596,1,16.0,0.015811493214190855,1,0,1,W30_N8_mean1.25x,30,8,1.25,1001,Yaw_hybrid_prediction,/home/tchowdh4/sensor_recovery_project/logs/extracted_csv/baseline_01_hover_ATT.csv,/home/tchowdh4/sensor_recovery_project/prediction_results_v9_trained_hybrid/baseline_01_hover_ATT_trained_hybrid_prediction_outputs.csv
10.400005,baseline_01_hover,Yaw,ramp,0.08157600000000001,1,352.5929870605469,352.6249560335198,352.5798446655274,0.045111367992433316,0.045111367992433316,0.013596,1,17.0,0.01731200113490369,1,1,1,W30_N8_mean1.25x,30,8,1.25,1001,Yaw_hybrid_prediction,/home/tchowdh4/sensor_recovery_project/logs/extracted_csv/baseline_01_hover_ATT.csv,/home/tchowdh4/sensor_recovery_project/prediction_results_v9_trained_hybrid/baseline_01_hover_ATT_trained_hybrid_prediction_outputs.csv
10.499965,baseline_01_hover,Yaw,ramp,0.08157600000000001,1,352.568115234375,352.60118658572634,352.55692291259766,0.04426367312868251,0.04426367312868251,0.013596,1,18.0,0.018786083614844528,1,1,1,W30_N8_mean1.25x,30,8,1.25,1001,Yaw_hybrid_prediction,/home/tchowdh4/sensor_recovery_project/logs/extracted_csv/baseline_01_hover_ATT.csv,/home/tchowdh4/sensor_recovery_project/prediction_results_v9_trained_hybrid/baseline_01_hover_ATT_trained_hybrid_prediction_outputs.csv
10.599925,baseline_01_hover,Yaw,ramp,0.08157600000000001,1,352.5475769042969,352.5817506340266,352.53833465576173,0.043415978264874866,0.043415978264874866,0.013596,1,19.0,0.020199741290099382,1,1,1,W30_N8_mean1.25x,30,8,1.25,1001,Yaw_hybrid_prediction,/home/tchowdh4/sensor_recovery_project/logs/extracted_csv/baseline_01_hover_ATT.csv,/home/tchowdh4/sensor_recovery_project/prediction_results_v9_trained_hybrid/baseline_01_hover_ATT_trained_hybrid_prediction_outputs.csv
10.699885,baseline_01_hover,Yaw,ramp,0.08157600000000001,1,352.5302429199219,352.56551902803,352.5224426269532,0.043076401076802995,0.043076401076802995,0.013596,1,20.0,0.02156258719777308,1,1,1,W30_N8_mean1.25x,30,8,1.25,1001,Yaw_hybrid_prediction,/home/tchowdh4/sensor_recovery_project/logs/extracted_csv/baseline_01_hover_ATT.csv,/home/tchowdh4/sensor_recovery_project/prediction_results_v9_trained_hybrid/baseline_01_hover_ATT_trained_hybrid_prediction_outputs.csv
10.799845,baseline_01_hover,Yaw,ramp,0.08157600000000001,1,352.51470947265625,352.55108795914276,352.50771942138675,0.04336853775600957,0.04336853775600957,0.013596,1,21.0,0.022898425048807288,1,1,1,W30_N8_mean1.25x,30,8,1.25,1001,Yaw_hybrid_prediction,/home/tchowdh4/sensor_recovery_project/logs/extracted_csv/baseline_01_hover_ATT.csv,/home/tchowdh4/sensor_recovery_project/prediction_results_v9_trained_hybrid/baseline_01_hover_ATT_trained_hybrid_prediction_outputs.csv
10.899805,baseline_01_hover,Yaw,ramp,0.08157600000000001,1,352.5010681152344,352.5385489800992,352.4949295043946,0.04361947570464508,0.04361947570464508,0.013596,1,22.0,0.024207254843200115,1,1,1,W30_N8_mean1.25x,30,8,1.25,1001,Yaw_hybrid_prediction,/home/tchowdh4/sensor_recovery_project/logs/extracted_csv/baseline_01_hover_ATT.csv,/home/tchowdh4/sensor_recovery_project/prediction_results_v9_trained_hybrid/baseline_01_hover_ATT_trained_hybrid_prediction_outputs.csv
10.999765,baseline_01_hover,Yaw,ramp,0.08157600000000001,1,352.4884948730469,352.5270781162901,352.48283691406255,0.044241202227567555,0.044241202227567555,0.013596,1,23.0,0.025496400799700798,1,1,1,W30_N8_mean1.25x,30,8,1.25,1001,Yaw_hybrid_prediction,/home/tchowdh4/sensor_recovery_project/logs/extracted_csv/baseline_01_hover_ATT.csv,/home/tchowdh4/sensor_recovery_project/prediction_results_v9_trained_hybrid/baseline_01_hover_ATT_trained_hybrid_prediction_outputs.csv
11.099725,baseline_01_hover,Yaw,ramp,0.08157600000000001,1,352.4772644042969,352.5169500259185,352.47221069335944,0.04473933255906104,0.04473933255906104,0.013596,1,24.0,0.02677227160971635,1,1,1,W30_N8_mean1.25x,30,8,1.25,1001,Yaw_hybrid_prediction,/home/tchowdh4/sensor_recovery_project/logs/extracted_csv/baseline_01_hover_ATT.csv,/home/tchowdh4/sensor_recovery_project/prediction_results_v9_trained_hybrid/baseline_01_hover_ATT_trained_hybrid_prediction_outputs.csv
11.199685,baseline_01_hover,Yaw,ramp,0.08157600000000001,1,352.46710205078125,352.50789005078127,352.46252899169923,0.045361059082040356,0.045361059082040356,0.013596,1,25.0,0.028030747400206717,1,1,1,W30_N8_mean1.25x,30,8,1.25,1001,Yaw_hybrid_prediction,/home/tchowdh4/sensor_recovery_project/logs/extracted_csv/baseline_01_hover_ATT.csv,/home/tchowdh4/sensor_recovery_project/prediction_results_v9_trained_hybrid/baseline_01_hover_ATT_trained_hybrid_prediction_outputs.csv
11.299645,baseline_01_hover,Yaw,ramp,0.08157600000000001,1,352.4578552246094,352.49974560298773,352.45369415283204,0.046051450155687235,0.046051450155687235,0.013596,1,26.0,0.029282356735617063,1,1,1,W30_N8_mean1.25x,30,8,1.25,1001,Yaw_hybrid_prediction,/home/tchowdh4/sensor_recovery_project/logs/extracted_csv/baseline_01_hover_ATT.csv,/home/tchowdh4/sensor_recovery_project/prediction_results_v9_trained_hybrid/baseline_01_hover_ATT_trained_hybrid_prediction_outputs.csv
11.399605,baseline_01_hover,Yaw,ramp,0.08157600000000001,1,352.4495849609375,352.49257771769425,352.4458633422852,0.04671437540906709,0.04671437540906709,0.013596,1,27.0,0.030514739996808277,1,1,1,W30_N8_mean1.25x,30,8,1.25,1001,Yaw_hybrid_prediction,/home/tchowdh4/sensor_recovery_project/logs/extracted_csv/baseline_01_hover_ATT.csv,/home/tchowdh4/sensor_recovery_project/prediction_results_v9_trained_hybrid/baseline_01_hover_ATT_trained_hybrid_prediction_outputs.csv
11.499565,baseline_01_hover,Yaw,ramp,0.08157600000000001,1,352.4420471191406,352.48614225427576,352.4386550903321,0.04748716394368557,0.04748716394368557,0.013596,1,28.0,0.03173751022088709,1,1,1,W30_N8_mean1.25x,30,8,1.25,1001,Yaw_hybrid_prediction,/home/tchowdh4/sensor_recovery_project/logs/extracted_csv/baseline_01_hover_ATT.csv,/home/tchowdh4/sensor_recovery_project/prediction_results_v9_trained_hybrid/baseline_01_hover_ATT_trained_hybrid_prediction_outputs.csv
11.599525,baseline_01_hover,Yaw,ramp,0.08157600000000001,1,352.4354553222656,352.48065283577915,352.4324890136719,0.04816382210725578,0.04816382210725578,0.013596,1,29.0,0.03294425871645406,1,1,1,W30_N8_mean1.25x,30,8,1.25,1001,Yaw_hybrid_prediction,/home/tchowdh4/sensor_recovery_project/logs/extracted_csv/baseline_01_hover_ATT.csv,/home/tchowdh4/sensor_recovery_project/prediction_results_v9_trained_hybrid/baseline_01_hover_ATT_trained_hybrid_prediction_outputs.csv
11.699485,baseline_01_hover,Yaw,ramp,0.08157600000000001,1,352.4290771484375,352.4753770403294,352.4262069702149,0.049170070114541886,0.049170070114541886,0.013596,1,30.0,0.034148260629990546,1,1,1,W30_N8_mean1.25x,30,8,1.25,1001,Yaw_hybrid_prediction,/home/tchowdh4/sensor_recovery_project/logs/extracted_csv/baseline_01_hover_ATT.csv,/home/tchowdh4/sensor_recovery_project/prediction_results_v9_trained_hybrid/baseline_01_hover_ATT_trained_hybrid_prediction_outputs.csv
11.799445,baseline_01_hover,Yaw,ramp,0.08157600000000001,1,352.42340087890625,352.4708031491765,352.4208465576172,0.049956591559293884,0.049956591559293884,0.013596,1,30.0,0.035338987397041895,1,1,1,W30_N8_mean1.25x,30,8,1.25,1001,Yaw_hybrid_prediction,/home/tchowdh4/sensor_recovery_project/logs/extracted_csv/baseline_01_hover_ATT.csv,/home/tchowdh4/sensor_recovery_project/prediction_results_v9_trained_hybrid/baseline_01_hover_ATT_trained_hybrid_prediction_outputs.csv
11.899405,baseline_01_hover,Yaw,ramp,0.08157600000000001,1,352.41845703125,352.46696167989865,352.41623229980473,0.05072938009391237,0.05072938009391237,0.013596,1,30.0,0.036520101126980835,1,1,1,W30_N8_mean1.25x,30,8,1.25,1001,Yaw_hybrid_prediction,/home/tchowdh4/sensor_recovery_project/logs/extracted_csv/baseline_01_hover_ATT.csv,/home/tchowdh4/sensor_recovery_project/prediction_results_v9_trained_hybrid/baseline_01_hover_ATT_trained_hybrid_prediction_outputs.csv
11.999365,baseline_01_hover,Yaw,ramp,0.08157600000000001,1,352.4137878417969,352.4633948688239,352.41168670654304,0.0517081622808746,0.0517081622808746,0.013596,1,30.0,0.03769709498387215,1,1,1,W30_N8_mean1.25x,30,8,1.25,1001,Yaw_hybrid_prediction,/home/tchowdh4/sensor_recovery_project/logs/extracted_csv/baseline_01_hover_ATT.csv,/home/tchowdh4/sensor_recovery_project/prediction_results_v9_trained_hybrid/baseline_01_hover_ATT_trained_hybrid_prediction_outputs.csv
12.099325,baseline_01_hover,Yaw,ramp,0.08157600000000001,1,352.4097595214844,352.4604689268898,352.4079467773438,0.05252214954600731,0.05252214954600731,0.013596,1,30.0,0.03886493356732975,1,1,1,W30_N8_mean1.25x,30,8,1.25,1001,Yaw_hybrid_prediction,/home/tchowdh4/sensor_recovery_project/logs/extracted_csv/baseline_01_hover_ATT.csv,/home/tchowdh4/sensor_recovery_project/prediction_results_v9_trained_hybrid/baseline_01_hover_ATT_trained_hybrid_prediction_outputs.csv
12.199285,baseline_01_hover,Yaw,ramp,0.08157600000000001,1,352.4060363769531,352.4578481607369,352.4043609619141,0.05348719882277919,0.05348719882277919,0.013596,1,30.0,0.040025447932034317,1,1,1,W30_N8_mean1.25x,30,8,1.25,1001,Yaw_hybrid_prediction,/home/tchowdh4/sensor_recovery_project/logs/extracted_csv/baseline_01_hover_ATT.csv,/home/tchowdh4/sensor_recovery_project/prediction_results_v9_trained_hybrid/baseline_01_hover_ATT_trained_hybrid_prediction_outputs.csv
12.300078,baseline_01_hover,Yaw,ramp,0.08157600000000001,1,352.4027404785156,352.4556546406778,352.4012573242188,0.05439731645896018,0.05439731645896018,0.013596,1,30.0,0.04118321571470839,1,1,1,W30_N8_mean1.25x,30,8,1.25,1001,Yaw_hybrid_prediction,/home/tchowdh4/sensor_recovery_project/logs/extracted_csv/baseline_01_hover_ATT.csv,/home/tchowdh4/sensor_recovery_project/prediction_results_v9_trained_hybrid/baseline_01_hover_ATT_trained_hybrid_prediction_outputs.csv
12.400038,baseline_01_hover,Yaw,ramp,0.08157600000000001,1,352.3995666503906,352.45358319093117,352.39813842773435,0.05544476319681735,0.05544476319681735,0.013596,1,30.0,0.04233320151496211,1,1,1,W30_N8_mean1.25x,30,8,1.25,1001,Yaw_hybrid_prediction,/home/tchowdh4/sensor_recovery_project/logs/extracted_csv/baseline_01_hover_ATT.csv,/home/tchowdh4/sensor_recovery_project/prediction_results_v9_trained_hybrid/baseline_01_hover_ATT_trained_hybrid_prediction_outputs.csv
12.499998,baseline_01_hover,Yaw,ramp,0.08157600000000001,1,352.3965759277344,352.4516948466533,352.3952301025392,0.05646474411412328,0.05646474411412328,0.013596,1,30.0,0.043483645078885046,1,1,1,W30_N8_mean1.25x,30,8,1.25,1001,Yaw_hybrid_prediction,/home/tchowdh4/sensor_recovery_project/logs/extracted_csv/baseline_01_hover_ATT.csv,/home/tchowdh4/sensor_recovery_project/prediction_results_v9_trained_hybrid/baseline_01_hover_ATT_trained_hybrid_prediction_outputs.csv
12.599958,baseline_01_hover,Yaw,ramp,0.08157600000000001,1,352.3937683105469,352.44998960784415,352.39250488281255,0.05748472503159974,0.05748472503159974,0.013596,1,30.0,0.04462813771507399,1,1,1,W30_N8_mean1.25x,30,8,1.25,1001,Yaw_hybrid_prediction,/home/tchowdh4/sensor_recovery_project/logs/extracted_csv/baseline_01_hover_ATT.csv,/home/tchowdh4/sensor_recovery_project/prediction_results_v9_trained_hybrid/baseline_01_hover_ATT_trained_hybrid_prediction_outputs.csv
12.699918,baseline_01_hover,Yaw,ramp,0.08157600000000001,1,352.3913879394531,352.4487116151288,352.390316772461,0.05839484266778072,0.05839484266778072,0.013596,1,30.0,0.04576988376923244,1,1,1,W30_N8_mean1.25x,30,8,1.25,1001,Yaw_hybrid_prediction,/home/tchowdh4/sensor_recovery_project/logs/extracted_csv/baseline_01_hover_ATT.csv,/home/tchowdh4/sensor_recovery_project/prediction_results_v9_trained_hybrid/baseline_01_hover_ATT_trained_hybrid_prediction_outputs.csv
12.799878,baseline_01_hover,Yaw,ramp,0.08157600000000001,1,352.3890686035156,352.4474946575697,352.3880249023438,0.05946975522590492,0.05946975522590492,0.013596,1,30.0,0.04690796771401627,1,1,1,W30_N8_mean1.25x,30,8,1.25,1001,Yaw_hybrid_prediction,/home/tchowdh4/sensor_recovery_project/logs/extracted_csv/baseline_01_hover_ATT.csv,/home/tchowdh4/sensor_recovery_project/prediction_results_v9_trained_hybrid/baseline_01_hover_ATT_trained_hybrid_prediction_outputs.csv
12.899838,baseline_01_hover,Yaw,ramp,0.08157600000000001,1,352.38690185546875,352.4464302879012,352.3859268188477,0.06050346905351489,0.06050346905351489,0.013596,1,30.0,0.04804513613145597,1,1,1,W30_N8_mean1.25x,30,8,1.25,1001,Yaw_hybrid_prediction,/home/tchowdh4/sensor_recovery_project/logs/extracted_csv/baseline_01_hover_ATT.csv,/home/tchowdh4/sensor_recovery_project/prediction_results_v9_trained_hybrid/baseline_01_hover_ATT_trained_hybrid_prediction_outputs.csv
12.999798,baseline_01_hover,Yaw,ramp,0.08157600000000001,1,352.3848876953125,352.44551850612334,352.3839813232422,0.06153718288112486,0.06153718288112486,0.013596,1,30.0,0.04918047349420931,1,1,1,W30_N8_mean1.25x,30,8,1.25,1001,Yaw_hybrid_prediction,/home/tchowdh4/sensor_recovery_project/logs/extracted_csv/baseline_01_hover_ATT.csv,/home/tchowdh4/sensor_recovery_project/prediction_results_v9_trained_hybrid/baseline_01_hover_ATT_trained_hybrid_prediction_outputs.csv
13.099758,baseline_01_hover,Yaw,ramp,0.08157600000000001,1,352.3830261230469,352.44475931223604,352.38218841552737,0.06257089670867799,0.06257089670867799,0.013596,1,30.0,0.05017481964602553,1,1,1,W30_N8_mean1.25x,30,8,1.25,1001,Yaw_hybrid_prediction,/home/tchowdh4/sensor_recovery_project/logs/extracted_csv/baseline_01_hover_ATT.csv,/home/tchowdh4/sensor_recovery_project/prediction_results_v9_trained_hybrid/baseline_01_hover_ATT_trained_hybrid_prediction_outputs.csv
13.199718,baseline_01_hover,Yaw,ramp,0.08157600000000001,1,352.3814697265625,352.44430529413006,352.3807693481445,0.06353594598556356,0.06353594598556356,0.013596,1,30.0,0.05092243117870225,1,1,1,W30_N8_mean1.25x,30,8,1.25,1001,Yaw_hybrid_prediction,/home/tchowdh4/sensor_recovery_project/logs/extracted_csv/baseline_01_hover_ATT.csv,/home/tchowdh4/sensor_recovery_project/prediction_results_v9_trained_hybrid/baseline_01_hover_ATT_trained_hybrid_prediction_outputs.csv
13.299678,baseline_01_hover,Yaw,ramp,0.08157600000000001,1,352.3798522949219,352.4437902408678,352.3791244506836,0.0646657901842218,0.0646657901842218,0.013596,1,30.0,0.05158856077778372,1,1,1,W30_N8_mean1.25x,30,8,1.25,1001,Yaw_hybrid_prediction,/home/tchowdh4/sensor_recovery_project/logs/extracted_csv/baseline_01_hover_ATT.csv,/home/tchowdh4/sensor_recovery_project/prediction_results_v9_trained_hybrid/baseline_01_hover_ATT_trained_hybrid_prediction_outputs.csv
13.399638,baseline_01_hover,Yaw,ramp,0.08157600000000001,1,352.37823486328125,352.4432751876056,352.37750701904304,0.06576816856255618,0.06576816856255618,0.013596,1,30.0,0.05227712079678781,1,1,1,W30_N8_mean1.25x,30,8,1.25,1001,Yaw_hybrid_prediction,/home/tchowdh4/sensor_recovery_project/logs/extracted_csv/baseline_01_hover_ATT.csv,/home/tchowdh4/sensor_recovery_project/prediction_results_v9_trained_hybrid/baseline_01_hover_ATT_trained_hybrid_prediction_outputs.csv
13.499598,baseline_01_hover,Yaw,ramp,0.08157600000000001,1,352.3769836425781,352.4431263452808,352.37642059326174,0.06670575201906104,0.06670575201906104,0.013596,1,30.0,0.053025190093133764,1,1,1,W30_N8_mean1.25x,30,8,1.25,1001,Yaw_hybrid_prediction,/home/tchowdh4/sensor_recovery_project/logs/extracted_csv/baseline_01_hover_ATT.csv,/home/tchowdh4/sensor_recovery_project/prediction_results_v9_trained_hybrid/baseline_01_hover_ATT_trained_hybrid_prediction_outputs.csv
13.599558,baseline_01_hover,Yaw,ramp,0.08157600000000001,1,352.37579345703125,352.4430385381123,352.3752578735352,0.06778066457712839,0.06778066457712839,0.013596,1,30.0,0.05383734630354221,1,1,1,W30_N8_mean1.25x,30,8,1.25,1001,Yaw_hybrid_prediction,/home/tchowdh4/sensor_recovery_project/logs/extracted_csv/baseline_01_hover_ATT.csv,/home/tchowdh4/sensor_recovery_project/prediction_results_v9_trained_hybrid/baseline_01_hover_ATT_trained_hybrid_prediction_outputs.csv
13.699518,baseline_01_hover,Yaw,ramp,0.08157600000000001,1,352.3747253417969,352.44307280125633,352.3742446899414,0.06882811131492872,0.06882811131492872,0.013596,1,30.0,0.05469573664481307,1,1,1,W30_N8_mean1.25x,30,8,1.25,1001,Yaw_hybrid_prediction,/home/tchowdh4/sensor_recovery_project/logs/extracted_csv/baseline_01_hover_ATT.csv,/home/tchowdh4/sensor_recovery_project/prediction_results_v9_trained_hybrid/baseline_01_hover_ATT_trained_hybrid_prediction_outputs.csv
13.799478,baseline_01_hover,Yaw,ramp,0.08157600000000001,1,352.3739929199219,352.4434427577597,352.37366333007816,0.06977942768156709,0.06977942768156709,0.013596,1,30.0,0.05557609964233166,1,1,1,W30_N8_mean1.25x,30,8,1.25,1001,Yaw_hybrid_prediction,/home/tchowdh4/sensor_recovery_project/logs/extracted_csv/baseline_01_hover_ATT.csv,/home/tchowdh4/sensor_recovery_project/prediction_results_v9_trained_hybrid/baseline_01_hover_ATT_trained_hybrid_prediction_outputs.csv
13.899438,baseline_01_hover,Yaw,ramp,0.08157600000000001,1,352.37322998046875,352.443782196685,352.37288665771484,0.07089553897014866,0.07089553897014866,0.013596,1,30.0,0.05648530175118178,1,1,1,W30_N8_mean1.25x,30,8,1.25,1001,Yaw_hybrid_prediction,/home/tchowdh4/sensor_recovery_project/logs/extracted_csv/baseline_01_hover_ATT.csv,/home/tchowdh4/sensor_recovery_project/prediction_results_v9_trained_hybrid/baseline_01_hover_ATT_trained_hybrid_prediction_outputs.csv
13.999398,baseline_01_hover,Yaw,ramp,0.08157600000000001,1,352.37237548828125,352.4440300828758,352.3719909667969,0.07203911607894042,0.07203911607894042,0.013596,1,30.0,0.05741189887956087,1,1,1,W30_N8_mean1.25x,30,8,1.25,1001,Yaw_hybrid_prediction,/home/tchowdh4/sensor_recovery_project/logs/extracted_csv/baseline_01_hover_ATT.csv,/home/tchowdh4/sensor_recovery_project/prediction_results_v9_trained_hybrid/baseline_01_hover_ATT_trained_hybrid_prediction_outputs.csv
14.099358,baseline_01_hover,Yaw,ramp,0.08157600000000001,1,352.37158203125,352.44433900422297,352.371224975586,0.07311402863695093,0.07311402863695093,0.013596,1,30.0,0.0583577220821572,1,1,1,W30_N8_mean1.25x,30,8,1.25,1001,Yaw_hybrid_prediction,/home/tchowdh4/sensor_recovery_project/logs/extracted_csv/baseline_01_hover_ATT.csv,/home/tchowdh4/sensor_recovery_project/prediction_results_v9_trained_hybrid/baseline_01_hover_ATT_trained_hybrid_prediction_outputs.csv
14.199318,baseline_01_hover,Yaw,ramp,0.08157600000000001,1,352.3706970214844,352.44455637283573,352.3702987670898,0.07425760574591322,0.07425760574591322,0.013596,1,30.0,0.05932094030428629,1,1,1,W30_N8_mean1.25x,30,8,1.25,1001,Yaw_hybrid_prediction,/home/tchowdh4/sensor_recovery_project/logs/extracted_csv/baseline_01_hover_ATT.csv,/home/tchowdh4/sensor_recovery_project/prediction_results_v9_trained_hybrid/baseline_01_hover_ATT_trained_hybrid_prediction_outputs.csv
14.300111,baseline_01_hover,Yaw,ramp,0.08157600000000001,1,352.3702697753906,352.4452315051204,352.3700775146484,0.0751539904719607,0.0751539904719607,0.013596,1,30.0,0.06029102498149541,1,1,1,W30_N8_mean1.25x,30,8,1.25,1001,Yaw_hybrid_prediction,/home/tchowdh4/sensor_recovery_project/logs/extracted_csv/baseline_01_hover_ATT.csv,/home/tchowdh4/sensor_recovery_project/prediction_results_v9_trained_hybrid/baseline_01_hover_ATT_trained_hybrid_prediction_outputs.csv
14.400071,baseline_01_hover,Yaw,ramp,0.08157600000000001,1,352.3696594238281,352.4457235319362,352.369384765625,0.07633876631120984,0.07633876631120984,0.013596,1,30.0,0.0612785046782335,1,1,1,W30_N8_mean1.25x,30,8,1.25,1001,Yaw_hybrid_prediction,/home/tchowdh4/sensor_recovery_project/logs/extracted_csv/baseline_01_hover_ATT.csv,/home/tchowdh4/sensor_recovery_project/prediction_results_v9_trained_hybrid/baseline_01_hover_ATT_trained_hybrid_prediction_outputs.csv
14.500031,baseline_01_hover,Yaw,ramp,0.08157600000000001,1,352.36895751953125,352.4461240060177,352.3686416625977,0.0774823434200016,0.0774823434200016,0.013596,1,30.0,0.0622783439941107,1,1,1,W30_N8_mean1.25x,30,8,1.25,1001,Yaw_hybrid_prediction,/home/tchowdh4/sensor_recovery_project/logs/extracted_csv/baseline_01_hover_ATT.csv,/home/tchowdh4/sensor_recovery_project/prediction_results_v9_trained_hybrid/baseline_01_hover_ATT_trained_hybrid_prediction_outputs.csv
14.599991,baseline_01_hover,Yaw,ramp,0.08157600000000001,1,352.3683166503906,352.4465855152555,352.36802825927737,0.0785572559781258,0.0785572559781258,0.013596,1,30.0,0.06329145845647303,1,1,1,W30_N8_mean1.25x,30,8,1.25,1001,Yaw_hybrid_prediction,/home/tchowdh4/sensor_recovery_project/logs/extracted_csv/baseline_01_hover_ATT.csv,/home/tchowdh4/sensor_recovery_project/prediction_results_v9_trained_hybrid/baseline_01_hover_ATT_trained_hybrid_prediction_outputs.csv
14.699951,baseline_01_hover,Yaw,ramp,0.08157600000000001,1,352.367919921875,352.44729116511826,352.367741394043,0.07954977107527839,0.07954977107527839,0.013596,1,30.0,0.06430411515516425,1,1,1,W30_N8_mean1.25x,30,8,1.25,1001,Yaw_hybrid_prediction,/home/tchowdh4/sensor_recovery_project/logs/extracted_csv/baseline_01_hover_ATT.csv,/home/tchowdh4/sensor_recovery_project/prediction_results_v9_trained_hybrid/baseline_01_hover_ATT_trained_hybrid_prediction_outputs.csv
14.799911,baseline_01_hover,Yaw,ramp,0.08157600000000001,1,352.3676452636719,352.4481188852935,352.36752166748045,0.08059721781307871,0.08059721781307871,0.013596,1,30.0,0.06532546936362375,1,1,1,W30_N8_mean1.25x,30,8,1.25,1001,Yaw_hybrid_prediction,/home/tchowdh4/sensor_recovery_project/logs/extracted_csv/baseline_01_hover_ATT.csv,/home/tchowdh4/sensor_recovery_project/prediction_results_v9_trained_hybrid/baseline_01_hover_ATT_trained_hybrid_prediction_outputs.csv
14.899871,baseline_01_hover,Yaw,ramp,0.08157600000000001,1,352.36724853515625,352.44882453515623,352.3670700073243,0.08175452783194714,0.08175452783194714,0.013596,1,30.0,0.06635964095489158,1,1,1,W30_N8_mean1.25x,30,8,1.25,1001,Yaw_hybrid_prediction,/home/tchowdh4/sensor_recovery_project/logs/extracted_csv/baseline_01_hover_ATT.csv,/home/tchowdh4/sensor_recovery_project/prediction_results_v9_trained_hybrid/baseline_01_hover_ATT_trained_hybrid_prediction_outputs.csv
14.999831,baseline_01_hover,Yaw,ramp,0.08157600000000001,0,352.3667907714844,352.3667907714844,352.36658477783203,0.00020599365234375,0.00020599365234375,0.013596,0,29.0,0.06464290200060721,1,1,1,W30_N8_mean1.25x,30,8,1.25,1001,Yaw_hybrid_prediction,/home/tchowdh4/sensor_recovery_project/logs/extracted_csv/baseline_01_hover_ATT.csv,/home/tchowdh4/sensor_recovery_project/prediction_results_v9_trained_hybrid/baseline_01_hover_ATT_trained_hybrid_prediction_outputs.csv
15.099791,baseline_01_hover,Yaw,ramp,0.08157600000000001,0,352.3666076660156,352.3666076660156,352.3665252685547,8.239746091476263e-05,8.239746091476263e-05,0.013596,0,28.0,0.06289491026443746,1,1,1,W30_N8_mean1.25x,30,8,1.25,1001,Yaw_hybrid_prediction,/home/tchowdh4/sensor_recovery_project/logs/extracted_csv/baseline_01_hover_ATT.csv,/home/tchowdh4/sensor_recovery_project/prediction_results_v9_trained_hybrid/baseline_01_hover_ATT_trained_hybrid_prediction_outputs.csv
15.199751,baseline_01_hover,Yaw,ramp,0.08157600000000001,0,352.36627197265625,352.36627197265625,352.3661209106445,0.00015106201175285605,0.00015106201175285605,0.013596,0,27.0,0.06111703903740325,1,1,1,W30_N8_mean1.25x,30,8,1.25,1001,Yaw_hybrid_prediction,/home/tchowdh4/sensor_recovery_project/logs/extracted_csv/baseline_01_hover_ATT.csv,/home/tchowdh4/sensor_recovery_project/prediction_results_v9_trained_hybrid/baseline_01_hover_ATT_trained_hybrid_prediction_outputs.csv
15.299711,baseline_01_hover,Yaw,ramp,0.08157600000000001,0,352.3661499023437,352.3661499023437,352.36609497070305,5.493164064773737e-05,5.493164064773737e-05,0.013596,0,26.0,0.05930562621012617,1,1,1,W30_N8_mean1.25x,30,8,1.25,1001,Yaw_hybrid_prediction,/home/tchowdh4/sensor_recovery_project/logs/extracted_csv/baseline_01_hover_ATT.csv,/home/tchowdh4/sensor_recovery_project/prediction_results_v9_trained_hybrid/baseline_01_hover_ATT_trained_hybrid_prediction_outputs.csv
15.399671,baseline_01_hover,Yaw,ramp,0.08157600000000001,0,352.3661193847656,352.3661193847656,352.3661056518555,1.3732910133512632e-05,1.3732910133512632e-05,0.013596,0,25.0,0.05745792520057004,1,1,1,W30_N8_mean1.25x,30,8,1.25,1001,Yaw_hybrid_prediction,/home/tchowdh4/sensor_recovery_project/logs/extracted_csv/baseline_01_hover_ATT.csv,/home/tchowdh4/sensor_recovery_project/prediction_results_v9_trained_hybrid/baseline_01_hover_ATT_trained_hybrid_prediction_outputs.csv
15.499631,baseline_01_hover,Yaw,ramp,0.08157600000000001,0,352.3658142089844,352.3658142089844,352.3656768798828,0.0001373291015625,0.0001373291015625,0.013596,0,24.0,0.05558034470015135,1,1,1,W30_N8_mean1.25x,30,8,1.25,1001,Yaw_hybrid_prediction,/home/tchowdh4/sensor_recovery_project/logs/extracted_csv/baseline_01_hover_ATT.csv,/home/tchowdh4/sensor_recovery_project/prediction_results_v9_trained_hybrid/baseline_01_hover_ATT_trained_hybrid_prediction_outputs.csv
15.599591,baseline_01_hover,Yaw,ramp,0.08157600000000001,0,352.365966796875,352.365966796875,352.3660354614258,-6.866455078125e-05,6.866455078125e-05,0.013596,0,23.0,0.0536664760174574,1,1,1,W30_N8_mean1.25x,30,8,1.25,1001,Yaw_hybrid_prediction,/home/tchowdh4/sensor_recovery_project/logs/extracted_csv/baseline_01_hover_ATT.csv,/home/tchowdh4/sensor_recovery_project/prediction_results_v9_trained_hybrid/baseline_01_hover_ATT_trained_hybrid_prediction_outputs.csv
15.699551,baseline_01_hover,Yaw,ramp,0.08157600000000001,0,352.365966796875,352.365966796875,352.365966796875,0.0,0.0,0.013596,0,22.0,0.05171998126186471,1,1,1,W30_N8_mean1.25x,30,8,1.25,1001,Yaw_hybrid_prediction,/home/tchowdh4/sensor_recovery_project/logs/extracted_csv/baseline_01_hover_ATT.csv,/home/tchowdh4/sensor_recovery_project/prediction_results_v9_trained_hybrid/baseline_01_hover_ATT_trained_hybrid_prediction_outputs.csv
15.799511,baseline_01_hover,Yaw,ramp,0.08157600000000001,0,352.3658447265625,352.3658447265625,352.36578979492185,5.493164064773737e-05,5.493164064773737e-05,0.013596,0,21.0,0.04973948714235613,1,1,1,W30_N8_mean1.25x,30,8,1.25,1001,Yaw_hybrid_prediction,/home/tchowdh4/sensor_recovery_project/logs/extracted_csv/baseline_01_hover_ATT.csv,/home/tchowdh4/sensor_recovery_project/prediction_results_v9_trained_hybrid/baseline_01_hover_ATT_trained_hybrid_prediction_outputs.csv
15.899471,baseline_01_hover,Yaw,ramp,0.08157600000000001,0,352.36572265625,352.36572265625,352.3656677246094,5.493164059089395e-05,5.493164059089395e-05,0.013596,0,20.0,0.04772453589525867,1,1,1,W30_N8_mean1.25x,30,8,1.25,1001,Yaw_hybrid_prediction,/home/tchowdh4/sensor_recovery_project/logs/extracted_csv/baseline_01_hover_ATT.csv,/home/tchowdh4/sensor_recovery_project/prediction_results_v9_trained_hybrid/baseline_01_hover_ATT_trained_hybrid_prediction_outputs.csv
15.999431,baseline_01_hover,Yaw,ramp,0.08157600000000001,0,352.3656921386719,352.3656921386719,352.36567840576174,1.3732910133512632e-05,1.3732910133512632e-05,0.013596,0,19.0,0.04567375422955896,1,1,1,W30_N8_mean1.25x,30,8,1.25,1001,Yaw_hybrid_prediction,/home/tchowdh4/sensor_recovery_project/logs/extracted_csv/baseline_01_hover_ATT.csv,/home/tchowdh4/sensor_recovery_project/prediction_results_v9_trained_hybrid/baseline_01_hover_ATT_trained_hybrid_prediction_outputs.csv
16.099391,baseline_01_hover,Yaw,ramp,0.08157600000000001,0,352.3658447265625,352.3658447265625,352.3659133911133,-6.866455078125e-05,6.866455078125e-05,0.013596,0,18.0,0.0435903464909624,1,1,1,W30_N8_mean1.25x,30,8,1.25,1001,Yaw_hybrid_prediction,/home/tchowdh4/sensor_recovery_project/logs/extracted_csv/baseline_01_hover_ATT.csv,/home/tchowdh4/sensor_recovery_project/prediction_results_v9_trained_hybrid/baseline_01_hover_ATT_trained_hybrid_prediction_outputs.csv
16.199351,baseline_01_hover,Yaw,ramp,0.08157600000000001,0,352.3659362792969,352.3659362792969,352.3659774780274,-4.1198730514224735e-05,4.1198730514224735e-05,0.013596,0,17.0,0.04147385491579409,1,1,1,W30_N8_mean1.25x,30,8,1.25,1001,Yaw_hybrid_prediction,/home/tchowdh4/sensor_recovery_project/logs/extracted_csv/baseline_01_hover_ATT.csv,/home/tchowdh4/sensor_recovery_project/prediction_results_v9_trained_hybrid/baseline_01_hover_ATT_trained_hybrid_prediction_outputs.csv
16.299311,baseline_01_hover,Yaw,ramp,0.08157600000000001,0,352.3661804199219,352.3661804199219,352.3662902832032,-0.00010986328135231815,0.00010986328135231815,0.013596,0,16.0,0.03932199068569844,1,1,1,W30_N8_mean1.25x,30,8,1.25,1001,Yaw_hybrid_prediction,/home/tchowdh4/sensor_recovery_project/logs/extracted_csv/baseline_01_hover_ATT.csv,/home/tchowdh4/sensor_recovery_project/prediction_results_v9_trained_hybrid/baseline_01_hover_ATT_trained_hybrid_prediction_outputs.csv
16.400104,baseline_01_hover,Yaw,ramp,0.08157600000000001,0,352.3662414550781,352.3662414550781,352.36626892089845,-2.7465820323868684e-05,2.7465820323868684e-05,0.013596,0,15.0,0.03713063392762403,1,1,1,W30_N8_mean1.25x,30,8,1.25,1001,Yaw_hybrid_prediction,/home/tchowdh4/sensor_recovery_project/logs/extracted_csv/baseline_01_hover_ATT.csv,/home/tchowdh4/sensor_recovery_project/prediction_results_v9_trained_hybrid/baseline_01_hover_ATT_trained_hybrid_prediction_outputs.csv
16.500064,baseline_01_hover,Yaw,ramp,0.08157600000000001,0,352.36651611328125,352.36651611328125,352.3666397094727,-0.00012359619142898737,0.00012359619142898737,0.013596,0,14.0,0.034911228733369624,1,1,1,W30_N8_mean1.25x,30,8,1.25,1001,Yaw_hybrid_prediction,/home/tchowdh4/sensor_recovery_project/logs/extracted_csv/baseline_01_hover_ATT.csv,/home/tchowdh4/sensor_recovery_project/prediction_results_v9_trained_hybrid/baseline_01_hover_ATT_trained_hybrid_prediction_outputs.csv
16.600024,baseline_01_hover,Yaw,ramp,0.08157600000000001,0,352.3668518066406,352.3668518066406,352.3670028686524,-0.00015106201175285605,0.00015106201175285605,0.013596,0,13.0,0.03265690864785711,1,1,1,W30_N8_mean1.25x,30,8,1.25,1001,Yaw_hybrid_prediction,/home/tchowdh4/sensor_recovery_project/logs/extracted_csv/baseline_01_hover_ATT.csv,/home/tchowdh4/sensor_recovery_project/prediction_results_v9_trained_hybrid/baseline_01_hover_ATT_trained_hybrid_prediction_outputs.csv
16.699984,baseline_01_hover,Yaw,ramp,0.08157600000000001,0,352.3672180175781,352.3672180175781,352.3673828125,-0.00016479492188636868,0.00016479492188636868,0.013596,0,12.0,0.030368131434755696,1,1,1,W30_N8_mean1.25x,30,8,1.25,1001,Yaw_hybrid_prediction,/home/tchowdh4/sensor_recovery_project/logs/extracted_csv/baseline_01_hover_ATT.csv,/home/tchowdh4/sensor_recovery_project/prediction_results_v9_trained_hybrid/baseline_01_hover_ATT_trained_hybrid_prediction_outputs.csv
16.799944,baseline_01_hover,Yaw,ramp,0.08157600000000001,0,352.3674011230469,352.3674011230469,352.36748352050785,-8.239746097160605e-05,8.239746097160605e-05,0.013596,0,11.0,0.02804489709406918,1,1,1,W30_N8_mean1.25x,30,8,1.25,1001,Yaw_hybrid_prediction,/home/tchowdh4/sensor_recovery_project/logs/extracted_csv/baseline_01_hover_ATT.csv,/home/tchowdh4/sensor_recovery_project/prediction_results_v9_trained_hybrid/baseline_01_hover_ATT_trained_hybrid_prediction_outputs.csv
16.899904,baseline_01_hover,Yaw,ramp,0.08157600000000001,0,352.36767578125,352.36767578125,352.36779937744143,-0.00012359619142898737,0.00012359619142898737,0.013596,0,10.0,0.025685832334778523,1,1,1,W30_N8_mean1.25x,30,8,1.25,1001,Yaw_hybrid_prediction,/home/tchowdh4/sensor_recovery_project/logs/extracted_csv/baseline_01_hover_ATT.csv,/home/tchowdh4/sensor_recovery_project/prediction_results_v9_trained_hybrid/baseline_01_hover_ATT_trained_hybrid_prediction_outputs.csv
16.999864,baseline_01_hover,Yaw,ramp,0.08157600000000001,0,352.3680725097656,352.3680725097656,352.3682510375977,-0.00017852783207672474,0.00017852783207672474,0.013596,0,9.0,0.0232904793932164,1,1,1,W30_N8_mean1.25x,30,8,1.25,1001,Yaw_hybrid_prediction,/home/tchowdh4/sensor_recovery_project/logs/extracted_csv/baseline_01_hover_ATT.csv,/home/tchowdh4/sensor_recovery_project/prediction_results_v9_trained_hybrid/baseline_01_hover_ATT_trained_hybrid_prediction_outputs.csv
17.099824,baseline_01_hover,Yaw,ramp,0.08157600000000001,0,352.3684387207031,352.3684387207031,352.368603515625,-0.00016479492188636868,0.00016479492188636868,0.013596,0,8.0,0.020858838269380914,1,1,1,W30_N8_mean1.25x,30,8,1.25,1001,Yaw_hybrid_prediction,/home/tchowdh4/sensor_recovery_project/logs/extracted_csv/baseline_01_hover_ATT.csv,/home/tchowdh4/sensor_recovery_project/prediction_results_v9_trained_hybrid/baseline_01_hover_ATT_trained_hybrid_prediction_outputs.csv
17.199784,baseline_01_hover,Yaw,ramp,0.08157600000000001,0,352.3688659667969,352.3688659667969,352.3690582275391,-0.00019226074221023737,0.00019226074221023737,0.013596,0,7.0,0.018389993435924148,0,1,1,W30_N8_mean1.25x,30,8,1.25,1001,Yaw_hybrid_prediction,/home/tchowdh4/sensor_recovery_project/logs/extracted_csv/baseline_01_hover_ATT.csv,/home/tchowdh4/sensor_recovery_project/prediction_results_v9_trained_hybrid/baseline_01_hover_ATT_trained_hybrid_prediction_outputs.csv
17.299744,baseline_01_hover,Yaw,ramp,0.08157600000000001,0,352.3691711425781,352.3691711425781,352.3693084716797,-0.0001373291015625,0.0001373291015625,0.013596,0,6.0,0.015889438056910878,0,0,0,W30_N8_mean1.25x,30,8,1.25,1001,Yaw_hybrid_prediction,/home/tchowdh4/sensor_recovery_project/logs/extracted_csv/baseline_01_hover_ATT.csv,/home/tchowdh4/sensor_recovery_project/prediction_results_v9_trained_hybrid/baseline_01_hover_ATT_trained_hybrid_prediction_outputs.csv
17.399704,baseline_01_hover,Yaw,ramp,0.08157600000000001,0,352.3695373535156,352.3695373535156,352.3697021484376,-0.00016479492200005552,0.00016479492200005552,0.013596,0,5.0,0.01335030567727055,0,0,0,W30_N8_mean1.25x,30,8,1.25,1001,Yaw_hybrid_prediction,/home/tchowdh4/sensor_recovery_project/logs/extracted_csv/baseline_01_hover_ATT.csv,/home/tchowdh4/sensor_recovery_project/prediction_results_v9_trained_hybrid/baseline_01_hover_ATT_trained_hybrid_prediction_outputs.csv
17.499664,baseline_01_hover,Yaw,ramp,0.08157600000000001,0,352.3698425292969,352.3698425292969,352.36997985839844,-0.0001373291015625,0.0001373291015625,0.013596,0,4.0,0.01077213853332258,0,0,0,W30_N8_mean1.25x,30,8,1.25,1001,Yaw_hybrid_prediction,/home/tchowdh4/sensor_recovery_project/logs/extracted_csv/baseline_01_hover_ATT.csv,/home/tchowdh4/sensor_recovery_project/prediction_results_v9_trained_hybrid/baseline_01_hover_ATT_trained_hybrid_prediction_outputs.csv
17.599624,baseline_01_hover,Yaw,ramp,0.08157600000000001,0,352.3702697753906,352.3702697753906,352.37046203613284,-0.00019226074221023737,0.00019226074221023737,0.013596,0,3.0,0.008159972025458729,0,0,0,W30_N8_mean1.25x,30,8,1.25,1001,Yaw_hybrid_prediction,/home/tchowdh4/sensor_recovery_project/logs/extracted_csv/baseline_01_hover_ATT.csv,/home/tchowdh4/sensor_recovery_project/prediction_results_v9_trained_hybrid/baseline_01_hover_ATT_trained_hybrid_prediction_outputs.csv
17.699584,baseline_01_hover,Yaw,ramp,0.08157600000000001,0,352.3706970214844,352.3706970214844,352.3708892822266,-0.00019226074221023737,0.00019226074221023737,0.013596,0,2.0,0.0055147216810231235,0,0,0,W30_N8_mean1.25x,30,8,1.25,1001,Yaw_hybrid_prediction,/home/tchowdh4/sensor_recovery_project/logs/extracted_csv/baseline_01_hover_ATT.csv,/home/tchowdh4/sensor_recovery_project/prediction_results_v9_trained_hybrid/baseline_01_hover_ATT_trained_hybrid_prediction_outputs.csv
17.799544,baseline_01_hover,Yaw,ramp,0.08157600000000001,0,352.3708801269531,352.3708801269531,352.37096252441404,-8.239746091476263e-05,8.239746091476263e-05,0.013596,0,1.0,0.0028308943359509915,0,0,0,W30_N8_mean1.25x,30,8,1.25,1001,Yaw_hybrid_prediction,/home/tchowdh4/sensor_recovery_project/logs/extracted_csv/baseline_01_hover_ATT.csv,/home/tchowdh4/sensor_recovery_project/prediction_results_v9_trained_hybrid/baseline_01_hover_ATT_trained_hybrid_prediction_outputs.csv
17.899504,baseline_01_hover,Yaw,ramp,0.08157600000000001,0,352.3714904785156,352.3714904785156,352.37176513671875,-0.000274658203125,0.000274658203125,0.013596,0,0.0,0.00011489868165692012,0,0,0,W30_N8_mean1.25x,30,8,1.25,1001,Yaw_hybrid_prediction,/home/tchowdh4/sensor_recovery_project/logs/extracted_csv/baseline_01_hover_ATT.csv,/home/tchowdh4/sensor_recovery_project/prediction_results_v9_trained_hybrid/baseline_01_hover_ATT_trained_hybrid_prediction_outputs.csv
17.999464,baseline_01_hover,Yaw,ramp,0.08157600000000001,0,352.3719177246094,352.3719177246094,352.3721099853516,-0.00019226074221023737,0.00019226074221023737,0.013596,0,0.0,0.00011444091798580302,0,0,0,W30_N8_mean1.25x,30,8,1.25,1001,Yaw_hybrid_prediction,/home/tchowdh4/sensor_recovery_project/logs/extracted_csv/baseline_01_hover_ATT.csv,/home/tchowdh4/sensor_recovery_project/prediction_results_v9_trained_hybrid/baseline_01_hover_ATT_trained_hybrid_prediction_outputs.csv
18.099424,baseline_01_hover,Yaw,ramp,0.08157600000000001,0,352.3725891113281,352.3725891113281,352.37289123535163,-0.0003021240235057121,0.0003021240235057121,0.013596,0,0.0,0.00012176513673883468,0,0,0,W30_N8_mean1.25x,30,8,1.25,1001,Yaw_hybrid_prediction,/home/tchowdh4/sensor_recovery_project/logs/extracted_csv/baseline_01_hover_ATT.csv,/home/tchowdh4/sensor_recovery_project/prediction_results_v9_trained_hybrid/baseline_01_hover_ATT_trained_hybrid_prediction_outputs.csv
18.199384,baseline_01_hover,Yaw,ramp,0.08157600000000001,0,352.3730773925781,352.3730773925781,352.37329711914066,-0.00021972656253410605,0.00021972656253410605,0.013596,0,0.0,0.00012405395509820967,0,0,0,W30_N8_mean1.25x,30,8,1.25,1001,Yaw_hybrid_prediction,/home/tchowdh4/sensor_recovery_project/logs/extracted_csv/baseline_01_hover_ATT.csv,/home/tchowdh4/sensor_recovery_project/prediction_results_v9_trained_hybrid/baseline_01_hover_ATT_trained_hybrid_prediction_outputs.csv
18.299344,baseline_01_hover,Yaw,ramp,0.08157600000000001,0,352.373779296875,352.373779296875,352.37409515380864,-0.00031585693363922474,0.00031585693363922474,0.013596,0,0.0,0.00013275146486459258,0,0,0,W30_N8_mean1.25x,30,8,1.25,1001,Yaw_hybrid_prediction,/home/tchowdh4/sensor_recovery_project/logs/extracted_csv/baseline_01_hover_ATT.csv,/home/tchowdh4/sensor_recovery_project/prediction_results_v9_trained_hybrid/baseline_01_hover_ATT_trained_hybrid_prediction_outputs.csv
18.399304,baseline_01_hover,Yaw,ramp,0.08157600000000001,0,352.37469482421875,352.37469482421875,352.37510681152344,-0.0004119873046875,0.0004119873046875,0.013596,0,0.0,0.0001460266113497255,0,0,0,W30_N8_mean1.25x,30,8,1.25,1001,Yaw_hybrid_prediction,/home/tchowdh4/sensor_recovery_project/logs/extracted_csv/baseline_01_hover_ATT.csv,/home/tchowdh4/sensor_recovery_project/prediction_results_v9_trained_hybrid/baseline_01_hover_ATT_trained_hybrid_prediction_outputs.csv
18.500097,baseline_01_hover,Yaw,ramp,0.08157600000000001,0,352.3753967285156,352.3753967285156,352.37571258544926,-0.00031585693363922474,0.00031585693363922474,0.013596,0,0.0,0.00015197753908561631,0,0,0,W30_N8_mean1.25x,30,8,1.25,1001,Yaw_hybrid_prediction,/home/tchowdh4/sensor_recovery_project/logs/extracted_csv/baseline_01_hover_ATT.csv,/home/tchowdh4/sensor_recovery_project/prediction_results_v9_trained_hybrid/baseline_01_hover_ATT_trained_hybrid_prediction_outputs.csv
18.600057,baseline_01_hover,Yaw,ramp,0.08157600000000001,0,352.3762512207031,352.3762512207031,352.37663574218755,-0.00038452148442047474,0.00038452148442047474,0.013596,0,0.0,0.00016250610354025716,0,0,0,W30_N8_mean1.25x,30,8,1.25,1001,Yaw_hybrid_prediction,/home/tchowdh4/sensor_recovery_project/logs/extracted_csv/baseline_01_hover_ATT.csv,/home/tchowdh4/sensor_recovery_project/prediction_results_v9_trained_hybrid/baseline_01_hover_ATT_trained_hybrid_prediction_outputs.csv
18.700017,baseline_01_hover,Yaw,ramp,0.08157600000000001,0,352.376953125,352.376953125,352.37726898193364,-0.00031585693363922474,0.00031585693363922474,0.013596,0,0.0,0.00017303466799489797,0,0,0,W30_N8_mean1.25x,30,8,1.25,1001,Yaw_hybrid_prediction,/home/tchowdh4/sensor_recovery_project/logs/extracted_csv/baseline_01_hover_ATT.csv,/home/tchowdh4/sensor_recovery_project/prediction_results_v9_trained_hybrid/baseline_01_hover_ATT_trained_hybrid_prediction_outputs.csv
18.799977,baseline_01_hover,Yaw,ramp,0.08157600000000001,0,352.3775634765625,352.3775634765625,352.3778381347656,-0.000274658203125,0.000274658203125,0.013596,0,0.0,0.00018035888674414007,0,0,0,W30_N8_mean1.25x,30,8,1.25,1001,Yaw_hybrid_prediction,/home/tchowdh4/sensor_recovery_project/logs/extracted_csv/baseline_01_hover_ATT.csv,/home/tchowdh4/sensor_recovery_project/prediction_results_v9_trained_hybrid/baseline_01_hover_ATT_trained_hybrid_prediction_outputs.csv
18.899937,baseline_01_hover,Yaw,ramp,0.08157600000000001,0,352.3783874511719,352.3783874511719,352.37875823974616,-0.0003707885742869621,0.0003707885742869621,0.013596,0,0.0,0.00019088745120067566,0,0,0,W30_N8_mean1.25x,30,8,1.25,1001,Yaw_hybrid_prediction,/home/tchowdh4/sensor_recovery_project/logs/extracted_csv/baseline_01_hover_ATT.csv,/home/tchowdh4/sensor_recovery_project/prediction_results_v9_trained_hybrid/baseline_01_hover_ATT_trained_hybrid_prediction_outputs.csv
18.999897,baseline_01_hover,Yaw,ramp,0.08157600000000001,0,352.3792419433594,352.3792419433594,352.3796264648438,-0.00038452148442047474,0.00038452148442047474,0.013596,0,0.0,0.0002032470703435744,0,0,0,W30_N8_mean1.25x,30,8,1.25,1001,Yaw_hybrid_prediction,/home/tchowdh4/sensor_recovery_project/logs/extracted_csv/baseline_01_hover_ATT.csv,/home/tchowdh4/sensor_recovery_project/prediction_results_v9_trained_hybrid/baseline_01_hover_ATT_trained_hybrid_prediction_outputs.csv
19.099857,baseline_01_hover,Yaw,ramp,0.08157600000000001,0,352.37994384765625,352.37994384765625,352.3802597045899,-0.00031585693363922474,0.00031585693363922474,0.013596,0,0.0,0.00021148681643884021,0,0,0,W30_N8_mean1.25x,30,8,1.25,1001,Yaw_hybrid_prediction,/home/tchowdh4/sensor_recovery_project/logs/extracted_csv/baseline_01_hover_ATT.csv,/home/tchowdh4/sensor_recovery_project/prediction_results_v9_trained_hybrid/baseline_01_hover_ATT_trained_hybrid_prediction_outputs.csv
19.199817,baseline_01_hover,Yaw,ramp,0.08157600000000001,0,352.3808288574219,352.3808288574219,352.38122711181643,-0.00039825439455398737,0.00039825439455398737,0.013596,0,0.0,0.00022338867190683232,0,0,0,W30_N8_mean1.25x,30,8,1.25,1001,Yaw_hybrid_prediction,/home/tchowdh4/sensor_recovery_project/logs/extracted_csv/baseline_01_hover_ATT.csv,/home/tchowdh4/sensor_recovery_project/prediction_results_v9_trained_hybrid/baseline_01_hover_ATT_trained_hybrid_prediction_outputs.csv
19.299777,baseline_01_hover,Yaw,ramp,0.08157600000000001,0,352.3817749023437,352.3817749023437,352.38220062255857,-0.00042572021487785605,0.00042572021487785605,0.013596,0,0.0,0.00023391723635768358,0,0,0,W30_N8_mean1.25x,30,8,1.25,1001,Yaw_hybrid_prediction,/home/tchowdh4/sensor_recovery_project/logs/extracted_csv/baseline_01_hover_ATT.csv,/home/tchowdh4/sensor_recovery_project/prediction_results_v9_trained_hybrid/baseline_01_hover_ATT_trained_hybrid_prediction_outputs.csv
19.399737,baseline_01_hover,Yaw,ramp,0.08157600000000001,0,352.3826599121094,352.3826599121094,352.383058166504,-0.0003982543946108308,0.0003982543946108308,0.013596,0,0.0,0.0002462768555005823,0,0,0,W30_N8_mean1.25x,30,8,1.25,1001,Yaw_hybrid_prediction,/home/tchowdh4/sensor_recovery_project/logs/extracted_csv/baseline_01_hover_ATT.csv,/home/tchowdh4/sensor_recovery_project/prediction_results_v9_trained_hybrid/baseline_01_hover_ATT_trained_hybrid_prediction_outputs.csv
19.499697,baseline_01_hover,Yaw,ramp,0.08157600000000001,0,352.38360595703125,352.38360595703125,352.3840316772461,-0.00042572021487785605,0.00042572021487785605,0.013596,0,0.0,0.0002563476562822113,0,0,0,W30_N8_mean1.25x,30,8,1.25,1001,Yaw_hybrid_prediction,/home/tchowdh4/sensor_recovery_project/logs/extracted_csv/baseline_01_hover_ATT.csv,/home/tchowdh4/sensor_recovery_project/prediction_results_v9_trained_hybrid/baseline_01_hover_ATT_trained_hybrid_prediction_outputs.csv
19.599657,baseline_01_hover,Yaw,ramp,0.08157600000000001,0,352.384521484375,352.384521484375,352.3849334716797,-0.0004119873046875,0.0004119873046875,0.013596,0,0.0,0.0002650451660466994,0,0,0,W30_N8_mean1.25x,30,8,1.25,1001,Yaw_hybrid_prediction,/home/tchowdh4/sensor_recovery_project/logs/extracted_csv/baseline_01_hover_ATT.csv,/home/tchowdh4/sensor_recovery_project/prediction_results_v9_trained_hybrid/baseline_01_hover_ATT_trained_hybrid_prediction_outputs.csv
19.699617,baseline_01_hover,Yaw,ramp,0.08157600000000001,0,352.3853454589844,352.3853454589844,352.3857162475586,-0.0003707885742301187,0.0003707885742301187,0.013596,0,0.0,0.0002719116211248244,0,0,0,W30_N8_mean1.25x,30,8,1.25,1001,Yaw_hybrid_prediction,/home/tchowdh4/sensor_recovery_project/logs/extracted_csv/baseline_01_hover_ATT.csv,/home/tchowdh4/sensor_recovery_project/prediction_results_v9_trained_hybrid/baseline_01_hover_ATT_trained_hybrid_prediction_outputs.csv
19.799577,baseline_01_hover,Yaw,ramp,0.08157600000000001,0,352.38653564453125,352.38653564453125,352.38707122802737,-0.0005355834961164874,0.0005355834961164874,0.013596,0,0.0,0.0002870178222963204,0,0,0,W30_N8_mean1.25x,30,8,1.25,1001,Yaw_hybrid_prediction,/home/tchowdh4/sensor_recovery_project/logs/extracted_csv/baseline_01_hover_ATT.csv,/home/tchowdh4/sensor_recovery_project/prediction_results_v9_trained_hybrid/baseline_01_hover_ATT_trained_hybrid_prediction_outputs.csv
19.899537,baseline_01_hover,Yaw,ramp,0.08157600000000001,0,352.38751220703125,352.38751220703125,352.38795166015626,-0.0004394531250113687,0.0004394531250113687,0.013596,0,0.0,0.0002975463867490665,0,0,0,W30_N8_mean1.25x,30,8,1.25,1001,Yaw_hybrid_prediction,/home/tchowdh4/sensor_recovery_project/logs/extracted_csv/baseline_01_hover_ATT.csv,/home/tchowdh4/sensor_recovery_project/prediction_results_v9_trained_hybrid/baseline_01_hover_ATT_trained_hybrid_prediction_outputs.csv
19.999497,baseline_01_hover,Yaw,ramp,0.08157600000000001,0,352.38848876953125,352.38848876953125,352.3889282226563,-0.0004394531250682121,0.0004394531250682121,0.013596,0,0.0,0.0003062438965154494,0,0,0,W30_N8_mean1.25x,30,8,1.25,1001,Yaw_hybrid_prediction,/home/tchowdh4/sensor_recovery_project/logs/extracted_csv/baseline_01_hover_ATT.csv,/home/tchowdh4/sensor_recovery_project/prediction_results_v9_trained_hybrid/baseline_01_hover_ATT_trained_hybrid_prediction_outputs.csv
20.099457,baseline_01_hover,Yaw,ramp,0.08157600000000001,0,352.3896484375,352.3896484375,352.390170288086,-0.0005218505859829747,0.0005218505859829747,0.013596,0,0.0,0.0003181457519853363,0,0,0,W30_N8_mean1.25x,30,8,1.25,1001,Yaw_hybrid_prediction,/home/tchowdh4/sensor_recovery_project/logs/extracted_csv/baseline_01_hover_ATT.csv,/home/tchowdh4/sensor_recovery_project/prediction_results_v9_trained_hybrid/baseline_01_hover_ATT_trained_hybrid_prediction_outputs.csv
20.199417,baseline_01_hover,Yaw,ramp,0.08157600000000001,0,352.3908996582031,352.3908996582031,352.3914627075196,-0.0005630493164971995,0.0005630493164971995,0.013596,0,0.0,0.000330505371128235,0,0,0,W30_N8_mean1.25x,30,8,1.25,1001,Yaw_hybrid_prediction,/home/tchowdh4/sensor_recovery_project/logs/extracted_csv/baseline_01_hover_ATT.csv,/home/tchowdh4/sensor_recovery_project/prediction_results_v9_trained_hybrid/baseline_01_hover_ATT_trained_hybrid_prediction_outputs.csv
20.299377,baseline_01_hover,Yaw,ramp,0.08157600000000001,0,352.3918151855469,352.3918151855469,352.3922271728516,-0.0004119873047443434,0.0004119873047443434,0.013596,0,0.0,0.0003396606445676298,0,0,0,W30_N8_mean1.25x,30,8,1.25,1001,Yaw_hybrid_prediction,/home/tchowdh4/sensor_recovery_project/logs/extracted_csv/baseline_01_hover_ATT.csv,/home/tchowdh4/sensor_recovery_project/prediction_results_v9_trained_hybrid/baseline_01_hover_ATT_trained_hybrid_prediction_outputs.csv
20.399337,baseline_01_hover,Yaw,ramp,0.08157600000000001,0,352.3929138183594,352.3929138183594,352.39340820312503,-0.000494384765659106,0.000494384765659106,0.013596,0,0.0,0.0003506469726895981,0,0,0,W30_N8_mean1.25x,30,8,1.25,1001,Yaw_hybrid_prediction,/home/tchowdh4/sensor_recovery_project/logs/extracted_csv/baseline_01_hover_ATT.csv,/home/tchowdh4/sensor_recovery_project/prediction_results_v9_trained_hybrid/baseline_01_hover_ATT_trained_hybrid_prediction_outputs.csv
20.499297,baseline_01_hover,Yaw,ramp,0.08157600000000001,0,352.3941650390625,352.3941650390625,352.39472808837894,-0.000563049316440356,0.000563049316440356,0.013596,0,0.0,0.00036483764651886,0,0,0,W30_N8_mean1.25x,30,8,1.25,1001,Yaw_hybrid_prediction,/home/tchowdh4/sensor_recovery_project/logs/extracted_csv/baseline_01_hover_ATT.csv,/home/tchowdh4/sensor_recovery_project/prediction_results_v9_trained_hybrid/baseline_01_hover_ATT_trained_hybrid_prediction_outputs.csv
20.60009,baseline_01_hover,Yaw,ramp,0.08157600000000001,0,352.3955078125,352.3955078125,352.3961120605469,-0.0006042480468977374,0.0006042480468977374,0.013596,0,0.0,0.00037857055667511,0,0,0,W30_N8_mean1.25x,30,8,1.25,1001,Yaw_hybrid_prediction,/home/tchowdh4/sensor_recovery_project/logs/extracted_csv/baseline_01_hover_ATT.csv,/home/tchowdh4/sensor_recovery_project/prediction_results_v9_trained_hybrid/baseline_01_hover_ATT_trained_hybrid_prediction_outputs.csv
20.70005,baseline_01_hover,Yaw,ramp,0.08157600000000001,0,352.3966064453125,352.3966064453125,352.39710083007816,-0.000494384765659106,0.000494384765659106,0.013596,0,0.0,0.00038864135745673897,0,0,0,W30_N8_mean1.25x,30,8,1.25,1001,Yaw_hybrid_prediction,/home/tchowdh4/sensor_recovery_project/logs/extracted_csv/baseline_01_hover_ATT.csv,/home/tchowdh4/sensor_recovery_project/prediction_results_v9_trained_hybrid/baseline_01_hover_ATT_trained_hybrid_prediction_outputs.csv
20.80001,baseline_01_hover,Yaw,ramp,0.08157600000000001,0,352.3978881835937,352.3978881835937,352.39846496582027,-0.0005767822265738687,0.0005767822265738687,0.013596,0,0.0,0.00040512084964537584,0,0,0,W30_N8_mean1.25x,30,8,1.25,1001,Yaw_hybrid_prediction,/home/tchowdh4/sensor_recovery_project/logs/extracted_csv/baseline_01_hover_ATT.csv,/home/tchowdh4/sensor_recovery_project/prediction_results_v9_trained_hybrid/baseline_01_hover_ATT_trained_hybrid_prediction_outputs.csv
20.89997,baseline_01_hover,Yaw,ramp,0.08157600000000001,0,352.3991394042969,352.3991394042969,352.3997024536134,-0.0005630493164971995,0.0005630493164971995,0.013596,0,0.0,0.00041473388675778247,0,0,0,W30_N8_mean1.25x,30,8,1.25,1001,Yaw_hybrid_prediction,/home/tchowdh4/sensor_recovery_project/logs/extracted_csv/baseline_01_hover_ATT.csv,/home/tchowdh4/sensor_recovery_project/prediction_results_v9_trained_hybrid/baseline_01_hover_ATT_trained_hybrid_prediction_outputs.csv
20.99993,baseline_01_hover,Yaw,ramp,0.08157600000000001,0,352.4002685546875,352.4002685546875,352.4007766723633,-0.0005081176757926187,0.0005081176757926187,0.013596,0,0.0,0.0004252624512105285,0,0,0,W30_N8_mean1.25x,30,8,1.25,1001,Yaw_hybrid_prediction,/home/tchowdh4/sensor_recovery_project/logs/extracted_csv/baseline_01_hover_ATT.csv,/home/tchowdh4/sensor_recovery_project/prediction_results_v9_trained_hybrid/baseline_01_hover_ATT_trained_hybrid_prediction_outputs.csv
21.09989,baseline_01_hover,Yaw,ramp,0.08157600000000001,0,352.4013671875,352.4013671875,352.4018615722656,-0.0004943847656022626,0.0004943847656022626,0.013596,0,0.0,0.0004316711426137469,0,0,0,W30_N8_mean1.25x,30,8,1.25,1001,Yaw_hybrid_prediction,/home/tchowdh4/sensor_recovery_project/logs/extracted_csv/baseline_01_hover_ATT.csv,/home/tchowdh4/sensor_recovery_project/prediction_results_v9_trained_hybrid/baseline_01_hover_ATT_trained_hybrid_prediction_outputs.csv
21.19985,baseline_01_hover,Yaw,ramp,0.08157600000000001,0,352.40283203125,352.40283203125,352.40349121093755,-0.0006591796875454747,0.0006591796875454747,0.013596,0,0.0,0.0004463195801141258,0,0,0,W30_N8_mean1.25x,30,8,1.25,1001,Yaw_hybrid_prediction,/home/tchowdh4/sensor_recovery_project/logs/extracted_csv/baseline_01_hover_ATT.csv,/home/tchowdh4/sensor_recovery_project/prediction_results_v9_trained_hybrid/baseline_01_hover_ATT_trained_hybrid_prediction_outputs.csv
21.29981,baseline_01_hover,Yaw,ramp,0.08157600000000001,0,352.40399169921875,352.40399169921875,352.40451354980473,-0.0005218505859829747,0.0005218505859829747,0.013596,0,0.0,0.0004531860351922508,0,0,0,W30_N8_mean1.25x,30,8,1.25,1001,Yaw_hybrid_prediction,/home/tchowdh4/sensor_recovery_project/logs/extracted_csv/baseline_01_hover_ATT.csv,/home/tchowdh4/sensor_recovery_project/prediction_results_v9_trained_hybrid/baseline_01_hover_ATT_trained_hybrid_prediction_outputs.csv
21.39977,baseline_01_hover,Yaw,ramp,0.08157600000000001,0,352.405517578125,352.405517578125,352.4062042236328,-0.0006866455078125,0.0006866455078125,0.013596,0,0.0,0.00046234130862975084,0,0,0,W30_N8_mean1.25x,30,8,1.25,1001,Yaw_hybrid_prediction,/home/tchowdh4/sensor_recovery_project/logs/extracted_csv/baseline_01_hover_ATT.csv,/home/tchowdh4/sensor_recovery_project/prediction_results_v9_trained_hybrid/baseline_01_hover_ATT_trained_hybrid_prediction_outputs.csv
21.49973,baseline_01_hover,Yaw,ramp,0.08157600000000001,0,352.40704345703125,352.40704345703125,352.40773010253906,-0.0006866455078125,0.0006866455078125,0.013596,0,0.0,0.00047470092776886,0,0,0,W30_N8_mean1.25x,30,8,1.25,1001,Yaw_hybrid_prediction,/home/tchowdh4/sensor_recovery_project/logs/extracted_csv/baseline_01_hover_ATT.csv,/home/tchowdh4/sensor_recovery_project/prediction_results_v9_trained_hybrid/baseline_01_hover_ATT_trained_hybrid_prediction_outputs.csv
21.59969,baseline_01_hover,Yaw,ramp,0.08157600000000001,0,352.40875244140625,352.40875244140625,352.40952148437503,-0.000769042968784106,0.000769042968784106,0.013596,0,0.0,0.00048751831058098106,0,0,0,W30_N8_mean1.25x,30,8,1.25,1001,Yaw_hybrid_prediction,/home/tchowdh4/sensor_recovery_project/logs/extracted_csv/baseline_01_hover_ATT.csv,/home/tchowdh4/sensor_recovery_project/prediction_results_v9_trained_hybrid/baseline_01_hover_ATT_trained_hybrid_prediction_outputs.csv
21.69965,baseline_01_hover,Yaw,ramp,0.08157600000000001,0,352.41015625,352.41015625,352.4107879638672,-0.000631713867221606,0.000631713867221606,0.013596,0,0.0,0.000498046875033727,0,0,0,W30_N8_mean1.25x,30,8,1.25,1001,Yaw_hybrid_prediction,/home/tchowdh4/sensor_recovery_project/logs/extracted_csv/baseline_01_hover_ATT.csv,/home/tchowdh4/sensor_recovery_project/prediction_results_v9_trained_hybrid/baseline_01_hover_ATT_trained_hybrid_prediction_outputs.csv
21.79961,baseline_01_hover,Yaw,ramp,0.08157600000000001,0,352.41168212890625,352.41168212890625,352.41236877441406,-0.0006866455078125,0.0006866455078125,0.013596,0,0.0,0.0005117797851899771,0,0,0,W30_N8_mean1.25x,30,8,1.25,1001,Yaw_hybrid_prediction,/home/tchowdh4/sensor_recovery_project/logs/extracted_csv/baseline_01_hover_ATT.csv,/home/tchowdh4/sensor_recovery_project/prediction_results_v9_trained_hybrid/baseline_01_hover_ATT_trained_hybrid_prediction_outputs.csv
21.89957,baseline_01_hover,Yaw,ramp,0.08157600000000001,0,352.4131774902344,352.4131774902344,352.41385040283205,-0.0006729125976789874,0.0006729125976789874,0.013596,0,0.0,0.0005218505859697113,0,0,0,W30_N8_mean1.25x,30,8,1.25,1001,Yaw_hybrid_prediction,/home/tchowdh4/sensor_recovery_project/logs/extracted_csv/baseline_01_hover_ATT.csv,/home/tchowdh4/sensor_recovery_project/prediction_results_v9_trained_hybrid/baseline_01_hover_ATT_trained_hybrid_prediction_outputs.csv
21.99953,baseline_01_hover,Yaw,ramp,0.08157600000000001,0,352.4143371582031,352.4143371582031,352.4148590087891,-0.0005218505859829747,0.0005218505859829747,0.013596,0,0.0,0.0005264282226884613,0,0,0,W30_N8_mean1.25x,30,8,1.25,1001,Yaw_hybrid_prediction,/home/tchowdh4/sensor_recovery_project/logs/extracted_csv/baseline_01_hover_ATT.csv,/home/tchowdh4/sensor_recovery_project/prediction_results_v9_trained_hybrid/baseline_01_hover_ATT_trained_hybrid_prediction_outputs.csv
22.09949,baseline_01_hover,Yaw,ramp,0.08157600000000001,0,352.4156188964844,352.4156188964844,352.416195678711,-0.0005767822266307121,0.0005767822266307121,0.013596,0,0.0,0.0005351257324548442,0,0,0,W30_N8_mean1.25x,30,8,1.25,1001,Yaw_hybrid_prediction,/home/tchowdh4/sensor_recovery_project/logs/extracted_csv/baseline_01_hover_ATT.csv,/home/tchowdh4/sensor_recovery_project/prediction_results_v9_trained_hybrid/baseline_01_hover_ATT_trained_hybrid_prediction_outputs.csv
22.19945,baseline_01_hover,Yaw,ramp,0.08157600000000001,0,352.4169616699219,352.4169616699219,352.4175659179688,-0.0006042480468977374,0.0006042480468977374,0.013596,0,0.0,0.0005419921875329692,0,0,0,W30_N8_mean1.25x,30,8,1.25,1001,Yaw_hybrid_prediction,/home/tchowdh4/sensor_recovery_project/logs/extracted_csv/baseline_01_hover_ATT.csv,/home/tchowdh4/sensor_recovery_project/prediction_results_v9_trained_hybrid/baseline_01_hover_ATT_trained_hybrid_prediction_outputs.csv
22.29941,baseline_01_hover,Yaw,ramp,0.08157600000000001,0,352.4183349609375,352.4183349609375,352.41895294189453,-0.00061798095703125,0.00061798095703125,0.013596,0,0.0,0.0005484008789380824,0,0,0,W30_N8_mean1.25x,30,8,1.25,1001,Yaw_hybrid_prediction,/home/tchowdh4/sensor_recovery_project/logs/extracted_csv/baseline_01_hover_ATT.csv,/home/tchowdh4/sensor_recovery_project/prediction_results_v9_trained_hybrid/baseline_01_hover_ATT_trained_hybrid_prediction_outputs.csv
22.39937,baseline_01_hover,Yaw,ramp,0.08157600000000001,0,352.4198913574219,352.4198913574219,352.4205917358399,-0.000700378418002856,0.000700378418002856,0.013596,0,0.0,0.0005584716797178165,0,0,0,W30_N8_mean1.25x,30,8,1.25,1001,Yaw_hybrid_prediction,/home/tchowdh4/sensor_recovery_project/logs/extracted_csv/baseline_01_hover_ATT.csv,/home/tchowdh4/sensor_recovery_project/prediction_results_v9_trained_hybrid/baseline_01_hover_ATT_trained_hybrid_prediction_outputs.csv
22.49933,baseline_01_hover,Yaw,ramp,0.08157600000000001,0,352.4212646484375,352.4212646484375,352.42188262939453,-0.00061798095703125,0.00061798095703125,0.013596,0,0.0,0.0005648803711229296,0,0,0,W30_N8_mean1.25x,30,8,1.25,1001,Yaw_hybrid_prediction,/home/tchowdh4/sensor_recovery_project/logs/extracted_csv/baseline_01_hover_ATT.csv,/home/tchowdh4/sensor_recovery_project/prediction_results_v9_trained_hybrid/baseline_01_hover_ATT_trained_hybrid_prediction_outputs.csv
22.59929,baseline_01_hover,Yaw,ramp,0.08157600000000001,0,352.4226989746094,352.4226989746094,352.4233444213868,-0.0006454467774119621,0.0006454467774119621,0.013596,0,0.0,0.0005726623535470784,0,0,0,W30_N8_mean1.25x,30,8,1.25,1001,Yaw_hybrid_prediction,/home/tchowdh4/sensor_recovery_project/logs/extracted_csv/baseline_01_hover_ATT.csv,/home/tchowdh4/sensor_recovery_project/prediction_results_v9_trained_hybrid/baseline_01_hover_ATT_trained_hybrid_prediction_outputs.csv
22.700083,baseline_01_hover,Yaw,ramp,0.08157600000000001,0,352.424072265625,352.424072265625,352.42469024658203,-0.00061798095703125,0.00061798095703125,0.013596,0,0.0,0.0005809020996404494,0,0,0,W30_N8_mean1.25x,30,8,1.25,1001,Yaw_hybrid_prediction,/home/tchowdh4/sensor_recovery_project/logs/extracted_csv/baseline_01_hover_ATT.csv,/home/tchowdh4/sensor_recovery_project/prediction_results_v9_trained_hybrid/baseline_01_hover_ATT_trained_hybrid_prediction_outputs.csv
22.800043,baseline_01_hover,Yaw,ramp,0.08157600000000001,0,352.42535400390625,352.42535400390625,352.4259307861328,-0.0005767822265738687,0.0005767822265738687,0.013596,0,0.0,0.0005822753906556954,0,0,0,W30_N8_mean1.25x,30,8,1.25,1001,Yaw_hybrid_prediction,/home/tchowdh4/sensor_recovery_project/logs/extracted_csv/baseline_01_hover_ATT.csv,/home/tchowdh4/sensor_recovery_project/prediction_results_v9_trained_hybrid/baseline_01_hover_ATT_trained_hybrid_prediction_outputs.csv
22.900003,baseline_01_hover,Yaw,ramp,0.08157600000000001,0,352.4267578125,352.4267578125,352.4273895263672,-0.000631713867221606,0.000631713867221606,0.013596,0,0.0,0.0005886840820627033,0,0,0,W30_N8_mean1.25x,30,8,1.25,1001,Yaw_hybrid_prediction,/home/tchowdh4/sensor_recovery_project/logs/extracted_csv/baseline_01_hover_ATT.csv,/home/tchowdh4/sensor_recovery_project/prediction_results_v9_trained_hybrid/baseline_01_hover_ATT_trained_hybrid_prediction_outputs.csv
22.999963,baseline_01_hover,Yaw,ramp,0.08157600000000001,0,352.4283142089844,352.4283142089844,352.4290145874024,-0.000700378418002856,0.000700378418002856,0.013596,0,0.0,0.0005973815918271914,0,0,0,W30_N8_mean1.25x,30,8,1.25,1001,Yaw_hybrid_prediction,/home/tchowdh4/sensor_recovery_project/logs/extracted_csv/baseline_01_hover_ATT.csv,/home/tchowdh4/sensor_recovery_project/prediction_results_v9_trained_hybrid/baseline_01_hover_ATT_trained_hybrid_prediction_outputs.csv
23.099923,baseline_01_hover,Yaw,ramp,0.08157600000000001,0,352.4300842285156,352.4300842285156,352.43088073730473,-0.0007965087891079747,0.0007965087891079747,0.013596,0,0.0,0.0006065368652646915,0,0,0,W30_N8_mean1.25x,30,8,1.25,1001,Yaw_hybrid_prediction,/home/tchowdh4/sensor_recovery_project/logs/extracted_csv/baseline_01_hover_ATT.csv,/home/tchowdh4/sensor_recovery_project/prediction_results_v9_trained_hybrid/baseline_01_hover_ATT_trained_hybrid_prediction_outputs.csv
23.199883,baseline_01_hover,Yaw,ramp,0.08157600000000001,0,352.4317626953125,352.4317626953125,352.4325180053711,-0.00075531005859375,0.00075531005859375,0.013596,0,0.0,0.0006129455566679098,0,0,0,W30_N8_mean1.25x,30,8,1.25,1001,Yaw_hybrid_prediction,/home/tchowdh4/sensor_recovery_project/logs/extracted_csv/baseline_01_hover_ATT.csv,/home/tchowdh4/sensor_recovery_project/prediction_results_v9_trained_hybrid/baseline_01_hover_ATT_trained_hybrid_prediction_outputs.csv
23.299843,baseline_01_hover,Yaw,ramp,0.08157600000000001,0,352.4336242675781,352.4336242675781,352.4344619750977,-0.000837707519565356,0.000837707519565356,0.013596,0,0.0,0.000627136230495277,0,0,0,W30_N8_mean1.25x,30,8,1.25,1001,Yaw_hybrid_prediction,/home/tchowdh4/sensor_recovery_project/logs/extracted_csv/baseline_01_hover_ATT.csv,/home/tchowdh4/sensor_recovery_project/prediction_results_v9_trained_hybrid/baseline_01_hover_ATT_trained_hybrid_prediction_outputs.csv
23.399803,baseline_01_hover,Yaw,ramp,0.08157600000000001,0,352.4352111816406,352.4352111816406,352.4359252929688,-0.0007141113281932121,0.0007141113281932121,0.013596,0,0.0,0.0006344604492464138,0,0,0,W30_N8_mean1.25x,30,8,1.25,1001,Yaw_hybrid_prediction,/home/tchowdh4/sensor_recovery_project/logs/extracted_csv/baseline_01_hover_ATT.csv,/home/tchowdh4/sensor_recovery_project/prediction_results_v9_trained_hybrid/baseline_01_hover_ATT_trained_hybrid_prediction_outputs.csv
23.499763,baseline_01_hover,Yaw,ramp,0.08157600000000001,0,352.4366455078125,352.4366455078125,352.43729095458986,-0.0006454467773551187,0.0006454467773551187,0.013596,0,0.0,0.0006372070312769059,0,0,0,W30_N8_mean1.25x,30,8,1.25,1001,Yaw_hybrid_prediction,/home/tchowdh4/sensor_recovery_project/logs/extracted_csv/baseline_01_hover_ATT.csv,/home/tchowdh4/sensor_recovery_project/prediction_results_v9_trained_hybrid/baseline_01_hover_ATT_trained_hybrid_prediction_outputs.csv
23.599723,baseline_01_hover,Yaw,ramp,0.08157600000000001,0,352.43829345703125,352.43829345703125,352.4390350341797,-0.0007415771484602374,0.0007415771484602374,0.013596,0,0.0,0.0006417846679956559,0,0,0,W30_N8_mean1.25x,30,8,1.25,1001,Yaw_hybrid_prediction,/home/tchowdh4/sensor_recovery_project/logs/extracted_csv/baseline_01_hover_ATT.csv,/home/tchowdh4/sensor_recovery_project/prediction_results_v9_trained_hybrid/baseline_01_hover_ATT_trained_hybrid_prediction_outputs.csv
23.699683,baseline_01_hover,Yaw,ramp,0.08157600000000001,0,352.4398803710937,352.4398803710937,352.44059448242183,-0.0007141113281363687,0.0007141113281363687,0.013596,0,0.0,0.000649108886744898,0,0,0,W30_N8_mean1.25x,30,8,1.25,1001,Yaw_hybrid_prediction,/home/tchowdh4/sensor_recovery_project/logs/extracted_csv/baseline_01_hover_ATT.csv,/home/tchowdh4/sensor_recovery_project/prediction_results_v9_trained_hybrid/baseline_01_hover_ATT_trained_hybrid_prediction_outputs.csv
23.799643,baseline_01_hover,Yaw,ramp,0.08157600000000001,0,352.4413452148437,352.4413452148437,352.4420043945312,-0.0006591796874886313,0.0006591796874886313,0.013596,0,0.0,0.00065185546877539,0,0,0,W30_N8_mean1.25x,30,8,1.25,1001,Yaw_hybrid_prediction,/home/tchowdh4/sensor_recovery_project/logs/extracted_csv/baseline_01_hover_ATT.csv,/home/tchowdh4/sensor_recovery_project/prediction_results_v9_trained_hybrid/baseline_01_hover_ATT_trained_hybrid_prediction_outputs.csv
23.899603,baseline_01_hover,Yaw,ramp,0.08157600000000001,0,352.4429626464844,352.4429626464844,352.4436904907227,-0.0007278442383267247,0.0007278442383267247,0.013596,0,0.0,0.0006573486328363742,0,0,0,W30_N8_mean1.25x,30,8,1.25,1001,Yaw_hybrid_prediction,/home/tchowdh4/sensor_recovery_project/logs/extracted_csv/baseline_01_hover_ATT.csv,/home/tchowdh4/sensor_recovery_project/prediction_results_v9_trained_hybrid/baseline_01_hover_ATT_trained_hybrid_prediction_outputs.csv
23.999563,baseline_01_hover,Yaw,ramp,0.08157600000000001,0,352.44464111328125,352.44464111328125,352.44539642333984,-0.00075531005859375,0.00075531005859375,0.013596,0,0.0,0.0006655883789297453,0,0,0,W30_N8_mean1.25x,30,8,1.25,1001,Yaw_hybrid_prediction,/home/tchowdh4/sensor_recovery_project/logs/extracted_csv/baseline_01_hover_ATT.csv,/home/tchowdh4/sensor_recovery_project/prediction_results_v9_trained_hybrid/baseline_01_hover_ATT_trained_hybrid_prediction_outputs.csv
24.099523,baseline_01_hover,Yaw,ramp,0.08157600000000001,0,352.44635009765625,352.44635009765625,352.44711914062503,-0.000769042968784106,0.000769042968784106,0.013596,0,0.0,0.00067474365236914,0,0,0,W30_N8_mean1.25x,30,8,1.25,1001,Yaw_hybrid_prediction,/home/tchowdh4/sensor_recovery_project/logs/extracted_csv/baseline_01_hover_ATT.csv,/home/tchowdh4/sensor_recovery_project/prediction_results_v9_trained_hybrid/baseline_01_hover_ATT_trained_hybrid_prediction_outputs.csv
24.199483,baseline_01_hover,Yaw,ramp,0.08157600000000001,0,352.44781494140625,352.44781494140625,352.4484741210938,-0.0006591796875454747,0.0006591796875454747,0.013596,0,0.0,0.00067474365236914,0,0,0,W30_N8_mean1.25x,30,8,1.25,1001,Yaw_hybrid_prediction,/home/tchowdh4/sensor_recovery_project/logs/extracted_csv/baseline_01_hover_ATT.csv,/home/tchowdh4/sensor_recovery_project/prediction_results_v9_trained_hybrid/baseline_01_hover_ATT_trained_hybrid_prediction_outputs.csv
24.299443,baseline_01_hover,Yaw,ramp,0.08157600000000001,0,352.4494934082031,352.4494934082031,352.4502487182617,-0.00075531005859375,0.00075531005859375,0.013596,0,0.0,0.0006825256347894992,0,0,0,W30_N8_mean1.25x,30,8,1.25,1001,Yaw_hybrid_prediction,/home/tchowdh4/sensor_recovery_project/logs/extracted_csv/baseline_01_hover_ATT.csv,/home/tchowdh4/sensor_recovery_project/prediction_results_v9_trained_hybrid/baseline_01_hover_ATT_trained_hybrid_prediction_outputs.csv
24.399403,baseline_01_hover,Yaw,ramp,0.08157600000000001,0,352.4513244628906,352.4513244628906,352.4521484375,-0.000823974609375,0.000823974609375,0.013596,0,0.0,0.0006871032715082493,0,0,0,W30_N8_mean1.25x,30,8,1.25,1001,Yaw_hybrid_prediction,/home/tchowdh4/sensor_recovery_project/logs/extracted_csv/baseline_01_hover_ATT.csv,/home/tchowdh4/sensor_recovery_project/prediction_results_v9_trained_hybrid/baseline_01_hover_ATT_trained_hybrid_prediction_outputs.csv
24.499363,baseline_01_hover,Yaw,ramp,0.08157600000000001,0,352.4532470703125,352.4532470703125,352.4541122436524,-0.0008651733398892247,0.0008651733398892247,0.013596,0,0.0,0.0006930541992441401,0,0,0,W30_N8_mean1.25x,30,8,1.25,1001,Yaw_hybrid_prediction,/home/tchowdh4/sensor_recovery_project/logs/extracted_csv/baseline_01_hover_ATT.csv,/home/tchowdh4/sensor_recovery_project/prediction_results_v9_trained_hybrid/baseline_01_hover_ATT_trained_hybrid_prediction_outputs.csv
24.599323,baseline_01_hover,Yaw,ramp,0.08157600000000001,0,352.4552001953125,352.4552001953125,352.4560791015625,-0.0008789062500227374,0.0008789062500227374,0.013596,0,0.0,0.0006967163086187611,0,0,0,W30_N8_mean1.25x,30,8,1.25,1001,Yaw_hybrid_prediction,/home/tchowdh4/sensor_recovery_project/logs/extracted_csv/baseline_01_hover_ATT.csv,/home/tchowdh4/sensor_recovery_project/prediction_results_v9_trained_hybrid/baseline_01_hover_ATT_trained_hybrid_prediction_outputs.csv
24.700116,baseline_01_hover,Yaw,ramp,0.08157600000000001,0,352.4571838378906,352.4571838378906,352.4580764770508,-0.00089263916015625,0.00089263916015625,0.013596,0,0.0,0.0007054138183832492,0,0,0,W30_N8_mean1.25x,30,8,1.25,1001,Yaw_hybrid_prediction,/home/tchowdh4/sensor_recovery_project/logs/extracted_csv/baseline_01_hover_ATT.csv,/home/tchowdh4/sensor_recovery_project/prediction_results_v9_trained_hybrid/baseline_01_hover_ATT_trained_hybrid_prediction_outputs.csv
24.800076,baseline_01_hover,Yaw,ramp,0.08157600000000001,0,352.4588928222656,352.4588928222656,352.45966186523435,-0.0007690429687272626,0.0007690429687272626,0.013596,0,0.0,0.0007081604004137413,0,0,0,W30_N8_mean1.25x,30,8,1.25,1001,Yaw_hybrid_prediction,/home/tchowdh4/sensor_recovery_project/logs/extracted_csv/baseline_01_hover_ATT.csv,/home/tchowdh4/sensor_recovery_project/prediction_results_v9_trained_hybrid/baseline_01_hover_ATT_trained_hybrid_prediction_outputs.csv
24.900036,baseline_01_hover,Yaw,ramp,0.08157600000000001,0,352.46051025390625,352.46051025390625,352.4612380981446,-0.0007278442383267247,0.0007278442383267247,0.013596,0,0.0,0.0007099914551019993,0,0,0,W30_N8_mean1.25x,30,8,1.25,1001,Yaw_hybrid_prediction,/home/tchowdh4/sensor_recovery_project/logs/extracted_csv/baseline_01_hover_ATT.csv,/home/tchowdh4/sensor_recovery_project/prediction_results_v9_trained_hybrid/baseline_01_hover_ATT_trained_hybrid_prediction_outputs.csv
