x,Baseline,Axis,AttackType,AttackMagnitude,AttackActive,CleanFuture_Roll,AttackedFuture_Roll,V9PredictedFuture_Roll,Residual_Roll,AbsResidual_Roll,Threshold,PointDetectionFlag,WindowCount,RollingMeanAbsResidual,WindowCountFlag,WindowMeanFlag,WindowCombinedFlag,WindowRule,W,N,RollingMeanMultiplier,AlignmentOffset,PredictionColumn,CleanFile,PredictionFile
0.0,baseline_01_hover,Roll,bias,0.02746,0,0.0996062159538269,0.0996062159538269,0.1016504613159245,-0.002044245362097602,0.002044245362097602,0.006865,0,0.0,0.002044245362097602,0,0,0,W10_N3_mean1x,10,3,1.0,1001,Roll_hybrid_prediction,/home/tchowdh4/sensor_recovery_project/logs/extracted_csv/baseline_01_hover_ATT.csv,/home/tchowdh4/sensor_recovery_project/prediction_results_v9_trained_hybrid/baseline_01_hover_ATT_trained_hybrid_prediction_outputs.csv
0.09996,baseline_01_hover,Roll,bias,0.02746,0,0.0967454463243484,0.0967454463243484,0.0944933953041651,0.0022520510201832905,0.0022520510201832905,0.006865,0,0.0,0.0021481481911404463,0,0,0,W10_N3_mean1x,10,3,1.0,1001,Roll_hybrid_prediction,/home/tchowdh4/sensor_recovery_project/logs/extracted_csv/baseline_01_hover_ATT.csv,/home/tchowdh4/sensor_recovery_project/prediction_results_v9_trained_hybrid/baseline_01_hover_ATT_trained_hybrid_prediction_outputs.csv
0.19992,baseline_01_hover,Roll,bias,0.02746,0,0.0985469743609428,0.0985469743609428,0.100125164647022,-0.0015781902860791952,0.0015781902860791952,0.006865,0,0.0,0.001958162222786696,0,0,0,W10_N3_mean1x,10,3,1.0,1001,Roll_hybrid_prediction,/home/tchowdh4/sensor_recovery_project/logs/extracted_csv/baseline_01_hover_ATT.csv,/home/tchowdh4/sensor_recovery_project/prediction_results_v9_trained_hybrid/baseline_01_hover_ATT_trained_hybrid_prediction_outputs.csv
0.29988,baseline_01_hover,Roll,bias,0.02746,0,0.097006469964981,0.097006469964981,0.0956764921524934,0.001329977812487601,0.001329977812487601,0.006865,0,0.0,0.0018011161202119222,0,0,0,W10_N3_mean1x,10,3,1.0,1001,Roll_hybrid_prediction,/home/tchowdh4/sensor_recovery_project/logs/extracted_csv/baseline_01_hover_ATT.csv,/home/tchowdh4/sensor_recovery_project/prediction_results_v9_trained_hybrid/baseline_01_hover_ATT_trained_hybrid_prediction_outputs.csv
0.39984,baseline_01_hover,Roll,bias,0.02746,0,0.095435120165348,0.095435120165348,0.0946690713731252,0.0007660487922227927,0.0007660487922227927,0.006865,0,0.0,0.0015941026546140962,0,0,0,W10_N3_mean1x,10,3,1.0,1001,Roll_hybrid_prediction,/home/tchowdh4/sensor_recovery_project/logs/extracted_csv/baseline_01_hover_ATT.csv,/home/tchowdh4/sensor_recovery_project/prediction_results_v9_trained_hybrid/baseline_01_hover_ATT_trained_hybrid_prediction_outputs.csv
0.4998,baseline_01_hover,Roll,bias,0.02746,0,0.097215861082077,0.097215861082077,0.1001064502103127,-0.002890589128235699,0.002890589128235699,0.006865,0,0.0,0.00181018373355103,0,0,0,W10_N3_mean1x,10,3,1.0,1001,Roll_hybrid_prediction,/home/tchowdh4/sensor_recovery_project/logs/extracted_csv/baseline_01_hover_ATT.csv,/home/tchowdh4/sensor_recovery_project/prediction_results_v9_trained_hybrid/baseline_01_hover_ATT_trained_hybrid_prediction_outputs.csv
0.59976,baseline_01_hover,Roll,bias,0.02746,0,0.0957150682806968,0.0957150682806968,0.0958744555094219,-0.00015938722872510525,0.00015938722872510525,0.006865,0,0.0,0.0015743556614330409,0,0,0,W10_N3_mean1x,10,3,1.0,1001,Roll_hybrid_prediction,/home/tchowdh4/sensor_recovery_project/logs/extracted_csv/baseline_01_hover_ATT.csv,/home/tchowdh4/sensor_recovery_project/prediction_results_v9_trained_hybrid/baseline_01_hover_ATT_trained_hybrid_prediction_outputs.csv
0.69972,baseline_01_hover,Roll,bias,0.02746,0,0.0946235284209251,0.0946235284209251,0.0959597038568284,-0.0013361754359032946,0.0013361754359032946,0.006865,0,0.0,0.0015445831332418225,0,0,0,W10_N3_mean1x,10,3,1.0,1001,Roll_hybrid_prediction,/home/tchowdh4/sensor_recovery_project/logs/extracted_csv/baseline_01_hover_ATT.csv,/home/tchowdh4/sensor_recovery_project/prediction_results_v9_trained_hybrid/baseline_01_hover_ATT_trained_hybrid_prediction_outputs.csv
0.79968,baseline_01_hover,Roll,bias,0.02746,0,0.0918107703328132,0.0918107703328132,0.0908062940832631,0.001004476249550093,0.001004476249550093,0.006865,0,0.0,0.0014845712572760749,0,0,0,W10_N3_mean1x,10,3,1.0,1001,Roll_hybrid_prediction,/home/tchowdh4/sensor_recovery_project/logs/extracted_csv/baseline_01_hover_ATT.csv,/home/tchowdh4/sensor_recovery_project/prediction_results_v9_trained_hybrid/baseline_01_hover_ATT_trained_hybrid_prediction_outputs.csv
0.89964,baseline_01_hover,Roll,bias,0.02746,0,0.085871547460556,0.085871547460556,0.0808915157051705,0.0049800317553855,0.0049800317553855,0.006865,0,0.0,0.0018341173070870174,0,0,0,W10_N3_mean1x,10,3,1.0,1001,Roll_hybrid_prediction,/home/tchowdh4/sensor_recovery_project/logs/extracted_csv/baseline_01_hover_ATT.csv,/home/tchowdh4/sensor_recovery_project/prediction_results_v9_trained_hybrid/baseline_01_hover_ATT_trained_hybrid_prediction_outputs.csv
0.9996,baseline_01_hover,Roll,bias,0.02746,0,0.0821436122059822,0.0821436122059822,0.078862415426217,0.003281196779765197,0.003281196779765197,0.006865,0,0.0,0.001957812448853777,0,0,0,W10_N3_mean1x,10,3,1.0,1001,Roll_hybrid_prediction,/home/tchowdh4/sensor_recovery_project/logs/extracted_csv/baseline_01_hover_ATT.csv,/home/tchowdh4/sensor_recovery_project/prediction_results_v9_trained_hybrid/baseline_01_hover_ATT_trained_hybrid_prediction_outputs.csv
1.09956,baseline_01_hover,Roll,bias,0.02746,0,0.0829521566629409,0.0829521566629409,0.084840423250238,-0.0018882665872970994,0.0018882665872970994,0.006865,0,0.0,0.0019214340055651578,0,0,0,W10_N3_mean1x,10,3,1.0,1001,Roll_hybrid_prediction,/home/tchowdh4/sensor_recovery_project/logs/extracted_csv/baseline_01_hover_ATT.csv,/home/tchowdh4/sensor_recovery_project/prediction_results_v9_trained_hybrid/baseline_01_hover_ATT_trained_hybrid_prediction_outputs.csv
1.19952,baseline_01_hover,Roll,bias,0.02746,0,0.082170121371746,0.082170121371746,0.0830228444832139,-0.000852723111467904,0.000852723111467904,0.006865,0,0.0,0.0018488872881040285,0,0,0,W10_N3_mean1x,10,3,1.0,1001,Roll_hybrid_prediction,/home/tchowdh4/sensor_recovery_project/logs/extracted_csv/baseline_01_hover_ATT.csv,/home/tchowdh4/sensor_recovery_project/prediction_results_v9_trained_hybrid/baseline_01_hover_ATT_trained_hybrid_prediction_outputs.csv
1.29948,baseline_01_hover,Roll,bias,0.02746,0,0.0835417136549949,0.0835417136549949,0.0869100600041953,-0.003368346349200399,0.003368346349200399,0.006865,0,0.0,0.002052724141775308,0,0,0,W10_N3_mean1x,10,3,1.0,1001,Roll_hybrid_prediction,/home/tchowdh4/sensor_recovery_project/logs/extracted_csv/baseline_01_hover_ATT.csv,/home/tchowdh4/sensor_recovery_project/prediction_results_v9_trained_hybrid/baseline_01_hover_ATT_trained_hybrid_prediction_outputs.csv
1.39944,baseline_01_hover,Roll,bias,0.02746,0,0.0874276012182235,0.0874276012182235,0.0906974602726522,-0.0032698590544286976,0.0032698590544286976,0.006865,0,0.0,0.002303105167995899,0,0,0,W10_N3_mean1x,10,3,1.0,1001,Roll_hybrid_prediction,/home/tchowdh4/sensor_recovery_project/logs/extracted_csv/baseline_01_hover_ATT.csv,/home/tchowdh4/sensor_recovery_project/prediction_results_v9_trained_hybrid/baseline_01_hover_ATT_trained_hybrid_prediction_outputs.csv
1.4994,baseline_01_hover,Roll,bias,0.02746,0,0.089522086083889,0.089522086083889,0.0917240765173651,-0.002201990433476103,0.002201990433476103,0.006865,0,0.0,0.0022342452985199394,0,0,0,W10_N3_mean1x,10,3,1.0,1001,Roll_hybrid_prediction,/home/tchowdh4/sensor_recovery_project/logs/extracted_csv/baseline_01_hover_ATT.csv,/home/tchowdh4/sensor_recovery_project/prediction_results_v9_trained_hybrid/baseline_01_hover_ATT_trained_hybrid_prediction_outputs.csv
1.59936,baseline_01_hover,Roll,bias,0.02746,0,0.0931736752390861,0.0931736752390861,0.0958034236997149,-0.0026297484606288,0.0026297484606288,0.006865,0,0.0,0.0024812814217103087,0,0,0,W10_N3_mean1x,10,3,1.0,1001,Roll_hybrid_prediction,/home/tchowdh4/sensor_recovery_project/logs/extracted_csv/baseline_01_hover_ATT.csv,/home/tchowdh4/sensor_recovery_project/prediction_results_v9_trained_hybrid/baseline_01_hover_ATT_trained_hybrid_prediction_outputs.csv
1.69932,baseline_01_hover,Roll,bias,0.02746,0,0.0932782739400863,0.0932782739400863,0.092484142071811,0.0007941318682752885,0.0007941318682752885,0.006865,0,0.0,0.002427077064947508,0,0,0,W10_N3_mean1x,10,3,1.0,1001,Roll_hybrid_prediction,/home/tchowdh4/sensor_recovery_project/logs/extracted_csv/baseline_01_hover_ATT.csv,/home/tchowdh4/sensor_recovery_project/prediction_results_v9_trained_hybrid/baseline_01_hover_ATT_trained_hybrid_prediction_outputs.csv
1.800113,baseline_01_hover,Roll,bias,0.02746,0,0.0950536131858825,0.0950536131858825,0.095939411245157,-0.0008857980592744952,0.0008857980592744952,0.006865,0,0.0,0.0024152092459199482,0,0,0,W10_N3_mean1x,10,3,1.0,1001,Roll_hybrid_prediction,/home/tchowdh4/sensor_recovery_project/logs/extracted_csv/baseline_01_hover_ATT.csv,/home/tchowdh4/sensor_recovery_project/prediction_results_v9_trained_hybrid/baseline_01_hover_ATT_trained_hybrid_prediction_outputs.csv
1.900073,baseline_01_hover,Roll,bias,0.02746,0,0.0921361595392227,0.0921361595392227,0.0888137024525447,0.003322457086677999,0.003322457086677999,0.006865,0,0.0,0.0022494517790491984,0,0,0,W10_N3_mean1x,10,3,1.0,1001,Roll_hybrid_prediction,/home/tchowdh4/sensor_recovery_project/logs/extracted_csv/baseline_01_hover_ATT.csv,/home/tchowdh4/sensor_recovery_project/prediction_results_v9_trained_hybrid/baseline_01_hover_ATT_trained_hybrid_prediction_outputs.csv
2.000033,baseline_01_hover,Roll,bias,0.02746,0,0.0899241343140602,0.0899241343140602,0.0892727054957346,0.0006514288183255973,0.0006514288183255973,0.006865,0,0.0,0.0019864749829052383,0,0,0,W10_N3_mean1x,10,3,1.0,1001,Roll_hybrid_prediction,/home/tchowdh4/sensor_recovery_project/logs/extracted_csv/baseline_01_hover_ATT.csv,/home/tchowdh4/sensor_recovery_project/prediction_results_v9_trained_hybrid/baseline_01_hover_ATT_trained_hybrid_prediction_outputs.csv
2.099993,baseline_01_hover,Roll,bias,0.02746,0,0.0927761122584343,0.0927761122584343,0.0952426795811552,-0.0024665673227209084,0.0024665673227209084,0.006865,0,0.0,0.0020443050564476193,0,0,0,W10_N3_mean1x,10,3,1.0,1001,Roll_hybrid_prediction,/home/tchowdh4/sensor_recovery_project/logs/extracted_csv/baseline_01_hover_ATT.csv,/home/tchowdh4/sensor_recovery_project/prediction_results_v9_trained_hybrid/baseline_01_hover_ATT_trained_hybrid_prediction_outputs.csv
2.199953,baseline_01_hover,Roll,bias,0.02746,0,0.092498280107975,0.092498280107975,0.0923788909067408,0.00011938920123420738,0.00011938920123420738,0.006865,0,0.0,0.0019709716654242497,0,0,0,W10_N3_mean1x,10,3,1.0,1001,Roll_hybrid_prediction,/home/tchowdh4/sensor_recovery_project/logs/extracted_csv/baseline_01_hover_ATT.csv,/home/tchowdh4/sensor_recovery_project/prediction_results_v9_trained_hybrid/baseline_01_hover_ATT_trained_hybrid_prediction_outputs.csv
2.299913,baseline_01_hover,Roll,bias,0.02746,0,0.0891169235110282,0.0891169235110282,0.0874847969004503,0.0016321266105779053,0.0016321266105779053,0.006865,0,0.0,0.0017973496915620001,0,0,0,W10_N3_mean1x,10,3,1.0,1001,Roll_hybrid_prediction,/home/tchowdh4/sensor_recovery_project/logs/extracted_csv/baseline_01_hover_ATT.csv,/home/tchowdh4/sensor_recovery_project/prediction_results_v9_trained_hybrid/baseline_01_hover_ATT_trained_hybrid_prediction_outputs.csv
2.399873,baseline_01_hover,Roll,bias,0.02746,0,0.0896575972437858,0.0896575972437858,0.0903726849662704,-0.0007150877224846031,0.0007150877224846031,0.006865,0,0.0,0.0015418725583675908,0,0,0,W10_N3_mean1x,10,3,1.0,1001,Roll_hybrid_prediction,/home/tchowdh4/sensor_recovery_project/logs/extracted_csv/baseline_01_hover_ATT.csv,/home/tchowdh4/sensor_recovery_project/prediction_results_v9_trained_hybrid/baseline_01_hover_ATT_trained_hybrid_prediction_outputs.csv
2.499833,baseline_01_hover,Roll,bias,0.02746,0,0.0909363403916359,0.0909363403916359,0.0903814060433834,0.0005549343482524893,0.0005549343482524893,0.006865,0,0.0,0.0013771669498452294,0,0,0,W10_N3_mean1x,10,3,1.0,1001,Roll_hybrid_prediction,/home/tchowdh4/sensor_recovery_project/logs/extracted_csv/baseline_01_hover_ATT.csv,/home/tchowdh4/sensor_recovery_project/prediction_results_v9_trained_hybrid/baseline_01_hover_ATT_trained_hybrid_prediction_outputs.csv
2.599793,baseline_01_hover,Roll,bias,0.02746,0,0.090908482670784,0.090908482670784,0.0922539211531701,-0.0013454384823861076,0.0013454384823861076,0.006865,0,0.0,0.00124873595202096,0,0,0,W10_N3_mean1x,10,3,1.0,1001,Roll_hybrid_prediction,/home/tchowdh4/sensor_recovery_project/logs/extracted_csv/baseline_01_hover_ATT.csv,/home/tchowdh4/sensor_recovery_project/prediction_results_v9_trained_hybrid/baseline_01_hover_ATT_trained_hybrid_prediction_outputs.csv
2.699753,baseline_01_hover,Roll,bias,0.02746,0,0.0918938070535659,0.0918938070535659,0.0922300200540898,-0.00033621300052390224,0.00033621300052390224,0.006865,0,0.0,0.0012029440652458214,0,0,0,W10_N3_mean1x,10,3,1.0,1001,Roll_hybrid_prediction,/home/tchowdh4/sensor_recovery_project/logs/extracted_csv/baseline_01_hover_ATT.csv,/home/tchowdh4/sensor_recovery_project/prediction_results_v9_trained_hybrid/baseline_01_hover_ATT_trained_hybrid_prediction_outputs.csv
2.799713,baseline_01_hover,Roll,bias,0.02746,0,0.095133252441883,0.095133252441883,0.0974730572648822,-0.0023398048229991975,0.0023398048229991975,0.006865,0,0.0,0.0013483447416182918,0,0,0,W10_N3_mean1x,10,3,1.0,1001,Roll_hybrid_prediction,/home/tchowdh4/sensor_recovery_project/logs/extracted_csv/baseline_01_hover_ATT.csv,/home/tchowdh4/sensor_recovery_project/prediction_results_v9_trained_hybrid/baseline_01_hover_ATT_trained_hybrid_prediction_outputs.csv
2.899673,baseline_01_hover,Roll,bias,0.02746,0,0.0924301296472549,0.0924301296472549,0.0913484760403918,0.0010816536068631033,0.0010816536068631033,0.006865,0,0.0,0.0011242643936368022,0,0,0,W10_N3_mean1x,10,3,1.0,1001,Roll_hybrid_prediction,/home/tchowdh4/sensor_recovery_project/logs/extracted_csv/baseline_01_hover_ATT.csv,/home/tchowdh4/sensor_recovery_project/prediction_results_v9_trained_hybrid/baseline_01_hover_ATT_trained_hybrid_prediction_outputs.csv
2.999633,baseline_01_hover,Roll,bias,0.02746,0,0.0933978408575058,0.0933978408575058,0.0942714746793874,-0.0008736338218816031,0.0008736338218816031,0.006865,0,0.0,0.0011464848939924028,0,0,0,W10_N3_mean1x,10,3,1.0,1001,Roll_hybrid_prediction,/home/tchowdh4/sensor_recovery_project/logs/extracted_csv/baseline_01_hover_ATT.csv,/home/tchowdh4/sensor_recovery_project/prediction_results_v9_trained_hybrid/baseline_01_hover_ATT_trained_hybrid_prediction_outputs.csv
3.099593,baseline_01_hover,Roll,bias,0.02746,0,0.0942678973078727,0.0942678973078727,0.0934135112688466,0.0008543860390261004,0.0008543860390261004,0.006865,0,0.0,0.0009852667656229219,0,0,0,W10_N3_mean1x,10,3,1.0,1001,Roll_hybrid_prediction,/home/tchowdh4/sensor_recovery_project/logs/extracted_csv/baseline_01_hover_ATT.csv,/home/tchowdh4/sensor_recovery_project/prediction_results_v9_trained_hybrid/baseline_01_hover_ATT_trained_hybrid_prediction_outputs.csv
3.199553,baseline_01_hover,Roll,bias,0.02746,0,0.0917910635471344,0.0917910635471344,0.0902882932769755,0.0015027702701588957,0.0015027702701588957,0.006865,0,0.0,0.0011236048725153907,0,0,0,W10_N3_mean1x,10,3,1.0,1001,Roll_hybrid_prediction,/home/tchowdh4/sensor_recovery_project/logs/extracted_csv/baseline_01_hover_ATT.csv,/home/tchowdh4/sensor_recovery_project/prediction_results_v9_trained_hybrid/baseline_01_hover_ATT_trained_hybrid_prediction_outputs.csv
3.299513,baseline_01_hover,Roll,bias,0.02746,0,0.0948278382420539,0.0948278382420539,0.0982720138360438,-0.0034441755939898927,0.0034441755939898927,0.006865,0,0.0,0.0013048097708565896,0,0,0,W10_N3_mean1x,10,3,1.0,1001,Roll_hybrid_prediction,/home/tchowdh4/sensor_recovery_project/logs/extracted_csv/baseline_01_hover_ATT.csv,/home/tchowdh4/sensor_recovery_project/prediction_results_v9_trained_hybrid/baseline_01_hover_ATT_trained_hybrid_prediction_outputs.csv
3.399473,baseline_01_hover,Roll,bias,0.02746,0,0.0922487527132034,0.0922487527132034,0.0909036669481321,0.0013450857650713077,0.0013450857650713077,0.006865,0,0.0,0.0013678095751152599,0,0,0,W10_N3_mean1x,10,3,1.0,1001,Roll_hybrid_prediction,/home/tchowdh4/sensor_recovery_project/logs/extracted_csv/baseline_01_hover_ATT.csv,/home/tchowdh4/sensor_recovery_project/prediction_results_v9_trained_hybrid/baseline_01_hover_ATT_trained_hybrid_prediction_outputs.csv
3.499433,baseline_01_hover,Roll,bias,0.02746,0,0.0929611250758171,0.0929611250758171,0.0958258829625476,-0.002864757886730504,0.002864757886730504,0.006865,0,0.0,0.0015987919289630614,0,0,0,W10_N3_mean1x,10,3,1.0,1001,Roll_hybrid_prediction,/home/tchowdh4/sensor_recovery_project/logs/extracted_csv/baseline_01_hover_ATT.csv,/home/tchowdh4/sensor_recovery_project/prediction_results_v9_trained_hybrid/baseline_01_hover_ATT_trained_hybrid_prediction_outputs.csv
3.599393,baseline_01_hover,Roll,bias,0.02746,0,0.093666635453701,0.093666635453701,0.095812692020632,-0.0021460565669309956,0.0021460565669309956,0.006865,0,0.0,0.0016788537374175503,0,0,0,W10_N3_mean1x,10,3,1.0,1001,Roll_hybrid_prediction,/home/tchowdh4/sensor_recovery_project/logs/extracted_csv/baseline_01_hover_ATT.csv,/home/tchowdh4/sensor_recovery_project/prediction_results_v9_trained_hybrid/baseline_01_hover_ATT_trained_hybrid_prediction_outputs.csv
3.699353,baseline_01_hover,Roll,bias,0.02746,0,0.0933186113834381,0.0933186113834381,0.0931454829559496,0.00017312842748849755,0.00017312842748849755,0.006865,0,0.0,0.0016625452801140098,0,0,0,W10_N3_mean1x,10,3,1.0,1001,Roll_hybrid_prediction,/home/tchowdh4/sensor_recovery_project/logs/extracted_csv/baseline_01_hover_ATT.csv,/home/tchowdh4/sensor_recovery_project/prediction_results_v9_trained_hybrid/baseline_01_hover_ATT_trained_hybrid_prediction_outputs.csv
3.799313,baseline_01_hover,Roll,bias,0.02746,0,0.0960128456354141,0.0960128456354141,0.0983349953676954,-0.0023221497322813006,0.0023221497322813006,0.006865,0,0.0,0.0016607797710422201,0,0,0,W10_N3_mean1x,10,3,1.0,1001,Roll_hybrid_prediction,/home/tchowdh4/sensor_recovery_project/logs/extracted_csv/baseline_01_hover_ATT.csv,/home/tchowdh4/sensor_recovery_project/prediction_results_v9_trained_hybrid/baseline_01_hover_ATT_trained_hybrid_prediction_outputs.csv
3.900106,baseline_01_hover,Roll,bias,0.02746,0,0.0940389558672905,0.0940389558672905,0.0911739758691224,0.0028649799981680935,0.0028649799981680935,0.006865,0,0.0,0.001839112410172719,0,0,0,W10_N3_mean1x,10,3,1.0,1001,Roll_hybrid_prediction,/home/tchowdh4/sensor_recovery_project/logs/extracted_csv/baseline_01_hover_ATT.csv,/home/tchowdh4/sensor_recovery_project/prediction_results_v9_trained_hybrid/baseline_01_hover_ATT_trained_hybrid_prediction_outputs.csv
4.000066,baseline_01_hover,Roll,bias,0.02746,0,0.0928137898445129,0.0928137898445129,0.0918477369650339,0.0009660528794789985,0.0009660528794789985,0.006865,0,0.0,0.0018483543159324585,0,0,0,W10_N3_mean1x,10,3,1.0,1001,Roll_hybrid_prediction,/home/tchowdh4/sensor_recovery_project/logs/extracted_csv/baseline_01_hover_ATT.csv,/home/tchowdh4/sensor_recovery_project/prediction_results_v9_trained_hybrid/baseline_01_hover_ATT_trained_hybrid_prediction_outputs.csv
4.100026,baseline_01_hover,Roll,bias,0.02746,0,0.0942711755633354,0.0942711755633354,0.0959873677413214,-0.0017161921779859923,0.0017161921779859923,0.006865,0,0.0,0.0019345349298284479,0,0,0,W10_N3_mean1x,10,3,1.0,1001,Roll_hybrid_prediction,/home/tchowdh4/sensor_recovery_project/logs/extracted_csv/baseline_01_hover_ATT.csv,/home/tchowdh4/sensor_recovery_project/prediction_results_v9_trained_hybrid/baseline_01_hover_ATT_trained_hybrid_prediction_outputs.csv
4.199986,baseline_01_hover,Roll,bias,0.02746,0,0.0973648130893707,0.0973648130893707,0.100734686184465,-0.003369873095094303,0.003369873095094303,0.006865,0,0.0,0.0021212452123219885,0,0,0,W10_N3_mean1x,10,3,1.0,1001,Roll_hybrid_prediction,/home/tchowdh4/sensor_recovery_project/logs/extracted_csv/baseline_01_hover_ATT.csv,/home/tchowdh4/sensor_recovery_project/prediction_results_v9_trained_hybrid/baseline_01_hover_ATT_trained_hybrid_prediction_outputs.csv
4.299946,baseline_01_hover,Roll,bias,0.02746,0,0.0952025204896926,0.0952025204896926,0.0941668748100849,0.0010356456796077051,0.0010356456796077051,0.006865,0,0.0,0.0018803922208837699,0,0,0,W10_N3_mean1x,10,3,1.0,1001,Roll_hybrid_prediction,/home/tchowdh4/sensor_recovery_project/logs/extracted_csv/baseline_01_hover_ATT.csv,/home/tchowdh4/sensor_recovery_project/prediction_results_v9_trained_hybrid/baseline_01_hover_ATT_trained_hybrid_prediction_outputs.csv
4.399906,baseline_01_hover,Roll,bias,0.02746,0,0.0950974971055984,0.0950974971055984,0.094879265697777,0.00021823140782140094,0.00021823140782140094,0.006865,0,0.0,0.001767706785158779,0,0,0,W10_N3_mean1x,10,3,1.0,1001,Roll_hybrid_prediction,/home/tchowdh4/sensor_recovery_project/logs/extracted_csv/baseline_01_hover_ATT.csv,/home/tchowdh4/sensor_recovery_project/prediction_results_v9_trained_hybrid/baseline_01_hover_ATT_trained_hybrid_prediction_outputs.csv
4.499866,baseline_01_hover,Roll,bias,0.02746,0,0.0915328860282898,0.0915328860282898,0.0895169519864061,0.002015934041883702,0.002015934041883702,0.006865,0,0.0,0.0016828244006740988,0,0,0,W10_N3_mean1x,10,3,1.0,1001,Roll_hybrid_prediction,/home/tchowdh4/sensor_recovery_project/logs/extracted_csv/baseline_01_hover_ATT.csv,/home/tchowdh4/sensor_recovery_project/prediction_results_v9_trained_hybrid/baseline_01_hover_ATT_trained_hybrid_prediction_outputs.csv
4.599826,baseline_01_hover,Roll,bias,0.02746,0,0.0891580879688263,0.0891580879688263,0.0884305933869641,0.0007274945818621925,0.0007274945818621925,0.006865,0,0.0,0.0015409682021672185,0,0,0,W10_N3_mean1x,10,3,1.0,1001,Roll_hybrid_prediction,/home/tchowdh4/sensor_recovery_project/logs/extracted_csv/baseline_01_hover_ATT.csv,/home/tchowdh4/sensor_recovery_project/prediction_results_v9_trained_hybrid/baseline_01_hover_ATT_trained_hybrid_prediction_outputs.csv
4.699786,baseline_01_hover,Roll,bias,0.02746,0,0.0910616517066955,0.0910616517066955,0.0923859424535134,-0.001324290746817905,0.001324290746817905,0.006865,0,0.0,0.0016560844341001594,0,0,0,W10_N3_mean1x,10,3,1.0,1001,Roll_hybrid_prediction,/home/tchowdh4/sensor_recovery_project/logs/extracted_csv/baseline_01_hover_ATT.csv,/home/tchowdh4/sensor_recovery_project/prediction_results_v9_trained_hybrid/baseline_01_hover_ATT_trained_hybrid_prediction_outputs.csv
4.799746,baseline_01_hover,Roll,bias,0.02746,0,0.0882878303527832,0.0882878303527832,0.0879058999303843,0.00038193042239891006,0.00038193042239891006,0.006865,0,0.0,0.0014620625031119203,0,0,0,W10_N3_mean1x,10,3,1.0,1001,Roll_hybrid_prediction,/home/tchowdh4/sensor_recovery_project/logs/extracted_csv/baseline_01_hover_ATT.csv,/home/tchowdh4/sensor_recovery_project/prediction_results_v9_trained_hybrid/baseline_01_hover_ATT_trained_hybrid_prediction_outputs.csv
4.899706,baseline_01_hover,Roll,bias,0.02746,0,0.0887835994362831,0.0887835994362831,0.088884564573988,-0.00010096513770489757,0.00010096513770489757,0.006865,0,0.0,0.0011856610170656006,0,0,0,W10_N3_mean1x,10,3,1.0,1001,Roll_hybrid_prediction,/home/tchowdh4/sensor_recovery_project/logs/extracted_csv/baseline_01_hover_ATT.csv,/home/tchowdh4/sensor_recovery_project/prediction_results_v9_trained_hybrid/baseline_01_hover_ATT_trained_hybrid_prediction_outputs.csv
4.999666,baseline_01_hover,Roll,bias,0.02746,0,0.0822403654456138,0.0822403654456138,0.0766242613818646,0.005616104063749211,0.005616104063749211,0.006865,0,0.0,0.001650666135492622,0,0,0,W10_N3_mean1x,10,3,1.0,1001,Roll_hybrid_prediction,/home/tchowdh4/sensor_recovery_project/logs/extracted_csv/baseline_01_hover_ATT.csv,/home/tchowdh4/sensor_recovery_project/prediction_results_v9_trained_hybrid/baseline_01_hover_ATT_trained_hybrid_prediction_outputs.csv
5.099626,baseline_01_hover,Roll,bias,0.02746,0,0.0742689818143844,0.0742689818143844,0.0702121927044926,0.004056789109891809,0.004056789109891809,0.006865,0,0.0,0.0018847258286832035,0,0,0,W10_N3_mean1x,10,3,1.0,1001,Roll_hybrid_prediction,/home/tchowdh4/sensor_recovery_project/logs/extracted_csv/baseline_01_hover_ATT.csv,/home/tchowdh4/sensor_recovery_project/prediction_results_v9_trained_hybrid/baseline_01_hover_ATT_trained_hybrid_prediction_outputs.csv
5.199586,baseline_01_hover,Roll,bias,0.02746,0,0.0698445960879325,0.0698445960879325,0.0691079562011082,0.0007366398868243057,0.0007366398868243057,0.006865,0,0.0,0.0016214025078562038,0,0,0,W10_N3_mean1x,10,3,1.0,1001,Roll_hybrid_prediction,/home/tchowdh4/sensor_recovery_project/logs/extracted_csv/baseline_01_hover_ATT.csv,/home/tchowdh4/sensor_recovery_project/prediction_results_v9_trained_hybrid/baseline_01_hover_ATT_trained_hybrid_prediction_outputs.csv
5.299546,baseline_01_hover,Roll,bias,0.02746,0,0.0665564909577369,0.0665564909577369,0.0630245259226934,0.003531965035043494,0.003531965035043494,0.006865,0,0.0,0.0018710344433997828,0,0,0,W10_N3_mean1x,10,3,1.0,1001,Roll_hybrid_prediction,/home/tchowdh4/sensor_recovery_project/logs/extracted_csv/baseline_01_hover_ATT.csv,/home/tchowdh4/sensor_recovery_project/prediction_results_v9_trained_hybrid/baseline_01_hover_ATT_trained_hybrid_prediction_outputs.csv
5.399506,baseline_01_hover,Roll,bias,0.02746,0,0.0645918771624565,0.0645918771624565,0.0633284595164983,0.0012634176459581925,0.0012634176459581925,0.006865,0,0.0,0.001975553067213462,0,0,0,W10_N3_mean1x,10,3,1.0,1001,Roll_hybrid_prediction,/home/tchowdh4/sensor_recovery_project/logs/extracted_csv/baseline_01_hover_ATT.csv,/home/tchowdh4/sensor_recovery_project/prediction_results_v9_trained_hybrid/baseline_01_hover_ATT_trained_hybrid_prediction_outputs.csv
5.499466,baseline_01_hover,Roll,bias,0.02746,0,0.0652172341942787,0.0652172341942787,0.0666389387374132,-0.0014217045431344916,0.0014217045431344916,0.006865,0,0.0,0.0019161301173385408,0,0,0,W10_N3_mean1x,10,3,1.0,1001,Roll_hybrid_prediction,/home/tchowdh4/sensor_recovery_project/logs/extracted_csv/baseline_01_hover_ATT.csv,/home/tchowdh4/sensor_recovery_project/prediction_results_v9_trained_hybrid/baseline_01_hover_ATT_trained_hybrid_prediction_outputs.csv
5.599426,baseline_01_hover,Roll,bias,0.02746,0,0.0645370632410049,0.0645370632410049,0.064771158067988,-0.00023409482698309725,0.00023409482698309725,0.006865,0,0.0,0.0018667901418506314,0,0,0,W10_N3_mean1x,10,3,1.0,1001,Roll_hybrid_prediction,/home/tchowdh4/sensor_recovery_project/logs/extracted_csv/baseline_01_hover_ATT.csv,/home/tchowdh4/sensor_recovery_project/prediction_results_v9_trained_hybrid/baseline_01_hover_ATT_trained_hybrid_prediction_outputs.csv
5.699386,baseline_01_hover,Roll,bias,0.02746,0,0.0629908591508865,0.0629908591508865,0.0628598777257396,0.00013098142514689215,0.00013098142514689215,0.006865,0,0.0,0.0017474592096835301,0,0,0,W10_N3_mean1x,10,3,1.0,1001,Roll_hybrid_prediction,/home/tchowdh4/sensor_recovery_project/logs/extracted_csv/baseline_01_hover_ATT.csv,/home/tchowdh4/sensor_recovery_project/prediction_results_v9_trained_hybrid/baseline_01_hover_ATT_trained_hybrid_prediction_outputs.csv
5.799346,baseline_01_hover,Roll,bias,0.02746,0,0.0630013644695282,0.0630013644695282,0.0641657115284439,-0.0011643470589157018,0.0011643470589157018,0.006865,0,0.0,0.0018257008733352093,0,0,0,W10_N3_mean1x,10,3,1.0,1001,Roll_hybrid_prediction,/home/tchowdh4/sensor_recovery_project/logs/extracted_csv/baseline_01_hover_ATT.csv,/home/tchowdh4/sensor_recovery_project/prediction_results_v9_trained_hybrid/baseline_01_hover_ATT_trained_hybrid_prediction_outputs.csv
5.899306,baseline_01_hover,Roll,bias,0.02746,0,0.0599454194307327,0.0599454194307327,0.0583567492054559,0.0015886702252767976,0.0015886702252767976,0.006865,0,0.0,0.001974471382092399,0,0,0,W10_N3_mean1x,10,3,1.0,1001,Roll_hybrid_prediction,/home/tchowdh4/sensor_recovery_project/logs/extracted_csv/baseline_01_hover_ATT.csv,/home/tchowdh4/sensor_recovery_project/prediction_results_v9_trained_hybrid/baseline_01_hover_ATT_trained_hybrid_prediction_outputs.csv
6.000099,baseline_01_hover,Roll,bias,0.02746,0,0.0631280317902565,0.0631280317902565,0.0656486750532804,-0.0025206432630238973,0.0025206432630238973,0.006865,0,0.0,0.001664925302019868,0,0,0,W10_N3_mean1x,10,3,1.0,1001,Roll_hybrid_prediction,/home/tchowdh4/sensor_recovery_project/logs/extracted_csv/baseline_01_hover_ATT.csv,/home/tchowdh4/sensor_recovery_project/prediction_results_v9_trained_hybrid/baseline_01_hover_ATT_trained_hybrid_prediction_outputs.csv
6.100059,baseline_01_hover,Roll,bias,0.02746,0,0.0683668628334999,0.0683668628334999,0.0703007113295773,-0.0019338484960774033,0.0019338484960774033,0.006865,0,0.0,0.0014526312406384274,0,0,0,W10_N3_mean1x,10,3,1.0,1001,Roll_hybrid_prediction,/home/tchowdh4/sensor_recovery_project/logs/extracted_csv/baseline_01_hover_ATT.csv,/home/tchowdh4/sensor_recovery_project/prediction_results_v9_trained_hybrid/baseline_01_hover_ATT_trained_hybrid_prediction_outputs.csv
6.200019,baseline_01_hover,Roll,bias,0.02746,0,0.0694736465811729,0.0694736465811729,0.0707871560019152,-0.0013135094207422926,0.0013135094207422926,0.006865,0,0.0,0.001510318194030226,0,0,0,W10_N3_mean1x,10,3,1.0,1001,Roll_hybrid_prediction,/home/tchowdh4/sensor_recovery_project/logs/extracted_csv/baseline_01_hover_ATT.csv,/home/tchowdh4/sensor_recovery_project/prediction_results_v9_trained_hybrid/baseline_01_hover_ATT_trained_hybrid_prediction_outputs.csv
6.299979,baseline_01_hover,Roll,bias,0.02746,0,0.0749271064996719,0.0749271064996719,0.0813686471943062,-0.006441540694634304,0.006441540694634304,0.006865,0,0.0,0.001801275759989307,0,0,0,W10_N3_mean1x,10,3,1.0,1001,Roll_hybrid_prediction,/home/tchowdh4/sensor_recovery_project/logs/extracted_csv/baseline_01_hover_ATT.csv,/home/tchowdh4/sensor_recovery_project/prediction_results_v9_trained_hybrid/baseline_01_hover_ATT_trained_hybrid_prediction_outputs.csv
6.399939,baseline_01_hover,Roll,bias,0.02746,0,0.0785357505083084,0.0785357505083084,0.0813271214892946,-0.0027913709809861964,0.0027913709809861964,0.006865,0,0.0,0.0019540710934921072,0,0,0,W10_N3_mean1x,10,3,1.0,1001,Roll_hybrid_prediction,/home/tchowdh4/sensor_recovery_project/logs/extracted_csv/baseline_01_hover_ATT.csv,/home/tchowdh4/sensor_recovery_project/prediction_results_v9_trained_hybrid/baseline_01_hover_ATT_trained_hybrid_prediction_outputs.csv
6.499899,baseline_01_hover,Roll,bias,0.02746,0,0.0759914517402648,0.0759914517402648,0.0730891495241045,0.0029023022161602935,0.0029023022161602935,0.006865,0,0.0,0.0021021308607946875,0,0,0,W10_N3_mean1x,10,3,1.0,1001,Roll_hybrid_prediction,/home/tchowdh4/sensor_recovery_project/logs/extracted_csv/baseline_01_hover_ATT.csv,/home/tchowdh4/sensor_recovery_project/prediction_results_v9_trained_hybrid/baseline_01_hover_ATT_trained_hybrid_prediction_outputs.csv
6.599859,baseline_01_hover,Roll,bias,0.02746,0,0.0750044509768486,0.0750044509768486,0.0740317199483178,0.0009727310285308072,0.0009727310285308072,0.006865,0,0.0,0.0021759944809494587,0,0,0,W10_N3_mean1x,10,3,1.0,1001,Roll_hybrid_prediction,/home/tchowdh4/sensor_recovery_project/logs/extracted_csv/baseline_01_hover_ATT.csv,/home/tchowdh4/sensor_recovery_project/prediction_results_v9_trained_hybrid/baseline_01_hover_ATT_trained_hybrid_prediction_outputs.csv
6.699819,baseline_01_hover,Roll,bias,0.02746,0,0.0797870233654975,0.0797870233654975,0.0825897666099647,-0.002802743244467193,0.002802743244467193,0.006865,0,0.0,0.0024431706628814886,0,0,0,W10_N3_mean1x,10,3,1.0,1001,Roll_hybrid_prediction,/home/tchowdh4/sensor_recovery_project/logs/extracted_csv/baseline_01_hover_ATT.csv,/home/tchowdh4/sensor_recovery_project/prediction_results_v9_trained_hybrid/baseline_01_hover_ATT_trained_hybrid_prediction_outputs.csv
6.799779,baseline_01_hover,Roll,bias,0.02746,0,0.0765672698616981,0.0765672698616981,0.0744586961867505,0.0021085736749476003,0.0021085736749476003,0.006865,0,0.0,0.0025375933244846786,0,0,0,W10_N3_mean1x,10,3,1.0,1001,Roll_hybrid_prediction,/home/tchowdh4/sensor_recovery_project/logs/extracted_csv/baseline_01_hover_ATT.csv,/home/tchowdh4/sensor_recovery_project/prediction_results_v9_trained_hybrid/baseline_01_hover_ATT_trained_hybrid_prediction_outputs.csv
6.899739,baseline_01_hover,Roll,bias,0.02746,0,0.0793609768152237,0.0793609768152237,0.0845644352864702,-0.005203458471246508,0.005203458471246508,0.006865,0,0.0,0.0028990721490816497,0,0,0,W10_N3_mean1x,10,3,1.0,1001,Roll_hybrid_prediction,/home/tchowdh4/sensor_recovery_project/logs/extracted_csv/baseline_01_hover_ATT.csv,/home/tchowdh4/sensor_recovery_project/prediction_results_v9_trained_hybrid/baseline_01_hover_ATT_trained_hybrid_prediction_outputs.csv
6.999699,baseline_01_hover,Roll,bias,0.02746,0,0.0818850696086883,0.0818850696086883,0.0839759950180694,-0.002090925409381106,0.002090925409381106,0.006865,0,0.0,0.0028561003637173703,0,0,0,W10_N3_mean1x,10,3,1.0,1001,Roll_hybrid_prediction,/home/tchowdh4/sensor_recovery_project/logs/extracted_csv/baseline_01_hover_ATT.csv,/home/tchowdh4/sensor_recovery_project/prediction_results_v9_trained_hybrid/baseline_01_hover_ATT_trained_hybrid_prediction_outputs.csv
7.099659,baseline_01_hover,Roll,bias,0.02746,0,0.0810229778289794,0.0810229778289794,0.0818901484411339,-0.0008671706121545081,0.0008671706121545081,0.006865,0,0.0,0.002749432575325081,0,0,0,W10_N3_mean1x,10,3,1.0,1001,Roll_hybrid_prediction,/home/tchowdh4/sensor_recovery_project/logs/extracted_csv/baseline_01_hover_ATT.csv,/home/tchowdh4/sensor_recovery_project/prediction_results_v9_trained_hybrid/baseline_01_hover_ATT_trained_hybrid_prediction_outputs.csv
7.199619,baseline_01_hover,Roll,bias,0.02746,0,0.0842268317937851,0.0842268317937851,0.0855178712583271,-0.0012910394645420098,0.0012910394645420098,0.006865,0,0.0,0.0027471855797050527,0,0,0,W10_N3_mean1x,10,3,1.0,1001,Roll_hybrid_prediction,/home/tchowdh4/sensor_recovery_project/logs/extracted_csv/baseline_01_hover_ATT.csv,/home/tchowdh4/sensor_recovery_project/prediction_results_v9_trained_hybrid/baseline_01_hover_ATT_trained_hybrid_prediction_outputs.csv
7.299579,baseline_01_hover,Roll,bias,0.02746,0,0.0887329801917076,0.0887329801917076,0.09178565283477,-0.0030526726430624013,0.0030526726430624013,0.006865,0,0.0,0.002408298774547862,0,0,0,W10_N3_mean1x,10,3,1.0,1001,Roll_hybrid_prediction,/home/tchowdh4/sensor_recovery_project/logs/extracted_csv/baseline_01_hover_ATT.csv,/home/tchowdh4/sensor_recovery_project/prediction_results_v9_trained_hybrid/baseline_01_hover_ATT_trained_hybrid_prediction_outputs.csv
7.399539,baseline_01_hover,Roll,bias,0.02746,0,0.0871867313981056,0.0871867313981056,0.0875796134195724,-0.0003928820214668116,0.0003928820214668116,0.006865,0,0.0,0.0021684498785959237,0,0,0,W10_N3_mean1x,10,3,1.0,1001,Roll_hybrid_prediction,/home/tchowdh4/sensor_recovery_project/logs/extracted_csv/baseline_01_hover_ATT.csv,/home/tchowdh4/sensor_recovery_project/prediction_results_v9_trained_hybrid/baseline_01_hover_ATT_trained_hybrid_prediction_outputs.csv
7.499499,baseline_01_hover,Roll,bias,0.02746,1,0.0888397544622421,0.1162997544622421,0.0911851117026986,0.02511464275954349,0.02511464275954349,0.006865,1,1.0,0.004389683932934244,0,0,0,W10_N3_mean1x,10,3,1.0,1001,Roll_hybrid_prediction,/home/tchowdh4/sensor_recovery_project/logs/extracted_csv/baseline_01_hover_ATT.csv,/home/tchowdh4/sensor_recovery_project/prediction_results_v9_trained_hybrid/baseline_01_hover_ATT_trained_hybrid_prediction_outputs.csv
7.599459,baseline_01_hover,Roll,bias,0.02746,1,0.092961810529232,0.120421810529232,0.0956883849249955,0.024733425604236497,0.024733425604236497,0.006865,1,2.0,0.006765753390504813,0,0,0,W10_N3_mean1x,10,3,1.0,1001,Roll_hybrid_prediction,/home/tchowdh4/sensor_recovery_project/logs/extracted_csv/baseline_01_hover_ATT.csv,/home/tchowdh4/sensor_recovery_project/prediction_results_v9_trained_hybrid/baseline_01_hover_ATT_trained_hybrid_prediction_outputs.csv
7.699419,baseline_01_hover,Roll,bias,0.02746,1,0.0900100171566009,0.1174700171566009,0.0872670556334487,0.03020296152315219,0.03020296152315219,0.006865,1,3.0,0.009505775218373312,1,1,1,W10_N3_mean1x,10,3,1.0,1001,Roll_hybrid_prediction,/home/tchowdh4/sensor_recovery_project/logs/extracted_csv/baseline_01_hover_ATT.csv,/home/tchowdh4/sensor_recovery_project/prediction_results_v9_trained_hybrid/baseline_01_hover_ATT_trained_hybrid_prediction_outputs.csv
7.799379,baseline_01_hover,Roll,bias,0.02746,1,0.088124893605709,0.115584893605709,0.0868236203346449,0.028761273271064106,0.028761273271064106,0.006865,1,4.0,0.012171045177984962,1,1,1,W10_N3_mean1x,10,3,1.0,1001,Roll_hybrid_prediction,/home/tchowdh4/sensor_recovery_project/logs/extracted_csv/baseline_01_hover_ATT.csv,/home/tchowdh4/sensor_recovery_project/prediction_results_v9_trained_hybrid/baseline_01_hover_ATT_trained_hybrid_prediction_outputs.csv
7.899339,baseline_01_hover,Roll,bias,0.02746,1,0.085100382566452,0.112560382566452,0.0829368401122211,0.02962354245423089,0.02962354245423089,0.006865,1,5.0,0.014613053576283402,1,1,1,W10_N3_mean1x,10,3,1.0,1001,Roll_hybrid_prediction,/home/tchowdh4/sensor_recovery_project/logs/extracted_csv/baseline_01_hover_ATT.csv,/home/tchowdh4/sensor_recovery_project/prediction_results_v9_trained_hybrid/baseline_01_hover_ATT_trained_hybrid_prediction_outputs.csv
7.999299,baseline_01_hover,Roll,bias,0.02746,1,0.0885235220193862,0.11598352201938619,0.0883343502608569,0.027649171758529295,0.027649171758529295,0.006865,1,6.0,0.017168878211198217,1,1,1,W10_N3_mean1x,10,3,1.0,1001,Roll_hybrid_prediction,/home/tchowdh4/sensor_recovery_project/logs/extracted_csv/baseline_01_hover_ATT.csv,/home/tchowdh4/sensor_recovery_project/prediction_results_v9_trained_hybrid/baseline_01_hover_ATT_trained_hybrid_prediction_outputs.csv
8.100092,baseline_01_hover,Roll,bias,0.02746,1,0.090199589729309,0.117659589729309,0.0874506286984398,0.030208961030869202,0.030208961030869202,0.006865,1,7.0,0.02010305725306969,1,1,1,W10_N3_mean1x,10,3,1.0,1001,Roll_hybrid_prediction,/home/tchowdh4/sensor_recovery_project/logs/extracted_csv/baseline_01_hover_ATT.csv,/home/tchowdh4/sensor_recovery_project/prediction_results_v9_trained_hybrid/baseline_01_hover_ATT_trained_hybrid_prediction_outputs.csv
8.200052,baseline_01_hover,Roll,bias,0.02746,1,0.0909436792135238,0.1184036792135238,0.0852871279648198,0.033116551248703996,0.033116551248703996,0.006865,1,8.0,0.023285608431485888,1,1,1,W10_N3_mean1x,10,3,1.0,1001,Roll_hybrid_prediction,/home/tchowdh4/sensor_recovery_project/logs/extracted_csv/baseline_01_hover_ATT.csv,/home/tchowdh4/sensor_recovery_project/prediction_results_v9_trained_hybrid/baseline_01_hover_ATT_trained_hybrid_prediction_outputs.csv
8.300012,baseline_01_hover,Roll,bias,0.02746,1,0.0910317823290824,0.1184917823290824,0.0844586706697705,0.0340331116593119,0.0340331116593119,0.006865,1,9.0,0.02638365233311084,1,1,1,W10_N3_mean1x,10,3,1.0,1001,Roll_hybrid_prediction,/home/tchowdh4/sensor_recovery_project/logs/extracted_csv/baseline_01_hover_ATT.csv,/home/tchowdh4/sensor_recovery_project/prediction_results_v9_trained_hybrid/baseline_01_hover_ATT_trained_hybrid_prediction_outputs.csv
8.399972,baseline_01_hover,Roll,bias,0.02746,1,0.091268666088581,0.118728666088581,0.0860320509239882,0.032696615164592796,0.032696615164592796,0.006865,1,10.0,0.029614025647423436,1,1,1,W10_N3_mean1x,10,3,1.0,1001,Roll_hybrid_prediction,/home/tchowdh4/sensor_recovery_project/logs/extracted_csv/baseline_01_hover_ATT.csv,/home/tchowdh4/sensor_recovery_project/prediction_results_v9_trained_hybrid/baseline_01_hover_ATT_trained_hybrid_prediction_outputs.csv
8.499932,baseline_01_hover,Roll,bias,0.02746,1,0.0910189375281333,0.1184789375281333,0.0861884986577308,0.03229043887040249,0.03229043887040249,0.006865,1,10.0,0.030331605258509337,1,1,1,W10_N3_mean1x,10,3,1.0,1001,Roll_hybrid_prediction,/home/tchowdh4/sensor_recovery_project/logs/extracted_csv/baseline_01_hover_ATT.csv,/home/tchowdh4/sensor_recovery_project/prediction_results_v9_trained_hybrid/baseline_01_hover_ATT_trained_hybrid_prediction_outputs.csv
8.599892,baseline_01_hover,Roll,bias,0.02746,1,0.0908994227647781,0.1183594227647781,0.086102855742137,0.0322565670226411,0.0322565670226411,0.006865,1,10.0,0.031083919400349797,1,1,1,W10_N3_mean1x,10,3,1.0,1001,Roll_hybrid_prediction,/home/tchowdh4/sensor_recovery_project/logs/extracted_csv/baseline_01_hover_ATT.csv,/home/tchowdh4/sensor_recovery_project/prediction_results_v9_trained_hybrid/baseline_01_hover_ATT_trained_hybrid_prediction_outputs.csv
8.699852,baseline_01_hover,Roll,bias,0.02746,1,0.090700663626194,0.118160663626194,0.0851883748470075,0.032972288779186495,0.032972288779186495,0.006865,1,10.0,0.03136085212595323,1,1,1,W10_N3_mean1x,10,3,1.0,1001,Roll_hybrid_prediction,/home/tchowdh4/sensor_recovery_project/logs/extracted_csv/baseline_01_hover_ATT.csv,/home/tchowdh4/sensor_recovery_project/prediction_results_v9_trained_hybrid/baseline_01_hover_ATT_trained_hybrid_prediction_outputs.csv
8.799812,baseline_01_hover,Roll,bias,0.02746,1,0.0906601101160049,0.1181201101160049,0.0847176182669545,0.033402491849050406,0.033402491849050406,0.006865,1,10.0,0.03182497398375186,1,1,1,W10_N3_mean1x,10,3,1.0,1001,Roll_hybrid_prediction,/home/tchowdh4/sensor_recovery_project/logs/extracted_csv/baseline_01_hover_ATT.csv,/home/tchowdh4/sensor_recovery_project/prediction_results_v9_trained_hybrid/baseline_01_hover_ATT_trained_hybrid_prediction_outputs.csv
8.899772,baseline_01_hover,Roll,bias,0.02746,1,0.0903387814760208,0.1177987814760208,0.0834804177895938,0.034318363686427,0.034318363686427,0.006865,1,10.0,0.03229445610697147,1,1,1,W10_N3_mean1x,10,3,1.0,1001,Roll_hybrid_prediction,/home/tchowdh4/sensor_recovery_project/logs/extracted_csv/baseline_01_hover_ATT.csv,/home/tchowdh4/sensor_recovery_project/prediction_results_v9_trained_hybrid/baseline_01_hover_ATT_trained_hybrid_prediction_outputs.csv
8.999732,baseline_01_hover,Roll,bias,0.02746,1,0.0904200449585914,0.1178800449585914,0.083139033506415,0.03474101145217641,0.03474101145217641,0.006865,1,10.0,0.033003640076336174,1,1,1,W10_N3_mean1x,10,3,1.0,1001,Roll_hybrid_prediction,/home/tchowdh4/sensor_recovery_project/logs/extracted_csv/baseline_01_hover_ATT.csv,/home/tchowdh4/sensor_recovery_project/prediction_results_v9_trained_hybrid/baseline_01_hover_ATT_trained_hybrid_prediction_outputs.csv
9.099692,baseline_01_hover,Roll,bias,0.02746,1,0.0900559723377227,0.1175159723377227,0.0825982013233013,0.034917771014421395,0.034917771014421395,0.006865,1,10.0,0.0334745210746914,1,1,1,W10_N3_mean1x,10,3,1.0,1001,Roll_hybrid_prediction,/home/tchowdh4/sensor_recovery_project/logs/extracted_csv/baseline_01_hover_ATT.csv,/home/tchowdh4/sensor_recovery_project/prediction_results_v9_trained_hybrid/baseline_01_hover_ATT_trained_hybrid_prediction_outputs.csv
9.199652,baseline_01_hover,Roll,bias,0.02746,1,0.0900342538952827,0.1174942538952827,0.0839413414764684,0.03355291241881431,0.03355291241881431,0.006865,1,10.0,0.03351815719170243,1,1,1,W10_N3_mean1x,10,3,1.0,1001,Roll_hybrid_prediction,/home/tchowdh4/sensor_recovery_project/logs/extracted_csv/baseline_01_hover_ATT.csv,/home/tchowdh4/sensor_recovery_project/prediction_results_v9_trained_hybrid/baseline_01_hover_ATT_trained_hybrid_prediction_outputs.csv
9.299612,baseline_01_hover,Roll,bias,0.02746,1,0.0897676199674606,0.1172276199674606,0.0840039661451825,0.0332236538222781,0.0332236538222781,0.006865,1,10.0,0.033437211407999046,1,1,1,W10_N3_mean1x,10,3,1.0,1001,Roll_hybrid_prediction,/home/tchowdh4/sensor_recovery_project/logs/extracted_csv/baseline_01_hover_ATT.csv,/home/tchowdh4/sensor_recovery_project/prediction_results_v9_trained_hybrid/baseline_01_hover_ATT_trained_hybrid_prediction_outputs.csv
9.399572,baseline_01_hover,Roll,bias,0.02746,1,0.0896740481257438,0.1171340481257438,0.0844570557670719,0.0326769923586719,0.0326769923586719,0.006865,1,10.0,0.03343524912740696,1,1,1,W10_N3_mean1x,10,3,1.0,1001,Roll_hybrid_prediction,/home/tchowdh4/sensor_recovery_project/logs/extracted_csv/baseline_01_hover_ATT.csv,/home/tchowdh4/sensor_recovery_project/prediction_results_v9_trained_hybrid/baseline_01_hover_ATT_trained_hybrid_prediction_outputs.csv
9.499532,baseline_01_hover,Roll,bias,0.02746,1,0.0894784405827522,0.1169384405827522,0.0841302511567752,0.032808189425977005,0.032808189425977005,0.006865,1,10.0,0.03348702418296441,1,1,1,W10_N3_mean1x,10,3,1.0,1001,Roll_hybrid_prediction,/home/tchowdh4/sensor_recovery_project/logs/extracted_csv/baseline_01_hover_ATT.csv,/home/tchowdh4/sensor_recovery_project/prediction_results_v9_trained_hybrid/baseline_01_hover_ATT_trained_hybrid_prediction_outputs.csv
9.599492,baseline_01_hover,Roll,bias,0.02746,1,0.0893975496292114,0.1168575496292114,0.0863960467827349,0.0304615028464765,0.0304615028464765,0.006865,1,10.0,0.03330751776534795,1,1,1,W10_N3_mean1x,10,3,1.0,1001,Roll_hybrid_prediction,/home/tchowdh4/sensor_recovery_project/logs/extracted_csv/baseline_01_hover_ATT.csv,/home/tchowdh4/sensor_recovery_project/prediction_results_v9_trained_hybrid/baseline_01_hover_ATT_trained_hybrid_prediction_outputs.csv
9.699452,baseline_01_hover,Roll,bias,0.02746,1,0.0890899300575256,0.11654993005752559,0.0914282050440007,0.025121725013524887,0.025121725013524887,0.006865,1,10.0,0.032522461388781794,1,1,1,W10_N3_mean1x,10,3,1.0,1001,Roll_hybrid_prediction,/home/tchowdh4/sensor_recovery_project/logs/extracted_csv/baseline_01_hover_ATT.csv,/home/tchowdh4/sensor_recovery_project/prediction_results_v9_trained_hybrid/baseline_01_hover_ATT_trained_hybrid_prediction_outputs.csv
9.799412,baseline_01_hover,Roll,bias,0.02746,1,0.0889946669340133,0.1164546669340133,0.0936368032854094,0.0228178636486039,0.0228178636486039,0.006865,1,10.0,0.03146399856873714,1,1,1,W10_N3_mean1x,10,3,1.0,1001,Roll_hybrid_prediction,/home/tchowdh4/sensor_recovery_project/logs/extracted_csv/baseline_01_hover_ATT.csv,/home/tchowdh4/sensor_recovery_project/prediction_results_v9_trained_hybrid/baseline_01_hover_ATT_trained_hybrid_prediction_outputs.csv
9.899372,baseline_01_hover,Roll,bias,0.02746,1,0.0888180956244468,0.1162780956244468,0.0915435293175369,0.0247345663069099,0.0247345663069099,0.006865,1,10.0,0.030505618830785432,1,1,1,W10_N3_mean1x,10,3,1.0,1001,Roll_hybrid_prediction,/home/tchowdh4/sensor_recovery_project/logs/extracted_csv/baseline_01_hover_ATT.csv,/home/tchowdh4/sensor_recovery_project/prediction_results_v9_trained_hybrid/baseline_01_hover_ATT_trained_hybrid_prediction_outputs.csv
9.999332,baseline_01_hover,Roll,bias,0.02746,1,0.0888732895255088,0.1163332895255088,0.0901285956874962,0.02620469383801259,0.02620469383801259,0.006865,1,10.0,0.02965198706936905,1,1,1,W10_N3_mean1x,10,3,1.0,1001,Roll_hybrid_prediction,/home/tchowdh4/sensor_recovery_project/logs/extracted_csv/baseline_01_hover_ATT.csv,/home/tchowdh4/sensor_recovery_project/prediction_results_v9_trained_hybrid/baseline_01_hover_ATT_trained_hybrid_prediction_outputs.csv
10.099292,baseline_01_hover,Roll,bias,0.02746,1,0.0886942893266677,0.1161542893266677,0.0885113982382459,0.0276428910884218,0.0276428910884218,0.006865,1,10.0,0.02892449907676909,1,1,1,W10_N3_mean1x,10,3,1.0,1001,Roll_hybrid_prediction,/home/tchowdh4/sensor_recovery_project/logs/extracted_csv/baseline_01_hover_ATT.csv,/home/tchowdh4/sensor_recovery_project/prediction_results_v9_trained_hybrid/baseline_01_hover_ATT_trained_hybrid_prediction_outputs.csv
10.200085,baseline_01_hover,Roll,bias,0.02746,1,0.0886462852358818,0.1161062852358818,0.0884007653557265,0.027705519880155308,0.027705519880155308,0.006865,1,10.0,0.02833975982290319,1,1,1,W10_N3_mean1x,10,3,1.0,1001,Roll_hybrid_prediction,/home/tchowdh4/sensor_recovery_project/logs/extracted_csv/baseline_01_hover_ATT.csv,/home/tchowdh4/sensor_recovery_project/prediction_results_v9_trained_hybrid/baseline_01_hover_ATT_trained_hybrid_prediction_outputs.csv
10.300045,baseline_01_hover,Roll,bias,0.02746,1,0.088668867945671,0.116128867945671,0.0880817223654276,0.02804714558024339,0.02804714558024339,0.006865,1,10.0,0.02782210899869972,1,1,1,W10_N3_mean1x,10,3,1.0,1001,Roll_hybrid_prediction,/home/tchowdh4/sensor_recovery_project/logs/extracted_csv/baseline_01_hover_ATT.csv,/home/tchowdh4/sensor_recovery_project/prediction_results_v9_trained_hybrid/baseline_01_hover_ATT_trained_hybrid_prediction_outputs.csv
10.400005,baseline_01_hover,Roll,bias,0.02746,1,0.0885092616081237,0.1159692616081237,0.087832410283936,0.028136851324187695,0.028136851324187695,0.006865,1,10.0,0.0273680948952513,1,1,1,W10_N3_mean1x,10,3,1.0,1001,Roll_hybrid_prediction,/home/tchowdh4/sensor_recovery_project/logs/extracted_csv/baseline_01_hover_ATT.csv,/home/tchowdh4/sensor_recovery_project/prediction_results_v9_trained_hybrid/baseline_01_hover_ATT_trained_hybrid_prediction_outputs.csv
10.499965,baseline_01_hover,Roll,bias,0.02746,1,0.0884846523404121,0.1159446523404121,0.0878159614551173,0.028128690885294794,0.028128690885294794,0.006865,1,10.0,0.026900145041183078,1,1,1,W10_N3_mean1x,10,3,1.0,1001,Roll_hybrid_prediction,/home/tchowdh4/sensor_recovery_project/logs/extracted_csv/baseline_01_hover_ATT.csv,/home/tchowdh4/sensor_recovery_project/prediction_results_v9_trained_hybrid/baseline_01_hover_ATT_trained_hybrid_prediction_outputs.csv
10.599925,baseline_01_hover,Roll,bias,0.02746,1,0.0884298682212829,0.1158898682212829,0.0876312981937338,0.0282585700275491,0.0282585700275491,0.006865,1,10.0,0.02667985175929034,1,1,1,W10_N3_mean1x,10,3,1.0,1001,Roll_hybrid_prediction,/home/tchowdh4/sensor_recovery_project/logs/extracted_csv/baseline_01_hover_ATT.csv,/home/tchowdh4/sensor_recovery_project/prediction_results_v9_trained_hybrid/baseline_01_hover_ATT_trained_hybrid_prediction_outputs.csv
10.699885,baseline_01_hover,Roll,bias,0.02746,1,0.0881780162453651,0.1156380162453651,0.0873156121118674,0.028322404133497694,0.028322404133497694,0.006865,1,10.0,0.02699991967128762,1,1,1,W10_N3_mean1x,10,3,1.0,1001,Roll_hybrid_prediction,/home/tchowdh4/sensor_recovery_project/logs/extracted_csv/baseline_01_hover_ATT.csv,/home/tchowdh4/sensor_recovery_project/prediction_results_v9_trained_hybrid/baseline_01_hover_ATT_trained_hybrid_prediction_outputs.csv
10.799845,baseline_01_hover,Roll,bias,0.02746,1,0.0876114219427108,0.11507142194271079,0.0863695952983912,0.028701826644319597,0.028701826644319597,0.006865,1,10.0,0.02758831597085919,1,1,1,W10_N3_mean1x,10,3,1.0,1001,Roll_hybrid_prediction,/home/tchowdh4/sensor_recovery_project/logs/extracted_csv/baseline_01_hover_ATT.csv,/home/tchowdh4/sensor_recovery_project/prediction_results_v9_trained_hybrid/baseline_01_hover_ATT_trained_hybrid_prediction_outputs.csv
10.899805,baseline_01_hover,Roll,bias,0.02746,1,0.0874915495514869,0.1149515495514869,0.0866467782382473,0.028304771313239593,0.028304771313239593,0.006865,1,10.0,0.027945336471492156,1,1,1,W10_N3_mean1x,10,3,1.0,1001,Roll_hybrid_prediction,/home/tchowdh4/sensor_recovery_project/logs/extracted_csv/baseline_01_hover_ATT.csv,/home/tchowdh4/sensor_recovery_project/prediction_results_v9_trained_hybrid/baseline_01_hover_ATT_trained_hybrid_prediction_outputs.csv
10.999765,baseline_01_hover,Roll,bias,0.02746,1,0.0869130194187164,0.1143730194187164,0.0858061846802515,0.0285668347384649,0.0285668347384649,0.006865,1,10.0,0.028181550561537382,1,1,1,W10_N3_mean1x,10,3,1.0,1001,Roll_hybrid_prediction,/home/tchowdh4/sensor_recovery_project/logs/extracted_csv/baseline_01_hover_ATT.csv,/home/tchowdh4/sensor_recovery_project/prediction_results_v9_trained_hybrid/baseline_01_hover_ATT_trained_hybrid_prediction_outputs.csv
11.099725,baseline_01_hover,Roll,bias,0.02746,1,0.0861709639430046,0.11363096394300459,0.0850460282987536,0.02858493564425099,0.02858493564425099,0.006865,1,10.0,0.02827575501712031,1,1,1,W10_N3_mean1x,10,3,1.0,1001,Roll_hybrid_prediction,/home/tchowdh4/sensor_recovery_project/logs/extracted_csv/baseline_01_hover_ATT.csv,/home/tchowdh4/sensor_recovery_project/prediction_results_v9_trained_hybrid/baseline_01_hover_ATT_trained_hybrid_prediction_outputs.csv
11.199685,baseline_01_hover,Roll,bias,0.02746,1,0.0855701118707656,0.1130301118707656,0.0843641446273901,0.0286659672433755,0.0286659672433755,0.006865,1,10.0,0.028371799753442322,1,1,1,W10_N3_mean1x,10,3,1.0,1001,Roll_hybrid_prediction,/home/tchowdh4/sensor_recovery_project/logs/extracted_csv/baseline_01_hover_ATT.csv,/home/tchowdh4/sensor_recovery_project/prediction_results_v9_trained_hybrid/baseline_01_hover_ATT_trained_hybrid_prediction_outputs.csv
11.299645,baseline_01_hover,Roll,bias,0.02746,1,0.0851713865995407,0.1126313865995407,0.0841549820450438,0.02847640455449689,0.02847640455449689,0.006865,1,10.0,0.028414725650867678,1,1,1,W10_N3_mean1x,10,3,1.0,1001,Roll_hybrid_prediction,/home/tchowdh4/sensor_recovery_project/logs/extracted_csv/baseline_01_hover_ATT.csv,/home/tchowdh4/sensor_recovery_project/prediction_results_v9_trained_hybrid/baseline_01_hover_ATT_trained_hybrid_prediction_outputs.csv
11.399605,baseline_01_hover,Roll,bias,0.02746,1,0.0844378024339675,0.11189780243396749,0.0833142099512414,0.028583592482726086,0.028583592482726086,0.006865,1,10.0,0.028459399766721516,1,1,1,W10_N3_mean1x,10,3,1.0,1001,Roll_hybrid_prediction,/home/tchowdh4/sensor_recovery_project/logs/extracted_csv/baseline_01_hover_ATT.csv,/home/tchowdh4/sensor_recovery_project/prediction_results_v9_trained_hybrid/baseline_01_hover_ATT_trained_hybrid_prediction_outputs.csv
11.499565,baseline_01_hover,Roll,bias,0.02746,1,0.0838406905531883,0.1113006905531883,0.0830998521602492,0.02820083839293909,0.02820083839293909,0.006865,1,10.0,0.028466614517485944,1,1,1,W10_N3_mean1x,10,3,1.0,1001,Roll_hybrid_prediction,/home/tchowdh4/sensor_recovery_project/logs/extracted_csv/baseline_01_hover_ATT.csv,/home/tchowdh4/sensor_recovery_project/prediction_results_v9_trained_hybrid/baseline_01_hover_ATT_trained_hybrid_prediction_outputs.csv
11.599525,baseline_01_hover,Roll,bias,0.02746,1,0.0834990218281745,0.11095902182817449,0.0826644433968541,0.028294578431320397,0.028294578431320397,0.006865,1,10.0,0.028470215357863073,1,1,1,W10_N3_mean1x,10,3,1.0,1001,Roll_hybrid_prediction,/home/tchowdh4/sensor_recovery_project/logs/extracted_csv/baseline_01_hover_ATT.csv,/home/tchowdh4/sensor_recovery_project/prediction_results_v9_trained_hybrid/baseline_01_hover_ATT_trained_hybrid_prediction_outputs.csv
11.699485,baseline_01_hover,Roll,bias,0.02746,1,0.0829582214355468,0.1104182214355468,0.0818957811527849,0.028522440282761907,0.028522440282761907,0.006865,1,10.0,0.028490218972789493,1,1,1,W10_N3_mean1x,10,3,1.0,1001,Roll_hybrid_prediction,/home/tchowdh4/sensor_recovery_project/logs/extracted_csv/baseline_01_hover_ATT.csv,/home/tchowdh4/sensor_recovery_project/prediction_results_v9_trained_hybrid/baseline_01_hover_ATT_trained_hybrid_prediction_outputs.csv
11.799445,baseline_01_hover,Roll,bias,0.02746,1,0.0824110135436058,0.1098710135436058,0.0815569631866918,0.028314050356914006,0.028314050356914006,0.006865,1,10.0,0.028451441344048933,1,1,1,W10_N3_mean1x,10,3,1.0,1001,Roll_hybrid_prediction,/home/tchowdh4/sensor_recovery_project/logs/extracted_csv/baseline_01_hover_ATT.csv,/home/tchowdh4/sensor_recovery_project/prediction_results_v9_trained_hybrid/baseline_01_hover_ATT_trained_hybrid_prediction_outputs.csv
11.899405,baseline_01_hover,Roll,bias,0.02746,1,0.0819540992379188,0.1094140992379188,0.0808973638955057,0.0285167353424131,0.0285167353424131,0.006865,1,10.0,0.02847263774696629,1,1,1,W10_N3_mean1x,10,3,1.0,1001,Roll_hybrid_prediction,/home/tchowdh4/sensor_recovery_project/logs/extracted_csv/baseline_01_hover_ATT.csv,/home/tchowdh4/sensor_recovery_project/prediction_results_v9_trained_hybrid/baseline_01_hover_ATT_trained_hybrid_prediction_outputs.csv
11.999365,baseline_01_hover,Roll,bias,0.02746,1,0.0815684348344802,0.1090284348344802,0.0806461985711251,0.028382236263355107,0.028382236263355107,0.006865,1,10.0,0.028454177899455313,1,1,1,W10_N3_mean1x,10,3,1.0,1001,Roll_hybrid_prediction,/home/tchowdh4/sensor_recovery_project/logs/extracted_csv/baseline_01_hover_ATT.csv,/home/tchowdh4/sensor_recovery_project/prediction_results_v9_trained_hybrid/baseline_01_hover_ATT_trained_hybrid_prediction_outputs.csv
12.099325,baseline_01_hover,Roll,bias,0.02746,1,0.080948531627655,0.108408531627655,0.0797875219996917,0.028621009627963295,0.028621009627963295,0.006865,1,10.0,0.028457785297826537,1,1,1,W10_N3_mean1x,10,3,1.0,1001,Roll_hybrid_prediction,/home/tchowdh4/sensor_recovery_project/logs/extracted_csv/baseline_01_hover_ATT.csv,/home/tchowdh4/sensor_recovery_project/prediction_results_v9_trained_hybrid/baseline_01_hover_ATT_trained_hybrid_prediction_outputs.csv
12.199285,baseline_01_hover,Roll,bias,0.02746,1,0.0806379690766334,0.1080979690766334,0.0798599247227713,0.028238044353862096,0.028238044353862096,0.006865,1,10.0,0.0284149930088752,1,1,1,W10_N3_mean1x,10,3,1.0,1001,Roll_hybrid_prediction,/home/tchowdh4/sensor_recovery_project/logs/extracted_csv/baseline_01_hover_ATT.csv,/home/tchowdh4/sensor_recovery_project/prediction_results_v9_trained_hybrid/baseline_01_hover_ATT_trained_hybrid_prediction_outputs.csv
12.300078,baseline_01_hover,Roll,bias,0.02746,1,0.0802503749728202,0.1077103749728202,0.0792454678130526,0.0284649071597676,0.0284649071597676,0.006865,1,10.0,0.028413843269402266,1,1,1,W10_N3_mean1x,10,3,1.0,1001,Roll_hybrid_prediction,/home/tchowdh4/sensor_recovery_project/logs/extracted_csv/baseline_01_hover_ATT.csv,/home/tchowdh4/sensor_recovery_project/prediction_results_v9_trained_hybrid/baseline_01_hover_ATT_trained_hybrid_prediction_outputs.csv
12.400038,baseline_01_hover,Roll,bias,0.02746,1,0.0801830664277076,0.1076430664277076,0.0793147265358061,0.028328339891901505,0.028328339891901505,0.006865,1,10.0,0.028388318010319814,1,1,1,W10_N3_mean1x,10,3,1.0,1001,Roll_hybrid_prediction,/home/tchowdh4/sensor_recovery_project/logs/extracted_csv/baseline_01_hover_ATT.csv,/home/tchowdh4/sensor_recovery_project/prediction_results_v9_trained_hybrid/baseline_01_hover_ATT_trained_hybrid_prediction_outputs.csv
12.499998,baseline_01_hover,Roll,bias,0.02746,1,0.0799998790025711,0.1074598790025711,0.0791234599115667,0.0283364190910044,0.0283364190910044,0.006865,1,10.0,0.028401876080126343,1,1,1,W10_N3_mean1x,10,3,1.0,1001,Roll_hybrid_prediction,/home/tchowdh4/sensor_recovery_project/logs/extracted_csv/baseline_01_hover_ATT.csv,/home/tchowdh4/sensor_recovery_project/prediction_results_v9_trained_hybrid/baseline_01_hover_ATT_trained_hybrid_prediction_outputs.csv
12.599958,baseline_01_hover,Roll,bias,0.02746,1,0.0799792930483818,0.1074392930483818,0.0794398744860676,0.027999418562314207,0.027999418562314207,0.006865,1,10.0,0.028372360093225718,1,1,1,W10_N3_mean1x,10,3,1.0,1001,Roll_hybrid_prediction,/home/tchowdh4/sensor_recovery_project/logs/extracted_csv/baseline_01_hover_ATT.csv,/home/tchowdh4/sensor_recovery_project/prediction_results_v9_trained_hybrid/baseline_01_hover_ATT_trained_hybrid_prediction_outputs.csv
12.699918,baseline_01_hover,Roll,bias,0.02746,1,0.0798991471529007,0.1073591471529007,0.0793017920761665,0.028057355076734194,0.028057355076734194,0.006865,1,10.0,0.02832585157262295,1,1,1,W10_N3_mean1x,10,3,1.0,1001,Roll_hybrid_prediction,/home/tchowdh4/sensor_recovery_project/logs/extracted_csv/baseline_01_hover_ATT.csv,/home/tchowdh4/sensor_recovery_project/prediction_results_v9_trained_hybrid/baseline_01_hover_ATT_trained_hybrid_prediction_outputs.csv
12.799878,baseline_01_hover,Roll,bias,0.02746,1,0.0800845772027969,0.10754457720279689,0.0797034458606201,0.027841131342176792,0.027841131342176792,0.006865,1,10.0,0.028278559671149228,1,1,1,W10_N3_mean1x,10,3,1.0,1001,Roll_hybrid_prediction,/home/tchowdh4/sensor_recovery_project/logs/extracted_csv/baseline_01_hover_ATT.csv,/home/tchowdh4/sensor_recovery_project/prediction_results_v9_trained_hybrid/baseline_01_hover_ATT_trained_hybrid_prediction_outputs.csv
12.899838,baseline_01_hover,Roll,bias,0.02746,1,0.0801165327429771,0.1075765327429771,0.0794703035075937,0.028106229235383404,0.028106229235383404,0.006865,1,10.0,0.02823750906044626,1,1,1,W10_N3_mean1x,10,3,1.0,1001,Roll_hybrid_prediction,/home/tchowdh4/sensor_recovery_project/logs/extracted_csv/baseline_01_hover_ATT.csv,/home/tchowdh4/sensor_recovery_project/prediction_results_v9_trained_hybrid/baseline_01_hover_ATT_trained_hybrid_prediction_outputs.csv
12.999798,baseline_01_hover,Roll,bias,0.02746,1,0.0803195014595985,0.1077795014595985,0.0797686602103511,0.028010841249247395,0.028010841249247395,0.006865,1,10.0,0.028200369559035494,1,1,1,W10_N3_mean1x,10,3,1.0,1001,Roll_hybrid_prediction,/home/tchowdh4/sensor_recovery_project/logs/extracted_csv/baseline_01_hover_ATT.csv,/home/tchowdh4/sensor_recovery_project/prediction_results_v9_trained_hybrid/baseline_01_hover_ATT_trained_hybrid_prediction_outputs.csv
13.099758,baseline_01_hover,Roll,bias,0.02746,1,0.0805740728974342,0.1080340728974342,0.0801751633107058,0.027858909586728403,0.027858909586728403,0.006865,1,10.0,0.028124159554911998,1,1,1,W10_N3_mean1x,10,3,1.0,1001,Roll_hybrid_prediction,/home/tchowdh4/sensor_recovery_project/logs/extracted_csv/baseline_01_hover_ATT.csv,/home/tchowdh4/sensor_recovery_project/prediction_results_v9_trained_hybrid/baseline_01_hover_ATT_trained_hybrid_prediction_outputs.csv
13.199718,baseline_01_hover,Roll,bias,0.02746,1,0.0808613821864128,0.1083213821864128,0.0804579567978182,0.027863425388594598,0.027863425388594598,0.006865,1,10.0,0.028086697658385246,1,1,1,W10_N3_mean1x,10,3,1.0,1001,Roll_hybrid_prediction,/home/tchowdh4/sensor_recovery_project/logs/extracted_csv/baseline_01_hover_ATT.csv,/home/tchowdh4/sensor_recovery_project/prediction_results_v9_trained_hybrid/baseline_01_hover_ATT_trained_hybrid_prediction_outputs.csv
13.299678,baseline_01_hover,Roll,bias,0.02746,1,0.0811933726072311,0.1086533726072311,0.0806304749437247,0.028022897663506394,0.028022897663506394,0.006865,1,10.0,0.028042496708759128,1,1,1,W10_N3_mean1x,10,3,1.0,1001,Roll_hybrid_prediction,/home/tchowdh4/sensor_recovery_project/logs/extracted_csv/baseline_01_hover_ATT.csv,/home/tchowdh4/sensor_recovery_project/prediction_results_v9_trained_hybrid/baseline_01_hover_ATT_trained_hybrid_prediction_outputs.csv
13.399638,baseline_01_hover,Roll,bias,0.02746,1,0.0815997421741485,0.1090597421741485,0.0812059855777867,0.0278537565963618,0.0278537565963618,0.006865,1,10.0,0.02799503837920516,1,1,1,W10_N3_mean1x,10,3,1.0,1001,Roll_hybrid_prediction,/home/tchowdh4/sensor_recovery_project/logs/extracted_csv/baseline_01_hover_ATT.csv,/home/tchowdh4/sensor_recovery_project/prediction_results_v9_trained_hybrid/baseline_01_hover_ATT_trained_hybrid_prediction_outputs.csv
13.499598,baseline_01_hover,Roll,bias,0.02746,1,0.0819076150655746,0.1093676150655746,0.0816298901504842,0.027737724915090398,0.027737724915090398,0.006865,1,10.0,0.02793516896161376,1,1,1,W10_N3_mean1x,10,3,1.0,1001,Roll_hybrid_prediction,/home/tchowdh4/sensor_recovery_project/logs/extracted_csv/baseline_01_hover_ATT.csv,/home/tchowdh4/sensor_recovery_project/prediction_results_v9_trained_hybrid/baseline_01_hover_ATT_trained_hybrid_prediction_outputs.csv
13.599558,baseline_01_hover,Roll,bias,0.02746,1,0.0823711305856704,0.1098311305856704,0.0819194862160176,0.027911644369652794,0.027911644369652794,0.006865,1,10.0,0.027926391542347617,1,1,1,W10_N3_mean1x,10,3,1.0,1001,Roll_hybrid_prediction,/home/tchowdh4/sensor_recovery_project/logs/extracted_csv/baseline_01_hover_ATT.csv,/home/tchowdh4/sensor_recovery_project/prediction_results_v9_trained_hybrid/baseline_01_hover_ATT_trained_hybrid_prediction_outputs.csv
13.699518,baseline_01_hover,Roll,bias,0.02746,1,0.0826674327254295,0.11012743272542949,0.0821491096446988,0.027978323080730685,0.027978323080730685,0.006865,1,10.0,0.02791848834274726,1,1,1,W10_N3_mean1x,10,3,1.0,1001,Roll_hybrid_prediction,/home/tchowdh4/sensor_recovery_project/logs/extracted_csv/baseline_01_hover_ATT.csv,/home/tchowdh4/sensor_recovery_project/prediction_results_v9_trained_hybrid/baseline_01_hover_ATT_trained_hybrid_prediction_outputs.csv
13.799478,baseline_01_hover,Roll,bias,0.02746,1,0.0830026343464851,0.1104626343464851,0.0825332403614539,0.027929393985031192,0.027929393985031192,0.006865,1,10.0,0.027927314607032704,1,1,1,W10_N3_mean1x,10,3,1.0,1001,Roll_hybrid_prediction,/home/tchowdh4/sensor_recovery_project/logs/extracted_csv/baseline_01_hover_ATT.csv,/home/tchowdh4/sensor_recovery_project/prediction_results_v9_trained_hybrid/baseline_01_hover_ATT_trained_hybrid_prediction_outputs.csv
13.899438,baseline_01_hover,Roll,bias,0.02746,1,0.0831773206591606,0.1106373206591606,0.0825038489833184,0.028133471675842195,0.028133471675842195,0.006865,1,10.0,0.027930038851078587,1,1,1,W10_N3_mean1x,10,3,1.0,1001,Roll_hybrid_prediction,/home/tchowdh4/sensor_recovery_project/logs/extracted_csv/baseline_01_hover_ATT.csv,/home/tchowdh4/sensor_recovery_project/prediction_results_v9_trained_hybrid/baseline_01_hover_ATT_trained_hybrid_prediction_outputs.csv
13.999398,baseline_01_hover,Roll,bias,0.02746,1,0.0835173204541206,0.11097732045412059,0.0831218617084592,0.027855458745661393,0.027855458745661393,0.006865,1,10.0,0.027914500600719983,1,1,1,W10_N3_mean1x,10,3,1.0,1001,Roll_hybrid_prediction,/home/tchowdh4/sensor_recovery_project/logs/extracted_csv/baseline_01_hover_ATT.csv,/home/tchowdh4/sensor_recovery_project/prediction_results_v9_trained_hybrid/baseline_01_hover_ATT_trained_hybrid_prediction_outputs.csv
14.099358,baseline_01_hover,Roll,bias,0.02746,1,0.0839971601963043,0.11145716019630429,0.0836167126596204,0.027840447536683896,0.027840447536683896,0.006865,1,10.0,0.027912654395715535,1,1,1,W10_N3_mean1x,10,3,1.0,1001,Roll_hybrid_prediction,/home/tchowdh4/sensor_recovery_project/logs/extracted_csv/baseline_01_hover_ATT.csv,/home/tchowdh4/sensor_recovery_project/prediction_results_v9_trained_hybrid/baseline_01_hover_ATT_trained_hybrid_prediction_outputs.csv
14.199318,baseline_01_hover,Roll,bias,0.02746,1,0.0843730643391609,0.1118330643391609,0.0839029445404195,0.02793011979874141,0.02793011979874141,0.006865,1,10.0,0.027919323836730216,1,1,1,W10_N3_mean1x,10,3,1.0,1001,Roll_hybrid_prediction,/home/tchowdh4/sensor_recovery_project/logs/extracted_csv/baseline_01_hover_ATT.csv,/home/tchowdh4/sensor_recovery_project/prediction_results_v9_trained_hybrid/baseline_01_hover_ATT_trained_hybrid_prediction_outputs.csv
14.300111,baseline_01_hover,Roll,bias,0.02746,1,0.0850849226117134,0.1125449226117134,0.0847819710684071,0.027762951543306297,0.027762951543306297,0.006865,1,10.0,0.027893329224710207,1,1,1,W10_N3_mean1x,10,3,1.0,1001,Roll_hybrid_prediction,/home/tchowdh4/sensor_recovery_project/logs/extracted_csv/baseline_01_hover_ATT.csv,/home/tchowdh4/sensor_recovery_project/prediction_results_v9_trained_hybrid/baseline_01_hover_ATT_trained_hybrid_prediction_outputs.csv
14.400071,baseline_01_hover,Roll,bias,0.02746,1,0.0856627598404884,0.1131227598404884,0.0851612764984918,0.027961483341996607,0.027961483341996607,0.006865,1,10.0,0.027904101899273687,1,1,1,W10_N3_mean1x,10,3,1.0,1001,Roll_hybrid_prediction,/home/tchowdh4/sensor_recovery_project/logs/extracted_csv/baseline_01_hover_ATT.csv,/home/tchowdh4/sensor_recovery_project/prediction_results_v9_trained_hybrid/baseline_01_hover_ATT_trained_hybrid_prediction_outputs.csv
14.500031,baseline_01_hover,Roll,bias,0.02746,1,0.0861020684242248,0.1135620684242248,0.0855549212628326,0.0280071471613922,0.0280071471613922,0.006865,1,10.0,0.027931044123903865,1,1,1,W10_N3_mean1x,10,3,1.0,1001,Roll_hybrid_prediction,/home/tchowdh4/sensor_recovery_project/logs/extracted_csv/baseline_01_hover_ATT.csv,/home/tchowdh4/sensor_recovery_project/prediction_results_v9_trained_hybrid/baseline_01_hover_ATT_trained_hybrid_prediction_outputs.csv
14.599991,baseline_01_hover,Roll,bias,0.02746,1,0.0865679159760475,0.1140279159760475,0.0861800765811665,0.027847839394881002,0.027847839394881002,0.006865,1,10.0,0.027924663626426687,1,1,1,W10_N3_mean1x,10,3,1.0,1001,Roll_hybrid_prediction,/home/tchowdh4/sensor_recovery_project/logs/extracted_csv/baseline_01_hover_ATT.csv,/home/tchowdh4/sensor_recovery_project/prediction_results_v9_trained_hybrid/baseline_01_hover_ATT_trained_hybrid_prediction_outputs.csv
14.699951,baseline_01_hover,Roll,bias,0.02746,1,0.0869908928871154,0.1144508928871154,0.086420905651727,0.028029987235388396,0.028029987235388396,0.006865,1,10.0,0.027929830041892457,1,1,1,W10_N3_mean1x,10,3,1.0,1001,Roll_hybrid_prediction,/home/tchowdh4/sensor_recovery_project/logs/extracted_csv/baseline_01_hover_ATT.csv,/home/tchowdh4/sensor_recovery_project/prediction_results_v9_trained_hybrid/baseline_01_hover_ATT_trained_hybrid_prediction_outputs.csv
14.799911,baseline_01_hover,Roll,bias,0.02746,1,0.087327666580677,0.114787666580677,0.0867569227305511,0.028030743850125897,0.028030743850125897,0.006865,1,10.0,0.02793996502840193,1,1,1,W10_N3_mean1x,10,3,1.0,1001,Roll_hybrid_prediction,/home/tchowdh4/sensor_recovery_project/logs/extracted_csv/baseline_01_hover_ATT.csv,/home/tchowdh4/sensor_recovery_project/prediction_results_v9_trained_hybrid/baseline_01_hover_ATT_trained_hybrid_prediction_outputs.csv
14.899871,baseline_01_hover,Roll,bias,0.02746,1,0.0877155289053917,0.11517552890539169,0.0872038235479283,0.02797170535746339,0.02797170535746339,0.006865,1,10.0,0.027923788396564047,1,1,1,W10_N3_mean1x,10,3,1.0,1001,Roll_hybrid_prediction,/home/tchowdh4/sensor_recovery_project/logs/extracted_csv/baseline_01_hover_ATT.csv,/home/tchowdh4/sensor_recovery_project/prediction_results_v9_trained_hybrid/baseline_01_hover_ATT_trained_hybrid_prediction_outputs.csv
14.999831,baseline_01_hover,Roll,bias,0.02746,0,0.0883702114224433,0.0883702114224433,0.0879985125165887,0.0003716989058546033,0.0003716989058546033,0.006865,0,9.0,0.02517541241258337,1,1,1,W10_N3_mean1x,10,3,1.0,1001,Roll_hybrid_prediction,/home/tchowdh4/sensor_recovery_project/logs/extracted_csv/baseline_01_hover_ATT.csv,/home/tchowdh4/sensor_recovery_project/prediction_results_v9_trained_hybrid/baseline_01_hover_ATT_trained_hybrid_prediction_outputs.csv
15.099791,baseline_01_hover,Roll,bias,0.02746,0,0.0890993922948837,0.0890993922948837,0.0888402780763803,0.00025911421850340066,0.00025911421850340066,0.006865,0,8.0,0.02241727908076532,1,1,1,W10_N3_mean1x,10,3,1.0,1001,Roll_hybrid_prediction,/home/tchowdh4/sensor_recovery_project/logs/extracted_csv/baseline_01_hover_ATT.csv,/home/tchowdh4/sensor_recovery_project/prediction_results_v9_trained_hybrid/baseline_01_hover_ATT_trained_hybrid_prediction_outputs.csv
15.199751,baseline_01_hover,Roll,bias,0.02746,0,0.0896323174238205,0.0896323174238205,0.0892410510984006,0.0003912663254199006,0.0003912663254199006,0.006865,0,7.0,0.01966339373343317,1,1,1,W10_N3_mean1x,10,3,1.0,1001,Roll_hybrid_prediction,/home/tchowdh4/sensor_recovery_project/logs/extracted_csv/baseline_01_hover_ATT.csv,/home/tchowdh4/sensor_recovery_project/prediction_results_v9_trained_hybrid/baseline_01_hover_ATT_trained_hybrid_prediction_outputs.csv
15.299711,baseline_01_hover,Roll,bias,0.02746,0,0.0900662094354629,0.0900662094354629,0.0895131138682056,0.0005530955672573001,0.0005530955672573001,0.006865,0,6.0,0.016942408135828268,1,1,1,W10_N3_mean1x,10,3,1.0,1001,Roll_hybrid_prediction,/home/tchowdh4/sensor_recovery_project/logs/extracted_csv/baseline_01_hover_ATT.csv,/home/tchowdh4/sensor_recovery_project/prediction_results_v9_trained_hybrid/baseline_01_hover_ATT_trained_hybrid_prediction_outputs.csv
15.399671,baseline_01_hover,Roll,bias,0.02746,0,0.0906264781951904,0.0906264781951904,0.0902487274231398,0.00037775077205060015,0.00037775077205060015,0.006865,0,5.0,0.014184034878833667,1,1,1,W10_N3_mean1x,10,3,1.0,1001,Roll_hybrid_prediction,/home/tchowdh4/sensor_recovery_project/logs/extracted_csv/baseline_01_hover_ATT.csv,/home/tchowdh4/sensor_recovery_project/prediction_results_v9_trained_hybrid/baseline_01_hover_ATT_trained_hybrid_prediction_outputs.csv
15.499631,baseline_01_hover,Roll,bias,0.02746,0,0.0913288369774818,0.0913288369774818,0.0909411976179845,0.0003876393594973021,0.0003876393594973021,0.006865,0,4.0,0.011422084098644179,1,1,1,W10_N3_mean1x,10,3,1.0,1001,Roll_hybrid_prediction,/home/tchowdh4/sensor_recovery_project/logs/extracted_csv/baseline_01_hover_ATT.csv,/home/tchowdh4/sensor_recovery_project/prediction_results_v9_trained_hybrid/baseline_01_hover_ATT_trained_hybrid_prediction_outputs.csv
15.599591,baseline_01_hover,Roll,bias,0.02746,0,0.0920023843646049,0.0920023843646049,0.0916542141078222,0.0003481702567827011,0.0003481702567827011,0.006865,0,3.0,0.00867211718483435,1,1,1,W10_N3_mean1x,10,3,1.0,1001,Roll_hybrid_prediction,/home/tchowdh4/sensor_recovery_project/logs/extracted_csv/baseline_01_hover_ATT.csv,/home/tchowdh4/sensor_recovery_project/prediction_results_v9_trained_hybrid/baseline_01_hover_ATT_trained_hybrid_prediction_outputs.csv
15.699551,baseline_01_hover,Roll,bias,0.02746,0,0.092424564063549,0.092424564063549,0.0918515947416154,0.0005729693219335974,0.0005729693219335974,0.006865,0,2.0,0.005926415393488869,0,0,0,W10_N3_mean1x,10,3,1.0,1001,Roll_hybrid_prediction,/home/tchowdh4/sensor_recovery_project/logs/extracted_csv/baseline_01_hover_ATT.csv,/home/tchowdh4/sensor_recovery_project/prediction_results_v9_trained_hybrid/baseline_01_hover_ATT_trained_hybrid_prediction_outputs.csv
15.799511,baseline_01_hover,Roll,bias,0.02746,0,0.0928666591644287,0.0928666591644287,0.0925623906419782,0.00030426852245049596,0.00030426852245049596,0.006865,0,1.0,0.0031537678607213293,0,0,0,W10_N3_mean1x,10,3,1.0,1001,Roll_hybrid_prediction,/home/tchowdh4/sensor_recovery_project/logs/extracted_csv/baseline_01_hover_ATT.csv,/home/tchowdh4/sensor_recovery_project/prediction_results_v9_trained_hybrid/baseline_01_hover_ATT_trained_hybrid_prediction_outputs.csv
15.899471,baseline_01_hover,Roll,bias,0.02746,0,0.0933255329728126,0.0933255329728126,0.0928113487792924,0.0005141841935202007,0.0005141841935202007,0.006865,0,0.0,0.0004080157443270102,0,0,0,W10_N3_mean1x,10,3,1.0,1001,Roll_hybrid_prediction,/home/tchowdh4/sensor_recovery_project/logs/extracted_csv/baseline_01_hover_ATT.csv,/home/tchowdh4/sensor_recovery_project/prediction_results_v9_trained_hybrid/baseline_01_hover_ATT_trained_hybrid_prediction_outputs.csv
15.999431,baseline_01_hover,Roll,bias,0.02746,0,0.0938942953944206,0.0938942953944206,0.0934905011014269,0.00040379429299369773,0.00040379429299369773,0.006865,0,0.0,0.0004112252830409197,0,0,0,W10_N3_mean1x,10,3,1.0,1001,Roll_hybrid_prediction,/home/tchowdh4/sensor_recovery_project/logs/extracted_csv/baseline_01_hover_ATT.csv,/home/tchowdh4/sensor_recovery_project/prediction_results_v9_trained_hybrid/baseline_01_hover_ATT_trained_hybrid_prediction_outputs.csv
16.099391,baseline_01_hover,Roll,bias,0.02746,0,0.0944147706031799,0.0944147706031799,0.0938680470970496,0.0005467235061303033,0.0005467235061303033,0.006865,0,0.0,0.00043998621180360993,0,0,0,W10_N3_mean1x,10,3,1.0,1001,Roll_hybrid_prediction,/home/tchowdh4/sensor_recovery_project/logs/extracted_csv/baseline_01_hover_ATT.csv,/home/tchowdh4/sensor_recovery_project/prediction_results_v9_trained_hybrid/baseline_01_hover_ATT_trained_hybrid_prediction_outputs.csv
16.199351,baseline_01_hover,Roll,bias,0.02746,0,0.0951955690979957,0.0951955690979957,0.0949012968694937,0.0002942722285020072,0.0002942722285020072,0.006865,0,0.0,0.0004302868021118206,0,0,0,W10_N3_mean1x,10,3,1.0,1001,Roll_hybrid_prediction,/home/tchowdh4/sensor_recovery_project/logs/extracted_csv/baseline_01_hover_ATT.csv,/home/tchowdh4/sensor_recovery_project/prediction_results_v9_trained_hybrid/baseline_01_hover_ATT_trained_hybrid_prediction_outputs.csv
16.299311,baseline_01_hover,Roll,bias,0.02746,0,0.0957112088799476,0.0957112088799476,0.095033104522061,0.0006781043578866081,0.0006781043578866081,0.006865,0,0.0,0.00044278768117475136,0,0,0,W10_N3_mean1x,10,3,1.0,1001,Roll_hybrid_prediction,/home/tchowdh4/sensor_recovery_project/logs/extracted_csv/baseline_01_hover_ATT.csv,/home/tchowdh4/sensor_recovery_project/prediction_results_v9_trained_hybrid/baseline_01_hover_ATT_trained_hybrid_prediction_outputs.csv
16.400104,baseline_01_hover,Roll,bias,0.02746,0,0.0964463576674461,0.0964463576674461,0.096116591552875,0.00032976611457109783,0.00032976611457109783,0.006865,0,0.0,0.00043798921542680114,0,0,0,W10_N3_mean1x,10,3,1.0,1001,Roll_hybrid_prediction,/home/tchowdh4/sensor_recovery_project/logs/extracted_csv/baseline_01_hover_ATT.csv,/home/tchowdh4/sensor_recovery_project/prediction_results_v9_trained_hybrid/baseline_01_hover_ATT_trained_hybrid_prediction_outputs.csv
16.500064,baseline_01_hover,Roll,bias,0.02746,0,0.0970029234886169,0.0970029234886169,0.0963978532822591,0.0006050702063578051,0.0006050702063578051,0.006865,0,0.0,0.0004597323001128514,0,0,0,W10_N3_mean1x,10,3,1.0,1001,Roll_hybrid_prediction,/home/tchowdh4/sensor_recovery_project/logs/extracted_csv/baseline_01_hover_ATT.csv,/home/tchowdh4/sensor_recovery_project/prediction_results_v9_trained_hybrid/baseline_01_hover_ATT_trained_hybrid_prediction_outputs.csv
16.600024,baseline_01_hover,Roll,bias,0.02746,0,0.0978109613060951,0.0978109613060951,0.0973018640633056,0.0005090972427894969,0.0005090972427894969,0.006865,0,0.0,0.000475824998713531,0,0,0,W10_N3_mean1x,10,3,1.0,1001,Roll_hybrid_prediction,/home/tchowdh4/sensor_recovery_project/logs/extracted_csv/baseline_01_hover_ATT.csv,/home/tchowdh4/sensor_recovery_project/prediction_results_v9_trained_hybrid/baseline_01_hover_ATT_trained_hybrid_prediction_outputs.csv
16.699984,baseline_01_hover,Roll,bias,0.02746,0,0.0983539819717407,0.0983539819717407,0.0978153886373671,0.0005385933343735883,0.0005385933343735883,0.006865,0,0.0,0.0004723873999575301,0,0,0,W10_N3_mean1x,10,3,1.0,1001,Roll_hybrid_prediction,/home/tchowdh4/sensor_recovery_project/logs/extracted_csv/baseline_01_hover_ATT.csv,/home/tchowdh4/sensor_recovery_project/prediction_results_v9_trained_hybrid/baseline_01_hover_ATT_trained_hybrid_prediction_outputs.csv
16.799944,baseline_01_hover,Roll,bias,0.02746,0,0.0990794450044632,0.0990794450044632,0.0983529889301133,0.0007264560743499016,0.0007264560743499016,0.006865,0,0.0,0.0005146061551474706,0,0,0,W10_N3_mean1x,10,3,1.0,1001,Roll_hybrid_prediction,/home/tchowdh4/sensor_recovery_project/logs/extracted_csv/baseline_01_hover_ATT.csv,/home/tchowdh4/sensor_recovery_project/prediction_results_v9_trained_hybrid/baseline_01_hover_ATT_trained_hybrid_prediction_outputs.csv
16.899904,baseline_01_hover,Roll,bias,0.02746,0,0.0996095612645149,0.0996095612645149,0.098812747651616,0.0007968136128988917,0.0007968136128988917,0.006865,0,0.0,0.0005428690970853397,0,0,0,W10_N3_mean1x,10,3,1.0,1001,Roll_hybrid_prediction,/home/tchowdh4/sensor_recovery_project/logs/extracted_csv/baseline_01_hover_ATT.csv,/home/tchowdh4/sensor_recovery_project/prediction_results_v9_trained_hybrid/baseline_01_hover_ATT_trained_hybrid_prediction_outputs.csv
16.999864,baseline_01_hover,Roll,bias,0.02746,0,0.0999841019511222,0.0999841019511222,0.0992394351202005,0.0007446668309216975,0.0007446668309216975,0.006865,0,0.0,0.0005769563508781397,0,0,0,W10_N3_mean1x,10,3,1.0,1001,Roll_hybrid_prediction,/home/tchowdh4/sensor_recovery_project/logs/extracted_csv/baseline_01_hover_ATT.csv,/home/tchowdh4/sensor_recovery_project/prediction_results_v9_trained_hybrid/baseline_01_hover_ATT_trained_hybrid_prediction_outputs.csv
17.099824,baseline_01_hover,Roll,bias,0.02746,0,0.1004654169082641,0.1004654169082641,0.0995949231708327,0.0008704937374314076,0.0008704937374314076,0.006865,0,0.0,0.0006093333740082501,0,0,0,W10_N3_mean1x,10,3,1.0,1001,Roll_hybrid_prediction,/home/tchowdh4/sensor_recovery_project/logs/extracted_csv/baseline_01_hover_ATT.csv,/home/tchowdh4/sensor_recovery_project/prediction_results_v9_trained_hybrid/baseline_01_hover_ATT_trained_hybrid_prediction_outputs.csv
17.199784,baseline_01_hover,Roll,bias,0.02746,0,0.1009066179394722,0.1009066179394722,0.1001404515945162,0.000766166344955993,0.000766166344955993,0.006865,0,0.0,0.0006565227856536488,0,0,0,W10_N3_mean1x,10,3,1.0,1001,Roll_hybrid_prediction,/home/tchowdh4/sensor_recovery_project/logs/extracted_csv/baseline_01_hover_ATT.csv,/home/tchowdh4/sensor_recovery_project/prediction_results_v9_trained_hybrid/baseline_01_hover_ATT_trained_hybrid_prediction_outputs.csv
17.299744,baseline_01_hover,Roll,bias,0.02746,0,0.101286232471466,0.101286232471466,0.1004276487843824,0.0008585836870835944,0.0008585836870835944,0.006865,0,0.0,0.0006745707185733474,0,0,0,W10_N3_mean1x,10,3,1.0,1001,Roll_hybrid_prediction,/home/tchowdh4/sensor_recovery_project/logs/extracted_csv/baseline_01_hover_ATT.csv,/home/tchowdh4/sensor_recovery_project/prediction_results_v9_trained_hybrid/baseline_01_hover_ATT_trained_hybrid_prediction_outputs.csv
17.399704,baseline_01_hover,Roll,bias,0.02746,0,0.1014982163906097,0.1014982163906097,0.100663860146054,0.0008343562445557035,0.0008343562445557035,0.006865,0,0.0,0.000725029731571808,0,0,0,W10_N3_mean1x,10,3,1.0,1001,Roll_hybrid_prediction,/home/tchowdh4/sensor_recovery_project/logs/extracted_csv/baseline_01_hover_ATT.csv,/home/tchowdh4/sensor_recovery_project/prediction_results_v9_trained_hybrid/baseline_01_hover_ATT_trained_hybrid_prediction_outputs.csv
17.499664,baseline_01_hover,Roll,bias,0.02746,0,0.10187778621912,0.10187778621912,0.1011272517205281,0.000750534498591901,0.000750534498591901,0.006865,0,0.0,0.0007395761607952176,0,0,0,W10_N3_mean1x,10,3,1.0,1001,Roll_hybrid_prediction,/home/tchowdh4/sensor_recovery_project/logs/extracted_csv/baseline_01_hover_ATT.csv,/home/tchowdh4/sensor_recovery_project/prediction_results_v9_trained_hybrid/baseline_01_hover_ATT_trained_hybrid_prediction_outputs.csv
17.599624,baseline_01_hover,Roll,bias,0.02746,0,0.102101944386959,0.102101944386959,0.1012055602685195,0.0008963841184395083,0.0008963841184395083,0.006865,0,0.0,0.0007783048483602187,0,0,0,W10_N3_mean1x,10,3,1.0,1001,Roll_hybrid_prediction,/home/tchowdh4/sensor_recovery_project/logs/extracted_csv/baseline_01_hover_ATT.csv,/home/tchowdh4/sensor_recovery_project/prediction_results_v9_trained_hybrid/baseline_01_hover_ATT_trained_hybrid_prediction_outputs.csv
17.699584,baseline_01_hover,Roll,bias,0.02746,0,0.1023658588528633,0.1023658588528633,0.1017013981875653,0.0006644606652980029,0.0006644606652980029,0.006865,0,0.0,0.0007908915814526602,0,0,0,W10_N3_mean1x,10,3,1.0,1001,Roll_hybrid_prediction,/home/tchowdh4/sensor_recovery_project/logs/extracted_csv/baseline_01_hover_ATT.csv,/home/tchowdh4/sensor_recovery_project/prediction_results_v9_trained_hybrid/baseline_01_hover_ATT_trained_hybrid_prediction_outputs.csv
17.799544,baseline_01_hover,Roll,bias,0.02746,0,0.1028861477971077,0.1028861477971077,0.1023639434786223,0.000522204318485403,0.000522204318485403,0.006865,0,0.0,0.0007704664058662102,0,0,0,W10_N3_mean1x,10,3,1.0,1001,Roll_hybrid_prediction,/home/tchowdh4/sensor_recovery_project/logs/extracted_csv/baseline_01_hover_ATT.csv,/home/tchowdh4/sensor_recovery_project/prediction_results_v9_trained_hybrid/baseline_01_hover_ATT_trained_hybrid_prediction_outputs.csv
17.899504,baseline_01_hover,Roll,bias,0.02746,0,0.1031446456909179,0.1031446456909179,0.1022545112884294,0.0008901344024885016,0.0008901344024885016,0.006865,0,0.0,0.0007797984848251713,0,0,0,W10_N3_mean1x,10,3,1.0,1001,Roll_hybrid_prediction,/home/tchowdh4/sensor_recovery_project/logs/extracted_csv/baseline_01_hover_ATT.csv,/home/tchowdh4/sensor_recovery_project/prediction_results_v9_trained_hybrid/baseline_01_hover_ATT_trained_hybrid_prediction_outputs.csv
17.999464,baseline_01_hover,Roll,bias,0.02746,0,0.1036053150892257,0.1036053150892257,0.1027769105694588,0.000828404519766901,0.000828404519766901,0.006865,0,0.0,0.0007881722537096917,0,0,0,W10_N3_mean1x,10,3,1.0,1001,Roll_hybrid_prediction,/home/tchowdh4/sensor_recovery_project/logs/extracted_csv/baseline_01_hover_ATT.csv,/home/tchowdh4/sensor_recovery_project/prediction_results_v9_trained_hybrid/baseline_01_hover_ATT_trained_hybrid_prediction_outputs.csv
18.099424,baseline_01_hover,Roll,bias,0.02746,0,0.1039460897445678,0.1039460897445678,0.1029790257013136,0.0009670640432541955,0.0009670640432541955,0.006865,0,0.0,0.0007978292842919704,0,0,0,W10_N3_mean1x,10,3,1.0,1001,Roll_hybrid_prediction,/home/tchowdh4/sensor_recovery_project/logs/extracted_csv/baseline_01_hover_ATT.csv,/home/tchowdh4/sensor_recovery_project/prediction_results_v9_trained_hybrid/baseline_01_hover_ATT_trained_hybrid_prediction_outputs.csv
18.199384,baseline_01_hover,Roll,bias,0.02746,0,0.1042870804667472,0.1042870804667472,0.1035699556101814,0.0007171248565658039,0.0007171248565658039,0.006865,0,0.0,0.0007929251354529515,0,0,0,W10_N3_mean1x,10,3,1.0,1001,Roll_hybrid_prediction,/home/tchowdh4/sensor_recovery_project/logs/extracted_csv/baseline_01_hover_ATT.csv,/home/tchowdh4/sensor_recovery_project/prediction_results_v9_trained_hybrid/baseline_01_hover_ATT_trained_hybrid_prediction_outputs.csv
18.299344,baseline_01_hover,Roll,bias,0.02746,0,0.1043618768453598,0.1043618768453598,0.1033501166303398,0.0010117602150200022,0.0010117602150200022,0.006865,0,0.0,0.0008082427882465923,0,0,0,W10_N3_mean1x,10,3,1.0,1001,Roll_hybrid_prediction,/home/tchowdh4/sensor_recovery_project/logs/extracted_csv/baseline_01_hover_ATT.csv,/home/tchowdh4/sensor_recovery_project/prediction_results_v9_trained_hybrid/baseline_01_hover_ATT_trained_hybrid_prediction_outputs.csv
18.399304,baseline_01_hover,Roll,bias,0.02746,0,0.1047238260507583,0.1047238260507583,0.1039574686160862,0.000766357434672113,0.000766357434672113,0.006865,0,0.0,0.0008014429072582333,0,0,0,W10_N3_mean1x,10,3,1.0,1001,Roll_hybrid_prediction,/home/tchowdh4/sensor_recovery_project/logs/extracted_csv/baseline_01_hover_ATT.csv,/home/tchowdh4/sensor_recovery_project/prediction_results_v9_trained_hybrid/baseline_01_hover_ATT_trained_hybrid_prediction_outputs.csv
18.500097,baseline_01_hover,Roll,bias,0.02746,0,0.1048805862665176,0.1048805862665176,0.1040253048352533,0.0008552814312643015,0.0008552814312643015,0.006865,0,0.0,0.0008119176005254733,0,0,0,W10_N3_mean1x,10,3,1.0,1001,Roll_hybrid_prediction,/home/tchowdh4/sensor_recovery_project/logs/extracted_csv/baseline_01_hover_ATT.csv,/home/tchowdh4/sensor_recovery_project/prediction_results_v9_trained_hybrid/baseline_01_hover_ATT_trained_hybrid_prediction_outputs.csv
18.600057,baseline_01_hover,Roll,bias,0.02746,0,0.1051856204867363,0.1051856204867363,0.1044881346389515,0.0006974858477847984,0.0006974858477847984,0.006865,0,0.0,0.0007920277734600023,0,0,0,W10_N3_mean1x,10,3,1.0,1001,Roll_hybrid_prediction,/home/tchowdh4/sensor_recovery_project/logs/extracted_csv/baseline_01_hover_ATT.csv,/home/tchowdh4/sensor_recovery_project/prediction_results_v9_trained_hybrid/baseline_01_hover_ATT_trained_hybrid_prediction_outputs.csv
18.700017,baseline_01_hover,Roll,bias,0.02746,0,0.1051331013441085,0.1051331013441085,0.1039989852208732,0.0011341161232353014,0.0011341161232353014,0.006865,0,0.0,0.0008389933192537322,0,0,0,W10_N3_mean1x,10,3,1.0,1001,Roll_hybrid_prediction,/home/tchowdh4/sensor_recovery_project/logs/extracted_csv/baseline_01_hover_ATT.csv,/home/tchowdh4/sensor_recovery_project/prediction_results_v9_trained_hybrid/baseline_01_hover_ATT_trained_hybrid_prediction_outputs.csv
18.799977,baseline_01_hover,Roll,bias,0.02746,0,0.1052252948284149,0.1052252948284149,0.104345809818473,0.0008794850099419077,0.0008794850099419077,0.006865,0,0.0,0.0008747213883993826,0,0,0,W10_N3_mean1x,10,3,1.0,1001,Roll_hybrid_prediction,/home/tchowdh4/sensor_recovery_project/logs/extracted_csv/baseline_01_hover_ATT.csv,/home/tchowdh4/sensor_recovery_project/prediction_results_v9_trained_hybrid/baseline_01_hover_ATT_trained_hybrid_prediction_outputs.csv
18.899937,baseline_01_hover,Roll,bias,0.02746,0,0.1053410246968269,0.1053410246968269,0.1046317912620235,0.0007092334348033913,0.0007092334348033913,0.006865,0,0.0,0.0008566312916308716,0,0,0,W10_N3_mean1x,10,3,1.0,1001,Roll_hybrid_prediction,/home/tchowdh4/sensor_recovery_project/logs/extracted_csv/baseline_01_hover_ATT.csv,/home/tchowdh4/sensor_recovery_project/prediction_results_v9_trained_hybrid/baseline_01_hover_ATT_trained_hybrid_prediction_outputs.csv
18.999897,baseline_01_hover,Roll,bias,0.02746,0,0.1054349243640899,0.1054349243640899,0.1047123208150909,0.0007226035489990013,0.0007226035489990013,0.006865,0,0.0,0.0008460511945540816,0,0,0,W10_N3_mean1x,10,3,1.0,1001,Roll_hybrid_prediction,/home/tchowdh4/sensor_recovery_project/logs/extracted_csv/baseline_01_hover_ATT.csv,/home/tchowdh4/sensor_recovery_project/prediction_results_v9_trained_hybrid/baseline_01_hover_ATT_trained_hybrid_prediction_outputs.csv
19.099857,baseline_01_hover,Roll,bias,0.02746,0,0.1055605635046958,0.1055605635046958,0.1045316826885337,0.0010288808161620921,0.0010288808161620921,0.006865,0,0.0,0.0008522328718448713,0,0,0,W10_N3_mean1x,10,3,1.0,1001,Roll_hybrid_prediction,/home/tchowdh4/sensor_recovery_project/logs/extracted_csv/baseline_01_hover_ATT.csv,/home/tchowdh4/sensor_recovery_project/prediction_results_v9_trained_hybrid/baseline_01_hover_ATT_trained_hybrid_prediction_outputs.csv
19.199817,baseline_01_hover,Roll,bias,0.02746,0,0.1057780534029007,0.1057780534029007,0.1049913213652568,0.0007867320376439002,0.0007867320376439002,0.006865,0,0.0,0.000859193589952681,0,0,0,W10_N3_mean1x,10,3,1.0,1001,Roll_hybrid_prediction,/home/tchowdh4/sensor_recovery_project/logs/extracted_csv/baseline_01_hover_ATT.csv,/home/tchowdh4/sensor_recovery_project/prediction_results_v9_trained_hybrid/baseline_01_hover_ATT_trained_hybrid_prediction_outputs.csv
19.299777,baseline_01_hover,Roll,bias,0.02746,0,0.105878546833992,0.105878546833992,0.1050674562688014,0.0008110905651906031,0.0008110905651906031,0.006865,0,0.0,0.000839126624969741,0,0,0,W10_N3_mean1x,10,3,1.0,1001,Roll_hybrid_prediction,/home/tchowdh4/sensor_recovery_project/logs/extracted_csv/baseline_01_hover_ATT.csv,/home/tchowdh4/sensor_recovery_project/prediction_results_v9_trained_hybrid/baseline_01_hover_ATT_trained_hybrid_prediction_outputs.csv
19.399737,baseline_01_hover,Roll,bias,0.02746,0,0.1060552895069122,0.1060552895069122,0.1050852879173621,0.0009700015895501013,0.0009700015895501013,0.006865,0,0.0,0.0008594910404575399,0,0,0,W10_N3_mean1x,10,3,1.0,1001,Roll_hybrid_prediction,/home/tchowdh4/sensor_recovery_project/logs/extracted_csv/baseline_01_hover_ATT.csv,/home/tchowdh4/sensor_recovery_project/prediction_results_v9_trained_hybrid/baseline_01_hover_ATT_trained_hybrid_prediction_outputs.csv
19.499697,baseline_01_hover,Roll,bias,0.02746,0,0.1062768101692199,0.1062768101692199,0.105584887374101,0.0006919227951188989,0.0006919227951188989,0.006865,0,0.0,0.0008431551768429996,0,0,0,W10_N3_mean1x,10,3,1.0,1001,Roll_hybrid_prediction,/home/tchowdh4/sensor_recovery_project/logs/extracted_csv/baseline_01_hover_ATT.csv,/home/tchowdh4/sensor_recovery_project/prediction_results_v9_trained_hybrid/baseline_01_hover_ATT_trained_hybrid_prediction_outputs.csv
19.599657,baseline_01_hover,Roll,bias,0.02746,0,0.1063274964690208,0.1063274964690208,0.105236755689863,0.0010907407791578005,0.0010907407791578005,0.006865,0,0.0,0.0008824806699802998,0,0,0,W10_N3_mean1x,10,3,1.0,1001,Roll_hybrid_prediction,/home/tchowdh4/sensor_recovery_project/logs/extracted_csv/baseline_01_hover_ATT.csv,/home/tchowdh4/sensor_recovery_project/prediction_results_v9_trained_hybrid/baseline_01_hover_ATT_trained_hybrid_prediction_outputs.csv
19.699617,baseline_01_hover,Roll,bias,0.02746,0,0.1063407734036445,0.1063407734036445,0.1054654012063415,0.0008753721973030065,0.0008753721973030065,0.006865,0,0.0,0.0008566062773870703,0,0,0,W10_N3_mean1x,10,3,1.0,1001,Roll_hybrid_prediction,/home/tchowdh4/sensor_recovery_project/logs/extracted_csv/baseline_01_hover_ATT.csv,/home/tchowdh4/sensor_recovery_project/prediction_results_v9_trained_hybrid/baseline_01_hover_ATT_trained_hybrid_prediction_outputs.csv
19.799577,baseline_01_hover,Roll,bias,0.02746,0,0.1062589362263679,0.1062589362263679,0.1053046859452203,0.000954250281147595,0.000954250281147595,0.006865,0,0.0,0.0008640828045076391,0,0,0,W10_N3_mean1x,10,3,1.0,1001,Roll_hybrid_prediction,/home/tchowdh4/sensor_recovery_project/logs/extracted_csv/baseline_01_hover_ATT.csv,/home/tchowdh4/sensor_recovery_project/prediction_results_v9_trained_hybrid/baseline_01_hover_ATT_trained_hybrid_prediction_outputs.csv
19.899537,baseline_01_hover,Roll,bias,0.02746,0,0.1059863492846489,0.1059863492846489,0.1047717673910875,0.0012145818935613978,0.0012145818935613978,0.006865,0,0.0,0.0009146176503834397,0,0,0,W10_N3_mean1x,10,3,1.0,1001,Roll_hybrid_prediction,/home/tchowdh4/sensor_recovery_project/logs/extracted_csv/baseline_01_hover_ATT.csv,/home/tchowdh4/sensor_recovery_project/prediction_results_v9_trained_hybrid/baseline_01_hover_ATT_trained_hybrid_prediction_outputs.csv
19.999497,baseline_01_hover,Roll,bias,0.02746,0,0.1061389669775962,0.1061389669775962,0.1053672673847619,0.0007716995928342962,0.0007716995928342962,0.006865,0,0.0,0.0009195272547669692,0,0,0,W10_N3_mean1x,10,3,1.0,1001,Roll_hybrid_prediction,/home/tchowdh4/sensor_recovery_project/logs/extracted_csv/baseline_01_hover_ATT.csv,/home/tchowdh4/sensor_recovery_project/prediction_results_v9_trained_hybrid/baseline_01_hover_ATT_trained_hybrid_prediction_outputs.csv
20.099457,baseline_01_hover,Roll,bias,0.02746,0,0.1061161011457443,0.1061161011457443,0.1049579785354564,0.001158122610287901,0.001158122610287901,0.006865,0,0.0,0.0009324514341795501,0,0,0,W10_N3_mean1x,10,3,1.0,1001,Roll_hybrid_prediction,/home/tchowdh4/sensor_recovery_project/logs/extracted_csv/baseline_01_hover_ATT.csv,/home/tchowdh4/sensor_recovery_project/prediction_results_v9_trained_hybrid/baseline_01_hover_ATT_trained_hybrid_prediction_outputs.csv
20.199417,baseline_01_hover,Roll,bias,0.02746,0,0.1061130389571189,0.1061130389571189,0.1051577801750504,0.0009552587820685077,0.0009552587820685077,0.006865,0,0.0,0.0009493041086220108,0,0,0,W10_N3_mean1x,10,3,1.0,1001,Roll_hybrid_prediction,/home/tchowdh4/sensor_recovery_project/logs/extracted_csv/baseline_01_hover_ATT.csv,/home/tchowdh4/sensor_recovery_project/prediction_results_v9_trained_hybrid/baseline_01_hover_ATT_trained_hybrid_prediction_outputs.csv
20.299377,baseline_01_hover,Roll,bias,0.02746,0,0.1060642600059509,0.1060642600059509,0.1049726580691215,0.0010916019368294033,0.0010916019368294033,0.006865,0,0.0,0.0009773552457858908,0,0,0,W10_N3_mean1x,10,3,1.0,1001,Roll_hybrid_prediction,/home/tchowdh4/sensor_recovery_project/logs/extracted_csv/baseline_01_hover_ATT.csv,/home/tchowdh4/sensor_recovery_project/prediction_results_v9_trained_hybrid/baseline_01_hover_ATT_trained_hybrid_prediction_outputs.csv
20.399337,baseline_01_hover,Roll,bias,0.02746,0,0.1063503548502922,0.1063503548502922,0.1056979540692797,0.0006524007810125021,0.0006524007810125021,0.006865,0,0.0,0.0009455951649321309,0,0,0,W10_N3_mean1x,10,3,1.0,1001,Roll_hybrid_prediction,/home/tchowdh4/sensor_recovery_project/logs/extracted_csv/baseline_01_hover_ATT.csv,/home/tchowdh4/sensor_recovery_project/prediction_results_v9_trained_hybrid/baseline_01_hover_ATT_trained_hybrid_prediction_outputs.csv
20.499297,baseline_01_hover,Roll,bias,0.02746,0,0.1063553318381309,0.1063553318381309,0.1052436417237579,0.0011116901143729957,0.0011116901143729957,0.006865,0,0.0,0.0009875718968575405,0,0,0,W10_N3_mean1x,10,3,1.0,1001,Roll_hybrid_prediction,/home/tchowdh4/sensor_recovery_project/logs/extracted_csv/baseline_01_hover_ATT.csv,/home/tchowdh4/sensor_recovery_project/prediction_results_v9_trained_hybrid/baseline_01_hover_ATT_trained_hybrid_prediction_outputs.csv
20.60009,baseline_01_hover,Roll,bias,0.02746,0,0.1062927022576332,0.1062927022576332,0.1052710224552684,0.0010216798023647972,0.0010216798023647972,0.006865,0,0.0,0.0009806657991782402,0,0,0,W10_N3_mean1x,10,3,1.0,1001,Roll_hybrid_prediction,/home/tchowdh4/sensor_recovery_project/logs/extracted_csv/baseline_01_hover_ATT.csv,/home/tchowdh4/sensor_recovery_project/prediction_results_v9_trained_hybrid/baseline_01_hover_ATT_trained_hybrid_prediction_outputs.csv
20.70005,baseline_01_hover,Roll,bias,0.02746,0,0.1061017662286758,0.1061017662286758,0.1049458700213414,0.0011558962073344031,0.0011558962073344031,0.006865,0,0.0,0.00100871820018138,0,0,0,W10_N3_mean1x,10,3,1.0,1001,Roll_hybrid_prediction,/home/tchowdh4/sensor_recovery_project/logs/extracted_csv/baseline_01_hover_ATT.csv,/home/tchowdh4/sensor_recovery_project/prediction_results_v9_trained_hybrid/baseline_01_hover_ATT_trained_hybrid_prediction_outputs.csv
20.80001,baseline_01_hover,Roll,bias,0.02746,0,0.1062656044960022,0.1062656044960022,0.1053949940044886,0.0008706104915136015,0.0008706104915136015,0.006865,0,0.0,0.0010003542212179805,0,0,0,W10_N3_mean1x,10,3,1.0,1001,Roll_hybrid_prediction,/home/tchowdh4/sensor_recovery_project/logs/extracted_csv/baseline_01_hover_ATT.csv,/home/tchowdh4/sensor_recovery_project/prediction_results_v9_trained_hybrid/baseline_01_hover_ATT_trained_hybrid_prediction_outputs.csv
20.89997,baseline_01_hover,Roll,bias,0.02746,0,0.1062760949134826,0.1062760949134826,0.105390649899391,0.0008854450140916015,0.0008854450140916015,0.006865,0,0.0,0.0009674405332710009,0,0,0,W10_N3_mean1x,10,3,1.0,1001,Roll_hybrid_prediction,/home/tchowdh4/sensor_recovery_project/logs/extracted_csv/baseline_01_hover_ATT.csv,/home/tchowdh4/sensor_recovery_project/prediction_results_v9_trained_hybrid/baseline_01_hover_ATT_trained_hybrid_prediction_outputs.csv
20.99993,baseline_01_hover,Roll,bias,0.02746,0,0.106172539293766,0.106172539293766,0.1049769619004134,0.0011955773933525898,0.0011955773933525898,0.006865,0,0.0,0.0010098283133228303,0,0,0,W10_N3_mean1x,10,3,1.0,1001,Roll_hybrid_prediction,/home/tchowdh4/sensor_recovery_project/logs/extracted_csv/baseline_01_hover_ATT.csv,/home/tchowdh4/sensor_recovery_project/prediction_results_v9_trained_hybrid/baseline_01_hover_ATT_trained_hybrid_prediction_outputs.csv
21.09989,baseline_01_hover,Roll,bias,0.02746,0,0.1061741858720779,0.1061741858720779,0.1052139183711851,0.0009602675008928002,0.0009602675008928002,0.006865,0,0.0,0.0009900428023833202,0,0,0,W10_N3_mean1x,10,3,1.0,1001,Roll_hybrid_prediction,/home/tchowdh4/sensor_recovery_project/logs/extracted_csv/baseline_01_hover_ATT.csv,/home/tchowdh4/sensor_recovery_project/prediction_results_v9_trained_hybrid/baseline_01_hover_ATT_trained_hybrid_prediction_outputs.csv
21.19985,baseline_01_hover,Roll,bias,0.02746,0,0.1059840396046638,0.1059840396046638,0.1048100784013403,0.001173961203323498,0.001173961203323498,0.006865,0,0.0,0.0010119130445088193,0,0,0,W10_N3_mean1x,10,3,1.0,1001,Roll_hybrid_prediction,/home/tchowdh4/sensor_recovery_project/logs/extracted_csv/baseline_01_hover_ATT.csv,/home/tchowdh4/sensor_recovery_project/prediction_results_v9_trained_hybrid/baseline_01_hover_ATT_trained_hybrid_prediction_outputs.csv
21.29981,baseline_01_hover,Roll,bias,0.02746,0,0.1058619394898414,0.1058619394898414,0.1046539037302985,0.0012080357595429109,0.0012080357595429109,0.006865,0,0.0,0.00102355642678017,0,0,0,W10_N3_mean1x,10,3,1.0,1001,Roll_hybrid_prediction,/home/tchowdh4/sensor_recovery_project/logs/extracted_csv/baseline_01_hover_ATT.csv,/home/tchowdh4/sensor_recovery_project/prediction_results_v9_trained_hybrid/baseline_01_hover_ATT_trained_hybrid_prediction_outputs.csv
21.39977,baseline_01_hover,Roll,bias,0.02746,0,0.105815939605236,0.105815939605236,0.1048486457737067,0.0009672938315292978,0.0009672938315292978,0.006865,0,0.0,0.0010550457318318496,0,0,0,W10_N3_mean1x,10,3,1.0,1001,Roll_hybrid_prediction,/home/tchowdh4/sensor_recovery_project/logs/extracted_csv/baseline_01_hover_ATT.csv,/home/tchowdh4/sensor_recovery_project/prediction_results_v9_trained_hybrid/baseline_01_hover_ATT_trained_hybrid_prediction_outputs.csv
21.49973,baseline_01_hover,Roll,bias,0.02746,0,0.1058291122317314,0.1058291122317314,0.1046833871193705,0.0011457251123608986,0.0011457251123608986,0.006865,0,0.0,0.00105844923163064,0,0,0,W10_N3_mean1x,10,3,1.0,1001,Roll_hybrid_prediction,/home/tchowdh4/sensor_recovery_project/logs/extracted_csv/baseline_01_hover_ATT.csv,/home/tchowdh4/sensor_recovery_project/prediction_results_v9_trained_hybrid/baseline_01_hover_ATT_trained_hybrid_prediction_outputs.csv
21.59969,baseline_01_hover,Roll,bias,0.02746,0,0.105880469083786,0.105880469083786,0.1048264164966977,0.0010540525870882944,0.0010540525870882944,0.006865,0,0.0,0.0010616865101029896,0,0,0,W10_N3_mean1x,10,3,1.0,1001,Roll_hybrid_prediction,/home/tchowdh4/sensor_recovery_project/logs/extracted_csv/baseline_01_hover_ATT.csv,/home/tchowdh4/sensor_recovery_project/prediction_results_v9_trained_hybrid/baseline_01_hover_ATT_trained_hybrid_prediction_outputs.csv
21.69965,baseline_01_hover,Roll,bias,0.02746,0,0.105703093111515,0.105703093111515,0.1043812187268593,0.0013218743846556968,0.0013218743846556968,0.006865,0,0.0,0.001078284327835119,0,0,0,W10_N3_mean1x,10,3,1.0,1001,Roll_hybrid_prediction,/home/tchowdh4/sensor_recovery_project/logs/extracted_csv/baseline_01_hover_ATT.csv,/home/tchowdh4/sensor_recovery_project/prediction_results_v9_trained_hybrid/baseline_01_hover_ATT_trained_hybrid_prediction_outputs.csv
21.79961,baseline_01_hover,Roll,bias,0.02746,0,0.1057683527469635,0.1057683527469635,0.1047311651822222,0.0010371875647413042,0.0010371875647413042,0.006865,0,0.0,0.0010949420351578892,0,0,0,W10_N3_mean1x,10,3,1.0,1001,Roll_hybrid_prediction,/home/tchowdh4/sensor_recovery_project/logs/extracted_csv/baseline_01_hover_ATT.csv,/home/tchowdh4/sensor_recovery_project/prediction_results_v9_trained_hybrid/baseline_01_hover_ATT_trained_hybrid_prediction_outputs.csv
21.89957,baseline_01_hover,Roll,bias,0.02746,0,0.1059114038944244,0.1059114038944244,0.1045719757771572,0.0013394281172671996,0.0013394281172671996,0.006865,0,0.0,0.0011403403454754491,0,0,0,W10_N3_mean1x,10,3,1.0,1001,Roll_hybrid_prediction,/home/tchowdh4/sensor_recovery_project/logs/extracted_csv/baseline_01_hover_ATT.csv,/home/tchowdh4/sensor_recovery_project/prediction_results_v9_trained_hybrid/baseline_01_hover_ATT_trained_hybrid_prediction_outputs.csv
21.99953,baseline_01_hover,Roll,bias,0.02746,0,0.1059386655688285,0.1059386655688285,0.1048131858037689,0.0011254797650595977,0.0011254797650595977,0.006865,0,0.0,0.0011333305826461497,0,0,0,W10_N3_mean1x,10,3,1.0,1001,Roll_hybrid_prediction,/home/tchowdh4/sensor_recovery_project/logs/extracted_csv/baseline_01_hover_ATT.csv,/home/tchowdh4/sensor_recovery_project/prediction_results_v9_trained_hybrid/baseline_01_hover_ATT_trained_hybrid_prediction_outputs.csv
22.09949,baseline_01_hover,Roll,bias,0.02746,0,0.1058061197400093,0.1058061197400093,0.1045867230838443,0.001219396656164995,0.001219396656164995,0.006865,0,0.0,0.0011592434981733692,0,0,0,W10_N3_mean1x,10,3,1.0,1001,Roll_hybrid_prediction,/home/tchowdh4/sensor_recovery_project/logs/extracted_csv/baseline_01_hover_ATT.csv,/home/tchowdh4/sensor_recovery_project/prediction_results_v9_trained_hybrid/baseline_01_hover_ATT_trained_hybrid_prediction_outputs.csv
22.19945,baseline_01_hover,Roll,bias,0.02746,0,0.1057743281126022,0.1057743281126022,0.1047147695068074,0.0010595586057948053,0.0010595586057948053,0.006865,0,0.0,0.0011478032384205001,0,0,0,W10_N3_mean1x,10,3,1.0,1001,Roll_hybrid_prediction,/home/tchowdh4/sensor_recovery_project/logs/extracted_csv/baseline_01_hover_ATT.csv,/home/tchowdh4/sensor_recovery_project/prediction_results_v9_trained_hybrid/baseline_01_hover_ATT_trained_hybrid_prediction_outputs.csv
22.29941,baseline_01_hover,Roll,bias,0.02746,0,0.1056269705295562,0.1056269705295562,0.1044186981305262,0.0012082723990299998,0.0012082723990299998,0.006865,0,0.0,0.0011478269023692089,0,0,0,W10_N3_mean1x,10,3,1.0,1001,Roll_hybrid_prediction,/home/tchowdh4/sensor_recovery_project/logs/extracted_csv/baseline_01_hover_ATT.csv,/home/tchowdh4/sensor_recovery_project/prediction_results_v9_trained_hybrid/baseline_01_hover_ATT_trained_hybrid_prediction_outputs.csv
22.39937,baseline_01_hover,Roll,bias,0.02746,0,0.1053495705127716,0.1053495705127716,0.1040560666761788,0.0012935038365928103,0.0012935038365928103,0.006865,0,0.0,0.0011804479028755602,0,0,0,W10_N3_mean1x,10,3,1.0,1001,Roll_hybrid_prediction,/home/tchowdh4/sensor_recovery_project/logs/extracted_csv/baseline_01_hover_ATT.csv,/home/tchowdh4/sensor_recovery_project/prediction_results_v9_trained_hybrid/baseline_01_hover_ATT_trained_hybrid_prediction_outputs.csv
22.49933,baseline_01_hover,Roll,bias,0.02746,0,0.1054848358035087,0.1054848358035087,0.104545148355481,0.0009396874480277068,0.0009396874480277068,0.006865,0,0.0,0.001159844136442241,0,0,0,W10_N3_mean1x,10,3,1.0,1001,Roll_hybrid_prediction,/home/tchowdh4/sensor_recovery_project/logs/extracted_csv/baseline_01_hover_ATT.csv,/home/tchowdh4/sensor_recovery_project/prediction_results_v9_trained_hybrid/baseline_01_hover_ATT_trained_hybrid_prediction_outputs.csv
22.59929,baseline_01_hover,Roll,bias,0.02746,0,0.1055315360426902,0.1055315360426902,0.1045229099972629,0.0010086260454272994,0.0010086260454272994,0.006865,0,0.0,0.0011553014822761414,0,0,0,W10_N3_mean1x,10,3,1.0,1001,Roll_hybrid_prediction,/home/tchowdh4/sensor_recovery_project/logs/extracted_csv/baseline_01_hover_ATT.csv,/home/tchowdh4/sensor_recovery_project/prediction_results_v9_trained_hybrid/baseline_01_hover_ATT_trained_hybrid_prediction_outputs.csv
22.700083,baseline_01_hover,Roll,bias,0.02746,0,0.1054476499557495,0.1054476499557495,0.1041870578305216,0.0012605921252279023,0.0012605921252279023,0.006865,0,0.0,0.001149173256333362,0,0,0,W10_N3_mean1x,10,3,1.0,1001,Roll_hybrid_prediction,/home/tchowdh4/sensor_recovery_project/logs/extracted_csv/baseline_01_hover_ATT.csv,/home/tchowdh4/sensor_recovery_project/prediction_results_v9_trained_hybrid/baseline_01_hover_ATT_trained_hybrid_prediction_outputs.csv
22.800043,baseline_01_hover,Roll,bias,0.02746,0,0.1055401191115379,0.1055401191115379,0.1045733599623674,0.0009667591491705069,0.0009667591491705069,0.006865,0,0.0,0.0011421304147762822,0,0,0,W10_N3_mean1x,10,3,1.0,1001,Roll_hybrid_prediction,/home/tchowdh4/sensor_recovery_project/logs/extracted_csv/baseline_01_hover_ATT.csv,/home/tchowdh4/sensor_recovery_project/prediction_results_v9_trained_hybrid/baseline_01_hover_ATT_trained_hybrid_prediction_outputs.csv
22.900003,baseline_01_hover,Roll,bias,0.02746,0,0.1054984107613563,0.1054984107613563,0.104552493435801,0.0009459173255552955,0.0009459173255552955,0.006865,0,0.0,0.0011027793356050918,0,0,0,W10_N3_mean1x,10,3,1.0,1001,Roll_hybrid_prediction,/home/tchowdh4/sensor_recovery_project/logs/extracted_csv/baseline_01_hover_ATT.csv,/home/tchowdh4/sensor_recovery_project/prediction_results_v9_trained_hybrid/baseline_01_hover_ATT_trained_hybrid_prediction_outputs.csv
22.999963,baseline_01_hover,Roll,bias,0.02746,0,0.1052365973591804,0.1052365973591804,0.1040059724946901,0.0012306248644902984,0.0012306248644902984,0.006865,0,0.0,0.0011132938455481619,0,0,0,W10_N3_mean1x,10,3,1.0,1001,Roll_hybrid_prediction,/home/tchowdh4/sensor_recovery_project/logs/extracted_csv/baseline_01_hover_ATT.csv,/home/tchowdh4/sensor_recovery_project/prediction_results_v9_trained_hybrid/baseline_01_hover_ATT_trained_hybrid_prediction_outputs.csv
23.099923,baseline_01_hover,Roll,bias,0.02746,0,0.105166845023632,0.105166845023632,0.1039728574322763,0.001193987591355694,0.001193987591355694,0.006865,0,0.0,0.001110752939067232,0,0,0,W10_N3_mean1x,10,3,1.0,1001,Roll_hybrid_prediction,/home/tchowdh4/sensor_recovery_project/logs/extracted_csv/baseline_01_hover_ATT.csv,/home/tchowdh4/sensor_recovery_project/prediction_results_v9_trained_hybrid/baseline_01_hover_ATT_trained_hybrid_prediction_outputs.csv
23.199883,baseline_01_hover,Roll,bias,0.02746,0,0.1051815673708915,0.1051815673708915,0.1041500033109963,0.0010315640598951986,0.0010315640598951986,0.006865,0,0.0,0.0011079534844772713,0,0,0,W10_N3_mean1x,10,3,1.0,1001,Roll_hybrid_prediction,/home/tchowdh4/sensor_recovery_project/logs/extracted_csv/baseline_01_hover_ATT.csv,/home/tchowdh4/sensor_recovery_project/prediction_results_v9_trained_hybrid/baseline_01_hover_ATT_trained_hybrid_prediction_outputs.csv
23.299843,baseline_01_hover,Roll,bias,0.02746,0,0.1050275638699531,0.1050275638699531,0.1038984970098502,0.0011290668601029036,0.0011290668601029036,0.006865,0,0.0,0.0011000329305845616,0,0,0,W10_N3_mean1x,10,3,1.0,1001,Roll_hybrid_prediction,/home/tchowdh4/sensor_recovery_project/logs/extracted_csv/baseline_01_hover_ATT.csv,/home/tchowdh4/sensor_recovery_project/prediction_results_v9_trained_hybrid/baseline_01_hover_ATT_trained_hybrid_prediction_outputs.csv
23.399803,baseline_01_hover,Roll,bias,0.02746,0,0.1049850508570671,0.1049850508570671,0.1038969148108162,0.0010881360462508954,0.0010881360462508954,0.006865,0,0.0,0.00107949615155037,0,0,0,W10_N3_mean1x,10,3,1.0,1001,Roll_hybrid_prediction,/home/tchowdh4/sensor_recovery_project/logs/extracted_csv/baseline_01_hover_ATT.csv,/home/tchowdh4/sensor_recovery_project/prediction_results_v9_trained_hybrid/baseline_01_hover_ATT_trained_hybrid_prediction_outputs.csv
23.499763,baseline_01_hover,Roll,bias,0.02746,0,0.1048898324370384,0.1048898324370384,0.1035278967679038,0.0013619356691345896,0.0013619356691345896,0.006865,0,0.0,0.0011217209736610583,0,0,0,W10_N3_mean1x,10,3,1.0,1001,Roll_hybrid_prediction,/home/tchowdh4/sensor_recovery_project/logs/extracted_csv/baseline_01_hover_ATT.csv,/home/tchowdh4/sensor_recovery_project/prediction_results_v9_trained_hybrid/baseline_01_hover_ATT_trained_hybrid_prediction_outputs.csv
23.599723,baseline_01_hover,Roll,bias,0.02746,0,0.1051312759518623,0.1051312759518623,0.1042151234688329,0.0009161524830293977,0.0009161524830293977,0.006865,0,0.0,0.0011124736174212683,0,0,0,W10_N3_mean1x,10,3,1.0,1001,Roll_hybrid_prediction,/home/tchowdh4/sensor_recovery_project/logs/extracted_csv/baseline_01_hover_ATT.csv,/home/tchowdh4/sensor_recovery_project/prediction_results_v9_trained_hybrid/baseline_01_hover_ATT_trained_hybrid_prediction_outputs.csv
23.699683,baseline_01_hover,Roll,bias,0.02746,0,0.1049455404281616,0.1049455404281616,0.103797878097529,0.0011476623306325984,0.0011476623306325984,0.006865,0,0.0,0.001101180637961738,0,0,0,W10_N3_mean1x,10,3,1.0,1001,Roll_hybrid_prediction,/home/tchowdh4/sensor_recovery_project/logs/extracted_csv/baseline_01_hover_ATT.csv,/home/tchowdh4/sensor_recovery_project/prediction_results_v9_trained_hybrid/baseline_01_hover_ATT_trained_hybrid_prediction_outputs.csv
23.799643,baseline_01_hover,Roll,bias,0.02746,0,0.1050106212496757,0.1050106212496757,0.1041200771524125,0.0008905440972631906,0.0008905440972631906,0.006865,0,0.0,0.0010935591327710062,0,0,0,W10_N3_mean1x,10,3,1.0,1001,Roll_hybrid_prediction,/home/tchowdh4/sensor_recovery_project/logs/extracted_csv/baseline_01_hover_ATT.csv,/home/tchowdh4/sensor_recovery_project/prediction_results_v9_trained_hybrid/baseline_01_hover_ATT_trained_hybrid_prediction_outputs.csv
23.899603,baseline_01_hover,Roll,bias,0.02746,0,0.1048775389790535,0.1048775389790535,0.1036128562772897,0.001264682701763803,0.001264682701763803,0.006865,0,0.0,0.001125435670391857,0,0,0,W10_N3_mean1x,10,3,1.0,1001,Roll_hybrid_prediction,/home/tchowdh4/sensor_recovery_project/logs/extracted_csv/baseline_01_hover_ATT.csv,/home/tchowdh4/sensor_recovery_project/prediction_results_v9_trained_hybrid/baseline_01_hover_ATT_trained_hybrid_prediction_outputs.csv
23.999563,baseline_01_hover,Roll,bias,0.02746,0,0.1049613282084465,0.1049613282084465,0.1040620066040473,0.0008993216043992058,0.0008993216043992058,0.006865,0,0.0,0.0010923053443827476,0,0,0,W10_N3_mean1x,10,3,1.0,1001,Roll_hybrid_prediction,/home/tchowdh4/sensor_recovery_project/logs/extracted_csv/baseline_01_hover_ATT.csv,/home/tchowdh4/sensor_recovery_project/prediction_results_v9_trained_hybrid/baseline_01_hover_ATT_trained_hybrid_prediction_outputs.csv
24.099523,baseline_01_hover,Roll,bias,0.02746,0,0.1045958250761032,0.1045958250761032,0.1031104691447506,0.0014853559313526,0.0014853559313526,0.006865,0,0.0,0.0011214421783824382,0,0,0,W10_N3_mean1x,10,3,1.0,1001,Roll_hybrid_prediction,/home/tchowdh4/sensor_recovery_project/logs/extracted_csv/baseline_01_hover_ATT.csv,/home/tchowdh4/sensor_recovery_project/prediction_results_v9_trained_hybrid/baseline_01_hover_ATT_trained_hybrid_prediction_outputs.csv
24.199483,baseline_01_hover,Roll,bias,0.02746,0,0.1044531464576721,0.1044531464576721,0.1032975428548239,0.001155603602848207,0.001155603602848207,0.006865,0,0.0,0.001133846132677739,0,0,0,W10_N3_mean1x,10,3,1.0,1001,Roll_hybrid_prediction,/home/tchowdh4/sensor_recovery_project/logs/extracted_csv/baseline_01_hover_ATT.csv,/home/tchowdh4/sensor_recovery_project/prediction_results_v9_trained_hybrid/baseline_01_hover_ATT_trained_hybrid_prediction_outputs.csv
24.299443,baseline_01_hover,Roll,bias,0.02746,0,0.1043064445257186,0.1043064445257186,0.1032701027702011,0.0010363417555175058,0.0010363417555175058,0.006865,0,0.0,0.0011245736222191994,0,0,0,W10_N3_mean1x,10,3,1.0,1001,Roll_hybrid_prediction,/home/tchowdh4/sensor_recovery_project/logs/extracted_csv/baseline_01_hover_ATT.csv,/home/tchowdh4/sensor_recovery_project/prediction_results_v9_trained_hybrid/baseline_01_hover_ATT_trained_hybrid_prediction_outputs.csv
24.399403,baseline_01_hover,Roll,bias,0.02746,0,0.1043566465377807,0.1043566465377807,0.1032805622538459,0.0010760842839348111,0.0010760842839348111,0.006865,0,0.0,0.0011233684459875908,0,0,0,W10_N3_mean1x,10,3,1.0,1001,Roll_hybrid_prediction,/home/tchowdh4/sensor_recovery_project/logs/extracted_csv/baseline_01_hover_ATT.csv,/home/tchowdh4/sensor_recovery_project/prediction_results_v9_trained_hybrid/baseline_01_hover_ATT_trained_hybrid_prediction_outputs.csv
24.499363,baseline_01_hover,Roll,bias,0.02746,0,0.1039813235402107,0.1039813235402107,0.1027184039027912,0.0012629196374194934,0.0012629196374194934,0.006865,0,0.0,0.0011134668428160813,0,0,0,W10_N3_mean1x,10,3,1.0,1001,Roll_hybrid_prediction,/home/tchowdh4/sensor_recovery_project/logs/extracted_csv/baseline_01_hover_ATT.csv,/home/tchowdh4/sensor_recovery_project/prediction_results_v9_trained_hybrid/baseline_01_hover_ATT_trained_hybrid_prediction_outputs.csv
24.599323,baseline_01_hover,Roll,bias,0.02746,0,0.1037983745336532,0.1037983745336532,0.1024294822321428,0.0013688923015104104,0.0013688923015104104,0.006865,0,0.0,0.0011587408246641825,0,0,0,W10_N3_mean1x,10,3,1.0,1001,Roll_hybrid_prediction,/home/tchowdh4/sensor_recovery_project/logs/extracted_csv/baseline_01_hover_ATT.csv,/home/tchowdh4/sensor_recovery_project/prediction_results_v9_trained_hybrid/baseline_01_hover_ATT_trained_hybrid_prediction_outputs.csv
24.700116,baseline_01_hover,Roll,bias,0.02746,0,0.1037363708019256,0.1037363708019256,0.1028144781457431,0.0009218926561825047,0.0009218926561825047,0.006865,0,0.0,0.0011361638572191732,0,0,0,W10_N3_mean1x,10,3,1.0,1001,Roll_hybrid_prediction,/home/tchowdh4/sensor_recovery_project/logs/extracted_csv/baseline_01_hover_ATT.csv,/home/tchowdh4/sensor_recovery_project/prediction_results_v9_trained_hybrid/baseline_01_hover_ATT_trained_hybrid_prediction_outputs.csv
24.800076,baseline_01_hover,Roll,bias,0.02746,0,0.1037329286336898,0.1037329286336898,0.1027257216071146,0.0010072070265751965,0.0010072070265751965,0.006865,0,0.0,0.0011478301501503738,0,0,0,W10_N3_mean1x,10,3,1.0,1001,Roll_hybrid_prediction,/home/tchowdh4/sensor_recovery_project/logs/extracted_csv/baseline_01_hover_ATT.csv,/home/tchowdh4/sensor_recovery_project/prediction_results_v9_trained_hybrid/baseline_01_hover_ATT_trained_hybrid_prediction_outputs.csv
24.900036,baseline_01_hover,Roll,bias,0.02746,0,0.1034485027194023,0.1034485027194023,0.1022822483494484,0.0011662543699538924,0.0011662543699538924,0.006865,0,0.0,0.0011379873169693826,0,0,0,W10_N3_mean1x,10,3,1.0,1001,Roll_hybrid_prediction,/home/tchowdh4/sensor_recovery_project/logs/extracted_csv/baseline_01_hover_ATT.csv,/home/tchowdh4/sensor_recovery_project/prediction_results_v9_trained_hybrid/baseline_01_hover_ATT_trained_hybrid_prediction_outputs.csv
