x,Baseline,Axis,AttackType,AttackMagnitude,AttackActive,CleanFuture_Pitch,AttackedFuture_Pitch,V9PredictedFuture_Pitch,Residual_Pitch,AbsResidual_Pitch,Threshold,PointDetectionFlag,WindowCount,RollingMeanAbsResidual,WindowCountFlag,WindowMeanFlag,WindowCombinedFlag,WindowRule,W,N,RollingMeanMultiplier,AlignmentOffset,PredictionColumn,CleanFile,PredictionFile
0.0,baseline_05_mixed_maneuver,Pitch,ramp,0.058182000000000005,0,0.0719339177012443,0.0719339177012443,0.0781978759914636,-0.006263958290219307,0.006263958290219307,0.009697,0,0.0,0.006263958290219307,0,0,0,W30_N8_mean1x,30,8,1.0,1909,Pitch_hybrid_prediction,/home/tchowdh4/sensor_recovery_project/logs/extracted_csv/baseline_05_mixed_maneuver_ATT.csv,/home/tchowdh4/sensor_recovery_project/prediction_results_v9_trained_hybrid/baseline_05_mixed_maneuver_ATT_trained_hybrid_prediction_outputs.csv
0.09996,baseline_05_mixed_maneuver,Pitch,ramp,0.058182000000000005,0,0.0820606499910354,0.0820606499910354,0.0896556992083787,-0.007595049217343289,0.007595049217343289,0.009697,0,0.0,0.006929503753781298,0,0,0,W30_N8_mean1x,30,8,1.0,1909,Pitch_hybrid_prediction,/home/tchowdh4/sensor_recovery_project/logs/extracted_csv/baseline_05_mixed_maneuver_ATT.csv,/home/tchowdh4/sensor_recovery_project/prediction_results_v9_trained_hybrid/baseline_05_mixed_maneuver_ATT_trained_hybrid_prediction_outputs.csv
0.19992,baseline_05_mixed_maneuver,Pitch,ramp,0.058182000000000005,0,0.085509568452835,0.085509568452835,0.0880962572991846,-0.002586688846349605,0.002586688846349605,0.009697,0,0.0,0.0054818987846374,0,0,0,W30_N8_mean1x,30,8,1.0,1909,Pitch_hybrid_prediction,/home/tchowdh4/sensor_recovery_project/logs/extracted_csv/baseline_05_mixed_maneuver_ATT.csv,/home/tchowdh4/sensor_recovery_project/prediction_results_v9_trained_hybrid/baseline_05_mixed_maneuver_ATT_trained_hybrid_prediction_outputs.csv
0.29988,baseline_05_mixed_maneuver,Pitch,ramp,0.058182000000000005,0,0.0915398001670837,0.0915398001670837,0.0960624739527702,-0.004522673785686507,0.004522673785686507,0.009697,0,0.0,0.005242092534899677,0,0,0,W30_N8_mean1x,30,8,1.0,1909,Pitch_hybrid_prediction,/home/tchowdh4/sensor_recovery_project/logs/extracted_csv/baseline_05_mixed_maneuver_ATT.csv,/home/tchowdh4/sensor_recovery_project/prediction_results_v9_trained_hybrid/baseline_05_mixed_maneuver_ATT_trained_hybrid_prediction_outputs.csv
0.39984,baseline_05_mixed_maneuver,Pitch,ramp,0.058182000000000005,0,0.0997596755623817,0.0997596755623817,0.1059245821088552,-0.006164906546473503,0.006164906546473503,0.009697,0,0.0,0.005426655337214442,0,0,0,W30_N8_mean1x,30,8,1.0,1909,Pitch_hybrid_prediction,/home/tchowdh4/sensor_recovery_project/logs/extracted_csv/baseline_05_mixed_maneuver_ATT.csv,/home/tchowdh4/sensor_recovery_project/prediction_results_v9_trained_hybrid/baseline_05_mixed_maneuver_ATT_trained_hybrid_prediction_outputs.csv
0.4998,baseline_05_mixed_maneuver,Pitch,ramp,0.058182000000000005,0,0.1069304198026657,0.1069304198026657,0.1123084779828787,-0.005378058180213002,0.005378058180213002,0.009697,0,0.0,0.005418555811047536,0,0,0,W30_N8_mean1x,30,8,1.0,1909,Pitch_hybrid_prediction,/home/tchowdh4/sensor_recovery_project/logs/extracted_csv/baseline_05_mixed_maneuver_ATT.csv,/home/tchowdh4/sensor_recovery_project/prediction_results_v9_trained_hybrid/baseline_05_mixed_maneuver_ATT_trained_hybrid_prediction_outputs.csv
0.600593,baseline_05_mixed_maneuver,Pitch,ramp,0.058182000000000005,0,0.1066584214568138,0.1066584214568138,0.1064544226974248,0.00020399875938899303,0.00020399875938899303,0.009697,0,0.0,0.004673619089382029,0,0,0,W30_N8_mean1x,30,8,1.0,1909,Pitch_hybrid_prediction,/home/tchowdh4/sensor_recovery_project/logs/extracted_csv/baseline_05_mixed_maneuver_ATT.csv,/home/tchowdh4/sensor_recovery_project/prediction_results_v9_trained_hybrid/baseline_05_mixed_maneuver_ATT_trained_hybrid_prediction_outputs.csv
0.700553,baseline_05_mixed_maneuver,Pitch,ramp,0.058182000000000005,0,0.0968152657151222,0.0968152657151222,0.0894328989088535,0.007382366806268692,0.007382366806268692,0.009697,0,0.0,0.005012212553992862,0,0,0,W30_N8_mean1x,30,8,1.0,1909,Pitch_hybrid_prediction,/home/tchowdh4/sensor_recovery_project/logs/extracted_csv/baseline_05_mixed_maneuver_ATT.csv,/home/tchowdh4/sensor_recovery_project/prediction_results_v9_trained_hybrid/baseline_05_mixed_maneuver_ATT_trained_hybrid_prediction_outputs.csv
0.800513,baseline_05_mixed_maneuver,Pitch,ramp,0.058182000000000005,0,0.0878987312316894,0.0878987312316894,0.0812113303691147,0.006687400862574702,0.006687400862574702,0.009697,0,0.0,0.005198344588279734,0,0,0,W30_N8_mean1x,30,8,1.0,1909,Pitch_hybrid_prediction,/home/tchowdh4/sensor_recovery_project/logs/extracted_csv/baseline_05_mixed_maneuver_ATT.csv,/home/tchowdh4/sensor_recovery_project/prediction_results_v9_trained_hybrid/baseline_05_mixed_maneuver_ATT_trained_hybrid_prediction_outputs.csv
0.900473,baseline_05_mixed_maneuver,Pitch,ramp,0.058182000000000005,0,0.082177996635437,0.082177996635437,0.0778874456882477,0.004290550947189303,0.004290550947189303,0.009697,0,0.0,0.00510756522417069,0,0,0,W30_N8_mean1x,30,8,1.0,1909,Pitch_hybrid_prediction,/home/tchowdh4/sensor_recovery_project/logs/extracted_csv/baseline_05_mixed_maneuver_ATT.csv,/home/tchowdh4/sensor_recovery_project/prediction_results_v9_trained_hybrid/baseline_05_mixed_maneuver_ATT_trained_hybrid_prediction_outputs.csv
1.000433,baseline_05_mixed_maneuver,Pitch,ramp,0.058182000000000005,0,0.0771495699882507,0.0771495699882507,0.073378250002861,0.0037713199853897095,0.0037713199853897095,0.009697,0,0.0,0.00498608838428151,0,0,0,W30_N8_mean1x,30,8,1.0,1909,Pitch_hybrid_prediction,/home/tchowdh4/sensor_recovery_project/logs/extracted_csv/baseline_05_mixed_maneuver_ATT.csv,/home/tchowdh4/sensor_recovery_project/prediction_results_v9_trained_hybrid/baseline_05_mixed_maneuver_ATT_trained_hybrid_prediction_outputs.csv
1.100393,baseline_05_mixed_maneuver,Pitch,ramp,0.058182000000000005,0,0.0731913596391677,0.0731913596391677,0.0702227018773554,0.0029686577618123072,0.0029686577618123072,0.009697,0,0.0,0.00481796916574241,0,0,0,W30_N8_mean1x,30,8,1.0,1909,Pitch_hybrid_prediction,/home/tchowdh4/sensor_recovery_project/logs/extracted_csv/baseline_05_mixed_maneuver_ATT.csv,/home/tchowdh4/sensor_recovery_project/prediction_results_v9_trained_hybrid/baseline_05_mixed_maneuver_ATT_trained_hybrid_prediction_outputs.csv
1.200353,baseline_05_mixed_maneuver,Pitch,ramp,0.058182000000000005,0,0.0703337788581848,0.0703337788581848,0.0681905932724476,0.0021431855857372006,0.0021431855857372006,0.009697,0,0.0,0.004612216582665086,0,0,0,W30_N8_mean1x,30,8,1.0,1909,Pitch_hybrid_prediction,/home/tchowdh4/sensor_recovery_project/logs/extracted_csv/baseline_05_mixed_maneuver_ATT.csv,/home/tchowdh4/sensor_recovery_project/prediction_results_v9_trained_hybrid/baseline_05_mixed_maneuver_ATT_trained_hybrid_prediction_outputs.csv
1.300313,baseline_05_mixed_maneuver,Pitch,ramp,0.058182000000000005,0,0.067348301410675,0.067348301410675,0.0651091933250426,0.0022391080856323936,0.0022391080856323936,0.009697,0,0.0,0.0044427088328770365,0,0,0,W30_N8_mean1x,30,8,1.0,1909,Pitch_hybrid_prediction,/home/tchowdh4/sensor_recovery_project/logs/extracted_csv/baseline_05_mixed_maneuver_ATT.csv,/home/tchowdh4/sensor_recovery_project/prediction_results_v9_trained_hybrid/baseline_05_mixed_maneuver_ATT_trained_hybrid_prediction_outputs.csv
1.400273,baseline_05_mixed_maneuver,Pitch,ramp,0.058182000000000005,0,0.0748810023069381,0.0748810023069381,0.0805305279791354,-0.0056495256721973,0.0056495256721973,0.009697,0,0.0,0.004523163288831721,0,0,0,W30_N8_mean1x,30,8,1.0,1909,Pitch_hybrid_prediction,/home/tchowdh4/sensor_recovery_project/logs/extracted_csv/baseline_05_mixed_maneuver_ATT.csv,/home/tchowdh4/sensor_recovery_project/prediction_results_v9_trained_hybrid/baseline_05_mixed_maneuver_ATT_trained_hybrid_prediction_outputs.csv
1.500233,baseline_05_mixed_maneuver,Pitch,ramp,0.058182000000000005,0,0.0812263712286949,0.0812263712286949,0.0859853979200125,-0.0047590266913176,0.0047590266913176,0.009697,0,0.0,0.004537904751487088,0,0,0,W30_N8_mean1x,30,8,1.0,1909,Pitch_hybrid_prediction,/home/tchowdh4/sensor_recovery_project/logs/extracted_csv/baseline_05_mixed_maneuver_ATT.csv,/home/tchowdh4/sensor_recovery_project/prediction_results_v9_trained_hybrid/baseline_05_mixed_maneuver_ATT_trained_hybrid_prediction_outputs.csv
1.600193,baseline_05_mixed_maneuver,Pitch,ramp,0.058182000000000005,0,0.0862818956375122,0.0862818956375122,0.0900735389441251,-0.003791643306612913,0.003791643306612913,0.009697,0,0.0,0.004494007019435666,0,0,0,W30_N8_mean1x,30,8,1.0,1909,Pitch_hybrid_prediction,/home/tchowdh4/sensor_recovery_project/logs/extracted_csv/baseline_05_mixed_maneuver_ATT.csv,/home/tchowdh4/sensor_recovery_project/prediction_results_v9_trained_hybrid/baseline_05_mixed_maneuver_ATT_trained_hybrid_prediction_outputs.csv
1.700153,baseline_05_mixed_maneuver,Pitch,ramp,0.058182000000000005,0,0.0929186195135116,0.0929186195135116,0.0978961624205111,-0.004977542906999491,0.004977542906999491,0.009697,0,0.0,0.004520870124300323,0,0,0,W30_N8_mean1x,30,8,1.0,1909,Pitch_hybrid_prediction,/home/tchowdh4/sensor_recovery_project/logs/extracted_csv/baseline_05_mixed_maneuver_ATT.csv,/home/tchowdh4/sensor_recovery_project/prediction_results_v9_trained_hybrid/baseline_05_mixed_maneuver_ATT_trained_hybrid_prediction_outputs.csv
1.800113,baseline_05_mixed_maneuver,Pitch,ramp,0.058182000000000005,0,0.0957407876849174,0.0957407876849174,0.0978574138134717,-0.0021166261285543025,0.0021166261285543025,0.009697,0,0.0,0.00439433096662948,0,0,0,W30_N8_mean1x,30,8,1.0,1909,Pitch_hybrid_prediction,/home/tchowdh4/sensor_recovery_project/logs/extracted_csv/baseline_05_mixed_maneuver_ATT.csv,/home/tchowdh4/sensor_recovery_project/prediction_results_v9_trained_hybrid/baseline_05_mixed_maneuver_ATT_trained_hybrid_prediction_outputs.csv
1.900073,baseline_05_mixed_maneuver,Pitch,ramp,0.058182000000000005,0,0.0984905958175659,0.0984905958175659,0.1005529519170523,-0.0020623560994863926,0.0020623560994863926,0.009697,0,0.0,0.004277732223272325,0,0,0,W30_N8_mean1x,30,8,1.0,1909,Pitch_hybrid_prediction,/home/tchowdh4/sensor_recovery_project/logs/extracted_csv/baseline_05_mixed_maneuver_ATT.csv,/home/tchowdh4/sensor_recovery_project/prediction_results_v9_trained_hybrid/baseline_05_mixed_maneuver_ATT_trained_hybrid_prediction_outputs.csv
2.000033,baseline_05_mixed_maneuver,Pitch,ramp,0.058182000000000005,0,0.1003808304667472,0.1003808304667472,0.1017985064536331,-0.0014176759868858996,0.0014176759868858996,0.009697,0,0.0,0.004141539069158686,0,0,0,W30_N8_mean1x,30,8,1.0,1909,Pitch_hybrid_prediction,/home/tchowdh4/sensor_recovery_project/logs/extracted_csv/baseline_05_mixed_maneuver_ATT.csv,/home/tchowdh4/sensor_recovery_project/prediction_results_v9_trained_hybrid/baseline_05_mixed_maneuver_ATT_trained_hybrid_prediction_outputs.csv
2.099993,baseline_05_mixed_maneuver,Pitch,ramp,0.058182000000000005,0,0.1021929085254669,0.1021929085254669,0.1035519670695066,-0.0013590585440396985,0.0013590585440396985,0.009697,0,0.0,0.004015062681653278,0,0,0,W30_N8_mean1x,30,8,1.0,1909,Pitch_hybrid_prediction,/home/tchowdh4/sensor_recovery_project/logs/extracted_csv/baseline_05_mixed_maneuver_ATT.csv,/home/tchowdh4/sensor_recovery_project/prediction_results_v9_trained_hybrid/baseline_05_mixed_maneuver_ATT_trained_hybrid_prediction_outputs.csv
2.199953,baseline_05_mixed_maneuver,Pitch,ramp,0.058182000000000005,0,0.1035638451576232,0.1035638451576232,0.1045920476317404,-0.0010282024741172097,0.0010282024741172097,0.009697,0,0.0,0.003885199194369101,0,0,0,W30_N8_mean1x,30,8,1.0,1909,Pitch_hybrid_prediction,/home/tchowdh4/sensor_recovery_project/logs/extracted_csv/baseline_05_mixed_maneuver_ATT.csv,/home/tchowdh4/sensor_recovery_project/prediction_results_v9_trained_hybrid/baseline_05_mixed_maneuver_ATT_trained_hybrid_prediction_outputs.csv
2.299913,baseline_05_mixed_maneuver,Pitch,ramp,0.058182000000000005,0,0.1053101196885109,0.1053101196885109,0.1066198255866766,-0.0013097058981657028,0.0013097058981657028,0.009697,0,0.0,0.0037778869736939595,0,0,0,W30_N8_mean1x,30,8,1.0,1909,Pitch_hybrid_prediction,/home/tchowdh4/sensor_recovery_project/logs/extracted_csv/baseline_05_mixed_maneuver_ATT.csv,/home/tchowdh4/sensor_recovery_project/prediction_results_v9_trained_hybrid/baseline_05_mixed_maneuver_ATT_trained_hybrid_prediction_outputs.csv
2.399873,baseline_05_mixed_maneuver,Pitch,ramp,0.058182000000000005,0,0.106832630932331,0.106832630932331,0.107974514365196,-0.001141883432865004,0.001141883432865004,0.009697,0,0.0,0.003672446832060801,0,0,0,W30_N8_mean1x,30,8,1.0,1909,Pitch_hybrid_prediction,/home/tchowdh4/sensor_recovery_project/logs/extracted_csv/baseline_05_mixed_maneuver_ATT.csv,/home/tchowdh4/sensor_recovery_project/prediction_results_v9_trained_hybrid/baseline_05_mixed_maneuver_ATT_trained_hybrid_prediction_outputs.csv
2.499833,baseline_05_mixed_maneuver,Pitch,ramp,0.058182000000000005,0,0.1139661446213722,0.1139661446213722,0.1193162798881531,-0.005350135266780909,0.005350135266780909,0.009697,0,0.0,0.003736973310319267,0,0,0,W30_N8_mean1x,30,8,1.0,1909,Pitch_hybrid_prediction,/home/tchowdh4/sensor_recovery_project/logs/extracted_csv/baseline_05_mixed_maneuver_ATT.csv,/home/tchowdh4/sensor_recovery_project/prediction_results_v9_trained_hybrid/baseline_05_mixed_maneuver_ATT_trained_hybrid_prediction_outputs.csv
2.599793,baseline_05_mixed_maneuver,Pitch,ramp,0.058182000000000005,0,0.1228805556893348,0.1228805556893348,0.1295663639903067,-0.006685808300971888,0.006685808300971888,0.009697,0,0.0,0.0038461894210841787,0,0,0,W30_N8_mean1x,30,8,1.0,1909,Pitch_hybrid_prediction,/home/tchowdh4/sensor_recovery_project/logs/extracted_csv/baseline_05_mixed_maneuver_ATT.csv,/home/tchowdh4/sensor_recovery_project/prediction_results_v9_trained_hybrid/baseline_05_mixed_maneuver_ATT_trained_hybrid_prediction_outputs.csv
2.700586,baseline_05_mixed_maneuver,Pitch,ramp,0.058182000000000005,0,0.1263115555047989,0.1263115555047989,0.1288848053663969,-0.002573249861598015,0.002573249861598015,0.009697,0,0.0,0.003800727293959673,0,0,0,W30_N8_mean1x,30,8,1.0,1909,Pitch_hybrid_prediction,/home/tchowdh4/sensor_recovery_project/logs/extracted_csv/baseline_05_mixed_maneuver_ATT.csv,/home/tchowdh4/sensor_recovery_project/prediction_results_v9_trained_hybrid/baseline_05_mixed_maneuver_ATT_trained_hybrid_prediction_outputs.csv
2.800546,baseline_05_mixed_maneuver,Pitch,ramp,0.058182000000000005,0,0.122907631099224,0.122907631099224,0.1203546877950428,0.002552943304181196,0.002552943304181196,0.009697,0,0.0,0.0037577002598293803,0,0,0,W30_N8_mean1x,30,8,1.0,1909,Pitch_hybrid_prediction,/home/tchowdh4/sensor_recovery_project/logs/extracted_csv/baseline_05_mixed_maneuver_ATT.csv,/home/tchowdh4/sensor_recovery_project/prediction_results_v9_trained_hybrid/baseline_05_mixed_maneuver_ATT_trained_hybrid_prediction_outputs.csv
2.900506,baseline_05_mixed_maneuver,Pitch,ramp,0.058182000000000005,0,0.1207345947623252,0.1207345947623252,0.1191048175096511,0.0016297772526741028,0.0016297772526741028,0.009697,0,0.0,0.003686769492924205,0,0,0,W30_N8_mean1x,30,8,1.0,1909,Pitch_hybrid_prediction,/home/tchowdh4/sensor_recovery_project/logs/extracted_csv/baseline_05_mixed_maneuver_ATT.csv,/home/tchowdh4/sensor_recovery_project/prediction_results_v9_trained_hybrid/baseline_05_mixed_maneuver_ATT_trained_hybrid_prediction_outputs.csv
3.000466,baseline_05_mixed_maneuver,Pitch,ramp,0.058182000000000005,0,0.1204964444041252,0.1204964444041252,0.1203178316354752,0.00017861276864999942,0.00017861276864999942,0.009697,0,0.0,0.0034839246422052276,0,0,0,W30_N8_mean1x,30,8,1.0,1909,Pitch_hybrid_prediction,/home/tchowdh4/sensor_recovery_project/logs/extracted_csv/baseline_05_mixed_maneuver_ATT.csv,/home/tchowdh4/sensor_recovery_project/prediction_results_v9_trained_hybrid/baseline_05_mixed_maneuver_ATT_trained_hybrid_prediction_outputs.csv
3.100426,baseline_05_mixed_maneuver,Pitch,ramp,0.058182000000000005,0,0.1185867115855217,0.1185867115855217,0.117154411971569,0.0014322996139526922,0.0014322996139526922,0.009697,0,0.0,0.0032784996554255414,0,0,0,W30_N8_mean1x,30,8,1.0,1909,Pitch_hybrid_prediction,/home/tchowdh4/sensor_recovery_project/logs/extracted_csv/baseline_05_mixed_maneuver_ATT.csv,/home/tchowdh4/sensor_recovery_project/prediction_results_v9_trained_hybrid/baseline_05_mixed_maneuver_ATT_trained_hybrid_prediction_outputs.csv
3.200386,baseline_05_mixed_maneuver,Pitch,ramp,0.058182000000000005,0,0.1131443604826927,0.1131443604826927,0.1090625971555709,0.004081763327121804,0.004081763327121804,0.009697,0,0.0,0.003328335471451281,0,0,0,W30_N8_mean1x,30,8,1.0,1909,Pitch_hybrid_prediction,/home/tchowdh4/sensor_recovery_project/logs/extracted_csv/baseline_05_mixed_maneuver_ATT.csv,/home/tchowdh4/sensor_recovery_project/prediction_results_v9_trained_hybrid/baseline_05_mixed_maneuver_ATT_trained_hybrid_prediction_outputs.csv
3.300346,baseline_05_mixed_maneuver,Pitch,ramp,0.058182000000000005,0,0.1074538007378578,0.1074538007378578,0.1031858809292316,0.004267919808626203,0.004267919808626203,0.009697,0,0.0,0.0033198436722159377,0,0,0,W30_N8_mean1x,30,8,1.0,1909,Pitch_hybrid_prediction,/home/tchowdh4/sensor_recovery_project/logs/extracted_csv/baseline_05_mixed_maneuver_ATT.csv,/home/tchowdh4/sensor_recovery_project/prediction_results_v9_trained_hybrid/baseline_05_mixed_maneuver_ATT_trained_hybrid_prediction_outputs.csv
3.400306,baseline_05_mixed_maneuver,Pitch,ramp,0.058182000000000005,0,0.1068372949957847,0.1068372949957847,0.1063749156892298,0.00046237930655490533,0.00046237930655490533,0.009697,0,0.0,0.0031297594308853176,0,0,0,W30_N8_mean1x,30,8,1.0,1909,Pitch_hybrid_prediction,/home/tchowdh4/sensor_recovery_project/logs/extracted_csv/baseline_05_mixed_maneuver_ATT.csv,/home/tchowdh4/sensor_recovery_project/prediction_results_v9_trained_hybrid/baseline_05_mixed_maneuver_ATT_trained_hybrid_prediction_outputs.csv
3.500266,baseline_05_mixed_maneuver,Pitch,ramp,0.058182000000000005,0,0.1035782247781753,0.1035782247781753,0.1011339221149682,0.0024443026632070958,0.0024443026632070958,0.009697,0,0.0,0.0030319675803184543,0,0,0,W30_N8_mean1x,30,8,1.0,1909,Pitch_hybrid_prediction,/home/tchowdh4/sensor_recovery_project/logs/extracted_csv/baseline_05_mixed_maneuver_ATT.csv,/home/tchowdh4/sensor_recovery_project/prediction_results_v9_trained_hybrid/baseline_05_mixed_maneuver_ATT_trained_hybrid_prediction_outputs.csv
3.600226,baseline_05_mixed_maneuver,Pitch,ramp,0.058182000000000005,0,0.1043340340256691,0.1043340340256691,0.1049008909612894,-0.0005668569356203079,0.0005668569356203079,0.009697,0,0.0,0.003044062852859498,0,0,0,W30_N8_mean1x,30,8,1.0,1909,Pitch_hybrid_prediction,/home/tchowdh4/sensor_recovery_project/logs/extracted_csv/baseline_05_mixed_maneuver_ATT.csv,/home/tchowdh4/sensor_recovery_project/prediction_results_v9_trained_hybrid/baseline_05_mixed_maneuver_ATT_trained_hybrid_prediction_outputs.csv
3.700186,baseline_05_mixed_maneuver,Pitch,ramp,0.058182000000000005,0,0.1010903045535087,0.1010903045535087,0.0986575074493884,0.002432797104120296,0.002432797104120296,0.009697,0,0.0,0.002879077196121218,0,0,0,W30_N8_mean1x,30,8,1.0,1909,Pitch_hybrid_prediction,/home/tchowdh4/sensor_recovery_project/logs/extracted_csv/baseline_05_mixed_maneuver_ATT.csv,/home/tchowdh4/sensor_recovery_project/prediction_results_v9_trained_hybrid/baseline_05_mixed_maneuver_ATT_trained_hybrid_prediction_outputs.csv
3.800146,baseline_05_mixed_maneuver,Pitch,ramp,0.058182000000000005,0,0.0961712896823883,0.0961712896823883,0.092482028529048,0.003689261153340312,0.003689261153340312,0.009697,0,0.0,0.0027791392058134053,0,0,0,W30_N8_mean1x,30,8,1.0,1909,Pitch_hybrid_prediction,/home/tchowdh4/sensor_recovery_project/logs/extracted_csv/baseline_05_mixed_maneuver_ATT.csv,/home/tchowdh4/sensor_recovery_project/prediction_results_v9_trained_hybrid/baseline_05_mixed_maneuver_ATT_trained_hybrid_prediction_outputs.csv
3.900106,baseline_05_mixed_maneuver,Pitch,ramp,0.058182000000000005,0,0.0886877328157424,0.0886877328157424,0.0830750651657579,0.0056126676499844985,0.0056126676499844985,0.009697,0,0.0,0.002823209762573245,0,0,0,W30_N8_mean1x,30,8,1.0,1909,Pitch_hybrid_prediction,/home/tchowdh4/sensor_recovery_project/logs/extracted_csv/baseline_05_mixed_maneuver_ATT.csv,/home/tchowdh4/sensor_recovery_project/prediction_results_v9_trained_hybrid/baseline_05_mixed_maneuver_ATT_trained_hybrid_prediction_outputs.csv
4.000066,baseline_05_mixed_maneuver,Pitch,ramp,0.058182000000000005,0,0.0895514637231826,0.0895514637231826,0.0901992619037627,-0.0006477981805801114,0.0006477981805801114,0.009697,0,0.0,0.0027190923690795918,0,0,0,W30_N8_mean1x,30,8,1.0,1909,Pitch_hybrid_prediction,/home/tchowdh4/sensor_recovery_project/logs/extracted_csv/baseline_05_mixed_maneuver_ATT.csv,/home/tchowdh4/sensor_recovery_project/prediction_results_v9_trained_hybrid/baseline_05_mixed_maneuver_ATT_trained_hybrid_prediction_outputs.csv
4.100026,baseline_05_mixed_maneuver,Pitch,ramp,0.058182000000000005,0,0.0978294312953949,0.0978294312953949,0.1040379069745541,-0.006208475679159206,0.006208475679159206,0.009697,0,0.0,0.0028270862996578215,0,0,0,W30_N8_mean1x,30,8,1.0,1909,Pitch_hybrid_prediction,/home/tchowdh4/sensor_recovery_project/logs/extracted_csv/baseline_05_mixed_maneuver_ATT.csv,/home/tchowdh4/sensor_recovery_project/prediction_results_v9_trained_hybrid/baseline_05_mixed_maneuver_ATT_trained_hybrid_prediction_outputs.csv
4.199986,baseline_05_mixed_maneuver,Pitch,ramp,0.058182000000000005,0,0.1023643761873245,0.1023643761873245,0.1057655848562716,-0.003401208668947109,0.003401208668947109,0.009697,0,0.0,0.002869020402431485,0,0,0,W30_N8_mean1x,30,8,1.0,1909,Pitch_hybrid_prediction,/home/tchowdh4/sensor_recovery_project/logs/extracted_csv/baseline_05_mixed_maneuver_ATT.csv,/home/tchowdh4/sensor_recovery_project/prediction_results_v9_trained_hybrid/baseline_05_mixed_maneuver_ATT_trained_hybrid_prediction_outputs.csv
4.299946,baseline_05_mixed_maneuver,Pitch,ramp,0.058182000000000005,0,0.1028830483555793,0.1028830483555793,0.1032720524817704,-0.0003890041261910976,0.0003890041261910976,0.009697,0,0.0,0.0028073502704501086,0,0,0,W30_N8_mean1x,30,8,1.0,1909,Pitch_hybrid_prediction,/home/tchowdh4/sensor_recovery_project/logs/extracted_csv/baseline_05_mixed_maneuver_ATT.csv,/home/tchowdh4/sensor_recovery_project/prediction_results_v9_trained_hybrid/baseline_05_mixed_maneuver_ATT_trained_hybrid_prediction_outputs.csv
4.399906,baseline_05_mixed_maneuver,Pitch,ramp,0.058182000000000005,0,0.0986350551247596,0.0986350551247596,0.0954490602016448,0.0031859949231148044,0.0031859949231148044,0.009697,0,0.0,0.0027252325788140255,0,0,0,W30_N8_mean1x,30,8,1.0,1909,Pitch_hybrid_prediction,/home/tchowdh4/sensor_recovery_project/logs/extracted_csv/baseline_05_mixed_maneuver_ATT.csv,/home/tchowdh4/sensor_recovery_project/prediction_results_v9_trained_hybrid/baseline_05_mixed_maneuver_ATT_trained_hybrid_prediction_outputs.csv
4.499866,baseline_05_mixed_maneuver,Pitch,ramp,0.058182000000000005,0,0.095457375049591,0.095457375049591,0.0930741149932145,0.002383260056376499,0.002383260056376499,0.009697,0,0.0,0.002646040357649322,0,0,0,W30_N8_mean1x,30,8,1.0,1909,Pitch_hybrid_prediction,/home/tchowdh4/sensor_recovery_project/logs/extracted_csv/baseline_05_mixed_maneuver_ATT.csv,/home/tchowdh4/sensor_recovery_project/prediction_results_v9_trained_hybrid/baseline_05_mixed_maneuver_ATT_trained_hybrid_prediction_outputs.csv
4.599826,baseline_05_mixed_maneuver,Pitch,ramp,0.058182000000000005,0,0.0971072167158126,0.0971072167158126,0.0983445979654788,-0.0012373812496662001,0.0012373812496662001,0.009697,0,0.0,0.0025608982890844316,0,0,0,W30_N8_mean1x,30,8,1.0,1909,Pitch_hybrid_prediction,/home/tchowdh4/sensor_recovery_project/logs/extracted_csv/baseline_05_mixed_maneuver_ATT.csv,/home/tchowdh4/sensor_recovery_project/prediction_results_v9_trained_hybrid/baseline_05_mixed_maneuver_ATT_trained_hybrid_prediction_outputs.csv
4.700619,baseline_05_mixed_maneuver,Pitch,ramp,0.058182000000000005,0,0.0972935855388641,0.0972935855388641,0.0974333621561527,-0.00013977661728860336,0.00013977661728860336,0.009697,0,0.0,0.0023996394127607356,0,0,0,W30_N8_mean1x,30,8,1.0,1909,Pitch_hybrid_prediction,/home/tchowdh4/sensor_recovery_project/logs/extracted_csv/baseline_05_mixed_maneuver_ATT.csv,/home/tchowdh4/sensor_recovery_project/prediction_results_v9_trained_hybrid/baseline_05_mixed_maneuver_ATT_trained_hybrid_prediction_outputs.csv
4.800579,baseline_05_mixed_maneuver,Pitch,ramp,0.058182000000000005,0,0.1000599712133407,0.1000599712133407,0.1021347604691981,-0.0020747892558573983,0.0020747892558573983,0.009697,0,0.0,0.002398244850337505,0,0,0,W30_N8_mean1x,30,8,1.0,1909,Pitch_hybrid_prediction,/home/tchowdh4/sensor_recovery_project/logs/extracted_csv/baseline_05_mixed_maneuver_ATT.csv,/home/tchowdh4/sensor_recovery_project/prediction_results_v9_trained_hybrid/baseline_05_mixed_maneuver_ATT_trained_hybrid_prediction_outputs.csv
4.900539,baseline_05_mixed_maneuver,Pitch,ramp,0.058182000000000005,0,0.0966491550207138,0.0966491550207138,0.0940910428762436,0.002558112144470201,0.002558112144470201,0.009697,0,0.0,0.002414770051836966,0,0,0,W30_N8_mean1x,30,8,1.0,1909,Pitch_hybrid_prediction,/home/tchowdh4/sensor_recovery_project/logs/extracted_csv/baseline_05_mixed_maneuver_ATT.csv,/home/tchowdh4/sensor_recovery_project/prediction_results_v9_trained_hybrid/baseline_05_mixed_maneuver_ATT_trained_hybrid_prediction_outputs.csv
5.000499,baseline_05_mixed_maneuver,Pitch,ramp,0.058182000000000005,0,0.0902280732989311,0.0902280732989311,0.085412262007594,0.0048158112913370965,0.0048158112913370965,0.009697,0,0.0,0.0025280412286520057,0,0,0,W30_N8_mean1x,30,8,1.0,1909,Pitch_hybrid_prediction,/home/tchowdh4/sensor_recovery_project/logs/extracted_csv/baseline_05_mixed_maneuver_ATT.csv,/home/tchowdh4/sensor_recovery_project/prediction_results_v9_trained_hybrid/baseline_05_mixed_maneuver_ATT_trained_hybrid_prediction_outputs.csv
5.100459,baseline_05_mixed_maneuver,Pitch,ramp,0.058182000000000005,0,0.0852276608347892,0.0852276608347892,0.0814773514866828,0.003750309348106412,0.003750309348106412,0.009697,0,0.0,0.0026077495887875625,0,0,0,W30_N8_mean1x,30,8,1.0,1909,Pitch_hybrid_prediction,/home/tchowdh4/sensor_recovery_project/logs/extracted_csv/baseline_05_mixed_maneuver_ATT.csv,/home/tchowdh4/sensor_recovery_project/prediction_results_v9_trained_hybrid/baseline_05_mixed_maneuver_ATT_trained_hybrid_prediction_outputs.csv
5.200419,baseline_05_mixed_maneuver,Pitch,ramp,0.058182000000000005,0,0.0854621827602386,0.0854621827602386,0.0856380742043256,-0.00017589144408700075,0.00017589144408700075,0.009697,0,0.0,0.002579339221119889,0,0,0,W30_N8_mean1x,30,8,1.0,1909,Pitch_hybrid_prediction,/home/tchowdh4/sensor_recovery_project/logs/extracted_csv/baseline_05_mixed_maneuver_ATT.csv,/home/tchowdh4/sensor_recovery_project/prediction_results_v9_trained_hybrid/baseline_05_mixed_maneuver_ATT_trained_hybrid_prediction_outputs.csv
5.300379,baseline_05_mixed_maneuver,Pitch,ramp,0.058182000000000005,0,0.0907981097698211,0.0907981097698211,0.0948000550270079,-0.004001945257186806,0.004001945257186806,0.009697,0,0.0,0.002669080533087259,0,0,0,W30_N8_mean1x,30,8,1.0,1909,Pitch_hybrid_prediction,/home/tchowdh4/sensor_recovery_project/logs/extracted_csv/baseline_05_mixed_maneuver_ATT.csv,/home/tchowdh4/sensor_recovery_project/prediction_results_v9_trained_hybrid/baseline_05_mixed_maneuver_ATT_trained_hybrid_prediction_outputs.csv
5.400339,baseline_05_mixed_maneuver,Pitch,ramp,0.058182000000000005,0,0.100125066936016,0.100125066936016,0.1071202848106621,-0.0069952178746461036,0.0069952178746461036,0.009697,0,0.0,0.002864191681146629,0,0,0,W30_N8_mean1x,30,8,1.0,1909,Pitch_hybrid_prediction,/home/tchowdh4/sensor_recovery_project/logs/extracted_csv/baseline_05_mixed_maneuver_ATT.csv,/home/tchowdh4/sensor_recovery_project/prediction_results_v9_trained_hybrid/baseline_05_mixed_maneuver_ATT_trained_hybrid_prediction_outputs.csv
5.500299,baseline_05_mixed_maneuver,Pitch,ramp,0.058182000000000005,0,0.1067972257733345,0.1067972257733345,0.1118013449013233,-0.005004119127988801,0.005004119127988801,0.009697,0,0.0,0.002852657809853559,0,0,0,W30_N8_mean1x,30,8,1.0,1909,Pitch_hybrid_prediction,/home/tchowdh4/sensor_recovery_project/logs/extracted_csv/baseline_05_mixed_maneuver_ATT.csv,/home/tchowdh4/sensor_recovery_project/prediction_results_v9_trained_hybrid/baseline_05_mixed_maneuver_ATT_trained_hybrid_prediction_outputs.csv
5.600259,baseline_05_mixed_maneuver,Pitch,ramp,0.058182000000000005,0,0.1060380563139915,0.1060380563139915,0.1054686792194842,0.0005693770945073007,0.0005693770945073007,0.009697,0,0.0,0.0026487767696380727,0,0,0,W30_N8_mean1x,30,8,1.0,1909,Pitch_hybrid_prediction,/home/tchowdh4/sensor_recovery_project/logs/extracted_csv/baseline_05_mixed_maneuver_ATT.csv,/home/tchowdh4/sensor_recovery_project/prediction_results_v9_trained_hybrid/baseline_05_mixed_maneuver_ATT_trained_hybrid_prediction_outputs.csv
5.700219,baseline_05_mixed_maneuver,Pitch,ramp,0.058182000000000005,0,0.1037030816078186,0.1037030816078186,0.1019518505781889,0.0017512310296297073,0.0017512310296297073,0.009697,0,0.0,0.0026213761419057956,0,0,0,W30_N8_mean1x,30,8,1.0,1909,Pitch_hybrid_prediction,/home/tchowdh4/sensor_recovery_project/logs/extracted_csv/baseline_05_mixed_maneuver_ATT.csv,/home/tchowdh4/sensor_recovery_project/prediction_results_v9_trained_hybrid/baseline_05_mixed_maneuver_ATT_trained_hybrid_prediction_outputs.csv
5.800179,baseline_05_mixed_maneuver,Pitch,ramp,0.058182000000000005,0,0.1043957024812698,0.1043957024812698,0.1049151681363581,-0.0005194656550882998,0.0005194656550882998,0.009697,0,0.0,0.002553593553602699,0,0,0,W30_N8_mean1x,30,8,1.0,1909,Pitch_hybrid_prediction,/home/tchowdh4/sensor_recovery_project/logs/extracted_csv/baseline_05_mixed_maneuver_ATT.csv,/home/tchowdh4/sensor_recovery_project/prediction_results_v9_trained_hybrid/baseline_05_mixed_maneuver_ATT_trained_hybrid_prediction_outputs.csv
5.900139,baseline_05_mixed_maneuver,Pitch,ramp,0.058182000000000005,0,0.106504276394844,0.106504276394844,0.1080857068300246,-0.0015814304351805947,0.0015814304351805947,0.009697,0,0.0,0.0025519819930195824,0,0,0,W30_N8_mean1x,30,8,1.0,1909,Pitch_hybrid_prediction,/home/tchowdh4/sensor_recovery_project/logs/extracted_csv/baseline_05_mixed_maneuver_ATT.csv,/home/tchowdh4/sensor_recovery_project/prediction_results_v9_trained_hybrid/baseline_05_mixed_maneuver_ATT_trained_hybrid_prediction_outputs.csv
6.000099,baseline_05_mixed_maneuver,Pitch,ramp,0.058182000000000005,0,0.108102448284626,0.108102448284626,0.1093010772019625,-0.0011986289173365056,0.0011986289173365056,0.009697,0,0.0,0.0025859825313091322,0,0,0,W30_N8_mean1x,30,8,1.0,1909,Pitch_hybrid_prediction,/home/tchowdh4/sensor_recovery_project/logs/extracted_csv/baseline_05_mixed_maneuver_ATT.csv,/home/tchowdh4/sensor_recovery_project/prediction_results_v9_trained_hybrid/baseline_05_mixed_maneuver_ATT_trained_hybrid_prediction_outputs.csv
6.100059,baseline_05_mixed_maneuver,Pitch,ramp,0.058182000000000005,0,0.1065788492560386,0.1065788492560386,0.105436149984598,0.0011426992714406031,0.0011426992714406031,0.009697,0,0.0,0.0025763291865587294,0,0,0,W30_N8_mean1x,30,8,1.0,1909,Pitch_hybrid_prediction,/home/tchowdh4/sensor_recovery_project/logs/extracted_csv/baseline_05_mixed_maneuver_ATT.csv,/home/tchowdh4/sensor_recovery_project/prediction_results_v9_trained_hybrid/baseline_05_mixed_maneuver_ATT_trained_hybrid_prediction_outputs.csv
6.200019,baseline_05_mixed_maneuver,Pitch,ramp,0.058182000000000005,0,0.1030749827623367,0.1030749827623367,0.1004470828920602,0.0026278998702765066,0.0026278998702765066,0.009697,0,0.0,0.002527867071330553,0,0,0,W30_N8_mean1x,30,8,1.0,1909,Pitch_hybrid_prediction,/home/tchowdh4/sensor_recovery_project/logs/extracted_csv/baseline_05_mixed_maneuver_ATT.csv,/home/tchowdh4/sensor_recovery_project/prediction_results_v9_trained_hybrid/baseline_05_mixed_maneuver_ATT_trained_hybrid_prediction_outputs.csv
6.299979,baseline_05_mixed_maneuver,Pitch,ramp,0.058182000000000005,0,0.1027151867747306,0.1027151867747306,0.102445339784026,0.0002698469907046058,0.0002698469907046058,0.009697,0,0.0,0.002394597977399833,0,0,0,W30_N8_mean1x,30,8,1.0,1909,Pitch_hybrid_prediction,/home/tchowdh4/sensor_recovery_project/logs/extracted_csv/baseline_05_mixed_maneuver_ATT.csv,/home/tchowdh4/sensor_recovery_project/prediction_results_v9_trained_hybrid/baseline_05_mixed_maneuver_ATT_trained_hybrid_prediction_outputs.csv
6.399939,baseline_05_mixed_maneuver,Pitch,ramp,0.058182000000000005,0,0.1073240488767623,0.1073240488767623,0.110780695453286,-0.0034566465765236976,0.0034566465765236976,0.009697,0,0.0,0.0024944068863987927,0,0,0,W30_N8_mean1x,30,8,1.0,1909,Pitch_hybrid_prediction,/home/tchowdh4/sensor_recovery_project/logs/extracted_csv/baseline_05_mixed_maneuver_ATT.csv,/home/tchowdh4/sensor_recovery_project/prediction_results_v9_trained_hybrid/baseline_05_mixed_maneuver_ATT_trained_hybrid_prediction_outputs.csv
6.499899,baseline_05_mixed_maneuver,Pitch,ramp,0.058182000000000005,0,0.1002211645245552,0.1002211645245552,0.0948940012603998,0.005327163264155402,0.005327163264155402,0.009697,0,0.0,0.0025905022397637364,0,0,0,W30_N8_mean1x,30,8,1.0,1909,Pitch_hybrid_prediction,/home/tchowdh4/sensor_recovery_project/logs/extracted_csv/baseline_05_mixed_maneuver_ATT.csv,/home/tchowdh4/sensor_recovery_project/prediction_results_v9_trained_hybrid/baseline_05_mixed_maneuver_ATT_trained_hybrid_prediction_outputs.csv
6.599859,baseline_05_mixed_maneuver,Pitch,ramp,0.058182000000000005,0,0.0978892594575882,0.0978892594575882,0.0961403306573629,0.0017489288002252995,0.0017489288002252995,0.009697,0,0.0,0.0026299046352505693,0,0,0,W30_N8_mean1x,30,8,1.0,1909,Pitch_hybrid_prediction,/home/tchowdh4/sensor_recovery_project/logs/extracted_csv/baseline_05_mixed_maneuver_ATT.csv,/home/tchowdh4/sensor_recovery_project/prediction_results_v9_trained_hybrid/baseline_05_mixed_maneuver_ATT_trained_hybrid_prediction_outputs.csv
6.699819,baseline_05_mixed_maneuver,Pitch,ramp,0.058182000000000005,0,0.1013963967561721,0.1013963967561721,0.10402674973011,-0.002630352973937905,0.002630352973937905,0.009697,0,0.0,0.0026364898309111564,0,0,0,W30_N8_mean1x,30,8,1.0,1909,Pitch_hybrid_prediction,/home/tchowdh4/sensor_recovery_project/logs/extracted_csv/baseline_05_mixed_maneuver_ATT.csv,/home/tchowdh4/sensor_recovery_project/prediction_results_v9_trained_hybrid/baseline_05_mixed_maneuver_ATT_trained_hybrid_prediction_outputs.csv
6.800612,baseline_05_mixed_maneuver,Pitch,ramp,0.058182000000000005,0,0.1022262647747993,0.1022262647747993,0.1028486657887697,-0.0006224010139703889,0.0006224010139703889,0.009697,0,0.0,0.0025342611595988254,0,0,0,W30_N8_mean1x,30,8,1.0,1909,Pitch_hybrid_prediction,/home/tchowdh4/sensor_recovery_project/logs/extracted_csv/baseline_05_mixed_maneuver_ATT.csv,/home/tchowdh4/sensor_recovery_project/prediction_results_v9_trained_hybrid/baseline_05_mixed_maneuver_ATT_trained_hybrid_prediction_outputs.csv
6.900572,baseline_05_mixed_maneuver,Pitch,ramp,0.058182000000000005,0,0.1146842613816261,0.1146842613816261,0.1240277588367462,-0.0093434974551201,0.0093434974551201,0.009697,0,0.0,0.0026586221531033458,0,0,0,W30_N8_mean1x,30,8,1.0,1909,Pitch_hybrid_prediction,/home/tchowdh4/sensor_recovery_project/logs/extracted_csv/baseline_05_mixed_maneuver_ATT.csv,/home/tchowdh4/sensor_recovery_project/prediction_results_v9_trained_hybrid/baseline_05_mixed_maneuver_ATT_trained_hybrid_prediction_outputs.csv
7.000532,baseline_05_mixed_maneuver,Pitch,ramp,0.058182000000000005,0,0.1212181597948074,0.1212181597948074,0.1261185836046933,-0.004900423809885895,0.004900423809885895,0.009697,0,0.0,0.0028003763407468715,0,0,0,W30_N8_mean1x,30,8,1.0,1909,Pitch_hybrid_prediction,/home/tchowdh4/sensor_recovery_project/logs/extracted_csv/baseline_05_mixed_maneuver_ATT.csv,/home/tchowdh4/sensor_recovery_project/prediction_results_v9_trained_hybrid/baseline_05_mixed_maneuver_ATT_trained_hybrid_prediction_outputs.csv
7.100492,baseline_05_mixed_maneuver,Pitch,ramp,0.058182000000000005,0,0.1150727644562721,0.1150727644562721,0.1104637179523706,0.0046090465039014955,0.0046090465039014955,0.009697,0,0.0,0.002747062034904948,0,0,0,W30_N8_mean1x,30,8,1.0,1909,Pitch_hybrid_prediction,/home/tchowdh4/sensor_recovery_project/logs/extracted_csv/baseline_05_mixed_maneuver_ATT.csv,/home/tchowdh4/sensor_recovery_project/prediction_results_v9_trained_hybrid/baseline_05_mixed_maneuver_ATT_trained_hybrid_prediction_outputs.csv
7.200452,baseline_05_mixed_maneuver,Pitch,ramp,0.058182000000000005,0,0.1121865287423133,0.1121865287423133,0.1100218519568441,0.002164676785469208,0.002164676785469208,0.009697,0,0.0,0.002705844305455685,0,0,0,W30_N8_mean1x,30,8,1.0,1909,Pitch_hybrid_prediction,/home/tchowdh4/sensor_recovery_project/logs/extracted_csv/baseline_05_mixed_maneuver_ATT.csv,/home/tchowdh4/sensor_recovery_project/prediction_results_v9_trained_hybrid/baseline_05_mixed_maneuver_ATT_trained_hybrid_prediction_outputs.csv
7.300412,baseline_05_mixed_maneuver,Pitch,ramp,0.058182000000000005,0,0.1094123348593711,0.1094123348593711,0.1073316894471644,0.0020806454122067053,0.0020806454122067053,0.009697,0,0.0,0.0027622323483228717,0,0,0,W30_N8_mean1x,30,8,1.0,1909,Pitch_hybrid_prediction,/home/tchowdh4/sensor_recovery_project/logs/extracted_csv/baseline_05_mixed_maneuver_ATT.csv,/home/tchowdh4/sensor_recovery_project/prediction_results_v9_trained_hybrid/baseline_05_mixed_maneuver_ATT_trained_hybrid_prediction_outputs.csv
7.400372,baseline_05_mixed_maneuver,Pitch,ramp,0.058182000000000005,0,0.1059756129980087,0.1059756129980087,0.1033980716019869,0.0025775413960218013,0.0025775413960218013,0.009697,0,0.0,0.002741950564086438,0,0,0,W30_N8_mean1x,30,8,1.0,1909,Pitch_hybrid_prediction,/home/tchowdh4/sensor_recovery_project/logs/extracted_csv/baseline_05_mixed_maneuver_ATT.csv,/home/tchowdh4/sensor_recovery_project/prediction_results_v9_trained_hybrid/baseline_05_mixed_maneuver_ATT_trained_hybrid_prediction_outputs.csv
7.500332,baseline_05_mixed_maneuver,Pitch,ramp,0.058182000000000005,0,0.1026037409901619,0.1026037409901619,0.1000748369842768,0.0025289040058850965,0.0025289040058850965,0.009697,0,0.0,0.0027468053624033913,0,0,0,W30_N8_mean1x,30,8,1.0,1909,Pitch_hybrid_prediction,/home/tchowdh4/sensor_recovery_project/logs/extracted_csv/baseline_05_mixed_maneuver_ATT.csv,/home/tchowdh4/sensor_recovery_project/prediction_results_v9_trained_hybrid/baseline_05_mixed_maneuver_ATT_trained_hybrid_prediction_outputs.csv
7.600292,baseline_05_mixed_maneuver,Pitch,ramp,0.058182000000000005,0,0.0987974032759666,0.0987974032759666,0.0959426499903201,0.002854753285646508,0.002854753285646508,0.009697,0,0.0,0.002800717763602735,0,0,0,W30_N8_mean1x,30,8,1.0,1909,Pitch_hybrid_prediction,/home/tchowdh4/sensor_recovery_project/logs/extracted_csv/baseline_05_mixed_maneuver_ATT.csv,/home/tchowdh4/sensor_recovery_project/prediction_results_v9_trained_hybrid/baseline_05_mixed_maneuver_ATT_trained_hybrid_prediction_outputs.csv
7.700252,baseline_05_mixed_maneuver,Pitch,ramp,0.058182000000000005,0,0.099815048277378,0.099815048277378,0.1005782820284365,-0.0007632337510584952,0.0007632337510584952,0.009697,0,0.0,0.0028214996680617313,0,0,0,W30_N8_mean1x,30,8,1.0,1909,Pitch_hybrid_prediction,/home/tchowdh4/sensor_recovery_project/logs/extracted_csv/baseline_05_mixed_maneuver_ATT.csv,/home/tchowdh4/sensor_recovery_project/prediction_results_v9_trained_hybrid/baseline_05_mixed_maneuver_ATT_trained_hybrid_prediction_outputs.csv
7.800212,baseline_05_mixed_maneuver,Pitch,ramp,0.058182000000000005,0,0.0939806476235389,0.0939806476235389,0.0896048471331595,0.004375800490379403,0.004375800490379403,0.009697,0,0.0,0.002898200042545798,0,0,0,W30_N8_mean1x,30,8,1.0,1909,Pitch_hybrid_prediction,/home/tchowdh4/sensor_recovery_project/logs/extracted_csv/baseline_05_mixed_maneuver_ATT.csv,/home/tchowdh4/sensor_recovery_project/prediction_results_v9_trained_hybrid/baseline_05_mixed_maneuver_ATT_trained_hybrid_prediction_outputs.csv
7.900172,baseline_05_mixed_maneuver,Pitch,ramp,0.058182000000000005,0,0.0938262939453125,0.0938262939453125,0.0937105286866427,0.0001157652586697977,0.0001157652586697977,0.009697,0,0.0,0.0028167884796857848,0,0,0,W30_N8_mean1x,30,8,1.0,1909,Pitch_hybrid_prediction,/home/tchowdh4/sensor_recovery_project/logs/extracted_csv/baseline_05_mixed_maneuver_ATT.csv,/home/tchowdh4/sensor_recovery_project/prediction_results_v9_trained_hybrid/baseline_05_mixed_maneuver_ATT_trained_hybrid_prediction_outputs.csv
8.000132,baseline_05_mixed_maneuver,Pitch,ramp,0.058182000000000005,0,0.0924309566617012,0.0924309566617012,0.0913844536989927,0.001046502962708501,0.001046502962708501,0.009697,0,0.0,0.002691144868731498,0,0,0,W30_N8_mean1x,30,8,1.0,1909,Pitch_hybrid_prediction,/home/tchowdh4/sensor_recovery_project/logs/extracted_csv/baseline_05_mixed_maneuver_ATT.csv,/home/tchowdh4/sensor_recovery_project/prediction_results_v9_trained_hybrid/baseline_05_mixed_maneuver_ATT_trained_hybrid_prediction_outputs.csv
8.100092,baseline_05_mixed_maneuver,Pitch,ramp,0.058182000000000005,0,0.0887669399380683,0.0887669399380683,0.0860189273953436,0.0027480125427247065,0.0027480125427247065,0.009697,0,0.0,0.002657734975218775,0,0,0,W30_N8_mean1x,30,8,1.0,1909,Pitch_hybrid_prediction,/home/tchowdh4/sensor_recovery_project/logs/extracted_csv/baseline_05_mixed_maneuver_ATT.csv,/home/tchowdh4/sensor_recovery_project/prediction_results_v9_trained_hybrid/baseline_05_mixed_maneuver_ATT_trained_hybrid_prediction_outputs.csv
8.200052,baseline_05_mixed_maneuver,Pitch,ramp,0.058182000000000005,0,0.0831132233142852,0.0831132233142852,0.0788729358464478,0.004240287467837389,0.004240287467837389,0.009697,0,0.0,0.002793214842677121,0,0,0,W30_N8_mean1x,30,8,1.0,1909,Pitch_hybrid_prediction,/home/tchowdh4/sensor_recovery_project/logs/extracted_csv/baseline_05_mixed_maneuver_ATT.csv,/home/tchowdh4/sensor_recovery_project/prediction_results_v9_trained_hybrid/baseline_05_mixed_maneuver_ATT_trained_hybrid_prediction_outputs.csv
8.300012,baseline_05_mixed_maneuver,Pitch,ramp,0.058182000000000005,0,0.0850498974323272,0.0850498974323272,0.0865024030208587,-0.0014525055885314941,0.0014525055885314941,0.009697,0,0.0,0.0027082335203886107,0,0,0,W30_N8_mean1x,30,8,1.0,1909,Pitch_hybrid_prediction,/home/tchowdh4/sensor_recovery_project/logs/extracted_csv/baseline_05_mixed_maneuver_ATT.csv,/home/tchowdh4/sensor_recovery_project/prediction_results_v9_trained_hybrid/baseline_05_mixed_maneuver_ATT_trained_hybrid_prediction_outputs.csv
8.399972,baseline_05_mixed_maneuver,Pitch,ramp,0.058182000000000005,0,0.0866440162062645,0.0866440162062645,0.0878396052867174,-0.0011955890804529051,0.0011955890804529051,0.009697,0,0.0,0.0025149125605821708,0,0,0,W30_N8_mean1x,30,8,1.0,1909,Pitch_hybrid_prediction,/home/tchowdh4/sensor_recovery_project/logs/extracted_csv/baseline_05_mixed_maneuver_ATT.csv,/home/tchowdh4/sensor_recovery_project/prediction_results_v9_trained_hybrid/baseline_05_mixed_maneuver_ATT_trained_hybrid_prediction_outputs.csv
8.499932,baseline_05_mixed_maneuver,Pitch,ramp,0.058182000000000005,0,0.0855306088924408,0.0855306088924408,0.084695553407073,0.0008350554853678027,0.0008350554853678027,0.009697,0,0.0,0.002375943772494804,0,0,0,W30_N8_mean1x,30,8,1.0,1909,Pitch_hybrid_prediction,/home/tchowdh4/sensor_recovery_project/logs/extracted_csv/baseline_05_mixed_maneuver_ATT.csv,/home/tchowdh4/sensor_recovery_project/prediction_results_v9_trained_hybrid/baseline_05_mixed_maneuver_ATT_trained_hybrid_prediction_outputs.csv
8.599892,baseline_05_mixed_maneuver,Pitch,ramp,0.058182000000000005,0,0.0829933136701583,0.0829933136701583,0.0810903422534464,0.0019029714167119044,0.0019029714167119044,0.009697,0,0.0,0.002420396916568291,0,0,0,W30_N8_mean1x,30,8,1.0,1909,Pitch_hybrid_prediction,/home/tchowdh4/sensor_recovery_project/logs/extracted_csv/baseline_05_mixed_maneuver_ATT.csv,/home/tchowdh4/sensor_recovery_project/prediction_results_v9_trained_hybrid/baseline_05_mixed_maneuver_ATT_trained_hybrid_prediction_outputs.csv
8.699852,baseline_05_mixed_maneuver,Pitch,ramp,0.058182000000000005,0,0.0839312821626663,0.0839312821626663,0.0846347585320473,-0.0007034763693809926,0.0007034763693809926,0.009697,0,0.0,0.002385471761226667,0,0,0,W30_N8_mean1x,30,8,1.0,1909,Pitch_hybrid_prediction,/home/tchowdh4/sensor_recovery_project/logs/extracted_csv/baseline_05_mixed_maneuver_ATT.csv,/home/tchowdh4/sensor_recovery_project/prediction_results_v9_trained_hybrid/baseline_05_mixed_maneuver_ATT_trained_hybrid_prediction_outputs.csv
8.799812,baseline_05_mixed_maneuver,Pitch,ramp,0.058182000000000005,0,0.0874615311622619,0.0874615311622619,0.0901092179119585,-0.0026476867496966067,0.0026476867496966067,0.009697,0,0.0,0.002456412464380277,0,0,0,W30_N8_mean1x,30,8,1.0,1909,Pitch_hybrid_prediction,/home/tchowdh4/sensor_recovery_project/logs/extracted_csv/baseline_05_mixed_maneuver_ATT.csv,/home/tchowdh4/sensor_recovery_project/prediction_results_v9_trained_hybrid/baseline_05_mixed_maneuver_ATT_trained_hybrid_prediction_outputs.csv
8.900605,baseline_05_mixed_maneuver,Pitch,ramp,0.058182000000000005,0,0.091123878955841,0.091123878955841,0.0938706398010253,-0.0027467608451842984,0.0027467608451842984,0.009697,0,0.0,0.0024952568113804008,0,0,0,W30_N8_mean1x,30,8,1.0,1909,Pitch_hybrid_prediction,/home/tchowdh4/sensor_recovery_project/logs/extracted_csv/baseline_05_mixed_maneuver_ATT.csv,/home/tchowdh4/sensor_recovery_project/prediction_results_v9_trained_hybrid/baseline_05_mixed_maneuver_ATT_trained_hybrid_prediction_outputs.csv
9.000565,baseline_05_mixed_maneuver,Pitch,ramp,0.058182000000000005,0,0.0924679413437843,0.0924679413437843,0.0934759881347417,-0.0010080467909573954,0.0010080467909573954,0.009697,0,0.0,0.0024889040738344304,0,0,0,W30_N8_mean1x,30,8,1.0,1909,Pitch_hybrid_prediction,/home/tchowdh4/sensor_recovery_project/logs/extracted_csv/baseline_05_mixed_maneuver_ATT.csv,/home/tchowdh4/sensor_recovery_project/prediction_results_v9_trained_hybrid/baseline_05_mixed_maneuver_ATT_trained_hybrid_prediction_outputs.csv
9.100525,baseline_05_mixed_maneuver,Pitch,ramp,0.058182000000000005,0,0.0955303385853767,0.0955303385853767,0.0978271365165709,-0.0022967979311942083,0.0022967979311942083,0.009697,0,0.0,0.0025273740291595504,0,0,0,W30_N8_mean1x,30,8,1.0,1909,Pitch_hybrid_prediction,/home/tchowdh4/sensor_recovery_project/logs/extracted_csv/baseline_05_mixed_maneuver_ATT.csv,/home/tchowdh4/sensor_recovery_project/prediction_results_v9_trained_hybrid/baseline_05_mixed_maneuver_ATT_trained_hybrid_prediction_outputs.csv
9.200485,baseline_05_mixed_maneuver,Pitch,ramp,0.058182000000000005,0,0.093045137822628,0.093045137822628,0.0911812372505664,0.0018639005720615942,0.0018639005720615942,0.009697,0,0.0,0.00250190738588572,0,0,0,W30_N8_mean1x,30,8,1.0,1909,Pitch_hybrid_prediction,/home/tchowdh4/sensor_recovery_project/logs/extracted_csv/baseline_05_mixed_maneuver_ATT.csv,/home/tchowdh4/sensor_recovery_project/prediction_results_v9_trained_hybrid/baseline_05_mixed_maneuver_ATT_trained_hybrid_prediction_outputs.csv
9.300445,baseline_05_mixed_maneuver,Pitch,ramp,0.058182000000000005,0,0.0980871394276619,0.0980871394276619,0.1018686406314373,-0.003781501203775406,0.003781501203775406,0.009697,0,0.0,0.0026189625263214134,0,0,0,W30_N8_mean1x,30,8,1.0,1909,Pitch_hybrid_prediction,/home/tchowdh4/sensor_recovery_project/logs/extracted_csv/baseline_05_mixed_maneuver_ATT.csv,/home/tchowdh4/sensor_recovery_project/prediction_results_v9_trained_hybrid/baseline_05_mixed_maneuver_ATT_trained_hybrid_prediction_outputs.csv
9.400405,baseline_05_mixed_maneuver,Pitch,ramp,0.058182000000000005,0,0.0945748388767242,0.0945748388767242,0.0919406134635209,0.002634225413203295,0.002634225413203295,0.009697,0,0.0,0.0025915484875440667,0,0,0,W30_N8_mean1x,30,8,1.0,1909,Pitch_hybrid_prediction,/home/tchowdh4/sensor_recovery_project/logs/extracted_csv/baseline_05_mixed_maneuver_ATT.csv,/home/tchowdh4/sensor_recovery_project/prediction_results_v9_trained_hybrid/baseline_05_mixed_maneuver_ATT_trained_hybrid_prediction_outputs.csv
9.500365,baseline_05_mixed_maneuver,Pitch,ramp,0.058182000000000005,0,0.1016135662794113,0.1016135662794113,0.1068926118314266,-0.0052790455520153046,0.0052790455520153046,0.009697,0,0.0,0.0025899445638060633,0,0,0,W30_N8_mean1x,30,8,1.0,1909,Pitch_hybrid_prediction,/home/tchowdh4/sensor_recovery_project/logs/extracted_csv/baseline_05_mixed_maneuver_ATT.csv,/home/tchowdh4/sensor_recovery_project/prediction_results_v9_trained_hybrid/baseline_05_mixed_maneuver_ATT_trained_hybrid_prediction_outputs.csv
9.600325,baseline_05_mixed_maneuver,Pitch,ramp,0.058182000000000005,0,0.1114557608962059,0.1114557608962059,0.1188374068588018,-0.007381645962595898,0.007381645962595898,0.009697,0,0.0,0.00277770180255175,0,0,0,W30_N8_mean1x,30,8,1.0,1909,Pitch_hybrid_prediction,/home/tchowdh4/sensor_recovery_project/logs/extracted_csv/baseline_05_mixed_maneuver_ATT.csv,/home/tchowdh4/sensor_recovery_project/prediction_results_v9_trained_hybrid/baseline_05_mixed_maneuver_ATT_trained_hybrid_prediction_outputs.csv
9.700285,baseline_05_mixed_maneuver,Pitch,ramp,0.058182000000000005,0,0.1100184917449951,0.1100184917449951,0.108940539881587,0.0010779518634081026,0.0010779518634081026,0.009697,0,0.0,0.0027259550988674233,0,0,0,W30_N8_mean1x,30,8,1.0,1909,Pitch_hybrid_prediction,/home/tchowdh4/sensor_recovery_project/logs/extracted_csv/baseline_05_mixed_maneuver_ATT.csv,/home/tchowdh4/sensor_recovery_project/prediction_results_v9_trained_hybrid/baseline_05_mixed_maneuver_ATT_trained_hybrid_prediction_outputs.csv
9.800245,baseline_05_mixed_maneuver,Pitch,ramp,0.058182000000000005,0,0.1003481969237327,0.1003481969237327,0.0930954758077859,0.0072527211159467975,0.0072527211159467975,0.009697,0,0.0,0.0029469657689333035,0,0,0,W30_N8_mean1x,30,8,1.0,1909,Pitch_hybrid_prediction,/home/tchowdh4/sensor_recovery_project/logs/extracted_csv/baseline_05_mixed_maneuver_ATT.csv,/home/tchowdh4/sensor_recovery_project/prediction_results_v9_trained_hybrid/baseline_05_mixed_maneuver_ATT_trained_hybrid_prediction_outputs.csv
9.900205,baseline_05_mixed_maneuver,Pitch,ramp,0.058182000000000005,0,0.0944782495498657,0.0944782495498657,0.0900757890194654,0.00440246053040029,0.00440246053040029,0.009697,0,0.0,0.0027822645381093097,0,0,0,W30_N8_mean1x,30,8,1.0,1909,Pitch_hybrid_prediction,/home/tchowdh4/sensor_recovery_project/logs/extracted_csv/baseline_05_mixed_maneuver_ATT.csv,/home/tchowdh4/sensor_recovery_project/prediction_results_v9_trained_hybrid/baseline_05_mixed_maneuver_ATT_trained_hybrid_prediction_outputs.csv
10.000165,baseline_05_mixed_maneuver,Pitch,ramp,0.058182000000000005,0,0.0895200818777084,0.0895200818777084,0.0858014561235904,0.0037186257541179935,0.0037186257541179935,0.009697,0,0.0,0.002742871269583713,0,0,0,W30_N8_mean1x,30,8,1.0,1909,Pitch_hybrid_prediction,/home/tchowdh4/sensor_recovery_project/logs/extracted_csv/baseline_05_mixed_maneuver_ATT.csv,/home/tchowdh4/sensor_recovery_project/prediction_results_v9_trained_hybrid/baseline_05_mixed_maneuver_ATT_trained_hybrid_prediction_outputs.csv
10.100125,baseline_05_mixed_maneuver,Pitch,ramp,0.058182000000000005,0,0.0893931686878204,0.0893931686878204,0.0892979837954044,9.518489241600037e-05,9.518489241600037e-05,0.009697,0,0.0,0.00259240921586753,0,0,0,W30_N8_mean1x,30,8,1.0,1909,Pitch_hybrid_prediction,/home/tchowdh4/sensor_recovery_project/logs/extracted_csv/baseline_05_mixed_maneuver_ATT.csv,/home/tchowdh4/sensor_recovery_project/prediction_results_v9_trained_hybrid/baseline_05_mixed_maneuver_ATT_trained_hybrid_prediction_outputs.csv
10.200085,baseline_05_mixed_maneuver,Pitch,ramp,0.058182000000000005,0,0.0885075330734252,0.0885075330734252,0.0878433063626287,0.000664226710796495,0.000664226710796495,0.009697,0,0.0,0.0025423942133784394,0,0,0,W30_N8_mean1x,30,8,1.0,1909,Pitch_hybrid_prediction,/home/tchowdh4/sensor_recovery_project/logs/extracted_csv/baseline_05_mixed_maneuver_ATT.csv,/home/tchowdh4/sensor_recovery_project/prediction_results_v9_trained_hybrid/baseline_05_mixed_maneuver_ATT_trained_hybrid_prediction_outputs.csv
10.300045,baseline_05_mixed_maneuver,Pitch,ramp,0.058182000000000005,0,0.0915614813566207,0.0915614813566207,0.0938519425690173,-0.002290461212396594,0.002290461212396594,0.009697,0,0.0,0.0025493880733847693,0,0,0,W30_N8_mean1x,30,8,1.0,1909,Pitch_hybrid_prediction,/home/tchowdh4/sensor_recovery_project/logs/extracted_csv/baseline_05_mixed_maneuver_ATT.csv,/home/tchowdh4/sensor_recovery_project/prediction_results_v9_trained_hybrid/baseline_05_mixed_maneuver_ATT_trained_hybrid_prediction_outputs.csv
10.400005,baseline_05_mixed_maneuver,Pitch,ramp,0.058182000000000005,0,0.1010399162769317,0.1010399162769317,0.1081487424671649,-0.007108826190233203,0.007108826190233203,0.009697,0,0.0,0.0027004308998584826,0,0,0,W30_N8_mean1x,30,8,1.0,1909,Pitch_hybrid_prediction,/home/tchowdh4/sensor_recovery_project/logs/extracted_csv/baseline_05_mixed_maneuver_ATT.csv,/home/tchowdh4/sensor_recovery_project/prediction_results_v9_trained_hybrid/baseline_05_mixed_maneuver_ATT_trained_hybrid_prediction_outputs.csv
10.499965,baseline_05_mixed_maneuver,Pitch,ramp,0.058182000000000005,0,0.1016864106059074,0.1016864106059074,0.1021712813526391,-0.0004848707467317026,0.0004848707467317026,0.009697,0,0.0,0.0026322964578867026,0,0,0,W30_N8_mean1x,30,8,1.0,1909,Pitch_hybrid_prediction,/home/tchowdh4/sensor_recovery_project/logs/extracted_csv/baseline_05_mixed_maneuver_ATT.csv,/home/tchowdh4/sensor_recovery_project/prediction_results_v9_trained_hybrid/baseline_05_mixed_maneuver_ATT_trained_hybrid_prediction_outputs.csv
10.599925,baseline_05_mixed_maneuver,Pitch,ramp,0.058182000000000005,0,0.094316154718399,0.094316154718399,0.0887884628027677,0.005527691915631308,0.005527691915631308,0.009697,0,0.0,0.0027213944122195296,0,0,0,W30_N8_mean1x,30,8,1.0,1909,Pitch_hybrid_prediction,/home/tchowdh4/sensor_recovery_project/logs/extracted_csv/baseline_05_mixed_maneuver_ATT.csv,/home/tchowdh4/sensor_recovery_project/prediction_results_v9_trained_hybrid/baseline_05_mixed_maneuver_ATT_trained_hybrid_prediction_outputs.csv
10.699885,baseline_05_mixed_maneuver,Pitch,ramp,0.058182000000000005,0,0.0946838334202766,0.0946838334202766,0.0949595924466848,-0.0002757590264081955,0.0002757590264081955,0.009697,0,0.0,0.002705145254731186,0,0,0,W30_N8_mean1x,30,8,1.0,1909,Pitch_hybrid_prediction,/home/tchowdh4/sensor_recovery_project/logs/extracted_csv/baseline_05_mixed_maneuver_ATT.csv,/home/tchowdh4/sensor_recovery_project/prediction_results_v9_trained_hybrid/baseline_05_mixed_maneuver_ATT_trained_hybrid_prediction_outputs.csv
10.799845,baseline_05_mixed_maneuver,Pitch,ramp,0.058182000000000005,0,0.1014446914196014,0.1014446914196014,0.106515334919095,-0.005070643499493599,0.005070643499493599,0.009697,0,0.0,0.002728306688368326,0,0,0,W30_N8_mean1x,30,8,1.0,1909,Pitch_hybrid_prediction,/home/tchowdh4/sensor_recovery_project/logs/extracted_csv/baseline_05_mixed_maneuver_ATT.csv,/home/tchowdh4/sensor_recovery_project/prediction_results_v9_trained_hybrid/baseline_05_mixed_maneuver_ATT_trained_hybrid_prediction_outputs.csv
10.899805,baseline_05_mixed_maneuver,Pitch,ramp,0.058182000000000005,0,0.1061994060873985,0.1061994060873985,0.1097654420882463,-0.0035660360008478026,0.0035660360008478026,0.009697,0,0.0,0.002843315713107593,0,0,0,W30_N8_mean1x,30,8,1.0,1909,Pitch_hybrid_prediction,/home/tchowdh4/sensor_recovery_project/logs/extracted_csv/baseline_05_mixed_maneuver_ATT.csv,/home/tchowdh4/sensor_recovery_project/prediction_results_v9_trained_hybrid/baseline_05_mixed_maneuver_ATT_trained_hybrid_prediction_outputs.csv
11.000598,baseline_05_mixed_maneuver,Pitch,ramp,0.058182000000000005,0,0.1128470748662948,0.1128470748662948,0.117832826450467,-0.004985751584172193,0.004985751584172193,0.009697,0,0.0,0.002974624000489716,0,0,0,W30_N8_mean1x,30,8,1.0,1909,Pitch_hybrid_prediction,/home/tchowdh4/sensor_recovery_project/logs/extracted_csv/baseline_05_mixed_maneuver_ATT.csv,/home/tchowdh4/sensor_recovery_project/prediction_results_v9_trained_hybrid/baseline_05_mixed_maneuver_ATT_trained_hybrid_prediction_outputs.csv
11.100558,baseline_05_mixed_maneuver,Pitch,ramp,0.058182000000000005,0,0.1166758090257644,0.1166758090257644,0.1195473596453666,-0.0028715506196022034,0.0028715506196022034,0.009697,0,0.0,0.0029787419363856327,0,0,0,W30_N8_mean1x,30,8,1.0,1909,Pitch_hybrid_prediction,/home/tchowdh4/sensor_recovery_project/logs/extracted_csv/baseline_05_mixed_maneuver_ATT.csv,/home/tchowdh4/sensor_recovery_project/prediction_results_v9_trained_hybrid/baseline_05_mixed_maneuver_ATT_trained_hybrid_prediction_outputs.csv
11.200518,baseline_05_mixed_maneuver,Pitch,ramp,0.058182000000000005,0,0.1150697544217109,0.1150697544217109,0.1138652134686707,0.0012045409530401924,0.0012045409530401924,0.009697,0,0.0,0.0028775503858923927,0,0,0,W30_N8_mean1x,30,8,1.0,1909,Pitch_hybrid_prediction,/home/tchowdh4/sensor_recovery_project/logs/extracted_csv/baseline_05_mixed_maneuver_ATT.csv,/home/tchowdh4/sensor_recovery_project/prediction_results_v9_trained_hybrid/baseline_05_mixed_maneuver_ATT_trained_hybrid_prediction_outputs.csv
11.300478,baseline_05_mixed_maneuver,Pitch,ramp,0.058182000000000005,0,0.1154501736164093,0.1154501736164093,0.1157354880124331,-0.00028531439602379194,0.00028531439602379194,0.009697,0,0.0,0.0028386440128088026,0,0,0,W30_N8_mean1x,30,8,1.0,1909,Pitch_hybrid_prediction,/home/tchowdh4/sensor_recovery_project/logs/extracted_csv/baseline_05_mixed_maneuver_ATT.csv,/home/tchowdh4/sensor_recovery_project/prediction_results_v9_trained_hybrid/baseline_05_mixed_maneuver_ATT_trained_hybrid_prediction_outputs.csv
11.400438,baseline_05_mixed_maneuver,Pitch,ramp,0.058182000000000005,0,0.1140281111001968,0.1140281111001968,0.1129615642130374,0.001066546887159403,0.001066546887159403,0.009697,0,0.0,0.0028343426063656856,0,0,0,W30_N8_mean1x,30,8,1.0,1909,Pitch_hybrid_prediction,/home/tchowdh4/sensor_recovery_project/logs/extracted_csv/baseline_05_mixed_maneuver_ATT.csv,/home/tchowdh4/sensor_recovery_project/prediction_results_v9_trained_hybrid/baseline_05_mixed_maneuver_ATT_trained_hybrid_prediction_outputs.csv
11.500398,baseline_05_mixed_maneuver,Pitch,ramp,0.058182000000000005,0,0.1044923737645149,0.1044923737645149,0.0973405707627534,0.007151803001761492,0.007151803001761492,0.009697,0,0.0,0.003044900856912142,0,0,0,W30_N8_mean1x,30,8,1.0,1909,Pitch_hybrid_prediction,/home/tchowdh4/sensor_recovery_project/logs/extracted_csv/baseline_05_mixed_maneuver_ATT.csv,/home/tchowdh4/sensor_recovery_project/prediction_results_v9_trained_hybrid/baseline_05_mixed_maneuver_ATT_trained_hybrid_prediction_outputs.csv
11.600358,baseline_05_mixed_maneuver,Pitch,ramp,0.058182000000000005,0,0.0963953360915184,0.0963953360915184,0.090322557836771,0.006072778254747405,0.006072778254747405,0.009697,0,0.0,0.003183894418179992,0,0,0,W30_N8_mean1x,30,8,1.0,1909,Pitch_hybrid_prediction,/home/tchowdh4/sensor_recovery_project/logs/extracted_csv/baseline_05_mixed_maneuver_ATT.csv,/home/tchowdh4/sensor_recovery_project/prediction_results_v9_trained_hybrid/baseline_05_mixed_maneuver_ATT_trained_hybrid_prediction_outputs.csv
11.700318,baseline_05_mixed_maneuver,Pitch,ramp,0.058182000000000005,0,0.09855717420578,0.09855717420578,0.1001785527914762,-0.0016213785856961926,0.0016213785856961926,0.009697,0,0.0,0.003214491158723832,0,0,0,W30_N8_mean1x,30,8,1.0,1909,Pitch_hybrid_prediction,/home/tchowdh4/sensor_recovery_project/logs/extracted_csv/baseline_05_mixed_maneuver_ATT.csv,/home/tchowdh4/sensor_recovery_project/prediction_results_v9_trained_hybrid/baseline_05_mixed_maneuver_ATT_trained_hybrid_prediction_outputs.csv
11.800278,baseline_05_mixed_maneuver,Pitch,ramp,0.058182000000000005,0,0.1016725227236747,0.1016725227236747,0.1040090341120957,-0.0023365113884209893,0.0023365113884209893,0.009697,0,0.0,0.0032041186466813115,0,0,0,W30_N8_mean1x,30,8,1.0,1909,Pitch_hybrid_prediction,/home/tchowdh4/sensor_recovery_project/logs/extracted_csv/baseline_05_mixed_maneuver_ATT.csv,/home/tchowdh4/sensor_recovery_project/prediction_results_v9_trained_hybrid/baseline_05_mixed_maneuver_ATT_trained_hybrid_prediction_outputs.csv
11.900238,baseline_05_mixed_maneuver,Pitch,ramp,0.058182000000000005,0,0.1065647155046463,0.1065647155046463,0.110233860090375,-0.003669144585728701,0.003669144585728701,0.009697,0,0.0,0.003234864771366125,0,0,0,W30_N8_mean1x,30,8,1.0,1909,Pitch_hybrid_prediction,/home/tchowdh4/sensor_recovery_project/logs/extracted_csv/baseline_05_mixed_maneuver_ATT.csv,/home/tchowdh4/sensor_recovery_project/prediction_results_v9_trained_hybrid/baseline_05_mixed_maneuver_ATT_trained_hybrid_prediction_outputs.csv
12.000198,baseline_05_mixed_maneuver,Pitch,ramp,0.058182000000000005,0,0.1084460541605949,0.1084460541605949,0.1098570581525563,-0.001411003991961396,0.001411003991961396,0.009697,0,0.0,0.0032482966780662584,0,0,0,W30_N8_mean1x,30,8,1.0,1909,Pitch_hybrid_prediction,/home/tchowdh4/sensor_recovery_project/logs/extracted_csv/baseline_05_mixed_maneuver_ATT.csv,/home/tchowdh4/sensor_recovery_project/prediction_results_v9_trained_hybrid/baseline_05_mixed_maneuver_ATT_trained_hybrid_prediction_outputs.csv
12.100158,baseline_05_mixed_maneuver,Pitch,ramp,0.058182000000000005,0,0.1097596883773803,0.1097596883773803,0.1107449140399693,-0.0009852256625890038,0.0009852256625890038,0.009697,0,0.0,0.003204577602446085,0,0,0,W30_N8_mean1x,30,8,1.0,1909,Pitch_hybrid_prediction,/home/tchowdh4/sensor_recovery_project/logs/extracted_csv/baseline_05_mixed_maneuver_ATT.csv,/home/tchowdh4/sensor_recovery_project/prediction_results_v9_trained_hybrid/baseline_05_mixed_maneuver_ATT_trained_hybrid_prediction_outputs.csv
12.200118,baseline_05_mixed_maneuver,Pitch,ramp,0.058182000000000005,0,0.1104364171624183,0.1104364171624183,0.1109439637511967,-0.0005075465887783986,0.0005075465887783986,0.009697,0,0.0,0.0031593658030033118,0,0,0,W30_N8_mean1x,30,8,1.0,1909,Pitch_hybrid_prediction,/home/tchowdh4/sensor_recovery_project/logs/extracted_csv/baseline_05_mixed_maneuver_ATT.csv,/home/tchowdh4/sensor_recovery_project/prediction_results_v9_trained_hybrid/baseline_05_mixed_maneuver_ATT_trained_hybrid_prediction_outputs.csv
12.300078,baseline_05_mixed_maneuver,Pitch,ramp,0.058182000000000005,0,0.1113797053694725,0.1113797053694725,0.1120871715247631,-0.0007074661552905898,0.0007074661552905898,0.009697,0,0.0,0.003056897968053818,0,0,0,W30_N8_mean1x,30,8,1.0,1909,Pitch_hybrid_prediction,/home/tchowdh4/sensor_recovery_project/logs/extracted_csv/baseline_05_mixed_maneuver_ATT.csv,/home/tchowdh4/sensor_recovery_project/prediction_results_v9_trained_hybrid/baseline_05_mixed_maneuver_ATT_trained_hybrid_prediction_outputs.csv
12.400038,baseline_05_mixed_maneuver,Pitch,ramp,0.058182000000000005,0,0.1119912937283515,0.1119912937283515,0.1124499849975107,-0.000458691269159206,0.000458691269159206,0.009697,0,0.0,0.0029843801632523483,0,0,0,W30_N8_mean1x,30,8,1.0,1909,Pitch_hybrid_prediction,/home/tchowdh4/sensor_recovery_project/logs/extracted_csv/baseline_05_mixed_maneuver_ATT.csv,/home/tchowdh4/sensor_recovery_project/prediction_results_v9_trained_hybrid/baseline_05_mixed_maneuver_ATT_trained_hybrid_prediction_outputs.csv
12.499998,baseline_05_mixed_maneuver,Pitch,ramp,0.058182000000000005,0,0.1127131357789039,0.1127131357789039,0.1132545173168182,-0.00054138153791429,0.00054138153791429,0.009697,0,0.0,0.002826458029448981,0,0,0,W30_N8_mean1x,30,8,1.0,1909,Pitch_hybrid_prediction,/home/tchowdh4/sensor_recovery_project/logs/extracted_csv/baseline_05_mixed_maneuver_ATT.csv,/home/tchowdh4/sensor_recovery_project/prediction_results_v9_trained_hybrid/baseline_05_mixed_maneuver_ATT_trained_hybrid_prediction_outputs.csv
12.599958,baseline_05_mixed_maneuver,Pitch,ramp,0.058182000000000005,0,0.1130768805742263,0.1130768805742263,0.113349689170718,-0.00027280859649170264,0.00027280859649170264,0.009697,0,0.0,0.0025894967839121745,0,0,0,W30_N8_mean1x,30,8,1.0,1909,Pitch_hybrid_prediction,/home/tchowdh4/sensor_recovery_project/logs/extracted_csv/baseline_05_mixed_maneuver_ATT.csv,/home/tchowdh4/sensor_recovery_project/prediction_results_v9_trained_hybrid/baseline_05_mixed_maneuver_ATT_trained_hybrid_prediction_outputs.csv
12.699918,baseline_05_mixed_maneuver,Pitch,ramp,0.058182000000000005,0,0.113505519926548,0.113505519926548,0.1138269994407892,-0.0003214795142411908,0.0003214795142411908,0.009697,0,0.0,0.002564281038939944,0,0,0,W30_N8_mean1x,30,8,1.0,1909,Pitch_hybrid_prediction,/home/tchowdh4/sensor_recovery_project/logs/extracted_csv/baseline_05_mixed_maneuver_ATT.csv,/home/tchowdh4/sensor_recovery_project/prediction_results_v9_trained_hybrid/baseline_05_mixed_maneuver_ATT_trained_hybrid_prediction_outputs.csv
12.799878,baseline_05_mixed_maneuver,Pitch,ramp,0.058182000000000005,0,0.1135719269514083,0.1135719269514083,0.1136217322200535,-4.980526864520329e-05,4.980526864520329e-05,0.009697,0,0.0,0.0023241838440298907,0,0,0,W30_N8_mean1x,30,8,1.0,1909,Pitch_hybrid_prediction,/home/tchowdh4/sensor_recovery_project/logs/extracted_csv/baseline_05_mixed_maneuver_ATT.csv,/home/tchowdh4/sensor_recovery_project/prediction_results_v9_trained_hybrid/baseline_05_mixed_maneuver_ATT_trained_hybrid_prediction_outputs.csv
12.899838,baseline_05_mixed_maneuver,Pitch,ramp,0.058182000000000005,0,0.1138627678155899,0.1138627678155899,0.1140808984637261,-0.00021813064813619443,0.00021813064813619443,0.009697,0,0.0,0.0021847061812877546,0,0,0,W30_N8_mean1x,30,8,1.0,1909,Pitch_hybrid_prediction,/home/tchowdh4/sensor_recovery_project/logs/extracted_csv/baseline_05_mixed_maneuver_ATT.csv,/home/tchowdh4/sensor_recovery_project/prediction_results_v9_trained_hybrid/baseline_05_mixed_maneuver_ATT_trained_hybrid_prediction_outputs.csv
12.999798,baseline_05_mixed_maneuver,Pitch,ramp,0.058182000000000005,0,0.1138247922062873,0.1138247922062873,0.1137963104993103,2.8481706977001586e-05,2.8481706977001586e-05,0.009697,0,0.0,0.002061701379716388,0,0,0,W30_N8_mean1x,30,8,1.0,1909,Pitch_hybrid_prediction,/home/tchowdh4/sensor_recovery_project/logs/extracted_csv/baseline_05_mixed_maneuver_ATT.csv,/home/tchowdh4/sensor_recovery_project/prediction_results_v9_trained_hybrid/baseline_05_mixed_maneuver_ATT_trained_hybrid_prediction_outputs.csv
13.100591,baseline_05_mixed_maneuver,Pitch,ramp,0.058182000000000005,0,0.1109518334269523,0.1109518334269523,0.108797114342451,0.002154719084501308,0.002154719084501308,0.009697,0,0.0,0.002130352519452565,0,0,0,W30_N8_mean1x,30,8,1.0,1909,Pitch_hybrid_prediction,/home/tchowdh4/sensor_recovery_project/logs/extracted_csv/baseline_05_mixed_maneuver_ATT.csv,/home/tchowdh4/sensor_recovery_project/prediction_results_v9_trained_hybrid/baseline_05_mixed_maneuver_ATT_trained_hybrid_prediction_outputs.csv
13.200551,baseline_05_mixed_maneuver,Pitch,ramp,0.058182000000000005,0,0.105225034058094,0.105225034058094,0.1009299345314502,0.004295099526643795,0.004295099526643795,0.009697,0,0.0,0.0022513816133141414,0,0,0,W30_N8_mean1x,30,8,1.0,1909,Pitch_hybrid_prediction,/home/tchowdh4/sensor_recovery_project/logs/extracted_csv/baseline_05_mixed_maneuver_ATT.csv,/home/tchowdh4/sensor_recovery_project/prediction_results_v9_trained_hybrid/baseline_05_mixed_maneuver_ATT_trained_hybrid_prediction_outputs.csv
13.300511,baseline_05_mixed_maneuver,Pitch,ramp,0.058182000000000005,0,0.1006193682551384,0.1006193682551384,0.0971651189029217,0.003454249352216693,0.003454249352216693,0.009697,0,0.0,0.002290174551308145,0,0,0,W30_N8_mean1x,30,8,1.0,1909,Pitch_hybrid_prediction,/home/tchowdh4/sensor_recovery_project/logs/extracted_csv/baseline_05_mixed_maneuver_ATT.csv,/home/tchowdh4/sensor_recovery_project/prediction_results_v9_trained_hybrid/baseline_05_mixed_maneuver_ATT_trained_hybrid_prediction_outputs.csv
13.400471,baseline_05_mixed_maneuver,Pitch,ramp,0.058182000000000005,0,0.096621349453926,0.096621349453926,0.0936228353530167,0.0029985141009093025,0.0029985141009093025,0.009697,0,0.0,0.0021531641483306815,0,0,0,W30_N8_mean1x,30,8,1.0,1909,Pitch_hybrid_prediction,/home/tchowdh4/sensor_recovery_project/logs/extracted_csv/baseline_05_mixed_maneuver_ATT.csv,/home/tchowdh4/sensor_recovery_project/prediction_results_v9_trained_hybrid/baseline_05_mixed_maneuver_ATT_trained_hybrid_prediction_outputs.csv
13.500431,baseline_05_mixed_maneuver,Pitch,ramp,0.058182000000000005,0,0.0951957404613494,0.0951957404613494,0.0941265337169169,0.0010692067444325049,0.0010692067444325049,0.009697,0,0.0,0.002172642014920708,0,0,0,W30_N8_mean1x,30,8,1.0,1909,Pitch_hybrid_prediction,/home/tchowdh4/sensor_recovery_project/logs/extracted_csv/baseline_05_mixed_maneuver_ATT.csv,/home/tchowdh4/sensor_recovery_project/prediction_results_v9_trained_hybrid/baseline_05_mixed_maneuver_ATT_trained_hybrid_prediction_outputs.csv
13.600391,baseline_05_mixed_maneuver,Pitch,ramp,0.058182000000000005,0,0.0915143266320228,0.0915143266320228,0.0887532662600278,0.002761060371995,0.002761060371995,0.009697,0,0.0,0.002080420963466165,0,0,0,W30_N8_mean1x,30,8,1.0,1909,Pitch_hybrid_prediction,/home/tchowdh4/sensor_recovery_project/logs/extracted_csv/baseline_05_mixed_maneuver_ATT.csv,/home/tchowdh4/sensor_recovery_project/prediction_results_v9_trained_hybrid/baseline_05_mixed_maneuver_ATT_trained_hybrid_prediction_outputs.csv
13.700351,baseline_05_mixed_maneuver,Pitch,ramp,0.058182000000000005,0,0.0923584252595901,0.0923584252595901,0.0929914992302655,-0.0006330739706754129,0.0006330739706754129,0.009697,0,0.0,0.0020923314616084054,0,0,0,W30_N8_mean1x,30,8,1.0,1909,Pitch_hybrid_prediction,/home/tchowdh4/sensor_recovery_project/logs/extracted_csv/baseline_05_mixed_maneuver_ATT.csv,/home/tchowdh4/sensor_recovery_project/prediction_results_v9_trained_hybrid/baseline_05_mixed_maneuver_ATT_trained_hybrid_prediction_outputs.csv
13.800311,baseline_05_mixed_maneuver,Pitch,ramp,0.058182000000000005,0,0.0961251929402351,0.0961251929402351,0.0989502687007188,-0.0028250757604837,0.0028250757604837,0.009697,0,0.0,0.002017479203641409,0,0,0,W30_N8_mean1x,30,8,1.0,1909,Pitch_hybrid_prediction,/home/tchowdh4/sensor_recovery_project/logs/extracted_csv/baseline_05_mixed_maneuver_ATT.csv,/home/tchowdh4/sensor_recovery_project/prediction_results_v9_trained_hybrid/baseline_05_mixed_maneuver_ATT_trained_hybrid_prediction_outputs.csv
13.900271,baseline_05_mixed_maneuver,Pitch,ramp,0.058182000000000005,0,0.0993561297655105,0.0993561297655105,0.101779332384467,-0.0024232026189564965,0.0024232026189564965,0.009697,0,0.0,0.001979384757578365,0,0,0,W30_N8_mean1x,30,8,1.0,1909,Pitch_hybrid_prediction,/home/tchowdh4/sensor_recovery_project/logs/extracted_csv/baseline_05_mixed_maneuver_ATT.csv,/home/tchowdh4/sensor_recovery_project/prediction_results_v9_trained_hybrid/baseline_05_mixed_maneuver_ATT_trained_hybrid_prediction_outputs.csv
14.000231,baseline_05_mixed_maneuver,Pitch,ramp,0.058182000000000005,0,0.0968192145228385,0.0968192145228385,0.0949165280908344,0.0019026864320040998,0.0019026864320040998,0.009697,0,0.0,0.0018766159191727619,0,0,0,W30_N8_mean1x,30,8,1.0,1909,Pitch_hybrid_prediction,/home/tchowdh4/sensor_recovery_project/logs/extracted_csv/baseline_05_mixed_maneuver_ATT.csv,/home/tchowdh4/sensor_recovery_project/prediction_results_v9_trained_hybrid/baseline_05_mixed_maneuver_ATT_trained_hybrid_prediction_outputs.csv
14.100191,baseline_05_mixed_maneuver,Pitch,ramp,0.058182000000000005,0,0.0959834605455398,0.0959834605455398,0.0953566450625657,0.0006268154829740941,0.0006268154829740941,0.009697,0,0.0,0.0018017914146184917,0,0,0,W30_N8_mean1x,30,8,1.0,1909,Pitch_hybrid_prediction,/home/tchowdh4/sensor_recovery_project/logs/extracted_csv/baseline_05_mixed_maneuver_ATT.csv,/home/tchowdh4/sensor_recovery_project/prediction_results_v9_trained_hybrid/baseline_05_mixed_maneuver_ATT_trained_hybrid_prediction_outputs.csv
14.200151,baseline_05_mixed_maneuver,Pitch,ramp,0.058182000000000005,0,0.0938233956694603,0.0938233956694603,0.0922033470124006,0.0016200486570596973,0.0016200486570596973,0.009697,0,0.0,0.0018156416714191419,0,0,0,W30_N8_mean1x,30,8,1.0,1909,Pitch_hybrid_prediction,/home/tchowdh4/sensor_recovery_project/logs/extracted_csv/baseline_05_mixed_maneuver_ATT.csv,/home/tchowdh4/sensor_recovery_project/prediction_results_v9_trained_hybrid/baseline_05_mixed_maneuver_ATT_trained_hybrid_prediction_outputs.csv
14.300111,baseline_05_mixed_maneuver,Pitch,ramp,0.058182000000000005,1,0.0967171937227249,0.0967171937227249,0.0988875422626733,-0.002170348539948394,0.002170348539948394,0.009697,0,0.0,0.0018784761428832953,0,0,0,W30_N8_mean1x,30,8,1.0,1909,Pitch_hybrid_prediction,/home/tchowdh4/sensor_recovery_project/logs/extracted_csv/baseline_05_mixed_maneuver_ATT.csv,/home/tchowdh4/sensor_recovery_project/prediction_results_v9_trained_hybrid/baseline_05_mixed_maneuver_ATT_trained_hybrid_prediction_outputs.csv
14.400071,baseline_05_mixed_maneuver,Pitch,ramp,0.058182000000000005,1,0.097728855907917,0.0981385883022832,0.098487602546811,-0.0003490142445278094,0.0003490142445278094,0.009697,0,0.0,0.0018545583881289089,0,0,0,W30_N8_mean1x,30,8,1.0,1909,Pitch_hybrid_prediction,/home/tchowdh4/sensor_recovery_project/logs/extracted_csv/baseline_05_mixed_maneuver_ATT.csv,/home/tchowdh4/sensor_recovery_project/prediction_results_v9_trained_hybrid/baseline_05_mixed_maneuver_ATT_trained_hybrid_prediction_outputs.csv
14.500031,baseline_05_mixed_maneuver,Pitch,ramp,0.058182000000000005,1,0.0965409278869628,0.09736039267569518,0.0956499818712471,0.001710410804448087,0.001710410804448087,0.009697,0,0.0,0.001673178648218462,0,0,0,W30_N8_mean1x,30,8,1.0,1909,Pitch_hybrid_prediction,/home/tchowdh4/sensor_recovery_project/logs/extracted_csv/baseline_05_mixed_maneuver_ATT.csv,/home/tchowdh4/sensor_recovery_project/prediction_results_v9_trained_hybrid/baseline_05_mixed_maneuver_ATT_trained_hybrid_prediction_outputs.csv
14.599991,baseline_05_mixed_maneuver,Pitch,ramp,0.058182000000000005,1,0.0937941819429397,0.0950233791260383,0.0917341224849223,0.003289256641115998,0.003289256641115998,0.009697,0,0.0,0.0015803945944307485,0,0,0,W30_N8_mean1x,30,8,1.0,1909,Pitch_hybrid_prediction,/home/tchowdh4/sensor_recovery_project/logs/extracted_csv/baseline_05_mixed_maneuver_ATT.csv,/home/tchowdh4/sensor_recovery_project/prediction_results_v9_trained_hybrid/baseline_05_mixed_maneuver_ATT_trained_hybrid_prediction_outputs.csv
14.699951,baseline_05_mixed_maneuver,Pitch,ramp,0.058182000000000005,1,0.0899479165673255,0.09158684614479029,0.0870632175356148,0.00452362860917549,0.00452362860917549,0.009697,0,0.0,0.0016771362618800583,0,0,0,W30_N8_mean1x,30,8,1.0,1909,Pitch_hybrid_prediction,/home/tchowdh4/sensor_recovery_project/logs/extracted_csv/baseline_05_mixed_maneuver_ATT.csv,/home/tchowdh4/sensor_recovery_project/prediction_results_v9_trained_hybrid/baseline_05_mixed_maneuver_ATT_trained_hybrid_prediction_outputs.csv
14.799911,baseline_05_mixed_maneuver,Pitch,ramp,0.058182000000000005,1,0.0881442129611969,0.09019287493302788,0.0867914352566004,0.0034014396764274896,0.0034014396764274896,0.009697,0,0.0,0.001712633871480275,0,0,0,W30_N8_mean1x,30,8,1.0,1909,Pitch_hybrid_prediction,/home/tchowdh4/sensor_recovery_project/logs/extracted_csv/baseline_05_mixed_maneuver_ATT.csv,/home/tchowdh4/sensor_recovery_project/prediction_results_v9_trained_hybrid/baseline_05_mixed_maneuver_ATT_trained_hybrid_prediction_outputs.csv
14.899871,baseline_05_mixed_maneuver,Pitch,ramp,0.058182000000000005,1,0.0881007462739944,0.09055914064019159,0.0880681462585925,0.002490994381599096,0.002490994381599096,0.009697,0,0.0,0.001673362198009288,0,0,0,W30_N8_mean1x,30,8,1.0,1909,Pitch_hybrid_prediction,/home/tchowdh4/sensor_recovery_project/logs/extracted_csv/baseline_05_mixed_maneuver_ATT.csv,/home/tchowdh4/sensor_recovery_project/prediction_results_v9_trained_hybrid/baseline_05_mixed_maneuver_ATT_trained_hybrid_prediction_outputs.csv
14.999831,baseline_05_mixed_maneuver,Pitch,ramp,0.058182000000000005,1,0.0949994027614593,0.09786752952202267,0.1001733951270579,-0.0023058656050352344,0.0023058656050352344,0.009697,0,0.0,0.0017031909184450828,0,0,0,W30_N8_mean1x,30,8,1.0,1909,Pitch_hybrid_prediction,/home/tchowdh4/sensor_recovery_project/logs/extracted_csv/baseline_05_mixed_maneuver_ATT.csv,/home/tchowdh4/sensor_recovery_project/prediction_results_v9_trained_hybrid/baseline_05_mixed_maneuver_ATT_trained_hybrid_prediction_outputs.csv
15.099791,baseline_05_mixed_maneuver,Pitch,ramp,0.058182000000000005,1,0.1011305078864097,0.10440836704133928,0.1057288367301225,-0.0013204696887832157,0.0013204696887832157,0.009697,0,0.0,0.001714365719318223,0,0,0,W30_N8_mean1x,30,8,1.0,1909,Pitch_hybrid_prediction,/home/tchowdh4/sensor_recovery_project/logs/extracted_csv/baseline_05_mixed_maneuver_ATT.csv,/home/tchowdh4/sensor_recovery_project/prediction_results_v9_trained_hybrid/baseline_05_mixed_maneuver_ATT_trained_hybrid_prediction_outputs.csv
15.200584,baseline_05_mixed_maneuver,Pitch,ramp,0.058182000000000005,1,0.1078502759337425,0.11153786748303827,0.1128901019692421,-0.001352234486203821,0.001352234486203821,0.009697,0,0.0,0.0017425219825657372,0,0,0,W30_N8_mean1x,30,8,1.0,1909,Pitch_hybrid_prediction,/home/tchowdh4/sensor_recovery_project/logs/extracted_csv/baseline_05_mixed_maneuver_ATT.csv,/home/tchowdh4/sensor_recovery_project/prediction_results_v9_trained_hybrid/baseline_05_mixed_maneuver_ATT_trained_hybrid_prediction_outputs.csv
15.300544,baseline_05_mixed_maneuver,Pitch,ramp,0.058182000000000005,1,0.1086358428001403,0.11273316674380227,0.1092250179499386,0.003508148793863672,0.003508148793863672,0.009697,0,0.0,0.0018358780705181733,0,0,0,W30_N8_mean1x,30,8,1.0,1909,Pitch_hybrid_prediction,/home/tchowdh4/sensor_recovery_project/logs/extracted_csv/baseline_05_mixed_maneuver_ATT.csv,/home/tchowdh4/sensor_recovery_project/prediction_results_v9_trained_hybrid/baseline_05_mixed_maneuver_ATT_trained_hybrid_prediction_outputs.csv
15.400504,baseline_05_mixed_maneuver,Pitch,ramp,0.058182000000000005,1,0.1062360629439354,0.11074311928196356,0.1044362280517817,0.006306891230181869,0.006306891230181869,0.009697,0,0.0,0.0020308180692189285,0,0,0,W30_N8_mean1x,30,8,1.0,1909,Pitch_hybrid_prediction,/home/tchowdh4/sensor_recovery_project/logs/extracted_csv/baseline_05_mixed_maneuver_ATT.csv,/home/tchowdh4/sensor_recovery_project/prediction_results_v9_trained_hybrid/baseline_05_mixed_maneuver_ATT_trained_hybrid_prediction_outputs.csv
15.500464,baseline_05_mixed_maneuver,Pitch,ramp,0.058182000000000005,1,0.104607418179512,0.10952420691190637,0.1033859346061944,0.00613827230571197,0.00613827230571197,0.009697,0,0.0,0.0022173810948121846,0,0,0,W30_N8_mean1x,30,8,1.0,1909,Pitch_hybrid_prediction,/home/tchowdh4/sensor_recovery_project/logs/extracted_csv/baseline_05_mixed_maneuver_ATT.csv,/home/tchowdh4/sensor_recovery_project/prediction_results_v9_trained_hybrid/baseline_05_mixed_maneuver_ATT_trained_hybrid_prediction_outputs.csv
15.600424,baseline_05_mixed_maneuver,Pitch,ramp,0.058182000000000005,1,0.1069839745759964,0.11231049570275696,0.1087663918733597,0.003544103829397266,0.003544103829397266,0.009697,0,0.0,0.0023264242692423703,0,0,0,W30_N8_mean1x,30,8,1.0,1909,Pitch_hybrid_prediction,/home/tchowdh4/sensor_recovery_project/logs/extracted_csv/baseline_05_mixed_maneuver_ATT.csv,/home/tchowdh4/sensor_recovery_project/prediction_results_v9_trained_hybrid/baseline_05_mixed_maneuver_ATT_trained_hybrid_prediction_outputs.csv
15.700384,baseline_05_mixed_maneuver,Pitch,ramp,0.058182000000000005,1,0.109417513012886,0.11515376653401277,0.1112426668405532,0.003911099693459569,0.003911099693459569,0.009697,0,0.0,0.0024460782752163163,0,0,0,W30_N8_mean1x,30,8,1.0,1909,Pitch_hybrid_prediction,/home/tchowdh4/sensor_recovery_project/logs/extracted_csv/baseline_05_mixed_maneuver_ATT.csv,/home/tchowdh4/sensor_recovery_project/prediction_results_v9_trained_hybrid/baseline_05_mixed_maneuver_ATT_trained_hybrid_prediction_outputs.csv
15.800344,baseline_05_mixed_maneuver,Pitch,ramp,0.058182000000000005,1,0.1071218401193618,0.11326782603485475,0.1054000854492186,0.007867740585636149,0.007867740585636149,0.009697,0,0.0,0.0027066761191160142,0,0,0,W30_N8_mean1x,30,8,1.0,1909,Pitch_hybrid_prediction,/home/tchowdh4/sensor_recovery_project/logs/extracted_csv/baseline_05_mixed_maneuver_ATT.csv,/home/tchowdh4/sensor_recovery_project/prediction_results_v9_trained_hybrid/baseline_05_mixed_maneuver_ATT_trained_hybrid_prediction_outputs.csv
15.900304,baseline_05_mixed_maneuver,Pitch,ramp,0.058182000000000005,1,0.106035865843296,0.11259158415315515,0.1052213851362466,0.007370199016908552,0.007370199016908552,0.009697,0,0.0,0.0029450783980750927,0,0,0,W30_N8_mean1x,30,8,1.0,1909,Pitch_hybrid_prediction,/home/tchowdh4/sensor_recovery_project/logs/extracted_csv/baseline_05_mixed_maneuver_ATT.csv,/home/tchowdh4/sensor_recovery_project/prediction_results_v9_trained_hybrid/baseline_05_mixed_maneuver_ATT_trained_hybrid_prediction_outputs.csv
16.000264,baseline_05_mixed_maneuver,Pitch,ramp,0.058182000000000005,1,0.1040830686688423,0.11104851937306766,0.102618470788002,0.008430048585065658,0.008430048585065658,0.009697,0,0.0,0.003225130627344715,0,0,0,W30_N8_mean1x,30,8,1.0,1909,Pitch_hybrid_prediction,/home/tchowdh4/sensor_recovery_project/logs/extracted_csv/baseline_05_mixed_maneuver_ATT.csv,/home/tchowdh4/sensor_recovery_project/prediction_results_v9_trained_hybrid/baseline_05_mixed_maneuver_ATT_trained_hybrid_prediction_outputs.csv
16.100224,baseline_05_mixed_maneuver,Pitch,ramp,0.058182000000000005,1,0.1028347536921501,0.11020993679074165,0.1018985174596309,0.00831141933111075,0.00831141933111075,0.009697,0,0.0,0.0034303539688983627,0,0,0,W30_N8_mean1x,30,8,1.0,1909,Pitch_hybrid_prediction,/home/tchowdh4/sensor_recovery_project/logs/extracted_csv/baseline_05_mixed_maneuver_ATT.csv,/home/tchowdh4/sensor_recovery_project/prediction_results_v9_trained_hybrid/baseline_05_mixed_maneuver_ATT_trained_hybrid_prediction_outputs.csv
16.200184,baseline_05_mixed_maneuver,Pitch,ramp,0.058182000000000005,1,0.1017141044139862,0.10949901990694395,0.1008736174553632,0.00862540245158075,0.00862540245158075,0.009697,0,0.0,0.0035746973997295944,0,0,0,W30_N8_mean1x,30,8,1.0,1909,Pitch_hybrid_prediction,/home/tchowdh4/sensor_recovery_project/logs/extracted_csv/baseline_05_mixed_maneuver_ATT.csv,/home/tchowdh4/sensor_recovery_project/prediction_results_v9_trained_hybrid/baseline_05_mixed_maneuver_ATT_trained_hybrid_prediction_outputs.csv
16.300144,baseline_05_mixed_maneuver,Pitch,ramp,0.058182000000000005,1,0.1038507744669914,0.11204542235431535,0.1054532770067452,0.006592145347570147,0.006592145347570147,0.009697,0,0.0,0.003679293932908043,0,0,0,W30_N8_mean1x,30,8,1.0,1909,Pitch_hybrid_prediction,/home/tchowdh4/sensor_recovery_project/logs/extracted_csv/baseline_05_mixed_maneuver_ATT.csv,/home/tchowdh4/sensor_recovery_project/prediction_results_v9_trained_hybrid/baseline_05_mixed_maneuver_ATT_trained_hybrid_prediction_outputs.csv
16.400104,baseline_05_mixed_maneuver,Pitch,ramp,0.058182000000000005,1,0.1068557351827621,0.11546011546445224,0.1091094557195901,0.006350659744862139,0.006350659744862139,0.009697,0,0.0,0.003791032121039804,0,0,0,W30_N8_mean1x,30,8,1.0,1909,Pitch_hybrid_prediction,/home/tchowdh4/sensor_recovery_project/logs/extracted_csv/baseline_05_mixed_maneuver_ATT.csv,/home/tchowdh4/sensor_recovery_project/prediction_results_v9_trained_hybrid/baseline_05_mixed_maneuver_ATT_trained_hybrid_prediction_outputs.csv
16.500064,baseline_05_mixed_maneuver,Pitch,ramp,0.058182000000000005,1,0.1062112674117088,0.11522538008776514,0.1057279165834188,0.00949746350434634,0.00949746350434634,0.009697,0,0.0,0.0040719740130369326,0,0,0,W30_N8_mean1x,30,8,1.0,1909,Pitch_hybrid_prediction,/home/tchowdh4/sensor_recovery_project/logs/extracted_csv/baseline_05_mixed_maneuver_ATT.csv,/home/tchowdh4/sensor_recovery_project/prediction_results_v9_trained_hybrid/baseline_05_mixed_maneuver_ATT_trained_hybrid_prediction_outputs.csv
16.600024,baseline_05_mixed_maneuver,Pitch,ramp,0.058182000000000005,1,0.1047695055603981,0.11419335063082064,0.103688184171915,0.010505166458905646,0.010505166458905646,0.009697,1,1.0,0.00433011088260062,0,0,0,W30_N8_mean1x,30,8,1.0,1909,Pitch_hybrid_prediction,/home/tchowdh4/sensor_recovery_project/logs/extracted_csv/baseline_05_mixed_maneuver_ATT.csv,/home/tchowdh4/sensor_recovery_project/prediction_results_v9_trained_hybrid/baseline_05_mixed_maneuver_ATT_trained_hybrid_prediction_outputs.csv
16.699984,baseline_05_mixed_maneuver,Pitch,ramp,0.058182000000000005,1,0.0953441709280014,0.10517774839279014,0.0882751699537038,0.016902578439086338,0.016902578439086338,0.009697,1,2.0,0.0048724276982143174,0,0,0,W30_N8_mean1x,30,8,1.0,1909,Pitch_hybrid_prediction,/home/tchowdh4/sensor_recovery_project/logs/extracted_csv/baseline_05_mixed_maneuver_ATT.csv,/home/tchowdh4/sensor_recovery_project/prediction_results_v9_trained_hybrid/baseline_05_mixed_maneuver_ATT_trained_hybrid_prediction_outputs.csv
16.799944,baseline_05_mixed_maneuver,Pitch,ramp,0.058182000000000005,1,0.0876814723014831,0.09792478216063803,0.0819344483315943,0.015990333829043732,0.015990333829043732,0.009697,1,3.0,0.005311269633832986,0,0,0,W30_N8_mean1x,30,8,1.0,1909,Pitch_hybrid_prediction,/home/tchowdh4/sensor_recovery_project/logs/extracted_csv/baseline_05_mixed_maneuver_ATT.csv,/home/tchowdh4/sensor_recovery_project/prediction_results_v9_trained_hybrid/baseline_05_mixed_maneuver_ATT_trained_hybrid_prediction_outputs.csv
16.899904,baseline_05_mixed_maneuver,Pitch,ramp,0.058182000000000005,1,0.093923807144165,0.10457684939768612,0.0986055582761764,0.0059712911215097225,0.0059712911215097225,0.009697,0,3.0,0.00542953925058476,0,0,0,W30_N8_mean1x,30,8,1.0,1909,Pitch_hybrid_prediction,/home/tchowdh4/sensor_recovery_project/logs/extracted_csv/baseline_05_mixed_maneuver_ATT.csv,/home/tchowdh4/sensor_recovery_project/prediction_results_v9_trained_hybrid/baseline_05_mixed_maneuver_ATT_trained_hybrid_prediction_outputs.csv
16.999864,baseline_05_mixed_maneuver,Pitch,ramp,0.058182000000000005,1,0.097663328051567,0.10872610269945432,0.1004679687321185,0.008258133967335823,0.008258133967335823,0.009697,0,3.0,0.005641387501762485,0,0,0,W30_N8_mean1x,30,8,1.0,1909,Pitch_hybrid_prediction,/home/tchowdh4/sensor_recovery_project/logs/extracted_csv/baseline_05_mixed_maneuver_ATT.csv,/home/tchowdh4/sensor_recovery_project/prediction_results_v9_trained_hybrid/baseline_05_mixed_maneuver_ATT_trained_hybrid_prediction_outputs.csv
17.099824,baseline_05_mixed_maneuver,Pitch,ramp,0.058182000000000005,1,0.0991624519228935,0.11063495896514702,0.1002867948263883,0.01034816413875872,0.01034816413875872,0.009697,1,4.0,0.005965432456955305,0,0,0,W30_N8_mean1x,30,8,1.0,1909,Pitch_hybrid_prediction,/home/tchowdh4/sensor_recovery_project/logs/extracted_csv/baseline_05_mixed_maneuver_ATT.csv,/home/tchowdh4/sensor_recovery_project/prediction_results_v9_trained_hybrid/baseline_05_mixed_maneuver_ATT_trained_hybrid_prediction_outputs.csv
17.200617,baseline_05_mixed_maneuver,Pitch,ramp,0.058182000000000005,1,0.103077083826065,0.11495932326268471,0.1060130577534436,0.008946265509241103,0.008946265509241103,0.009697,0,4.0,0.006209639685361351,0,0,0,W30_N8_mean1x,30,8,1.0,1909,Pitch_hybrid_prediction,/home/tchowdh4/sensor_recovery_project/logs/extracted_csv/baseline_05_mixed_maneuver_ATT.csv,/home/tchowdh4/sensor_recovery_project/prediction_results_v9_trained_hybrid/baseline_05_mixed_maneuver_ATT_trained_hybrid_prediction_outputs.csv
17.300577,baseline_05_mixed_maneuver,Pitch,ramp,0.058182000000000005,1,0.0982493758201599,0.11054134765114582,0.094628594815731,0.015912752835414823,0.015912752835414823,0.009697,1,5.0,0.006667719828543565,0,0,0,W30_N8_mean1x,30,8,1.0,1909,Pitch_hybrid_prediction,/home/tchowdh4/sensor_recovery_project/logs/extracted_csv/baseline_05_mixed_maneuver_ATT.csv,/home/tchowdh4/sensor_recovery_project/prediction_results_v9_trained_hybrid/baseline_05_mixed_maneuver_ATT_trained_hybrid_prediction_outputs.csv
17.400537,baseline_05_mixed_maneuver,Pitch,ramp,0.058182000000000005,1,0.0931998714804649,0.10590157570581701,0.0894127432256936,0.016488832480123408,0.016488832480123408,0.009697,1,6.0,0.007205713769730086,0,0,0,W30_N8_mean1x,30,8,1.0,1909,Pitch_hybrid_prediction,/home/tchowdh4/sensor_recovery_project/logs/extracted_csv/baseline_05_mixed_maneuver_ATT.csv,/home/tchowdh4/sensor_recovery_project/prediction_results_v9_trained_hybrid/baseline_05_mixed_maneuver_ATT_trained_hybrid_prediction_outputs.csv
17.500497,baseline_05_mixed_maneuver,Pitch,ramp,0.058182000000000005,1,0.0985663384199142,0.11167777503963251,0.1025911886245011,0.009086586415131409,0.009086586415131409,0.009697,0,6.0,0.007451586290086197,0,0,0,W30_N8_mean1x,30,8,1.0,1909,Pitch_hybrid_prediction,/home/tchowdh4/sensor_recovery_project/logs/extracted_csv/baseline_05_mixed_maneuver_ATT.csv,/home/tchowdh4/sensor_recovery_project/prediction_results_v9_trained_hybrid/baseline_05_mixed_maneuver_ATT_trained_hybrid_prediction_outputs.csv
17.600457,baseline_05_mixed_maneuver,Pitch,ramp,0.058182000000000005,1,0.1013091206550598,0.11483028966914431,0.103366207331419,0.011464082337725306,0.011464082337725306,0.009697,1,7.0,0.007724080479973173,0,0,0,W30_N8_mean1x,30,8,1.0,1909,Pitch_hybrid_prediction,/home/tchowdh4/sensor_recovery_project/logs/extracted_csv/baseline_05_mixed_maneuver_ATT.csv,/home/tchowdh4/sensor_recovery_project/prediction_results_v9_trained_hybrid/baseline_05_mixed_maneuver_ATT_trained_hybrid_prediction_outputs.csv
17.700417,baseline_05_mixed_maneuver,Pitch,ramp,0.058182000000000005,1,0.1048277467489242,0.1187586481573749,0.1074667163193225,0.011291931838052396,0.011291931838052396,0.009697,1,8.0,0.007949690587602403,1,0,1,W30_N8_mean1x,30,8,1.0,1909,Pitch_hybrid_prediction,/home/tchowdh4/sensor_recovery_project/logs/extracted_csv/baseline_05_mixed_maneuver_ATT.csv,/home/tchowdh4/sensor_recovery_project/prediction_results_v9_trained_hybrid/baseline_05_mixed_maneuver_ATT_trained_hybrid_prediction_outputs.csv
17.800377,baseline_05_mixed_maneuver,Pitch,ramp,0.058182000000000005,1,0.1056147813796997,0.1199554151825166,0.1062050573527813,0.013750357829735299,0.013750357829735299,0.009697,1,9.0,0.008294654526045997,1,0,1,W30_N8_mean1x,30,8,1.0,1909,Pitch_hybrid_prediction,/home/tchowdh4/sensor_recovery_project/logs/extracted_csv/baseline_05_mixed_maneuver_ATT.csv,/home/tchowdh4/sensor_recovery_project/prediction_results_v9_trained_hybrid/baseline_05_mixed_maneuver_ATT_trained_hybrid_prediction_outputs.csv
17.900337,baseline_05_mixed_maneuver,Pitch,ramp,0.058182000000000005,1,0.102890595793724,0.11764096199090711,0.1008474566042422,0.01679350538666491,0.01679350538666491,0.009697,1,10.0,0.008771404892881524,1,0,1,W30_N8_mean1x,30,8,1.0,1909,Pitch_hybrid_prediction,/home/tchowdh4/sensor_recovery_project/logs/extracted_csv/baseline_05_mixed_maneuver_ATT.csv,/home/tchowdh4/sensor_recovery_project/prediction_results_v9_trained_hybrid/baseline_05_mixed_maneuver_ATT_trained_hybrid_prediction_outputs.csv
18.000297,baseline_05_mixed_maneuver,Pitch,ramp,0.058182000000000005,1,0.1025347784161567,0.11769487700770599,0.1022679153829812,0.015426961624724789,0.015426961624724789,0.009697,1,11.0,0.00920877476020451,1,0,1,W30_N8_mean1x,30,8,1.0,1909,Pitch_hybrid_prediction,/home/tchowdh4/sensor_recovery_project/logs/extracted_csv/baseline_05_mixed_maneuver_ATT.csv,/home/tchowdh4/sensor_recovery_project/prediction_results_v9_trained_hybrid/baseline_05_mixed_maneuver_ATT_trained_hybrid_prediction_outputs.csv
18.100257,baseline_05_mixed_maneuver,Pitch,ramp,0.058182000000000005,1,0.1009095013141632,0.11647933230007869,0.099690543487668,0.016788788812410693,0.016788788812410693,0.009697,1,12.0,0.009724385397658759,1,1,1,W30_N8_mean1x,30,8,1.0,1909,Pitch_hybrid_prediction,/home/tchowdh4/sensor_recovery_project/logs/extracted_csv/baseline_05_mixed_maneuver_ATT.csv,/home/tchowdh4/sensor_recovery_project/prediction_results_v9_trained_hybrid/baseline_05_mixed_maneuver_ATT_trained_hybrid_prediction_outputs.csv
18.200217,baseline_05_mixed_maneuver,Pitch,ramp,0.058182000000000005,1,0.1020892485976219,0.11806881197790359,0.1029740590602159,0.015094752917687693,0.015094752917687693,0.009697,1,13.0,0.010182469345374888,1,1,1,W30_N8_mean1x,30,8,1.0,1909,Pitch_hybrid_prediction,/home/tchowdh4/sensor_recovery_project/logs/extracted_csv/baseline_05_mixed_maneuver_ATT.csv,/home/tchowdh4/sensor_recovery_project/prediction_results_v9_trained_hybrid/baseline_05_mixed_maneuver_ATT_trained_hybrid_prediction_outputs.csv
18.300177,baseline_05_mixed_maneuver,Pitch,ramp,0.058182000000000005,1,0.1056204885244369,0.12200978429908478,0.1082689184695481,0.01374086582953668,0.01374086582953668,0.009697,1,14.0,0.010523559913230654,1,1,1,W30_N8_mean1x,30,8,1.0,1909,Pitch_hybrid_prediction,/home/tchowdh4/sensor_recovery_project/logs/extracted_csv/baseline_05_mixed_maneuver_ATT.csv,/home/tchowdh4/sensor_recovery_project/prediction_results_v9_trained_hybrid/baseline_05_mixed_maneuver_ATT_trained_hybrid_prediction_outputs.csv
18.400137,baseline_05_mixed_maneuver,Pitch,ramp,0.058182000000000005,1,0.1069158092141151,0.12371483738312919,0.1078872997313737,0.015827537651755486,0.015827537651755486,0.009697,1,15.0,0.010840914793949776,1,1,1,W30_N8_mean1x,30,8,1.0,1909,Pitch_hybrid_prediction,/home/tchowdh4/sensor_recovery_project/logs/extracted_csv/baseline_05_mixed_maneuver_ATT.csv,/home/tchowdh4/sensor_recovery_project/prediction_results_v9_trained_hybrid/baseline_05_mixed_maneuver_ATT_trained_hybrid_prediction_outputs.csv
18.500097,baseline_05_mixed_maneuver,Pitch,ramp,0.058182000000000005,1,0.1031155064702034,0.12032426703358368,0.1002652794122696,0.02005898762131407,0.02005898762131407,0.009697,1,16.0,0.011304938637803179,1,1,1,W30_N8_mean1x,30,8,1.0,1909,Pitch_hybrid_prediction,/home/tchowdh4/sensor_recovery_project/logs/extracted_csv/baseline_05_mixed_maneuver_ATT.csv,/home/tchowdh4/sensor_recovery_project/prediction_results_v9_trained_hybrid/baseline_05_mixed_maneuver_ATT_trained_hybrid_prediction_outputs.csv
18.600057,baseline_05_mixed_maneuver,Pitch,ramp,0.058182000000000005,1,0.1013722047209739,0.11899069767872038,0.1000647284090517,0.018925969269668677,0.018925969269668677,0.009697,1,17.0,0.011817667485812226,1,1,1,W30_N8_mean1x,30,8,1.0,1909,Pitch_hybrid_prediction,/home/tchowdh4/sensor_recovery_project/logs/extracted_csv/baseline_05_mixed_maneuver_ATT.csv,/home/tchowdh4/sensor_recovery_project/prediction_results_v9_trained_hybrid/baseline_05_mixed_maneuver_ATT_trained_hybrid_prediction_outputs.csv
18.700017,baseline_05_mixed_maneuver,Pitch,ramp,0.058182000000000005,1,0.0965497866272926,0.11457801197940529,0.0929329730570316,0.021645038922373683,0.021645038922373683,0.009697,1,18.0,0.012408798793442697,1,1,1,W30_N8_mean1x,30,8,1.0,1909,Pitch_hybrid_prediction,/home/tchowdh4/sensor_recovery_project/logs/extracted_csv/baseline_05_mixed_maneuver_ATT.csv,/home/tchowdh4/sensor_recovery_project/prediction_results_v9_trained_hybrid/baseline_05_mixed_maneuver_ATT_trained_hybrid_prediction_outputs.csv
18.799977,baseline_05_mixed_maneuver,Pitch,ramp,0.058182000000000005,1,0.0927797704935073,0.11121772823998617,0.0899522583931683,0.021265469846817875,0.021265469846817875,0.009697,1,19.0,0.012855389768815421,1,1,1,W30_N8_mean1x,30,8,1.0,1909,Pitch_hybrid_prediction,/home/tchowdh4/sensor_recovery_project/logs/extracted_csv/baseline_05_mixed_maneuver_ATT.csv,/home/tchowdh4/sensor_recovery_project/prediction_results_v9_trained_hybrid/baseline_05_mixed_maneuver_ATT_trained_hybrid_prediction_outputs.csv
18.899937,baseline_05_mixed_maneuver,Pitch,ramp,0.058182000000000005,1,0.0912716835737228,0.11011937371456787,0.0901406183838844,0.019978755330683468,0.019978755330683468,0.009697,1,20.0,0.013275674979274584,1,1,1,W30_N8_mean1x,30,8,1.0,1909,Pitch_hybrid_prediction,/home/tchowdh4/sensor_recovery_project/logs/extracted_csv/baseline_05_mixed_maneuver_ATT.csv,/home/tchowdh4/sensor_recovery_project/prediction_results_v9_trained_hybrid/baseline_05_mixed_maneuver_ATT_trained_hybrid_prediction_outputs.csv
18.999897,baseline_05_mixed_maneuver,Pitch,ramp,0.058182000000000005,1,0.0856645628809928,0.10492198541620407,0.0814592223614453,0.023462763054758765,0.023462763054758765,0.009697,1,21.0,0.013776765461597689,1,1,1,W30_N8_mean1x,30,8,1.0,1909,Pitch_hybrid_prediction,/home/tchowdh4/sensor_recovery_project/logs/extracted_csv/baseline_05_mixed_maneuver_ATT.csv,/home/tchowdh4/sensor_recovery_project/prediction_results_v9_trained_hybrid/baseline_05_mixed_maneuver_ATT_trained_hybrid_prediction_outputs.csv
19.099857,baseline_05_mixed_maneuver,Pitch,ramp,0.058182000000000005,1,0.079021118581295,0.09868827351087246,0.0740385353565216,0.024649738154350856,0.024649738154350856,0.009697,1,22.0,0.014321376089039025,1,1,1,W30_N8_mean1x,30,8,1.0,1909,Pitch_hybrid_prediction,/home/tchowdh4/sensor_recovery_project/logs/extracted_csv/baseline_05_mixed_maneuver_ATT.csv,/home/tchowdh4/sensor_recovery_project/prediction_results_v9_trained_hybrid/baseline_05_mixed_maneuver_ATT_trained_hybrid_prediction_outputs.csv
19.199817,baseline_05_mixed_maneuver,Pitch,ramp,0.058182000000000005,1,0.0774929225444793,0.09756980986842297,0.0763467755168675,0.021223034351555467,0.021223034351555467,0.009697,1,23.0,0.014741297152371517,1,1,1,W30_N8_mean1x,30,8,1.0,1909,Pitch_hybrid_prediction,/home/tchowdh4/sensor_recovery_project/logs/extracted_csv/baseline_05_mixed_maneuver_ATT.csv,/home/tchowdh4/sensor_recovery_project/prediction_results_v9_trained_hybrid/baseline_05_mixed_maneuver_ATT_trained_hybrid_prediction_outputs.csv
19.30061,baseline_05_mixed_maneuver,Pitch,ramp,0.058182000000000005,1,0.0724250376224517,0.09291165734076157,0.068624123930931,0.024287533409830572,0.024287533409830572,0.009697,1,24.0,0.01533114342111353,1,1,1,W30_N8_mean1x,30,8,1.0,1909,Pitch_hybrid_prediction,/home/tchowdh4/sensor_recovery_project/logs/extracted_csv/baseline_05_mixed_maneuver_ATT.csv,/home/tchowdh4/sensor_recovery_project/prediction_results_v9_trained_hybrid/baseline_05_mixed_maneuver_ATT_trained_hybrid_prediction_outputs.csv
19.40057,baseline_05_mixed_maneuver,Pitch,ramp,0.058182000000000005,1,0.0711455345153808,0.09204188662805686,0.0701859071850776,0.021855979442979262,0.021855979442979262,0.009697,1,25.0,0.015847987411050767,1,1,1,W30_N8_mean1x,30,8,1.0,1909,Pitch_hybrid_prediction,/home/tchowdh4/sensor_recovery_project/logs/extracted_csv/baseline_05_mixed_maneuver_ATT.csv,/home/tchowdh4/sensor_recovery_project/prediction_results_v9_trained_hybrid/baseline_05_mixed_maneuver_ATT_trained_hybrid_prediction_outputs.csv
19.50053,baseline_05_mixed_maneuver,Pitch,ramp,0.058182000000000005,1,0.0665530562400817,0.08785914074712396,0.0631086975336073,0.02475044321351666,0.02475044321351666,0.009697,1,26.0,0.01635642006802311,1,1,1,W30_N8_mean1x,30,8,1.0,1909,Pitch_hybrid_prediction,/home/tchowdh4/sensor_recovery_project/logs/extracted_csv/baseline_05_mixed_maneuver_ATT.csv,/home/tchowdh4/sensor_recovery_project/prediction_results_v9_trained_hybrid/baseline_05_mixed_maneuver_ATT_trained_hybrid_prediction_outputs.csv
19.60049,baseline_05_mixed_maneuver,Pitch,ramp,0.058182000000000005,1,0.0625377595424652,0.08425357644387364,0.0595262870192528,0.024727289424620845,0.024727289424620845,0.009697,1,26.0,0.01683049083354695,1,1,1,W30_N8_mean1x,30,8,1.0,1909,Pitch_hybrid_prediction,/home/tchowdh4/sensor_recovery_project/logs/extracted_csv/baseline_05_mixed_maneuver_ATT.csv,/home/tchowdh4/sensor_recovery_project/prediction_results_v9_trained_hybrid/baseline_05_mixed_maneuver_ATT_trained_hybrid_prediction_outputs.csv
19.70045,baseline_05_mixed_maneuver,Pitch,ramp,0.058182000000000005,1,0.0650022029876709,0.08712775228344555,0.0668505355715751,0.020277216711870452,0.020277216711870452,0.009697,1,26.0,0.016942978775973085,1,1,1,W30_N8_mean1x,30,8,1.0,1909,Pitch_hybrid_prediction,/home/tchowdh4/sensor_recovery_project/logs/extracted_csv/baseline_05_mixed_maneuver_ATT.csv,/home/tchowdh4/sensor_recovery_project/prediction_results_v9_trained_hybrid/baseline_05_mixed_maneuver_ATT_trained_hybrid_prediction_outputs.csv
19.80041,baseline_05_mixed_maneuver,Pitch,ramp,0.058182000000000005,1,0.0682591646909713,0.09079444638111214,0.0707018859684466,0.020092560412665536,0.020092560412665536,0.009697,1,26.0,0.017079719662093817,1,1,1,W30_N8_mean1x,30,8,1.0,1909,Pitch_hybrid_prediction,/home/tchowdh4/sensor_recovery_project/logs/extracted_csv/baseline_05_mixed_maneuver_ATT.csv,/home/tchowdh4/sensor_recovery_project/prediction_results_v9_trained_hybrid/baseline_05_mixed_maneuver_ATT_trained_hybrid_prediction_outputs.csv
19.90037,baseline_05_mixed_maneuver,Pitch,ramp,0.058182000000000005,1,0.0706239193677902,0.09356893345229723,0.0723974853754043,0.021171448076892932,0.021171448076892932,0.009697,1,27.0,0.01758639156060659,1,1,1,W30_N8_mean1x,30,8,1.0,1909,Pitch_hybrid_prediction,/home/tchowdh4/sensor_recovery_project/logs/extracted_csv/baseline_05_mixed_maneuver_ATT.csv,/home/tchowdh4/sensor_recovery_project/prediction_results_v9_trained_hybrid/baseline_05_mixed_maneuver_ATT_trained_hybrid_prediction_outputs.csv
20.00033,baseline_05_mixed_maneuver,Pitch,ramp,0.058182000000000005,1,0.0717016458511352,0.09505639233000844,0.0725099407136439,0.022546451616364538,0.022546451616364538,0.009697,1,28.0,0.018062668815574213,1,1,1,W30_N8_mean1x,30,8,1.0,1909,Pitch_hybrid_prediction,/home/tchowdh4/sensor_recovery_project/logs/extracted_csv/baseline_05_mixed_maneuver_ATT.csv,/home/tchowdh4/sensor_recovery_project/prediction_results_v9_trained_hybrid/baseline_05_mixed_maneuver_ATT_trained_hybrid_prediction_outputs.csv
20.10029,baseline_05_mixed_maneuver,Pitch,ramp,0.058182000000000005,1,0.0741746053099632,0.09793908418320263,0.0760293249040842,0.021909759279118424,0.021909759279118424,0.009697,1,28.0,0.018448055320252867,1,1,1,W30_N8_mean1x,30,8,1.0,1909,Pitch_hybrid_prediction,/home/tchowdh4/sensor_recovery_project/logs/extracted_csv/baseline_05_mixed_maneuver_ATT.csv,/home/tchowdh4/sensor_recovery_project/prediction_results_v9_trained_hybrid/baseline_05_mixed_maneuver_ATT_trained_hybrid_prediction_outputs.csv
20.20025,baseline_05_mixed_maneuver,Pitch,ramp,0.058182000000000005,1,0.0792819559574127,0.10345616722501834,0.0831124689429998,0.02034369828201854,0.02034369828201854,0.009697,1,29.0,0.01882796974601212,1,1,1,W30_N8_mean1x,30,8,1.0,1909,Pitch_hybrid_prediction,/home/tchowdh4/sensor_recovery_project/logs/extracted_csv/baseline_05_mixed_maneuver_ATT.csv,/home/tchowdh4/sensor_recovery_project/prediction_results_v9_trained_hybrid/baseline_05_mixed_maneuver_ATT_trained_hybrid_prediction_outputs.csv
20.30021,baseline_05_mixed_maneuver,Pitch,ramp,0.058182000000000005,1,0.0833630040287971,0.10794694769076893,0.0864237900823353,0.021523157608433624,0.021523157608433624,0.009697,1,29.0,0.019014983238446078,1,1,1,W30_N8_mean1x,30,8,1.0,1909,Pitch_hybrid_prediction,/home/tchowdh4/sensor_recovery_project/logs/extracted_csv/baseline_05_mixed_maneuver_ATT.csv,/home/tchowdh4/sensor_recovery_project/prediction_results_v9_trained_hybrid/baseline_05_mixed_maneuver_ATT_trained_hybrid_prediction_outputs.csv
20.40017,baseline_05_mixed_maneuver,Pitch,ramp,0.058182000000000005,1,0.0902801230549812,0.11527379911131923,0.0954679623246193,0.019805836786699935,0.019805836786699935,0.009697,1,29.0,0.019125550048665292,1,1,1,W30_N8_mean1x,30,8,1.0,1909,Pitch_hybrid_prediction,/home/tchowdh4/sensor_recovery_project/logs/extracted_csv/baseline_05_mixed_maneuver_ATT.csv,/home/tchowdh4/sensor_recovery_project/prediction_results_v9_trained_hybrid/baseline_05_mixed_maneuver_ATT_trained_hybrid_prediction_outputs.csv
20.50013,baseline_05_mixed_maneuver,Pitch,ramp,0.058182000000000005,1,0.0912568718194961,0.11666028027020033,0.0919894333928822,0.02467084687731813,0.02467084687731813,0.009697,1,30.0,0.019645025397404852,1,1,1,W30_N8_mean1x,30,8,1.0,1909,Pitch_hybrid_prediction,/home/tchowdh4/sensor_recovery_project/logs/extracted_csv/baseline_05_mixed_maneuver_ATT.csv,/home/tchowdh4/sensor_recovery_project/prediction_results_v9_trained_hybrid/baseline_05_mixed_maneuver_ATT_trained_hybrid_prediction_outputs.csv
20.60009,baseline_05_mixed_maneuver,Pitch,ramp,0.058182000000000005,1,0.0909635946154594,0.11677673546052983,0.0907436367124318,0.026033098748098032,0.026033098748098032,0.009697,1,30.0,0.02013065927775061,1,1,1,W30_N8_mean1x,30,8,1.0,1909,Pitch_hybrid_prediction,/home/tchowdh4/sensor_recovery_project/logs/extracted_csv/baseline_05_mixed_maneuver_ATT.csv,/home/tchowdh4/sensor_recovery_project/prediction_results_v9_trained_hybrid/baseline_05_mixed_maneuver_ATT_trained_hybrid_prediction_outputs.csv
20.70005,baseline_05_mixed_maneuver,Pitch,ramp,0.058182000000000005,1,0.0910608991980552,0.11728377243749182,0.091133877635002,0.026149894802489818,0.026149894802489818,0.009697,1,30.0,0.020625924709898526,1,1,1,W30_N8_mean1x,30,8,1.0,1909,Pitch_hybrid_prediction,/home/tchowdh4/sensor_recovery_project/logs/extracted_csv/baseline_05_mixed_maneuver_ATT.csv,/home/tchowdh4/sensor_recovery_project/prediction_results_v9_trained_hybrid/baseline_05_mixed_maneuver_ATT_trained_hybrid_prediction_outputs.csv
20.80001,baseline_05_mixed_maneuver,Pitch,ramp,0.058182000000000005,1,0.0904125720262527,0.11704517766005552,0.0899263266474008,0.027118851012654724,0.027118851012654724,0.009697,1,30.0,0.021071541149329173,1,1,1,W30_N8_mean1x,30,8,1.0,1909,Pitch_hybrid_prediction,/home/tchowdh4/sensor_recovery_project/logs/extracted_csv/baseline_05_mixed_maneuver_ATT.csv,/home/tchowdh4/sensor_recovery_project/prediction_results_v9_trained_hybrid/baseline_05_mixed_maneuver_ATT_trained_hybrid_prediction_outputs.csv
20.89997,baseline_05_mixed_maneuver,Pitch,ramp,0.058182000000000005,1,0.0934909954667091,0.1205333334948781,0.0957998130470513,0.0247335204478268,0.0247335204478268,0.009697,1,30.0,0.021336208318034566,1,1,1,W30_N8_mean1x,30,8,1.0,1909,Pitch_hybrid_prediction,/home/tchowdh4/sensor_recovery_project/logs/extracted_csv/baseline_05_mixed_maneuver_ATT.csv,/home/tchowdh4/sensor_recovery_project/prediction_results_v9_trained_hybrid/baseline_05_mixed_maneuver_ATT_trained_hybrid_prediction_outputs.csv
20.99993,baseline_05_mixed_maneuver,Pitch,ramp,0.058182000000000005,1,0.0966186001896858,0.124070670612221,0.0989643037319183,0.02510636688030271,0.02510636688030271,0.009697,1,30.0,0.021658855159887167,1,1,1,W30_N8_mean1x,30,8,1.0,1909,Pitch_hybrid_prediction,/home/tchowdh4/sensor_recovery_project/logs/extracted_csv/baseline_05_mixed_maneuver_ATT.csv,/home/tchowdh4/sensor_recovery_project/prediction_results_v9_trained_hybrid/baseline_05_mixed_maneuver_ATT_trained_hybrid_prediction_outputs.csv
21.09989,baseline_05_mixed_maneuver,Pitch,ramp,0.058182000000000005,1,0.0977218300104141,0.1255836328273155,0.0985492523759603,0.0270343804513552,0.0270343804513552,0.009697,1,30.0,0.022000374881185315,1,1,1,W30_N8_mean1x,30,8,1.0,1909,Pitch_hybrid_prediction,/home/tchowdh4/sensor_recovery_project/logs/extracted_csv/baseline_05_mixed_maneuver_ATT.csv,/home/tchowdh4/sensor_recovery_project/prediction_results_v9_trained_hybrid/baseline_05_mixed_maneuver_ATT_trained_hybrid_prediction_outputs.csv
21.19985,baseline_05_mixed_maneuver,Pitch,ramp,0.058182000000000005,1,0.0976924896240234,0.125964024835291,0.0976704843342303,0.028293540501060713,0.028293540501060713,0.009697,1,30.0,0.02244033446729775,1,1,1,W30_N8_mean1x,30,8,1.0,1909,Pitch_hybrid_prediction,/home/tchowdh4/sensor_recovery_project/logs/extracted_csv/baseline_05_mixed_maneuver_ATT.csv,/home/tchowdh4/sensor_recovery_project/prediction_results_v9_trained_hybrid/baseline_05_mixed_maneuver_ATT_trained_hybrid_prediction_outputs.csv
21.29981,baseline_05_mixed_maneuver,Pitch,ramp,0.058182000000000005,1,0.0947209820151329,0.12340224962076671,0.092492351308465,0.030909898312301703,0.030909898312301703,0.009697,1,30.0,0.023012635550056584,1,1,1,W30_N8_mean1x,30,8,1.0,1909,Pitch_hybrid_prediction,/home/tchowdh4/sensor_recovery_project/logs/extracted_csv/baseline_05_mixed_maneuver_ATT.csv,/home/tchowdh4/sensor_recovery_project/prediction_results_v9_trained_hybrid/baseline_05_mixed_maneuver_ATT_trained_hybrid_prediction_outputs.csv
21.400603,baseline_05_mixed_maneuver,Pitch,ramp,0.058182000000000005,1,0.0970020070672035,0.1260930070672035,0.0987127758562564,0.027380231210947098,0.027380231210947098,0.009697,1,30.0,0.023397725335362975,1,1,1,W30_N8_mean1x,30,8,1.0,1909,Pitch_hybrid_prediction,/home/tchowdh4/sensor_recovery_project/logs/extracted_csv/baseline_05_mixed_maneuver_ATT.csv,/home/tchowdh4/sensor_recovery_project/prediction_results_v9_trained_hybrid/baseline_05_mixed_maneuver_ATT_trained_hybrid_prediction_outputs.csv
21.500563,baseline_05_mixed_maneuver,Pitch,ramp,0.058182000000000005,1,0.0950966402888298,0.124597372683196,0.0936676152050495,0.030929757478146497,0.030929757478146497,0.009697,1,30.0,0.02376008433059072,1,1,1,W30_N8_mean1x,30,8,1.0,1909,Pitch_hybrid_prediction,/home/tchowdh4/sensor_recovery_project/logs/extracted_csv/baseline_05_mixed_maneuver_ATT.csv,/home/tchowdh4/sensor_recovery_project/prediction_results_v9_trained_hybrid/baseline_05_mixed_maneuver_ATT_trained_hybrid_prediction_outputs.csv
21.600523,baseline_05_mixed_maneuver,Pitch,ramp,0.058182000000000005,1,0.0946520045399665,0.1245624693286989,0.094318527728319,0.030243941600379895,0.030243941600379895,0.009697,1,30.0,0.024137350074947758,1,1,1,W30_N8_mean1x,30,8,1.0,1909,Pitch_hybrid_prediction,/home/tchowdh4/sensor_recovery_project/logs/extracted_csv/baseline_05_mixed_maneuver_ATT.csv,/home/tchowdh4/sensor_recovery_project/prediction_results_v9_trained_hybrid/baseline_05_mixed_maneuver_ATT_trained_hybrid_prediction_outputs.csv
21.700483,baseline_05_mixed_maneuver,Pitch,ramp,0.058182000000000005,1,0.0959173515439033,0.12623754872700188,0.0968663617968558,0.02937118693014608,0.02937118693014608,0.009697,1,30.0,0.0243948883418735,1,1,1,W30_N8_mean1x,30,8,1.0,1909,Pitch_hybrid_prediction,/home/tchowdh4/sensor_recovery_project/logs/extracted_csv/baseline_05_mixed_maneuver_ATT.csv,/home/tchowdh4/sensor_recovery_project/prediction_results_v9_trained_hybrid/baseline_05_mixed_maneuver_ATT_trained_hybrid_prediction_outputs.csv
21.800443,baseline_05_mixed_maneuver,Pitch,ramp,0.058182000000000005,1,0.0934957340359687,0.12422566361343348,0.0916795209050177,0.032546142708415784,0.032546142708415784,0.009697,1,30.0,0.024770910770593436,1,1,1,W30_N8_mean1x,30,8,1.0,1909,Pitch_hybrid_prediction,/home/tchowdh4/sensor_recovery_project/logs/extracted_csv/baseline_05_mixed_maneuver_ATT.csv,/home/tchowdh4/sensor_recovery_project/prediction_results_v9_trained_hybrid/baseline_05_mixed_maneuver_ATT_trained_hybrid_prediction_outputs.csv
21.900403,baseline_05_mixed_maneuver,Pitch,ramp,0.058182000000000005,1,0.0945114344358444,0.12565109640767538,0.0952732097357511,0.030377886671924287,0.030377886671924287,0.009697,1,30.0,0.02511754848196813,1,1,1,W30_N8_mean1x,30,8,1.0,1909,Pitch_hybrid_prediction,/home/tchowdh4/sensor_recovery_project/logs/extracted_csv/baseline_05_mixed_maneuver_ATT.csv,/home/tchowdh4/sensor_recovery_project/prediction_results_v9_trained_hybrid/baseline_05_mixed_maneuver_ATT_trained_hybrid_prediction_outputs.csv
22.000363,baseline_05_mixed_maneuver,Pitch,ramp,0.058182000000000005,1,0.0926051214337349,0.12415451579993209,0.0911753866821527,0.03297912911777938,0.03297912911777938,0.009697,1,30.0,0.025434760684068816,1,1,1,W30_N8_mean1x,30,8,1.0,1909,Pitch_hybrid_prediction,/home/tchowdh4/sensor_recovery_project/logs/extracted_csv/baseline_05_mixed_maneuver_ATT.csv,/home/tchowdh4/sensor_recovery_project/prediction_results_v9_trained_hybrid/baseline_05_mixed_maneuver_ATT_trained_hybrid_prediction_outputs.csv
22.100323,baseline_05_mixed_maneuver,Pitch,ramp,0.058182000000000005,1,0.0962055623531341,0.1281646891136975,0.0989058930426835,0.02925879607101399,0.02925879607101399,0.009697,1,30.0,0.025588395947957587,1,1,1,W30_N8_mean1x,30,8,1.0,1909,Pitch_hybrid_prediction,/home/tchowdh4/sensor_recovery_project/logs/extracted_csv/baseline_05_mixed_maneuver_ATT.csv,/home/tchowdh4/sensor_recovery_project/prediction_results_v9_trained_hybrid/baseline_05_mixed_maneuver_ATT_trained_hybrid_prediction_outputs.csv
22.200283,baseline_05_mixed_maneuver,Pitch,ramp,0.058182000000000005,1,0.0995333492755889,0.13190220843051847,0.10202918946743,0.02987301896308847,0.02987301896308847,0.009697,1,30.0,0.02587672876834202,1,1,1,W30_N8_mean1x,30,8,1.0,1909,Pitch_hybrid_prediction,/home/tchowdh4/sensor_recovery_project/logs/extracted_csv/baseline_05_mixed_maneuver_ATT.csv,/home/tchowdh4/sensor_recovery_project/prediction_results_v9_trained_hybrid/baseline_05_mixed_maneuver_ATT_trained_hybrid_prediction_outputs.csv
22.300243,baseline_05_mixed_maneuver,Pitch,ramp,0.058182000000000005,1,0.1038520112633705,0.13663060281266629,0.1070910077542067,0.029539595058459586,0.029539595058459586,0.009697,1,30.0,0.02605179748996299,1,1,1,W30_N8_mean1x,30,8,1.0,1909,Pitch_hybrid_prediction,/home/tchowdh4/sensor_recovery_project/logs/extracted_csv/baseline_05_mixed_maneuver_ATT.csv,/home/tchowdh4/sensor_recovery_project/prediction_results_v9_trained_hybrid/baseline_05_mixed_maneuver_ATT_trained_hybrid_prediction_outputs.csv
22.400203,baseline_05_mixed_maneuver,Pitch,ramp,0.058182000000000005,1,0.1027628406882286,0.13595116463189055,0.1019459627568721,0.03400520187501846,0.03400520187501846,0.009697,1,30.0,0.02645677157103096,1,1,1,W30_N8_mean1x,30,8,1.0,1909,Pitch_hybrid_prediction,/home/tchowdh4/sensor_recovery_project/logs/extracted_csv/baseline_05_mixed_maneuver_ATT.csv,/home/tchowdh4/sensor_recovery_project/prediction_results_v9_trained_hybrid/baseline_05_mixed_maneuver_ATT_trained_hybrid_prediction_outputs.csv
22.500163,baseline_05_mixed_maneuver,Pitch,ramp,0.058182000000000005,1,0.1019889563322067,0.13558701267023487,0.1014085430651902,0.03417846960504467,0.03417846960504467,0.009697,1,30.0,0.02677103911741523,1,1,1,W30_N8_mean1x,30,8,1.0,1909,Pitch_hybrid_prediction,/home/tchowdh4/sensor_recovery_project/logs/extracted_csv/baseline_05_mixed_maneuver_ATT.csv,/home/tchowdh4/sensor_recovery_project/prediction_results_v9_trained_hybrid/baseline_05_mixed_maneuver_ATT_trained_hybrid_prediction_outputs.csv
22.600123,baseline_05_mixed_maneuver,Pitch,ramp,0.058182000000000005,1,0.0960457399487495,0.13005352868114387,0.0915883276611566,0.038465201019987266,0.038465201019987266,0.009697,1,30.0,0.027228969503927444,1,1,1,W30_N8_mean1x,30,8,1.0,1909,Pitch_hybrid_prediction,/home/tchowdh4/sensor_recovery_project/logs/extracted_csv/baseline_05_mixed_maneuver_ATT.csv,/home/tchowdh4/sensor_recovery_project/prediction_results_v9_trained_hybrid/baseline_05_mixed_maneuver_ATT_trained_hybrid_prediction_outputs.csv
22.700083,baseline_05_mixed_maneuver,Pitch,ramp,0.058182000000000005,1,0.0945355296134948,0.12895305074025537,0.0934028718620537,0.035550178878201666,0.035550178878201666,0.009697,1,30.0,0.027738068242805152,1,1,1,W30_N8_mean1x,30,8,1.0,1909,Pitch_hybrid_prediction,/home/tchowdh4/sensor_recovery_project/logs/extracted_csv/baseline_05_mixed_maneuver_ATT.csv,/home/tchowdh4/sensor_recovery_project/prediction_results_v9_trained_hybrid/baseline_05_mixed_maneuver_ATT_trained_hybrid_prediction_outputs.csv
22.800043,baseline_05_mixed_maneuver,Pitch,ramp,0.058182000000000005,1,0.0961667224764823,0.13099397599760906,0.0973901171237229,0.03360385887388616,0.03360385887388616,0.009697,1,30.0,0.02818844485817917,1,1,1,W30_N8_mean1x,30,8,1.0,1909,Pitch_hybrid_prediction,/home/tchowdh4/sensor_recovery_project/logs/extracted_csv/baseline_05_mixed_maneuver_ATT.csv,/home/tchowdh4/sensor_recovery_project/prediction_results_v9_trained_hybrid/baseline_05_mixed_maneuver_ATT_trained_hybrid_prediction_outputs.csv
22.900003,baseline_05_mixed_maneuver,Pitch,ramp,0.058182000000000005,1,0.0997791215777397,0.13501610749323267,0.1024884209036827,0.03252768658954998,0.03252768658954998,0.009697,1,30.0,0.028566986141934408,1,1,1,W30_N8_mean1x,30,8,1.0,1909,Pitch_hybrid_prediction,/home/tchowdh4/sensor_recovery_project/logs/extracted_csv/baseline_05_mixed_maneuver_ATT.csv,/home/tchowdh4/sensor_recovery_project/prediction_results_v9_trained_hybrid/baseline_05_mixed_maneuver_ATT_trained_hybrid_prediction_outputs.csv
22.999963,baseline_05_mixed_maneuver,Pitch,ramp,0.058182000000000005,1,0.1068364083766937,0.14248312668655286,0.1121293734759092,0.030353753210643653,0.030353753210643653,0.009697,1,30.0,0.028827229528410374,1,1,1,W30_N8_mean1x,30,8,1.0,1909,Pitch_hybrid_prediction,/home/tchowdh4/sensor_recovery_project/logs/extracted_csv/baseline_05_mixed_maneuver_ATT.csv,/home/tchowdh4/sensor_recovery_project/prediction_results_v9_trained_hybrid/baseline_05_mixed_maneuver_ATT_trained_hybrid_prediction_outputs.csv
23.099923,baseline_05_mixed_maneuver,Pitch,ramp,0.058182000000000005,1,0.1143261715769767,0.15038262228120206,0.1199434939771889,0.030439128304013158,0.030439128304013158,0.009697,1,30.0,0.0291115418292402,1,1,1,W30_N8_mean1x,30,8,1.0,1909,Pitch_hybrid_prediction,/home/tchowdh4/sensor_recovery_project/logs/extracted_csv/baseline_05_mixed_maneuver_ATT.csv,/home/tchowdh4/sensor_recovery_project/prediction_results_v9_trained_hybrid/baseline_05_mixed_maneuver_ATT_trained_hybrid_prediction_outputs.csv
23.199883,baseline_05_mixed_maneuver,Pitch,ramp,0.058182000000000005,1,0.1177611649036407,0.15422734800223226,0.1203374098986387,0.03388993810359356,0.03388993810359356,0.009697,1,30.0,0.029563083156626032,1,1,1,W30_N8_mean1x,30,8,1.0,1909,Pitch_hybrid_prediction,/home/tchowdh4/sensor_recovery_project/logs/extracted_csv/baseline_05_mixed_maneuver_ATT.csv,/home/tchowdh4/sensor_recovery_project/prediction_results_v9_trained_hybrid/baseline_05_mixed_maneuver_ATT_trained_hybrid_prediction_outputs.csv
23.299843,baseline_05_mixed_maneuver,Pitch,ramp,0.058182000000000005,1,0.12305149435997,0.15992740985292775,0.1270192414522169,0.03290816840071084,0.03290816840071084,0.009697,1,30.0,0.029942583516368606,1,1,1,W30_N8_mean1x,30,8,1.0,1909,Pitch_hybrid_prediction,/home/tchowdh4/sensor_recovery_project/logs/extracted_csv/baseline_05_mixed_maneuver_ATT.csv,/home/tchowdh4/sensor_recovery_project/prediction_results_v9_trained_hybrid/baseline_05_mixed_maneuver_ATT_trained_hybrid_prediction_outputs.csv
23.399803,baseline_05_mixed_maneuver,Pitch,ramp,0.058182000000000005,1,0.1221609413623809,0.15944658924970484,0.121493026614189,0.037953562635515845,0.037953562635515845,0.009697,1,30.0,0.03054750771132914,1,1,1,W30_N8_mean1x,30,8,1.0,1909,Pitch_hybrid_prediction,/home/tchowdh4/sensor_recovery_project/logs/extracted_csv/baseline_05_mixed_maneuver_ATT.csv,/home/tchowdh4/sensor_recovery_project/prediction_results_v9_trained_hybrid/baseline_05_mixed_maneuver_ATT_trained_hybrid_prediction_outputs.csv
23.500596,baseline_05_mixed_maneuver,Pitch,ramp,0.058182000000000005,1,0.1238885223865509,0.16158390266824105,0.1251842081546784,0.03639969451356265,0.03639969451356265,0.009697,1,30.0,0.030938469299203956,1,1,1,W30_N8_mean1x,30,8,1.0,1909,Pitch_hybrid_prediction,/home/tchowdh4/sensor_recovery_project/logs/extracted_csv/baseline_05_mixed_maneuver_ATT.csv,/home/tchowdh4/sensor_recovery_project/prediction_results_v9_trained_hybrid/baseline_05_mixed_maneuver_ATT_trained_hybrid_prediction_outputs.csv
23.600556,baseline_05_mixed_maneuver,Pitch,ramp,0.058182000000000005,1,0.1207583099603653,0.15886342263642164,0.118410650640726,0.040452771995695636,0.040452771995695636,0.009697,1,30.0,0.03141912507412387,1,1,1,W30_N8_mean1x,30,8,1.0,1909,Pitch_hybrid_prediction,/home/tchowdh4/sensor_recovery_project/logs/extracted_csv/baseline_05_mixed_maneuver_ATT.csv,/home/tchowdh4/sensor_recovery_project/prediction_results_v9_trained_hybrid/baseline_05_mixed_maneuver_ATT_trained_hybrid_prediction_outputs.csv
23.700516,baseline_05_mixed_maneuver,Pitch,ramp,0.058182000000000005,1,0.118339292705059,0.15685413777548152,0.1165250297635792,0.040329108011902315,0.040329108011902315,0.009697,1,30.0,0.03189176551443763,1,1,1,W30_N8_mean1x,30,8,1.0,1909,Pitch_hybrid_prediction,/home/tchowdh4/sensor_recovery_project/logs/extracted_csv/baseline_05_mixed_maneuver_ATT.csv,/home/tchowdh4/sensor_recovery_project/prediction_results_v9_trained_hybrid/baseline_05_mixed_maneuver_ATT_trained_hybrid_prediction_outputs.csv
23.800476,baseline_05_mixed_maneuver,Pitch,ramp,0.058182000000000005,1,0.1213961094617843,0.16032068692657303,0.1236887220293282,0.03663196489724484,0.03663196489724484,0.009697,1,30.0,0.03220886931059063,1,1,1,W30_N8_mean1x,30,8,1.0,1909,Pitch_hybrid_prediction,/home/tchowdh4/sensor_recovery_project/logs/extracted_csv/baseline_05_mixed_maneuver_ATT.csv,/home/tchowdh4/sensor_recovery_project/prediction_results_v9_trained_hybrid/baseline_05_mixed_maneuver_ATT_trained_hybrid_prediction_outputs.csv
23.900436,baseline_05_mixed_maneuver,Pitch,ramp,0.058182000000000005,1,0.1192723289132118,0.15860663877236672,0.1176794935017824,0.04092714527058432,0.04092714527058432,0.009697,1,30.0,0.03274865680468255,1,1,1,W30_N8_mean1x,30,8,1.0,1909,Pitch_hybrid_prediction,/home/tchowdh4/sensor_recovery_project/logs/extracted_csv/baseline_05_mixed_maneuver_ATT.csv,/home/tchowdh4/sensor_recovery_project/prediction_results_v9_trained_hybrid/baseline_05_mixed_maneuver_ATT_trained_hybrid_prediction_outputs.csv
24.000396,baseline_05_mixed_maneuver,Pitch,ramp,0.058182000000000005,1,0.1185799986124038,0.15832404086592494,0.1180607508867978,0.04026328997912715,0.04026328997912715,0.009697,1,30.0,0.03325388757464336,1,1,1,W30_N8_mean1x,30,8,1.0,1909,Pitch_hybrid_prediction,/home/tchowdh4/sensor_recovery_project/logs/extracted_csv/baseline_05_mixed_maneuver_ATT.csv,/home/tchowdh4/sensor_recovery_project/prediction_results_v9_trained_hybrid/baseline_05_mixed_maneuver_ATT_trained_hybrid_prediction_outputs.csv
24.100356,baseline_05_mixed_maneuver,Pitch,ramp,0.058182000000000005,1,0.116645909845829,0.1567996844937163,0.1151953432708978,0.04160434122281852,0.04160434122281852,0.009697,1,30.0,0.03373955293369214,1,1,1,W30_N8_mean1x,30,8,1.0,1909,Pitch_hybrid_prediction,/home/tchowdh4/sensor_recovery_project/logs/extracted_csv/baseline_05_mixed_maneuver_ATT.csv,/home/tchowdh4/sensor_recovery_project/prediction_results_v9_trained_hybrid/baseline_05_mixed_maneuver_ATT_trained_hybrid_prediction_outputs.csv
24.200316,baseline_05_mixed_maneuver,Pitch,ramp,0.058182000000000005,1,0.1117192804813385,0.15228278752359203,0.1080243084579706,0.04425847906562143,0.04425847906562143,0.009697,1,30.0,0.03427171755251083,1,1,1,W30_N8_mean1x,30,8,1.0,1909,Pitch_hybrid_prediction,/home/tchowdh4/sensor_recovery_project/logs/extracted_csv/baseline_05_mixed_maneuver_ATT.csv,/home/tchowdh4/sensor_recovery_project/prediction_results_v9_trained_hybrid/baseline_05_mixed_maneuver_ATT_trained_hybrid_prediction_outputs.csv
24.300276,baseline_05_mixed_maneuver,Pitch,ramp,0.058182000000000005,1,0.1113519296050071,0.15232516904162682,0.1110764164477585,0.04124875259386833,0.04124875259386833,0.009697,1,30.0,0.03461634602856305,1,1,1,W30_N8_mean1x,30,8,1.0,1909,Pitch_hybrid_prediction,/home/tchowdh4/sensor_recovery_project/logs/extracted_csv/baseline_05_mixed_maneuver_ATT.csv,/home/tchowdh4/sensor_recovery_project/prediction_results_v9_trained_hybrid/baseline_05_mixed_maneuver_ATT_trained_hybrid_prediction_outputs.csv
24.400236,baseline_05_mixed_maneuver,Pitch,ramp,0.058182000000000005,1,0.1085651740431785,0.1499481458741644,0.106475107371807,0.04347303850235741,0.04347303850235741,0.009697,1,30.0,0.035152772938276726,1,1,1,W30_N8_mean1x,30,8,1.0,1909,Pitch_hybrid_prediction,/home/tchowdh4/sensor_recovery_project/logs/extracted_csv/baseline_05_mixed_maneuver_ATT.csv,/home/tchowdh4/sensor_recovery_project/prediction_results_v9_trained_hybrid/baseline_05_mixed_maneuver_ATT_trained_hybrid_prediction_outputs.csv
24.500196,baseline_05_mixed_maneuver,Pitch,ramp,0.058182000000000005,1,0.1096539944410324,0.1514466986663845,0.1104706097394228,0.040976088926961696,0.040976088926961696,0.009697,1,30.0,0.03548765065323723,1,1,1,W30_N8_mean1x,30,8,1.0,1909,Pitch_hybrid_prediction,/home/tchowdh4/sensor_recovery_project/logs/extracted_csv/baseline_05_mixed_maneuver_ATT.csv,/home/tchowdh4/sensor_recovery_project/prediction_results_v9_trained_hybrid/baseline_05_mixed_maneuver_ATT_trained_hybrid_prediction_outputs.csv
24.600156,baseline_05_mixed_maneuver,Pitch,ramp,0.058182000000000005,1,0.1116075664758682,0.1538100030955865,0.113072745501995,0.04073725759359151,0.04073725759359151,0.009697,1,30.0,0.03583742785301095,1,1,1,W30_N8_mean1x,30,8,1.0,1909,Pitch_hybrid_prediction,/home/tchowdh4/sensor_recovery_project/logs/extracted_csv/baseline_05_mixed_maneuver_ATT.csv,/home/tchowdh4/sensor_recovery_project/prediction_results_v9_trained_hybrid/baseline_05_mixed_maneuver_ATT_trained_hybrid_prediction_outputs.csv
24.700116,baseline_05_mixed_maneuver,Pitch,ramp,0.058182000000000005,1,0.109180063009262,0.15179223202334652,0.1073594354093073,0.04443279661403922,0.04443279661403922,0.009697,1,30.0,0.03633948150914072,1,1,1,W30_N8_mean1x,30,8,1.0,1909,Pitch_hybrid_prediction,/home/tchowdh4/sensor_recovery_project/logs/extracted_csv/baseline_05_mixed_maneuver_ATT.csv,/home/tchowdh4/sensor_recovery_project/prediction_results_v9_trained_hybrid/baseline_05_mixed_maneuver_ATT_trained_hybrid_prediction_outputs.csv
24.800076,baseline_05_mixed_maneuver,Pitch,ramp,0.058182000000000005,1,0.1077056899666786,0.1507275913751293,0.106599910184741,0.044127681190388304,0.044127681190388304,0.009697,1,30.0,0.03672553279187314,1,1,1,W30_N8_mean1x,30,8,1.0,1909,Pitch_hybrid_prediction,/home/tchowdh4/sensor_recovery_project/logs/extracted_csv/baseline_05_mixed_maneuver_ATT.csv,/home/tchowdh4/sensor_recovery_project/prediction_results_v9_trained_hybrid/baseline_05_mixed_maneuver_ATT_trained_hybrid_prediction_outputs.csv
24.900036,baseline_05_mixed_maneuver,Pitch,ramp,0.058182000000000005,1,0.1066842302680015,0.1501158640708184,0.1059181354939936,0.04419772857682479,0.04419772857682479,0.009697,1,30.0,0.03718619418870316,1,1,1,W30_N8_mean1x,30,8,1.0,1909,Pitch_hybrid_prediction,/home/tchowdh4/sensor_recovery_project/logs/extracted_csv/baseline_05_mixed_maneuver_ATT.csv,/home/tchowdh4/sensor_recovery_project/prediction_results_v9_trained_hybrid/baseline_05_mixed_maneuver_ATT_trained_hybrid_prediction_outputs.csv
24.999996,baseline_05_mixed_maneuver,Pitch,ramp,0.058182000000000005,1,0.103372722864151,0.1472140890613341,0.1008890923112631,0.046324996750071,0.046324996750071,0.009697,1,30.0,0.03763105644311288,1,1,1,W30_N8_mean1x,30,8,1.0,1909,Pitch_hybrid_prediction,/home/tchowdh4/sensor_recovery_project/logs/extracted_csv/baseline_05_mixed_maneuver_ATT.csv,/home/tchowdh4/sensor_recovery_project/prediction_results_v9_trained_hybrid/baseline_05_mixed_maneuver_ATT_trained_hybrid_prediction_outputs.csv
25.099956,baseline_05_mixed_maneuver,Pitch,ramp,0.058182000000000005,1,0.1043264120817184,0.1485775106732677,0.1050416789948939,0.043535831678373785,0.043535831678373785,0.009697,1,30.0,0.038106957630024876,1,1,1,W30_N8_mean1x,30,8,1.0,1909,Pitch_hybrid_prediction,/home/tchowdh4/sensor_recovery_project/logs/extracted_csv/baseline_05_mixed_maneuver_ATT.csv,/home/tchowdh4/sensor_recovery_project/prediction_results_v9_trained_hybrid/baseline_05_mixed_maneuver_ATT_trained_hybrid_prediction_outputs.csv
25.199916,baseline_05_mixed_maneuver,Pitch,ramp,0.058182000000000005,1,0.1044052764773368,0.1490661074632523,0.1044644247740506,0.0446016826892017,0.0446016826892017,0.009697,1,30.0,0.03859791308756198,1,1,1,W30_N8_mean1x,30,8,1.0,1909,Pitch_hybrid_prediction,/home/tchowdh4/sensor_recovery_project/logs/extracted_csv/baseline_05_mixed_maneuver_ATT.csv,/home/tchowdh4/sensor_recovery_project/prediction_results_v9_trained_hybrid/baseline_05_mixed_maneuver_ATT_trained_hybrid_prediction_outputs.csv
25.299876,baseline_05_mixed_maneuver,Pitch,ramp,0.058182000000000005,1,0.1074365228414535,0.1525070862217352,0.109709957614541,0.0427971286071942,0.0427971286071942,0.009697,1,30.0,0.039039830872519804,1,1,1,W30_N8_mean1x,30,8,1.0,1909,Pitch_hybrid_prediction,/home/tchowdh4/sensor_recovery_project/logs/extracted_csv/baseline_05_mixed_maneuver_ATT.csv,/home/tchowdh4/sensor_recovery_project/prediction_results_v9_trained_hybrid/baseline_05_mixed_maneuver_ATT_trained_hybrid_prediction_outputs.csv
25.399836,baseline_05_mixed_maneuver,Pitch,ramp,0.058182000000000005,1,0.1080159097909927,0.1534962055656406,0.108450450003147,0.045045755562493586,0.045045755562493586,0.009697,1,30.0,0.039407849328768965,1,1,1,W30_N8_mean1x,30,8,1.0,1909,Pitch_hybrid_prediction,/home/tchowdh4/sensor_recovery_project/logs/extracted_csv/baseline_05_mixed_maneuver_ATT.csv,/home/tchowdh4/sensor_recovery_project/prediction_results_v9_trained_hybrid/baseline_05_mixed_maneuver_ATT_trained_hybrid_prediction_outputs.csv
25.499796,baseline_05_mixed_maneuver,Pitch,ramp,0.058182000000000005,1,0.1078541651368141,0.1537441933058282,0.1077328566461801,0.0460113366596481,0.0460113366596481,0.009697,1,30.0,0.039802278230589086,1,1,1,W30_N8_mean1x,30,8,1.0,1909,Pitch_hybrid_prediction,/home/tchowdh4/sensor_recovery_project/logs/extracted_csv/baseline_05_mixed_maneuver_ATT.csv,/home/tchowdh4/sensor_recovery_project/prediction_results_v9_trained_hybrid/baseline_05_mixed_maneuver_ATT_trained_hybrid_prediction_outputs.csv
25.600589,baseline_05_mixed_maneuver,Pitch,ramp,0.058182000000000005,1,0.1107879877090454,0.15708774827242566,0.1129883546382188,0.04409939363420687,0.04409939363420687,0.009697,1,30.0,0.03999008465106308,1,1,1,W30_N8_mean1x,30,8,1.0,1909,Pitch_hybrid_prediction,/home/tchowdh4/sensor_recovery_project/logs/extracted_csv/baseline_05_mixed_maneuver_ATT.csv,/home/tchowdh4/sensor_recovery_project/prediction_results_v9_trained_hybrid/baseline_05_mixed_maneuver_ATT_trained_hybrid_prediction_outputs.csv
25.700549,baseline_05_mixed_maneuver,Pitch,ramp,0.058182000000000005,1,0.10825926810503,0.1549687610627765,0.1063627284020184,0.048606032660758094,0.048606032660758094,0.009697,1,30.0,0.040425279777148285,1,1,1,W30_N8_mean1x,30,8,1.0,1909,Pitch_hybrid_prediction,/home/tchowdh4/sensor_recovery_project/logs/extracted_csv/baseline_05_mixed_maneuver_ATT.csv,/home/tchowdh4/sensor_recovery_project/prediction_results_v9_trained_hybrid/baseline_05_mixed_maneuver_ATT_trained_hybrid_prediction_outputs.csv
25.800509,baseline_05_mixed_maneuver,Pitch,ramp,0.058182000000000005,1,0.1059001237154007,0.15301934906751338,0.1041307654231787,0.04888858364433468,0.04888858364433468,0.009697,1,30.0,0.040934770602829906,1,1,1,W30_N8_mean1x,30,8,1.0,1909,Pitch_hybrid_prediction,/home/tchowdh4/sensor_recovery_project/logs/extracted_csv/baseline_05_mixed_maneuver_ATT.csv,/home/tchowdh4/sensor_recovery_project/prediction_results_v9_trained_hybrid/baseline_05_mixed_maneuver_ATT_trained_hybrid_prediction_outputs.csv
25.900469,baseline_05_mixed_maneuver,Pitch,ramp,0.058182000000000005,1,0.1059831082820892,0.1535120660285681,0.1060453467071055,0.0474667193214626,0.0474667193214626,0.009697,1,30.0,0.04143273836056032,1,1,1,W30_N8_mean1x,30,8,1.0,1909,Pitch_hybrid_prediction,/home/tchowdh4/sensor_recovery_project/logs/extracted_csv/baseline_05_mixed_maneuver_ATT.csv,/home/tchowdh4/sensor_recovery_project/prediction_results_v9_trained_hybrid/baseline_05_mixed_maneuver_ATT_trained_hybrid_prediction_outputs.csv
26.000429,baseline_05_mixed_maneuver,Pitch,ramp,0.058182000000000005,1,0.1030133515596389,0.15095204170048396,0.1007860340178011,0.05016600768268285,0.05016600768268285,0.009697,1,30.0,0.04209314684296163,1,1,1,W30_N8_mean1x,30,8,1.0,1909,Pitch_hybrid_prediction,/home/tchowdh4/sensor_recovery_project/logs/extracted_csv/baseline_05_mixed_maneuver_ATT.csv,/home/tchowdh4/sensor_recovery_project/prediction_results_v9_trained_hybrid/baseline_05_mixed_maneuver_ATT_trained_hybrid_prediction_outputs.csv
26.100389,baseline_05_mixed_maneuver,Pitch,ramp,0.058182000000000005,1,0.1046511083841323,0.15299953091934357,0.1058794260025023,0.047120104916841266,0.047120104916841266,0.009697,1,30.0,0.04264917939672257,1,1,1,W30_N8_mean1x,30,8,1.0,1909,Pitch_hybrid_prediction,/home/tchowdh4/sensor_recovery_project/logs/extracted_csv/baseline_05_mixed_maneuver_ATT.csv,/home/tchowdh4/sensor_recovery_project/prediction_results_v9_trained_hybrid/baseline_05_mixed_maneuver_ATT_trained_hybrid_prediction_outputs.csv
26.200349,baseline_05_mixed_maneuver,Pitch,ramp,0.058182000000000005,1,0.1033716276288032,0.15212978255838067,0.1024120170623063,0.04971776549607437,0.04971776549607437,0.009697,1,30.0,0.04317677364313859,1,1,1,W30_N8_mean1x,30,8,1.0,1909,Pitch_hybrid_prediction,/home/tchowdh4/sensor_recovery_project/logs/extracted_csv/baseline_05_mixed_maneuver_ATT.csv,/home/tchowdh4/sensor_recovery_project/prediction_results_v9_trained_hybrid/baseline_05_mixed_maneuver_ATT_trained_hybrid_prediction_outputs.csv
26.300309,baseline_05_mixed_maneuver,Pitch,ramp,0.058182000000000005,1,0.1013400182127952,0.15050790553673887,0.0998163111507892,0.05069159438594967,0.05069159438594967,0.009697,1,30.0,0.04376955450931322,1,1,1,W30_N8_mean1x,30,8,1.0,1909,Pitch_hybrid_prediction,/home/tchowdh4/sensor_recovery_project/logs/extracted_csv/baseline_05_mixed_maneuver_ATT.csv,/home/tchowdh4/sensor_recovery_project/prediction_results_v9_trained_hybrid/baseline_05_mixed_maneuver_ATT_trained_hybrid_prediction_outputs.csv
26.400269,baseline_05_mixed_maneuver,Pitch,ramp,0.058182000000000005,1,0.101837657392025,0.15141527711033487,0.1022108867764473,0.04920439033388757,0.04920439033388757,0.009697,1,30.0,0.04414458209925895,1,1,1,W30_N8_mean1x,30,8,1.0,1909,Pitch_hybrid_prediction,/home/tchowdh4/sensor_recovery_project/logs/extracted_csv/baseline_05_mixed_maneuver_ATT.csv,/home/tchowdh4/sensor_recovery_project/prediction_results_v9_trained_hybrid/baseline_05_mixed_maneuver_ATT_trained_hybrid_prediction_outputs.csv
26.500229,baseline_05_mixed_maneuver,Pitch,ramp,0.058182000000000005,1,0.0995999574661254,0.14958730957880145,0.0979216825217007,0.051665627057100746,0.051665627057100746,0.009697,1,30.0,0.044653446517376884,1,1,1,W30_N8_mean1x,30,8,1.0,1909,Pitch_hybrid_prediction,/home/tchowdh4/sensor_recovery_project/logs/extracted_csv/baseline_05_mixed_maneuver_ATT.csv,/home/tchowdh4/sensor_recovery_project/prediction_results_v9_trained_hybrid/baseline_05_mixed_maneuver_ATT_trained_hybrid_prediction_outputs.csv
26.600189,baseline_05_mixed_maneuver,Pitch,ramp,0.058182000000000005,1,0.1005666926503181,0.15096377715736037,0.1012917440384626,0.04967203311889777,0.04967203311889777,0.009697,1,30.0,0.04496075522148362,1,1,1,W30_N8_mean1x,30,8,1.0,1909,Pitch_hybrid_prediction,/home/tchowdh4/sensor_recovery_project/logs/extracted_csv/baseline_05_mixed_maneuver_ATT.csv,/home/tchowdh4/sensor_recovery_project/prediction_results_v9_trained_hybrid/baseline_05_mixed_maneuver_ATT_trained_hybrid_prediction_outputs.csv
26.700149,baseline_05_mixed_maneuver,Pitch,ramp,0.058182000000000005,1,0.0998589247465133,0.15066574164792174,0.0993280988186597,0.05133764282926204,0.05133764282926204,0.009697,1,30.0,0.04532770638206228,1,1,1,W30_N8_mean1x,30,8,1.0,1909,Pitch_hybrid_prediction,/home/tchowdh4/sensor_recovery_project/logs/extracted_csv/baseline_05_mixed_maneuver_ATT.csv,/home/tchowdh4/sensor_recovery_project/prediction_results_v9_trained_hybrid/baseline_05_mixed_maneuver_ATT_trained_hybrid_prediction_outputs.csv
26.800109,baseline_05_mixed_maneuver,Pitch,ramp,0.058182000000000005,1,0.1015545427799224,0.15277109207569706,0.1028262563049792,0.04994483577071786,0.04994483577071786,0.009697,1,30.0,0.045771468744511386,1,1,1,W30_N8_mean1x,30,8,1.0,1909,Pitch_hybrid_prediction,/home/tchowdh4/sensor_recovery_project/logs/extracted_csv/baseline_05_mixed_maneuver_ATT.csv,/home/tchowdh4/sensor_recovery_project/prediction_results_v9_trained_hybrid/baseline_05_mixed_maneuver_ATT_trained_hybrid_prediction_outputs.csv
26.900069,baseline_05_mixed_maneuver,Pitch,ramp,0.058182000000000005,1,0.1045326814055442,0.15615896309568505,0.1067662853747605,0.04939267772092455,0.04939267772092455,0.009697,1,30.0,0.04605365315952272,1,1,1,W30_N8_mean1x,30,8,1.0,1909,Pitch_hybrid_prediction,/home/tchowdh4/sensor_recovery_project/logs/extracted_csv/baseline_05_mixed_maneuver_ATT.csv,/home/tchowdh4/sensor_recovery_project/prediction_results_v9_trained_hybrid/baseline_05_mixed_maneuver_ATT_trained_hybrid_prediction_outputs.csv
27.000029,baseline_05_mixed_maneuver,Pitch,ramp,0.058182000000000005,1,0.1030852571129798,0.15512127119748687,0.1019996888935565,0.05312158230393037,0.05312158230393037,0.009697,1,30.0,0.046482262903682826,1,1,1,W30_N8_mean1x,30,8,1.0,1909,Pitch_hybrid_prediction,/home/tchowdh4/sensor_recovery_project/logs/extracted_csv/baseline_05_mixed_maneuver_ATT.csv,/home/tchowdh4/sensor_recovery_project/prediction_results_v9_trained_hybrid/baseline_05_mixed_maneuver_ATT_trained_hybrid_prediction_outputs.csv
27.099989,baseline_05_mixed_maneuver,Pitch,ramp,0.058182000000000005,1,0.1060900911688804,0.15853583764775364,0.1083437167108058,0.050192120936947845,0.050192120936947845,0.009697,1,30.0,0.04676852222748714,1,1,1,W30_N8_mean1x,30,8,1.0,1909,Pitch_hybrid_prediction,/home/tchowdh4/sensor_recovery_project/logs/extracted_csv/baseline_05_mixed_maneuver_ATT.csv,/home/tchowdh4/sensor_recovery_project/prediction_results_v9_trained_hybrid/baseline_05_mixed_maneuver_ATT_trained_hybrid_prediction_outputs.csv
27.199949,baseline_05_mixed_maneuver,Pitch,ramp,0.058182000000000005,1,0.1048984453082084,0.15775392418144785,0.1040047109127044,0.05374921326874345,0.05374921326874345,0.009697,1,30.0,0.04708488003425788,1,1,1,W30_N8_mean1x,30,8,1.0,1909,Pitch_hybrid_prediction,/home/tchowdh4/sensor_recovery_project/logs/extracted_csv/baseline_05_mixed_maneuver_ATT.csv,/home/tchowdh4/sensor_recovery_project/prediction_results_v9_trained_hybrid/baseline_05_mixed_maneuver_ATT_trained_hybrid_prediction_outputs.csv
27.299909,baseline_05_mixed_maneuver,Pitch,ramp,0.058182000000000005,1,0.1044237464666366,0.15768895773424224,0.1040677223354577,0.053621235398784536,0.053621235398784536,0.009697,1,30.0,0.04749729612775508,1,1,1,W30_N8_mean1x,30,8,1.0,1909,Pitch_hybrid_prediction,/home/tchowdh4/sensor_recovery_project/logs/extracted_csv/baseline_05_mixed_maneuver_ATT.csv,/home/tchowdh4/sensor_recovery_project/prediction_results_v9_trained_hybrid/baseline_05_mixed_maneuver_ATT_trained_hybrid_prediction_outputs.csv
27.399869,baseline_05_mixed_maneuver,Pitch,ramp,0.058182000000000005,1,0.1050956919789314,0.15877063564090324,0.1055996511131525,0.053170984527750736,0.053170984527750736,0.009697,1,30.0,0.04782056099526819,1,1,1,W30_N8_mean1x,30,8,1.0,1909,Pitch_hybrid_prediction,/home/tchowdh4/sensor_recovery_project/logs/extracted_csv/baseline_05_mixed_maneuver_ATT.csv,/home/tchowdh4/sensor_recovery_project/prediction_results_v9_trained_hybrid/baseline_05_mixed_maneuver_ATT_trained_hybrid_prediction_outputs.csv
27.499829,baseline_05_mixed_maneuver,Pitch,ramp,0.058182000000000005,1,0.102111779153347,0.15619645520968503,0.0998738445341587,0.056322610675526324,0.056322610675526324,0.009697,1,30.0,0.048332111720220346,1,1,1,W30_N8_mean1x,30,8,1.0,1909,Pitch_hybrid_prediction,/home/tchowdh4/sensor_recovery_project/logs/extracted_csv/baseline_05_mixed_maneuver_ATT.csv,/home/tchowdh4/sensor_recovery_project/prediction_results_v9_trained_hybrid/baseline_05_mixed_maneuver_ATT_trained_hybrid_prediction_outputs.csv
27.599789,baseline_05_mixed_maneuver,Pitch,ramp,0.058182000000000005,1,0.1017144918441772,0.15620890029488144,0.1014165263622998,0.05479237393258164,0.05479237393258164,0.009697,1,30.0,0.048800615598186686,1,1,1,W30_N8_mean1x,30,8,1.0,1909,Pitch_hybrid_prediction,/home/tchowdh4/sensor_recovery_project/logs/extracted_csv/baseline_05_mixed_maneuver_ATT.csv,/home/tchowdh4/sensor_recovery_project/prediction_results_v9_trained_hybrid/baseline_05_mixed_maneuver_ATT_trained_hybrid_prediction_outputs.csv
27.700582,baseline_05_mixed_maneuver,Pitch,ramp,0.058182000000000005,1,0.1031004190444946,0.15800455988956502,0.1041398644447326,0.053864695444832425,0.053864695444832425,0.009697,1,30.0,0.04911501222587979,1,1,1,W30_N8_mean1x,30,8,1.0,1909,Pitch_hybrid_prediction,/home/tchowdh4/sensor_recovery_project/logs/extracted_csv/baseline_05_mixed_maneuver_ATT.csv,/home/tchowdh4/sensor_recovery_project/prediction_results_v9_trained_hybrid/baseline_05_mixed_maneuver_ATT_trained_hybrid_prediction_outputs.csv
27.800542,baseline_05_mixed_maneuver,Pitch,ramp,0.058182000000000005,1,0.1016461253166198,0.1569599985560564,0.1005554050207137,0.05640459353534272,0.05640459353534272,0.009697,1,30.0,0.04952424263737828,1,1,1,W30_N8_mean1x,30,8,1.0,1909,Pitch_hybrid_prediction,/home/tchowdh4/sensor_recovery_project/logs/extracted_csv/baseline_05_mixed_maneuver_ATT.csv,/home/tchowdh4/sensor_recovery_project/prediction_results_v9_trained_hybrid/baseline_05_mixed_maneuver_ATT_trained_hybrid_prediction_outputs.csv
27.900502,baseline_05_mixed_maneuver,Pitch,ramp,0.058182000000000005,1,0.1019990220665931,0.1577226277003959,0.102263694629073,0.05545893307132291,0.05545893307132291,0.009697,1,30.0,0.049899616120528206,1,1,1,W30_N8_mean1x,30,8,1.0,1909,Pitch_hybrid_prediction,/home/tchowdh4/sensor_recovery_project/logs/extracted_csv/baseline_05_mixed_maneuver_ATT.csv,/home/tchowdh4/sensor_recovery_project/prediction_results_v9_trained_hybrid/baseline_05_mixed_maneuver_ATT_trained_hybrid_prediction_outputs.csv
28.000462,baseline_05_mixed_maneuver,Pitch,ramp,0.058182000000000005,1,0.1035587787628173,0.15969211679098633,0.1047285962849854,0.054963520506000924,0.054963520506000924,0.009697,1,30.0,0.05018756691239254,1,1,1,W30_N8_mean1x,30,8,1.0,1909,Pitch_hybrid_prediction,/home/tchowdh4/sensor_recovery_project/logs/extracted_csv/baseline_05_mixed_maneuver_ATT.csv,/home/tchowdh4/sensor_recovery_project/prediction_results_v9_trained_hybrid/baseline_05_mixed_maneuver_ATT_trained_hybrid_prediction_outputs.csv
28.100422,baseline_05_mixed_maneuver,Pitch,ramp,0.058182000000000005,1,0.1010136529803276,0.1575567234028628,0.0991048086434603,0.05845191475940251,0.05845191475940251,0.009697,1,30.0,0.05068476968176016,1,1,1,W30_N8_mean1x,30,8,1.0,1909,Pitch_hybrid_prediction,/home/tchowdh4/sensor_recovery_project/logs/extracted_csv/baseline_05_mixed_maneuver_ATT.csv,/home/tchowdh4/sensor_recovery_project/prediction_results_v9_trained_hybrid/baseline_05_mixed_maneuver_ATT_trained_hybrid_prediction_outputs.csv
28.200382,baseline_05_mixed_maneuver,Pitch,ramp,0.058182000000000005,1,0.100086472928524,0.15703927574542542,0.0993910878896713,0.057648187855754124,0.057648187855754124,0.009697,1,30.0,0.05111965318731191,1,1,1,W30_N8_mean1x,30,8,1.0,1909,Pitch_hybrid_prediction,/home/tchowdh4/sensor_recovery_project/logs/extracted_csv/baseline_05_mixed_maneuver_ATT.csv,/home/tchowdh4/sensor_recovery_project/prediction_results_v9_trained_hybrid/baseline_05_mixed_maneuver_ATT_trained_hybrid_prediction_outputs.csv
28.300342,baseline_05_mixed_maneuver,Pitch,ramp,0.058182000000000005,1,0.1012985482811927,0.1586610834924603,0.1022076047956942,0.056453478696766105,0.056453478696766105,0.009697,1,30.0,0.0515748648569643,1,1,1,W30_N8_mean1x,30,8,1.0,1909,Pitch_hybrid_prediction,/home/tchowdh4/sensor_recovery_project/logs/extracted_csv/baseline_05_mixed_maneuver_ATT.csv,/home/tchowdh4/sensor_recovery_project/prediction_results_v9_trained_hybrid/baseline_05_mixed_maneuver_ATT_trained_hybrid_prediction_outputs.csv
28.400302,baseline_05_mixed_maneuver,Pitch,ramp,0.058182000000000005,1,0.1015822142362594,0.15935448184189321,0.1017949637025594,0.05755951813933381,0.05755951813933381,0.009697,1,30.0,0.051991990276192314,1,1,1,W30_N8_mean1x,30,8,1.0,1909,Pitch_hybrid_prediction,/home/tchowdh4/sensor_recovery_project/logs/extracted_csv/baseline_05_mixed_maneuver_ATT.csv,/home/tchowdh4/sensor_recovery_project/prediction_results_v9_trained_hybrid/baseline_05_mixed_maneuver_ATT_trained_hybrid_prediction_outputs.csv
28.500262,baseline_05_mixed_maneuver,Pitch,ramp,0.058182000000000005,1,0.1076942086219787,0.16587620862197872,0.1122782044112681,0.05359800421071062,0.05359800421071062,0.009697,1,30.0,0.05224487919456107,1,1,1,W30_N8_mean1x,30,8,1.0,1909,Pitch_hybrid_prediction,/home/tchowdh4/sensor_recovery_project/logs/extracted_csv/baseline_05_mixed_maneuver_ATT.csv,/home/tchowdh4/sensor_recovery_project/prediction_results_v9_trained_hybrid/baseline_05_mixed_maneuver_ATT_trained_hybrid_prediction_outputs.csv
28.600222,baseline_05_mixed_maneuver,Pitch,ramp,0.058182000000000005,0,0.1133906468749046,0.1133906468749046,0.117662975564599,-0.004272328689694391,0.004272328689694391,0.009697,0,29.0,0.05091731036307732,1,1,1,W30_N8_mean1x,30,8,1.0,1909,Pitch_hybrid_prediction,/home/tchowdh4/sensor_recovery_project/logs/extracted_csv/baseline_05_mixed_maneuver_ATT.csv,/home/tchowdh4/sensor_recovery_project/prediction_results_v9_trained_hybrid/baseline_05_mixed_maneuver_ATT_trained_hybrid_prediction_outputs.csv
28.700182,baseline_05_mixed_maneuver,Pitch,ramp,0.058182000000000005,0,0.1113494038581848,0.1113494038581848,0.1098184715956449,0.0015309322625399052,0.0015309322625399052,0.009697,0,28.0,0.04934814034980338,1,1,1,W30_N8_mean1x,30,8,1.0,1909,Pitch_hybrid_prediction,/home/tchowdh4/sensor_recovery_project/logs/extracted_csv/baseline_05_mixed_maneuver_ATT.csv,/home/tchowdh4/sensor_recovery_project/prediction_results_v9_trained_hybrid/baseline_05_mixed_maneuver_ATT_trained_hybrid_prediction_outputs.csv
28.800142,baseline_05_mixed_maneuver,Pitch,ramp,0.058182000000000005,0,0.1139989867806434,0.1139989867806434,0.1159861739724873,-0.0019871871918439032,0.0019871871918439032,0.009697,0,27.0,0.04778476046805369,1,1,1,W30_N8_mean1x,30,8,1.0,1909,Pitch_hybrid_prediction,/home/tchowdh4/sensor_recovery_project/logs/extracted_csv/baseline_05_mixed_maneuver_ATT.csv,/home/tchowdh4/sensor_recovery_project/prediction_results_v9_trained_hybrid/baseline_05_mixed_maneuver_ATT_trained_hybrid_prediction_outputs.csv
28.900102,baseline_05_mixed_maneuver,Pitch,ramp,0.058182000000000005,0,0.1116076856851577,0.1116076856851577,0.1098142098635434,0.001793475821614307,0.001793475821614307,0.009697,0,26.0,0.046262319018058745,1,1,1,W30_N8_mean1x,30,8,1.0,1909,Pitch_hybrid_prediction,/home/tchowdh4/sensor_recovery_project/logs/extracted_csv/baseline_05_mixed_maneuver_ATT.csv,/home/tchowdh4/sensor_recovery_project/prediction_results_v9_trained_hybrid/baseline_05_mixed_maneuver_ATT_trained_hybrid_prediction_outputs.csv
29.000062,baseline_05_mixed_maneuver,Pitch,ramp,0.058182000000000005,0,0.1086840406060218,0.1086840406060218,0.1064913067966698,0.0021927338093520043,0.0021927338093520043,0.009697,0,25.0,0.04466320988894771,1,1,1,W30_N8_mean1x,30,8,1.0,1909,Pitch_hybrid_prediction,/home/tchowdh4/sensor_recovery_project/logs/extracted_csv/baseline_05_mixed_maneuver_ATT.csv,/home/tchowdh4/sensor_recovery_project/prediction_results_v9_trained_hybrid/baseline_05_mixed_maneuver_ATT_trained_hybrid_prediction_outputs.csv
29.100022,baseline_05_mixed_maneuver,Pitch,ramp,0.058182000000000005,0,0.1104039996862411,0.1104039996862411,0.1116939689964055,-0.00128996931016441,0.00128996931016441,0.009697,0,24.0,0.04313553870205848,1,1,1,W30_N8_mean1x,30,8,1.0,1909,Pitch_hybrid_prediction,/home/tchowdh4/sensor_recovery_project/logs/extracted_csv/baseline_05_mixed_maneuver_ATT.csv,/home/tchowdh4/sensor_recovery_project/prediction_results_v9_trained_hybrid/baseline_05_mixed_maneuver_ATT_trained_hybrid_prediction_outputs.csv
29.199982,baseline_05_mixed_maneuver,Pitch,ramp,0.058182000000000005,0,0.1077383011579513,0.1077383011579513,0.1057390272617339,0.0019992738962174017,0.0019992738962174017,0.009697,0,23.0,0.04154492231539659,1,1,1,W30_N8_mean1x,30,8,1.0,1909,Pitch_hybrid_prediction,/home/tchowdh4/sensor_recovery_project/logs/extracted_csv/baseline_05_mixed_maneuver_ATT.csv,/home/tchowdh4/sensor_recovery_project/prediction_results_v9_trained_hybrid/baseline_05_mixed_maneuver_ATT_trained_hybrid_prediction_outputs.csv
29.299942,baseline_05_mixed_maneuver,Pitch,ramp,0.058182000000000005,0,0.1048104912042617,0.1048104912042617,0.1026146337389944,0.0021958574652672924,0.0021958574652672924,0.009697,0,22.0,0.03992839775137384,1,1,1,W30_N8_mean1x,30,8,1.0,1909,Pitch_hybrid_prediction,/home/tchowdh4/sensor_recovery_project/logs/extracted_csv/baseline_05_mixed_maneuver_ATT.csv,/home/tchowdh4/sensor_recovery_project/prediction_results_v9_trained_hybrid/baseline_05_mixed_maneuver_ATT_trained_hybrid_prediction_outputs.csv
29.399902,baseline_05_mixed_maneuver,Pitch,ramp,0.058182000000000005,0,0.1031441539525985,0.1031441539525985,0.1018944010138511,0.001249752938747406,0.001249752938747406,0.009697,0,21.0,0.0383299098382025,1,1,1,W30_N8_mean1x,30,8,1.0,1909,Pitch_hybrid_prediction,/home/tchowdh4/sensor_recovery_project/logs/extracted_csv/baseline_05_mixed_maneuver_ATT.csv,/home/tchowdh4/sensor_recovery_project/prediction_results_v9_trained_hybrid/baseline_05_mixed_maneuver_ATT_trained_hybrid_prediction_outputs.csv
29.499862,baseline_05_mixed_maneuver,Pitch,ramp,0.058182000000000005,0,0.1044650897383689,0.1044650897383689,0.1054557915776967,-0.0009907018393277983,0.0009907018393277983,0.009697,0,20.0,0.03664074566427674,1,1,1,W30_N8_mean1x,30,8,1.0,1909,Pitch_hybrid_prediction,/home/tchowdh4/sensor_recovery_project/logs/extracted_csv/baseline_05_mixed_maneuver_ATT.csv,/home/tchowdh4/sensor_recovery_project/prediction_results_v9_trained_hybrid/baseline_05_mixed_maneuver_ATT_trained_hybrid_prediction_outputs.csv
29.599822,baseline_05_mixed_maneuver,Pitch,ramp,0.058182000000000005,0,0.1008962392807006,0.1008962392807006,0.0982196014374493,0.0026766378432512977,0.0026766378432512977,0.009697,0,19.0,0.035074232488421855,1,1,1,W30_N8_mean1x,30,8,1.0,1909,Pitch_hybrid_prediction,/home/tchowdh4/sensor_recovery_project/logs/extracted_csv/baseline_05_mixed_maneuver_ATT.csv,/home/tchowdh4/sensor_recovery_project/prediction_results_v9_trained_hybrid/baseline_05_mixed_maneuver_ATT_trained_hybrid_prediction_outputs.csv
29.700615,baseline_05_mixed_maneuver,Pitch,ramp,0.058182000000000005,0,0.0964136347174644,0.0964136347174644,0.0930516812950372,0.003361953422427205,0.003361953422427205,0.009697,0,18.0,0.03347504284152736,1,1,1,W30_N8_mean1x,30,8,1.0,1909,Pitch_hybrid_prediction,/home/tchowdh4/sensor_recovery_project/logs/extracted_csv/baseline_05_mixed_maneuver_ATT.csv,/home/tchowdh4/sensor_recovery_project/prediction_results_v9_trained_hybrid/baseline_05_mixed_maneuver_ATT_trained_hybrid_prediction_outputs.csv
29.800575,baseline_05_mixed_maneuver,Pitch,ramp,0.058182000000000005,0,0.0951883569359779,0.0951883569359779,0.094269398599863,0.0009189583361148973,0.0009189583361148973,0.009697,0,17.0,0.031840846927040596,1,1,1,W30_N8_mean1x,30,8,1.0,1909,Pitch_hybrid_prediction,/home/tchowdh4/sensor_recovery_project/logs/extracted_csv/baseline_05_mixed_maneuver_ATT.csv,/home/tchowdh4/sensor_recovery_project/prediction_results_v9_trained_hybrid/baseline_05_mixed_maneuver_ATT_trained_hybrid_prediction_outputs.csv
29.900535,baseline_05_mixed_maneuver,Pitch,ramp,0.058182000000000005,0,0.0919062122702598,0.0919062122702598,0.0894446037709712,0.0024616084992886006,0.0024616084992886006,0.009697,0,16.0,0.03027647795298606,1,1,1,W30_N8_mean1x,30,8,1.0,1909,Pitch_hybrid_prediction,/home/tchowdh4/sensor_recovery_project/logs/extracted_csv/baseline_05_mixed_maneuver_ATT.csv,/home/tchowdh4/sensor_recovery_project/prediction_results_v9_trained_hybrid/baseline_05_mixed_maneuver_ATT_trained_hybrid_prediction_outputs.csv
30.000495,baseline_05_mixed_maneuver,Pitch,ramp,0.058182000000000005,0,0.0905683189630508,0.0905683189630508,0.089564898982644,0.0010034199804068028,0.0010034199804068028,0.009697,0,15.0,0.028539205875535274,1,1,1,W30_N8_mean1x,30,8,1.0,1909,Pitch_hybrid_prediction,/home/tchowdh4/sensor_recovery_project/logs/extracted_csv/baseline_05_mixed_maneuver_ATT.csv,/home/tchowdh4/sensor_recovery_project/prediction_results_v9_trained_hybrid/baseline_05_mixed_maneuver_ATT_trained_hybrid_prediction_outputs.csv
30.100455,baseline_05_mixed_maneuver,Pitch,ramp,0.058182000000000005,0,0.089786060154438,0.089786060154438,0.0891993660479784,0.0005866941064596037,0.0005866941064596037,0.009697,0,14.0,0.026885691647852334,1,1,1,W30_N8_mean1x,30,8,1.0,1909,Pitch_hybrid_prediction,/home/tchowdh4/sensor_recovery_project/logs/extracted_csv/baseline_05_mixed_maneuver_ATT.csv,/home/tchowdh4/sensor_recovery_project/prediction_results_v9_trained_hybrid/baseline_05_mixed_maneuver_ATT_trained_hybrid_prediction_outputs.csv
30.200415,baseline_05_mixed_maneuver,Pitch,ramp,0.058182000000000005,0,0.0908195748925209,0.0908195748925209,0.091594710946083,-0.0007751360535620949,0.0007751360535620949,0.009697,0,13.0,0.025119889074012955,1,1,1,W30_N8_mean1x,30,8,1.0,1909,Pitch_hybrid_prediction,/home/tchowdh4/sensor_recovery_project/logs/extracted_csv/baseline_05_mixed_maneuver_ATT.csv,/home/tchowdh4/sensor_recovery_project/prediction_results_v9_trained_hybrid/baseline_05_mixed_maneuver_ATT_trained_hybrid_prediction_outputs.csv
30.300375,baseline_05_mixed_maneuver,Pitch,ramp,0.058182000000000005,0,0.0898944661021232,0.0898944661021232,0.0892006345093249,0.0006938315927983024,0.0006938315927983024,0.009697,0,12.0,0.023355642280480083,1,1,1,W30_N8_mean1x,30,8,1.0,1909,Pitch_hybrid_prediction,/home/tchowdh4/sensor_recovery_project/logs/extracted_csv/baseline_05_mixed_maneuver_ATT.csv,/home/tchowdh4/sensor_recovery_project/prediction_results_v9_trained_hybrid/baseline_05_mixed_maneuver_ATT_trained_hybrid_prediction_outputs.csv
30.400335,baseline_05_mixed_maneuver,Pitch,ramp,0.058182000000000005,0,0.0941469445824623,0.0941469445824623,0.0973363034427166,-0.0031893588602543016,0.0031893588602543016,0.009697,0,11.0,0.021689588091563534,1,1,1,W30_N8_mean1x,30,8,1.0,1909,Pitch_hybrid_prediction,/home/tchowdh4/sensor_recovery_project/logs/extracted_csv/baseline_05_mixed_maneuver_ATT.csv,/home/tchowdh4/sensor_recovery_project/prediction_results_v9_trained_hybrid/baseline_05_mixed_maneuver_ATT_trained_hybrid_prediction_outputs.csv
30.500295,baseline_05_mixed_maneuver,Pitch,ramp,0.058182000000000005,0,0.0943400636315345,0.0943400636315345,0.0944849029183386,-0.00014483928680410207,0.00014483928680410207,0.009697,0,10.0,0.01981699571193946,1,1,1,W30_N8_mean1x,30,8,1.0,1909,Pitch_hybrid_prediction,/home/tchowdh4/sensor_recovery_project/logs/extracted_csv/baseline_05_mixed_maneuver_ATT.csv,/home/tchowdh4/sensor_recovery_project/prediction_results_v9_trained_hybrid/baseline_05_mixed_maneuver_ATT_trained_hybrid_prediction_outputs.csv
30.600255,baseline_05_mixed_maneuver,Pitch,ramp,0.058182000000000005,0,0.093141034245491,0.093141034245491,0.0922417622059584,0.0008992720395326059,0.0008992720395326059,0.009697,0,9.0,0.01802055898217116,1,1,1,W30_N8_mean1x,30,8,1.0,1909,Pitch_hybrid_prediction,/home/tchowdh4/sensor_recovery_project/logs/extracted_csv/baseline_05_mixed_maneuver_ATT.csv,/home/tchowdh4/sensor_recovery_project/prediction_results_v9_trained_hybrid/baseline_05_mixed_maneuver_ATT_trained_hybrid_prediction_outputs.csv
30.700215,baseline_05_mixed_maneuver,Pitch,ramp,0.058182000000000005,0,0.0966400504112243,0.0966400504112243,0.0992643125355242,-0.002624262124299906,0.002624262124299906,0.009697,0,8.0,0.01631254453815341,1,1,1,W30_N8_mean1x,30,8,1.0,1909,Pitch_hybrid_prediction,/home/tchowdh4/sensor_recovery_project/logs/extracted_csv/baseline_05_mixed_maneuver_ATT.csv,/home/tchowdh4/sensor_recovery_project/prediction_results_v9_trained_hybrid/baseline_05_mixed_maneuver_ATT_trained_hybrid_prediction_outputs.csv
30.800175,baseline_05_mixed_maneuver,Pitch,ramp,0.058182000000000005,0,0.0978864282369613,0.0978864282369613,0.098821211606264,-0.000934783369302708,0.000934783369302708,0.009697,0,7.0,0.014463550865952076,0,1,1,W30_N8_mean1x,30,8,1.0,1909,Pitch_hybrid_prediction,/home/tchowdh4/sensor_recovery_project/logs/extracted_csv/baseline_05_mixed_maneuver_ATT.csv,/home/tchowdh4/sensor_recovery_project/prediction_results_v9_trained_hybrid/baseline_05_mixed_maneuver_ATT_trained_hybrid_prediction_outputs.csv
30.900135,baseline_05_mixed_maneuver,Pitch,ramp,0.058182000000000005,0,0.0985581204295158,0.0985581204295158,0.0990618895739316,-0.0005037691444157999,0.0005037691444157999,0.009697,0,6.0,0.012631712068388505,0,1,1,W30_N8_mean1x,30,8,1.0,1909,Pitch_hybrid_prediction,/home/tchowdh4/sensor_recovery_project/logs/extracted_csv/baseline_05_mixed_maneuver_ATT.csv,/home/tchowdh4/sensor_recovery_project/prediction_results_v9_trained_hybrid/baseline_05_mixed_maneuver_ATT_trained_hybrid_prediction_outputs.csv
31.000095,baseline_05_mixed_maneuver,Pitch,ramp,0.058182000000000005,0,0.0985459312796592,0.0985459312796592,0.0985367894172667,9.141862392494926e-06,9.141862392494926e-06,0.009697,0,5.0,0.01079989944693489,0,1,1,W30_N8_mean1x,30,8,1.0,1909,Pitch_hybrid_prediction,/home/tchowdh4/sensor_recovery_project/logs/extracted_csv/baseline_05_mixed_maneuver_ATT.csv,/home/tchowdh4/sensor_recovery_project/prediction_results_v9_trained_hybrid/baseline_05_mixed_maneuver_ATT_trained_hybrid_prediction_outputs.csv
31.100055,baseline_05_mixed_maneuver,Pitch,ramp,0.058182000000000005,0,0.0987323299050331,0.0987323299050331,0.0988721288740635,-0.000139798969030408,0.000139798969030408,0.009697,0,4.0,0.008856162253922488,0,0,0,W30_N8_mean1x,30,8,1.0,1909,Pitch_hybrid_prediction,/home/tchowdh4/sensor_recovery_project/logs/extracted_csv/baseline_05_mixed_maneuver_ATT.csv,/home/tchowdh4/sensor_recovery_project/prediction_results_v9_trained_hybrid/baseline_05_mixed_maneuver_ATT_trained_hybrid_prediction_outputs.csv
31.200015,baseline_05_mixed_maneuver,Pitch,ramp,0.058182000000000005,0,0.0984025076031684,0.0984025076031684,0.0981551408767698,0.0002473667263986068,0.0002473667263986068,0.009697,0,3.0,0.006942801549610636,0,0,0,W30_N8_mean1x,30,8,1.0,1909,Pitch_hybrid_prediction,/home/tchowdh4/sensor_recovery_project/logs/extracted_csv/baseline_05_mixed_maneuver_ATT.csv,/home/tchowdh4/sensor_recovery_project/prediction_results_v9_trained_hybrid/baseline_05_mixed_maneuver_ATT_trained_hybrid_prediction_outputs.csv
31.299975,baseline_05_mixed_maneuver,Pitch,ramp,0.058182000000000005,0,0.0986485481262207,0.0986485481262207,0.0988330785185099,-0.00018453039228920332,0.00018453039228920332,0.009697,0,2.0,0.005067169939461407,0,0,0,W30_N8_mean1x,30,8,1.0,1909,Pitch_hybrid_prediction,/home/tchowdh4/sensor_recovery_project/logs/extracted_csv/baseline_05_mixed_maneuver_ATT.csv,/home/tchowdh4/sensor_recovery_project/prediction_results_v9_trained_hybrid/baseline_05_mixed_maneuver_ATT_trained_hybrid_prediction_outputs.csv
31.399935,baseline_05_mixed_maneuver,Pitch,ramp,0.058182000000000005,0,0.098446100950241,0.098446100950241,0.0982942655682562,0.00015183538198480784,0.00015183538198480784,0.009697,0,1.0,0.003153580514216439,0,0,0,W30_N8_mean1x,30,8,1.0,1909,Pitch_hybrid_prediction,/home/tchowdh4/sensor_recovery_project/logs/extracted_csv/baseline_05_mixed_maneuver_ATT.csv,/home/tchowdh4/sensor_recovery_project/prediction_results_v9_trained_hybrid/baseline_05_mixed_maneuver_ATT_trained_hybrid_prediction_outputs.csv
31.499895,baseline_05_mixed_maneuver,Pitch,ramp,0.058182000000000005,0,0.0986630022525787,0.0986630022525787,0.0988256782293319,-0.0001626759767532071,0.0001626759767532071,0.009697,0,0.0,0.0013724029064178592,0,0,0,W30_N8_mean1x,30,8,1.0,1909,Pitch_hybrid_prediction,/home/tchowdh4/sensor_recovery_project/logs/extracted_csv/baseline_05_mixed_maneuver_ATT.csv,/home/tchowdh4/sensor_recovery_project/prediction_results_v9_trained_hybrid/baseline_05_mixed_maneuver_ATT_trained_hybrid_prediction_outputs.csv
31.599855,baseline_05_mixed_maneuver,Pitch,ramp,0.058182000000000005,0,0.0985543131828308,0.0985543131828308,0.0984727963805198,8.151680231099911e-05,8.151680231099911e-05,0.009697,0,0.0,0.0012327091768384129,0,0,0,W30_N8_mean1x,30,8,1.0,1909,Pitch_hybrid_prediction,/home/tchowdh4/sensor_recovery_project/logs/extracted_csv/baseline_05_mixed_maneuver_ATT.csv,/home/tchowdh4/sensor_recovery_project/prediction_results_v9_trained_hybrid/baseline_05_mixed_maneuver_ATT_trained_hybrid_prediction_outputs.csv
31.699815,baseline_05_mixed_maneuver,Pitch,ramp,0.058182000000000005,0,0.0987537950277328,0.0987537950277328,0.0989034064114093,-0.00014961138367650118,0.00014961138367650118,0.009697,0,0.0,0.001186665147542966,0,0,0,W30_N8_mean1x,30,8,1.0,1909,Pitch_hybrid_prediction,/home/tchowdh4/sensor_recovery_project/logs/extracted_csv/baseline_05_mixed_maneuver_ATT.csv,/home/tchowdh4/sensor_recovery_project/prediction_results_v9_trained_hybrid/baseline_05_mixed_maneuver_ATT_trained_hybrid_prediction_outputs.csv
31.800608,baseline_05_mixed_maneuver,Pitch,ramp,0.058182000000000005,0,0.0986397787928581,0.0986397787928581,0.098554266616702,8.551217615609952e-05,8.551217615609952e-05,0.009697,0,0.0,0.0011232759803533725,0,0,0,W30_N8_mean1x,30,8,1.0,1909,Pitch_hybrid_prediction,/home/tchowdh4/sensor_recovery_project/logs/extracted_csv/baseline_05_mixed_maneuver_ATT.csv,/home/tchowdh4/sensor_recovery_project/prediction_results_v9_trained_hybrid/baseline_05_mixed_maneuver_ATT_trained_hybrid_prediction_outputs.csv
31.900568,baseline_05_mixed_maneuver,Pitch,ramp,0.058182000000000005,0,0.0987761616706848,0.0987761616706848,0.0988784488290548,-0.00010228715837000413,0.00010228715837000413,0.009697,0,0.0,0.0010669030249118958,0,0,0,W30_N8_mean1x,30,8,1.0,1909,Pitch_hybrid_prediction,/home/tchowdh4/sensor_recovery_project/logs/extracted_csv/baseline_05_mixed_maneuver_ATT.csv,/home/tchowdh4/sensor_recovery_project/prediction_results_v9_trained_hybrid/baseline_05_mixed_maneuver_ATT_trained_hybrid_prediction_outputs.csv
32.000528,baseline_05_mixed_maneuver,Pitch,ramp,0.058182000000000005,0,0.0985554829239845,0.0985554829239845,0.0983899738639592,0.00016550906002529842,0.00016550906002529842,0.009697,0,0.0,0.0009993288666010056,0,0,0,W30_N8_mean1x,30,8,1.0,1909,Pitch_hybrid_prediction,/home/tchowdh4/sensor_recovery_project/logs/extracted_csv/baseline_05_mixed_maneuver_ATT.csv,/home/tchowdh4/sensor_recovery_project/prediction_results_v9_trained_hybrid/baseline_05_mixed_maneuver_ATT_trained_hybrid_prediction_outputs.csv
32.100488,baseline_05_mixed_maneuver,Pitch,ramp,0.058182000000000005,0,0.0987557992339134,0.0987557992339134,0.09890603646636,-0.00015023723244660114,0.00015023723244660114,0.009697,0,0.0,0.0009613377973437452,0,0,0,W30_N8_mean1x,30,8,1.0,1909,Pitch_hybrid_prediction,/home/tchowdh4/sensor_recovery_project/logs/extracted_csv/baseline_05_mixed_maneuver_ATT.csv,/home/tchowdh4/sensor_recovery_project/prediction_results_v9_trained_hybrid/baseline_05_mixed_maneuver_ATT_trained_hybrid_prediction_outputs.csv
32.200448,baseline_05_mixed_maneuver,Pitch,ramp,0.058182000000000005,0,0.0985331684350967,0.0985331684350967,0.0983661953359841,0.00016697309911259395,0.00016697309911259395,0.009697,0,0.0,0.0009002611041069184,0,0,0,W30_N8_mean1x,30,8,1.0,1909,Pitch_hybrid_prediction,/home/tchowdh4/sensor_recovery_project/logs/extracted_csv/baseline_05_mixed_maneuver_ATT.csv,/home/tchowdh4/sensor_recovery_project/prediction_results_v9_trained_hybrid/baseline_05_mixed_maneuver_ATT_trained_hybrid_prediction_outputs.csv
32.300408,baseline_05_mixed_maneuver,Pitch,ramp,0.058182000000000005,0,0.0987584963440895,0.0987584963440895,0.0989274922758341,-0.00016899593174460326,0.00016899593174460326,0.009697,0,0.0,0.0008326990529894954,0,0,0,W30_N8_mean1x,30,8,1.0,1909,Pitch_hybrid_prediction,/home/tchowdh4/sensor_recovery_project/logs/extracted_csv/baseline_05_mixed_maneuver_ATT.csv,/home/tchowdh4/sensor_recovery_project/prediction_results_v9_trained_hybrid/baseline_05_mixed_maneuver_ATT_trained_hybrid_prediction_outputs.csv
32.400368,baseline_05_mixed_maneuver,Pitch,ramp,0.058182000000000005,0,0.0986791923642158,0.0986791923642158,0.0986197143793105,5.947798490529843e-05,5.947798490529843e-05,0.009697,0,0.0,0.0007930232211947585,0,0,0,W30_N8_mean1x,30,8,1.0,1909,Pitch_hybrid_prediction,/home/tchowdh4/sensor_recovery_project/logs/extracted_csv/baseline_05_mixed_maneuver_ATT.csv,/home/tchowdh4/sensor_recovery_project/prediction_results_v9_trained_hybrid/baseline_05_mixed_maneuver_ATT_trained_hybrid_prediction_outputs.csv
32.500328,baseline_05_mixed_maneuver,Pitch,ramp,0.058182000000000005,0,0.0990660712122917,0.0990660712122917,0.0993562303483486,-0.0002901591360569,0.0002901591360569,0.009697,0,0.0,0.0007696717977523952,0,0,0,W30_N8_mean1x,30,8,1.0,1909,Pitch_hybrid_prediction,/home/tchowdh4/sensor_recovery_project/logs/extracted_csv/baseline_05_mixed_maneuver_ATT.csv,/home/tchowdh4/sensor_recovery_project/prediction_results_v9_trained_hybrid/baseline_05_mixed_maneuver_ATT_trained_hybrid_prediction_outputs.csv
32.600288,baseline_05_mixed_maneuver,Pitch,ramp,0.058182000000000005,0,0.098972737789154,0.098972737789154,0.0989027377218007,7.000006735330411e-05,7.000006735330411e-05,0.009697,0,0.0,0.0006827838718891287,0,0,0,W30_N8_mean1x,30,8,1.0,1909,Pitch_hybrid_prediction,/home/tchowdh4/sensor_recovery_project/logs/extracted_csv/baseline_05_mixed_maneuver_ATT.csv,/home/tchowdh4/sensor_recovery_project/prediction_results_v9_trained_hybrid/baseline_05_mixed_maneuver_ATT_trained_hybrid_prediction_outputs.csv
32.700248,baseline_05_mixed_maneuver,Pitch,ramp,0.058182000000000005,0,0.0992681458592414,0.0992681458592414,0.0994897019118069,-0.00022155605256549138,0.00022155605256549138,0.009697,0,0.0,0.0005781039595604049,0,0,0,W30_N8_mean1x,30,8,1.0,1909,Pitch_hybrid_prediction,/home/tchowdh4/sensor_recovery_project/logs/extracted_csv/baseline_05_mixed_maneuver_ATT.csv,/home/tchowdh4/sensor_recovery_project/prediction_results_v9_trained_hybrid/baseline_05_mixed_maneuver_ATT_trained_hybrid_prediction_outputs.csv
32.800208,baseline_05_mixed_maneuver,Pitch,ramp,0.058182000000000005,0,0.0990786254405975,0.0990786254405975,0.0989364851266146,0.00014214031398290805,0.00014214031398290805,0.009697,0,0.0,0.0005522100254893386,0,0,0,W30_N8_mean1x,30,8,1.0,1909,Pitch_hybrid_prediction,/home/tchowdh4/sensor_recovery_project/logs/extracted_csv/baseline_05_mixed_maneuver_ATT.csv,/home/tchowdh4/sensor_recovery_project/prediction_results_v9_trained_hybrid/baseline_05_mixed_maneuver_ATT_trained_hybrid_prediction_outputs.csv
32.900168,baseline_05_mixed_maneuver,Pitch,ramp,0.058182000000000005,0,0.0989816933870315,0.0989816933870315,0.098908994346857,7.269904017449813e-05,7.269904017449813e-05,0.009697,0,0.0,0.0004725797101855352,0,0,0,W30_N8_mean1x,30,8,1.0,1909,Pitch_hybrid_prediction,/home/tchowdh4/sensor_recovery_project/logs/extracted_csv/baseline_05_mixed_maneuver_ATT.csv,/home/tchowdh4/sensor_recovery_project/prediction_results_v9_trained_hybrid/baseline_05_mixed_maneuver_ATT_trained_hybrid_prediction_outputs.csv
33.000128,baseline_05_mixed_maneuver,Pitch,ramp,0.058182000000000005,0,0.0986742749810218,0.0986742749810218,0.0984437111765145,0.0002305638045072972,0.0002305638045072972,0.009697,0,0.0,0.0004468178376555517,0,0,0,W30_N8_mean1x,30,8,1.0,1909,Pitch_hybrid_prediction,/home/tchowdh4/sensor_recovery_project/logs/extracted_csv/baseline_05_mixed_maneuver_ATT.csv,/home/tchowdh4/sensor_recovery_project/prediction_results_v9_trained_hybrid/baseline_05_mixed_maneuver_ATT_trained_hybrid_prediction_outputs.csv
33.100088,baseline_05_mixed_maneuver,Pitch,ramp,0.058182000000000005,0,0.0985862612724304,0.0985862612724304,0.0985202509909868,6.601028144360976e-05,6.601028144360976e-05,0.009697,0,0.0,0.00042946171015501857,0,0,0,W30_N8_mean1x,30,8,1.0,1909,Pitch_hybrid_prediction,/home/tchowdh4/sensor_recovery_project/logs/extracted_csv/baseline_05_mixed_maneuver_ATT.csv,/home/tchowdh4/sensor_recovery_project/prediction_results_v9_trained_hybrid/baseline_05_mixed_maneuver_ATT_trained_hybrid_prediction_outputs.csv
33.200048,baseline_05_mixed_maneuver,Pitch,ramp,0.058182000000000005,0,0.0983887836337089,0.0983887836337089,0.0982406754046677,0.0001481082290411967,0.0001481082290411967,0.009697,0,0.0,0.0004085607826709886,0,0,0,W30_N8_mean1x,30,8,1.0,1909,Pitch_hybrid_prediction,/home/tchowdh4/sensor_recovery_project/logs/extracted_csv/baseline_05_mixed_maneuver_ATT.csv,/home/tchowdh4/sensor_recovery_project/prediction_results_v9_trained_hybrid/baseline_05_mixed_maneuver_ATT_trained_hybrid_prediction_outputs.csv
33.300008,baseline_05_mixed_maneuver,Pitch,ramp,0.058182000000000005,0,0.0979656353592872,0.0979656353592872,0.0976482741534709,0.00031736120581631055,0.00031736120581631055,0.009697,0,0.0,0.0003960117697715889,0,0,0,W30_N8_mean1x,30,8,1.0,1909,Pitch_hybrid_prediction,/home/tchowdh4/sensor_recovery_project/logs/extracted_csv/baseline_05_mixed_maneuver_ATT.csv,/home/tchowdh4/sensor_recovery_project/prediction_results_v9_trained_hybrid/baseline_05_mixed_maneuver_ATT_trained_hybrid_prediction_outputs.csv
33.399968,baseline_05_mixed_maneuver,Pitch,ramp,0.058182000000000005,0,0.0976056382060051,0.0976056382060051,0.0973356403410435,0.0002699978649615964,0.0002699978649615964,0.009697,0,0.0,0.0002986997365951654,0,0,0,W30_N8_mean1x,30,8,1.0,1909,Pitch_hybrid_prediction,/home/tchowdh4/sensor_recovery_project/logs/extracted_csv/baseline_05_mixed_maneuver_ATT.csv,/home/tchowdh4/sensor_recovery_project/prediction_results_v9_trained_hybrid/baseline_05_mixed_maneuver_ATT_trained_hybrid_prediction_outputs.csv
33.499928,baseline_05_mixed_maneuver,Pitch,ramp,0.058182000000000005,0,0.0969744697213172,0.0969744697213172,0.0965010933578012,0.00047337636351599266,0.00047337636351599266,0.009697,0,0.0,0.0003096509724855617,0,0,0,W30_N8_mean1x,30,8,1.0,1909,Pitch_hybrid_prediction,/home/tchowdh4/sensor_recovery_project/logs/extracted_csv/baseline_05_mixed_maneuver_ATT.csv,/home/tchowdh4/sensor_recovery_project/prediction_results_v9_trained_hybrid/baseline_05_mixed_maneuver_ATT_trained_hybrid_prediction_outputs.csv
33.599888,baseline_05_mixed_maneuver,Pitch,ramp,0.058182000000000005,0,0.0962937548756599,0.0962937548756599,0.0957832187414169,0.0005105361342429976,0.0005105361342429976,0.009697,0,0.0,0.0002966931089759081,0,0,0,W30_N8_mean1x,30,8,1.0,1909,Pitch_hybrid_prediction,/home/tchowdh4/sensor_recovery_project/logs/extracted_csv/baseline_05_mixed_maneuver_ATT.csv,/home/tchowdh4/sensor_recovery_project/prediction_results_v9_trained_hybrid/baseline_05_mixed_maneuver_ATT_trained_hybrid_prediction_outputs.csv
33.699848,baseline_05_mixed_maneuver,Pitch,ramp,0.058182000000000005,0,0.095737837255001,0.095737837255001,0.0953208990395068,0.0004169382154941975,0.0004169382154941975,0.009697,0,0.0,0.00022311564534905116,0,0,0,W30_N8_mean1x,30,8,1.0,1909,Pitch_hybrid_prediction,/home/tchowdh4/sensor_recovery_project/logs/extracted_csv/baseline_05_mixed_maneuver_ATT.csv,/home/tchowdh4/sensor_recovery_project/prediction_results_v9_trained_hybrid/baseline_05_mixed_maneuver_ATT_trained_hybrid_prediction_outputs.csv
33.799808,baseline_05_mixed_maneuver,Pitch,ramp,0.058182000000000005,0,0.0950722023844719,0.0950722023844719,0.094572976231575,0.000499226152896895,0.000499226152896895,0.009697,0,0.0,0.0002085970714688574,0,0,0,W30_N8_mean1x,30,8,1.0,1909,Pitch_hybrid_prediction,/home/tchowdh4/sensor_recovery_project/logs/extracted_csv/baseline_05_mixed_maneuver_ATT.csv,/home/tchowdh4/sensor_recovery_project/prediction_results_v9_trained_hybrid/baseline_05_mixed_maneuver_ATT_trained_hybrid_prediction_outputs.csv
33.900601,baseline_05_mixed_maneuver,Pitch,ramp,0.058182000000000005,0,0.0945839285850524,0.0945839285850524,0.0942177232354877,0.0003662053495646911,0.0003662053495646911,0.009697,0,0.0,0.0002040116116404871,0,0,0,W30_N8_mean1x,30,8,1.0,1909,Pitch_hybrid_prediction,/home/tchowdh4/sensor_recovery_project/logs/extracted_csv/baseline_05_mixed_maneuver_ATT.csv,/home/tchowdh4/sensor_recovery_project/prediction_results_v9_trained_hybrid/baseline_05_mixed_maneuver_ATT_trained_hybrid_prediction_outputs.csv
34.000561,baseline_05_mixed_maneuver,Pitch,ramp,0.058182000000000005,0,0.0938400700688362,0.0938400700688362,0.093282176181674,0.0005578938871621947,0.0005578938871621947,0.009697,0,0.0,0.0002223033457994771,0,0,0,W30_N8_mean1x,30,8,1.0,1909,Pitch_hybrid_prediction,/home/tchowdh4/sensor_recovery_project/logs/extracted_csv/baseline_05_mixed_maneuver_ATT.csv,/home/tchowdh4/sensor_recovery_project/prediction_results_v9_trained_hybrid/baseline_05_mixed_maneuver_ATT_trained_hybrid_prediction_outputs.csv
34.100521,baseline_05_mixed_maneuver,Pitch,ramp,0.058182000000000005,0,0.0929913371801376,0.0929913371801376,0.0923547875136136,0.0006365496665240028,0.0006365496665240028,0.009697,0,0.0,0.00023886170238259692,0,0,0,W30_N8_mean1x,30,8,1.0,1909,Pitch_hybrid_prediction,/home/tchowdh4/sensor_recovery_project/logs/extracted_csv/baseline_05_mixed_maneuver_ATT.csv,/home/tchowdh4/sensor_recovery_project/prediction_results_v9_trained_hybrid/baseline_05_mixed_maneuver_ATT_trained_hybrid_prediction_outputs.csv
34.200481,baseline_05_mixed_maneuver,Pitch,ramp,0.058182000000000005,0,0.0924281626939773,0.0924281626939773,0.092005781829357,0.0004223808646203059,0.0004223808646203059,0.009697,0,0.0,0.0002446955069899869,0,0,0,W30_N8_mean1x,30,8,1.0,1909,Pitch_hybrid_prediction,/home/tchowdh4/sensor_recovery_project/logs/extracted_csv/baseline_05_mixed_maneuver_ATT.csv,/home/tchowdh4/sensor_recovery_project/prediction_results_v9_trained_hybrid/baseline_05_mixed_maneuver_ATT_trained_hybrid_prediction_outputs.csv
34.300441,baseline_05_mixed_maneuver,Pitch,ramp,0.058182000000000005,0,0.0918453633785247,0.0918453633785247,0.0914082638919352,0.00043709948658950115,0.00043709948658950115,0.009697,0,0.0,0.0002531144767999968,0,0,0,W30_N8_mean1x,30,8,1.0,1909,Pitch_hybrid_prediction,/home/tchowdh4/sensor_recovery_project/logs/extracted_csv/baseline_05_mixed_maneuver_ATT.csv,/home/tchowdh4/sensor_recovery_project/prediction_results_v9_trained_hybrid/baseline_05_mixed_maneuver_ATT_trained_hybrid_prediction_outputs.csv
34.400401,baseline_05_mixed_maneuver,Pitch,ramp,0.058182000000000005,0,0.0911202430725097,0.0911202430725097,0.0905764028429984,0.0005438402295113026,0.0005438402295113026,0.009697,0,0.0,0.00026618130505088,0,0,0,W30_N8_mean1x,30,8,1.0,1909,Pitch_hybrid_prediction,/home/tchowdh4/sensor_recovery_project/logs/extracted_csv/baseline_05_mixed_maneuver_ATT.csv,/home/tchowdh4/sensor_recovery_project/prediction_results_v9_trained_hybrid/baseline_05_mixed_maneuver_ATT_trained_hybrid_prediction_outputs.csv
34.500361,baseline_05_mixed_maneuver,Pitch,ramp,0.058182000000000005,0,0.0905167534947395,0.0905167534947395,0.0900641363114118,0.0004526171833277026,0.0004526171833277026,0.009697,0,0.0,0.0002758460119366965,0,0,0,W30_N8_mean1x,30,8,1.0,1909,Pitch_hybrid_prediction,/home/tchowdh4/sensor_recovery_project/logs/extracted_csv/baseline_05_mixed_maneuver_ATT.csv,/home/tchowdh4/sensor_recovery_project/prediction_results_v9_trained_hybrid/baseline_05_mixed_maneuver_ATT_trained_hybrid_prediction_outputs.csv
34.600321,baseline_05_mixed_maneuver,Pitch,ramp,0.058182000000000005,0,0.0896551758050918,0.0896551758050918,0.089008992537856,0.0006461832672357976,0.0006461832672357976,0.009697,0,0.0,0.0002946682274341898,0,0,0,W30_N8_mean1x,30,8,1.0,1909,Pitch_hybrid_prediction,/home/tchowdh4/sensor_recovery_project/logs/extracted_csv/baseline_05_mixed_maneuver_ATT.csv,/home/tchowdh4/sensor_recovery_project/prediction_results_v9_trained_hybrid/baseline_05_mixed_maneuver_ATT_trained_hybrid_prediction_outputs.csv
34.700281,baseline_05_mixed_maneuver,Pitch,ramp,0.058182000000000005,0,0.0891900658607482,0.0891900658607482,0.0888412334024904,0.00034883245825780007,0.00034883245825780007,0.009697,0,0.0,0.00030130892992023307,0,0,0,W30_N8_mean1x,30,8,1.0,1909,Pitch_hybrid_prediction,/home/tchowdh4/sensor_recovery_project/logs/extracted_csv/baseline_05_mixed_maneuver_ATT.csv,/home/tchowdh4/sensor_recovery_project/prediction_results_v9_trained_hybrid/baseline_05_mixed_maneuver_ATT_trained_hybrid_prediction_outputs.csv
34.800241,baseline_05_mixed_maneuver,Pitch,ramp,0.058182000000000005,0,0.0884841233491897,0.0884841233491897,0.0879546664655208,0.0005294568836688995,0.0005294568836688995,0.009697,0,0.0,0.00031610708683732643,0,0,0,W30_N8_mean1x,30,8,1.0,1909,Pitch_hybrid_prediction,/home/tchowdh4/sensor_recovery_project/logs/extracted_csv/baseline_05_mixed_maneuver_ATT.csv,/home/tchowdh4/sensor_recovery_project/prediction_results_v9_trained_hybrid/baseline_05_mixed_maneuver_ATT_trained_hybrid_prediction_outputs.csv
34.900201,baseline_05_mixed_maneuver,Pitch,ramp,0.058182000000000005,0,0.0880241766571998,0.0880241766571998,0.0876792166382073,0.0003449600189925073,0.0003449600189925073,0.009697,0,0.0,0.00032419618219140986,0,0,0,W30_N8_mean1x,30,8,1.0,1909,Pitch_hybrid_prediction,/home/tchowdh4/sensor_recovery_project/logs/extracted_csv/baseline_05_mixed_maneuver_ATT.csv,/home/tchowdh4/sensor_recovery_project/prediction_results_v9_trained_hybrid/baseline_05_mixed_maneuver_ATT_trained_hybrid_prediction_outputs.csv
35.000161,baseline_05_mixed_maneuver,Pitch,ramp,0.058182000000000005,0,0.0875750556588172,0.0875750556588172,0.0872382149100302,0.00033684074878699566,0.00033684074878699566,0.009697,0,0.0,0.0003299072384834664,0,0,0,W30_N8_mean1x,30,8,1.0,1909,Pitch_hybrid_prediction,/home/tchowdh4/sensor_recovery_project/logs/extracted_csv/baseline_05_mixed_maneuver_ATT.csv,/home/tchowdh4/sensor_recovery_project/prediction_results_v9_trained_hybrid/baseline_05_mixed_maneuver_ATT_trained_hybrid_prediction_outputs.csv
35.100121,baseline_05_mixed_maneuver,Pitch,ramp,0.058182000000000005,0,0.0871206596493721,0.0871206596493721,0.0867798626422882,0.0003407970070839067,0.0003407970070839067,0.009697,0,0.0,0.0003362592309713766,0,0,0,W30_N8_mean1x,30,8,1.0,1909,Pitch_hybrid_prediction,/home/tchowdh4/sensor_recovery_project/logs/extracted_csv/baseline_05_mixed_maneuver_ATT.csv,/home/tchowdh4/sensor_recovery_project/prediction_results_v9_trained_hybrid/baseline_05_mixed_maneuver_ATT_trained_hybrid_prediction_outputs.csv
35.200081,baseline_05_mixed_maneuver,Pitch,ramp,0.058182000000000005,0,0.0865764692425727,0.0865764692425727,0.0861683264374731,0.0004081428050995983,0.0004081428050995983,0.009697,0,0.0,0.0003442982211709434,0,0,0,W30_N8_mean1x,30,8,1.0,1909,Pitch_hybrid_prediction,/home/tchowdh4/sensor_recovery_project/logs/extracted_csv/baseline_05_mixed_maneuver_ATT.csv,/home/tchowdh4/sensor_recovery_project/prediction_results_v9_trained_hybrid/baseline_05_mixed_maneuver_ATT_trained_hybrid_prediction_outputs.csv
35.300041,baseline_05_mixed_maneuver,Pitch,ramp,0.058182000000000005,0,0.0865485817193985,0.0865485817193985,0.0865276660770178,2.091564238070054e-05,2.091564238070054e-05,0.009697,0,0.0,0.00033936221152548,0,0,0,W30_N8_mean1x,30,8,1.0,1909,Pitch_hybrid_prediction,/home/tchowdh4/sensor_recovery_project/logs/extracted_csv/baseline_05_mixed_maneuver_ATT.csv,/home/tchowdh4/sensor_recovery_project/prediction_results_v9_trained_hybrid/baseline_05_mixed_maneuver_ATT_trained_hybrid_prediction_outputs.csv
35.400001,baseline_05_mixed_maneuver,Pitch,ramp,0.058182000000000005,0,0.0858687087893486,0.0858687087893486,0.0853588040918111,0.0005099046975375054,0.0005099046975375054,0.009697,0,0.0,0.0003543764352798869,0,0,0,W30_N8_mean1x,30,8,1.0,1909,Pitch_hybrid_prediction,/home/tchowdh4/sensor_recovery_project/logs/extracted_csv/baseline_05_mixed_maneuver_ATT.csv,/home/tchowdh4/sensor_recovery_project/prediction_results_v9_trained_hybrid/baseline_05_mixed_maneuver_ATT_trained_hybrid_prediction_outputs.csv
35.499961,baseline_05_mixed_maneuver,Pitch,ramp,0.058182000000000005,0,0.0857900232076644,0.0857900232076644,0.0857310090214012,5.901418626320931e-05,5.901418626320931e-05,0.009697,0,0.0,0.0003466716036200972,0,0,0,W30_N8_mean1x,30,8,1.0,1909,Pitch_hybrid_prediction,/home/tchowdh4/sensor_recovery_project/logs/extracted_csv/baseline_05_mixed_maneuver_ATT.csv,/home/tchowdh4/sensor_recovery_project/prediction_results_v9_trained_hybrid/baseline_05_mixed_maneuver_ATT_trained_hybrid_prediction_outputs.csv
35.599921,baseline_05_mixed_maneuver,Pitch,ramp,0.058182000000000005,0,0.0855744332075119,0.0855744332075119,0.0854127407073975,0.00016169250011439928,0.00016169250011439928,0.009697,0,0.0,0.000349728018045467,0,0,0,W30_N8_mean1x,30,8,1.0,1909,Pitch_hybrid_prediction,/home/tchowdh4/sensor_recovery_project/logs/extracted_csv/baseline_05_mixed_maneuver_ATT.csv,/home/tchowdh4/sensor_recovery_project/prediction_results_v9_trained_hybrid/baseline_05_mixed_maneuver_ATT_trained_hybrid_prediction_outputs.csv
35.699881,baseline_05_mixed_maneuver,Pitch,ramp,0.058182000000000005,0,0.0855745747685432,0.0855745747685432,0.0855746809393166,-1.0617077339514225e-07,1.0617077339514225e-07,0.009697,0,0.0,0.0003423463553190638,0,0,0,W30_N8_mean1x,30,8,1.0,1909,Pitch_hybrid_prediction,/home/tchowdh4/sensor_recovery_project/logs/extracted_csv/baseline_05_mixed_maneuver_ATT.csv,/home/tchowdh4/sensor_recovery_project/prediction_results_v9_trained_hybrid/baseline_05_mixed_maneuver_ATT_trained_hybrid_prediction_outputs.csv
35.799841,baseline_05_mixed_maneuver,Pitch,ramp,0.058182000000000005,0,0.0852826684713363,0.0852826684713363,0.0850637387484311,0.00021892972290520063,0.00021892972290520063,0.009697,0,0.0,0.0003449060022831403,0,0,0,W30_N8_mean1x,30,8,1.0,1909,Pitch_hybrid_prediction,/home/tchowdh4/sensor_recovery_project/logs/extracted_csv/baseline_05_mixed_maneuver_ATT.csv,/home/tchowdh4/sensor_recovery_project/prediction_results_v9_trained_hybrid/baseline_05_mixed_maneuver_ATT_trained_hybrid_prediction_outputs.csv
35.899801,baseline_05_mixed_maneuver,Pitch,ramp,0.058182000000000005,0,0.0853657200932502,0.0853657200932502,0.0854280088096856,-6.22887164353908e-05,6.22887164353908e-05,0.009697,0,0.0,0.0003445589914918367,0,0,0,W30_N8_mean1x,30,8,1.0,1909,Pitch_hybrid_prediction,/home/tchowdh4/sensor_recovery_project/logs/extracted_csv/baseline_05_mixed_maneuver_ATT.csv,/home/tchowdh4/sensor_recovery_project/prediction_results_v9_trained_hybrid/baseline_05_mixed_maneuver_ATT_trained_hybrid_prediction_outputs.csv
36.000594,baseline_05_mixed_maneuver,Pitch,ramp,0.058182000000000005,0,0.0853448808193206,0.0853448808193206,0.0853292513638734,1.562945544719696e-05,1.562945544719696e-05,0.009697,0,0.0,0.0003373945131898333,0,0,0,W30_N8_mean1x,30,8,1.0,1909,Pitch_hybrid_prediction,/home/tchowdh4/sensor_recovery_project/logs/extracted_csv/baseline_05_mixed_maneuver_ATT.csv,/home/tchowdh4/sensor_recovery_project/prediction_results_v9_trained_hybrid/baseline_05_mixed_maneuver_ATT_trained_hybrid_prediction_outputs.csv
36.100554,baseline_05_mixed_maneuver,Pitch,ramp,0.058182000000000005,0,0.0852116346359252,0.0852116346359252,0.0851116999983786,9.993463754659482e-05,9.993463754659482e-05,0.009697,0,0.0,0.00033852532505993286,0,0,0,W30_N8_mean1x,30,8,1.0,1909,Pitch_hybrid_prediction,/home/tchowdh4/sensor_recovery_project/logs/extracted_csv/baseline_05_mixed_maneuver_ATT.csv,/home/tchowdh4/sensor_recovery_project/prediction_results_v9_trained_hybrid/baseline_05_mixed_maneuver_ATT_trained_hybrid_prediction_outputs.csv
36.200514,baseline_05_mixed_maneuver,Pitch,ramp,0.058182000000000005,0,0.0849323347210884,0.0849323347210884,0.0847228597849608,0.00020947493612759327,0.00020947493612759327,0.009697,0,0.0,0.00034057088196281273,0,0,0,W30_N8_mean1x,30,8,1.0,1909,Pitch_hybrid_prediction,/home/tchowdh4/sensor_recovery_project/logs/extracted_csv/baseline_05_mixed_maneuver_ATT.csv,/home/tchowdh4/sensor_recovery_project/prediction_results_v9_trained_hybrid/baseline_05_mixed_maneuver_ATT_trained_hybrid_prediction_outputs.csv
36.300474,baseline_05_mixed_maneuver,Pitch,ramp,0.058182000000000005,0,0.0850219801068306,0.0850219801068306,0.0850892141461372,-6.723403930659899e-05,6.723403930659899e-05,0.009697,0,0.0,0.00033223330974582234,0,0,0,W30_N8_mean1x,30,8,1.0,1909,Pitch_hybrid_prediction,/home/tchowdh4/sensor_recovery_project/logs/extracted_csv/baseline_05_mixed_maneuver_ATT.csv,/home/tchowdh4/sensor_recovery_project/prediction_results_v9_trained_hybrid/baseline_05_mixed_maneuver_ATT_trained_hybrid_prediction_outputs.csv
36.400434,baseline_05_mixed_maneuver,Pitch,ramp,0.058182000000000005,0,0.0849944055080413,0.0849944055080413,0.0849737245589493,2.0680949091994583e-05,2.0680949091994583e-05,0.009697,0,0.0,0.0003239227458835023,0,0,0,W30_N8_mean1x,30,8,1.0,1909,Pitch_hybrid_prediction,/home/tchowdh4/sensor_recovery_project/logs/extracted_csv/baseline_05_mixed_maneuver_ATT.csv,/home/tchowdh4/sensor_recovery_project/prediction_results_v9_trained_hybrid/baseline_05_mixed_maneuver_ATT_trained_hybrid_prediction_outputs.csv
36.500394,baseline_05_mixed_maneuver,Pitch,ramp,0.058182000000000005,0,0.0852447897195816,0.0852447897195816,0.0854325778782368,-0.00018778815865519438,0.00018778815865519438,0.009697,0,0.0,0.000314403139054809,0,0,0,W30_N8_mean1x,30,8,1.0,1909,Pitch_hybrid_prediction,/home/tchowdh4/sensor_recovery_project/logs/extracted_csv/baseline_05_mixed_maneuver_ATT.csv,/home/tchowdh4/sensor_recovery_project/prediction_results_v9_trained_hybrid/baseline_05_mixed_maneuver_ATT_trained_hybrid_prediction_outputs.csv
36.600354,baseline_05_mixed_maneuver,Pitch,ramp,0.058182000000000005,0,0.0854418724775314,0.0854418724775314,0.0855896845459937,-0.00014781206846228856,0.00014781206846228856,0.009697,0,0.0,0.0003023123368621187,0,0,0,W30_N8_mean1x,30,8,1.0,1909,Pitch_hybrid_prediction,/home/tchowdh4/sensor_recovery_project/logs/extracted_csv/baseline_05_mixed_maneuver_ATT.csv,/home/tchowdh4/sensor_recovery_project/prediction_results_v9_trained_hybrid/baseline_05_mixed_maneuver_ATT_trained_hybrid_prediction_outputs.csv
36.700314,baseline_05_mixed_maneuver,Pitch,ramp,0.058182000000000005,0,0.0855887830257415,0.0855887830257415,0.085698965936899,-0.00011018291115751089,0.00011018291115751089,0.009697,0,0.0,0.00029208716005089583,0,0,0,W30_N8_mean1x,30,8,1.0,1909,Pitch_hybrid_prediction,/home/tchowdh4/sensor_recovery_project/logs/extracted_csv/baseline_05_mixed_maneuver_ATT.csv,/home/tchowdh4/sensor_recovery_project/prediction_results_v9_trained_hybrid/baseline_05_mixed_maneuver_ATT_trained_hybrid_prediction_outputs.csv
36.800274,baseline_05_mixed_maneuver,Pitch,ramp,0.058182000000000005,0,0.085535429418087,0.085535429418087,0.0854954142123461,4.0015205740900894e-05,4.0015205740900894e-05,0.009697,0,0.0,0.00027678012847902935,0,0,0,W30_N8_mean1x,30,8,1.0,1909,Pitch_hybrid_prediction,/home/tchowdh4/sensor_recovery_project/logs/extracted_csv/baseline_05_mixed_maneuver_ATT.csv,/home/tchowdh4/sensor_recovery_project/prediction_results_v9_trained_hybrid/baseline_05_mixed_maneuver_ATT_trained_hybrid_prediction_outputs.csv
36.900234,baseline_05_mixed_maneuver,Pitch,ramp,0.058182000000000005,0,0.0857408791780471,0.0857408791780471,0.0858949664980171,-0.00015408731997000602,0.00015408731997000602,0.009697,0,0.0,0.00026970952749253986,0,0,0,W30_N8_mean1x,30,8,1.0,1909,Pitch_hybrid_prediction,/home/tchowdh4/sensor_recovery_project/logs/extracted_csv/baseline_05_mixed_maneuver_ATT.csv,/home/tchowdh4/sensor_recovery_project/prediction_results_v9_trained_hybrid/baseline_05_mixed_maneuver_ATT_trained_hybrid_prediction_outputs.csv
37.000194,baseline_05_mixed_maneuver,Pitch,ramp,0.058182000000000005,0,0.0859047695994377,0.0859047695994377,0.0860276874154806,-0.00012291781604290009,0.00012291781604290009,0.009697,0,0.0,0.0002552103251218967,0,0,0,W30_N8_mean1x,30,8,1.0,1909,Pitch_hybrid_prediction,/home/tchowdh4/sensor_recovery_project/logs/extracted_csv/baseline_05_mixed_maneuver_ATT.csv,/home/tchowdh4/sensor_recovery_project/prediction_results_v9_trained_hybrid/baseline_05_mixed_maneuver_ATT_trained_hybrid_prediction_outputs.csv
37.100154,baseline_05_mixed_maneuver,Pitch,ramp,0.058182000000000005,0,0.0863364711403846,0.0863364711403846,0.0866602472960947,-0.00032377615571009544,0.00032377615571009544,0.009697,0,0.0,0.0002447845414280998,0,0,0,W30_N8_mean1x,30,8,1.0,1909,Pitch_hybrid_prediction,/home/tchowdh4/sensor_recovery_project/logs/extracted_csv/baseline_05_mixed_maneuver_ATT.csv,/home/tchowdh4/sensor_recovery_project/prediction_results_v9_trained_hybrid/baseline_05_mixed_maneuver_ATT_trained_hybrid_prediction_outputs.csv
37.200114,baseline_05_mixed_maneuver,Pitch,ramp,0.058182000000000005,0,0.0866954624652862,0.0866954624652862,0.0869647059589624,-0.0002692434936761995,0.0002692434936761995,0.009697,0,0.0,0.00023967996239662956,0,0,0,W30_N8_mean1x,30,8,1.0,1909,Pitch_hybrid_prediction,/home/tchowdh4/sensor_recovery_project/logs/extracted_csv/baseline_05_mixed_maneuver_ATT.csv,/home/tchowdh4/sensor_recovery_project/prediction_results_v9_trained_hybrid/baseline_05_mixed_maneuver_ATT_trained_hybrid_prediction_outputs.csv
37.300074,baseline_05_mixed_maneuver,Pitch,ramp,0.058182000000000005,0,0.0870443359017372,0.0870443359017372,0.0873059909790754,-0.0002616550773382048,0.0002616550773382048,0.009697,0,0.0,0.00023383181542158636,0,0,0,W30_N8_mean1x,30,8,1.0,1909,Pitch_hybrid_prediction,/home/tchowdh4/sensor_recovery_project/logs/extracted_csv/baseline_05_mixed_maneuver_ATT.csv,/home/tchowdh4/sensor_recovery_project/prediction_results_v9_trained_hybrid/baseline_05_mixed_maneuver_ATT_trained_hybrid_prediction_outputs.csv
37.400034,baseline_05_mixed_maneuver,Pitch,ramp,0.058182000000000005,0,0.0871113091707229,0.0871113091707229,0.0871615391224621,-5.0229951739200196e-05,5.0229951739200196e-05,0.009697,0,0.0,0.0002173781394958496,0,0,0,W30_N8_mean1x,30,8,1.0,1909,Pitch_hybrid_prediction,/home/tchowdh4/sensor_recovery_project/logs/extracted_csv/baseline_05_mixed_maneuver_ATT.csv,/home/tchowdh4/sensor_recovery_project/prediction_results_v9_trained_hybrid/baseline_05_mixed_maneuver_ATT_trained_hybrid_prediction_outputs.csv
37.499994,baseline_05_mixed_maneuver,Pitch,ramp,0.058182000000000005,0,0.0873022079467773,0.0873022079467773,0.087445382028818,-0.00014317408204070348,0.00014317408204070348,0.009697,0,0.0,0.00020706336945294963,0,0,0,W30_N8_mean1x,30,8,1.0,1909,Pitch_hybrid_prediction,/home/tchowdh4/sensor_recovery_project/logs/extracted_csv/baseline_05_mixed_maneuver_ATT.csv,/home/tchowdh4/sensor_recovery_project/prediction_results_v9_trained_hybrid/baseline_05_mixed_maneuver_ATT_trained_hybrid_prediction_outputs.csv
37.599954,baseline_05_mixed_maneuver,Pitch,ramp,0.058182000000000005,0,0.0875747129321098,0.0875747129321098,0.0877790916711091,-0.00020437873899929737,0.00020437873899929737,0.009697,0,0.0,0.0001923365518450663,0,0,0,W30_N8_mean1x,30,8,1.0,1909,Pitch_hybrid_prediction,/home/tchowdh4/sensor_recovery_project/logs/extracted_csv/baseline_05_mixed_maneuver_ATT.csv,/home/tchowdh4/sensor_recovery_project/prediction_results_v9_trained_hybrid/baseline_05_mixed_maneuver_ATT_trained_hybrid_prediction_outputs.csv
37.699914,baseline_05_mixed_maneuver,Pitch,ramp,0.058182000000000005,0,0.0879585519433021,0.0879585519433021,0.0882464312016963,-0.0002878792583941997,0.0002878792583941997,0.009697,0,0.0,0.00019030477851627963,0,0,0,W30_N8_mean1x,30,8,1.0,1909,Pitch_hybrid_prediction,/home/tchowdh4/sensor_recovery_project/logs/extracted_csv/baseline_05_mixed_maneuver_ATT.csv,/home/tchowdh4/sensor_recovery_project/prediction_results_v9_trained_hybrid/baseline_05_mixed_maneuver_ATT_trained_hybrid_prediction_outputs.csv
37.799874,baseline_05_mixed_maneuver,Pitch,ramp,0.058182000000000005,0,0.0883471220731735,0.0883471220731735,0.088638549670577,-0.00029142759740349855,0.00029142759740349855,0.009697,0,0.0,0.00018237046897409958,0,0,0,W30_N8_mean1x,30,8,1.0,1909,Pitch_hybrid_prediction,/home/tchowdh4/sensor_recovery_project/logs/extracted_csv/baseline_05_mixed_maneuver_ATT.csv,/home/tchowdh4/sensor_recovery_project/prediction_results_v9_trained_hybrid/baseline_05_mixed_maneuver_ATT_trained_hybrid_prediction_outputs.csv
37.899834,baseline_05_mixed_maneuver,Pitch,ramp,0.058182000000000005,0,0.0883508175611496,0.0883508175611496,0.0883535891771316,-2.771615982000153e-06,2.771615982000153e-06,0.009697,0,0.0,0.00017096418887374936,0,0,0,W30_N8_mean1x,30,8,1.0,1909,Pitch_hybrid_prediction,/home/tchowdh4/sensor_recovery_project/logs/extracted_csv/baseline_05_mixed_maneuver_ATT.csv,/home/tchowdh4/sensor_recovery_project/prediction_results_v9_trained_hybrid/baseline_05_mixed_maneuver_ATT_trained_hybrid_prediction_outputs.csv
37.999794,baseline_05_mixed_maneuver,Pitch,ramp,0.058182000000000005,0,0.0885008424520492,0.0885008424520492,0.0886133611202239,-0.00011251866817470202,0.00011251866817470202,0.009697,0,0.0,0.0001634867861866729,0,0,0,W30_N8_mean1x,30,8,1.0,1909,Pitch_hybrid_prediction,/home/tchowdh4/sensor_recovery_project/logs/extracted_csv/baseline_05_mixed_maneuver_ATT.csv,/home/tchowdh4/sensor_recovery_project/prediction_results_v9_trained_hybrid/baseline_05_mixed_maneuver_ATT_trained_hybrid_prediction_outputs.csv
38.100587,baseline_05_mixed_maneuver,Pitch,ramp,0.058182000000000005,0,0.0888038799166679,0.0888038799166679,0.0890311580151319,-0.00022727809846399827,0.00022727809846399827,0.009697,0,0.0,0.00015970282256600927,0,0,0,W30_N8_mean1x,30,8,1.0,1909,Pitch_hybrid_prediction,/home/tchowdh4/sensor_recovery_project/logs/extracted_csv/baseline_05_mixed_maneuver_ATT.csv,/home/tchowdh4/sensor_recovery_project/prediction_results_v9_trained_hybrid/baseline_05_mixed_maneuver_ATT_trained_hybrid_prediction_outputs.csv
38.200547,baseline_05_mixed_maneuver,Pitch,ramp,0.058182000000000005,0,0.0890525728464126,0.0890525728464126,0.0892390925437211,-0.0001865196973084987,0.0001865196973084987,0.009697,0,0.0,0.0001523153856396393,0,0,0,W30_N8_mean1x,30,8,1.0,1909,Pitch_hybrid_prediction,/home/tchowdh4/sensor_recovery_project/logs/extracted_csv/baseline_05_mixed_maneuver_ATT.csv,/home/tchowdh4/sensor_recovery_project/prediction_results_v9_trained_hybrid/baseline_05_mixed_maneuver_ATT_trained_hybrid_prediction_outputs.csv
38.300507,baseline_05_mixed_maneuver,Pitch,ramp,0.058182000000000005,0,0.0892766937613487,0.0892766937613487,0.0894447844475507,-0.00016809068620200762,0.00016809068620200762,0.009697,0,0.0,0.00015722122043368287,0,0,0,W30_N8_mean1x,30,8,1.0,1909,Pitch_hybrid_prediction,/home/tchowdh4/sensor_recovery_project/logs/extracted_csv/baseline_05_mixed_maneuver_ATT.csv,/home/tchowdh4/sensor_recovery_project/prediction_results_v9_trained_hybrid/baseline_05_mixed_maneuver_ATT_trained_hybrid_prediction_outputs.csv
38.400467,baseline_05_mixed_maneuver,Pitch,ramp,0.058182000000000005,0,0.0895026698708534,0.0895026698708534,0.0896721519529819,-0.00016948208212849702,0.00016948208212849702,0.009697,0,0.0,0.00014587379992004926,0,0,0,W30_N8_mean1x,30,8,1.0,1909,Pitch_hybrid_prediction,/home/tchowdh4/sensor_recovery_project/logs/extracted_csv/baseline_05_mixed_maneuver_ATT.csv,/home/tchowdh4/sensor_recovery_project/prediction_results_v9_trained_hybrid/baseline_05_mixed_maneuver_ATT_trained_hybrid_prediction_outputs.csv
38.500427,baseline_05_mixed_maneuver,Pitch,ramp,0.058182000000000005,0,0.0897532403469085,0.0897532403469085,0.0899411682039498,-0.00018792785704130344,0.00018792785704130344,0.009697,0,0.0,0.00015017092227931906,0,0,0,W30_N8_mean1x,30,8,1.0,1909,Pitch_hybrid_prediction,/home/tchowdh4/sensor_recovery_project/logs/extracted_csv/baseline_05_mixed_maneuver_ATT.csv,/home/tchowdh4/sensor_recovery_project/prediction_results_v9_trained_hybrid/baseline_05_mixed_maneuver_ATT_trained_hybrid_prediction_outputs.csv
38.600387,baseline_05_mixed_maneuver,Pitch,ramp,0.058182000000000005,0,0.0899476632475853,0.0899476632475853,0.0900934804230929,-0.00014581717550760098,0.00014581717550760098,0.009697,0,0.0,0.00014964174479242578,0,0,0,W30_N8_mean1x,30,8,1.0,1909,Pitch_hybrid_prediction,/home/tchowdh4/sensor_recovery_project/logs/extracted_csv/baseline_05_mixed_maneuver_ATT.csv,/home/tchowdh4/sensor_recovery_project/prediction_results_v9_trained_hybrid/baseline_05_mixed_maneuver_ATT_trained_hybrid_prediction_outputs.csv
38.700347,baseline_05_mixed_maneuver,Pitch,ramp,0.058182000000000005,0,0.0900420770049095,0.0900420770049095,0.0901128873229026,-7.081031799309467e-05,7.081031799309467e-05,0.009697,0,0.0,0.0001519985496997491,0,0,0,W30_N8_mean1x,30,8,1.0,1909,Pitch_hybrid_prediction,/home/tchowdh4/sensor_recovery_project/logs/extracted_csv/baseline_05_mixed_maneuver_ATT.csv,/home/tchowdh4/sensor_recovery_project/prediction_results_v9_trained_hybrid/baseline_05_mixed_maneuver_ATT_trained_hybrid_prediction_outputs.csv
38.800307,baseline_05_mixed_maneuver,Pitch,ramp,0.058182000000000005,0,0.0903429239988327,0.0903429239988327,0.0905685592442751,-0.00022563524544239044,0.00022563524544239044,0.009697,0,0.0,0.0001522220671176554,0,0,0,W30_N8_mean1x,30,8,1.0,1909,Pitch_hybrid_prediction,/home/tchowdh4/sensor_recovery_project/logs/extracted_csv/baseline_05_mixed_maneuver_ATT.csv,/home/tchowdh4/sensor_recovery_project/prediction_results_v9_trained_hybrid/baseline_05_mixed_maneuver_ATT_trained_hybrid_prediction_outputs.csv
38.900267,baseline_05_mixed_maneuver,Pitch,ramp,0.058182000000000005,0,0.0905073881149292,0.0905073881149292,0.0906307362020015,-0.00012334808707230305,0.00012334808707230305,0.009697,0,0.0,0.00015425737947221917,0,0,0,W30_N8_mean1x,30,8,1.0,1909,Pitch_hybrid_prediction,/home/tchowdh4/sensor_recovery_project/logs/extracted_csv/baseline_05_mixed_maneuver_ATT.csv,/home/tchowdh4/sensor_recovery_project/prediction_results_v9_trained_hybrid/baseline_05_mixed_maneuver_ATT_trained_hybrid_prediction_outputs.csv
39.000227,baseline_05_mixed_maneuver,Pitch,ramp,0.058182000000000005,0,0.0907863825559616,0.0907863825559616,0.0909956283867358,-0.0002092458307742101,0.0002092458307742101,0.009697,0,0.0,0.00016071125864978625,0,0,0,W30_N8_mean1x,30,8,1.0,1909,Pitch_hybrid_prediction,/home/tchowdh4/sensor_recovery_project/logs/extracted_csv/baseline_05_mixed_maneuver_ATT.csv,/home/tchowdh4/sensor_recovery_project/prediction_results_v9_trained_hybrid/baseline_05_mixed_maneuver_ATT_trained_hybrid_prediction_outputs.csv
39.100187,baseline_05_mixed_maneuver,Pitch,ramp,0.058182000000000005,0,0.0910006165504455,0.0910006165504455,0.0911612920463084,-0.0001606754958629053,0.0001606754958629053,0.009697,0,0.0,0.00016273595392699662,0,0,0,W30_N8_mean1x,30,8,1.0,1909,Pitch_hybrid_prediction,/home/tchowdh4/sensor_recovery_project/logs/extracted_csv/baseline_05_mixed_maneuver_ATT.csv,/home/tchowdh4/sensor_recovery_project/prediction_results_v9_trained_hybrid/baseline_05_mixed_maneuver_ATT_trained_hybrid_prediction_outputs.csv
39.200147,baseline_05_mixed_maneuver,Pitch,ramp,0.058182000000000005,0,0.0913856551051139,0.0913856551051139,0.0916744340211151,-0.000288778916001195,0.000288778916001195,0.009697,0,0.0,0.00016537941992278334,0,0,0,W30_N8_mean1x,30,8,1.0,1909,Pitch_hybrid_prediction,/home/tchowdh4/sensor_recovery_project/logs/extracted_csv/baseline_05_mixed_maneuver_ATT.csv,/home/tchowdh4/sensor_recovery_project/prediction_results_v9_trained_hybrid/baseline_05_mixed_maneuver_ATT_trained_hybrid_prediction_outputs.csv
39.300107,baseline_05_mixed_maneuver,Pitch,ramp,0.058182000000000005,0,0.0916360691189765,0.0916360691189765,0.0918238796293734,-0.00018781051039690189,0.00018781051039690189,0.009697,0,0.0,0.00016939863562579345,0,0,0,W30_N8_mean1x,30,8,1.0,1909,Pitch_hybrid_prediction,/home/tchowdh4/sensor_recovery_project/logs/extracted_csv/baseline_05_mixed_maneuver_ATT.csv,/home/tchowdh4/sensor_recovery_project/prediction_results_v9_trained_hybrid/baseline_05_mixed_maneuver_ATT_trained_hybrid_prediction_outputs.csv
39.400067,baseline_05_mixed_maneuver,Pitch,ramp,0.058182000000000005,0,0.0920734107494354,0.0920734107494354,0.0924014169722795,-0.0003280062228440961,0.0003280062228440961,0.009697,0,0.0,0.00017964281141753016,0,0,0,W30_N8_mean1x,30,8,1.0,1909,Pitch_hybrid_prediction,/home/tchowdh4/sensor_recovery_project/logs/extracted_csv/baseline_05_mixed_maneuver_ATT.csv,/home/tchowdh4/sensor_recovery_project/prediction_results_v9_trained_hybrid/baseline_05_mixed_maneuver_ATT_trained_hybrid_prediction_outputs.csv
39.500027,baseline_05_mixed_maneuver,Pitch,ramp,0.058182000000000005,0,0.0922064706683158,0.0922064706683158,0.0923062656074761,-9.979493916029147e-05,9.979493916029147e-05,0.009697,0,0.0,0.00017670970410103338,0,0,0,W30_N8_mean1x,30,8,1.0,1909,Pitch_hybrid_prediction,/home/tchowdh4/sensor_recovery_project/logs/extracted_csv/baseline_05_mixed_maneuver_ATT.csv,/home/tchowdh4/sensor_recovery_project/prediction_results_v9_trained_hybrid/baseline_05_mixed_maneuver_ATT_trained_hybrid_prediction_outputs.csv
39.599987,baseline_05_mixed_maneuver,Pitch,ramp,0.058182000000000005,0,0.0924523249268531,0.0924523249268531,0.092636715620756,-0.00018439069390289997,0.00018439069390289997,0.009697,0,0.0,0.00017792899161572044,0,0,0,W30_N8_mean1x,30,8,1.0,1909,Pitch_hybrid_prediction,/home/tchowdh4/sensor_recovery_project/logs/extracted_csv/baseline_05_mixed_maneuver_ATT.csv,/home/tchowdh4/sensor_recovery_project/prediction_results_v9_trained_hybrid/baseline_05_mixed_maneuver_ATT_trained_hybrid_prediction_outputs.csv
39.699947,baseline_05_mixed_maneuver,Pitch,ramp,0.058182000000000005,0,0.0927356630563736,0.0927356630563736,0.0929481666535139,-0.00021250359714029832,0.00021250359714029832,0.009697,0,0.0,0.00018133968114848002,0,0,0,W30_N8_mean1x,30,8,1.0,1909,Pitch_hybrid_prediction,/home/tchowdh4/sensor_recovery_project/logs/extracted_csv/baseline_05_mixed_maneuver_ATT.csv,/home/tchowdh4/sensor_recovery_project/prediction_results_v9_trained_hybrid/baseline_05_mixed_maneuver_ATT_trained_hybrid_prediction_outputs.csv
39.799907,baseline_05_mixed_maneuver,Pitch,ramp,0.058182000000000005,0,0.0928808078169822,0.0928808078169822,0.0929896663874386,-0.0001088585704563938,0.0001088585704563938,0.009697,0,0.0,0.0001836344599723298,0,0,0,W30_N8_mean1x,30,8,1.0,1909,Pitch_hybrid_prediction,/home/tchowdh4/sensor_recovery_project/logs/extracted_csv/baseline_05_mixed_maneuver_ATT.csv,/home/tchowdh4/sensor_recovery_project/prediction_results_v9_trained_hybrid/baseline_05_mixed_maneuver_ATT_trained_hybrid_prediction_outputs.csv
39.899867,baseline_05_mixed_maneuver,Pitch,ramp,0.058182000000000005,0,0.0932554751634597,0.0932554751634597,0.0935364756733178,-0.00028100050985810365,0.00028100050985810365,0.009697,0,0.0,0.00018786489963526636,0,0,0,W30_N8_mean1x,30,8,1.0,1909,Pitch_hybrid_prediction,/home/tchowdh4/sensor_recovery_project/logs/extracted_csv/baseline_05_mixed_maneuver_ATT.csv,/home/tchowdh4/sensor_recovery_project/prediction_results_v9_trained_hybrid/baseline_05_mixed_maneuver_ATT_trained_hybrid_prediction_outputs.csv
39.999827,baseline_05_mixed_maneuver,Pitch,ramp,0.058182000000000005,0,0.0936769470572471,0.0936769470572471,0.0939930509775876,-0.0003161039203404964,0.0003161039203404964,0.009697,0,0.0,0.00019430443644518624,0,0,0,W30_N8_mean1x,30,8,1.0,1909,Pitch_hybrid_prediction,/home/tchowdh4/sensor_recovery_project/logs/extracted_csv/baseline_05_mixed_maneuver_ATT.csv,/home/tchowdh4/sensor_recovery_project/prediction_results_v9_trained_hybrid/baseline_05_mixed_maneuver_ATT_trained_hybrid_prediction_outputs.csv
40.10062,baseline_05_mixed_maneuver,Pitch,ramp,0.058182000000000005,0,0.094089888036251,0.094089888036251,0.0943995937705039,-0.00030970573425290193,0.00030970573425290193,0.009697,0,0.0,0.00019383542239661313,0,0,0,W30_N8_mean1x,30,8,1.0,1909,Pitch_hybrid_prediction,/home/tchowdh4/sensor_recovery_project/logs/extracted_csv/baseline_05_mixed_maneuver_ATT.csv,/home/tchowdh4/sensor_recovery_project/prediction_results_v9_trained_hybrid/baseline_05_mixed_maneuver_ATT_trained_hybrid_prediction_outputs.csv
40.20058,baseline_05_mixed_maneuver,Pitch,ramp,0.058182000000000005,0,0.0940763354301452,0.0940763354301452,0.0940661709755658,1.0164454579394966e-05,1.0164454579394966e-05,0.009697,0,0.0,0.00018519945442671966,0,0,0,W30_N8_mean1x,30,8,1.0,1909,Pitch_hybrid_prediction,/home/tchowdh4/sensor_recovery_project/logs/extracted_csv/baseline_05_mixed_maneuver_ATT.csv,/home/tchowdh4/sensor_recovery_project/prediction_results_v9_trained_hybrid/baseline_05_mixed_maneuver_ATT_trained_hybrid_prediction_outputs.csv
40.30054,baseline_05_mixed_maneuver,Pitch,ramp,0.058182000000000005,0,0.0942332968115806,0.0942332968115806,0.0943510178476571,-0.00011772103607650408,0.00011772103607650408,0.009697,0,0.0,0.00018040165305132963,0,0,0,W30_N8_mean1x,30,8,1.0,1909,Pitch_hybrid_prediction,/home/tchowdh4/sensor_recovery_project/logs/extracted_csv/baseline_05_mixed_maneuver_ATT.csv,/home/tchowdh4/sensor_recovery_project/prediction_results_v9_trained_hybrid/baseline_05_mixed_maneuver_ATT_trained_hybrid_prediction_outputs.csv
40.4005,baseline_05_mixed_maneuver,Pitch,ramp,0.058182000000000005,0,0.0944516658782959,0.0944516658782959,0.0946154426783323,-0.0001637768000364026,0.0001637768000364026,0.009697,0,0.0,0.0001841865479945697,0,0,0,W30_N8_mean1x,30,8,1.0,1909,Pitch_hybrid_prediction,/home/tchowdh4/sensor_recovery_project/logs/extracted_csv/baseline_05_mixed_maneuver_ATT.csv,/home/tchowdh4/sensor_recovery_project/prediction_results_v9_trained_hybrid/baseline_05_mixed_maneuver_ATT_trained_hybrid_prediction_outputs.csv
40.50046,baseline_05_mixed_maneuver,Pitch,ramp,0.058182000000000005,0,0.0947055742144584,0.0947055742144584,0.0948960054665802,-0.00019043125212180045,0.00019043125212180045,0.009697,0,0.0,0.00018576178699727293,0,0,0,W30_N8_mean1x,30,8,1.0,1909,Pitch_hybrid_prediction,/home/tchowdh4/sensor_recovery_project/logs/extracted_csv/baseline_05_mixed_maneuver_ATT.csv,/home/tchowdh4/sensor_recovery_project/prediction_results_v9_trained_hybrid/baseline_05_mixed_maneuver_ATT_trained_hybrid_prediction_outputs.csv
40.60042,baseline_05_mixed_maneuver,Pitch,ramp,0.058182000000000005,0,0.0948704183101654,0.0948704183101654,0.0949940513819456,-0.0001236330717801909,0.0001236330717801909,0.009697,0,0.0,0.00018307026475663604,0,0,0,W30_N8_mean1x,30,8,1.0,1909,Pitch_hybrid_prediction,/home/tchowdh4/sensor_recovery_project/logs/extracted_csv/baseline_05_mixed_maneuver_ATT.csv,/home/tchowdh4/sensor_recovery_project/prediction_results_v9_trained_hybrid/baseline_05_mixed_maneuver_ATT_trained_hybrid_prediction_outputs.csv
40.70038,baseline_05_mixed_maneuver,Pitch,ramp,0.058182000000000005,0,0.0951017364859581,0.0951017364859581,0.0952752251178026,-0.0001734886318445067,0.0001734886318445067,0.009697,0,0.0,0.0001792572438716463,0,0,0,W30_N8_mean1x,30,8,1.0,1909,Pitch_hybrid_prediction,/home/tchowdh4/sensor_recovery_project/logs/extracted_csv/baseline_05_mixed_maneuver_ATT.csv,/home/tchowdh4/sensor_recovery_project/prediction_results_v9_trained_hybrid/baseline_05_mixed_maneuver_ATT_trained_hybrid_prediction_outputs.csv
40.80034,baseline_05_mixed_maneuver,Pitch,ramp,0.058182000000000005,0,0.0952279418706893,0.0952279418706893,0.0953225959092377,-9.465403854840015e-05,9.465403854840015e-05,0.009697,0,0.0,0.000172698125243143,0,0,0,W30_N8_mean1x,30,8,1.0,1909,Pitch_hybrid_prediction,/home/tchowdh4/sensor_recovery_project/logs/extracted_csv/baseline_05_mixed_maneuver_ATT.csv,/home/tchowdh4/sensor_recovery_project/prediction_results_v9_trained_hybrid/baseline_05_mixed_maneuver_ATT_trained_hybrid_prediction_outputs.csv
40.9003,baseline_05_mixed_maneuver,Pitch,ramp,0.058182000000000005,0,0.0953825712203979,0.0953825712203979,0.0954985432326793,-0.00011597201228140397,0.00011597201228140397,0.009697,0,0.0,0.00017647147178645646,0,0,0,W30_N8_mean1x,30,8,1.0,1909,Pitch_hybrid_prediction,/home/tchowdh4/sensor_recovery_project/logs/extracted_csv/baseline_05_mixed_maneuver_ATT.csv,/home/tchowdh4/sensor_recovery_project/prediction_results_v9_trained_hybrid/baseline_05_mixed_maneuver_ATT_trained_hybrid_prediction_outputs.csv
41.00026,baseline_05_mixed_maneuver,Pitch,ramp,0.058182000000000005,0,0.0954027697443962,0.0954027697443962,0.0954179186373949,-1.5148892998709251e-05,1.5148892998709251e-05,0.009697,0,0.0,0.00017322581261392339,0,0,0,W30_N8_mean1x,30,8,1.0,1909,Pitch_hybrid_prediction,/home/tchowdh4/sensor_recovery_project/logs/extracted_csv/baseline_05_mixed_maneuver_ATT.csv,/home/tchowdh4/sensor_recovery_project/prediction_results_v9_trained_hybrid/baseline_05_mixed_maneuver_ATT_trained_hybrid_prediction_outputs.csv
41.10022,baseline_05_mixed_maneuver,Pitch,ramp,0.058182000000000005,0,0.0955815389752388,0.0955815389752388,0.0957156158983707,-0.00013407692313190112,0.00013407692313190112,0.009697,0,0.0,0.00017011910676952013,0,0,0,W30_N8_mean1x,30,8,1.0,1909,Pitch_hybrid_prediction,/home/tchowdh4/sensor_recovery_project/logs/extracted_csv/baseline_05_mixed_maneuver_ATT.csv,/home/tchowdh4/sensor_recovery_project/prediction_results_v9_trained_hybrid/baseline_05_mixed_maneuver_ATT_trained_hybrid_prediction_outputs.csv
41.20018,baseline_05_mixed_maneuver,Pitch,ramp,0.058182000000000005,0,0.0956949815154075,0.0956949815154075,0.095780063420534,-8.508190512648839e-05,8.508190512648839e-05,0.009697,0,0.0,0.0001667378470301198,0,0,0,W30_N8_mean1x,30,8,1.0,1909,Pitch_hybrid_prediction,/home/tchowdh4/sensor_recovery_project/logs/extracted_csv/baseline_05_mixed_maneuver_ATT.csv,/home/tchowdh4/sensor_recovery_project/prediction_results_v9_trained_hybrid/baseline_05_mixed_maneuver_ATT_trained_hybrid_prediction_outputs.csv
41.30014,baseline_05_mixed_maneuver,Pitch,ramp,0.058182000000000005,0,0.095756284892559,0.095756284892559,0.0958022624254226,-4.5977532863603066e-05,4.5977532863603066e-05,0.009697,0,0.0,0.0001626674085855063,0,0,0,W30_N8_mean1x,30,8,1.0,1909,Pitch_hybrid_prediction,/home/tchowdh4/sensor_recovery_project/logs/extracted_csv/baseline_05_mixed_maneuver_ATT.csv,/home/tchowdh4/sensor_recovery_project/prediction_results_v9_trained_hybrid/baseline_05_mixed_maneuver_ATT_trained_hybrid_prediction_outputs.csv
41.4001,baseline_05_mixed_maneuver,Pitch,ramp,0.058182000000000005,0,0.0959618613123893,0.0959618613123893,0.096116043627262,-0.00015418231487270007,0.00015418231487270007,0.009697,0,0.0,0.0001621574163436464,0,0,0,W30_N8_mean1x,30,8,1.0,1909,Pitch_hybrid_prediction,/home/tchowdh4/sensor_recovery_project/logs/extracted_csv/baseline_05_mixed_maneuver_ATT.csv,/home/tchowdh4/sensor_recovery_project/prediction_results_v9_trained_hybrid/baseline_05_mixed_maneuver_ATT_trained_hybrid_prediction_outputs.csv
41.50006,baseline_05_mixed_maneuver,Pitch,ramp,0.058182000000000005,0,0.0960806757211685,0.0960806757211685,0.0961697865277529,-8.911080658439985e-05,8.911080658439985e-05,0.009697,0,0.0,0.00015886351466174963,0,0,0,W30_N8_mean1x,30,8,1.0,1909,Pitch_hybrid_prediction,/home/tchowdh4/sensor_recovery_project/logs/extracted_csv/baseline_05_mixed_maneuver_ATT.csv,/home/tchowdh4/sensor_recovery_project/prediction_results_v9_trained_hybrid/baseline_05_mixed_maneuver_ATT_trained_hybrid_prediction_outputs.csv
41.60002,baseline_05_mixed_maneuver,Pitch,ramp,0.058182000000000005,0,0.0960059985518455,0.0960059985518455,0.0959499906748532,5.6007876992295036e-05,5.6007876992295036e-05,0.009697,0,0.0,0.00015586987137790608,0,0,0,W30_N8_mean1x,30,8,1.0,1909,Pitch_hybrid_prediction,/home/tchowdh4/sensor_recovery_project/logs/extracted_csv/baseline_05_mixed_maneuver_ATT.csv,/home/tchowdh4/sensor_recovery_project/prediction_results_v9_trained_hybrid/baseline_05_mixed_maneuver_ATT_trained_hybrid_prediction_outputs.csv
41.69998,baseline_05_mixed_maneuver,Pitch,ramp,0.058182000000000005,0,0.096185527741909,0.096185527741909,0.0963201746344566,-0.00013464689254760742,0.00013464689254760742,0.009697,0,0.0,0.00015799775719638984,0,0,0,W30_N8_mean1x,30,8,1.0,1909,Pitch_hybrid_prediction,/home/tchowdh4/sensor_recovery_project/logs/extracted_csv/baseline_05_mixed_maneuver_ATT.csv,/home/tchowdh4/sensor_recovery_project/prediction_results_v9_trained_hybrid/baseline_05_mixed_maneuver_ATT_trained_hybrid_prediction_outputs.csv
41.79994,baseline_05_mixed_maneuver,Pitch,ramp,0.058182000000000005,0,0.0962911173701286,0.0962911173701286,0.0963703095912933,-7.919222116468949e-05,7.919222116468949e-05,0.009697,0,0.0,0.00015311632305379982,0,0,0,W30_N8_mean1x,30,8,1.0,1909,Pitch_hybrid_prediction,/home/tchowdh4/sensor_recovery_project/logs/extracted_csv/baseline_05_mixed_maneuver_ATT.csv,/home/tchowdh4/sensor_recovery_project/prediction_results_v9_trained_hybrid/baseline_05_mixed_maneuver_ATT_trained_hybrid_prediction_outputs.csv
41.8999,baseline_05_mixed_maneuver,Pitch,ramp,0.058182000000000005,0,0.0966555178165435,0.0966555178165435,0.0969288181513546,-0.0002733003348110996,0.0002733003348110996,0.009697,0,0.0,0.0001581147313117597,0,0,0,W30_N8_mean1x,30,8,1.0,1909,Pitch_hybrid_prediction,/home/tchowdh4/sensor_recovery_project/logs/extracted_csv/baseline_05_mixed_maneuver_ATT.csv,/home/tchowdh4/sensor_recovery_project/prediction_results_v9_trained_hybrid/baseline_05_mixed_maneuver_ATT_trained_hybrid_prediction_outputs.csv
41.99986,baseline_05_mixed_maneuver,Pitch,ramp,0.058182000000000005,0,0.09654151648283,0.09654151648283,0.0964560154825448,8.550100028520413e-05,8.550100028520413e-05,0.009697,0,0.0,0.00015398990362879282,0,0,0,W30_N8_mean1x,30,8,1.0,1909,Pitch_hybrid_prediction,/home/tchowdh4/sensor_recovery_project/logs/extracted_csv/baseline_05_mixed_maneuver_ATT.csv,/home/tchowdh4/sensor_recovery_project/prediction_results_v9_trained_hybrid/baseline_05_mixed_maneuver_ATT_trained_hybrid_prediction_outputs.csv
42.09982,baseline_05_mixed_maneuver,Pitch,ramp,0.058182000000000005,0,0.0965176224708557,0.0965176224708557,0.0964997019618749,1.792050898079267e-05,1.792050898079267e-05,0.009697,0,0.0,0.00014923140406605576,0,0,0,W30_N8_mean1x,30,8,1.0,1909,Pitch_hybrid_prediction,/home/tchowdh4/sensor_recovery_project/logs/extracted_csv/baseline_05_mixed_maneuver_ATT.csv,/home/tchowdh4/sensor_recovery_project/prediction_results_v9_trained_hybrid/baseline_05_mixed_maneuver_ATT_trained_hybrid_prediction_outputs.csv
42.200613,baseline_05_mixed_maneuver,Pitch,ramp,0.058182000000000005,0,0.0965479090809822,0.0965479090809822,0.096570624038577,-2.2714957594802132e-05,2.2714957594802132e-05,0.009697,0,0.0,0.00014036260545250933,0,0,0,W30_N8_mean1x,30,8,1.0,1909,Pitch_hybrid_prediction,/home/tchowdh4/sensor_recovery_project/logs/extracted_csv/baseline_05_mixed_maneuver_ATT.csv,/home/tchowdh4/sensor_recovery_project/prediction_results_v9_trained_hybrid/baseline_05_mixed_maneuver_ATT_trained_hybrid_prediction_outputs.csv
42.300573,baseline_05_mixed_maneuver,Pitch,ramp,0.058182000000000005,0,0.096429131925106,0.096429131925106,0.0963400490581988,8.908286690718914e-05,8.908286690718914e-05,0.009697,0,0.0,0.00013707168400285222,0,0,0,W30_N8_mean1x,30,8,1.0,1909,Pitch_hybrid_prediction,/home/tchowdh4/sensor_recovery_project/logs/extracted_csv/baseline_05_mixed_maneuver_ATT.csv,/home/tchowdh4/sensor_recovery_project/prediction_results_v9_trained_hybrid/baseline_05_mixed_maneuver_ATT_trained_hybrid_prediction_outputs.csv
42.400533,baseline_05_mixed_maneuver,Pitch,ramp,0.058182000000000005,0,0.0962576121091842,0.0962576121091842,0.0961289722472428,0.0001286398619413931,0.0001286398619413931,0.009697,0,0.0,0.0001304261386394288,0,0,0,W30_N8_mean1x,30,8,1.0,1909,Pitch_hybrid_prediction,/home/tchowdh4/sensor_recovery_project/logs/extracted_csv/baseline_05_mixed_maneuver_ATT.csv,/home/tchowdh4/sensor_recovery_project/prediction_results_v9_trained_hybrid/baseline_05_mixed_maneuver_ATT_trained_hybrid_prediction_outputs.csv
42.500493,baseline_05_mixed_maneuver,Pitch,ramp,0.058182000000000005,0,0.0962865203619003,0.0962865203619003,0.0963082015514373,-2.168118953699283e-05,2.168118953699283e-05,0.009697,0,0.0,0.00012782234698531885,0,0,0,W30_N8_mean1x,30,8,1.0,1909,Pitch_hybrid_prediction,/home/tchowdh4/sensor_recovery_project/logs/extracted_csv/baseline_05_mixed_maneuver_ATT.csv,/home/tchowdh4/sensor_recovery_project/prediction_results_v9_trained_hybrid/baseline_05_mixed_maneuver_ATT_trained_hybrid_prediction_outputs.csv
42.600453,baseline_05_mixed_maneuver,Pitch,ramp,0.058182000000000005,0,0.0962446853518486,0.0962446853518486,0.0962133090943098,3.137625753879547e-05,3.137625753879547e-05,0.009697,0,0.0,0.00012272186577318202,0,0,0,W30_N8_mean1x,30,8,1.0,1909,Pitch_hybrid_prediction,/home/tchowdh4/sensor_recovery_project/logs/extracted_csv/baseline_05_mixed_maneuver_ATT.csv,/home/tchowdh4/sensor_recovery_project/prediction_results_v9_trained_hybrid/baseline_05_mixed_maneuver_ATT_trained_hybrid_prediction_outputs.csv
42.700413,baseline_05_mixed_maneuver,Pitch,ramp,0.058182000000000005,0,0.0961970761418342,0.0961970761418342,0.0961613692343234,3.570690751079908e-05,3.570690751079908e-05,0.009697,0,0.0,0.00011682864278553205,0,0,0,W30_N8_mean1x,30,8,1.0,1909,Pitch_hybrid_prediction,/home/tchowdh4/sensor_recovery_project/logs/extracted_csv/baseline_05_mixed_maneuver_ATT.csv,/home/tchowdh4/sensor_recovery_project/prediction_results_v9_trained_hybrid/baseline_05_mixed_maneuver_ATT_trained_hybrid_prediction_outputs.csv
42.800373,baseline_05_mixed_maneuver,Pitch,ramp,0.058182000000000005,0,0.0961483269929885,0.0961483269929885,0.0961117651313542,3.656186163430997e-05,3.656186163430997e-05,0.009697,0,0.0,0.00011441875249146259,0,0,0,W30_N8_mean1x,30,8,1.0,1909,Pitch_hybrid_prediction,/home/tchowdh4/sensor_recovery_project/logs/extracted_csv/baseline_05_mixed_maneuver_ATT.csv,/home/tchowdh4/sensor_recovery_project/prediction_results_v9_trained_hybrid/baseline_05_mixed_maneuver_ATT_trained_hybrid_prediction_outputs.csv
42.900333,baseline_05_mixed_maneuver,Pitch,ramp,0.058182000000000005,0,0.0961469560861587,0.0961469560861587,0.0961459279060363,1.0281801224032439e-06,1.0281801224032439e-06,0.009697,0,0.0,0.00010508634150027258,0,0,0,W30_N8_mean1x,30,8,1.0,1909,Pitch_hybrid_prediction,/home/tchowdh4/sensor_recovery_project/logs/extracted_csv/baseline_05_mixed_maneuver_ATT.csv,/home/tchowdh4/sensor_recovery_project/prediction_results_v9_trained_hybrid/baseline_05_mixed_maneuver_ATT_trained_hybrid_prediction_outputs.csv
43.000293,baseline_05_mixed_maneuver,Pitch,ramp,0.058182000000000005,0,0.0963423103094101,0.0963423103094101,0.0964888259768486,-0.00014651566743850708,0.00014651566743850708,0.009697,0,0.0,9.943339973687292e-05,0,0,0,W30_N8_mean1x,30,8,1.0,1909,Pitch_hybrid_prediction,/home/tchowdh4/sensor_recovery_project/logs/extracted_csv/baseline_05_mixed_maneuver_ATT.csv,/home/tchowdh4/sensor_recovery_project/prediction_results_v9_trained_hybrid/baseline_05_mixed_maneuver_ATT_trained_hybrid_prediction_outputs.csv
43.100253,baseline_05_mixed_maneuver,Pitch,ramp,0.058182000000000005,0,0.0961990803480148,0.0961990803480148,0.0960916578769683,0.00010742247104650327,0.00010742247104650327,0.009697,0,0.0,9.269062429665964e-05,0,0,0,W30_N8_mean1x,30,8,1.0,1909,Pitch_hybrid_prediction,/home/tchowdh4/sensor_recovery_project/logs/extracted_csv/baseline_05_mixed_maneuver_ATT.csv,/home/tchowdh4/sensor_recovery_project/prediction_results_v9_trained_hybrid/baseline_05_mixed_maneuver_ATT_trained_hybrid_prediction_outputs.csv
43.200213,baseline_05_mixed_maneuver,Pitch,ramp,0.058182000000000005,0,0.0961538404226303,0.0961538404226303,0.0961199104785919,3.392994403839111e-05,3.392994403839111e-05,0.009697,0,0.0,9.348280727862617e-05,0,0,0,W30_N8_mean1x,30,8,1.0,1909,Pitch_hybrid_prediction,/home/tchowdh4/sensor_recovery_project/logs/extracted_csv/baseline_05_mixed_maneuver_ATT.csv,/home/tchowdh4/sensor_recovery_project/prediction_results_v9_trained_hybrid/baseline_05_mixed_maneuver_ATT_trained_hybrid_prediction_outputs.csv
43.300173,baseline_05_mixed_maneuver,Pitch,ramp,0.058182000000000005,0,0.0961444452404975,0.0961444452404975,0.0961373988538979,7.046386599610099e-06,7.046386599610099e-06,0.009697,0,0.0,8.979365229606304e-05,0,0,0,W30_N8_mean1x,30,8,1.0,1909,Pitch_hybrid_prediction,/home/tchowdh4/sensor_recovery_project/logs/extracted_csv/baseline_05_mixed_maneuver_ATT.csv,/home/tchowdh4/sensor_recovery_project/prediction_results_v9_trained_hybrid/baseline_05_mixed_maneuver_ATT_trained_hybrid_prediction_outputs.csv
43.400133,baseline_05_mixed_maneuver,Pitch,ramp,0.058182000000000005,0,0.0958987176418304,0.0958987176418304,0.09571442194283,0.00018429569900040021,0.00018429569900040021,0.009697,0,0.0,9.047761559486296e-05,0,0,0,W30_N8_mean1x,30,8,1.0,1909,Pitch_hybrid_prediction,/home/tchowdh4/sensor_recovery_project/logs/extracted_csv/baseline_05_mixed_maneuver_ATT.csv,/home/tchowdh4/sensor_recovery_project/prediction_results_v9_trained_hybrid/baseline_05_mixed_maneuver_ATT_trained_hybrid_prediction_outputs.csv
43.500093,baseline_05_mixed_maneuver,Pitch,ramp,0.058182000000000005,0,0.095692329108715,0.095692329108715,0.0955375377088784,0.00015479139983659573,0.00015479139983659573,0.009697,0,0.0,8.928962051868947e-05,0,0,0,W30_N8_mean1x,30,8,1.0,1909,Pitch_hybrid_prediction,/home/tchowdh4/sensor_recovery_project/logs/extracted_csv/baseline_05_mixed_maneuver_ATT.csv,/home/tchowdh4/sensor_recovery_project/prediction_results_v9_trained_hybrid/baseline_05_mixed_maneuver_ATT_trained_hybrid_prediction_outputs.csv
43.600053,baseline_05_mixed_maneuver,Pitch,ramp,0.058182000000000005,0,0.0954048410058021,0.0954048410058021,0.0951892249286174,0.00021561607718470488,0.00021561607718470488,0.009697,0,0.0,9.235572069883994e-05,0,0,0,W30_N8_mean1x,30,8,1.0,1909,Pitch_hybrid_prediction,/home/tchowdh4/sensor_recovery_project/logs/extracted_csv/baseline_05_mixed_maneuver_ATT.csv,/home/tchowdh4/sensor_recovery_project/prediction_results_v9_trained_hybrid/baseline_05_mixed_maneuver_ATT_trained_hybrid_prediction_outputs.csv
43.700013,baseline_05_mixed_maneuver,Pitch,ramp,0.058182000000000005,0,0.0954166203737258,0.0954166203737258,0.0954254548996685,-8.834525942705285e-06,8.834525942705285e-06,0.009697,0,0.0,8.686725050211323e-05,0,0,0,W30_N8_mean1x,30,8,1.0,1909,Pitch_hybrid_prediction,/home/tchowdh4/sensor_recovery_project/logs/extracted_csv/baseline_05_mixed_maneuver_ATT.csv,/home/tchowdh4/sensor_recovery_project/prediction_results_v9_trained_hybrid/baseline_05_mixed_maneuver_ATT_trained_hybrid_prediction_outputs.csv
43.799973,baseline_05_mixed_maneuver,Pitch,ramp,0.058182000000000005,0,0.0952624529600143,0.0952624529600143,0.0951468273997306,0.00011562556028370252,0.00011562556028370252,0.009697,0,0.0,8.756630122662331e-05,0,0,0,W30_N8_mean1x,30,8,1.0,1909,Pitch_hybrid_prediction,/home/tchowdh4/sensor_recovery_project/logs/extracted_csv/baseline_05_mixed_maneuver_ATT.csv,/home/tchowdh4/sensor_recovery_project/prediction_results_v9_trained_hybrid/baseline_05_mixed_maneuver_ATT_trained_hybrid_prediction_outputs.csv
43.899933,baseline_05_mixed_maneuver,Pitch,ramp,0.058182000000000005,0,0.0954396501183509,0.0954396501183509,0.0955725479871033,-0.0001328978687523963,0.0001328978687523963,0.009697,0,0.0,8.813049644232305e-05,0,0,0,W30_N8_mean1x,30,8,1.0,1909,Pitch_hybrid_prediction,/home/tchowdh4/sensor_recovery_project/logs/extracted_csv/baseline_05_mixed_maneuver_ATT.csv,/home/tchowdh4/sensor_recovery_project/prediction_results_v9_trained_hybrid/baseline_05_mixed_maneuver_ATT_trained_hybrid_prediction_outputs.csv
43.999893,baseline_05_mixed_maneuver,Pitch,ramp,0.058182000000000005,0,0.0953707545995712,0.0953707545995712,0.0953190829604864,5.16716390848021e-05,5.16716390848021e-05,0.009697,0,0.0,8.934792131185948e-05,0,0,0,W30_N8_mean1x,30,8,1.0,1909,Pitch_hybrid_prediction,/home/tchowdh4/sensor_recovery_project/logs/extracted_csv/baseline_05_mixed_maneuver_ATT.csv,/home/tchowdh4/sensor_recovery_project/prediction_results_v9_trained_hybrid/baseline_05_mixed_maneuver_ATT_trained_hybrid_prediction_outputs.csv
44.099853,baseline_05_mixed_maneuver,Pitch,ramp,0.058182000000000005,0,0.0952244400978088,0.0952244400978088,0.0951147042214869,0.00010973587632188975,0.00010973587632188975,0.009697,0,0.0,8.85365530848591e-05,0,0,0,W30_N8_mean1x,30,8,1.0,1909,Pitch_hybrid_prediction,/home/tchowdh4/sensor_recovery_project/logs/extracted_csv/baseline_05_mixed_maneuver_ATT.csv,/home/tchowdh4/sensor_recovery_project/prediction_results_v9_trained_hybrid/baseline_05_mixed_maneuver_ATT_trained_hybrid_prediction_outputs.csv
44.199813,baseline_05_mixed_maneuver,Pitch,ramp,0.058182000000000005,0,0.0949603840708732,0.0949603840708732,0.0947623420506715,0.0001980420202017108,0.0001980420202017108,0.009697,0,0.0,9.230189025403318e-05,0,0,0,W30_N8_mean1x,30,8,1.0,1909,Pitch_hybrid_prediction,/home/tchowdh4/sensor_recovery_project/logs/extracted_csv/baseline_05_mixed_maneuver_ATT.csv,/home/tchowdh4/sensor_recovery_project/prediction_results_v9_trained_hybrid/baseline_05_mixed_maneuver_ATT_trained_hybrid_prediction_outputs.csv
44.300606,baseline_05_mixed_maneuver,Pitch,ramp,0.058182000000000005,0,0.094735749065876,0.094735749065876,0.0945672728121281,0.00016847625374789843,0.00016847625374789843,0.009697,0,0.0,9.638518095017636e-05,0,0,0,W30_N8_mean1x,30,8,1.0,1909,Pitch_hybrid_prediction,/home/tchowdh4/sensor_recovery_project/logs/extracted_csv/baseline_05_mixed_maneuver_ATT.csv,/home/tchowdh4/sensor_recovery_project/prediction_results_v9_trained_hybrid/baseline_05_mixed_maneuver_ATT_trained_hybrid_prediction_outputs.csv
44.400566,baseline_05_mixed_maneuver,Pitch,ramp,0.058182000000000005,0,0.094621904194355,0.094621904194355,0.0945365205407142,8.538365364080258e-05,8.538365364080258e-05,0.009697,0,0.0,9.409189224244645e-05,0,0,0,W30_N8_mean1x,30,8,1.0,1909,Pitch_hybrid_prediction,/home/tchowdh4/sensor_recovery_project/logs/extracted_csv/baseline_05_mixed_maneuver_ATT.csv,/home/tchowdh4/sensor_recovery_project/prediction_results_v9_trained_hybrid/baseline_05_mixed_maneuver_ATT_trained_hybrid_prediction_outputs.csv
44.500526,baseline_05_mixed_maneuver,Pitch,ramp,0.058182000000000005,0,0.0941422656178474,0.0941422656178474,0.0937825366854667,0.000359728932380704,0.000359728932380704,0.009697,0,0.0,0.00010311249643565658,0,0,0,W30_N8_mean1x,30,8,1.0,1909,Pitch_hybrid_prediction,/home/tchowdh4/sensor_recovery_project/logs/extracted_csv/baseline_05_mixed_maneuver_ATT.csv,/home/tchowdh4/sensor_recovery_project/prediction_results_v9_trained_hybrid/baseline_05_mixed_maneuver_ATT_trained_hybrid_prediction_outputs.csv
44.600486,baseline_05_mixed_maneuver,Pitch,ramp,0.058182000000000005,0,0.0939754620194435,0.0939754620194435,0.0938503593206405,0.0001251026988030035,0.0001251026988030035,0.009697,0,0.0,0.0001054156571626802,0,0,0,W30_N8_mean1x,30,8,1.0,1909,Pitch_hybrid_prediction,/home/tchowdh4/sensor_recovery_project/logs/extracted_csv/baseline_05_mixed_maneuver_ATT.csv,/home/tchowdh4/sensor_recovery_project/prediction_results_v9_trained_hybrid/baseline_05_mixed_maneuver_ATT_trained_hybrid_prediction_outputs.csv
44.700446,baseline_05_mixed_maneuver,Pitch,ramp,0.058182000000000005,0,0.0937670320272445,0.0937670320272445,0.0936107095330952,0.0001563224941493052,0.0001563224941493052,0.009697,0,0.0,0.00010613817721607013,0,0,0,W30_N8_mean1x,30,8,1.0,1909,Pitch_hybrid_prediction,/home/tchowdh4/sensor_recovery_project/logs/extracted_csv/baseline_05_mixed_maneuver_ATT.csv,/home/tchowdh4/sensor_recovery_project/prediction_results_v9_trained_hybrid/baseline_05_mixed_maneuver_ATT_trained_hybrid_prediction_outputs.csv
44.800406,baseline_05_mixed_maneuver,Pitch,ramp,0.058182000000000005,0,0.0934615954756736,0.0934615954756736,0.0932325180619954,0.00022907741367821088,0.00022907741367821088,0.009697,0,0.0,0.00011113435029985417,0,0,0,W30_N8_mean1x,30,8,1.0,1909,Pitch_hybrid_prediction,/home/tchowdh4/sensor_recovery_project/logs/extracted_csv/baseline_05_mixed_maneuver_ATT.csv,/home/tchowdh4/sensor_recovery_project/prediction_results_v9_trained_hybrid/baseline_05_mixed_maneuver_ATT_trained_hybrid_prediction_outputs.csv
44.900366,baseline_05_mixed_maneuver,Pitch,ramp,0.058182000000000005,0,0.0932651460170745,0.0932651460170745,0.0931178089231251,0.0001473370939494012,0.0001473370939494012,0.009697,0,0.0,0.00010693557560446423,0,0,0,W30_N8_mean1x,30,8,1.0,1909,Pitch_hybrid_prediction,/home/tchowdh4/sensor_recovery_project/logs/extracted_csv/baseline_05_mixed_maneuver_ATT.csv,/home/tchowdh4/sensor_recovery_project/prediction_results_v9_trained_hybrid/baseline_05_mixed_maneuver_ATT_trained_hybrid_prediction_outputs.csv
45.000326,baseline_05_mixed_maneuver,Pitch,ramp,0.058182000000000005,0,0.0930242836475372,0.0930242836475372,0.0928436368703842,0.00018064677715300126,0.00018064677715300126,0.009697,0,0.0,0.00011010710150005746,0,0,0,W30_N8_mean1x,30,8,1.0,1909,Pitch_hybrid_prediction,/home/tchowdh4/sensor_recovery_project/logs/extracted_csv/baseline_05_mixed_maneuver_ATT.csv,/home/tchowdh4/sensor_recovery_project/prediction_results_v9_trained_hybrid/baseline_05_mixed_maneuver_ATT_trained_hybrid_prediction_outputs.csv
45.100286,baseline_05_mixed_maneuver,Pitch,ramp,0.058182000000000005,0,0.0926833376288414,0.0926833376288414,0.0924276281148195,0.00025570951402190123,0.00025570951402190123,0.009697,0,0.0,0.00011803340166809441,0,0,0,W30_N8_mean1x,30,8,1.0,1909,Pitch_hybrid_prediction,/home/tchowdh4/sensor_recovery_project/logs/extracted_csv/baseline_05_mixed_maneuver_ATT.csv,/home/tchowdh4/sensor_recovery_project/prediction_results_v9_trained_hybrid/baseline_05_mixed_maneuver_ATT_trained_hybrid_prediction_outputs.csv
45.200246,baseline_05_mixed_maneuver,Pitch,ramp,0.058182000000000005,0,0.0920615494251251,0.0920615494251251,0.0915952082723378,0.0004663411527872918,0.0004663411527872918,0.009697,0,0.0,0.00013282094150784406,0,0,0,W30_N8_mean1x,30,8,1.0,1909,Pitch_hybrid_prediction,/home/tchowdh4/sensor_recovery_project/logs/extracted_csv/baseline_05_mixed_maneuver_ATT.csv,/home/tchowdh4/sensor_recovery_project/prediction_results_v9_trained_hybrid/baseline_05_mixed_maneuver_ATT_trained_hybrid_prediction_outputs.csv
45.300206,baseline_05_mixed_maneuver,Pitch,ramp,0.058182000000000005,0,0.0917618572711944,0.0917618572711944,0.0915370881557463,0.00022476911544810907,0.00022476911544810907,0.009697,0,0.0,0.00013734381645920808,0,0,0,W30_N8_mean1x,30,8,1.0,1909,Pitch_hybrid_prediction,/home/tchowdh4/sensor_recovery_project/logs/extracted_csv/baseline_05_mixed_maneuver_ATT.csv,/home/tchowdh4/sensor_recovery_project/prediction_results_v9_trained_hybrid/baseline_05_mixed_maneuver_ATT_trained_hybrid_prediction_outputs.csv
45.400166,baseline_05_mixed_maneuver,Pitch,ramp,0.058182000000000005,0,0.0912417247891426,0.0912417247891426,0.0908516254276037,0.0003900993615389009,0.0003900993615389009,0.009697,0,0.0,0.00014605913311245832,0,0,0,W30_N8_mean1x,30,8,1.0,1909,Pitch_hybrid_prediction,/home/tchowdh4/sensor_recovery_project/logs/extracted_csv/baseline_05_mixed_maneuver_ATT.csv,/home/tchowdh4/sensor_recovery_project/prediction_results_v9_trained_hybrid/baseline_05_mixed_maneuver_ATT_trained_hybrid_prediction_outputs.csv
45.500126,baseline_05_mixed_maneuver,Pitch,ramp,0.058182000000000005,0,0.0904856920242309,0.0904856920242309,0.0899186674505471,0.0005670245736838081,0.0005670245736838081,0.009697,0,0.0,0.00016423724591735218,0,0,0,W30_N8_mean1x,30,8,1.0,1909,Pitch_hybrid_prediction,/home/tchowdh4/sensor_recovery_project/logs/extracted_csv/baseline_05_mixed_maneuver_ATT.csv,/home/tchowdh4/sensor_recovery_project/prediction_results_v9_trained_hybrid/baseline_05_mixed_maneuver_ATT_trained_hybrid_prediction_outputs.csv
45.600086,baseline_05_mixed_maneuver,Pitch,ramp,0.058182000000000005,0,0.0899888277053833,0.0899888277053833,0.0896161794662476,0.00037264823913570055,0.00037264823913570055,0.009697,0,0.0,0.000175612978637249,0,0,0,W30_N8_mean1x,30,8,1.0,1909,Pitch_hybrid_prediction,/home/tchowdh4/sensor_recovery_project/logs/extracted_csv/baseline_05_mixed_maneuver_ATT.csv,/home/tchowdh4/sensor_recovery_project/prediction_results_v9_trained_hybrid/baseline_05_mixed_maneuver_ATT_trained_hybrid_prediction_outputs.csv
45.700046,baseline_05_mixed_maneuver,Pitch,ramp,0.058182000000000005,0,0.089576169848442,0.089576169848442,0.089266676455736,0.0003094933927060006,0.0003094933927060006,0.009697,0,0.0,0.00018473919481042239,0,0,0,W30_N8_mean1x,30,8,1.0,1909,Pitch_hybrid_prediction,/home/tchowdh4/sensor_recovery_project/logs/extracted_csv/baseline_05_mixed_maneuver_ATT.csv,/home/tchowdh4/sensor_recovery_project/prediction_results_v9_trained_hybrid/baseline_05_mixed_maneuver_ATT_trained_hybrid_prediction_outputs.csv
45.800006,baseline_05_mixed_maneuver,Pitch,ramp,0.058182000000000005,0,0.089140735566616,0.089140735566616,0.0888141598552465,0.0003265757113695006,0.0003265757113695006,0.009697,0,0.0,0.00019440632313492875,0,0,0,W30_N8_mean1x,30,8,1.0,1909,Pitch_hybrid_prediction,/home/tchowdh4/sensor_recovery_project/logs/extracted_csv/baseline_05_mixed_maneuver_ATT.csv,/home/tchowdh4/sensor_recovery_project/prediction_results_v9_trained_hybrid/baseline_05_mixed_maneuver_ATT_trained_hybrid_prediction_outputs.csv
45.899966,baseline_05_mixed_maneuver,Pitch,ramp,0.058182000000000005,0,0.0884863883256912,0.0884863883256912,0.0879956278949976,0.0004907604306935986,0.0004907604306935986,0.009697,0,0.0,0.00021073073148730192,0,0,0,W30_N8_mean1x,30,8,1.0,1909,Pitch_hybrid_prediction,/home/tchowdh4/sensor_recovery_project/logs/extracted_csv/baseline_05_mixed_maneuver_ATT.csv,/home/tchowdh4/sensor_recovery_project/prediction_results_v9_trained_hybrid/baseline_05_mixed_maneuver_ATT_trained_hybrid_prediction_outputs.csv
45.999926,baseline_05_mixed_maneuver,Pitch,ramp,0.058182000000000005,0,0.0879202932119369,0.0879202932119369,0.0874957218766211,0.0004245713353158015,0.0004245713353158015,0.009697,0,0.0,0.00021999925374987841,0,0,0,W30_N8_mean1x,30,8,1.0,1909,Pitch_hybrid_prediction,/home/tchowdh4/sensor_recovery_project/logs/extracted_csv/baseline_05_mixed_maneuver_ATT.csv,/home/tchowdh4/sensor_recovery_project/prediction_results_v9_trained_hybrid/baseline_05_mixed_maneuver_ATT_trained_hybrid_prediction_outputs.csv
46.099886,baseline_05_mixed_maneuver,Pitch,ramp,0.058182000000000005,0,0.0874992534518241,0.0874992534518241,0.0871834736317395,0.0003157798200845996,0.0003157798200845996,0.009697,0,0.0,0.00022694449871781496,0,0,0,W30_N8_mean1x,30,8,1.0,1909,Pitch_hybrid_prediction,/home/tchowdh4/sensor_recovery_project/logs/extracted_csv/baseline_05_mixed_maneuver_ATT.csv,/home/tchowdh4/sensor_recovery_project/prediction_results_v9_trained_hybrid/baseline_05_mixed_maneuver_ATT_trained_hybrid_prediction_outputs.csv
46.199846,baseline_05_mixed_maneuver,Pitch,ramp,0.058182000000000005,0,0.0870441794395446,0.0870441794395446,0.0867028739303349,0.0003413055092096884,0.0003413055092096884,0.009697,0,0.0,0.00023719035089019152,0,0,0,W30_N8_mean1x,30,8,1.0,1909,Pitch_hybrid_prediction,/home/tchowdh4/sensor_recovery_project/logs/extracted_csv/baseline_05_mixed_maneuver_ATT.csv,/home/tchowdh4/sensor_recovery_project/prediction_results_v9_trained_hybrid/baseline_05_mixed_maneuver_ATT_trained_hybrid_prediction_outputs.csv
46.299806,baseline_05_mixed_maneuver,Pitch,ramp,0.058182000000000005,0,0.0865585803985595,0.0865585803985595,0.0861943811178206,0.00036419928073889996,0.00036419928073889996,0.009697,0,0.0,0.0002490954473615012,0,0,0,W30_N8_mean1x,30,8,1.0,1909,Pitch_hybrid_prediction,/home/tchowdh4/sensor_recovery_project/logs/extracted_csv/baseline_05_mixed_maneuver_ATT.csv,/home/tchowdh4/sensor_recovery_project/prediction_results_v9_trained_hybrid/baseline_05_mixed_maneuver_ATT_trained_hybrid_prediction_outputs.csv
46.400599,baseline_05_mixed_maneuver,Pitch,ramp,0.058182000000000005,0,0.0857264846563339,0.0857264846563339,0.0851024128496646,0.0006240718066692907,0.0006240718066692907,0.009697,0,0.0,0.0002637546509504642,0,0,0,W30_N8_mean1x,30,8,1.0,1909,Pitch_hybrid_prediction,/home/tchowdh4/sensor_recovery_project/logs/extracted_csv/baseline_05_mixed_maneuver_ATT.csv,/home/tchowdh4/sensor_recovery_project/prediction_results_v9_trained_hybrid/baseline_05_mixed_maneuver_ATT_trained_hybrid_prediction_outputs.csv
46.500559,baseline_05_mixed_maneuver,Pitch,ramp,0.058182000000000005,0,0.0850919038057327,0.0850919038057327,0.0846159681677818,0.0004759356379508972,0.0004759356379508972,0.009697,0,0.0,0.0002744594588876076,0,0,0,W30_N8_mean1x,30,8,1.0,1909,Pitch_hybrid_prediction,/home/tchowdh4/sensor_recovery_project/logs/extracted_csv/baseline_05_mixed_maneuver_ATT.csv,/home/tchowdh4/sensor_recovery_project/prediction_results_v9_trained_hybrid/baseline_05_mixed_maneuver_ATT_trained_hybrid_prediction_outputs.csv
46.600519,baseline_05_mixed_maneuver,Pitch,ramp,0.058182000000000005,0,0.0845416411757469,0.0845416411757469,0.0841289442032575,0.00041269697248939863,0.00041269697248939863,0.009697,0,0.0,0.0002810288220644307,0,0,0,W30_N8_mean1x,30,8,1.0,1909,Pitch_hybrid_prediction,/home/tchowdh4/sensor_recovery_project/logs/extracted_csv/baseline_05_mixed_maneuver_ATT.csv,/home/tchowdh4/sensor_recovery_project/prediction_results_v9_trained_hybrid/baseline_05_mixed_maneuver_ATT_trained_hybrid_prediction_outputs.csv
46.700479,baseline_05_mixed_maneuver,Pitch,ramp,0.058182000000000005,0,0.0839108377695083,0.0839108377695083,0.0834377352148293,0.0004731025546790002,0.0004731025546790002,0.009697,0,0.0,0.0002965044230223072,0,0,0,W30_N8_mean1x,30,8,1.0,1909,Pitch_hybrid_prediction,/home/tchowdh4/sensor_recovery_project/logs/extracted_csv/baseline_05_mixed_maneuver_ATT.csv,/home/tchowdh4/sensor_recovery_project/prediction_results_v9_trained_hybrid/baseline_05_mixed_maneuver_ATT_trained_hybrid_prediction_outputs.csv
46.800439,baseline_05_mixed_maneuver,Pitch,ramp,0.058182000000000005,0,0.0834280177950859,0.0834280177950859,0.083065902814269,0.00036211498081689664,0.00036211498081689664,0.009697,0,0.0,0.00030472073704008036,0,0,0,W30_N8_mean1x,30,8,1.0,1909,Pitch_hybrid_prediction,/home/tchowdh4/sensor_recovery_project/logs/extracted_csv/baseline_05_mixed_maneuver_ATT.csv,/home/tchowdh4/sensor_recovery_project/prediction_results_v9_trained_hybrid/baseline_05_mixed_maneuver_ATT_trained_hybrid_prediction_outputs.csv
46.900399,baseline_05_mixed_maneuver,Pitch,ramp,0.058182000000000005,0,0.0828591734170913,0.0828591734170913,0.0824325401335953,0.00042663328349600016,0.00042663328349600016,0.009697,0,0.0,0.00031451191753153383,0,0,0,W30_N8_mean1x,30,8,1.0,1909,Pitch_hybrid_prediction,/home/tchowdh4/sensor_recovery_project/logs/extracted_csv/baseline_05_mixed_maneuver_ATT.csv,/home/tchowdh4/sensor_recovery_project/prediction_results_v9_trained_hybrid/baseline_05_mixed_maneuver_ATT_trained_hybrid_prediction_outputs.csv
47.000359,baseline_05_mixed_maneuver,Pitch,ramp,0.058182000000000005,0,0.0823896452784538,0.0823896452784538,0.0820374991744756,0.0003521461039781987,0.0003521461039781987,0.009697,0,0.0,0.00032452773302798035,0,0,0,W30_N8_mean1x,30,8,1.0,1909,Pitch_hybrid_prediction,/home/tchowdh4/sensor_recovery_project/logs/extracted_csv/baseline_05_mixed_maneuver_ATT.csv,/home/tchowdh4/sensor_recovery_project/prediction_results_v9_trained_hybrid/baseline_05_mixed_maneuver_ATT_trained_hybrid_prediction_outputs.csv
47.100319,baseline_05_mixed_maneuver,Pitch,ramp,0.058182000000000005,0,0.0816869437694549,0.0816869437694549,0.0811599176377057,0.0005270261317491948,0.0005270261317491948,0.009697,0,0.0,0.00033843740820889054,0,0,0,W30_N8_mean1x,30,8,1.0,1909,Pitch_hybrid_prediction,/home/tchowdh4/sensor_recovery_project/logs/extracted_csv/baseline_05_mixed_maneuver_ATT.csv,/home/tchowdh4/sensor_recovery_project/prediction_results_v9_trained_hybrid/baseline_05_mixed_maneuver_ATT_trained_hybrid_prediction_outputs.csv
47.200279,baseline_05_mixed_maneuver,Pitch,ramp,0.058182000000000005,0,0.0809875354170799,0.0809875354170799,0.0804629791527986,0.0005245562642813006,0.0005245562642813006,0.009697,0,0.0,0.00034932121634487684,0,0,0,W30_N8_mean1x,30,8,1.0,1909,Pitch_hybrid_prediction,/home/tchowdh4/sensor_recovery_project/logs/extracted_csv/baseline_05_mixed_maneuver_ATT.csv,/home/tchowdh4/sensor_recovery_project/prediction_results_v9_trained_hybrid/baseline_05_mixed_maneuver_ATT_trained_hybrid_prediction_outputs.csv
47.300239,baseline_05_mixed_maneuver,Pitch,ramp,0.058182000000000005,0,0.0802049785852432,0.0802049785852432,0.0796180609613656,0.0005869176238775947,0.0005869176238775947,0.009697,0,0.0,0.00036326926201586673,0,0,0,W30_N8_mean1x,30,8,1.0,1909,Pitch_hybrid_prediction,/home/tchowdh4/sensor_recovery_project/logs/extracted_csv/baseline_05_mixed_maneuver_ATT.csv,/home/tchowdh4/sensor_recovery_project/prediction_results_v9_trained_hybrid/baseline_05_mixed_maneuver_ATT_trained_hybrid_prediction_outputs.csv
47.400199,baseline_05_mixed_maneuver,Pitch,ramp,0.058182000000000005,0,0.0796475559473037,0.0796475559473037,0.079229488968849,0.00041806697845470087,0.00041806697845470087,0.009697,0,0.0,0.00037435870617633,0,0,0,W30_N8_mean1x,30,8,1.0,1909,Pitch_hybrid_prediction,/home/tchowdh4/sensor_recovery_project/logs/extracted_csv/baseline_05_mixed_maneuver_ATT.csv,/home/tchowdh4/sensor_recovery_project/prediction_results_v9_trained_hybrid/baseline_05_mixed_maneuver_ATT_trained_hybrid_prediction_outputs.csv
47.500159,baseline_05_mixed_maneuver,Pitch,ramp,0.058182000000000005,0,0.0792101100087165,0.0792101100087165,0.0788820255547761,0.0003280844539404054,0.0003280844539404054,0.009697,0,0.0,0.00037330389022832006,0,0,0,W30_N8_mean1x,30,8,1.0,1909,Pitch_hybrid_prediction,/home/tchowdh4/sensor_recovery_project/logs/extracted_csv/baseline_05_mixed_maneuver_ATT.csv,/home/tchowdh4/sensor_recovery_project/prediction_results_v9_trained_hybrid/baseline_05_mixed_maneuver_ATT_trained_hybrid_prediction_outputs.csv
47.600119,baseline_05_mixed_maneuver,Pitch,ramp,0.058182000000000005,0,0.0785051733255386,0.0785051733255386,0.0779764708131551,0.0005287025123834888,0.0005287025123834888,0.009697,0,0.0,0.0003867572173476696,0,0,0,W30_N8_mean1x,30,8,1.0,1909,Pitch_hybrid_prediction,/home/tchowdh4/sensor_recovery_project/logs/extracted_csv/baseline_05_mixed_maneuver_ATT.csv,/home/tchowdh4/sensor_recovery_project/prediction_results_v9_trained_hybrid/baseline_05_mixed_maneuver_ATT_trained_hybrid_prediction_outputs.csv
