x,Baseline,Axis,AttackType,AttackMagnitude,AttackActive,CleanFuture_Roll,AttackedFuture_Roll,V9PredictedFuture_Roll,Residual_Roll,AbsResidual_Roll,Threshold,PointDetectionFlag,WindowCount,RollingMeanAbsResidual,WindowCountFlag,WindowMeanFlag,WindowCombinedFlag,WindowRule,W,N,RollingMeanMultiplier,AlignmentOffset,PredictionColumn,CleanFile,PredictionFile
0.0,baseline_05_mixed_maneuver,Roll,pulse,0.082456,0,0.0985497534275055,0.0985497534275055,0.0929901156574487,0.005559637770056788,0.005559637770056788,0.010307,0,0.0,0.005559637770056788,0,0,0,W20_N5_mean1x,20,5,1.0,1909,Roll_hybrid_prediction,/home/tchowdh4/sensor_recovery_project/logs/extracted_csv/baseline_05_mixed_maneuver_ATT.csv,/home/tchowdh4/sensor_recovery_project/prediction_results_v9_trained_hybrid/baseline_05_mixed_maneuver_ATT_trained_hybrid_prediction_outputs.csv
0.09996,baseline_05_mixed_maneuver,Roll,pulse,0.082456,0,0.091432124376297,0.091432124376297,0.0868056654930114,0.004626458883285597,0.004626458883285597,0.010307,0,0.0,0.005093048326671193,0,0,0,W20_N5_mean1x,20,5,1.0,1909,Roll_hybrid_prediction,/home/tchowdh4/sensor_recovery_project/logs/extracted_csv/baseline_05_mixed_maneuver_ATT.csv,/home/tchowdh4/sensor_recovery_project/prediction_results_v9_trained_hybrid/baseline_05_mixed_maneuver_ATT_trained_hybrid_prediction_outputs.csv
0.19992,baseline_05_mixed_maneuver,Roll,pulse,0.082456,0,0.0873657017946243,0.0873657017946243,0.084722527116537,0.0026431746780873067,0.0026431746780873067,0.010307,0,0.0,0.0042764237771432305,0,0,0,W20_N5_mean1x,20,5,1.0,1909,Roll_hybrid_prediction,/home/tchowdh4/sensor_recovery_project/logs/extracted_csv/baseline_05_mixed_maneuver_ATT.csv,/home/tchowdh4/sensor_recovery_project/prediction_results_v9_trained_hybrid/baseline_05_mixed_maneuver_ATT_trained_hybrid_prediction_outputs.csv
0.29988,baseline_05_mixed_maneuver,Roll,pulse,0.082456,0,0.0868997052311897,0.0868997052311897,0.0865968074649572,0.0003028977662325044,0.0003028977662325044,0.010307,0,0.0,0.003283042274415549,0,0,0,W20_N5_mean1x,20,5,1.0,1909,Roll_hybrid_prediction,/home/tchowdh4/sensor_recovery_project/logs/extracted_csv/baseline_05_mixed_maneuver_ATT.csv,/home/tchowdh4/sensor_recovery_project/prediction_results_v9_trained_hybrid/baseline_05_mixed_maneuver_ATT_trained_hybrid_prediction_outputs.csv
0.39984,baseline_05_mixed_maneuver,Roll,pulse,0.082456,0,0.0877327546477317,0.0877327546477317,0.0882742367684839,-0.0005414821207521958,0.0005414821207521958,0.010307,0,0.0,0.0027347302436828784,0,0,0,W20_N5_mean1x,20,5,1.0,1909,Roll_hybrid_prediction,/home/tchowdh4/sensor_recovery_project/logs/extracted_csv/baseline_05_mixed_maneuver_ATT.csv,/home/tchowdh4/sensor_recovery_project/prediction_results_v9_trained_hybrid/baseline_05_mixed_maneuver_ATT_trained_hybrid_prediction_outputs.csv
0.4998,baseline_05_mixed_maneuver,Roll,pulse,0.082456,0,0.0856118351221084,0.0856118351221084,0.0842332374304532,0.0013785976916552006,0.0013785976916552006,0.010307,0,0.0,0.0025087081516782656,0,0,0,W20_N5_mean1x,20,5,1.0,1909,Roll_hybrid_prediction,/home/tchowdh4/sensor_recovery_project/logs/extracted_csv/baseline_05_mixed_maneuver_ATT.csv,/home/tchowdh4/sensor_recovery_project/prediction_results_v9_trained_hybrid/baseline_05_mixed_maneuver_ATT_trained_hybrid_prediction_outputs.csv
0.600593,baseline_05_mixed_maneuver,Roll,pulse,0.082456,0,0.0804608315229415,0.0804608315229415,0.077112679183483,0.00334815233945851,0.00334815233945851,0.010307,0,0.0,0.002628628749932586,0,0,0,W20_N5_mean1x,20,5,1.0,1909,Roll_hybrid_prediction,/home/tchowdh4/sensor_recovery_project/logs/extracted_csv/baseline_05_mixed_maneuver_ATT.csv,/home/tchowdh4/sensor_recovery_project/prediction_results_v9_trained_hybrid/baseline_05_mixed_maneuver_ATT_trained_hybrid_prediction_outputs.csv
0.700553,baseline_05_mixed_maneuver,Roll,pulse,0.082456,0,0.0863452181220054,0.0863452181220054,0.0901700694113969,-0.003824851289391501,0.003824851289391501,0.010307,0,0.0,0.0027781565673649505,0,0,0,W20_N5_mean1x,20,5,1.0,1909,Roll_hybrid_prediction,/home/tchowdh4/sensor_recovery_project/logs/extracted_csv/baseline_05_mixed_maneuver_ATT.csv,/home/tchowdh4/sensor_recovery_project/prediction_results_v9_trained_hybrid/baseline_05_mixed_maneuver_ATT_trained_hybrid_prediction_outputs.csv
0.800513,baseline_05_mixed_maneuver,Roll,pulse,0.082456,0,0.0907528400421142,0.0907528400421142,0.0936177942901849,-0.002864954248070692,0.002864954248070692,0.010307,0,0.0,0.002787800754110033,0,0,0,W20_N5_mean1x,20,5,1.0,1909,Roll_hybrid_prediction,/home/tchowdh4/sensor_recovery_project/logs/extracted_csv/baseline_05_mixed_maneuver_ATT.csv,/home/tchowdh4/sensor_recovery_project/prediction_results_v9_trained_hybrid/baseline_05_mixed_maneuver_ATT_trained_hybrid_prediction_outputs.csv
0.900473,baseline_05_mixed_maneuver,Roll,pulse,0.082456,0,0.098801165819168,0.098801165819168,0.1040325775742529,-0.005231411755084903,0.005231411755084903,0.010307,0,0.0,0.00303216185420752,0,0,0,W20_N5_mean1x,20,5,1.0,1909,Roll_hybrid_prediction,/home/tchowdh4/sensor_recovery_project/logs/extracted_csv/baseline_05_mixed_maneuver_ATT.csv,/home/tchowdh4/sensor_recovery_project/prediction_results_v9_trained_hybrid/baseline_05_mixed_maneuver_ATT_trained_hybrid_prediction_outputs.csv
1.000433,baseline_05_mixed_maneuver,Roll,pulse,0.082456,0,0.1058796271681785,0.1058796271681785,0.1104806270450353,-0.004600999876856804,0.004600999876856804,0.010307,0,0.0,0.003174783492630182,0,0,0,W20_N5_mean1x,20,5,1.0,1909,Roll_hybrid_prediction,/home/tchowdh4/sensor_recovery_project/logs/extracted_csv/baseline_05_mixed_maneuver_ATT.csv,/home/tchowdh4/sensor_recovery_project/prediction_results_v9_trained_hybrid/baseline_05_mixed_maneuver_ATT_trained_hybrid_prediction_outputs.csv
1.100393,baseline_05_mixed_maneuver,Roll,pulse,0.082456,0,0.1092900335788726,0.1092900335788726,0.1115067977458237,-0.002216764166951102,0.002216764166951102,0.010307,0,0.0,0.003094948548823592,0,0,0,W20_N5_mean1x,20,5,1.0,1909,Roll_hybrid_prediction,/home/tchowdh4/sensor_recovery_project/logs/extracted_csv/baseline_05_mixed_maneuver_ATT.csv,/home/tchowdh4/sensor_recovery_project/prediction_results_v9_trained_hybrid/baseline_05_mixed_maneuver_ATT_trained_hybrid_prediction_outputs.csv
1.200353,baseline_05_mixed_maneuver,Roll,pulse,0.082456,0,0.1146807372570037,0.1146807372570037,0.1181846946477889,-0.003503957390785198,0.003503957390785198,0.010307,0,0.0,0.003126410767436023,0,0,0,W20_N5_mean1x,20,5,1.0,1909,Roll_hybrid_prediction,/home/tchowdh4/sensor_recovery_project/logs/extracted_csv/baseline_05_mixed_maneuver_ATT.csv,/home/tchowdh4/sensor_recovery_project/prediction_results_v9_trained_hybrid/baseline_05_mixed_maneuver_ATT_trained_hybrid_prediction_outputs.csv
1.300313,baseline_05_mixed_maneuver,Roll,pulse,0.082456,0,0.1163345500826835,0.1163345500826835,0.1174095284193753,-0.0010749783366918036,0.0010749783366918036,0.010307,0,0.0,0.0029798798795257217,0,0,0,W20_N5_mean1x,20,5,1.0,1909,Roll_hybrid_prediction,/home/tchowdh4/sensor_recovery_project/logs/extracted_csv/baseline_05_mixed_maneuver_ATT.csv,/home/tchowdh4/sensor_recovery_project/prediction_results_v9_trained_hybrid/baseline_05_mixed_maneuver_ATT_trained_hybrid_prediction_outputs.csv
1.400273,baseline_05_mixed_maneuver,Roll,pulse,0.082456,0,0.1094492450356483,0.1094492450356483,0.1049737967550754,0.004475448280572905,0.004475448280572905,0.010307,0,0.0,0.0030795844395955342,0,0,0,W20_N5_mean1x,20,5,1.0,1909,Roll_hybrid_prediction,/home/tchowdh4/sensor_recovery_project/logs/extracted_csv/baseline_05_mixed_maneuver_ATT.csv,/home/tchowdh4/sensor_recovery_project/prediction_results_v9_trained_hybrid/baseline_05_mixed_maneuver_ATT_trained_hybrid_prediction_outputs.csv
1.500233,baseline_05_mixed_maneuver,Roll,pulse,0.082456,0,0.1026597172021865,0.1026597172021865,0.0982465241104363,0.0044131930917502005,0.0044131930917502005,0.010307,0,0.0,0.0031629349803552007,0,0,0,W20_N5_mean1x,20,5,1.0,1909,Roll_hybrid_prediction,/home/tchowdh4/sensor_recovery_project/logs/extracted_csv/baseline_05_mixed_maneuver_ATT.csv,/home/tchowdh4/sensor_recovery_project/prediction_results_v9_trained_hybrid/baseline_05_mixed_maneuver_ATT_trained_hybrid_prediction_outputs.csv
1.600193,baseline_05_mixed_maneuver,Roll,pulse,0.082456,0,0.0932501107454299,0.0932501107454299,0.0871338665485381,0.006116244196891801,0.006116244196891801,0.010307,0,0.0,0.003336659051916177,0,0,0,W20_N5_mean1x,20,5,1.0,1909,Roll_hybrid_prediction,/home/tchowdh4/sensor_recovery_project/logs/extracted_csv/baseline_05_mixed_maneuver_ATT.csv,/home/tchowdh4/sensor_recovery_project/prediction_results_v9_trained_hybrid/baseline_05_mixed_maneuver_ATT_trained_hybrid_prediction_outputs.csv
1.700153,baseline_05_mixed_maneuver,Roll,pulse,0.082456,0,0.0865317657589912,0.0865317657589912,0.082164841517806,0.004366924241185205,0.004366924241185205,0.010307,0,0.0,0.003393896006875568,0,0,0,W20_N5_mean1x,20,5,1.0,1909,Roll_hybrid_prediction,/home/tchowdh4/sensor_recovery_project/logs/extracted_csv/baseline_05_mixed_maneuver_ATT.csv,/home/tchowdh4/sensor_recovery_project/prediction_results_v9_trained_hybrid/baseline_05_mixed_maneuver_ATT_trained_hybrid_prediction_outputs.csv
1.800113,baseline_05_mixed_maneuver,Roll,pulse,0.082456,0,0.0809063091874122,0.0809063091874122,0.0772497624158858,0.003656546771526409,0.003656546771526409,0.010307,0,0.0,0.0034077197313308752,0,0,0,W20_N5_mean1x,20,5,1.0,1909,Roll_hybrid_prediction,/home/tchowdh4/sensor_recovery_project/logs/extracted_csv/baseline_05_mixed_maneuver_ATT.csv,/home/tchowdh4/sensor_recovery_project/prediction_results_v9_trained_hybrid/baseline_05_mixed_maneuver_ATT_trained_hybrid_prediction_outputs.csv
1.900073,baseline_05_mixed_maneuver,Roll,pulse,0.082456,0,0.0783687308430671,0.0783687308430671,0.0767193049192427,0.001649425923824402,0.001649425923824402,0.010307,0,0.0,0.0033198050409555513,0,0,0,W20_N5_mean1x,20,5,1.0,1909,Roll_hybrid_prediction,/home/tchowdh4/sensor_recovery_project/logs/extracted_csv/baseline_05_mixed_maneuver_ATT.csv,/home/tchowdh4/sensor_recovery_project/prediction_results_v9_trained_hybrid/baseline_05_mixed_maneuver_ATT_trained_hybrid_prediction_outputs.csv
2.000033,baseline_05_mixed_maneuver,Roll,pulse,0.082456,0,0.0752075985074043,0.0752075985074043,0.0731528624892234,0.0020547360181809027,0.0020547360181809027,0.010307,0,0.0,0.003144559953361757,0,0,0,W20_N5_mean1x,20,5,1.0,1909,Roll_hybrid_prediction,/home/tchowdh4/sensor_recovery_project/logs/extracted_csv/baseline_05_mixed_maneuver_ATT.csv,/home/tchowdh4/sensor_recovery_project/prediction_results_v9_trained_hybrid/baseline_05_mixed_maneuver_ATT_trained_hybrid_prediction_outputs.csv
2.099993,baseline_05_mixed_maneuver,Roll,pulse,0.082456,0,0.0723831728100776,0.0723831728100776,0.0705472961068152,0.001835876703262393,0.001835876703262393,0.010307,0,0.0,0.0030050308443605967,0,0,0,W20_N5_mean1x,20,5,1.0,1909,Roll_hybrid_prediction,/home/tchowdh4/sensor_recovery_project/logs/extracted_csv/baseline_05_mixed_maneuver_ATT.csv,/home/tchowdh4/sensor_recovery_project/prediction_results_v9_trained_hybrid/baseline_05_mixed_maneuver_ATT_trained_hybrid_prediction_outputs.csv
2.199953,baseline_05_mixed_maneuver,Roll,pulse,0.082456,0,0.0730798095464706,0.0730798095464706,0.073532623425126,-0.0004528138786553948,0.0004528138786553948,0.010307,0,0.0,0.0028955128043890014,0,0,0,W20_N5_mean1x,20,5,1.0,1909,Roll_hybrid_prediction,/home/tchowdh4/sensor_recovery_project/logs/extracted_csv/baseline_05_mixed_maneuver_ATT.csv,/home/tchowdh4/sensor_recovery_project/prediction_results_v9_trained_hybrid/baseline_05_mixed_maneuver_ATT_trained_hybrid_prediction_outputs.csv
2.299913,baseline_05_mixed_maneuver,Roll,pulse,0.082456,0,0.0835935398936271,0.0835935398936271,0.0904274646192788,-0.006833924725651697,0.006833924725651697,0.010307,0,0.0,0.0032220641523599608,0,0,0,W20_N5_mean1x,20,5,1.0,1909,Roll_hybrid_prediction,/home/tchowdh4/sensor_recovery_project/logs/extracted_csv/baseline_05_mixed_maneuver_ATT.csv,/home/tchowdh4/sensor_recovery_project/prediction_results_v9_trained_hybrid/baseline_05_mixed_maneuver_ATT_trained_hybrid_prediction_outputs.csv
2.399873,baseline_05_mixed_maneuver,Roll,pulse,0.082456,0,0.0934117436408996,0.0934117436408996,0.0997935760766267,-0.006381832435727097,0.006381832435727097,0.010307,0,0.0,0.003514081668108706,0,0,0,W20_N5_mean1x,20,5,1.0,1909,Roll_hybrid_prediction,/home/tchowdh4/sensor_recovery_project/logs/extracted_csv/baseline_05_mixed_maneuver_ATT.csv,/home/tchowdh4/sensor_recovery_project/prediction_results_v9_trained_hybrid/baseline_05_mixed_maneuver_ATT_trained_hybrid_prediction_outputs.csv
2.499833,baseline_05_mixed_maneuver,Roll,pulse,0.082456,0,0.0952119603753089,0.0952119603753089,0.0963821012526749,-0.0011701408773660132,0.0011701408773660132,0.010307,0,0.0,0.0035036588273942466,0,0,0,W20_N5_mean1x,20,5,1.0,1909,Roll_hybrid_prediction,/home/tchowdh4/sensor_recovery_project/logs/extracted_csv/baseline_05_mixed_maneuver_ATT.csv,/home/tchowdh4/sensor_recovery_project/prediction_results_v9_trained_hybrid/baseline_05_mixed_maneuver_ATT_trained_hybrid_prediction_outputs.csv
2.599793,baseline_05_mixed_maneuver,Roll,pulse,0.082456,0,0.0955365151166915,0.0955365151166915,0.0957474756985902,-0.00021096058189869205,0.00021096058189869205,0.010307,0,0.0,0.003346799239516256,0,0,0,W20_N5_mean1x,20,5,1.0,1909,Roll_hybrid_prediction,/home/tchowdh4/sensor_recovery_project/logs/extracted_csv/baseline_05_mixed_maneuver_ATT.csv,/home/tchowdh4/sensor_recovery_project/prediction_results_v9_trained_hybrid/baseline_05_mixed_maneuver_ATT_trained_hybrid_prediction_outputs.csv
2.700586,baseline_05_mixed_maneuver,Roll,pulse,0.082456,0,0.0943620577454567,0.0943620577454567,0.093598660454154,0.0007633972913026893,0.0007633972913026893,0.010307,0,0.0,0.0031937265396118153,0,0,0,W20_N5_mean1x,20,5,1.0,1909,Roll_hybrid_prediction,/home/tchowdh4/sensor_recovery_project/logs/extracted_csv/baseline_05_mixed_maneuver_ATT.csv,/home/tchowdh4/sensor_recovery_project/prediction_results_v9_trained_hybrid/baseline_05_mixed_maneuver_ATT_trained_hybrid_prediction_outputs.csv
2.800546,baseline_05_mixed_maneuver,Roll,pulse,0.082456,0,0.0940298661589622,0.0940298661589622,0.0938139416277407,0.0002159245312214897,0.0002159245312214897,0.010307,0,0.0,0.003061275053769355,0,0,0,W20_N5_mean1x,20,5,1.0,1909,Roll_hybrid_prediction,/home/tchowdh4/sensor_recovery_project/logs/extracted_csv/baseline_05_mixed_maneuver_ATT.csv,/home/tchowdh4/sensor_recovery_project/prediction_results_v9_trained_hybrid/baseline_05_mixed_maneuver_ATT_trained_hybrid_prediction_outputs.csv
2.900506,baseline_05_mixed_maneuver,Roll,pulse,0.082456,0,0.0898807644844055,0.0898807644844055,0.0871838483959436,0.002696916088461898,0.002696916088461898,0.010307,0,0.0,0.002934550270438205,0,0,0,W20_N5_mean1x,20,5,1.0,1909,Roll_hybrid_prediction,/home/tchowdh4/sensor_recovery_project/logs/extracted_csv/baseline_05_mixed_maneuver_ATT.csv,/home/tchowdh4/sensor_recovery_project/prediction_results_v9_trained_hybrid/baseline_05_mixed_maneuver_ATT_trained_hybrid_prediction_outputs.csv
3.000466,baseline_05_mixed_maneuver,Roll,pulse,0.082456,0,0.0836778059601783,0.0836778059601783,0.0796458829194306,0.004031923040747704,0.004031923040747704,0.010307,0,0.0,0.00290609642863275,0,0,0,W20_N5_mean1x,20,5,1.0,1909,Roll_hybrid_prediction,/home/tchowdh4/sensor_recovery_project/logs/extracted_csv/baseline_05_mixed_maneuver_ATT.csv,/home/tchowdh4/sensor_recovery_project/prediction_results_v9_trained_hybrid/baseline_05_mixed_maneuver_ATT_trained_hybrid_prediction_outputs.csv
3.100426,baseline_05_mixed_maneuver,Roll,pulse,0.082456,0,0.0786921232938766,0.0786921232938766,0.0754514295607804,0.0032406937330962116,0.0032406937330962116,0.010307,0,0.0,0.002957292906940005,0,0,0,W20_N5_mean1x,20,5,1.0,1909,Roll_hybrid_prediction,/home/tchowdh4/sensor_recovery_project/logs/extracted_csv/baseline_05_mixed_maneuver_ATT.csv,/home/tchowdh4/sensor_recovery_project/prediction_results_v9_trained_hybrid/baseline_05_mixed_maneuver_ATT_trained_hybrid_prediction_outputs.csv
3.200386,baseline_05_mixed_maneuver,Roll,pulse,0.082456,0,0.0806991755962371,0.0806991755962371,0.0820037595927714,-0.0013045839965342976,0.0013045839965342976,0.010307,0,0.0,0.0028473242372274604,0,0,0,W20_N5_mean1x,20,5,1.0,1909,Roll_hybrid_prediction,/home/tchowdh4/sensor_recovery_project/logs/extracted_csv/baseline_05_mixed_maneuver_ATT.csv,/home/tchowdh4/sensor_recovery_project/prediction_results_v9_trained_hybrid/baseline_05_mixed_maneuver_ATT_trained_hybrid_prediction_outputs.csv
3.300346,baseline_05_mixed_maneuver,Roll,pulse,0.082456,0,0.0849160924553871,0.0849160924553871,0.0876570884138345,-0.002740995958447401,0.002740995958447401,0.010307,0,0.0,0.00293062511831524,0,0,0,W20_N5_mean1x,20,5,1.0,1909,Roll_hybrid_prediction,/home/tchowdh4/sensor_recovery_project/logs/extracted_csv/baseline_05_mixed_maneuver_ATT.csv,/home/tchowdh4/sensor_recovery_project/prediction_results_v9_trained_hybrid/baseline_05_mixed_maneuver_ATT_trained_hybrid_prediction_outputs.csv
3.400306,baseline_05_mixed_maneuver,Roll,pulse,0.082456,0,0.0852389633655548,0.0852389633655548,0.0854488294571637,-0.00020986609160890402,0.00020986609160890402,0.010307,0,0.0,0.00271734600886704,0,0,0,W20_N5_mean1x,20,5,1.0,1909,Roll_hybrid_prediction,/home/tchowdh4/sensor_recovery_project/logs/extracted_csv/baseline_05_mixed_maneuver_ATT.csv,/home/tchowdh4/sensor_recovery_project/prediction_results_v9_trained_hybrid/baseline_05_mixed_maneuver_ATT_trained_hybrid_prediction_outputs.csv
3.500266,baseline_05_mixed_maneuver,Roll,pulse,0.082456,0,0.0881525352597236,0.0881525352597236,0.0900463569909333,-0.0018938217312097078,0.0018938217312097078,0.010307,0,0.0,0.0025913774408400153,0,0,0,W20_N5_mean1x,20,5,1.0,1909,Roll_hybrid_prediction,/home/tchowdh4/sensor_recovery_project/logs/extracted_csv/baseline_05_mixed_maneuver_ATT.csv,/home/tchowdh4/sensor_recovery_project/prediction_results_v9_trained_hybrid/baseline_05_mixed_maneuver_ATT_trained_hybrid_prediction_outputs.csv
3.600226,baseline_05_mixed_maneuver,Roll,pulse,0.082456,0,0.0922329723834991,0.0922329723834991,0.0948852565139531,-0.0026522841304539996,0.0026522841304539996,0.010307,0,0.0,0.0024181794375181254,0,0,0,W20_N5_mean1x,20,5,1.0,1909,Roll_hybrid_prediction,/home/tchowdh4/sensor_recovery_project/logs/extracted_csv/baseline_05_mixed_maneuver_ATT.csv,/home/tchowdh4/sensor_recovery_project/prediction_results_v9_trained_hybrid/baseline_05_mixed_maneuver_ATT_trained_hybrid_prediction_outputs.csv
3.700186,baseline_05_mixed_maneuver,Roll,pulse,0.082456,0,0.0921718925237655,0.0921718925237655,0.0921321906149386,3.970190882689184e-05,3.970190882689184e-05,0.010307,0,0.0,0.0022018183209002095,0,0,0,W20_N5_mean1x,20,5,1.0,1909,Roll_hybrid_prediction,/home/tchowdh4/sensor_recovery_project/logs/extracted_csv/baseline_05_mixed_maneuver_ATT.csv,/home/tchowdh4/sensor_recovery_project/prediction_results_v9_trained_hybrid/baseline_05_mixed_maneuver_ATT_trained_hybrid_prediction_outputs.csv
3.800146,baseline_05_mixed_maneuver,Roll,pulse,0.082456,0,0.0888809636235237,0.0888809636235237,0.0867418598383665,0.0021391037851571926,0.0021391037851571926,0.010307,0,0.0,0.002125946171581749,0,0,0,W20_N5_mean1x,20,5,1.0,1909,Roll_hybrid_prediction,/home/tchowdh4/sensor_recovery_project/logs/extracted_csv/baseline_05_mixed_maneuver_ATT.csv,/home/tchowdh4/sensor_recovery_project/prediction_results_v9_trained_hybrid/baseline_05_mixed_maneuver_ATT_trained_hybrid_prediction_outputs.csv
3.900106,baseline_05_mixed_maneuver,Roll,pulse,0.082456,0,0.0873434469103813,0.0873434469103813,0.0863440610468387,0.000999385863542604,0.000999385863542604,0.010307,0,0.0,0.002093444168567659,0,0,0,W20_N5_mean1x,20,5,1.0,1909,Roll_hybrid_prediction,/home/tchowdh4/sensor_recovery_project/logs/extracted_csv/baseline_05_mixed_maneuver_ATT.csv,/home/tchowdh4/sensor_recovery_project/prediction_results_v9_trained_hybrid/baseline_05_mixed_maneuver_ATT_trained_hybrid_prediction_outputs.csv
4.000066,baseline_05_mixed_maneuver,Roll,pulse,0.082456,0,0.0847311690449714,0.0847311690449714,0.0830331884324549,0.0016979806125164976,0.0016979806125164976,0.010307,0,0.0,0.0020756063982844387,0,0,0,W20_N5_mean1x,20,5,1.0,1909,Roll_hybrid_prediction,/home/tchowdh4/sensor_recovery_project/logs/extracted_csv/baseline_05_mixed_maneuver_ATT.csv,/home/tchowdh4/sensor_recovery_project/prediction_results_v9_trained_hybrid/baseline_05_mixed_maneuver_ATT_trained_hybrid_prediction_outputs.csv
4.100026,baseline_05_mixed_maneuver,Roll,pulse,0.082456,0,0.0888551622629165,0.0888551622629165,0.0915357578545808,-0.0026805955916643087,0.0026805955916643087,0.010307,0,0.0,0.0021178423427045344,0,0,0,W20_N5_mean1x,20,5,1.0,1909,Roll_hybrid_prediction,/home/tchowdh4/sensor_recovery_project/logs/extracted_csv/baseline_05_mixed_maneuver_ATT.csv,/home/tchowdh4/sensor_recovery_project/prediction_results_v9_trained_hybrid/baseline_05_mixed_maneuver_ATT_trained_hybrid_prediction_outputs.csv
4.199986,baseline_05_mixed_maneuver,Roll,pulse,0.082456,0,0.0932600572705268,0.0932600572705268,0.0961232390254735,-0.002863181754946695,0.002863181754946695,0.010307,0,0.0,0.0022383607365190996,0,0,0,W20_N5_mean1x,20,5,1.0,1909,Roll_hybrid_prediction,/home/tchowdh4/sensor_recovery_project/logs/extracted_csv/baseline_05_mixed_maneuver_ATT.csv,/home/tchowdh4/sensor_recovery_project/prediction_results_v9_trained_hybrid/baseline_05_mixed_maneuver_ATT_trained_hybrid_prediction_outputs.csv
4.299946,baseline_05_mixed_maneuver,Roll,pulse,0.082456,0,0.0884152203798294,0.0884152203798294,0.085266076400876,0.0031491439789534115,0.0031491439789534115,0.010307,0,0.0,0.0020541216991841853,0,0,0,W20_N5_mean1x,20,5,1.0,1909,Roll_hybrid_prediction,/home/tchowdh4/sensor_recovery_project/logs/extracted_csv/baseline_05_mixed_maneuver_ATT.csv,/home/tchowdh4/sensor_recovery_project/prediction_results_v9_trained_hybrid/baseline_05_mixed_maneuver_ATT_trained_hybrid_prediction_outputs.csv
4.399906,baseline_05_mixed_maneuver,Roll,pulse,0.082456,0,0.0768395140767097,0.0768395140767097,0.0693153049796818,0.0075242090970279035,0.0075242090970279035,0.010307,0,0.0,0.0021112405322492255,0,0,0,W20_N5_mean1x,20,5,1.0,1909,Roll_hybrid_prediction,/home/tchowdh4/sensor_recovery_project/logs/extracted_csv/baseline_05_mixed_maneuver_ATT.csv,/home/tchowdh4/sensor_recovery_project/prediction_results_v9_trained_hybrid/baseline_05_mixed_maneuver_ATT_trained_hybrid_prediction_outputs.csv
4.499866,baseline_05_mixed_maneuver,Roll,pulse,0.082456,0,0.0646514296531677,0.0646514296531677,0.0567291747778653,0.007922254875302397,0.007922254875302397,0.010307,0,0.0,0.0024488462321460448,0,0,0,W20_N5_mean1x,20,5,1.0,1909,Roll_hybrid_prediction,/home/tchowdh4/sensor_recovery_project/logs/extracted_csv/baseline_05_mixed_maneuver_ATT.csv,/home/tchowdh4/sensor_recovery_project/prediction_results_v9_trained_hybrid/baseline_05_mixed_maneuver_ATT_trained_hybrid_prediction_outputs.csv
4.599826,baseline_05_mixed_maneuver,Roll,pulse,0.082456,0,0.0574200563132762,0.0574200563132762,0.0527196636423467,0.004700392670929504,0.004700392670929504,0.010307,0,0.0,0.002673317836597585,0,0,0,W20_N5_mean1x,20,5,1.0,1909,Roll_hybrid_prediction,/home/tchowdh4/sensor_recovery_project/logs/extracted_csv/baseline_05_mixed_maneuver_ATT.csv,/home/tchowdh4/sensor_recovery_project/prediction_results_v9_trained_hybrid/baseline_05_mixed_maneuver_ATT_trained_hybrid_prediction_outputs.csv
4.700619,baseline_05_mixed_maneuver,Roll,pulse,0.082456,0,0.0575947538018226,0.0575947538018226,0.0577083071693777,-0.00011355336755509982,0.00011355336755509982,0.010307,0,0.0,0.002640825640410206,0,0,0,W20_N5_mean1x,20,5,1.0,1909,Roll_hybrid_prediction,/home/tchowdh4/sensor_recovery_project/logs/extracted_csv/baseline_05_mixed_maneuver_ATT.csv,/home/tchowdh4/sensor_recovery_project/prediction_results_v9_trained_hybrid/baseline_05_mixed_maneuver_ATT_trained_hybrid_prediction_outputs.csv
4.800579,baseline_05_mixed_maneuver,Roll,pulse,0.082456,0,0.0574360117316246,0.0574360117316246,0.0573328293859959,0.00010318234562870648,0.00010318234562870648,0.010307,0,0.0,0.0026351885311305667,0,0,0,W20_N5_mean1x,20,5,1.0,1909,Roll_hybrid_prediction,/home/tchowdh4/sensor_recovery_project/logs/extracted_csv/baseline_05_mixed_maneuver_ATT.csv,/home/tchowdh4/sensor_recovery_project/prediction_results_v9_trained_hybrid/baseline_05_mixed_maneuver_ATT_trained_hybrid_prediction_outputs.csv
4.900539,baseline_05_mixed_maneuver,Roll,pulse,0.082456,0,0.0551512911915779,0.0551512911915779,0.0536662228405475,0.0014850683510303983,0.0014850683510303983,0.010307,0,0.0,0.0025745961442589916,0,0,0,W20_N5_mean1x,20,5,1.0,1909,Roll_hybrid_prediction,/home/tchowdh4/sensor_recovery_project/logs/extracted_csv/baseline_05_mixed_maneuver_ATT.csv,/home/tchowdh4/sensor_recovery_project/prediction_results_v9_trained_hybrid/baseline_05_mixed_maneuver_ATT_trained_hybrid_prediction_outputs.csv
5.000499,baseline_05_mixed_maneuver,Roll,pulse,0.082456,0,0.0482015497982502,0.0482015497982502,0.0436842178925871,0.0045173319056630995,0.0045173319056630995,0.010307,0,0.0,0.0025988665875047614,0,0,0,W20_N5_mean1x,20,5,1.0,1909,Roll_hybrid_prediction,/home/tchowdh4/sensor_recovery_project/logs/extracted_csv/baseline_05_mixed_maneuver_ATT.csv,/home/tchowdh4/sensor_recovery_project/prediction_results_v9_trained_hybrid/baseline_05_mixed_maneuver_ATT_trained_hybrid_prediction_outputs.csv
5.100459,baseline_05_mixed_maneuver,Roll,pulse,0.082456,0,0.0441162511706352,0.0441162511706352,0.0414608070626854,0.0026554441079498017,0.0026554441079498017,0.010307,0,0.0,0.002569604106247441,0,0,0,W20_N5_mean1x,20,5,1.0,1909,Roll_hybrid_prediction,/home/tchowdh4/sensor_recovery_project/logs/extracted_csv/baseline_05_mixed_maneuver_ATT.csv,/home/tchowdh4/sensor_recovery_project/prediction_results_v9_trained_hybrid/baseline_05_mixed_maneuver_ATT_trained_hybrid_prediction_outputs.csv
5.200419,baseline_05_mixed_maneuver,Roll,pulse,0.082456,0,0.0367413014173507,0.0367413014173507,0.0319475840777157,0.004793717339634997,0.004793717339634997,0.010307,0,0.0,0.002744060773402476,0,0,0,W20_N5_mean1x,20,5,1.0,1909,Roll_hybrid_prediction,/home/tchowdh4/sensor_recovery_project/logs/extracted_csv/baseline_05_mixed_maneuver_ATT.csv,/home/tchowdh4/sensor_recovery_project/prediction_results_v9_trained_hybrid/baseline_05_mixed_maneuver_ATT_trained_hybrid_prediction_outputs.csv
5.300379,baseline_05_mixed_maneuver,Roll,pulse,0.082456,0,0.0305991824716329,0.0305991824716329,0.0266068051569163,0.003992377314716598,0.003992377314716598,0.010307,0,0.0,0.002806629841215936,0,0,0,W20_N5_mean1x,20,5,1.0,1909,Roll_hybrid_prediction,/home/tchowdh4/sensor_recovery_project/logs/extracted_csv/baseline_05_mixed_maneuver_ATT.csv,/home/tchowdh4/sensor_recovery_project/prediction_results_v9_trained_hybrid/baseline_05_mixed_maneuver_ATT_trained_hybrid_prediction_outputs.csv
5.400339,baseline_05_mixed_maneuver,Roll,pulse,0.082456,0,0.0330931581556797,0.0330931581556797,0.0347142423503101,-0.001621084194630397,0.001621084194630397,0.010307,0,0.0,0.0028771907463670107,0,0,0,W20_N5_mean1x,20,5,1.0,1909,Roll_hybrid_prediction,/home/tchowdh4/sensor_recovery_project/logs/extracted_csv/baseline_05_mixed_maneuver_ATT.csv,/home/tchowdh4/sensor_recovery_project/prediction_results_v9_trained_hybrid/baseline_05_mixed_maneuver_ATT_trained_hybrid_prediction_outputs.csv
5.500299,baseline_05_mixed_maneuver,Roll,pulse,0.082456,0,0.0449331291019916,0.0449331291019916,0.0526291102170943,-0.007695981115102703,0.007695981115102703,0.010307,0,0.0,0.00316729871556166,0,0,0,W20_N5_mean1x,20,5,1.0,1909,Roll_hybrid_prediction,/home/tchowdh4/sensor_recovery_project/logs/extracted_csv/baseline_05_mixed_maneuver_ATT.csv,/home/tchowdh4/sensor_recovery_project/prediction_results_v9_trained_hybrid/baseline_05_mixed_maneuver_ATT_trained_hybrid_prediction_outputs.csv
5.600259,baseline_05_mixed_maneuver,Roll,pulse,0.082456,0,0.0632151439785957,0.0632151439785957,0.0750984536483883,-0.011883309669792591,0.011883309669792591,0.010307,1,1.0,0.0036288499925285897,0,0,0,W20_N5_mean1x,20,5,1.0,1909,Roll_hybrid_prediction,/home/tchowdh4/sensor_recovery_project/logs/extracted_csv/baseline_05_mixed_maneuver_ATT.csv,/home/tchowdh4/sensor_recovery_project/prediction_results_v9_trained_hybrid/baseline_05_mixed_maneuver_ATT_trained_hybrid_prediction_outputs.csv
5.700219,baseline_05_mixed_maneuver,Roll,pulse,0.082456,0,0.0728746876120567,0.0728746876120567,0.0791533909738063,-0.006278703361749599,0.006278703361749599,0.010307,0,1.0,0.003940800065174725,0,0,0,W20_N5_mean1x,20,5,1.0,1909,Roll_hybrid_prediction,/home/tchowdh4/sensor_recovery_project/logs/extracted_csv/baseline_05_mixed_maneuver_ATT.csv,/home/tchowdh4/sensor_recovery_project/prediction_results_v9_trained_hybrid/baseline_05_mixed_maneuver_ATT_trained_hybrid_prediction_outputs.csv
5.800179,baseline_05_mixed_maneuver,Roll,pulse,0.082456,0,0.0826558843255043,0.0826558843255043,0.0890136621892452,-0.006357777863740893,0.006357777863740893,0.010307,0,1.0,0.00415173376910391,0,0,0,W20_N5_mean1x,20,5,1.0,1909,Roll_hybrid_prediction,/home/tchowdh4/sensor_recovery_project/logs/extracted_csv/baseline_05_mixed_maneuver_ATT.csv,/home/tchowdh4/sensor_recovery_project/prediction_results_v9_trained_hybrid/baseline_05_mixed_maneuver_ATT_trained_hybrid_prediction_outputs.csv
5.900139,baseline_05_mixed_maneuver,Roll,pulse,0.082456,0,0.0889920070767402,0.0889920070767402,0.0931104868650435,-0.004118479788303306,0.004118479788303306,0.010307,0,1.0,0.004307688465341945,0,0,0,W20_N5_mean1x,20,5,1.0,1909,Roll_hybrid_prediction,/home/tchowdh4/sensor_recovery_project/logs/extracted_csv/baseline_05_mixed_maneuver_ATT.csv,/home/tchowdh4/sensor_recovery_project/prediction_results_v9_trained_hybrid/baseline_05_mixed_maneuver_ATT_trained_hybrid_prediction_outputs.csv
6.000099,baseline_05_mixed_maneuver,Roll,pulse,0.082456,0,0.0925550535321235,0.0925550535321235,0.0948710337281226,-0.002315980195999101,0.002315980195999101,0.010307,0,1.0,0.004338588444516076,0,0,0,W20_N5_mean1x,20,5,1.0,1909,Roll_hybrid_prediction,/home/tchowdh4/sensor_recovery_project/logs/extracted_csv/baseline_05_mixed_maneuver_ATT.csv,/home/tchowdh4/sensor_recovery_project/prediction_results_v9_trained_hybrid/baseline_05_mixed_maneuver_ATT_trained_hybrid_prediction_outputs.csv
6.100059,baseline_05_mixed_maneuver,Roll,pulse,0.082456,0,0.0877544805407524,0.0877544805407524,0.0846341080963611,0.003120372444391298,0.003120372444391298,0.010307,0,1.0,0.004360577287152425,0,0,0,W20_N5_mean1x,20,5,1.0,1909,Roll_hybrid_prediction,/home/tchowdh4/sensor_recovery_project/logs/extracted_csv/baseline_05_mixed_maneuver_ATT.csv,/home/tchowdh4/sensor_recovery_project/prediction_results_v9_trained_hybrid/baseline_05_mixed_maneuver_ATT_trained_hybrid_prediction_outputs.csv
6.200019,baseline_05_mixed_maneuver,Roll,pulse,0.082456,0,0.0907107219099998,0.0907107219099998,0.0926322788000106,-0.001921556890010792,0.001921556890010792,0.010307,0,1.0,0.00431349604390563,0,0,0,W20_N5_mean1x,20,5,1.0,1909,Roll_hybrid_prediction,/home/tchowdh4/sensor_recovery_project/logs/extracted_csv/baseline_05_mixed_maneuver_ATT.csv,/home/tchowdh4/sensor_recovery_project/prediction_results_v9_trained_hybrid/baseline_05_mixed_maneuver_ATT_trained_hybrid_prediction_outputs.csv
6.299979,baseline_05_mixed_maneuver,Roll,pulse,0.082456,0,0.0906253382563591,0.0906253382563591,0.0905698388814926,5.5499374866499473e-05,5.5499374866499473e-05,0.010307,0,1.0,0.004158813813701284,0,0,0,W20_N5_mean1x,20,5,1.0,1909,Roll_hybrid_prediction,/home/tchowdh4/sensor_recovery_project/logs/extracted_csv/baseline_05_mixed_maneuver_ATT.csv,/home/tchowdh4/sensor_recovery_project/prediction_results_v9_trained_hybrid/baseline_05_mixed_maneuver_ATT_trained_hybrid_prediction_outputs.csv
6.399939,baseline_05_mixed_maneuver,Roll,pulse,0.082456,0,0.0871058255434036,0.0871058255434036,0.0848181422799825,0.002287683263421103,0.002287683263421103,0.010307,0,1.0,0.003896987522020944,0,0,0,W20_N5_mean1x,20,5,1.0,1909,Roll_hybrid_prediction,/home/tchowdh4/sensor_recovery_project/logs/extracted_csv/baseline_05_mixed_maneuver_ATT.csv,/home/tchowdh4/sensor_recovery_project/prediction_results_v9_trained_hybrid/baseline_05_mixed_maneuver_ATT_trained_hybrid_prediction_outputs.csv
6.499899,baseline_05_mixed_maneuver,Roll,pulse,0.082456,0,0.092135950922966,0.092135950922966,0.0954055324196815,-0.0032695814967154957,0.0032695814967154957,0.010307,0,1.0,0.0036643538530915995,0,0,0,W20_N5_mean1x,20,5,1.0,1909,Roll_hybrid_prediction,/home/tchowdh4/sensor_recovery_project/logs/extracted_csv/baseline_05_mixed_maneuver_ATT.csv,/home/tchowdh4/sensor_recovery_project/prediction_results_v9_trained_hybrid/baseline_05_mixed_maneuver_ATT_trained_hybrid_prediction_outputs.csv
6.599859,baseline_05_mixed_maneuver,Roll,pulse,0.082456,0,0.0975615605711937,0.0975615605711937,0.1010882068425416,-0.0035266462713479108,0.0035266462713479108,0.010307,0,1.0,0.00360566653311252,0,0,0,W20_N5_mean1x,20,5,1.0,1909,Roll_hybrid_prediction,/home/tchowdh4/sensor_recovery_project/logs/extracted_csv/baseline_05_mixed_maneuver_ATT.csv,/home/tchowdh4/sensor_recovery_project/prediction_results_v9_trained_hybrid/baseline_05_mixed_maneuver_ATT_trained_hybrid_prediction_outputs.csv
6.699819,baseline_05_mixed_maneuver,Roll,pulse,0.082456,0,0.1057405695319175,0.1057405695319175,0.1110569253563879,-0.0053163558244704034,0.0053163558244704034,0.010307,0,1.0,0.0038658066559582845,0,0,0,W20_N5_mean1x,20,5,1.0,1909,Roll_hybrid_prediction,/home/tchowdh4/sensor_recovery_project/logs/extracted_csv/baseline_05_mixed_maneuver_ATT.csv,/home/tchowdh4/sensor_recovery_project/prediction_results_v9_trained_hybrid/baseline_05_mixed_maneuver_ATT_trained_hybrid_prediction_outputs.csv
6.800612,baseline_05_mixed_maneuver,Roll,pulse,0.082456,0,0.1032826751470565,0.1032826751470565,0.1016850437968968,0.001597631350159695,0.001597631350159695,0.010307,0,1.0,0.003940529106184834,0,0,0,W20_N5_mean1x,20,5,1.0,1909,Roll_hybrid_prediction,/home/tchowdh4/sensor_recovery_project/logs/extracted_csv/baseline_05_mixed_maneuver_ATT.csv,/home/tchowdh4/sensor_recovery_project/prediction_results_v9_trained_hybrid/baseline_05_mixed_maneuver_ATT_trained_hybrid_prediction_outputs.csv
6.900572,baseline_05_mixed_maneuver,Roll,pulse,0.082456,0,0.0882318988442421,0.0882318988442421,0.0784488942474127,0.00978300459682939,0.00978300459682939,0.010307,0,1.0,0.004355425918474784,0,0,0,W20_N5_mean1x,20,5,1.0,1909,Roll_hybrid_prediction,/home/tchowdh4/sensor_recovery_project/logs/extracted_csv/baseline_05_mixed_maneuver_ATT.csv,/home/tchowdh4/sensor_recovery_project/prediction_results_v9_trained_hybrid/baseline_05_mixed_maneuver_ATT_trained_hybrid_prediction_outputs.csv
7.000532,baseline_05_mixed_maneuver,Roll,pulse,0.082456,0,0.0780298337340354,0.0780298337340354,0.071398491412401,0.006631342321634398,0.006631342321634398,0.010307,0,1.0,0.004461126439273348,0,0,0,W20_N5_mean1x,20,5,1.0,1909,Roll_hybrid_prediction,/home/tchowdh4/sensor_recovery_project/logs/extracted_csv/baseline_05_mixed_maneuver_ATT.csv,/home/tchowdh4/sensor_recovery_project/prediction_results_v9_trained_hybrid/baseline_05_mixed_maneuver_ATT_trained_hybrid_prediction_outputs.csv
7.100492,baseline_05_mixed_maneuver,Roll,pulse,0.082456,0,0.0806879252195358,0.0806879252195358,0.082415684685111,-0.0017277594655751988,0.0017277594655751988,0.010307,0,1.0,0.004414742207154618,0,0,0,W20_N5_mean1x,20,5,1.0,1909,Roll_hybrid_prediction,/home/tchowdh4/sensor_recovery_project/logs/extracted_csv/baseline_05_mixed_maneuver_ATT.csv,/home/tchowdh4/sensor_recovery_project/prediction_results_v9_trained_hybrid/baseline_05_mixed_maneuver_ATT_trained_hybrid_prediction_outputs.csv
7.200452,baseline_05_mixed_maneuver,Roll,pulse,0.082456,0,0.0798747912049293,0.0798747912049293,0.079346254095435,0.0005285371094942981,0.0005285371094942981,0.010307,0,1.0,0.004201483195647583,0,0,0,W20_N5_mean1x,20,5,1.0,1909,Roll_hybrid_prediction,/home/tchowdh4/sensor_recovery_project/logs/extracted_csv/baseline_05_mixed_maneuver_ATT.csv,/home/tchowdh4/sensor_recovery_project/prediction_results_v9_trained_hybrid/baseline_05_mixed_maneuver_ATT_trained_hybrid_prediction_outputs.csv
7.300412,baseline_05_mixed_maneuver,Roll,pulse,0.082456,0,0.0795924589037895,0.0795924589037895,0.0794089429080486,0.0001835159957409016,0.0001835159957409016,0.010307,0,1.0,0.004011040129698799,0,0,0,W20_N5_mean1x,20,5,1.0,1909,Roll_hybrid_prediction,/home/tchowdh4/sensor_recovery_project/logs/extracted_csv/baseline_05_mixed_maneuver_ATT.csv,/home/tchowdh4/sensor_recovery_project/prediction_results_v9_trained_hybrid/baseline_05_mixed_maneuver_ATT_trained_hybrid_prediction_outputs.csv
7.400372,baseline_05_mixed_maneuver,Roll,pulse,0.082456,0,0.0772294923663139,0.0772294923663139,0.0756935641169547,0.0015359282493592058,0.0015359282493592058,0.010307,0,1.0,0.004006782332435239,0,0,0,W20_N5_mean1x,20,5,1.0,1909,Roll_hybrid_prediction,/home/tchowdh4/sensor_recovery_project/logs/extracted_csv/baseline_05_mixed_maneuver_ATT.csv,/home/tchowdh4/sensor_recovery_project/prediction_results_v9_trained_hybrid/baseline_05_mixed_maneuver_ATT_trained_hybrid_prediction_outputs.csv
7.500332,baseline_05_mixed_maneuver,Roll,pulse,0.082456,0,0.0759262889623642,0.0759262889623642,0.0750792067497968,0.0008470822125673932,0.0008470822125673932,0.010307,0,1.0,0.0036643373873084736,0,0,0,W20_N5_mean1x,20,5,1.0,1909,Roll_hybrid_prediction,/home/tchowdh4/sensor_recovery_project/logs/extracted_csv/baseline_05_mixed_maneuver_ATT.csv,/home/tchowdh4/sensor_recovery_project/prediction_results_v9_trained_hybrid/baseline_05_mixed_maneuver_ATT_trained_hybrid_prediction_outputs.csv
7.600292,baseline_05_mixed_maneuver,Roll,pulse,0.082456,0,0.0679669380187988,0.0679669380187988,0.0627933599054813,0.005173578113317506,0.005173578113317506,0.010307,0,0.0,0.0033288508094847192,0,0,0,W20_N5_mean1x,20,5,1.0,1909,Roll_hybrid_prediction,/home/tchowdh4/sensor_recovery_project/logs/extracted_csv/baseline_05_mixed_maneuver_ATT.csv,/home/tchowdh4/sensor_recovery_project/prediction_results_v9_trained_hybrid/baseline_05_mixed_maneuver_ATT_trained_hybrid_prediction_outputs.csv
7.700252,baseline_05_mixed_maneuver,Roll,pulse,0.082456,0,0.0687772780656814,0.0687772780656814,0.069303999096155,-0.0005267210304736036,0.0005267210304736036,0.010307,0,0.0,0.0030412516929209195,0,0,0,W20_N5_mean1x,20,5,1.0,1909,Roll_hybrid_prediction,/home/tchowdh4/sensor_recovery_project/logs/extracted_csv/baseline_05_mixed_maneuver_ATT.csv,/home/tchowdh4/sensor_recovery_project/prediction_results_v9_trained_hybrid/baseline_05_mixed_maneuver_ATT_trained_hybrid_prediction_outputs.csv
7.800212,baseline_05_mixed_maneuver,Roll,pulse,0.082456,0,0.0614693462848663,0.0614693462848663,0.0567191906273364,0.0047501556575298975,0.0047501556575298975,0.010307,0,0.0,0.0029608705826103697,0,0,0,W20_N5_mean1x,20,5,1.0,1909,Roll_hybrid_prediction,/home/tchowdh4/sensor_recovery_project/logs/extracted_csv/baseline_05_mixed_maneuver_ATT.csv,/home/tchowdh4/sensor_recovery_project/prediction_results_v9_trained_hybrid/baseline_05_mixed_maneuver_ATT_trained_hybrid_prediction_outputs.csv
7.900172,baseline_05_mixed_maneuver,Roll,pulse,0.082456,0,0.0536853410303592,0.0536853410303592,0.0486257376149295,0.0050596034154297,0.0050596034154297,0.010307,0,0.0,0.0030079267639666896,0,0,0,W20_N5_mean1x,20,5,1.0,1909,Roll_hybrid_prediction,/home/tchowdh4/sensor_recovery_project/logs/extracted_csv/baseline_05_mixed_maneuver_ATT.csv,/home/tchowdh4/sensor_recovery_project/prediction_results_v9_trained_hybrid/baseline_05_mixed_maneuver_ATT_trained_hybrid_prediction_outputs.csv
8.000132,baseline_05_mixed_maneuver,Roll,pulse,0.082456,0,0.059344682842493,0.059344682842493,0.0630232550203799,-0.0036785721778869046,0.0036785721778869046,0.010307,0,0.0,0.0030760563630610797,0,0,0,W20_N5_mean1x,20,5,1.0,1909,Roll_hybrid_prediction,/home/tchowdh4/sensor_recovery_project/logs/extracted_csv/baseline_05_mixed_maneuver_ATT.csv,/home/tchowdh4/sensor_recovery_project/prediction_results_v9_trained_hybrid/baseline_05_mixed_maneuver_ATT_trained_hybrid_prediction_outputs.csv
8.100092,baseline_05_mixed_maneuver,Roll,pulse,0.082456,0,0.0678122341632843,0.0678122341632843,0.0733161425217986,-0.005503908358514303,0.005503908358514303,0.010307,0,0.0,0.00319523315876723,0,0,0,W20_N5_mean1x,20,5,1.0,1909,Roll_hybrid_prediction,/home/tchowdh4/sensor_recovery_project/logs/extracted_csv/baseline_05_mixed_maneuver_ATT.csv,/home/tchowdh4/sensor_recovery_project/prediction_results_v9_trained_hybrid/baseline_05_mixed_maneuver_ATT_trained_hybrid_prediction_outputs.csv
8.200052,baseline_05_mixed_maneuver,Roll,pulse,0.082456,0,0.0733044072985649,0.0733044072985649,0.0768743198364972,-0.0035699125379323043,0.0035699125379323043,0.010307,0,0.0,0.0032776509411633057,0,0,0,W20_N5_mean1x,20,5,1.0,1909,Roll_hybrid_prediction,/home/tchowdh4/sensor_recovery_project/logs/extracted_csv/baseline_05_mixed_maneuver_ATT.csv,/home/tchowdh4/sensor_recovery_project/prediction_results_v9_trained_hybrid/baseline_05_mixed_maneuver_ATT_trained_hybrid_prediction_outputs.csv
8.300012,baseline_05_mixed_maneuver,Roll,pulse,0.082456,0,0.0683989748358726,0.0683989748358726,0.0652104437351226,0.00318853110075,0.00318853110075,0.010307,0,0.0,0.0034343025274574807,0,0,0,W20_N5_mean1x,20,5,1.0,1909,Roll_hybrid_prediction,/home/tchowdh4/sensor_recovery_project/logs/extracted_csv/baseline_05_mixed_maneuver_ATT.csv,/home/tchowdh4/sensor_recovery_project/prediction_results_v9_trained_hybrid/baseline_05_mixed_maneuver_ATT_trained_hybrid_prediction_outputs.csv
8.399972,baseline_05_mixed_maneuver,Roll,pulse,0.082456,0,0.0688532665371894,0.0688532665371894,0.0691485561430453,-0.00029528960585589736,0.00029528960585589736,0.010307,0,0.0,0.00333468284457922,0,0,0,W20_N5_mean1x,20,5,1.0,1909,Roll_hybrid_prediction,/home/tchowdh4/sensor_recovery_project/logs/extracted_csv/baseline_05_mixed_maneuver_ATT.csv,/home/tchowdh4/sensor_recovery_project/prediction_results_v9_trained_hybrid/baseline_05_mixed_maneuver_ATT_trained_hybrid_prediction_outputs.csv
8.499932,baseline_05_mixed_maneuver,Roll,pulse,0.082456,0,0.0766520351171493,0.0766520351171493,0.0817212346941232,-0.005069199576973896,0.005069199576973896,0.010307,0,0.0,0.00342466374859214,0,0,0,W20_N5_mean1x,20,5,1.0,1909,Roll_hybrid_prediction,/home/tchowdh4/sensor_recovery_project/logs/extracted_csv/baseline_05_mixed_maneuver_ATT.csv,/home/tchowdh4/sensor_recovery_project/prediction_results_v9_trained_hybrid/baseline_05_mixed_maneuver_ATT_trained_hybrid_prediction_outputs.csv
8.599892,baseline_05_mixed_maneuver,Roll,pulse,0.082456,0,0.0839254334568977,0.0839254334568977,0.0886531423777341,-0.004727708920836404,0.004727708920836404,0.010307,0,0.0,0.003484716881066565,0,0,0,W20_N5_mean1x,20,5,1.0,1909,Roll_hybrid_prediction,/home/tchowdh4/sensor_recovery_project/logs/extracted_csv/baseline_05_mixed_maneuver_ATT.csv,/home/tchowdh4/sensor_recovery_project/prediction_results_v9_trained_hybrid/baseline_05_mixed_maneuver_ATT_trained_hybrid_prediction_outputs.csv
8.699852,baseline_05_mixed_maneuver,Roll,pulse,0.082456,0,0.0849470421671867,0.0849470421671867,0.0856110878288745,-0.0006640456616878038,0.0006640456616878038,0.010307,0,0.0,0.003252101372927435,0,0,0,W20_N5_mean1x,20,5,1.0,1909,Roll_hybrid_prediction,/home/tchowdh4/sensor_recovery_project/logs/extracted_csv/baseline_05_mixed_maneuver_ATT.csv,/home/tchowdh4/sensor_recovery_project/prediction_results_v9_trained_hybrid/baseline_05_mixed_maneuver_ATT_trained_hybrid_prediction_outputs.csv
8.799812,baseline_05_mixed_maneuver,Roll,pulse,0.082456,0,0.0829836726188659,0.0829836726188659,0.0817074824124573,0.001276190206408595,0.001276190206408595,0.010307,0,0.0,0.00323602931573988,0,0,0,W20_N5_mean1x,20,5,1.0,1909,Roll_hybrid_prediction,/home/tchowdh4/sensor_recovery_project/logs/extracted_csv/baseline_05_mixed_maneuver_ATT.csv,/home/tchowdh4/sensor_recovery_project/prediction_results_v9_trained_hybrid/baseline_05_mixed_maneuver_ATT_trained_hybrid_prediction_outputs.csv
8.900605,baseline_05_mixed_maneuver,Roll,pulse,0.082456,0,0.0820360109210014,0.0820360109210014,0.0814200308173894,0.0006159801036120099,0.0006159801036120099,0.010307,0,0.0,0.002777678091079011,0,0,0,W20_N5_mean1x,20,5,1.0,1909,Roll_hybrid_prediction,/home/tchowdh4/sensor_recovery_project/logs/extracted_csv/baseline_05_mixed_maneuver_ATT.csv,/home/tchowdh4/sensor_recovery_project/prediction_results_v9_trained_hybrid/baseline_05_mixed_maneuver_ATT_trained_hybrid_prediction_outputs.csv
9.000565,baseline_05_mixed_maneuver,Roll,pulse,0.082456,0,0.0788385048508644,0.0788385048508644,0.0767601259052753,0.002078378945589099,0.002078378945589099,0.010307,0,0.0,0.002550029922276746,0,0,0,W20_N5_mean1x,20,5,1.0,1909,Roll_hybrid_prediction,/home/tchowdh4/sensor_recovery_project/logs/extracted_csv/baseline_05_mixed_maneuver_ATT.csv,/home/tchowdh4/sensor_recovery_project/prediction_results_v9_trained_hybrid/baseline_05_mixed_maneuver_ATT_trained_hybrid_prediction_outputs.csv
9.100525,baseline_05_mixed_maneuver,Roll,pulse,0.082456,0,0.0790591016411781,0.0790591016411781,0.079202489554882,-0.00014338791370389903,0.00014338791370389903,0.010307,0,0.0,0.002470811344683181,0,0,0,W20_N5_mean1x,20,5,1.0,1909,Roll_hybrid_prediction,/home/tchowdh4/sensor_recovery_project/logs/extracted_csv/baseline_05_mixed_maneuver_ATT.csv,/home/tchowdh4/sensor_recovery_project/prediction_results_v9_trained_hybrid/baseline_05_mixed_maneuver_ATT_trained_hybrid_prediction_outputs.csv
9.200485,baseline_05_mixed_maneuver,Roll,pulse,0.082456,0,0.0740343928337097,0.0740343928337097,0.0707683321088552,0.003266060724854497,0.003266060724854497,0.010307,0,0.0,0.0026076875254511913,0,0,0,W20_N5_mean1x,20,5,1.0,1909,Roll_hybrid_prediction,/home/tchowdh4/sensor_recovery_project/logs/extracted_csv/baseline_05_mixed_maneuver_ATT.csv,/home/tchowdh4/sensor_recovery_project/prediction_results_v9_trained_hybrid/baseline_05_mixed_maneuver_ATT_trained_hybrid_prediction_outputs.csv
9.300445,baseline_05_mixed_maneuver,Roll,pulse,0.082456,0,0.0741685852408409,0.0741685852408409,0.0742558103054761,-8.72250646351963e-05,8.72250646351963e-05,0.010307,0,0.0,0.0026028729788959057,0,0,0,W20_N5_mean1x,20,5,1.0,1909,Roll_hybrid_prediction,/home/tchowdh4/sensor_recovery_project/logs/extracted_csv/baseline_05_mixed_maneuver_ATT.csv,/home/tchowdh4/sensor_recovery_project/prediction_results_v9_trained_hybrid/baseline_05_mixed_maneuver_ATT_trained_hybrid_prediction_outputs.csv
9.400405,baseline_05_mixed_maneuver,Roll,pulse,0.082456,0,0.0712638720870018,0.0712638720870018,0.0693758085370063,0.0018880635499955029,0.0018880635499955029,0.010307,0,0.0,0.002620479743927721,0,0,0,W20_N5_mean1x,20,5,1.0,1909,Roll_hybrid_prediction,/home/tchowdh4/sensor_recovery_project/logs/extracted_csv/baseline_05_mixed_maneuver_ATT.csv,/home/tchowdh4/sensor_recovery_project/prediction_results_v9_trained_hybrid/baseline_05_mixed_maneuver_ATT_trained_hybrid_prediction_outputs.csv
9.500365,baseline_05_mixed_maneuver,Roll,pulse,0.082456,0,0.077703908085823,0.077703908085823,0.0818899314850567,-0.004186023399233699,0.004186023399233699,0.010307,0,0.0,0.0027874268032610358,0,0,0,W20_N5_mean1x,20,5,1.0,1909,Roll_hybrid_prediction,/home/tchowdh4/sensor_recovery_project/logs/extracted_csv/baseline_05_mixed_maneuver_ATT.csv,/home/tchowdh4/sensor_recovery_project/prediction_results_v9_trained_hybrid/baseline_05_mixed_maneuver_ATT_trained_hybrid_prediction_outputs.csv
9.600325,baseline_05_mixed_maneuver,Roll,pulse,0.082456,0,0.0797447934746742,0.0797447934746742,0.0810713689774274,-0.0013265755027531967,0.0013265755027531967,0.010307,0,0.0,0.0025950766727328204,0,0,0,W20_N5_mean1x,20,5,1.0,1909,Roll_hybrid_prediction,/home/tchowdh4/sensor_recovery_project/logs/extracted_csv/baseline_05_mixed_maneuver_ATT.csv,/home/tchowdh4/sensor_recovery_project/prediction_results_v9_trained_hybrid/baseline_05_mixed_maneuver_ATT_trained_hybrid_prediction_outputs.csv
9.700285,baseline_05_mixed_maneuver,Roll,pulse,0.082456,0,0.0791576281189918,0.0791576281189918,0.0787759706377982,0.00038165748119359244,0.00038165748119359244,0.010307,0,0.0,0.00258782349526882,0,0,0,W20_N5_mean1x,20,5,1.0,1909,Roll_hybrid_prediction,/home/tchowdh4/sensor_recovery_project/logs/extracted_csv/baseline_05_mixed_maneuver_ATT.csv,/home/tchowdh4/sensor_recovery_project/prediction_results_v9_trained_hybrid/baseline_05_mixed_maneuver_ATT_trained_hybrid_prediction_outputs.csv
9.800245,baseline_05_mixed_maneuver,Roll,pulse,0.082456,0,0.0738231986761093,0.0738231986761093,0.0703558195382356,0.003467379137873705,0.003467379137873705,0.010307,0,0.0,0.0025236846692860103,0,0,0,W20_N5_mean1x,20,5,1.0,1909,Roll_hybrid_prediction,/home/tchowdh4/sensor_recovery_project/logs/extracted_csv/baseline_05_mixed_maneuver_ATT.csv,/home/tchowdh4/sensor_recovery_project/prediction_results_v9_trained_hybrid/baseline_05_mixed_maneuver_ATT_trained_hybrid_prediction_outputs.csv
9.900205,baseline_05_mixed_maneuver,Roll,pulse,0.082456,0,0.069760538637638,0.069760538637638,0.0671198096126316,0.002640729025006394,0.002640729025006394,0.010307,0,0.0,0.002402740949764845,0,0,0,W20_N5_mean1x,20,5,1.0,1909,Roll_hybrid_prediction,/home/tchowdh4/sensor_recovery_project/logs/extracted_csv/baseline_05_mixed_maneuver_ATT.csv,/home/tchowdh4/sensor_recovery_project/prediction_results_v9_trained_hybrid/baseline_05_mixed_maneuver_ATT_trained_hybrid_prediction_outputs.csv
10.000165,baseline_05_mixed_maneuver,Roll,pulse,0.082456,0,0.0666991248726844,0.0666991248726844,0.0647092059254645,0.001989918947219893,0.001989918947219893,0.010307,0,0.0,0.0023183082882314945,0,0,0,W20_N5_mean1x,20,5,1.0,1909,Roll_hybrid_prediction,/home/tchowdh4/sensor_recovery_project/logs/extracted_csv/baseline_05_mixed_maneuver_ATT.csv,/home/tchowdh4/sensor_recovery_project/prediction_results_v9_trained_hybrid/baseline_05_mixed_maneuver_ATT_trained_hybrid_prediction_outputs.csv
10.100125,baseline_05_mixed_maneuver,Roll,pulse,0.082456,0,0.0709486231207847,0.0709486231207847,0.0737107969820499,-0.002762173861265191,0.002762173861265191,0.010307,0,0.0,0.0021812215633690386,0,0,0,W20_N5_mean1x,20,5,1.0,1909,Roll_hybrid_prediction,/home/tchowdh4/sensor_recovery_project/logs/extracted_csv/baseline_05_mixed_maneuver_ATT.csv,/home/tchowdh4/sensor_recovery_project/prediction_results_v9_trained_hybrid/baseline_05_mixed_maneuver_ATT_trained_hybrid_prediction_outputs.csv
10.200085,baseline_05_mixed_maneuver,Roll,pulse,0.082456,0,0.0729780420660972,0.0729780420660972,0.0742971643805503,-0.0013191223144530945,0.0013191223144530945,0.010307,0,0.0,0.002068682052195078,0,0,0,W20_N5_mean1x,20,5,1.0,1909,Roll_hybrid_prediction,/home/tchowdh4/sensor_recovery_project/logs/extracted_csv/baseline_05_mixed_maneuver_ATT.csv,/home/tchowdh4/sensor_recovery_project/prediction_results_v9_trained_hybrid/baseline_05_mixed_maneuver_ATT_trained_hybrid_prediction_outputs.csv
10.300045,baseline_05_mixed_maneuver,Roll,pulse,0.082456,0,0.0794527679681778,0.0794527679681778,0.0836613398045301,-0.004208571836352301,0.004208571836352301,0.010307,0,0.0,0.0021196840889751933,0,0,0,W20_N5_mean1x,20,5,1.0,1909,Roll_hybrid_prediction,/home/tchowdh4/sensor_recovery_project/logs/extracted_csv/baseline_05_mixed_maneuver_ATT.csv,/home/tchowdh4/sensor_recovery_project/prediction_results_v9_trained_hybrid/baseline_05_mixed_maneuver_ATT_trained_hybrid_prediction_outputs.csv
10.400005,baseline_05_mixed_maneuver,Roll,pulse,0.082456,0,0.0772342458367347,0.0772342458367347,0.0757922064512966,0.0014420393854381042,0.0014420393854381042,0.010307,0,0.0,0.0021770215779543037,0,0,0,W20_N5_mean1x,20,5,1.0,1909,Roll_hybrid_prediction,/home/tchowdh4/sensor_recovery_project/logs/extracted_csv/baseline_05_mixed_maneuver_ATT.csv,/home/tchowdh4/sensor_recovery_project/prediction_results_v9_trained_hybrid/baseline_05_mixed_maneuver_ATT_trained_hybrid_prediction_outputs.csv
10.499965,baseline_05_mixed_maneuver,Roll,pulse,0.082456,0,0.0730076879262924,0.0730076879262924,0.0702604252845049,0.0027472626417875123,0.0027472626417875123,0.010307,0,0.0,0.0020609247311949843,0,0,0,W20_N5_mean1x,20,5,1.0,1909,Roll_hybrid_prediction,/home/tchowdh4/sensor_recovery_project/logs/extracted_csv/baseline_05_mixed_maneuver_ATT.csv,/home/tchowdh4/sensor_recovery_project/prediction_results_v9_trained_hybrid/baseline_05_mixed_maneuver_ATT_trained_hybrid_prediction_outputs.csv
10.599925,baseline_05_mixed_maneuver,Roll,pulse,0.082456,0,0.0670112669467926,0.0670112669467926,0.0631135933101177,0.0038976736366748976,0.0038976736366748976,0.010307,0,0.0,0.0020194229669869093,0,0,0,W20_N5_mean1x,20,5,1.0,1909,Roll_hybrid_prediction,/home/tchowdh4/sensor_recovery_project/logs/extracted_csv/baseline_05_mixed_maneuver_ATT.csv,/home/tchowdh4/sensor_recovery_project/prediction_results_v9_trained_hybrid/baseline_05_mixed_maneuver_ATT_trained_hybrid_prediction_outputs.csv
10.699885,baseline_05_mixed_maneuver,Roll,pulse,0.082456,0,0.0704742521047592,0.0704742521047592,0.0727251924574374,-0.002250940352678199,0.002250940352678199,0.010307,0,0.0,0.002098767701536429,0,0,0,W20_N5_mean1x,20,5,1.0,1909,Roll_hybrid_prediction,/home/tchowdh4/sensor_recovery_project/logs/extracted_csv/baseline_05_mixed_maneuver_ATT.csv,/home/tchowdh4/sensor_recovery_project/prediction_results_v9_trained_hybrid/baseline_05_mixed_maneuver_ATT_trained_hybrid_prediction_outputs.csv
10.799845,baseline_05_mixed_maneuver,Roll,pulse,0.082456,0,0.0794757083058357,0.0794757083058357,0.0853266548365354,-0.005850946530699702,0.005850946530699702,0.010307,0,0.0,0.002327505517750984,0,0,0,W20_N5_mean1x,20,5,1.0,1909,Roll_hybrid_prediction,/home/tchowdh4/sensor_recovery_project/logs/extracted_csv/baseline_05_mixed_maneuver_ATT.csv,/home/tchowdh4/sensor_recovery_project/prediction_results_v9_trained_hybrid/baseline_05_mixed_maneuver_ATT_trained_hybrid_prediction_outputs.csv
10.899805,baseline_05_mixed_maneuver,Roll,pulse,0.082456,0,0.0899068787693977,0.0899068787693977,0.096687139570713,-0.006780260801315302,0.006780260801315302,0.010307,0,0.0,0.002635719552636149,0,0,0,W20_N5_mean1x,20,5,1.0,1909,Roll_hybrid_prediction,/home/tchowdh4/sensor_recovery_project/logs/extracted_csv/baseline_05_mixed_maneuver_ATT.csv,/home/tchowdh4/sensor_recovery_project/prediction_results_v9_trained_hybrid/baseline_05_mixed_maneuver_ATT_trained_hybrid_prediction_outputs.csv
11.000598,baseline_05_mixed_maneuver,Roll,pulse,0.082456,0,0.1003500670194625,0.1003500670194625,0.1071381393820046,-0.0067880723625421,0.0067880723625421,0.010307,0,0.0,0.0028712042234837988,0,0,0,W20_N5_mean1x,20,5,1.0,1909,Roll_hybrid_prediction,/home/tchowdh4/sensor_recovery_project/logs/extracted_csv/baseline_05_mixed_maneuver_ATT.csv,/home/tchowdh4/sensor_recovery_project/prediction_results_v9_trained_hybrid/baseline_05_mixed_maneuver_ATT_trained_hybrid_prediction_outputs.csv
11.100558,baseline_05_mixed_maneuver,Roll,pulse,0.082456,0,0.1080297976732254,0.1080297976732254,0.1130216225981712,-0.0049918249249457924,0.0049918249249457924,0.010307,0,0.0,0.0031136260740458935,0,0,0,W20_N5_mean1x,20,5,1.0,1909,Roll_hybrid_prediction,/home/tchowdh4/sensor_recovery_project/logs/extracted_csv/baseline_05_mixed_maneuver_ATT.csv,/home/tchowdh4/sensor_recovery_project/prediction_results_v9_trained_hybrid/baseline_05_mixed_maneuver_ATT_trained_hybrid_prediction_outputs.csv
11.200518,baseline_05_mixed_maneuver,Roll,pulse,0.082456,0,0.1045859232544899,0.1045859232544899,0.1023474048823118,0.0022385183721781027,0.0022385183721781027,0.010307,0,0.0,0.0030622489564120737,0,0,0,W20_N5_mean1x,20,5,1.0,1909,Roll_hybrid_prediction,/home/tchowdh4/sensor_recovery_project/logs/extracted_csv/baseline_05_mixed_maneuver_ATT.csv,/home/tchowdh4/sensor_recovery_project/prediction_results_v9_trained_hybrid/baseline_05_mixed_maneuver_ATT_trained_hybrid_prediction_outputs.csv
11.300478,baseline_05_mixed_maneuver,Roll,pulse,0.082456,0,0.0975022166967392,0.0975022166967392,0.0928978074342012,0.004604409262537995,0.004604409262537995,0.010307,0,0.0,0.0032881081663072137,0,0,0,W20_N5_mean1x,20,5,1.0,1909,Roll_hybrid_prediction,/home/tchowdh4/sensor_recovery_project/logs/extracted_csv/baseline_05_mixed_maneuver_ATT.csv,/home/tchowdh4/sensor_recovery_project/prediction_results_v9_trained_hybrid/baseline_05_mixed_maneuver_ATT_trained_hybrid_prediction_outputs.csv
11.400438,baseline_05_mixed_maneuver,Roll,pulse,0.082456,0,0.1028904989361763,0.1028904989361763,0.1063928823918104,-0.0035023834556340977,0.0035023834556340977,0.010307,0,0.0,0.0033688241615891434,0,0,0,W20_N5_mean1x,20,5,1.0,1909,Roll_hybrid_prediction,/home/tchowdh4/sensor_recovery_project/logs/extracted_csv/baseline_05_mixed_maneuver_ATT.csv,/home/tchowdh4/sensor_recovery_project/prediction_results_v9_trained_hybrid/baseline_05_mixed_maneuver_ATT_trained_hybrid_prediction_outputs.csv
11.500398,baseline_05_mixed_maneuver,Roll,pulse,0.082456,0,0.1148013472557067,0.1148013472557067,0.1225433986634014,-0.007742051407694697,0.007742051407694697,0.010307,0,0.0,0.0035466255620121936,0,0,0,W20_N5_mean1x,20,5,1.0,1909,Roll_hybrid_prediction,/home/tchowdh4/sensor_recovery_project/logs/extracted_csv/baseline_05_mixed_maneuver_ATT.csv,/home/tchowdh4/sensor_recovery_project/prediction_results_v9_trained_hybrid/baseline_05_mixed_maneuver_ATT_trained_hybrid_prediction_outputs.csv
11.600358,baseline_05_mixed_maneuver,Roll,pulse,0.082456,0,0.1258368641138076,0.1258368641138076,0.1330099500715731,-0.0071730859577655015,0.0071730859577655015,0.010307,0,0.0,0.003838951084762809,0,0,0,W20_N5_mean1x,20,5,1.0,1909,Roll_hybrid_prediction,/home/tchowdh4/sensor_recovery_project/logs/extracted_csv/baseline_05_mixed_maneuver_ATT.csv,/home/tchowdh4/sensor_recovery_project/prediction_results_v9_trained_hybrid/baseline_05_mixed_maneuver_ATT_trained_hybrid_prediction_outputs.csv
11.700318,baseline_05_mixed_maneuver,Roll,pulse,0.082456,0,0.1257576644420623,0.1257576644420623,0.1257061846554278,5.14797866345007e-05,5.14797866345007e-05,0.010307,0,0.0,0.0038224422000348542,0,0,0,W20_N5_mean1x,20,5,1.0,1909,Roll_hybrid_prediction,/home/tchowdh4/sensor_recovery_project/logs/extracted_csv/baseline_05_mixed_maneuver_ATT.csv,/home/tchowdh4/sensor_recovery_project/prediction_results_v9_trained_hybrid/baseline_05_mixed_maneuver_ATT_trained_hybrid_prediction_outputs.csv
11.800278,baseline_05_mixed_maneuver,Roll,pulse,0.082456,0,0.1229271069169044,0.1229271069169044,0.1210872445255517,0.001839862391352698,0.001839862391352698,0.010307,0,0.0,0.003741066362708804,0,0,0,W20_N5_mean1x,20,5,1.0,1909,Roll_hybrid_prediction,/home/tchowdh4/sensor_recovery_project/logs/extracted_csv/baseline_05_mixed_maneuver_ATT.csv,/home/tchowdh4/sensor_recovery_project/prediction_results_v9_trained_hybrid/baseline_05_mixed_maneuver_ATT_trained_hybrid_prediction_outputs.csv
11.900238,baseline_05_mixed_maneuver,Roll,pulse,0.082456,0,0.1176536679267883,0.1176536679267883,0.1142259325832128,0.0034277353435755026,0.0034277353435755026,0.010307,0,0.0,0.0037804166786372592,0,0,0,W20_N5_mean1x,20,5,1.0,1909,Roll_hybrid_prediction,/home/tchowdh4/sensor_recovery_project/logs/extracted_csv/baseline_05_mixed_maneuver_ATT.csv,/home/tchowdh4/sensor_recovery_project/prediction_results_v9_trained_hybrid/baseline_05_mixed_maneuver_ATT_trained_hybrid_prediction_outputs.csv
12.000198,baseline_05_mixed_maneuver,Roll,pulse,0.082456,0,0.1130034178495407,0.1130034178495407,0.1099807552993297,0.003022662550210997,0.003022662550210997,0.010307,0,0.0,0.0038320538587868144,0,0,0,W20_N5_mean1x,20,5,1.0,1909,Roll_hybrid_prediction,/home/tchowdh4/sensor_recovery_project/logs/extracted_csv/baseline_05_mixed_maneuver_ATT.csv,/home/tchowdh4/sensor_recovery_project/prediction_results_v9_trained_hybrid/baseline_05_mixed_maneuver_ATT_trained_hybrid_prediction_outputs.csv
12.100158,baseline_05_mixed_maneuver,Roll,pulse,0.082456,0,0.1093659773468971,0.1093659773468971,0.1070016410201787,0.002364336326718397,0.002364336326718397,0.010307,0,0.0,0.0038121619820594746,0,0,0,W20_N5_mean1x,20,5,1.0,1909,Roll_hybrid_prediction,/home/tchowdh4/sensor_recovery_project/logs/extracted_csv/baseline_05_mixed_maneuver_ATT.csv,/home/tchowdh4/sensor_recovery_project/prediction_results_v9_trained_hybrid/baseline_05_mixed_maneuver_ATT_trained_hybrid_prediction_outputs.csv
12.200118,baseline_05_mixed_maneuver,Roll,pulse,0.082456,0,0.1062376946210861,0.1062376946210861,0.1042043108493089,0.0020333837717772113,0.0020333837717772113,0.010307,0,0.0,0.0038478750549256805,0,0,0,W20_N5_mean1x,20,5,1.0,1909,Roll_hybrid_prediction,/home/tchowdh4/sensor_recovery_project/logs/extracted_csv/baseline_05_mixed_maneuver_ATT.csv,/home/tchowdh4/sensor_recovery_project/prediction_results_v9_trained_hybrid/baseline_05_mixed_maneuver_ATT_trained_hybrid_prediction_outputs.csv
12.300078,baseline_05_mixed_maneuver,Roll,pulse,0.082456,0,0.1038919314742088,0.1038919314742088,0.1023671854287385,0.0015247460454703016,0.0015247460454703016,0.010307,0,0.0,0.0037136837653815808,0,0,0,W20_N5_mean1x,20,5,1.0,1909,Roll_hybrid_prediction,/home/tchowdh4/sensor_recovery_project/logs/extracted_csv/baseline_05_mixed_maneuver_ATT.csv,/home/tchowdh4/sensor_recovery_project/prediction_results_v9_trained_hybrid/baseline_05_mixed_maneuver_ATT_trained_hybrid_prediction_outputs.csv
12.400038,baseline_05_mixed_maneuver,Roll,pulse,0.082456,0,0.1016953438520431,0.1016953438520431,0.1002675618976353,0.0014277819544077919,0.0014277819544077919,0.010307,0,0.0,0.003712970893830065,0,0,0,W20_N5_mean1x,20,5,1.0,1909,Roll_hybrid_prediction,/home/tchowdh4/sensor_recovery_project/logs/extracted_csv/baseline_05_mixed_maneuver_ATT.csv,/home/tchowdh4/sensor_recovery_project/prediction_results_v9_trained_hybrid/baseline_05_mixed_maneuver_ATT_trained_hybrid_prediction_outputs.csv
12.499998,baseline_05_mixed_maneuver,Roll,pulse,0.082456,0,0.1000936925411224,0.1000936925411224,0.0990526191890239,0.0010410733520984927,0.0010410733520984927,0.010307,0,0.0,0.003627661429345614,0,0,0,W20_N5_mean1x,20,5,1.0,1909,Roll_hybrid_prediction,/home/tchowdh4/sensor_recovery_project/logs/extracted_csv/baseline_05_mixed_maneuver_ATT.csv,/home/tchowdh4/sensor_recovery_project/prediction_results_v9_trained_hybrid/baseline_05_mixed_maneuver_ATT_trained_hybrid_prediction_outputs.csv
12.599958,baseline_05_mixed_maneuver,Roll,pulse,0.082456,0,0.098623402416706,0.098623402416706,0.0976677138358353,0.0009556885808707088,0.0009556885808707088,0.010307,0,0.0,0.0034805621765554044,0,0,0,W20_N5_mean1x,20,5,1.0,1909,Roll_hybrid_prediction,/home/tchowdh4/sensor_recovery_project/logs/extracted_csv/baseline_05_mixed_maneuver_ATT.csv,/home/tchowdh4/sensor_recovery_project/prediction_results_v9_trained_hybrid/baseline_05_mixed_maneuver_ATT_trained_hybrid_prediction_outputs.csv
12.699918,baseline_05_mixed_maneuver,Roll,pulse,0.082456,0,0.0974741205573082,0.0974741205573082,0.0967270873486996,0.0007470332086085968,0.0007470332086085968,0.010307,0,0.0,0.0034053668193519244,0,0,0,W20_N5_mean1x,20,5,1.0,1909,Roll_hybrid_prediction,/home/tchowdh4/sensor_recovery_project/logs/extracted_csv/baseline_05_mixed_maneuver_ATT.csv,/home/tchowdh4/sensor_recovery_project/prediction_results_v9_trained_hybrid/baseline_05_mixed_maneuver_ATT_trained_hybrid_prediction_outputs.csv
12.799878,baseline_05_mixed_maneuver,Roll,pulse,0.082456,0,0.096236377954483,0.096236377954483,0.0954318452626466,0.0008045326918364043,0.0008045326918364043,0.010307,0,0.0,0.0031530461274087594,0,0,0,W20_N5_mean1x,20,5,1.0,1909,Roll_hybrid_prediction,/home/tchowdh4/sensor_recovery_project/logs/extracted_csv/baseline_05_mixed_maneuver_ATT.csv,/home/tchowdh4/sensor_recovery_project/prediction_results_v9_trained_hybrid/baseline_05_mixed_maneuver_ATT_trained_hybrid_prediction_outputs.csv
12.899838,baseline_05_mixed_maneuver,Roll,pulse,0.082456,0,0.0846515521407127,0.0846515521407127,0.077121415361762,0.007530136778950702,0.007530136778950702,0.010307,0,0.0,0.0031905399262905296,0,0,0,W20_N5_mean1x,20,5,1.0,1909,Roll_hybrid_prediction,/home/tchowdh4/sensor_recovery_project/logs/extracted_csv/baseline_05_mixed_maneuver_ATT.csv,/home/tchowdh4/sensor_recovery_project/prediction_results_v9_trained_hybrid/baseline_05_mixed_maneuver_ATT_trained_hybrid_prediction_outputs.csv
12.999798,baseline_05_mixed_maneuver,Roll,pulse,0.082456,0,0.0706777870655059,0.0706777870655059,0.0615948397666214,0.009082947298884501,0.009082947298884501,0.010307,0,0.0,0.0033052836731076495,0,0,0,W20_N5_mean1x,20,5,1.0,1909,Roll_hybrid_prediction,/home/tchowdh4/sensor_recovery_project/logs/extracted_csv/baseline_05_mixed_maneuver_ATT.csv,/home/tchowdh4/sensor_recovery_project/prediction_results_v9_trained_hybrid/baseline_05_mixed_maneuver_ATT_trained_hybrid_prediction_outputs.csv
13.100591,baseline_05_mixed_maneuver,Roll,pulse,0.082456,0,0.0600844919681549,0.0600844919681549,0.0531988501548767,0.0068856418132782,0.0068856418132782,0.010307,0,0.0,0.00339997451752427,0,0,0,W20_N5_mean1x,20,5,1.0,1909,Roll_hybrid_prediction,/home/tchowdh4/sensor_recovery_project/logs/extracted_csv/baseline_05_mixed_maneuver_ATT.csv,/home/tchowdh4/sensor_recovery_project/prediction_results_v9_trained_hybrid/baseline_05_mixed_maneuver_ATT_trained_hybrid_prediction_outputs.csv
13.200551,baseline_05_mixed_maneuver,Roll,pulse,0.082456,0,0.0576158724725246,0.0576158724725246,0.0560112698003649,0.0016046026721596995,0.0016046026721596995,0.010307,0,0.0,0.00336827873252335,0,0,0,W20_N5_mean1x,20,5,1.0,1909,Roll_hybrid_prediction,/home/tchowdh4/sensor_recovery_project/logs/extracted_csv/baseline_05_mixed_maneuver_ATT.csv,/home/tchowdh4/sensor_recovery_project/prediction_results_v9_trained_hybrid/baseline_05_mixed_maneuver_ATT_trained_hybrid_prediction_outputs.csv
13.300511,baseline_05_mixed_maneuver,Roll,pulse,0.082456,0,0.0578625164926052,0.0578625164926052,0.0580228351056575,-0.000160318613052296,0.000160318613052296,0.010307,0,0.0,0.003146074200049065,0,0,0,W20_N5_mean1x,20,5,1.0,1909,Roll_hybrid_prediction,/home/tchowdh4/sensor_recovery_project/logs/extracted_csv/baseline_05_mixed_maneuver_ATT.csv,/home/tchowdh4/sensor_recovery_project/prediction_results_v9_trained_hybrid/baseline_05_mixed_maneuver_ATT_trained_hybrid_prediction_outputs.csv
13.400471,baseline_05_mixed_maneuver,Roll,pulse,0.082456,0,0.0636958330869674,0.0636958330869674,0.0674874888733028,-0.0037916557863354045,0.0037916557863354045,0.010307,0,0.0,0.0031605378165841303,0,0,0,W20_N5_mean1x,20,5,1.0,1909,Roll_hybrid_prediction,/home/tchowdh4/sensor_recovery_project/logs/extracted_csv/baseline_05_mixed_maneuver_ATT.csv,/home/tchowdh4/sensor_recovery_project/prediction_results_v9_trained_hybrid/baseline_05_mixed_maneuver_ATT_trained_hybrid_prediction_outputs.csv
13.500431,baseline_05_mixed_maneuver,Roll,pulse,0.082456,0,0.0685402601957321,0.0685402601957321,0.0716891378164291,-0.003148877620697002,0.003148877620697002,0.010307,0,0.0,0.0029308791272342457,0,0,0,W20_N5_mean1x,20,5,1.0,1909,Roll_hybrid_prediction,/home/tchowdh4/sensor_recovery_project/logs/extracted_csv/baseline_05_mixed_maneuver_ATT.csv,/home/tchowdh4/sensor_recovery_project/prediction_results_v9_trained_hybrid/baseline_05_mixed_maneuver_ATT_trained_hybrid_prediction_outputs.csv
13.600391,baseline_05_mixed_maneuver,Roll,pulse,0.082456,0,0.0723931863903999,0.0723931863903999,0.0748975884169339,-0.002504402026534,0.002504402026534,0.010307,0,0.0,0.0026974449306726702,0,0,0,W20_N5_mean1x,20,5,1.0,1909,Roll_hybrid_prediction,/home/tchowdh4/sensor_recovery_project/logs/extracted_csv/baseline_05_mixed_maneuver_ATT.csv,/home/tchowdh4/sensor_recovery_project/prediction_results_v9_trained_hybrid/baseline_05_mixed_maneuver_ATT_trained_hybrid_prediction_outputs.csv
13.700351,baseline_05_mixed_maneuver,Roll,pulse,0.082456,0,0.0740751922130584,0.0740751922130584,0.0751684959977864,-0.0010933037847279947,0.0010933037847279947,0.010307,0,0.0,0.0027495361305773453,0,0,0,W20_N5_mean1x,20,5,1.0,1909,Roll_hybrid_prediction,/home/tchowdh4/sensor_recovery_project/logs/extracted_csv/baseline_05_mixed_maneuver_ATT.csv,/home/tchowdh4/sensor_recovery_project/prediction_results_v9_trained_hybrid/baseline_05_mixed_maneuver_ATT_trained_hybrid_prediction_outputs.csv
13.800311,baseline_05_mixed_maneuver,Roll,pulse,0.082456,0,0.0762376263737678,0.0762376263737678,0.0776432085782288,-0.0014055822044610061,0.0014055822044610061,0.010307,0,0.0,0.0027278221212327603,0,0,0,W20_N5_mean1x,20,5,1.0,1909,Roll_hybrid_prediction,/home/tchowdh4/sensor_recovery_project/logs/extracted_csv/baseline_05_mixed_maneuver_ATT.csv,/home/tchowdh4/sensor_recovery_project/prediction_results_v9_trained_hybrid/baseline_05_mixed_maneuver_ATT_trained_hybrid_prediction_outputs.csv
13.900271,baseline_05_mixed_maneuver,Roll,pulse,0.082456,0,0.0813753977417945,0.0813753977417945,0.0847149491310118,-0.0033395513892172934,0.0033395513892172934,0.010307,0,0.0,0.0027234129235148502,0,0,0,W20_N5_mean1x,20,5,1.0,1909,Roll_hybrid_prediction,/home/tchowdh4/sensor_recovery_project/logs/extracted_csv/baseline_05_mixed_maneuver_ATT.csv,/home/tchowdh4/sensor_recovery_project/prediction_results_v9_trained_hybrid/baseline_05_mixed_maneuver_ATT_trained_hybrid_prediction_outputs.csv
14.000231,baseline_05_mixed_maneuver,Roll,pulse,0.082456,0,0.0821047723293304,0.0821047723293304,0.0825788658112287,-0.0004740934818982939,0.0004740934818982939,0.010307,0,0.0,0.0025959844700992147,0,0,0,W20_N5_mean1x,20,5,1.0,1909,Roll_hybrid_prediction,/home/tchowdh4/sensor_recovery_project/logs/extracted_csv/baseline_05_mixed_maneuver_ATT.csv,/home/tchowdh4/sensor_recovery_project/prediction_results_v9_trained_hybrid/baseline_05_mixed_maneuver_ATT_trained_hybrid_prediction_outputs.csv
14.100191,baseline_05_mixed_maneuver,Roll,pulse,0.082456,0,0.0836374834179878,0.0836374834179878,0.084633745625615,-0.0009962622076272049,0.0009962622076272049,0.010307,0,0.0,0.0025275807641446553,0,0,0,W20_N5_mean1x,20,5,1.0,1909,Roll_hybrid_prediction,/home/tchowdh4/sensor_recovery_project/logs/extracted_csv/baseline_05_mixed_maneuver_ATT.csv,/home/tchowdh4/sensor_recovery_project/prediction_results_v9_trained_hybrid/baseline_05_mixed_maneuver_ATT_trained_hybrid_prediction_outputs.csv
14.200151,baseline_05_mixed_maneuver,Roll,pulse,0.082456,0,0.0850609168410301,0.0850609168410301,0.0859861485660075,-0.00092523172497741,0.00092523172497741,0.010307,0,0.0,0.0024721731618046654,0,0,0,W20_N5_mean1x,20,5,1.0,1909,Roll_hybrid_prediction,/home/tchowdh4/sensor_recovery_project/logs/extracted_csv/baseline_05_mixed_maneuver_ATT.csv,/home/tchowdh4/sensor_recovery_project/prediction_results_v9_trained_hybrid/baseline_05_mixed_maneuver_ATT_trained_hybrid_prediction_outputs.csv
14.300111,baseline_05_mixed_maneuver,Roll,pulse,0.082456,0,0.0879454463720321,0.0879454463720321,0.0898203905671834,-0.0018749441951513013,0.0018749441951513013,0.010307,0,0.0,0.0024896830692887153,0,0,0,W20_N5_mean1x,20,5,1.0,1909,Roll_hybrid_prediction,/home/tchowdh4/sensor_recovery_project/logs/extracted_csv/baseline_05_mixed_maneuver_ATT.csv,/home/tchowdh4/sensor_recovery_project/prediction_results_v9_trained_hybrid/baseline_05_mixed_maneuver_ATT_trained_hybrid_prediction_outputs.csv
14.400071,baseline_05_mixed_maneuver,Roll,pulse,0.082456,0,0.0902961790561676,0.0902961790561676,0.0918241553008556,-0.0015279762446879924,0.0015279762446879924,0.010307,0,0.0,0.002494692783802725,0,0,0,W20_N5_mean1x,20,5,1.0,1909,Roll_hybrid_prediction,/home/tchowdh4/sensor_recovery_project/logs/extracted_csv/baseline_05_mixed_maneuver_ATT.csv,/home/tchowdh4/sensor_recovery_project/prediction_results_v9_trained_hybrid/baseline_05_mixed_maneuver_ATT_trained_hybrid_prediction_outputs.csv
14.500031,baseline_05_mixed_maneuver,Roll,pulse,0.082456,0,0.0891301706433296,0.0891301706433296,0.0883722651749849,0.0007579054683447134,0.0007579054683447134,0.010307,0,0.0,0.0024805343896150364,0,0,0,W20_N5_mean1x,20,5,1.0,1909,Roll_hybrid_prediction,/home/tchowdh4/sensor_recovery_project/logs/extracted_csv/baseline_05_mixed_maneuver_ATT.csv,/home/tchowdh4/sensor_recovery_project/prediction_results_v9_trained_hybrid/baseline_05_mixed_maneuver_ATT_trained_hybrid_prediction_outputs.csv
14.599991,baseline_05_mixed_maneuver,Roll,pulse,0.082456,0,0.094262957572937,0.094262957572937,0.0975992690771817,-0.003336311504244696,0.003336311504244696,0.010307,0,0.0,0.002599565535783736,0,0,0,W20_N5_mean1x,20,5,1.0,1909,Roll_hybrid_prediction,/home/tchowdh4/sensor_recovery_project/logs/extracted_csv/baseline_05_mixed_maneuver_ATT.csv,/home/tchowdh4/sensor_recovery_project/prediction_results_v9_trained_hybrid/baseline_05_mixed_maneuver_ATT_trained_hybrid_prediction_outputs.csv
14.699951,baseline_05_mixed_maneuver,Roll,pulse,0.082456,0,0.0960359796881675,0.0960359796881675,0.0971884440630673,-0.0011524643748997976,0.0011524643748997976,0.010307,0,0.0,0.002619837094098296,0,0,0,W20_N5_mean1x,20,5,1.0,1909,Roll_hybrid_prediction,/home/tchowdh4/sensor_recovery_project/logs/extracted_csv/baseline_05_mixed_maneuver_ATT.csv,/home/tchowdh4/sensor_recovery_project/prediction_results_v9_trained_hybrid/baseline_05_mixed_maneuver_ATT_trained_hybrid_prediction_outputs.csv
14.799911,baseline_05_mixed_maneuver,Roll,pulse,0.082456,0,0.0924534574151039,0.0924534574151039,0.0901248179376125,0.002328639477491401,0.002328639477491401,0.010307,0,0.0,0.0026960424333810455,0,0,0,W20_N5_mean1x,20,5,1.0,1909,Roll_hybrid_prediction,/home/tchowdh4/sensor_recovery_project/logs/extracted_csv/baseline_05_mixed_maneuver_ATT.csv,/home/tchowdh4/sensor_recovery_project/prediction_results_v9_trained_hybrid/baseline_05_mixed_maneuver_ATT_trained_hybrid_prediction_outputs.csv
14.899871,baseline_05_mixed_maneuver,Roll,pulse,0.082456,0,0.0906443297863006,0.0906443297863006,0.0894683968275784,0.0011759329587222034,0.0011759329587222034,0.010307,0,0.0,0.0023783322423696204,0,0,0,W20_N5_mean1x,20,5,1.0,1909,Roll_hybrid_prediction,/home/tchowdh4/sensor_recovery_project/logs/extracted_csv/baseline_05_mixed_maneuver_ATT.csv,/home/tchowdh4/sensor_recovery_project/prediction_results_v9_trained_hybrid/baseline_05_mixed_maneuver_ATT_trained_hybrid_prediction_outputs.csv
14.999831,baseline_05_mixed_maneuver,Roll,pulse,0.082456,0,0.0889094173908233,0.0889094173908233,0.087781724333763,0.0011276930570603,0.0011276930570603,0.010307,0,0.0,0.0019805695302784103,0,0,0,W20_N5_mean1x,20,5,1.0,1909,Roll_hybrid_prediction,/home/tchowdh4/sensor_recovery_project/logs/extracted_csv/baseline_05_mixed_maneuver_ATT.csv,/home/tchowdh4/sensor_recovery_project/prediction_results_v9_trained_hybrid/baseline_05_mixed_maneuver_ATT_trained_hybrid_prediction_outputs.csv
15.099791,baseline_05_mixed_maneuver,Roll,pulse,0.082456,0,0.0895989835262298,0.0895989835262298,0.090047201514244,-0.000448217988014199,0.000448217988014199,0.010307,0,0.0,0.0016586983390152106,0,0,0,W20_N5_mean1x,20,5,1.0,1909,Roll_hybrid_prediction,/home/tchowdh4/sensor_recovery_project/logs/extracted_csv/baseline_05_mixed_maneuver_ATT.csv,/home/tchowdh4/sensor_recovery_project/prediction_results_v9_trained_hybrid/baseline_05_mixed_maneuver_ATT_trained_hybrid_prediction_outputs.csv
15.200584,baseline_05_mixed_maneuver,Roll,pulse,0.082456,0,0.0896703675389289,0.0896703675389289,0.0897167671471833,-4.639960825439382e-05,4.639960825439382e-05,0.010307,0,0.0,0.0015807881858199452,0,0,0,W20_N5_mean1x,20,5,1.0,1909,Roll_hybrid_prediction,/home/tchowdh4/sensor_recovery_project/logs/extracted_csv/baseline_05_mixed_maneuver_ATT.csv,/home/tchowdh4/sensor_recovery_project/prediction_results_v9_trained_hybrid/baseline_05_mixed_maneuver_ATT_trained_hybrid_prediction_outputs.csv
15.300544,baseline_05_mixed_maneuver,Roll,pulse,0.082456,0,0.0837481096386909,0.0837481096386909,0.0798986420035362,0.003849467635154702,0.003849467635154702,0.010307,0,0.0,0.0017652456369250656,0,0,0,W20_N5_mean1x,20,5,1.0,1909,Roll_hybrid_prediction,/home/tchowdh4/sensor_recovery_project/logs/extracted_csv/baseline_05_mixed_maneuver_ATT.csv,/home/tchowdh4/sensor_recovery_project/prediction_results_v9_trained_hybrid/baseline_05_mixed_maneuver_ATT_trained_hybrid_prediction_outputs.csv
15.400504,baseline_05_mixed_maneuver,Roll,pulse,0.082456,0,0.0761796906590461,0.0761796906590461,0.0712602183222769,0.004919472336769204,0.004919472336769204,0.010307,0,0.0,0.0018216364644467555,0,0,0,W20_N5_mean1x,20,5,1.0,1909,Roll_hybrid_prediction,/home/tchowdh4/sensor_recovery_project/logs/extracted_csv/baseline_05_mixed_maneuver_ATT.csv,/home/tchowdh4/sensor_recovery_project/prediction_results_v9_trained_hybrid/baseline_05_mixed_maneuver_ATT_trained_hybrid_prediction_outputs.csv
15.500464,baseline_05_mixed_maneuver,Roll,pulse,0.082456,0,0.0718298107385635,0.0718298107385635,0.0690023887902498,0.002827421948313702,0.002827421948313702,0.010307,0,0.0,0.0018055636808275905,0,0,0,W20_N5_mean1x,20,5,1.0,1909,Roll_hybrid_prediction,/home/tchowdh4/sensor_recovery_project/logs/extracted_csv/baseline_05_mixed_maneuver_ATT.csv,/home/tchowdh4/sensor_recovery_project/prediction_results_v9_trained_hybrid/baseline_05_mixed_maneuver_ATT_trained_hybrid_prediction_outputs.csv
15.600424,baseline_05_mixed_maneuver,Roll,pulse,0.082456,0,0.0698298960924148,0.0698298960924148,0.0685299515724181,0.0012999445199966958,0.0012999445199966958,0.010307,0,0.0,0.0017453408055007253,0,0,0,W20_N5_mean1x,20,5,1.0,1909,Roll_hybrid_prediction,/home/tchowdh4/sensor_recovery_project/logs/extracted_csv/baseline_05_mixed_maneuver_ATT.csv,/home/tchowdh4/sensor_recovery_project/prediction_results_v9_trained_hybrid/baseline_05_mixed_maneuver_ATT_trained_hybrid_prediction_outputs.csv
15.700384,baseline_05_mixed_maneuver,Roll,pulse,0.082456,0,0.0737867504358291,0.0737867504358291,0.0763587057590483,-0.002571955323219202,0.002571955323219202,0.010307,0,0.0,0.0018192733824252856,0,0,0,W20_N5_mean1x,20,5,1.0,1909,Roll_hybrid_prediction,/home/tchowdh4/sensor_recovery_project/logs/extracted_csv/baseline_05_mixed_maneuver_ATT.csv,/home/tchowdh4/sensor_recovery_project/prediction_results_v9_trained_hybrid/baseline_05_mixed_maneuver_ATT_trained_hybrid_prediction_outputs.csv
15.800344,baseline_05_mixed_maneuver,Roll,pulse,0.082456,0,0.0769262984395027,0.0769262984395027,0.0789670046418905,-0.002040706202387804,0.002040706202387804,0.010307,0,0.0,0.0018510295823216255,0,0,0,W20_N5_mean1x,20,5,1.0,1909,Roll_hybrid_prediction,/home/tchowdh4/sensor_recovery_project/logs/extracted_csv/baseline_05_mixed_maneuver_ATT.csv,/home/tchowdh4/sensor_recovery_project/prediction_results_v9_trained_hybrid/baseline_05_mixed_maneuver_ATT_trained_hybrid_prediction_outputs.csv
15.900304,baseline_05_mixed_maneuver,Roll,pulse,0.082456,0,0.075731337070465,0.075731337070465,0.0749546121805904,0.000776724889874611,0.000776724889874611,0.010307,0,0.0,0.0017228882573544913,0,0,0,W20_N5_mean1x,20,5,1.0,1909,Roll_hybrid_prediction,/home/tchowdh4/sensor_recovery_project/logs/extracted_csv/baseline_05_mixed_maneuver_ATT.csv,/home/tchowdh4/sensor_recovery_project/prediction_results_v9_trained_hybrid/baseline_05_mixed_maneuver_ATT_trained_hybrid_prediction_outputs.csv
16.000264,baseline_05_mixed_maneuver,Roll,pulse,0.082456,0,0.0748364925384521,0.0748364925384521,0.0742548435926437,0.0005816489458084079,0.0005816489458084079,0.010307,0,0.0,0.001728266030549997,0,0,0,W20_N5_mean1x,20,5,1.0,1909,Roll_hybrid_prediction,/home/tchowdh4/sensor_recovery_project/logs/extracted_csv/baseline_05_mixed_maneuver_ATT.csv,/home/tchowdh4/sensor_recovery_project/prediction_results_v9_trained_hybrid/baseline_05_mixed_maneuver_ATT_trained_hybrid_prediction_outputs.csv
16.100224,baseline_05_mixed_maneuver,Roll,pulse,0.082456,0,0.0707156956195831,0.0707156956195831,0.0680371776223182,0.002678517997264901,0.002678517997264901,0.010307,0,0.0,0.001812378820031882,0,0,0,W20_N5_mean1x,20,5,1.0,1909,Roll_hybrid_prediction,/home/tchowdh4/sensor_recovery_project/logs/extracted_csv/baseline_05_mixed_maneuver_ATT.csv,/home/tchowdh4/sensor_recovery_project/prediction_results_v9_trained_hybrid/baseline_05_mixed_maneuver_ATT_trained_hybrid_prediction_outputs.csv
16.200184,baseline_05_mixed_maneuver,Roll,pulse,0.082456,0,0.0696081593632698,0.0696081593632698,0.0688882607966661,0.000719898566603705,0.000719898566603705,0.010307,0,0.0,0.0018021121621131966,0,0,0,W20_N5_mean1x,20,5,1.0,1909,Roll_hybrid_prediction,/home/tchowdh4/sensor_recovery_project/logs/extracted_csv/baseline_05_mixed_maneuver_ATT.csv,/home/tchowdh4/sensor_recovery_project/prediction_results_v9_trained_hybrid/baseline_05_mixed_maneuver_ATT_trained_hybrid_prediction_outputs.csv
16.300144,baseline_05_mixed_maneuver,Roll,pulse,0.082456,0,0.059920284897089,0.059920284897089,0.0536231664940714,0.006297118403017596,0.006297118403017596,0.010307,0,0.0,0.0020232208725065115,0,0,0,W20_N5_mean1x,20,5,1.0,1909,Roll_hybrid_prediction,/home/tchowdh4/sensor_recovery_project/logs/extracted_csv/baseline_05_mixed_maneuver_ATT.csv,/home/tchowdh4/sensor_recovery_project/prediction_results_v9_trained_hybrid/baseline_05_mixed_maneuver_ATT_trained_hybrid_prediction_outputs.csv
16.400104,baseline_05_mixed_maneuver,Roll,pulse,0.082456,0,0.0509839877486228,0.0509839877486228,0.0451753946021197,0.005808593146503095,0.005808593146503095,0.010307,0,0.0,0.0022372517175972663,0,0,0,W20_N5_mean1x,20,5,1.0,1909,Roll_hybrid_prediction,/home/tchowdh4/sensor_recovery_project/logs/extracted_csv/baseline_05_mixed_maneuver_ATT.csv,/home/tchowdh4/sensor_recovery_project/prediction_results_v9_trained_hybrid/baseline_05_mixed_maneuver_ATT_trained_hybrid_prediction_outputs.csv
16.500064,baseline_05_mixed_maneuver,Roll,pulse,0.082456,0,0.0519126802682876,0.0519126802682876,0.0525163304060697,-0.0006036501377820955,0.0006036501377820955,0.010307,0,0.0,0.0022295389510691354,0,0,0,W20_N5_mean1x,20,5,1.0,1909,Roll_hybrid_prediction,/home/tchowdh4/sensor_recovery_project/logs/extracted_csv/baseline_05_mixed_maneuver_ATT.csv,/home/tchowdh4/sensor_recovery_project/prediction_results_v9_trained_hybrid/baseline_05_mixed_maneuver_ATT_trained_hybrid_prediction_outputs.csv
16.600024,baseline_05_mixed_maneuver,Roll,pulse,0.082456,0,0.0572261363267898,0.0572261363267898,0.0606798827648162,-0.0034537464380264005,0.0034537464380264005,0.010307,0,0.0,0.0022354106977582207,0,0,0,W20_N5_mean1x,20,5,1.0,1909,Roll_hybrid_prediction,/home/tchowdh4/sensor_recovery_project/logs/extracted_csv/baseline_05_mixed_maneuver_ATT.csv,/home/tchowdh4/sensor_recovery_project/prediction_results_v9_trained_hybrid/baseline_05_mixed_maneuver_ATT_trained_hybrid_prediction_outputs.csv
16.699984,baseline_05_mixed_maneuver,Roll,pulse,0.082456,0,0.0618379563093185,0.0618379563093185,0.0648356392979621,-0.002997682988643599,0.002997682988643599,0.010307,0,0.0,0.002327671628445411,0,0,0,W20_N5_mean1x,20,5,1.0,1909,Roll_hybrid_prediction,/home/tchowdh4/sensor_recovery_project/logs/extracted_csv/baseline_05_mixed_maneuver_ATT.csv,/home/tchowdh4/sensor_recovery_project/prediction_results_v9_trained_hybrid/baseline_05_mixed_maneuver_ATT_trained_hybrid_prediction_outputs.csv
16.799944,baseline_05_mixed_maneuver,Roll,pulse,0.082456,0,0.0636934414505958,0.0636934414505958,0.064899506792426,-0.0012060653418301953,0.0012060653418301953,0.010307,0,0.0,0.0022715429216623507,0,0,0,W20_N5_mean1x,20,5,1.0,1909,Roll_hybrid_prediction,/home/tchowdh4/sensor_recovery_project/logs/extracted_csv/baseline_05_mixed_maneuver_ATT.csv,/home/tchowdh4/sensor_recovery_project/prediction_results_v9_trained_hybrid/baseline_05_mixed_maneuver_ATT_trained_hybrid_prediction_outputs.csv
16.899904,baseline_05_mixed_maneuver,Roll,pulse,0.082456,0,0.0638301968574523,0.0638301968574523,0.063919087871909,-8.889101445670733e-05,8.889101445670733e-05,0.010307,0,0.0,0.002217190824449076,0,0,0,W20_N5_mean1x,20,5,1.0,1909,Roll_hybrid_prediction,/home/tchowdh4/sensor_recovery_project/logs/extracted_csv/baseline_05_mixed_maneuver_ATT.csv,/home/tchowdh4/sensor_recovery_project/prediction_results_v9_trained_hybrid/baseline_05_mixed_maneuver_ATT_trained_hybrid_prediction_outputs.csv
16.999864,baseline_05_mixed_maneuver,Roll,pulse,0.082456,0,0.0641032680869102,0.0641032680869102,0.0642807643860578,-0.0001774962991475948,0.0001774962991475948,0.010307,0,0.0,0.0021696809865534407,0,0,0,W20_N5_mean1x,20,5,1.0,1909,Roll_hybrid_prediction,/home/tchowdh4/sensor_recovery_project/logs/extracted_csv/baseline_05_mixed_maneuver_ATT.csv,/home/tchowdh4/sensor_recovery_project/prediction_results_v9_trained_hybrid/baseline_05_mixed_maneuver_ATT_trained_hybrid_prediction_outputs.csv
17.099824,baseline_05_mixed_maneuver,Roll,pulse,0.082456,0,0.0645044595003128,0.0645044595003128,0.0647652339190245,-0.0002607744187116956,0.0002607744187116956,0.010307,0,0.0,0.0021603088080883156,0,0,0,W20_N5_mean1x,20,5,1.0,1909,Roll_hybrid_prediction,/home/tchowdh4/sensor_recovery_project/logs/extracted_csv/baseline_05_mixed_maneuver_ATT.csv,/home/tchowdh4/sensor_recovery_project/prediction_results_v9_trained_hybrid/baseline_05_mixed_maneuver_ATT_trained_hybrid_prediction_outputs.csv
17.200617,baseline_05_mixed_maneuver,Roll,pulse,0.082456,0,0.065423771739006,0.065423771739006,0.0660213246941565,-0.0005975529551505016,0.0005975529551505016,0.010307,0,0.0,0.002187866475433121,0,0,0,W20_N5_mean1x,20,5,1.0,1909,Roll_hybrid_prediction,/home/tchowdh4/sensor_recovery_project/logs/extracted_csv/baseline_05_mixed_maneuver_ATT.csv,/home/tchowdh4/sensor_recovery_project/prediction_results_v9_trained_hybrid/baseline_05_mixed_maneuver_ATT_trained_hybrid_prediction_outputs.csv
17.300577,baseline_05_mixed_maneuver,Roll,pulse,0.082456,0,0.0619403086602687,0.0619403086602687,0.0596760576590894,0.0022642510011793016,0.0022642510011793016,0.010307,0,0.0,0.002108605643734351,0,0,0,W20_N5_mean1x,20,5,1.0,1909,Roll_hybrid_prediction,/home/tchowdh4/sensor_recovery_project/logs/extracted_csv/baseline_05_mixed_maneuver_ATT.csv,/home/tchowdh4/sensor_recovery_project/prediction_results_v9_trained_hybrid/baseline_05_mixed_maneuver_ATT_trained_hybrid_prediction_outputs.csv
17.400537,baseline_05_mixed_maneuver,Roll,pulse,0.082456,0,0.0608159489929676,0.0608159489929676,0.0600851152092218,0.0007308337837457976,0.0007308337837457976,0.010307,0,0.0,0.0018991737160831805,0,0,0,W20_N5_mean1x,20,5,1.0,1909,Roll_hybrid_prediction,/home/tchowdh4/sensor_recovery_project/logs/extracted_csv/baseline_05_mixed_maneuver_ATT.csv,/home/tchowdh4/sensor_recovery_project/prediction_results_v9_trained_hybrid/baseline_05_mixed_maneuver_ATT_trained_hybrid_prediction_outputs.csv
17.500497,baseline_05_mixed_maneuver,Roll,pulse,0.082456,0,0.0594623424112796,0.0594623424112796,0.0585824981331824,0.0008798442780972027,0.0008798442780972027,0.010307,0,0.0,0.0018017948325723555,0,0,0,W20_N5_mean1x,20,5,1.0,1909,Roll_hybrid_prediction,/home/tchowdh4/sensor_recovery_project/logs/extracted_csv/baseline_05_mixed_maneuver_ATT.csv,/home/tchowdh4/sensor_recovery_project/prediction_results_v9_trained_hybrid/baseline_05_mixed_maneuver_ATT_trained_hybrid_prediction_outputs.csv
17.600457,baseline_05_mixed_maneuver,Roll,pulse,0.082456,0,0.0612613707780838,0.0612613707780838,0.0624307392165065,-0.001169368438422698,0.001169368438422698,0.010307,0,0.0,0.0017952660284936556,0,0,0,W20_N5_mean1x,20,5,1.0,1909,Roll_hybrid_prediction,/home/tchowdh4/sensor_recovery_project/logs/extracted_csv/baseline_05_mixed_maneuver_ATT.csv,/home/tchowdh4/sensor_recovery_project/prediction_results_v9_trained_hybrid/baseline_05_mixed_maneuver_ATT_trained_hybrid_prediction_outputs.csv
17.700417,baseline_05_mixed_maneuver,Roll,pulse,0.082456,0,0.0643877312541008,0.0643877312541008,0.0664198655635118,-0.0020321343094110017,0.0020321343094110017,0.010307,0,0.0,0.0017682749778032455,0,0,0,W20_N5_mean1x,20,5,1.0,1909,Roll_hybrid_prediction,/home/tchowdh4/sensor_recovery_project/logs/extracted_csv/baseline_05_mixed_maneuver_ATT.csv,/home/tchowdh4/sensor_recovery_project/prediction_results_v9_trained_hybrid/baseline_05_mixed_maneuver_ATT_trained_hybrid_prediction_outputs.csv
17.800377,baseline_05_mixed_maneuver,Roll,pulse,0.082456,0,0.0657601207494735,0.0657601207494735,0.0666521739214657,-0.000892053171992202,0.000892053171992202,0.010307,0,0.0,0.0017108423262834655,0,0,0,W20_N5_mean1x,20,5,1.0,1909,Roll_hybrid_prediction,/home/tchowdh4/sensor_recovery_project/logs/extracted_csv/baseline_05_mixed_maneuver_ATT.csv,/home/tchowdh4/sensor_recovery_project/prediction_results_v9_trained_hybrid/baseline_05_mixed_maneuver_ATT_trained_hybrid_prediction_outputs.csv
17.900337,baseline_05_mixed_maneuver,Roll,pulse,0.082456,0,0.0614852048456668,0.0614852048456668,0.0587065095081924,0.0027786953374744003,0.0027786953374744003,0.010307,0,0.0,0.0018109408486634549,0,0,0,W20_N5_mean1x,20,5,1.0,1909,Roll_hybrid_prediction,/home/tchowdh4/sensor_recovery_project/logs/extracted_csv/baseline_05_mixed_maneuver_ATT.csv,/home/tchowdh4/sensor_recovery_project/prediction_results_v9_trained_hybrid/baseline_05_mixed_maneuver_ATT_trained_hybrid_prediction_outputs.csv
18.000297,baseline_05_mixed_maneuver,Roll,pulse,0.082456,0,0.0603580176830291,0.0603580176830291,0.0596253460273145,0.0007326716557145979,0.0007326716557145979,0.010307,0,0.0,0.0018184919841587645,0,0,0,W20_N5_mean1x,20,5,1.0,1909,Roll_hybrid_prediction,/home/tchowdh4/sensor_recovery_project/logs/extracted_csv/baseline_05_mixed_maneuver_ATT.csv,/home/tchowdh4/sensor_recovery_project/prediction_results_v9_trained_hybrid/baseline_05_mixed_maneuver_ATT_trained_hybrid_prediction_outputs.csv
18.100257,baseline_05_mixed_maneuver,Roll,pulse,0.082456,0,0.0518245697021484,0.0518245697021484,0.0462778285145759,0.0055467411875725,0.0055467411875725,0.010307,0,0.0,0.0019619031436741443,0,0,0,W20_N5_mean1x,20,5,1.0,1909,Roll_hybrid_prediction,/home/tchowdh4/sensor_recovery_project/logs/extracted_csv/baseline_05_mixed_maneuver_ATT.csv,/home/tchowdh4/sensor_recovery_project/prediction_results_v9_trained_hybrid/baseline_05_mixed_maneuver_ATT_trained_hybrid_prediction_outputs.csv
18.200217,baseline_05_mixed_maneuver,Roll,pulse,0.082456,0,0.047226183116436,0.047226183116436,0.0442372318357229,0.0029889512807130952,0.0029889512807130952,0.010307,0,0.0,0.002075355779379614,0,0,0,W20_N5_mean1x,20,5,1.0,1909,Roll_hybrid_prediction,/home/tchowdh4/sensor_recovery_project/logs/extracted_csv/baseline_05_mixed_maneuver_ATT.csv,/home/tchowdh4/sensor_recovery_project/prediction_results_v9_trained_hybrid/baseline_05_mixed_maneuver_ATT_trained_hybrid_prediction_outputs.csv
18.300177,baseline_05_mixed_maneuver,Roll,pulse,0.082456,0,0.0460011027753353,0.0460011027753353,0.0452048005536198,0.0007963022217154989,0.0007963022217154989,0.010307,0,0.0,0.001800314970314509,0,0,0,W20_N5_mean1x,20,5,1.0,1909,Roll_hybrid_prediction,/home/tchowdh4/sensor_recovery_project/logs/extracted_csv/baseline_05_mixed_maneuver_ATT.csv,/home/tchowdh4/sensor_recovery_project/prediction_results_v9_trained_hybrid/baseline_05_mixed_maneuver_ATT_trained_hybrid_prediction_outputs.csv
18.400137,baseline_05_mixed_maneuver,Roll,pulse,0.082456,0,0.0571427941322326,0.0571427941322326,0.0643848935142158,-0.007242099381983197,0.007242099381983197,0.010307,0,0.0,0.001871990282088514,0,0,0,W20_N5_mean1x,20,5,1.0,1909,Roll_hybrid_prediction,/home/tchowdh4/sensor_recovery_project/logs/extracted_csv/baseline_05_mixed_maneuver_ATT.csv,/home/tchowdh4/sensor_recovery_project/prediction_results_v9_trained_hybrid/baseline_05_mixed_maneuver_ATT_trained_hybrid_prediction_outputs.csv
18.500097,baseline_05_mixed_maneuver,Roll,pulse,0.082456,0,0.0641638040542602,0.0641638040542602,0.0687274605035781,-0.004563656449317902,0.004563656449317902,0.010307,0,0.0,0.0020699905976653043,0,0,0,W20_N5_mean1x,20,5,1.0,1909,Roll_hybrid_prediction,/home/tchowdh4/sensor_recovery_project/logs/extracted_csv/baseline_05_mixed_maneuver_ATT.csv,/home/tchowdh4/sensor_recovery_project/prediction_results_v9_trained_hybrid/baseline_05_mixed_maneuver_ATT_trained_hybrid_prediction_outputs.csv
18.600057,baseline_05_mixed_maneuver,Roll,pulse,0.082456,0,0.0690751150250434,0.0690751150250434,0.0722674671560524,-0.003192352131008991,0.003192352131008991,0.010307,0,0.0,0.002056920882314434,0,0,0,W20_N5_mean1x,20,5,1.0,1909,Roll_hybrid_prediction,/home/tchowdh4/sensor_recovery_project/logs/extracted_csv/baseline_05_mixed_maneuver_ATT.csv,/home/tchowdh4/sensor_recovery_project/prediction_results_v9_trained_hybrid/baseline_05_mixed_maneuver_ATT_trained_hybrid_prediction_outputs.csv
18.700017,baseline_05_mixed_maneuver,Roll,pulse,0.082456,0,0.074031725525856,0.074031725525856,0.0772535223513841,-0.0032217968255280893,0.0032217968255280893,0.010307,0,0.0,0.0020681265741586585,0,0,0,W20_N5_mean1x,20,5,1.0,1909,Roll_hybrid_prediction,/home/tchowdh4/sensor_recovery_project/logs/extracted_csv/baseline_05_mixed_maneuver_ATT.csv,/home/tchowdh4/sensor_recovery_project/prediction_results_v9_trained_hybrid/baseline_05_mixed_maneuver_ATT_trained_hybrid_prediction_outputs.csv
18.799977,baseline_05_mixed_maneuver,Roll,pulse,0.082456,0,0.0782585889101028,0.0782585889101028,0.0810060501098632,-0.0027474611997603954,0.0027474611997603954,0.010307,0,0.0,0.0021451963670551686,0,0,0,W20_N5_mean1x,20,5,1.0,1909,Roll_hybrid_prediction,/home/tchowdh4/sensor_recovery_project/logs/extracted_csv/baseline_05_mixed_maneuver_ATT.csv,/home/tchowdh4/sensor_recovery_project/prediction_results_v9_trained_hybrid/baseline_05_mixed_maneuver_ATT_trained_hybrid_prediction_outputs.csv
18.899937,baseline_05_mixed_maneuver,Roll,pulse,0.082456,0,0.0822327136993408,0.0822327136993408,0.0848158948123455,-0.0025831811130046928,0.0025831811130046928,0.010307,0,0.0,0.0022699108719825677,0,0,0,W20_N5_mean1x,20,5,1.0,1909,Roll_hybrid_prediction,/home/tchowdh4/sensor_recovery_project/logs/extracted_csv/baseline_05_mixed_maneuver_ATT.csv,/home/tchowdh4/sensor_recovery_project/prediction_results_v9_trained_hybrid/baseline_05_mixed_maneuver_ATT_trained_hybrid_prediction_outputs.csv
18.999897,baseline_05_mixed_maneuver,Roll,pulse,0.082456,0,0.0822782516479492,0.0822782516479492,0.0823078513145446,-2.9599666595395147e-05,2.9599666595395147e-05,0.010307,0,0.0,0.0022625160403549577,0,0,0,W20_N5_mean1x,20,5,1.0,1909,Roll_hybrid_prediction,/home/tchowdh4/sensor_recovery_project/logs/extracted_csv/baseline_05_mixed_maneuver_ATT.csv,/home/tchowdh4/sensor_recovery_project/prediction_results_v9_trained_hybrid/baseline_05_mixed_maneuver_ATT_trained_hybrid_prediction_outputs.csv
19.099857,baseline_05_mixed_maneuver,Roll,pulse,0.082456,0,0.0840056762099266,0.0840056762099266,0.0851285021752119,-0.00112282596528529,0.00112282596528529,0.010307,0,0.0,0.0023056186176836375,0,0,0,W20_N5_mean1x,20,5,1.0,1909,Roll_hybrid_prediction,/home/tchowdh4/sensor_recovery_project/logs/extracted_csv/baseline_05_mixed_maneuver_ATT.csv,/home/tchowdh4/sensor_recovery_project/prediction_results_v9_trained_hybrid/baseline_05_mixed_maneuver_ATT_trained_hybrid_prediction_outputs.csv
19.199817,baseline_05_mixed_maneuver,Roll,pulse,0.082456,0,0.0804774388670921,0.0804774388670921,0.0781840845942496,0.00229335427284251,0.00229335427284251,0.010307,0,0.0,0.0023904086835682377,0,0,0,W20_N5_mean1x,20,5,1.0,1909,Roll_hybrid_prediction,/home/tchowdh4/sensor_recovery_project/logs/extracted_csv/baseline_05_mixed_maneuver_ATT.csv,/home/tchowdh4/sensor_recovery_project/prediction_results_v9_trained_hybrid/baseline_05_mixed_maneuver_ATT_trained_hybrid_prediction_outputs.csv
19.30061,baseline_05_mixed_maneuver,Roll,pulse,0.082456,0,0.0775459557771682,0.0775459557771682,0.0756404917687176,0.0019054640084506108,0.0019054640084506108,0.010307,0,0.0,0.0023724693339318035,0,0,0,W20_N5_mean1x,20,5,1.0,1909,Roll_hybrid_prediction,/home/tchowdh4/sensor_recovery_project/logs/extracted_csv/baseline_05_mixed_maneuver_ATT.csv,/home/tchowdh4/sensor_recovery_project/prediction_results_v9_trained_hybrid/baseline_05_mixed_maneuver_ATT_trained_hybrid_prediction_outputs.csv
19.40057,baseline_05_mixed_maneuver,Roll,pulse,0.082456,0,0.0737294256687164,0.0737294256687164,0.0712486810982227,0.002480744570493701,0.002480744570493701,0.010307,0,0.0,0.0024599648732691985,0,0,0,W20_N5_mean1x,20,5,1.0,1909,Roll_hybrid_prediction,/home/tchowdh4/sensor_recovery_project/logs/extracted_csv/baseline_05_mixed_maneuver_ATT.csv,/home/tchowdh4/sensor_recovery_project/prediction_results_v9_trained_hybrid/baseline_05_mixed_maneuver_ATT_trained_hybrid_prediction_outputs.csv
19.50053,baseline_05_mixed_maneuver,Roll,pulse,0.082456,0,0.0723406225442886,0.0723406225442886,0.0714379005134105,0.0009027220308781003,0.0009027220308781003,0.010307,0,0.0,0.0024611087609082436,0,0,0,W20_N5_mean1x,20,5,1.0,1909,Roll_hybrid_prediction,/home/tchowdh4/sensor_recovery_project/logs/extracted_csv/baseline_05_mixed_maneuver_ATT.csv,/home/tchowdh4/sensor_recovery_project/prediction_results_v9_trained_hybrid/baseline_05_mixed_maneuver_ATT_trained_hybrid_prediction_outputs.csv
19.60049,baseline_05_mixed_maneuver,Roll,pulse,0.082456,0,0.0755696967244148,0.0755696967244148,0.0776685949414968,-0.002098898217082007,0.002098898217082007,0.010307,0,0.0,0.002507585249841209,0,0,0,W20_N5_mean1x,20,5,1.0,1909,Roll_hybrid_prediction,/home/tchowdh4/sensor_recovery_project/logs/extracted_csv/baseline_05_mixed_maneuver_ATT.csv,/home/tchowdh4/sensor_recovery_project/prediction_results_v9_trained_hybrid/baseline_05_mixed_maneuver_ATT_trained_hybrid_prediction_outputs.csv
19.70045,baseline_05_mixed_maneuver,Roll,pulse,0.082456,0,0.0749256238341331,0.0749256238341331,0.07450697645545,0.00041864737868310686,0.00041864737868310686,0.010307,0,0.0,0.002426910903304814,0,0,0,W20_N5_mean1x,20,5,1.0,1909,Roll_hybrid_prediction,/home/tchowdh4/sensor_recovery_project/logs/extracted_csv/baseline_05_mixed_maneuver_ATT.csv,/home/tchowdh4/sensor_recovery_project/prediction_results_v9_trained_hybrid/baseline_05_mixed_maneuver_ATT_trained_hybrid_prediction_outputs.csv
19.80041,baseline_05_mixed_maneuver,Roll,pulse,0.082456,0,0.0738243907690048,0.0738243907690048,0.0731085892766713,0.0007158014923334954,0.0007158014923334954,0.010307,0,0.0,0.002418098319321879,0,0,0,W20_N5_mean1x,20,5,1.0,1909,Roll_hybrid_prediction,/home/tchowdh4/sensor_recovery_project/logs/extracted_csv/baseline_05_mixed_maneuver_ATT.csv,/home/tchowdh4/sensor_recovery_project/prediction_results_v9_trained_hybrid/baseline_05_mixed_maneuver_ATT_trained_hybrid_prediction_outputs.csv
19.90037,baseline_05_mixed_maneuver,Roll,pulse,0.082456,0,0.0756803452968597,0.0756803452968597,0.0768867157399653,-0.001206370443105606,0.001206370443105606,0.010307,0,0.0,0.0023394820746034392,0,0,0,W20_N5_mean1x,20,5,1.0,1909,Roll_hybrid_prediction,/home/tchowdh4/sensor_recovery_project/logs/extracted_csv/baseline_05_mixed_maneuver_ATT.csv,/home/tchowdh4/sensor_recovery_project/prediction_results_v9_trained_hybrid/baseline_05_mixed_maneuver_ATT_trained_hybrid_prediction_outputs.csv
20.00033,baseline_05_mixed_maneuver,Roll,pulse,0.082456,0,0.0740693509578704,0.0740693509578704,0.0730222046375273,0.001047146320343098,0.001047146320343098,0.010307,0,0.0,0.002355205807834864,0,0,0,W20_N5_mean1x,20,5,1.0,1909,Roll_hybrid_prediction,/home/tchowdh4/sensor_recovery_project/logs/extracted_csv/baseline_05_mixed_maneuver_ATT.csv,/home/tchowdh4/sensor_recovery_project/prediction_results_v9_trained_hybrid/baseline_05_mixed_maneuver_ATT_trained_hybrid_prediction_outputs.csv
20.10029,baseline_05_mixed_maneuver,Roll,pulse,0.082456,0,0.0765047147870063,0.0765047147870063,0.0780877012759446,-0.001582986488938301,0.001582986488938301,0.010307,0,0.0,0.002157018072903154,0,0,0,W20_N5_mean1x,20,5,1.0,1909,Roll_hybrid_prediction,/home/tchowdh4/sensor_recovery_project/logs/extracted_csv/baseline_05_mixed_maneuver_ATT.csv,/home/tchowdh4/sensor_recovery_project/prediction_results_v9_trained_hybrid/baseline_05_mixed_maneuver_ATT_trained_hybrid_prediction_outputs.csv
20.20025,baseline_05_mixed_maneuver,Roll,pulse,0.082456,0,0.0760019272565841,0.0760019272565841,0.0756751153618096,0.0003268118947745008,0.0003268118947745008,0.010307,0,0.0,0.0020239111036062245,0,0,0,W20_N5_mean1x,20,5,1.0,1909,Roll_hybrid_prediction,/home/tchowdh4/sensor_recovery_project/logs/extracted_csv/baseline_05_mixed_maneuver_ATT.csv,/home/tchowdh4/sensor_recovery_project/prediction_results_v9_trained_hybrid/baseline_05_mixed_maneuver_ATT_trained_hybrid_prediction_outputs.csv
20.30021,baseline_05_mixed_maneuver,Roll,pulse,0.082456,1,0.0712892785668373,0.15374527856683728,0.0682260569185018,0.08551922164833549,0.08551922164833549,0.010307,1,1.0,0.006260057074937224,0,0,0,W20_N5_mean1x,20,5,1.0,1909,Roll_hybrid_prediction,/home/tchowdh4/sensor_recovery_project/logs/extracted_csv/baseline_05_mixed_maneuver_ATT.csv,/home/tchowdh4/sensor_recovery_project/prediction_results_v9_trained_hybrid/baseline_05_mixed_maneuver_ATT_trained_hybrid_prediction_outputs.csv
20.40017,baseline_05_mixed_maneuver,Roll,pulse,0.082456,1,0.074714258313179,0.157170258313179,0.0769404951483011,0.08022976316487788,0.08022976316487788,0.010307,1,2.0,0.00990944026408196,0,0,0,W20_N5_mean1x,20,5,1.0,1909,Roll_hybrid_prediction,/home/tchowdh4/sensor_recovery_project/logs/extracted_csv/baseline_05_mixed_maneuver_ATT.csv,/home/tchowdh4/sensor_recovery_project/prediction_results_v9_trained_hybrid/baseline_05_mixed_maneuver_ATT_trained_hybrid_prediction_outputs.csv
20.50013,baseline_05_mixed_maneuver,Roll,pulse,0.082456,1,0.0726047530770301,0.1550607530770301,0.0712335746735332,0.0838271784034969,0.0838271784034969,0.010307,1,3.0,0.01387261636179091,0,1,1,W20_N5_mean1x,20,5,1.0,1909,Roll_hybrid_prediction,/home/tchowdh4/sensor_recovery_project/logs/extracted_csv/baseline_05_mixed_maneuver_ATT.csv,/home/tchowdh4/sensor_recovery_project/prediction_results_v9_trained_hybrid/baseline_05_mixed_maneuver_ATT_trained_hybrid_prediction_outputs.csv
20.60009,baseline_05_mixed_maneuver,Roll,pulse,0.082456,1,0.0735648050904274,0.1560208050904274,0.0741888388991356,0.0818319661912918,0.0818319661912918,0.010307,1,4.0,0.01780459706480505,0,1,1,W20_N5_mean1x,20,5,1.0,1909,Roll_hybrid_prediction,/home/tchowdh4/sensor_recovery_project/logs/extracted_csv/baseline_05_mixed_maneuver_ATT.csv,/home/tchowdh4/sensor_recovery_project/prediction_results_v9_trained_hybrid/baseline_05_mixed_maneuver_ATT_trained_hybrid_prediction_outputs.csv
20.70005,baseline_05_mixed_maneuver,Roll,pulse,0.082456,1,0.0724691003561019,0.1549251003561019,0.0717568922787903,0.08316820807731161,0.08316820807731161,0.010307,1,5.0,0.021801917627394224,1,1,1,W20_N5_mean1x,20,5,1.0,1909,Roll_hybrid_prediction,/home/tchowdh4/sensor_recovery_project/logs/extracted_csv/baseline_05_mixed_maneuver_ATT.csv,/home/tchowdh4/sensor_recovery_project/prediction_results_v9_trained_hybrid/baseline_05_mixed_maneuver_ATT_trained_hybrid_prediction_outputs.csv
20.80001,baseline_05_mixed_maneuver,Roll,pulse,0.082456,1,0.0751615762710571,0.1576175762710571,0.0769116856157779,0.08070589065527921,0.08070589065527921,0.010307,1,6.0,0.025699839100170162,1,1,1,W20_N5_mean1x,20,5,1.0,1909,Roll_hybrid_prediction,/home/tchowdh4/sensor_recovery_project/logs/extracted_csv/baseline_05_mixed_maneuver_ATT.csv,/home/tchowdh4/sensor_recovery_project/prediction_results_v9_trained_hybrid/baseline_05_mixed_maneuver_ATT_trained_hybrid_prediction_outputs.csv
20.89997,baseline_05_mixed_maneuver,Roll,pulse,0.082456,1,0.0806421265006065,0.1630981265006065,0.0842044841498135,0.078893642350793,0.078893642350793,0.010307,1,7.0,0.029515362162059577,1,1,1,W20_N5_mean1x,20,5,1.0,1909,Roll_hybrid_prediction,/home/tchowdh4/sensor_recovery_project/logs/extracted_csv/baseline_05_mixed_maneuver_ATT.csv,/home/tchowdh4/sensor_recovery_project/prediction_results_v9_trained_hybrid/baseline_05_mixed_maneuver_ATT_trained_hybrid_prediction_outputs.csv
20.99993,baseline_05_mixed_maneuver,Roll,pulse,0.082456,1,0.0811322107911109,0.1635882107911109,0.0814507655799387,0.08213744521117221,0.08213744521117221,0.010307,1,8.0,0.03362075443928843,1,1,1,W20_N5_mean1x,20,5,1.0,1909,Roll_hybrid_prediction,/home/tchowdh4/sensor_recovery_project/logs/extracted_csv/baseline_05_mixed_maneuver_ATT.csv,/home/tchowdh4/sensor_recovery_project/prediction_results_v9_trained_hybrid/baseline_05_mixed_maneuver_ATT_trained_hybrid_prediction_outputs.csv
21.09989,baseline_05_mixed_maneuver,Roll,pulse,0.082456,1,0.0799806490540504,0.16243664905405042,0.079232133924961,0.08320451512908941,0.08320451512908941,0.010307,1,9.0,0.03772483889747862,1,1,1,W20_N5_mean1x,20,5,1.0,1909,Roll_hybrid_prediction,/home/tchowdh4/sensor_recovery_project/logs/extracted_csv/baseline_05_mixed_maneuver_ATT.csv,/home/tchowdh4/sensor_recovery_project/prediction_results_v9_trained_hybrid/baseline_05_mixed_maneuver_ATT_trained_hybrid_prediction_outputs.csv
21.19985,baseline_05_mixed_maneuver,Roll,pulse,0.082456,1,0.0781237185001373,0.1605797185001373,0.0769167136400937,0.0836630048600436,0.0836630048600436,0.010307,1,10.0,0.041793321426838684,1,1,1,W20_N5_mean1x,20,5,1.0,1909,Roll_hybrid_prediction,/home/tchowdh4/sensor_recovery_project/logs/extracted_csv/baseline_05_mixed_maneuver_ATT.csv,/home/tchowdh4/sensor_recovery_project/prediction_results_v9_trained_hybrid/baseline_05_mixed_maneuver_ATT_trained_hybrid_prediction_outputs.csv
21.29981,baseline_05_mixed_maneuver,Roll,pulse,0.082456,1,0.0751956328749656,0.15765163287496559,0.0732923772186039,0.08435925565636168,0.08435925565636168,0.010307,1,11.0,0.04591601100923424,1,1,1,W20_N5_mean1x,20,5,1.0,1909,Roll_hybrid_prediction,/home/tchowdh4/sensor_recovery_project/logs/extracted_csv/baseline_05_mixed_maneuver_ATT.csv,/home/tchowdh4/sensor_recovery_project/prediction_results_v9_trained_hybrid/baseline_05_mixed_maneuver_ATT_trained_hybrid_prediction_outputs.csv
21.400603,baseline_05_mixed_maneuver,Roll,pulse,0.082456,1,0.0800489634275436,0.16250496342754361,0.0832036282867192,0.07930133514082441,0.07930133514082441,0.010307,1,12.0,0.04975704053775077,1,1,1,W20_N5_mean1x,20,5,1.0,1909,Roll_hybrid_prediction,/home/tchowdh4/sensor_recovery_project/logs/extracted_csv/baseline_05_mixed_maneuver_ATT.csv,/home/tchowdh4/sensor_recovery_project/prediction_results_v9_trained_hybrid/baseline_05_mixed_maneuver_ATT_trained_hybrid_prediction_outputs.csv
21.500563,baseline_05_mixed_maneuver,Roll,pulse,0.082456,1,0.0795476585626602,0.1620036585626602,0.079221810400486,0.0827818481621742,0.0827818481621742,0.010307,1,13.0,0.05385099684431558,1,1,1,W20_N5_mean1x,20,5,1.0,1909,Roll_hybrid_prediction,/home/tchowdh4/sensor_recovery_project/logs/extracted_csv/baseline_05_mixed_maneuver_ATT.csv,/home/tchowdh4/sensor_recovery_project/prediction_results_v9_trained_hybrid/baseline_05_mixed_maneuver_ATT_trained_hybrid_prediction_outputs.csv
21.600523,baseline_05_mixed_maneuver,Roll,pulse,0.082456,1,0.0743932202458381,0.15684922024583808,0.0710428353399037,0.08580638490593438,0.08580638490593438,0.010307,1,14.0,0.05803637117875819,1,1,1,W20_N5_mean1x,20,5,1.0,1909,Roll_hybrid_prediction,/home/tchowdh4/sensor_recovery_project/logs/extracted_csv/baseline_05_mixed_maneuver_ATT.csv,/home/tchowdh4/sensor_recovery_project/prediction_results_v9_trained_hybrid/baseline_05_mixed_maneuver_ATT_trained_hybrid_prediction_outputs.csv
21.700483,baseline_05_mixed_maneuver,Roll,pulse,0.082456,1,0.0712051093578338,0.1536611093578338,0.069132837280631,0.08452827207720282,0.08452827207720282,0.010307,1,15.0,0.062241852413684184,1,1,1,W20_N5_mean1x,20,5,1.0,1909,Roll_hybrid_prediction,/home/tchowdh4/sensor_recovery_project/logs/extracted_csv/baseline_05_mixed_maneuver_ATT.csv,/home/tchowdh4/sensor_recovery_project/prediction_results_v9_trained_hybrid/baseline_05_mixed_maneuver_ATT_trained_hybrid_prediction_outputs.csv
21.800443,baseline_05_mixed_maneuver,Roll,pulse,0.082456,1,0.0678519010543823,0.1503079010543823,0.0656723156571388,0.0846355853972435,0.0846355853972435,0.010307,1,16.0,0.06643784160892968,1,1,1,W20_N5_mean1x,20,5,1.0,1909,Roll_hybrid_prediction,/home/tchowdh4/sensor_recovery_project/logs/extracted_csv/baseline_05_mixed_maneuver_ATT.csv,/home/tchowdh4/sensor_recovery_project/prediction_results_v9_trained_hybrid/baseline_05_mixed_maneuver_ATT_trained_hybrid_prediction_outputs.csv
21.900403,baseline_05_mixed_maneuver,Roll,pulse,0.082456,1,0.0683575049042701,0.1508135049042701,0.0686861474066971,0.082127357497573,0.082127357497573,0.010307,1,17.0,0.07048389096165306,1,1,1,W20_N5_mean1x,20,5,1.0,1909,Roll_hybrid_prediction,/home/tchowdh4/sensor_recovery_project/logs/extracted_csv/baseline_05_mixed_maneuver_ATT.csv,/home/tchowdh4/sensor_recovery_project/prediction_results_v9_trained_hybrid/baseline_05_mixed_maneuver_ATT_trained_hybrid_prediction_outputs.csv
22.000363,baseline_05_mixed_maneuver,Roll,pulse,0.082456,1,0.0746493637561798,0.15710536375617978,0.078739072009921,0.07836629174625878,0.07836629174625878,0.010307,1,18.0,0.07434984823294884,1,1,1,W20_N5_mean1x,20,5,1.0,1909,Roll_hybrid_prediction,/home/tchowdh4/sensor_recovery_project/logs/extracted_csv/baseline_05_mixed_maneuver_ATT.csv,/home/tchowdh4/sensor_recovery_project/prediction_results_v9_trained_hybrid/baseline_05_mixed_maneuver_ATT_trained_hybrid_prediction_outputs.csv
22.100323,baseline_05_mixed_maneuver,Roll,pulse,0.082456,1,0.0761141628026962,0.1585701628026962,0.0770662821829318,0.08150388061976441,0.08150388061976441,0.010307,1,19.0,0.07834589293949015,1,1,1,W20_N5_mean1x,20,5,1.0,1909,Roll_hybrid_prediction,/home/tchowdh4/sensor_recovery_project/logs/extracted_csv/baseline_05_mixed_maneuver_ATT.csv,/home/tchowdh4/sensor_recovery_project/prediction_results_v9_trained_hybrid/baseline_05_mixed_maneuver_ATT_trained_hybrid_prediction_outputs.csv
22.200283,baseline_05_mixed_maneuver,Roll,pulse,0.082456,1,0.0717486217617988,0.1542046217617988,0.0689110200852154,0.08529360167658341,0.08529360167658341,0.010307,1,20.0,0.08259423242858058,1,1,1,W20_N5_mean1x,20,5,1.0,1909,Roll_hybrid_prediction,/home/tchowdh4/sensor_recovery_project/logs/extracted_csv/baseline_05_mixed_maneuver_ATT.csv,/home/tchowdh4/sensor_recovery_project/prediction_results_v9_trained_hybrid/baseline_05_mixed_maneuver_ATT_trained_hybrid_prediction_outputs.csv
22.300243,baseline_05_mixed_maneuver,Roll,pulse,0.082456,1,0.071459412574768,0.15391541257476798,0.0712714266031979,0.08264398597157009,0.08264398597157009,0.010307,1,20.0,0.08245047064474231,1,1,1,W20_N5_mean1x,20,5,1.0,1909,Roll_hybrid_prediction,/home/tchowdh4/sensor_recovery_project/logs/extracted_csv/baseline_05_mixed_maneuver_ATT.csv,/home/tchowdh4/sensor_recovery_project/prediction_results_v9_trained_hybrid/baseline_05_mixed_maneuver_ATT_trained_hybrid_prediction_outputs.csv
22.400203,baseline_05_mixed_maneuver,Roll,pulse,0.082456,1,0.0677105411887168,0.1501665411887168,0.0652737747877835,0.08489276640093331,0.08489276640093331,0.010307,1,20.0,0.08268362080654508,1,1,1,W20_N5_mean1x,20,5,1.0,1909,Roll_hybrid_prediction,/home/tchowdh4/sensor_recovery_project/logs/extracted_csv/baseline_05_mixed_maneuver_ATT.csv,/home/tchowdh4/sensor_recovery_project/prediction_results_v9_trained_hybrid/baseline_05_mixed_maneuver_ATT_trained_hybrid_prediction_outputs.csv
22.500163,baseline_05_mixed_maneuver,Roll,pulse,0.082456,0,0.0675228834152221,0.0675228834152221,0.0674009058624505,0.0001219775527716016,0.0001219775527716016,0.010307,0,19.0,0.07849836076400882,1,1,1,W20_N5_mean1x,20,5,1.0,1909,Roll_hybrid_prediction,/home/tchowdh4/sensor_recovery_project/logs/extracted_csv/baseline_05_mixed_maneuver_ATT.csv,/home/tchowdh4/sensor_recovery_project/prediction_results_v9_trained_hybrid/baseline_05_mixed_maneuver_ATT_trained_hybrid_prediction_outputs.csv
22.600123,baseline_05_mixed_maneuver,Roll,pulse,0.082456,0,0.0636197924613952,0.0636197924613952,0.0610827833414077,0.002537009119987492,0.002537009119987492,0.010307,0,18.0,0.07453361291044361,1,1,1,W20_N5_mean1x,20,5,1.0,1909,Roll_hybrid_prediction,/home/tchowdh4/sensor_recovery_project/logs/extracted_csv/baseline_05_mixed_maneuver_ATT.csv,/home/tchowdh4/sensor_recovery_project/prediction_results_v9_trained_hybrid/baseline_05_mixed_maneuver_ATT_trained_hybrid_prediction_outputs.csv
22.700083,baseline_05_mixed_maneuver,Roll,pulse,0.082456,0,0.0623506978154182,0.0623506978154182,0.0615257862955331,0.0008249115198851048,0.0008249115198851048,0.010307,0,17.0,0.07041644808257227,1,1,1,W20_N5_mean1x,20,5,1.0,1909,Roll_hybrid_prediction,/home/tchowdh4/sensor_recovery_project/logs/extracted_csv/baseline_05_mixed_maneuver_ATT.csv,/home/tchowdh4/sensor_recovery_project/prediction_results_v9_trained_hybrid/baseline_05_mixed_maneuver_ATT_trained_hybrid_prediction_outputs.csv
22.800043,baseline_05_mixed_maneuver,Roll,pulse,0.082456,0,0.0612518787384033,0.0612518787384033,0.0605376463383436,0.0007142324000597028,0.0007142324000597028,0.010307,0,16.0,0.0664168651698113,1,1,1,W20_N5_mean1x,20,5,1.0,1909,Roll_hybrid_prediction,/home/tchowdh4/sensor_recovery_project/logs/extracted_csv/baseline_05_mixed_maneuver_ATT.csv,/home/tchowdh4/sensor_recovery_project/prediction_results_v9_trained_hybrid/baseline_05_mixed_maneuver_ATT_trained_hybrid_prediction_outputs.csv
22.900003,baseline_05_mixed_maneuver,Roll,pulse,0.082456,0,0.0629122108221054,0.0629122108221054,0.0639914266765117,-0.001079215854406304,0.001079215854406304,0.010307,0,15.0,0.06252614384499197,1,1,1,W20_N5_mean1x,20,5,1.0,1909,Roll_hybrid_prediction,/home/tchowdh4/sensor_recovery_project/logs/extracted_csv/baseline_05_mixed_maneuver_ATT.csv,/home/tchowdh4/sensor_recovery_project/prediction_results_v9_trained_hybrid/baseline_05_mixed_maneuver_ATT_trained_hybrid_prediction_outputs.csv
22.999963,baseline_05_mixed_maneuver,Roll,pulse,0.082456,0,0.0647593587636947,0.0647593587636947,0.0659600049257277,-0.0012006461620330117,0.0012006461620330117,0.010307,0,14.0,0.058479303892535014,1,1,1,W20_N5_mean1x,20,5,1.0,1909,Roll_hybrid_prediction,/home/tchowdh4/sensor_recovery_project/logs/extracted_csv/baseline_05_mixed_maneuver_ATT.csv,/home/tchowdh4/sensor_recovery_project/prediction_results_v9_trained_hybrid/baseline_05_mixed_maneuver_ATT_trained_hybrid_prediction_outputs.csv
23.099923,baseline_05_mixed_maneuver,Roll,pulse,0.082456,0,0.0668299123644828,0.0668299123644828,0.068175772204995,-0.0013458598405122063,0.0013458598405122063,0.010307,0,13.0,0.05438637112810615,1,1,1,W20_N5_mean1x,20,5,1.0,1909,Roll_hybrid_prediction,/home/tchowdh4/sensor_recovery_project/logs/extracted_csv/baseline_05_mixed_maneuver_ATT.csv,/home/tchowdh4/sensor_recovery_project/prediction_results_v9_trained_hybrid/baseline_05_mixed_maneuver_ATT_trained_hybrid_prediction_outputs.csv
23.199883,baseline_05_mixed_maneuver,Roll,pulse,0.082456,0,0.0703973397612571,0.0703973397612571,0.0727161675691604,-0.0023188278079032953,0.0023188278079032953,0.010307,0,12.0,0.05031916227549913,1,1,1,W20_N5_mean1x,20,5,1.0,1909,Roll_hybrid_prediction,/home/tchowdh4/sensor_recovery_project/logs/extracted_csv/baseline_05_mixed_maneuver_ATT.csv,/home/tchowdh4/sensor_recovery_project/prediction_results_v9_trained_hybrid/baseline_05_mixed_maneuver_ATT_trained_hybrid_prediction_outputs.csv
23.299843,baseline_05_mixed_maneuver,Roll,pulse,0.082456,0,0.0714495927095413,0.0714495927095413,0.072133557125926,-0.0006839644163846997,0.0006839644163846997,0.010307,0,11.0,0.04613539771350029,1,1,1,W20_N5_mean1x,20,5,1.0,1909,Roll_hybrid_prediction,/home/tchowdh4/sensor_recovery_project/logs/extracted_csv/baseline_05_mixed_maneuver_ATT.csv,/home/tchowdh4/sensor_recovery_project/prediction_results_v9_trained_hybrid/baseline_05_mixed_maneuver_ATT_trained_hybrid_prediction_outputs.csv
23.399803,baseline_05_mixed_maneuver,Roll,pulse,0.082456,0,0.0695879608392715,0.0695879608392715,0.0683779001235961,0.0012100607156754067,0.0012100607156754067,0.010307,0,10.0,0.04223083399224284,1,1,1,W20_N5_mean1x,20,5,1.0,1909,Roll_hybrid_prediction,/home/tchowdh4/sensor_recovery_project/logs/extracted_csv/baseline_05_mixed_maneuver_ATT.csv,/home/tchowdh4/sensor_recovery_project/prediction_results_v9_trained_hybrid/baseline_05_mixed_maneuver_ATT_trained_hybrid_prediction_outputs.csv
23.500596,baseline_05_mixed_maneuver,Roll,pulse,0.082456,0,0.0714766308665275,0.0714766308665275,0.0727042663842438,-0.0012276355177162912,0.0012276355177162912,0.010307,0,9.0,0.03815312336001994,1,1,1,W20_N5_mean1x,20,5,1.0,1909,Roll_hybrid_prediction,/home/tchowdh4/sensor_recovery_project/logs/extracted_csv/baseline_05_mixed_maneuver_ATT.csv,/home/tchowdh4/sensor_recovery_project/prediction_results_v9_trained_hybrid/baseline_05_mixed_maneuver_ATT_trained_hybrid_prediction_outputs.csv
23.600556,baseline_05_mixed_maneuver,Roll,pulse,0.082456,0,0.0697428807616233,0.0697428807616233,0.0686159431934355,0.0011269375681877969,0.0011269375681877969,0.010307,0,8.0,0.03391915099313261,1,1,1,W20_N5_mean1x,20,5,1.0,1909,Roll_hybrid_prediction,/home/tchowdh4/sensor_recovery_project/logs/extracted_csv/baseline_05_mixed_maneuver_ATT.csv,/home/tchowdh4/sensor_recovery_project/prediction_results_v9_trained_hybrid/baseline_05_mixed_maneuver_ATT_trained_hybrid_prediction_outputs.csv
23.700516,baseline_05_mixed_maneuver,Roll,pulse,0.082456,0,0.0717128962278366,0.0717128962278366,0.0729934062808752,-0.0012805100530385999,0.0012805100530385999,0.010307,0,7.0,0.029756762891924405,1,1,1,W20_N5_mean1x,20,5,1.0,1909,Roll_hybrid_prediction,/home/tchowdh4/sensor_recovery_project/logs/extracted_csv/baseline_05_mixed_maneuver_ATT.csv,/home/tchowdh4/sensor_recovery_project/prediction_results_v9_trained_hybrid/baseline_05_mixed_maneuver_ATT_trained_hybrid_prediction_outputs.csv
23.800476,baseline_05_mixed_maneuver,Roll,pulse,0.082456,0,0.0817371308803558,0.0817371308803558,0.0882528834044932,-0.0065157525241374,0.0065157525241374,0.010307,0,6.0,0.025850771248269094,1,1,1,W20_N5_mean1x,20,5,1.0,1909,Roll_hybrid_prediction,/home/tchowdh4/sensor_recovery_project/logs/extracted_csv/baseline_05_mixed_maneuver_ATT.csv,/home/tchowdh4/sensor_recovery_project/prediction_results_v9_trained_hybrid/baseline_05_mixed_maneuver_ATT_trained_hybrid_prediction_outputs.csv
23.900436,baseline_05_mixed_maneuver,Roll,pulse,0.082456,0,0.0912289544939994,0.0912289544939994,0.0973986398428677,-0.0061696853488683034,0.0061696853488683034,0.010307,0,5.0,0.022052887640833862,1,1,1,W20_N5_mean1x,20,5,1.0,1909,Roll_hybrid_prediction,/home/tchowdh4/sensor_recovery_project/logs/extracted_csv/baseline_05_mixed_maneuver_ATT.csv,/home/tchowdh4/sensor_recovery_project/prediction_results_v9_trained_hybrid/baseline_05_mixed_maneuver_ATT_trained_hybrid_prediction_outputs.csv
24.000396,baseline_05_mixed_maneuver,Roll,pulse,0.082456,0,0.0981016382575035,0.0981016382575035,0.1025688827037811,-0.004467244446277607,0.004467244446277607,0.010307,0,4.0,0.018357935275834802,0,1,1,W20_N5_mean1x,20,5,1.0,1909,Roll_hybrid_prediction,/home/tchowdh4/sensor_recovery_project/logs/extracted_csv/baseline_05_mixed_maneuver_ATT.csv,/home/tchowdh4/sensor_recovery_project/prediction_results_v9_trained_hybrid/baseline_05_mixed_maneuver_ATT_trained_hybrid_prediction_outputs.csv
24.100356,baseline_05_mixed_maneuver,Roll,pulse,0.082456,0,0.1062898188829422,0.1062898188829422,0.1116121362894773,-0.005322317406535104,0.005322317406535104,0.010307,0,3.0,0.014548857115173338,0,1,1,W20_N5_mean1x,20,5,1.0,1909,Roll_hybrid_prediction,/home/tchowdh4/sensor_recovery_project/logs/extracted_csv/baseline_05_mixed_maneuver_ATT.csv,/home/tchowdh4/sensor_recovery_project/prediction_results_v9_trained_hybrid/baseline_05_mixed_maneuver_ATT_trained_hybrid_prediction_outputs.csv
24.200316,baseline_05_mixed_maneuver,Roll,pulse,0.082456,0,0.1113323718309402,0.1113323718309402,0.1146100312471389,-0.003277659416198689,0.003277659416198689,0.010307,0,2.0,0.010448060002154102,0,1,1,W20_N5_mean1x,20,5,1.0,1909,Roll_hybrid_prediction,/home/tchowdh4/sensor_recovery_project/logs/extracted_csv/baseline_05_mixed_maneuver_ATT.csv,/home/tchowdh4/sensor_recovery_project/prediction_results_v9_trained_hybrid/baseline_05_mixed_maneuver_ATT_trained_hybrid_prediction_outputs.csv
24.300276,baseline_05_mixed_maneuver,Roll,pulse,0.082456,0,0.1106241345405578,0.1106241345405578,0.1101637803018092,0.0004603542387486004,0.0004603542387486004,0.010307,0,1.0,0.006338878415513026,0,0,0,W20_N5_mean1x,20,5,1.0,1909,Roll_hybrid_prediction,/home/tchowdh4/sensor_recovery_project/logs/extracted_csv/baseline_05_mixed_maneuver_ATT.csv,/home/tchowdh4/sensor_recovery_project/prediction_results_v9_trained_hybrid/baseline_05_mixed_maneuver_ATT_trained_hybrid_prediction_outputs.csv
24.400236,baseline_05_mixed_maneuver,Roll,pulse,0.082456,0,0.1116131469607353,0.1116131469607353,0.1122560050338506,-0.0006428580731153016,0.0006428580731153016,0.010307,0,0.0,0.0021263829991221258,0,0,0,W20_N5_mean1x,20,5,1.0,1909,Roll_hybrid_prediction,/home/tchowdh4/sensor_recovery_project/logs/extracted_csv/baseline_05_mixed_maneuver_ATT.csv,/home/tchowdh4/sensor_recovery_project/prediction_results_v9_trained_hybrid/baseline_05_mixed_maneuver_ATT_trained_hybrid_prediction_outputs.csv
24.500196,baseline_05_mixed_maneuver,Roll,pulse,0.082456,0,0.1117504835128784,0.1117504835128784,0.1118397522717714,-8.926875889299357e-05,8.926875889299357e-05,0.010307,0,0.0,0.0021247475594281954,0,0,0,W20_N5_mean1x,20,5,1.0,1909,Roll_hybrid_prediction,/home/tchowdh4/sensor_recovery_project/logs/extracted_csv/baseline_05_mixed_maneuver_ATT.csv,/home/tchowdh4/sensor_recovery_project/prediction_results_v9_trained_hybrid/baseline_05_mixed_maneuver_ATT_trained_hybrid_prediction_outputs.csv
24.600156,baseline_05_mixed_maneuver,Roll,pulse,0.082456,0,0.1088466942310333,0.1088466942310333,0.1069592311978339,0.0018874630331993936,0.0018874630331993936,0.010307,0,0.0,0.0020922702550887906,0,0,0,W20_N5_mean1x,20,5,1.0,1909,Roll_hybrid_prediction,/home/tchowdh4/sensor_recovery_project/logs/extracted_csv/baseline_05_mixed_maneuver_ATT.csv,/home/tchowdh4/sensor_recovery_project/prediction_results_v9_trained_hybrid/baseline_05_mixed_maneuver_ATT_trained_hybrid_prediction_outputs.csv
24.700116,baseline_05_mixed_maneuver,Roll,pulse,0.082456,0,0.1060037091374397,0.1060037091374397,0.1041557688266038,0.001847940310835905,0.001847940310835905,0.010307,0,0.0,0.0021434216946363306,0,0,0,W20_N5_mean1x,20,5,1.0,1909,Roll_hybrid_prediction,/home/tchowdh4/sensor_recovery_project/logs/extracted_csv/baseline_05_mixed_maneuver_ATT.csv,/home/tchowdh4/sensor_recovery_project/prediction_results_v9_trained_hybrid/baseline_05_mixed_maneuver_ATT_trained_hybrid_prediction_outputs.csv
24.800076,baseline_05_mixed_maneuver,Roll,pulse,0.082456,0,0.1002454459667205,0.1002454459667205,0.096502574905753,0.0037428710609675037,0.0037428710609675037,0.010307,0,0.0,0.0022948536276817207,0,0,0,W20_N5_mean1x,20,5,1.0,1909,Roll_hybrid_prediction,/home/tchowdh4/sensor_recovery_project/logs/extracted_csv/baseline_05_mixed_maneuver_ATT.csv,/home/tchowdh4/sensor_recovery_project/prediction_results_v9_trained_hybrid/baseline_05_mixed_maneuver_ATT_trained_hybrid_prediction_outputs.csv
24.900036,baseline_05_mixed_maneuver,Roll,pulse,0.082456,0,0.1003565341234207,0.1003565341234207,0.1004287414252758,-7.220730185510116e-05,7.220730185510116e-05,0.010307,0,0.0,0.0022445032000541604,0,0,0,W20_N5_mean1x,20,5,1.0,1909,Roll_hybrid_prediction,/home/tchowdh4/sensor_recovery_project/logs/extracted_csv/baseline_05_mixed_maneuver_ATT.csv,/home/tchowdh4/sensor_recovery_project/prediction_results_v9_trained_hybrid/baseline_05_mixed_maneuver_ATT_trained_hybrid_prediction_outputs.csv
24.999996,baseline_05_mixed_maneuver,Roll,pulse,0.082456,0,0.0978627577424049,0.0978627577424049,0.0962418030947446,0.0016209546476602943,0.0016209546476602943,0.010307,0,0.0,0.0022655186243355245,0,0,0,W20_N5_mean1x,20,5,1.0,1909,Roll_hybrid_prediction,/home/tchowdh4/sensor_recovery_project/logs/extracted_csv/baseline_05_mixed_maneuver_ATT.csv,/home/tchowdh4/sensor_recovery_project/prediction_results_v9_trained_hybrid/baseline_05_mixed_maneuver_ATT_trained_hybrid_prediction_outputs.csv
25.099956,baseline_05_mixed_maneuver,Roll,pulse,0.082456,0,0.09570824354887,0.09570824354887,0.0943078093230723,0.001400434225797706,0.001400434225797706,0.010307,0,0.0,0.0022682473435998,0,0,0,W20_N5_mean1x,20,5,1.0,1909,Roll_hybrid_prediction,/home/tchowdh4/sensor_recovery_project/logs/extracted_csv/baseline_05_mixed_maneuver_ATT.csv,/home/tchowdh4/sensor_recovery_project/prediction_results_v9_trained_hybrid/baseline_05_mixed_maneuver_ATT_trained_hybrid_prediction_outputs.csv
25.199916,baseline_05_mixed_maneuver,Roll,pulse,0.082456,0,0.0948372036218643,0.0948372036218643,0.0942710276693106,0.0005661759525537047,0.0005661759525537047,0.010307,0,0.0,0.00218061475083232,0,0,0,W20_N5_mean1x,20,5,1.0,1909,Roll_hybrid_prediction,/home/tchowdh4/sensor_recovery_project/logs/extracted_csv/baseline_05_mixed_maneuver_ATT.csv,/home/tchowdh4/sensor_recovery_project/prediction_results_v9_trained_hybrid/baseline_05_mixed_maneuver_ATT_trained_hybrid_prediction_outputs.csv
25.299876,baseline_05_mixed_maneuver,Roll,pulse,0.082456,0,0.0897941514849662,0.0897941514849662,0.0865161675959824,0.0032779838889838014,0.0032779838889838014,0.010307,0,0.0,0.002310315724462275,0,0,0,W20_N5_mean1x,20,5,1.0,1909,Roll_hybrid_prediction,/home/tchowdh4/sensor_recovery_project/logs/extracted_csv/baseline_05_mixed_maneuver_ATT.csv,/home/tchowdh4/sensor_recovery_project/prediction_results_v9_trained_hybrid/baseline_05_mixed_maneuver_ATT_trained_hybrid_prediction_outputs.csv
25.399836,baseline_05_mixed_maneuver,Roll,pulse,0.082456,0,0.0890203416347503,0.0890203416347503,0.0885173652321099,0.0005029764026403954,0.0005029764026403954,0.010307,0,0.0,0.002274961508810525,0,0,0,W20_N5_mean1x,20,5,1.0,1909,Roll_hybrid_prediction,/home/tchowdh4/sensor_recovery_project/logs/extracted_csv/baseline_05_mixed_maneuver_ATT.csv,/home/tchowdh4/sensor_recovery_project/prediction_results_v9_trained_hybrid/baseline_05_mixed_maneuver_ATT_trained_hybrid_prediction_outputs.csv
25.499796,baseline_05_mixed_maneuver,Roll,pulse,0.082456,0,0.0854953601956367,0.0854953601956367,0.0832041222602128,0.0022912379354238926,0.0022912379354238926,0.010307,0,0.0,0.0023281416296959045,0,0,0,W20_N5_mean1x,20,5,1.0,1909,Roll_hybrid_prediction,/home/tchowdh4/sensor_recovery_project/logs/extracted_csv/baseline_05_mixed_maneuver_ATT.csv,/home/tchowdh4/sensor_recovery_project/prediction_results_v9_trained_hybrid/baseline_05_mixed_maneuver_ATT_trained_hybrid_prediction_outputs.csv
25.600589,baseline_05_mixed_maneuver,Roll,pulse,0.082456,0,0.0812952890992164,0.0812952890992164,0.0785652428865432,0.0027300462126732122,0.0027300462126732122,0.010307,0,0.0,0.0024082970619201754,0,0,0,W20_N5_mean1x,20,5,1.0,1909,Roll_hybrid_prediction,/home/tchowdh4/sensor_recovery_project/logs/extracted_csv/baseline_05_mixed_maneuver_ATT.csv,/home/tchowdh4/sensor_recovery_project/prediction_results_v9_trained_hybrid/baseline_05_mixed_maneuver_ATT_trained_hybrid_prediction_outputs.csv
25.700549,baseline_05_mixed_maneuver,Roll,pulse,0.082456,0,0.0813924521207809,0.0813924521207809,0.0814556080847978,-6.315596401690327e-05,6.315596401690327e-05,0.010307,0,0.0,0.0023474293574690906,0,0,0,W20_N5_mean1x,20,5,1.0,1909,Roll_hybrid_prediction,/home/tchowdh4/sensor_recovery_project/logs/extracted_csv/baseline_05_mixed_maneuver_ATT.csv,/home/tchowdh4/sensor_recovery_project/prediction_results_v9_trained_hybrid/baseline_05_mixed_maneuver_ATT_trained_hybrid_prediction_outputs.csv
25.800509,baseline_05_mixed_maneuver,Roll,pulse,0.082456,0,0.0772730708122253,0.0772730708122253,0.0745954729616641,0.0026775978505611947,0.0026775978505611947,0.010307,0,0.0,0.0021555216237902804,0,0,0,W20_N5_mean1x,20,5,1.0,1909,Roll_hybrid_prediction,/home/tchowdh4/sensor_recovery_project/logs/extracted_csv/baseline_05_mixed_maneuver_ATT.csv,/home/tchowdh4/sensor_recovery_project/prediction_results_v9_trained_hybrid/baseline_05_mixed_maneuver_ATT_trained_hybrid_prediction_outputs.csv
25.900469,baseline_05_mixed_maneuver,Roll,pulse,0.082456,0,0.0743490383028984,0.0743490383028984,0.0724484171718359,0.0019006211310624993,0.0019006211310624993,0.010307,0,0.0,0.0019420684128999902,0,0,0,W20_N5_mean1x,20,5,1.0,1909,Roll_hybrid_prediction,/home/tchowdh4/sensor_recovery_project/logs/extracted_csv/baseline_05_mixed_maneuver_ATT.csv,/home/tchowdh4/sensor_recovery_project/prediction_results_v9_trained_hybrid/baseline_05_mixed_maneuver_ATT_trained_hybrid_prediction_outputs.csv
26.000429,baseline_05_mixed_maneuver,Roll,pulse,0.082456,0,0.0745234116911888,0.0745234116911888,0.0746367543935775,-0.00011334270238870514,0.00011334270238870514,0.010307,0,0.0,0.001724373325705545,0,0,0,W20_N5_mean1x,20,5,1.0,1909,Roll_hybrid_prediction,/home/tchowdh4/sensor_recovery_project/logs/extracted_csv/baseline_05_mixed_maneuver_ATT.csv,/home/tchowdh4/sensor_recovery_project/prediction_results_v9_trained_hybrid/baseline_05_mixed_maneuver_ATT_trained_hybrid_prediction_outputs.csv
26.100389,baseline_05_mixed_maneuver,Roll,pulse,0.082456,0,0.074099026620388,0.074099026620388,0.0738231763243674,0.00027585029602060496,0.00027585029602060496,0.010307,0,0.0,0.0014720499701798202,0,0,0,W20_N5_mean1x,20,5,1.0,1909,Roll_hybrid_prediction,/home/tchowdh4/sensor_recovery_project/logs/extracted_csv/baseline_05_mixed_maneuver_ATT.csv,/home/tchowdh4/sensor_recovery_project/prediction_results_v9_trained_hybrid/baseline_05_mixed_maneuver_ATT_trained_hybrid_prediction_outputs.csv
26.200349,baseline_05_mixed_maneuver,Roll,pulse,0.082456,0,0.0745328441262245,0.0745328441262245,0.0748148255050182,-0.00028198137879369145,0.00028198137879369145,0.010307,0,0.0,0.0013222660683095701,0,0,0,W20_N5_mean1x,20,5,1.0,1909,Roll_hybrid_prediction,/home/tchowdh4/sensor_recovery_project/logs/extracted_csv/baseline_05_mixed_maneuver_ATT.csv,/home/tchowdh4/sensor_recovery_project/prediction_results_v9_trained_hybrid/baseline_05_mixed_maneuver_ATT_trained_hybrid_prediction_outputs.csv
26.300309,baseline_05_mixed_maneuver,Roll,pulse,0.082456,0,0.0760158896446228,0.0760158896446228,0.0769798692315816,-0.0009639795869587908,0.0009639795869587908,0.010307,0,0.0,0.0013474473357200797,0,0,0,W20_N5_mean1x,20,5,1.0,1909,Roll_hybrid_prediction,/home/tchowdh4/sensor_recovery_project/logs/extracted_csv/baseline_05_mixed_maneuver_ATT.csv,/home/tchowdh4/sensor_recovery_project/prediction_results_v9_trained_hybrid/baseline_05_mixed_maneuver_ATT_trained_hybrid_prediction_outputs.csv
26.400269,baseline_05_mixed_maneuver,Roll,pulse,0.082456,0,0.0729382410645484,0.0729382410645484,0.0709377694875,0.002000471577048399,0.002000471577048399,0.010307,0,0.0,0.0014153280109167345,0,0,0,W20_N5_mean1x,20,5,1.0,1909,Roll_hybrid_prediction,/home/tchowdh4/sensor_recovery_project/logs/extracted_csv/baseline_05_mixed_maneuver_ATT.csv,/home/tchowdh4/sensor_recovery_project/prediction_results_v9_trained_hybrid/baseline_05_mixed_maneuver_ATT_trained_hybrid_prediction_outputs.csv
26.500229,baseline_05_mixed_maneuver,Roll,pulse,0.082456,0,0.0706995278596878,0.0706995278596878,0.0692443642765284,0.001455163583159405,0.001455163583159405,0.010307,0,0.0,0.0014836227521300553,0,0,0,W20_N5_mean1x,20,5,1.0,1909,Roll_hybrid_prediction,/home/tchowdh4/sensor_recovery_project/logs/extracted_csv/baseline_05_mixed_maneuver_ATT.csv,/home/tchowdh4/sensor_recovery_project/prediction_results_v9_trained_hybrid/baseline_05_mixed_maneuver_ATT_trained_hybrid_prediction_outputs.csv
26.600189,baseline_05_mixed_maneuver,Roll,pulse,0.082456,0,0.0692353397607803,0.0692353397607803,0.0682836174964904,0.0009517222642899115,0.0009517222642899115,0.010307,0,0.0,0.001436835713684581,0,0,0,W20_N5_mean1x,20,5,1.0,1909,Roll_hybrid_prediction,/home/tchowdh4/sensor_recovery_project/logs/extracted_csv/baseline_05_mixed_maneuver_ATT.csv,/home/tchowdh4/sensor_recovery_project/prediction_results_v9_trained_hybrid/baseline_05_mixed_maneuver_ATT_trained_hybrid_prediction_outputs.csv
26.700149,baseline_05_mixed_maneuver,Roll,pulse,0.082456,0,0.069690391421318,0.069690391421318,0.0699861750006674,-0.0002957835793493957,0.0002957835793493957,0.010307,0,0.0,0.0013592278771102557,0,0,0,W20_N5_mean1x,20,5,1.0,1909,Roll_hybrid_prediction,/home/tchowdh4/sensor_recovery_project/logs/extracted_csv/baseline_05_mixed_maneuver_ATT.csv,/home/tchowdh4/sensor_recovery_project/prediction_results_v9_trained_hybrid/baseline_05_mixed_maneuver_ATT_trained_hybrid_prediction_outputs.csv
26.800109,baseline_05_mixed_maneuver,Roll,pulse,0.082456,0,0.0717954114079475,0.0717954114079475,0.0731636743992566,-0.0013682629913090993,0.0013682629913090993,0.010307,0,0.0,0.0012404974736273354,0,0,0,W20_N5_mean1x,20,5,1.0,1909,Roll_hybrid_prediction,/home/tchowdh4/sensor_recovery_project/logs/extracted_csv/baseline_05_mixed_maneuver_ATT.csv,/home/tchowdh4/sensor_recovery_project/prediction_results_v9_trained_hybrid/baseline_05_mixed_maneuver_ATT_trained_hybrid_prediction_outputs.csv
26.900069,baseline_05_mixed_maneuver,Roll,pulse,0.082456,0,0.0801968574523925,0.0801968574523925,0.0856577973812817,-0.0054609399288892,0.0054609399288892,0.010307,0,0.0,0.0015099341049790403,0,0,0,W20_N5_mean1x,20,5,1.0,1909,Roll_hybrid_prediction,/home/tchowdh4/sensor_recovery_project/logs/extracted_csv/baseline_05_mixed_maneuver_ATT.csv,/home/tchowdh4/sensor_recovery_project/prediction_results_v9_trained_hybrid/baseline_05_mixed_maneuver_ATT_trained_hybrid_prediction_outputs.csv
27.000029,baseline_05_mixed_maneuver,Roll,pulse,0.082456,0,0.0816721990704536,0.0816721990704536,0.0826311711221933,-0.0009589720517396982,0.0009589720517396982,0.010307,0,0.0,0.0014768349751830105,0,0,0,W20_N5_mean1x,20,5,1.0,1909,Roll_hybrid_prediction,/home/tchowdh4/sensor_recovery_project/logs/extracted_csv/baseline_05_mixed_maneuver_ATT.csv,/home/tchowdh4/sensor_recovery_project/prediction_results_v9_trained_hybrid/baseline_05_mixed_maneuver_ATT_trained_hybrid_prediction_outputs.csv
27.099989,baseline_05_mixed_maneuver,Roll,pulse,0.082456,0,0.0839884132146835,0.0839884132146835,0.0854939524084329,-0.0015055391937493917,0.0015055391937493917,0.010307,0,0.0,0.0014820902235805947,0,0,0,W20_N5_mean1x,20,5,1.0,1909,Roll_hybrid_prediction,/home/tchowdh4/sensor_recovery_project/logs/extracted_csv/baseline_05_mixed_maneuver_ATT.csv,/home/tchowdh4/sensor_recovery_project/prediction_results_v9_trained_hybrid/baseline_05_mixed_maneuver_ATT_trained_hybrid_prediction_outputs.csv
27.199949,baseline_05_mixed_maneuver,Roll,pulse,0.082456,0,0.0837473571300506,0.0837473571300506,0.0835906706750392,0.00015668645501140666,0.00015668645501140666,0.010307,0,0.0,0.00146161574870348,0,0,0,W20_N5_mean1x,20,5,1.0,1909,Roll_hybrid_prediction,/home/tchowdh4/sensor_recovery_project/logs/extracted_csv/baseline_05_mixed_maneuver_ATT.csv,/home/tchowdh4/sensor_recovery_project/prediction_results_v9_trained_hybrid/baseline_05_mixed_maneuver_ATT_trained_hybrid_prediction_outputs.csv
27.299909,baseline_05_mixed_maneuver,Roll,pulse,0.082456,0,0.0827833116054534,0.0827833116054534,0.0821566820144652,0.0006266295909881925,0.0006266295909881925,0.010307,0,0.0,0.0013290480338036994,0,0,0,W20_N5_mean1x,20,5,1.0,1909,Roll_hybrid_prediction,/home/tchowdh4/sensor_recovery_project/logs/extracted_csv/baseline_05_mixed_maneuver_ATT.csv,/home/tchowdh4/sensor_recovery_project/prediction_results_v9_trained_hybrid/baseline_05_mixed_maneuver_ATT_trained_hybrid_prediction_outputs.csv
27.399869,baseline_05_mixed_maneuver,Roll,pulse,0.082456,0,0.083343967795372,0.083343967795372,0.083708394318819,-0.000364426523447009,0.000364426523447009,0.010307,0,0.0,0.0013221205398440301,0,0,0,W20_N5_mean1x,20,5,1.0,1909,Roll_hybrid_prediction,/home/tchowdh4/sensor_recovery_project/logs/extracted_csv/baseline_05_mixed_maneuver_ATT.csv,/home/tchowdh4/sensor_recovery_project/prediction_results_v9_trained_hybrid/baseline_05_mixed_maneuver_ATT_trained_hybrid_prediction_outputs.csv
27.499829,baseline_05_mixed_maneuver,Roll,pulse,0.082456,0,0.081619307398796,0.081619307398796,0.0804982781410215,0.0011210292577744918,0.0011210292577744918,0.010307,0,0.0,0.0012636101059615601,0,0,0,W20_N5_mean1x,20,5,1.0,1909,Roll_hybrid_prediction,/home/tchowdh4/sensor_recovery_project/logs/extracted_csv/baseline_05_mixed_maneuver_ATT.csv,/home/tchowdh4/sensor_recovery_project/prediction_results_v9_trained_hybrid/baseline_05_mixed_maneuver_ATT_trained_hybrid_prediction_outputs.csv
27.599789,baseline_05_mixed_maneuver,Roll,pulse,0.082456,0,0.0800520479679107,0.0800520479679107,0.0790333293378352,0.0010187186300754936,0.0010187186300754936,0.010307,0,0.0,0.0011780437268316742,0,0,0,W20_N5_mean1x,20,5,1.0,1909,Roll_hybrid_prediction,/home/tchowdh4/sensor_recovery_project/logs/extracted_csv/baseline_05_mixed_maneuver_ATT.csv,/home/tchowdh4/sensor_recovery_project/prediction_results_v9_trained_hybrid/baseline_05_mixed_maneuver_ATT_trained_hybrid_prediction_outputs.csv
27.700582,baseline_05_mixed_maneuver,Roll,pulse,0.082456,0,0.081210121512413,0.081210121512413,0.0819628693163394,-0.0007527478039264096,0.0007527478039264096,0.010307,0,0.0,0.0012125233188271494,0,0,0,W20_N5_mean1x,20,5,1.0,1909,Roll_hybrid_prediction,/home/tchowdh4/sensor_recovery_project/logs/extracted_csv/baseline_05_mixed_maneuver_ATT.csv,/home/tchowdh4/sensor_recovery_project/prediction_results_v9_trained_hybrid/baseline_05_mixed_maneuver_ATT_trained_hybrid_prediction_outputs.csv
27.800542,baseline_05_mixed_maneuver,Roll,pulse,0.082456,0,0.0789490565657615,0.0789490565657615,0.077479364350438,0.0014696922153235037,0.0014696922153235037,0.010307,0,0.0,0.001152128037065265,0,0,0,W20_N5_mean1x,20,5,1.0,1909,Roll_hybrid_prediction,/home/tchowdh4/sensor_recovery_project/logs/extracted_csv/baseline_05_mixed_maneuver_ATT.csv,/home/tchowdh4/sensor_recovery_project/prediction_results_v9_trained_hybrid/baseline_05_mixed_maneuver_ATT_trained_hybrid_prediction_outputs.csv
27.900502,baseline_05_mixed_maneuver,Roll,pulse,0.082456,0,0.0787233412265777,0.0787233412265777,0.0785766262561082,0.00014671497046950255,0.00014671497046950255,0.010307,0,0.0,0.001064432729035615,0,0,0,W20_N5_mean1x,20,5,1.0,1909,Roll_hybrid_prediction,/home/tchowdh4/sensor_recovery_project/logs/extracted_csv/baseline_05_mixed_maneuver_ATT.csv,/home/tchowdh4/sensor_recovery_project/prediction_results_v9_trained_hybrid/baseline_05_mixed_maneuver_ATT_trained_hybrid_prediction_outputs.csv
28.000462,baseline_05_mixed_maneuver,Roll,pulse,0.082456,0,0.0813773348927497,0.0813773348927497,0.0831024307757614,-0.0017250958830117014,0.0017250958830117014,0.010307,0,0.0,0.001145020388066765,0,0,0,W20_N5_mean1x,20,5,1.0,1909,Roll_hybrid_prediction,/home/tchowdh4/sensor_recovery_project/logs/extracted_csv/baseline_05_mixed_maneuver_ATT.csv,/home/tchowdh4/sensor_recovery_project/prediction_results_v9_trained_hybrid/baseline_05_mixed_maneuver_ATT_trained_hybrid_prediction_outputs.csv
28.100422,baseline_05_mixed_maneuver,Roll,pulse,0.082456,0,0.080192245543003,0.080192245543003,0.0794219374656676,0.0007703080773353993,0.0007703080773353993,0.010307,0,0.0,0.0011697432771325047,0,0,0,W20_N5_mean1x,20,5,1.0,1909,Roll_hybrid_prediction,/home/tchowdh4/sensor_recovery_project/logs/extracted_csv/baseline_05_mixed_maneuver_ATT.csv,/home/tchowdh4/sensor_recovery_project/prediction_results_v9_trained_hybrid/baseline_05_mixed_maneuver_ATT_trained_hybrid_prediction_outputs.csv
28.200382,baseline_05_mixed_maneuver,Roll,pulse,0.082456,0,0.0799766853451728,0.0799766853451728,0.0798365712165831,0.00014011412858970507,0.00014011412858970507,0.010307,0,0.0,0.0011626499146223054,0,0,0,W20_N5_mean1x,20,5,1.0,1909,Roll_hybrid_prediction,/home/tchowdh4/sensor_recovery_project/logs/extracted_csv/baseline_05_mixed_maneuver_ATT.csv,/home/tchowdh4/sensor_recovery_project/prediction_results_v9_trained_hybrid/baseline_05_mixed_maneuver_ATT_trained_hybrid_prediction_outputs.csv
28.300342,baseline_05_mixed_maneuver,Roll,pulse,0.082456,0,0.0826496109366417,0.0826496109366417,0.0843870125710964,-0.0017374016344547105,0.0017374016344547105,0.010307,0,0.0,0.0012013210169971012,0,0,0,W20_N5_mean1x,20,5,1.0,1909,Roll_hybrid_prediction,/home/tchowdh4/sensor_recovery_project/logs/extracted_csv/baseline_05_mixed_maneuver_ATT.csv,/home/tchowdh4/sensor_recovery_project/prediction_results_v9_trained_hybrid/baseline_05_mixed_maneuver_ATT_trained_hybrid_prediction_outputs.csv
28.400302,baseline_05_mixed_maneuver,Roll,pulse,0.082456,0,0.0832094699144363,0.0832094699144363,0.0835733782500027,-0.0003639083355664041,0.0003639083355664041,0.010307,0,0.0,0.0011194928549230015,0,0,0,W20_N5_mean1x,20,5,1.0,1909,Roll_hybrid_prediction,/home/tchowdh4/sensor_recovery_project/logs/extracted_csv/baseline_05_mixed_maneuver_ATT.csv,/home/tchowdh4/sensor_recovery_project/prediction_results_v9_trained_hybrid/baseline_05_mixed_maneuver_ATT_trained_hybrid_prediction_outputs.csv
28.500262,baseline_05_mixed_maneuver,Roll,pulse,0.082456,0,0.0842984765768051,0.0842984765768051,0.0850063309073448,-0.0007078543305397006,0.0007078543305397006,0.010307,0,0.0,0.0010821273922920164,0,0,0,W20_N5_mean1x,20,5,1.0,1909,Roll_hybrid_prediction,/home/tchowdh4/sensor_recovery_project/logs/extracted_csv/baseline_05_mixed_maneuver_ATT.csv,/home/tchowdh4/sensor_recovery_project/prediction_results_v9_trained_hybrid/baseline_05_mixed_maneuver_ATT_trained_hybrid_prediction_outputs.csv
28.600222,baseline_05_mixed_maneuver,Roll,pulse,0.082456,0,0.0856498628854751,0.0856498628854751,0.0865282639861105,-0.0008784011006354037,0.0008784011006354037,0.010307,0,0.0,0.001078461334109291,0,0,0,W20_N5_mean1x,20,5,1.0,1909,Roll_hybrid_prediction,/home/tchowdh4/sensor_recovery_project/logs/extracted_csv/baseline_05_mixed_maneuver_ATT.csv,/home/tchowdh4/sensor_recovery_project/prediction_results_v9_trained_hybrid/baseline_05_mixed_maneuver_ATT_trained_hybrid_prediction_outputs.csv
28.700182,baseline_05_mixed_maneuver,Roll,pulse,0.082456,0,0.0819131731986999,0.0819131731986999,0.079484324902296,0.0024288482964038988,0.0024288482964038988,0.010307,0,0.0,0.001185114569962016,0,0,0,W20_N5_mean1x,20,5,1.0,1909,Roll_hybrid_prediction,/home/tchowdh4/sensor_recovery_project/logs/extracted_csv/baseline_05_mixed_maneuver_ATT.csv,/home/tchowdh4/sensor_recovery_project/prediction_results_v9_trained_hybrid/baseline_05_mixed_maneuver_ATT_trained_hybrid_prediction_outputs.csv
28.800142,baseline_05_mixed_maneuver,Roll,pulse,0.082456,0,0.080544039607048,0.080544039607048,0.0796541027724742,0.0008899368345738068,0.0008899368345738068,0.010307,0,0.0,0.0011611982621252514,0,0,0,W20_N5_mean1x,20,5,1.0,1909,Roll_hybrid_prediction,/home/tchowdh4/sensor_recovery_project/logs/extracted_csv/baseline_05_mixed_maneuver_ATT.csv,/home/tchowdh4/sensor_recovery_project/prediction_results_v9_trained_hybrid/baseline_05_mixed_maneuver_ATT_trained_hybrid_prediction_outputs.csv
28.900102,baseline_05_mixed_maneuver,Roll,pulse,0.082456,0,0.0735052675008773,0.0735052675008773,0.0689300656318663,0.004575201869011003,0.004575201869011003,0.010307,0,0.0,0.0011169113591313416,0,0,0,W20_N5_mean1x,20,5,1.0,1909,Roll_hybrid_prediction,/home/tchowdh4/sensor_recovery_project/logs/extracted_csv/baseline_05_mixed_maneuver_ATT.csv,/home/tchowdh4/sensor_recovery_project/prediction_results_v9_trained_hybrid/baseline_05_mixed_maneuver_ATT_trained_hybrid_prediction_outputs.csv
29.000062,baseline_05_mixed_maneuver,Roll,pulse,0.082456,0,0.0647366493940353,0.0647366493940353,0.0590370476245879,0.0056996017694474,0.0056996017694474,0.010307,0,0.0,0.0013539428450167266,0,0,0,W20_N5_mean1x,20,5,1.0,1909,Roll_hybrid_prediction,/home/tchowdh4/sensor_recovery_project/logs/extracted_csv/baseline_05_mixed_maneuver_ATT.csv,/home/tchowdh4/sensor_recovery_project/prediction_results_v9_trained_hybrid/baseline_05_mixed_maneuver_ATT_trained_hybrid_prediction_outputs.csv
29.100022,baseline_05_mixed_maneuver,Roll,pulse,0.082456,0,0.0591525770723819,0.0591525770723819,0.0555229300633071,0.003629647009074796,0.003629647009074796,0.010307,0,0.0,0.001460148235782997,0,0,0,W20_N5_mean1x,20,5,1.0,1909,Roll_hybrid_prediction,/home/tchowdh4/sensor_recovery_project/logs/extracted_csv/baseline_05_mixed_maneuver_ATT.csv,/home/tchowdh4/sensor_recovery_project/prediction_results_v9_trained_hybrid/baseline_05_mixed_maneuver_ATT_trained_hybrid_prediction_outputs.csv
29.199982,baseline_05_mixed_maneuver,Roll,pulse,0.082456,0,0.0509870573878288,0.0509870573878288,0.0456794695928692,0.005307587794959601,0.005307587794959601,0.010307,0,0.0,0.0017176933027804066,0,0,0,W20_N5_mean1x,20,5,1.0,1909,Roll_hybrid_prediction,/home/tchowdh4/sensor_recovery_project/logs/extracted_csv/baseline_05_mixed_maneuver_ATT.csv,/home/tchowdh4/sensor_recovery_project/prediction_results_v9_trained_hybrid/baseline_05_mixed_maneuver_ATT_trained_hybrid_prediction_outputs.csv
29.299942,baseline_05_mixed_maneuver,Roll,pulse,0.082456,0,0.0488903261721134,0.0488903261721134,0.0475274508818983,0.0013628752902150945,0.0013628752902150945,0.010307,0,0.0,0.0017545055877417517,0,0,0,W20_N5_mean1x,20,5,1.0,1909,Roll_hybrid_prediction,/home/tchowdh4/sensor_recovery_project/logs/extracted_csv/baseline_05_mixed_maneuver_ATT.csv,/home/tchowdh4/sensor_recovery_project/prediction_results_v9_trained_hybrid/baseline_05_mixed_maneuver_ATT_trained_hybrid_prediction_outputs.csv
29.399902,baseline_05_mixed_maneuver,Roll,pulse,0.082456,0,0.0465140305459499,0.0465140305459499,0.0449694383889436,0.0015445921570063012,0.0015445921570063012,0.010307,0,0.0,0.0018135138694197164,0,0,0,W20_N5_mean1x,20,5,1.0,1909,Roll_hybrid_prediction,/home/tchowdh4/sensor_recovery_project/logs/extracted_csv/baseline_05_mixed_maneuver_ATT.csv,/home/tchowdh4/sensor_recovery_project/prediction_results_v9_trained_hybrid/baseline_05_mixed_maneuver_ATT_trained_hybrid_prediction_outputs.csv
29.499862,baseline_05_mixed_maneuver,Roll,pulse,0.082456,0,0.0422687232494354,0.0422687232494354,0.0395092735067009,0.002759449742734496,0.002759449742734496,0.010307,0,0.0,0.0018954348936677165,0,0,0,W20_N5_mean1x,20,5,1.0,1909,Roll_hybrid_prediction,/home/tchowdh4/sensor_recovery_project/logs/extracted_csv/baseline_05_mixed_maneuver_ATT.csv,/home/tchowdh4/sensor_recovery_project/prediction_results_v9_trained_hybrid/baseline_05_mixed_maneuver_ATT_trained_hybrid_prediction_outputs.csv
29.599822,baseline_05_mixed_maneuver,Roll,pulse,0.082456,0,0.0392028950154781,0.0392028950154781,0.0372101066634058,0.001992788352072297,0.001992788352072297,0.010307,0,0.0,0.0019441383797675568,0,0,0,W20_N5_mean1x,20,5,1.0,1909,Roll_hybrid_prediction,/home/tchowdh4/sensor_recovery_project/logs/extracted_csv/baseline_05_mixed_maneuver_ATT.csv,/home/tchowdh4/sensor_recovery_project/prediction_results_v9_trained_hybrid/baseline_05_mixed_maneuver_ATT_trained_hybrid_prediction_outputs.csv
29.700615,baseline_05_mixed_maneuver,Roll,pulse,0.082456,0,0.0381149463355541,0.0381149463355541,0.0374077796936034,0.0007071666419507031,0.0007071666419507031,0.010307,0,0.0,0.0019418593216687715,0,0,0,W20_N5_mean1x,20,5,1.0,1909,Roll_hybrid_prediction,/home/tchowdh4/sensor_recovery_project/logs/extracted_csv/baseline_05_mixed_maneuver_ATT.csv,/home/tchowdh4/sensor_recovery_project/prediction_results_v9_trained_hybrid/baseline_05_mixed_maneuver_ATT_trained_hybrid_prediction_outputs.csv
29.800575,baseline_05_mixed_maneuver,Roll,pulse,0.082456,0,0.0407338738441467,0.0407338738441467,0.0424361767247318,-0.0017023028805851007,0.0017023028805851007,0.010307,0,0.0,0.001953489854931851,0,0,0,W20_N5_mean1x,20,5,1.0,1909,Roll_hybrid_prediction,/home/tchowdh4/sensor_recovery_project/logs/extracted_csv/baseline_05_mixed_maneuver_ATT.csv,/home/tchowdh4/sensor_recovery_project/prediction_results_v9_trained_hybrid/baseline_05_mixed_maneuver_ATT_trained_hybrid_prediction_outputs.csv
29.900535,baseline_05_mixed_maneuver,Roll,pulse,0.082456,0,0.0427018217742443,0.0427018217742443,0.0439809879288077,-0.001279166154563395,0.001279166154563395,0.010307,0,0.0,0.002010112414136546,0,0,0,W20_N5_mean1x,20,5,1.0,1909,Roll_hybrid_prediction,/home/tchowdh4/sensor_recovery_project/logs/extracted_csv/baseline_05_mixed_maneuver_ATT.csv,/home/tchowdh4/sensor_recovery_project/prediction_results_v9_trained_hybrid/baseline_05_mixed_maneuver_ATT_trained_hybrid_prediction_outputs.csv
30.000495,baseline_05_mixed_maneuver,Roll,pulse,0.082456,0,0.0420673489570617,0.0420673489570617,0.041654941625893,0.00041240733116870015,0.00041240733116870015,0.010307,0,0.0,0.0019444779865443959,0,0,0,W20_N5_mean1x,20,5,1.0,1909,Roll_hybrid_prediction,/home/tchowdh4/sensor_recovery_project/logs/extracted_csv/baseline_05_mixed_maneuver_ATT.csv,/home/tchowdh4/sensor_recovery_project/prediction_results_v9_trained_hybrid/baseline_05_mixed_maneuver_ATT_trained_hybrid_prediction_outputs.csv
30.100455,baseline_05_mixed_maneuver,Roll,pulse,0.082456,0,0.0417000576853752,0.0417000576853752,0.0414613183587789,0.00023873932659630032,0.00023873932659630032,0.010307,0,0.0,0.0019178995490074409,0,0,0,W20_N5_mean1x,20,5,1.0,1909,Roll_hybrid_prediction,/home/tchowdh4/sensor_recovery_project/logs/extracted_csv/baseline_05_mixed_maneuver_ATT.csv,/home/tchowdh4/sensor_recovery_project/prediction_results_v9_trained_hybrid/baseline_05_mixed_maneuver_ATT_trained_hybrid_prediction_outputs.csv
30.200415,baseline_05_mixed_maneuver,Roll,pulse,0.082456,0,0.0479075908660888,0.0479075908660888,0.0519424874335526,-0.004034896567463801,0.004034896567463801,0.010307,0,0.0,0.002112638670951146,0,0,0,W20_N5_mean1x,20,5,1.0,1909,Roll_hybrid_prediction,/home/tchowdh4/sensor_recovery_project/logs/extracted_csv/baseline_05_mixed_maneuver_ATT.csv,/home/tchowdh4/sensor_recovery_project/prediction_results_v9_trained_hybrid/baseline_05_mixed_maneuver_ATT_trained_hybrid_prediction_outputs.csv
30.300375,baseline_05_mixed_maneuver,Roll,pulse,0.082456,0,0.0546617060899734,0.0546617060899734,0.0590518809854983,-0.004390174895524901,0.004390174895524901,0.010307,0,0.0,0.002245277334004655,0,0,0,W20_N5_mean1x,20,5,1.0,1909,Roll_hybrid_prediction,/home/tchowdh4/sensor_recovery_project/logs/extracted_csv/baseline_05_mixed_maneuver_ATT.csv,/home/tchowdh4/sensor_recovery_project/prediction_results_v9_trained_hybrid/baseline_05_mixed_maneuver_ATT_trained_hybrid_prediction_outputs.csv
30.400335,baseline_05_mixed_maneuver,Roll,pulse,0.082456,0,0.061588354408741,0.061588354408741,0.0660906758159399,-0.004502321407198903,0.004502321407198903,0.010307,0,0.0,0.0024521979875862803,0,0,0,W20_N5_mean1x,20,5,1.0,1909,Roll_hybrid_prediction,/home/tchowdh4/sensor_recovery_project/logs/extracted_csv/baseline_05_mixed_maneuver_ATT.csv,/home/tchowdh4/sensor_recovery_project/prediction_results_v9_trained_hybrid/baseline_05_mixed_maneuver_ATT_trained_hybrid_prediction_outputs.csv
30.500295,baseline_05_mixed_maneuver,Roll,pulse,0.082456,0,0.066660039126873,0.066660039126873,0.0699566341936587,-0.0032965950667857014,0.0032965950667857014,0.010307,0,0.0,0.00258163502439858,0,0,0,W20_N5_mean1x,20,5,1.0,1909,Roll_hybrid_prediction,/home/tchowdh4/sensor_recovery_project/logs/extracted_csv/baseline_05_mixed_maneuver_ATT.csv,/home/tchowdh4/sensor_recovery_project/prediction_results_v9_trained_hybrid/baseline_05_mixed_maneuver_ATT_trained_hybrid_prediction_outputs.csv
30.600255,baseline_05_mixed_maneuver,Roll,pulse,0.082456,0,0.0663121417164802,0.0663121417164802,0.0660860083997248,0.00022613331675540305,0.00022613331675540305,0.010307,0,0.0,0.00254902163520458,0,0,0,W20_N5_mean1x,20,5,1.0,1909,Roll_hybrid_prediction,/home/tchowdh4/sensor_recovery_project/logs/extracted_csv/baseline_05_mixed_maneuver_ATT.csv,/home/tchowdh4/sensor_recovery_project/prediction_results_v9_trained_hybrid/baseline_05_mixed_maneuver_ATT_trained_hybrid_prediction_outputs.csv
30.700215,baseline_05_mixed_maneuver,Roll,pulse,0.082456,0,0.0707093402743339,0.0707093402743339,0.0735675193369388,-0.002858179062604896,0.002858179062604896,0.010307,0,0.0,0.00257048817351463,0,0,0,W20_N5_mean1x,20,5,1.0,1909,Roll_hybrid_prediction,/home/tchowdh4/sensor_recovery_project/logs/extracted_csv/baseline_05_mixed_maneuver_ATT.csv,/home/tchowdh4/sensor_recovery_project/prediction_results_v9_trained_hybrid/baseline_05_mixed_maneuver_ATT_trained_hybrid_prediction_outputs.csv
30.800175,baseline_05_mixed_maneuver,Roll,pulse,0.082456,0,0.0732976719737052,0.0732976719737052,0.0749800875782965,-0.0016824156045913002,0.0016824156045913002,0.010307,0,0.0,0.002610112112015505,0,0,0,W20_N5_mean1x,20,5,1.0,1909,Roll_hybrid_prediction,/home/tchowdh4/sensor_recovery_project/logs/extracted_csv/baseline_05_mixed_maneuver_ATT.csv,/home/tchowdh4/sensor_recovery_project/prediction_results_v9_trained_hybrid/baseline_05_mixed_maneuver_ATT_trained_hybrid_prediction_outputs.csv
30.900135,baseline_05_mixed_maneuver,Roll,pulse,0.082456,0,0.0744030177593231,0.0744030177593231,0.0751214925199747,-0.000718474760651594,0.000718474760651594,0.010307,0,0.0,0.002417275756597534,0,0,0,W20_N5_mean1x,20,5,1.0,1909,Roll_hybrid_prediction,/home/tchowdh4/sensor_recovery_project/logs/extracted_csv/baseline_05_mixed_maneuver_ATT.csv,/home/tchowdh4/sensor_recovery_project/prediction_results_v9_trained_hybrid/baseline_05_mixed_maneuver_ATT_trained_hybrid_prediction_outputs.csv
31.000095,baseline_05_mixed_maneuver,Roll,pulse,0.082456,0,0.0746703222393989,0.0746703222393989,0.0748440701514481,-0.00017374791204920192,0.00017374791204920192,0.010307,0,0.0,0.0021409830637276243,0,0,0,W20_N5_mean1x,20,5,1.0,1909,Roll_hybrid_prediction,/home/tchowdh4/sensor_recovery_project/logs/extracted_csv/baseline_05_mixed_maneuver_ATT.csv,/home/tchowdh4/sensor_recovery_project/prediction_results_v9_trained_hybrid/baseline_05_mixed_maneuver_ATT_trained_hybrid_prediction_outputs.csv
31.100055,baseline_05_mixed_maneuver,Roll,pulse,0.082456,0,0.0748960450291633,0.0748960450291633,0.0750427648425101,-0.00014671981334679618,0.00014671981334679618,0.010307,0,0.0,0.0019668367039412243,0,0,0,W20_N5_mean1x,20,5,1.0,1909,Roll_hybrid_prediction,/home/tchowdh4/sensor_recovery_project/logs/extracted_csv/baseline_05_mixed_maneuver_ATT.csv,/home/tchowdh4/sensor_recovery_project/prediction_results_v9_trained_hybrid/baseline_05_mixed_maneuver_ATT_trained_hybrid_prediction_outputs.csv
31.200015,baseline_05_mixed_maneuver,Roll,pulse,0.082456,0,0.0747124105691909,0.0747124105691909,0.0745930481702088,0.00011936239898209522,0.00011936239898209522,0.010307,0,0.0,0.001707425434142349,0,0,0,W20_N5_mean1x,20,5,1.0,1909,Roll_hybrid_prediction,/home/tchowdh4/sensor_recovery_project/logs/extracted_csv/baseline_05_mixed_maneuver_ATT.csv,/home/tchowdh4/sensor_recovery_project/prediction_results_v9_trained_hybrid/baseline_05_mixed_maneuver_ATT_trained_hybrid_prediction_outputs.csv
31.299975,baseline_05_mixed_maneuver,Roll,pulse,0.082456,0,0.0747992545366287,0.0747992545366287,0.0748557031154632,-5.644857883450871e-05,5.644857883450871e-05,0.010307,0,0.0,0.0016421040985733198,0,0,0,W20_N5_mean1x,20,5,1.0,1909,Roll_hybrid_prediction,/home/tchowdh4/sensor_recovery_project/logs/extracted_csv/baseline_05_mixed_maneuver_ATT.csv,/home/tchowdh4/sensor_recovery_project/prediction_results_v9_trained_hybrid/baseline_05_mixed_maneuver_ATT_trained_hybrid_prediction_outputs.csv
31.399935,baseline_05_mixed_maneuver,Roll,pulse,0.082456,0,0.074731208384037,0.074731208384037,0.0746869783848524,4.422999918460291e-05,4.422999918460291e-05,0.010307,0,0.0,0.0015670859906822348,0,0,0,W20_N5_mean1x,20,5,1.0,1909,Roll_hybrid_prediction,/home/tchowdh4/sensor_recovery_project/logs/extracted_csv/baseline_05_mixed_maneuver_ATT.csv,/home/tchowdh4/sensor_recovery_project/prediction_results_v9_trained_hybrid/baseline_05_mixed_maneuver_ATT_trained_hybrid_prediction_outputs.csv
31.499895,baseline_05_mixed_maneuver,Roll,pulse,0.082456,0,0.0748285502195358,0.0748285502195358,0.07489182241261,-6.327219307419862e-05,6.327219307419862e-05,0.010307,0,0.0,0.00143227711319922,0,0,0,W20_N5_mean1x,20,5,1.0,1909,Roll_hybrid_prediction,/home/tchowdh4/sensor_recovery_project/logs/extracted_csv/baseline_05_mixed_maneuver_ATT.csv,/home/tchowdh4/sensor_recovery_project/prediction_results_v9_trained_hybrid/baseline_05_mixed_maneuver_ATT_trained_hybrid_prediction_outputs.csv
31.599855,baseline_05_mixed_maneuver,Roll,pulse,0.082456,0,0.0746657103300094,0.0746657103300094,0.0745598644018172,0.00010584592819221084,0.00010584592819221084,0.010307,0,0.0,0.0013379299920052157,0,0,0,W20_N5_mean1x,20,5,1.0,1909,Roll_hybrid_prediction,/home/tchowdh4/sensor_recovery_project/logs/extracted_csv/baseline_05_mixed_maneuver_ATT.csv,/home/tchowdh4/sensor_recovery_project/prediction_results_v9_trained_hybrid/baseline_05_mixed_maneuver_ATT_trained_hybrid_prediction_outputs.csv
31.699815,baseline_05_mixed_maneuver,Roll,pulse,0.082456,0,0.074746698141098,0.074746698141098,0.0747993402183055,-5.2642077207509796e-05,5.2642077207509796e-05,0.010307,0,0.0,0.001305203763768056,0,0,0,W20_N5_mean1x,20,5,1.0,1909,Roll_hybrid_prediction,/home/tchowdh4/sensor_recovery_project/logs/extracted_csv/baseline_05_mixed_maneuver_ATT.csv,/home/tchowdh4/sensor_recovery_project/prediction_results_v9_trained_hybrid/baseline_05_mixed_maneuver_ATT_trained_hybrid_prediction_outputs.csv
31.800608,baseline_05_mixed_maneuver,Roll,pulse,0.082456,0,0.0746430978178978,0.0746430978178978,0.0745757576078176,6.73402100802023e-05,6.73402100802023e-05,0.010307,0,0.0,0.001223455630242811,0,0,0,W20_N5_mean1x,20,5,1.0,1909,Roll_hybrid_prediction,/home/tchowdh4/sensor_recovery_project/logs/extracted_csv/baseline_05_mixed_maneuver_ATT.csv,/home/tchowdh4/sensor_recovery_project/prediction_results_v9_trained_hybrid/baseline_05_mixed_maneuver_ATT_trained_hybrid_prediction_outputs.csv
31.900568,baseline_05_mixed_maneuver,Roll,pulse,0.082456,0,0.0746382847428321,0.0746382847428321,0.0746351562440394,3.128498792706602e-06,3.128498792706602e-06,0.010307,0,0.0,0.0011596537474542767,0,0,0,W20_N5_mean1x,20,5,1.0,1909,Roll_hybrid_prediction,/home/tchowdh4/sensor_recovery_project/logs/extracted_csv/baseline_05_mixed_maneuver_ATT.csv,/home/tchowdh4/sensor_recovery_project/prediction_results_v9_trained_hybrid/baseline_05_mixed_maneuver_ATT_trained_hybrid_prediction_outputs.csv
32.000528,baseline_05_mixed_maneuver,Roll,pulse,0.082456,0,0.0743973776698112,0.0743973776698112,0.0742407880723476,0.00015658959746359113,0.00015658959746359113,0.010307,0,0.0,0.0011468628607690212,0,0,0,W20_N5_mean1x,20,5,1.0,1909,Roll_hybrid_prediction,/home/tchowdh4/sensor_recovery_project/logs/extracted_csv/baseline_05_mixed_maneuver_ATT.csv,/home/tchowdh4/sensor_recovery_project/prediction_results_v9_trained_hybrid/baseline_05_mixed_maneuver_ATT_trained_hybrid_prediction_outputs.csv
32.100488,baseline_05_mixed_maneuver,Roll,pulse,0.082456,0,0.074414238333702,0.074414238333702,0.074425197765231,-1.095943152899792e-05,1.095943152899792e-05,0.010307,0,0.0,0.001135473866015656,0,0,0,W20_N5_mean1x,20,5,1.0,1909,Roll_hybrid_prediction,/home/tchowdh4/sensor_recovery_project/logs/extracted_csv/baseline_05_mixed_maneuver_ATT.csv,/home/tchowdh4/sensor_recovery_project/prediction_results_v9_trained_hybrid/baseline_05_mixed_maneuver_ATT_trained_hybrid_prediction_outputs.csv
32.200448,baseline_05_mixed_maneuver,Roll,pulse,0.082456,0,0.0744371935725212,0.0744371935725212,0.0744521144777536,-1.4920905232404524e-05,1.4920905232404524e-05,0.010307,0,0.0,0.0009344750829040863,0,0,0,W20_N5_mean1x,20,5,1.0,1909,Roll_hybrid_prediction,/home/tchowdh4/sensor_recovery_project/logs/extracted_csv/baseline_05_mixed_maneuver_ATT.csv,/home/tchowdh4/sensor_recovery_project/prediction_results_v9_trained_hybrid/baseline_05_mixed_maneuver_ATT_trained_hybrid_prediction_outputs.csv
32.300408,baseline_05_mixed_maneuver,Roll,pulse,0.082456,0,0.074522741138935,0.074522741138935,0.0745783470571039,-5.560591816888838e-05,5.560591816888838e-05,0.010307,0,0.0,0.0007177466340362856,0,0,0,W20_N5_mean1x,20,5,1.0,1909,Roll_hybrid_prediction,/home/tchowdh4/sensor_recovery_project/logs/extracted_csv/baseline_05_mixed_maneuver_ATT.csv,/home/tchowdh4/sensor_recovery_project/prediction_results_v9_trained_hybrid/baseline_05_mixed_maneuver_ATT_trained_hybrid_prediction_outputs.csv
32.400368,baseline_05_mixed_maneuver,Roll,pulse,0.082456,0,0.0744345933198928,0.0744345933198928,0.0743772972375153,5.729608237750594e-05,5.729608237750594e-05,0.010307,0,0.0,0.0004954953677952158,0,0,0,W20_N5_mean1x,20,5,1.0,1909,Roll_hybrid_prediction,/home/tchowdh4/sensor_recovery_project/logs/extracted_csv/baseline_05_mixed_maneuver_ATT.csv,/home/tchowdh4/sensor_recovery_project/prediction_results_v9_trained_hybrid/baseline_05_mixed_maneuver_ATT_trained_hybrid_prediction_outputs.csv
32.500328,baseline_05_mixed_maneuver,Roll,pulse,0.082456,0,0.0746201202273368,0.0746201202273368,0.0747407127171754,-0.00012059248983860293,0.00012059248983860293,0.010307,0,0.0,0.0003366952389478609,0,0,0,W20_N5_mean1x,20,5,1.0,1909,Roll_hybrid_prediction,/home/tchowdh4/sensor_recovery_project/logs/extracted_csv/baseline_05_mixed_maneuver_ATT.csv,/home/tchowdh4/sensor_recovery_project/prediction_results_v9_trained_hybrid/baseline_05_mixed_maneuver_ATT_trained_hybrid_prediction_outputs.csv
32.600288,baseline_05_mixed_maneuver,Roll,pulse,0.082456,0,0.074537418782711,0.074537418782711,0.0744836628437042,5.375593900680542e-05,5.375593900680542e-05,0.010307,0,0.0,0.000328076370060431,0,0,0,W20_N5_mean1x,20,5,1.0,1909,Roll_hybrid_prediction,/home/tchowdh4/sensor_recovery_project/logs/extracted_csv/baseline_05_mixed_maneuver_ATT.csv,/home/tchowdh4/sensor_recovery_project/prediction_results_v9_trained_hybrid/baseline_05_mixed_maneuver_ATT_trained_hybrid_prediction_outputs.csv
32.700248,baseline_05_mixed_maneuver,Roll,pulse,0.082456,0,0.0744558125734329,0.0744558125734329,0.0744027685374021,5.304403603079155e-05,5.304403603079155e-05,0.010307,0,0.0,0.00018781961873172575,0,0,0,W20_N5_mean1x,20,5,1.0,1909,Roll_hybrid_prediction,/home/tchowdh4/sensor_recovery_project/logs/extracted_csv/baseline_05_mixed_maneuver_ATT.csv,/home/tchowdh4/sensor_recovery_project/prediction_results_v9_trained_hybrid/baseline_05_mixed_maneuver_ATT_trained_hybrid_prediction_outputs.csv
32.800208,baseline_05_mixed_maneuver,Roll,pulse,0.082456,0,0.0744694769382476,0.0744694769382476,0.0744783587753771,-8.881837129506853e-06,8.881837129506853e-06,0.010307,0,0.0,0.00010414293035863609,0,0,0,W20_N5_mean1x,20,5,1.0,1909,Roll_hybrid_prediction,/home/tchowdh4/sensor_recovery_project/logs/extracted_csv/baseline_05_mixed_maneuver_ATT.csv,/home/tchowdh4/sensor_recovery_project/prediction_results_v9_trained_hybrid/baseline_05_mixed_maneuver_ATT_trained_hybrid_prediction_outputs.csv
32.900168,baseline_05_mixed_maneuver,Roll,pulse,0.082456,0,0.0744383186101913,0.0744383186101913,0.0744180656969547,2.0252913236609715e-05,2.0252913236609715e-05,0.010307,0,0.0,6.923183798788687e-05,0,0,0,W20_N5_mean1x,20,5,1.0,1909,Roll_hybrid_prediction,/home/tchowdh4/sensor_recovery_project/logs/extracted_csv/baseline_05_mixed_maneuver_ATT.csv,/home/tchowdh4/sensor_recovery_project/prediction_results_v9_trained_hybrid/baseline_05_mixed_maneuver_ATT_trained_hybrid_prediction_outputs.csv
33.000128,baseline_05_mixed_maneuver,Roll,pulse,0.082456,0,0.0744678378105163,0.0744678378105163,0.0744870252907275,-1.9187480211194097e-05,1.9187480211194097e-05,0.010307,0,0.0,6.150381639598648e-05,0,0,0,W20_N5_mean1x,20,5,1.0,1909,Roll_hybrid_prediction,/home/tchowdh4/sensor_recovery_project/logs/extracted_csv/baseline_05_mixed_maneuver_ATT.csv,/home/tchowdh4/sensor_recovery_project/prediction_results_v9_trained_hybrid/baseline_05_mixed_maneuver_ATT_trained_hybrid_prediction_outputs.csv
33.100088,baseline_05_mixed_maneuver,Roll,pulse,0.082456,0,0.0748682841658592,0.0748682841658592,0.075128574296832,-0.0002602901309727984,0.0002602901309727984,0.010307,0,0.0,6.71823322772866e-05,0,0,0,W20_N5_mean1x,20,5,1.0,1909,Roll_hybrid_prediction,/home/tchowdh4/sensor_recovery_project/logs/extracted_csv/baseline_05_mixed_maneuver_ATT.csv,/home/tchowdh4/sensor_recovery_project/prediction_results_v9_trained_hybrid/baseline_05_mixed_maneuver_ATT_trained_hybrid_prediction_outputs.csv
33.200048,baseline_05_mixed_maneuver,Roll,pulse,0.082456,0,0.075070284307003,0.075070284307003,0.0752015843987464,-0.0001313000917434054,0.0001313000917434054,0.010307,0,0.0,6.77792169153521e-05,0,0,0,W20_N5_mean1x,20,5,1.0,1909,Roll_hybrid_prediction,/home/tchowdh4/sensor_recovery_project/logs/extracted_csv/baseline_05_mixed_maneuver_ATT.csv,/home/tchowdh4/sensor_recovery_project/prediction_results_v9_trained_hybrid/baseline_05_mixed_maneuver_ATT_trained_hybrid_prediction_outputs.csv
33.300008,baseline_05_mixed_maneuver,Roll,pulse,0.082456,0,0.0750081315636634,0.0750081315636634,0.0749677322804926,4.039928317080277e-05,4.039928317080277e-05,0.010307,0,0.0,6.69767521321668e-05,0,0,0,W20_N5_mean1x,20,5,1.0,1909,Roll_hybrid_prediction,/home/tchowdh4/sensor_recovery_project/logs/extracted_csv/baseline_05_mixed_maneuver_ATT.csv,/home/tchowdh4/sensor_recovery_project/prediction_results_v9_trained_hybrid/baseline_05_mixed_maneuver_ATT_trained_hybrid_prediction_outputs.csv
33.399968,baseline_05_mixed_maneuver,Roll,pulse,0.082456,0,0.0750459358096122,0.0750459358096122,0.0750705085694789,-2.4572759866697824e-05,2.4572759866697824e-05,0.010307,0,0.0,6.599389016627155e-05,0,0,0,W20_N5_mean1x,20,5,1.0,1909,Roll_hybrid_prediction,/home/tchowdh4/sensor_recovery_project/logs/extracted_csv/baseline_05_mixed_maneuver_ATT.csv,/home/tchowdh4/sensor_recovery_project/prediction_results_v9_trained_hybrid/baseline_05_mixed_maneuver_ATT_trained_hybrid_prediction_outputs.csv
33.499928,baseline_05_mixed_maneuver,Roll,pulse,0.082456,0,0.0750120431184768,0.0750120431184768,0.0749900128692387,2.2030249238094712e-05,2.2030249238094712e-05,0.010307,0,0.0,6.393179297446636e-05,0,0,0,W20_N5_mean1x,20,5,1.0,1909,Roll_hybrid_prediction,/home/tchowdh4/sensor_recovery_project/logs/extracted_csv/baseline_05_mixed_maneuver_ATT.csv,/home/tchowdh4/sensor_recovery_project/prediction_results_v9_trained_hybrid/baseline_05_mixed_maneuver_ATT_trained_hybrid_prediction_outputs.csv
33.599888,baseline_05_mixed_maneuver,Roll,pulse,0.082456,0,0.0748580992221832,0.0748580992221832,0.0747580356895923,0.0001000635325908994,0.0001000635325908994,0.010307,0,0.0,6.364267319440079e-05,0,0,0,W20_N5_mean1x,20,5,1.0,1909,Roll_hybrid_prediction,/home/tchowdh4/sensor_recovery_project/logs/extracted_csv/baseline_05_mixed_maneuver_ATT.csv,/home/tchowdh4/sensor_recovery_project/prediction_results_v9_trained_hybrid/baseline_05_mixed_maneuver_ATT_trained_hybrid_prediction_outputs.csv
33.699848,baseline_05_mixed_maneuver,Roll,pulse,0.082456,0,0.0746008455753326,0.0746008455753326,0.0744336307048797,0.00016721487045290306,0.00016721487045290306,0.010307,0,0.0,6.937131285667044e-05,0,0,0,W20_N5_mean1x,20,5,1.0,1909,Roll_hybrid_prediction,/home/tchowdh4/sensor_recovery_project/logs/extracted_csv/baseline_05_mixed_maneuver_ATT.csv,/home/tchowdh4/sensor_recovery_project/prediction_results_v9_trained_hybrid/baseline_05_mixed_maneuver_ATT_trained_hybrid_prediction_outputs.csv
33.799808,baseline_05_mixed_maneuver,Roll,pulse,0.082456,0,0.0744595006108284,0.0744595006108284,0.0743676263839006,9.187422692780167e-05,9.187422692780167e-05,0.010307,0,0.0,7.059801369905042e-05,0,0,0,W20_N5_mean1x,20,5,1.0,1909,Roll_hybrid_prediction,/home/tchowdh4/sensor_recovery_project/logs/extracted_csv/baseline_05_mixed_maneuver_ATT.csv,/home/tchowdh4/sensor_recovery_project/prediction_results_v9_trained_hybrid/baseline_05_mixed_maneuver_ATT_trained_hybrid_prediction_outputs.csv
33.900601,baseline_05_mixed_maneuver,Roll,pulse,0.082456,0,0.0744656696915626,0.0744656696915626,0.0744696795940398,-4.009902477203342e-06,4.009902477203342e-06,0.010307,0,0.0,7.064208388327525e-05,0,0,0,W20_N5_mean1x,20,5,1.0,1909,Roll_hybrid_prediction,/home/tchowdh4/sensor_recovery_project/logs/extracted_csv/baseline_05_mixed_maneuver_ATT.csv,/home/tchowdh4/sensor_recovery_project/prediction_results_v9_trained_hybrid/baseline_05_mixed_maneuver_ATT_trained_hybrid_prediction_outputs.csv
34.000561,baseline_05_mixed_maneuver,Roll,pulse,0.082456,0,0.0742829218506813,0.0742829218506813,0.0741641357541084,0.00011878609657289818,0.00011878609657289818,0.010307,0,0.0,6.87519088387406e-05,0,0,0,W20_N5_mean1x,20,5,1.0,1909,Roll_hybrid_prediction,/home/tchowdh4/sensor_recovery_project/logs/extracted_csv/baseline_05_mixed_maneuver_ATT.csv,/home/tchowdh4/sensor_recovery_project/prediction_results_v9_trained_hybrid/baseline_05_mixed_maneuver_ATT_trained_hybrid_prediction_outputs.csv
34.100521,baseline_05_mixed_maneuver,Roll,pulse,0.082456,0,0.0738831311464309,0.0738831311464309,0.0736232671886681,0.0002598639577627987,0.0002598639577627987,0.010307,0,0.0,8.119713515043064e-05,0,0,0,W20_N5_mean1x,20,5,1.0,1909,Roll_hybrid_prediction,/home/tchowdh4/sensor_recovery_project/logs/extracted_csv/baseline_05_mixed_maneuver_ATT.csv,/home/tchowdh4/sensor_recovery_project/prediction_results_v9_trained_hybrid/baseline_05_mixed_maneuver_ATT_trained_hybrid_prediction_outputs.csv
34.200481,baseline_05_mixed_maneuver,Roll,pulse,0.082456,0,0.0736492872238159,0.0736492872238159,0.0734972886741161,0.00015199854969979998,0.00015199854969979998,0.010307,0,0.0,8.805101737380041e-05,0,0,0,W20_N5_mean1x,20,5,1.0,1909,Roll_hybrid_prediction,/home/tchowdh4/sensor_recovery_project/logs/extracted_csv/baseline_05_mixed_maneuver_ATT.csv,/home/tchowdh4/sensor_recovery_project/prediction_results_v9_trained_hybrid/baseline_05_mixed_maneuver_ATT_trained_hybrid_prediction_outputs.csv
34.300441,baseline_05_mixed_maneuver,Roll,pulse,0.082456,0,0.0735001936554908,0.0735001936554908,0.0734032828360795,9.69108194113083e-05,9.69108194113083e-05,0.010307,0,0.0,9.011626243592141e-05,0,0,0,W20_N5_mean1x,20,5,1.0,1909,Roll_hybrid_prediction,/home/tchowdh4/sensor_recovery_project/logs/extracted_csv/baseline_05_mixed_maneuver_ATT.csv,/home/tchowdh4/sensor_recovery_project/prediction_results_v9_trained_hybrid/baseline_05_mixed_maneuver_ATT_trained_hybrid_prediction_outputs.csv
34.400401,baseline_05_mixed_maneuver,Roll,pulse,0.082456,0,0.0732237845659256,0.0732237845659256,0.0730441186577082,0.00017966590821739958,0.00017966590821739958,0.010307,0,0.0,9.62347537279161e-05,0,0,0,W20_N5_mean1x,20,5,1.0,1909,Roll_hybrid_prediction,/home/tchowdh4/sensor_recovery_project/logs/extracted_csv/baseline_05_mixed_maneuver_ATT.csv,/home/tchowdh4/sensor_recovery_project/prediction_results_v9_trained_hybrid/baseline_05_mixed_maneuver_ATT_trained_hybrid_prediction_outputs.csv
34.500361,baseline_05_mixed_maneuver,Roll,pulse,0.082456,0,0.0730648189783096,0.0730648189783096,0.0729614913463592,0.00010332763195040895,0.00010332763195040895,0.010307,0,0.0,9.53715108335064e-05,0,0,0,W20_N5_mean1x,20,5,1.0,1909,Roll_hybrid_prediction,/home/tchowdh4/sensor_recovery_project/logs/extracted_csv/baseline_05_mixed_maneuver_ATT.csv,/home/tchowdh4/sensor_recovery_project/prediction_results_v9_trained_hybrid/baseline_05_mixed_maneuver_ATT_trained_hybrid_prediction_outputs.csv
34.600321,baseline_05_mixed_maneuver,Roll,pulse,0.082456,0,0.072551742196083,0.072551742196083,0.0722182422876357,0.0003334999084473045,0.0003334999084473045,0.010307,0,0.0,0.00010935870930553135,0,0,0,W20_N5_mean1x,20,5,1.0,1909,Roll_hybrid_prediction,/home/tchowdh4/sensor_recovery_project/logs/extracted_csv/baseline_05_mixed_maneuver_ATT.csv,/home/tchowdh4/sensor_recovery_project/prediction_results_v9_trained_hybrid/baseline_05_mixed_maneuver_ATT_trained_hybrid_prediction_outputs.csv
34.700281,baseline_05_mixed_maneuver,Roll,pulse,0.082456,0,0.0721251294016838,0.0721251294016838,0.0718478310853243,0.00027729831635948943,0.00027729831635948943,0.010307,0,0.0,0.00012057142332196625,0,0,0,W20_N5_mean1x,20,5,1.0,1909,Roll_hybrid_prediction,/home/tchowdh4/sensor_recovery_project/logs/extracted_csv/baseline_05_mixed_maneuver_ATT.csv,/home/tchowdh4/sensor_recovery_project/prediction_results_v9_trained_hybrid/baseline_05_mixed_maneuver_ATT_trained_hybrid_prediction_outputs.csv
34.800241,baseline_05_mixed_maneuver,Roll,pulse,0.082456,0,0.0719580799341201,0.0719580799341201,0.0718494977802036,0.0001085821539165005,0.0001085821539165005,0.010307,0,0.0,0.00012555643916131593,0,0,0,W20_N5_mean1x,20,5,1.0,1909,Roll_hybrid_prediction,/home/tchowdh4/sensor_recovery_project/logs/extracted_csv/baseline_05_mixed_maneuver_ATT.csv,/home/tchowdh4/sensor_recovery_project/prediction_results_v9_trained_hybrid/baseline_05_mixed_maneuver_ATT_trained_hybrid_prediction_outputs.csv
34.900201,baseline_05_mixed_maneuver,Roll,pulse,0.082456,0,0.0718537345528602,0.0718537345528602,0.0717859100550412,6.782449781900235e-05,6.782449781900235e-05,0.010307,0,0.0,0.00012793501839043555,0,0,0,W20_N5_mean1x,20,5,1.0,1909,Roll_hybrid_prediction,/home/tchowdh4/sensor_recovery_project/logs/extracted_csv/baseline_05_mixed_maneuver_ATT.csv,/home/tchowdh4/sensor_recovery_project/prediction_results_v9_trained_hybrid/baseline_05_mixed_maneuver_ATT_trained_hybrid_prediction_outputs.csv
35.000161,baseline_05_mixed_maneuver,Roll,pulse,0.082456,0,0.0714509710669517,0.0714509710669517,0.0711891748011111,0.00026179626584059423,0.00026179626584059423,0.010307,0,0.0,0.00014006545767190556,0,0,0,W20_N5_mean1x,20,5,1.0,1909,Roll_hybrid_prediction,/home/tchowdh4/sensor_recovery_project/logs/extracted_csv/baseline_05_mixed_maneuver_ATT.csv,/home/tchowdh4/sensor_recovery_project/prediction_results_v9_trained_hybrid/baseline_05_mixed_maneuver_ATT_trained_hybrid_prediction_outputs.csv
35.100121,baseline_05_mixed_maneuver,Roll,pulse,0.082456,0,0.0714006721973419,0.0714006721973419,0.0713679779320955,3.269426524640795e-05,3.269426524640795e-05,0.010307,0,0.0,0.00012868566438558604,0,0,0,W20_N5_mean1x,20,5,1.0,1909,Roll_hybrid_prediction,/home/tchowdh4/sensor_recovery_project/logs/extracted_csv/baseline_05_mixed_maneuver_ATT.csv,/home/tchowdh4/sensor_recovery_project/prediction_results_v9_trained_hybrid/baseline_05_mixed_maneuver_ATT_trained_hybrid_prediction_outputs.csv
35.200081,baseline_05_mixed_maneuver,Roll,pulse,0.082456,0,0.0710583478212356,0.0710583478212356,0.0708358369767665,0.00022251084446910097,0.00022251084446910097,0.010307,0,0.0,0.0001332462020218708,0,0,0,W20_N5_mean1x,20,5,1.0,1909,Roll_hybrid_prediction,/home/tchowdh4/sensor_recovery_project/logs/extracted_csv/baseline_05_mixed_maneuver_ATT.csv,/home/tchowdh4/sensor_recovery_project/prediction_results_v9_trained_hybrid/baseline_05_mixed_maneuver_ATT_trained_hybrid_prediction_outputs.csv
35.300041,baseline_05_mixed_maneuver,Roll,pulse,0.082456,0,0.0708662047982215,0.0708662047982215,0.0707413118332623,0.0001248929649592112,0.0001248929649592112,0.010307,0,0.0,0.00013747088611129125,0,0,0,W20_N5_mean1x,20,5,1.0,1909,Roll_hybrid_prediction,/home/tchowdh4/sensor_recovery_project/logs/extracted_csv/baseline_05_mixed_maneuver_ATT.csv,/home/tchowdh4/sensor_recovery_project/prediction_results_v9_trained_hybrid/baseline_05_mixed_maneuver_ATT_trained_hybrid_prediction_outputs.csv
35.400001,baseline_05_mixed_maneuver,Roll,pulse,0.082456,0,0.0706895813345909,0.0706895813345909,0.070574776083231,0.00011480525135990072,0.00011480525135990072,0.010307,0,0.0,0.0001419825106859514,0,0,0,W20_N5_mean1x,20,5,1.0,1909,Roll_hybrid_prediction,/home/tchowdh4/sensor_recovery_project/logs/extracted_csv/baseline_05_mixed_maneuver_ATT.csv,/home/tchowdh4/sensor_recovery_project/prediction_results_v9_trained_hybrid/baseline_05_mixed_maneuver_ATT_trained_hybrid_prediction_outputs.csv
35.499961,baseline_05_mixed_maneuver,Roll,pulse,0.082456,0,0.0708732306957244,0.0708732306957244,0.0709926027804611,-0.00011937208473669636,0.00011937208473669636,0.010307,0,0.0,0.00014684960246088148,0,0,0,W20_N5_mean1x,20,5,1.0,1909,Roll_hybrid_prediction,/home/tchowdh4/sensor_recovery_project/logs/extracted_csv/baseline_05_mixed_maneuver_ATT.csv,/home/tchowdh4/sensor_recovery_project/prediction_results_v9_trained_hybrid/baseline_05_mixed_maneuver_ATT_trained_hybrid_prediction_outputs.csv
35.599921,baseline_05_mixed_maneuver,Roll,pulse,0.082456,0,0.0706993341445922,0.0706993341445922,0.0705863013863562,0.00011303275823600079,0.00011303275823600079,0.010307,0,0.0,0.00014749806374313653,0,0,0,W20_N5_mean1x,20,5,1.0,1909,Roll_hybrid_prediction,/home/tchowdh4/sensor_recovery_project/logs/extracted_csv/baseline_05_mixed_maneuver_ATT.csv,/home/tchowdh4/sensor_recovery_project/prediction_results_v9_trained_hybrid/baseline_05_mixed_maneuver_ATT_trained_hybrid_prediction_outputs.csv
35.699881,baseline_05_mixed_maneuver,Roll,pulse,0.082456,0,0.070632092654705,0.070632092654705,0.0705883856862783,4.370696842670441e-05,4.370696842670441e-05,0.010307,0,0.0,0.0001413226686418266,0,0,0,W20_N5_mean1x,20,5,1.0,1909,Roll_hybrid_prediction,/home/tchowdh4/sensor_recovery_project/logs/extracted_csv/baseline_05_mixed_maneuver_ATT.csv,/home/tchowdh4/sensor_recovery_project/prediction_results_v9_trained_hybrid/baseline_05_mixed_maneuver_ATT_trained_hybrid_prediction_outputs.csv
35.799841,baseline_05_mixed_maneuver,Roll,pulse,0.082456,0,0.0706269890069961,0.0706269890069961,0.0706236716359853,3.3173710107942123e-06,3.3173710107942123e-06,0.010307,0,0.0,0.00013689482584597622,0,0,0,W20_N5_mean1x,20,5,1.0,1909,Roll_hybrid_prediction,/home/tchowdh4/sensor_recovery_project/logs/extracted_csv/baseline_05_mixed_maneuver_ATT.csv,/home/tchowdh4/sensor_recovery_project/prediction_results_v9_trained_hybrid/baseline_05_mixed_maneuver_ATT_trained_hybrid_prediction_outputs.csv
35.899801,baseline_05_mixed_maneuver,Roll,pulse,0.082456,0,0.0706863403320312,0.0706863403320312,0.070724918693304,-3.857836127280079e-05,3.857836127280079e-05,0.010307,0,0.0,0.0001386232487857561,0,0,0,W20_N5_mean1x,20,5,1.0,1909,Roll_hybrid_prediction,/home/tchowdh4/sensor_recovery_project/logs/extracted_csv/baseline_05_mixed_maneuver_ATT.csv,/home/tchowdh4/sensor_recovery_project/prediction_results_v9_trained_hybrid/baseline_05_mixed_maneuver_ATT_trained_hybrid_prediction_outputs.csv
36.000594,baseline_05_mixed_maneuver,Roll,pulse,0.082456,0,0.070735178887844,0.070735178887844,0.0707669239491223,-3.174506127830157e-05,3.174506127830157e-05,0.010307,0,0.0,0.00013427119702102627,0,0,0,W20_N5_mean1x,20,5,1.0,1909,Roll_hybrid_prediction,/home/tchowdh4/sensor_recovery_project/logs/extracted_csv/baseline_05_mixed_maneuver_ATT.csv,/home/tchowdh4/sensor_recovery_project/prediction_results_v9_trained_hybrid/baseline_05_mixed_maneuver_ATT_trained_hybrid_prediction_outputs.csv
36.100554,baseline_05_mixed_maneuver,Roll,pulse,0.082456,0,0.0707435235381126,0.0707435235381126,0.0707489475607871,-5.424022674505036e-06,5.424022674505036e-06,0.010307,0,0.0,0.00012154920026661159,0,0,0,W20_N5_mean1x,20,5,1.0,1909,Roll_hybrid_prediction,/home/tchowdh4/sensor_recovery_project/logs/extracted_csv/baseline_05_mixed_maneuver_ATT.csv,/home/tchowdh4/sensor_recovery_project/prediction_results_v9_trained_hybrid/baseline_05_mixed_maneuver_ATT_trained_hybrid_prediction_outputs.csv
36.200514,baseline_05_mixed_maneuver,Roll,pulse,0.082456,0,0.0707022473216056,0.0707022473216056,0.070675417780876,2.6829540729605972e-05,2.6829540729605972e-05,0.010307,0,0.0,0.00011529074981810188,0,0,0,W20_N5_mean1x,20,5,1.0,1909,Roll_hybrid_prediction,/home/tchowdh4/sensor_recovery_project/logs/extracted_csv/baseline_05_mixed_maneuver_ATT.csv,/home/tchowdh4/sensor_recovery_project/prediction_results_v9_trained_hybrid/baseline_05_mixed_maneuver_ATT_trained_hybrid_prediction_outputs.csv
36.300474,baseline_05_mixed_maneuver,Roll,pulse,0.082456,0,0.0707422420382499,0.0707422420382499,0.0707682386040687,-2.5996565818794948e-05,2.5996565818794948e-05,0.010307,0,0.0,0.00011174503713847622,0,0,0,W20_N5_mean1x,20,5,1.0,1909,Roll_hybrid_prediction,/home/tchowdh4/sensor_recovery_project/logs/extracted_csv/baseline_05_mixed_maneuver_ATT.csv,/home/tchowdh4/sensor_recovery_project/prediction_results_v9_trained_hybrid/baseline_05_mixed_maneuver_ATT_trained_hybrid_prediction_outputs.csv
36.400434,baseline_05_mixed_maneuver,Roll,pulse,0.082456,0,0.0709214359521865,0.0709214359521865,0.0710379119962452,-0.00011647604405870537,0.00011647604405870537,0.010307,0,0.0,0.00010858554393054151,0,0,0,W20_N5_mean1x,20,5,1.0,1909,Roll_hybrid_prediction,/home/tchowdh4/sensor_recovery_project/logs/extracted_csv/baseline_05_mixed_maneuver_ATT.csv,/home/tchowdh4/sensor_recovery_project/prediction_results_v9_trained_hybrid/baseline_05_mixed_maneuver_ATT_trained_hybrid_prediction_outputs.csv
36.500394,baseline_05_mixed_maneuver,Roll,pulse,0.082456,0,0.0710037872195243,0.0710037872195243,0.0710573155432938,-5.352832376949446e-05,5.352832376949446e-05,0.010307,0,0.0,0.00010609557852149578,0,0,0,W20_N5_mean1x,20,5,1.0,1909,Roll_hybrid_prediction,/home/tchowdh4/sensor_recovery_project/logs/extracted_csv/baseline_05_mixed_maneuver_ATT.csv,/home/tchowdh4/sensor_recovery_project/prediction_results_v9_trained_hybrid/baseline_05_mixed_maneuver_ATT_trained_hybrid_prediction_outputs.csv
36.600354,baseline_05_mixed_maneuver,Roll,pulse,0.082456,0,0.071126140654087,0.071126140654087,0.0712056703865527,-7.952973246570794e-05,7.952973246570794e-05,0.010307,0,0.0,9.339706972241597e-05,0,0,0,W20_N5_mean1x,20,5,1.0,1909,Roll_hybrid_prediction,/home/tchowdh4/sensor_recovery_project/logs/extracted_csv/baseline_05_mixed_maneuver_ATT.csv,/home/tchowdh4/sensor_recovery_project/prediction_results_v9_trained_hybrid/baseline_05_mixed_maneuver_ATT_trained_hybrid_prediction_outputs.csv
36.700314,baseline_05_mixed_maneuver,Roll,pulse,0.082456,0,0.0711912810802459,0.0711912810802459,0.0712336223572492,-4.2341277003296596e-05,4.2341277003296596e-05,0.010307,0,0.0,8.164921775460632e-05,0,0,0,W20_N5_mean1x,20,5,1.0,1909,Roll_hybrid_prediction,/home/tchowdh4/sensor_recovery_project/logs/extracted_csv/baseline_05_mixed_maneuver_ATT.csv,/home/tchowdh4/sensor_recovery_project/prediction_results_v9_trained_hybrid/baseline_05_mixed_maneuver_ATT_trained_hybrid_prediction_outputs.csv
36.800274,baseline_05_mixed_maneuver,Roll,pulse,0.082456,0,0.0715621188282966,0.0715621188282966,0.0718031633645295,-0.00024104453623288724,0.00024104453623288724,0.010307,0,0.0,8.827233687042565e-05,0,0,0,W20_N5_mean1x,20,5,1.0,1909,Roll_hybrid_prediction,/home/tchowdh4/sensor_recovery_project/logs/extracted_csv/baseline_05_mixed_maneuver_ATT.csv,/home/tchowdh4/sensor_recovery_project/prediction_results_v9_trained_hybrid/baseline_05_mixed_maneuver_ATT_trained_hybrid_prediction_outputs.csv
36.900234,baseline_05_mixed_maneuver,Roll,pulse,0.082456,0,0.0717621147632598,0.0717621147632598,0.0718921121209858,-0.0001299973577259944,0.0001299973577259944,0.010307,0,0.0,9.138097986577525e-05,0,0,0,W20_N5_mean1x,20,5,1.0,1909,Roll_hybrid_prediction,/home/tchowdh4/sensor_recovery_project/logs/extracted_csv/baseline_05_mixed_maneuver_ATT.csv,/home/tchowdh4/sensor_recovery_project/prediction_results_v9_trained_hybrid/baseline_05_mixed_maneuver_ATT_trained_hybrid_prediction_outputs.csv
37.000194,baseline_05_mixed_maneuver,Roll,pulse,0.082456,0,0.0717952772974968,0.0717952772974968,0.0718168329447508,-2.1555647254006827e-05,2.1555647254006827e-05,0.010307,0,0.0,7.936894893644589e-05,0,0,0,W20_N5_mean1x,20,5,1.0,1909,Roll_hybrid_prediction,/home/tchowdh4/sensor_recovery_project/logs/extracted_csv/baseline_05_mixed_maneuver_ATT.csv,/home/tchowdh4/sensor_recovery_project/prediction_results_v9_trained_hybrid/baseline_05_mixed_maneuver_ATT_trained_hybrid_prediction_outputs.csv
37.100154,baseline_05_mixed_maneuver,Roll,pulse,0.082456,0,0.0722077265381813,0.0722077265381813,0.0724758185446262,-0.0002680920064448977,0.0002680920064448977,0.010307,0,0.0,9.113883599637038e-05,0,0,0,W20_N5_mean1x,20,5,1.0,1909,Roll_hybrid_prediction,/home/tchowdh4/sensor_recovery_project/logs/extracted_csv/baseline_05_mixed_maneuver_ATT.csv,/home/tchowdh4/sensor_recovery_project/prediction_results_v9_trained_hybrid/baseline_05_mixed_maneuver_ATT_trained_hybrid_prediction_outputs.csv
37.200114,baseline_05_mixed_maneuver,Roll,pulse,0.082456,0,0.0724262148141861,0.0724262148141861,0.0725682321935892,-0.00014201737940310044,0.00014201737940310044,0.010307,0,0.0,8.711416274307036e-05,0,0,0,W20_N5_mean1x,20,5,1.0,1909,Roll_hybrid_prediction,/home/tchowdh4/sensor_recovery_project/logs/extracted_csv/baseline_05_mixed_maneuver_ATT.csv,/home/tchowdh4/sensor_recovery_project/prediction_results_v9_trained_hybrid/baseline_05_mixed_maneuver_ATT_trained_hybrid_prediction_outputs.csv
37.300074,baseline_05_mixed_maneuver,Roll,pulse,0.082456,0,0.0728235244750976,0.0728235244750976,0.07308177575469,-0.0002582512795924058,0.0002582512795924058,0.010307,0,0.0,9.378207847473008e-05,0,0,0,W20_N5_mean1x,20,5,1.0,1909,Roll_hybrid_prediction,/home/tchowdh4/sensor_recovery_project/logs/extracted_csv/baseline_05_mixed_maneuver_ATT.csv,/home/tchowdh4/sensor_recovery_project/prediction_results_v9_trained_hybrid/baseline_05_mixed_maneuver_ATT_trained_hybrid_prediction_outputs.csv
37.400034,baseline_05_mixed_maneuver,Roll,pulse,0.082456,0,0.0731290131807327,0.0731290131807327,0.0733275808393955,-0.00019856765866280157,0.00019856765866280157,0.010307,0,0.0,9.797019883987512e-05,0,0,0,W20_N5_mean1x,20,5,1.0,1909,Roll_hybrid_prediction,/home/tchowdh4/sensor_recovery_project/logs/extracted_csv/baseline_05_mixed_maneuver_ATT.csv,/home/tchowdh4/sensor_recovery_project/prediction_results_v9_trained_hybrid/baseline_05_mixed_maneuver_ATT_trained_hybrid_prediction_outputs.csv
37.499994,baseline_05_mixed_maneuver,Roll,pulse,0.082456,0,0.0736502632498741,0.0736502632498741,0.0739890757948159,-0.0003388125449417939,0.0003388125449417939,0.010307,0,0.0,0.00010894222185013,0,0,0,W20_N5_mean1x,20,5,1.0,1909,Roll_hybrid_prediction,/home/tchowdh4/sensor_recovery_project/logs/extracted_csv/baseline_05_mixed_maneuver_ATT.csv,/home/tchowdh4/sensor_recovery_project/prediction_results_v9_trained_hybrid/baseline_05_mixed_maneuver_ATT_trained_hybrid_prediction_outputs.csv
37.599954,baseline_05_mixed_maneuver,Roll,pulse,0.082456,0,0.0739004537463188,0.0739004537463188,0.0740630775690078,-0.00016262382268900089,0.00016262382268900089,0.010307,0,0.0,0.00011142177507278001,0,0,0,W20_N5_mean1x,20,5,1.0,1909,Roll_hybrid_prediction,/home/tchowdh4/sensor_recovery_project/logs/extracted_csv/baseline_05_mixed_maneuver_ATT.csv,/home/tchowdh4/sensor_recovery_project/prediction_results_v9_trained_hybrid/baseline_05_mixed_maneuver_ATT_trained_hybrid_prediction_outputs.csv
37.699914,baseline_05_mixed_maneuver,Roll,pulse,0.082456,0,0.0743292570114135,0.0743292570114135,0.074607979133725,-0.0002787221223114894,0.0002787221223114894,0.010307,0,0.0,0.00012317253276701925,0,0,0,W20_N5_mean1x,20,5,1.0,1909,Roll_hybrid_prediction,/home/tchowdh4/sensor_recovery_project/logs/extracted_csv/baseline_05_mixed_maneuver_ATT.csv,/home/tchowdh4/sensor_recovery_project/prediction_results_v9_trained_hybrid/baseline_05_mixed_maneuver_ATT_trained_hybrid_prediction_outputs.csv
37.799874,baseline_05_mixed_maneuver,Roll,pulse,0.082456,0,0.0747297778725624,0.0747297778725624,0.0749901164323091,-0.00026033855974670617,0.00026033855974670617,0.010307,0,0.0,0.00013602359220381486,0,0,0,W20_N5_mean1x,20,5,1.0,1909,Roll_hybrid_prediction,/home/tchowdh4/sensor_recovery_project/logs/extracted_csv/baseline_05_mixed_maneuver_ATT.csv,/home/tchowdh4/sensor_recovery_project/prediction_results_v9_trained_hybrid/baseline_05_mixed_maneuver_ATT_trained_hybrid_prediction_outputs.csv
37.899834,baseline_05_mixed_maneuver,Roll,pulse,0.082456,0,0.074938453733921,0.074938453733921,0.075074093043804,-0.0001356393098830011,0.0001356393098830011,0.010307,0,0.0,0.00014087663963432487,0,0,0,W20_N5_mean1x,20,5,1.0,1909,Roll_hybrid_prediction,/home/tchowdh4/sensor_recovery_project/logs/extracted_csv/baseline_05_mixed_maneuver_ATT.csv,/home/tchowdh4/sensor_recovery_project/prediction_results_v9_trained_hybrid/baseline_05_mixed_maneuver_ATT_trained_hybrid_prediction_outputs.csv
37.999794,baseline_05_mixed_maneuver,Roll,pulse,0.082456,0,0.0752536058425903,0.0752536058425903,0.0754584547132253,-0.00020484887063500212,0.00020484887063500212,0.010307,0,0.0,0.0001495318301021599,0,0,0,W20_N5_mean1x,20,5,1.0,1909,Roll_hybrid_prediction,/home/tchowdh4/sensor_recovery_project/logs/extracted_csv/baseline_05_mixed_maneuver_ATT.csv,/home/tchowdh4/sensor_recovery_project/prediction_results_v9_trained_hybrid/baseline_05_mixed_maneuver_ATT_trained_hybrid_prediction_outputs.csv
38.100587,baseline_05_mixed_maneuver,Roll,pulse,0.082456,0,0.0756651163101196,0.0756651163101196,0.0759325981140136,-0.000267481803893993,0.000267481803893993,0.010307,0,0.0,0.0001626347191631343,0,0,0,W20_N5_mean1x,20,5,1.0,1909,Roll_hybrid_prediction,/home/tchowdh4/sensor_recovery_project/logs/extracted_csv/baseline_05_mixed_maneuver_ATT.csv,/home/tchowdh4/sensor_recovery_project/prediction_results_v9_trained_hybrid/baseline_05_mixed_maneuver_ATT_trained_hybrid_prediction_outputs.csv
38.200547,baseline_05_mixed_maneuver,Roll,pulse,0.082456,0,0.0759676173329353,0.0759676173329353,0.0761642429977655,-0.00019662566483019672,0.00019662566483019672,0.010307,0,0.0,0.00017112452536816383,0,0,0,W20_N5_mean1x,20,5,1.0,1909,Roll_hybrid_prediction,/home/tchowdh4/sensor_recovery_project/logs/extracted_csv/baseline_05_mixed_maneuver_ATT.csv,/home/tchowdh4/sensor_recovery_project/prediction_results_v9_trained_hybrid/baseline_05_mixed_maneuver_ATT_trained_hybrid_prediction_outputs.csv
38.300507,baseline_05_mixed_maneuver,Roll,pulse,0.082456,0,0.0762453526258468,0.0762453526258468,0.0764258805662392,-0.0001805279403924026,0.0001805279403924026,0.010307,0,0.0,0.00017885109409684422,0,0,0,W20_N5_mean1x,20,5,1.0,1909,Roll_hybrid_prediction,/home/tchowdh4/sensor_recovery_project/logs/extracted_csv/baseline_05_mixed_maneuver_ATT.csv,/home/tchowdh4/sensor_recovery_project/prediction_results_v9_trained_hybrid/baseline_05_mixed_maneuver_ATT_trained_hybrid_prediction_outputs.csv
38.400467,baseline_05_mixed_maneuver,Roll,pulse,0.082456,0,0.0764550045132637,0.0764550045132637,0.0765912782400846,-0.00013627372682090133,0.00013627372682090133,0.010307,0,0.0,0.00017984097823495402,0,0,0,W20_N5_mean1x,20,5,1.0,1909,Roll_hybrid_prediction,/home/tchowdh4/sensor_recovery_project/logs/extracted_csv/baseline_05_mixed_maneuver_ATT.csv,/home/tchowdh4/sensor_recovery_project/prediction_results_v9_trained_hybrid/baseline_05_mixed_maneuver_ATT_trained_hybrid_prediction_outputs.csv
38.500427,baseline_05_mixed_maneuver,Roll,pulse,0.082456,0,0.0768689811229705,0.0768689811229705,0.0771380659192799,-0.0002690847963093962,0.0002690847963093962,0.010307,0,0.0,0.0001906188018619491,0,0,0,W20_N5_mean1x,20,5,1.0,1909,Roll_hybrid_prediction,/home/tchowdh4/sensor_recovery_project/logs/extracted_csv/baseline_05_mixed_maneuver_ATT.csv,/home/tchowdh4/sensor_recovery_project/prediction_results_v9_trained_hybrid/baseline_05_mixed_maneuver_ATT_trained_hybrid_prediction_outputs.csv
38.600387,baseline_05_mixed_maneuver,Roll,pulse,0.082456,0,0.0770869851112365,0.0770869851112365,0.0772286877036094,-0.0001417025923728943,0.0001417025923728943,0.010307,0,0.0,0.00019372744485730842,0,0,0,W20_N5_mean1x,20,5,1.0,1909,Roll_hybrid_prediction,/home/tchowdh4/sensor_recovery_project/logs/extracted_csv/baseline_05_mixed_maneuver_ATT.csv,/home/tchowdh4/sensor_recovery_project/prediction_results_v9_trained_hybrid/baseline_05_mixed_maneuver_ATT_trained_hybrid_prediction_outputs.csv
38.700347,baseline_05_mixed_maneuver,Roll,pulse,0.082456,0,0.0773938372731208,0.0773938372731208,0.0775932911783455,-0.00019945390522470297,0.00019945390522470297,0.010307,0,0.0,0.00020158307626837874,0,0,0,W20_N5_mean1x,20,5,1.0,1909,Roll_hybrid_prediction,/home/tchowdh4/sensor_recovery_project/logs/extracted_csv/baseline_05_mixed_maneuver_ATT.csv,/home/tchowdh4/sensor_recovery_project/prediction_results_v9_trained_hybrid/baseline_05_mixed_maneuver_ATT_trained_hybrid_prediction_outputs.csv
38.800307,baseline_05_mixed_maneuver,Roll,pulse,0.082456,0,0.077621042728424,0.077621042728424,0.077768726274371,-0.00014768354594699162,0.00014768354594699162,0.010307,0,0.0,0.00019691502675408395,0,0,0,W20_N5_mean1x,20,5,1.0,1909,Roll_hybrid_prediction,/home/tchowdh4/sensor_recovery_project/logs/extracted_csv/baseline_05_mixed_maneuver_ATT.csv,/home/tchowdh4/sensor_recovery_project/prediction_results_v9_trained_hybrid/baseline_05_mixed_maneuver_ATT_trained_hybrid_prediction_outputs.csv
38.900267,baseline_05_mixed_maneuver,Roll,pulse,0.082456,0,0.077933669090271,0.077933669090271,0.0781368762254715,-0.0002032071352005005,0.0002032071352005005,0.010307,0,0.0,0.00020057551562780926,0,0,0,W20_N5_mean1x,20,5,1.0,1909,Roll_hybrid_prediction,/home/tchowdh4/sensor_recovery_project/logs/extracted_csv/baseline_05_mixed_maneuver_ATT.csv,/home/tchowdh4/sensor_recovery_project/prediction_results_v9_trained_hybrid/baseline_05_mixed_maneuver_ATT_trained_hybrid_prediction_outputs.csv
39.000227,baseline_05_mixed_maneuver,Roll,pulse,0.082456,0,0.0783265009522438,0.0783265009522438,0.0785818416625261,-0.000255340710282298,0.000255340710282298,0.010307,0,0.0,0.0002122647687792238,0,0,0,W20_N5_mean1x,20,5,1.0,1909,Roll_hybrid_prediction,/home/tchowdh4/sensor_recovery_project/logs/extracted_csv/baseline_05_mixed_maneuver_ATT.csv,/home/tchowdh4/sensor_recovery_project/prediction_results_v9_trained_hybrid/baseline_05_mixed_maneuver_ATT_trained_hybrid_prediction_outputs.csv
39.100187,baseline_05_mixed_maneuver,Roll,pulse,0.082456,0,0.078598067164421,0.078598067164421,0.0787745852023361,-0.00017651803791510212,0.00017651803791510212,0.010307,0,0.0,0.00020768607035273403,0,0,0,W20_N5_mean1x,20,5,1.0,1909,Roll_hybrid_prediction,/home/tchowdh4/sensor_recovery_project/logs/extracted_csv/baseline_05_mixed_maneuver_ATT.csv,/home/tchowdh4/sensor_recovery_project/prediction_results_v9_trained_hybrid/baseline_05_mixed_maneuver_ATT_trained_hybrid_prediction_outputs.csv
39.200147,baseline_05_mixed_maneuver,Roll,pulse,0.082456,0,0.0788532495498657,0.0788532495498657,0.0790191181004047,-0.00016586855053900285,0.00016586855053900285,0.010307,0,0.0,0.00020887862890952915,0,0,0,W20_N5_mean1x,20,5,1.0,1909,Roll_hybrid_prediction,/home/tchowdh4/sensor_recovery_project/logs/extracted_csv/baseline_05_mixed_maneuver_ATT.csv,/home/tchowdh4/sensor_recovery_project/prediction_results_v9_trained_hybrid/baseline_05_mixed_maneuver_ATT_trained_hybrid_prediction_outputs.csv
39.300107,baseline_05_mixed_maneuver,Roll,pulse,0.082456,0,0.0792259126901626,0.0792259126901626,0.0794681437313555,-0.00024223104119289185,0.00024223104119289185,0.010307,0,0.0,0.00020807761698955345,0,0,0,W20_N5_mean1x,20,5,1.0,1909,Roll_hybrid_prediction,/home/tchowdh4/sensor_recovery_project/logs/extracted_csv/baseline_05_mixed_maneuver_ATT.csv,/home/tchowdh4/sensor_recovery_project/prediction_results_v9_trained_hybrid/baseline_05_mixed_maneuver_ATT_trained_hybrid_prediction_outputs.csv
39.400067,baseline_05_mixed_maneuver,Roll,pulse,0.082456,0,0.0795613899827003,0.0795613899827003,0.0797794502228498,-0.00021806024014948966,0.00021806024014948966,0.010307,0,0.0,0.00020905224606388787,0,0,0,W20_N5_mean1x,20,5,1.0,1909,Roll_hybrid_prediction,/home/tchowdh4/sensor_recovery_project/logs/extracted_csv/baseline_05_mixed_maneuver_ATT.csv,/home/tchowdh4/sensor_recovery_project/prediction_results_v9_trained_hybrid/baseline_05_mixed_maneuver_ATT_trained_hybrid_prediction_outputs.csv
39.500027,baseline_05_mixed_maneuver,Roll,pulse,0.082456,0,0.0798860862851142,0.0798860862851142,0.0800971388816832,-0.0002110525965689919,0.0002110525965689919,0.010307,0,0.0,0.00020266424864524775,0,0,0,W20_N5_mean1x,20,5,1.0,1909,Roll_hybrid_prediction,/home/tchowdh4/sensor_recovery_project/logs/extracted_csv/baseline_05_mixed_maneuver_ATT.csv,/home/tchowdh4/sensor_recovery_project/prediction_results_v9_trained_hybrid/baseline_05_mixed_maneuver_ATT_trained_hybrid_prediction_outputs.csv
39.599987,baseline_05_mixed_maneuver,Roll,pulse,0.082456,0,0.0801028609275817,0.0801028609275817,0.0802437644451855,-0.00014090351760379094,0.00014090351760379094,0.010307,0,0.0,0.00020157823339098726,0,0,0,W20_N5_mean1x,20,5,1.0,1909,Roll_hybrid_prediction,/home/tchowdh4/sensor_recovery_project/logs/extracted_csv/baseline_05_mixed_maneuver_ATT.csv,/home/tchowdh4/sensor_recovery_project/prediction_results_v9_trained_hybrid/baseline_05_mixed_maneuver_ATT_trained_hybrid_prediction_outputs.csv
39.699947,baseline_05_mixed_maneuver,Roll,pulse,0.082456,0,0.0804143100976944,0.0804143100976944,0.0806167520582676,-0.00020244196057320196,0.00020244196057320196,0.010307,0,0.0,0.00019776422530407288,0,0,0,W20_N5_mean1x,20,5,1.0,1909,Roll_hybrid_prediction,/home/tchowdh4/sensor_recovery_project/logs/extracted_csv/baseline_05_mixed_maneuver_ATT.csv,/home/tchowdh4/sensor_recovery_project/prediction_results_v9_trained_hybrid/baseline_05_mixed_maneuver_ATT_trained_hybrid_prediction_outputs.csv
39.799907,baseline_05_mixed_maneuver,Roll,pulse,0.082456,0,0.080768845975399,0.080768845975399,0.0809992942959069,-0.0002304483205078922,0.0002304483205078922,0.010307,0,0.0,0.0001962697133421322,0,0,0,W20_N5_mean1x,20,5,1.0,1909,Roll_hybrid_prediction,/home/tchowdh4/sensor_recovery_project/logs/extracted_csv/baseline_05_mixed_maneuver_ATT.csv,/home/tchowdh4/sensor_recovery_project/prediction_results_v9_trained_hybrid/baseline_05_mixed_maneuver_ATT_trained_hybrid_prediction_outputs.csv
39.899867,baseline_05_mixed_maneuver,Roll,pulse,0.082456,0,0.0810891985893249,0.0810891985893249,0.0812974277883767,-0.00020822919905180703,0.00020822919905180703,0.010307,0,0.0,0.0001998992078005725,0,0,0,W20_N5_mean1x,20,5,1.0,1909,Roll_hybrid_prediction,/home/tchowdh4/sensor_recovery_project/logs/extracted_csv/baseline_05_mixed_maneuver_ATT.csv,/home/tchowdh4/sensor_recovery_project/prediction_results_v9_trained_hybrid/baseline_05_mixed_maneuver_ATT_trained_hybrid_prediction_outputs.csv
39.999827,baseline_05_mixed_maneuver,Roll,pulse,0.082456,0,0.0813455581665039,0.0813455581665039,0.0815121918916702,-0.0001666337251662875,0.0001666337251662875,0.010307,0,0.0,0.00019798845052713677,0,0,0,W20_N5_mean1x,20,5,1.0,1909,Roll_hybrid_prediction,/home/tchowdh4/sensor_recovery_project/logs/extracted_csv/baseline_05_mixed_maneuver_ATT.csv,/home/tchowdh4/sensor_recovery_project/prediction_results_v9_trained_hybrid/baseline_05_mixed_maneuver_ATT_trained_hybrid_prediction_outputs.csv
40.10062,baseline_05_mixed_maneuver,Roll,pulse,0.082456,0,0.0815915018320083,0.0815915018320083,0.0817513652145861,-0.00015986338257779897,0.00015986338257779897,0.010307,0,0.0,0.00019260752946132707,0,0,0,W20_N5_mean1x,20,5,1.0,1909,Roll_hybrid_prediction,/home/tchowdh4/sensor_recovery_project/logs/extracted_csv/baseline_05_mixed_maneuver_ATT.csv,/home/tchowdh4/sensor_recovery_project/prediction_results_v9_trained_hybrid/baseline_05_mixed_maneuver_ATT_trained_hybrid_prediction_outputs.csv
40.20058,baseline_05_mixed_maneuver,Roll,pulse,0.082456,0,0.0817988961935043,0.0817988961935043,0.0819337025284766,-0.0001348063349723011,0.0001348063349723011,0.010307,0,0.0,0.00018951656296843227,0,0,0,W20_N5_mean1x,20,5,1.0,1909,Roll_hybrid_prediction,/home/tchowdh4/sensor_recovery_project/logs/extracted_csv/baseline_05_mixed_maneuver_ATT.csv,/home/tchowdh4/sensor_recovery_project/prediction_results_v9_trained_hybrid/baseline_05_mixed_maneuver_ATT_trained_hybrid_prediction_outputs.csv
40.30054,baseline_05_mixed_maneuver,Roll,pulse,0.082456,0,0.081969253718853,0.081969253718853,0.0820799861103296,-0.00011073239147660341,0.00011073239147660341,0.010307,0,0.0,0.00018602678552264232,0,0,0,W20_N5_mean1x,20,5,1.0,1909,Roll_hybrid_prediction,/home/tchowdh4/sensor_recovery_project/logs/extracted_csv/baseline_05_mixed_maneuver_ATT.csv,/home/tchowdh4/sensor_recovery_project/prediction_results_v9_trained_hybrid/baseline_05_mixed_maneuver_ATT_trained_hybrid_prediction_outputs.csv
40.4005,baseline_05_mixed_maneuver,Roll,pulse,0.082456,0,0.0821385607123375,0.0821385607123375,0.0822486102581024,-0.00011004954576490644,0.00011004954576490644,0.010307,0,0.0,0.00018471557646984257,0,0,0,W20_N5_mean1x,20,5,1.0,1909,Roll_hybrid_prediction,/home/tchowdh4/sensor_recovery_project/logs/extracted_csv/baseline_05_mixed_maneuver_ATT.csv,/home/tchowdh4/sensor_recovery_project/prediction_results_v9_trained_hybrid/baseline_05_mixed_maneuver_ATT_trained_hybrid_prediction_outputs.csv
40.50046,baseline_05_mixed_maneuver,Roll,pulse,0.082456,0,0.0823034346103668,0.0823034346103668,0.0824106026440858,-0.00010716803371900452,0.00010716803371900452,0.010307,0,0.0,0.000176619738340323,0,0,0,W20_N5_mean1x,20,5,1.0,1909,Roll_hybrid_prediction,/home/tchowdh4/sensor_recovery_project/logs/extracted_csv/baseline_05_mixed_maneuver_ATT.csv,/home/tchowdh4/sensor_recovery_project/prediction_results_v9_trained_hybrid/baseline_05_mixed_maneuver_ATT_trained_hybrid_prediction_outputs.csv
40.60042,baseline_05_mixed_maneuver,Roll,pulse,0.082456,0,0.0824641808867454,0.0824641808867454,0.0825686659663914,-0.00010448507964599951,0.00010448507964599951,0.010307,0,0.0,0.00017475886270397825,0,0,0,W20_N5_mean1x,20,5,1.0,1909,Roll_hybrid_prediction,/home/tchowdh4/sensor_recovery_project/logs/extracted_csv/baseline_05_mixed_maneuver_ATT.csv,/home/tchowdh4/sensor_recovery_project/prediction_results_v9_trained_hybrid/baseline_05_mixed_maneuver_ATT_trained_hybrid_prediction_outputs.csv
40.70038,baseline_05_mixed_maneuver,Roll,pulse,0.082456,0,0.0828339979052543,0.0828339979052543,0.083074378967285,-0.00024038106203071175,0.00024038106203071175,0.010307,0,0.0,0.00017680522054427868,0,0,0,W20_N5_mean1x,20,5,1.0,1909,Roll_hybrid_prediction,/home/tchowdh4/sensor_recovery_project/logs/extracted_csv/baseline_05_mixed_maneuver_ATT.csv,/home/tchowdh4/sensor_recovery_project/prediction_results_v9_trained_hybrid/baseline_05_mixed_maneuver_ATT_trained_hybrid_prediction_outputs.csv
40.80034,baseline_05_mixed_maneuver,Roll,pulse,0.082456,0,0.0828774124383926,0.0828774124383926,0.0829056318849324,-2.821944653980113e-05,2.821944653980113e-05,0.010307,0,0.0,0.00017083201557391916,0,0,0,W20_N5_mean1x,20,5,1.0,1909,Roll_hybrid_prediction,/home/tchowdh4/sensor_recovery_project/logs/extracted_csv/baseline_05_mixed_maneuver_ATT.csv,/home/tchowdh4/sensor_recovery_project/prediction_results_v9_trained_hybrid/baseline_05_mixed_maneuver_ATT_trained_hybrid_prediction_outputs.csv
40.9003,baseline_05_mixed_maneuver,Roll,pulse,0.082456,0,0.0833050161600112,0.0833050161600112,0.0835829585790632,-0.0002779424190520047,0.0002779424190520047,0.010307,0,0.0,0.00017456877976649438,0,0,0,W20_N5_mean1x,20,5,1.0,1909,Roll_hybrid_prediction,/home/tchowdh4/sensor_recovery_project/logs/extracted_csv/baseline_05_mixed_maneuver_ATT.csv,/home/tchowdh4/sensor_recovery_project/prediction_results_v9_trained_hybrid/baseline_05_mixed_maneuver_ATT_trained_hybrid_prediction_outputs.csv
41.00026,baseline_05_mixed_maneuver,Roll,pulse,0.082456,0,0.083457201719284,0.083457201719284,0.0835561223328113,-9.892061352730075e-05,9.892061352730075e-05,0.010307,0,0.0,0.0001667477749287445,0,0,0,W20_N5_mean1x,20,5,1.0,1909,Roll_hybrid_prediction,/home/tchowdh4/sensor_recovery_project/logs/extracted_csv/baseline_05_mixed_maneuver_ATT.csv,/home/tchowdh4/sensor_recovery_project/prediction_results_v9_trained_hybrid/baseline_05_mixed_maneuver_ATT_trained_hybrid_prediction_outputs.csv
41.10022,baseline_05_mixed_maneuver,Roll,pulse,0.082456,0,0.0837651118636131,0.0837651118636131,0.083965253457427,-0.00020014159381390173,0.00020014159381390173,0.010307,0,0.0,0.0001679289527236845,0,0,0,W20_N5_mean1x,20,5,1.0,1909,Roll_hybrid_prediction,/home/tchowdh4/sensor_recovery_project/logs/extracted_csv/baseline_05_mixed_maneuver_ATT.csv,/home/tchowdh4/sensor_recovery_project/prediction_results_v9_trained_hybrid/baseline_05_mixed_maneuver_ATT_trained_hybrid_prediction_outputs.csv
41.20018,baseline_05_mixed_maneuver,Roll,pulse,0.082456,0,0.0839093998074531,0.0839093998074531,0.084003186970949,-9.378716349589533e-05,9.378716349589533e-05,0.010307,0,0.0,0.00016432488337152912,0,0,0,W20_N5_mean1x,20,5,1.0,1909,Roll_hybrid_prediction,/home/tchowdh4/sensor_recovery_project/logs/extracted_csv/baseline_05_mixed_maneuver_ATT.csv,/home/tchowdh4/sensor_recovery_project/prediction_results_v9_trained_hybrid/baseline_05_mixed_maneuver_ATT_trained_hybrid_prediction_outputs.csv
41.30014,baseline_05_mixed_maneuver,Roll,pulse,0.082456,0,0.0842112526297569,0.0842112526297569,0.0844074569642543,-0.0001962043344973935,0.0001962043344973935,0.010307,0,0.0,0.0001620235480367542,0,0,0,W20_N5_mean1x,20,5,1.0,1909,Roll_hybrid_prediction,/home/tchowdh4/sensor_recovery_project/logs/extracted_csv/baseline_05_mixed_maneuver_ATT.csv,/home/tchowdh4/sensor_recovery_project/prediction_results_v9_trained_hybrid/baseline_05_mixed_maneuver_ATT_trained_hybrid_prediction_outputs.csv
41.4001,baseline_05_mixed_maneuver,Roll,pulse,0.082456,0,0.0841714963316917,0.0841714963316917,0.0841456547379493,2.5841593742401137e-05,2.5841593742401137e-05,0.010307,0,0.0,0.00015241261571639978,0,0,0,W20_N5_mean1x,20,5,1.0,1909,Roll_hybrid_prediction,/home/tchowdh4/sensor_recovery_project/logs/extracted_csv/baseline_05_mixed_maneuver_ATT.csv,/home/tchowdh4/sensor_recovery_project/prediction_results_v9_trained_hybrid/baseline_05_mixed_maneuver_ATT_trained_hybrid_prediction_outputs.csv
41.50006,baseline_05_mixed_maneuver,Roll,pulse,0.082456,0,0.0842685401439666,0.0842685401439666,0.0843316186219452,-6.307847797859534e-05,6.307847797859534e-05,0.010307,0,0.0,0.00014501390978687994,0,0,0,W20_N5_mean1x,20,5,1.0,1909,Roll_hybrid_prediction,/home/tchowdh4/sensor_recovery_project/logs/extracted_csv/baseline_05_mixed_maneuver_ATT.csv,/home/tchowdh4/sensor_recovery_project/prediction_results_v9_trained_hybrid/baseline_05_mixed_maneuver_ATT_trained_hybrid_prediction_outputs.csv
41.60002,baseline_05_mixed_maneuver,Roll,pulse,0.082456,0,0.0843492969870567,0.0843492969870567,0.0844017889350652,-5.2491948008492884e-05,5.2491948008492884e-05,0.010307,0,0.0,0.00014059333130711504,0,0,0,W20_N5_mean1x,20,5,1.0,1909,Roll_hybrid_prediction,/home/tchowdh4/sensor_recovery_project/logs/extracted_csv/baseline_05_mixed_maneuver_ATT.csv,/home/tchowdh4/sensor_recovery_project/prediction_results_v9_trained_hybrid/baseline_05_mixed_maneuver_ATT_trained_hybrid_prediction_outputs.csv
41.69998,baseline_05_mixed_maneuver,Roll,pulse,0.082456,0,0.0844456702470779,0.0844456702470779,0.0845083128660916,-6.264261901370305e-05,6.264261901370305e-05,0.010307,0,0.0,0.0001336033642291401,0,0,0,W20_N5_mean1x,20,5,1.0,1909,Roll_hybrid_prediction,/home/tchowdh4/sensor_recovery_project/logs/extracted_csv/baseline_05_mixed_maneuver_ATT.csv,/home/tchowdh4/sensor_recovery_project/prediction_results_v9_trained_hybrid/baseline_05_mixed_maneuver_ATT_trained_hybrid_prediction_outputs.csv
41.79994,baseline_05_mixed_maneuver,Roll,pulse,0.082456,0,0.0844791382551193,0.0844791382551193,0.0845008924603461,-2.17542052268066e-05,2.17542052268066e-05,0.010307,0,0.0,0.0001231686584650858,0,0,0,W20_N5_mean1x,20,5,1.0,1909,Roll_hybrid_prediction,/home/tchowdh4/sensor_recovery_project/logs/extracted_csv/baseline_05_mixed_maneuver_ATT.csv,/home/tchowdh4/sensor_recovery_project/prediction_results_v9_trained_hybrid/baseline_05_mixed_maneuver_ATT_trained_hybrid_prediction_outputs.csv
41.8999,baseline_05_mixed_maneuver,Roll,pulse,0.082456,0,0.0847155153751373,0.0847155153751373,0.084869160503149,-0.0001536451280116924,0.0001536451280116924,0.010307,0,0.0,0.00012043945491308008,0,0,0,W20_N5_mean1x,20,5,1.0,1909,Roll_hybrid_prediction,/home/tchowdh4/sensor_recovery_project/logs/extracted_csv/baseline_05_mixed_maneuver_ATT.csv,/home/tchowdh4/sensor_recovery_project/prediction_results_v9_trained_hybrid/baseline_05_mixed_maneuver_ATT_trained_hybrid_prediction_outputs.csv
41.99986,baseline_05_mixed_maneuver,Roll,pulse,0.082456,0,0.0846243798732757,0.0846243798732757,0.0845651417970656,5.923807621009691e-05,5.923807621009691e-05,0.010307,0,0.0,0.00011506967246527055,0,0,0,W20_N5_mean1x,20,5,1.0,1909,Roll_hybrid_prediction,/home/tchowdh4/sensor_recovery_project/logs/extracted_csv/baseline_05_mixed_maneuver_ATT.csv,/home/tchowdh4/sensor_recovery_project/prediction_results_v9_trained_hybrid/baseline_05_mixed_maneuver_ATT_trained_hybrid_prediction_outputs.csv
42.09982,baseline_05_mixed_maneuver,Roll,pulse,0.082456,0,0.0847568362951278,0.0847568362951278,0.0848429329693316,-8.609667420379774e-05,8.609667420379774e-05,0.010307,0,0.0,0.0001113813370465705,0,0,0,W20_N5_mean1x,20,5,1.0,1909,Roll_hybrid_prediction,/home/tchowdh4/sensor_recovery_project/logs/extracted_csv/baseline_05_mixed_maneuver_ATT.csv,/home/tchowdh4/sensor_recovery_project/prediction_results_v9_trained_hybrid/baseline_05_mixed_maneuver_ATT_trained_hybrid_prediction_outputs.csv
42.200613,baseline_05_mixed_maneuver,Roll,pulse,0.082456,0,0.0848122015595436,0.0848122015595436,0.0848481889814138,-3.598742187020665e-05,3.598742187020665e-05,0.010307,0,0.0,0.00010644039139146578,0,0,0,W20_N5_mean1x,20,5,1.0,1909,Roll_hybrid_prediction,/home/tchowdh4/sensor_recovery_project/logs/extracted_csv/baseline_05_mixed_maneuver_ATT.csv,/home/tchowdh4/sensor_recovery_project/prediction_results_v9_trained_hybrid/baseline_05_mixed_maneuver_ATT_trained_hybrid_prediction_outputs.csv
42.300573,baseline_05_mixed_maneuver,Roll,pulse,0.082456,0,0.0845650359988212,0.0845650359988212,0.0844043783843516,0.0001606576144696087,0.0001606576144696087,0.010307,0,0.0,0.00010893665254111603,0,0,0,W20_N5_mean1x,20,5,1.0,1909,Roll_hybrid_prediction,/home/tchowdh4/sensor_recovery_project/logs/extracted_csv/baseline_05_mixed_maneuver_ATT.csv,/home/tchowdh4/sensor_recovery_project/prediction_results_v9_trained_hybrid/baseline_05_mixed_maneuver_ATT_trained_hybrid_prediction_outputs.csv
42.400533,baseline_05_mixed_maneuver,Roll,pulse,0.082456,0,0.0843817293643951,0.0843817293643951,0.0842625800520181,0.00011914931237699822,0.00011914931237699822,0.010307,0,0.0,0.00010939164087172062,0,0,0,W20_N5_mean1x,20,5,1.0,1909,Roll_hybrid_prediction,/home/tchowdh4/sensor_recovery_project/logs/extracted_csv/baseline_05_mixed_maneuver_ATT.csv,/home/tchowdh4/sensor_recovery_project/prediction_results_v9_trained_hybrid/baseline_05_mixed_maneuver_ATT_trained_hybrid_prediction_outputs.csv
42.500493,baseline_05_mixed_maneuver,Roll,pulse,0.082456,0,0.0842294916510582,0.0842294916510582,0.0841305371373892,9.895451366899455e-05,9.895451366899455e-05,0.010307,0,0.0,0.00010898096486922013,0,0,0,W20_N5_mean1x,20,5,1.0,1909,Roll_hybrid_prediction,/home/tchowdh4/sensor_recovery_project/logs/extracted_csv/baseline_05_mixed_maneuver_ATT.csv,/home/tchowdh4/sensor_recovery_project/prediction_results_v9_trained_hybrid/baseline_05_mixed_maneuver_ATT_trained_hybrid_prediction_outputs.csv
42.600453,baseline_05_mixed_maneuver,Roll,pulse,0.082456,0,0.0842245370149612,0.0842245370149612,0.0842213165014981,3.2205134631035914e-06,3.2205134631035914e-06,0.010307,0,0.0,0.00010391773656007533,0,0,0,W20_N5_mean1x,20,5,1.0,1909,Roll_hybrid_prediction,/home/tchowdh4/sensor_recovery_project/logs/extracted_csv/baseline_05_mixed_maneuver_ATT.csv,/home/tchowdh4/sensor_recovery_project/prediction_results_v9_trained_hybrid/baseline_05_mixed_maneuver_ATT_trained_hybrid_prediction_outputs.csv
42.700413,baseline_05_mixed_maneuver,Roll,pulse,0.082456,0,0.0843408703804016,0.0843408703804016,0.0844164870679378,-7.561668753620909e-05,7.561668753620909e-05,0.010307,0,0.0,9.567951783535019e-05,0,0,0,W20_N5_mean1x,20,5,1.0,1909,Roll_hybrid_prediction,/home/tchowdh4/sensor_recovery_project/logs/extracted_csv/baseline_05_mixed_maneuver_ATT.csv,/home/tchowdh4/sensor_recovery_project/prediction_results_v9_trained_hybrid/baseline_05_mixed_maneuver_ATT_trained_hybrid_prediction_outputs.csv
42.800373,baseline_05_mixed_maneuver,Roll,pulse,0.082456,0,0.084193930029869,0.084193930029869,0.0840984188020228,9.551122784619281e-05,9.551122784619281e-05,0.010307,0,0.0,9.904410690066978e-05,0,0,0,W20_N5_mean1x,20,5,1.0,1909,Roll_hybrid_prediction,/home/tchowdh4/sensor_recovery_project/logs/extracted_csv/baseline_05_mixed_maneuver_ATT.csv,/home/tchowdh4/sensor_recovery_project/prediction_results_v9_trained_hybrid/baseline_05_mixed_maneuver_ATT_trained_hybrid_prediction_outputs.csv
42.900333,baseline_05_mixed_maneuver,Roll,pulse,0.082456,0,0.0840317830443382,0.0840317830443382,0.0839263875037431,0.00010539554059510459,0.00010539554059510459,0.010307,0,0.0,9.041676297782478e-05,0,0,0,W20_N5_mean1x,20,5,1.0,1909,Roll_hybrid_prediction,/home/tchowdh4/sensor_recovery_project/logs/extracted_csv/baseline_05_mixed_maneuver_ATT.csv,/home/tchowdh4/sensor_recovery_project/prediction_results_v9_trained_hybrid/baseline_05_mixed_maneuver_ATT_trained_hybrid_prediction_outputs.csv
43.000293,baseline_05_mixed_maneuver,Roll,pulse,0.082456,0,0.0838881209492683,0.0838881209492683,0.0837947405874728,9.338036179550036e-05,9.338036179550036e-05,0.010307,0,0.0,9.013975039123476e-05,0,0,0,W20_N5_mean1x,20,5,1.0,1909,Roll_hybrid_prediction,/home/tchowdh4/sensor_recovery_project/logs/extracted_csv/baseline_05_mixed_maneuver_ATT.csv,/home/tchowdh4/sensor_recovery_project/prediction_results_v9_trained_hybrid/baseline_05_mixed_maneuver_ATT_trained_hybrid_prediction_outputs.csv
43.100253,baseline_05_mixed_maneuver,Roll,pulse,0.082456,0,0.0839157104492187,0.0839157104492187,0.0839336436241864,-1.7933174967704746e-05,1.7933174967704746e-05,0.010307,0,0.0,8.102932944892491e-05,0,0,0,W20_N5_mean1x,20,5,1.0,1909,Roll_hybrid_prediction,/home/tchowdh4/sensor_recovery_project/logs/extracted_csv/baseline_05_mixed_maneuver_ATT.csv,/home/tchowdh4/sensor_recovery_project/prediction_results_v9_trained_hybrid/baseline_05_mixed_maneuver_ATT_trained_hybrid_prediction_outputs.csv
43.200213,baseline_05_mixed_maneuver,Roll,pulse,0.082456,0,0.0838262736797332,0.0838262736797332,0.0837681397795676,5.813390016559672e-05,5.813390016559672e-05,0.010307,0,0.0,7.924666628240997e-05,0,0,0,W20_N5_mean1x,20,5,1.0,1909,Roll_hybrid_prediction,/home/tchowdh4/sensor_recovery_project/logs/extracted_csv/baseline_05_mixed_maneuver_ATT.csv,/home/tchowdh4/sensor_recovery_project/prediction_results_v9_trained_hybrid/baseline_05_mixed_maneuver_ATT_trained_hybrid_prediction_outputs.csv
43.300173,baseline_05_mixed_maneuver,Roll,pulse,0.082456,0,0.0839275121688842,0.0839275121688842,0.0839933171868323,-6.580501794810345e-05,6.580501794810345e-05,0.010307,0,0.0,7.272670045494548e-05,0,0,0,W20_N5_mean1x,20,5,1.0,1909,Roll_hybrid_prediction,/home/tchowdh4/sensor_recovery_project/logs/extracted_csv/baseline_05_mixed_maneuver_ATT.csv,/home/tchowdh4/sensor_recovery_project/prediction_results_v9_trained_hybrid/baseline_05_mixed_maneuver_ATT_trained_hybrid_prediction_outputs.csv
43.400133,baseline_05_mixed_maneuver,Roll,pulse,0.082456,0,0.0839065611362457,0.0839065611362457,0.0838929429650306,1.3618171215104558e-05,1.3618171215104558e-05,0.010307,0,0.0,7.211552932858065e-05,0,0,0,W20_N5_mean1x,20,5,1.0,1909,Roll_hybrid_prediction,/home/tchowdh4/sensor_recovery_project/logs/extracted_csv/baseline_05_mixed_maneuver_ATT.csv,/home/tchowdh4/sensor_recovery_project/prediction_results_v9_trained_hybrid/baseline_05_mixed_maneuver_ATT_trained_hybrid_prediction_outputs.csv
43.500093,baseline_05_mixed_maneuver,Roll,pulse,0.082456,0,0.0838550180196762,0.0838550180196762,0.083821514993906,3.3503025770195705e-05,3.3503025770195705e-05,0.010307,0,0.0,7.063675671816066e-05,0,0,0,W20_N5_mean1x,20,5,1.0,1909,Roll_hybrid_prediction,/home/tchowdh4/sensor_recovery_project/logs/extracted_csv/baseline_05_mixed_maneuver_ATT.csv,/home/tchowdh4/sensor_recovery_project/prediction_results_v9_trained_hybrid/baseline_05_mixed_maneuver_ATT_trained_hybrid_prediction_outputs.csv
43.600053,baseline_05_mixed_maneuver,Roll,pulse,0.082456,0,0.0837774574756622,0.0837774574756622,0.0837270431220531,5.041435360909896e-05,5.041435360909896e-05,0.010307,0,0.0,7.053287699819097e-05,0,0,0,W20_N5_mean1x,20,5,1.0,1909,Roll_hybrid_prediction,/home/tchowdh4/sensor_recovery_project/logs/extracted_csv/baseline_05_mixed_maneuver_ATT.csv,/home/tchowdh4/sensor_recovery_project/prediction_results_v9_trained_hybrid/baseline_05_mixed_maneuver_ATT_trained_hybrid_prediction_outputs.csv
43.700013,baseline_05_mixed_maneuver,Roll,pulse,0.082456,0,0.0836843252182006,0.0836843252182006,0.0836237892508505,6.053596735010325e-05,6.053596735010325e-05,0.010307,0,0.0,7.042754441501098e-05,0,0,0,W20_N5_mean1x,20,5,1.0,1909,Roll_hybrid_prediction,/home/tchowdh4/sensor_recovery_project/logs/extracted_csv/baseline_05_mixed_maneuver_ATT.csv,/home/tchowdh4/sensor_recovery_project/prediction_results_v9_trained_hybrid/baseline_05_mixed_maneuver_ATT_trained_hybrid_prediction_outputs.csv
43.799973,baseline_05_mixed_maneuver,Roll,pulse,0.082456,0,0.0834355726838111,0.0834355726838111,0.0832738835364579,0.0001616891473532056,0.0001616891473532056,0.010307,0,0.0,7.742429152133093e-05,0,0,0,W20_N5_mean1x,20,5,1.0,1909,Roll_hybrid_prediction,/home/tchowdh4/sensor_recovery_project/logs/extracted_csv/baseline_05_mixed_maneuver_ATT.csv,/home/tchowdh4/sensor_recovery_project/prediction_results_v9_trained_hybrid/baseline_05_mixed_maneuver_ATT_trained_hybrid_prediction_outputs.csv
43.899933,baseline_05_mixed_maneuver,Roll,pulse,0.082456,0,0.0834404304623603,0.0834404304623603,0.0834435880184172,-3.1575560568986027e-06,3.1575560568986027e-06,0.010307,0,0.0,6.989991292359125e-05,0,0,0,W20_N5_mean1x,20,5,1.0,1909,Roll_hybrid_prediction,/home/tchowdh4/sensor_recovery_project/logs/extracted_csv/baseline_05_mixed_maneuver_ATT.csv,/home/tchowdh4/sensor_recovery_project/prediction_results_v9_trained_hybrid/baseline_05_mixed_maneuver_ATT_trained_hybrid_prediction_outputs.csv
43.999893,baseline_05_mixed_maneuver,Roll,pulse,0.082456,0,0.0835166275501251,0.0835166275501251,0.0835661556571722,-4.952810704710042e-05,4.952810704710042e-05,0.010307,0,0.0,6.941441446544142e-05,0,0,0,W20_N5_mean1x,20,5,1.0,1909,Roll_hybrid_prediction,/home/tchowdh4/sensor_recovery_project/logs/extracted_csv/baseline_05_mixed_maneuver_ATT.csv,/home/tchowdh4/sensor_recovery_project/prediction_results_v9_trained_hybrid/baseline_05_mixed_maneuver_ATT_trained_hybrid_prediction_outputs.csv
44.099853,baseline_05_mixed_maneuver,Roll,pulse,0.082456,0,0.0835258513689041,0.0835258513689041,0.0835318468511104,-5.99548220629742e-06,5.99548220629742e-06,0.010307,0,0.0,6.54093548655664e-05,0,0,0,W20_N5_mean1x,20,5,1.0,1909,Roll_hybrid_prediction,/home/tchowdh4/sensor_recovery_project/logs/extracted_csv/baseline_05_mixed_maneuver_ATT.csv,/home/tchowdh4/sensor_recovery_project/prediction_results_v9_trained_hybrid/baseline_05_mixed_maneuver_ATT_trained_hybrid_prediction_outputs.csv
44.199813,baseline_05_mixed_maneuver,Roll,pulse,0.082456,0,0.0833317637443542,0.0833317637443542,0.0832056067883967,0.00012615695595750986,0.00012615695595750986,0.010307,0,0.0,6.991783156993155e-05,0,0,0,W20_N5_mean1x,20,5,1.0,1909,Roll_hybrid_prediction,/home/tchowdh4/sensor_recovery_project/logs/extracted_csv/baseline_05_mixed_maneuver_ATT.csv,/home/tchowdh4/sensor_recovery_project/prediction_results_v9_trained_hybrid/baseline_05_mixed_maneuver_ATT_trained_hybrid_prediction_outputs.csv
44.300606,baseline_05_mixed_maneuver,Roll,pulse,0.082456,0,0.0833673030138015,0.0833673030138015,0.0833904035389422,-2.310052514069294e-05,2.310052514069294e-05,0.010307,0,0.0,6.303997710348577e-05,0,0,0,W20_N5_mean1x,20,5,1.0,1909,Roll_hybrid_prediction,/home/tchowdh4/sensor_recovery_project/logs/extracted_csv/baseline_05_mixed_maneuver_ATT.csv,/home/tchowdh4/sensor_recovery_project/prediction_results_v9_trained_hybrid/baseline_05_mixed_maneuver_ATT_trained_hybrid_prediction_outputs.csv
44.400566,baseline_05_mixed_maneuver,Roll,pulse,0.082456,0,0.0831913873553276,0.0831913873553276,0.0830770421773195,0.00011434517800811006,0.00011434517800811006,0.010307,0,0.0,6.279977038504137e-05,0,0,0,W20_N5_mean1x,20,5,1.0,1909,Roll_hybrid_prediction,/home/tchowdh4/sensor_recovery_project/logs/extracted_csv/baseline_05_mixed_maneuver_ATT.csv,/home/tchowdh4/sensor_recovery_project/prediction_results_v9_trained_hybrid/baseline_05_mixed_maneuver_ATT_trained_hybrid_prediction_outputs.csv
44.500526,baseline_05_mixed_maneuver,Roll,pulse,0.082456,0,0.0827384293079376,0.0827384293079376,0.082444006577134,0.0002944227308036007,0.0002944227308036007,0.010307,0,0.0,7.257318124177167e-05,0,0,0,W20_N5_mean1x,20,5,1.0,1909,Roll_hybrid_prediction,/home/tchowdh4/sensor_recovery_project/logs/extracted_csv/baseline_05_mixed_maneuver_ATT.csv,/home/tchowdh4/sensor_recovery_project/prediction_results_v9_trained_hybrid/baseline_05_mixed_maneuver_ATT_trained_hybrid_prediction_outputs.csv
44.600486,baseline_05_mixed_maneuver,Roll,pulse,0.082456,0,0.0824492797255516,0.0824492797255516,0.0822613324970007,0.00018794722855090817,0.00018794722855090817,0.010307,0,0.0,8.180951699616191e-05,0,0,0,W20_N5_mean1x,20,5,1.0,1909,Roll_hybrid_prediction,/home/tchowdh4/sensor_recovery_project/logs/extracted_csv/baseline_05_mixed_maneuver_ATT.csv,/home/tchowdh4/sensor_recovery_project/prediction_results_v9_trained_hybrid/baseline_05_mixed_maneuver_ATT_trained_hybrid_prediction_outputs.csv
44.700446,baseline_05_mixed_maneuver,Roll,pulse,0.082456,0,0.0823808088898658,0.0823808088898658,0.08233630284667,4.4506043195807754e-05,4.4506043195807754e-05,0.010307,0,0.0,8.025398477914184e-05,0,0,0,W20_N5_mean1x,20,5,1.0,1909,Roll_hybrid_prediction,/home/tchowdh4/sensor_recovery_project/logs/extracted_csv/baseline_05_mixed_maneuver_ATT.csv,/home/tchowdh4/sensor_recovery_project/prediction_results_v9_trained_hybrid/baseline_05_mixed_maneuver_ATT_trained_hybrid_prediction_outputs.csv
44.800406,baseline_05_mixed_maneuver,Roll,pulse,0.082456,0,0.0822170227766037,0.0822170227766037,0.0821105618029833,0.0001064609736203953,0.0001064609736203953,0.010307,0,0.0,8.080147206785196e-05,0,0,0,W20_N5_mean1x,20,5,1.0,1909,Roll_hybrid_prediction,/home/tchowdh4/sensor_recovery_project/logs/extracted_csv/baseline_05_mixed_maneuver_ATT.csv,/home/tchowdh4/sensor_recovery_project/prediction_results_v9_trained_hybrid/baseline_05_mixed_maneuver_ATT_trained_hybrid_prediction_outputs.csv
44.900366,baseline_05_mixed_maneuver,Roll,pulse,0.082456,0,0.0820436030626297,0.0820436030626297,0.0819308802485466,0.00011272281408310214,0.00011272281408310214,0.010307,0,0.0,8.116783574225184e-05,0,0,0,W20_N5_mean1x,20,5,1.0,1909,Roll_hybrid_prediction,/home/tchowdh4/sensor_recovery_project/logs/extracted_csv/baseline_05_mixed_maneuver_ATT.csv,/home/tchowdh4/sensor_recovery_project/prediction_results_v9_trained_hybrid/baseline_05_mixed_maneuver_ATT_trained_hybrid_prediction_outputs.csv
45.000326,baseline_05_mixed_maneuver,Roll,pulse,0.082456,0,0.0815902277827262,0.0815902277827262,0.0812955338507889,0.00029469393193730375,0.00029469393193730375,0.010307,0,0.0,9.1233514249342e-05,0,0,0,W20_N5_mean1x,20,5,1.0,1909,Roll_hybrid_prediction,/home/tchowdh4/sensor_recovery_project/logs/extracted_csv/baseline_05_mixed_maneuver_ATT.csv,/home/tchowdh4/sensor_recovery_project/prediction_results_v9_trained_hybrid/baseline_05_mixed_maneuver_ATT_trained_hybrid_prediction_outputs.csv
45.100286,baseline_05_mixed_maneuver,Roll,pulse,0.082456,0,0.0809703171253204,0.0809703171253204,0.0805673751980066,0.00040294192731381295,0.00040294192731381295,0.010307,0,0.0,0.00011048395186664741,0,0,0,W20_N5_mean1x,20,5,1.0,1909,Roll_hybrid_prediction,/home/tchowdh4/sensor_recovery_project/logs/extracted_csv/baseline_05_mixed_maneuver_ATT.csv,/home/tchowdh4/sensor_recovery_project/prediction_results_v9_trained_hybrid/baseline_05_mixed_maneuver_ATT_trained_hybrid_prediction_outputs.csv
45.200246,baseline_05_mixed_maneuver,Roll,pulse,0.082456,0,0.0806745514273643,0.0806745514273643,0.0804823037236928,0.0001922477036714887,0.0001922477036714887,0.010307,0,0.0,0.00011718964204194201,0,0,0,W20_N5_mean1x,20,5,1.0,1909,Roll_hybrid_prediction,/home/tchowdh4/sensor_recovery_project/logs/extracted_csv/baseline_05_mixed_maneuver_ATT.csv,/home/tchowdh4/sensor_recovery_project/prediction_results_v9_trained_hybrid/baseline_05_mixed_maneuver_ATT_trained_hybrid_prediction_outputs.csv
45.300206,baseline_05_mixed_maneuver,Roll,pulse,0.082456,0,0.0804291516542434,0.0804291516542434,0.0802696418017148,0.0001595098525286054,0.0001595098525286054,0.010307,0,0.0,0.00012187488377096711,0,0,0,W20_N5_mean1x,20,5,1.0,1909,Roll_hybrid_prediction,/home/tchowdh4/sensor_recovery_project/logs/extracted_csv/baseline_05_mixed_maneuver_ATT.csv,/home/tchowdh4/sensor_recovery_project/prediction_results_v9_trained_hybrid/baseline_05_mixed_maneuver_ATT_trained_hybrid_prediction_outputs.csv
45.400166,baseline_05_mixed_maneuver,Roll,pulse,0.082456,0,0.0799337029457092,0.0799337029457092,0.0796116612851619,0.00032204166054730643,0.00032204166054730643,0.010307,0,0.0,0.00013729605823757722,0,0,0,W20_N5_mean1x,20,5,1.0,1909,Roll_hybrid_prediction,/home/tchowdh4/sensor_recovery_project/logs/extracted_csv/baseline_05_mixed_maneuver_ATT.csv,/home/tchowdh4/sensor_recovery_project/prediction_results_v9_trained_hybrid/baseline_05_mixed_maneuver_ATT_trained_hybrid_prediction_outputs.csv
45.500126,baseline_05_mixed_maneuver,Roll,pulse,0.082456,0,0.0796921476721763,0.0796921476721763,0.0795351367443799,0.00015701092779640824,0.00015701092779640824,0.010307,0,0.0,0.00014347145333888783,0,0,0,W20_N5_mean1x,20,5,1.0,1909,Roll_hybrid_prediction,/home/tchowdh4/sensor_recovery_project/logs/extracted_csv/baseline_05_mixed_maneuver_ATT.csv,/home/tchowdh4/sensor_recovery_project/prediction_results_v9_trained_hybrid/baseline_05_mixed_maneuver_ATT_trained_hybrid_prediction_outputs.csv
45.600086,baseline_05_mixed_maneuver,Roll,pulse,0.082456,0,0.0794082805514335,0.0794082805514335,0.0792237669229506,0.000184513628482888,0.000184513628482888,0.010307,0,0.0,0.0001501764170825773,0,0,0,W20_N5_mean1x,20,5,1.0,1909,Roll_hybrid_prediction,/home/tchowdh4/sensor_recovery_project/logs/extracted_csv/baseline_05_mixed_maneuver_ATT.csv,/home/tchowdh4/sensor_recovery_project/prediction_results_v9_trained_hybrid/baseline_05_mixed_maneuver_ATT_trained_hybrid_prediction_outputs.csv
45.700046,baseline_05_mixed_maneuver,Roll,pulse,0.082456,0,0.0791235640645027,0.0791235640645027,0.0789384983479976,0.0001850657165051034,0.0001850657165051034,0.010307,0,0.0,0.00015640290454032728,0,0,0,W20_N5_mean1x,20,5,1.0,1909,Roll_hybrid_prediction,/home/tchowdh4/sensor_recovery_project/logs/extracted_csv/baseline_05_mixed_maneuver_ATT.csv,/home/tchowdh4/sensor_recovery_project/prediction_results_v9_trained_hybrid/baseline_05_mixed_maneuver_ATT_trained_hybrid_prediction_outputs.csv
45.800006,baseline_05_mixed_maneuver,Roll,pulse,0.082456,0,0.0786926224827766,0.0786926224827766,0.0784125104546546,0.00028011202812200375,0.00028011202812200375,0.010307,0,0.0,0.0001623240485787672,0,0,0,W20_N5_mean1x,20,5,1.0,1909,Roll_hybrid_prediction,/home/tchowdh4/sensor_recovery_project/logs/extracted_csv/baseline_05_mixed_maneuver_ATT.csv,/home/tchowdh4/sensor_recovery_project/prediction_results_v9_trained_hybrid/baseline_05_mixed_maneuver_ATT_trained_hybrid_prediction_outputs.csv
45.899966,baseline_05_mixed_maneuver,Roll,pulse,0.082456,0,0.0783362835645675,0.0783362835645675,0.0781046632677315,0.00023162029683600205,0.00023162029683600205,0.010307,0,0.0,0.00017374718561772237,0,0,0,W20_N5_mean1x,20,5,1.0,1909,Roll_hybrid_prediction,/home/tchowdh4/sensor_recovery_project/logs/extracted_csv/baseline_05_mixed_maneuver_ATT.csv,/home/tchowdh4/sensor_recovery_project/prediction_results_v9_trained_hybrid/baseline_05_mixed_maneuver_ATT_trained_hybrid_prediction_outputs.csv
45.999926,baseline_05_mixed_maneuver,Roll,pulse,0.082456,0,0.0776441916823387,0.0776441916823387,0.0771943319588899,0.00044985972344879777,0.00044985972344879777,0.010307,0,0.0,0.00019376376643780724,0,0,0,W20_N5_mean1x,20,5,1.0,1909,Roll_hybrid_prediction,/home/tchowdh4/sensor_recovery_project/logs/extracted_csv/baseline_05_mixed_maneuver_ATT.csv,/home/tchowdh4/sensor_recovery_project/prediction_results_v9_trained_hybrid/baseline_05_mixed_maneuver_ATT_trained_hybrid_prediction_outputs.csv
46.099886,baseline_05_mixed_maneuver,Roll,pulse,0.082456,0,0.0771889761090278,0.0771889761090278,0.0768930859863756,0.00029589012265218706,0.00029589012265218706,0.010307,0,0.0,0.0002082584984601017,0,0,0,W20_N5_mean1x,20,5,1.0,1909,Roll_hybrid_prediction,/home/tchowdh4/sensor_recovery_project/logs/extracted_csv/baseline_05_mixed_maneuver_ATT.csv,/home/tchowdh4/sensor_recovery_project/prediction_results_v9_trained_hybrid/baseline_05_mixed_maneuver_ATT_trained_hybrid_prediction_outputs.csv
46.199846,baseline_05_mixed_maneuver,Roll,pulse,0.082456,0,0.0765876024961471,0.0765876024961471,0.0761967096477746,0.00039089284837250104,0.00039089284837250104,0.010307,0,0.0,0.00022149529308085127,0,0,0,W20_N5_mean1x,20,5,1.0,1909,Roll_hybrid_prediction,/home/tchowdh4/sensor_recovery_project/logs/extracted_csv/baseline_05_mixed_maneuver_ATT.csv,/home/tchowdh4/sensor_recovery_project/prediction_results_v9_trained_hybrid/baseline_05_mixed_maneuver_ATT_trained_hybrid_prediction_outputs.csv
46.299806,baseline_05_mixed_maneuver,Roll,pulse,0.082456,0,0.0761636942625045,0.0761636942625045,0.0758881539106367,0.0002755403518677896,0.0002755403518677896,0.010307,0,0.0,0.00023411728441720612,0,0,0,W20_N5_mean1x,20,5,1.0,1909,Roll_hybrid_prediction,/home/tchowdh4/sensor_recovery_project/logs/extracted_csv/baseline_05_mixed_maneuver_ATT.csv,/home/tchowdh4/sensor_recovery_project/prediction_results_v9_trained_hybrid/baseline_05_mixed_maneuver_ATT_trained_hybrid_prediction_outputs.csv
46.400599,baseline_05_mixed_maneuver,Roll,pulse,0.082456,0,0.0755062624812126,0.0755062624812126,0.0750789318233728,0.00042733065783980007,0.00042733065783980007,0.010307,0,0.0,0.0002497665584087906,0,0,0,W20_N5_mean1x,20,5,1.0,1909,Roll_hybrid_prediction,/home/tchowdh4/sensor_recovery_project/logs/extracted_csv/baseline_05_mixed_maneuver_ATT.csv,/home/tchowdh4/sensor_recovery_project/prediction_results_v9_trained_hybrid/baseline_05_mixed_maneuver_ATT_trained_hybrid_prediction_outputs.csv
46.500559,baseline_05_mixed_maneuver,Roll,pulse,0.082456,0,0.0748888477683067,0.0748888477683067,0.0744875282049178,0.0004013195633889022,0.0004013195633889022,0.010307,0,0.0,0.00025511140003805566,0,0,0,W20_N5_mean1x,20,5,1.0,1909,Roll_hybrid_prediction,/home/tchowdh4/sensor_recovery_project/logs/extracted_csv/baseline_05_mixed_maneuver_ATT.csv,/home/tchowdh4/sensor_recovery_project/prediction_results_v9_trained_hybrid/baseline_05_mixed_maneuver_ATT_trained_hybrid_prediction_outputs.csv
46.600519,baseline_05_mixed_maneuver,Roll,pulse,0.082456,0,0.074228711426258,0.074228711426258,0.0737996228039263,0.0004290886223317081,0.0004290886223317081,0.010307,0,0.0,0.0002671684697270957,0,0,0,W20_N5_mean1x,20,5,1.0,1909,Roll_hybrid_prediction,/home/tchowdh4/sensor_recovery_project/logs/extracted_csv/baseline_05_mixed_maneuver_ATT.csv,/home/tchowdh4/sensor_recovery_project/prediction_results_v9_trained_hybrid/baseline_05_mixed_maneuver_ATT_trained_hybrid_prediction_outputs.csv
46.700479,baseline_05_mixed_maneuver,Roll,pulse,0.082456,0,0.073746457695961,0.073746457695961,0.0734329927712679,0.0003134649246930993,0.0003134649246930993,0.010307,0,0.0,0.0002806164138019603,0,0,0,W20_N5_mean1x,20,5,1.0,1909,Roll_hybrid_prediction,/home/tchowdh4/sensor_recovery_project/logs/extracted_csv/baseline_05_mixed_maneuver_ATT.csv,/home/tchowdh4/sensor_recovery_project/prediction_results_v9_trained_hybrid/baseline_05_mixed_maneuver_ATT_trained_hybrid_prediction_outputs.csv
46.800439,baseline_05_mixed_maneuver,Roll,pulse,0.082456,0,0.0730342641472816,0.0730342641472816,0.07257133834064,0.00046292580664160365,0.00046292580664160365,0.010307,0,0.0,0.0002984396554530207,0,0,0,W20_N5_mean1x,20,5,1.0,1909,Roll_hybrid_prediction,/home/tchowdh4/sensor_recovery_project/logs/extracted_csv/baseline_05_mixed_maneuver_ATT.csv,/home/tchowdh4/sensor_recovery_project/prediction_results_v9_trained_hybrid/baseline_05_mixed_maneuver_ATT_trained_hybrid_prediction_outputs.csv
46.900399,baseline_05_mixed_maneuver,Roll,pulse,0.082456,0,0.0723404884338378,0.0723404884338378,0.0718895342200993,0.00045095421373848865,0.00045095421373848865,0.010307,0,0.0,0.00031535122543579,0,0,0,W20_N5_mean1x,20,5,1.0,1909,Roll_hybrid_prediction,/home/tchowdh4/sensor_recovery_project/logs/extracted_csv/baseline_05_mixed_maneuver_ATT.csv,/home/tchowdh4/sensor_recovery_project/prediction_results_v9_trained_hybrid/baseline_05_mixed_maneuver_ATT_trained_hybrid_prediction_outputs.csv
47.000359,baseline_05_mixed_maneuver,Roll,pulse,0.082456,0,0.0715587809681892,0.0715587809681892,0.0710506711155176,0.0005081098526715927,0.0005081098526715927,0.010307,0,0.0,0.00032602202147250447,0,0,0,W20_N5_mean1x,20,5,1.0,1909,Roll_hybrid_prediction,/home/tchowdh4/sensor_recovery_project/logs/extracted_csv/baseline_05_mixed_maneuver_ATT.csv,/home/tchowdh4/sensor_recovery_project/prediction_results_v9_trained_hybrid/baseline_05_mixed_maneuver_ATT_trained_hybrid_prediction_outputs.csv
47.100319,baseline_05_mixed_maneuver,Roll,pulse,0.082456,0,0.0708679407835006,0.0708679407835006,0.070418894663453,0.00044904612004760536,0.00044904612004760536,0.010307,0,0.0,0.00032832723110919407,0,0,0,W20_N5_mean1x,20,5,1.0,1909,Roll_hybrid_prediction,/home/tchowdh4/sensor_recovery_project/logs/extracted_csv/baseline_05_mixed_maneuver_ATT.csv,/home/tchowdh4/sensor_recovery_project/prediction_results_v9_trained_hybrid/baseline_05_mixed_maneuver_ATT_trained_hybrid_prediction_outputs.csv
47.200279,baseline_05_mixed_maneuver,Roll,pulse,0.082456,0,0.0700290277600288,0.0700290277600288,0.0694837342947721,0.0005452934652566965,0.0005452934652566965,0.010307,0,0.0,0.00034597951918845444,0,0,0,W20_N5_mean1x,20,5,1.0,1909,Roll_hybrid_prediction,/home/tchowdh4/sensor_recovery_project/logs/extracted_csv/baseline_05_mixed_maneuver_ATT.csv,/home/tchowdh4/sensor_recovery_project/prediction_results_v9_trained_hybrid/baseline_05_mixed_maneuver_ATT_trained_hybrid_prediction_outputs.csv
47.300239,baseline_05_mixed_maneuver,Roll,pulse,0.082456,0,0.0694220140576362,0.0694220140576362,0.069027455151081,0.0003945589065552091,0.0003945589065552091,0.010307,0,0.0,0.00035773197188978466,0,0,0,W20_N5_mean1x,20,5,1.0,1909,Roll_hybrid_prediction,/home/tchowdh4/sensor_recovery_project/logs/extracted_csv/baseline_05_mixed_maneuver_ATT.csv,/home/tchowdh4/sensor_recovery_project/prediction_results_v9_trained_hybrid/baseline_05_mixed_maneuver_ATT_trained_hybrid_prediction_outputs.csv
47.400199,baseline_05_mixed_maneuver,Roll,pulse,0.082456,0,0.0686477199196815,0.0686477199196815,0.0681444287300109,0.0005032911896705877,0.0005032911896705877,0.010307,0,0.0,0.00036679444834594873,0,0,0,W20_N5_mean1x,20,5,1.0,1909,Roll_hybrid_prediction,/home/tchowdh4/sensor_recovery_project/logs/extracted_csv/baseline_05_mixed_maneuver_ATT.csv,/home/tchowdh4/sensor_recovery_project/prediction_results_v9_trained_hybrid/baseline_05_mixed_maneuver_ATT_trained_hybrid_prediction_outputs.csv
47.500159,baseline_05_mixed_maneuver,Roll,pulse,0.082456,0,0.0680124834179878,0.0680124834179878,0.0675995796918869,0.0004129037261008939,0.0004129037261008939,0.010307,0,0.0,0.000379589088261173,0,0,0,W20_N5_mean1x,20,5,1.0,1909,Roll_hybrid_prediction,/home/tchowdh4/sensor_recovery_project/logs/extracted_csv/baseline_05_mixed_maneuver_ATT.csv,/home/tchowdh4/sensor_recovery_project/prediction_results_v9_trained_hybrid/baseline_05_mixed_maneuver_ATT_trained_hybrid_prediction_outputs.csv
47.600119,baseline_05_mixed_maneuver,Roll,pulse,0.082456,0,0.067429706454277,0.067429706454277,0.0670509014278649,0.0003788050264120907,0.0003788050264120907,0.010307,0,0.0,0.0003893036581576331,0,0,0,W20_N5_mean1x,20,5,1.0,1909,Roll_hybrid_prediction,/home/tchowdh4/sensor_recovery_project/logs/extracted_csv/baseline_05_mixed_maneuver_ATT.csv,/home/tchowdh4/sensor_recovery_project/prediction_results_v9_trained_hybrid/baseline_05_mixed_maneuver_ATT_trained_hybrid_prediction_outputs.csv
