x,AttackActive,CleanFuture_Pitch,AttackedFuture_Pitch,V9PredictedFuture_Pitch,Residual_Pitch,AbsResidual_Pitch,Threshold,PointDetectionFlag,WindowCount,RollingMeanAbsResidual,WindowCountFlag,WindowMeanFlag,WindowCombinedFlag,Baseline,AttackAxis,AttackType,WindowRule,PredictionFile,PredictionColumn
0.09996,0,0.0573319569230079,0.0573319569230079,0.1077826605340704,-0.0504507036110625,0.0504507036110625,0.007947,1,1.0,0.0504507036110625,0,1,1,baseline_02_high_altitude_hover,Pitch,bias,W10_N3_mean1x,/home/tchowdh4/sensor_recovery_project/prediction_results_v9_trained_hybrid/baseline_02_high_altitude_hover_ATT_trained_hybrid_prediction_outputs.csv,Pitch_hybrid_prediction
0.19992,0,0.0573374927043914,0.0573374927043914,0.1123252086099609,-0.054987715905569494,0.054987715905569494,0.007947,1,2.0,0.052719209758315996,0,1,1,baseline_02_high_altitude_hover,Pitch,bias,W10_N3_mean1x,/home/tchowdh4/sensor_recovery_project/prediction_results_v9_trained_hybrid/baseline_02_high_altitude_hover_ATT_trained_hybrid_prediction_outputs.csv,Pitch_hybrid_prediction
0.29988,0,0.0573996268212795,0.0573996268212795,0.1109069441193898,-0.0535073172981103,0.0535073172981103,0.007947,1,3.0,0.05298191227158076,1,1,1,baseline_02_high_altitude_hover,Pitch,bias,W10_N3_mean1x,/home/tchowdh4/sensor_recovery_project/prediction_results_v9_trained_hybrid/baseline_02_high_altitude_hover_ATT_trained_hybrid_prediction_outputs.csv,Pitch_hybrid_prediction
0.39984,0,0.05756052210927,0.05756052210927,0.1030229595645689,-0.045462437455298904,0.045462437455298904,0.007947,1,4.0,0.0511020435675103,1,1,1,baseline_02_high_altitude_hover,Pitch,bias,W10_N3_mean1x,/home/tchowdh4/sensor_recovery_project/prediction_results_v9_trained_hybrid/baseline_02_high_altitude_hover_ATT_trained_hybrid_prediction_outputs.csv,Pitch_hybrid_prediction
0.4998,0,0.0577396675944328,0.0577396675944328,0.0994703875634421,-0.0417307199690093,0.0417307199690093,0.007947,1,5.0,0.0492277788478101,1,1,1,baseline_02_high_altitude_hover,Pitch,bias,W10_N3_mean1x,/home/tchowdh4/sensor_recovery_project/prediction_results_v9_trained_hybrid/baseline_02_high_altitude_hover_ATT_trained_hybrid_prediction_outputs.csv,Pitch_hybrid_prediction
0.59976,0,0.0580138079822063,0.0580138079822063,0.0895357016538192,-0.0315218936716129,0.0315218936716129,0.007947,1,6.0,0.046276797985110564,1,1,1,baseline_02_high_altitude_hover,Pitch,bias,W10_N3_mean1x,/home/tchowdh4/sensor_recovery_project/prediction_results_v9_trained_hybrid/baseline_02_high_altitude_hover_ATT_trained_hybrid_prediction_outputs.csv,Pitch_hybrid_prediction
0.69972,0,0.0584353990852832,0.0584353990852832,0.0865100858378136,-0.028074686752530394,0.028074686752530394,0.007947,1,7.0,0.04367649638045625,1,1,1,baseline_02_high_altitude_hover,Pitch,bias,W10_N3_mean1x,/home/tchowdh4/sensor_recovery_project/prediction_results_v9_trained_hybrid/baseline_02_high_altitude_hover_ATT_trained_hybrid_prediction_outputs.csv,Pitch_hybrid_prediction
0.79968,0,0.0588361285626888,0.0588361285626888,0.0890931222838604,-0.030256993721171604,0.030256993721171604,0.007947,1,8.0,0.04199905854804568,1,1,1,baseline_02_high_altitude_hover,Pitch,bias,W10_N3_mean1x,/home/tchowdh4/sensor_recovery_project/prediction_results_v9_trained_hybrid/baseline_02_high_altitude_hover_ATT_trained_hybrid_prediction_outputs.csv,Pitch_hybrid_prediction
0.89964,0,0.0594841875135898,0.0594841875135898,0.0890792015254504,-0.029595014011860606,0.029595014011860606,0.007947,1,9.0,0.040620831377358446,1,1,1,baseline_02_high_altitude_hover,Pitch,bias,W10_N3_mean1x,/home/tchowdh4/sensor_recovery_project/prediction_results_v9_trained_hybrid/baseline_02_high_altitude_hover_ATT_trained_hybrid_prediction_outputs.csv,Pitch_hybrid_prediction
0.9996,0,0.0603646747767925,0.0603646747767925,0.0922884999090038,-0.0319238251322113,0.0319238251322113,0.007947,1,10.0,0.039751130752843734,1,1,1,baseline_02_high_altitude_hover,Pitch,bias,W10_N3_mean1x,/home/tchowdh4/sensor_recovery_project/prediction_results_v9_trained_hybrid/baseline_02_high_altitude_hover_ATT_trained_hybrid_prediction_outputs.csv,Pitch_hybrid_prediction
1.09956,0,0.0615024752914905,0.0615024752914905,0.0898443183962295,-0.028341843104739,0.028341843104739,0.007947,1,10.0,0.03754024470221138,1,1,1,baseline_02_high_altitude_hover,Pitch,bias,W10_N3_mean1x,/home/tchowdh4/sensor_recovery_project/prediction_results_v9_trained_hybrid/baseline_02_high_altitude_hover_ATT_trained_hybrid_prediction_outputs.csv,Pitch_hybrid_prediction
1.19952,0,0.0625631511211395,0.0625631511211395,0.090215977331547,-0.027652826210407502,0.027652826210407502,0.007947,1,10.0,0.03480675573269518,1,1,1,baseline_02_high_altitude_hover,Pitch,bias,W10_N3_mean1x,/home/tchowdh4/sensor_recovery_project/prediction_results_v9_trained_hybrid/baseline_02_high_altitude_hover_ATT_trained_hybrid_prediction_outputs.csv,Pitch_hybrid_prediction
1.29948,0,0.0636942833662033,0.0636942833662033,0.0954297076534006,-0.031735424287197306,0.031735424287197306,0.007947,1,10.0,0.03262956643160388,1,1,1,baseline_02_high_altitude_hover,Pitch,bias,W10_N3_mean1x,/home/tchowdh4/sensor_recovery_project/prediction_results_v9_trained_hybrid/baseline_02_high_altitude_hover_ATT_trained_hybrid_prediction_outputs.csv,Pitch_hybrid_prediction
1.39944,0,0.0649499222636222,0.0649499222636222,0.0996955081327323,-0.0347455858691101,0.0347455858691101,0.007947,1,10.0,0.031557881272985,1,1,1,baseline_02_high_altitude_hover,Pitch,bias,W10_N3_mean1x,/home/tchowdh4/sensor_recovery_project/prediction_results_v9_trained_hybrid/baseline_02_high_altitude_hover_ATT_trained_hybrid_prediction_outputs.csv,Pitch_hybrid_prediction
1.4994,0,0.0662519857287406,0.0662519857287406,0.1082281294054815,-0.04197614367674091,0.04197614367674091,0.007947,1,10.0,0.03158242364375816,1,1,1,baseline_02_high_altitude_hover,Pitch,bias,W10_N3_mean1x,/home/tchowdh4/sensor_recovery_project/prediction_results_v9_trained_hybrid/baseline_02_high_altitude_hover_ATT_trained_hybrid_prediction_outputs.csv,Pitch_hybrid_prediction
1.59936,0,0.0678509473800659,0.0678509473800659,0.1043410425812196,-0.03649009520115369,0.03649009520115369,0.007947,1,10.0,0.032079243796712245,1,1,1,baseline_02_high_altitude_hover,Pitch,bias,W10_N3_mean1x,/home/tchowdh4/sensor_recovery_project/prediction_results_v9_trained_hybrid/baseline_02_high_altitude_hover_ATT_trained_hybrid_prediction_outputs.csv,Pitch_hybrid_prediction
1.69932,0,0.0693807080388069,0.0693807080388069,0.1049963821992276,-0.035615674160420704,0.035615674160420704,0.007947,1,10.0,0.032833342537501274,1,1,1,baseline_02_high_altitude_hover,Pitch,bias,W10_N3_mean1x,/home/tchowdh4/sensor_recovery_project/prediction_results_v9_trained_hybrid/baseline_02_high_altitude_hover_ATT_trained_hybrid_prediction_outputs.csv,Pitch_hybrid_prediction
1.79928,0,0.0708005502820015,0.0708005502820015,0.1019055909544256,-0.031105040672424103,0.031105040672424103,0.007947,1,10.0,0.032918147232626524,1,1,1,baseline_02_high_altitude_hover,Pitch,bias,W10_N3_mean1x,/home/tchowdh4/sensor_recovery_project/prediction_results_v9_trained_hybrid/baseline_02_high_altitude_hover_ATT_trained_hybrid_prediction_outputs.csv,Pitch_hybrid_prediction
1.89924,0,0.0723535642027854,0.0723535642027854,0.0994708910847141,-0.027117326881928708,0.027117326881928708,0.007947,1,10.0,0.03267037851963333,1,1,1,baseline_02_high_altitude_hover,Pitch,bias,W10_N3_mean1x,/home/tchowdh4/sensor_recovery_project/prediction_results_v9_trained_hybrid/baseline_02_high_altitude_hover_ATT_trained_hybrid_prediction_outputs.csv,Pitch_hybrid_prediction
1.9992,0,0.0737601667642593,0.0737601667642593,0.1013558847075976,-0.027595717943338302,0.027595717943338302,0.007947,1,10.0,0.032237567800746034,1,1,1,baseline_02_high_altitude_hover,Pitch,bias,W10_N3_mean1x,/home/tchowdh4/sensor_recovery_project/prediction_results_v9_trained_hybrid/baseline_02_high_altitude_hover_ATT_trained_hybrid_prediction_outputs.csv,Pitch_hybrid_prediction
2.099993,0,0.0753398165106773,0.0753398165106773,0.1038955772707748,-0.0285557607600975,0.0285557607600975,0.007947,1,10.0,0.03225895956628188,1,1,1,baseline_02_high_altitude_hover,Pitch,bias,W10_N3_mean1x,/home/tchowdh4/sensor_recovery_project/prediction_results_v9_trained_hybrid/baseline_02_high_altitude_hover_ATT_trained_hybrid_prediction_outputs.csv,Pitch_hybrid_prediction
2.199953,0,0.076764203608036,0.076764203608036,0.100268299691046,-0.023504096083010004,0.023504096083010004,0.007947,1,10.0,0.031844086553542136,1,1,1,baseline_02_high_altitude_hover,Pitch,bias,W10_N3_mean1x,/home/tchowdh4/sensor_recovery_project/prediction_results_v9_trained_hybrid/baseline_02_high_altitude_hover_ATT_trained_hybrid_prediction_outputs.csv,Pitch_hybrid_prediction
2.299913,0,0.0785020813345909,0.0785020813345909,0.1027269846946604,-0.024224903360069508,0.024224903360069508,0.007947,1,10.0,0.03109303446082935,1,1,1,baseline_02_high_altitude_hover,Pitch,bias,W10_N3_mean1x,/home/tchowdh4/sensor_recovery_project/prediction_results_v9_trained_hybrid/baseline_02_high_altitude_hover_ATT_trained_hybrid_prediction_outputs.csv,Pitch_hybrid_prediction
2.399873,0,0.080128826200962,0.080128826200962,0.1062555721808646,-0.026126745979902596,0.026126745979902596,0.007947,1,10.0,0.0302311504719086,1,1,1,baseline_02_high_altitude_hover,Pitch,bias,W10_N3_mean1x,/home/tchowdh4/sensor_recovery_project/prediction_results_v9_trained_hybrid/baseline_02_high_altitude_hover_ATT_trained_hybrid_prediction_outputs.csv,Pitch_hybrid_prediction
2.499833,0,0.0818311348557472,0.0818311348557472,0.1036130047314691,-0.021781869875721907,0.021781869875721907,0.007947,1,10.0,0.028211723091806702,1,1,1,baseline_02_high_altitude_hover,Pitch,bias,W10_N3_mean1x,/home/tchowdh4/sensor_recovery_project/prediction_results_v9_trained_hybrid/baseline_02_high_altitude_hover_ATT_trained_hybrid_prediction_outputs.csv,Pitch_hybrid_prediction
2.599793,0,0.0833954364061355,0.0833954364061355,0.1044121302032159,-0.02101669379708039,0.02101669379708039,0.007947,1,10.0,0.02666438295139937,1,1,1,baseline_02_high_altitude_hover,Pitch,bias,W10_N3_mean1x,/home/tchowdh4/sensor_recovery_project/prediction_results_v9_trained_hybrid/baseline_02_high_altitude_hover_ATT_trained_hybrid_prediction_outputs.csv,Pitch_hybrid_prediction
2.699753,0,0.0849774181842804,0.0849774181842804,0.100253345363685,-0.01527592717940461,0.01527592717940461,0.007947,1,10.0,0.024630408253297764,1,1,1,baseline_02_high_altitude_hover,Pitch,bias,W10_N3_mean1x,/home/tchowdh4/sensor_recovery_project/prediction_results_v9_trained_hybrid/baseline_02_high_altitude_hover_ATT_trained_hybrid_prediction_outputs.csv,Pitch_hybrid_prediction
2.799713,0,0.0865592807531356,0.0865592807531356,0.0996127447048817,-0.0130534639517461,0.0130534639517461,0.007947,1,10.0,0.022825250581229965,1,1,1,baseline_02_high_altitude_hover,Pitch,bias,W10_N3_mean1x,/home/tchowdh4/sensor_recovery_project/prediction_results_v9_trained_hybrid/baseline_02_high_altitude_hover_ATT_trained_hybrid_prediction_outputs.csv,Pitch_hybrid_prediction
2.899673,0,0.0880799144506454,0.0880799144506454,0.0915718505415226,-0.0034919360908771957,0.0034919360908771957,0.007947,0,9.0,0.020462711502124812,1,1,1,baseline_02_high_altitude_hover,Pitch,bias,W10_N3_mean1x,/home/tchowdh4/sensor_recovery_project/prediction_results_v9_trained_hybrid/baseline_02_high_altitude_hover_ATT_trained_hybrid_prediction_outputs.csv,Pitch_hybrid_prediction
2.999633,0,0.0898738354444503,0.0898738354444503,0.0904427337093956,-0.0005688982649453,0.0005688982649453,0.007947,0,8.0,0.017760029534285512,1,1,1,baseline_02_high_altitude_hover,Pitch,bias,W10_N3_mean1x,/home/tchowdh4/sensor_recovery_project/prediction_results_v9_trained_hybrid/baseline_02_high_altitude_hover_ATT_trained_hybrid_prediction_outputs.csv,Pitch_hybrid_prediction
3.099593,0,0.0915394052863121,0.0915394052863121,0.0824897807932636,0.009049624493048497,0.009049624493048497,0.007947,1,8.0,0.01580941590758061,1,1,1,baseline_02_high_altitude_hover,Pitch,bias,W10_N3_mean1x,/home/tchowdh4/sensor_recovery_project/prediction_results_v9_trained_hybrid/baseline_02_high_altitude_hover_ATT_trained_hybrid_prediction_outputs.csv,Pitch_hybrid_prediction
3.199553,0,0.093350313603878,0.093350313603878,0.0744163938614014,0.018933919742476588,0.018933919742476588,0.007947,1,8.0,0.015352398273527268,1,1,1,baseline_02_high_altitude_hover,Pitch,bias,W10_N3_mean1x,/home/tchowdh4/sensor_recovery_project/prediction_results_v9_trained_hybrid/baseline_02_high_altitude_hover_ATT_trained_hybrid_prediction_outputs.csv,Pitch_hybrid_prediction
3.299513,0,0.094882071018219,0.094882071018219,0.0721783193802305,0.02270375163798849,0.02270375163798849,0.007947,1,8.0,0.015200283101319167,1,1,1,baseline_02_high_altitude_hover,Pitch,bias,W10_N3_mean1x,/home/tchowdh4/sensor_recovery_project/prediction_results_v9_trained_hybrid/baseline_02_high_altitude_hover_ATT_trained_hybrid_prediction_outputs.csv,Pitch_hybrid_prediction
3.399473,0,0.0965835303068161,0.0965835303068161,0.0675833638822489,0.029000166424567195,0.029000166424567195,0.007947,1,8.0,0.015487625145785628,1,1,1,baseline_02_high_altitude_hover,Pitch,bias,W10_N3_mean1x,/home/tchowdh4/sensor_recovery_project/prediction_results_v9_trained_hybrid/baseline_02_high_altitude_hover_ATT_trained_hybrid_prediction_outputs.csv,Pitch_hybrid_prediction
3.499433,0,0.0984551087021827,0.0984551087021827,0.0715337208229359,0.026921387879246805,0.026921387879246805,0.007947,1,8.0,0.01600157694613812,1,1,1,baseline_02_high_altitude_hover,Pitch,bias,W10_N3_mean1x,/home/tchowdh4/sensor_recovery_project/prediction_results_v9_trained_hybrid/baseline_02_high_altitude_hover_ATT_trained_hybrid_prediction_outputs.csv,Pitch_hybrid_prediction
3.599393,0,0.1001863777637481,0.1001863777637481,0.0678230524479303,0.0323633253158178,0.0323633253158178,0.007947,1,8.0,0.017136240098011856,1,1,1,baseline_02_high_altitude_hover,Pitch,bias,W10_N3_mean1x,/home/tchowdh4/sensor_recovery_project/prediction_results_v9_trained_hybrid/baseline_02_high_altitude_hover_ATT_trained_hybrid_prediction_outputs.csv,Pitch_hybrid_prediction
3.699353,0,0.10196004062891,0.10196004062891,0.065684502900694,0.036275537728216,0.036275537728216,0.007947,1,8.0,0.019236201152892995,1,1,1,baseline_02_high_altitude_hover,Pitch,bias,W10_N3_mean1x,/home/tchowdh4/sensor_recovery_project/prediction_results_v9_trained_hybrid/baseline_02_high_altitude_hover_ATT_trained_hybrid_prediction_outputs.csv,Pitch_hybrid_prediction
3.799313,0,0.1036667078733444,0.1036667078733444,0.0663679443916473,0.0372987634816971,0.0372987634816971,0.007947,1,8.0,0.0216607311058881,1,1,1,baseline_02_high_altitude_hover,Pitch,bias,W10_N3_mean1x,/home/tchowdh4/sensor_recovery_project/prediction_results_v9_trained_hybrid/baseline_02_high_altitude_hover_ATT_trained_hybrid_prediction_outputs.csv,Pitch_hybrid_prediction
3.899273,0,0.1053972318768501,0.1053972318768501,0.068303753069547,0.0370934788073031,0.0370934788073031,0.007947,1,9.0,0.025020885377530687,1,1,1,baseline_02_high_altitude_hover,Pitch,bias,W10_N3_mean1x,/home/tchowdh4/sensor_recovery_project/prediction_results_v9_trained_hybrid/baseline_02_high_altitude_hover_ATT_trained_hybrid_prediction_outputs.csv,Pitch_hybrid_prediction
3.999233,0,0.1073095053434372,0.1073095053434372,0.0674654950921294,0.03984401025130779,0.03984401025130779,0.007947,1,10.0,0.028948396576166935,1,1,1,baseline_02_high_altitude_hover,Pitch,bias,W10_N3_mean1x,/home/tchowdh4/sensor_recovery_project/prediction_results_v9_trained_hybrid/baseline_02_high_altitude_hover_ATT_trained_hybrid_prediction_outputs.csv,Pitch_hybrid_prediction
4.099193,0,0.1092578396201133,0.1092578396201133,0.0675387342881889,0.0417191053319244,0.0417191053319244,0.007947,1,10.0,0.03221534466005453,1,1,1,baseline_02_high_altitude_hover,Pitch,bias,W10_N3_mean1x,/home/tchowdh4/sensor_recovery_project/prediction_results_v9_trained_hybrid/baseline_02_high_altitude_hover_ATT_trained_hybrid_prediction_outputs.csv,Pitch_hybrid_prediction
4.199986,0,0.1113081350922584,0.1113081350922584,0.0800252633572408,0.03128287173501759,0.03128287173501759,0.007947,1,10.0,0.03345023985930863,1,1,1,baseline_02_high_altitude_hover,Pitch,bias,W10_N3_mean1x,/home/tchowdh4/sensor_recovery_project/prediction_results_v9_trained_hybrid/baseline_02_high_altitude_hover_ATT_trained_hybrid_prediction_outputs.csv,Pitch_hybrid_prediction
4.299946,0,0.1130826845765113,0.1130826845765113,0.0804360631551585,0.0326466214213528,0.0326466214213528,0.007947,1,10.0,0.03444452683764506,1,1,1,baseline_02_high_altitude_hover,Pitch,bias,W10_N3_mean1x,/home/tchowdh4/sensor_recovery_project/prediction_results_v9_trained_hybrid/baseline_02_high_altitude_hover_ATT_trained_hybrid_prediction_outputs.csv,Pitch_hybrid_prediction
4.399906,0,0.1151359155774116,0.1151359155774116,0.0896805965154247,0.025455319061986892,0.025455319061986892,0.007947,1,10.0,0.03409004210138703,1,1,1,baseline_02_high_altitude_hover,Pitch,bias,W10_N3_mean1x,/home/tchowdh4/sensor_recovery_project/prediction_results_v9_trained_hybrid/baseline_02_high_altitude_hover_ATT_trained_hybrid_prediction_outputs.csv,Pitch_hybrid_prediction
4.499866,0,0.1170161664485931,0.1170161664485931,0.09226527163846,0.024750894810133095,0.024750894810133095,0.007947,1,10.0,0.033872992794475656,1,1,1,baseline_02_high_altitude_hover,Pitch,bias,W10_N3_mean1x,/home/tchowdh4/sensor_recovery_project/prediction_results_v9_trained_hybrid/baseline_02_high_altitude_hover_ATT_trained_hybrid_prediction_outputs.csv,Pitch_hybrid_prediction
4.599826,0,0.1188641190528869,0.1188641190528869,0.0894719485520592,0.029392170500827694,0.029392170500827694,0.007947,1,10.0,0.03357587731297664,1,1,1,baseline_02_high_altitude_hover,Pitch,bias,W10_N3_mean1x,/home/tchowdh4/sensor_recovery_project/prediction_results_v9_trained_hybrid/baseline_02_high_altitude_hover_ATT_trained_hybrid_prediction_outputs.csv,Pitch_hybrid_prediction
4.699786,0,0.1207046434283256,0.1207046434283256,0.0935456718221614,0.027158971606164192,0.027158971606164192,0.007947,1,10.0,0.03266422070077146,1,1,1,baseline_02_high_altitude_hover,Pitch,bias,W10_N3_mean1x,/home/tchowdh4/sensor_recovery_project/prediction_results_v9_trained_hybrid/baseline_02_high_altitude_hover_ATT_trained_hybrid_prediction_outputs.csv,Pitch_hybrid_prediction
4.799746,0,0.1227436959743499,0.1227436959743499,0.0977012677359185,0.025042428238431405,0.025042428238431405,0.007947,1,10.0,0.03143858717644489,1,1,1,baseline_02_high_altitude_hover,Pitch,bias,W10_N3_mean1x,/home/tchowdh4/sensor_recovery_project/prediction_results_v9_trained_hybrid/baseline_02_high_altitude_hover_ATT_trained_hybrid_prediction_outputs.csv,Pitch_hybrid_prediction
4.899706,0,0.124449111521244,0.124449111521244,0.0940059767069214,0.030443134814322592,0.030443134814322592,0.007947,1,10.0,0.030773552777146846,1,1,1,baseline_02_high_altitude_hover,Pitch,bias,W10_N3_mean1x,/home/tchowdh4/sensor_recovery_project/prediction_results_v9_trained_hybrid/baseline_02_high_altitude_hover_ATT_trained_hybrid_prediction_outputs.csv,Pitch_hybrid_prediction
4.999666,0,0.1265597641468048,0.1265597641468048,0.1028240344894119,0.023735729657392915,0.023735729657392915,0.007947,1,10.0,0.029162724717755363,1,1,1,baseline_02_high_altitude_hover,Pitch,bias,W10_N3_mean1x,/home/tchowdh4/sensor_recovery_project/prediction_results_v9_trained_hybrid/baseline_02_high_altitude_hover_ATT_trained_hybrid_prediction_outputs.csv,Pitch_hybrid_prediction
5.099626,0,0.1281829178333282,0.1281829178333282,0.0978436478698668,0.030339269963461396,0.030339269963461396,0.007947,1,10.0,0.028024741180909057,1,1,1,baseline_02_high_altitude_hover,Pitch,bias,W10_N3_mean1x,/home/tchowdh4/sensor_recovery_project/prediction_results_v9_trained_hybrid/baseline_02_high_altitude_hover_ATT_trained_hybrid_prediction_outputs.csv,Pitch_hybrid_prediction
5.199586,0,0.1299502402544021,0.1299502402544021,0.0982901239373856,0.0316601163170165,0.0316601163170165,0.007947,1,10.0,0.028062465639108948,1,1,1,baseline_02_high_altitude_hover,Pitch,bias,W10_N3_mean1x,/home/tchowdh4/sensor_recovery_project/prediction_results_v9_trained_hybrid/baseline_02_high_altitude_hover_ATT_trained_hybrid_prediction_outputs.csv,Pitch_hybrid_prediction
5.299546,0,0.1316885948181152,0.1316885948181152,0.0987133398667601,0.0329752549513551,0.0329752549513551,0.007947,1,10.0,0.028095328992109182,1,1,1,baseline_02_high_altitude_hover,Pitch,bias,W10_N3_mean1x,/home/tchowdh4/sensor_recovery_project/prediction_results_v9_trained_hybrid/baseline_02_high_altitude_hover_ATT_trained_hybrid_prediction_outputs.csv,Pitch_hybrid_prediction
5.399506,0,0.1334368884563446,0.1334368884563446,0.0908995626897732,0.042537325766571404,0.042537325766571404,0.007947,1,10.0,0.029803529662567628,1,1,1,baseline_02_high_altitude_hover,Pitch,bias,W10_N3_mean1x,/home/tchowdh4/sensor_recovery_project/prediction_results_v9_trained_hybrid/baseline_02_high_altitude_hover_ATT_trained_hybrid_prediction_outputs.csv,Pitch_hybrid_prediction
5.499466,0,0.1352026164531707,0.1352026164531707,0.0905503153835239,0.044652301069646794,0.044652301069646794,0.007947,1,10.0,0.031793670288518996,1,1,1,baseline_02_high_altitude_hover,Pitch,bias,W10_N3_mean1x,/home/tchowdh4/sensor_recovery_project/prediction_results_v9_trained_hybrid/baseline_02_high_altitude_hover_ATT_trained_hybrid_prediction_outputs.csv,Pitch_hybrid_prediction
5.599426,0,0.1369091123342514,0.1369091123342514,0.0925039084319548,0.0444052039022966,0.0444052039022966,0.007947,1,10.0,0.03329497362866589,1,1,1,baseline_02_high_altitude_hover,Pitch,bias,W10_N3_mean1x,/home/tchowdh4/sensor_recovery_project/prediction_results_v9_trained_hybrid/baseline_02_high_altitude_hover_ATT_trained_hybrid_prediction_outputs.csv,Pitch_hybrid_prediction
5.699386,0,0.1385229974985122,0.1385229974985122,0.0914286264776671,0.04709437102084511,0.04709437102084511,0.007947,1,10.0,0.035288513570133975,1,1,1,baseline_02_high_altitude_hover,Pitch,bias,W10_N3_mean1x,/home/tchowdh4/sensor_recovery_project/prediction_results_v9_trained_hybrid/baseline_02_high_altitude_hover_ATT_trained_hybrid_prediction_outputs.csv,Pitch_hybrid_prediction
5.799346,0,0.1403512954711914,0.1403512954711914,0.0915959397048757,0.048755355766315706,0.048755355766315706,0.007947,1,10.0,0.037659806322922415,1,1,1,baseline_02_high_altitude_hover,Pitch,bias,W10_N3_mean1x,/home/tchowdh4/sensor_recovery_project/prediction_results_v9_trained_hybrid/baseline_02_high_altitude_hover_ATT_trained_hybrid_prediction_outputs.csv,Pitch_hybrid_prediction
5.899306,0,0.1419432163238525,0.1419432163238525,0.0935692784378573,0.048373937885995213,0.048373937885995213,0.007947,1,10.0,0.039452886630089674,1,1,1,baseline_02_high_altitude_hover,Pitch,bias,W10_N3_mean1x,/home/tchowdh4/sensor_recovery_project/prediction_results_v9_trained_hybrid/baseline_02_high_altitude_hover_ATT_trained_hybrid_prediction_outputs.csv,Pitch_hybrid_prediction
5.999266,0,0.143624946475029,0.143624946475029,0.0904086100046865,0.05321633647034249,0.05321633647034249,0.007947,1,10.0,0.04240094731138463,1,1,1,baseline_02_high_altitude_hover,Pitch,bias,W10_N3_mean1x,/home/tchowdh4/sensor_recovery_project/prediction_results_v9_trained_hybrid/baseline_02_high_altitude_hover_ATT_trained_hybrid_prediction_outputs.csv,Pitch_hybrid_prediction
6.099226,0,0.1453248113393783,0.1453248113393783,0.0936820313572625,0.051642779982115805,0.051642779982115805,0.007947,1,10.0,0.044531298313250076,1,1,1,baseline_02_high_altitude_hover,Pitch,bias,W10_N3_mean1x,/home/tchowdh4/sensor_recovery_project/prediction_results_v9_trained_hybrid/baseline_02_high_altitude_hover_ATT_trained_hybrid_prediction_outputs.csv,Pitch_hybrid_prediction
6.199186,0,0.1470072418451309,0.1470072418451309,0.0923977223142817,0.05460951953084919,0.05460951953084919,0.007947,1,10.0,0.046826238634633345,1,1,1,baseline_02_high_altitude_hover,Pitch,bias,W10_N3_mean1x,/home/tchowdh4/sensor_recovery_project/prediction_results_v9_trained_hybrid/baseline_02_high_altitude_hover_ATT_trained_hybrid_prediction_outputs.csv,Pitch_hybrid_prediction
6.299979,0,0.1485346108675003,0.1485346108675003,0.0897844224926062,0.05875018837489411,0.05875018837489411,0.007947,1,10.0,0.04940373197698724,1,1,1,baseline_02_high_altitude_hover,Pitch,bias,W10_N3_mean1x,/home/tchowdh4/sensor_recovery_project/prediction_results_v9_trained_hybrid/baseline_02_high_altitude_hover_ATT_trained_hybrid_prediction_outputs.csv,Pitch_hybrid_prediction
6.399939,0,0.1500404477119445,0.1500404477119445,0.095430341153648,0.0546101065582965,0.0546101065582965,0.007947,1,10.0,0.050611010056159755,1,1,1,baseline_02_high_altitude_hover,Pitch,bias,W10_N3_mean1x,/home/tchowdh4/sensor_recovery_project/prediction_results_v9_trained_hybrid/baseline_02_high_altitude_hover_ATT_trained_hybrid_prediction_outputs.csv,Pitch_hybrid_prediction
6.499899,0,0.1513432562351226,0.1513432562351226,0.0920982539382163,0.059245002296906296,0.059245002296906296,0.007947,1,10.0,0.05207028017888571,1,1,1,baseline_02_high_altitude_hover,Pitch,bias,W10_N3_mean1x,/home/tchowdh4/sensor_recovery_project/prediction_results_v9_trained_hybrid/baseline_02_high_altitude_hover_ATT_trained_hybrid_prediction_outputs.csv,Pitch_hybrid_prediction
6.599859,0,0.1525552570819854,0.1525552570819854,0.0982594013314259,0.054295855750559494,0.054295855750559494,0.007947,1,10.0,0.053059345363711985,1,1,1,baseline_02_high_altitude_hover,Pitch,bias,W10_N3_mean1x,/home/tchowdh4/sensor_recovery_project/prediction_results_v9_trained_hybrid/baseline_02_high_altitude_hover_ATT_trained_hybrid_prediction_outputs.csv,Pitch_hybrid_prediction
6.699819,0,0.0491024143993854,0.0491024143993854,0.1002662015712878,-0.0511637871719024,0.0511637871719024,0.007947,1,10.0,0.05346628697881772,1,1,1,baseline_02_high_altitude_hover,Pitch,bias,W10_N3_mean1x,/home/tchowdh4/sensor_recovery_project/prediction_results_v9_trained_hybrid/baseline_02_high_altitude_hover_ATT_trained_hybrid_prediction_outputs.csv,Pitch_hybrid_prediction
6.799779,0,-0.094453290104866,-0.094453290104866,0.0989427185755065,-0.1933960086803725,0.1933960086803725,0.007947,1,10.0,0.0679303522702234,1,1,1,baseline_02_high_altitude_hover,Pitch,bias,W10_N3_mean1x,/home/tchowdh4/sensor_recovery_project/prediction_results_v9_trained_hybrid/baseline_02_high_altitude_hover_ATT_trained_hybrid_prediction_outputs.csv,Pitch_hybrid_prediction
6.899739,0,-0.1798020154237747,-0.1798020154237747,0.1055464105131028,-0.2853484259368775,0.2853484259368775,0.007947,1,10.0,0.09162780107531163,1,1,1,baseline_02_high_altitude_hover,Pitch,bias,W10_N3_mean1x,/home/tchowdh4/sensor_recovery_project/prediction_results_v9_trained_hybrid/baseline_02_high_altitude_hover_ATT_trained_hybrid_prediction_outputs.csv,Pitch_hybrid_prediction
6.999699,0,-0.2019545137882232,-0.2019545137882232,0.1004531437640162,-0.3024076575522394,0.3024076575522394,0.007947,1,10.0,0.11654693318350132,1,1,1,baseline_02_high_altitude_hover,Pitch,bias,W10_N3_mean1x,/home/tchowdh4/sensor_recovery_project/prediction_results_v9_trained_hybrid/baseline_02_high_altitude_hover_ATT_trained_hybrid_prediction_outputs.csv,Pitch_hybrid_prediction
7.099659,0,-0.1671233624219894,-0.1671233624219894,0.1005887632356953,-0.2677121256576847,0.2677121256576847,0.007947,1,10.0,0.13815386775105823,1,1,1,baseline_02_high_altitude_hover,Pitch,bias,W10_N3_mean1x,/home/tchowdh4/sensor_recovery_project/prediction_results_v9_trained_hybrid/baseline_02_high_altitude_hover_ATT_trained_hybrid_prediction_outputs.csv,Pitch_hybrid_prediction
7.199619,0,-0.1065815240144729,-0.1065815240144729,0.1011935953723609,-0.2077751193868338,0.2077751193868338,0.007947,1,10.0,0.15347042773665667,1,1,1,baseline_02_high_altitude_hover,Pitch,bias,W10_N3_mean1x,/home/tchowdh4/sensor_recovery_project/prediction_results_v9_trained_hybrid/baseline_02_high_altitude_hover_ATT_trained_hybrid_prediction_outputs.csv,Pitch_hybrid_prediction
7.299579,0,-0.0285327099263668,-0.0285327099263668,0.0987716007405623,-0.1273043106669291,0.1273043106669291,0.007947,1,10.0,0.16032583996586017,1,1,1,baseline_02_high_altitude_hover,Pitch,bias,W10_N3_mean1x,/home/tchowdh4/sensor_recovery_project/prediction_results_v9_trained_hybrid/baseline_02_high_altitude_hover_ATT_trained_hybrid_prediction_outputs.csv,Pitch_hybrid_prediction
7.399539,0,0.0473742745816707,0.0473742745816707,0.1011110275087807,-0.053736752927110006,0.053736752927110006,0.007947,1,10.0,0.16023850460274153,1,1,1,baseline_02_high_altitude_hover,Pitch,bias,W10_N3_mean1x,/home/tchowdh4/sensor_recovery_project/prediction_results_v9_trained_hybrid/baseline_02_high_altitude_hover_ATT_trained_hybrid_prediction_outputs.csv,Pitch_hybrid_prediction
7.499499,0,0.1078239604830741,0.1078239604830741,0.1025441840618948,0.0052797764211793,0.0052797764211793,0.007947,0,9.0,0.1548419820151688,1,1,1,baseline_02_high_altitude_hover,Pitch,bias,W10_N3_mean1x,/home/tchowdh4/sensor_recovery_project/prediction_results_v9_trained_hybrid/baseline_02_high_altitude_hover_ATT_trained_hybrid_prediction_outputs.csv,Pitch_hybrid_prediction
7.599459,0,0.1591124534606933,0.1591124534606933,0.0989062709152944,0.060206182545398904,0.060206182545398904,0.007947,1,9.0,0.15543301469465276,1,1,1,baseline_02_high_altitude_hover,Pitch,bias,W10_N3_mean1x,/home/tchowdh4/sensor_recovery_project/prediction_results_v9_trained_hybrid/baseline_02_high_altitude_hover_ATT_trained_hybrid_prediction_outputs.csv,Pitch_hybrid_prediction
7.699419,0,0.2036463022232055,0.2036463022232055,0.0926293427106946,0.11101695951251091,0.11101695951251091,0.007947,1,9.0,0.16141833192871363,1,1,1,baseline_02_high_altitude_hover,Pitch,bias,W10_N3_mean1x,/home/tchowdh4/sensor_recovery_project/prediction_results_v9_trained_hybrid/baseline_02_high_altitude_hover_ATT_trained_hybrid_prediction_outputs.csv,Pitch_hybrid_prediction
7.799379,0,0.2317696809768676,0.2317696809768676,0.0928673085385188,0.1389023724383488,0.1389023724383488,0.007947,1,9.0,0.15596896830451126,1,1,1,baseline_02_high_altitude_hover,Pitch,bias,W10_N3_mean1x,/home/tchowdh4/sensor_recovery_project/prediction_results_v9_trained_hybrid/baseline_02_high_altitude_hover_ATT_trained_hybrid_prediction_outputs.csv,Pitch_hybrid_prediction
7.899339,0,0.2543219625949859,0.2543219625949859,0.088895652491824,0.1654263101031619,0.1654263101031619,0.007947,1,9.0,0.1439767567211397,1,1,1,baseline_02_high_altitude_hover,Pitch,bias,W10_N3_mean1x,/home/tchowdh4/sensor_recovery_project/prediction_results_v9_trained_hybrid/baseline_02_high_altitude_hover_ATT_trained_hybrid_prediction_outputs.csv,Pitch_hybrid_prediction
7.999299,0,0.2636095583438873,0.2636095583438873,0.0911701898835223,0.17243936846036498,0.17243936846036498,0.007947,1,9.0,0.13097992781195225,1,1,1,baseline_02_high_altitude_hover,Pitch,bias,W10_N3_mean1x,/home/tchowdh4/sensor_recovery_project/prediction_results_v9_trained_hybrid/baseline_02_high_altitude_hover_ATT_trained_hybrid_prediction_outputs.csv,Pitch_hybrid_prediction
8.099259,0,0.272761195898056,0.272761195898056,0.0866686127420913,0.18609258315596466,0.18609258315596466,0.007947,1,9.0,0.12281797356178023,1,1,1,baseline_02_high_altitude_hover,Pitch,bias,W10_N3_mean1x,/home/tchowdh4/sensor_recovery_project/prediction_results_v9_trained_hybrid/baseline_02_high_altitude_hover_ATT_trained_hybrid_prediction_outputs.csv,Pitch_hybrid_prediction
8.199219,0,0.2716594040393829,0.2716594040393829,0.0878195341246079,0.18383986991477497,0.18383986991477497,0.007947,1,9.0,0.12042444861457435,1,1,1,baseline_02_high_altitude_hover,Pitch,bias,W10_N3_mean1x,/home/tchowdh4/sensor_recovery_project/prediction_results_v9_trained_hybrid/baseline_02_high_altitude_hover_ATT_trained_hybrid_prediction_outputs.csv,Pitch_hybrid_prediction
8.299179,0,0.271829605102539,0.271829605102539,0.0924189945642441,0.1794106105382949,0.1794106105382949,0.007947,1,9.0,0.12563507860171094,1,1,1,baseline_02_high_altitude_hover,Pitch,bias,W10_N3_mean1x,/home/tchowdh4/sensor_recovery_project/prediction_results_v9_trained_hybrid/baseline_02_high_altitude_hover_ATT_trained_hybrid_prediction_outputs.csv,Pitch_hybrid_prediction
8.399972,0,0.2636418640613556,0.2636418640613556,0.0925304607725172,0.1711114032888384,0.1711114032888384,0.007947,1,9.0,0.1373725436378838,1,1,1,baseline_02_high_altitude_hover,Pitch,bias,W10_N3_mean1x,/home/tchowdh4/sensor_recovery_project/prediction_results_v9_trained_hybrid/baseline_02_high_altitude_hover_ATT_trained_hybrid_prediction_outputs.csv,Pitch_hybrid_prediction
8.499932,0,0.2605832517147064,0.2605832517147064,0.0897367275538613,0.17084652416084511,0.17084652416084511,0.007947,1,10.0,0.15392921841185034,1,1,1,baseline_02_high_altitude_hover,Pitch,bias,W10_N3_mean1x,/home/tchowdh4/sensor_recovery_project/prediction_results_v9_trained_hybrid/baseline_02_high_altitude_hover_ATT_trained_hybrid_prediction_outputs.csv,Pitch_hybrid_prediction
8.599892,0,0.2564743161201477,0.2564743161201477,0.0907082957714545,0.1657660203486932,0.1657660203486932,0.007947,1,10.0,0.1644852021921798,1,1,1,baseline_02_high_altitude_hover,Pitch,bias,W10_N3_mean1x,/home/tchowdh4/sensor_recovery_project/prediction_results_v9_trained_hybrid/baseline_02_high_altitude_hover_ATT_trained_hybrid_prediction_outputs.csv,Pitch_hybrid_prediction
8.699852,0,0.2518763244152069,0.2518763244152069,0.0872644099735232,0.16461191444168372,0.16461191444168372,0.007947,1,10.0,0.16984469768509708,1,1,1,baseline_02_high_altitude_hover,Pitch,bias,W10_N3_mean1x,/home/tchowdh4/sensor_recovery_project/prediction_results_v9_trained_hybrid/baseline_02_high_altitude_hover_ATT_trained_hybrid_prediction_outputs.csv,Pitch_hybrid_prediction
8.799812,0,0.2466806471347808,0.2466806471347808,0.08856230890894,0.15811833822584082,0.15811833822584082,0.007947,1,10.0,0.17176629426384626,1,1,1,baseline_02_high_altitude_hover,Pitch,bias,W10_N3_mean1x,/home/tchowdh4/sensor_recovery_project/prediction_results_v9_trained_hybrid/baseline_02_high_altitude_hover_ATT_trained_hybrid_prediction_outputs.csv,Pitch_hybrid_prediction
8.899772,0,0.2338915914297104,0.2338915914297104,0.0886109639495378,0.1452806274801726,0.1452806274801726,0.007947,1,10.0,0.16975172600154737,1,1,1,baseline_02_high_altitude_hover,Pitch,bias,W10_N3_mean1x,/home/tchowdh4/sensor_recovery_project/prediction_results_v9_trained_hybrid/baseline_02_high_altitude_hover_ATT_trained_hybrid_prediction_outputs.csv,Pitch_hybrid_prediction
8.999732,0,0.2192434817552566,0.2192434817552566,0.0914663502131219,0.12777713154213471,0.12777713154213471,0.007947,1,10.0,0.1652855023097243,1,1,1,baseline_02_high_altitude_hover,Pitch,bias,W10_N3_mean1x,/home/tchowdh4/sensor_recovery_project/prediction_results_v9_trained_hybrid/baseline_02_high_altitude_hover_ATT_trained_hybrid_prediction_outputs.csv,Pitch_hybrid_prediction
9.099692,0,0.2080578953027725,0.2080578953027725,0.0932487880630318,0.1148091072397407,0.1148091072397407,0.007947,1,10.0,0.15815715471810193,1,1,1,baseline_02_high_altitude_hover,Pitch,bias,W10_N3_mean1x,/home/tchowdh4/sensor_recovery_project/prediction_results_v9_trained_hybrid/baseline_02_high_altitude_hover_ATT_trained_hybrid_prediction_outputs.csv,Pitch_hybrid_prediction
9.199652,0,0.1935016810894012,0.1935016810894012,0.0871715600430145,0.10633012104638669,0.10633012104638669,0.007947,1,10.0,0.1504061798312631,1,1,1,baseline_02_high_altitude_hover,Pitch,bias,W10_N3_mean1x,/home/tchowdh4/sensor_recovery_project/prediction_results_v9_trained_hybrid/baseline_02_high_altitude_hover_ATT_trained_hybrid_prediction_outputs.csv,Pitch_hybrid_prediction
9.299612,0,0.1845994442701339,0.1845994442701339,0.0883305133949911,0.0962689308751428,0.0962689308751428,0.007947,1,10.0,0.14209201186494785,1,1,1,baseline_02_high_altitude_hover,Pitch,bias,W10_N3_mean1x,/home/tchowdh4/sensor_recovery_project/prediction_results_v9_trained_hybrid/baseline_02_high_altitude_hover_ATT_trained_hybrid_prediction_outputs.csv,Pitch_hybrid_prediction
9.399572,0,0.1898345202207565,0.1898345202207565,0.0954235863031734,0.09441093391758311,0.09441093391758311,0.007947,1,10.0,0.13442196492782235,1,1,1,baseline_02_high_altitude_hover,Pitch,bias,W10_N3_mean1x,/home/tchowdh4/sensor_recovery_project/prediction_results_v9_trained_hybrid/baseline_02_high_altitude_hover_ATT_trained_hybrid_prediction_outputs.csv,Pitch_hybrid_prediction
9.499532,0,0.1952293664216995,0.1952293664216995,0.1000688380856375,0.09516052833606199,0.09516052833606199,0.007947,1,10.0,0.12685336534534403,1,1,1,baseline_02_high_altitude_hover,Pitch,bias,W10_N3_mean1x,/home/tchowdh4/sensor_recovery_project/prediction_results_v9_trained_hybrid/baseline_02_high_altitude_hover_ATT_trained_hybrid_prediction_outputs.csv,Pitch_hybrid_prediction
9.599492,0,0.1988187134265899,0.1988187134265899,0.1091070758177141,0.08971163760887581,0.08971163760887581,0.007947,1,10.0,0.1192479270713623,1,1,1,baseline_02_high_altitude_hover,Pitch,bias,W10_N3_mean1x,/home/tchowdh4/sensor_recovery_project/prediction_results_v9_trained_hybrid/baseline_02_high_altitude_hover_ATT_trained_hybrid_prediction_outputs.csv,Pitch_hybrid_prediction
9.699452,0,0.2056771367788314,0.2056771367788314,0.1094623884898786,0.0962147482889528,0.0962147482889528,0.007947,1,10.0,0.1124082104560892,1,1,1,baseline_02_high_altitude_hover,Pitch,bias,W10_N3_mean1x,/home/tchowdh4/sensor_recovery_project/prediction_results_v9_trained_hybrid/baseline_02_high_altitude_hover_ATT_trained_hybrid_prediction_outputs.csv,Pitch_hybrid_prediction
9.799412,0,0.2115533202886581,0.2115533202886581,0.108334237159717,0.10321908312894108,0.10321908312894108,0.007947,1,10.0,0.10691828494639924,1,1,1,baseline_02_high_altitude_hover,Pitch,bias,W10_N3_mean1x,/home/tchowdh4/sensor_recovery_project/prediction_results_v9_trained_hybrid/baseline_02_high_altitude_hover_ATT_trained_hybrid_prediction_outputs.csv,Pitch_hybrid_prediction
9.899372,0,0.2152153253555297,0.2152153253555297,0.1088839765157509,0.10633134883977881,0.10633134883977881,0.007947,1,10.0,0.10302335708235985,1,1,1,baseline_02_high_altitude_hover,Pitch,bias,W10_N3_mean1x,/home/tchowdh4/sensor_recovery_project/prediction_results_v9_trained_hybrid/baseline_02_high_altitude_hover_ATT_trained_hybrid_prediction_outputs.csv,Pitch_hybrid_prediction
9.999332,0,0.2244054526090622,0.2244054526090622,0.1060217926321039,0.1183836599769583,0.1183836599769583,0.007947,1,10.0,0.10208400992584221,1,1,1,baseline_02_high_altitude_hover,Pitch,bias,W10_N3_mean1x,/home/tchowdh4/sensor_recovery_project/prediction_results_v9_trained_hybrid/baseline_02_high_altitude_hover_ATT_trained_hybrid_prediction_outputs.csv,Pitch_hybrid_prediction
10.099292,0,0.2298427373170852,0.2298427373170852,0.0988444881769999,0.13099824914008532,0.13099824914008532,0.007947,1,10.0,0.10370292411587667,1,1,1,baseline_02_high_altitude_hover,Pitch,bias,W10_N3_mean1x,/home/tchowdh4/sensor_recovery_project/prediction_results_v9_trained_hybrid/baseline_02_high_altitude_hover_ATT_trained_hybrid_prediction_outputs.csv,Pitch_hybrid_prediction
10.199252,0,0.2292208224534988,0.2292208224534988,0.0978833638248912,0.13133745862860763,0.13133745862860763,0.007947,1,10.0,0.10620365787409876,1,1,1,baseline_02_high_altitude_hover,Pitch,bias,W10_N3_mean1x,/home/tchowdh4/sensor_recovery_project/prediction_results_v9_trained_hybrid/baseline_02_high_altitude_hover_ATT_trained_hybrid_prediction_outputs.csv,Pitch_hybrid_prediction
10.299212,0,0.2286053448915481,0.2286053448915481,0.0910467232475239,0.13755862164402421,0.13755862164402421,0.007947,1,10.0,0.11033262695098692,1,1,1,baseline_02_high_altitude_hover,Pitch,bias,W10_N3_mean1x,/home/tchowdh4/sensor_recovery_project/prediction_results_v9_trained_hybrid/baseline_02_high_altitude_hover_ATT_trained_hybrid_prediction_outputs.csv,Pitch_hybrid_prediction
10.399172,0,0.2221680432558059,0.2221680432558059,0.0907663420667583,0.13140170118904762,0.13140170118904762,0.007947,1,10.0,0.11403170367813335,1,1,1,baseline_02_high_altitude_hover,Pitch,bias,W10_N3_mean1x,/home/tchowdh4/sensor_recovery_project/prediction_results_v9_trained_hybrid/baseline_02_high_altitude_hover_ATT_trained_hybrid_prediction_outputs.csv,Pitch_hybrid_prediction
10.499965,0,0.2084565758705139,0.2084565758705139,0.0915227849069147,0.11693379096359918,0.11693379096359918,0.007947,1,10.0,0.11620902994088707,1,1,1,baseline_02_high_altitude_hover,Pitch,bias,W10_N3_mean1x,/home/tchowdh4/sensor_recovery_project/prediction_results_v9_trained_hybrid/baseline_02_high_altitude_hover_ATT_trained_hybrid_prediction_outputs.csv,Pitch_hybrid_prediction
10.599925,0,0.1983114629983902,0.1983114629983902,0.0879007661161128,0.11041069688227739,0.11041069688227739,0.007947,1,10.0,0.11827893586822724,1,1,1,baseline_02_high_altitude_hover,Pitch,bias,W10_N3_mean1x,/home/tchowdh4/sensor_recovery_project/prediction_results_v9_trained_hybrid/baseline_02_high_altitude_hover_ATT_trained_hybrid_prediction_outputs.csv,Pitch_hybrid_prediction
10.699885,0,0.1918523013591766,0.1918523013591766,0.0892867066501525,0.10256559470902411,0.10256559470902411,0.007947,1,10.0,0.11891402051023436,1,1,1,baseline_02_high_altitude_hover,Pitch,bias,W10_N3_mean1x,/home/tchowdh4/sensor_recovery_project/prediction_results_v9_trained_hybrid/baseline_02_high_altitude_hover_ATT_trained_hybrid_prediction_outputs.csv,Pitch_hybrid_prediction
10.799845,0,0.1901148706674575,0.1901148706674575,0.0896837570100929,0.1004311136573646,0.1004311136573646,0.007947,1,10.0,0.11863522356307672,1,1,1,baseline_02_high_altitude_hover,Pitch,bias,W10_N3_mean1x,/home/tchowdh4/sensor_recovery_project/prediction_results_v9_trained_hybrid/baseline_02_high_altitude_hover_ATT_trained_hybrid_prediction_outputs.csv,Pitch_hybrid_prediction
10.899805,0,0.1878079026937484,0.1878079026937484,0.0888206151573516,0.0989872875363968,0.0989872875363968,0.007947,1,10.0,0.11790081743273853,1,1,1,baseline_02_high_altitude_hover,Pitch,bias,W10_N3_mean1x,/home/tchowdh4/sensor_recovery_project/prediction_results_v9_trained_hybrid/baseline_02_high_altitude_hover_ATT_trained_hybrid_prediction_outputs.csv,Pitch_hybrid_prediction
10.999765,0,0.1871926486492157,0.1871926486492157,0.0945798186205647,0.09261283002865099,0.09261283002865099,0.007947,1,10.0,0.1153237344379078,1,1,1,baseline_02_high_altitude_hover,Pitch,bias,W10_N3_mean1x,/home/tchowdh4/sensor_recovery_project/prediction_results_v9_trained_hybrid/baseline_02_high_altitude_hover_ATT_trained_hybrid_prediction_outputs.csv,Pitch_hybrid_prediction
11.099725,0,0.1807674169540405,0.1807674169540405,0.0895179881548247,0.0912494287992158,0.0912494287992158,0.007947,1,10.0,0.11134885240382082,1,1,1,baseline_02_high_altitude_hover,Pitch,bias,W10_N3_mean1x,/home/tchowdh4/sensor_recovery_project/prediction_results_v9_trained_hybrid/baseline_02_high_altitude_hover_ATT_trained_hybrid_prediction_outputs.csv,Pitch_hybrid_prediction
11.199685,0,0.1784088015556335,0.1784088015556335,0.0931898774270473,0.08521892412858618,0.08521892412858618,0.007947,1,10.0,0.10673699895381869,1,1,1,baseline_02_high_altitude_hover,Pitch,bias,W10_N3_mean1x,/home/tchowdh4/sensor_recovery_project/prediction_results_v9_trained_hybrid/baseline_02_high_altitude_hover_ATT_trained_hybrid_prediction_outputs.csv,Pitch_hybrid_prediction
11.299645,0,0.1746893972158432,0.1746893972158432,0.0986538064770115,0.0760355907388317,0.0760355907388317,0.007947,1,10.0,0.10058469586329943,1,1,1,baseline_02_high_altitude_hover,Pitch,bias,W10_N3_mean1x,/home/tchowdh4/sensor_recovery_project/prediction_results_v9_trained_hybrid/baseline_02_high_altitude_hover_ATT_trained_hybrid_prediction_outputs.csv,Pitch_hybrid_prediction
11.399605,0,0.1712889522314071,0.1712889522314071,0.09397827677833,0.07731067545307711,0.07731067545307711,0.007947,1,10.0,0.09517559328970239,1,1,1,baseline_02_high_altitude_hover,Pitch,bias,W10_N3_mean1x,/home/tchowdh4/sensor_recovery_project/prediction_results_v9_trained_hybrid/baseline_02_high_altitude_hover_ATT_trained_hybrid_prediction_outputs.csv,Pitch_hybrid_prediction
11.499565,0,0.1700656414031982,0.1700656414031982,0.0899578089986792,0.08010783240451899,0.08010783240451899,0.007947,1,10.0,0.09149299743379437,1,1,1,baseline_02_high_altitude_hover,Pitch,bias,W10_N3_mean1x,/home/tchowdh4/sensor_recovery_project/prediction_results_v9_trained_hybrid/baseline_02_high_altitude_hover_ATT_trained_hybrid_prediction_outputs.csv,Pitch_hybrid_prediction
11.599525,0,0.1685710549354553,0.1685710549354553,0.0939604011748679,0.0746106537605874,0.0746106537605874,0.007947,1,10.0,0.08791299312162537,1,1,1,baseline_02_high_altitude_hover,Pitch,bias,W10_N3_mean1x,/home/tchowdh4/sensor_recovery_project/prediction_results_v9_trained_hybrid/baseline_02_high_altitude_hover_ATT_trained_hybrid_prediction_outputs.csv,Pitch_hybrid_prediction
11.699485,0,0.1708941012620926,0.1708941012620926,0.095798849731953,0.07509525153013959,0.07509525153013959,0.007947,1,10.0,0.08516595880373692,1,1,1,baseline_02_high_altitude_hover,Pitch,bias,W10_N3_mean1x,/home/tchowdh4/sensor_recovery_project/prediction_results_v9_trained_hybrid/baseline_02_high_altitude_hover_ATT_trained_hybrid_prediction_outputs.csv,Pitch_hybrid_prediction
11.799445,0,0.1699216812849044,0.1699216812849044,0.096947847514786,0.0729738337701184,0.0729738337701184,0.007947,1,10.0,0.08242023081501229,1,1,1,baseline_02_high_altitude_hover,Pitch,bias,W10_N3_mean1x,/home/tchowdh4/sensor_recovery_project/prediction_results_v9_trained_hybrid/baseline_02_high_altitude_hover_ATT_trained_hybrid_prediction_outputs.csv,Pitch_hybrid_prediction
11.899405,0,0.16884745657444,0.16884745657444,0.0956701312080032,0.0731773253664368,0.0731773253664368,0.007947,1,10.0,0.0798392345980163,1,1,1,baseline_02_high_altitude_hover,Pitch,bias,W10_N3_mean1x,/home/tchowdh4/sensor_recovery_project/prediction_results_v9_trained_hybrid/baseline_02_high_altitude_hover_ATT_trained_hybrid_prediction_outputs.csv,Pitch_hybrid_prediction
11.999365,0,0.1723757088184356,0.1723757088184356,0.095656004127335,0.07671970469110061,0.07671970469110061,0.007947,1,10.0,0.07824992206426126,1,1,1,baseline_02_high_altitude_hover,Pitch,bias,W10_N3_mean1x,/home/tchowdh4/sensor_recovery_project/prediction_results_v9_trained_hybrid/baseline_02_high_altitude_hover_ATT_trained_hybrid_prediction_outputs.csv,Pitch_hybrid_prediction
12.099325,0,0.1716370731592178,0.1716370731592178,0.0962929570842538,0.07534411607496401,0.07534411607496401,0.007947,1,10.0,0.07665939079183608,1,1,1,baseline_02_high_altitude_hover,Pitch,bias,W10_N3_mean1x,/home/tchowdh4/sensor_recovery_project/prediction_results_v9_trained_hybrid/baseline_02_high_altitude_hover_ATT_trained_hybrid_prediction_outputs.csv,Pitch_hybrid_prediction
12.199285,0,0.1721055507659912,0.1721055507659912,0.0880788363094752,0.08402671445651601,0.08402671445651601,0.007947,1,10.0,0.07654016982462906,1,1,1,baseline_02_high_altitude_hover,Pitch,bias,W10_N3_mean1x,/home/tchowdh4/sensor_recovery_project/prediction_results_v9_trained_hybrid/baseline_02_high_altitude_hover_ATT_trained_hybrid_prediction_outputs.csv,Pitch_hybrid_prediction
12.299245,0,0.1726963520050048,0.1726963520050048,0.0821273560063211,0.0905689959986837,0.0905689959986837,0.007947,1,10.0,0.07799351035061428,1,1,1,baseline_02_high_altitude_hover,Pitch,bias,W10_N3_mean1x,/home/tchowdh4/sensor_recovery_project/prediction_results_v9_trained_hybrid/baseline_02_high_altitude_hover_ATT_trained_hybrid_prediction_outputs.csv,Pitch_hybrid_prediction
12.399205,0,0.1672653704881668,0.1672653704881668,0.083302965253843,0.08396240523432381,0.08396240523432381,0.007947,1,10.0,0.07865868332873893,1,1,1,baseline_02_high_altitude_hover,Pitch,bias,W10_N3_mean1x,/home/tchowdh4/sensor_recovery_project/prediction_results_v9_trained_hybrid/baseline_02_high_altitude_hover_ATT_trained_hybrid_prediction_outputs.csv,Pitch_hybrid_prediction
12.499998,0,0.1663283109664917,0.1663283109664917,0.0851131323947795,0.0812151785717122,0.0812151785717122,0.007947,1,10.0,0.07876941794545825,1,1,1,baseline_02_high_altitude_hover,Pitch,bias,W10_N3_mean1x,/home/tchowdh4/sensor_recovery_project/prediction_results_v9_trained_hybrid/baseline_02_high_altitude_hover_ATT_trained_hybrid_prediction_outputs.csv,Pitch_hybrid_prediction
12.599958,0,0.1664116978645324,0.1664116978645324,0.0863724831457044,0.08003921471882798,0.08003921471882798,0.007947,1,10.0,0.07931227404128231,1,1,1,baseline_02_high_altitude_hover,Pitch,bias,W10_N3_mean1x,/home/tchowdh4/sensor_recovery_project/prediction_results_v9_trained_hybrid/baseline_02_high_altitude_hover_ATT_trained_hybrid_prediction_outputs.csv,Pitch_hybrid_prediction
12.699918,0,0.1637627482414245,0.1637627482414245,0.0869655048562816,0.0767972433851429,0.0767972433851429,0.007947,1,10.0,0.07948247322678263,1,1,1,baseline_02_high_altitude_hover,Pitch,bias,W10_N3_mean1x,/home/tchowdh4/sensor_recovery_project/prediction_results_v9_trained_hybrid/baseline_02_high_altitude_hover_ATT_trained_hybrid_prediction_outputs.csv,Pitch_hybrid_prediction
12.799878,0,0.1621914952993393,0.1621914952993393,0.086712218454195,0.0754792768451443,0.0754792768451443,0.007947,1,10.0,0.07973301753428523,1,1,1,baseline_02_high_altitude_hover,Pitch,bias,W10_N3_mean1x,/home/tchowdh4/sensor_recovery_project/prediction_results_v9_trained_hybrid/baseline_02_high_altitude_hover_ATT_trained_hybrid_prediction_outputs.csv,Pitch_hybrid_prediction
12.899838,0,0.1598214358091354,0.1598214358091354,0.0883835349497562,0.0714379008593792,0.0714379008593792,0.007947,1,10.0,0.07955907508357947,1,1,1,baseline_02_high_altitude_hover,Pitch,bias,W10_N3_mean1x,/home/tchowdh4/sensor_recovery_project/prediction_results_v9_trained_hybrid/baseline_02_high_altitude_hover_ATT_trained_hybrid_prediction_outputs.csv,Pitch_hybrid_prediction
12.999798,0,0.1566351950168609,0.1566351950168609,0.0952570857918785,0.06137810922498241,0.06137810922498241,0.007947,1,10.0,0.07802491553696765,1,1,1,baseline_02_high_altitude_hover,Pitch,bias,W10_N3_mean1x,/home/tchowdh4/sensor_recovery_project/prediction_results_v9_trained_hybrid/baseline_02_high_altitude_hover_ATT_trained_hybrid_prediction_outputs.csv,Pitch_hybrid_prediction
13.099758,0,0.147970363497734,0.147970363497734,0.0969247863091146,0.05104557718861939,0.05104557718861939,0.007947,1,10.0,0.07559506164833318,1,1,1,baseline_02_high_altitude_hover,Pitch,bias,W10_N3_mean1x,/home/tchowdh4/sensor_recovery_project/prediction_results_v9_trained_hybrid/baseline_02_high_altitude_hover_ATT_trained_hybrid_prediction_outputs.csv,Pitch_hybrid_prediction
13.199718,0,0.1418152302503585,0.1418152302503585,0.0954316822369146,0.046383548013443895,0.046383548013443895,0.007947,1,10.0,0.07183074500402598,1,1,1,baseline_02_high_altitude_hover,Pitch,bias,W10_N3_mean1x,/home/tchowdh4/sensor_recovery_project/prediction_results_v9_trained_hybrid/baseline_02_high_altitude_hover_ATT_trained_hybrid_prediction_outputs.csv,Pitch_hybrid_prediction
13.299678,0,0.1376205831766128,0.1376205831766128,0.094197339872609,0.043423243304003795,0.043423243304003795,0.007947,1,10.0,0.06711616973455799,1,1,1,baseline_02_high_altitude_hover,Pitch,bias,W10_N3_mean1x,/home/tchowdh4/sensor_recovery_project/prediction_results_v9_trained_hybrid/baseline_02_high_altitude_hover_ATT_trained_hybrid_prediction_outputs.csv,Pitch_hybrid_prediction
13.399638,0,0.1404895186424255,0.1404895186424255,0.093072760509896,0.047416758132529505,0.047416758132529505,0.007947,1,10.0,0.06346160502437856,1,1,1,baseline_02_high_altitude_hover,Pitch,bias,W10_N3_mean1x,/home/tchowdh4/sensor_recovery_project/prediction_results_v9_trained_hybrid/baseline_02_high_altitude_hover_ATT_trained_hybrid_prediction_outputs.csv,Pitch_hybrid_prediction
13.499598,0,0.1399862021207809,0.1399862021207809,0.0931421078069883,0.04684409431379259,0.04684409431379259,0.007947,1,10.0,0.060024496598586594,1,1,1,baseline_02_high_altitude_hover,Pitch,bias,W10_N3_mean1x,/home/tchowdh4/sensor_recovery_project/prediction_results_v9_trained_hybrid/baseline_02_high_altitude_hover_ATT_trained_hybrid_prediction_outputs.csv,Pitch_hybrid_prediction
13.599558,0,0.1421038061380386,0.1421038061380386,0.0932334669204206,0.048870339217618006,0.048870339217618006,0.007947,1,10.0,0.05690760904846559,1,1,1,baseline_02_high_altitude_hover,Pitch,bias,W10_N3_mean1x,/home/tchowdh4/sensor_recovery_project/prediction_results_v9_trained_hybrid/baseline_02_high_altitude_hover_ATT_trained_hybrid_prediction_outputs.csv,Pitch_hybrid_prediction
13.699518,0,0.1439531445503235,0.1439531445503235,0.0930016651054014,0.05095147944492209,0.05095147944492209,0.007947,1,10.0,0.054323032654443514,1,1,1,baseline_02_high_altitude_hover,Pitch,bias,W10_N3_mean1x,/home/tchowdh4/sensor_recovery_project/prediction_results_v9_trained_hybrid/baseline_02_high_altitude_hover_ATT_trained_hybrid_prediction_outputs.csv,Pitch_hybrid_prediction
13.799478,0,0.1459495425224304,0.1459495425224304,0.0933262917070285,0.052623250815401895,0.052623250815401895,0.007947,1,10.0,0.05203743005146928,1,1,1,baseline_02_high_altitude_hover,Pitch,bias,W10_N3_mean1x,/home/tchowdh4/sensor_recovery_project/prediction_results_v9_trained_hybrid/baseline_02_high_altitude_hover_ATT_trained_hybrid_prediction_outputs.csv,Pitch_hybrid_prediction
13.899438,0,0.1458003968000412,0.1458003968000412,0.09247396504814,0.0533264317519012,0.0533264317519012,0.007947,1,10.0,0.05022628314072147,1,1,1,baseline_02_high_altitude_hover,Pitch,bias,W10_N3_mean1x,/home/tchowdh4/sensor_recovery_project/prediction_results_v9_trained_hybrid/baseline_02_high_altitude_hover_ATT_trained_hybrid_prediction_outputs.csv,Pitch_hybrid_prediction
13.999398,0,0.1498269289731979,0.1498269289731979,0.0923594884340717,0.05746744053912621,0.05746744053912621,0.007947,1,10.0,0.049835216272135864,1,1,1,baseline_02_high_altitude_hover,Pitch,bias,W10_N3_mean1x,/home/tchowdh4/sensor_recovery_project/prediction_results_v9_trained_hybrid/baseline_02_high_altitude_hover_ATT_trained_hybrid_prediction_outputs.csv,Pitch_hybrid_prediction
14.099358,0,0.1503881365060806,0.1503881365060806,0.092369581110014,0.058018555396066596,0.058018555396066596,0.007947,1,10.0,0.05053251409288058,1,1,1,baseline_02_high_altitude_hover,Pitch,bias,W10_N3_mean1x,/home/tchowdh4/sensor_recovery_project/prediction_results_v9_trained_hybrid/baseline_02_high_altitude_hover_ATT_trained_hybrid_prediction_outputs.csv,Pitch_hybrid_prediction
14.199318,0,0.1435104310512542,0.1435104310512542,0.0918981843654321,0.051612246685822094,0.051612246685822094,0.007947,1,10.0,0.0510553839601184,1,1,1,baseline_02_high_altitude_hover,Pitch,bias,W10_N3_mean1x,/home/tchowdh4/sensor_recovery_project/prediction_results_v9_trained_hybrid/baseline_02_high_altitude_hover_ATT_trained_hybrid_prediction_outputs.csv,Pitch_hybrid_prediction
14.299278,0,0.1425807923078537,0.1425807923078537,0.0911625790495056,0.0514182132583481,0.0514182132583481,0.007947,1,10.0,0.05185488095555283,1,1,1,baseline_02_high_altitude_hover,Pitch,bias,W10_N3_mean1x,/home/tchowdh4/sensor_recovery_project/prediction_results_v9_trained_hybrid/baseline_02_high_altitude_hover_ATT_trained_hybrid_prediction_outputs.csv,Pitch_hybrid_prediction
14.399238,0,0.1430715918540954,0.1430715918540954,0.091169712481249,0.051901879372846405,0.051901879372846405,0.007947,1,10.0,0.052303393079584516,1,1,1,baseline_02_high_altitude_hover,Pitch,bias,W10_N3_mean1x,/home/tchowdh4/sensor_recovery_project/prediction_results_v9_trained_hybrid/baseline_02_high_altitude_hover_ATT_trained_hybrid_prediction_outputs.csv,Pitch_hybrid_prediction
14.499198,0,0.1442828625440597,0.1442828625440597,0.0904099702591879,0.0538728922848718,0.0538728922848718,0.007947,1,10.0,0.05300627287669244,1,1,1,baseline_02_high_altitude_hover,Pitch,bias,W10_N3_mean1x,/home/tchowdh4/sensor_recovery_project/prediction_results_v9_trained_hybrid/baseline_02_high_altitude_hover_ATT_trained_hybrid_prediction_outputs.csv,Pitch_hybrid_prediction
14.599991,0,0.1445954889059066,0.1445954889059066,0.0900155057942536,0.05457998311165299,0.05457998311165299,0.007947,1,10.0,0.05357723726609594,1,1,1,baseline_02_high_altitude_hover,Pitch,bias,W10_N3_mean1x,/home/tchowdh4/sensor_recovery_project/prediction_results_v9_trained_hybrid/baseline_02_high_altitude_hover_ATT_trained_hybrid_prediction_outputs.csv,Pitch_hybrid_prediction
14.699951,0,0.1489997804164886,0.1489997804164886,0.089455352143857,0.059544428272631594,0.059544428272631594,0.007947,1,10.0,0.05443653214886689,1,1,1,baseline_02_high_altitude_hover,Pitch,bias,W10_N3_mean1x,/home/tchowdh4/sensor_recovery_project/prediction_results_v9_trained_hybrid/baseline_02_high_altitude_hover_ATT_trained_hybrid_prediction_outputs.csv,Pitch_hybrid_prediction
14.799911,0,0.1554225981235504,0.1554225981235504,0.0887981851529284,0.066624412970622,0.066624412970622,0.007947,1,10.0,0.0558366483643889,1,1,1,baseline_02_high_altitude_hover,Pitch,bias,W10_N3_mean1x,/home/tchowdh4/sensor_recovery_project/prediction_results_v9_trained_hybrid/baseline_02_high_altitude_hover_ATT_trained_hybrid_prediction_outputs.csv,Pitch_hybrid_prediction
14.899871,0,0.1546189337968826,0.1546189337968826,0.0884441484598716,0.066174785337011,0.066174785337011,0.007947,1,10.0,0.05712148372289988,1,1,1,baseline_02_high_altitude_hover,Pitch,bias,W10_N3_mean1x,/home/tchowdh4/sensor_recovery_project/prediction_results_v9_trained_hybrid/baseline_02_high_altitude_hover_ATT_trained_hybrid_prediction_outputs.csv,Pitch_hybrid_prediction
14.999831,0,0.1529247760772705,0.1529247760772705,0.0878885224569628,0.06503625362030771,0.06503625362030771,0.007947,1,10.0,0.05787836503101802,1,1,1,baseline_02_high_altitude_hover,Pitch,bias,W10_N3_mean1x,/home/tchowdh4/sensor_recovery_project/prediction_results_v9_trained_hybrid/baseline_02_high_altitude_hover_ATT_trained_hybrid_prediction_outputs.csv,Pitch_hybrid_prediction
15.099791,0,0.154943972826004,0.154943972826004,0.087526344195129,0.067417628630875,0.067417628630875,0.007947,1,10.0,0.058818272354498866,1,1,1,baseline_02_high_altitude_hover,Pitch,bias,W10_N3_mean1x,/home/tchowdh4/sensor_recovery_project/prediction_results_v9_trained_hybrid/baseline_02_high_altitude_hover_ATT_trained_hybrid_prediction_outputs.csv,Pitch_hybrid_prediction
15.199751,0,0.1553489416837692,0.1553489416837692,0.0867857340234688,0.0685632076603004,0.0685632076603004,0.007947,1,10.0,0.06051336845194669,1,1,1,baseline_02_high_altitude_hover,Pitch,bias,W10_N3_mean1x,/home/tchowdh4/sensor_recovery_project/prediction_results_v9_trained_hybrid/baseline_02_high_altitude_hover_ATT_trained_hybrid_prediction_outputs.csv,Pitch_hybrid_prediction
15.299711,0,0.1577460318803787,0.1577460318803787,0.0866259313675785,0.0711201005128002,0.0711201005128002,0.007947,1,10.0,0.062483557177391916,1,1,1,baseline_02_high_altitude_hover,Pitch,bias,W10_N3_mean1x,/home/tchowdh4/sensor_recovery_project/prediction_results_v9_trained_hybrid/baseline_02_high_altitude_hover_ATT_trained_hybrid_prediction_outputs.csv,Pitch_hybrid_prediction
15.399671,0,0.1596450805664062,0.1596450805664062,0.0864507985587352,0.07319428200767099,0.07319428200767099,0.007947,1,10.0,0.06461279744087436,1,1,1,baseline_02_high_altitude_hover,Pitch,bias,W10_N3_mean1x,/home/tchowdh4/sensor_recovery_project/prediction_results_v9_trained_hybrid/baseline_02_high_altitude_hover_ATT_trained_hybrid_prediction_outputs.csv,Pitch_hybrid_prediction
15.499631,0,0.1664158999919891,0.1664158999919891,0.0857582942376667,0.0806576057543224,0.0806576057543224,0.007947,1,10.0,0.06729126878781942,1,1,1,baseline_02_high_altitude_hover,Pitch,bias,W10_N3_mean1x,/home/tchowdh4/sensor_recovery_project/prediction_results_v9_trained_hybrid/baseline_02_high_altitude_hover_ATT_trained_hybrid_prediction_outputs.csv,Pitch_hybrid_prediction
15.599591,0,0.1691102683544159,0.1691102683544159,0.0853050863402591,0.08380518201415679,0.08380518201415679,0.007947,1,10.0,0.07021378867806981,1,1,1,baseline_02_high_altitude_hover,Pitch,bias,W10_N3_mean1x,/home/tchowdh4/sensor_recovery_project/prediction_results_v9_trained_hybrid/baseline_02_high_altitude_hover_ATT_trained_hybrid_prediction_outputs.csv,Pitch_hybrid_prediction
15.699551,0,0.1734803467988968,0.1734803467988968,0.0852206501750631,0.08825969662383369,0.08825969662383369,0.007947,1,10.0,0.07308531551319002,1,1,1,baseline_02_high_altitude_hover,Pitch,bias,W10_N3_mean1x,/home/tchowdh4/sensor_recovery_project/prediction_results_v9_trained_hybrid/baseline_02_high_altitude_hover_ATT_trained_hybrid_prediction_outputs.csv,Pitch_hybrid_prediction
15.799511,0,0.1745837032794952,0.1745837032794952,0.085079822558051,0.08950388072144422,0.08950388072144422,0.007947,1,10.0,0.07537326228827224,1,1,1,baseline_02_high_altitude_hover,Pitch,bias,W10_N3_mean1x,/home/tchowdh4/sensor_recovery_project/prediction_results_v9_trained_hybrid/baseline_02_high_altitude_hover_ATT_trained_hybrid_prediction_outputs.csv,Pitch_hybrid_prediction
15.899471,0,0.1756571233272552,0.1756571233272552,0.0850314659817961,0.09062565734545909,0.09062565734545909,0.007947,1,10.0,0.07781834948911705,1,1,1,baseline_02_high_altitude_hover,Pitch,bias,W10_N3_mean1x,/home/tchowdh4/sensor_recovery_project/prediction_results_v9_trained_hybrid/baseline_02_high_altitude_hover_ATT_trained_hybrid_prediction_outputs.csv,Pitch_hybrid_prediction
15.999431,0,0.178727924823761,0.178727924823761,0.0841743709460353,0.09455355387772568,0.09455355387772568,0.007947,1,10.0,0.08077007951485884,1,1,1,baseline_02_high_altitude_hover,Pitch,bias,W10_N3_mean1x,/home/tchowdh4/sensor_recovery_project/prediction_results_v9_trained_hybrid/baseline_02_high_altitude_hover_ATT_trained_hybrid_prediction_outputs.csv,Pitch_hybrid_prediction
16.099391,0,0.1828368455171585,0.1828368455171585,0.0850442081077079,0.09779263740945061,0.09779263740945061,0.007947,1,10.0,0.08380758039271641,1,1,1,baseline_02_high_altitude_hover,Pitch,bias,W10_N3_mean1x,/home/tchowdh4/sensor_recovery_project/prediction_results_v9_trained_hybrid/baseline_02_high_altitude_hover_ATT_trained_hybrid_prediction_outputs.csv,Pitch_hybrid_prediction
16.199351,0,0.1911046802997589,0.1911046802997589,0.0846451123762021,0.1064595679235568,0.1064595679235568,0.007947,1,10.0,0.08759721641904206,1,1,1,baseline_02_high_altitude_hover,Pitch,bias,W10_N3_mean1x,/home/tchowdh4/sensor_recovery_project/prediction_results_v9_trained_hybrid/baseline_02_high_altitude_hover_ATT_trained_hybrid_prediction_outputs.csv,Pitch_hybrid_prediction
16.299311,0,0.2006101608276367,0.2006101608276367,0.0851380080896566,0.11547215273798009,0.11547215273798009,0.007947,1,10.0,0.09203242164156003,1,1,1,baseline_02_high_altitude_hover,Pitch,bias,W10_N3_mean1x,/home/tchowdh4/sensor_recovery_project/prediction_results_v9_trained_hybrid/baseline_02_high_altitude_hover_ATT_trained_hybrid_prediction_outputs.csv,Pitch_hybrid_prediction
16.399271,0,0.2088732868432998,0.2088732868432998,0.0844803365889115,0.1243929502543883,0.1243929502543883,0.007947,1,10.0,0.09715228846623176,1,1,1,baseline_02_high_altitude_hover,Pitch,bias,W10_N3_mean1x,/home/tchowdh4/sensor_recovery_project/prediction_results_v9_trained_hybrid/baseline_02_high_altitude_hover_ATT_trained_hybrid_prediction_outputs.csv,Pitch_hybrid_prediction
16.499231,0,0.2180092334747314,0.2180092334747314,0.0851305294100888,0.13287870406464258,0.13287870406464258,0.007947,1,10.0,0.1023743982972638,1,1,1,baseline_02_high_altitude_hover,Pitch,bias,W10_N3_mean1x,/home/tchowdh4/sensor_recovery_project/prediction_results_v9_trained_hybrid/baseline_02_high_altitude_hover_ATT_trained_hybrid_prediction_outputs.csv,Pitch_hybrid_prediction
16.599191,0,0.2269065082073211,0.2269065082073211,0.0852501534013088,0.1416563548060123,0.1416563548060123,0.007947,1,10.0,0.10815951557644934,1,1,1,baseline_02_high_altitude_hover,Pitch,bias,W10_N3_mean1x,/home/tchowdh4/sensor_recovery_project/prediction_results_v9_trained_hybrid/baseline_02_high_altitude_hover_ATT_trained_hybrid_prediction_outputs.csv,Pitch_hybrid_prediction
16.699984,0,0.2394471764564514,0.2394471764564514,0.0854006429769995,0.1540465334794519,0.1540465334794519,0.007947,1,10.0,0.11473819926201116,1,1,1,baseline_02_high_altitude_hover,Pitch,bias,W10_N3_mean1x,/home/tchowdh4/sensor_recovery_project/prediction_results_v9_trained_hybrid/baseline_02_high_altitude_hover_ATT_trained_hybrid_prediction_outputs.csv,Pitch_hybrid_prediction
16.799944,0,0.2459043860435485,0.2459043860435485,0.0856335623117131,0.1602708237318354,0.1602708237318354,0.007947,1,10.0,0.12181489356305027,1,1,1,baseline_02_high_altitude_hover,Pitch,bias,W10_N3_mean1x,/home/tchowdh4/sensor_recovery_project/prediction_results_v9_trained_hybrid/baseline_02_high_altitude_hover_ATT_trained_hybrid_prediction_outputs.csv,Pitch_hybrid_prediction
16.899904,0,0.2503488957881927,0.2503488957881927,0.08601567293444,0.16433322285375268,0.16433322285375268,0.007947,1,10.0,0.12918565011387964,1,1,1,baseline_02_high_altitude_hover,Pitch,bias,W10_N3_mean1x,/home/tchowdh4/sensor_recovery_project/prediction_results_v9_trained_hybrid/baseline_02_high_altitude_hover_ATT_trained_hybrid_prediction_outputs.csv,Pitch_hybrid_prediction
16.999864,0,0.2518914937973022,0.2518914937973022,0.0862771498679754,0.16561434392932678,0.16561434392932678,0.007947,1,10.0,0.13629172911903975,1,1,1,baseline_02_high_altitude_hover,Pitch,bias,W10_N3_mean1x,/home/tchowdh4/sensor_recovery_project/prediction_results_v9_trained_hybrid/baseline_02_high_altitude_hover_ATT_trained_hybrid_prediction_outputs.csv,Pitch_hybrid_prediction
17.099824,0,0.2544805705547333,0.2544805705547333,0.0866768501190576,0.16780372043567568,0.16780372043567568,0.007947,1,10.0,0.14329283742166227,1,1,1,baseline_02_high_altitude_hover,Pitch,bias,W10_N3_mean1x,/home/tchowdh4/sensor_recovery_project/prediction_results_v9_trained_hybrid/baseline_02_high_altitude_hover_ATT_trained_hybrid_prediction_outputs.csv,Pitch_hybrid_prediction
17.199784,0,0.2546722292900085,0.2546722292900085,0.0868742199734316,0.1677980093165769,0.1677980093165769,0.007947,1,10.0,0.14942668156096425,1,1,1,baseline_02_high_altitude_hover,Pitch,bias,W10_N3_mean1x,/home/tchowdh4/sensor_recovery_project/prediction_results_v9_trained_hybrid/baseline_02_high_altitude_hover_ATT_trained_hybrid_prediction_outputs.csv,Pitch_hybrid_prediction
17.299744,0,0.2600873410701751,0.2600873410701751,0.0877058443342604,0.1723814967359147,0.1723814967359147,0.007947,1,10.0,0.15511761596075774,1,1,1,baseline_02_high_altitude_hover,Pitch,bias,W10_N3_mean1x,/home/tchowdh4/sensor_recovery_project/prediction_results_v9_trained_hybrid/baseline_02_high_altitude_hover_ATT_trained_hybrid_prediction_outputs.csv,Pitch_hybrid_prediction
17.399704,0,0.2640052139759063,0.2640052139759063,0.0872750972318291,0.17673011674407724,0.17673011674407724,0.007947,1,10.0,0.16035133260972662,1,1,1,baseline_02_high_altitude_hover,Pitch,bias,W10_N3_mean1x,/home/tchowdh4/sensor_recovery_project/prediction_results_v9_trained_hybrid/baseline_02_high_altitude_hover_ATT_trained_hybrid_prediction_outputs.csv,Pitch_hybrid_prediction
17.499664,0,0.2653770744800567,0.2653770744800567,0.0881248227665902,0.1772522517134665,0.1772522517134665,0.007947,1,10.0,0.164788687374609,1,1,1,baseline_02_high_altitude_hover,Pitch,bias,W10_N3_mean1x,/home/tchowdh4/sensor_recovery_project/prediction_results_v9_trained_hybrid/baseline_02_high_altitude_hover_ATT_trained_hybrid_prediction_outputs.csv,Pitch_hybrid_prediction
17.599624,0,0.2641761600971222,0.2641761600971222,0.0887610316066189,0.17541512849050328,0.17541512849050328,0.007947,1,10.0,0.1681645647430581,1,1,1,baseline_02_high_altitude_hover,Pitch,bias,W10_N3_mean1x,/home/tchowdh4/sensor_recovery_project/prediction_results_v9_trained_hybrid/baseline_02_high_altitude_hover_ATT_trained_hybrid_prediction_outputs.csv,Pitch_hybrid_prediction
17.699584,0,0.2530751526355743,0.2530751526355743,0.0891475504700834,0.1639276021654909,0.1639276021654909,0.007947,1,10.0,0.169152671611662,1,1,1,baseline_02_high_altitude_hover,Pitch,bias,W10_N3_mean1x,/home/tchowdh4/sensor_recovery_project/prediction_results_v9_trained_hybrid/baseline_02_high_altitude_hover_ATT_trained_hybrid_prediction_outputs.csv,Pitch_hybrid_prediction
17.799544,0,0.242512971162796,0.242512971162796,0.089498054358844,0.153014916803952,0.153014916803952,0.007947,1,10.0,0.16842708091887368,1,1,1,baseline_02_high_altitude_hover,Pitch,bias,W10_N3_mean1x,/home/tchowdh4/sensor_recovery_project/prediction_results_v9_trained_hybrid/baseline_02_high_altitude_hover_ATT_trained_hybrid_prediction_outputs.csv,Pitch_hybrid_prediction
17.899504,0,0.2372136265039444,0.2372136265039444,0.0902448192755262,0.1469688072284182,0.1469688072284182,0.007947,1,10.0,0.1666906393563402,1,1,1,baseline_02_high_altitude_hover,Pitch,bias,W10_N3_mean1x,/home/tchowdh4/sensor_recovery_project/prediction_results_v9_trained_hybrid/baseline_02_high_altitude_hover_ATT_trained_hybrid_prediction_outputs.csv,Pitch_hybrid_prediction
17.999464,0,0.2361434996128082,0.2361434996128082,0.0905605784627644,0.1455829211500438,0.1455829211500438,0.007947,1,10.0,0.16468749707841193,1,1,1,baseline_02_high_altitude_hover,Pitch,bias,W10_N3_mean1x,/home/tchowdh4/sensor_recovery_project/prediction_results_v9_trained_hybrid/baseline_02_high_altitude_hover_ATT_trained_hybrid_prediction_outputs.csv,Pitch_hybrid_prediction
18.099424,0,0.2370622754096985,0.2370622754096985,0.0910961474255308,0.1459661279841677,0.1459661279841677,0.007947,1,10.0,0.1625037378332611,1,1,1,baseline_02_high_altitude_hover,Pitch,bias,W10_N3_mean1x,/home/tchowdh4/sensor_recovery_project/prediction_results_v9_trained_hybrid/baseline_02_high_altitude_hover_ATT_trained_hybrid_prediction_outputs.csv,Pitch_hybrid_prediction
18.199384,0,0.2409758418798446,0.2409758418798446,0.091317305353664,0.1496585365261806,0.1496585365261806,0.007947,1,10.0,0.16068979055422147,1,1,1,baseline_02_high_altitude_hover,Pitch,bias,W10_N3_mean1x,/home/tchowdh4/sensor_recovery_project/prediction_results_v9_trained_hybrid/baseline_02_high_altitude_hover_ATT_trained_hybrid_prediction_outputs.csv,Pitch_hybrid_prediction
18.299344,0,0.2462161630392074,0.2462161630392074,0.0923288380459853,0.1538873249932221,0.1538873249932221,0.007947,1,10.0,0.15884037337995224,1,1,1,baseline_02_high_altitude_hover,Pitch,bias,W10_N3_mean1x,/home/tchowdh4/sensor_recovery_project/prediction_results_v9_trained_hybrid/baseline_02_high_altitude_hover_ATT_trained_hybrid_prediction_outputs.csv,Pitch_hybrid_prediction
18.399304,0,0.2488477379083633,0.2488477379083633,0.0923548662524869,0.1564928716558764,0.1564928716558764,0.007947,1,10.0,0.15681664887113214,1,1,1,baseline_02_high_altitude_hover,Pitch,bias,W10_N3_mean1x,/home/tchowdh4/sensor_recovery_project/prediction_results_v9_trained_hybrid/baseline_02_high_altitude_hover_ATT_trained_hybrid_prediction_outputs.csv,Pitch_hybrid_prediction
18.499264,0,0.2436867356300354,0.2436867356300354,0.0931585744097681,0.1505281612202673,0.1505281612202673,0.007947,1,10.0,0.15414423982181222,1,1,1,baseline_02_high_altitude_hover,Pitch,bias,W10_N3_mean1x,/home/tchowdh4/sensor_recovery_project/prediction_results_v9_trained_hybrid/baseline_02_high_altitude_hover_ATT_trained_hybrid_prediction_outputs.csv,Pitch_hybrid_prediction
18.599224,0,0.2336473315954208,0.2336473315954208,0.093411850248335,0.1402354813470858,0.1402354813470858,0.007947,1,10.0,0.15062627510747048,1,1,1,baseline_02_high_altitude_hover,Pitch,bias,W10_N3_mean1x,/home/tchowdh4/sensor_recovery_project/prediction_results_v9_trained_hybrid/baseline_02_high_altitude_hover_ATT_trained_hybrid_prediction_outputs.csv,Pitch_hybrid_prediction
18.699184,0,0.2230909764766693,0.2230909764766693,0.0938402595148476,0.12925071696182172,0.12925071696182172,0.007947,1,10.0,0.14715858658710357,1,1,1,baseline_02_high_altitude_hover,Pitch,bias,W10_N3_mean1x,/home/tchowdh4/sensor_recovery_project/prediction_results_v9_trained_hybrid/baseline_02_high_altitude_hover_ATT_trained_hybrid_prediction_outputs.csv,Pitch_hybrid_prediction
18.799977,0,0.212380364537239,0.212380364537239,0.0947567126741781,0.1176236518630609,0.1176236518630609,0.007947,1,10.0,0.14361946009301446,1,1,1,baseline_02_high_altitude_hover,Pitch,bias,W10_N3_mean1x,/home/tchowdh4/sensor_recovery_project/prediction_results_v9_trained_hybrid/baseline_02_high_altitude_hover_ATT_trained_hybrid_prediction_outputs.csv,Pitch_hybrid_prediction
18.899937,0,0.2025990039110183,0.2025990039110183,0.0949614482081848,0.10763755570283348,0.10763755570283348,0.007947,1,10.0,0.13968633494045596,1,1,1,baseline_02_high_altitude_hover,Pitch,bias,W10_N3_mean1x,/home/tchowdh4/sensor_recovery_project/prediction_results_v9_trained_hybrid/baseline_02_high_altitude_hover_ATT_trained_hybrid_prediction_outputs.csv,Pitch_hybrid_prediction
18.999897,0,0.1944154649972915,0.1944154649972915,0.0955380475341602,0.0988774174631313,0.0988774174631313,0.007947,1,10.0,0.13501578457176472,1,1,1,baseline_02_high_altitude_hover,Pitch,bias,W10_N3_mean1x,/home/tchowdh4/sensor_recovery_project/prediction_results_v9_trained_hybrid/baseline_02_high_altitude_hover_ATT_trained_hybrid_prediction_outputs.csv,Pitch_hybrid_prediction
19.099857,0,0.1927427500486374,0.1927427500486374,0.0958050456624226,0.0969377043862148,0.0969377043862148,0.007947,1,10.0,0.13011294221196945,1,1,1,baseline_02_high_altitude_hover,Pitch,bias,W10_N3_mean1x,/home/tchowdh4/sensor_recovery_project/prediction_results_v9_trained_hybrid/baseline_02_high_altitude_hover_ATT_trained_hybrid_prediction_outputs.csv,Pitch_hybrid_prediction
19.199817,0,0.187501847743988,0.187501847743988,0.0965484123319024,0.09095343541208561,0.09095343541208561,0.007947,1,10.0,0.12424243210055994,1,1,1,baseline_02_high_altitude_hover,Pitch,bias,W10_N3_mean1x,/home/tchowdh4/sensor_recovery_project/prediction_results_v9_trained_hybrid/baseline_02_high_altitude_hover_ATT_trained_hybrid_prediction_outputs.csv,Pitch_hybrid_prediction
19.299777,0,0.1865172386169433,0.1865172386169433,0.0972471806663966,0.08927005795054671,0.08927005795054671,0.007947,1,10.0,0.1177807053962924,1,1,1,baseline_02_high_altitude_hover,Pitch,bias,W10_N3_mean1x,/home/tchowdh4/sensor_recovery_project/prediction_results_v9_trained_hybrid/baseline_02_high_altitude_hover_ATT_trained_hybrid_prediction_outputs.csv,Pitch_hybrid_prediction
19.399737,0,0.1889863014221191,0.1889863014221191,0.0975025758795529,0.09148372554256622,0.09148372554256622,0.007947,1,10.0,0.11127979078496139,1,1,1,baseline_02_high_altitude_hover,Pitch,bias,W10_N3_mean1x,/home/tchowdh4/sensor_recovery_project/prediction_results_v9_trained_hybrid/baseline_02_high_altitude_hover_ATT_trained_hybrid_prediction_outputs.csv,Pitch_hybrid_prediction
19.499697,0,0.184200644493103,0.184200644493103,0.0981877539815001,0.0860128905116029,0.0860128905116029,0.007947,1,10.0,0.10482826371409495,1,1,1,baseline_02_high_altitude_hover,Pitch,bias,W10_N3_mean1x,/home/tchowdh4/sensor_recovery_project/prediction_results_v9_trained_hybrid/baseline_02_high_altitude_hover_ATT_trained_hybrid_prediction_outputs.csv,Pitch_hybrid_prediction
19.599657,0,0.1771064698696136,0.1771064698696136,0.0985620832878549,0.07854438658175869,0.07854438658175869,0.007947,1,10.0,0.09865915423756223,1,1,1,baseline_02_high_altitude_hover,Pitch,bias,W10_N3_mean1x,/home/tchowdh4/sensor_recovery_project/prediction_results_v9_trained_hybrid/baseline_02_high_altitude_hover_ATT_trained_hybrid_prediction_outputs.csv,Pitch_hybrid_prediction
19.699617,0,0.1656671166419983,0.1656671166419983,0.099117377530261,0.0665497391117373,0.0665497391117373,0.007947,1,10.0,0.0923890564525538,1,1,1,baseline_02_high_altitude_hover,Pitch,bias,W10_N3_mean1x,/home/tchowdh4/sensor_recovery_project/prediction_results_v9_trained_hybrid/baseline_02_high_altitude_hover_ATT_trained_hybrid_prediction_outputs.csv,Pitch_hybrid_prediction
19.799577,0,0.1700495034456253,0.1700495034456253,0.0994797762514394,0.0705697271941859,0.0705697271941859,0.007947,1,10.0,0.0876836639856663,1,1,1,baseline_02_high_altitude_hover,Pitch,bias,W10_N3_mean1x,/home/tchowdh4/sensor_recovery_project/prediction_results_v9_trained_hybrid/baseline_02_high_altitude_hover_ATT_trained_hybrid_prediction_outputs.csv,Pitch_hybrid_prediction
19.899537,0,0.1806584298610687,0.1806584298610687,0.1000027377106037,0.080655692150465,0.080655692150465,0.007947,1,10.0,0.08498547763042943,1,1,1,baseline_02_high_altitude_hover,Pitch,bias,W10_N3_mean1x,/home/tchowdh4/sensor_recovery_project/prediction_results_v9_trained_hybrid/baseline_02_high_altitude_hover_ATT_trained_hybrid_prediction_outputs.csv,Pitch_hybrid_prediction
19.999497,0,0.1887729614973068,0.1887729614973068,0.1009697932629356,0.08780316823437119,0.08780316823437119,0.007947,1,10.0,0.08387805270755343,1,1,1,baseline_02_high_altitude_hover,Pitch,bias,W10_N3_mean1x,/home/tchowdh4/sensor_recovery_project/prediction_results_v9_trained_hybrid/baseline_02_high_altitude_hover_ATT_trained_hybrid_prediction_outputs.csv,Pitch_hybrid_prediction
20.099457,0,0.1919642984867096,0.1919642984867096,0.1010237278277572,0.09094057065895239,0.09094057065895239,0.007947,1,10.0,0.08327833933482719,1,1,1,baseline_02_high_altitude_hover,Pitch,bias,W10_N3_mean1x,/home/tchowdh4/sensor_recovery_project/prediction_results_v9_trained_hybrid/baseline_02_high_altitude_hover_ATT_trained_hybrid_prediction_outputs.csv,Pitch_hybrid_prediction
20.199417,0,0.196608766913414,0.196608766913414,0.101763860684533,0.094844906228881,0.094844906228881,0.007947,1,10.0,0.08366748641650673,1,1,1,baseline_02_high_altitude_hover,Pitch,bias,W10_N3_mean1x,/home/tchowdh4/sensor_recovery_project/prediction_results_v9_trained_hybrid/baseline_02_high_altitude_hover_ATT_trained_hybrid_prediction_outputs.csv,Pitch_hybrid_prediction
20.299377,0,0.2020599693059921,0.2020599693059921,0.102386938851419,0.0996730304545731,0.0996730304545731,0.007947,1,10.0,0.08470778366690937,1,1,1,baseline_02_high_altitude_hover,Pitch,bias,W10_N3_mean1x,/home/tchowdh4/sensor_recovery_project/prediction_results_v9_trained_hybrid/baseline_02_high_altitude_hover_ATT_trained_hybrid_prediction_outputs.csv,Pitch_hybrid_prediction
20.399337,0,0.2022929191589355,0.2022929191589355,0.1021270081482491,0.10016591101068639,0.10016591101068639,0.007947,1,10.0,0.08557600221372139,1,1,1,baseline_02_high_altitude_hover,Pitch,bias,W10_N3_mean1x,/home/tchowdh4/sensor_recovery_project/prediction_results_v9_trained_hybrid/baseline_02_high_altitude_hover_ATT_trained_hybrid_prediction_outputs.csv,Pitch_hybrid_prediction
20.499297,0,0.1941297054290771,0.1941297054290771,0.103147900976494,0.0909818044525831,0.0909818044525831,0.007947,1,10.0,0.0860728936078194,1,1,1,baseline_02_high_altitude_hover,Pitch,bias,W10_N3_mean1x,/home/tchowdh4/sensor_recovery_project/prediction_results_v9_trained_hybrid/baseline_02_high_altitude_hover_ATT_trained_hybrid_prediction_outputs.csv,Pitch_hybrid_prediction
20.599257,0,0.1906388103961944,0.1906388103961944,0.1031458006668603,0.0874930097293341,0.0874930097293341,0.007947,1,10.0,0.08696775592257695,1,1,1,baseline_02_high_altitude_hover,Pitch,bias,W10_N3_mean1x,/home/tchowdh4/sensor_recovery_project/prediction_results_v9_trained_hybrid/baseline_02_high_altitude_hover_ATT_trained_hybrid_prediction_outputs.csv,Pitch_hybrid_prediction
20.699217,0,0.1964255422353744,0.1964255422353744,0.103871077049138,0.09255446518623639,0.09255446518623639,0.007947,1,10.0,0.08956822853002686,1,1,1,baseline_02_high_altitude_hover,Pitch,bias,W10_N3_mean1x,/home/tchowdh4/sensor_recovery_project/prediction_results_v9_trained_hybrid/baseline_02_high_altitude_hover_ATT_trained_hybrid_prediction_outputs.csv,Pitch_hybrid_prediction
20.799177,0,0.2084199041128158,0.2084199041128158,0.1034654012585077,0.1049545028543081,0.1049545028543081,0.007947,1,10.0,0.09300670609603907,1,1,1,baseline_02_high_altitude_hover,Pitch,bias,W10_N3_mean1x,/home/tchowdh4/sensor_recovery_project/prediction_results_v9_trained_hybrid/baseline_02_high_altitude_hover_ATT_trained_hybrid_prediction_outputs.csv,Pitch_hybrid_prediction
20.89997,0,0.2187488228082656,0.2187488228082656,0.103933205956541,0.1148156168517246,0.1148156168517246,0.007947,1,10.0,0.09642269856616505,1,1,1,baseline_02_high_altitude_hover,Pitch,bias,W10_N3_mean1x,/home/tchowdh4/sensor_recovery_project/prediction_results_v9_trained_hybrid/baseline_02_high_altitude_hover_ATT_trained_hybrid_prediction_outputs.csv,Pitch_hybrid_prediction
20.99993,0,0.2290291637182235,0.2290291637182235,0.1046359467286937,0.12439321698952979,0.12439321698952979,0.007947,1,10.0,0.10008170344168091,1,1,1,baseline_02_high_altitude_hover,Pitch,bias,W10_N3_mean1x,/home/tchowdh4/sensor_recovery_project/prediction_results_v9_trained_hybrid/baseline_02_high_altitude_hover_ATT_trained_hybrid_prediction_outputs.csv,Pitch_hybrid_prediction
21.09989,0,0.2437142431735992,0.2437142431735992,0.1048721295075443,0.13884211366605487,0.13884211366605487,0.007947,1,10.0,0.10487185774239113,1,1,1,baseline_02_high_altitude_hover,Pitch,bias,W10_N3_mean1x,/home/tchowdh4/sensor_recovery_project/prediction_results_v9_trained_hybrid/baseline_02_high_altitude_hover_ATT_trained_hybrid_prediction_outputs.csv,Pitch_hybrid_prediction
21.19985,0,0.2564610540866852,0.2564610540866852,0.1053137881667405,0.15114726591994468,0.15114726591994468,0.007947,1,10.0,0.11050209371149751,1,1,1,baseline_02_high_altitude_hover,Pitch,bias,W10_N3_mean1x,/home/tchowdh4/sensor_recovery_project/prediction_results_v9_trained_hybrid/baseline_02_high_altitude_hover_ATT_trained_hybrid_prediction_outputs.csv,Pitch_hybrid_prediction
21.29981,0,0.2657893002033233,0.2657893002033233,0.1054004567399439,0.1603888434633794,0.1603888434633794,0.007947,1,10.0,0.11657367501237814,1,1,1,baseline_02_high_altitude_hover,Pitch,bias,W10_N3_mean1x,/home/tchowdh4/sensor_recovery_project/prediction_results_v9_trained_hybrid/baseline_02_high_altitude_hover_ATT_trained_hybrid_prediction_outputs.csv,Pitch_hybrid_prediction
21.39977,0,0.280017614364624,0.280017614364624,0.1056374182389171,0.17438019612570693,0.17438019612570693,0.007947,1,10.0,0.12399510352388018,1,1,1,baseline_02_high_altitude_hover,Pitch,bias,W10_N3_mean1x,/home/tchowdh4/sensor_recovery_project/prediction_results_v9_trained_hybrid/baseline_02_high_altitude_hover_ATT_trained_hybrid_prediction_outputs.csv,Pitch_hybrid_prediction
21.49973,0,0.2908728420734405,0.2908728420734405,0.1054549535102374,0.1854178885632031,0.1854178885632031,0.007947,1,10.0,0.1334387119349422,1,1,1,baseline_02_high_altitude_hover,Pitch,bias,W10_N3_mean1x,/home/tchowdh4/sensor_recovery_project/prediction_results_v9_trained_hybrid/baseline_02_high_altitude_hover_ATT_trained_hybrid_prediction_outputs.csv,Pitch_hybrid_prediction
21.59969,0,0.2991372644901275,0.2991372644901275,0.106161311716879,0.19297595277324853,0.19297595277324853,0.007947,1,10.0,0.14398700623933364,1,1,1,baseline_02_high_altitude_hover,Pitch,bias,W10_N3_mean1x,/home/tchowdh4/sensor_recovery_project/prediction_results_v9_trained_hybrid/baseline_02_high_altitude_hover_ATT_trained_hybrid_prediction_outputs.csv,Pitch_hybrid_prediction
21.69965,0,0.3008996248245239,0.3008996248245239,0.1060947334399868,0.19480489138453713,0.19480489138453713,0.007947,1,10.0,0.1542120488591637,1,1,1,baseline_02_high_altitude_hover,Pitch,bias,W10_N3_mean1x,/home/tchowdh4/sensor_recovery_project/prediction_results_v9_trained_hybrid/baseline_02_high_altitude_hover_ATT_trained_hybrid_prediction_outputs.csv,Pitch_hybrid_prediction
21.79961,0,0.293502002954483,0.293502002954483,0.1063933519220694,0.1871086510324136,0.1871086510324136,0.007947,1,10.0,0.16242746367697428,1,1,1,baseline_02_high_altitude_hover,Pitch,bias,W10_N3_mean1x,/home/tchowdh4/sensor_recovery_project/prediction_results_v9_trained_hybrid/baseline_02_high_altitude_hover_ATT_trained_hybrid_prediction_outputs.csv,Pitch_hybrid_prediction
21.89957,0,0.2690953314304352,0.2690953314304352,0.1067549099050994,0.1623404215253358,0.1623404215253358,0.007947,1,10.0,0.16717994414433537,1,1,1,baseline_02_high_altitude_hover,Pitch,bias,W10_N3_mean1x,/home/tchowdh4/sensor_recovery_project/prediction_results_v9_trained_hybrid/baseline_02_high_altitude_hover_ATT_trained_hybrid_prediction_outputs.csv,Pitch_hybrid_prediction
21.99953,0,0.2419252544641494,0.2419252544641494,0.1065014227858776,0.1354238316782718,0.1354238316782718,0.007947,1,10.0,0.16828300561320958,1,1,1,baseline_02_high_altitude_hover,Pitch,bias,W10_N3_mean1x,/home/tchowdh4/sensor_recovery_project/prediction_results_v9_trained_hybrid/baseline_02_high_altitude_hover_ATT_trained_hybrid_prediction_outputs.csv,Pitch_hybrid_prediction
22.09949,0,0.2181389480829239,0.2181389480829239,0.1067890108609073,0.1113499372220166,0.1113499372220166,0.007947,1,10.0,0.16553378796880575,1,1,1,baseline_02_high_altitude_hover,Pitch,bias,W10_N3_mean1x,/home/tchowdh4/sensor_recovery_project/prediction_results_v9_trained_hybrid/baseline_02_high_altitude_hover_ATT_trained_hybrid_prediction_outputs.csv,Pitch_hybrid_prediction
22.19945,0,0.2092089205980301,0.2092089205980301,0.1070187214293793,0.1021901991686508,0.1021901991686508,0.007947,1,10.0,0.16063808129367638,1,1,1,baseline_02_high_altitude_hover,Pitch,bias,W10_N3_mean1x,/home/tchowdh4/sensor_recovery_project/prediction_results_v9_trained_hybrid/baseline_02_high_altitude_hover_ATT_trained_hybrid_prediction_outputs.csv,Pitch_hybrid_prediction
22.29941,0,0.2011533379554748,0.2011533379554748,0.1065571080548652,0.0945962299006096,0.0945962299006096,0.007947,1,10.0,0.1540588199373994,1,1,1,baseline_02_high_altitude_hover,Pitch,bias,W10_N3_mean1x,/home/tchowdh4/sensor_recovery_project/prediction_results_v9_trained_hybrid/baseline_02_high_altitude_hover_ATT_trained_hybrid_prediction_outputs.csv,Pitch_hybrid_prediction
22.39937,0,0.1936889886856079,0.1936889886856079,0.1074578895515382,0.0862310991340697,0.0862310991340697,0.007947,1,10.0,0.14524391023823566,1,1,1,baseline_02_high_altitude_hover,Pitch,bias,W10_N3_mean1x,/home/tchowdh4/sensor_recovery_project/prediction_results_v9_trained_hybrid/baseline_02_high_altitude_hover_ATT_trained_hybrid_prediction_outputs.csv,Pitch_hybrid_prediction
22.49933,0,0.1886443048715591,0.1886443048715591,0.1070790541421115,0.08156525072944759,0.08156525072944759,0.007947,1,10.0,0.13485864645486012,1,1,1,baseline_02_high_altitude_hover,Pitch,bias,W10_N3_mean1x,/home/tchowdh4/sensor_recovery_project/prediction_results_v9_trained_hybrid/baseline_02_high_altitude_hover_ATT_trained_hybrid_prediction_outputs.csv,Pitch_hybrid_prediction
22.59929,0,0.1841325610876083,0.1841325610876083,0.1068591167463323,0.077273444341276,0.077273444341276,0.007947,1,10.0,0.12328839561166285,1,1,1,baseline_02_high_altitude_hover,Pitch,bias,W10_N3_mean1x,/home/tchowdh4/sensor_recovery_project/prediction_results_v9_trained_hybrid/baseline_02_high_altitude_hover_ATT_trained_hybrid_prediction_outputs.csv,Pitch_hybrid_prediction
22.69925,0,0.1813890486955642,0.1813890486955642,0.1075897809829052,0.07379926771265899,0.07379926771265899,0.007947,1,10.0,0.11118783324447504,1,1,1,baseline_02_high_altitude_hover,Pitch,bias,W10_N3_mean1x,/home/tchowdh4/sensor_recovery_project/prediction_results_v9_trained_hybrid/baseline_02_high_altitude_hover_ATT_trained_hybrid_prediction_outputs.csv,Pitch_hybrid_prediction
22.79921,0,0.1817112863063812,0.1817112863063812,0.1074488332825857,0.0742624530237955,0.0742624530237955,0.007947,1,10.0,0.09990321344361323,1,1,1,baseline_02_high_altitude_hover,Pitch,bias,W10_N3_mean1x,/home/tchowdh4/sensor_recovery_project/prediction_results_v9_trained_hybrid/baseline_02_high_altitude_hover_ATT_trained_hybrid_prediction_outputs.csv,Pitch_hybrid_prediction
22.89917,0,0.1822162419557571,0.1822162419557571,0.1079314173192077,0.07428482463654941,0.07428482463654941,0.007947,1,10.0,0.0910976537547346,1,1,1,baseline_02_high_altitude_hover,Pitch,bias,W10_N3_mean1x,/home/tchowdh4/sensor_recovery_project/prediction_results_v9_trained_hybrid/baseline_02_high_altitude_hover_ATT_trained_hybrid_prediction_outputs.csv,Pitch_hybrid_prediction
22.999963,0,0.1816385090351104,0.1816385090351104,0.1073701962207113,0.07426831281439909,0.07426831281439909,0.007947,1,10.0,0.08498210186834733,1,1,1,baseline_02_high_altitude_hover,Pitch,bias,W10_N3_mean1x,/home/tchowdh4/sensor_recovery_project/prediction_results_v9_trained_hybrid/baseline_02_high_altitude_hover_ATT_trained_hybrid_prediction_outputs.csv,Pitch_hybrid_prediction
23.099923,0,0.1819383949041366,0.1819383949041366,0.1077380779803921,0.0742003169237445,0.0742003169237445,0.007947,1,10.0,0.08126713983852012,1,1,1,baseline_02_high_altitude_hover,Pitch,bias,W10_N3_mean1x,/home/tchowdh4/sensor_recovery_project/prediction_results_v9_trained_hybrid/baseline_02_high_altitude_hover_ATT_trained_hybrid_prediction_outputs.csv,Pitch_hybrid_prediction
23.199883,0,0.1777224242687225,0.1777224242687225,0.1076280200935449,0.07009440417517761,0.07009440417517761,0.007947,1,10.0,0.0780575603391728,1,1,1,baseline_02_high_altitude_hover,Pitch,bias,W10_N3_mean1x,/home/tchowdh4/sensor_recovery_project/prediction_results_v9_trained_hybrid/baseline_02_high_altitude_hover_ATT_trained_hybrid_prediction_outputs.csv,Pitch_hybrid_prediction
23.299843,0,0.1738928109407425,0.1738928109407425,0.1076407221944257,0.06625208874631679,0.06625208874631679,0.007947,1,10.0,0.07522314622374351,1,1,1,baseline_02_high_altitude_hover,Pitch,bias,W10_N3_mean1x,/home/tchowdh4/sensor_recovery_project/prediction_results_v9_trained_hybrid/baseline_02_high_altitude_hover_ATT_trained_hybrid_prediction_outputs.csv,Pitch_hybrid_prediction
23.399803,0,0.1707150489091873,0.1707150489091873,0.1080975108529455,0.06261753805624179,0.06261753805624179,0.007947,1,10.0,0.07286179011596072,1,1,1,baseline_02_high_altitude_hover,Pitch,bias,W10_N3_mean1x,/home/tchowdh4/sensor_recovery_project/prediction_results_v9_trained_hybrid/baseline_02_high_altitude_hover_ATT_trained_hybrid_prediction_outputs.csv,Pitch_hybrid_prediction
23.499763,0,0.167473554611206,0.167473554611206,0.1076658748368654,0.059807679774340594,0.059807679774340594,0.007947,1,10.0,0.07068603302045004,1,1,1,baseline_02_high_altitude_hover,Pitch,bias,W10_N3_mean1x,/home/tchowdh4/sensor_recovery_project/prediction_results_v9_trained_hybrid/baseline_02_high_altitude_hover_ATT_trained_hybrid_prediction_outputs.csv,Pitch_hybrid_prediction
23.599723,0,0.1555581837892532,0.1555581837892532,0.1078149545047838,0.047743229284469405,0.047743229284469405,0.007947,1,10.0,0.06773301151476938,1,1,1,baseline_02_high_altitude_hover,Pitch,bias,W10_N3_mean1x,/home/tchowdh4/sensor_recovery_project/prediction_results_v9_trained_hybrid/baseline_02_high_altitude_hover_ATT_trained_hybrid_prediction_outputs.csv,Pitch_hybrid_prediction
23.699683,0,0.1405802816152572,0.1405802816152572,0.1083482778891309,0.03223200372612631,0.03223200372612631,0.007947,1,10.0,0.0635762851161161,1,1,1,baseline_02_high_altitude_hover,Pitch,bias,W10_N3_mean1x,/home/tchowdh4/sensor_recovery_project/prediction_results_v9_trained_hybrid/baseline_02_high_altitude_hover_ATT_trained_hybrid_prediction_outputs.csv,Pitch_hybrid_prediction
23.799643,0,0.1283599436283111,0.1283599436283111,0.1073653900616649,0.0209945535666462,0.0209945535666462,0.007947,1,10.0,0.058249495170401164,1,1,1,baseline_02_high_altitude_hover,Pitch,bias,W10_N3_mean1x,/home/tchowdh4/sensor_recovery_project/prediction_results_v9_trained_hybrid/baseline_02_high_altitude_hover_ATT_trained_hybrid_prediction_outputs.csv,Pitch_hybrid_prediction
23.899603,0,0.1231342852115631,0.1231342852115631,0.1074823907323555,0.01565189447920759,0.01565189447920759,0.007947,1,10.0,0.05238620215466698,1,1,1,baseline_02_high_altitude_hover,Pitch,bias,W10_N3_mean1x,/home/tchowdh4/sensor_recovery_project/prediction_results_v9_trained_hybrid/baseline_02_high_altitude_hover_ATT_trained_hybrid_prediction_outputs.csv,Pitch_hybrid_prediction
23.999563,0,0.1218480616807937,0.1218480616807937,0.1074122776426414,0.014435784038152308,0.014435784038152308,0.007947,1,10.0,0.04640294927704231,1,1,1,baseline_02_high_altitude_hover,Pitch,bias,W10_N3_mean1x,/home/tchowdh4/sensor_recovery_project/prediction_results_v9_trained_hybrid/baseline_02_high_altitude_hover_ATT_trained_hybrid_prediction_outputs.csv,Pitch_hybrid_prediction
24.099523,0,0.120656669139862,0.120656669139862,0.1073276942138762,0.01332897492598581,0.01332897492598581,0.007947,1,10.0,0.04031581507726644,1,1,1,baseline_02_high_altitude_hover,Pitch,bias,W10_N3_mean1x,/home/tchowdh4/sensor_recovery_project/prediction_results_v9_trained_hybrid/baseline_02_high_altitude_hover_ATT_trained_hybrid_prediction_outputs.csv,Pitch_hybrid_prediction
24.199483,0,0.125082328915596,0.125082328915596,0.1075030492578555,0.017579279657740504,0.017579279657740504,0.007947,1,10.0,0.03506430262552273,1,1,1,baseline_02_high_altitude_hover,Pitch,bias,W10_N3_mean1x,/home/tchowdh4/sensor_recovery_project/prediction_results_v9_trained_hybrid/baseline_02_high_altitude_hover_ATT_trained_hybrid_prediction_outputs.csv,Pitch_hybrid_prediction
24.299443,0,0.1197691112756729,0.1197691112756729,0.1065267029758418,0.013242408299831102,0.013242408299831102,0.007947,1,10.0,0.029763334580874157,1,1,1,baseline_02_high_altitude_hover,Pitch,bias,W10_N3_mean1x,/home/tchowdh4/sensor_recovery_project/prediction_results_v9_trained_hybrid/baseline_02_high_altitude_hover_ATT_trained_hybrid_prediction_outputs.csv,Pitch_hybrid_prediction
24.399403,0,0.1149487942457199,0.1149487942457199,0.1072213427252923,0.0077274515204276,0.0077274515204276,0.007947,0,9.0,0.024274325927292745,1,1,1,baseline_02_high_altitude_hover,Pitch,bias,W10_N3_mean1x,/home/tchowdh4/sensor_recovery_project/prediction_results_v9_trained_hybrid/baseline_02_high_altitude_hover_ATT_trained_hybrid_prediction_outputs.csv,Pitch_hybrid_prediction
24.499363,0,0.1071139052510261,0.1071139052510261,0.1067777620478009,0.00033614320322519764,0.00033614320322519764,0.007947,0,8.0,0.018327172270181203,1,1,1,baseline_02_high_altitude_hover,Pitch,bias,W10_N3_mean1x,/home/tchowdh4/sensor_recovery_project/prediction_results_v9_trained_hybrid/baseline_02_high_altitude_hover_ATT_trained_hybrid_prediction_outputs.csv,Pitch_hybrid_prediction
24.599323,0,0.1012649163603782,0.1012649163603782,0.1066442913729677,-0.005379375012589505,0.005379375012589505,0.007947,0,7.0,0.014090786842993214,1,1,1,baseline_02_high_altitude_hover,Pitch,bias,W10_N3_mean1x,/home/tchowdh4/sensor_recovery_project/prediction_results_v9_trained_hybrid/baseline_02_high_altitude_hover_ATT_trained_hybrid_prediction_outputs.csv,Pitch_hybrid_prediction
24.699283,0,0.0988789498805999,0.0988789498805999,0.10693354425763,-0.0080545943770301,0.0080545943770301,0.007947,1,7.0,0.011673045908083591,1,1,1,baseline_02_high_altitude_hover,Pitch,bias,W10_N3_mean1x,/home/tchowdh4/sensor_recovery_project/prediction_results_v9_trained_hybrid/baseline_02_high_altitude_hover_ATT_trained_hybrid_prediction_outputs.csv,Pitch_hybrid_prediction
24.799243,0,0.1034978702664375,0.1034978702664375,0.1063482047075713,-0.002850334441133792,0.002850334441133792,0.007947,0,6.0,0.009858623995532351,1,1,1,baseline_02_high_altitude_hover,Pitch,bias,W10_N3_mean1x,/home/tchowdh4/sensor_recovery_project/prediction_results_v9_trained_hybrid/baseline_02_high_altitude_hover_ATT_trained_hybrid_prediction_outputs.csv,Pitch_hybrid_prediction
24.899203,0,0.1050002872943878,0.1050002872943878,0.1069430807856974,-0.0019427934913096023,0.0019427934913096023,0.007947,0,5.0,0.008487713896742553,1,1,1,baseline_02_high_altitude_hover,Pitch,bias,W10_N3_mean1x,/home/tchowdh4/sensor_recovery_project/prediction_results_v9_trained_hybrid/baseline_02_high_altitude_hover_ATT_trained_hybrid_prediction_outputs.csv,Pitch_hybrid_prediction
24.999996,0,0.111589066684246,0.111589066684246,0.106040378981487,0.005548687702759,0.005548687702759,0.007947,0,4.0,0.007599004263203221,1,0,1,baseline_02_high_altitude_hover,Pitch,bias,W10_N3_mean1x,/home/tchowdh4/sensor_recovery_project/prediction_results_v9_trained_hybrid/baseline_02_high_altitude_hover_ATT_trained_hybrid_prediction_outputs.csv,Pitch_hybrid_prediction
25.099956,0,0.1130202561616897,0.1130202561616897,0.1064474270840201,0.006572829077669609,0.006572829077669609,0.007947,0,3.0,0.006923389678371601,1,0,1,baseline_02_high_altitude_hover,Pitch,bias,W10_N3_mean1x,/home/tchowdh4/sensor_recovery_project/prediction_results_v9_trained_hybrid/baseline_02_high_altitude_hover_ATT_trained_hybrid_prediction_outputs.csv,Pitch_hybrid_prediction
25.199916,0,0.111042819917202,0.111042819917202,0.1065610526396447,0.004481767277557294,0.004481767277557294,0.007947,0,2.0,0.0056136384403532805,0,0,0,baseline_02_high_altitude_hover,Pitch,bias,W10_N3_mean1x,/home/tchowdh4/sensor_recovery_project/prediction_results_v9_trained_hybrid/baseline_02_high_altitude_hover_ATT_trained_hybrid_prediction_outputs.csv,Pitch_hybrid_prediction
25.299876,0,0.1125387698411941,0.1125387698411941,0.1063732766861561,0.0061654931550379904,0.0061654931550379904,0.007947,0,1.0,0.004905946925873969,0,0,0,baseline_02_high_altitude_hover,Pitch,bias,W10_N3_mean1x,/home/tchowdh4/sensor_recovery_project/prediction_results_v9_trained_hybrid/baseline_02_high_altitude_hover_ATT_trained_hybrid_prediction_outputs.csv,Pitch_hybrid_prediction
25.399836,0,0.1139650866389274,0.1139650866389274,0.106038469786519,0.007926616852408405,0.007926616852408405,0.007947,0,1.0,0.004925863459072049,0,0,0,baseline_02_high_altitude_hover,Pitch,bias,W10_N3_mean1x,/home/tchowdh4/sensor_recovery_project/prediction_results_v9_trained_hybrid/baseline_02_high_altitude_hover_ATT_trained_hybrid_prediction_outputs.csv,Pitch_hybrid_prediction
25.499796,0,0.1149009987711906,0.1149009987711906,0.1061010565536481,0.008799942217542503,0.008799942217542503,0.007947,1,2.0,0.00577224336050378,0,0,0,baseline_02_high_altitude_hover,Pitch,bias,W10_N3_mean1x,/home/tchowdh4/sensor_recovery_project/prediction_results_v9_trained_hybrid/baseline_02_high_altitude_hover_ATT_trained_hybrid_prediction_outputs.csv,Pitch_hybrid_prediction
25.599756,0,0.1156951412558555,0.1156951412558555,0.106489688533037,0.009205452722818502,0.009205452722818502,0.007947,1,3.0,0.0061548511315266796,1,0,1,baseline_02_high_altitude_hover,Pitch,bias,W10_N3_mean1x,/home/tchowdh4/sensor_recovery_project/prediction_results_v9_trained_hybrid/baseline_02_high_altitude_hover_ATT_trained_hybrid_prediction_outputs.csv,Pitch_hybrid_prediction
25.699716,0,0.1207631155848503,0.1207631155848503,0.1057391777185643,0.015023937866286002,0.015023937866286002,0.007947,1,3.0,0.00685178548045227,1,0,1,baseline_02_high_altitude_hover,Pitch,bias,W10_N3_mean1x,/home/tchowdh4/sensor_recovery_project/prediction_results_v9_trained_hybrid/baseline_02_high_altitude_hover_ATT_trained_hybrid_prediction_outputs.csv,Pitch_hybrid_prediction
25.799676,0,0.1239267587661743,0.1239267587661743,0.1061765970532396,0.017750161712934698,0.017750161712934698,0.007947,1,4.0,0.00834176820763236,1,1,1,baseline_02_high_altitude_hover,Pitch,bias,W10_N3_mean1x,/home/tchowdh4/sensor_recovery_project/prediction_results_v9_trained_hybrid/baseline_02_high_altitude_hover_ATT_trained_hybrid_prediction_outputs.csv,Pitch_hybrid_prediction
25.899636,0,0.1302569657564163,0.1302569657564163,0.1054808980935712,0.024776067662845097,0.024776067662845097,0.007947,1,5.0,0.01062509562478591,1,1,1,baseline_02_high_altitude_hover,Pitch,bias,W10_N3_mean1x,/home/tchowdh4/sensor_recovery_project/prediction_results_v9_trained_hybrid/baseline_02_high_altitude_hover_ATT_trained_hybrid_prediction_outputs.csv,Pitch_hybrid_prediction
25.999596,0,0.1370711773633957,0.1370711773633957,0.1056786217681541,0.031392555595241595,0.031392555595241595,0.007947,1,6.0,0.013209482414034168,1,1,1,baseline_02_high_altitude_hover,Pitch,bias,W10_N3_mean1x,/home/tchowdh4/sensor_recovery_project/prediction_results_v9_trained_hybrid/baseline_02_high_altitude_hover_ATT_trained_hybrid_prediction_outputs.csv,Pitch_hybrid_prediction
26.099556,0,0.1431034952402115,0.1431034952402115,0.1051450122474485,0.037958482992762985,0.037958482992762985,0.007947,1,7.0,0.016348047805543508,1,1,1,baseline_02_high_altitude_hover,Pitch,bias,W10_N3_mean1x,/home/tchowdh4/sensor_recovery_project/prediction_results_v9_trained_hybrid/baseline_02_high_altitude_hover_ATT_trained_hybrid_prediction_outputs.csv,Pitch_hybrid_prediction
26.199516,0,0.1483562290668487,0.1483562290668487,0.1049818875293361,0.0433743415375126,0.0433743415375126,0.007947,1,8.0,0.02023730523153904,1,1,1,baseline_02_high_altitude_hover,Pitch,bias,W10_N3_mean1x,/home/tchowdh4/sensor_recovery_project/prediction_results_v9_trained_hybrid/baseline_02_high_altitude_hover_ATT_trained_hybrid_prediction_outputs.csv,Pitch_hybrid_prediction
26.299476,0,0.1473540216684341,0.1473540216684341,0.1046752367318168,0.04267878493661728,0.04267878493661728,0.007947,1,9.0,0.023888634409696966,1,1,1,baseline_02_high_altitude_hover,Pitch,bias,W10_N3_mean1x,/home/tchowdh4/sensor_recovery_project/prediction_results_v9_trained_hybrid/baseline_02_high_altitude_hover_ATT_trained_hybrid_prediction_outputs.csv,Pitch_hybrid_prediction
26.399436,0,0.1466237157583236,0.1466237157583236,0.1044951849322256,0.04212853082609799,0.04212853082609799,0.007947,1,10.0,0.02730882580706593,1,1,1,baseline_02_high_altitude_hover,Pitch,bias,W10_N3_mean1x,/home/tchowdh4/sensor_recovery_project/prediction_results_v9_trained_hybrid/baseline_02_high_altitude_hover_ATT_trained_hybrid_prediction_outputs.csv,Pitch_hybrid_prediction
26.499396,0,0.1475281566381454,0.1475281566381454,0.1049667311697985,0.04256142546834689,0.04256142546834689,0.007947,1,10.0,0.030684974132146364,1,1,1,baseline_02_high_altitude_hover,Pitch,bias,W10_N3_mean1x,/home/tchowdh4/sensor_recovery_project/prediction_results_v9_trained_hybrid/baseline_02_high_altitude_hover_ATT_trained_hybrid_prediction_outputs.csv,Pitch_hybrid_prediction
26.599356,0,0.1515542268753051,0.1515542268753051,0.1049889742191152,0.046565252656189896,0.046565252656189896,0.007947,1,10.0,0.0344209541254835,1,1,1,baseline_02_high_altitude_hover,Pitch,bias,W10_N3_mean1x,/home/tchowdh4/sensor_recovery_project/prediction_results_v9_trained_hybrid/baseline_02_high_altitude_hover_ATT_trained_hybrid_prediction_outputs.csv,Pitch_hybrid_prediction
26.699316,0,0.1545519530773162,0.1545519530773162,0.10475951055253,0.04979244252478621,0.04979244252478621,0.007947,1,10.0,0.03789780459133353,1,1,1,baseline_02_high_altitude_hover,Pitch,bias,W10_N3_mean1x,/home/tchowdh4/sensor_recovery_project/prediction_results_v9_trained_hybrid/baseline_02_high_altitude_hover_ATT_trained_hybrid_prediction_outputs.csv,Pitch_hybrid_prediction
26.799276,0,0.1570349186658859,0.1570349186658859,0.104248430217838,0.0527864884480479,0.0527864884480479,0.007947,1,10.0,0.04140143726484484,1,1,1,baseline_02_high_altitude_hover,Pitch,bias,W10_N3_mean1x,/home/tchowdh4/sensor_recovery_project/prediction_results_v9_trained_hybrid/baseline_02_high_altitude_hover_ATT_trained_hybrid_prediction_outputs.csv,Pitch_hybrid_prediction
26.899236,0,0.1526910066604614,0.1526910066604614,0.1048033550374856,0.0478876516229758,0.0478876516229758,0.007947,1,10.0,0.04371259566085791,1,1,1,baseline_02_high_altitude_hover,Pitch,bias,W10_N3_mean1x,/home/tchowdh4/sensor_recovery_project/prediction_results_v9_trained_hybrid/baseline_02_high_altitude_hover_ATT_trained_hybrid_prediction_outputs.csv,Pitch_hybrid_prediction
26.999196,0,0.1439451277256012,0.1439451277256012,0.1042518904292786,0.0396932372963226,0.0396932372963226,0.007947,1,10.0,0.044542663830966014,1,1,1,baseline_02_high_altitude_hover,Pitch,bias,W10_N3_mean1x,/home/tchowdh4/sensor_recovery_project/prediction_results_v9_trained_hybrid/baseline_02_high_altitude_hover_ATT_trained_hybrid_prediction_outputs.csv,Pitch_hybrid_prediction
27.099989,0,0.1330754160881042,0.1330754160881042,0.1040447409670105,0.029030675121093696,0.029030675121093696,0.007947,1,10.0,0.04364988304379909,1,1,1,baseline_02_high_altitude_hover,Pitch,bias,W10_N3_mean1x,/home/tchowdh4/sensor_recovery_project/prediction_results_v9_trained_hybrid/baseline_02_high_altitude_hover_ATT_trained_hybrid_prediction_outputs.csv,Pitch_hybrid_prediction
27.199949,0,0.1285842210054397,0.1285842210054397,0.1042924664661357,0.024291754539304003,0.024291754539304003,0.007947,1,10.0,0.041741624343978226,1,1,1,baseline_02_high_altitude_hover,Pitch,bias,W10_N3_mean1x,/home/tchowdh4/sensor_recovery_project/prediction_results_v9_trained_hybrid/baseline_02_high_altitude_hover_ATT_trained_hybrid_prediction_outputs.csv,Pitch_hybrid_prediction
27.299909,0,0.1301654428243637,0.1301654428243637,0.104252141984591,0.02591330083977271,0.02591330083977271,0.007947,1,10.0,0.04006507593429377,1,1,1,baseline_02_high_altitude_hover,Pitch,bias,W10_N3_mean1x,/home/tchowdh4/sensor_recovery_project/prediction_results_v9_trained_hybrid/baseline_02_high_altitude_hover_ATT_trained_hybrid_prediction_outputs.csv,Pitch_hybrid_prediction
27.399869,0,0.1387580633163452,0.1387580633163452,0.1040328154332095,0.03472524788313569,0.03472524788313569,0.007947,1,10.0,0.039324747639997534,1,1,1,baseline_02_high_altitude_hover,Pitch,bias,W10_N3_mean1x,/home/tchowdh4/sensor_recovery_project/prediction_results_v9_trained_hybrid/baseline_02_high_altitude_hover_ATT_trained_hybrid_prediction_outputs.csv,Pitch_hybrid_prediction
27.499829,0,0.1483669728040695,0.1483669728040695,0.1044398159888422,0.0439271568152273,0.0439271568152273,0.007947,1,10.0,0.03946132077468558,1,1,1,baseline_02_high_altitude_hover,Pitch,bias,W10_N3_mean1x,/home/tchowdh4/sensor_recovery_project/prediction_results_v9_trained_hybrid/baseline_02_high_altitude_hover_ATT_trained_hybrid_prediction_outputs.csv,Pitch_hybrid_prediction
27.599789,0,0.1506976336240768,0.1506976336240768,0.1040307811702062,0.04666685245387059,0.04666685245387059,0.007947,1,10.0,0.03947148075445365,1,1,1,baseline_02_high_altitude_hover,Pitch,bias,W10_N3_mean1x,/home/tchowdh4/sensor_recovery_project/prediction_results_v9_trained_hybrid/baseline_02_high_altitude_hover_ATT_trained_hybrid_prediction_outputs.csv,Pitch_hybrid_prediction
27.699749,0,0.1465966403484344,0.1465966403484344,0.103735893405641,0.04286074694279339,0.04286074694279339,0.007947,1,10.0,0.03877831119625437,1,1,1,baseline_02_high_altitude_hover,Pitch,bias,W10_N3_mean1x,/home/tchowdh4/sensor_recovery_project/prediction_results_v9_trained_hybrid/baseline_02_high_altitude_hover_ATT_trained_hybrid_prediction_outputs.csv,Pitch_hybrid_prediction
27.799709,0,0.1411888897418975,0.1411888897418975,0.1043548161769272,0.0368340735649703,0.0368340735649703,0.007947,1,10.0,0.0371830697079466,1,1,1,baseline_02_high_altitude_hover,Pitch,bias,W10_N3_mean1x,/home/tchowdh4/sensor_recovery_project/prediction_results_v9_trained_hybrid/baseline_02_high_altitude_hover_ATT_trained_hybrid_prediction_outputs.csv,Pitch_hybrid_prediction
27.899669,0,0.1364039331674575,0.1364039331674575,0.1039154132969817,0.032488519870475796,0.032488519870475796,0.007947,1,10.0,0.035643156532696604,1,1,1,baseline_02_high_altitude_hover,Pitch,bias,W10_N3_mean1x,/home/tchowdh4/sensor_recovery_project/prediction_results_v9_trained_hybrid/baseline_02_high_altitude_hover_ATT_trained_hybrid_prediction_outputs.csv,Pitch_hybrid_prediction
27.999629,0,0.1363390833139419,0.1363390833139419,0.10355476525366,0.0327843180602819,0.0327843180602819,0.007947,1,10.0,0.03495226460909254,1,1,1,baseline_02_high_altitude_hover,Pitch,bias,W10_N3_mean1x,/home/tchowdh4/sensor_recovery_project/prediction_results_v9_trained_hybrid/baseline_02_high_altitude_hover_ATT_trained_hybrid_prediction_outputs.csv,Pitch_hybrid_prediction
28.099589,0,0.1326863467693328,0.1326863467693328,0.1040183171032052,0.02866802966612761,0.02866802966612761,0.007947,1,10.0,0.03491600006359592,1,1,1,baseline_02_high_altitude_hover,Pitch,bias,W10_N3_mean1x,/home/tchowdh4/sensor_recovery_project/prediction_results_v9_trained_hybrid/baseline_02_high_altitude_hover_ATT_trained_hybrid_prediction_outputs.csv,Pitch_hybrid_prediction
28.199549,0,0.1289153099060058,0.1289153099060058,0.103129159594006,0.02578615031199981,0.02578615031199981,0.007947,1,10.0,0.03506543964086551,1,1,1,baseline_02_high_altitude_hover,Pitch,bias,W10_N3_mean1x,/home/tchowdh4/sensor_recovery_project/prediction_results_v9_trained_hybrid/baseline_02_high_altitude_hover_ATT_trained_hybrid_prediction_outputs.csv,Pitch_hybrid_prediction
