x,AttackActive,CleanFuture_Yaw,AttackedFuture_Yaw,V9PredictedFuture_Yaw,Residual_Yaw,AbsResidual_Yaw,Threshold,PointDetectionFlag,WindowCount,RollingMeanAbsResidual,WindowCountFlag,WindowMeanFlag,WindowCombinedFlag,Baseline,AttackAxis,AttackType,WindowRule,PredictionFile,PredictionColumn
0.100793,0,354.5175476074219,354.5175476074219,172.59325408935547,181.9242935180664,181.9242935180664,0.003797,1,1.0,181.9242935180664,0,1,1,baseline_04_yaw_rotation,Yaw,pulse,W10_N3_mean1.5x,/home/tchowdh4/sensor_recovery_project/prediction_results_v9_trained_hybrid/baseline_04_yaw_rotation_ATT_trained_hybrid_prediction_outputs.csv,Yaw_hybrid_prediction
0.200753,0,354.516357421875,354.516357421875,172.5930587768555,181.9232986450195,181.9232986450195,0.003797,1,2.0,181.92379608154295,0,1,1,baseline_04_yaw_rotation,Yaw,pulse,W10_N3_mean1.5x,/home/tchowdh4/sensor_recovery_project/prediction_results_v9_trained_hybrid/baseline_04_yaw_rotation_ATT_trained_hybrid_prediction_outputs.csv,Yaw_hybrid_prediction
0.300713,0,354.5150451660156,354.5150451660156,172.59209442138672,181.9229507446289,181.9229507446289,0.003797,1,3.0,181.9235143025716,1,1,1,baseline_04_yaw_rotation,Yaw,pulse,W10_N3_mean1.5x,/home/tchowdh4/sensor_recovery_project/prediction_results_v9_trained_hybrid/baseline_04_yaw_rotation_ATT_trained_hybrid_prediction_outputs.csv,Yaw_hybrid_prediction
0.400673,0,354.5137023925781,354.5137023925781,172.59241943359376,181.92128295898436,181.92128295898436,0.003797,1,4.0,181.9229564666748,1,1,1,baseline_04_yaw_rotation,Yaw,pulse,W10_N3_mean1.5x,/home/tchowdh4/sensor_recovery_project/prediction_results_v9_trained_hybrid/baseline_04_yaw_rotation_ATT_trained_hybrid_prediction_outputs.csv,Yaw_hybrid_prediction
0.500633,0,354.51239013671875,354.51239013671875,172.59304428100586,181.9193458557129,181.9193458557129,0.003797,1,5.0,181.92223434448243,1,1,1,baseline_04_yaw_rotation,Yaw,pulse,W10_N3_mean1.5x,/home/tchowdh4/sensor_recovery_project/prediction_results_v9_trained_hybrid/baseline_04_yaw_rotation_ATT_trained_hybrid_prediction_outputs.csv,Yaw_hybrid_prediction
0.600593,0,354.5109558105469,354.5109558105469,172.59344940185548,181.9175064086914,181.9175064086914,0.003797,1,6.0,181.92144635518392,1,1,1,baseline_04_yaw_rotation,Yaw,pulse,W10_N3_mean1.5x,/home/tchowdh4/sensor_recovery_project/prediction_results_v9_trained_hybrid/baseline_04_yaw_rotation_ATT_trained_hybrid_prediction_outputs.csv,Yaw_hybrid_prediction
0.700553,0,354.5095520019531,354.5095520019531,172.59405899047852,181.9154930114746,181.9154930114746,0.003797,1,7.0,181.92059587751118,1,1,1,baseline_04_yaw_rotation,Yaw,pulse,W10_N3_mean1.5x,/home/tchowdh4/sensor_recovery_project/prediction_results_v9_trained_hybrid/baseline_04_yaw_rotation_ATT_trained_hybrid_prediction_outputs.csv,Yaw_hybrid_prediction
0.800513,0,354.5081787109375,354.5081787109375,172.59501876831058,181.91315994262692,181.91315994262692,0.003797,1,8.0,181.91966638565063,1,1,1,baseline_04_yaw_rotation,Yaw,pulse,W10_N3_mean1.5x,/home/tchowdh4/sensor_recovery_project/prediction_results_v9_trained_hybrid/baseline_04_yaw_rotation_ATT_trained_hybrid_prediction_outputs.csv,Yaw_hybrid_prediction
0.900473,0,354.50665283203125,354.50665283203125,172.59528350830078,181.91136932373047,181.91136932373047,0.003797,1,9.0,181.91874448988173,1,1,1,baseline_04_yaw_rotation,Yaw,pulse,W10_N3_mean1.5x,/home/tchowdh4/sensor_recovery_project/prediction_results_v9_trained_hybrid/baseline_04_yaw_rotation_ATT_trained_hybrid_prediction_outputs.csv,Yaw_hybrid_prediction
1.000433,0,354.5052795410156,354.5052795410156,172.5952445983887,181.91003494262694,181.91003494262694,0.003797,1,10.0,181.91787353515625,1,1,1,baseline_04_yaw_rotation,Yaw,pulse,W10_N3_mean1.5x,/home/tchowdh4/sensor_recovery_project/prediction_results_v9_trained_hybrid/baseline_04_yaw_rotation_ATT_trained_hybrid_prediction_outputs.csv,Yaw_hybrid_prediction
1.100393,0,354.5036315917969,354.5036315917969,172.59476699829102,181.90886459350585,181.90886459350585,0.003797,1,10.0,181.9163306427002,1,1,1,baseline_04_yaw_rotation,Yaw,pulse,W10_N3_mean1.5x,/home/tchowdh4/sensor_recovery_project/prediction_results_v9_trained_hybrid/baseline_04_yaw_rotation_ATT_trained_hybrid_prediction_outputs.csv,Yaw_hybrid_prediction
1.200353,0,354.50213623046875,354.50213623046875,172.5931594848633,181.90897674560546,181.90897674560546,0.003797,1,10.0,181.9148984527588,1,1,1,baseline_04_yaw_rotation,Yaw,pulse,W10_N3_mean1.5x,/home/tchowdh4/sensor_recovery_project/prediction_results_v9_trained_hybrid/baseline_04_yaw_rotation_ATT_trained_hybrid_prediction_outputs.csv,Yaw_hybrid_prediction
1.300313,0,354.50079345703125,354.50079345703125,172.59004364013674,181.9107498168945,181.9107498168945,0.003797,1,10.0,181.91367835998534,1,1,1,baseline_04_yaw_rotation,Yaw,pulse,W10_N3_mean1.5x,/home/tchowdh4/sensor_recovery_project/prediction_results_v9_trained_hybrid/baseline_04_yaw_rotation_ATT_trained_hybrid_prediction_outputs.csv,Yaw_hybrid_prediction
1.400273,0,354.49920654296875,354.49920654296875,172.58838958740236,181.9108169555664,181.9108169555664,0.003797,1,10.0,181.91263175964355,1,1,1,baseline_04_yaw_rotation,Yaw,pulse,W10_N3_mean1.5x,/home/tchowdh4/sensor_recovery_project/prediction_results_v9_trained_hybrid/baseline_04_yaw_rotation_ATT_trained_hybrid_prediction_outputs.csv,Yaw_hybrid_prediction
1.500233,0,354.4976501464844,354.4976501464844,172.58826446533203,181.90938568115234,181.90938568115234,0.003797,1,10.0,181.91163574218749,1,1,1,baseline_04_yaw_rotation,Yaw,pulse,W10_N3_mean1.5x,/home/tchowdh4/sensor_recovery_project/prediction_results_v9_trained_hybrid/baseline_04_yaw_rotation_ATT_trained_hybrid_prediction_outputs.csv,Yaw_hybrid_prediction
1.600193,0,354.4960632324219,354.4960632324219,172.58998489379883,181.90607833862305,181.90607833862305,0.003797,1,10.0,181.91049293518066,1,1,1,baseline_04_yaw_rotation,Yaw,pulse,W10_N3_mean1.5x,/home/tchowdh4/sensor_recovery_project/prediction_results_v9_trained_hybrid/baseline_04_yaw_rotation_ATT_trained_hybrid_prediction_outputs.csv,Yaw_hybrid_prediction
1.700153,0,354.4945678710937,354.4945678710937,172.59016189575198,181.90440597534172,181.90440597534172,0.003797,1,10.0,181.90938423156734,1,1,1,baseline_04_yaw_rotation,Yaw,pulse,W10_N3_mean1.5x,/home/tchowdh4/sensor_recovery_project/prediction_results_v9_trained_hybrid/baseline_04_yaw_rotation_ATT_trained_hybrid_prediction_outputs.csv,Yaw_hybrid_prediction
1.800113,0,354.4930419921875,354.4930419921875,172.59052658081055,181.90251541137695,181.90251541137695,0.003797,1,10.0,181.90831977844238,1,1,1,baseline_04_yaw_rotation,Yaw,pulse,W10_N3_mean1.5x,/home/tchowdh4/sensor_recovery_project/prediction_results_v9_trained_hybrid/baseline_04_yaw_rotation_ATT_trained_hybrid_prediction_outputs.csv,Yaw_hybrid_prediction
1.900073,0,354.4913024902344,354.4913024902344,172.59041137695314,181.90089111328123,181.90089111328123,0.003797,1,10.0,181.90727195739743,1,1,1,baseline_04_yaw_rotation,Yaw,pulse,W10_N3_mean1.5x,/home/tchowdh4/sensor_recovery_project/prediction_results_v9_trained_hybrid/baseline_04_yaw_rotation_ATT_trained_hybrid_prediction_outputs.csv,Yaw_hybrid_prediction
2.000033,0,354.4898681640625,354.4898681640625,172.59014129638672,181.89972686767578,181.89972686767578,0.003797,1,10.0,181.9062411499023,1,1,1,baseline_04_yaw_rotation,Yaw,pulse,W10_N3_mean1.5x,/home/tchowdh4/sensor_recovery_project/prediction_results_v9_trained_hybrid/baseline_04_yaw_rotation_ATT_trained_hybrid_prediction_outputs.csv,Yaw_hybrid_prediction
2.099993,0,354.4880065917969,354.4880065917969,172.5928977966309,181.89510879516598,181.89510879516598,0.003797,1,10.0,181.90486557006835,1,1,1,baseline_04_yaw_rotation,Yaw,pulse,W10_N3_mean1.5x,/home/tchowdh4/sensor_recovery_project/prediction_results_v9_trained_hybrid/baseline_04_yaw_rotation_ATT_trained_hybrid_prediction_outputs.csv,Yaw_hybrid_prediction
2.200786,0,354.48614501953125,354.48614501953125,172.5970344543457,181.88911056518555,181.88911056518555,0.003797,1,10.0,181.90287895202636,1,1,1,baseline_04_yaw_rotation,Yaw,pulse,W10_N3_mean1.5x,/home/tchowdh4/sensor_recovery_project/prediction_results_v9_trained_hybrid/baseline_04_yaw_rotation_ATT_trained_hybrid_prediction_outputs.csv,Yaw_hybrid_prediction
2.300746,0,354.484375,354.484375,172.59601058959962,181.88836441040038,181.88836441040038,0.003797,1,10.0,181.90064041137694,1,1,1,baseline_04_yaw_rotation,Yaw,pulse,W10_N3_mean1.5x,/home/tchowdh4/sensor_recovery_project/prediction_results_v9_trained_hybrid/baseline_04_yaw_rotation_ATT_trained_hybrid_prediction_outputs.csv,Yaw_hybrid_prediction
2.400706,0,354.4827880859375,354.4827880859375,172.59315567016603,181.88963241577147,181.88963241577147,0.003797,1,10.0,181.89852195739746,1,1,1,baseline_04_yaw_rotation,Yaw,pulse,W10_N3_mean1.5x,/home/tchowdh4/sensor_recovery_project/prediction_results_v9_trained_hybrid/baseline_04_yaw_rotation_ATT_trained_hybrid_prediction_outputs.csv,Yaw_hybrid_prediction
2.500666,0,354.481201171875,354.481201171875,172.59104309082034,181.89015808105466,181.89015808105466,0.003797,1,10.0,181.89659919738767,1,1,1,baseline_04_yaw_rotation,Yaw,pulse,W10_N3_mean1.5x,/home/tchowdh4/sensor_recovery_project/prediction_results_v9_trained_hybrid/baseline_04_yaw_rotation_ATT_trained_hybrid_prediction_outputs.csv,Yaw_hybrid_prediction
2.600626,0,354.47955322265625,354.47955322265625,172.59450607299806,181.8850471496582,181.8850471496582,0.003797,1,10.0,181.8944960784912,1,1,1,baseline_04_yaw_rotation,Yaw,pulse,W10_N3_mean1.5x,/home/tchowdh4/sensor_recovery_project/prediction_results_v9_trained_hybrid/baseline_04_yaw_rotation_ATT_trained_hybrid_prediction_outputs.csv,Yaw_hybrid_prediction
2.700586,0,354.4779357910156,354.4779357910156,172.5976318359375,181.88030395507812,181.88030395507812,0.003797,1,10.0,181.89208587646482,1,1,1,baseline_04_yaw_rotation,Yaw,pulse,W10_N3_mean1.5x,/home/tchowdh4/sensor_recovery_project/prediction_results_v9_trained_hybrid/baseline_04_yaw_rotation_ATT_trained_hybrid_prediction_outputs.csv,Yaw_hybrid_prediction
2.800546,0,354.4760131835937,354.4760131835937,172.59608001708983,181.87993316650386,181.87993316650386,0.003797,1,10.0,181.88982765197753,1,1,1,baseline_04_yaw_rotation,Yaw,pulse,W10_N3_mean1.5x,/home/tchowdh4/sensor_recovery_project/prediction_results_v9_trained_hybrid/baseline_04_yaw_rotation_ATT_trained_hybrid_prediction_outputs.csv,Yaw_hybrid_prediction
2.900506,0,354.4740295410156,354.4740295410156,172.5906433105469,181.88338623046872,181.88338623046872,0.003797,1,10.0,181.88807716369627,1,1,1,baseline_04_yaw_rotation,Yaw,pulse,W10_N3_mean1.5x,/home/tchowdh4/sensor_recovery_project/prediction_results_v9_trained_hybrid/baseline_04_yaw_rotation_ATT_trained_hybrid_prediction_outputs.csv,Yaw_hybrid_prediction
3.000466,0,354.4720153808594,354.4720153808594,172.58471450805666,181.8873008728027,181.8873008728027,0.003797,1,10.0,181.88683456420898,1,1,1,baseline_04_yaw_rotation,Yaw,pulse,W10_N3_mean1.5x,/home/tchowdh4/sensor_recovery_project/prediction_results_v9_trained_hybrid/baseline_04_yaw_rotation_ATT_trained_hybrid_prediction_outputs.csv,Yaw_hybrid_prediction
3.100426,0,354.4701232910156,354.4701232910156,172.58483657836916,181.88528671264646,181.88528671264646,0.003797,1,10.0,181.885852355957,1,1,1,baseline_04_yaw_rotation,Yaw,pulse,W10_N3_mean1.5x,/home/tchowdh4/sensor_recovery_project/prediction_results_v9_trained_hybrid/baseline_04_yaw_rotation_ATT_trained_hybrid_prediction_outputs.csv,Yaw_hybrid_prediction
3.200386,0,354.46826171875,354.46826171875,172.58888320922853,181.87937850952147,181.87937850952147,0.003797,1,10.0,181.88487915039062,1,1,1,baseline_04_yaw_rotation,Yaw,pulse,W10_N3_mean1.5x,/home/tchowdh4/sensor_recovery_project/prediction_results_v9_trained_hybrid/baseline_04_yaw_rotation_ATT_trained_hybrid_prediction_outputs.csv,Yaw_hybrid_prediction
3.300346,0,354.46636962890625,354.46636962890625,172.59237213134767,181.87399749755858,181.87399749755858,0.003797,1,10.0,181.88344245910642,1,1,1,baseline_04_yaw_rotation,Yaw,pulse,W10_N3_mean1.5x,/home/tchowdh4/sensor_recovery_project/prediction_results_v9_trained_hybrid/baseline_04_yaw_rotation_ATT_trained_hybrid_prediction_outputs.csv,Yaw_hybrid_prediction
3.400306,0,354.4644470214844,354.4644470214844,172.59157180786133,181.87287521362305,181.87287521362305,0.003797,1,10.0,181.88176673889157,1,1,1,baseline_04_yaw_rotation,Yaw,pulse,W10_N3_mean1.5x,/home/tchowdh4/sensor_recovery_project/prediction_results_v9_trained_hybrid/baseline_04_yaw_rotation_ATT_trained_hybrid_prediction_outputs.csv,Yaw_hybrid_prediction
3.500266,0,354.46258544921875,354.46258544921875,172.58631134033203,181.87627410888672,181.87627410888672,0.003797,1,10.0,181.88037834167477,1,1,1,baseline_04_yaw_rotation,Yaw,pulse,W10_N3_mean1.5x,/home/tchowdh4/sensor_recovery_project/prediction_results_v9_trained_hybrid/baseline_04_yaw_rotation_ATT_trained_hybrid_prediction_outputs.csv,Yaw_hybrid_prediction
3.600226,0,354.46063232421875,354.46063232421875,172.58440780639648,181.87622451782227,181.87622451782227,0.003797,1,10.0,181.87949607849117,1,1,1,baseline_04_yaw_rotation,Yaw,pulse,W10_N3_mean1.5x,/home/tchowdh4/sensor_recovery_project/prediction_results_v9_trained_hybrid/baseline_04_yaw_rotation_ATT_trained_hybrid_prediction_outputs.csv,Yaw_hybrid_prediction
3.700186,0,354.4586486816406,354.4586486816406,172.58819198608398,181.87045669555664,181.87045669555664,0.003797,1,10.0,181.87851135253905,1,1,1,baseline_04_yaw_rotation,Yaw,pulse,W10_N3_mean1.5x,/home/tchowdh4/sensor_recovery_project/prediction_results_v9_trained_hybrid/baseline_04_yaw_rotation_ATT_trained_hybrid_prediction_outputs.csv,Yaw_hybrid_prediction
3.800146,0,354.4565734863281,354.4565734863281,172.59362564086916,181.86294784545896,181.86294784545896,0.003797,1,10.0,181.87681282043457,1,1,1,baseline_04_yaw_rotation,Yaw,pulse,W10_N3_mean1.5x,/home/tchowdh4/sensor_recovery_project/prediction_results_v9_trained_hybrid/baseline_04_yaw_rotation_ATT_trained_hybrid_prediction_outputs.csv,Yaw_hybrid_prediction
3.900106,0,354.4545288085937,354.4545288085937,172.5938919067383,181.8606369018554,181.8606369018554,0.003797,1,10.0,181.87453788757324,1,1,1,baseline_04_yaw_rotation,Yaw,pulse,W10_N3_mean1.5x,/home/tchowdh4/sensor_recovery_project/prediction_results_v9_trained_hybrid/baseline_04_yaw_rotation_ATT_trained_hybrid_prediction_outputs.csv,Yaw_hybrid_prediction
4.000066,0,354.4524230957031,354.4524230957031,172.59037704467772,181.8620460510254,181.8620460510254,0.003797,1,10.0,181.87201240539548,1,1,1,baseline_04_yaw_rotation,Yaw,pulse,W10_N3_mean1.5x,/home/tchowdh4/sensor_recovery_project/prediction_results_v9_trained_hybrid/baseline_04_yaw_rotation_ATT_trained_hybrid_prediction_outputs.csv,Yaw_hybrid_prediction
4.100026,0,354.4504699707031,354.4504699707031,172.58575057983398,181.86471939086914,181.86471939086914,0.003797,1,10.0,181.8699556732178,1,1,1,baseline_04_yaw_rotation,Yaw,pulse,W10_N3_mean1.5x,/home/tchowdh4/sensor_recovery_project/prediction_results_v9_trained_hybrid/baseline_04_yaw_rotation_ATT_trained_hybrid_prediction_outputs.csv,Yaw_hybrid_prediction
4.200819,0,354.4485168457031,354.4485168457031,172.58743896484378,181.86107788085934,181.86107788085934,0.003797,1,10.0,181.86812561035157,1,1,1,baseline_04_yaw_rotation,Yaw,pulse,W10_N3_mean1.5x,/home/tchowdh4/sensor_recovery_project/prediction_results_v9_trained_hybrid/baseline_04_yaw_rotation_ATT_trained_hybrid_prediction_outputs.csv,Yaw_hybrid_prediction
4.300779,0,354.4468994140625,354.4468994140625,172.59222259521485,181.85467681884765,181.85467681884765,0.003797,1,10.0,181.86619354248046,1,1,1,baseline_04_yaw_rotation,Yaw,pulse,W10_N3_mean1.5x,/home/tchowdh4/sensor_recovery_project/prediction_results_v9_trained_hybrid/baseline_04_yaw_rotation_ATT_trained_hybrid_prediction_outputs.csv,Yaw_hybrid_prediction
4.400739,0,354.4452819824219,354.4452819824219,172.5935646057129,181.85171737670896,181.85171737670896,0.003797,1,10.0,181.86407775878905,1,1,1,baseline_04_yaw_rotation,Yaw,pulse,W10_N3_mean1.5x,/home/tchowdh4/sensor_recovery_project/prediction_results_v9_trained_hybrid/baseline_04_yaw_rotation_ATT_trained_hybrid_prediction_outputs.csv,Yaw_hybrid_prediction
4.500699,0,354.4433898925781,354.4433898925781,172.5901336669922,181.85325622558594,181.85325622558594,0.003797,1,10.0,181.86177597045898,1,1,1,baseline_04_yaw_rotation,Yaw,pulse,W10_N3_mean1.5x,/home/tchowdh4/sensor_recovery_project/prediction_results_v9_trained_hybrid/baseline_04_yaw_rotation_ATT_trained_hybrid_prediction_outputs.csv,Yaw_hybrid_prediction
4.600659,0,354.44140625,354.44140625,172.5852493286133,181.8561569213867,181.8561569213867,0.003797,1,10.0,181.85976921081541,1,1,1,baseline_04_yaw_rotation,Yaw,pulse,W10_N3_mean1.5x,/home/tchowdh4/sensor_recovery_project/prediction_results_v9_trained_hybrid/baseline_04_yaw_rotation_ATT_trained_hybrid_prediction_outputs.csv,Yaw_hybrid_prediction
4.700619,0,354.43914794921875,354.43914794921875,172.58560104370116,181.8535469055176,181.8535469055176,0.003797,1,10.0,181.8580782318115,1,1,1,baseline_04_yaw_rotation,Yaw,pulse,W10_N3_mean1.5x,/home/tchowdh4/sensor_recovery_project/prediction_results_v9_trained_hybrid/baseline_04_yaw_rotation_ATT_trained_hybrid_prediction_outputs.csv,Yaw_hybrid_prediction
4.800579,0,354.4368591308594,354.4368591308594,172.5909034729004,181.84595565795897,181.84595565795897,0.003797,1,10.0,181.85637901306148,1,1,1,baseline_04_yaw_rotation,Yaw,pulse,W10_N3_mean1.5x,/home/tchowdh4/sensor_recovery_project/prediction_results_v9_trained_hybrid/baseline_04_yaw_rotation_ATT_trained_hybrid_prediction_outputs.csv,Yaw_hybrid_prediction
4.900539,0,354.4346618652344,354.4346618652344,172.59282836914065,181.84183349609373,181.84183349609373,0.003797,1,10.0,181.85449867248536,1,1,1,baseline_04_yaw_rotation,Yaw,pulse,W10_N3_mean1.5x,/home/tchowdh4/sensor_recovery_project/prediction_results_v9_trained_hybrid/baseline_04_yaw_rotation_ATT_trained_hybrid_prediction_outputs.csv,Yaw_hybrid_prediction
5.000499,0,354.432373046875,354.432373046875,172.59006271362307,181.84231033325193,181.84231033325193,0.003797,1,10.0,181.85252510070796,1,1,1,baseline_04_yaw_rotation,Yaw,pulse,W10_N3_mean1.5x,/home/tchowdh4/sensor_recovery_project/prediction_results_v9_trained_hybrid/baseline_04_yaw_rotation_ATT_trained_hybrid_prediction_outputs.csv,Yaw_hybrid_prediction
5.100459,0,354.4300231933594,354.4300231933594,172.58758773803712,181.84243545532226,181.84243545532226,0.003797,1,10.0,181.85029670715332,1,1,1,baseline_04_yaw_rotation,Yaw,pulse,W10_N3_mean1.5x,/home/tchowdh4/sensor_recovery_project/prediction_results_v9_trained_hybrid/baseline_04_yaw_rotation_ATT_trained_hybrid_prediction_outputs.csv,Yaw_hybrid_prediction
5.200419,0,354.4276123046875,354.4276123046875,172.5876838684082,181.8399284362793,181.8399284362793,0.003797,1,10.0,181.8481817626953,1,1,1,baseline_04_yaw_rotation,Yaw,pulse,W10_N3_mean1.5x,/home/tchowdh4/sensor_recovery_project/prediction_results_v9_trained_hybrid/baseline_04_yaw_rotation_ATT_trained_hybrid_prediction_outputs.csv,Yaw_hybrid_prediction
5.300379,0,354.4252624511719,354.4252624511719,172.59285278320314,181.83240966796873,181.83240966796873,0.003797,1,10.0,181.84595504760742,1,1,1,baseline_04_yaw_rotation,Yaw,pulse,W10_N3_mean1.5x,/home/tchowdh4/sensor_recovery_project/prediction_results_v9_trained_hybrid/baseline_04_yaw_rotation_ATT_trained_hybrid_prediction_outputs.csv,Yaw_hybrid_prediction
5.400339,0,354.42303466796875,354.42303466796875,172.59747924804688,181.82555541992187,181.82555541992187,0.003797,1,10.0,181.84333885192868,1,1,1,baseline_04_yaw_rotation,Yaw,pulse,W10_N3_mean1.5x,/home/tchowdh4/sensor_recovery_project/prediction_results_v9_trained_hybrid/baseline_04_yaw_rotation_ATT_trained_hybrid_prediction_outputs.csv,Yaw_hybrid_prediction
5.500299,0,354.4205627441406,354.4205627441406,172.59638900756835,181.82417373657228,181.82417373657228,0.003797,1,10.0,181.84043060302733,1,1,1,baseline_04_yaw_rotation,Yaw,pulse,W10_N3_mean1.5x,/home/tchowdh4/sensor_recovery_project/prediction_results_v9_trained_hybrid/baseline_04_yaw_rotation_ATT_trained_hybrid_prediction_outputs.csv,Yaw_hybrid_prediction
5.600259,0,354.4183959960937,354.4183959960937,172.5907035827637,181.82769241333,181.82769241333,0.003797,1,10.0,181.83758415222167,1,1,1,baseline_04_yaw_rotation,Yaw,pulse,W10_N3_mean1.5x,/home/tchowdh4/sensor_recovery_project/prediction_results_v9_trained_hybrid/baseline_04_yaw_rotation_ATT_trained_hybrid_prediction_outputs.csv,Yaw_hybrid_prediction
5.700219,0,354.4157409667969,354.4157409667969,172.58699340820314,181.82874755859373,181.82874755859373,0.003797,1,10.0,181.83510421752928,1,1,1,baseline_04_yaw_rotation,Yaw,pulse,W10_N3_mean1.5x,/home/tchowdh4/sensor_recovery_project/prediction_results_v9_trained_hybrid/baseline_04_yaw_rotation_ATT_trained_hybrid_prediction_outputs.csv,Yaw_hybrid_prediction
5.800179,0,354.4132080078125,354.4132080078125,172.5889976501465,181.824210357666,181.824210357666,0.003797,1,10.0,181.83292968749998,1,1,1,baseline_04_yaw_rotation,Yaw,pulse,W10_N3_mean1.5x,/home/tchowdh4/sensor_recovery_project/prediction_results_v9_trained_hybrid/baseline_04_yaw_rotation_ATT_trained_hybrid_prediction_outputs.csv,Yaw_hybrid_prediction
5.900139,0,354.41082763671875,354.41082763671875,172.59421615600587,181.81661148071288,181.81661148071288,0.003797,1,10.0,181.8304074859619,1,1,1,baseline_04_yaw_rotation,Yaw,pulse,W10_N3_mean1.5x,/home/tchowdh4/sensor_recovery_project/prediction_results_v9_trained_hybrid/baseline_04_yaw_rotation_ATT_trained_hybrid_prediction_outputs.csv,Yaw_hybrid_prediction
6.000099,0,354.4084167480469,354.4084167480469,172.59600372314455,181.81241302490233,181.81241302490233,0.003797,1,10.0,181.82741775512696,1,1,1,baseline_04_yaw_rotation,Yaw,pulse,W10_N3_mean1.5x,/home/tchowdh4/sensor_recovery_project/prediction_results_v9_trained_hybrid/baseline_04_yaw_rotation_ATT_trained_hybrid_prediction_outputs.csv,Yaw_hybrid_prediction
6.100059,0,354.4059753417969,354.4059753417969,172.59168395996096,181.81429138183591,181.81429138183591,0.003797,1,10.0,181.8246033477783,1,1,1,baseline_04_yaw_rotation,Yaw,pulse,W10_N3_mean1.5x,/home/tchowdh4/sensor_recovery_project/prediction_results_v9_trained_hybrid/baseline_04_yaw_rotation_ATT_trained_hybrid_prediction_outputs.csv,Yaw_hybrid_prediction
6.200019,0,354.40350341796875,354.40350341796875,172.58559188842776,181.817911529541,181.817911529541,0.003797,1,10.0,181.82240165710448,1,1,1,baseline_04_yaw_rotation,Yaw,pulse,W10_N3_mean1.5x,/home/tchowdh4/sensor_recovery_project/prediction_results_v9_trained_hybrid/baseline_04_yaw_rotation_ATT_trained_hybrid_prediction_outputs.csv,Yaw_hybrid_prediction
6.300812,0,354.4007263183594,354.4007263183594,172.5841377258301,181.81658859252929,181.81658859252929,0.003797,1,10.0,181.82081954956053,1,1,1,baseline_04_yaw_rotation,Yaw,pulse,W10_N3_mean1.5x,/home/tchowdh4/sensor_recovery_project/prediction_results_v9_trained_hybrid/baseline_04_yaw_rotation_ATT_trained_hybrid_prediction_outputs.csv,Yaw_hybrid_prediction
6.400772,0,354.3977355957031,354.3977355957031,172.58863067626953,181.8091049194336,181.8091049194336,0.003797,1,10.0,181.8191744995117,1,1,1,baseline_04_yaw_rotation,Yaw,pulse,W10_N3_mean1.5x,/home/tchowdh4/sensor_recovery_project/prediction_results_v9_trained_hybrid/baseline_04_yaw_rotation_ATT_trained_hybrid_prediction_outputs.csv,Yaw_hybrid_prediction
6.500732,0,354.3952331542969,354.3952331542969,172.5932159423828,181.80201721191406,181.80201721191406,0.003797,1,10.0,181.81695884704587,1,1,1,baseline_04_yaw_rotation,Yaw,pulse,W10_N3_mean1.5x,/home/tchowdh4/sensor_recovery_project/prediction_results_v9_trained_hybrid/baseline_04_yaw_rotation_ATT_trained_hybrid_prediction_outputs.csv,Yaw_hybrid_prediction
6.600692,0,354.392822265625,354.392822265625,172.59425277709963,181.79856948852537,181.79856948852537,0.003797,1,10.0,181.81404655456544,1,1,1,baseline_04_yaw_rotation,Yaw,pulse,W10_N3_mean1.5x,/home/tchowdh4/sensor_recovery_project/prediction_results_v9_trained_hybrid/baseline_04_yaw_rotation_ATT_trained_hybrid_prediction_outputs.csv,Yaw_hybrid_prediction
6.700652,0,354.390380859375,354.390380859375,172.5881561279297,181.8022247314453,181.8022247314453,0.003797,1,10.0,181.8113942718506,1,1,1,baseline_04_yaw_rotation,Yaw,pulse,W10_N3_mean1.5x,/home/tchowdh4/sensor_recovery_project/prediction_results_v9_trained_hybrid/baseline_04_yaw_rotation_ATT_trained_hybrid_prediction_outputs.csv,Yaw_hybrid_prediction
6.800612,0,354.3878173828125,354.3878173828125,172.58385696411136,181.80396041870114,181.80396041870114,0.003797,1,10.0,181.8093692779541,1,1,1,baseline_04_yaw_rotation,Yaw,pulse,W10_N3_mean1.5x,/home/tchowdh4/sensor_recovery_project/prediction_results_v9_trained_hybrid/baseline_04_yaw_rotation_ATT_trained_hybrid_prediction_outputs.csv,Yaw_hybrid_prediction
6.900572,0,354.3851318359375,354.3851318359375,172.5845474243164,181.8005844116211,181.8005844116211,0.003797,1,10.0,181.8077665710449,1,1,1,baseline_04_yaw_rotation,Yaw,pulse,W10_N3_mean1.5x,/home/tchowdh4/sensor_recovery_project/prediction_results_v9_trained_hybrid/baseline_04_yaw_rotation_ATT_trained_hybrid_prediction_outputs.csv,Yaw_hybrid_prediction
7.000532,0,354.3826599121094,354.3826599121094,172.59038925170898,181.7922706604004,181.7922706604004,0.003797,1,10.0,181.80575233459473,1,1,1,baseline_04_yaw_rotation,Yaw,pulse,W10_N3_mean1.5x,/home/tchowdh4/sensor_recovery_project/prediction_results_v9_trained_hybrid/baseline_04_yaw_rotation_ATT_trained_hybrid_prediction_outputs.csv,Yaw_hybrid_prediction
7.100492,0,354.37994384765625,354.37994384765625,172.5945556640625,181.78538818359374,181.78538818359374,0.003797,1,10.0,181.80286201477048,1,1,1,baseline_04_yaw_rotation,Yaw,pulse,W10_N3_mean1.5x,/home/tchowdh4/sensor_recovery_project/prediction_results_v9_trained_hybrid/baseline_04_yaw_rotation_ATT_trained_hybrid_prediction_outputs.csv,Yaw_hybrid_prediction
7.200452,0,354.3773498535156,354.3773498535156,172.59394454956055,181.78340530395508,181.78340530395508,0.003797,1,10.0,181.79941139221188,1,1,1,baseline_04_yaw_rotation,Yaw,pulse,W10_N3_mean1.5x,/home/tchowdh4/sensor_recovery_project/prediction_results_v9_trained_hybrid/baseline_04_yaw_rotation_ATT_trained_hybrid_prediction_outputs.csv,Yaw_hybrid_prediction
7.300412,0,354.374755859375,354.374755859375,172.58829040527343,181.78646545410157,181.78646545410157,0.003797,1,10.0,181.79639907836912,1,1,1,baseline_04_yaw_rotation,Yaw,pulse,W10_N3_mean1.5x,/home/tchowdh4/sensor_recovery_project/prediction_results_v9_trained_hybrid/baseline_04_yaw_rotation_ATT_trained_hybrid_prediction_outputs.csv,Yaw_hybrid_prediction
7.400372,0,354.3747863769531,354.3747863769531,172.58293685913088,181.79184951782224,181.79184951782224,0.003797,1,10.0,181.79467353820797,1,1,1,baseline_04_yaw_rotation,Yaw,pulse,W10_N3_mean1.5x,/home/tchowdh4/sensor_recovery_project/prediction_results_v9_trained_hybrid/baseline_04_yaw_rotation_ATT_trained_hybrid_prediction_outputs.csv,Yaw_hybrid_prediction
7.500332,0,354.3778686523437,354.3778686523437,172.58486480712892,181.79300384521477,181.79300384521477,0.003797,1,10.0,181.79377220153808,1,1,1,baseline_04_yaw_rotation,Yaw,pulse,W10_N3_mean1.5x,/home/tchowdh4/sensor_recovery_project/prediction_results_v9_trained_hybrid/baseline_04_yaw_rotation_ATT_trained_hybrid_prediction_outputs.csv,Yaw_hybrid_prediction
7.600292,0,354.38092041015625,354.38092041015625,172.59061737060546,181.7903030395508,181.7903030395508,0.003797,1,10.0,181.7929455566406,1,1,1,baseline_04_yaw_rotation,Yaw,pulse,W10_N3_mean1.5x,/home/tchowdh4/sensor_recovery_project/prediction_results_v9_trained_hybrid/baseline_04_yaw_rotation_ATT_trained_hybrid_prediction_outputs.csv,Yaw_hybrid_prediction
7.700252,0,354.38287353515625,354.38287353515625,172.5940933227539,181.78878021240234,181.78878021240234,0.003797,1,10.0,181.79160110473632,1,1,1,baseline_04_yaw_rotation,Yaw,pulse,W10_N3_mean1.5x,/home/tchowdh4/sensor_recovery_project/prediction_results_v9_trained_hybrid/baseline_04_yaw_rotation_ATT_trained_hybrid_prediction_outputs.csv,Yaw_hybrid_prediction
7.800212,0,354.3839416503906,354.3839416503906,172.59098052978516,181.79296112060547,181.79296112060547,0.003797,1,10.0,181.79050117492676,1,1,1,baseline_04_yaw_rotation,Yaw,pulse,W10_N3_mean1.5x,/home/tchowdh4/sensor_recovery_project/prediction_results_v9_trained_hybrid/baseline_04_yaw_rotation_ATT_trained_hybrid_prediction_outputs.csv,Yaw_hybrid_prediction
7.900172,0,354.38433837890625,354.38433837890625,172.58598403930665,181.7983543395996,181.7983543395996,0.003797,1,10.0,181.79027816772458,1,1,1,baseline_04_yaw_rotation,Yaw,pulse,W10_N3_mean1.5x,/home/tchowdh4/sensor_recovery_project/prediction_results_v9_trained_hybrid/baseline_04_yaw_rotation_ATT_trained_hybrid_prediction_outputs.csv,Yaw_hybrid_prediction
8.000132,0,354.3846130371094,354.3846130371094,172.58606109619143,181.79855194091795,181.79855194091795,0.003797,1,10.0,181.79090629577635,1,1,1,baseline_04_yaw_rotation,Yaw,pulse,W10_N3_mean1.5x,/home/tchowdh4/sensor_recovery_project/prediction_results_v9_trained_hybrid/baseline_04_yaw_rotation_ATT_trained_hybrid_prediction_outputs.csv,Yaw_hybrid_prediction
8.100092,0,354.3851623535156,354.3851623535156,172.59038162231445,181.79478073120117,181.79478073120117,0.003797,1,10.0,181.79184555053712,1,1,1,baseline_04_yaw_rotation,Yaw,pulse,W10_N3_mean1.5x,/home/tchowdh4/sensor_recovery_project/prediction_results_v9_trained_hybrid/baseline_04_yaw_rotation_ATT_trained_hybrid_prediction_outputs.csv,Yaw_hybrid_prediction
8.200052,0,354.3855285644531,354.3855285644531,172.59269943237305,181.79282913208007,181.79282913208007,0.003797,1,10.0,181.79278793334962,1,1,1,baseline_04_yaw_rotation,Yaw,pulse,W10_N3_mean1.5x,/home/tchowdh4/sensor_recovery_project/prediction_results_v9_trained_hybrid/baseline_04_yaw_rotation_ATT_trained_hybrid_prediction_outputs.csv,Yaw_hybrid_prediction
8.300012,0,354.3853759765625,354.3853759765625,172.58945236206057,181.79592361450193,181.79592361450193,0.003797,1,10.0,181.79373374938962,1,1,1,baseline_04_yaw_rotation,Yaw,pulse,W10_N3_mean1.5x,/home/tchowdh4/sensor_recovery_project/prediction_results_v9_trained_hybrid/baseline_04_yaw_rotation_ATT_trained_hybrid_prediction_outputs.csv,Yaw_hybrid_prediction
8.400805,0,354.38482666015625,354.38482666015625,172.58478012084962,181.80004653930663,181.80004653930663,0.003797,1,10.0,181.7945534515381,1,1,1,baseline_04_yaw_rotation,Yaw,pulse,W10_N3_mean1.5x,/home/tchowdh4/sensor_recovery_project/prediction_results_v9_trained_hybrid/baseline_04_yaw_rotation_ATT_trained_hybrid_prediction_outputs.csv,Yaw_hybrid_prediction
8.500765,0,354.3843078613281,354.3843078613281,172.5852897644043,181.79901809692382,181.79901809692382,0.003797,1,10.0,181.79515487670898,1,1,1,baseline_04_yaw_rotation,Yaw,pulse,W10_N3_mean1.5x,/home/tchowdh4/sensor_recovery_project/prediction_results_v9_trained_hybrid/baseline_04_yaw_rotation_ATT_trained_hybrid_prediction_outputs.csv,Yaw_hybrid_prediction
8.600725,0,354.383544921875,354.383544921875,172.58945083618164,181.79409408569336,181.79409408569336,0.003797,1,10.0,181.79553398132325,1,1,1,baseline_04_yaw_rotation,Yaw,pulse,W10_N3_mean1.5x,/home/tchowdh4/sensor_recovery_project/prediction_results_v9_trained_hybrid/baseline_04_yaw_rotation_ATT_trained_hybrid_prediction_outputs.csv,Yaw_hybrid_prediction
8.700685,0,354.3832702636719,354.3832702636719,172.59146118164062,181.79180908203125,181.79180908203125,0.003797,1,10.0,181.79583686828613,1,1,1,baseline_04_yaw_rotation,Yaw,pulse,W10_N3_mean1.5x,/home/tchowdh4/sensor_recovery_project/prediction_results_v9_trained_hybrid/baseline_04_yaw_rotation_ATT_trained_hybrid_prediction_outputs.csv,Yaw_hybrid_prediction
8.800645,0,354.3831787109375,354.3831787109375,172.58839416503906,181.79478454589844,181.79478454589844,0.003797,1,10.0,181.79601921081544,1,1,1,baseline_04_yaw_rotation,Yaw,pulse,W10_N3_mean1.5x,/home/tchowdh4/sensor_recovery_project/prediction_results_v9_trained_hybrid/baseline_04_yaw_rotation_ATT_trained_hybrid_prediction_outputs.csv,Yaw_hybrid_prediction
8.900605,0,354.38348388671875,354.38348388671875,172.58497390747073,181.79850997924802,181.79850997924802,0.003797,1,10.0,181.79603477478025,1,1,1,baseline_04_yaw_rotation,Yaw,pulse,W10_N3_mean1.5x,/home/tchowdh4/sensor_recovery_project/prediction_results_v9_trained_hybrid/baseline_04_yaw_rotation_ATT_trained_hybrid_prediction_outputs.csv,Yaw_hybrid_prediction
9.000565,0,354.38409423828125,354.38409423828125,172.58647308349612,181.79762115478513,181.79762115478513,0.003797,1,10.0,181.79594169616698,1,1,1,baseline_04_yaw_rotation,Yaw,pulse,W10_N3_mean1.5x,/home/tchowdh4/sensor_recovery_project/prediction_results_v9_trained_hybrid/baseline_04_yaw_rotation_ATT_trained_hybrid_prediction_outputs.csv,Yaw_hybrid_prediction
9.100525,0,352.58172607421875,352.58172607421875,172.59116287231444,179.9905632019043,179.9905632019043,0.003797,1,10.0,181.6155199432373,1,1,1,baseline_04_yaw_rotation,Yaw,pulse,W10_N3_mean1.5x,/home/tchowdh4/sensor_recovery_project/prediction_results_v9_trained_hybrid/baseline_04_yaw_rotation_ATT_trained_hybrid_prediction_outputs.csv,Yaw_hybrid_prediction
9.200485,0,352.58062744140625,352.58062744140625,172.593253326416,179.98737411499025,179.98737411499025,0.003797,1,10.0,181.4349744415283,1,1,1,baseline_04_yaw_rotation,Yaw,pulse,W10_N3_mean1.5x,/home/tchowdh4/sensor_recovery_project/prediction_results_v9_trained_hybrid/baseline_04_yaw_rotation_ATT_trained_hybrid_prediction_outputs.csv,Yaw_hybrid_prediction
9.300445,0,352.57940673828125,352.57940673828125,172.589624786377,179.98978195190426,179.98978195190426,0.003797,1,10.0,181.25436027526854,1,1,1,baseline_04_yaw_rotation,Yaw,pulse,W10_N3_mean1.5x,/home/tchowdh4/sensor_recovery_project/prediction_results_v9_trained_hybrid/baseline_04_yaw_rotation_ATT_trained_hybrid_prediction_outputs.csv,Yaw_hybrid_prediction
9.400405,0,352.58721923828125,352.58721923828125,172.58452606201172,180.00269317626953,180.00269317626953,0.003797,1,10.0,181.07462493896483,1,1,1,baseline_04_yaw_rotation,Yaw,pulse,W10_N3_mean1.5x,/home/tchowdh4/sensor_recovery_project/prediction_results_v9_trained_hybrid/baseline_04_yaw_rotation_ATT_trained_hybrid_prediction_outputs.csv,Yaw_hybrid_prediction
9.500365,0,352.5997314453125,352.5997314453125,172.58364410400392,180.01608734130858,180.01608734130858,0.003797,1,10.0,180.8963318634033,1,1,1,baseline_04_yaw_rotation,Yaw,pulse,W10_N3_mean1.5x,/home/tchowdh4/sensor_recovery_project/prediction_results_v9_trained_hybrid/baseline_04_yaw_rotation_ATT_trained_hybrid_prediction_outputs.csv,Yaw_hybrid_prediction
9.600325,0,352.61090087890625,352.61090087890625,172.58808364868165,180.0228172302246,180.0228172302246,0.003797,1,10.0,180.71920417785643,1,1,1,baseline_04_yaw_rotation,Yaw,pulse,W10_N3_mean1.5x,/home/tchowdh4/sensor_recovery_project/prediction_results_v9_trained_hybrid/baseline_04_yaw_rotation_ATT_trained_hybrid_prediction_outputs.csv,Yaw_hybrid_prediction
9.700285,0,352.618408203125,352.618408203125,172.59097518920902,180.02743301391598,180.02743301391598,0.003797,1,10.0,180.54276657104492,1,1,1,baseline_04_yaw_rotation,Yaw,pulse,W10_N3_mean1.5x,/home/tchowdh4/sensor_recovery_project/prediction_results_v9_trained_hybrid/baseline_04_yaw_rotation_ATT_trained_hybrid_prediction_outputs.csv,Yaw_hybrid_prediction
9.800245,0,352.6235046386719,352.6235046386719,172.59049301147462,180.03301162719725,180.03301162719725,0.003797,1,10.0,180.3665892791748,1,1,1,baseline_04_yaw_rotation,Yaw,pulse,W10_N3_mean1.5x,/home/tchowdh4/sensor_recovery_project/prediction_results_v9_trained_hybrid/baseline_04_yaw_rotation_ATT_trained_hybrid_prediction_outputs.csv,Yaw_hybrid_prediction
9.900205,0,352.6253967285156,352.6253967285156,172.58830413818362,180.037092590332,180.037092590332,0.003797,1,10.0,180.19044754028317,1,1,1,baseline_04_yaw_rotation,Yaw,pulse,W10_N3_mean1.5x,/home/tchowdh4/sensor_recovery_project/prediction_results_v9_trained_hybrid/baseline_04_yaw_rotation_ATT_trained_hybrid_prediction_outputs.csv,Yaw_hybrid_prediction
10.000165,0,352.6274719238281,352.6274719238281,172.58761062622074,180.0398612976074,180.0398612976074,0.003797,1,10.0,180.01467155456538,1,1,1,baseline_04_yaw_rotation,Yaw,pulse,W10_N3_mean1.5x,/home/tchowdh4/sensor_recovery_project/prediction_results_v9_trained_hybrid/baseline_04_yaw_rotation_ATT_trained_hybrid_prediction_outputs.csv,Yaw_hybrid_prediction
10.100125,0,352.6259460449219,352.6259460449219,172.58671722412112,180.03922882080076,180.03922882080076,0.003797,1,10.0,180.01953811645507,1,1,1,baseline_04_yaw_rotation,Yaw,pulse,W10_N3_mean1.5x,/home/tchowdh4/sensor_recovery_project/prediction_results_v9_trained_hybrid/baseline_04_yaw_rotation_ATT_trained_hybrid_prediction_outputs.csv,Yaw_hybrid_prediction
10.200085,0,352.6224365234375,352.6224365234375,172.5859031677246,180.0365333557129,180.0365333557129,0.003797,1,10.0,180.02445404052733,1,1,1,baseline_04_yaw_rotation,Yaw,pulse,W10_N3_mean1.5x,/home/tchowdh4/sensor_recovery_project/prediction_results_v9_trained_hybrid/baseline_04_yaw_rotation_ATT_trained_hybrid_prediction_outputs.csv,Yaw_hybrid_prediction
10.300045,0,352.6197204589844,352.6197204589844,172.58572616577152,180.03399429321286,180.03399429321286,0.003797,1,10.0,180.0288752746582,1,1,1,baseline_04_yaw_rotation,Yaw,pulse,W10_N3_mean1.5x,/home/tchowdh4/sensor_recovery_project/prediction_results_v9_trained_hybrid/baseline_04_yaw_rotation_ATT_trained_hybrid_prediction_outputs.csv,Yaw_hybrid_prediction
10.400005,0,352.62042236328125,352.62042236328125,172.58628387451174,180.0341384887695,180.0341384887695,0.003797,1,10.0,180.0320198059082,1,1,1,baseline_04_yaw_rotation,Yaw,pulse,W10_N3_mean1.5x,/home/tchowdh4/sensor_recovery_project/prediction_results_v9_trained_hybrid/baseline_04_yaw_rotation_ATT_trained_hybrid_prediction_outputs.csv,Yaw_hybrid_prediction
10.500798,0,352.62225341796875,352.62225341796875,172.5864028930664,180.03585052490234,180.03585052490234,0.003797,1,10.0,180.03399612426756,1,1,1,baseline_04_yaw_rotation,Yaw,pulse,W10_N3_mean1.5x,/home/tchowdh4/sensor_recovery_project/prediction_results_v9_trained_hybrid/baseline_04_yaw_rotation_ATT_trained_hybrid_prediction_outputs.csv,Yaw_hybrid_prediction
10.600758,0,352.62744140625,352.62744140625,172.58700485229494,180.04043655395506,180.04043655395506,0.003797,1,10.0,180.0357580566406,1,1,1,baseline_04_yaw_rotation,Yaw,pulse,W10_N3_mean1.5x,/home/tchowdh4/sensor_recovery_project/prediction_results_v9_trained_hybrid/baseline_04_yaw_rotation_ATT_trained_hybrid_prediction_outputs.csv,Yaw_hybrid_prediction
10.700718,0,352.62713623046875,352.62713623046875,172.5864540100098,180.04068222045896,180.04068222045896,0.003797,1,10.0,180.03708297729492,1,1,1,baseline_04_yaw_rotation,Yaw,pulse,W10_N3_mean1.5x,/home/tchowdh4/sensor_recovery_project/prediction_results_v9_trained_hybrid/baseline_04_yaw_rotation_ATT_trained_hybrid_prediction_outputs.csv,Yaw_hybrid_prediction
10.800678,0,352.62420654296875,352.62420654296875,172.5863739013672,180.03783264160154,180.03783264160154,0.003797,1,10.0,180.03756507873533,1,1,1,baseline_04_yaw_rotation,Yaw,pulse,W10_N3_mean1.5x,/home/tchowdh4/sensor_recovery_project/prediction_results_v9_trained_hybrid/baseline_04_yaw_rotation_ATT_trained_hybrid_prediction_outputs.csv,Yaw_hybrid_prediction
10.900638,0,352.6211242675781,352.6211242675781,172.58613357543948,180.03499069213865,180.03499069213865,0.003797,1,10.0,180.037354888916,1,1,1,baseline_04_yaw_rotation,Yaw,pulse,W10_N3_mean1.5x,/home/tchowdh4/sensor_recovery_project/prediction_results_v9_trained_hybrid/baseline_04_yaw_rotation_ATT_trained_hybrid_prediction_outputs.csv,Yaw_hybrid_prediction
11.000598,0,352.6211242675781,352.6211242675781,172.5867156982422,180.03440856933594,180.03440856933594,0.003797,1,10.0,180.03680961608885,1,1,1,baseline_04_yaw_rotation,Yaw,pulse,W10_N3_mean1.5x,/home/tchowdh4/sensor_recovery_project/prediction_results_v9_trained_hybrid/baseline_04_yaw_rotation_ATT_trained_hybrid_prediction_outputs.csv,Yaw_hybrid_prediction
11.100558,0,352.6185913085937,352.6185913085937,172.58687896728517,180.03171234130852,180.03171234130852,0.003797,1,10.0,180.03605796813963,1,1,1,baseline_04_yaw_rotation,Yaw,pulse,W10_N3_mean1.5x,/home/tchowdh4/sensor_recovery_project/prediction_results_v9_trained_hybrid/baseline_04_yaw_rotation_ATT_trained_hybrid_prediction_outputs.csv,Yaw_hybrid_prediction
11.200518,0,352.6175842285156,352.6175842285156,172.58621749877932,180.0313667297363,180.0313667297363,0.003797,1,10.0,180.03554130554195,1,1,1,baseline_04_yaw_rotation,Yaw,pulse,W10_N3_mean1.5x,/home/tchowdh4/sensor_recovery_project/prediction_results_v9_trained_hybrid/baseline_04_yaw_rotation_ATT_trained_hybrid_prediction_outputs.csv,Yaw_hybrid_prediction
11.300478,0,352.6151733398437,352.6151733398437,172.5853225708008,180.0298507690429,180.0298507690429,0.003797,1,10.0,180.03512695312497,1,1,1,baseline_04_yaw_rotation,Yaw,pulse,W10_N3_mean1.5x,/home/tchowdh4/sensor_recovery_project/prediction_results_v9_trained_hybrid/baseline_04_yaw_rotation_ATT_trained_hybrid_prediction_outputs.csv,Yaw_hybrid_prediction
11.400438,0,352.6112365722656,352.6112365722656,172.5875297546387,180.02370681762693,180.02370681762693,0.003797,1,10.0,180.03408378601074,1,1,1,baseline_04_yaw_rotation,Yaw,pulse,W10_N3_mean1.5x,/home/tchowdh4/sensor_recovery_project/prediction_results_v9_trained_hybrid/baseline_04_yaw_rotation_ATT_trained_hybrid_prediction_outputs.csv,Yaw_hybrid_prediction
11.500398,0,352.6065673828125,352.6065673828125,172.58780593872072,180.01876144409178,180.01876144409178,0.003797,1,10.0,180.03237487792967,1,1,1,baseline_04_yaw_rotation,Yaw,pulse,W10_N3_mean1.5x,/home/tchowdh4/sensor_recovery_project/prediction_results_v9_trained_hybrid/baseline_04_yaw_rotation_ATT_trained_hybrid_prediction_outputs.csv,Yaw_hybrid_prediction
11.600358,0,352.6044921875,352.6044921875,172.58613052368165,180.01836166381835,180.01836166381835,0.003797,1,10.0,180.03016738891597,1,1,1,baseline_04_yaw_rotation,Yaw,pulse,W10_N3_mean1.5x,/home/tchowdh4/sensor_recovery_project/prediction_results_v9_trained_hybrid/baseline_04_yaw_rotation_ATT_trained_hybrid_prediction_outputs.csv,Yaw_hybrid_prediction
11.700318,0,352.6031799316406,352.6031799316406,172.5848587036133,180.01832122802733,180.01832122802733,0.003797,1,10.0,180.02793128967284,1,1,1,baseline_04_yaw_rotation,Yaw,pulse,W10_N3_mean1.5x,/home/tchowdh4/sensor_recovery_project/prediction_results_v9_trained_hybrid/baseline_04_yaw_rotation_ATT_trained_hybrid_prediction_outputs.csv,Yaw_hybrid_prediction
11.800278,0,352.6044616699219,352.6044616699219,172.58526687622071,180.01919479370116,180.01919479370116,0.003797,1,10.0,180.02606750488277,1,1,1,baseline_04_yaw_rotation,Yaw,pulse,W10_N3_mean1.5x,/home/tchowdh4/sensor_recovery_project/prediction_results_v9_trained_hybrid/baseline_04_yaw_rotation_ATT_trained_hybrid_prediction_outputs.csv,Yaw_hybrid_prediction
11.900238,0,352.6053161621094,352.6053161621094,172.58713989257814,180.01817626953124,180.01817626953124,0.003797,1,10.0,180.02438606262203,1,1,1,baseline_04_yaw_rotation,Yaw,pulse,W10_N3_mean1.5x,/home/tchowdh4/sensor_recovery_project/prediction_results_v9_trained_hybrid/baseline_04_yaw_rotation_ATT_trained_hybrid_prediction_outputs.csv,Yaw_hybrid_prediction
12.000198,0,352.6062927246094,352.6062927246094,172.5874954223633,180.01879730224607,180.01879730224607,0.003797,1,10.0,180.02282493591306,1,1,1,baseline_04_yaw_rotation,Yaw,pulse,W10_N3_mean1.5x,/home/tchowdh4/sensor_recovery_project/prediction_results_v9_trained_hybrid/baseline_04_yaw_rotation_ATT_trained_hybrid_prediction_outputs.csv,Yaw_hybrid_prediction
12.100158,0,352.6048278808594,352.6048278808594,172.58588943481448,180.0189384460449,180.0189384460449,0.003797,1,10.0,180.02154754638667,1,1,1,baseline_04_yaw_rotation,Yaw,pulse,W10_N3_mean1.5x,/home/tchowdh4/sensor_recovery_project/prediction_results_v9_trained_hybrid/baseline_04_yaw_rotation_ATT_trained_hybrid_prediction_outputs.csv,Yaw_hybrid_prediction
12.200118,0,352.6036682128906,352.6036682128906,172.5855537414551,180.01811447143552,180.01811447143552,0.003797,1,10.0,180.02022232055663,1,1,1,baseline_04_yaw_rotation,Yaw,pulse,W10_N3_mean1.5x,/home/tchowdh4/sensor_recovery_project/prediction_results_v9_trained_hybrid/baseline_04_yaw_rotation_ATT_trained_hybrid_prediction_outputs.csv,Yaw_hybrid_prediction
12.300078,0,352.60333251953125,352.60333251953125,172.584009552002,180.01932296752926,180.01932296752926,0.003797,1,10.0,180.01916954040524,1,1,1,baseline_04_yaw_rotation,Yaw,pulse,W10_N3_mean1.5x,/home/tchowdh4/sensor_recovery_project/prediction_results_v9_trained_hybrid/baseline_04_yaw_rotation_ATT_trained_hybrid_prediction_outputs.csv,Yaw_hybrid_prediction
12.400038,0,352.6033935546875,352.6033935546875,172.58404083251955,180.01935272216795,180.01935272216795,0.003797,1,10.0,180.01873413085934,1,1,1,baseline_04_yaw_rotation,Yaw,pulse,W10_N3_mean1.5x,/home/tchowdh4/sensor_recovery_project/prediction_results_v9_trained_hybrid/baseline_04_yaw_rotation_ATT_trained_hybrid_prediction_outputs.csv,Yaw_hybrid_prediction
12.499998,0,352.60028076171875,352.60028076171875,172.58411712646486,180.0161636352539,180.0161636352539,0.003797,1,10.0,180.01847434997558,1,1,1,baseline_04_yaw_rotation,Yaw,pulse,W10_N3_mean1.5x,/home/tchowdh4/sensor_recovery_project/prediction_results_v9_trained_hybrid/baseline_04_yaw_rotation_ATT_trained_hybrid_prediction_outputs.csv,Yaw_hybrid_prediction
12.600791,0,352.59820556640625,352.59820556640625,172.5884246826172,180.00978088378906,180.00978088378906,0.003797,1,10.0,180.01761627197266,1,1,1,baseline_04_yaw_rotation,Yaw,pulse,W10_N3_mean1.5x,/home/tchowdh4/sensor_recovery_project/prediction_results_v9_trained_hybrid/baseline_04_yaw_rotation_ATT_trained_hybrid_prediction_outputs.csv,Yaw_hybrid_prediction
12.700751,0,352.59765625,352.59765625,172.58890075683593,180.00875549316407,180.00875549316407,0.003797,1,10.0,180.0166596984863,1,1,1,baseline_04_yaw_rotation,Yaw,pulse,W10_N3_mean1.5x,/home/tchowdh4/sensor_recovery_project/prediction_results_v9_trained_hybrid/baseline_04_yaw_rotation_ATT_trained_hybrid_prediction_outputs.csv,Yaw_hybrid_prediction
12.800711,0,352.5984802246094,352.5984802246094,172.5847900390625,180.01369018554686,180.01369018554686,0.003797,1,10.0,180.0161092376709,1,1,1,baseline_04_yaw_rotation,Yaw,pulse,W10_N3_mean1.5x,/home/tchowdh4/sensor_recovery_project/prediction_results_v9_trained_hybrid/baseline_04_yaw_rotation_ATT_trained_hybrid_prediction_outputs.csv,Yaw_hybrid_prediction
12.900671,0,352.5993347167969,352.5993347167969,172.58072433471682,180.01861038208006,180.01861038208006,0.003797,1,10.0,180.01615264892578,1,1,1,baseline_04_yaw_rotation,Yaw,pulse,W10_N3_mean1.5x,/home/tchowdh4/sensor_recovery_project/prediction_results_v9_trained_hybrid/baseline_04_yaw_rotation_ATT_trained_hybrid_prediction_outputs.csv,Yaw_hybrid_prediction
13.000631,0,352.6003112792969,352.6003112792969,172.58148422241212,180.01882705688476,180.01882705688476,0.003797,1,10.0,180.01615562438963,1,1,1,baseline_04_yaw_rotation,Yaw,pulse,W10_N3_mean1.5x,/home/tchowdh4/sensor_recovery_project/prediction_results_v9_trained_hybrid/baseline_04_yaw_rotation_ATT_trained_hybrid_prediction_outputs.csv,Yaw_hybrid_prediction
13.100591,0,352.6007080078125,352.6007080078125,172.58585205078126,180.01485595703124,180.01485595703124,0.003797,1,10.0,180.01574737548827,1,1,1,baseline_04_yaw_rotation,Yaw,pulse,W10_N3_mean1.5x,/home/tchowdh4/sensor_recovery_project/prediction_results_v9_trained_hybrid/baseline_04_yaw_rotation_ATT_trained_hybrid_prediction_outputs.csv,Yaw_hybrid_prediction
13.200551,0,352.6006164550781,352.6006164550781,172.58867568969728,180.01194076538084,180.01194076538084,0.003797,1,10.0,180.0151300048828,1,1,1,baseline_04_yaw_rotation,Yaw,pulse,W10_N3_mean1.5x,/home/tchowdh4/sensor_recovery_project/prediction_results_v9_trained_hybrid/baseline_04_yaw_rotation_ATT_trained_hybrid_prediction_outputs.csv,Yaw_hybrid_prediction
13.300511,0,352.6001281738281,352.6001281738281,172.58797760009767,180.01215057373045,180.01215057373045,0.003797,1,10.0,180.01441276550293,1,1,1,baseline_04_yaw_rotation,Yaw,pulse,W10_N3_mean1.5x,/home/tchowdh4/sensor_recovery_project/prediction_results_v9_trained_hybrid/baseline_04_yaw_rotation_ATT_trained_hybrid_prediction_outputs.csv,Yaw_hybrid_prediction
13.400471,0,352.5998840332031,352.5998840332031,172.58643875122073,180.0134452819824,180.0134452819824,0.003797,1,10.0,180.01382202148437,1,1,1,baseline_04_yaw_rotation,Yaw,pulse,W10_N3_mean1.5x,/home/tchowdh4/sensor_recovery_project/prediction_results_v9_trained_hybrid/baseline_04_yaw_rotation_ATT_trained_hybrid_prediction_outputs.csv,Yaw_hybrid_prediction
13.500431,0,352.599609375,352.599609375,172.58231887817385,180.01729049682615,180.01729049682615,0.003797,1,10.0,180.01393470764157,1,1,1,baseline_04_yaw_rotation,Yaw,pulse,W10_N3_mean1.5x,/home/tchowdh4/sensor_recovery_project/prediction_results_v9_trained_hybrid/baseline_04_yaw_rotation_ATT_trained_hybrid_prediction_outputs.csv,Yaw_hybrid_prediction
13.600391,0,352.5998229980469,352.5998229980469,172.58207015991212,180.01775283813475,180.01775283813475,0.003797,1,10.0,180.01473190307618,1,1,1,baseline_04_yaw_rotation,Yaw,pulse,W10_N3_mean1.5x,/home/tchowdh4/sensor_recovery_project/prediction_results_v9_trained_hybrid/baseline_04_yaw_rotation_ATT_trained_hybrid_prediction_outputs.csv,Yaw_hybrid_prediction
13.700351,0,352.6004638671875,352.6004638671875,172.58625717163088,180.01420669555662,180.01420669555662,0.003797,1,10.0,180.0152770233154,1,1,1,baseline_04_yaw_rotation,Yaw,pulse,W10_N3_mean1.5x,/home/tchowdh4/sensor_recovery_project/prediction_results_v9_trained_hybrid/baseline_04_yaw_rotation_ATT_trained_hybrid_prediction_outputs.csv,Yaw_hybrid_prediction
13.800311,0,352.6011962890625,352.6011962890625,172.59063568115235,180.01056060791015,180.01056060791015,0.003797,1,10.0,180.01496406555174,1,1,1,baseline_04_yaw_rotation,Yaw,pulse,W10_N3_mean1.5x,/home/tchowdh4/sensor_recovery_project/prediction_results_v9_trained_hybrid/baseline_04_yaw_rotation_ATT_trained_hybrid_prediction_outputs.csv,Yaw_hybrid_prediction
13.900271,0,352.6009521484375,352.6009521484375,172.58932418823244,180.01162796020506,180.01162796020506,0.003797,1,10.0,180.01426582336424,1,1,1,baseline_04_yaw_rotation,Yaw,pulse,W10_N3_mean1.5x,/home/tchowdh4/sensor_recovery_project/prediction_results_v9_trained_hybrid/baseline_04_yaw_rotation_ATT_trained_hybrid_prediction_outputs.csv,Yaw_hybrid_prediction
14.000231,0,352.6001281738281,352.6001281738281,172.58529663085938,180.01483154296875,180.01483154296875,0.003797,1,10.0,180.01386627197263,1,1,1,baseline_04_yaw_rotation,Yaw,pulse,W10_N3_mean1.5x,/home/tchowdh4/sensor_recovery_project/prediction_results_v9_trained_hybrid/baseline_04_yaw_rotation_ATT_trained_hybrid_prediction_outputs.csv,Yaw_hybrid_prediction
14.100191,0,352.5989990234375,352.5989990234375,172.58318634033205,180.01581268310545,180.01581268310545,0.003797,1,10.0,180.01396194458007,1,1,1,baseline_04_yaw_rotation,Yaw,pulse,W10_N3_mean1.5x,/home/tchowdh4/sensor_recovery_project/prediction_results_v9_trained_hybrid/baseline_04_yaw_rotation_ATT_trained_hybrid_prediction_outputs.csv,Yaw_hybrid_prediction
14.200151,0,352.5983581542969,352.5983581542969,172.58313446044923,180.01522369384764,180.01522369384764,0.003797,1,10.0,180.01429023742674,1,1,1,baseline_04_yaw_rotation,Yaw,pulse,W10_N3_mean1.5x,/home/tchowdh4/sensor_recovery_project/prediction_results_v9_trained_hybrid/baseline_04_yaw_rotation_ATT_trained_hybrid_prediction_outputs.csv,Yaw_hybrid_prediction
14.300111,0,352.59820556640625,352.59820556640625,172.58271255493165,180.0154930114746,180.0154930114746,0.003797,1,10.0,180.01462448120117,1,1,1,baseline_04_yaw_rotation,Yaw,pulse,W10_N3_mean1.5x,/home/tchowdh4/sensor_recovery_project/prediction_results_v9_trained_hybrid/baseline_04_yaw_rotation_ATT_trained_hybrid_prediction_outputs.csv,Yaw_hybrid_prediction
14.400071,0,352.5979919433594,352.5979919433594,172.58271560668948,180.0152763366699,180.0152763366699,0.003797,1,10.0,180.01480758666992,1,1,1,baseline_04_yaw_rotation,Yaw,pulse,W10_N3_mean1.5x,/home/tchowdh4/sensor_recovery_project/prediction_results_v9_trained_hybrid/baseline_04_yaw_rotation_ATT_trained_hybrid_prediction_outputs.csv,Yaw_hybrid_prediction
14.500031,0,352.5980224609375,352.5980224609375,172.58341598510742,180.01460647583008,180.01460647583008,0.003797,1,10.0,180.0145391845703,1,1,1,baseline_04_yaw_rotation,Yaw,pulse,W10_N3_mean1.5x,/home/tchowdh4/sensor_recovery_project/prediction_results_v9_trained_hybrid/baseline_04_yaw_rotation_ATT_trained_hybrid_prediction_outputs.csv,Yaw_hybrid_prediction
14.600824,0,352.5985717773437,352.5985717773437,172.58401031494142,180.01456146240227,180.01456146240227,0.003797,1,10.0,180.01422004699705,1,1,1,baseline_04_yaw_rotation,Yaw,pulse,W10_N3_mean1.5x,/home/tchowdh4/sensor_recovery_project/prediction_results_v9_trained_hybrid/baseline_04_yaw_rotation_ATT_trained_hybrid_prediction_outputs.csv,Yaw_hybrid_prediction
14.700784,0,352.5995483398437,352.5995483398437,172.5838905334473,180.0156578063964,180.0156578063964,0.003797,1,10.0,180.01436515808103,1,1,1,baseline_04_yaw_rotation,Yaw,pulse,W10_N3_mean1.5x,/home/tchowdh4/sensor_recovery_project/prediction_results_v9_trained_hybrid/baseline_04_yaw_rotation_ATT_trained_hybrid_prediction_outputs.csv,Yaw_hybrid_prediction
14.800744,0,352.600341796875,352.600341796875,172.58465957641602,180.01568222045898,180.01568222045898,0.003797,1,10.0,180.0148773193359,1,1,1,baseline_04_yaw_rotation,Yaw,pulse,W10_N3_mean1.5x,/home/tchowdh4/sensor_recovery_project/prediction_results_v9_trained_hybrid/baseline_04_yaw_rotation_ATT_trained_hybrid_prediction_outputs.csv,Yaw_hybrid_prediction
14.900704,0,352.6009826660156,352.6009826660156,172.58438949584962,180.016593170166,180.016593170166,0.003797,1,10.0,180.01537384033202,1,1,1,baseline_04_yaw_rotation,Yaw,pulse,W10_N3_mean1.5x,/home/tchowdh4/sensor_recovery_project/prediction_results_v9_trained_hybrid/baseline_04_yaw_rotation_ATT_trained_hybrid_prediction_outputs.csv,Yaw_hybrid_prediction
15.000664,0,352.6018981933594,352.6018981933594,172.58454666137698,180.0173515319824,180.0173515319824,0.003797,1,10.0,180.01562583923337,1,1,1,baseline_04_yaw_rotation,Yaw,pulse,W10_N3_mean1.5x,/home/tchowdh4/sensor_recovery_project/prediction_results_v9_trained_hybrid/baseline_04_yaw_rotation_ATT_trained_hybrid_prediction_outputs.csv,Yaw_hybrid_prediction
15.100624,0,352.6009826660156,352.6009826660156,172.58413314819336,180.01684951782227,180.01684951782227,0.003797,1,10.0,180.01572952270504,1,1,1,baseline_04_yaw_rotation,Yaw,pulse,W10_N3_mean1.5x,/home/tchowdh4/sensor_recovery_project/prediction_results_v9_trained_hybrid/baseline_04_yaw_rotation_ATT_trained_hybrid_prediction_outputs.csv,Yaw_hybrid_prediction
15.200584,0,352.59991455078125,352.59991455078125,172.58390426635742,180.01601028442383,180.01601028442383,0.003797,1,10.0,180.01580818176268,1,1,1,baseline_04_yaw_rotation,Yaw,pulse,W10_N3_mean1.5x,/home/tchowdh4/sensor_recovery_project/prediction_results_v9_trained_hybrid/baseline_04_yaw_rotation_ATT_trained_hybrid_prediction_outputs.csv,Yaw_hybrid_prediction
15.300544,0,352.598876953125,352.598876953125,172.58346252441407,180.01541442871093,180.01541442871093,0.003797,1,10.0,180.0158003234863,1,1,1,baseline_04_yaw_rotation,Yaw,pulse,W10_N3_mean1.5x,/home/tchowdh4/sensor_recovery_project/prediction_results_v9_trained_hybrid/baseline_04_yaw_rotation_ATT_trained_hybrid_prediction_outputs.csv,Yaw_hybrid_prediction
15.400504,0,352.5977783203125,352.5977783203125,172.58387680053713,180.01390151977537,180.01390151977537,0.003797,1,10.0,180.01566284179685,1,1,1,baseline_04_yaw_rotation,Yaw,pulse,W10_N3_mean1.5x,/home/tchowdh4/sensor_recovery_project/prediction_results_v9_trained_hybrid/baseline_04_yaw_rotation_ATT_trained_hybrid_prediction_outputs.csv,Yaw_hybrid_prediction
15.500464,0,352.5970153808594,352.5970153808594,172.5836120605469,180.01340332031248,180.01340332031248,0.003797,1,10.0,180.0155425262451,1,1,1,baseline_04_yaw_rotation,Yaw,pulse,W10_N3_mean1.5x,/home/tchowdh4/sensor_recovery_project/prediction_results_v9_trained_hybrid/baseline_04_yaw_rotation_ATT_trained_hybrid_prediction_outputs.csv,Yaw_hybrid_prediction
15.600424,0,352.5968017578125,352.5968017578125,172.58377380371095,180.01302795410155,180.01302795410155,0.003797,1,10.0,180.015389175415,1,1,1,baseline_04_yaw_rotation,Yaw,pulse,W10_N3_mean1.5x,/home/tchowdh4/sensor_recovery_project/prediction_results_v9_trained_hybrid/baseline_04_yaw_rotation_ATT_trained_hybrid_prediction_outputs.csv,Yaw_hybrid_prediction
15.700384,0,352.5966491699219,352.5966491699219,172.58426055908205,180.01238861083982,180.01238861083982,0.003797,1,10.0,180.01506225585936,1,1,1,baseline_04_yaw_rotation,Yaw,pulse,W10_N3_mean1.5x,/home/tchowdh4/sensor_recovery_project/prediction_results_v9_trained_hybrid/baseline_04_yaw_rotation_ATT_trained_hybrid_prediction_outputs.csv,Yaw_hybrid_prediction
15.800344,0,352.596923828125,352.596923828125,172.58485641479496,180.01206741333004,180.01206741333004,0.003797,1,10.0,180.01470077514648,1,1,1,baseline_04_yaw_rotation,Yaw,pulse,W10_N3_mean1.5x,/home/tchowdh4/sensor_recovery_project/prediction_results_v9_trained_hybrid/baseline_04_yaw_rotation_ATT_trained_hybrid_prediction_outputs.csv,Yaw_hybrid_prediction
15.900304,0,352.59765625,352.59765625,172.5848159790039,180.0128402709961,180.0128402709961,0.003797,1,10.0,180.01432548522948,1,1,1,baseline_04_yaw_rotation,Yaw,pulse,W10_N3_mean1.5x,/home/tchowdh4/sensor_recovery_project/prediction_results_v9_trained_hybrid/baseline_04_yaw_rotation_ATT_trained_hybrid_prediction_outputs.csv,Yaw_hybrid_prediction
16.000264,0,352.5986022949219,352.5986022949219,172.58546524047853,180.01313705444335,180.01313705444335,0.003797,1,10.0,180.01390403747556,1,1,1,baseline_04_yaw_rotation,Yaw,pulse,W10_N3_mean1.5x,/home/tchowdh4/sensor_recovery_project/prediction_results_v9_trained_hybrid/baseline_04_yaw_rotation_ATT_trained_hybrid_prediction_outputs.csv,Yaw_hybrid_prediction
16.100224,0,352.59930419921875,352.59930419921875,172.5852996826172,180.01400451660155,180.01400451660155,0.003797,1,10.0,180.0136195373535,1,1,1,baseline_04_yaw_rotation,Yaw,pulse,W10_N3_mean1.5x,/home/tchowdh4/sensor_recovery_project/prediction_results_v9_trained_hybrid/baseline_04_yaw_rotation_ATT_trained_hybrid_prediction_outputs.csv,Yaw_hybrid_prediction
16.200184,0,352.5997009277344,352.5997009277344,172.58460388183596,180.01509704589841,180.01509704589841,0.003797,1,10.0,180.01352821350093,1,1,1,baseline_04_yaw_rotation,Yaw,pulse,W10_N3_mean1.5x,/home/tchowdh4/sensor_recovery_project/prediction_results_v9_trained_hybrid/baseline_04_yaw_rotation_ATT_trained_hybrid_prediction_outputs.csv,Yaw_hybrid_prediction
16.300144,0,352.5989990234375,352.5989990234375,172.58337249755863,180.01562652587887,180.01562652587887,0.003797,1,10.0,180.01354942321774,1,1,1,baseline_04_yaw_rotation,Yaw,pulse,W10_N3_mean1.5x,/home/tchowdh4/sensor_recovery_project/prediction_results_v9_trained_hybrid/baseline_04_yaw_rotation_ATT_trained_hybrid_prediction_outputs.csv,Yaw_hybrid_prediction
16.400104,0,352.5990295410156,352.5990295410156,172.58263931274416,180.01639022827146,180.01639022827146,0.003797,1,10.0,180.01379829406739,1,1,1,baseline_04_yaw_rotation,Yaw,pulse,W10_N3_mean1.5x,/home/tchowdh4/sensor_recovery_project/prediction_results_v9_trained_hybrid/baseline_04_yaw_rotation_ATT_trained_hybrid_prediction_outputs.csv,Yaw_hybrid_prediction
16.500064,0,352.5984802246094,352.5984802246094,172.58235092163085,180.01612930297853,180.01612930297853,0.003797,1,10.0,180.01407089233396,1,1,1,baseline_04_yaw_rotation,Yaw,pulse,W10_N3_mean1.5x,/home/tchowdh4/sensor_recovery_project/prediction_results_v9_trained_hybrid/baseline_04_yaw_rotation_ATT_trained_hybrid_prediction_outputs.csv,Yaw_hybrid_prediction
16.600024,0,352.5987243652344,352.5987243652344,172.58329696655275,180.01542739868162,180.01542739868162,0.003797,1,10.0,180.01431083679196,1,1,1,baseline_04_yaw_rotation,Yaw,pulse,W10_N3_mean1.5x,/home/tchowdh4/sensor_recovery_project/prediction_results_v9_trained_hybrid/baseline_04_yaw_rotation_ATT_trained_hybrid_prediction_outputs.csv,Yaw_hybrid_prediction
16.700817,0,352.5986022949219,352.5986022949219,172.5834083557129,180.01519393920898,180.01519393920898,0.003797,1,10.0,180.0145913696289,1,1,1,baseline_04_yaw_rotation,Yaw,pulse,W10_N3_mean1.5x,/home/tchowdh4/sensor_recovery_project/prediction_results_v9_trained_hybrid/baseline_04_yaw_rotation_ATT_trained_hybrid_prediction_outputs.csv,Yaw_hybrid_prediction
16.800777,0,352.5989685058594,352.5989685058594,172.58358993530274,180.01537857055663,180.01537857055663,0.003797,1,10.0,180.01492248535155,1,1,1,baseline_04_yaw_rotation,Yaw,pulse,W10_N3_mean1.5x,/home/tchowdh4/sensor_recovery_project/prediction_results_v9_trained_hybrid/baseline_04_yaw_rotation_ATT_trained_hybrid_prediction_outputs.csv,Yaw_hybrid_prediction
16.900737,0,352.5995788574219,352.5995788574219,172.58303146362306,180.01654739379882,180.01654739379882,0.003797,1,10.0,180.01529319763182,1,1,1,baseline_04_yaw_rotation,Yaw,pulse,W10_N3_mean1.5x,/home/tchowdh4/sensor_recovery_project/prediction_results_v9_trained_hybrid/baseline_04_yaw_rotation_ATT_trained_hybrid_prediction_outputs.csv,Yaw_hybrid_prediction
17.000697,0,352.5998229980469,352.5998229980469,172.5832145690918,180.01660842895507,180.01660842895507,0.003797,1,10.0,180.015640335083,1,1,1,baseline_04_yaw_rotation,Yaw,pulse,W10_N3_mean1.5x,/home/tchowdh4/sensor_recovery_project/prediction_results_v9_trained_hybrid/baseline_04_yaw_rotation_ATT_trained_hybrid_prediction_outputs.csv,Yaw_hybrid_prediction
17.100657,0,352.6004638671875,352.6004638671875,172.5824966430664,180.0179672241211,180.0179672241211,0.003797,1,10.0,180.01603660583493,1,1,1,baseline_04_yaw_rotation,Yaw,pulse,W10_N3_mean1.5x,/home/tchowdh4/sensor_recovery_project/prediction_results_v9_trained_hybrid/baseline_04_yaw_rotation_ATT_trained_hybrid_prediction_outputs.csv,Yaw_hybrid_prediction
17.200617,0,352.6011962890625,352.6011962890625,172.58260650634767,180.01858978271483,180.01858978271483,0.003797,1,10.0,180.01638587951658,1,1,1,baseline_04_yaw_rotation,Yaw,pulse,W10_N3_mean1.5x,/home/tchowdh4/sensor_recovery_project/prediction_results_v9_trained_hybrid/baseline_04_yaw_rotation_ATT_trained_hybrid_prediction_outputs.csv,Yaw_hybrid_prediction
17.300577,0,352.6005859375,352.6005859375,172.5824676513672,180.0181182861328,180.0181182861328,0.003797,1,10.0,180.016635055542,1,1,1,baseline_04_yaw_rotation,Yaw,pulse,W10_N3_mean1.5x,/home/tchowdh4/sensor_recovery_project/prediction_results_v9_trained_hybrid/baseline_04_yaw_rotation_ATT_trained_hybrid_prediction_outputs.csv,Yaw_hybrid_prediction
17.400537,0,352.5993347167969,352.5993347167969,172.58286590576174,180.01646881103514,180.01646881103514,0.003797,1,10.0,180.01664291381834,1,1,1,baseline_04_yaw_rotation,Yaw,pulse,W10_N3_mean1.5x,/home/tchowdh4/sensor_recovery_project/prediction_results_v9_trained_hybrid/baseline_04_yaw_rotation_ATT_trained_hybrid_prediction_outputs.csv,Yaw_hybrid_prediction
17.500497,0,352.59686279296875,352.59686279296875,172.58310317993164,180.0137596130371,180.0137596130371,0.003797,1,10.0,180.0164059448242,1,1,1,baseline_04_yaw_rotation,Yaw,pulse,W10_N3_mean1.5x,/home/tchowdh4/sensor_recovery_project/prediction_results_v9_trained_hybrid/baseline_04_yaw_rotation_ATT_trained_hybrid_prediction_outputs.csv,Yaw_hybrid_prediction
17.600457,0,352.5936889648437,352.5936889648437,172.5833793640137,180.01030960083,180.01030960083,0.003797,1,10.0,180.01589416503904,1,1,1,baseline_04_yaw_rotation,Yaw,pulse,W10_N3_mean1.5x,/home/tchowdh4/sensor_recovery_project/prediction_results_v9_trained_hybrid/baseline_04_yaw_rotation_ATT_trained_hybrid_prediction_outputs.csv,Yaw_hybrid_prediction
17.700417,0,352.5921936035156,352.5921936035156,172.58356781005858,180.00862579345704,180.00862579345704,0.003797,1,10.0,180.01523735046385,1,1,1,baseline_04_yaw_rotation,Yaw,pulse,W10_N3_mean1.5x,/home/tchowdh4/sensor_recovery_project/prediction_results_v9_trained_hybrid/baseline_04_yaw_rotation_ATT_trained_hybrid_prediction_outputs.csv,Yaw_hybrid_prediction
17.800377,0,352.5953369140625,352.5953369140625,172.58375778198246,180.01157913208004,180.01157913208004,0.003797,1,10.0,180.0148574066162,1,1,1,baseline_04_yaw_rotation,Yaw,pulse,W10_N3_mean1.5x,/home/tchowdh4/sensor_recovery_project/prediction_results_v9_trained_hybrid/baseline_04_yaw_rotation_ATT_trained_hybrid_prediction_outputs.csv,Yaw_hybrid_prediction
17.900337,0,352.5988464355469,352.5988464355469,172.5830810546875,180.01576538085936,180.01576538085936,0.003797,1,10.0,180.01477920532224,1,1,1,baseline_04_yaw_rotation,Yaw,pulse,W10_N3_mean1.5x,/home/tchowdh4/sensor_recovery_project/prediction_results_v9_trained_hybrid/baseline_04_yaw_rotation_ATT_trained_hybrid_prediction_outputs.csv,Yaw_hybrid_prediction
18.000297,0,352.60107421875,352.60107421875,172.5828567504883,180.0182174682617,180.0182174682617,0.003797,1,10.0,180.0149401092529,1,1,1,baseline_04_yaw_rotation,Yaw,pulse,W10_N3_mean1.5x,/home/tchowdh4/sensor_recovery_project/prediction_results_v9_trained_hybrid/baseline_04_yaw_rotation_ATT_trained_hybrid_prediction_outputs.csv,Yaw_hybrid_prediction
18.100257,0,352.6011657714844,352.6011657714844,172.58206176757812,180.01910400390625,180.01910400390625,0.003797,1,10.0,180.01505378723144,1,1,1,baseline_04_yaw_rotation,Yaw,pulse,W10_N3_mean1.5x,/home/tchowdh4/sensor_recovery_project/prediction_results_v9_trained_hybrid/baseline_04_yaw_rotation_ATT_trained_hybrid_prediction_outputs.csv,Yaw_hybrid_prediction
18.200217,0,352.5982666015625,352.5982666015625,172.5822792053223,180.0159873962402,180.0159873962402,0.003797,1,10.0,180.01479354858398,1,1,1,baseline_04_yaw_rotation,Yaw,pulse,W10_N3_mean1.5x,/home/tchowdh4/sensor_recovery_project/prediction_results_v9_trained_hybrid/baseline_04_yaw_rotation_ATT_trained_hybrid_prediction_outputs.csv,Yaw_hybrid_prediction
18.300177,0,352.5939025878906,352.5939025878906,172.58206100463866,180.01184158325196,180.01184158325196,0.003797,1,10.0,180.01416587829587,1,1,1,baseline_04_yaw_rotation,Yaw,pulse,W10_N3_mean1.5x,/home/tchowdh4/sensor_recovery_project/prediction_results_v9_trained_hybrid/baseline_04_yaw_rotation_ATT_trained_hybrid_prediction_outputs.csv,Yaw_hybrid_prediction
18.400137,0,352.5914001464844,352.5914001464844,172.58262634277344,180.00877380371094,180.00877380371094,0.003797,1,10.0,180.01339637756345,1,1,1,baseline_04_yaw_rotation,Yaw,pulse,W10_N3_mean1.5x,/home/tchowdh4/sensor_recovery_project/prediction_results_v9_trained_hybrid/baseline_04_yaw_rotation_ATT_trained_hybrid_prediction_outputs.csv,Yaw_hybrid_prediction
18.500097,0,352.5931701660156,352.5931701660156,172.5824821472168,180.01068801879882,180.01068801879882,0.003797,1,10.0,180.01308921813964,1,1,1,baseline_04_yaw_rotation,Yaw,pulse,W10_N3_mean1.5x,/home/tchowdh4/sensor_recovery_project/prediction_results_v9_trained_hybrid/baseline_04_yaw_rotation_ATT_trained_hybrid_prediction_outputs.csv,Yaw_hybrid_prediction
18.600057,0,352.5982666015625,352.5982666015625,172.58334884643557,180.01491775512693,180.01491775512693,0.003797,1,10.0,180.01355003356932,1,1,1,baseline_04_yaw_rotation,Yaw,pulse,W10_N3_mean1.5x,/home/tchowdh4/sensor_recovery_project/prediction_results_v9_trained_hybrid/baseline_04_yaw_rotation_ATT_trained_hybrid_prediction_outputs.csv,Yaw_hybrid_prediction
18.700017,0,352.5999755859375,352.5999755859375,172.58351135253906,180.01646423339844,180.01646423339844,0.003797,1,10.0,180.01433387756347,1,1,1,baseline_04_yaw_rotation,Yaw,pulse,W10_N3_mean1.5x,/home/tchowdh4/sensor_recovery_project/prediction_results_v9_trained_hybrid/baseline_04_yaw_rotation_ATT_trained_hybrid_prediction_outputs.csv,Yaw_hybrid_prediction
18.80081,0,352.59765625,352.59765625,172.5836036682129,180.0140525817871,180.0140525817871,0.003797,1,10.0,180.01458122253416,1,1,1,baseline_04_yaw_rotation,Yaw,pulse,W10_N3_mean1.5x,/home/tchowdh4/sensor_recovery_project/prediction_results_v9_trained_hybrid/baseline_04_yaw_rotation_ATT_trained_hybrid_prediction_outputs.csv,Yaw_hybrid_prediction
18.90077,0,352.5951843261719,352.5951843261719,172.58320388793948,180.0119804382324,180.0119804382324,0.003797,1,10.0,180.0142027282715,1,1,1,baseline_04_yaw_rotation,Yaw,pulse,W10_N3_mean1.5x,/home/tchowdh4/sensor_recovery_project/prediction_results_v9_trained_hybrid/baseline_04_yaw_rotation_ATT_trained_hybrid_prediction_outputs.csv,Yaw_hybrid_prediction
19.00073,0,352.59478759765625,352.59478759765625,172.5831237792969,180.01166381835935,180.01166381835935,0.003797,1,10.0,180.01354736328125,1,1,1,baseline_04_yaw_rotation,Yaw,pulse,W10_N3_mean1.5x,/home/tchowdh4/sensor_recovery_project/prediction_results_v9_trained_hybrid/baseline_04_yaw_rotation_ATT_trained_hybrid_prediction_outputs.csv,Yaw_hybrid_prediction
19.10069,0,352.5951843261719,352.5951843261719,172.58347473144534,180.01170959472654,180.01170959472654,0.003797,1,10.0,180.01280792236327,1,1,1,baseline_04_yaw_rotation,Yaw,pulse,W10_N3_mean1.5x,/home/tchowdh4/sensor_recovery_project/prediction_results_v9_trained_hybrid/baseline_04_yaw_rotation_ATT_trained_hybrid_prediction_outputs.csv,Yaw_hybrid_prediction
19.20065,0,352.595458984375,352.595458984375,172.5838706970215,180.0115882873535,180.0115882873535,0.003797,1,10.0,180.0123680114746,1,1,1,baseline_04_yaw_rotation,Yaw,pulse,W10_N3_mean1.5x,/home/tchowdh4/sensor_recovery_project/prediction_results_v9_trained_hybrid/baseline_04_yaw_rotation_ATT_trained_hybrid_prediction_outputs.csv,Yaw_hybrid_prediction
19.30061,0,352.5956726074219,352.5956726074219,172.58324508666993,180.01242752075194,180.01242752075194,0.003797,1,10.0,180.0124266052246,1,1,1,baseline_04_yaw_rotation,Yaw,pulse,W10_N3_mean1.5x,/home/tchowdh4/sensor_recovery_project/prediction_results_v9_trained_hybrid/baseline_04_yaw_rotation_ATT_trained_hybrid_prediction_outputs.csv,Yaw_hybrid_prediction
19.40057,0,352.5947570800781,352.5947570800781,172.58359375,180.01116333007812,180.01116333007812,0.003797,1,10.0,180.0126655578613,1,1,1,baseline_04_yaw_rotation,Yaw,pulse,W10_N3_mean1.5x,/home/tchowdh4/sensor_recovery_project/prediction_results_v9_trained_hybrid/baseline_04_yaw_rotation_ATT_trained_hybrid_prediction_outputs.csv,Yaw_hybrid_prediction
19.50053,0,352.5916442871094,352.5916442871094,172.58298263549807,180.0086616516113,180.0086616516113,0.003797,1,10.0,180.01246292114257,1,1,1,baseline_04_yaw_rotation,Yaw,pulse,W10_N3_mean1.5x,/home/tchowdh4/sensor_recovery_project/prediction_results_v9_trained_hybrid/baseline_04_yaw_rotation_ATT_trained_hybrid_prediction_outputs.csv,Yaw_hybrid_prediction
19.60049,0,352.5894775390625,352.5894775390625,172.58282089233398,180.00665664672852,180.00665664672852,0.003797,1,10.0,180.01163681030272,1,1,1,baseline_04_yaw_rotation,Yaw,pulse,W10_N3_mean1.5x,/home/tchowdh4/sensor_recovery_project/prediction_results_v9_trained_hybrid/baseline_04_yaw_rotation_ATT_trained_hybrid_prediction_outputs.csv,Yaw_hybrid_prediction
19.70045,0,352.5907897949219,352.5907897949219,172.58235549926758,180.0084342956543,180.0084342956543,0.003797,1,10.0,180.0108338165283,1,1,1,baseline_04_yaw_rotation,Yaw,pulse,W10_N3_mean1.5x,/home/tchowdh4/sensor_recovery_project/prediction_results_v9_trained_hybrid/baseline_04_yaw_rotation_ATT_trained_hybrid_prediction_outputs.csv,Yaw_hybrid_prediction
19.80041,0,352.5936584472656,352.5936584472656,172.58230514526366,180.01135330200196,180.01135330200196,0.003797,1,10.0,180.0105638885498,1,1,1,baseline_04_yaw_rotation,Yaw,pulse,W10_N3_mean1.5x,/home/tchowdh4/sensor_recovery_project/prediction_results_v9_trained_hybrid/baseline_04_yaw_rotation_ATT_trained_hybrid_prediction_outputs.csv,Yaw_hybrid_prediction
19.90037,0,352.59716796875,352.59716796875,172.58147506713868,180.01569290161132,180.01569290161132,0.003797,1,10.0,180.0109351348877,1,1,1,baseline_04_yaw_rotation,Yaw,pulse,W10_N3_mean1.5x,/home/tchowdh4/sensor_recovery_project/prediction_results_v9_trained_hybrid/baseline_04_yaw_rotation_ATT_trained_hybrid_prediction_outputs.csv,Yaw_hybrid_prediction
20.00033,0,352.60125732421875,352.60125732421875,172.58158950805665,180.0196678161621,180.0196678161621,0.003797,1,10.0,180.01173553466796,1,1,1,baseline_04_yaw_rotation,Yaw,pulse,W10_N3_mean1.5x,/home/tchowdh4/sensor_recovery_project/prediction_results_v9_trained_hybrid/baseline_04_yaw_rotation_ATT_trained_hybrid_prediction_outputs.csv,Yaw_hybrid_prediction
20.10029,0,352.6036071777344,352.6036071777344,172.58123931884768,180.0223678588867,180.0223678588867,0.003797,1,10.0,180.01280136108397,1,1,1,baseline_04_yaw_rotation,Yaw,pulse,W10_N3_mean1.5x,/home/tchowdh4/sensor_recovery_project/prediction_results_v9_trained_hybrid/baseline_04_yaw_rotation_ATT_trained_hybrid_prediction_outputs.csv,Yaw_hybrid_prediction
20.20025,0,352.6039123535156,352.6039123535156,172.58113021850588,180.02278213500975,180.02278213500975,0.003797,1,10.0,180.0139207458496,1,1,1,baseline_04_yaw_rotation,Yaw,pulse,W10_N3_mean1.5x,/home/tchowdh4/sensor_recovery_project/prediction_results_v9_trained_hybrid/baseline_04_yaw_rotation_ATT_trained_hybrid_prediction_outputs.csv,Yaw_hybrid_prediction
20.30021,0,352.6017150878906,352.6017150878906,172.58065490722657,180.02106018066405,180.02106018066405,0.003797,1,10.0,180.01478401184082,1,1,1,baseline_04_yaw_rotation,Yaw,pulse,W10_N3_mean1.5x,/home/tchowdh4/sensor_recovery_project/prediction_results_v9_trained_hybrid/baseline_04_yaw_rotation_ATT_trained_hybrid_prediction_outputs.csv,Yaw_hybrid_prediction
20.40017,0,352.5985717773437,352.5985717773437,172.58045425415042,180.01811752319327,180.01811752319327,0.003797,1,10.0,180.01547943115233,1,1,1,baseline_04_yaw_rotation,Yaw,pulse,W10_N3_mean1.5x,/home/tchowdh4/sensor_recovery_project/prediction_results_v9_trained_hybrid/baseline_04_yaw_rotation_ATT_trained_hybrid_prediction_outputs.csv,Yaw_hybrid_prediction
20.50013,0,352.59771728515625,352.59771728515625,172.57984008789063,180.01787719726562,180.01787719726562,0.003797,1,10.0,180.01640098571775,1,1,1,baseline_04_yaw_rotation,Yaw,pulse,W10_N3_mean1.5x,/home/tchowdh4/sensor_recovery_project/prediction_results_v9_trained_hybrid/baseline_04_yaw_rotation_ATT_trained_hybrid_prediction_outputs.csv,Yaw_hybrid_prediction
20.60009,0,352.60174560546875,352.60174560546875,172.57965927124025,180.0220863342285,180.0220863342285,0.003797,1,10.0,180.01794395446774,1,1,1,baseline_04_yaw_rotation,Yaw,pulse,W10_N3_mean1.5x,/home/tchowdh4/sensor_recovery_project/prediction_results_v9_trained_hybrid/baseline_04_yaw_rotation_ATT_trained_hybrid_prediction_outputs.csv,Yaw_hybrid_prediction
20.70005,0,352.60498046875,352.60498046875,172.57896728515624,180.02601318359376,180.02601318359376,0.003797,1,10.0,180.01970184326169,1,1,1,baseline_04_yaw_rotation,Yaw,pulse,W10_N3_mean1.5x,/home/tchowdh4/sensor_recovery_project/prediction_results_v9_trained_hybrid/baseline_04_yaw_rotation_ATT_trained_hybrid_prediction_outputs.csv,Yaw_hybrid_prediction
20.80001,0,352.60595703125,352.60595703125,172.57879638671875,180.02716064453125,180.02716064453125,0.003797,1,10.0,180.02128257751463,1,1,1,baseline_04_yaw_rotation,Yaw,pulse,W10_N3_mean1.5x,/home/tchowdh4/sensor_recovery_project/prediction_results_v9_trained_hybrid/baseline_04_yaw_rotation_ATT_trained_hybrid_prediction_outputs.csv,Yaw_hybrid_prediction
20.900803,0,352.6039428710937,352.6039428710937,172.57816009521486,180.02578277587884,180.02578277587884,0.003797,1,10.0,180.02229156494138,1,1,1,baseline_04_yaw_rotation,Yaw,pulse,W10_N3_mean1.5x,/home/tchowdh4/sensor_recovery_project/prediction_results_v9_trained_hybrid/baseline_04_yaw_rotation_ATT_trained_hybrid_prediction_outputs.csv,Yaw_hybrid_prediction
21.000763,0,352.6017761230469,352.6017761230469,172.57761764526367,180.0241584777832,180.0241584777832,0.003797,1,10.0,180.0227406311035,1,1,1,baseline_04_yaw_rotation,Yaw,pulse,W10_N3_mean1.5x,/home/tchowdh4/sensor_recovery_project/prediction_results_v9_trained_hybrid/baseline_04_yaw_rotation_ATT_trained_hybrid_prediction_outputs.csv,Yaw_hybrid_prediction
21.100723,0,352.6004333496094,352.6004333496094,172.57679977416993,180.02363357543945,180.02363357543945,0.003797,1,10.0,180.02286720275876,1,1,1,baseline_04_yaw_rotation,Yaw,pulse,W10_N3_mean1.5x,/home/tchowdh4/sensor_recovery_project/prediction_results_v9_trained_hybrid/baseline_04_yaw_rotation_ATT_trained_hybrid_prediction_outputs.csv,Yaw_hybrid_prediction
21.200683,0,352.60076904296875,352.60076904296875,172.5763900756836,180.02437896728514,180.02437896728514,0.003797,1,10.0,180.02302688598633,1,1,1,baseline_04_yaw_rotation,Yaw,pulse,W10_N3_mean1.5x,/home/tchowdh4/sensor_recovery_project/prediction_results_v9_trained_hybrid/baseline_04_yaw_rotation_ATT_trained_hybrid_prediction_outputs.csv,Yaw_hybrid_prediction
21.300643,0,352.60382080078125,352.60382080078125,172.5759185791016,180.02790222167965,180.02790222167965,0.003797,1,10.0,180.02371109008786,1,1,1,baseline_04_yaw_rotation,Yaw,pulse,W10_N3_mean1.5x,/home/tchowdh4/sensor_recovery_project/prediction_results_v9_trained_hybrid/baseline_04_yaw_rotation_ATT_trained_hybrid_prediction_outputs.csv,Yaw_hybrid_prediction
21.400603,0,352.6049194335937,352.6049194335937,172.57566680908204,180.02925262451166,180.02925262451166,0.003797,1,10.0,180.0248246002197,1,1,1,baseline_04_yaw_rotation,Yaw,pulse,W10_N3_mean1.5x,/home/tchowdh4/sensor_recovery_project/prediction_results_v9_trained_hybrid/baseline_04_yaw_rotation_ATT_trained_hybrid_prediction_outputs.csv,Yaw_hybrid_prediction
21.500563,0,352.603759765625,352.603759765625,172.57521286010743,180.02854690551757,180.02854690551757,0.003797,1,10.0,180.02589157104492,1,1,1,baseline_04_yaw_rotation,Yaw,pulse,W10_N3_mean1.5x,/home/tchowdh4/sensor_recovery_project/prediction_results_v9_trained_hybrid/baseline_04_yaw_rotation_ATT_trained_hybrid_prediction_outputs.csv,Yaw_hybrid_prediction
21.600523,0,352.60186767578125,352.60186767578125,172.57510833740236,180.0267593383789,180.0267593383789,0.003797,1,10.0,180.02635887145993,1,1,1,baseline_04_yaw_rotation,Yaw,pulse,W10_N3_mean1.5x,/home/tchowdh4/sensor_recovery_project/prediction_results_v9_trained_hybrid/baseline_04_yaw_rotation_ATT_trained_hybrid_prediction_outputs.csv,Yaw_hybrid_prediction
21.700483,0,352.5985412597656,352.5985412597656,172.57451629638672,180.0240249633789,180.0240249633789,0.003797,1,10.0,180.0261600494385,1,1,1,baseline_04_yaw_rotation,Yaw,pulse,W10_N3_mean1.5x,/home/tchowdh4/sensor_recovery_project/prediction_results_v9_trained_hybrid/baseline_04_yaw_rotation_ATT_trained_hybrid_prediction_outputs.csv,Yaw_hybrid_prediction
21.800443,0,352.5966796875,352.5966796875,172.57427139282223,180.02240829467777,180.02240829467777,0.003797,1,10.0,180.02568481445311,1,1,1,baseline_04_yaw_rotation,Yaw,pulse,W10_N3_mean1.5x,/home/tchowdh4/sensor_recovery_project/prediction_results_v9_trained_hybrid/baseline_04_yaw_rotation_ATT_trained_hybrid_prediction_outputs.csv,Yaw_hybrid_prediction
21.900403,0,352.5983581542969,352.5983581542969,172.5737617492676,180.02459640502929,180.02459640502929,0.003797,1,10.0,180.02556617736815,1,1,1,baseline_04_yaw_rotation,Yaw,pulse,W10_N3_mean1.5x,/home/tchowdh4/sensor_recovery_project/prediction_results_v9_trained_hybrid/baseline_04_yaw_rotation_ATT_trained_hybrid_prediction_outputs.csv,Yaw_hybrid_prediction
22.000363,0,352.60382080078125,352.60382080078125,172.57348480224613,180.03033599853512,180.03033599853512,0.003797,1,10.0,180.02618392944333,1,1,1,baseline_04_yaw_rotation,Yaw,pulse,W10_N3_mean1.5x,/home/tchowdh4/sensor_recovery_project/prediction_results_v9_trained_hybrid/baseline_04_yaw_rotation_ATT_trained_hybrid_prediction_outputs.csv,Yaw_hybrid_prediction
22.100323,0,352.6069641113281,352.6069641113281,172.57305450439455,180.03390960693358,180.03390960693358,0.003797,1,10.0,180.02721153259276,1,1,1,baseline_04_yaw_rotation,Yaw,pulse,W10_N3_mean1.5x,/home/tchowdh4/sensor_recovery_project/prediction_results_v9_trained_hybrid/baseline_04_yaw_rotation_ATT_trained_hybrid_prediction_outputs.csv,Yaw_hybrid_prediction
22.200283,0,352.6077575683594,352.6077575683594,172.57334365844727,180.0344139099121,180.0344139099121,0.003797,1,10.0,180.02821502685543,1,1,1,baseline_04_yaw_rotation,Yaw,pulse,W10_N3_mean1.5x,/home/tchowdh4/sensor_recovery_project/prediction_results_v9_trained_hybrid/baseline_04_yaw_rotation_ATT_trained_hybrid_prediction_outputs.csv,Yaw_hybrid_prediction
22.300243,0,352.60626220703125,352.60626220703125,172.57438278198242,180.03187942504883,180.03187942504883,0.003797,1,10.0,180.02861274719237,1,1,1,baseline_04_yaw_rotation,Yaw,pulse,W10_N3_mean1.5x,/home/tchowdh4/sensor_recovery_project/prediction_results_v9_trained_hybrid/baseline_04_yaw_rotation_ATT_trained_hybrid_prediction_outputs.csv,Yaw_hybrid_prediction
22.400203,0,352.60504150390625,352.60504150390625,172.5756607055664,180.02938079833984,180.02938079833984,0.003797,1,10.0,180.02862556457518,1,1,1,baseline_04_yaw_rotation,Yaw,pulse,W10_N3_mean1.5x,/home/tchowdh4/sensor_recovery_project/prediction_results_v9_trained_hybrid/baseline_04_yaw_rotation_ATT_trained_hybrid_prediction_outputs.csv,Yaw_hybrid_prediction
22.500163,0,352.6029357910156,352.6029357910156,172.57651596069337,180.02641983032225,180.02641983032225,0.003797,1,10.0,180.02841285705566,1,1,1,baseline_04_yaw_rotation,Yaw,pulse,W10_N3_mean1.5x,/home/tchowdh4/sensor_recovery_project/prediction_results_v9_trained_hybrid/baseline_04_yaw_rotation_ATT_trained_hybrid_prediction_outputs.csv,Yaw_hybrid_prediction
22.600123,0,352.6028137207031,352.6028137207031,172.5777069091797,180.02510681152341,180.02510681152341,0.003797,1,10.0,180.0282476043701,1,1,1,baseline_04_yaw_rotation,Yaw,pulse,W10_N3_mean1.5x,/home/tchowdh4/sensor_recovery_project/prediction_results_v9_trained_hybrid/baseline_04_yaw_rotation_ATT_trained_hybrid_prediction_outputs.csv,Yaw_hybrid_prediction
22.700083,0,352.6037902832031,352.6037902832031,172.57856903076174,180.02522125244138,180.02522125244138,0.003797,1,10.0,180.02836723327636,1,1,1,baseline_04_yaw_rotation,Yaw,pulse,W10_N3_mean1.5x,/home/tchowdh4/sensor_recovery_project/prediction_results_v9_trained_hybrid/baseline_04_yaw_rotation_ATT_trained_hybrid_prediction_outputs.csv,Yaw_hybrid_prediction
22.800043,0,352.6055603027344,352.6055603027344,172.57986984252932,180.02569046020506,180.02569046020506,0.003797,1,10.0,180.0286954498291,1,1,1,baseline_04_yaw_rotation,Yaw,pulse,W10_N3_mean1.5x,/home/tchowdh4/sensor_recovery_project/prediction_results_v9_trained_hybrid/baseline_04_yaw_rotation_ATT_trained_hybrid_prediction_outputs.csv,Yaw_hybrid_prediction
22.900003,0,352.6056213378906,352.6056213378906,172.58054809570314,180.0250732421875,180.0250732421875,0.003797,1,10.0,180.02874313354488,1,1,1,baseline_04_yaw_rotation,Yaw,pulse,W10_N3_mean1.5x,/home/tchowdh4/sensor_recovery_project/prediction_results_v9_trained_hybrid/baseline_04_yaw_rotation_ATT_trained_hybrid_prediction_outputs.csv,Yaw_hybrid_prediction
23.000796,0,352.603759765625,352.603759765625,172.5817810058594,180.0219787597656,180.0219787597656,0.003797,1,10.0,180.02790740966796,1,1,1,baseline_04_yaw_rotation,Yaw,pulse,W10_N3_mean1.5x,/home/tchowdh4/sensor_recovery_project/prediction_results_v9_trained_hybrid/baseline_04_yaw_rotation_ATT_trained_hybrid_prediction_outputs.csv,Yaw_hybrid_prediction
23.100756,0,352.6012268066406,352.6012268066406,172.58219375610355,180.01903305053708,180.01903305053708,0.003797,1,10.0,180.0264197540283,1,1,1,baseline_04_yaw_rotation,Yaw,pulse,W10_N3_mean1.5x,/home/tchowdh4/sensor_recovery_project/prediction_results_v9_trained_hybrid/baseline_04_yaw_rotation_ATT_trained_hybrid_prediction_outputs.csv,Yaw_hybrid_prediction
23.200716,0,352.5990905761719,352.5990905761719,172.58355941772462,180.01553115844726,180.01553115844726,0.003797,1,10.0,180.0245314788818,1,1,1,baseline_04_yaw_rotation,Yaw,pulse,W10_N3_mean1.5x,/home/tchowdh4/sensor_recovery_project/prediction_results_v9_trained_hybrid/baseline_04_yaw_rotation_ATT_trained_hybrid_prediction_outputs.csv,Yaw_hybrid_prediction
23.300676,0,352.5980224609375,352.5980224609375,172.58415298461915,180.01386947631835,180.01386947631835,0.003797,1,10.0,180.02273048400878,1,1,1,baseline_04_yaw_rotation,Yaw,pulse,W10_N3_mean1.5x,/home/tchowdh4/sensor_recovery_project/prediction_results_v9_trained_hybrid/baseline_04_yaw_rotation_ATT_trained_hybrid_prediction_outputs.csv,Yaw_hybrid_prediction
23.400636,0,352.6014709472656,352.6014709472656,172.5851676940918,180.01630325317382,180.01630325317382,0.003797,1,10.0,180.02142272949217,1,1,1,baseline_04_yaw_rotation,Yaw,pulse,W10_N3_mean1.5x,/home/tchowdh4/sensor_recovery_project/prediction_results_v9_trained_hybrid/baseline_04_yaw_rotation_ATT_trained_hybrid_prediction_outputs.csv,Yaw_hybrid_prediction
23.500596,0,352.6058044433594,352.6058044433594,172.5862403869629,180.01956405639646,180.01956405639646,0.003797,1,10.0,180.02073715209957,1,1,1,baseline_04_yaw_rotation,Yaw,pulse,W10_N3_mean1.5x,/home/tchowdh4/sensor_recovery_project/prediction_results_v9_trained_hybrid/baseline_04_yaw_rotation_ATT_trained_hybrid_prediction_outputs.csv,Yaw_hybrid_prediction
23.600556,0,352.6076354980469,352.6076354980469,172.5870498657227,180.02058563232418,180.02058563232418,0.003797,1,10.0,180.02028503417966,1,1,1,baseline_04_yaw_rotation,Yaw,pulse,W10_N3_mean1.5x,/home/tchowdh4/sensor_recovery_project/prediction_results_v9_trained_hybrid/baseline_04_yaw_rotation_ATT_trained_hybrid_prediction_outputs.csv,Yaw_hybrid_prediction
23.700516,0,352.60601806640625,352.60601806640625,172.58807678222658,180.01794128417967,180.01794128417967,0.003797,1,10.0,180.0195570373535,1,1,1,baseline_04_yaw_rotation,Yaw,pulse,W10_N3_mean1.5x,/home/tchowdh4/sensor_recovery_project/prediction_results_v9_trained_hybrid/baseline_04_yaw_rotation_ATT_trained_hybrid_prediction_outputs.csv,Yaw_hybrid_prediction
23.800476,0,352.60369873046875,352.60369873046875,172.58919525146484,180.0145034790039,180.0145034790039,0.003797,1,10.0,180.01843833923337,1,1,1,baseline_04_yaw_rotation,Yaw,pulse,W10_N3_mean1.5x,/home/tchowdh4/sensor_recovery_project/prediction_results_v9_trained_hybrid/baseline_04_yaw_rotation_ATT_trained_hybrid_prediction_outputs.csv,Yaw_hybrid_prediction
23.900436,0,352.6020202636719,352.6020202636719,172.5898376464844,180.01218261718748,180.01218261718748,0.003797,1,10.0,180.0171492767334,1,1,1,baseline_04_yaw_rotation,Yaw,pulse,W10_N3_mean1.5x,/home/tchowdh4/sensor_recovery_project/prediction_results_v9_trained_hybrid/baseline_04_yaw_rotation_ATT_trained_hybrid_prediction_outputs.csv,Yaw_hybrid_prediction
24.000396,0,352.5987243652344,352.5987243652344,172.59112777709964,180.00759658813473,180.00759658813473,0.003797,1,10.0,180.0157110595703,1,1,1,baseline_04_yaw_rotation,Yaw,pulse,W10_N3_mean1.5x,/home/tchowdh4/sensor_recovery_project/prediction_results_v9_trained_hybrid/baseline_04_yaw_rotation_ATT_trained_hybrid_prediction_outputs.csv,Yaw_hybrid_prediction
24.100356,0,352.5946655273437,352.5946655273437,172.59221801757815,180.00244750976555,180.00244750976555,0.003797,1,10.0,180.01405250549314,1,1,1,baseline_04_yaw_rotation,Yaw,pulse,W10_N3_mean1.5x,/home/tchowdh4/sensor_recovery_project/prediction_results_v9_trained_hybrid/baseline_04_yaw_rotation_ATT_trained_hybrid_prediction_outputs.csv,Yaw_hybrid_prediction
24.200316,0,352.5951538085937,352.5951538085937,172.59305648803712,180.00209732055657,180.00209732055657,0.003797,1,10.0,180.01270912170406,1,1,1,baseline_04_yaw_rotation,Yaw,pulse,W10_N3_mean1.5x,/home/tchowdh4/sensor_recovery_project/prediction_results_v9_trained_hybrid/baseline_04_yaw_rotation_ATT_trained_hybrid_prediction_outputs.csv,Yaw_hybrid_prediction
24.300276,0,352.5983581542969,352.5983581542969,172.59434204101564,180.00401611328124,180.00401611328124,0.003797,1,10.0,180.01172378540036,1,1,1,baseline_04_yaw_rotation,Yaw,pulse,W10_N3_mean1.5x,/home/tchowdh4/sensor_recovery_project/prediction_results_v9_trained_hybrid/baseline_04_yaw_rotation_ATT_trained_hybrid_prediction_outputs.csv,Yaw_hybrid_prediction
24.400236,0,352.598876953125,352.598876953125,172.59552536010744,180.00335159301756,180.00335159301756,0.003797,1,10.0,180.01042861938475,1,1,1,baseline_04_yaw_rotation,Yaw,pulse,W10_N3_mean1.5x,/home/tchowdh4/sensor_recovery_project/prediction_results_v9_trained_hybrid/baseline_04_yaw_rotation_ATT_trained_hybrid_prediction_outputs.csv,Yaw_hybrid_prediction
24.500196,0,352.5967712402344,352.5967712402344,172.5966293334961,180.00014190673826,180.00014190673826,0.003797,1,10.0,180.00848640441893,1,1,1,baseline_04_yaw_rotation,Yaw,pulse,W10_N3_mean1.5x,/home/tchowdh4/sensor_recovery_project/prediction_results_v9_trained_hybrid/baseline_04_yaw_rotation_ATT_trained_hybrid_prediction_outputs.csv,Yaw_hybrid_prediction
24.600156,0,352.5931396484375,352.5931396484375,172.5979949951172,179.9951446533203,179.9951446533203,0.003797,1,10.0,180.00594230651853,1,1,1,baseline_04_yaw_rotation,Yaw,pulse,W10_N3_mean1.5x,/home/tchowdh4/sensor_recovery_project/prediction_results_v9_trained_hybrid/baseline_04_yaw_rotation_ATT_trained_hybrid_prediction_outputs.csv,Yaw_hybrid_prediction
24.700116,0,352.5922241210937,352.5922241210937,172.59894561767578,179.9932785034179,179.9932785034179,0.003797,1,10.0,180.00347602844235,1,1,1,baseline_04_yaw_rotation,Yaw,pulse,W10_N3_mean1.5x,/home/tchowdh4/sensor_recovery_project/prediction_results_v9_trained_hybrid/baseline_04_yaw_rotation_ATT_trained_hybrid_prediction_outputs.csv,Yaw_hybrid_prediction
24.800076,0,352.5954284667969,352.5954284667969,172.60065231323244,179.99477615356443,179.99477615356443,0.003797,1,10.0,180.0015032958984,1,1,1,baseline_04_yaw_rotation,Yaw,pulse,W10_N3_mean1.5x,/home/tchowdh4/sensor_recovery_project/prediction_results_v9_trained_hybrid/baseline_04_yaw_rotation_ATT_trained_hybrid_prediction_outputs.csv,Yaw_hybrid_prediction
24.900036,0,352.5992431640625,352.5992431640625,172.6018249511719,179.9974182128906,179.9974182128906,0.003797,1,10.0,180.00002685546872,1,1,1,baseline_04_yaw_rotation,Yaw,pulse,W10_N3_mean1.5x,/home/tchowdh4/sensor_recovery_project/prediction_results_v9_trained_hybrid/baseline_04_yaw_rotation_ATT_trained_hybrid_prediction_outputs.csv,Yaw_hybrid_prediction
24.999996,0,352.5990600585937,352.5990600585937,172.60336685180664,179.99569320678705,179.99569320678705,0.003797,1,10.0,179.99883651733393,1,1,1,baseline_04_yaw_rotation,Yaw,pulse,W10_N3_mean1.5x,/home/tchowdh4/sensor_recovery_project/prediction_results_v9_trained_hybrid/baseline_04_yaw_rotation_ATT_trained_hybrid_prediction_outputs.csv,Yaw_hybrid_prediction
25.100789,0,352.59625244140625,352.59625244140625,172.60495834350587,179.99129409790038,179.99129409790038,0.003797,1,10.0,179.99772117614742,1,1,1,baseline_04_yaw_rotation,Yaw,pulse,W10_N3_mean1.5x,/home/tchowdh4/sensor_recovery_project/prediction_results_v9_trained_hybrid/baseline_04_yaw_rotation_ATT_trained_hybrid_prediction_outputs.csv,Yaw_hybrid_prediction
25.200749,0,352.5920715332031,352.5920715332031,172.60626296997071,179.9858085632324,179.9858085632324,0.003797,1,10.0,179.996092300415,1,1,1,baseline_04_yaw_rotation,Yaw,pulse,W10_N3_mean1.5x,/home/tchowdh4/sensor_recovery_project/prediction_results_v9_trained_hybrid/baseline_04_yaw_rotation_ATT_trained_hybrid_prediction_outputs.csv,Yaw_hybrid_prediction
25.300709,0,352.5904235839844,352.5904235839844,172.60776977539064,179.98265380859374,179.98265380859374,0.003797,1,10.0,179.99395606994625,1,1,1,baseline_04_yaw_rotation,Yaw,pulse,W10_N3_mean1.5x,/home/tchowdh4/sensor_recovery_project/prediction_results_v9_trained_hybrid/baseline_04_yaw_rotation_ATT_trained_hybrid_prediction_outputs.csv,Yaw_hybrid_prediction
25.400669,0,352.59295654296875,352.59295654296875,172.60914001464846,179.9838165283203,179.9838165283203,0.003797,1,10.0,179.99200256347655,1,1,1,baseline_04_yaw_rotation,Yaw,pulse,W10_N3_mean1.5x,/home/tchowdh4/sensor_recovery_project/prediction_results_v9_trained_hybrid/baseline_04_yaw_rotation_ATT_trained_hybrid_prediction_outputs.csv,Yaw_hybrid_prediction
25.500629,0,352.59674072265625,352.59674072265625,172.6110877990723,179.98565292358396,179.98565292358396,0.003797,1,10.0,179.99055366516112,1,1,1,baseline_04_yaw_rotation,Yaw,pulse,W10_N3_mean1.5x,/home/tchowdh4/sensor_recovery_project/prediction_results_v9_trained_hybrid/baseline_04_yaw_rotation_ATT_trained_hybrid_prediction_outputs.csv,Yaw_hybrid_prediction
25.600589,0,352.59716796875,352.59716796875,172.61307907104492,179.98408889770508,179.98408889770508,0.003797,1,10.0,179.9894480895996,1,1,1,baseline_04_yaw_rotation,Yaw,pulse,W10_N3_mean1.5x,/home/tchowdh4/sensor_recovery_project/prediction_results_v9_trained_hybrid/baseline_04_yaw_rotation_ATT_trained_hybrid_prediction_outputs.csv,Yaw_hybrid_prediction
25.700549,0,352.594482421875,352.594482421875,172.61432418823244,179.98015823364256,179.98015823364256,0.003797,1,10.0,179.98813606262203,1,1,1,baseline_04_yaw_rotation,Yaw,pulse,W10_N3_mean1.5x,/home/tchowdh4/sensor_recovery_project/prediction_results_v9_trained_hybrid/baseline_04_yaw_rotation_ATT_trained_hybrid_prediction_outputs.csv,Yaw_hybrid_prediction
25.800509,0,352.5912475585937,352.5912475585937,172.6161117553711,179.9751358032226,179.9751358032226,0.003797,1,10.0,179.98617202758788,1,1,1,baseline_04_yaw_rotation,Yaw,pulse,W10_N3_mean1.5x,/home/tchowdh4/sensor_recovery_project/prediction_results_v9_trained_hybrid/baseline_04_yaw_rotation_ATT_trained_hybrid_prediction_outputs.csv,Yaw_hybrid_prediction
25.900469,0,352.59051513671875,352.59051513671875,172.61771926879885,179.9727958679199,179.9727958679199,0.003797,1,10.0,179.98370979309078,1,1,1,baseline_04_yaw_rotation,Yaw,pulse,W10_N3_mean1.5x,/home/tchowdh4/sensor_recovery_project/prediction_results_v9_trained_hybrid/baseline_04_yaw_rotation_ATT_trained_hybrid_prediction_outputs.csv,Yaw_hybrid_prediction
26.000429,0,352.5936584472656,352.5936584472656,172.61968307495118,179.97397537231444,179.97397537231444,0.003797,1,10.0,179.98153800964354,1,1,1,baseline_04_yaw_rotation,Yaw,pulse,W10_N3_mean1.5x,/home/tchowdh4/sensor_recovery_project/prediction_results_v9_trained_hybrid/baseline_04_yaw_rotation_ATT_trained_hybrid_prediction_outputs.csv,Yaw_hybrid_prediction
26.100389,0,352.5984802246094,352.5984802246094,172.62131652832034,179.97716369628904,179.97716369628904,0.003797,1,10.0,179.9801249694824,1,1,1,baseline_04_yaw_rotation,Yaw,pulse,W10_N3_mean1.5x,/home/tchowdh4/sensor_recovery_project/prediction_results_v9_trained_hybrid/baseline_04_yaw_rotation_ATT_trained_hybrid_prediction_outputs.csv,Yaw_hybrid_prediction
26.200349,0,352.60076904296875,352.60076904296875,172.62323837280277,179.97753067016598,179.97753067016598,0.003797,1,10.0,179.97929718017576,1,1,1,baseline_04_yaw_rotation,Yaw,pulse,W10_N3_mean1.5x,/home/tchowdh4/sensor_recovery_project/prediction_results_v9_trained_hybrid/baseline_04_yaw_rotation_ATT_trained_hybrid_prediction_outputs.csv,Yaw_hybrid_prediction
26.300309,0,352.5998229980469,352.5998229980469,172.62510833740237,179.9747146606445,179.9747146606445,0.003797,1,10.0,179.97850326538085,1,1,1,baseline_04_yaw_rotation,Yaw,pulse,W10_N3_mean1.5x,/home/tchowdh4/sensor_recovery_project/prediction_results_v9_trained_hybrid/baseline_04_yaw_rotation_ATT_trained_hybrid_prediction_outputs.csv,Yaw_hybrid_prediction
26.400269,0,352.5970764160156,352.5970764160156,172.62699356079102,179.9700828552246,179.9700828552246,0.003797,1,10.0,179.97712989807127,1,1,1,baseline_04_yaw_rotation,Yaw,pulse,W10_N3_mean1.5x,/home/tchowdh4/sensor_recovery_project/prediction_results_v9_trained_hybrid/baseline_04_yaw_rotation_ATT_trained_hybrid_prediction_outputs.csv,Yaw_hybrid_prediction
26.500229,0,352.595947265625,352.595947265625,172.62882308959962,179.96712417602538,179.96712417602538,0.003797,1,10.0,179.9752770233154,1,1,1,baseline_04_yaw_rotation,Yaw,pulse,W10_N3_mean1.5x,/home/tchowdh4/sensor_recovery_project/prediction_results_v9_trained_hybrid/baseline_04_yaw_rotation_ATT_trained_hybrid_prediction_outputs.csv,Yaw_hybrid_prediction
26.600189,0,352.5971069335937,352.5971069335937,172.63040924072266,179.96669769287104,179.96669769287104,0.003797,1,10.0,179.973537902832,1,1,1,baseline_04_yaw_rotation,Yaw,pulse,W10_N3_mean1.5x,/home/tchowdh4/sensor_recovery_project/prediction_results_v9_trained_hybrid/baseline_04_yaw_rotation_ATT_trained_hybrid_prediction_outputs.csv,Yaw_hybrid_prediction
26.700149,0,352.5951538085937,352.5951538085937,172.6324661254883,179.9626876831054,179.9626876831054,0.003797,1,10.0,179.9717908477783,1,1,1,baseline_04_yaw_rotation,Yaw,pulse,W10_N3_mean1.5x,/home/tchowdh4/sensor_recovery_project/prediction_results_v9_trained_hybrid/baseline_04_yaw_rotation_ATT_trained_hybrid_prediction_outputs.csv,Yaw_hybrid_prediction
26.800109,0,352.5906982421875,352.5906982421875,172.6343650817871,179.9563331604004,179.9563331604004,0.003797,1,10.0,179.96991058349607,1,1,1,baseline_04_yaw_rotation,Yaw,pulse,W10_N3_mean1.5x,/home/tchowdh4/sensor_recovery_project/prediction_results_v9_trained_hybrid/baseline_04_yaw_rotation_ATT_trained_hybrid_prediction_outputs.csv,Yaw_hybrid_prediction
26.900069,0,352.5877685546875,352.5877685546875,172.63636703491213,179.95140151977537,179.95140151977537,0.003797,1,10.0,179.9677711486816,1,1,1,baseline_04_yaw_rotation,Yaw,pulse,W10_N3_mean1.5x,/home/tchowdh4/sensor_recovery_project/prediction_results_v9_trained_hybrid/baseline_04_yaw_rotation_ATT_trained_hybrid_prediction_outputs.csv,Yaw_hybrid_prediction
27.000029,0,352.58953857421875,352.58953857421875,172.63843002319337,179.95110855102538,179.95110855102538,0.003797,1,10.0,179.9654844665527,1,1,1,baseline_04_yaw_rotation,Yaw,pulse,W10_N3_mean1.5x,/home/tchowdh4/sensor_recovery_project/prediction_results_v9_trained_hybrid/baseline_04_yaw_rotation_ATT_trained_hybrid_prediction_outputs.csv,Yaw_hybrid_prediction
27.100822,0,352.5940856933594,352.5940856933594,172.6404594421387,179.95362625122067,179.95362625122067,0.003797,1,10.0,179.96313072204586,1,1,1,baseline_04_yaw_rotation,Yaw,pulse,W10_N3_mean1.5x,/home/tchowdh4/sensor_recovery_project/prediction_results_v9_trained_hybrid/baseline_04_yaw_rotation_ATT_trained_hybrid_prediction_outputs.csv,Yaw_hybrid_prediction
27.200782,0,352.5972595214844,352.5972595214844,172.6422286987305,179.95503082275388,179.95503082275388,0.003797,1,10.0,179.96088073730465,1,1,1,baseline_04_yaw_rotation,Yaw,pulse,W10_N3_mean1.5x,/home/tchowdh4/sensor_recovery_project/prediction_results_v9_trained_hybrid/baseline_04_yaw_rotation_ATT_trained_hybrid_prediction_outputs.csv,Yaw_hybrid_prediction
27.300742,0,352.596923828125,352.596923828125,172.644539642334,179.952384185791,179.952384185791,0.003797,1,10.0,179.95864768981932,1,1,1,baseline_04_yaw_rotation,Yaw,pulse,W10_N3_mean1.5x,/home/tchowdh4/sensor_recovery_project/prediction_results_v9_trained_hybrid/baseline_04_yaw_rotation_ATT_trained_hybrid_prediction_outputs.csv,Yaw_hybrid_prediction
27.400702,0,352.5943908691406,352.5943908691406,172.64617080688475,179.94822006225587,179.94822006225587,0.003797,1,10.0,179.95646141052242,1,1,1,baseline_04_yaw_rotation,Yaw,pulse,W10_N3_mean1.5x,/home/tchowdh4/sensor_recovery_project/prediction_results_v9_trained_hybrid/baseline_04_yaw_rotation_ATT_trained_hybrid_prediction_outputs.csv,Yaw_hybrid_prediction
27.500662,0,352.5915222167969,352.5915222167969,172.6480339050293,179.94348831176757,179.94348831176757,0.003797,1,10.0,179.95409782409666,1,1,1,baseline_04_yaw_rotation,Yaw,pulse,W10_N3_mean1.5x,/home/tchowdh4/sensor_recovery_project/prediction_results_v9_trained_hybrid/baseline_04_yaw_rotation_ATT_trained_hybrid_prediction_outputs.csv,Yaw_hybrid_prediction
27.600622,0,352.5924987792969,352.5924987792969,172.65044784545898,179.9420509338379,179.9420509338379,0.003797,1,10.0,179.95163314819334,1,1,1,baseline_04_yaw_rotation,Yaw,pulse,W10_N3_mean1.5x,/home/tchowdh4/sensor_recovery_project/prediction_results_v9_trained_hybrid/baseline_04_yaw_rotation_ATT_trained_hybrid_prediction_outputs.csv,Yaw_hybrid_prediction
27.700582,0,352.59625244140625,352.59625244140625,172.6526840209961,179.94356842041014,179.94356842041014,0.003797,1,10.0,179.94972122192382,1,1,1,baseline_04_yaw_rotation,Yaw,pulse,W10_N3_mean1.5x,/home/tchowdh4/sensor_recovery_project/prediction_results_v9_trained_hybrid/baseline_04_yaw_rotation_ATT_trained_hybrid_prediction_outputs.csv,Yaw_hybrid_prediction
27.800542,0,352.5972595214844,352.5972595214844,172.65481719970705,179.94244232177732,179.94244232177732,0.003797,1,10.0,179.94833213806152,1,1,1,baseline_04_yaw_rotation,Yaw,pulse,W10_N3_mean1.5x,/home/tchowdh4/sensor_recovery_project/prediction_results_v9_trained_hybrid/baseline_04_yaw_rotation_ATT_trained_hybrid_prediction_outputs.csv,Yaw_hybrid_prediction
27.900502,0,352.5945739746094,352.5945739746094,172.6570785522461,179.93749542236327,179.93749542236327,0.003797,1,10.0,179.9469415283203,1,1,1,baseline_04_yaw_rotation,Yaw,pulse,W10_N3_mean1.5x,/home/tchowdh4/sensor_recovery_project/prediction_results_v9_trained_hybrid/baseline_04_yaw_rotation_ATT_trained_hybrid_prediction_outputs.csv,Yaw_hybrid_prediction
28.000462,0,352.59063720703125,352.59063720703125,172.65916442871094,179.9314727783203,179.9314727783203,0.003797,1,10.0,179.9449779510498,1,1,1,baseline_04_yaw_rotation,Yaw,pulse,W10_N3_mean1.5x,/home/tchowdh4/sensor_recovery_project/prediction_results_v9_trained_hybrid/baseline_04_yaw_rotation_ATT_trained_hybrid_prediction_outputs.csv,Yaw_hybrid_prediction
28.100422,0,352.5868530273437,352.5868530273437,172.66144256591798,179.9254104614257,179.9254104614257,0.003797,1,10.0,179.94215637207031,1,1,1,baseline_04_yaw_rotation,Yaw,pulse,W10_N3_mean1.5x,/home/tchowdh4/sensor_recovery_project/prediction_results_v9_trained_hybrid/baseline_04_yaw_rotation_ATT_trained_hybrid_prediction_outputs.csv,Yaw_hybrid_prediction
28.200382,0,352.58807373046875,352.58807373046875,172.66338653564452,179.92468719482423,179.92468719482423,0.003797,1,10.0,179.93912200927736,1,1,1,baseline_04_yaw_rotation,Yaw,pulse,W10_N3_mean1.5x,/home/tchowdh4/sensor_recovery_project/prediction_results_v9_trained_hybrid/baseline_04_yaw_rotation_ATT_trained_hybrid_prediction_outputs.csv,Yaw_hybrid_prediction
28.300342,0,352.5918273925781,352.5918273925781,172.6657623291016,179.92606506347653,179.92606506347653,0.003797,1,10.0,179.9364900970459,1,1,1,baseline_04_yaw_rotation,Yaw,pulse,W10_N3_mean1.5x,/home/tchowdh4/sensor_recovery_project/prediction_results_v9_trained_hybrid/baseline_04_yaw_rotation_ATT_trained_hybrid_prediction_outputs.csv,Yaw_hybrid_prediction
28.400302,0,352.59405517578125,352.59405517578125,172.66766586303712,179.92638931274413,179.92638931274413,0.003797,1,10.0,179.9343070220947,1,1,1,baseline_04_yaw_rotation,Yaw,pulse,W10_N3_mean1.5x,/home/tchowdh4/sensor_recovery_project/prediction_results_v9_trained_hybrid/baseline_04_yaw_rotation_ATT_trained_hybrid_prediction_outputs.csv,Yaw_hybrid_prediction
28.500262,0,352.59283447265625,352.59283447265625,172.66990814208987,179.92292633056638,179.92292633056638,0.003797,1,10.0,179.93225082397458,1,1,1,baseline_04_yaw_rotation,Yaw,pulse,W10_N3_mean1.5x,/home/tchowdh4/sensor_recovery_project/prediction_results_v9_trained_hybrid/baseline_04_yaw_rotation_ATT_trained_hybrid_prediction_outputs.csv,Yaw_hybrid_prediction
28.600222,0,352.5898742675781,352.5898742675781,172.67228775024415,179.91758651733397,179.91758651733397,0.003797,1,10.0,179.92980438232422,1,1,1,baseline_04_yaw_rotation,Yaw,pulse,W10_N3_mean1.5x,/home/tchowdh4/sensor_recovery_project/prediction_results_v9_trained_hybrid/baseline_04_yaw_rotation_ATT_trained_hybrid_prediction_outputs.csv,Yaw_hybrid_prediction
28.700182,0,352.58856201171875,352.58856201171875,172.6745445251465,179.91401748657225,179.91401748657225,0.003797,1,10.0,179.92684928894042,1,1,1,baseline_04_yaw_rotation,Yaw,pulse,W10_N3_mean1.5x,/home/tchowdh4/sensor_recovery_project/prediction_results_v9_trained_hybrid/baseline_04_yaw_rotation_ATT_trained_hybrid_prediction_outputs.csv,Yaw_hybrid_prediction
28.800142,0,352.5918884277344,352.5918884277344,172.67695999145508,179.9149284362793,179.9149284362793,0.003797,1,10.0,179.92409790039062,1,1,1,baseline_04_yaw_rotation,Yaw,pulse,W10_N3_mean1.5x,/home/tchowdh4/sensor_recovery_project/prediction_results_v9_trained_hybrid/baseline_04_yaw_rotation_ATT_trained_hybrid_prediction_outputs.csv,Yaw_hybrid_prediction
28.900102,0,352.5958557128906,352.5958557128906,172.67899398803712,179.9168617248535,179.9168617248535,0.003797,1,10.0,179.92203453063965,1,1,1,baseline_04_yaw_rotation,Yaw,pulse,W10_N3_mean1.5x,/home/tchowdh4/sensor_recovery_project/prediction_results_v9_trained_hybrid/baseline_04_yaw_rotation_ATT_trained_hybrid_prediction_outputs.csv,Yaw_hybrid_prediction
29.000062,0,352.5960998535156,352.5960998535156,172.68180770874025,179.91429214477537,179.91429214477537,0.003797,1,10.0,179.92031646728515,1,1,1,baseline_04_yaw_rotation,Yaw,pulse,W10_N3_mean1.5x,/home/tchowdh4/sensor_recovery_project/prediction_results_v9_trained_hybrid/baseline_04_yaw_rotation_ATT_trained_hybrid_prediction_outputs.csv,Yaw_hybrid_prediction
29.100022,0,352.5936584472656,352.5936584472656,172.68384246826173,179.9098159790039,179.9098159790039,0.003797,1,10.0,179.91875701904297,1,1,1,baseline_04_yaw_rotation,Yaw,pulse,W10_N3_mean1.5x,/home/tchowdh4/sensor_recovery_project/prediction_results_v9_trained_hybrid/baseline_04_yaw_rotation_ATT_trained_hybrid_prediction_outputs.csv,Yaw_hybrid_prediction
29.200815,0,352.5909423828125,352.5909423828125,172.68630676269532,179.90463562011718,179.90463562011718,0.003797,1,10.0,179.91675186157224,1,1,1,baseline_04_yaw_rotation,Yaw,pulse,W10_N3_mean1.5x,/home/tchowdh4/sensor_recovery_project/prediction_results_v9_trained_hybrid/baseline_04_yaw_rotation_ATT_trained_hybrid_prediction_outputs.csv,Yaw_hybrid_prediction
29.300775,0,352.59100341796875,352.59100341796875,172.68849792480472,179.90250549316403,179.90250549316403,0.003797,1,10.0,179.914395904541,1,1,1,baseline_04_yaw_rotation,Yaw,pulse,W10_N3_mean1.5x,/home/tchowdh4/sensor_recovery_project/prediction_results_v9_trained_hybrid/baseline_04_yaw_rotation_ATT_trained_hybrid_prediction_outputs.csv,Yaw_hybrid_prediction
29.400735,0,352.5953674316406,352.5953674316406,172.69096908569338,179.90439834594724,179.90439834594724,0.003797,1,10.0,179.91219680786133,1,1,1,baseline_04_yaw_rotation,Yaw,pulse,W10_N3_mean1.5x,/home/tchowdh4/sensor_recovery_project/prediction_results_v9_trained_hybrid/baseline_04_yaw_rotation_ATT_trained_hybrid_prediction_outputs.csv,Yaw_hybrid_prediction
29.500695,0,352.5993957519531,352.5993957519531,172.69331741333008,179.90607833862305,179.90607833862305,0.003797,1,10.0,179.91051200866698,1,1,1,baseline_04_yaw_rotation,Yaw,pulse,W10_N3_mean1.5x,/home/tchowdh4/sensor_recovery_project/prediction_results_v9_trained_hybrid/baseline_04_yaw_rotation_ATT_trained_hybrid_prediction_outputs.csv,Yaw_hybrid_prediction
29.600655,0,352.5995483398437,352.5995483398437,172.69565887451174,179.90388946533196,179.90388946533196,0.003797,1,10.0,179.90914230346678,1,1,1,baseline_04_yaw_rotation,Yaw,pulse,W10_N3_mean1.5x,/home/tchowdh4/sensor_recovery_project/prediction_results_v9_trained_hybrid/baseline_04_yaw_rotation_ATT_trained_hybrid_prediction_outputs.csv,Yaw_hybrid_prediction
29.700615,0,352.5967102050781,352.5967102050781,172.6979850769043,179.89872512817382,179.89872512817382,0.003797,1,10.0,179.90761306762693,1,1,1,baseline_04_yaw_rotation,Yaw,pulse,W10_N3_mean1.5x,/home/tchowdh4/sensor_recovery_project/prediction_results_v9_trained_hybrid/baseline_04_yaw_rotation_ATT_trained_hybrid_prediction_outputs.csv,Yaw_hybrid_prediction
29.800575,0,352.5915832519531,352.5915832519531,172.700390625,179.8911926269531,179.8911926269531,0.003797,1,10.0,179.9052394866943,1,1,1,baseline_04_yaw_rotation,Yaw,pulse,W10_N3_mean1.5x,/home/tchowdh4/sensor_recovery_project/prediction_results_v9_trained_hybrid/baseline_04_yaw_rotation_ATT_trained_hybrid_prediction_outputs.csv,Yaw_hybrid_prediction
29.900535,0,352.5877685546875,352.5877685546875,172.70312576293946,179.88464279174804,179.88464279174804,0.003797,1,10.0,179.90201759338376,1,1,1,baseline_04_yaw_rotation,Yaw,pulse,W10_N3_mean1.5x,/home/tchowdh4/sensor_recovery_project/prediction_results_v9_trained_hybrid/baseline_04_yaw_rotation_ATT_trained_hybrid_prediction_outputs.csv,Yaw_hybrid_prediction
30.000495,0,352.58892822265625,352.58892822265625,172.70512008666992,179.88380813598633,179.88380813598633,0.003797,1,10.0,179.89896919250486,1,1,1,baseline_04_yaw_rotation,Yaw,pulse,W10_N3_mean1.5x,/home/tchowdh4/sensor_recovery_project/prediction_results_v9_trained_hybrid/baseline_04_yaw_rotation_ATT_trained_hybrid_prediction_outputs.csv,Yaw_hybrid_prediction
30.100455,0,352.5934753417969,352.5934753417969,172.70792388916016,179.88555145263672,179.88555145263672,0.003797,1,10.0,179.89654273986815,1,1,1,baseline_04_yaw_rotation,Yaw,pulse,W10_N3_mean1.5x,/home/tchowdh4/sensor_recovery_project/prediction_results_v9_trained_hybrid/baseline_04_yaw_rotation_ATT_trained_hybrid_prediction_outputs.csv,Yaw_hybrid_prediction
30.200415,0,352.5966186523437,352.5966186523437,172.70997390747073,179.88664474487297,179.88664474487297,0.003797,1,10.0,179.89474365234372,1,1,1,baseline_04_yaw_rotation,Yaw,pulse,W10_N3_mean1.5x,/home/tchowdh4/sensor_recovery_project/prediction_results_v9_trained_hybrid/baseline_04_yaw_rotation_ATT_trained_hybrid_prediction_outputs.csv,Yaw_hybrid_prediction
30.300375,0,352.5959777832031,352.5959777832031,172.71233520507815,179.88364257812498,179.88364257812498,0.003797,1,10.0,179.89285736083986,1,1,1,baseline_04_yaw_rotation,Yaw,pulse,W10_N3_mean1.5x,/home/tchowdh4/sensor_recovery_project/prediction_results_v9_trained_hybrid/baseline_04_yaw_rotation_ATT_trained_hybrid_prediction_outputs.csv,Yaw_hybrid_prediction
30.400335,0,352.5931091308594,352.5931091308594,172.71482009887697,179.8782890319824,179.8782890319824,0.003797,1,10.0,179.89024642944335,1,1,1,baseline_04_yaw_rotation,Yaw,pulse,W10_N3_mean1.5x,/home/tchowdh4/sensor_recovery_project/prediction_results_v9_trained_hybrid/baseline_04_yaw_rotation_ATT_trained_hybrid_prediction_outputs.csv,Yaw_hybrid_prediction
30.500295,0,352.5921936035156,352.5921936035156,172.7173645019531,179.8748291015625,179.8748291015625,0.003797,1,10.0,179.8871215057373,1,1,1,baseline_04_yaw_rotation,Yaw,pulse,W10_N3_mean1.5x,/home/tchowdh4/sensor_recovery_project/prediction_results_v9_trained_hybrid/baseline_04_yaw_rotation_ATT_trained_hybrid_prediction_outputs.csv,Yaw_hybrid_prediction
30.600255,0,352.5951843261719,352.5951843261719,172.71970138549807,179.8754829406738,179.8754829406738,0.003797,1,10.0,179.88428085327146,1,1,1,baseline_04_yaw_rotation,Yaw,pulse,W10_N3_mean1.5x,/home/tchowdh4/sensor_recovery_project/prediction_results_v9_trained_hybrid/baseline_04_yaw_rotation_ATT_trained_hybrid_prediction_outputs.csv,Yaw_hybrid_prediction
30.700215,0,352.5973815917969,352.5973815917969,172.7223098754883,179.87507171630858,179.87507171630858,0.003797,1,10.0,179.88191551208496,1,1,1,baseline_04_yaw_rotation,Yaw,pulse,W10_N3_mean1.5x,/home/tchowdh4/sensor_recovery_project/prediction_results_v9_trained_hybrid/baseline_04_yaw_rotation_ATT_trained_hybrid_prediction_outputs.csv,Yaw_hybrid_prediction
30.800175,0,352.5961608886719,352.5961608886719,172.72484283447267,179.8713180541992,179.8713180541992,0.003797,1,10.0,179.87992805480957,1,1,1,baseline_04_yaw_rotation,Yaw,pulse,W10_N3_mean1.5x,/home/tchowdh4/sensor_recovery_project/prediction_results_v9_trained_hybrid/baseline_04_yaw_rotation_ATT_trained_hybrid_prediction_outputs.csv,Yaw_hybrid_prediction
30.900135,0,352.592529296875,352.592529296875,172.7275413513184,179.8649879455566,179.8649879455566,0.003797,1,10.0,179.8779625701904,1,1,1,baseline_04_yaw_rotation,Yaw,pulse,W10_N3_mean1.5x,/home/tchowdh4/sensor_recovery_project/prediction_results_v9_trained_hybrid/baseline_04_yaw_rotation_ATT_trained_hybrid_prediction_outputs.csv,Yaw_hybrid_prediction
31.000095,0,352.5882263183594,352.5882263183594,172.73020477294924,179.85802154541014,179.85802154541014,0.003797,1,10.0,179.8753839111328,1,1,1,baseline_04_yaw_rotation,Yaw,pulse,W10_N3_mean1.5x,/home/tchowdh4/sensor_recovery_project/prediction_results_v9_trained_hybrid/baseline_04_yaw_rotation_ATT_trained_hybrid_prediction_outputs.csv,Yaw_hybrid_prediction
31.100055,0,352.5867919921875,352.5867919921875,172.73257598876955,179.85421600341795,179.85421600341795,0.003797,1,10.0,179.87225036621092,1,1,1,baseline_04_yaw_rotation,Yaw,pulse,W10_N3_mean1.5x,/home/tchowdh4/sensor_recovery_project/prediction_results_v9_trained_hybrid/baseline_04_yaw_rotation_ATT_trained_hybrid_prediction_outputs.csv,Yaw_hybrid_prediction
31.200015,0,352.5897216796875,352.5897216796875,172.7349060058594,179.8548156738281,179.8548156738281,0.003797,1,10.0,179.86906745910642,1,1,1,baseline_04_yaw_rotation,Yaw,pulse,W10_N3_mean1.5x,/home/tchowdh4/sensor_recovery_project/prediction_results_v9_trained_hybrid/baseline_04_yaw_rotation_ATT_trained_hybrid_prediction_outputs.csv,Yaw_hybrid_prediction
31.300808,0,352.5943603515625,352.5943603515625,172.7375228881836,179.8568374633789,179.8568374633789,0.003797,1,10.0,179.8663869476318,1,1,1,baseline_04_yaw_rotation,Yaw,pulse,W10_N3_mean1.5x,/home/tchowdh4/sensor_recovery_project/prediction_results_v9_trained_hybrid/baseline_04_yaw_rotation_ATT_trained_hybrid_prediction_outputs.csv,Yaw_hybrid_prediction
31.400768,0,352.5955505371094,352.5955505371094,172.74029235839845,179.85525817871093,179.85525817871093,0.003797,1,10.0,179.86408386230465,1,1,1,baseline_04_yaw_rotation,Yaw,pulse,W10_N3_mean1.5x,/home/tchowdh4/sensor_recovery_project/prediction_results_v9_trained_hybrid/baseline_04_yaw_rotation_ATT_trained_hybrid_prediction_outputs.csv,Yaw_hybrid_prediction
31.500728,0,352.5932312011719,352.5932312011719,172.74257583618163,179.85065536499025,179.85065536499025,0.003797,1,10.0,179.86166648864744,1,1,1,baseline_04_yaw_rotation,Yaw,pulse,W10_N3_mean1.5x,/home/tchowdh4/sensor_recovery_project/prediction_results_v9_trained_hybrid/baseline_04_yaw_rotation_ATT_trained_hybrid_prediction_outputs.csv,Yaw_hybrid_prediction
31.600688,0,352.5892333984375,352.5892333984375,172.7451202392578,179.8441131591797,179.8441131591797,0.003797,1,10.0,179.85852951049804,1,1,1,baseline_04_yaw_rotation,Yaw,pulse,W10_N3_mean1.5x,/home/tchowdh4/sensor_recovery_project/prediction_results_v9_trained_hybrid/baseline_04_yaw_rotation_ATT_trained_hybrid_prediction_outputs.csv,Yaw_hybrid_prediction
31.700648,0,352.5880126953125,352.5880126953125,172.74762268066408,179.84039001464842,179.84039001464842,0.003797,1,10.0,179.85506134033204,1,1,1,baseline_04_yaw_rotation,Yaw,pulse,W10_N3_mean1.5x,/home/tchowdh4/sensor_recovery_project/prediction_results_v9_trained_hybrid/baseline_04_yaw_rotation_ATT_trained_hybrid_prediction_outputs.csv,Yaw_hybrid_prediction
31.800608,0,352.5898742675781,352.5898742675781,172.7498649597168,179.84000930786132,179.84000930786132,0.003797,1,10.0,179.85193046569822,1,1,1,baseline_04_yaw_rotation,Yaw,pulse,W10_N3_mean1.5x,/home/tchowdh4/sensor_recovery_project/prediction_results_v9_trained_hybrid/baseline_04_yaw_rotation_ATT_trained_hybrid_prediction_outputs.csv,Yaw_hybrid_prediction
31.900568,0,352.5895080566406,352.5895080566406,172.75250701904298,179.83700103759764,179.83700103759764,0.003797,1,10.0,179.84913177490233,1,1,1,baseline_04_yaw_rotation,Yaw,pulse,W10_N3_mean1.5x,/home/tchowdh4/sensor_recovery_project/prediction_results_v9_trained_hybrid/baseline_04_yaw_rotation_ATT_trained_hybrid_prediction_outputs.csv,Yaw_hybrid_prediction
32.000528,0,352.5863342285156,352.5863342285156,172.75482711791994,179.83150711059568,179.83150711059568,0.003797,1,10.0,179.84648033142088,1,1,1,baseline_04_yaw_rotation,Yaw,pulse,W10_N3_mean1.5x,/home/tchowdh4/sensor_recovery_project/prediction_results_v9_trained_hybrid/baseline_04_yaw_rotation_ATT_trained_hybrid_prediction_outputs.csv,Yaw_hybrid_prediction
32.100488,0,352.58447265625,352.58447265625,172.75779037475587,179.82668228149413,179.82668228149413,0.003797,1,10.0,179.8437269592285,1,1,1,baseline_04_yaw_rotation,Yaw,pulse,W10_N3_mean1.5x,/home/tchowdh4/sensor_recovery_project/prediction_results_v9_trained_hybrid/baseline_04_yaw_rotation_ATT_trained_hybrid_prediction_outputs.csv,Yaw_hybrid_prediction
32.200448,0,352.5874938964844,352.5874938964844,172.76017379760742,179.82732009887695,179.82732009887695,0.003797,1,10.0,179.84097740173337,1,1,1,baseline_04_yaw_rotation,Yaw,pulse,W10_N3_mean1.5x,/home/tchowdh4/sensor_recovery_project/prediction_results_v9_trained_hybrid/baseline_04_yaw_rotation_ATT_trained_hybrid_prediction_outputs.csv,Yaw_hybrid_prediction
32.300408,0,352.5923767089844,352.5923767089844,172.76280975341797,179.8295669555664,179.8295669555664,0.003797,1,10.0,179.83825035095214,1,1,1,baseline_04_yaw_rotation,Yaw,pulse,W10_N3_mean1.5x,/home/tchowdh4/sensor_recovery_project/prediction_results_v9_trained_hybrid/baseline_04_yaw_rotation_ATT_trained_hybrid_prediction_outputs.csv,Yaw_hybrid_prediction
32.400368,0,352.59454345703125,352.59454345703125,172.7651199340821,179.82942352294916,179.82942352294916,0.003797,1,10.0,179.83566688537596,1,1,1,baseline_04_yaw_rotation,Yaw,pulse,W10_N3_mean1.5x,/home/tchowdh4/sensor_recovery_project/prediction_results_v9_trained_hybrid/baseline_04_yaw_rotation_ATT_trained_hybrid_prediction_outputs.csv,Yaw_hybrid_prediction
32.500328,0,352.5929870605469,352.5929870605469,172.76750717163088,179.825479888916,179.825479888916,0.003797,1,10.0,179.83314933776856,1,1,1,baseline_04_yaw_rotation,Yaw,pulse,W10_N3_mean1.5x,/home/tchowdh4/sensor_recovery_project/prediction_results_v9_trained_hybrid/baseline_04_yaw_rotation_ATT_trained_hybrid_prediction_outputs.csv,Yaw_hybrid_prediction
32.600288,0,352.58917236328125,352.58917236328125,172.77016296386722,179.81900939941403,179.81900939941403,0.003797,1,10.0,179.83063896179198,1,1,1,baseline_04_yaw_rotation,Yaw,pulse,W10_N3_mean1.5x,/home/tchowdh4/sensor_recovery_project/prediction_results_v9_trained_hybrid/baseline_04_yaw_rotation_ATT_trained_hybrid_prediction_outputs.csv,Yaw_hybrid_prediction
32.700248,0,352.5860595703125,352.5860595703125,172.7726791381836,179.8133804321289,179.8133804321289,0.003797,1,10.0,179.82793800354003,1,1,1,baseline_04_yaw_rotation,Yaw,pulse,W10_N3_mean1.5x,/home/tchowdh4/sensor_recovery_project/prediction_results_v9_trained_hybrid/baseline_04_yaw_rotation_ATT_trained_hybrid_prediction_outputs.csv,Yaw_hybrid_prediction
32.800208,0,352.5870056152344,352.5870056152344,172.7750701904297,179.8119354248047,179.8119354248047,0.003797,1,10.0,179.82513061523437,1,1,1,baseline_04_yaw_rotation,Yaw,pulse,W10_N3_mean1.5x,/home/tchowdh4/sensor_recovery_project/prediction_results_v9_trained_hybrid/baseline_04_yaw_rotation_ATT_trained_hybrid_prediction_outputs.csv,Yaw_hybrid_prediction
32.900168,0,352.5909729003906,352.5909729003906,172.7777717590332,179.81320114135744,179.81320114135744,0.003797,1,10.0,179.82275062561035,1,1,1,baseline_04_yaw_rotation,Yaw,pulse,W10_N3_mean1.5x,/home/tchowdh4/sensor_recovery_project/prediction_results_v9_trained_hybrid/baseline_04_yaw_rotation_ATT_trained_hybrid_prediction_outputs.csv,Yaw_hybrid_prediction
33.000128,0,352.5931396484375,352.5931396484375,172.78028640747073,179.81285324096677,179.81285324096677,0.003797,1,10.0,179.82088523864746,1,1,1,baseline_04_yaw_rotation,Yaw,pulse,W10_N3_mean1.5x,/home/tchowdh4/sensor_recovery_project/prediction_results_v9_trained_hybrid/baseline_04_yaw_rotation_ATT_trained_hybrid_prediction_outputs.csv,Yaw_hybrid_prediction
33.100088,0,352.5914306640625,352.5914306640625,172.78262176513672,179.80880889892578,179.80880889892578,0.003797,1,10.0,179.8190979003906,1,1,1,baseline_04_yaw_rotation,Yaw,pulse,W10_N3_mean1.5x,/home/tchowdh4/sensor_recovery_project/prediction_results_v9_trained_hybrid/baseline_04_yaw_rotation_ATT_trained_hybrid_prediction_outputs.csv,Yaw_hybrid_prediction
33.200048,0,352.5873718261719,352.5873718261719,172.78552932739257,179.8018424987793,179.8018424987793,0.003797,1,10.0,179.81655014038085,1,1,1,baseline_04_yaw_rotation,Yaw,pulse,W10_N3_mean1.5x,/home/tchowdh4/sensor_recovery_project/prediction_results_v9_trained_hybrid/baseline_04_yaw_rotation_ATT_trained_hybrid_prediction_outputs.csv,Yaw_hybrid_prediction
33.300008,0,352.58599853515625,352.58599853515625,172.7880241394043,179.79797439575194,179.79797439575194,0.003797,1,10.0,179.8133908843994,1,1,1,baseline_04_yaw_rotation,Yaw,pulse,W10_N3_mean1.5x,/home/tchowdh4/sensor_recovery_project/prediction_results_v9_trained_hybrid/baseline_04_yaw_rotation_ATT_trained_hybrid_prediction_outputs.csv,Yaw_hybrid_prediction
33.400801,0,352.5882263183594,352.5882263183594,172.79083938598637,179.797386932373,179.797386932373,0.003797,1,10.0,179.8101872253418,1,1,1,baseline_04_yaw_rotation,Yaw,pulse,W10_N3_mean1.5x,/home/tchowdh4/sensor_recovery_project/prediction_results_v9_trained_hybrid/baseline_04_yaw_rotation_ATT_trained_hybrid_prediction_outputs.csv,Yaw_hybrid_prediction
33.500761,0,352.59088134765625,352.59088134765625,172.79333419799806,179.7975471496582,179.7975471496582,0.003797,1,10.0,179.807393951416,1,1,1,baseline_04_yaw_rotation,Yaw,pulse,W10_N3_mean1.5x,/home/tchowdh4/sensor_recovery_project/prediction_results_v9_trained_hybrid/baseline_04_yaw_rotation_ATT_trained_hybrid_prediction_outputs.csv,Yaw_hybrid_prediction
33.600721,0,352.5909423828125,352.5909423828125,172.79562911987307,179.79531326293943,179.79531326293943,0.003797,1,10.0,179.80502433776854,1,1,1,baseline_04_yaw_rotation,Yaw,pulse,W10_N3_mean1.5x,/home/tchowdh4/sensor_recovery_project/prediction_results_v9_trained_hybrid/baseline_04_yaw_rotation_ATT_trained_hybrid_prediction_outputs.csv,Yaw_hybrid_prediction
33.700681,0,352.5888061523437,352.5888061523437,172.79821395874023,179.79059219360346,179.79059219360346,0.003797,1,10.0,179.802745513916,1,1,1,baseline_04_yaw_rotation,Yaw,pulse,W10_N3_mean1.5x,/home/tchowdh4/sensor_recovery_project/prediction_results_v9_trained_hybrid/baseline_04_yaw_rotation_ATT_trained_hybrid_prediction_outputs.csv,Yaw_hybrid_prediction
33.800641,0,352.58660888671875,352.58660888671875,172.80096817016602,179.78564071655273,179.78564071655273,0.003797,1,10.0,179.80011604309078,1,1,1,baseline_04_yaw_rotation,Yaw,pulse,W10_N3_mean1.5x,/home/tchowdh4/sensor_recovery_project/prediction_results_v9_trained_hybrid/baseline_04_yaw_rotation_ATT_trained_hybrid_prediction_outputs.csv,Yaw_hybrid_prediction
33.900601,0,352.5883483886719,352.5883483886719,172.80337829589843,179.78497009277345,179.78497009277345,0.003797,1,10.0,179.7972929382324,1,1,1,baseline_04_yaw_rotation,Yaw,pulse,W10_N3_mean1.5x,/home/tchowdh4/sensor_recovery_project/prediction_results_v9_trained_hybrid/baseline_04_yaw_rotation_ATT_trained_hybrid_prediction_outputs.csv,Yaw_hybrid_prediction
34.000561,0,352.5933837890625,352.5933837890625,172.80585708618165,179.78752670288085,179.78752670288085,0.003797,1,10.0,179.79476028442383,1,1,1,baseline_04_yaw_rotation,Yaw,pulse,W10_N3_mean1.5x,/home/tchowdh4/sensor_recovery_project/prediction_results_v9_trained_hybrid/baseline_04_yaw_rotation_ATT_trained_hybrid_prediction_outputs.csv,Yaw_hybrid_prediction
34.100521,0,352.59637451171875,352.59637451171875,172.8082733154297,179.78810119628906,179.78810119628906,0.003797,1,10.0,179.79268951416014,1,1,1,baseline_04_yaw_rotation,Yaw,pulse,W10_N3_mean1.5x,/home/tchowdh4/sensor_recovery_project/prediction_results_v9_trained_hybrid/baseline_04_yaw_rotation_ATT_trained_hybrid_prediction_outputs.csv,Yaw_hybrid_prediction
34.200481,0,352.5956726074219,352.5956726074219,172.81073837280277,179.7849342346191,179.7849342346191,0.003797,1,10.0,179.7909986877441,1,1,1,baseline_04_yaw_rotation,Yaw,pulse,W10_N3_mean1.5x,/home/tchowdh4/sensor_recovery_project/prediction_results_v9_trained_hybrid/baseline_04_yaw_rotation_ATT_trained_hybrid_prediction_outputs.csv,Yaw_hybrid_prediction
34.300441,0,352.59259033203125,352.59259033203125,172.8129821777344,179.77960815429685,179.77960815429685,0.003797,1,10.0,179.7891620635986,1,1,1,baseline_04_yaw_rotation,Yaw,pulse,W10_N3_mean1.5x,/home/tchowdh4/sensor_recovery_project/prediction_results_v9_trained_hybrid/baseline_04_yaw_rotation_ATT_trained_hybrid_prediction_outputs.csv,Yaw_hybrid_prediction
34.400401,0,352.589111328125,352.589111328125,172.81544342041016,179.77366790771484,179.77366790771484,0.003797,1,10.0,179.78679016113279,1,1,1,baseline_04_yaw_rotation,Yaw,pulse,W10_N3_mean1.5x,/home/tchowdh4/sensor_recovery_project/prediction_results_v9_trained_hybrid/baseline_04_yaw_rotation_ATT_trained_hybrid_prediction_outputs.csv,Yaw_hybrid_prediction
34.500361,0,352.5888366699219,352.5888366699219,172.8181854248047,179.77065124511716,179.77065124511716,0.003797,1,10.0,179.7841005706787,1,1,1,baseline_04_yaw_rotation,Yaw,pulse,W10_N3_mean1.5x,/home/tchowdh4/sensor_recovery_project/prediction_results_v9_trained_hybrid/baseline_04_yaw_rotation_ATT_trained_hybrid_prediction_outputs.csv,Yaw_hybrid_prediction
34.600321,0,352.5921936035156,352.5921936035156,172.82033691406252,179.7718566894531,179.7718566894531,0.003797,1,10.0,179.78175491333008,1,1,1,baseline_04_yaw_rotation,Yaw,pulse,W10_N3_mean1.5x,/home/tchowdh4/sensor_recovery_project/prediction_results_v9_trained_hybrid/baseline_04_yaw_rotation_ATT_trained_hybrid_prediction_outputs.csv,Yaw_hybrid_prediction
34.700281,0,352.59356689453125,352.59356689453125,172.82301101684573,179.77055587768552,179.77055587768552,0.003797,1,10.0,179.77975128173827,1,1,1,baseline_04_yaw_rotation,Yaw,pulse,W10_N3_mean1.5x,/home/tchowdh4/sensor_recovery_project/prediction_results_v9_trained_hybrid/baseline_04_yaw_rotation_ATT_trained_hybrid_prediction_outputs.csv,Yaw_hybrid_prediction
34.800241,0,352.5919189453125,352.5919189453125,172.82541732788087,179.76650161743163,179.76650161743163,0.003797,1,10.0,179.77783737182617,1,1,1,baseline_04_yaw_rotation,Yaw,pulse,W10_N3_mean1.5x,/home/tchowdh4/sensor_recovery_project/prediction_results_v9_trained_hybrid/baseline_04_yaw_rotation_ATT_trained_hybrid_prediction_outputs.csv,Yaw_hybrid_prediction
34.900201,0,352.5889892578125,352.5889892578125,172.82794494628908,179.76104431152342,179.76104431152342,0.003797,1,10.0,179.77544479370118,1,1,1,baseline_04_yaw_rotation,Yaw,pulse,W10_N3_mean1.5x,/home/tchowdh4/sensor_recovery_project/prediction_results_v9_trained_hybrid/baseline_04_yaw_rotation_ATT_trained_hybrid_prediction_outputs.csv,Yaw_hybrid_prediction
35.000161,0,352.5894775390625,352.5894775390625,172.83042373657227,179.75905380249023,179.75905380249023,0.003797,1,10.0,179.7725975036621,1,1,1,baseline_04_yaw_rotation,Yaw,pulse,W10_N3_mean1.5x,/home/tchowdh4/sensor_recovery_project/prediction_results_v9_trained_hybrid/baseline_04_yaw_rotation_ATT_trained_hybrid_prediction_outputs.csv,Yaw_hybrid_prediction
35.100121,0,352.593505859375,352.593505859375,172.83269805908202,179.76080780029298,179.76080780029298,0.003797,1,10.0,179.76986816406247,1,1,1,baseline_04_yaw_rotation,Yaw,pulse,W10_N3_mean1.5x,/home/tchowdh4/sensor_recovery_project/prediction_results_v9_trained_hybrid/baseline_04_yaw_rotation_ATT_trained_hybrid_prediction_outputs.csv,Yaw_hybrid_prediction
35.200081,0,352.5971374511719,352.5971374511719,172.8351661682129,179.76197128295897,179.76197128295897,0.003797,1,10.0,179.76757186889648,1,1,1,baseline_04_yaw_rotation,Yaw,pulse,W10_N3_mean1.5x,/home/tchowdh4/sensor_recovery_project/prediction_results_v9_trained_hybrid/baseline_04_yaw_rotation_ATT_trained_hybrid_prediction_outputs.csv,Yaw_hybrid_prediction
35.300041,0,352.5963439941406,352.5963439941406,172.83768692016602,179.7586570739746,179.7586570739746,0.003797,1,10.0,179.76547676086426,1,1,1,baseline_04_yaw_rotation,Yaw,pulse,W10_N3_mean1.5x,/home/tchowdh4/sensor_recovery_project/prediction_results_v9_trained_hybrid/baseline_04_yaw_rotation_ATT_trained_hybrid_prediction_outputs.csv,Yaw_hybrid_prediction
35.400001,0,352.5927429199219,352.5927429199219,172.84010314941406,179.7526397705078,179.7526397705078,0.003797,1,10.0,179.76337394714355,1,1,1,baseline_04_yaw_rotation,Yaw,pulse,W10_N3_mean1.5x,/home/tchowdh4/sensor_recovery_project/prediction_results_v9_trained_hybrid/baseline_04_yaw_rotation_ATT_trained_hybrid_prediction_outputs.csv,Yaw_hybrid_prediction
35.500794,0,352.5896301269531,352.5896301269531,172.84233169555665,179.74729843139647,179.74729843139647,0.003797,1,10.0,179.76103866577145,1,1,1,baseline_04_yaw_rotation,Yaw,pulse,W10_N3_mean1.5x,/home/tchowdh4/sensor_recovery_project/prediction_results_v9_trained_hybrid/baseline_04_yaw_rotation_ATT_trained_hybrid_prediction_outputs.csv,Yaw_hybrid_prediction
35.600754,0,352.591064453125,352.591064453125,172.8447303771973,179.7463340759277,179.7463340759277,0.003797,1,10.0,179.75848640441893,1,1,1,baseline_04_yaw_rotation,Yaw,pulse,W10_N3_mean1.5x,/home/tchowdh4/sensor_recovery_project/prediction_results_v9_trained_hybrid/baseline_04_yaw_rotation_ATT_trained_hybrid_prediction_outputs.csv,Yaw_hybrid_prediction
35.700714,0,352.5950927734375,352.5950927734375,172.8473083496094,179.7477844238281,179.7477844238281,0.003797,1,10.0,179.75620925903317,1,1,1,baseline_04_yaw_rotation,Yaw,pulse,W10_N3_mean1.5x,/home/tchowdh4/sensor_recovery_project/prediction_results_v9_trained_hybrid/baseline_04_yaw_rotation_ATT_trained_hybrid_prediction_outputs.csv,Yaw_hybrid_prediction
35.800674,0,352.5964660644531,352.5964660644531,172.84966888427735,179.74679718017578,179.74679718017578,0.003797,1,10.0,179.75423881530762,1,1,1,baseline_04_yaw_rotation,Yaw,pulse,W10_N3_mean1.5x,/home/tchowdh4/sensor_recovery_project/prediction_results_v9_trained_hybrid/baseline_04_yaw_rotation_ATT_trained_hybrid_prediction_outputs.csv,Yaw_hybrid_prediction
35.900634,0,352.5936279296875,352.5936279296875,172.8524108886719,179.7412170410156,179.7412170410156,0.003797,1,10.0,179.75225608825681,1,1,1,baseline_04_yaw_rotation,Yaw,pulse,W10_N3_mean1.5x,/home/tchowdh4/sensor_recovery_project/prediction_results_v9_trained_hybrid/baseline_04_yaw_rotation_ATT_trained_hybrid_prediction_outputs.csv,Yaw_hybrid_prediction
36.000594,0,352.5896911621094,352.5896911621094,172.85460968017577,179.7350814819336,179.7350814819336,0.003797,1,10.0,179.74985885620117,1,1,1,baseline_04_yaw_rotation,Yaw,pulse,W10_N3_mean1.5x,/home/tchowdh4/sensor_recovery_project/prediction_results_v9_trained_hybrid/baseline_04_yaw_rotation_ATT_trained_hybrid_prediction_outputs.csv,Yaw_hybrid_prediction
36.100554,0,352.5883178710937,352.5883178710937,172.85688858032228,179.73142929077142,179.73142929077142,0.003797,1,10.0,179.74692100524902,1,1,1,baseline_04_yaw_rotation,Yaw,pulse,W10_N3_mean1.5x,/home/tchowdh4/sensor_recovery_project/prediction_results_v9_trained_hybrid/baseline_04_yaw_rotation_ATT_trained_hybrid_prediction_outputs.csv,Yaw_hybrid_prediction
36.200514,0,352.59063720703125,352.59063720703125,172.85938186645507,179.73125534057618,179.73125534057618,0.003797,1,10.0,179.74384941101073,1,1,1,baseline_04_yaw_rotation,Yaw,pulse,W10_N3_mean1.5x,/home/tchowdh4/sensor_recovery_project/prediction_results_v9_trained_hybrid/baseline_04_yaw_rotation_ATT_trained_hybrid_prediction_outputs.csv,Yaw_hybrid_prediction
36.300474,0,352.5951538085937,352.5951538085937,172.861784362793,179.7333694458007,179.7333694458007,0.003797,1,10.0,179.74132064819332,1,1,1,baseline_04_yaw_rotation,Yaw,pulse,W10_N3_mean1.5x,/home/tchowdh4/sensor_recovery_project/prediction_results_v9_trained_hybrid/baseline_04_yaw_rotation_ATT_trained_hybrid_prediction_outputs.csv,Yaw_hybrid_prediction
36.400434,0,352.5973205566406,352.5973205566406,172.86395874023438,179.73336181640624,179.73336181640624,0.003797,1,10.0,179.73939285278317,1,1,1,baseline_04_yaw_rotation,Yaw,pulse,W10_N3_mean1.5x,/home/tchowdh4/sensor_recovery_project/prediction_results_v9_trained_hybrid/baseline_04_yaw_rotation_ATT_trained_hybrid_prediction_outputs.csv,Yaw_hybrid_prediction
36.500394,0,352.5953369140625,352.5953369140625,172.86652450561525,179.72881240844725,179.72881240844725,0.003797,1,10.0,179.73754425048824,1,1,1,baseline_04_yaw_rotation,Yaw,pulse,W10_N3_mean1.5x,/home/tchowdh4/sensor_recovery_project/prediction_results_v9_trained_hybrid/baseline_04_yaw_rotation_ATT_trained_hybrid_prediction_outputs.csv,Yaw_hybrid_prediction
36.600354,0,352.5913391113281,352.5913391113281,172.86921768188478,179.72212142944335,179.72212142944335,0.003797,1,10.0,179.73512298583984,1,1,1,baseline_04_yaw_rotation,Yaw,pulse,W10_N3_mean1.5x,/home/tchowdh4/sensor_recovery_project/prediction_results_v9_trained_hybrid/baseline_04_yaw_rotation_ATT_trained_hybrid_prediction_outputs.csv,Yaw_hybrid_prediction
36.700314,0,352.586669921875,352.586669921875,172.87166137695314,179.71500854492186,179.71500854492186,0.003797,1,10.0,179.73184539794917,1,1,1,baseline_04_yaw_rotation,Yaw,pulse,W10_N3_mean1.5x,/home/tchowdh4/sensor_recovery_project/prediction_results_v9_trained_hybrid/baseline_04_yaw_rotation_ATT_trained_hybrid_prediction_outputs.csv,Yaw_hybrid_prediction
36.800274,0,352.5870666503906,352.5870666503906,172.87432937622071,179.7127372741699,179.7127372741699,0.003797,1,10.0,179.72843940734862,1,1,1,baseline_04_yaw_rotation,Yaw,pulse,W10_N3_mean1.5x,/home/tchowdh4/sensor_recovery_project/prediction_results_v9_trained_hybrid/baseline_04_yaw_rotation_ATT_trained_hybrid_prediction_outputs.csv,Yaw_hybrid_prediction
36.900234,0,352.5909423828125,352.5909423828125,172.87639465332032,179.71454772949218,179.71454772949218,0.003797,1,10.0,179.72577247619628,1,1,1,baseline_04_yaw_rotation,Yaw,pulse,W10_N3_mean1.5x,/home/tchowdh4/sensor_recovery_project/prediction_results_v9_trained_hybrid/baseline_04_yaw_rotation_ATT_trained_hybrid_prediction_outputs.csv,Yaw_hybrid_prediction
