x,AttackActive,CleanFuture_Yaw,AttackedFuture_Yaw,V9PredictedFuture_Yaw,Residual_Yaw,AbsResidual_Yaw,Threshold,PointDetectionFlag,WindowCount,RollingMeanAbsResidual,WindowCountFlag,WindowMeanFlag,WindowCombinedFlag,Baseline,AttackAxis,AttackType,WindowRule,PredictionFile,PredictionColumn
0.09996,0,354.5608215332031,354.5608215332031,352.62571868896487,1.9351028442382585,1.9351028442382585,0.010773,1,1.0,1.9351028442382585,0,1,1,baseline_02_high_altitude_hover,Yaw,bias,W20_N5_mean1.5x,/home/tchowdh4/sensor_recovery_project/prediction_results_v9_trained_hybrid/baseline_02_high_altitude_hover_ATT_trained_hybrid_prediction_outputs.csv,Yaw_hybrid_prediction
0.19992,0,354.5590209960937,354.5590209960937,352.6229431152344,1.9360778808592727,1.9360778808592727,0.010773,1,2.0,1.9355903625487656,0,1,1,baseline_02_high_altitude_hover,Yaw,bias,W20_N5_mean1.5x,/home/tchowdh4/sensor_recovery_project/prediction_results_v9_trained_hybrid/baseline_02_high_altitude_hover_ATT_trained_hybrid_prediction_outputs.csv,Yaw_hybrid_prediction
0.29988,0,354.5574951171875,354.5574951171875,352.6166122436524,1.940882873535088,1.940882873535088,0.010773,1,3.0,1.9373545328775397,0,1,1,baseline_02_high_altitude_hover,Yaw,bias,W20_N5_mean1.5x,/home/tchowdh4/sensor_recovery_project/prediction_results_v9_trained_hybrid/baseline_02_high_altitude_hover_ATT_trained_hybrid_prediction_outputs.csv,Yaw_hybrid_prediction
0.39984,0,354.55596923828125,354.55596923828125,352.6141555786133,1.9418136596679574,1.9418136596679574,0.010773,1,4.0,1.9384693145751442,0,1,1,baseline_02_high_altitude_hover,Yaw,bias,W20_N5_mean1.5x,/home/tchowdh4/sensor_recovery_project/prediction_results_v9_trained_hybrid/baseline_02_high_altitude_hover_ATT_trained_hybrid_prediction_outputs.csv,Yaw_hybrid_prediction
0.4998,0,354.5542907714844,354.5542907714844,352.6172515869141,1.937039184570267,1.937039184570267,0.010773,1,5.0,1.9381832885741688,1,1,1,baseline_02_high_altitude_hover,Yaw,bias,W20_N5_mean1.5x,/home/tchowdh4/sensor_recovery_project/prediction_results_v9_trained_hybrid/baseline_02_high_altitude_hover_ATT_trained_hybrid_prediction_outputs.csv,Yaw_hybrid_prediction
0.59976,0,354.5528259277344,354.5528259277344,352.62265930175784,1.9301666259765398,1.9301666259765398,0.010773,1,6.0,1.9368471781412306,1,1,1,baseline_02_high_altitude_hover,Yaw,bias,W20_N5_mean1.5x,/home/tchowdh4/sensor_recovery_project/prediction_results_v9_trained_hybrid/baseline_02_high_altitude_hover_ATT_trained_hybrid_prediction_outputs.csv,Yaw_hybrid_prediction
0.69972,0,354.55145263671875,354.55145263671875,352.6239608764648,1.927491760253929,1.927491760253929,0.010773,1,7.0,1.9355106898716161,1,1,1,baseline_02_high_altitude_hover,Yaw,bias,W20_N5_mean1.5x,/home/tchowdh4/sensor_recovery_project/prediction_results_v9_trained_hybrid/baseline_02_high_altitude_hover_ATT_trained_hybrid_prediction_outputs.csv,Yaw_hybrid_prediction
0.79968,0,354.5497131347656,354.5497131347656,352.621127319336,1.928585815429642,1.928585815429642,0.010773,1,8.0,1.9346450805663693,1,1,1,baseline_02_high_altitude_hover,Yaw,bias,W20_N5_mean1.5x,/home/tchowdh4/sensor_recovery_project/prediction_results_v9_trained_hybrid/baseline_02_high_altitude_hover_ATT_trained_hybrid_prediction_outputs.csv,Yaw_hybrid_prediction
0.89964,0,354.54815673828125,354.54815673828125,352.6191818237305,1.9289749145507358,1.9289749145507358,0.010773,1,9.0,1.9340150621201877,1,1,1,baseline_02_high_altitude_hover,Yaw,bias,W20_N5_mean1.5x,/home/tchowdh4/sensor_recovery_project/prediction_results_v9_trained_hybrid/baseline_02_high_altitude_hover_ATT_trained_hybrid_prediction_outputs.csv,Yaw_hybrid_prediction
0.9996,0,354.5467529296875,354.5467529296875,352.61965484619145,1.9270980834960483,1.9270980834960483,0.010773,1,10.0,1.9333233642577738,1,1,1,baseline_02_high_altitude_hover,Yaw,bias,W20_N5_mean1.5x,/home/tchowdh4/sensor_recovery_project/prediction_results_v9_trained_hybrid/baseline_02_high_altitude_hover_ATT_trained_hybrid_prediction_outputs.csv,Yaw_hybrid_prediction
1.09956,0,354.5452575683594,354.5452575683594,352.6205032348633,1.9247543334960824,1.9247543334960824,0.010773,1,11.0,1.9325443614612565,1,1,1,baseline_02_high_altitude_hover,Yaw,bias,W20_N5_mean1.5x,/home/tchowdh4/sensor_recovery_project/prediction_results_v9_trained_hybrid/baseline_02_high_altitude_hover_ATT_trained_hybrid_prediction_outputs.csv,Yaw_hybrid_prediction
1.19952,0,354.5437316894531,354.5437316894531,352.62071228027344,1.9230194091796875,1.9230194091796875,0.010773,1,12.0,1.9317506154377924,1,1,1,baseline_02_high_altitude_hover,Yaw,bias,W20_N5_mean1.5x,/home/tchowdh4/sensor_recovery_project/prediction_results_v9_trained_hybrid/baseline_02_high_altitude_hover_ATT_trained_hybrid_prediction_outputs.csv,Yaw_hybrid_prediction
1.29948,0,354.5420837402344,354.5420837402344,352.6182739257813,1.9238098144530795,1.9238098144530795,0.010773,1,13.0,1.9311397845928144,1,1,1,baseline_02_high_altitude_hover,Yaw,bias,W20_N5_mean1.5x,/home/tchowdh4/sensor_recovery_project/prediction_results_v9_trained_hybrid/baseline_02_high_altitude_hover_ATT_trained_hybrid_prediction_outputs.csv,Yaw_hybrid_prediction
1.39944,0,354.5406799316406,354.5406799316406,352.61438598632816,1.926293945312466,1.926293945312466,0.010773,1,14.0,1.9307936532156467,1,1,1,baseline_02_high_altitude_hover,Yaw,bias,W20_N5_mean1.5x,/home/tchowdh4/sensor_recovery_project/prediction_results_v9_trained_hybrid/baseline_02_high_altitude_hover_ATT_trained_hybrid_prediction_outputs.csv,Yaw_hybrid_prediction
1.4994,0,354.53875732421875,354.53875732421875,352.61546020507814,1.9232971191406136,1.9232971191406136,0.010773,1,15.0,1.9302938842773112,1,1,1,baseline_02_high_altitude_hover,Yaw,bias,W20_N5_mean1.5x,/home/tchowdh4/sensor_recovery_project/prediction_results_v9_trained_hybrid/baseline_02_high_altitude_hover_ATT_trained_hybrid_prediction_outputs.csv,Yaw_hybrid_prediction
1.59936,0,354.53717041015625,354.53717041015625,352.61964111328126,1.9175292968749886,1.9175292968749886,0.010773,1,16.0,1.929496097564666,1,1,1,baseline_02_high_altitude_hover,Yaw,bias,W20_N5_mean1.5x,/home/tchowdh4/sensor_recovery_project/prediction_results_v9_trained_hybrid/baseline_02_high_altitude_hover_ATT_trained_hybrid_prediction_outputs.csv,Yaw_hybrid_prediction
1.69932,0,354.53515625,354.53515625,352.62138671875005,1.9137695312499545,1.9137695312499545,0.010773,1,17.0,1.9285710054285066,1,1,1,baseline_02_high_altitude_hover,Yaw,bias,W20_N5_mean1.5x,/home/tchowdh4/sensor_recovery_project/prediction_results_v9_trained_hybrid/baseline_02_high_altitude_hover_ATT_trained_hybrid_prediction_outputs.csv,Yaw_hybrid_prediction
1.79928,0,354.5331726074219,354.5331726074219,352.6202758789062,1.9128967285156477,1.9128967285156477,0.010773,1,18.0,1.927700212266681,1,1,1,baseline_02_high_altitude_hover,Yaw,bias,W20_N5_mean1.5x,/home/tchowdh4/sensor_recovery_project/prediction_results_v9_trained_hybrid/baseline_02_high_altitude_hover_ATT_trained_hybrid_prediction_outputs.csv,Yaw_hybrid_prediction
1.89924,0,354.53125,354.53125,352.6161712646484,1.9150787353515852,1.9150787353515852,0.010773,1,19.0,1.9270359240079917,1,1,1,baseline_02_high_altitude_hover,Yaw,bias,W20_N5_mean1.5x,/home/tchowdh4/sensor_recovery_project/prediction_results_v9_trained_hybrid/baseline_02_high_altitude_hover_ATT_trained_hybrid_prediction_outputs.csv,Yaw_hybrid_prediction
1.9992,0,354.5296630859375,354.5296630859375,352.61458587646484,1.9150772094726562,1.9150772094726562,0.010773,1,20.0,1.926437988281225,1,1,1,baseline_02_high_altitude_hover,Yaw,bias,W20_N5_mean1.5x,/home/tchowdh4/sensor_recovery_project/prediction_results_v9_trained_hybrid/baseline_02_high_altitude_hover_ATT_trained_hybrid_prediction_outputs.csv,Yaw_hybrid_prediction
2.099993,0,354.52789306640625,354.52789306640625,352.6150802612305,1.9128128051757471,1.9128128051757471,0.010773,1,20.0,1.9253234863280995,1,1,1,baseline_02_high_altitude_hover,Yaw,bias,W20_N5_mean1.5x,/home/tchowdh4/sensor_recovery_project/prediction_results_v9_trained_hybrid/baseline_02_high_altitude_hover_ATT_trained_hybrid_prediction_outputs.csv,Yaw_hybrid_prediction
2.199953,0,354.5265197753906,354.5265197753906,352.61723937988285,1.9092803955077784,1.9092803955077784,0.010773,1,20.0,1.9239836120605247,1,1,1,baseline_02_high_altitude_hover,Yaw,bias,W20_N5_mean1.5x,/home/tchowdh4/sensor_recovery_project/prediction_results_v9_trained_hybrid/baseline_02_high_altitude_hover_ATT_trained_hybrid_prediction_outputs.csv,Yaw_hybrid_prediction
2.299913,0,354.5247497558594,354.5247497558594,352.6178909301758,1.906858825683571,1.906858825683571,0.010773,1,20.0,1.922282409667949,1,1,1,baseline_02_high_altitude_hover,Yaw,bias,W20_N5_mean1.5x,/home/tchowdh4/sensor_recovery_project/prediction_results_v9_trained_hybrid/baseline_02_high_altitude_hover_ATT_trained_hybrid_prediction_outputs.csv,Yaw_hybrid_prediction
2.399873,0,354.52294921875,354.52294921875,352.61523590087893,1.907713317871071,1.907713317871071,0.010773,1,20.0,1.9205773925781044,1,1,1,baseline_02_high_altitude_hover,Yaw,bias,W20_N5_mean1.5x,/home/tchowdh4/sensor_recovery_project/prediction_results_v9_trained_hybrid/baseline_02_high_altitude_hover_ATT_trained_hybrid_prediction_outputs.csv,Yaw_hybrid_prediction
2.499833,0,354.52130126953125,354.52130126953125,352.6138565063477,1.9074447631835483,1.9074447631835483,0.010773,1,20.0,1.9190976715087686,1,1,1,baseline_02_high_altitude_hover,Yaw,bias,W20_N5_mean1.5x,/home/tchowdh4/sensor_recovery_project/prediction_results_v9_trained_hybrid/baseline_02_high_altitude_hover_ATT_trained_hybrid_prediction_outputs.csv,Yaw_hybrid_prediction
2.599793,0,354.51922607421875,354.51922607421875,352.61671447753906,1.9025115966796875,1.9025115966796875,0.010773,1,20.0,1.917714920043926,1,1,1,baseline_02_high_altitude_hover,Yaw,bias,W20_N5_mean1.5x,/home/tchowdh4/sensor_recovery_project/prediction_results_v9_trained_hybrid/baseline_02_high_altitude_hover_ATT_trained_hybrid_prediction_outputs.csv,Yaw_hybrid_prediction
2.699753,0,354.5174560546875,354.5174560546875,352.6208953857422,1.8965606689453125,1.8965606689453125,0.010773,1,20.0,1.9161683654784951,1,1,1,baseline_02_high_altitude_hover,Yaw,bias,W20_N5_mean1.5x,/home/tchowdh4/sensor_recovery_project/prediction_results_v9_trained_hybrid/baseline_02_high_altitude_hover_ATT_trained_hybrid_prediction_outputs.csv,Yaw_hybrid_prediction
2.799713,0,354.5155029296875,354.5155029296875,352.62128753662114,1.8942153930663608,1.8942153930663608,0.010773,1,20.0,1.914449844360331,1,1,1,baseline_02_high_altitude_hover,Yaw,bias,W20_N5_mean1.5x,/home/tchowdh4/sensor_recovery_project/prediction_results_v9_trained_hybrid/baseline_02_high_altitude_hover_ATT_trained_hybrid_prediction_outputs.csv,Yaw_hybrid_prediction
2.899673,0,354.513671875,354.513671875,352.61680297851564,1.8968688964843636,1.8968688964843636,0.010773,1,20.0,1.9128445434570125,1,1,1,baseline_02_high_altitude_hover,Yaw,bias,W20_N5_mean1.5x,/home/tchowdh4/sensor_recovery_project/prediction_results_v9_trained_hybrid/baseline_02_high_altitude_hover_ATT_trained_hybrid_prediction_outputs.csv,Yaw_hybrid_prediction
2.999633,0,354.5116577148437,354.5116577148437,352.61495819091795,1.8966995239257471,1.8966995239257471,0.010773,1,20.0,1.9113246154784975,1,1,1,baseline_02_high_altitude_hover,Yaw,bias,W20_N5_mean1.5x,/home/tchowdh4/sensor_recovery_project/prediction_results_v9_trained_hybrid/baseline_02_high_altitude_hover_ATT_trained_hybrid_prediction_outputs.csv,Yaw_hybrid_prediction
3.099593,0,354.509521484375,354.509521484375,352.6166137695312,1.8929077148437727,1.8929077148437727,0.010773,1,20.0,1.909732284545882,1,1,1,baseline_02_high_altitude_hover,Yaw,bias,W20_N5_mean1.5x,/home/tchowdh4/sensor_recovery_project/prediction_results_v9_trained_hybrid/baseline_02_high_altitude_hover_ATT_trained_hybrid_prediction_outputs.csv,Yaw_hybrid_prediction
3.199553,0,354.5074157714844,354.5074157714844,352.6177658081055,1.8896499633788721,1.8896499633788721,0.010773,1,20.0,1.908063812255841,1,1,1,baseline_02_high_altitude_hover,Yaw,bias,W20_N5_mean1.5x,/home/tchowdh4/sensor_recovery_project/prediction_results_v9_trained_hybrid/baseline_02_high_altitude_hover_ATT_trained_hybrid_prediction_outputs.csv,Yaw_hybrid_prediction
3.299513,0,354.5054626464844,354.5054626464844,352.61822509765625,1.887237548828125,1.887237548828125,0.010773,1,20.0,1.9062351989745934,1,1,1,baseline_02_high_altitude_hover,Yaw,bias,W20_N5_mean1.5x,/home/tchowdh4/sensor_recovery_project/prediction_results_v9_trained_hybrid/baseline_02_high_altitude_hover_ATT_trained_hybrid_prediction_outputs.csv,Yaw_hybrid_prediction
3.399473,0,354.5035705566406,354.5035705566406,352.62056121826174,1.8830093383788835,1.8830093383788835,0.010773,1,20.0,1.9040709686279143,1,1,1,baseline_02_high_altitude_hover,Yaw,bias,W20_N5_mean1.5x,/home/tchowdh4/sensor_recovery_project/prediction_results_v9_trained_hybrid/baseline_02_high_altitude_hover_ATT_trained_hybrid_prediction_outputs.csv,Yaw_hybrid_prediction
3.499433,0,354.5014953613281,354.5014953613281,352.6192199707032,1.8822753906248977,1.8822753906248977,0.010773,1,20.0,1.9020198822021286,1,1,1,baseline_02_high_altitude_hover,Yaw,bias,W20_N5_mean1.5x,/home/tchowdh4/sensor_recovery_project/prediction_results_v9_trained_hybrid/baseline_02_high_altitude_hover_ATT_trained_hybrid_prediction_outputs.csv,Yaw_hybrid_prediction
3.599393,0,354.4994201660156,354.4994201660156,352.6149154663086,1.8845046997070085,1.8845046997070085,0.010773,1,20.0,1.9003686523437295,1,1,1,baseline_02_high_altitude_hover,Yaw,bias,W20_N5_mean1.5x,/home/tchowdh4/sensor_recovery_project/prediction_results_v9_trained_hybrid/baseline_02_high_altitude_hover_ATT_trained_hybrid_prediction_outputs.csv,Yaw_hybrid_prediction
3.699353,0,354.497314453125,354.497314453125,352.6137359619141,1.8835784912109261,1.8835784912109261,0.010773,1,20.0,1.898859100341778,1,1,1,baseline_02_high_altitude_hover,Yaw,bias,W20_N5_mean1.5x,/home/tchowdh4/sensor_recovery_project/prediction_results_v9_trained_hybrid/baseline_02_high_altitude_hover_ATT_trained_hybrid_prediction_outputs.csv,Yaw_hybrid_prediction
3.799313,0,354.494873046875,354.494873046875,352.6178955078125,1.8769775390625227,1.8769775390625227,0.010773,1,20.0,1.8970631408691219,1,1,1,baseline_02_high_altitude_hover,Yaw,bias,W20_N5_mean1.5x,/home/tchowdh4/sensor_recovery_project/prediction_results_v9_trained_hybrid/baseline_02_high_altitude_hover_ATT_trained_hybrid_prediction_outputs.csv,Yaw_hybrid_prediction
3.899273,0,354.49273681640625,354.49273681640625,352.62021484375003,1.872521972656216,1.872521972656216,0.010773,1,20.0,1.8949353027343534,1,1,1,baseline_02_high_altitude_hover,Yaw,bias,W20_N5_mean1.5x,/home/tchowdh4/sensor_recovery_project/prediction_results_v9_trained_hybrid/baseline_02_high_altitude_hover_ATT_trained_hybrid_prediction_outputs.csv,Yaw_hybrid_prediction
3.999233,0,354.4903869628906,354.4903869628906,352.6183746337891,1.8720123291015511,1.8720123291015511,0.010773,1,20.0,1.8927820587157982,1,1,1,baseline_02_high_altitude_hover,Yaw,bias,W20_N5_mean1.5x,/home/tchowdh4/sensor_recovery_project/prediction_results_v9_trained_hybrid/baseline_02_high_altitude_hover_ATT_trained_hybrid_prediction_outputs.csv,Yaw_hybrid_prediction
4.099193,0,354.4881896972656,354.4881896972656,352.6172500610352,1.870939636230446,1.870939636230446,0.010773,1,20.0,1.8906884002685331,1,1,1,baseline_02_high_altitude_hover,Yaw,bias,W20_N5_mean1.5x,/home/tchowdh4/sensor_recovery_project/prediction_results_v9_trained_hybrid/baseline_02_high_altitude_hover_ATT_trained_hybrid_prediction_outputs.csv,Yaw_hybrid_prediction
4.199986,0,354.4861755371094,354.4861755371094,352.6170120239258,1.8691635131835938,1.8691635131835938,0.010773,1,20.0,1.888682556152324,1,1,1,baseline_02_high_altitude_hover,Yaw,bias,W20_N5_mean1.5x,/home/tchowdh4/sensor_recovery_project/prediction_results_v9_trained_hybrid/baseline_02_high_altitude_hover_ATT_trained_hybrid_prediction_outputs.csv,Yaw_hybrid_prediction
4.299946,0,354.48388671875,354.48388671875,352.6165985107422,1.8672882080077784,1.8672882080077784,0.010773,1,20.0,1.8867040252685343,1,1,1,baseline_02_high_altitude_hover,Yaw,bias,W20_N5_mean1.5x,/home/tchowdh4/sensor_recovery_project/prediction_results_v9_trained_hybrid/baseline_02_high_altitude_hover_ATT_trained_hybrid_prediction_outputs.csv,Yaw_hybrid_prediction
4.399906,0,354.4815368652344,354.4815368652344,352.61581726074223,1.865719604492142,1.865719604492142,0.010773,1,20.0,1.8846043395995877,1,1,1,baseline_02_high_altitude_hover,Yaw,bias,W20_N5_mean1.5x,/home/tchowdh4/sensor_recovery_project/prediction_results_v9_trained_hybrid/baseline_02_high_altitude_hover_ATT_trained_hybrid_prediction_outputs.csv,Yaw_hybrid_prediction
4.499866,0,354.47930908203125,354.47930908203125,352.6161636352539,1.8631454467773665,1.8631454467773665,0.010773,1,20.0,1.8823893737792787,1,1,1,baseline_02_high_altitude_hover,Yaw,bias,W20_N5_mean1.5x,/home/tchowdh4/sensor_recovery_project/prediction_results_v9_trained_hybrid/baseline_02_high_altitude_hover_ATT_trained_hybrid_prediction_outputs.csv,Yaw_hybrid_prediction
4.599826,0,354.47705078125,354.47705078125,352.6167694091797,1.8602813720702898,1.8602813720702898,0.010773,1,20.0,1.8802778625488088,1,1,1,baseline_02_high_altitude_hover,Yaw,bias,W20_N5_mean1.5x,/home/tchowdh4/sensor_recovery_project/prediction_results_v9_trained_hybrid/baseline_02_high_altitude_hover_ATT_trained_hybrid_prediction_outputs.csv,Yaw_hybrid_prediction
4.699786,0,354.4747009277344,354.4747009277344,352.61741790771487,1.8572830200195085,1.8572830200195085,0.010773,1,20.0,1.8783139801025186,1,1,1,baseline_02_high_altitude_hover,Yaw,bias,W20_N5_mean1.5x,/home/tchowdh4/sensor_recovery_project/prediction_results_v9_trained_hybrid/baseline_02_high_altitude_hover_ATT_trained_hybrid_prediction_outputs.csv,Yaw_hybrid_prediction
4.799746,0,354.47216796875,354.47216796875,352.6173782348633,1.8547897338867188,1.8547897338867188,0.010773,1,20.0,1.8763426971435364,1,1,1,baseline_02_high_altitude_hover,Yaw,bias,W20_N5_mean1.5x,/home/tchowdh4/sensor_recovery_project/prediction_results_v9_trained_hybrid/baseline_02_high_altitude_hover_ATT_trained_hybrid_prediction_outputs.csv,Yaw_hybrid_prediction
4.899706,0,354.46990966796875,354.46990966796875,352.6166900634766,1.8532196044921534,1.8532196044921534,0.010773,1,20.0,1.874160232543926,1,1,1,baseline_02_high_altitude_hover,Yaw,bias,W20_N5_mean1.5x,/home/tchowdh4/sensor_recovery_project/prediction_results_v9_trained_hybrid/baseline_02_high_altitude_hover_ATT_trained_hybrid_prediction_outputs.csv,Yaw_hybrid_prediction
4.999666,0,354.4675598144531,354.4675598144531,352.6163070678711,1.8512527465820199,1.8512527465820199,0.010773,1,20.0,1.8718878936767396,1,1,1,baseline_02_high_altitude_hover,Yaw,bias,W20_N5_mean1.5x,/home/tchowdh4/sensor_recovery_project/prediction_results_v9_trained_hybrid/baseline_02_high_altitude_hover_ATT_trained_hybrid_prediction_outputs.csv,Yaw_hybrid_prediction
5.099626,0,354.4651184082031,354.4651184082031,352.61692810058594,1.8481903076171875,1.8481903076171875,0.010773,1,20.0,1.8696520233154104,1,1,1,baseline_02_high_altitude_hover,Yaw,bias,W20_N5_mean1.5x,/home/tchowdh4/sensor_recovery_project/prediction_results_v9_trained_hybrid/baseline_02_high_altitude_hover_ATT_trained_hybrid_prediction_outputs.csv,Yaw_hybrid_prediction
5.199586,0,354.4626159667969,354.4626159667969,352.6167465209961,1.8458694458007585,1.8458694458007585,0.010773,1,20.0,1.8674629974365047,1,1,1,baseline_02_high_altitude_hover,Yaw,bias,W20_N5_mean1.5x,/home/tchowdh4/sensor_recovery_project/prediction_results_v9_trained_hybrid/baseline_02_high_altitude_hover_ATT_trained_hybrid_prediction_outputs.csv,Yaw_hybrid_prediction
5.299546,0,354.4601745605469,354.4601745605469,352.6165832519531,1.8435913085937727,1.8435913085937727,0.010773,1,20.0,1.865280685424787,1,1,1,baseline_02_high_altitude_hover,Yaw,bias,W20_N5_mean1.5x,/home/tchowdh4/sensor_recovery_project/prediction_results_v9_trained_hybrid/baseline_02_high_altitude_hover_ATT_trained_hybrid_prediction_outputs.csv,Yaw_hybrid_prediction
5.399506,0,354.457763671875,354.457763671875,352.6163726806641,1.8413909912109148,1.8413909912109148,0.010773,1,20.0,1.8631997680663885,1,1,1,baseline_02_high_altitude_hover,Yaw,bias,W20_N5_mean1.5x,/home/tchowdh4/sensor_recovery_project/prediction_results_v9_trained_hybrid/baseline_02_high_altitude_hover_ATT_trained_hybrid_prediction_outputs.csv,Yaw_hybrid_prediction
5.499466,0,354.4552917480469,354.4552917480469,352.6161010742188,1.8391906738280568,1.8391906738280568,0.010773,1,20.0,1.8610455322265467,1,1,1,baseline_02_high_altitude_hover,Yaw,bias,W20_N5_mean1.5x,/home/tchowdh4/sensor_recovery_project/prediction_results_v9_trained_hybrid/baseline_02_high_altitude_hover_ATT_trained_hybrid_prediction_outputs.csv,Yaw_hybrid_prediction
5.599426,0,354.45281982421875,354.45281982421875,352.6159011840821,1.8369186401366733,1.8369186401366733,0.010773,1,20.0,1.8586662292480298,1,1,1,baseline_02_high_altitude_hover,Yaw,bias,W20_N5_mean1.5x,/home/tchowdh4/sensor_recovery_project/prediction_results_v9_trained_hybrid/baseline_02_high_altitude_hover_ATT_trained_hybrid_prediction_outputs.csv,Yaw_hybrid_prediction
5.699386,0,354.4502868652344,354.4502868652344,352.6157760620117,1.8345108032226562,1.8345108032226562,0.010773,1,20.0,1.8562128448486164,1,1,1,baseline_02_high_altitude_hover,Yaw,bias,W20_N5_mean1.5x,/home/tchowdh4/sensor_recovery_project/prediction_results_v9_trained_hybrid/baseline_02_high_altitude_hover_ATT_trained_hybrid_prediction_outputs.csv,Yaw_hybrid_prediction
5.799346,0,354.4477233886719,354.4477233886719,352.61624298095705,1.831480407714821,1.831480407714821,0.010773,1,20.0,1.8539379882812312,1,1,1,baseline_02_high_altitude_hover,Yaw,bias,W20_N5_mean1.5x,/home/tchowdh4/sensor_recovery_project/prediction_results_v9_trained_hybrid/baseline_02_high_altitude_hover_ATT_trained_hybrid_prediction_outputs.csv,Yaw_hybrid_prediction
5.899306,0,354.4450988769531,354.4450988769531,352.6167388916016,1.8283599853515398,1.8283599853515398,0.010773,1,20.0,1.8517298889159974,1,1,1,baseline_02_high_altitude_hover,Yaw,bias,W20_N5_mean1.5x,/home/tchowdh4/sensor_recovery_project/prediction_results_v9_trained_hybrid/baseline_02_high_altitude_hover_ATT_trained_hybrid_prediction_outputs.csv,Yaw_hybrid_prediction
5.999266,0,354.4425048828125,354.4425048828125,352.6171218872071,1.8253829956054233,1.8253829956054233,0.010773,1,20.0,1.849398422241191,1,1,1,baseline_02_high_altitude_hover,Yaw,bias,W20_N5_mean1.5x,/home/tchowdh4/sensor_recovery_project/prediction_results_v9_trained_hybrid/baseline_02_high_altitude_hover_ATT_trained_hybrid_prediction_outputs.csv,Yaw_hybrid_prediction
6.099226,0,354.4397888183594,354.4397888183594,352.61734161376955,1.822447204589821,1.822447204589821,0.010773,1,20.0,1.8469738006591598,1,1,1,baseline_02_high_altitude_hover,Yaw,bias,W20_N5_mean1.5x,/home/tchowdh4/sensor_recovery_project/prediction_results_v9_trained_hybrid/baseline_02_high_altitude_hover_ATT_trained_hybrid_prediction_outputs.csv,Yaw_hybrid_prediction
6.199186,0,354.4371643066406,354.4371643066406,352.61708526611324,1.8200790405273892,1.8200790405273892,0.010773,1,20.0,1.8445195770263496,1,1,1,baseline_02_high_altitude_hover,Yaw,bias,W20_N5_mean1.5x,/home/tchowdh4/sensor_recovery_project/prediction_results_v9_trained_hybrid/baseline_02_high_altitude_hover_ATT_trained_hybrid_prediction_outputs.csv,Yaw_hybrid_prediction
6.299979,0,354.4345703125,354.4345703125,352.6162414550781,1.818328857421875,1.818328857421875,0.010773,1,20.0,1.8420716094970544,1,1,1,baseline_02_high_altitude_hover,Yaw,bias,W20_N5_mean1.5x,/home/tchowdh4/sensor_recovery_project/prediction_results_v9_trained_hybrid/baseline_02_high_altitude_hover_ATT_trained_hybrid_prediction_outputs.csv,Yaw_hybrid_prediction
6.399939,0,354.4319763183594,354.4319763183594,352.6162506103516,1.8157257080077898,1.8157257080077898,0.010773,1,20.0,1.8395719146728369,1,1,1,baseline_02_high_altitude_hover,Yaw,bias,W20_N5_mean1.5x,/home/tchowdh4/sensor_recovery_project/prediction_results_v9_trained_hybrid/baseline_02_high_altitude_hover_ATT_trained_hybrid_prediction_outputs.csv,Yaw_hybrid_prediction
6.499899,0,354.4292907714844,354.4292907714844,352.6163772583008,1.8129135131835596,1.8129135131835596,0.010773,1,20.0,1.8370603179931464,1,1,1,baseline_02_high_altitude_hover,Yaw,bias,W20_N5_mean1.5x,/home/tchowdh4/sensor_recovery_project/prediction_results_v9_trained_hybrid/baseline_02_high_altitude_hover_ATT_trained_hybrid_prediction_outputs.csv,Yaw_hybrid_prediction
6.599859,0,354.4266052246094,354.4266052246094,352.61848754882817,1.8081176757812045,1.8081176757812045,0.010773,1,20.0,1.8344521331786923,1,1,1,baseline_02_high_altitude_hover,Yaw,bias,W20_N5_mean1.5x,/home/tchowdh4/sensor_recovery_project/prediction_results_v9_trained_hybrid/baseline_02_high_altitude_hover_ATT_trained_hybrid_prediction_outputs.csv,Yaw_hybrid_prediction
6.699819,0,354.425048828125,354.425048828125,352.61871337890625,1.80633544921875,1.80633544921875,0.010773,1,20.0,1.8319047546386542,1,1,1,baseline_02_high_altitude_hover,Yaw,bias,W20_N5_mean1.5x,/home/tchowdh4/sensor_recovery_project/prediction_results_v9_trained_hybrid/baseline_02_high_altitude_hover_ATT_trained_hybrid_prediction_outputs.csv,Yaw_hybrid_prediction
6.799779,0,354.4267883300781,354.4267883300781,352.6186599731445,1.8081283569336506,1.8081283569336506,0.010773,1,20.0,1.829571685791001,1,1,1,baseline_02_high_altitude_hover,Yaw,bias,W20_N5_mean1.5x,/home/tchowdh4/sensor_recovery_project/prediction_results_v9_trained_hybrid/baseline_02_high_altitude_hover_ATT_trained_hybrid_prediction_outputs.csv,Yaw_hybrid_prediction
6.899739,0,354.42938232421875,354.42938232421875,352.61819305419925,1.8111892700194971,1.8111892700194971,0.010773,1,20.0,1.827470169067368,1,1,1,baseline_02_high_altitude_hover,Yaw,bias,W20_N5_mean1.5x,/home/tchowdh4/sensor_recovery_project/prediction_results_v9_trained_hybrid/baseline_02_high_altitude_hover_ATT_trained_hybrid_prediction_outputs.csv,Yaw_hybrid_prediction
6.999699,0,354.4317321777344,354.4317321777344,352.6179626464844,1.8137695312499886,1.8137695312499886,0.010773,1,20.0,1.8255960083007665,1,1,1,baseline_02_high_altitude_hover,Yaw,bias,W20_N5_mean1.5x,/home/tchowdh4/sensor_recovery_project/prediction_results_v9_trained_hybrid/baseline_02_high_altitude_hover_ATT_trained_hybrid_prediction_outputs.csv,Yaw_hybrid_prediction
7.099659,0,354.43341064453125,354.43341064453125,352.617807006836,1.815603637695233,1.815603637695233,0.010773,1,20.0,1.8239666748046688,1,1,1,baseline_02_high_altitude_hover,Yaw,bias,W20_N5_mean1.5x,/home/tchowdh4/sensor_recovery_project/prediction_results_v9_trained_hybrid/baseline_02_high_altitude_hover_ATT_trained_hybrid_prediction_outputs.csv,Yaw_hybrid_prediction
7.199619,0,354.43426513671875,354.43426513671875,352.6176239013672,1.8166412353515398,1.8166412353515398,0.010773,1,20.0,1.8225052642822077,1,1,1,baseline_02_high_altitude_hover,Yaw,bias,W20_N5_mean1.5x,/home/tchowdh4/sensor_recovery_project/prediction_results_v9_trained_hybrid/baseline_02_high_altitude_hover_ATT_trained_hybrid_prediction_outputs.csv,Yaw_hybrid_prediction
7.299579,0,354.4347839355469,354.4347839355469,352.6174850463867,1.8172988891601562,1.8172988891601562,0.010773,1,20.0,1.821190643310527,1,1,1,baseline_02_high_altitude_hover,Yaw,bias,W20_N5_mean1.5x,/home/tchowdh4/sensor_recovery_project/prediction_results_v9_trained_hybrid/baseline_02_high_altitude_hover_ATT_trained_hybrid_prediction_outputs.csv,Yaw_hybrid_prediction
7.399539,0,354.4349670410156,354.4349670410156,352.6175537109375,1.817413330078125,1.817413330078125,0.010773,1,20.0,1.8199917602538875,1,1,1,baseline_02_high_altitude_hover,Yaw,bias,W20_N5_mean1.5x,/home/tchowdh4/sensor_recovery_project/prediction_results_v9_trained_hybrid/baseline_02_high_altitude_hover_ATT_trained_hybrid_prediction_outputs.csv,Yaw_hybrid_prediction
7.499499,0,354.4350280761719,354.4350280761719,352.6178192138672,1.8172088623046534,1.8172088623046534,0.010773,1,20.0,1.8188926696777172,1,1,1,baseline_02_high_altitude_hover,Yaw,bias,W20_N5_mean1.5x,/home/tchowdh4/sensor_recovery_project/prediction_results_v9_trained_hybrid/baseline_02_high_altitude_hover_ATT_trained_hybrid_prediction_outputs.csv,Yaw_hybrid_prediction
7.599459,0,354.434814453125,354.434814453125,352.6177810668945,1.8170333862304915,1.8170333862304915,0.010773,1,20.0,1.8178984069824082,1,1,1,baseline_02_high_altitude_hover,Yaw,bias,W20_N5_mean1.5x,/home/tchowdh4/sensor_recovery_project/prediction_results_v9_trained_hybrid/baseline_02_high_altitude_hover_ATT_trained_hybrid_prediction_outputs.csv,Yaw_hybrid_prediction
7.699419,0,354.4346618652344,354.4346618652344,352.6177230834961,1.8169387817382585,1.8169387817382585,0.010773,1,20.0,1.8170198059081883,1,1,1,baseline_02_high_altitude_hover,Yaw,bias,W20_N5_mean1.5x,/home/tchowdh4/sensor_recovery_project/prediction_results_v9_trained_hybrid/baseline_02_high_altitude_hover_ATT_trained_hybrid_prediction_outputs.csv,Yaw_hybrid_prediction
7.799379,0,354.4345397949219,354.4345397949219,352.61831207275395,1.8162277221679233,1.8162277221679233,0.010773,1,20.0,1.8162571716308435,1,1,1,baseline_02_high_altitude_hover,Yaw,bias,W20_N5_mean1.5x,/home/tchowdh4/sensor_recovery_project/prediction_results_v9_trained_hybrid/baseline_02_high_altitude_hover_ATT_trained_hybrid_prediction_outputs.csv,Yaw_hybrid_prediction
7.899339,0,354.4344177246094,354.4344177246094,352.6180892944335,1.8163284301758722,1.8163284301758722,0.010773,1,20.0,1.81565559387206,1,1,1,baseline_02_high_altitude_hover,Yaw,bias,W20_N5_mean1.5x,/home/tchowdh4/sensor_recovery_project/prediction_results_v9_trained_hybrid/baseline_02_high_altitude_hover_ATT_trained_hybrid_prediction_outputs.csv,Yaw_hybrid_prediction
7.999299,0,354.4350891113281,354.4350891113281,352.6181472778321,1.8169418334960028,1.8169418334960028,0.010773,1,20.0,1.815233535766589,1,1,1,baseline_02_high_altitude_hover,Yaw,bias,W20_N5_mean1.5x,/home/tchowdh4/sensor_recovery_project/prediction_results_v9_trained_hybrid/baseline_02_high_altitude_hover_ATT_trained_hybrid_prediction_outputs.csv,Yaw_hybrid_prediction
8.099259,0,354.4356994628906,354.4356994628906,352.61755828857423,1.8181411743163949,1.8181411743163949,0.010773,1,20.0,1.8150182342529178,1,1,1,baseline_02_high_altitude_hover,Yaw,bias,W20_N5_mean1.5x,/home/tchowdh4/sensor_recovery_project/prediction_results_v9_trained_hybrid/baseline_02_high_altitude_hover_ATT_trained_hybrid_prediction_outputs.csv,Yaw_hybrid_prediction
8.199219,0,354.4361877441406,354.4361877441406,352.6176040649415,1.8185836791991505,1.8185836791991505,0.010773,1,20.0,1.8149434661865058,1,1,1,baseline_02_high_altitude_hover,Yaw,bias,W20_N5_mean1.5x,/home/tchowdh4/sensor_recovery_project/prediction_results_v9_trained_hybrid/baseline_02_high_altitude_hover_ATT_trained_hybrid_prediction_outputs.csv,Yaw_hybrid_prediction
8.299179,0,354.4364318847656,354.4364318847656,352.618132019043,1.8182998657226221,1.8182998657226221,0.010773,1,20.0,1.814942016601543,1,1,1,baseline_02_high_altitude_hover,Yaw,bias,W20_N5_mean1.5x,/home/tchowdh4/sensor_recovery_project/prediction_results_v9_trained_hybrid/baseline_02_high_altitude_hover_ATT_trained_hybrid_prediction_outputs.csv,Yaw_hybrid_prediction
8.399972,0,354.4358825683594,354.4358825683594,352.61899871826176,1.8168838500976108,1.8168838500976108,0.010773,1,20.0,1.8149999237060341,1,1,1,baseline_02_high_altitude_hover,Yaw,bias,W20_N5_mean1.5x,/home/tchowdh4/sensor_recovery_project/prediction_results_v9_trained_hybrid/baseline_02_high_altitude_hover_ATT_trained_hybrid_prediction_outputs.csv,Yaw_hybrid_prediction
8.499932,0,352.6014709472656,352.6014709472656,352.6186828613281,-0.0172119140625,0.0172119140625,0.010773,1,20.0,1.7252148437499812,1,1,1,baseline_02_high_altitude_hover,Yaw,bias,W20_N5_mean1.5x,/home/tchowdh4/sensor_recovery_project/prediction_results_v9_trained_hybrid/baseline_02_high_altitude_hover_ATT_trained_hybrid_prediction_outputs.csv,Yaw_hybrid_prediction
8.599892,0,352.6018981933594,352.6018981933594,352.61872711181644,-0.016828918457065356,0.016828918457065356,0.010773,1,20.0,1.6356504058837742,1,1,1,baseline_02_high_altitude_hover,Yaw,bias,W20_N5_mean1.5x,/home/tchowdh4/sensor_recovery_project/prediction_results_v9_trained_hybrid/baseline_02_high_altitude_hover_ATT_trained_hybrid_prediction_outputs.csv,Yaw_hybrid_prediction
8.699852,0,352.6003723144531,352.6003723144531,352.61937713623047,-0.01900482177734375,0.01900482177734375,0.010773,1,20.0,1.546283874511704,1,1,1,baseline_02_high_altitude_hover,Yaw,bias,W20_N5_mean1.5x,/home/tchowdh4/sensor_recovery_project/prediction_results_v9_trained_hybrid/baseline_02_high_altitude_hover_ATT_trained_hybrid_prediction_outputs.csv,Yaw_hybrid_prediction
8.799812,0,352.60748291015625,352.60748291015625,352.61965789794925,-0.012174987793002856,0.012174987793002856,0.010773,1,20.0,1.4564862060546715,1,1,1,baseline_02_high_altitude_hover,Yaw,bias,W20_N5_mean1.5x,/home/tchowdh4/sensor_recovery_project/prediction_results_v9_trained_hybrid/baseline_02_high_altitude_hover_ATT_trained_hybrid_prediction_outputs.csv,Yaw_hybrid_prediction
8.899772,0,352.6191711425781,352.6191711425781,352.61888732910154,0.00028381347658523737,0.00028381347658523737,0.010773,0,19.0,1.365940933227526,1,1,1,baseline_02_high_altitude_hover,Yaw,bias,W20_N5_mean1.5x,/home/tchowdh4/sensor_recovery_project/prediction_results_v9_trained_hybrid/baseline_02_high_altitude_hover_ATT_trained_hybrid_prediction_outputs.csv,Yaw_hybrid_prediction
8.999732,0,352.62945556640625,352.62945556640625,352.618327331543,0.011128234863235775,0.011128234863235775,0.010773,1,19.0,1.2758088684081883,1,1,1,baseline_02_high_altitude_hover,Yaw,bias,W20_N5_mean1.5x,/home/tchowdh4/sensor_recovery_project/prediction_results_v9_trained_hybrid/baseline_02_high_altitude_hover_ATT_trained_hybrid_prediction_outputs.csv,Yaw_hybrid_prediction
9.099692,0,352.63702392578125,352.63702392578125,352.6174987792969,0.019525146484340894,0.019525146484340894,0.010773,1,19.0,1.1860049438476437,1,1,1,baseline_02_high_altitude_hover,Yaw,bias,W20_N5_mean1.5x,/home/tchowdh4/sensor_recovery_project/prediction_results_v9_trained_hybrid/baseline_02_high_altitude_hover_ATT_trained_hybrid_prediction_outputs.csv,Yaw_hybrid_prediction
9.199652,0,352.6405029296875,352.6405029296875,352.6174301147461,0.023072814941372144,0.023072814941372144,0.010773,1,19.0,1.0963265228271353,1,1,1,baseline_02_high_altitude_hover,Yaw,bias,W20_N5_mean1.5x,/home/tchowdh4/sensor_recovery_project/prediction_results_v9_trained_hybrid/baseline_02_high_altitude_hover_ATT_trained_hybrid_prediction_outputs.csv,Yaw_hybrid_prediction
9.299612,0,352.6417541503906,352.6417541503906,352.61817321777346,0.023580932617164763,0.023580932617164763,0.010773,1,19.0,1.0066406249999857,1,1,1,baseline_02_high_altitude_hover,Yaw,bias,W20_N5_mean1.5x,/home/tchowdh4/sensor_recovery_project/prediction_results_v9_trained_hybrid/baseline_02_high_altitude_hover_ATT_trained_hybrid_prediction_outputs.csv,Yaw_hybrid_prediction
9.399572,0,352.6414794921875,352.6414794921875,352.6185562133789,0.02292327880860512,0.02292327880860512,0.010773,1,19.0,0.9169161224365098,1,1,1,baseline_02_high_altitude_hover,Yaw,bias,W20_N5_mean1.5x,/home/tchowdh4/sensor_recovery_project/prediction_results_v9_trained_hybrid/baseline_02_high_altitude_hover_ATT_trained_hybrid_prediction_outputs.csv,Yaw_hybrid_prediction
9.499532,0,352.64471435546875,352.64471435546875,352.6183776855469,0.026336669921875,0.026336669921875,0.010773,1,19.0,0.8273725128173709,1,1,1,baseline_02_high_altitude_hover,Yaw,bias,W20_N5_mean1.5x,/home/tchowdh4/sensor_recovery_project/prediction_results_v9_trained_hybrid/baseline_02_high_altitude_hover_ATT_trained_hybrid_prediction_outputs.csv,Yaw_hybrid_prediction
9.599492,0,352.6483154296875,352.6483154296875,352.6183334350586,0.029981994628883513,0.029981994628883513,0.010773,1,19.0,0.7380199432372905,1,1,1,baseline_02_high_altitude_hover,Yaw,bias,W20_N5_mean1.5x,/home/tchowdh4/sensor_recovery_project/prediction_results_v9_trained_hybrid/baseline_02_high_altitude_hover_ATT_trained_hybrid_prediction_outputs.csv,Yaw_hybrid_prediction
9.699452,0,352.6496887207031,352.6496887207031,352.6186126708984,0.031076049804710237,0.031076049804710237,0.010773,1,19.0,0.6487268066406131,1,1,1,baseline_02_high_altitude_hover,Yaw,bias,W20_N5_mean1.5x,/home/tchowdh4/sensor_recovery_project/prediction_results_v9_trained_hybrid/baseline_02_high_altitude_hover_ATT_trained_hybrid_prediction_outputs.csv,Yaw_hybrid_prediction
9.799412,0,352.6455383300781,352.6455383300781,352.6186630249024,0.026875305175735775,0.026875305175735775,0.010773,1,19.0,0.5592591857910036,1,1,1,baseline_02_high_altitude_hover,Yaw,bias,W20_N5_mean1.5x,/home/tchowdh4/sensor_recovery_project/prediction_results_v9_trained_hybrid/baseline_02_high_altitude_hover_ATT_trained_hybrid_prediction_outputs.csv,Yaw_hybrid_prediction
9.899372,0,352.6437072753906,352.6437072753906,352.61871032714845,0.02499694824217613,0.02499694824217613,0.010773,1,19.0,0.46969261169431886,1,1,1,baseline_02_high_altitude_hover,Yaw,bias,W20_N5_mean1.5x,/home/tchowdh4/sensor_recovery_project/prediction_results_v9_trained_hybrid/baseline_02_high_altitude_hover_ATT_trained_hybrid_prediction_outputs.csv,Yaw_hybrid_prediction
9.999332,0,352.6412658691406,352.6412658691406,352.6195678710937,0.021697998046931843,0.021697998046931843,0.010773,1,19.0,0.3799304199218653,1,1,1,baseline_02_high_altitude_hover,Yaw,bias,W20_N5_mean1.5x,/home/tchowdh4/sensor_recovery_project/prediction_results_v9_trained_hybrid/baseline_02_high_altitude_hover_ATT_trained_hybrid_prediction_outputs.csv,Yaw_hybrid_prediction
10.099292,0,352.6395263671875,352.6395263671875,352.61951446533203,0.02001190185546875,0.02001190185546875,0.010773,1,19.0,0.29002395629881905,1,1,1,baseline_02_high_altitude_hover,Yaw,bias,W20_N5_mean1.5x,/home/tchowdh4/sensor_recovery_project/prediction_results_v9_trained_hybrid/baseline_02_high_altitude_hover_ATT_trained_hybrid_prediction_outputs.csv,Yaw_hybrid_prediction
10.199252,0,352.6376342773437,352.6376342773437,352.6197555541993,0.017878723144406194,0.017878723144406194,0.010773,1,19.0,0.1999887084960818,1,1,1,baseline_02_high_altitude_hover,Yaw,bias,W20_N5_mean1.5x,/home/tchowdh4/sensor_recovery_project/prediction_results_v9_trained_hybrid/baseline_02_high_altitude_hover_ATT_trained_hybrid_prediction_outputs.csv,Yaw_hybrid_prediction
10.299212,0,352.6390686035156,352.6390686035156,352.6191284179688,0.019940185546829525,0.019940185546829525,0.010773,1,19.0,0.11007072448729219,1,1,1,baseline_02_high_altitude_hover,Yaw,bias,W20_N5_mean1.5x,/home/tchowdh4/sensor_recovery_project/prediction_results_v9_trained_hybrid/baseline_02_high_altitude_hover_ATT_trained_hybrid_prediction_outputs.csv,Yaw_hybrid_prediction
10.399172,0,352.6390991210937,352.6390991210937,352.61911621093753,0.01998291015615905,0.01998291015615905,0.010773,1,19.0,0.020225677490219595,1,1,1,baseline_02_high_altitude_hover,Yaw,bias,W20_N5_mean1.5x,/home/tchowdh4/sensor_recovery_project/prediction_results_v9_trained_hybrid/baseline_02_high_altitude_hover_ATT_trained_hybrid_prediction_outputs.csv,Yaw_hybrid_prediction
10.499965,0,352.6385192871094,352.6385192871094,352.61912689208987,0.019392395019508513,0.019392395019508513,0.010773,1,19.0,0.020334701538070023,1,1,1,baseline_02_high_altitude_hover,Yaw,bias,W20_N5_mean1.5x,/home/tchowdh4/sensor_recovery_project/prediction_results_v9_trained_hybrid/baseline_02_high_altitude_hover_ATT_trained_hybrid_prediction_outputs.csv,Yaw_hybrid_prediction
10.599925,0,352.6373291015625,352.6373291015625,352.6189636230469,0.018365478515590894,0.018365478515590894,0.010773,1,19.0,0.020411529540996298,1,1,1,baseline_02_high_altitude_hover,Yaw,bias,W20_N5_mean1.5x,/home/tchowdh4/sensor_recovery_project/prediction_results_v9_trained_hybrid/baseline_02_high_altitude_hover_ATT_trained_hybrid_prediction_outputs.csv,Yaw_hybrid_prediction
10.699885,0,352.6385498046875,352.6385498046875,352.61875305175784,0.019796752929664763,0.019796752929664763,0.010773,1,19.0,0.020451126098612347,1,1,1,baseline_02_high_altitude_hover,Yaw,bias,W20_N5_mean1.5x,/home/tchowdh4/sensor_recovery_project/prediction_results_v9_trained_hybrid/baseline_02_high_altitude_hover_ATT_trained_hybrid_prediction_outputs.csv,Yaw_hybrid_prediction
10.799845,0,352.6371154785156,352.6371154785156,352.6189239501954,0.018191528320244288,0.018191528320244288,0.010773,1,19.0,0.02075195312497442,1,1,1,baseline_02_high_altitude_hover,Yaw,bias,W20_N5_mean1.5x,/home/tchowdh4/sensor_recovery_project/prediction_results_v9_trained_hybrid/baseline_02_high_altitude_hover_ATT_trained_hybrid_prediction_outputs.csv,Yaw_hybrid_prediction
10.899805,0,352.6333312988281,352.6333312988281,352.6184982299805,0.014833068847622144,0.014833068847622144,0.010773,1,20.0,0.021479415893526265,1,1,1,baseline_02_high_altitude_hover,Yaw,bias,W20_N5_mean1.5x,/home/tchowdh4/sensor_recovery_project/prediction_results_v9_trained_hybrid/baseline_02_high_altitude_hover_ATT_trained_hybrid_prediction_outputs.csv,Yaw_hybrid_prediction
10.999765,0,352.6279602050781,352.6279602050781,352.61897583007817,0.008984374999954525,0.008984374999954525,0.010773,0,19.0,0.021372222900362205,1,1,1,baseline_02_high_altitude_hover,Yaw,bias,W20_N5_mean1.5x,/home/tchowdh4/sensor_recovery_project/prediction_results_v9_trained_hybrid/baseline_02_high_altitude_hover_ATT_trained_hybrid_prediction_outputs.csv,Yaw_hybrid_prediction
11.099725,0,352.6258544921875,352.6258544921875,352.61904296875,0.006811523437477263,0.006811523437477263,0.010773,0,18.0,0.020736541748019022,1,1,1,baseline_02_high_altitude_hover,Yaw,bias,W20_N5_mean1.5x,/home/tchowdh4/sensor_recovery_project/prediction_results_v9_trained_hybrid/baseline_02_high_altitude_hover_ATT_trained_hybrid_prediction_outputs.csv,Yaw_hybrid_prediction
11.199685,0,352.62518310546875,352.62518310546875,352.6185897827149,0.006593322753872144,0.006593322753872144,0.010773,0,17.0,0.019912567138644022,1,1,1,baseline_02_high_altitude_hover,Yaw,bias,W20_N5_mean1.5x,/home/tchowdh4/sensor_recovery_project/prediction_results_v9_trained_hybrid/baseline_02_high_altitude_hover_ATT_trained_hybrid_prediction_outputs.csv,Yaw_hybrid_prediction
11.299645,0,352.6253967285156,352.6253967285156,352.6184478759766,0.006948852539039763,0.006948852539039763,0.010773,0,16.0,0.019080963134737772,1,1,1,baseline_02_high_altitude_hover,Yaw,bias,W20_N5_mean1.5x,/home/tchowdh4/sensor_recovery_project/prediction_results_v9_trained_hybrid/baseline_02_high_altitude_hover_ATT_trained_hybrid_prediction_outputs.csv,Yaw_hybrid_prediction
11.399605,0,352.6250915527344,352.6250915527344,352.61870727539065,0.006384277343727263,0.006384277343727263,0.010773,0,15.0,0.01825401306149388,1,1,1,baseline_02_high_altitude_hover,Yaw,bias,W20_N5_mean1.5x,/home/tchowdh4/sensor_recovery_project/prediction_results_v9_trained_hybrid/baseline_02_high_altitude_hover_ATT_trained_hybrid_prediction_outputs.csv,Yaw_hybrid_prediction
11.499565,0,352.625244140625,352.625244140625,352.61882934570315,0.006414794921852263,0.006414794921852263,0.010773,0,14.0,0.01725791931149274,1,1,1,baseline_02_high_altitude_hover,Yaw,bias,W20_N5_mean1.5x,/home/tchowdh4/sensor_recovery_project/prediction_results_v9_trained_hybrid/baseline_02_high_altitude_hover_ATT_trained_hybrid_prediction_outputs.csv,Yaw_hybrid_prediction
11.599525,0,352.62481689453125,352.62481689453125,352.61961517333987,0.005201721191383513,0.005201721191383513,0.010773,0,13.0,0.01601890563961774,1,0,1,baseline_02_high_altitude_hover,Yaw,bias,W20_N5_mean1.5x,/home/tchowdh4/sensor_recovery_project/prediction_results_v9_trained_hybrid/baseline_02_high_altitude_hover_ATT_trained_hybrid_prediction_outputs.csv,Yaw_hybrid_prediction
11.699485,0,352.6240539550781,352.6240539550781,352.619841003418,0.004212951660122144,0.004212951660122144,0.010773,0,12.0,0.014675750732388337,1,0,1,baseline_02_high_altitude_hover,Yaw,bias,W20_N5_mean1.5x,/home/tchowdh4/sensor_recovery_project/prediction_results_v9_trained_hybrid/baseline_02_high_altitude_hover_ATT_trained_hybrid_prediction_outputs.csv,Yaw_hybrid_prediction
11.799445,0,352.623046875,352.623046875,352.62092895507806,0.002117919921943212,0.002117919921943212,0.010773,0,11.0,0.01343788146969871,1,0,1,baseline_02_high_altitude_hover,Yaw,bias,W20_N5_mean1.5x,/home/tchowdh4/sensor_recovery_project/prediction_results_v9_trained_hybrid/baseline_02_high_altitude_hover_ATT_trained_hybrid_prediction_outputs.csv,Yaw_hybrid_prediction
11.899405,0,352.6228942871094,352.6228942871094,352.6212524414062,0.0016418457031477374,0.0016418457031477374,0.010773,0,10.0,0.01227012634274729,1,0,1,baseline_02_high_altitude_hover,Yaw,bias,W20_N5_mean1.5x,/home/tchowdh4/sensor_recovery_project/prediction_results_v9_trained_hybrid/baseline_02_high_altitude_hover_ATT_trained_hybrid_prediction_outputs.csv,Yaw_hybrid_prediction
11.999365,0,352.6223449707031,352.6223449707031,352.6217849731446,0.0005599975585255379,0.0005599975585255379,0.010773,0,9.0,0.011213226318326974,1,0,1,baseline_02_high_altitude_hover,Yaw,bias,W20_N5_mean1.5x,/home/tchowdh4/sensor_recovery_project/prediction_results_v9_trained_hybrid/baseline_02_high_altitude_hover_ATT_trained_hybrid_prediction_outputs.csv,Yaw_hybrid_prediction
12.099325,0,352.6200866699219,352.6200866699219,352.6221267700196,-0.0020401000977017247,0.0020401000977017247,0.010773,0,8.0,0.010314636230438623,1,0,1,baseline_02_high_altitude_hover,Yaw,bias,W20_N5_mean1.5x,/home/tchowdh4/sensor_recovery_project/prediction_results_v9_trained_hybrid/baseline_02_high_altitude_hover_ATT_trained_hybrid_prediction_outputs.csv,Yaw_hybrid_prediction
12.199285,0,352.6166687011719,352.6166687011719,352.62265625000003,-0.005987548828159106,0.005987548828159106,0.010773,0,7.0,0.00972007751462627,1,0,1,baseline_02_high_altitude_hover,Yaw,bias,W20_N5_mean1.5x,/home/tchowdh4/sensor_recovery_project/prediction_results_v9_trained_hybrid/baseline_02_high_altitude_hover_ATT_trained_hybrid_prediction_outputs.csv,Yaw_hybrid_prediction
12.299245,0,352.6158447265625,352.6158447265625,352.6230117797852,-0.007167053222701725,0.007167053222701725,0.010773,0,6.0,0.009081420898419878,1,0,1,baseline_02_high_altitude_hover,Yaw,bias,W20_N5_mean1.5x,/home/tchowdh4/sensor_recovery_project/prediction_results_v9_trained_hybrid/baseline_02_high_altitude_hover_ATT_trained_hybrid_prediction_outputs.csv,Yaw_hybrid_prediction
12.399205,0,352.61700439453125,352.61700439453125,352.62371826171875,-0.0067138671875,0.0067138671875,0.010773,0,5.0,0.008417968749986926,1,0,1,baseline_02_high_altitude_hover,Yaw,bias,W20_N5_mean1.5x,/home/tchowdh4/sensor_recovery_project/prediction_results_v9_trained_hybrid/baseline_02_high_altitude_hover_ATT_trained_hybrid_prediction_outputs.csv,Yaw_hybrid_prediction
12.499998,0,352.6187438964844,352.6187438964844,352.6237533569336,-0.005009460449230119,0.005009460449230119,0.010773,0,4.0,0.007698822021473007,0,0,0,baseline_02_high_altitude_hover,Yaw,bias,W20_N5_mean1.5x,/home/tchowdh4/sensor_recovery_project/prediction_results_v9_trained_hybrid/baseline_02_high_altitude_hover_ATT_trained_hybrid_prediction_outputs.csv,Yaw_hybrid_prediction
12.599958,0,352.6195068359375,352.6195068359375,352.62427673339846,-0.004769897460960237,0.004769897460960237,0.010773,0,3.0,0.007019042968741474,0,0,0,baseline_02_high_altitude_hover,Yaw,bias,W20_N5_mean1.5x,/home/tchowdh4/sensor_recovery_project/prediction_results_v9_trained_hybrid/baseline_02_high_altitude_hover_ATT_trained_hybrid_prediction_outputs.csv,Yaw_hybrid_prediction
12.699918,0,352.6180419921875,352.6180419921875,352.62412872314457,-0.006086730957065356,0.006086730957065356,0.010773,0,2.0,0.0063335418701115035,0,0,0,baseline_02_high_altitude_hover,Yaw,bias,W20_N5_mean1.5x,/home/tchowdh4/sensor_recovery_project/prediction_results_v9_trained_hybrid/baseline_02_high_altitude_hover_ATT_trained_hybrid_prediction_outputs.csv,Yaw_hybrid_prediction
12.799878,0,352.61572265625,352.61572265625,352.62482299804685,-0.009100341796852263,0.009100341796852263,0.010773,0,1.0,0.0058789825439419015,0,0,0,baseline_02_high_altitude_hover,Yaw,bias,W20_N5_mean1.5x,/home/tchowdh4/sensor_recovery_project/prediction_results_v9_trained_hybrid/baseline_02_high_altitude_hover_ATT_trained_hybrid_prediction_outputs.csv,Yaw_hybrid_prediction
12.899838,0,352.6150817871094,352.6150817871094,352.6246032714844,-0.009521484375,0.009521484375,0.010773,0,0.0,0.005613403320310795,0,0,0,baseline_02_high_altitude_hover,Yaw,bias,W20_N5_mean1.5x,/home/tchowdh4/sensor_recovery_project/prediction_results_v9_trained_hybrid/baseline_02_high_altitude_hover_ATT_trained_hybrid_prediction_outputs.csv,Yaw_hybrid_prediction
12.999798,0,352.6168212890625,352.6168212890625,352.6249130249024,-0.008091735839911962,0.008091735839911962,0.010773,0,0.0,0.005568771362308667,0,0,0,baseline_02_high_altitude_hover,Yaw,bias,W20_N5_mean1.5x,/home/tchowdh4/sensor_recovery_project/prediction_results_v9_trained_hybrid/baseline_02_high_altitude_hover_ATT_trained_hybrid_prediction_outputs.csv,Yaw_hybrid_prediction
13.099758,0,352.61883544921875,352.61883544921875,352.6249053955078,-0.006069946289073869,0.006069946289073869,0.010773,0,0.0,0.005531692504888497,0,0,0,baseline_02_high_altitude_hover,Yaw,bias,W20_N5_mean1.5x,/home/tchowdh4/sensor_recovery_project/prediction_results_v9_trained_hybrid/baseline_02_high_altitude_hover_ATT_trained_hybrid_prediction_outputs.csv,Yaw_hybrid_prediction
13.199718,0,352.6176452636719,352.6176452636719,352.62527618408205,-0.007630920410178987,0.007630920410178987,0.010773,0,0.0,0.005583572387703839,0,0,0,baseline_02_high_altitude_hover,Yaw,bias,W20_N5_mean1.5x,/home/tchowdh4/sensor_recovery_project/prediction_results_v9_trained_hybrid/baseline_02_high_altitude_hover_ATT_trained_hybrid_prediction_outputs.csv,Yaw_hybrid_prediction
13.299678,0,352.6152648925781,352.6152648925781,352.6254623413086,-0.010197448730480119,0.010197448730480119,0.010773,0,0.0,0.005746002197275857,0,0,0,baseline_02_high_altitude_hover,Yaw,bias,W20_N5_mean1.5x,/home/tchowdh4/sensor_recovery_project/prediction_results_v9_trained_hybrid/baseline_02_high_altitude_hover_ATT_trained_hybrid_prediction_outputs.csv,Yaw_hybrid_prediction
13.399638,0,352.61590576171875,352.61590576171875,352.625454711914,-0.009548950195267025,0.009548950195267025,0.010773,0,0.0,0.005904235839852845,0,0,0,baseline_02_high_altitude_hover,Yaw,bias,W20_N5_mean1.5x,/home/tchowdh4/sensor_recovery_project/prediction_results_v9_trained_hybrid/baseline_02_high_altitude_hover_ATT_trained_hybrid_prediction_outputs.csv,Yaw_hybrid_prediction
13.499598,0,352.6192626953125,352.6192626953125,352.61401062011726,0.005252075195244288,0.005252075195244288,0.010773,0,0.0,0.005846099853522446,0,0,0,baseline_02_high_altitude_hover,Yaw,bias,W20_N5_mean1.5x,/home/tchowdh4/sensor_recovery_project/prediction_results_v9_trained_hybrid/baseline_02_high_altitude_hover_ATT_trained_hybrid_prediction_outputs.csv,Yaw_hybrid_prediction
13.599558,0,352.6185607910156,352.6185607910156,352.58768463134766,0.03087615966796875,0.03087615966796875,0.010773,1,1.0,0.007129821777351708,0,0,0,baseline_02_high_altitude_hover,Yaw,bias,W20_N5_mean1.5x,/home/tchowdh4/sensor_recovery_project/prediction_results_v9_trained_hybrid/baseline_02_high_altitude_hover_ATT_trained_hybrid_prediction_outputs.csv,Yaw_hybrid_prediction
13.699518,0,352.614990234375,352.614990234375,352.55982818603513,0.05516204833986649,0.05516204833986649,0.010773,1,2.0,0.009677276611338926,0,0,0,baseline_02_high_altitude_hover,Yaw,bias,W20_N5_mean1.5x,/home/tchowdh4/sensor_recovery_project/prediction_results_v9_trained_hybrid/baseline_02_high_altitude_hover_ATT_trained_hybrid_prediction_outputs.csv,Yaw_hybrid_prediction
13.799478,0,352.6094665527344,352.6094665527344,352.53630371093755,0.07316284179682953,0.07316284179682953,0.010773,1,3.0,0.01322952270508324,0,0,0,baseline_02_high_altitude_hover,Yaw,bias,W20_N5_mean1.5x,/home/tchowdh4/sensor_recovery_project/prediction_results_v9_trained_hybrid/baseline_02_high_altitude_hover_ATT_trained_hybrid_prediction_outputs.csv,Yaw_hybrid_prediction
13.899438,0,352.6088256835937,352.6088256835937,352.5164260864258,0.0923995971679119,0.0923995971679119,0.010773,1,4.0,0.01776741027832145,0,1,1,baseline_02_high_altitude_hover,Yaw,bias,W20_N5_mean1.5x,/home/tchowdh4/sensor_recovery_project/prediction_results_v9_trained_hybrid/baseline_02_high_altitude_hover_ATT_trained_hybrid_prediction_outputs.csv,Yaw_hybrid_prediction
13.999398,0,352.6130065917969,352.6130065917969,352.49986267089844,0.1131439208984375,0.1131439208984375,0.010773,1,5.0,0.023396606445317047,1,1,1,baseline_02_high_altitude_hover,Yaw,bias,W20_N5_mean1.5x,/home/tchowdh4/sensor_recovery_project/prediction_results_v9_trained_hybrid/baseline_02_high_altitude_hover_ATT_trained_hybrid_prediction_outputs.csv,Yaw_hybrid_prediction
14.099358,0,352.619140625,352.619140625,352.4861053466797,0.1330352783202784,0.1330352783202784,0.010773,1,6.0,0.029946365356445882,1,1,1,baseline_02_high_altitude_hover,Yaw,bias,W20_N5_mean1.5x,/home/tchowdh4/sensor_recovery_project/prediction_results_v9_trained_hybrid/baseline_02_high_altitude_hover_ATT_trained_hybrid_prediction_outputs.csv,Yaw_hybrid_prediction
14.199318,0,352.6214294433594,352.6214294433594,352.4732421875,0.14818725585939774,0.14818725585939774,0.010773,1,7.0,0.037056350708007814,1,1,1,baseline_02_high_altitude_hover,Yaw,bias,W20_N5_mean1.5x,/home/tchowdh4/sensor_recovery_project/prediction_results_v9_trained_hybrid/baseline_02_high_altitude_hover_ATT_trained_hybrid_prediction_outputs.csv,Yaw_hybrid_prediction
14.299278,0,352.6195983886719,352.6195983886719,352.4615951538086,0.1580032348632585,0.1580032348632585,0.010773,1,8.0,0.04459815979003565,1,1,1,baseline_02_high_altitude_hover,Yaw,bias,W20_N5_mean1.5x,/home/tchowdh4/sensor_recovery_project/prediction_results_v9_trained_hybrid/baseline_02_high_altitude_hover_ATT_trained_hybrid_prediction_outputs.csv,Yaw_hybrid_prediction
14.399238,0,352.6183166503906,352.6183166503906,352.45134887695315,0.16696777343747726,0.16696777343747726,0.010773,1,9.0,0.052610855102534514,1,1,1,baseline_02_high_altitude_hover,Yaw,bias,W20_N5_mean1.5x,/home/tchowdh4/sensor_recovery_project/prediction_results_v9_trained_hybrid/baseline_02_high_altitude_hover_ATT_trained_hybrid_prediction_outputs.csv,Yaw_hybrid_prediction
14.499198,0,352.617919921875,352.617919921875,352.4419448852539,0.17597503662108238,0.17597503662108238,0.010773,1,10.0,0.06115913391112713,1,1,1,baseline_02_high_altitude_hover,Yaw,bias,W20_N5_mean1.5x,/home/tchowdh4/sensor_recovery_project/prediction_results_v9_trained_hybrid/baseline_02_high_altitude_hover_ATT_trained_hybrid_prediction_outputs.csv,Yaw_hybrid_prediction
14.599991,0,352.6177673339844,352.6177673339844,352.43310546875,0.184661865234375,0.184661865234375,0.010773,1,11.0,0.07015373229979786,1,1,1,baseline_02_high_altitude_hover,Yaw,bias,W20_N5_mean1.5x,/home/tchowdh4/sensor_recovery_project/prediction_results_v9_trained_hybrid/baseline_02_high_altitude_hover_ATT_trained_hybrid_prediction_outputs.csv,Yaw_hybrid_prediction
14.699951,0,352.61785888671875,352.61785888671875,352.4252334594727,0.192625427246071,0.192625427246071,0.010773,1,12.0,0.07948066711424814,1,1,1,baseline_02_high_altitude_hover,Yaw,bias,W20_N5_mean1.5x,/home/tchowdh4/sensor_recovery_project/prediction_results_v9_trained_hybrid/baseline_02_high_altitude_hover_ATT_trained_hybrid_prediction_outputs.csv,Yaw_hybrid_prediction
14.799911,0,352.6158447265625,352.6158447265625,352.41806945800784,0.19777526855466476,0.19777526855466476,0.010773,1,13.0,0.08891441345213877,1,1,1,baseline_02_high_altitude_hover,Yaw,bias,W20_N5_mean1.5x,/home/tchowdh4/sensor_recovery_project/prediction_results_v9_trained_hybrid/baseline_02_high_altitude_hover_ATT_trained_hybrid_prediction_outputs.csv,Yaw_hybrid_prediction
14.899871,0,352.6147766113281,352.6147766113281,352.41140289306645,0.20337371826167328,0.20337371826167328,0.010773,1,14.0,0.09860702514647243,1,1,1,baseline_02_high_altitude_hover,Yaw,bias,W20_N5_mean1.5x,/home/tchowdh4/sensor_recovery_project/prediction_results_v9_trained_hybrid/baseline_02_high_altitude_hover_ATT_trained_hybrid_prediction_outputs.csv,Yaw_hybrid_prediction
14.999831,0,352.61688232421875,352.61688232421875,352.40575866699226,0.2111236572264943,0.2111236572264943,0.010773,1,15.0,0.10875862121580156,1,1,1,baseline_02_high_altitude_hover,Yaw,bias,W20_N5_mean1.5x,/home/tchowdh4/sensor_recovery_project/prediction_results_v9_trained_hybrid/baseline_02_high_altitude_hover_ATT_trained_hybrid_prediction_outputs.csv,Yaw_hybrid_prediction
15.099791,0,352.61962890625,352.61962890625,352.4005569458008,0.21907196044918464,0.21907196044918464,0.010773,1,16.0,0.1194087219238071,1,1,1,baseline_02_high_altitude_hover,Yaw,bias,W20_N5_mean1.5x,/home/tchowdh4/sensor_recovery_project/prediction_results_v9_trained_hybrid/baseline_02_high_altitude_hover_ATT_trained_hybrid_prediction_outputs.csv,Yaw_hybrid_prediction
15.199751,0,352.6207275390625,352.6207275390625,352.395979309082,0.2247482299804915,0.2247482299804915,0.010773,1,17.0,0.13026458740232272,1,1,1,baseline_02_high_altitude_hover,Yaw,bias,W20_N5_mean1.5x,/home/tchowdh4/sensor_recovery_project/prediction_results_v9_trained_hybrid/baseline_02_high_altitude_hover_ATT_trained_hybrid_prediction_outputs.csv,Yaw_hybrid_prediction
15.299711,0,352.618896484375,352.618896484375,352.39134826660154,0.22754821777346024,0.22754821777346024,0.010773,1,18.0,0.1411321258544717,1,1,1,baseline_02_high_altitude_hover,Yaw,bias,W20_N5_mean1.5x,/home/tchowdh4/sensor_recovery_project/prediction_results_v9_trained_hybrid/baseline_02_high_altitude_hover_ATT_trained_hybrid_prediction_outputs.csv,Yaw_hybrid_prediction
15.399671,0,352.6158447265625,352.6158447265625,352.38740081787114,0.22844390869136078,0.22844390869136078,0.010773,1,19.0,0.15207687377927642,1,1,1,baseline_02_high_altitude_hover,Yaw,bias,W20_N5_mean1.5x,/home/tchowdh4/sensor_recovery_project/prediction_results_v9_trained_hybrid/baseline_02_high_altitude_hover_ATT_trained_hybrid_prediction_outputs.csv,Yaw_hybrid_prediction
15.499631,0,352.61492919921875,352.61492919921875,352.38375091552734,0.23117828369140625,0.23117828369140625,0.010773,1,20.0,0.1633731842040845,1,1,1,baseline_02_high_altitude_hover,Yaw,bias,W20_N5_mean1.5x,/home/tchowdh4/sensor_recovery_project/prediction_results_v9_trained_hybrid/baseline_02_high_altitude_hover_ATT_trained_hybrid_prediction_outputs.csv,Yaw_hybrid_prediction
15.599591,0,352.61553955078125,352.61553955078125,352.3803344726563,0.23520507812497726,0.23520507812497726,0.010773,1,20.0,0.17358963012693493,1,1,1,baseline_02_high_altitude_hover,Yaw,bias,W20_N5_mean1.5x,/home/tchowdh4/sensor_recovery_project/prediction_results_v9_trained_hybrid/baseline_02_high_altitude_hover_ATT_trained_hybrid_prediction_outputs.csv,Yaw_hybrid_prediction
15.699551,0,352.61676025390625,352.61676025390625,352.3770156860352,0.239744567871071,0.239744567871071,0.010773,1,20.0,0.18281875610349516,1,1,1,baseline_02_high_altitude_hover,Yaw,bias,W20_N5_mean1.5x,/home/tchowdh4/sensor_recovery_project/prediction_results_v9_trained_hybrid/baseline_02_high_altitude_hover_ATT_trained_hybrid_prediction_outputs.csv,Yaw_hybrid_prediction
15.799511,0,352.61700439453125,352.61700439453125,352.3742919921875,0.24271240234372726,0.24271240234372726,0.010773,1,20.0,0.19129623413084004,1,1,1,baseline_02_high_altitude_hover,Yaw,bias,W20_N5_mean1.5x,/home/tchowdh4/sensor_recovery_project/prediction_results_v9_trained_hybrid/baseline_02_high_altitude_hover_ATT_trained_hybrid_prediction_outputs.csv,Yaw_hybrid_prediction
15.899471,0,352.6161804199219,352.6161804199219,352.3716278076172,0.2445526123046875,0.2445526123046875,0.010773,1,20.0,0.19890388488767882,1,1,1,baseline_02_high_altitude_hover,Yaw,bias,W20_N5_mean1.5x,/home/tchowdh4/sensor_recovery_project/prediction_results_v9_trained_hybrid/baseline_02_high_altitude_hover_ATT_trained_hybrid_prediction_outputs.csv,Yaw_hybrid_prediction
15.999431,0,352.6158447265625,352.6158447265625,352.36910247802734,0.24674224853515625,0.24674224853515625,0.010773,1,20.0,0.20558380126951475,1,1,1,baseline_02_high_altitude_hover,Yaw,bias,W20_N5_mean1.5x,/home/tchowdh4/sensor_recovery_project/prediction_results_v9_trained_hybrid/baseline_02_high_altitude_hover_ATT_trained_hybrid_prediction_outputs.csv,Yaw_hybrid_prediction
16.099391,0,352.6161804199219,352.6161804199219,352.3667297363281,0.24945068359375,0.24945068359375,0.010773,1,20.0,0.21140457153318834,1,1,1,baseline_02_high_altitude_hover,Yaw,bias,W20_N5_mean1.5x,/home/tchowdh4/sensor_recovery_project/prediction_results_v9_trained_hybrid/baseline_02_high_altitude_hover_ATT_trained_hybrid_prediction_outputs.csv,Yaw_hybrid_prediction
16.199351,0,352.61669921875,352.61669921875,352.36473083496094,0.2519683837890625,0.2519683837890625,0.010773,1,20.0,0.21659362792967157,1,1,1,baseline_02_high_altitude_hover,Yaw,bias,W20_N5_mean1.5x,/home/tchowdh4/sensor_recovery_project/prediction_results_v9_trained_hybrid/baseline_02_high_altitude_hover_ATT_trained_hybrid_prediction_outputs.csv,Yaw_hybrid_prediction
16.299311,0,352.6174621582031,352.6174621582031,352.3628601074219,0.2546020507812159,0.2546020507812159,0.010773,1,20.0,0.22142356872556945,1,1,1,baseline_02_high_altitude_hover,Yaw,bias,W20_N5_mean1.5x,/home/tchowdh4/sensor_recovery_project/prediction_results_v9_trained_hybrid/baseline_02_high_altitude_hover_ATT_trained_hybrid_prediction_outputs.csv,Yaw_hybrid_prediction
16.399271,0,352.6178283691406,352.6178283691406,352.3611282348633,0.25670013427730964,0.25670013427730964,0.010773,1,20.0,0.22591018676756108,1,1,1,baseline_02_high_altitude_hover,Yaw,bias,W20_N5_mean1.5x,/home/tchowdh4/sensor_recovery_project/prediction_results_v9_trained_hybrid/baseline_02_high_altitude_hover_ATT_trained_hybrid_prediction_outputs.csv,Yaw_hybrid_prediction
16.499231,0,352.6178894042969,352.6178894042969,352.3592834472656,0.25860595703125,0.25860595703125,0.010773,1,20.0,0.23004173278806944,1,1,1,baseline_02_high_altitude_hover,Yaw,bias,W20_N5_mean1.5x,/home/tchowdh4/sensor_recovery_project/prediction_results_v9_trained_hybrid/baseline_02_high_altitude_hover_ATT_trained_hybrid_prediction_outputs.csv,Yaw_hybrid_prediction
16.599191,0,352.6177062988281,352.6177062988281,352.3582489013671,0.2594573974610057,0.2594573974610057,0.010773,1,20.0,0.23378150939940098,1,1,1,baseline_02_high_altitude_hover,Yaw,bias,W20_N5_mean1.5x,/home/tchowdh4/sensor_recovery_project/prediction_results_v9_trained_hybrid/baseline_02_high_altitude_hover_ATT_trained_hybrid_prediction_outputs.csv,Yaw_hybrid_prediction
16.699984,0,352.61773681640625,352.61773681640625,352.3564804077149,0.26125640869133804,0.26125640869133804,0.010773,1,20.0,0.23721305847166435,1,1,1,baseline_02_high_altitude_hover,Yaw,bias,W20_N5_mean1.5x,/home/tchowdh4/sensor_recovery_project/prediction_results_v9_trained_hybrid/baseline_02_high_altitude_hover_ATT_trained_hybrid_prediction_outputs.csv,Yaw_hybrid_prediction
16.799944,0,352.6177673339844,352.6177673339844,352.3554824829102,0.26228485107418464,0.26228485107418464,0.010773,1,20.0,0.24043853759764033,1,1,1,baseline_02_high_altitude_hover,Yaw,bias,W20_N5_mean1.5x,/home/tchowdh4/sensor_recovery_project/prediction_results_v9_trained_hybrid/baseline_02_high_altitude_hover_ATT_trained_hybrid_prediction_outputs.csv,Yaw_hybrid_prediction
16.899904,0,352.6180114746094,352.6180114746094,352.3543807983399,0.2636306762694858,0.2636306762694858,0.010773,1,20.0,0.24345138549803097,1,1,1,baseline_02_high_altitude_hover,Yaw,bias,W20_N5_mean1.5x,/home/tchowdh4/sensor_recovery_project/prediction_results_v9_trained_hybrid/baseline_02_high_altitude_hover_ATT_trained_hybrid_prediction_outputs.csv,Yaw_hybrid_prediction
16.999864,0,352.6181030273437,352.6181030273437,352.35325164794926,0.26485137939442893,0.26485137939442893,0.010773,1,20.0,0.2461377716064277,1,1,1,baseline_02_high_altitude_hover,Yaw,bias,W20_N5_mean1.5x,/home/tchowdh4/sensor_recovery_project/prediction_results_v9_trained_hybrid/baseline_02_high_altitude_hover_ATT_trained_hybrid_prediction_outputs.csv,Yaw_hybrid_prediction
17.099824,0,352.6182861328125,352.6182861328125,352.3522552490234,0.26603088378908524,0.26603088378908524,0.010773,1,20.0,0.2484857177734227,1,1,1,baseline_02_high_altitude_hover,Yaw,bias,W20_N5_mean1.5x,/home/tchowdh4/sensor_recovery_project/prediction_results_v9_trained_hybrid/baseline_02_high_altitude_hover_ATT_trained_hybrid_prediction_outputs.csv,Yaw_hybrid_prediction
17.199784,0,352.6187744140625,352.6187744140625,352.3514389038086,0.26733551025387214,0.26733551025387214,0.010773,1,20.0,0.25061508178709174,1,1,1,baseline_02_high_altitude_hover,Yaw,bias,W20_N5_mean1.5x,/home/tchowdh4/sensor_recovery_project/prediction_results_v9_trained_hybrid/baseline_02_high_altitude_hover_ATT_trained_hybrid_prediction_outputs.csv,Yaw_hybrid_prediction
17.299744,0,352.6195068359375,352.6195068359375,352.3505096435547,0.2689971923828125,0.2689971923828125,0.010773,1,20.0,0.2526875305175594,1,1,1,baseline_02_high_altitude_hover,Yaw,bias,W20_N5_mean1.5x,/home/tchowdh4/sensor_recovery_project/prediction_results_v9_trained_hybrid/baseline_02_high_altitude_hover_ATT_trained_hybrid_prediction_outputs.csv,Yaw_hybrid_prediction
17.399704,0,352.61962890625,352.61962890625,352.3496383666992,0.269990539550804,0.269990539550804,0.010773,1,20.0,0.2547648620605315,1,1,1,baseline_02_high_altitude_hover,Yaw,bias,W20_N5_mean1.5x,/home/tchowdh4/sensor_recovery_project/prediction_results_v9_trained_hybrid/baseline_02_high_altitude_hover_ATT_trained_hybrid_prediction_outputs.csv,Yaw_hybrid_prediction
17.499664,0,352.6200256347656,352.6200256347656,352.3492401123048,0.27078552246081244,0.27078552246081244,0.010773,1,20.0,0.25674522399900185,1,1,1,baseline_02_high_altitude_hover,Yaw,bias,W20_N5_mean1.5x,/home/tchowdh4/sensor_recovery_project/prediction_results_v9_trained_hybrid/baseline_02_high_altitude_hover_ATT_trained_hybrid_prediction_outputs.csv,Yaw_hybrid_prediction
17.599624,0,352.62078857421875,352.62078857421875,352.3484695434571,0.27231903076165054,0.27231903076165054,0.010773,1,20.0,0.2586009216308355,1,1,1,baseline_02_high_altitude_hover,Yaw,bias,W20_N5_mean1.5x,/home/tchowdh4/sensor_recovery_project/prediction_results_v9_trained_hybrid/baseline_02_high_altitude_hover_ATT_trained_hybrid_prediction_outputs.csv,Yaw_hybrid_prediction
17.699584,0,352.6205749511719,352.6205749511719,352.3475021362305,0.27307281494137214,0.27307281494137214,0.010773,1,20.0,0.26026733398435054,1,1,1,baseline_02_high_altitude_hover,Yaw,bias,W20_N5_mean1.5x,/home/tchowdh4/sensor_recovery_project/prediction_results_v9_trained_hybrid/baseline_02_high_altitude_hover_ATT_trained_hybrid_prediction_outputs.csv,Yaw_hybrid_prediction
17.799544,0,352.6202087402344,352.6202087402344,352.34710388183595,0.27310485839842613,0.27310485839842613,0.010773,1,20.0,0.2617869567870855,1,1,1,baseline_02_high_altitude_hover,Yaw,bias,W20_N5_mean1.5x,/home/tchowdh4/sensor_recovery_project/prediction_results_v9_trained_hybrid/baseline_02_high_altitude_hover_ATT_trained_hybrid_prediction_outputs.csv,Yaw_hybrid_prediction
17.899504,0,352.6198425292969,352.6198425292969,352.34699707031245,0.2728454589844205,0.2728454589844205,0.010773,1,20.0,0.26320159912107216,1,1,1,baseline_02_high_altitude_hover,Yaw,bias,W20_N5_mean1.5x,/home/tchowdh4/sensor_recovery_project/prediction_results_v9_trained_hybrid/baseline_02_high_altitude_hover_ATT_trained_hybrid_prediction_outputs.csv,Yaw_hybrid_prediction
17.999464,0,352.6195983886719,352.6195983886719,352.3468856811524,0.2727127075194744,0.2727127075194744,0.010773,1,20.0,0.26450012207028806,1,1,1,baseline_02_high_altitude_hover,Yaw,bias,W20_N5_mean1.5x,/home/tchowdh4/sensor_recovery_project/prediction_results_v9_trained_hybrid/baseline_02_high_altitude_hover_ATT_trained_hybrid_prediction_outputs.csv,Yaw_hybrid_prediction
18.099424,0,352.6200256347656,352.6200256347656,352.3462905883789,0.27373504638671875,0.27373504638671875,0.010773,1,20.0,0.2657143402099365,1,1,1,baseline_02_high_altitude_hover,Yaw,bias,W20_N5_mean1.5x,/home/tchowdh4/sensor_recovery_project/prediction_results_v9_trained_hybrid/baseline_02_high_altitude_hover_ATT_trained_hybrid_prediction_outputs.csv,Yaw_hybrid_prediction
18.199384,0,352.6205444335937,352.6205444335937,352.346142578125,0.2744018554686818,0.2744018554686818,0.010773,1,20.0,0.26683601379391747,1,1,1,baseline_02_high_altitude_hover,Yaw,bias,W20_N5_mean1.5x,/home/tchowdh4/sensor_recovery_project/prediction_results_v9_trained_hybrid/baseline_02_high_altitude_hover_ATT_trained_hybrid_prediction_outputs.csv,Yaw_hybrid_prediction
18.299344,0,352.6203308105469,352.6203308105469,352.3462966918945,0.2740341186523665,0.2740341186523665,0.010773,1,20.0,0.267807617187475,1,1,1,baseline_02_high_altitude_hover,Yaw,bias,W20_N5_mean1.5x,/home/tchowdh4/sensor_recovery_project/prediction_results_v9_trained_hybrid/baseline_02_high_altitude_hover_ATT_trained_hybrid_prediction_outputs.csv,Yaw_hybrid_prediction
18.399304,0,352.6205749511719,352.6205749511719,352.3461502075196,0.27442474365227554,0.27442474365227554,0.010773,1,20.0,0.2686938476562233,1,1,1,baseline_02_high_altitude_hover,Yaw,bias,W20_N5_mean1.5x,/home/tchowdh4/sensor_recovery_project/prediction_results_v9_trained_hybrid/baseline_02_high_altitude_hover_ATT_trained_hybrid_prediction_outputs.csv,Yaw_hybrid_prediction
18.499264,0,352.6209716796875,352.6209716796875,352.34583740234376,0.27513427734373863,0.27513427734373863,0.010773,1,20.0,0.2695202636718477,1,1,1,baseline_02_high_altitude_hover,Yaw,bias,W20_N5_mean1.5x,/home/tchowdh4/sensor_recovery_project/prediction_results_v9_trained_hybrid/baseline_02_high_altitude_hover_ATT_trained_hybrid_prediction_outputs.csv,Yaw_hybrid_prediction
18.599224,0,352.6210632324219,352.6210632324219,352.34568176269534,0.27538146972653976,0.27538146972653976,0.010773,1,20.0,0.27031646728512443,1,1,1,baseline_02_high_altitude_hover,Yaw,bias,W20_N5_mean1.5x,/home/tchowdh4/sensor_recovery_project/prediction_results_v9_trained_hybrid/baseline_02_high_altitude_hover_ATT_trained_hybrid_prediction_outputs.csv,Yaw_hybrid_prediction
18.699184,0,352.6206970214844,352.6206970214844,352.34541015625,0.27528686523436363,0.27528686523436363,0.010773,1,20.0,0.2710179901122757,1,1,1,baseline_02_high_altitude_hover,Yaw,bias,W20_N5_mean1.5x,/home/tchowdh4/sensor_recovery_project/prediction_results_v9_trained_hybrid/baseline_02_high_altitude_hover_ATT_trained_hybrid_prediction_outputs.csv,Yaw_hybrid_prediction
18.799977,0,352.62030029296875,352.62030029296875,352.3456085205079,0.2746917724608693,0.2746917724608693,0.010773,1,20.0,0.27163833618160993,1,1,1,baseline_02_high_altitude_hover,Yaw,bias,W20_N5_mean1.5x,/home/tchowdh4/sensor_recovery_project/prediction_results_v9_trained_hybrid/baseline_02_high_altitude_hover_ATT_trained_hybrid_prediction_outputs.csv,Yaw_hybrid_prediction
18.899937,0,352.620361328125,352.620361328125,352.3455810546875,0.2747802734375,0.2747802734375,0.010773,1,20.0,0.27219581604001064,1,1,1,baseline_02_high_altitude_hover,Yaw,bias,W20_N5_mean1.5x,/home/tchowdh4/sensor_recovery_project/prediction_results_v9_trained_hybrid/baseline_02_high_altitude_hover_ATT_trained_hybrid_prediction_outputs.csv,Yaw_hybrid_prediction
18.999897,0,352.62042236328125,352.62042236328125,352.3458465576172,0.2745758056640284,0.2745758056640284,0.010773,1,20.0,0.2726820373534906,1,1,1,baseline_02_high_altitude_hover,Yaw,bias,W20_N5_mean1.5x,/home/tchowdh4/sensor_recovery_project/prediction_results_v9_trained_hybrid/baseline_02_high_altitude_hover_ATT_trained_hybrid_prediction_outputs.csv,Yaw_hybrid_prediction
19.099857,0,352.6208801269531,352.6208801269531,352.34554290771484,0.27533721923828125,0.27533721923828125,0.010773,1,20.0,0.2731473541259504,1,1,1,baseline_02_high_altitude_hover,Yaw,bias,W20_N5_mean1.5x,/home/tchowdh4/sensor_recovery_project/prediction_results_v9_trained_hybrid/baseline_02_high_altitude_hover_ATT_trained_hybrid_prediction_outputs.csv,Yaw_hybrid_prediction
19.199817,0,352.6215515136719,352.6215515136719,352.3457443237305,0.2758071899413608,0.2758071899413608,0.010773,1,20.0,0.27357093811032485,1,1,1,baseline_02_high_altitude_hover,Yaw,bias,W20_N5_mean1.5x,/home/tchowdh4/sensor_recovery_project/prediction_results_v9_trained_hybrid/baseline_02_high_altitude_hover_ATT_trained_hybrid_prediction_outputs.csv,Yaw_hybrid_prediction
19.299777,0,352.6220703125,352.6220703125,352.34579162597663,0.2762786865233693,0.2762786865233693,0.010773,1,20.0,0.27393501281735266,1,1,1,baseline_02_high_altitude_hover,Yaw,bias,W20_N5_mean1.5x,/home/tchowdh4/sensor_recovery_project/prediction_results_v9_trained_hybrid/baseline_02_high_altitude_hover_ATT_trained_hybrid_prediction_outputs.csv,Yaw_hybrid_prediction
19.399737,0,352.6204528808594,352.6204528808594,352.346029663086,0.2744232177734034,0.2744232177734034,0.010773,1,20.0,0.27415664672848267,1,1,1,baseline_02_high_altitude_hover,Yaw,bias,W20_N5_mean1.5x,/home/tchowdh4/sensor_recovery_project/prediction_results_v9_trained_hybrid/baseline_02_high_altitude_hover_ATT_trained_hybrid_prediction_outputs.csv,Yaw_hybrid_prediction
19.499697,0,352.6176452636719,352.6176452636719,352.3457260131836,0.27191925048828125,0.27191925048828125,0.010773,1,20.0,0.2742133331298561,1,1,1,baseline_02_high_altitude_hover,Yaw,bias,W20_N5_mean1.5x,/home/tchowdh4/sensor_recovery_project/prediction_results_v9_trained_hybrid/baseline_02_high_altitude_hover_ATT_trained_hybrid_prediction_outputs.csv,Yaw_hybrid_prediction
19.599657,0,352.6166381835937,352.6166381835937,352.3458831787109,0.27075500488280113,0.27075500488280113,0.010773,1,20.0,0.27413513183591365,1,1,1,baseline_02_high_altitude_hover,Yaw,bias,W20_N5_mean1.5x,/home/tchowdh4/sensor_recovery_project/prediction_results_v9_trained_hybrid/baseline_02_high_altitude_hover_ATT_trained_hybrid_prediction_outputs.csv,Yaw_hybrid_prediction
19.699617,0,352.6177062988281,352.6177062988281,352.34594421386726,0.2717620849608693,0.2717620849608693,0.010773,1,20.0,0.27406959533688846,1,1,1,baseline_02_high_altitude_hover,Yaw,bias,W20_N5_mean1.5x,/home/tchowdh4/sensor_recovery_project/prediction_results_v9_trained_hybrid/baseline_02_high_altitude_hover_ATT_trained_hybrid_prediction_outputs.csv,Yaw_hybrid_prediction
19.799577,0,352.61895751953125,352.61895751953125,352.34644775390626,0.27250976562498863,0.27250976562498863,0.010773,1,20.0,0.27403984069821663,1,1,1,baseline_02_high_altitude_hover,Yaw,bias,W20_N5_mean1.5x,/home/tchowdh4/sensor_recovery_project/prediction_results_v9_trained_hybrid/baseline_02_high_altitude_hover_ATT_trained_hybrid_prediction_outputs.csv,Yaw_hybrid_prediction
19.899537,0,352.6194152832031,352.6194152832031,352.3468139648438,0.2726013183593068,0.2726013183593068,0.010773,1,20.0,0.2740276336669609,1,1,1,baseline_02_high_altitude_hover,Yaw,bias,W20_N5_mean1.5x,/home/tchowdh4/sensor_recovery_project/prediction_results_v9_trained_hybrid/baseline_02_high_altitude_hover_ATT_trained_hybrid_prediction_outputs.csv,Yaw_hybrid_prediction
19.999497,0,352.6205139160156,352.6205139160156,352.34704742431643,0.273466491699196,0.273466491699196,0.010773,1,20.0,0.274065322875947,1,1,1,baseline_02_high_altitude_hover,Yaw,bias,W20_N5_mean1.5x,/home/tchowdh4/sensor_recovery_project/prediction_results_v9_trained_hybrid/baseline_02_high_altitude_hover_ATT_trained_hybrid_prediction_outputs.csv,Yaw_hybrid_prediction
20.099457,0,352.6219787597656,352.6219787597656,352.3472778320313,0.2747009277343295,0.2747009277343295,0.010773,1,20.0,0.27411361694332753,1,1,1,baseline_02_high_altitude_hover,Yaw,bias,W20_N5_mean1.5x,/home/tchowdh4/sensor_recovery_project/prediction_results_v9_trained_hybrid/baseline_02_high_altitude_hover_ATT_trained_hybrid_prediction_outputs.csv,Yaw_hybrid_prediction
20.199417,0,352.62371826171875,352.62371826171875,352.3476989746094,0.27601928710936363,0.27601928710936363,0.010773,1,20.0,0.27419448852536166,1,1,1,baseline_02_high_altitude_hover,Yaw,bias,W20_N5_mean1.5x,/home/tchowdh4/sensor_recovery_project/prediction_results_v9_trained_hybrid/baseline_02_high_altitude_hover_ATT_trained_hybrid_prediction_outputs.csv,Yaw_hybrid_prediction
20.299377,0,352.6240539550781,352.6240539550781,352.34850769042976,0.2755462646483693,0.2755462646483693,0.010773,1,20.0,0.27427009582516176,1,1,1,baseline_02_high_altitude_hover,Yaw,bias,W20_N5_mean1.5x,/home/tchowdh4/sensor_recovery_project/prediction_results_v9_trained_hybrid/baseline_02_high_altitude_hover_ATT_trained_hybrid_prediction_outputs.csv,Yaw_hybrid_prediction
20.399337,0,352.6222839355469,352.6222839355469,352.34855957031255,0.2737243652343295,0.2737243652343295,0.010773,1,20.0,0.27423507690426446,1,1,1,baseline_02_high_altitude_hover,Yaw,bias,W20_N5_mean1.5x,/home/tchowdh4/sensor_recovery_project/prediction_results_v9_trained_hybrid/baseline_02_high_altitude_hover_ATT_trained_hybrid_prediction_outputs.csv,Yaw_hybrid_prediction
20.499297,0,352.62115478515625,352.62115478515625,352.3490249633789,0.2721298217773551,0.2721298217773551,0.010773,1,20.0,0.2740848541259453,1,1,1,baseline_02_high_altitude_hover,Yaw,bias,W20_N5_mean1.5x,/home/tchowdh4/sensor_recovery_project/prediction_results_v9_trained_hybrid/baseline_02_high_altitude_hover_ATT_trained_hybrid_prediction_outputs.csv,Yaw_hybrid_prediction
20.599257,0,352.6206970214844,352.6206970214844,352.3494216918946,0.2712753295897983,0.2712753295897983,0.010773,1,20.0,0.2738795471191082,1,1,1,baseline_02_high_altitude_hover,Yaw,bias,W20_N5_mean1.5x,/home/tchowdh4/sensor_recovery_project/prediction_results_v9_trained_hybrid/baseline_02_high_altitude_hover_ATT_trained_hybrid_prediction_outputs.csv,Yaw_hybrid_prediction
20.699217,0,352.62091064453125,352.62091064453125,352.3498184204102,0.2710922241210483,0.2710922241210483,0.010773,1,20.0,0.27366981506344246,1,1,1,baseline_02_high_altitude_hover,Yaw,bias,W20_N5_mean1.5x,/home/tchowdh4/sensor_recovery_project/prediction_results_v9_trained_hybrid/baseline_02_high_altitude_hover_ATT_trained_hybrid_prediction_outputs.csv,Yaw_hybrid_prediction
20.799177,0,352.62115478515625,352.62115478515625,352.3502151489257,0.27093963623053696,0.27093963623053696,0.010773,1,20.0,0.2734822082519258,1,1,1,baseline_02_high_altitude_hover,Yaw,bias,W20_N5_mean1.5x,/home/tchowdh4/sensor_recovery_project/prediction_results_v9_trained_hybrid/baseline_02_high_altitude_hover_ATT_trained_hybrid_prediction_outputs.csv,Yaw_hybrid_prediction
20.89997,0,352.6214599609375,352.6214599609375,352.3505233764649,0.27093658447262214,0.27093658447262214,0.010773,1,20.0,0.27329002380368195,1,1,1,baseline_02_high_altitude_hover,Yaw,bias,W20_N5_mean1.5x,/home/tchowdh4/sensor_recovery_project/prediction_results_v9_trained_hybrid/baseline_02_high_altitude_hover_ATT_trained_hybrid_prediction_outputs.csv,Yaw_hybrid_prediction
20.99993,0,352.62158203125,352.62158203125,352.3512130737305,0.2703689575195085,0.2703689575195085,0.010773,1,20.0,0.27307968139645594,1,1,1,baseline_02_high_altitude_hover,Yaw,bias,W20_N5_mean1.5x,/home/tchowdh4/sensor_recovery_project/prediction_results_v9_trained_hybrid/baseline_02_high_altitude_hover_ATT_trained_hybrid_prediction_outputs.csv,Yaw_hybrid_prediction
21.09989,0,352.6219787597656,352.6219787597656,352.3517486572265,0.2702301025391307,0.2702301025391307,0.010773,1,20.0,0.27282432556149844,1,1,1,baseline_02_high_altitude_hover,Yaw,bias,W20_N5_mean1.5x,/home/tchowdh4/sensor_recovery_project/prediction_results_v9_trained_hybrid/baseline_02_high_altitude_hover_ATT_trained_hybrid_prediction_outputs.csv,Yaw_hybrid_prediction
21.19985,0,352.6220703125,352.6220703125,352.35207672119145,0.2699935913085483,0.2699935913085483,0.010773,1,20.0,0.2725336456298578,1,1,1,baseline_02_high_altitude_hover,Yaw,bias,W20_N5_mean1.5x,/home/tchowdh4/sensor_recovery_project/prediction_results_v9_trained_hybrid/baseline_02_high_altitude_hover_ATT_trained_hybrid_prediction_outputs.csv,Yaw_hybrid_prediction
21.29981,0,352.6222839355469,352.6222839355469,352.35282745361326,0.2694564819336165,0.2694564819336165,0.010773,1,20.0,0.27219253540037014,1,1,1,baseline_02_high_altitude_hover,Yaw,bias,W20_N5_mean1.5x,/home/tchowdh4/sensor_recovery_project/prediction_results_v9_trained_hybrid/baseline_02_high_altitude_hover_ATT_trained_hybrid_prediction_outputs.csv,Yaw_hybrid_prediction
21.39977,0,352.6208801269531,352.6208801269531,352.35373382568366,0.26714630126946304,0.26714630126946304,0.010773,1,20.0,0.27182868957517314,1,1,1,baseline_02_high_altitude_hover,Yaw,bias,W20_N5_mean1.5x,/home/tchowdh4/sensor_recovery_project/prediction_results_v9_trained_hybrid/baseline_02_high_altitude_hover_ATT_trained_hybrid_prediction_outputs.csv,Yaw_hybrid_prediction
21.49973,0,352.6198425292969,352.6198425292969,352.3542922973633,0.26555023193355964,0.26555023193355964,0.010773,1,20.0,0.27151023864743706,1,1,1,baseline_02_high_altitude_hover,Yaw,bias,W20_N5_mean1.5x,/home/tchowdh4/sensor_recovery_project/prediction_results_v9_trained_hybrid/baseline_02_high_altitude_hover_ATT_trained_hybrid_prediction_outputs.csv,Yaw_hybrid_prediction
21.59969,0,352.6197814941406,352.6197814941406,352.3548889160156,0.264892578125,0.264892578125,0.010773,1,20.0,0.271217117309547,1,1,1,baseline_02_high_altitude_hover,Yaw,bias,W20_N5_mean1.5x,/home/tchowdh4/sensor_recovery_project/prediction_results_v9_trained_hybrid/baseline_02_high_altitude_hover_ATT_trained_hybrid_prediction_outputs.csv,Yaw_hybrid_prediction
21.69965,0,352.62164306640625,352.62164306640625,352.35523376464846,0.26640930175778976,0.26640930175778976,0.010773,1,20.0,0.270949478149393,1,1,1,baseline_02_high_altitude_hover,Yaw,bias,W20_N5_mean1.5x,/home/tchowdh4/sensor_recovery_project/prediction_results_v9_trained_hybrid/baseline_02_high_altitude_hover_ATT_trained_hybrid_prediction_outputs.csv,Yaw_hybrid_prediction
21.79961,0,352.6239318847656,352.6239318847656,352.35601501464845,0.26791687011717613,0.26791687011717613,0.010773,1,20.0,0.2707198333740024,1,1,1,baseline_02_high_altitude_hover,Yaw,bias,W20_N5_mean1.5x,/home/tchowdh4/sensor_recovery_project/prediction_results_v9_trained_hybrid/baseline_02_high_altitude_hover_ATT_trained_hybrid_prediction_outputs.csv,Yaw_hybrid_prediction
21.89957,0,352.6273803710937,352.6273803710937,352.3567749023438,0.2706054687499204,0.2706054687499204,0.010773,1,20.0,0.2706200408935331,1,1,1,baseline_02_high_altitude_hover,Yaw,bias,W20_N5_mean1.5x,/home/tchowdh4/sensor_recovery_project/prediction_results_v9_trained_hybrid/baseline_02_high_altitude_hover_ATT_trained_hybrid_prediction_outputs.csv,Yaw_hybrid_prediction
21.99953,0,352.63037109375,352.63037109375,352.3575073242188,0.27286376953122726,0.27286376953122726,0.010773,1,20.0,0.27058990478513467,1,1,1,baseline_02_high_altitude_hover,Yaw,bias,W20_N5_mean1.5x,/home/tchowdh4/sensor_recovery_project/prediction_results_v9_trained_hybrid/baseline_02_high_altitude_hover_ATT_trained_hybrid_prediction_outputs.csv,Yaw_hybrid_prediction
22.09949,0,352.6315612792969,352.6315612792969,352.35810699462894,0.27345428466793464,0.27345428466793464,0.010773,1,20.0,0.2705275726318149,1,1,1,baseline_02_high_altitude_hover,Yaw,bias,W20_N5_mean1.5x,/home/tchowdh4/sensor_recovery_project/prediction_results_v9_trained_hybrid/baseline_02_high_altitude_hover_ATT_trained_hybrid_prediction_outputs.csv,Yaw_hybrid_prediction
22.19945,0,352.632080078125,352.632080078125,352.35892486572266,0.27315521240234375,0.27315521240234375,0.010773,1,20.0,0.2703843688964639,1,1,1,baseline_02_high_altitude_hover,Yaw,bias,W20_N5_mean1.5x,/home/tchowdh4/sensor_recovery_project/prediction_results_v9_trained_hybrid/baseline_02_high_altitude_hover_ATT_trained_hybrid_prediction_outputs.csv,Yaw_hybrid_prediction
22.29941,0,352.6341552734375,352.6341552734375,352.3596435546874,0.27451171875009095,0.27451171875009095,0.010773,1,20.0,0.27033264160155,1,1,1,baseline_02_high_altitude_hover,Yaw,bias,W20_N5_mean1.5x,/home/tchowdh4/sensor_recovery_project/prediction_results_v9_trained_hybrid/baseline_02_high_altitude_hover_ATT_trained_hybrid_prediction_outputs.csv,Yaw_hybrid_prediction
22.39937,0,352.6361999511719,352.6361999511719,352.36042022705084,0.2757797241210369,0.2757797241210369,0.010773,1,20.0,0.27043540954588535,1,1,1,baseline_02_high_altitude_hover,Yaw,bias,W20_N5_mean1.5x,/home/tchowdh4/sensor_recovery_project/prediction_results_v9_trained_hybrid/baseline_02_high_altitude_hover_ATT_trained_hybrid_prediction_outputs.csv,Yaw_hybrid_prediction
22.49933,0,352.6376647949219,352.6376647949219,352.3612274169922,0.2764373779296534,0.2764373779296534,0.010773,1,20.0,0.2706507873535003,1,1,1,baseline_02_high_altitude_hover,Yaw,bias,W20_N5_mean1.5x,/home/tchowdh4/sensor_recovery_project/prediction_results_v9_trained_hybrid/baseline_02_high_altitude_hover_ATT_trained_hybrid_prediction_outputs.csv,Yaw_hybrid_prediction
22.59929,0,352.638427734375,352.638427734375,352.362419128418,0.2760086059569744,0.2760086059569744,0.010773,1,20.0,0.2708874511718591,1,1,1,baseline_02_high_altitude_hover,Yaw,bias,W20_N5_mean1.5x,/home/tchowdh4/sensor_recovery_project/prediction_results_v9_trained_hybrid/baseline_02_high_altitude_hover_ATT_trained_hybrid_prediction_outputs.csv,Yaw_hybrid_prediction
22.69925,0,352.6396789550781,352.6396789550781,352.3631332397461,0.2765457153320199,0.2765457153320199,0.010773,1,20.0,0.27116012573240766,1,1,1,baseline_02_high_altitude_hover,Yaw,bias,W20_N5_mean1.5x,/home/tchowdh4/sensor_recovery_project/prediction_results_v9_trained_hybrid/baseline_02_high_altitude_hover_ATT_trained_hybrid_prediction_outputs.csv,Yaw_hybrid_prediction
22.79921,0,352.63751220703125,352.63751220703125,352.3640899658203,0.2734222412109375,0.2734222412109375,0.010773,1,20.0,0.2712842559814277,1,1,1,baseline_02_high_altitude_hover,Yaw,bias,W20_N5_mean1.5x,/home/tchowdh4/sensor_recovery_project/prediction_results_v9_trained_hybrid/baseline_02_high_altitude_hover_ATT_trained_hybrid_prediction_outputs.csv,Yaw_hybrid_prediction
22.89917,0,352.6335754394531,352.6335754394531,352.3650939941407,0.2684814453124318,0.2684814453124318,0.010773,1,20.0,0.2711614990234182,1,1,1,baseline_02_high_altitude_hover,Yaw,bias,W20_N5_mean1.5x,/home/tchowdh4/sensor_recovery_project/prediction_results_v9_trained_hybrid/baseline_02_high_altitude_hover_ATT_trained_hybrid_prediction_outputs.csv,Yaw_hybrid_prediction
22.999963,0,352.62811279296875,352.62811279296875,352.3661590576172,0.26195373535153976,0.26195373535153976,0.010773,1,20.0,0.27074073791501974,1,1,1,baseline_02_high_altitude_hover,Yaw,bias,W20_N5_mean1.5x,/home/tchowdh4/sensor_recovery_project/prediction_results_v9_trained_hybrid/baseline_02_high_altitude_hover_ATT_trained_hybrid_prediction_outputs.csv,Yaw_hybrid_prediction
23.099923,0,352.6222839355469,352.6222839355469,352.3670196533203,0.2552642822265625,0.2552642822265625,0.010773,1,20.0,0.26999244689939134,1,1,1,baseline_02_high_altitude_hover,Yaw,bias,W20_N5_mean1.5x,/home/tchowdh4/sensor_recovery_project/prediction_results_v9_trained_hybrid/baseline_02_high_altitude_hover_ATT_trained_hybrid_prediction_outputs.csv,Yaw_hybrid_prediction
23.199883,0,352.6174011230469,352.6174011230469,352.3676696777344,0.24973144531247726,0.24973144531247726,0.010773,1,20.0,0.26897933959958775,1,1,1,baseline_02_high_altitude_hover,Yaw,bias,W20_N5_mean1.5x,/home/tchowdh4/sensor_recovery_project/prediction_results_v9_trained_hybrid/baseline_02_high_altitude_hover_ATT_trained_hybrid_prediction_outputs.csv,Yaw_hybrid_prediction
23.299843,0,352.6190795898437,352.6190795898437,352.3686233520508,0.25045623779288917,0.25045623779288917,0.010773,1,20.0,0.2680293273925514,1,1,1,baseline_02_high_altitude_hover,Yaw,bias,W20_N5_mean1.5x,/home/tchowdh4/sensor_recovery_project/prediction_results_v9_trained_hybrid/baseline_02_high_altitude_hover_ATT_trained_hybrid_prediction_outputs.csv,Yaw_hybrid_prediction
23.399803,0,352.62353515625,352.62353515625,352.36964111328126,0.25389404296873863,0.25389404296873863,0.010773,1,20.0,0.2673667144775152,1,1,1,baseline_02_high_altitude_hover,Yaw,bias,W20_N5_mean1.5x,/home/tchowdh4/sensor_recovery_project/prediction_results_v9_trained_hybrid/baseline_02_high_altitude_hover_ATT_trained_hybrid_prediction_outputs.csv,Yaw_hybrid_prediction
23.499763,0,352.6272888183594,352.6272888183594,352.37048492431643,0.256803894042946,0.256803894042946,0.010773,1,20.0,0.2669293975829845,1,1,1,baseline_02_high_altitude_hover,Yaw,bias,W20_N5_mean1.5x,/home/tchowdh4/sensor_recovery_project/prediction_results_v9_trained_hybrid/baseline_02_high_altitude_hover_ATT_trained_hybrid_prediction_outputs.csv,Yaw_hybrid_prediction
23.599723,0,352.6282653808594,352.6282653808594,352.3717681884766,0.256497192382767,0.256497192382767,0.010773,1,20.0,0.2665096282958729,1,1,1,baseline_02_high_altitude_hover,Yaw,bias,W20_N5_mean1.5x,/home/tchowdh4/sensor_recovery_project/prediction_results_v9_trained_hybrid/baseline_02_high_altitude_hover_ATT_trained_hybrid_prediction_outputs.csv,Yaw_hybrid_prediction
23.699683,0,352.6307678222656,352.6307678222656,352.37292785644536,0.257839965820267,0.257839965820267,0.010773,1,20.0,0.26608116149899674,1,1,1,baseline_02_high_altitude_hover,Yaw,bias,W20_N5_mean1.5x,/home/tchowdh4/sensor_recovery_project/prediction_results_v9_trained_hybrid/baseline_02_high_altitude_hover_ATT_trained_hybrid_prediction_outputs.csv,Yaw_hybrid_prediction
23.799643,0,352.6332702636719,352.6332702636719,352.37404327392585,0.25922698974602554,0.25922698974602554,0.010773,1,20.0,0.2656466674804392,1,1,1,baseline_02_high_altitude_hover,Yaw,bias,W20_N5_mean1.5x,/home/tchowdh4/sensor_recovery_project/prediction_results_v9_trained_hybrid/baseline_02_high_altitude_hover_ATT_trained_hybrid_prediction_outputs.csv,Yaw_hybrid_prediction
23.899603,0,352.6370544433594,352.6370544433594,352.374951171875,0.26210327148436363,0.26210327148436363,0.010773,1,20.0,0.2652215576171614,1,1,1,baseline_02_high_altitude_hover,Yaw,bias,W20_N5_mean1.5x,/home/tchowdh4/sensor_recovery_project/prediction_results_v9_trained_hybrid/baseline_02_high_altitude_hover_ATT_trained_hybrid_prediction_outputs.csv,Yaw_hybrid_prediction
23.999563,0,352.6397705078125,352.6397705078125,352.37592773437507,0.2638427734374318,0.2638427734374318,0.010773,1,20.0,0.2647705078124716,1,1,1,baseline_02_high_altitude_hover,Yaw,bias,W20_N5_mean1.5x,/home/tchowdh4/sensor_recovery_project/prediction_results_v9_trained_hybrid/baseline_02_high_altitude_hover_ATT_trained_hybrid_prediction_outputs.csv,Yaw_hybrid_prediction
24.099523,0,352.6399841308594,352.6399841308594,352.37708129882816,0.2629028320312159,0.2629028320312159,0.010773,1,20.0,0.26424293518063563,1,1,1,baseline_02_high_altitude_hover,Yaw,bias,W20_N5_mean1.5x,/home/tchowdh4/sensor_recovery_project/prediction_results_v9_trained_hybrid/baseline_02_high_altitude_hover_ATT_trained_hybrid_prediction_outputs.csv,Yaw_hybrid_prediction
24.199483,0,352.6395568847656,352.6395568847656,352.37817993164066,0.2613769531249659,0.2613769531249659,0.010773,1,20.0,0.26365402221676676,1,1,1,baseline_02_high_altitude_hover,Yaw,bias,W20_N5_mean1.5x,/home/tchowdh4/sensor_recovery_project/prediction_results_v9_trained_hybrid/baseline_02_high_altitude_hover_ATT_trained_hybrid_prediction_outputs.csv,Yaw_hybrid_prediction
24.299443,0,352.6403503417969,352.6403503417969,352.3792785644531,0.26107177734377274,0.26107177734377274,0.010773,1,20.0,0.26298202514645086,1,1,1,baseline_02_high_altitude_hover,Yaw,bias,W20_N5_mean1.5x,/home/tchowdh4/sensor_recovery_project/prediction_results_v9_trained_hybrid/baseline_02_high_altitude_hover_ATT_trained_hybrid_prediction_outputs.csv,Yaw_hybrid_prediction
24.399403,0,352.6385803222656,352.6385803222656,352.3803771972656,0.25820312500002274,0.25820312500002274,0.010773,1,20.0,0.26210319519040015,1,1,1,baseline_02_high_altitude_hover,Yaw,bias,W20_N5_mean1.5x,/home/tchowdh4/sensor_recovery_project/prediction_results_v9_trained_hybrid/baseline_02_high_altitude_hover_ATT_trained_hybrid_prediction_outputs.csv,Yaw_hybrid_prediction
24.499363,0,352.634765625,352.634765625,352.38156433105473,0.253201293945267,0.253201293945267,0.010773,1,20.0,0.2609413909911808,1,1,1,baseline_02_high_altitude_hover,Yaw,bias,W20_N5_mean1.5x,/home/tchowdh4/sensor_recovery_project/prediction_results_v9_trained_hybrid/baseline_02_high_altitude_hover_ATT_trained_hybrid_prediction_outputs.csv,Yaw_hybrid_prediction
24.599323,0,352.6295166015625,352.6295166015625,352.3827239990235,0.24679260253901703,0.24679260253901703,0.010773,1,20.0,0.25948059082028296,1,1,1,baseline_02_high_altitude_hover,Yaw,bias,W20_N5_mean1.5x,/home/tchowdh4/sensor_recovery_project/prediction_results_v9_trained_hybrid/baseline_02_high_altitude_hover_ATT_trained_hybrid_prediction_outputs.csv,Yaw_hybrid_prediction
24.699283,0,352.6241455078125,352.6241455078125,352.3843704223633,0.239775085449196,0.239775085449196,0.010773,1,20.0,0.25764205932614176,1,1,1,baseline_02_high_altitude_hover,Yaw,bias,W20_N5_mean1.5x,/home/tchowdh4/sensor_recovery_project/prediction_results_v9_trained_hybrid/baseline_02_high_altitude_hover_ATT_trained_hybrid_prediction_outputs.csv,Yaw_hybrid_prediction
24.799243,0,352.61932373046875,352.61932373046875,352.3855117797852,0.23381195068355964,0.23381195068355964,0.010773,1,20.0,0.2556615447997729,1,1,1,baseline_02_high_altitude_hover,Yaw,bias,W20_N5_mean1.5x,/home/tchowdh4/sensor_recovery_project/prediction_results_v9_trained_hybrid/baseline_02_high_altitude_hover_ATT_trained_hybrid_prediction_outputs.csv,Yaw_hybrid_prediction
24.899203,0,352.6160888671875,352.6160888671875,352.38667449951174,0.2294143676757585,0.2294143676757585,0.010773,1,20.0,0.25370819091793917,1,1,1,baseline_02_high_altitude_hover,Yaw,bias,W20_N5_mean1.5x,/home/tchowdh4/sensor_recovery_project/prediction_results_v9_trained_hybrid/baseline_02_high_altitude_hover_ATT_trained_hybrid_prediction_outputs.csv,Yaw_hybrid_prediction
24.999996,0,352.6134948730469,352.6134948730469,352.3879531860352,0.22554168701168464,0.22554168701168464,0.010773,1,20.0,0.25188758850094645,1,1,1,baseline_02_high_altitude_hover,Yaw,bias,W20_N5_mean1.5x,/home/tchowdh4/sensor_recovery_project/prediction_results_v9_trained_hybrid/baseline_02_high_altitude_hover_ATT_trained_hybrid_prediction_outputs.csv,Yaw_hybrid_prediction
25.099956,0,352.61065673828125,352.61065673828125,352.3891601562499,0.2214965820313637,0.2214965820313637,0.010773,1,20.0,0.2501992034911865,1,1,1,baseline_02_high_altitude_hover,Yaw,bias,W20_N5_mean1.5x,/home/tchowdh4/sensor_recovery_project/prediction_results_v9_trained_hybrid/baseline_02_high_altitude_hover_ATT_trained_hybrid_prediction_outputs.csv,Yaw_hybrid_prediction
25.199916,0,352.60565185546875,352.60565185546875,352.3904251098634,0.2152267456053778,0.2152267456053778,0.010773,1,20.0,0.24847396850583153,1,1,1,baseline_02_high_altitude_hover,Yaw,bias,W20_N5_mean1.5x,/home/tchowdh4/sensor_recovery_project/prediction_results_v9_trained_hybrid/baseline_02_high_altitude_hover_ATT_trained_hybrid_prediction_outputs.csv,Yaw_hybrid_prediction
25.299876,0,352.6025085449219,352.6025085449219,352.391764831543,0.21074371337886078,0.21074371337886078,0.010773,1,20.0,0.2464883422851301,1,1,1,baseline_02_high_altitude_hover,Yaw,bias,W20_N5_mean1.5x,/home/tchowdh4/sensor_recovery_project/prediction_results_v9_trained_hybrid/baseline_02_high_altitude_hover_ATT_trained_hybrid_prediction_outputs.csv,Yaw_hybrid_prediction
25.399836,0,352.6029968261719,352.6029968261719,352.3932983398438,0.20969848632807953,0.20969848632807953,0.010773,1,20.0,0.24427856445309715,1,1,1,baseline_02_high_altitude_hover,Yaw,bias,W20_N5_mean1.5x,/home/tchowdh4/sensor_recovery_project/prediction_results_v9_trained_hybrid/baseline_02_high_altitude_hover_ATT_trained_hybrid_prediction_outputs.csv,Yaw_hybrid_prediction
25.499796,0,352.6041259765625,352.6041259765625,352.3948516845703,0.2092742919921875,0.2092742919921875,0.010773,1,20.0,0.2419020843505592,1,1,1,baseline_02_high_altitude_hover,Yaw,bias,W20_N5_mean1.5x,/home/tchowdh4/sensor_recovery_project/prediction_results_v9_trained_hybrid/baseline_02_high_altitude_hover_ATT_trained_hybrid_prediction_outputs.csv,Yaw_hybrid_prediction
25.599756,0,352.6075744628906,352.6075744628906,352.3965545654297,0.21101989746091476,0.21101989746091476,0.010773,1,20.0,0.23962821960446662,1,1,1,baseline_02_high_altitude_hover,Yaw,bias,W20_N5_mean1.5x,/home/tchowdh4/sensor_recovery_project/prediction_results_v9_trained_hybrid/baseline_02_high_altitude_hover_ATT_trained_hybrid_prediction_outputs.csv,Yaw_hybrid_prediction
25.699716,0,352.6101379394531,352.6101379394531,352.3980255126953,0.2121124267578125,0.2121124267578125,0.010773,1,20.0,0.2373418426513439,1,1,1,baseline_02_high_altitude_hover,Yaw,bias,W20_N5_mean1.5x,/home/tchowdh4/sensor_recovery_project/prediction_results_v9_trained_hybrid/baseline_02_high_altitude_hover_ATT_trained_hybrid_prediction_outputs.csv,Yaw_hybrid_prediction
25.799676,0,352.60968017578125,352.60968017578125,352.39963989257814,0.21004028320311363,0.21004028320311363,0.010773,1,20.0,0.2348825073241983,1,1,1,baseline_02_high_altitude_hover,Yaw,bias,W20_N5_mean1.5x,/home/tchowdh4/sensor_recovery_project/prediction_results_v9_trained_hybrid/baseline_02_high_altitude_hover_ATT_trained_hybrid_prediction_outputs.csv,Yaw_hybrid_prediction
25.899636,0,352.607421875,352.607421875,352.4013153076172,0.20610656738278976,0.20610656738278976,0.010773,1,20.0,0.2320826721191196,1,1,1,baseline_02_high_altitude_hover,Yaw,bias,W20_N5_mean1.5x,/home/tchowdh4/sensor_recovery_project/prediction_results_v9_trained_hybrid/baseline_02_high_altitude_hover_ATT_trained_hybrid_prediction_outputs.csv,Yaw_hybrid_prediction
25.999596,0,352.6044006347656,352.6044006347656,352.4028747558594,0.20152587890623863,0.20152587890623863,0.010773,1,20.0,0.22896682739255994,1,1,1,baseline_02_high_altitude_hover,Yaw,bias,W20_N5_mean1.5x,/home/tchowdh4/sensor_recovery_project/prediction_results_v9_trained_hybrid/baseline_02_high_altitude_hover_ATT_trained_hybrid_prediction_outputs.csv,Yaw_hybrid_prediction
26.099556,0,352.60498046875,352.60498046875,352.40446166992183,0.20051879882817047,0.20051879882817047,0.010773,1,20.0,0.22584762573240766,1,1,1,baseline_02_high_altitude_hover,Yaw,bias,W20_N5_mean1.5x,/home/tchowdh4/sensor_recovery_project/prediction_results_v9_trained_hybrid/baseline_02_high_altitude_hover_ATT_trained_hybrid_prediction_outputs.csv,Yaw_hybrid_prediction
26.199516,0,352.6085510253906,352.6085510253906,352.40613708496096,0.20241394042966476,0.20241394042966476,0.010773,1,20.0,0.2228994750976426,1,1,1,baseline_02_high_altitude_hover,Yaw,bias,W20_N5_mean1.5x,/home/tchowdh4/sensor_recovery_project/prediction_results_v9_trained_hybrid/baseline_02_high_altitude_hover_ATT_trained_hybrid_prediction_outputs.csv,Yaw_hybrid_prediction
26.299476,0,352.6103515625,352.6103515625,352.4076522827149,0.20269927978512214,0.20269927978512214,0.010773,1,20.0,0.2199808502197101,1,1,1,baseline_02_high_altitude_hover,Yaw,bias,W20_N5_mean1.5x,/home/tchowdh4/sensor_recovery_project/prediction_results_v9_trained_hybrid/baseline_02_high_altitude_hover_ATT_trained_hybrid_prediction_outputs.csv,Yaw_hybrid_prediction
26.399436,0,352.6089782714844,352.6089782714844,352.4092971801758,0.19968109130854828,0.19968109130854828,0.010773,1,20.0,0.21705474853513634,1,1,1,baseline_02_high_altitude_hover,Yaw,bias,W20_N5_mean1.5x,/home/tchowdh4/sensor_recovery_project/prediction_results_v9_trained_hybrid/baseline_02_high_altitude_hover_ATT_trained_hybrid_prediction_outputs.csv,Yaw_hybrid_prediction
26.499396,0,352.6068115234375,352.6068115234375,352.4109588623047,0.19585266113278976,0.19585266113278976,0.010773,1,20.0,0.21418731689451248,1,1,1,baseline_02_high_altitude_hover,Yaw,bias,W20_N5_mean1.5x,/home/tchowdh4/sensor_recovery_project/prediction_results_v9_trained_hybrid/baseline_02_high_altitude_hover_ATT_trained_hybrid_prediction_outputs.csv,Yaw_hybrid_prediction
26.599356,0,352.60552978515625,352.60552978515625,352.41273956298835,0.19279022216790054,0.19279022216790054,0.010773,1,20.0,0.21148719787595666,1,1,1,baseline_02_high_altitude_hover,Yaw,bias,W20_N5_mean1.5x,/home/tchowdh4/sensor_recovery_project/prediction_results_v9_trained_hybrid/baseline_02_high_altitude_hover_ATT_trained_hybrid_prediction_outputs.csv,Yaw_hybrid_prediction
26.699316,0,352.6070861816406,352.6070861816406,352.4144348144532,0.19265136718740905,0.19265136718740905,0.010773,1,20.0,0.20913101196286732,1,1,1,baseline_02_high_altitude_hover,Yaw,bias,W20_N5_mean1.5x,/home/tchowdh4/sensor_recovery_project/prediction_results_v9_trained_hybrid/baseline_02_high_altitude_hover_ATT_trained_hybrid_prediction_outputs.csv,Yaw_hybrid_prediction
26.799276,0,352.61102294921875,352.61102294921875,352.4157897949219,0.19523315429682953,0.19523315429682953,0.010773,1,20.0,0.2072020721435308,1,1,1,baseline_02_high_altitude_hover,Yaw,bias,W20_N5_mean1.5x,/home/tchowdh4/sensor_recovery_project/prediction_results_v9_trained_hybrid/baseline_02_high_altitude_hover_ATT_trained_hybrid_prediction_outputs.csv,Yaw_hybrid_prediction
26.899236,0,352.6136169433594,352.6136169433594,352.4177413940429,0.1958755493164972,0.1958755493164972,0.010773,1,20.0,0.20552513122556776,1,1,1,baseline_02_high_altitude_hover,Yaw,bias,W20_N5_mean1.5x,/home/tchowdh4/sensor_recovery_project/prediction_results_v9_trained_hybrid/baseline_02_high_altitude_hover_ATT_trained_hybrid_prediction_outputs.csv,Yaw_hybrid_prediction
26.999196,0,352.6140441894531,352.6140441894531,352.4194976806641,0.19454650878901703,0.19454650878901703,0.010773,1,20.0,0.20397537231443436,1,1,1,baseline_02_high_altitude_hover,Yaw,bias,W20_N5_mean1.5x,/home/tchowdh4/sensor_recovery_project/prediction_results_v9_trained_hybrid/baseline_02_high_altitude_hover_ATT_trained_hybrid_prediction_outputs.csv,Yaw_hybrid_prediction
27.099989,0,352.6148986816406,352.6148986816406,352.42100219726564,0.19389648437498863,0.19389648437498863,0.010773,1,20.0,0.2025953674316156,1,1,1,baseline_02_high_altitude_hover,Yaw,bias,W20_N5_mean1.5x,/home/tchowdh4/sensor_recovery_project/prediction_results_v9_trained_hybrid/baseline_02_high_altitude_hover_ATT_trained_hybrid_prediction_outputs.csv,Yaw_hybrid_prediction
27.199949,0,352.6161804199219,352.6161804199219,352.4227661132812,0.19341430664064774,0.19341430664064774,0.010773,1,20.0,0.2015047454833791,1,1,1,baseline_02_high_altitude_hover,Yaw,bias,W20_N5_mean1.5x,/home/tchowdh4/sensor_recovery_project/prediction_results_v9_trained_hybrid/baseline_02_high_altitude_hover_ATT_trained_hybrid_prediction_outputs.csv,Yaw_hybrid_prediction
27.299909,0,352.61737060546875,352.61737060546875,352.4246078491211,0.1927627563476335,0.1927627563476335,0.010773,1,20.0,0.20060569763181774,1,1,1,baseline_02_high_altitude_hover,Yaw,bias,W20_N5_mean1.5x,/home/tchowdh4/sensor_recovery_project/prediction_results_v9_trained_hybrid/baseline_02_high_altitude_hover_ATT_trained_hybrid_prediction_outputs.csv,Yaw_hybrid_prediction
27.399869,0,352.6165771484375,352.6165771484375,352.4264083862305,0.1901687622070085,0.1901687622070085,0.010773,1,20.0,0.1996292114257642,1,1,1,baseline_02_high_altitude_hover,Yaw,bias,W20_N5_mean1.5x,/home/tchowdh4/sensor_recovery_project/prediction_results_v9_trained_hybrid/baseline_02_high_altitude_hover_ATT_trained_hybrid_prediction_outputs.csv,Yaw_hybrid_prediction
27.499829,0,352.6163024902344,352.6163024902344,352.428076171875,0.18822631835939774,0.18822631835939774,0.010773,1,20.0,0.1985768127441247,1,1,1,baseline_02_high_altitude_hover,Yaw,bias,W20_N5_mean1.5x,/home/tchowdh4/sensor_recovery_project/prediction_results_v9_trained_hybrid/baseline_02_high_altitude_hover_ATT_trained_hybrid_prediction_outputs.csv,Yaw_hybrid_prediction
27.599789,0,352.6166687011719,352.6166687011719,352.42978515625,0.18688354492189774,0.18688354492189774,0.010773,1,20.0,0.19736999511717385,1,1,1,baseline_02_high_altitude_hover,Yaw,bias,W20_N5_mean1.5x,/home/tchowdh4/sensor_recovery_project/prediction_results_v9_trained_hybrid/baseline_02_high_altitude_hover_ATT_trained_hybrid_prediction_outputs.csv,Yaw_hybrid_prediction
27.699749,0,352.6178283691406,352.6178283691406,352.4316711425781,0.1861572265625,0.1861572265625,0.010773,1,20.0,0.19607223510740823,1,1,1,baseline_02_high_altitude_hover,Yaw,bias,W20_N5_mean1.5x,/home/tchowdh4/sensor_recovery_project/prediction_results_v9_trained_hybrid/baseline_02_high_altitude_hover_ATT_trained_hybrid_prediction_outputs.csv,Yaw_hybrid_prediction
27.799709,0,352.61700439453125,352.61700439453125,352.4332809448242,0.18372344970703125,0.18372344970703125,0.010773,1,20.0,0.19475639343260412,1,1,1,baseline_02_high_altitude_hover,Yaw,bias,W20_N5_mean1.5x,/home/tchowdh4/sensor_recovery_project/prediction_results_v9_trained_hybrid/baseline_02_high_altitude_hover_ATT_trained_hybrid_prediction_outputs.csv,Yaw_hybrid_prediction
27.899669,0,352.6146240234375,352.6146240234375,352.43513641357424,0.1794876098632585,0.1794876098632585,0.010773,1,20.0,0.19342544555662755,1,1,1,baseline_02_high_altitude_hover,Yaw,bias,W20_N5_mean1.5x,/home/tchowdh4/sensor_recovery_project/prediction_results_v9_trained_hybrid/baseline_02_high_altitude_hover_ATT_trained_hybrid_prediction_outputs.csv,Yaw_hybrid_prediction
27.999629,0,352.6138916015625,352.6138916015625,352.4370697021485,0.1768218994139943,0.1768218994139943,0.010773,1,20.0,0.19219024658201533,1,1,1,baseline_02_high_altitude_hover,Yaw,bias,W20_N5_mean1.5x,/home/tchowdh4/sensor_recovery_project/prediction_results_v9_trained_hybrid/baseline_02_high_altitude_hover_ATT_trained_hybrid_prediction_outputs.csv,Yaw_hybrid_prediction
28.099589,0,352.61334228515625,352.61334228515625,352.4387405395508,0.17460174560545738,0.17460174560545738,0.010773,1,20.0,0.19089439392087967,1,1,1,baseline_02_high_altitude_hover,Yaw,bias,W20_N5_mean1.5x,/home/tchowdh4/sensor_recovery_project/prediction_results_v9_trained_hybrid/baseline_02_high_altitude_hover_ATT_trained_hybrid_prediction_outputs.csv,Yaw_hybrid_prediction
28.199549,0,352.61004638671875,352.61004638671875,352.44083404541016,0.16921234130859375,0.16921234130859375,0.010773,1,20.0,0.18923431396482612,1,1,1,baseline_02_high_altitude_hover,Yaw,bias,W20_N5_mean1.5x,/home/tchowdh4/sensor_recovery_project/prediction_results_v9_trained_hybrid/baseline_02_high_altitude_hover_ATT_trained_hybrid_prediction_outputs.csv,Yaw_hybrid_prediction
