t_Roll,Roll_true_future,Roll_trained_ARX_prediction,Roll_naive_prediction,Roll_constant_velocity_prediction,Roll_trained_ARX_error,Roll_naive_error,Roll_cv_error,t_Pitch,Pitch_true_future,Pitch_trained_ARX_prediction,Pitch_naive_prediction,Pitch_constant_velocity_prediction,Pitch_trained_ARX_error,Pitch_naive_error,Pitch_cv_error,t_Yaw,Yaw_true_future,Yaw_trained_ARX_prediction,Yaw_naive_prediction,Yaw_constant_velocity_prediction,Yaw_trained_ARX_error,Yaw_naive_error,Yaw_cv_error
87.799866,0.089874118566513,0.0842545053466234,0.0830745175480842,0.08162073791027061,-0.005619613219889602,-0.0067996010184288025,-0.008253380656242398,87.799866,0.0978524461388588,0.1006492686077301,0.0966960340738296,0.10359374433755869,0.0027968224688713073,-0.0011564120650291998,0.005741298198699896,87.799866,352.6795959472656,352.68633941112734,352.6795959472656,352.6797790527344,0.006743463861710097,0.0,0.00018310546875
87.899826,0.0913623198866844,0.09597428976273156,0.089874118566513,0.09667371958494181,0.004611969876047159,-0.0014882013201713978,0.005311399698257405,87.899826,0.0983441248536109,0.09928666588930171,0.0978524461388588,0.099008858203888,0.0009425410356908165,-0.0004916787147521001,0.0006647333502770997,87.899826,352.6800231933594,352.6886828025223,352.6795959472656,352.6795959472656,0.008659609162918969,-0.00042724609375,-0.00042724609375
87.999786,0.0908022001385688,0.09119259281900738,0.0913623198866844,0.0928505212068558,0.00039039268043858377,0.0005601197481156089,0.0020483210682870068,87.999786,0.0997626185417175,0.09896572364281365,0.0983441248536109,0.098835803568363,-0.0007968948989038466,-0.0014184936881066063,-0.0009268149733545061,87.999786,352.6802673339844,352.6850987466389,352.6800231933594,352.6804504394531,0.0048314126545392355,-0.000244140625,0.00018310546875
88.099746,0.0897838398814201,0.09093244750809491,0.0908022001385688,0.09024208039045319,0.001148607626674819,0.001018360257148701,0.0004582405090330921,88.099746,0.1012795269489288,0.10158652913747525,0.0997626185417175,0.10118111222982411,0.000307002188546443,-0.0015169084072113037,-9.841471910469746e-05,88.099746,352.6805419921875,352.6824583079068,352.6802673339844,352.6805114746094,0.0019163157193133884,-0.000274658203125,-3.0517578125e-05
88.199706,0.0949454680085182,0.09044367789298179,0.0897838398814201,0.08876547962427139,-0.004501790115536419,-0.005161628127098111,-0.006179988384246812,88.199706,0.1073980778455734,0.10228676184052433,0.1012795269489288,0.10279643535614011,-0.005111316005049063,-0.006118550896644592,-0.004601642489433289,88.199706,352.68023681640625,352.6819522442539,352.6805419921875,352.6808166503906,0.0017154278476709806,0.00030517578125,0.000579833984375
88.299666,0.1039979755878448,0.10237207498669643,0.0949454680085182,0.10010709613561632,-0.0016259006011483668,-0.009052507579326588,-0.0038908794522284768,88.299666,0.1132301911711692,0.11356391000033988,0.1073980778455734,0.11351662874221799,0.0003337188291706872,-0.0058321133255958,0.0002864375710487921,88.299666,352.6802062988281,352.6828018764972,352.68023681640625,352.679931640625,0.002595577669069371,3.0517578125e-05,-0.000274658203125
88.399626,0.1058666408061981,0.11100301807654428,0.1039979755878448,0.11305048316717138,0.0051363772703461735,-0.0018686652183533131,0.007183842360973275,88.399626,0.1106106117367744,0.11692974132296838,0.1132301911711692,0.119062304496765,0.006319129586193975,0.002619579434394795,0.008451692759990595,88.399626,352.6789855957031,352.6843460774474,352.6802062988281,352.68017578125,0.005360481744276058,0.001220703125,0.001190185546875
88.499586,0.1038007065653801,0.10287419956684428,0.1058666408061981,0.10773530602455142,-0.0009265069985358171,0.00206593424081801,0.003934599459171323,88.499586,0.1078310906887054,0.1052328664619964,0.1106106117367744,0.10799103230237961,-0.002598224226709009,0.0027795210480690002,0.00015994161367420545,88.499586,352.6776733398437,352.68170321747954,352.6789855957031,352.6777648925781,0.004029877635844059,0.0013122558594318434,9.155273443184342e-05
88.599546,0.1062828749418258,0.10161007145298724,0.1038007065653801,0.10173477232456209,-0.004672803488838556,-0.002482168376445701,-0.004548102617263711,88.599546,0.1072203814983367,0.10613023404846376,0.1078310906887054,0.1050515696406364,-0.0010901474498729302,0.0006107091903687079,-0.0021688118577002924,88.599546,352.6769104003906,352.67690588906817,352.6776733398437,352.67636108398426,-4.51132245871122e-06,0.0007629394530681566,-0.0005493164063636868
88.699506,0.110742799937725,0.10925397081783585,0.1062828749418258,0.1087650433182715,-0.0014888291198891512,-0.0044599249958992004,-0.0019777566194534996,88.699506,0.0993070527911186,0.1084150632092162,0.1072203814983367,0.10660967230796799,0.009108010418097612,0.0079133287072181,0.007302619516849393,88.699506,352.6770935058594,352.67565863066363,352.6769104003906,352.67614746093756,-0.0014348751957413697,-0.00018310546875,-0.0009460449218181566
88.799466,0.1119529604911804,0.11051913944178286,0.110742799937725,0.1152027249336242,-0.0014338210493975434,-0.0012101605534554083,0.003249764442443792,88.799466,0.0919183865189552,0.09322327420192349,0.0993070527911186,0.0913937240839005,0.0013048876829682837,0.007388666272163391,-0.0005246624350547097,88.799466,352.6771850585937,352.67718053499374,352.6770935058594,352.6772766113281,-4.523599955064128e-06,-9.155273431815658e-05,9.155273443184342e-05
88.899426,0.1087266504764556,0.10942087849778973,0.1119529604911804,0.11316312104463581,0.0006942280213341201,0.003226310014724801,0.004436470568180209,88.899426,0.0956774204969406,0.08919262881089508,0.0919183865189552,0.08452972024679181,-0.006484791686045516,-0.003759033977985396,-0.011147700250148787,88.899426,352.6778564453125,352.675245419234,352.6771850585937,352.677276611328,-0.0026110260785117134,-0.0006713867188068434,-0.0005798339844886868
88.999386,0.1111649498343467,0.10662536617244762,0.1087266504764556,0.1055003404617308,-0.004539583661899077,-0.0024382993578910966,-0.0056646093726158975,88.999386,0.1057182848453521,0.10078011472761521,0.0956774204969406,0.099436454474926,-0.004938170117736895,-0.010040864348411505,-0.006281830370426109,88.999386,352.67828369140625,352.67389884958635,352.6778564453125,352.6785278320313,-0.004384841819899066,-0.00042724609375,0.0002441406250568434
89.099346,0.1112148463726043,0.11493768171338005,0.1111649498343467,0.1136032491922378,0.0037228353407757486,-4.989653825759888e-05,0.0023884028196334978,89.099346,0.1123903319239616,0.11279350602285132,0.1057182848453521,0.11575914919376361,0.000403174098889722,-0.006672047078609494,0.0033688172698020102,89.099346,352.67877197265625,352.6801291697977,352.67828369140625,352.6787109375,0.0013571971414307882,-0.00048828125,-6.103515625e-05
89.199306,0.1025308221578598,0.10910456846897477,0.1112148463726043,0.1112647429108619,0.006573746311114972,0.008684024214744498,0.008733920753002097,89.199306,0.1066533103585243,0.11219295835885623,0.1123903319239616,0.11906237900257109,0.005539648000331937,0.005737021565437303,0.012409068644046797,89.199306,352.67926025390625,352.68504444207537,352.67877197265625,352.67926025390625,0.005784188169116078,-0.00048828125,0.0
89.299266,0.0927897691726684,0.09099388322180632,0.1025308221578598,0.0938467979431153,-0.0017958859508620806,0.0097410529851914,0.0010570287704469022,89.299266,0.1042597591876983,0.09515634214948661,0.1066533103585243,0.10091628879308699,-0.009103417038211686,0.002393551170826,-0.003343470394611303,89.299266,352.6794128417969,352.6848511710079,352.67926025390625,352.67974853515625,0.00543832921101739,-0.000152587890625,0.000335693359375
89.399226,0.0880430787801742,0.08750181227861059,0.0927897691726684,0.083048716187477,-0.0005412665015636087,0.004746690392494202,-0.004994362592697199,89.399226,0.1001305431127548,0.10148316702404657,0.1042597591876983,0.1018662080168723,0.0013526239112917754,0.004129216074943501,0.001735664904117501,89.399226,352.6789855957031,352.68209844842363,352.6794128417969,352.6795654296875,0.0031128527205055434,0.00042724609375,0.000579833984375
89.500019,0.0841159597039222,0.08554325272638805,0.0880430787801742,0.08329638838768,0.0014272930224658448,0.0039271190762519975,-0.0008195713162422041,89.500019,0.0928360596299171,0.09491718338243028,0.1001305431127548,0.0960013270378113,0.002081123752513181,0.007294483482837691,0.00316526740789419,89.500019,352.67987060546875,352.6826601232601,352.6789855957031,352.6785583496094,0.0027895177913705993,-0.000885009765625,-0.001312255859375
89.599979,0.0811064913868904,0.08038337245117563,0.0841159597039222,0.0801888406276702,-0.0007231189357147644,0.003009468317031805,-0.0009176507592201927,89.599979,0.0883872359991073,0.08572669229962349,0.0928360596299171,0.08554157614707941,-0.0026605436994838194,0.004448823630809798,-0.002845659852027893,89.599979,352.680908203125,352.68514044141347,352.67987060546875,352.6807556152344,0.004232238288466306,-0.00103759765625,-0.000152587890625
89.699939,0.0784969180822372,0.07955019770813407,0.0811064913868904,0.07809702306985859,0.0010532796258968663,0.0026095733046531955,-0.00039989501237860936,89.699939,0.0845543965697288,0.08594479092711094,0.0883872359991073,0.08393841236829751,0.001390394357382141,0.0038328394293785095,-0.0006159842014312883,89.699939,352.6820068359375,352.68590647343717,352.680908203125,352.68194580078125,0.003899637499671371,-0.0010986328125,-6.103515625e-05
89.799899,0.0763797014951706,0.07702551754213466,0.0784969180822372,0.075887344777584,0.000645816046964065,0.0021172165870666088,-0.0004923567175865867,89.799899,0.0816793516278266,0.08129907711186879,0.0845543965697288,0.08072155714035029,-0.00038027451595780415,0.0028750449419022023,-0.0009577944874763072,89.799899,352.6826171875,352.6875599038518,352.6820068359375,352.68310546875,0.004942716351820309,-0.0006103515625,0.00048828125
89.899859,0.0746227875351905,0.07572761221121402,0.0763797014951706,0.07426248490810398,0.0011048246760235192,0.0017569139599800943,-0.0003603026270865145,89.899859,0.0793782100081443,0.0795643600827158,0.0816793516278266,0.07880430668592439,0.0001861500745714978,0.002301141619682298,-0.0005739033222199041,89.899859,352.6830749511719,352.68918369888434,352.6826171875,352.6832275390625,0.006108747712460172,-0.000457763671875,0.000152587890625
89.999819,0.0733828917145729,0.0738372030770803,0.0746227875351905,0.0728658735752104,0.000454311362507398,0.0012398958206175925,-0.0005170181393625017,89.999819,0.0776069685816764,0.0774529824063648,0.0793782100081443,0.077077068388462,-0.00015398617531159342,0.0017712414264678955,-0.0005299001932144026,89.999819,352.683349609375,352.69002713875955,352.6830749511719,352.68353271484375,0.006677529384546688,-0.000274658203125,0.00018310546875
90.099779,0.0722541511058807,0.075556899641635,0.0733828917145729,0.07214299589395531,0.00330274853575431,0.0011287406086922108,-0.00011115521192538169,90.099779,0.0760743990540504,0.07132848037848946,0.0776069685816764,0.0758357271552085,-0.004745918675560942,0.001532569527625996,-0.00023867189884189954,90.099779,352.6836853027344,352.690792154268,352.683349609375,352.6836242675781,0.0071068515336492055,-0.000335693359375,-6.103515625e-05
90.199739,0.0730754062533378,0.07544419319476223,0.0722541511058807,0.07112541049718848,0.0023687869414244223,-0.0008212551474571089,-0.0019499957561493197,90.199739,0.0748238041996955,0.06857918876054396,0.0760743990540504,0.07454182952642441,-0.0062446154391515435,0.0012505948543549,-0.00028197467327109593,90.199739,352.6839599609375,352.6915262949362,352.6836853027344,352.68402099609375,0.007566333998681785,-0.000274658203125,6.103515625e-05
90.299699,0.0819636061787605,0.07777131748724396,0.0730754062533378,0.07389666140079491,-0.004192288691516541,-0.008888199925422696,-0.008066944777965587,90.299699,0.0711250379681587,0.06754852224384976,0.0748238041996955,0.0735732093453406,-0.0035765157243089346,0.0036987662315368097,0.0024481713771819097,90.299699,352.6839904785156,352.69251063556453,352.6839599609375,352.6842346191406,0.008520157048906185,-3.0517578125e-05,0.000244140625
90.399659,0.0886396318674087,0.09029389320032302,0.0819636061787605,0.0908518061041832,0.0016542613329143252,-0.006676025688648196,0.0022121742367745,90.399659,0.0538793094456195,0.0661331015910186,0.0711250379681587,0.06742627173662188,0.012253792145399095,0.017245728522539194,0.013546962291002385,90.399659,352.6830139160156,352.69492039893305,352.6839904785156,352.68402099609375,0.01190648291742491,0.0009765625,0.001007080078125
90.499619,0.0910035520792007,0.0877102562378733,0.0886396318674087,0.09531565755605689,-0.0032932958413273983,-0.002363920211792006,0.00431210547685619,90.499619,0.0368943326175212,0.03771366430119093,0.0538793094456195,0.036633580923080306,0.0008193316836697245,0.016984976828098297,-0.0002607516944408972,90.499619,352.6794128417969,352.69255771116565,352.6830139160156,352.6820373535156,0.013144869368773016,0.00360107421875,0.00262451171875
90.599579,0.0925689935684204,0.0886509800496806,0.0910035520792007,0.09336747229099271,-0.003918013518739799,-0.0015654414892196933,0.0007984787225723128,90.599579,0.0295652784407138,0.02865488177745054,0.0368943326175212,0.019909355789422906,-0.0009103966632632576,0.0073290541768074036,-0.009655922651290894,90.599579,352.67694091796875,352.6836796004141,352.6794128417969,352.6758117675781,0.006738682445359245,0.002471923828125,-0.001129150390625
90.699539,0.0977990701794624,0.09258457471047206,0.0925689935684204,0.09413443505764009,-0.005214495468990346,-0.005230076611042009,-0.0036646351218223155,90.699539,0.0309708472341299,0.030304732568678376,0.0295652784407138,0.022236224263906396,-0.0006661146654515226,-0.0014055687934160996,-0.008734622970223503,90.699539,352.67828369140625,352.67824977298176,352.67694091796875,352.6744689941406,-3.3918424492185295e-05,-0.0013427734375,-0.003814697265625
90.799499,0.1026934534311294,0.10263603368042803,0.0977990701794624,0.10302914679050441,-5.741975070136518e-05,-0.004894383251666995,0.0003356933593750139,90.799499,0.0356286205351352,0.03642870023635464,0.0309708472341299,0.032376416027546,0.0008000797012194388,-0.004657773301005301,-0.0032522045075892014,90.799499,352.6822204589844,352.68310161942696,352.67828369140625,352.67962646484375,0.0008811604425886799,-0.003936767578125,-0.002593994140625
90.899459,0.1073780208826065,0.10537605541468695,0.1026934534311294,0.1075878366827964,-0.0020019654679195586,-0.004684567451477106,0.00020981580018988866,90.899459,0.0359779335558414,0.03996426498906703,0.0356286205351352,0.0402863938361405,0.003986331433225632,-0.0003493130207061976,0.0043084602802991034,90.899459,352.6837158203125,352.6904512861291,352.6822204589844,352.6861572265625,0.00673546581657547,-0.001495361328125,0.00244140625
90.999419,0.107131540775299,0.1073087374397194,0.1073780208826065,0.11206258833408361,0.00017719666442039816,0.00024648010730750347,0.00493104755878461,90.999419,0.0372731871902942,0.03776639955372728,0.0359779335558414,0.036327246576547595,0.0004932123634330751,-0.001295253634452806,-0.0009459406137466084,90.999419,352.6810607910156,352.693843692151,352.6837158203125,352.6852111816406,0.012782901135381053,0.002655029296875,0.004150390625
91.099379,0.111316941678524,0.1036022037340041,0.107131540775299,0.1068850606679915,-0.007714737944519906,-0.004185400903225001,-0.004431881010532504,91.099379,0.0507669448852539,0.04096650129320895,0.0372731871902942,0.03856844082474701,-0.009800443592044947,-0.013493757694959696,-0.01219850406050689,91.099379,352.6781616210937,352.6886674258156,352.6810607910156,352.67840576171875,0.010505804721901768,0.0028991699219318434,0.0002441406250568434
91.199339,0.1144104897975921,0.11602319761816501,0.111316941678524,0.115502342581749,0.00161270782057292,-0.0030935481190680902,0.0010918527841569103,91.199339,0.0602635294198989,0.0668877399542115,0.0507669448852539,0.0642607025802136,0.0066242105343126065,-0.009496584534644997,0.003997173160314706,91.199339,352.6781616210937,352.6859916837845,352.6781616210937,352.67526245117176,0.007830062690800332,0.0,-0.0028991699219318434
91.299299,0.1106223762035369,0.11208808714084459,0.1144104897975921,0.11750403791666018,0.0014657109373076849,0.0037881135940551897,0.00688166171312328,91.299299,0.0673166438937187,0.0661228459646712,0.0602635294198989,0.0697601139545439,-0.001193797929047502,-0.007053114473819809,0.0024434700608251952,91.299299,352.68096923828125,352.688905431809,352.6781616210937,352.6781616210937,0.007936193527768864,-0.0028076171875568434,-0.0028076171875568434
91.399259,0.1054132431745529,0.10444224792332332,0.1106223762035369,0.10683426260948171,-0.0009709952512295811,0.0052091330289840004,0.0014210194349288108,91.399259,0.0671980232000351,0.07034223070369777,0.0673166438937187,0.07436975836753851,0.003144207503662677,0.00011862069368361039,0.0071717351675034124,91.399259,352.6835327148437,352.69130703440896,352.68096923828125,352.6837768554688,0.007774319565271526,-0.0025634765624431566,0.00024414062511368684
91.499219,0.093861810863018,0.09911239417622776,0.1054132431745529,0.1002041101455689,0.005250583313209767,0.01155143231153491,0.006342299282550909,91.499219,0.0643348395824432,0.0652021559110541,0.0671980232000351,0.06707940250635148,0.0008673163286109092,0.0028631836175918995,0.002744562923908289,91.499219,352.682373046875,352.69213148173344,352.6835327148437,352.68609619140614,0.009758434858440523,0.0011596679686931566,0.003723144531136313
91.600012,0.0824704319238662,0.08099857657888501,0.093861810863018,0.08231037855148308,-0.0014718553449811905,0.011391378939151792,-0.00016005337238311768,91.600012,0.0801054984331131,0.06418047892611026,0.0643348395824432,0.061471655964851296,-0.01592501950700284,-0.015770658850669902,-0.018633842468261802,91.600012,352.6786804199219,352.6872391525876,352.682373046875,352.6812133789063,0.00855873266573326,0.003692626953125,0.0025329589844318434
91.699972,0.078413188457489,0.07793533244054568,0.0824704319238662,0.07107905298471441,-0.00047785601694332047,0.004057243466377203,-0.007334135472774589,91.699972,0.0880478993058204,0.09637808597047638,0.0801054984331131,0.095876157283783,0.008330186664655986,-0.007942400872707298,0.007828257977962605,91.699972,352.67706298828125,352.6823384555206,352.6786804199219,352.67498779296875,0.0052754672393575675,0.001617431640625,-0.0020751953125
91.799932,0.0736467689275741,0.07405862979266875,0.078413188457489,0.0743559449911118,0.0004118608650946487,0.004766419529914898,0.0007091760635376948,91.799932,0.0932709500193595,0.09028360376468583,0.0880478993058204,0.0959903001785277,-0.002987346254673673,-0.00522305071353911,0.002719350159168188,91.799932,352.67901611328125,352.6886891758102,352.67706298828125,352.6754455566406,0.009673062528975152,-0.001953125,-0.003570556640625
91.899892,0.0668490529060363,0.06836189626262595,0.0736467689275741,0.0688803493976592,0.0015128433565896604,0.0067977160215378085,0.002031296491622911,91.899892,0.0952100381255149,0.09516620710189458,0.0932709500193595,0.09849400073289862,-4.3831023620322096e-05,-0.0019390881061553955,0.003283962607383714,91.899892,352.6827697753906,352.6931433337139,352.67901611328125,352.68096923828125,0.010373558323294674,-0.003753662109375,-0.001800537109375
91.999852,0.0572993606328964,0.06039307038913213,0.0668490529060363,0.060051336884498485,0.003093709756235727,0.009549692273139891,0.0027519762516020826,91.999852,0.0925898700952529,0.09412524686571873,0.0952100381255149,0.0971491262316703,0.001535376770465835,0.0026201680302620073,0.004559256136417403,91.999852,352.6835632324219,352.6945211863308,352.6827697753906,352.6865234375,0.010957953908928175,-0.00079345703125,0.002960205078125
92.099812,0.0510954335331916,0.049251205748097285,0.0572993606328964,0.04774966835975651,-0.0018442277850943128,0.006203927099704805,-0.0033457651734350863,92.099812,0.0903819352388382,0.08729870325058853,0.0925898700952529,0.08996970206499089,-0.0030832319882496684,0.0022079348564146978,-0.0004122331738473095,92.099812,352.6807556152344,352.69398324576866,352.6835632324219,352.6843566894531,0.013227630534288437,0.0028076171875,0.00360107421875
92.199772,0.0495954900979995,0.04862576123994372,0.0510954335331916,0.04489150643348679,-0.0009697288580557822,0.0014999434351920943,-0.004703983664512711,92.199772,0.0872771814465522,0.08827448439780484,0.0903819352388382,0.0881740003824235,0.0009973029512526516,0.0031047537922860025,0.0008968189358713047,92.199772,352.6761779785156,352.69122093493667,352.6807556152344,352.6779479980469,0.015042956421041254,0.00457763671875,0.00177001953125
92.299732,0.0428208410739898,0.04973940010333042,0.0495954900979995,0.04809554666280741,0.006918559029340618,0.006774649024009705,0.00527470558881761,92.299732,0.0859280154109001,0.08451251235579574,0.0872771814465522,0.08417242765426619,-0.001415503055104364,0.0013491660356520913,-0.0017555877566339112,92.299732,352.67462158203125,352.6877959798498,352.6761779785156,352.6716003417969,0.013174397818545458,0.001556396484375,-0.003021240234375
92.399692,0.0393819361925125,0.03863986915140788,0.0428208410739898,0.036046192049980094,-0.0007420670411046187,0.0034389048814773004,-0.003335744142532404,92.399692,0.0794917345046997,0.08219327655334371,0.0859280154109001,0.08457884937524801,0.0027015420486440206,0.006436280906200409,0.005087114870548318,92.399692,352.6766662597656,352.6848362596346,352.67462158203125,352.6730651855469,0.008169999868982813,-0.002044677734375,-0.00360107421875
92.499652,0.0493693612515926,0.03844151930800366,0.0393819361925125,0.0359430313110352,-0.010927841943588944,-0.009987425059080103,-0.013426329940557404,92.499652,0.078794464468956,0.07214635686142618,0.0794917345046997,0.07305545359849928,-0.0066481076075298184,0.0006972700357436995,-0.0057390108704567094,92.499652,352.6803894042969,352.688157299879,352.6766662597656,352.6787109375,0.007767895582105666,-0.00372314453125,-0.001678466796875
92.599612,0.0580238327383995,0.06318253290189031,0.0493693612515926,0.059356786310672704,0.005158700163490813,-0.008654471486806897,0.0013329535722732058,92.599612,0.0739291831851005,0.08175069562471421,0.078794464468956,0.0780971944332123,0.00782151243961371,0.004865281283855494,0.004168011248111794,92.599612,352.681396484375,352.69366790315803,352.6803894042969,352.6841125488281,0.01227141878302973,-0.001007080078125,0.002716064453125
92.699572,0.0650695189833641,0.06224642094211097,0.0580238327383995,0.0666783042252064,-0.002823098041253136,-0.0070456862449646065,0.0016087852418422977,92.699572,0.0758773237466812,0.06900466924389013,0.0739291831851005,0.069063901901245,-0.006872654502791065,-0.0019481405615806996,-0.006813421845436193,92.699572,352.67901611328125,352.6932138008377,352.681396484375,352.6824035644531,0.014197687556475103,0.00238037109375,0.003387451171875
92.799532,0.0723325237631797,0.07062535923419559,0.0650695189833641,0.0721152052283287,-0.0017071645289841036,-0.0072630047798155906,-0.00021731853485099095,92.799532,0.0781678110361099,0.08017366329338566,0.0758773237466812,0.0778254643082619,0.0020058522572757587,-0.002290487289428697,-0.00034234672784799747,92.799532,352.6778259277344,352.6897540123446,352.67901611328125,352.6766357421875,0.01192808461024697,0.001190185546875,-0.001190185546875
92.899492,0.0794156640768051,0.07670974580643414,0.0723325237631797,0.07959552854299529,-0.0027059182703709633,-0.007083140313625405,0.00017986446619018548,92.899492,0.078307569026947,0.07995350475031056,0.0781678110361099,0.0804582983255386,0.0016459357233635646,-0.00013975799083709717,0.0021507292985916,92.899492,352.6802062988281,352.689021034216,352.6778259277344,352.6766357421875,0.008814735387886685,-0.00238037109375,-0.003570556640625
92.999452,0.0819942653179168,0.08258640723958657,0.0794156640768051,0.0864988043904305,0.0005921419216697726,-0.0025786012411117,0.004504539072513705,92.999452,0.0794692412018776,0.07840553939408268,0.078307569026947,0.07844732701778409,-0.0010637018077949145,-0.0011616721749306003,-0.001021914184093503,92.999452,352.6832275390625,352.6923140336883,352.6802062988281,352.6825866699219,0.009086494625819341,-0.003021240234375,-0.000640869140625
93.099412,0.0806127339601516,0.08221249274317029,0.0819942653179168,0.0845728665590285,0.0015997587830186843,0.0013815313577651978,0.003960132598876898,93.099412,0.074503593146801,0.07989814141463153,0.0794692412018776,0.0806309133768082,0.0053945482678305345,0.004965648055076599,0.006127320230007199,93.099412,352.68280029296875,352.69298030649776,352.6832275390625,352.6862487792969,0.010180013529009102,0.00042724609375,0.003448486328125
93.199372,0.0771613717079162,0.07649231230462687,0.0806127339601516,0.0792312026023864,-0.0006690594032893321,0.0034513622522353987,0.002069830894470201,93.199372,0.0731958374381065,0.06913794233015765,0.074503593146801,0.0695379450917244,-0.00405789510794885,0.0013077557086944996,-0.0036578923463820995,93.199372,352.67889404296875,352.6912588351868,352.68280029296875,352.682373046875,0.012364792218022558,0.00390625,0.00347900390625
93.299332,0.0807346031069755,0.07528853037675896,0.0771613717079162,0.0737100094556808,-0.005446072730216536,-0.0035732313990592957,-0.007024593651294694,93.299332,0.0751130655407905,0.07344093362699819,0.0731958374381065,0.071888081729412,-0.001672131913792313,-0.0019172281026840071,-0.0032249838113785068,93.299332,352.6761779785156,352.6855822426085,352.67889404296875,352.67498779296875,0.0094042640928933,0.002716064453125,-0.001190185546875
93.399292,0.0875733569264411,0.08516481703794193,0.0807346031069755,0.0843078345060348,-0.0024085398884991643,-0.006838753819465596,-0.0032655224204063,93.399292,0.0753235965967178,0.07838219789778392,0.0751130655407905,0.07703029364347451,0.0030586013010661106,-0.00021053105592730437,0.0017066970467567028,93.399292,352.6773376464844,352.68464850881463,352.6761779785156,352.6734619140625,0.0073108623302573505,-0.00115966796875,-0.003875732421875
93.499252,0.0901307389140129,0.09088852476552448,0.0875733569264411,0.09441211074590669,0.0007577858515115804,-0.0025573819875717996,0.004281371831893796,93.499252,0.0734230354428291,0.07587466923930947,0.0753235965967178,0.07553412765264511,0.0024516337964803625,0.0019005611538887024,0.0021110922098160068,93.499252,352.6817626953125,352.688160831485,352.6773376464844,352.6784973144531,0.006398136172492741,-0.004425048828125,-0.003265380859375
93.599212,0.0844927355647087,0.08861353222134247,0.0901307389140129,0.0926881209015847,0.004120796656633771,0.005638003349304199,0.008195385336875999,93.599212,0.0723421350121498,0.07190668245094209,0.0734230354428291,0.0715224742889404,-0.00043545256120770814,0.0010809004306793074,-0.000819660723209395,93.599212,352.6842956542969,352.6912024421485,352.6817626953125,352.6861877441406,0.006906787851619356,-0.002532958984375,0.00189208984375
93.700005,0.0836709812283515,0.0787325957127587,0.0844927355647087,0.0788547322154045,-0.004938385515592794,0.0008217543363572,-0.004816249012946999,93.700005,0.0726459249854087,0.07043397078133024,0.0723421350121498,0.07126123458147049,-0.0022119542040784645,-0.0003037899732589028,-0.0013846904039382102,93.700005,352.6831359863281,352.6903790940872,352.6842956542969,352.68682861328125,0.007243107759052236,0.00115966796875,0.003692626953125
93.799965,0.082914613187313,0.08541199281646594,0.0836709812283515,0.0828492268919943,0.002497379629152946,0.0007563680410384993,-6.538629531870066e-05,93.799965,0.0782001689076423,0.07452970572434937,0.0726459249854087,0.0729497149586676,-0.0036704631832929213,-0.005554243922233595,-0.005250453948974693,93.799965,352.6812438964844,352.69045387382045,352.6831359863281,352.6819763183594,0.009209977336070096,0.00189208984375,0.000732421875
93.899925,0.0876796841621398,0.08458030010669272,0.082914613187313,0.0821582451462745,-0.003099384055447074,-0.004765070974826799,-0.005521439015865298,93.899925,0.0849359706044197,0.0828021568765911,0.0782001689076423,0.08375441282987589,-0.0021338137278286012,-0.006735801696777399,-0.0011815577745438038,93.899925,352.6824035644531,352.688651756606,352.6812438964844,352.6793518066406,0.006248192152895626,-0.00115966796875,-0.0030517578125
93.999885,0.0864105373620987,0.09298276630313829,0.0876796841621398,0.0924447551369666,0.006572228941039593,0.0012691468000411016,0.0060342177748679005,93.999885,0.0899768769741058,0.08979798755087451,0.0849359706044197,0.0916717723011971,-0.00017888942323128487,-0.005040906369686099,0.0016948953270913003,93.999885,352.6848449707031,352.6925059459336,352.6824035644531,352.6835632324219,0.007660975230464828,-0.00244140625,-0.00128173828125
94.099845,0.0860941112041473,0.0841954378605748,0.0864105373620987,0.08514139056205759,-0.0018986733435724934,0.0003164261579513966,-0.000952720642089705,94.099845,0.0880296006798744,0.0900710156681116,0.0899768769741058,0.09501778334379189,0.002041414988237192,0.001947276294231387,0.006988182663917486,94.099845,352.6849060058594,352.69407473457403,352.6848449707031,352.6872863769531,0.009168728714655572,-6.103515625e-05,0.00238037109375
94.199805,0.0817033722996711,0.08480763210050485,0.0860941112041473,0.0857776850461959,0.0031042598008337446,0.0043907389044761935,0.004074312746524797,94.199805,0.0865267366170883,0.08457087672924063,0.0880296006798744,0.08608232438564302,-0.0019558598878476746,0.0015028640627861023,-0.00044441223144528474,94.199805,352.6815185546875,352.69409892748,352.6849060058594,352.6849670410156,0.012580372792513117,0.003387451171875,0.003448486328125
94.299765,0.0817740485072135,0.07824495334849488,0.0817033722996711,0.07731263339519491,-0.0035290951587186176,-7.067620754239168e-05,-0.004461415112018585,94.299765,0.0873704776167869,0.08472106553013098,0.0865267366170883,0.0850238725543022,-0.0026494120866559223,-0.0008437409996985973,-0.0023466050624846996,94.299765,352.6772155761719,352.6873108219797,352.6815185546875,352.6781311035156,0.010095245807804076,0.004302978515625,0.00091552734375
94.399725,0.086868792772293,0.08373183007339077,0.0817740485072135,0.08184472471475589,-0.003136962698902221,-0.005094744265079498,-0.005024068057537107,94.399725,0.0867019668221473,0.08907546568440738,0.0873704776167869,0.0882142186164855,0.0023734988622600844,0.0006685107946396013,0.0015122517943381986,94.399725,352.6769714355469,352.6831280861009,352.6772155761719,352.67291259765625,0.006156650554032694,0.000244140625,-0.004058837890625
94.499685,0.090020902454853,0.09019501342559431,0.086868792772293,0.09196353703737249,0.00017411097074131188,-0.0031521096825600087,0.0019426345825194896,94.499685,0.0883393734693527,0.08699580434432926,0.0867019668221473,0.0860334560275077,-0.0013435691250234388,-0.0016374066472053944,-0.0023059174418449957,94.499685,352.6808776855469,352.6848785963344,352.6769714355469,352.6767272949219,0.0040009107875107475,-0.00390625,-0.004150390625
94.599645,0.0838473364710807,0.09101959543911337,0.090020902454853,0.09317301213741301,0.007172258968032669,0.006173565983772306,0.009325675666332314,94.599645,0.0854695960879325,0.09022076573763085,0.0883393734693527,0.08997678011655809,0.00475116964969835,0.002869777381420191,0.004507184028625585,94.599645,352.6842956542969,352.68787029868946,352.6808776855469,352.6847839355469,0.003574644392585924,-0.00341796875,0.00048828125
94.699605,0.080669566988945,0.07598205029695632,0.0838473364710807,0.07767377048730839,-0.004687516691988677,0.0031777694821357033,-0.0029957965016366023,94.699605,0.0935174599289894,0.08019682320993178,0.0854695960879325,0.08259981870651231,-0.013320636719057616,-0.008047863841056893,-0.010917641222477084,94.699605,352.6842956542969,352.6888789869459,352.6842956542969,352.6877136230469,0.004583332649019667,0.0,0.00341796875
94.799565,0.0762093439698219,0.08111474156131333,0.080669566988945,0.07749179750680929,0.004905397591491431,0.004460223019123091,0.001282453536987388,94.799565,0.1058742925524711,0.10620436319899558,0.0935174599289894,0.10156532377004629,0.0003300706465244746,-0.012356832623481709,-0.004308968782424816,94.799565,352.6807861328125,352.68914148568666,352.6842956542969,352.6842956542969,0.008355352874161781,0.003509521484375,0.003509521484375
94.899525,0.074391633272171,0.07289355005109532,0.0762093439698219,0.07174912095069881,-0.0014980832210756828,0.0018177106976508955,-0.0026425123214721957,94.899525,0.1124100312590599,0.11605925547943942,0.1058742925524711,0.11823112517595281,0.0036492242203795128,-0.006535738706588801,0.005821093916892908,94.899525,352.6773681640625,352.6871126851763,352.6807861328125,352.6772766113281,0.009744521113816518,0.00341796875,-9.1552734375e-05
94.999485,0.0759016498923301,0.07255960704517633,0.074391633272171,0.07257392257452011,-0.003342042847153767,-0.0015100166201590937,-0.003327727317809989,94.999485,0.1165276393294334,0.11626451215992054,0.1124100312590599,0.1189457699656487,-0.00026312716951286397,-0.0041176080703734935,0.002418130636215307,94.999485,352.6778564453125,352.68802059183156,352.6773681640625,352.6739501953125,0.010164146519059614,-0.00048828125,-0.00390625
95.099445,0.0748593211174011,0.0776220096555499,0.0759016498923301,0.0774116665124892,0.0027626885381488026,0.001042328774929005,0.0025523453950880987,95.099445,0.1202992871403694,0.1201793290381451,0.1165276393294334,0.12064524739980689,-0.00011995810222430181,-0.003771647810936002,0.00034596025943749165,95.099445,352.6819152832031,352.6880787136298,352.6778564453125,352.6783447265625,0.006163430426681771,-0.004058837890625,-0.003570556640625
95.199405,0.0738461166620254,0.07394891041584412,0.0748593211174011,0.07381699234247209,0.00010279375381871958,0.0010132044553756991,-2.9124319553305855e-05,95.199405,0.124374896287918,0.1220432629122382,0.1202992871403694,0.1240709349513054,-0.0023316333756797925,-0.004075609147548592,-0.0003039613366125904,95.199405,352.68408203125,352.6885877614001,352.6819152832031,352.68597412109375,0.0045057301500719404,-0.002166748046875,0.00189208984375
95.299365,0.0747739821672439,0.07453921651221022,0.0738461166620254,0.0728329122066497,-0.00023476565503367797,-0.0009278655052185059,-0.001941069960594205,95.299365,0.1292710453271865,0.1258796565262935,0.124374896287918,0.1284505054354666,-0.0033913888008930138,-0.0048961490392685075,-0.0008205398917199014,95.299365,352.6822509765625,352.689815326965,352.68408203125,352.6862487792969,0.0075643504025038055,0.0018310546875,0.003997802734375
95.399325,0.0757951736450195,0.07717130064023214,0.0747739821672439,0.07570184767246241,0.0013761269952126398,-0.0010211914777756015,-9.332597255709563e-05,95.399325,0.1228691712021827,0.13139623557318394,0.1292710453271865,0.13416719436645502,0.008527064371001244,0.006401874125003801,0.011298023164272322,95.399325,352.6787414550781,352.6885826528521,352.6822509765625,352.680419921875,0.009841197773994281,0.003509521484375,0.001678466796875
95.499285,0.072436437010765,0.07485477531412581,0.0757951736450195,0.0768163651227951,0.002418338303360801,0.003358736634254497,0.004379928112030099,95.499285,0.1176310554146766,0.11359354587601714,0.1228691712021827,0.1164672970771789,-0.004037509538659459,0.0052381157875061035,-0.0011637583374976973,95.499285,352.6777648925781,352.68568501395407,352.6787414550781,352.67523193359375,0.00792012137594611,0.0009765625,-0.002532958984375
95.599245,0.0743475258350372,0.07214912839823172,0.072436437010765,0.06907770037651051,-0.0021983974368054854,-0.0019110888242721974,-0.005269825458526695,95.599245,0.1124873831868171,0.11215335189947581,0.1176310554146766,0.1123929396271705,-0.0003340312873412882,0.005143672227859497,-9.444355964660645e-05,95.599245,352.6806945800781,352.6803969437964,352.6777648925781,352.6767883300781,-0.0002976362817435074,-0.0029296875,-0.00390625
95.699205,0.0785290971398353,0.0780838406298367,0.0743475258350372,0.0762586146593094,-0.0004452565099986039,-0.0041815713047980985,-0.002270482480525901,95.699205,0.111679196357727,0.11000071750679723,0.1124873831868171,0.1073437109589576,-0.0016784788509297682,0.0008081868290901045,-0.0043354853987693925,95.699205,352.6848449707031,352.6821017002327,352.6806945800781,352.6836242675781,-0.002743270470432435,-0.004150390625,-0.001220703125
95.799998,0.0861895754933357,0.08228800788123582,0.0785290971398353,0.0827106684446334,-0.0039015676120998793,-0.007660478353500394,-0.0034789070487022955,95.799998,0.10531697422266,0.11372232285370762,0.111679196357727,0.11087100952863689,0.008405348631047624,0.006362222135067,0.005554035305976895,95.799998,352.685302734375,352.6864534382874,352.6848449707031,352.6889953613281,0.0011507039124012408,-0.000457763671875,0.003692626953125
95.899958,0.0885767117142677,0.08951666300430364,0.0861895754933357,0.09385005384683609,0.0009399512900359341,-0.002387136220932007,0.005273342132568387,95.899958,0.0989889875054359,0.10047326425399575,0.10531697422266,0.098954752087593,0.0014842767485598457,0.006327986717224093,-3.4235417842906624e-05,95.899958,352.6820678710937,352.6890072493338,352.685302734375,352.6857604980469,0.006939378240133465,0.0032348632813068434,0.0036926269531818434
95.999918,0.0986503586173057,0.0898957004620135,0.0885767117142677,0.09096384793519971,-0.008754658155292194,-0.010073646903037997,-0.00768651068210599,95.999918,0.0974610820412635,0.09289848336763415,0.0989889875054359,0.09266100078821181,-0.004562598673629348,0.001527905464172405,-0.004800081253051688,95.999918,352.67919921875,352.6838202531271,352.6820678710937,352.6788330078124,0.0046210343771235785,0.0028686523436931566,-0.00036621093761368684
96.099878,0.1074359118938446,0.11006324982266273,0.0986503586173057,0.1087240055203437,0.002627337928818127,-0.008785553276538904,0.0012880936264990928,96.099878,0.0936710014939308,0.09741648551724133,0.0974610820412635,0.09593317657709109,0.0037454840233105274,0.0037900805473326943,0.0022621750831602894,96.099878,352.680419921875,352.68175460331616,352.67919921875,352.6763305664063,0.0013346814411647756,-0.001220703125,-0.004089355468693157
96.199838,0.1143324896693229,0.11308208932701881,0.1074359118938446,0.11622146517038351,-0.0012504003423040866,-0.006896577775478294,0.0018889755010606107,96.199838,0.0910546779632568,0.08897557914165176,0.0936710014939308,0.08988092094659811,-0.0020790988216050355,0.0026163235306740085,-0.0011737570166586858,96.199838,352.68292236328125,352.68314005658215,352.680419921875,352.681640625,0.00021769330089682626,-0.00250244140625,-0.00128173828125
96.299798,0.1160974949598312,0.11796176366449272,0.1143324896693229,0.12122906744480119,0.0018642687046615258,-0.001765005290508298,0.005131572484969996,96.299798,0.0859961360692977,0.0907525149785131,0.0910546779632568,0.08843835443258279,0.004756378909215403,0.005058541893959101,0.0024422183632850925,96.299798,352.68316650390625,352.6846625629694,352.68292236328125,352.6854248046875,0.001496059063128996,-0.000244140625,0.00225830078125
96.399758,0.1177360564470291,0.11388740815554249,0.1160974949598312,0.1178625002503395,-0.003848648291486609,-0.0016385614871979037,0.0001264438033103943,96.399758,0.0865086242556572,0.08250635328478777,0.0859961360692977,0.08093759417533859,-0.004002270970869429,-0.0005124881863595027,-0.005571030080318604,96.399758,352.6806945800781,352.68288644687556,352.68316650390625,352.68341064453125,0.002191866797431885,0.002471923828125,0.002716064453125
96.499718,0.1206685453653335,0.11939720361473362,0.1177360564470291,0.119374617934227,-0.001271341750599883,-0.0029324889183044017,-0.001293927431106498,96.499718,0.0887564495205879,0.08960745581697852,0.0865086242556572,0.0870211124420167,0.0008510062963906218,-0.0022478252649306973,-0.0017353370785711947,96.499718,352.679443359375,352.68010569185424,352.6806945800781,352.67822265625,0.0006623324792371932,0.001251220703125,-0.001220703125
96.599678,0.1243603304028511,0.12254306019644347,0.1206685453653335,0.1236010342836379,-0.0018172702064076368,-0.003691785037517603,-0.0007592961192132014,96.599678,0.0902143716812133,0.09066091064720479,0.0887564495205879,0.09100427478551859,0.00044653896599149145,-0.0014579221606254023,0.0007899031043052951,96.599678,352.6818542480469,352.68029730394966,352.679443359375,352.6781921386719,-0.0015569440972171833,-0.002410888671875,-0.003662109375
96.699638,0.119736760854721,0.12604813948919177,0.1243603304028511,0.1280521154403687,0.006311378634470774,0.004623569548130105,0.008315354585647708,96.699638,0.0888912603259086,0.09086757371665735,0.0902143716812133,0.0916722938418387,0.0019763133907487462,0.0013231113553046903,0.0027810335159300925,96.699638,352.6842956542969,352.6845550223668,352.6818542480469,352.68426513671875,0.0002593680699192191,-0.00244140625,-3.0517578125e-05
96.799598,0.119239903986454,0.11338939760107807,0.119736760854721,0.1151131913065909,-0.005850506385375931,0.0004968568682670038,-0.004126712679863101,96.799598,0.0922506228089332,0.08584591910693845,0.0888912603259086,0.08756814897060392,-0.006404703701994752,-0.003359362483024597,-0.004682473838329287,96.799598,352.6837158203125,352.68472546350125,352.6842956542969,352.6867370605469,0.001009643188751852,0.000579833984375,0.003021240234375
96.899558,0.1145873963832855,0.12171651172459118,0.119239903986454,0.11874304711818699,0.0071291153413056835,0.004652507603168501,0.004155650734901498,96.899558,0.0941745862364769,0.09631700006584236,0.0922506228089332,0.0956099852919578,0.002142413829365461,-0.0019239634275436956,0.0014353990554809015,96.899558,352.6803894042969,352.68450821348694,352.6837158203125,352.6831359863281,0.0041188091900608015,0.003326416015625,0.00274658203125
96.999518,0.1080441921949386,0.11014703011504685,0.1145873963832855,0.109934888780117,0.0021028379201082498,0.0065432041883468905,0.0018906965851783891,96.999518,0.0926481485366821,0.09292445325413261,0.0941745862364769,0.0960985496640206,0.0002763047174505068,0.001526437699794797,0.0034504011273384927,96.999518,352.6775817871094,352.6808818725548,352.6803894042969,352.67706298828125,0.003300085445403056,0.0028076171875,-0.000518798828125
97.099478,0.0971089527010917,0.10032778218033998,0.1080441921949386,0.10150098800659171,0.0032188294792482863,0.010935239493846907,0.004392035305500017,97.099478,0.097591646015644,0.09144335826092997,0.0926481485366821,0.0911217108368873,-0.00614828775471403,-0.004943497478961903,-0.0064699351787567,97.099478,352.6771240234375,352.6789599740948,352.6775817871094,352.6747741699219,0.0018359506573233375,0.000457763671875,-0.002349853515625
97.199438,0.0915125682950019,0.08848982071934276,0.0971089527010917,0.08617371320724479,-0.0030227475756591377,0.005596384406089797,-0.005338855087757111,97.199438,0.0979626700282096,0.10283908670057257,0.097591646015644,0.10253514349460591,0.004876416672362965,-0.0003710240125655989,0.004572473466396304,97.199438,352.6795349121094,352.677004738264,352.6771240234375,352.6766662597656,-0.0025301738454004408,-0.002410888671875,-0.00286865234375
97.299398,0.090466171503067,0.08714256112909734,0.0915125682950019,0.0859161838889121,-0.0033236103739696654,0.0010463967919348977,-0.004549987614154899,97.299398,0.0971136018633842,0.09725138879010237,0.0979626700282096,0.0983336940407752,0.0001377869267181614,0.0008490681648253978,0.0012200921773909967,97.299398,352.68072509765625,352.6828758801324,352.6795349121094,352.68194580078125,0.0021507824761783922,-0.001190185546875,0.001220703125
97.399358,0.0887043103575706,0.09069312208494713,0.090466171503067,0.0894197747111321,0.001988811727376527,0.0017618611454963962,0.0007154643535614985,97.399358,0.0979965776205062,0.09718905728506735,0.0971136018633842,0.09626453369855881,-0.0008075203354388494,-0.0008829757571219982,-0.001732043921947396,97.399358,352.67822265625,352.68582478895837,352.68072509765625,352.6819152832031,0.007602132708370846,0.00250244140625,0.003692626953125
97.499318,0.0869743376970291,0.08792967278217909,0.0887043103575706,0.08694244921207421,0.0009553350851499859,0.0017299726605415067,-3.1888484954889496e-05,97.499318,0.099726416170597,0.09886535042289794,0.0979965776205062,0.0988795533776282,-0.0008610657476990496,-0.0017298385500907898,-0.0008468627929687916,97.499318,352.6748352050781,352.68171581512377,352.67822265625,352.67572021484375,0.006880610045641333,0.003387451171875,0.000885009765625
97.599278,0.0782247483730316,0.08676623833482307,0.0869743376970291,0.0852443650364876,0.008541489961791465,0.008749589323997498,0.007019616663455991,97.599278,0.1018167808651924,0.10026249181050417,0.099726416170597,0.10145625472068778,-0.0015542890546882265,-0.0020903646945954063,-0.0003605261445046165,97.599278,352.67559814453125,352.67862751334695,352.6748352050781,352.67144775390625,0.0030293688157030374,-0.000762939453125,-0.004150390625
97.699238,0.0788672566413879,0.07244259150657037,0.0782247483730316,0.0694751590490341,-0.006424665134817528,-0.0006425082683562955,-0.009392097592353793,97.699238,0.1024416983127594,0.09970164717831136,0.1018167808651924,0.1039071455597878,-0.0027400511344480433,-0.000624917447567,0.0014654472470284063,97.699238,352.67987060546875,352.67794335731674,352.67559814453125,352.6763610839844,-0.0019272481520147267,-0.0042724609375,-0.003509521484375
97.799198,0.0811894908547401,0.08261352871875566,0.0788672566413879,0.0795097649097442,0.0014240378640155565,-0.0023222342133522034,-0.0016797259449959079,97.799198,0.0988648533821106,0.10310099302224242,0.1024416983127594,0.1030666157603264,0.004236139640131822,0.0035768449306488037,0.004201762378215804,97.799198,352.6831970214844,352.685012160669,352.67987060546875,352.68414306640625,0.0018151391846004117,-0.003326416015625,0.000946044921875
97.899991,0.0938552469015121,0.08244785370709382,0.0811894908547401,0.0835117250680923,-0.011407393194418289,-0.012665756046772003,-0.0103435218334198,97.899991,0.0942562520503997,0.09472585648277451,0.0988648533821106,0.09528800845146179,0.000469604432374815,0.004608601331710899,0.001031756401062095,97.899991,352.682373046875,352.68794101004545,352.6831970214844,352.6865234375,0.005567963170449275,0.000823974609375,0.004150390625
97.999951,0.0998230576515197,0.1062178223439961,0.0938552469015121,0.10652100294828411,0.006394764692476393,-0.005967810750007602,0.0066979452967644015,97.999951,0.0891681462526321,0.09192414139272741,0.0942562520503997,0.0896476507186888,0.0027559951400953075,0.0050881057977675975,0.00047950446605669883,97.999951,352.6792297363281,352.68810124342116,352.682373046875,352.6815490722656,0.008871507093033415,0.003143310546875,0.0023193359375
98.099911,0.1026198118925094,0.101368093359071,0.0998230576515197,0.10579086840152731,-0.0012517185334384034,-0.002796754240989699,0.0031710565090179027,98.099911,0.0889063403010368,0.0840958982388143,0.0891681462526321,0.0840800404548645,-0.004810442062222489,0.0002618059515953064,-0.004826299846172291,98.099911,352.6785888671875,352.6812353175142,352.6792297363281,352.67608642578125,0.0026464503267220607,0.000640869140625,-0.00250244140625
98.199871,0.1016033589839935,0.10393793700068442,0.1026198118925094,0.1054165661334991,0.0023345780166909164,0.0010164529085159024,0.0038132071495056014,98.199871,0.0839857310056686,0.09000934419234767,0.0889063403010368,0.08864453434944149,0.006023613186679072,0.004920609295368195,0.004658803343772888,98.199871,352.6812438964844,352.6794664767123,352.6785888671875,352.6779479980469,-0.0017774197720541451,-0.002655029296875,-0.0032958984375
98.299831,0.1008817553520202,0.09737174044521231,0.1016033589839935,0.1005869060754776,-0.0035100149068078845,0.0007216036319733082,-0.0002948492765425942,98.299831,0.0829686522483825,0.07843991449892525,0.0839857310056686,0.0790651217103004,-0.004528737749457251,0.0010170787572860995,-0.003903530538082095,98.299831,352.6833801269531,352.6825486526683,352.6812438964844,352.68389892578125,-0.000831474284836986,-0.00213623046875,0.000518798828125
98.399791,0.0993599593639373,0.10062979645533209,0.1008817553520202,0.10016015172004689,0.0012698370913947904,0.0015217959880828996,0.0008001923561095914,98.399791,0.0860134810209274,0.08367906406902641,0.0829686522483825,0.0819515734910964,-0.0023344169519009944,-0.0030448287725449025,-0.004061907529831002,98.399791,352.6819763183594,352.68499218329663,352.6833801269531,352.6855163574219,0.0030158649372538093,0.00140380859375,0.0035400390625
98.499751,0.0996159240603447,0.09861631545949837,0.0993599593639373,0.0978381633758544,-0.00099960860084633,-0.0002559646964074014,-0.001777760684490301,98.499751,0.0877614766359329,0.08789369404330925,0.0860134810209274,0.0890583097934723,0.0001322174073763588,-0.0017479956150054932,0.0012968331575394093,98.499751,352.6788330078125,352.6839103311284,352.6819763183594,352.6805725097656,0.005077323315902049,0.003143310546875,0.001739501953125
98.599711,0.1016842946410179,0.09936308854007017,0.0996159240603447,0.0998718887567521,-0.0023212061009477286,-0.002068370580673204,-0.0018124058842658025,98.599711,0.0905879065394401,0.08875320339411355,0.0877614766359329,0.08950947225093839,-0.0018347031453265494,-0.002826429903507205,-0.0010784342885017117,98.599711,352.6783142089844,352.6837966936065,352.6788330078125,352.6756896972656,0.0054824846221208645,0.000518798828125,-0.00262451171875
98.699671,0.1019353419542312,0.10319562314045101,0.1016842946410179,0.1037526652216911,0.0012602811862198054,-0.00025104731321330676,0.0018173232674598971,98.699671,0.0873890444636344,0.09306816681071056,0.0905879065394401,0.0934143364429473,0.005679122347076168,0.0031988620758057057,0.006025291979312911,98.699671,352.6814270019531,352.68431091461434,352.6783142089844,352.67779541015625,0.0028839126612183463,-0.00311279296875,-0.003631591796875
98.799631,0.099362701177597,0.09921146704913801,0.1019353419542312,0.10218638926744451,-0.00015123412845899353,0.0025726407766342024,0.002823688089847509,98.799631,0.0851715728640556,0.08343965861557202,0.0873890444636344,0.08419018238782869,-0.001731914248483582,0.002217471599578788,-0.0009813904762269177,98.799631,352.6837463378906,352.686754167978,352.6814270019531,352.6845397949219,0.0030078300873697117,-0.0023193359375,0.00079345703125
98.899591,0.0998852849006652,0.09704281696558466,0.099362701177597,0.0967900604009628,-0.002842467935080542,-0.0005225837230681957,-0.003095224499702398,98.899591,0.0802031755447387,0.08405767580911684,0.0851715728640556,0.08295410126447682,0.003854500264378141,0.004968397319316906,0.0027509257197381176,98.899591,352.6822814941406,352.6867359468218,352.6837463378906,352.6860656738281,0.004454452681159182,0.00146484375,0.0037841796875
98.999551,0.0950129851698875,0.0996590080586091,0.0998852849006652,0.1004078686237334,0.004646022888721596,0.004872299730777699,0.0053948834538458945,98.999551,0.0834528654813766,0.07759791421551038,0.0802031755447387,0.0752347782254218,-0.005854951265866229,-0.003249689936637906,-0.008218087255954812,98.999551,352.6783752441406,352.68518719169214,352.6822814941406,352.6808166503906,0.006811947551511821,0.00390625,0.00244140625
99.099511,0.0882001966238021,0.09145451534633978,0.0950129851698875,0.0901406854391098,0.0032543187225376746,0.006812788546085399,0.0019404888153077005,99.099511,0.0901743471622467,0.08724956116454523,0.0834528654813766,0.08670255541801451,-0.002924785997701476,-0.006721481680870098,-0.0034717917442321916,99.099511,352.6766357421875,352.6795016735105,352.6783752441406,352.6744689941406,0.0028659313230150474,0.001739501953125,-0.002166748046875
99.199471,0.084267072379589,0.0827578651852402,0.0882001966238021,0.0813874080777167,-0.0015092071943487995,0.003933124244213104,-0.002879664301872295,99.199471,0.0947023034095764,0.0956357815097353,0.0901743471622467,0.0968958288431168,0.0009334781001588965,-0.004527956247329698,0.0021935254335403997,99.199471,352.67889404296875,352.67959088943826,352.6766357421875,352.6748962402344,0.0006968464695091825,-0.00225830078125,-0.003997802734375
99.299431,0.0819554850459098,0.08202874616849676,0.084267072379589,0.0803339481353759,7.326112258695949e-05,0.0023115873336791992,-0.001621536910533905,99.299431,0.0969467237591743,0.09702169901833571,0.0947023034095764,0.0992302596569061,7.497525916140557e-05,-0.002244420349597903,0.002283535897731795,99.299431,352.6825256347656,352.685646000243,352.67889404296875,352.68115234375,0.0031203654774003553,-0.003631591796875,-0.001373291015625
99.399391,0.0830616801977157,0.08111972722646284,0.0819554850459098,0.0796438977122306,-0.0019419529712528666,-0.0011061951518059054,-0.0034177824854851047,99.399391,0.1024059355258941,0.09694663756141536,0.0969467237591743,0.09919114410877221,-0.005459297964478735,-0.00545921176671979,-0.003214791417121887,99.399391,352.6820983886719,352.6895493466134,352.6825256347656,352.6861572265625,0.0074509579415007465,0.00042724609375,0.004058837890625
99.499351,0.0820934399962425,0.08616983521350487,0.0830616801977157,0.08416787534952161,0.004076395217262371,0.0009682402014732083,0.0020744353532791138,99.499351,0.1037477925419807,0.10631836377499504,0.1024059355258941,0.10786514729261389,0.0025705712330143377,-0.0013418570160866061,0.004117354750633184,99.499351,352.6784973144531,352.688805282421,352.6820983886719,352.6816711425781,0.010307967967889908,0.00360107421875,0.003173828125
99.599311,0.084088996052742,0.0802490069868062,0.0820934399962425,0.08112519979476929,-0.0038399890659358005,-0.001995556056499509,-0.0029637962579727173,99.599311,0.1010298430919647,0.10147497430514515,0.1037477925419807,0.10508964955806731,0.0004451312131804608,0.002717949450016008,0.004059806466102614,99.599311,352.6766967773437,352.68517824668373,352.6784973144531,352.6748962402344,0.008481469340040348,0.0018005371094318434,-0.0018005371093181566
99.699271,0.0850950181484222,0.08501011893809231,0.084088996052742,0.08608455210924151,-8.489921032989178e-05,-0.0010060220956801952,0.0009895339608193138,99.699271,0.0953761041164398,0.09915438610387962,0.1010298430919647,0.09831189364194869,0.003778281987439819,0.0056537389755248885,0.0029357895255088806,99.699271,352.6789245605469,352.6839955829216,352.6766967773437,352.67489624023426,0.0050710223747501,-0.0022277832031818434,-0.004028320312613687
99.799231,0.0866904929280281,0.08367563994526461,0.0850950181484222,0.0861010402441024,-0.003014852982763494,-0.0015954747796059071,-0.0005894526839257119,99.799231,0.0926882401108741,0.09232128086060089,0.0953761041164398,0.08972236514091492,-0.00036695925027321885,0.002687864005565699,-0.0029658749699591896,99.799231,352.6815795898437,352.68360748878905,352.6789245605469,352.68115234375006,0.002027898945357265,-0.0026550292968181566,-0.00042724609363631316
99.899191,0.0912161916494369,0.08859451449966187,0.0866904929280281,0.08828596770763401,-0.0026216771497750285,-0.0045256987214087885,-0.0029302239418028814,99.899191,0.0881000831723213,0.09160536296336289,0.0926882401108741,0.09000037610530841,0.0035052797910415795,0.004588156938552801,0.0019002929329871021,99.899191,352.68280029296875,352.68443699271234,352.6815795898437,352.6842346191405,0.0016366997435852682,-0.0012207031250568434,0.0014343261717613132
99.999984,0.0934375450015068,0.0963149229443924,0.0912161916494369,0.09574189037084568,0.0028773779428855895,-0.0022213533520699102,0.0023043453693388782,99.999984,0.0822991877794265,0.08256860166570897,0.0881000831723213,0.0835119262337685,0.0002694138862824602,0.0058008953928948,0.0012127384543419995,99.999984,352.6819152832031,352.68644373080286,352.68280029296875,352.6840209960938,0.004528447599739138,0.000885009765625,0.0021057128906818434
100.099944,0.0981109365820884,0.09498694130188302,0.0934375450015068,0.09565889835357672,-0.003123995280205377,-0.004673391580581596,-0.0024520382285116854,100.099944,0.0823098495602607,0.07596650556844077,0.0822991877794265,0.0764982923865317,-0.006343343991819933,-1.0661780834197998e-05,-0.005811557173728998,100.099944,352.6810302734375,352.6847737054708,352.6819152832031,352.6810302734375,0.003743432033274985,0.000885009765625,0.0
100.199904,0.0996062159538269,0.10276493553774031,0.0981109365820884,0.10278432816267,0.003158719583913408,-0.0014952793717385032,0.0031781122088430924,100.199904,0.0827193185687065,0.08440889905568,0.0823098495602607,0.0823205113410949,0.0016895804869734993,-0.00040946900844579526,-0.00039880722761159726,100.199904,352.6802062988281,352.6838546355845,352.6810302734375,352.6801452636719,0.0036483367563846514,0.000823974609375,-6.103515625e-05
100.299864,0.0967454463243484,0.09861534239221689,0.0996062159538269,0.10110149532556541,0.0018698960678684984,0.00286076962947851,0.004356049001217013,100.299864,0.0800635889172554,0.08191805012346033,0.0827193185687065,0.0831287875771523,0.0018544612062049298,0.002655729651451097,0.0030651986598968922,100.299864,352.6801452636719,352.683628871525,352.6802062988281,352.67938232421875,0.0034836078531270687,6.103515625e-05,-0.000762939453125
100.399824,0.0985469743609428,0.09256715692349975,0.0967454463243484,0.09388467669486988,-0.005979817437443052,-0.0018015280365944047,-0.004662297666072915,100.399824,0.0822465419769287,0.0764534704069324,0.0800635889172554,0.0774078592658043,-0.005793071569996297,-0.0021829530596732954,-0.004838682711124392,100.399824,352.6800842285156,352.6840551544385,352.6801452636719,352.6800842285156,0.003970925922885726,6.103515625e-05,0.0
100.499784,0.097006469964981,0.10213768237836703,0.0985469743609428,0.1003485023975372,0.00513121241338603,0.001540504395961803,0.003342032432556208,100.499784,0.0825774222612381,0.08590916838504507,0.0822465419769287,0.08442949503660199,0.003331746123806975,-0.0003308802843094011,0.0018520727753638944,100.499784,352.6813049316406,352.68460837219385,352.6800842285156,352.6800231933594,0.0033034405532248456,-0.001220703125,-0.00128173828125
100.599744,0.095435120165348,0.09430823255887519,0.097006469964981,0.09546596556901919,-0.0011268876064728095,0.0015713497996329984,3.084540367119526e-05,100.599744,0.0806173831224441,0.08066148431985468,0.0825774222612381,0.0829083025455475,4.410119741057872e-05,0.001960039138794001,0.002290919423103402,100.599744,352.6837463378906,352.6853619419195,352.6813049316406,352.6825256347656,0.0016156040288706208,-0.00244140625,-0.001220703125
100.699704,0.097215861082077,0.09390635090799868,0.095435120165348,0.093863770365715,-0.003309510174078323,-0.0017807409167290011,-0.0033520907163619995,100.699704,0.0781267583370208,0.07850406376537836,0.0806173831224441,0.0786573439836501,0.0003773054283575522,0.0024906247854232927,0.0005305856466292919,100.699704,352.6833801269531,352.68835703699096,352.6837463378906,352.6861877441406,0.004976910037839843,0.0003662109375,0.0028076171875
100.799664,0.0957150682806968,0.09862879174746718,0.097215861082077,0.098996601998806,0.0029137234667703793,0.001500792801380199,0.0032815337181092002,100.799664,0.0762966871261596,0.07748489709298562,0.0781267583370208,0.07563613355159751,0.0011882099668260176,0.001830071210861206,-0.0006605535745620866,100.799664,352.6809997558594,352.6878446771554,352.6833801269531,352.6830139160156,0.0068449212960217665,0.00238037109375,0.00201416015625
100.899624,0.0946235284209251,0.09330948431709583,0.0957150682806968,0.0942142754793166,-0.001314044103829265,0.0010915398597717008,-0.00040925294160849834,100.899624,0.0825011655688285,0.07495719655966064,0.0762966871261596,0.07446661591529839,-0.0075439690091678585,-0.006204478442668901,-0.008034549653530107,100.899624,352.67889404296875,352.68390085791225,352.6809997558594,352.6786193847656,0.005006814943499194,0.002105712890625,-0.000274658203125
100.999584,0.0918107703328132,0.09364139034958499,0.0946235284209251,0.0935319885611534,0.0018306200167717973,0.002812758088111905,0.0017212182283402044,100.999584,0.0911537483334541,0.09240154246329238,0.0825011655688285,0.0887056440114974,0.0012477941298382755,-0.008652582764625605,-0.002448104321956704,100.999584,352.6781005859375,352.6821864069133,352.67889404296875,352.6767883300781,0.004085820975774368,0.00079345703125,-0.001312255859375
101.099544,0.085871547460556,0.08747563146938862,0.0918107703328132,0.08899801224470129,0.0016040840088326208,0.005939222872257191,0.003126464784145286,101.099544,0.0945397093892097,0.0986235398205363,0.0911537483334541,0.09980633109807971,0.004083830431326596,-0.0033859610557556014,0.0052666217088700035,101.099544,352.6778869628906,352.6833670696191,352.6781005859375,352.67730712890625,0.005480106728498413,0.000213623046875,-0.000579833984375
101.199504,0.0821436122059822,0.0793200024272687,0.085871547460556,0.07993232458829881,-0.002823609778713501,0.003727935254573808,-0.002211287617683383,101.199504,0.0961648747324943,0.09423555054172013,0.0945397093892097,0.09792567044496531,-0.0019293241907741704,-0.001625165343284593,0.0017607957124710083,101.199504,352.67828369140625,352.6851786475901,352.6778869628906,352.67767333984375,0.0068949561838280715,-0.000396728515625,-0.0006103515625
101.299464,0.0829521566629409,0.08082036100598446,0.0821436122059822,0.07841567695140839,-0.0021317956569564395,-0.0008085444569587014,-0.0045364797115325095,101.299464,0.0998845845460891,0.09657930907952877,0.0961648747324943,0.09779004007577889,-0.0033052754665603284,-0.0037197098135948042,-0.002094544470310211,101.299464,352.6788024902344,352.6854511270286,352.67828369140625,352.6786804199219,0.006648636794238882,-0.000518798828125,-0.0001220703125
101.399424,0.082170121371746,0.08601961672018649,0.0829521566629409,0.0837607011198996,0.003849495348440493,0.0007820352911949019,0.0015905797481536033,101.399424,0.101112812757492,0.10315231832245798,0.0998845845460891,0.10360429435968391,0.0020395055649659877,-0.001228228211402893,0.002491481602191911,101.399424,352.6795349121094,352.6852900877,352.6788024902344,352.6793212890625,0.005755175590650197,-0.000732421875,-0.000213623046875
101.499384,0.0835417136549949,0.08115592707197593,0.082170121371746,0.08138808608055109,-0.0023857865830189673,-0.0013715922832489014,-0.0021536275744438033,101.499384,0.1035123169422149,0.09990858493055728,0.101112812757492,0.10234104096889489,-0.0036037320116576177,-0.0023995041847229004,-0.0011712759733200073,101.499384,352.67999267578125,352.68537127083283,352.6795349121094,352.6802673339844,0.005378595051581669,-0.000457763671875,0.000274658203125
101.599344,0.0874276012182235,0.08585730880014465,0.0835417136549949,0.0849133059382438,-0.0015702924180788502,-0.003885887563228607,-0.002514295279979706,101.599344,0.0993965119123458,0.10535713748143596,0.1035123169422149,0.1059118211269378,0.005960625569090161,0.0041158050298690935,0.006515309214591994,101.599344,352.6800231933594,352.6860283941026,352.67999267578125,352.6804504394531,0.006005200743231853,-3.0517578125e-05,0.00042724609375
101.699304,0.089522086083889,0.09012372676383434,0.0874276012182235,0.09131348878145211,0.0006016406799453505,-0.0020944848656654913,0.0017914026975631159,101.699304,0.0975523069500923,0.09320885059382066,0.0993965119123458,0.09528070688247671,-0.004343456356271647,0.0018442049622535012,-0.0022716000676155923,101.699304,352.6806030273437,352.6863344276892,352.6800231933594,352.6800537109375,0.00573140034549624,-0.0005798339843181566,-0.0005493164061931566
101.799264,0.0931736752390861,0.09077372581750048,0.089522086083889,0.09161657094955448,-0.002399949421585612,-0.003651589155197102,-0.0015571042895316106,101.799264,0.0965058282017707,0.09712902530515402,0.0975523069500923,0.0957081019878388,0.0006231971033833217,0.0010464787483216026,-0.0007977262139318986,101.799264,352.68096923828125,352.68466829970436,352.6806030273437,352.681182861328,0.0036990614231058316,-0.0003662109375568434,0.00021362304676131316
101.899224,0.0932782739400863,0.09555072630280897,0.0931736752390861,0.0968252643942832,0.0022724523627226795,-0.00010459870100019975,0.003546990454196902,101.899224,0.0942954272031784,0.09611853610896937,0.0965058282017707,0.0954593494534491,0.00182310890579096,0.0022104009985922934,0.0011639222502706909,101.899224,352.67999267578125,352.68465927936694,352.68096923828125,352.6813354492188,0.004666603585690154,0.0009765625,0.0013427734375568434
102.000017,0.0950536131858825,0.09208946892155194,0.0932782739400863,0.0933828726410865,-0.0029641442643305593,-0.0017753392457962036,-0.0016707405447960039,102.000017,0.0944141745567321,0.09143896113658943,0.0942954272031784,0.09208502620458611,-0.002975213420142661,-0.0001187473535536887,-0.002329148352145982,102.000017,352.67926025390625,352.68351088560604,352.67999267578125,352.67901611328125,0.0042506316997901195,0.000732421875,-0.000244140625
102.099977,0.0921361595392227,0.09718907424362926,0.0950536131858825,0.0968289524316787,0.0050529147044065525,0.0029174536466597956,0.004692792892455999,102.099977,0.0902867168188095,0.09564540922245668,0.0944141745567321,0.09453292191028578,0.005358692403647183,0.004127457737922599,0.004246205091476288,102.099977,352.6791076660156,352.6831025704103,352.67926025390625,352.67852783203125,0.003994904394687637,0.000152587890625,-0.000579833984375
102.199937,0.0899241343140602,0.08756791799812014,0.0921361595392227,0.08921870589256291,-0.00235621631594006,0.002212025225162506,-0.0007054284214972895,102.199937,0.0914362668991088,0.08540428746408381,0.0902867168188095,0.0861592590808869,-0.006031979435024995,-0.001149550080299308,-0.005277007818221907,102.199937,352.6791076660156,352.68196974951314,352.6791076660156,352.678955078125,0.002862083497518597,0.0,-0.000152587890625
102.299897,0.0927761122584343,0.09033723355331913,0.0899241343140602,0.08771210908889769,-0.002438878705115166,-0.0028519779443740984,-0.0050640031695366045,102.299897,0.0940749123692512,0.09364201416593905,0.0914362668991088,0.09258581697940811,-0.0004328982033121459,-0.0026386454701423923,-0.0014890953898430842,102.299897,352.6792907714844,352.68158201665466,352.6791076660156,352.6791076660156,0.0022912451702836734,-0.00018310546875,-0.00018310546875
102.399857,0.092498280107975,0.0961479968411027,0.0927761122584343,0.0956280902028084,0.0036497167331276947,0.00027783215045928955,0.003129810094833388,102.399857,0.0892045646905899,0.09609384467731209,0.0940749123692512,0.09671355783939359,0.006889279986722188,0.004870347678661291,0.007508993148803683,102.399857,352.67926025390625,352.68372320523105,352.6792907714844,352.6794738769531,0.004462951324796904,3.0517578125e-05,0.000213623046875
102.499817,0.0891169235110282,0.08900981860901505,0.092498280107975,0.09222044795751572,-0.00010710490201315537,0.0033813565969467996,0.00310352444648751,102.499817,0.0846350640058517,0.08177601269195366,0.0892045646905899,0.08433421701192861,-0.002859051313898048,0.004569500684738201,-0.0003008469939230901,102.499817,352.6796569824219,352.6845866674982,352.67926025390625,352.6792297363281,0.004929685076319856,-0.000396728515625,-0.00042724609375
102.599777,0.0896575972437858,0.08591030493283724,0.0891169235110282,0.08573556691408141,-0.003747292310948558,-0.0005406737327575961,-0.003922030329704396,102.599777,0.0830540731549263,0.08059852228180833,0.0846350640058517,0.0800655633211135,-0.0024555508731179676,0.001580990850925404,-0.002988509833812797,102.599777,352.6797790527344,352.6829553893416,352.6796569824219,352.6800537109375,0.003176336607225494,-0.0001220703125,0.000274658203125
102.699737,0.0909363403916359,0.09107642288415141,0.0896575972437858,0.0901982709765434,0.0001400824925155142,-0.0012787431478500921,-0.000738069415092496,102.699737,0.0764238089323043,0.08308787827384813,0.0830540731549263,0.0814730823040009,0.00666406934154383,0.006630264222622001,0.005049273371696597,102.699737,352.680419921875,352.6832054954514,352.6797790527344,352.6799011230469,0.0027855735763751,-0.000640869140625,-0.000518798828125
102.799697,0.090908482670784,0.08959764952265997,0.0909363403916359,0.09221508353948599,-0.0013108331481240243,2.7857720851898193e-05,0.0013066008687019903,102.799697,0.0741571262478828,0.07027208878605577,0.0764238089323043,0.0697935447096823,-0.003885037461827029,0.0022666826844214977,-0.004363581538200503,102.799697,352.68096923828125,352.6853331619273,352.680419921875,352.6810607910156,0.004363923646053536,-0.00054931640625,9.1552734375e-05
102.899657,0.0918938070535659,0.09125115584811505,0.090908482670784,0.0908806249499321,-0.0006426512054508449,-0.0009853243827818992,-0.0010131821036337973,102.899657,0.0704288333654403,0.07319080416025042,0.0741571262478828,0.0718904435634613,0.002761970794810123,0.003728292882442502,0.0014616101980210044,102.899657,352.6813049316406,352.68506857734207,352.68096923828125,352.6815185546875,0.003763645701440055,-0.000335693359375,0.000213623046875
102.999617,0.095133252441883,0.09294170281764477,0.0918938070535659,0.0928791314363478,-0.0021915496242382315,-0.003239445388317108,-0.002254121005535209,102.999617,0.0643395707011222,0.06510813356325662,0.0704288333654403,0.0667005404829978,0.0007685628621344198,0.006089262664318099,0.0023609697818755965,102.999617,352.6810302734375,352.6860815816195,352.6813049316406,352.681640625,0.005051308181975855,0.000274658203125,0.0006103515625
103.099577,0.0924301296472549,0.09758446517128354,0.095133252441883,0.09837269783020011,0.005154335524028636,0.0027031227946281017,0.00594256818294521,103.099577,0.0609268248081207,0.058506905708724286,0.0643395707011222,0.0582503080368041,-0.0024199190993964143,0.003412745893001501,-0.0026765167713165977,103.099577,352.6807861328125,352.6872235213554,352.6810302734375,352.6807556152344,0.006437388542906319,0.000244140625,-3.0517578125e-05
103.199537,0.0933978408575058,0.08984637586697196,0.0924301296472549,0.0897270068526268,-0.0035514649905338397,-0.0009677112102508961,-0.003670834004878998,103.199537,0.0611779354512691,0.056713272725956554,0.0609268248081207,0.0575140789151192,-0.004464662725312547,-0.0002511106431484014,-0.0036638565361499023,103.199537,352.68048095703125,352.6844103135628,352.6807861328125,352.6805419921875,0.00392935653155746,0.00030517578125,6.103515625e-05
103.299497,0.0942678973078727,0.0957355999075867,0.0933978408575058,0.0943655520677567,0.001467702599714002,-0.0008700564503669045,9.765475988399164e-05,103.299497,0.0576066263020038,0.06130791835699183,0.0611779354512691,0.0614290460944175,0.00370129205498803,0.003571309149265303,0.0038224197924137046,103.299497,352.6801147460937,352.685804690541,352.68048095703125,352.68017578125,0.005689944447283324,0.0003662109375568434,6.103515630684342e-05
103.399457,0.0917910635471344,0.09330313289805833,0.0942678973078727,0.09513795375823961,0.0015120693509239336,0.0024768337607383034,0.003346890211105208,103.399457,0.0565933771431446,0.05242125382261394,0.0576066263020038,0.054035317152738495,-0.004172123320530657,0.0010132491588591974,-0.0025580599904061058,103.399457,352.6797790527344,352.6873320128893,352.6801147460937,352.67974853515614,0.007552960154953325,0.0003356933593181566,-3.051757823868684e-05
103.499417,0.0948278382420539,0.08971358940874644,0.0917910635471344,0.0893142297863961,-0.0051142488333074665,-0.003036774694919503,-0.005513608455657806,103.499417,0.0578973442316055,0.05483251747854777,0.0565933771431446,0.0555801279842854,-0.003064826753057734,-0.0013039670884609014,-0.002317216247320099,103.499417,352.6798095703125,352.68607462345426,352.6797790527344,352.67944335937506,0.006265053141760291,-3.0517578125e-05,-0.0003662109374431566
103.599377,0.0922487527132034,0.09865543100381265,0.0948278382420539,0.0978646129369734,0.006406678290609244,0.0025790855288505,0.005615860223770003,103.599377,0.0545270591974258,0.05907795425719877,0.0578973442316055,0.0592013113200664,0.0045508950597729705,0.0033702850341797014,0.004674252122640603,103.599377,352.6801147460937,352.68773385030454,352.6798095703125,352.6798400878906,0.007619104210846217,-0.0003051757811931566,-0.0002746582030681566
103.699337,0.0929611250758171,0.0875707395776987,0.0922487527132034,0.0896696671843529,-0.005390385498118391,-0.0007123723626136919,-0.0032914578914641918,103.699337,0.0553850755095481,0.04859581083934786,0.0545270591974258,0.0511567741632461,-0.006789264670200239,-0.0008580163121222964,-0.004228301346301998,103.699337,352.6801147460937,352.6876083595851,352.6801147460937,352.6804199218749,0.007493613491419637,0.0,0.0003051757811931566
103.799297,0.093666635453701,0.09519315970781507,0.0929611250758171,0.09367349743843079,0.0015265242541140644,-0.0007055103778839111,6.8619847297807235e-06,103.799297,0.0548761114478111,0.05757181321786341,0.0553850755095481,0.05624309182167039,0.0026957017700523084,0.0005089640617369981,0.0013669803738592945,103.799297,352.6798095703125,352.68780191824715,352.6801147460937,352.6801147460937,0.007992347934646205,0.0003051757811931566,0.0003051757811931566
103.899257,0.0933186113834381,0.09300758215905025,0.093666635453701,0.09437214583158492,-0.00031102922438784597,0.00034802407026290894,0.00105353444814682,103.899257,0.0551075972616672,0.053141856559554154,0.0548761114478111,0.0543671473860741,-0.001965740702113049,-0.00023148581385610406,-0.0007404498755931022,103.899257,352.6796875,352.68754520149037,352.6798095703125,352.6795043945313,0.007857701490365798,0.0001220703125,-0.00018310546869315658
103.999217,0.0960128456354141,0.09258057146476541,0.0933186113834381,0.09297058731317519,-0.0034322741706486887,-0.0026942342519759993,-0.0030422583222389082,103.999217,0.0619681812822818,0.05544647294930172,0.0551075972616672,0.05533908307552331,-0.006521708332980082,-0.006860584020614596,-0.006629098206758492,103.999217,352.6796264648437,352.68762201020854,352.6796875,352.6795654296875,0.007995545364849477,6.103515630684342e-05,-6.103515619315658e-05
104.10001,0.0940389558672905,0.09939359573685576,0.0960128456354141,0.0987070798873901,0.005354639869565261,0.001973889768123599,0.004668124020099598,104.10001,0.0646230280399322,0.06991197553852015,0.0619681812822818,0.06882876530289639,0.005288947498587951,-0.002654846757650396,0.004205737262964193,104.10001,352.6794128417969,352.6879040383604,352.6796264648437,352.6795654296874,0.008491196563511494,0.00021362304681815658,0.00015258789051131316
104.19997,0.0928137898445129,0.08944585923090487,0.0940389558672905,0.0920650660991669,-0.0033679306136080306,0.001225166022777599,-0.000748723745346,104.19997,0.070139467716217,0.06436969783315896,0.0646230280399322,0.0672778747975826,-0.005769769883058037,-0.005516439676284804,-0.002861592918634401,104.19997,352.678955078125,352.6879262105702,352.6794128417969,352.67919921875006,0.008971132445196872,0.000457763671875,0.0002441406250568434
104.29993,0.0942711755633354,0.09313612562503949,0.0928137898445129,0.0915886238217353,-0.0011350499382959123,-0.001457385718822507,-0.002682551741600106,104.29993,0.07326390594244,0.07516679527728239,0.070139467716217,0.0756559073925018,0.0019028893348423809,-0.003124438226223006,0.002392001450061798,104.29993,352.6786193847656,352.68771676068195,352.678955078125,352.6784973144531,0.0090973759163262,0.000335693359375,-0.0001220703125
104.39989,0.0973648130893707,0.09533743893487219,0.0942711755633354,0.09572856128215791,-0.0020273741544985097,-0.003093637526035295,-0.001636251807212788,104.39989,0.0734910070896148,0.07464143494294857,0.07326390594244,0.07638834416866301,0.0011504278533337742,-0.00022710114717479357,0.0028973370790482122,104.39989,352.6781921386719,352.687504806058,352.6786193847656,352.67828369140625,0.009312667386097928,0.00042724609375,9.1552734375e-05
104.49985,0.0952025204896926,0.09841645548492375,0.0973648130893707,0.100458450615406,0.003213934995231149,0.002162292599678095,0.00525593012571339,104.49985,0.0750708654522895,0.07393535056391684,0.0734910070896148,0.07371810823678959,-0.0011355148883726573,-0.0015798583626746993,-0.0013527572154999057,104.49985,352.6783752441406,352.68704389112077,352.6781921386719,352.6777648925781,0.008668646980140693,-0.00018310546875,-0.0006103515625
104.59981,0.0950974971055984,0.09244368964361213,0.0952025204896926,0.09304022789001451,-0.002653807461986263,0.00010502338409421053,-0.0020572692155838845,104.59981,0.0715774074196815,0.0752851142397212,0.0750708654522895,0.0766507238149642,0.003707706820039708,0.0034934580326080045,0.005073316395282704,104.59981,352.6787414550781,352.684031067192,352.6783752441406,352.6785583496094,0.005289612113870135,-0.0003662109375,-0.00018310546875
104.69977,0.0915328860282898,0.09396920593783595,0.0950974971055984,0.09499247372150418,0.002436319909546153,0.0035646110773085993,0.0034595876932143887,104.69977,0.0697497576475143,0.06819019864627615,0.0715774074196815,0.06808394938707349,-0.0015595590012381505,0.001827649772167192,-0.0016658082604408125,104.69977,352.6789855957031,352.68478288722696,352.6787414550781,352.6791076660156,0.005797291523833792,-0.000244140625,0.0001220703125
104.79973,0.0891580879688263,0.08873817784388492,0.0915328860282898,0.0879682749509812,-0.00041991012494137225,0.002374798059463501,-0.0011898130178450983,104.79973,0.0706352367997169,0.06825501674754288,0.0697497576475143,0.06792210787534711,-0.0023802200521740174,-0.0008854791522025923,-0.0027131289243697843,104.79973,352.6791687011719,352.6828336611349,352.6789855957031,352.6792297363281,0.003664959963032288,-0.00018310546875,6.103515625e-05
104.89969,0.0910616517066955,0.08885063954550558,0.0891580879688263,0.08678328990936279,-0.002211012161189921,-0.0019035637378692072,-0.004278361797332708,104.89969,0.0689738914370536,0.07129047279768727,0.0706352367997169,0.07152071595191949,0.002316581360633674,0.0016613453626632968,0.002546824514865889,104.89969,352.6791687011719,352.68273625747486,352.6791687011719,352.6793518066406,0.0035675563029826662,0.0,0.00018310546875
104.99965,0.0882878303527832,0.09199265708512284,0.0910616517066955,0.09296521544456471,0.0037048267323396417,0.002773821353912298,0.004677385091781505,104.99965,0.0787543281912803,0.06826983455016013,0.0689738914370536,0.0673125460743903,-0.010484493641120168,-0.009780436754226698,-0.011441782116889995,104.99965,352.6787414550781,352.6850686280952,352.6791687011719,352.6791687011719,0.0063271730170981755,0.00042724609375,0.00042724609375
105.09961,0.0887835994362831,0.0858668191368671,0.0882878303527832,0.0855140089988709,-0.0029167802994159997,-0.0004957690834998946,-0.0032695904374121926,105.09961,0.0867105275392532,0.0898309770018937,0.0787543281912803,0.088534764945507,0.0031204494626405066,-0.007956199347972898,0.0018242374062538008,105.09961,352.6791381835937,352.6831041175174,352.6787414550781,352.6783142089844,0.003965933923723242,-0.0003967285155681566,-0.0008239746093181566
105.19957,0.0822403654456138,0.08600896898610562,0.0887835994362831,0.08927936851978299,0.0037686035404918133,0.006543233990669292,0.007039003074169187,105.19957,0.0902147740125656,0.09418135317151247,0.0867105275392532,0.09466672688722609,0.003966579158946867,-0.0035042464733124057,0.004451952874660492,105.19957,352.67926025390625,352.68741434147677,352.6791381835937,352.67953491210926,0.008154087570517277,-0.00012207031255684342,0.00027465820301131316
105.29953,0.0742689818143844,0.072129946359437,0.0822403654456138,0.07569713145494451,-0.0021390354549474105,0.0079713836312294,0.0014281496405601085,105.29953,0.0927395969629287,0.0911225305821522,0.0902147740125656,0.093719020485878,-0.0016170663807765079,-0.0025248229503631037,0.000979423522949302,105.29953,352.679443359375,352.6882663664299,352.67926025390625,352.6793823242188,0.008823007054900245,-0.00018310546875,-6.103515619315658e-05
105.39949,0.0698445960879325,0.06800762698324966,0.0742689818143844,0.066297598183155,-0.0018369691046828396,0.0044243857264519015,-0.003546997904777499,105.39949,0.0936220437288284,0.093202373136577,0.0927395969629287,0.0952644199132918,-0.0004196705922513977,-0.0008824467658996998,0.0016423761844634038,105.39949,352.6793212890625,352.6874857794926,352.679443359375,352.67962646484375,0.008164490430090154,0.0001220703125,0.00030517578125
105.49945,0.0665564909577369,0.06724647859091491,0.0698445960879325,0.0654202103614806,0.000689987633178013,0.003288105130195604,-0.0011362805962562977,105.49945,0.0873990058898925,0.0927474070686517,0.0936220437288284,0.0945044904947281,0.0053484011787592045,0.0062230378389359076,0.007105484604835607,105.49945,352.6792297363281,352.6880190662682,352.6793212890625,352.67919921875,0.008789329940100288,9.1552734375e-05,-3.0517578125e-05
105.59941,0.0645918771624565,0.062096998773612806,0.0665564909577369,0.0632683858275413,-0.0024948783888436923,0.001964613795280401,-0.0013234913349152028,105.59941,0.0856034457683563,0.08100622897567746,0.0873990058898925,0.08117596805095659,-0.00459721679267884,0.0017955601215361994,-0.004427477717399708,105.59941,352.6789245605469,352.68835683087633,352.6792297363281,352.67913818359375,0.00943227032945515,0.00030517578125,0.000213623046875
105.69937,0.0652172341942787,0.06426569421803315,0.0645918771624565,0.0626272633671761,-0.0009515399762455579,-0.0006253570318222046,-0.0025899708271026056,105.69937,0.085741750895977,0.08641659570404127,0.0856034457683563,0.0838078856468201,0.0006748448080642622,-0.0001383051276207109,-0.0019338652491569103,105.69937,352.67889404296875,352.68657222678314,352.6789245605469,352.6786193847656,0.007678183814391559,3.0517578125e-05,-0.000274658203125
105.79933,0.0645370632410049,0.06597748489618249,0.0652172341942787,0.06584259122610091,0.00144042165517759,0.000680170953273801,0.0013055279850960055,105.79933,0.0847223252058029,0.08645731880487911,0.085741750895977,0.08588005602359772,0.0017349935990762094,0.0010194256901741028,0.0011577308177948137,105.79933,352.6790771484375,352.6871643114513,352.67889404296875,352.6788635253906,0.008087163013783538,-0.00018310546875,-0.000213623046875
105.89929,0.0629908591508865,0.06276016348051097,0.0645370632410049,0.0638568922877311,-0.00023069567037552197,0.0015462040901184082,0.0008660331368446073,105.89929,0.0839706063270568,0.08266014975366609,0.0847223252058029,0.0837028995156288,-0.0013104565733907114,0.0007517188787461021,-0.0002677068114280007,105.89929,352.6798095703125,352.68877745186217,352.6790771484375,352.67926025390625,0.008967881549665435,-0.000732421875,-0.00054931640625
105.99925,0.0630013644695282,0.06158062369391644,0.0629908591508865,0.061444655060768086,-0.001420740775611759,-1.0505318641704231e-05,-0.0015567094087601124,105.99925,0.0829873830080032,0.08269496740853446,0.0839706063270568,0.0832188874483107,-0.00029241559946872886,0.0009832233190536083,0.00023150444030750617,105.99925,352.6806335449219,352.68972373971934,352.6798095703125,352.6805419921875,0.009090194797465756,-0.000823974609375,-9.1552734375e-05
106.09921,0.0599454194307327,0.06355540696743847,0.0630013644695282,0.0630118697881699,0.003609987536705772,0.003055945038795499,0.003066450357437203,106.09921,0.0799528136849403,0.08158858975969158,0.0829873830080032,0.08200415968894958,0.00163577607475128,0.0030345693230628967,0.0020513460040092885,106.09921,352.6813659667969,352.6910016017174,352.6806335449219,352.68145751953125,0.009635634920527991,-0.000732421875,9.1552734375e-05
106.200003,0.0631280317902565,0.05651950429557667,0.0599454194307327,0.0568894743919372,-0.006608527494679828,-0.003182612359523801,-0.0062385573983193,106.200003,0.0833631977438926,0.07640380367052879,0.0799528136849403,0.0769182443618774,-0.006959394073363809,-0.003410384058952304,-0.0064449533820152005,106.200003,352.6818542480469,352.690912949162,352.6813659667969,352.6820983886719,0.009058701115122858,-0.00048828125,0.000244140625
106.299963,0.0683668628334999,0.06824201036522295,0.0631280317902565,0.0663106441497803,-0.00012485246827693974,-0.005238831043243394,-0.0020562186837195934,106.299963,0.08407823741436,0.08872698040218947,0.0833631977438926,0.0867735818028449,0.004648742987829468,-0.0007150396704674045,0.0026953443884848993,106.299963,352.6819152832031,352.6925555282748,352.6818542480469,352.6823425292969,0.010640245071670051,-6.103515625e-05,0.00042724609375
106.399923,0.0694736465811729,0.07242301043399371,0.0683668628334999,0.07360569387674329,0.0029493638528208105,-0.001106783747673007,0.004132047295570387,106.399923,0.0818734914064407,0.08226941642990913,0.08407823741436,0.08479327708482741,0.00039592502346844083,0.0022047460079193115,0.002919785678386716,106.399923,352.68182373046875,352.6941638805776,352.6819152832031,352.6819763183594,0.012340150108855141,9.1552734375e-05,0.000152587890625
106.499883,0.0749271064996719,0.06973635805311633,0.0694736465811729,0.07058043032884591,-0.005190748446555565,-0.005453459918498993,-0.004346676170825986,106.499883,0.080668032169342,0.07721250077540606,0.0818734914064407,0.07966874539852138,-0.0034555313939359372,0.0012054592370986938,-0.0009992867708206177,106.499883,352.68170166015625,352.6930550438089,352.68182373046875,352.6817321777344,0.011353383652647153,0.0001220703125,3.0517578125e-05
106.599843,0.0785357505083084,0.0816413701697326,0.0749271064996719,0.08038056641817089,0.003105619661424197,-0.0036086440086365024,0.0018448159098624906,106.599843,0.0792618542909622,0.07970846638937298,0.080668032169342,0.0794625729322433,0.00044661209841077854,0.001406177878379794,0.00020071864128110017,106.599843,352.68133544921875,352.6921947634988,352.68170166015625,352.68157958984375,0.010859314280025956,0.0003662109375,0.000244140625
106.699803,0.0759914517402648,0.07999492919013489,0.0785357505083084,0.0821443945169449,0.004003477449870091,0.0025442987680436013,0.006152942776680104,106.699803,0.0739424675703048,0.0776702900258977,0.0792618542909622,0.07785567641258241,0.0037278224555929024,0.005319386720657404,0.00391320884227761,106.699803,352.6810302734375,352.69025615070996,352.68133544921875,352.68096923828125,0.009225877272456273,0.00030517578125,-6.103515625e-05
106.799763,0.0750044509768486,0.07115684210878549,0.0759914517402648,0.0734471529722212,-0.00384760886806311,0.0009870007634161931,-0.0015572980046274082,106.799763,0.0726625025272369,0.06811566039428668,0.0739424675703048,0.0686230808496474,-0.004546842132950216,0.0012799650430679044,-0.0040394216775895,106.799763,352.68072509765625,352.68832259989125,352.6810302734375,352.68072509765625,0.007597502235000775,0.00030517578125,0.0
106.899723,0.0797870233654975,0.07558552114469679,0.0750044509768486,0.07401745021343241,-0.004201502220800721,-0.0047825723886489035,-0.005769573152065097,106.899723,0.0734426453709602,0.0737075035587197,0.0726625025272369,0.07138253748416899,0.0002648581877595091,-0.0007801428437232971,-0.0020601078867912015,106.899723,352.6810302734375,352.6875042952862,352.68072509765625,352.680419921875,0.00647402184870316,-0.00030517578125,-0.0006103515625
106.999683,0.0765672698616981,0.08382700975701171,0.0797870233654975,0.08456959575414641,0.007259739895313616,0.0032197535037994107,0.008002325892448314,106.999683,0.0713956877589225,0.07576488439969126,0.0734426453709602,0.07422278821468349,0.004369196640768763,0.0020469576120377003,0.0028271004557609974,106.999683,352.6813049316406,352.68957397618834,352.6810302734375,352.68133544921875,0.00826904454771693,-0.000274658203125,3.0517578125e-05
107.099643,0.0793609768152237,0.07087852338066988,0.0765672698616981,0.07334751635789868,-0.00848245343455381,-0.0027937069535255987,-0.0060134604573250094,107.099643,0.0769010856747627,0.06726070985961732,0.0713956877589225,0.0693487301468848,-0.009640375815145374,-0.0055053979158402044,-0.007552355527877905,107.099643,352.6814880371094,352.68899469335236,352.6813049316406,352.68157958984375,0.00750665624298108,-0.00018310546875,9.1552734375e-05
107.199603,0.0818850696086883,0.08535633352767551,0.0793609768152237,0.08215468376874929,0.003471263918987208,-0.002524092793464605,0.0002696141600609936,107.199603,0.0775885581970214,0.08387430409926666,0.0769010856747627,0.0824064835906029,0.00628574590224526,-0.000687472522258703,0.004817925393581501,107.199603,352.68133544921875,352.69051055919596,352.6814880371094,352.6816711425781,0.00917510997720683,0.000152587890625,0.000335693359375
107.299563,0.0810229778289794,0.08253431816079922,0.0818850696086883,0.0844091624021529,0.0015113403318198215,0.0008620917797089039,0.003386184573173509,107.299563,0.0794473737478256,0.0757708894202765,0.0775885581970214,0.0782760307192801,-0.0036764843275490927,-0.0018588155508041937,-0.0011713430285454907,107.299563,352.6814880371094,352.6910718592478,352.68133544921875,352.6811828613281,0.009583822138438336,-0.000152587890625,-0.00030517578125
107.399523,0.0842268317937851,0.08053707883122696,0.0810229778289794,0.08016088604927049,-0.003689752962558135,-0.0032038539648057,-0.004065945744514604,107.399523,0.0782163366675376,0.08014218442843639,0.0794473737478256,0.08130618929862979,0.0019258477608987828,0.0012310370802879889,0.0030898526310921826,107.399523,352.6815490722656,352.6899910724082,352.6814880371094,352.681640625,0.008442000142565576,-6.103515625e-05,9.1552734375e-05
107.499483,0.0887329801917076,0.08669241370612737,0.0842268317937851,0.0874306857585908,-0.0020405664855802225,-0.004506148397922502,-0.0013022944331168018,107.499483,0.0791435241699218,0.07739862444083376,0.0782163366675376,0.07698529958724962,-0.001744899729088048,-0.0009271875023841997,-0.0021582245826721885,107.499483,352.68170166015625,352.6900566702552,352.6815490722656,352.6816101074219,0.008355010098966886,-0.000152587890625,-9.1552734375e-05
107.599443,0.0871867313981056,0.09159192855493391,0.0887329801917076,0.0932391285896301,0.004405197156828314,0.0015462487936020036,0.006052397191524506,107.599443,0.0859837159514427,0.08319790490443184,0.0791435241699218,0.080070711672306,-0.0027858110470108666,-0.006840191781520899,-0.005913004279136699,107.599443,352.6814880371094,352.6892870351227,352.68170166015625,352.6818542480469,0.007798998013299752,0.000213623046875,0.0003662109375
107.699403,0.0888397544622421,0.08539740417933271,0.0871867313981056,0.08564048260450359,-0.003442350282909387,-0.0016530230641365051,-0.0031992718577385088,107.699403,0.097057819366455,0.09232771952469387,0.0859837159514427,0.0928239077329636,-0.004730099841761121,-0.01107410341501229,-0.004233911633491391,107.699403,352.681396484375,352.6865020359165,352.6814880371094,352.6812744140625,0.005105551541475961,9.1552734375e-05,-0.0001220703125
107.799363,0.092961810529232,0.09161895100634421,0.0888397544622421,0.0904927775263786,-0.0013428595228877904,-0.004122056066989899,-0.0024690330028533936,107.799363,0.1013557314872741,0.10743494801102829,0.097057819366455,0.10813192278146729,0.006079216523754191,-0.004297912120819106,0.0067761912941931846,107.799363,352.6816101074219,352.68894567865493,352.681396484375,352.6813049316406,0.007335571233056726,-0.000213623046875,-0.00030517578125
107.899323,0.0900100171566009,0.09341856891347224,0.092961810529232,0.0970838665962219,0.003408551756871339,0.0029517933726311008,0.0070738494396209994,107.899323,0.103842943906784,0.10420964501540235,0.1013557314872741,0.1056536436080932,0.0003667011086183475,-0.0024872124195099016,0.001810699701309204,107.899323,352.681640625,352.69162330075807,352.6816101074219,352.68182373046875,0.009982675758067217,-3.0517578125e-05,0.00018310546875
107.999283,0.088124893605709,0.0854599392223531,0.0900100171566009,0.0870582237839698,-0.0026649543833558997,0.00188512355089189,-0.0010666698217392107,107.999283,0.1050762236118316,0.10417707114513197,0.103842943906784,0.1063301563262939,-0.0008991524666996237,-0.0012332797050475935,0.001253932714462308,107.999283,352.6816711425781,352.6883245058683,352.681640625,352.6816711425781,0.006653363290183734,-3.0517578125e-05,0.0
108.099243,0.085100382566452,0.0858087860300859,0.088124893605709,0.08623977005481712,0.0007084034636339054,0.003024511039257008,0.0011393874883651178,108.099243,0.1049140244722366,0.10713901330510715,0.1050762236118316,0.10630950331687919,0.0022249888328705475,0.0001621991395949901,0.0013954788446425836,108.099243,352.6817932128906,352.6869037004551,352.6816711425781,352.68170166015625,0.005110487564479627,-0.0001220703125,-9.1552734375e-05
108.199203,0.0885235220193862,0.08179511238836906,0.085100382566452,0.08207587152719499,-0.006728409631017132,-0.0034231394529341957,-0.006447650492191204,108.199203,0.0973478853702545,0.10518324559698444,0.1049140244722366,0.10475182533264162,0.00783536022672994,0.007566139101982103,0.007403939962387113,108.199203,352.6816711425781,352.68616253773024,352.6817932128906,352.6819152832031,0.004491395152115274,0.0001220703125,0.000244140625
108.299996,0.090199589729309,0.08731128902816902,0.0885235220193862,0.09194666147232039,-0.002888300701139976,-0.0016760677099228044,0.0017470717430113913,108.299996,0.0915855690836906,0.09529087641906117,0.0973478853702545,0.0897817462682724,0.0037053073353705696,0.005762316286563901,-0.0018038228154182018,108.299996,352.6820068359375,352.68751412698685,352.6816711425781,352.6815490722656,0.00550729104935499,-0.000335693359375,-0.000457763671875
108.399956,0.0909436792135238,0.08063495162424993,0.090199589729309,0.0918756574392318,-0.01030872758927387,-0.0007440894842147966,0.0009319782257080078,108.399956,0.0894469916820526,0.08717719008338125,0.0915855690836906,0.0858232527971267,-0.0022698015986713505,0.0021385774016380033,-0.003623738884925898,108.399956,352.6822509765625,352.68727351623136,352.6820068359375,352.6823425292969,0.005022539668857462,-0.000244140625,9.1552734375e-05
108.499916,0.0910317823290824,0.08001176324844844,0.0909436792135238,0.09168776869773859,-0.011020019080633964,-8.810311555861039e-05,0.0006559863686561862,108.499916,0.0881358087062835,0.08444726288649536,0.0894469916820526,0.0873084142804146,-0.0036885458197881416,0.0013111829757690985,-0.0008273944258689048,108.499916,352.6829528808594,352.69311753069957,352.6822509765625,352.6824951171875,0.010164649840191942,-0.000701904296875,-0.000457763671875
108.599876,0.091268666088581,0.08252844863984644,0.0910317823290824,0.09111988544464102,-0.008740217448734558,-0.0002368837594985962,-0.0001487806439399858,108.599876,0.0876750349998474,0.08729086015749195,0.0881358087062835,0.0868246257305144,-0.0003841748423554503,0.0004607737064361017,-0.0008504092693329968,108.599876,352.683349609375,352.7020114952865,352.6829528808594,352.68365478515625,0.018661885911512854,-0.000396728515625,0.00030517578125
108.699836,0.0910189375281333,0.08688680626999154,0.091268666088581,0.0915055498480796,-0.004132131258141755,0.00024972856044770675,0.00048661231994630294,108.699836,0.0871282517910003,0.09090193485203979,0.0876750349998474,0.0872142612934113,0.003773683061039493,0.0005467832088471014,8.60095024109997e-05,108.699836,352.683837890625,352.70672237815967,352.683349609375,352.6837463378906,0.022884487534668096,-0.00048828125,-9.1552734375e-05
108.799796,0.0908994227647781,0.08710977223769326,0.0910189375281333,0.09076920896768559,-0.0037896505270848396,0.00011951476335519962,-0.00013021379709250713,108.799796,0.0868435204029083,0.09220169941411895,0.0871282517910003,0.0865814685821532,0.005358179011210648,0.0002847313880919994,-0.00026205182075510203,108.799796,352.6842041015625,352.7079468140711,352.683837890625,352.684326171875,0.023742712508578734,-0.0003662109375,0.0001220703125
108.899756,0.090700663626194,0.08700417149574088,0.0908994227647781,0.0907799080014229,-0.003696492130453116,0.00019875913858409533,7.924437522889571e-05,108.899756,0.0865752696990966,0.09281009937388696,0.0868435204029083,0.0865587890148163,0.00623482967479036,0.000268250703811701,-1.6480684280298363e-05,108.899756,352.6846008300781,352.70802485503765,352.6842041015625,352.6845703125,0.02342402495952456,-0.000396728515625,-3.0517578125e-05
108.999716,0.0906601101160049,0.0863147786928497,0.090700663626194,0.0905019044876099,-0.004345331423155199,4.055351018909803e-05,-0.0001582056283949973,108.999716,0.0865274742245674,0.09122636032359627,0.0865752696990966,0.0863070189952849,0.004698886099028868,4.779547452919697e-05,-0.00022045522928250405,108.999716,352.684814453125,352.70822796449164,352.6846008300781,352.68499755859375,0.02341351136664116,-0.000213623046875,0.00018310546875
109.099676,0.0903387814760208,0.08544939077424575,0.0906601101160049,0.0906195566058158,-0.004889390701775048,0.0003213286399841031,0.0002807751297950051,109.099676,0.0860949680209159,0.08645663268056966,0.0865274742245674,0.0864796787500382,0.0003616646596537598,0.0004325062036514976,0.00038471072912230064,109.099676,352.68511962890625,352.7095971128334,352.684814453125,352.6850280761719,0.024477483927171306,-0.00030517578125,-9.1552734375e-05
109.199636,0.0904200449585914,0.08347255396183538,0.0903387814760208,0.0900174528360367,-0.0069474909967560255,-8.126348257060656e-05,-0.00040259212255470966,109.199636,0.0860685855150222,0.06499129947615202,0.0860949680209159,0.0856624618172644,-0.02107728603887017,2.6382505893707275e-05,-0.00040612369775779034,109.199636,352.6854248046875,352.7151749531265,352.68511962890625,352.6854248046875,0.029750148439006807,-0.00030517578125,0.0
109.299596,0.0900559723377227,0.08410839306283646,0.0904200449585914,0.09050130844116201,-0.005947579274886233,0.0003640726208687106,0.0004453361034393172,109.299596,0.085706278681755,0.0618808481981709,0.0860685855150222,0.08604220300912849,-0.023825430483584098,0.00036230683326719804,0.00033592432737349076,109.299596,352.6857604980469,352.7267833812318,352.6854248046875,352.68572998046875,0.04102288318495084,-0.000335693359375,-3.0517578125e-05
109.399556,0.0900342538952827,0.0837446947891668,0.0900559723377227,0.08969189971685398,-0.006289559106115908,2.1718442439991326e-05,-0.0003423541784287193,109.399556,0.0857167541980743,0.06828152358353946,0.085706278681755,0.0853439718484878,-0.017435230614534836,-1.0475516319302658e-05,-0.0003727823495865007,109.399556,352.6859130859375,352.7377611039319,352.6857604980469,352.68609619140625,0.051848017994416296,-0.000152587890625,0.00018310546875
109.499516,0.0897676199674606,0.084811366617447,0.0900342538952827,0.09001253545284271,-0.004956253350013609,0.00026663392782209916,0.00024491548538210783,109.499516,0.0855045765638351,0.07474881309947075,0.0857167541980743,0.0857272297143936,-0.010755763464364354,0.00021217763423919678,0.00022265315055849944,109.499516,352.6863098144531,352.74536313577465,352.6859130859375,352.6860656738281,0.059053321321528074,-0.000396728515625,-0.000244140625
109.599476,0.0896740481257438,0.08466221118472345,0.0897676199674606,0.0895009860396385,-0.005011836941020351,9.357184171680799e-05,-0.00017306208610529117,109.599476,0.0855427905917167,0.07781319963927015,0.0855045765638351,0.0852923989295959,-0.007729590952446547,-3.821402788159456e-05,-0.00025039166212079134,109.599476,352.6863098144531,352.75052352282614,352.6863098144531,352.68670654296875,0.06421370837301765,0.0,0.000396728515625
109.699436,0.0894784405827522,0.08475204533779544,0.0896740481257438,0.08958047628402699,-0.0047263952449567576,0.00019560754299159655,0.00010203570127478856,109.699436,0.0851929411292076,0.07968906489988285,0.0855427905917167,0.08558100461959829,-0.0055038762293247445,0.00034984946250909976,0.0003880634903906943,109.699436,352.6865234375,352.7539100369145,352.6863098144531,352.6863098144531,0.06738659941447622,-0.000213623046875,-0.000213623046875
109.799396,0.0893975496292114,0.08417488630791684,0.0894784405827522,0.0892828330397606,-0.005222663321294563,8.0890953540802e-05,-0.00011471658945079455,109.799396,0.0851249918341636,0.08012584028862756,0.0851929411292076,0.0848430916666985,-0.00499915154553604,6.794929504400082e-05,-0.00028190016746509894,109.799396,352.6865234375,352.75684097153726,352.6865234375,352.6867370605469,0.07031753403725816,0.0,0.000213623046875
109.899356,0.0890899300575256,0.09491130638947357,0.0893975496292114,0.0893166586756706,0.005821376331947972,0.0003076195716858049,0.0002267286181450029,109.899356,0.0849136039614677,0.08732511513127121,0.0851249918341636,0.0850570425391196,0.0024115111698035097,0.0002113878726958951,0.00014343857765189427,109.899356,352.686767578125,352.75630818749966,352.6865234375,352.6865234375,0.06954060937465556,-0.000244140625,-0.000244140625
109.999316,0.0889946669340133,0.1048454821940168,0.0890899300575256,0.08878231048583979,0.01585081526000351,9.526312351229582e-05,-0.00021235644817350907,109.999316,0.0849457457661628,0.09345849948729336,0.0849136039614677,0.0847022160887718,0.008512753721130556,-3.214180469510164e-05,-0.00024352967739099673,109.999316,352.68682861328125,352.7475345099653,352.686767578125,352.68701171875,0.06070589668405546,-6.103515625e-05,0.00018310546875
110.099276,0.0888180956244468,0.0998219236448524,0.0889946669340133,0.088899403810501,0.011003828020405601,0.0001765713095664978,8.130818605420198e-05,110.099276,0.0848279669880867,0.09088448559566233,0.0849457457661628,0.0849778875708579,0.0060565186075756255,0.00011777877807610249,0.00014992058277120413,110.099276,352.6869812011719,352.73484284165295,352.68682861328125,352.6868896484375,0.047861640481073664,-0.000152587890625,-9.1552734375e-05
110.199236,0.0888732895255088,0.09392123067088462,0.0888180956244468,0.0886415243148803,0.005047941145375823,-5.519390106199784e-05,-0.00023176521062849564,110.199236,0.0849875658750534,0.08727838374241843,0.0848279669880867,0.0847101882100106,0.0022908178673650276,-0.00015959888696670532,-0.0002773776650428078,110.199236,352.6871643066406,352.7266756377294,352.6869812011719,352.6871337890625,0.039511331088760926,-0.00018310546875,-3.0517578125e-05
110.299196,0.0886942893266677,0.09103516743194522,0.0888732895255088,0.0889284834265708,0.0023408781052775135,0.00017900019884109497,0.0002341940999030928,110.299196,0.0850187540054321,0.08590614759204784,0.0849875658750534,0.08514716476202011,0.0008873935866157423,-3.118813037869539e-05,0.00012841075658800993,110.299196,352.6781005859375,352.7225424141355,352.6871643066406,352.6873474121094,0.04444182819798925,0.009063720703125,0.009246826171875
110.399989,0.0886462852358818,0.08875750780315808,0.0886942893266677,0.08851528912782661,0.00011122256727627566,4.800409078589696e-05,-0.000130996108055198,110.399989,0.0851095840334892,0.08459773702835117,0.0850187540054321,0.0850499421358108,-0.0005118470051380247,-9.083002805709839e-05,-5.9641897678403e-05,110.399989,352.65289306640625,352.7118646766216,352.6781005859375,352.6690368652344,0.05897161021533748,0.02520751953125,0.016143798828125
110.499949,0.088668867945671,0.08809401207977015,0.0886462852358818,0.08859828114509591,-0.0005748558659008501,-2.2582709789192856e-05,-7.058680057508981e-05,110.499949,0.085021786391735,0.08447552598257259,0.0851095840334892,0.0852004140615463,-0.0005462604091624051,8.77976417542059e-05,0.0001786276698113043,110.499949,352.6221923828125,352.68718430635136,352.65289306640625,352.627685546875,0.06499192353885519,0.03070068359375,0.0054931640625
110.599909,0.0885092616081237,0.08776961328159201,0.088668867945671,0.08869145065546019,-0.0007396483265316861,0.00015960633754730225,0.0001821890473364951,110.599909,0.0849912986159324,0.08395406857013696,0.085021786391735,0.08493398874998079,-0.001037230045795437,3.0487775802598427e-05,-5.7309865951607475e-05,110.599909,352.5929870605469,352.65772322227434,352.6221923828125,352.59149169921875,0.06473616172746688,0.029205322265625,-0.001495361328125
110.699869,0.0884846523404121,0.08719278764040077,0.0885092616081237,0.0883496552705764,-0.0012918647000113304,2.460926771159777e-05,-0.00013499706983570448,110.699869,0.0850713774561882,0.08368663626697359,0.0849912986159324,0.0849608108401298,-0.001384741189214611,-8.00788402558067e-05,-0.00011056661605840512,110.699869,352.568115234375,352.62949615370644,352.5929870605469,352.56378173828125,0.061380919331440964,0.024871826171875,-0.00433349609375
110.799829,0.0884298682212829,0.08714299482308786,0.0884846523404121,0.0884600430727005,-0.0012868733981950403,5.4784119129194786e-05,3.0174851417597015e-05,110.799829,0.0848703682422638,0.08378732910147399,0.0850713774561882,0.08515145629644401,-0.0010830391407898043,0.00020100921392440796,0.00028108805418021465,110.799829,352.5475769042969,352.60513679071204,352.568115234375,352.5432434082031,0.057559886415162964,0.020538330078125,-0.00433349609375
110.899789,0.0881780162453651,0.0868586791065042,0.0884298682212829,0.08837508410215371,-0.0013193371388608988,0.0002518519759178023,0.0001970678567886075,110.899789,0.0848014950752258,0.08321718771882963,0.0848703682422638,0.08466935902833939,-0.0015843073563961696,6.887316703799162e-05,-0.00013213604688641634,110.899789,352.5302429199219,352.5848117847988,352.5475769042969,352.52703857421875,0.054568864876898715,0.017333984375,-0.003204345703125
110.999749,0.0876114219427108,0.08662406772843265,0.0881780162453651,0.0879261642694473,-0.0009873542142781466,0.000566594302654308,0.0003147423267365057,110.999749,0.084288515150547,0.08341747842491665,0.0848014950752258,0.08473262190818781,-0.0008710367256303531,0.0005129799246788025,0.00044410675764081087,110.999749,352.51470947265625,352.5674310823037,352.5302429199219,352.5129089355469,0.052721609647448986,0.015533447265625,-0.001800537109375
111.099709,0.0874915495514869,0.08572620539627483,0.0876114219427108,0.08704482764005649,-0.0017653441552120674,0.00011987239122389359,-0.0004467219114304144,111.099709,0.0838242843747139,0.08244078430041987,0.084288515150547,0.0837755352258682,-0.001383500074294025,0.00046423077583310213,-4.874914884570036e-05,111.099709,352.5010681152344,352.5518560494667,352.51470947265625,352.4991760253906,0.05078793423234629,0.013641357421875,-0.00189208984375
111.199669,0.0869130194187164,0.08620928376099429,0.0874915495514869,0.087371677160263,-0.0007037356577221099,0.0005785301327704967,0.0004586577415466031,111.199669,0.0832948386669159,0.08241559398746814,0.0838242843747139,0.0833600535988808,-0.0008792446794477493,0.0005294457077980042,6.521493196490202e-05,111.199669,352.4884948730469,352.53833357183663,352.5010681152344,352.4874267578125,0.04983869878975611,0.0125732421875,-0.001068115234375
111.299629,0.0861709639430046,0.08504137507163742,0.0869130194187164,0.0863344892859459,-0.0011295888713671737,0.0007420554757118086,0.00016352534294131194,111.299629,0.0827341601252555,0.08157378637439344,0.0832948386669159,0.08276539295911789,-0.0011603737508620593,0.0005606785416603921,3.1232833862387954e-05,111.299629,352.4772644042969,352.5256630253528,352.4884948730469,352.4759216308594,0.04839862105592374,0.01123046875,-0.0013427734375
111.399589,0.0855701118707656,0.08434986691261358,0.0861709639430046,0.08542890846729279,-0.0012202449581520253,0.0006008520722389915,-0.00014120340347281712,111.399589,0.0820969641208648,0.08104887070412925,0.0827341601252555,0.08217348158359511,-0.0010480934167355488,0.0006371960043907027,7.651746273031057e-05,111.399589,352.46710205078125,352.5145102592143,352.4772644042969,352.4660339355469,0.04740820843306892,0.010162353515625,-0.001068115234375
111.499549,0.0851713865995407,0.08391232211009603,0.0855701118707656,0.08496925979852661,-0.0012590644894446695,0.0003987252712249062,-0.0002021268010140853,111.499549,0.0814816802740097,0.08040717868153209,0.0820969641208648,0.0814597681164741,-0.0010745015924776141,0.0006152838468550942,-2.191215753560849e-05,111.499549,352.4578552246094,352.50448930370385,352.46710205078125,352.4569396972656,0.046634079094474146,0.009246826171875,-0.00091552734375
111.599509,0.0844378024339675,0.08364430964514113,0.0851713865995407,0.08477266132831579,-0.0007934927888263582,0.0007335841655732034,0.0003348588943482972,111.599509,0.0807111784815788,0.07988737296225136,0.0814816802740097,0.08086639642715461,-0.0008238055193274391,0.0007705017924309054,0.00015521794557581126,111.599509,352.4495849609375,352.4953660399578,352.4578552246094,352.4486083984375,0.04578107902028705,0.008270263671875,-0.0009765625
111.699469,0.0838406905531883,0.08250396643896843,0.0844378024339675,0.08370421826839429,-0.0013367241142198671,0.000597111880779197,-0.00013647228479400642,111.699469,0.0799338370561599,0.07885298090850756,0.0807111784815788,0.0799406766891479,-0.0010808561476523398,0.0007773414254188954,6.839632987989952e-06,111.699469,352.4420471191406,352.4870782927429,352.4495849609375,352.4413146972656,0.0450311736022968,0.007537841796875,-0.000732421875
111.799429,0.0834990218281745,0.08217419064942168,0.0838406905531883,0.0832435786724091,-0.0013248311787528166,0.0003416687250138023,-0.00025544315576539467,111.799429,0.0790275931358337,0.07824820964718053,0.0799338370561599,0.07915649563074101,-0.0007793834886531681,0.0009062439203262052,0.00012890249490730976,111.799429,352.4354553222656,352.47963572722807,352.4420471191406,352.43450927734375,0.04418040496244657,0.006591796875,-0.000946044921875
111.899389,0.0829582214355468,0.08193684688310775,0.0834990218281745,0.08315735310316069,-0.0010213745524390583,0.0005408003926276883,0.000199131667613886,111.899389,0.0784582123160362,0.07729165540432482,0.0790275931358337,0.0781213492155075,-0.0011665569117113722,0.000569380819797502,-0.00033686310052870316,111.899389,352.4290771484375,352.4731358611315,352.4354553222656,352.4288635253906,0.04405871269398176,0.006378173828125,-0.000213623046875
111.999349,0.0824110135436058,0.08127685712434687,0.0829582214355468,0.08241742104291912,-0.0011341564192589304,0.0005472078919410012,6.407499313312859e-06,111.999349,0.0780836343765258,0.07695695415285679,0.0784582123160362,0.0778888314962387,-0.0011266802236690049,0.00037457793951040097,-0.00019480288028710102,111.999349,352.42340087890625,352.46673767596377,352.4290771484375,352.4226989746094,0.04333679705752047,0.00567626953125,-0.000701904296875
112.099309,0.0819540992379188,0.08078681970779115,0.0824110135436058,0.0818638056516648,-0.0011672795301276434,0.0004569143056870062,-9.029358625399497e-05,112.099309,0.0774758830666542,0.07660094091380235,0.0780836343765258,0.0777090564370154,-0.0008749421528518597,0.0006077513098715903,0.00023317337036118935,112.099309,352.41845703125,352.46120025635,352.42340087890625,352.417724609375,0.042743225100025484,0.00494384765625,-0.000732421875
112.199269,0.0815684348344802,0.08031312723408049,0.0819540992379188,0.08149718493223179,-0.0012553076003997132,0.00038566440343859587,-7.124990224841032e-05,112.199269,0.0770701542496681,0.07574235234406516,0.0774758830666542,0.07686813175678262,-0.0013278019056029294,0.00040572881698611174,-0.00020202249288547858,112.199269,352.4137878417969,352.45647822223543,352.41845703125,352.41351318359375,0.04269038043855744,0.004669189453125,-0.000274658203125
112.299229,0.080948531627655,0.08007900990533284,0.0815684348344802,0.0811827704310416,-0.0008695217223221585,0.0006199032068252008,0.00023423880338660497,112.299229,0.076504074037075,0.07562567249604428,0.0770701542496681,0.07666442543268198,-0.0008784015410307211,0.0005660802125930925,0.00016035139560698075,112.299229,352.4097595214844,352.45185317174213,352.4137878417969,352.40911865234375,0.04209365025775469,0.0040283203125,-0.000640869140625
112.399189,0.0806379690766334,0.07913421051106678,0.080948531627655,0.0803286284208298,-0.0015037585655666152,0.0003105625510216037,-0.00030934065580359715,112.399189,0.0762680992484092,0.0747467869923505,0.076504074037075,0.07593799382448191,-0.001521312256058699,0.00023597478866579924,-0.00033010542392729325,112.399189,352.4060363769531,352.4478004677088,352.4097595214844,352.4057312011719,0.04176409075569154,0.00372314453125,-0.00030517578125
112.499982,0.0802503749728202,0.07931743752533951,0.0806379690766334,0.0803274065256118,-0.0009329374474806862,0.00038759410381319914,7.703155279159546e-05,112.499982,0.0760895758867263,0.07498977781200304,0.0762680992484092,0.0760321244597434,-0.0010997980747232544,0.00017852336168290572,-5.7451426982893516e-05,112.499982,352.4027404785156,352.44421443655153,352.4060363769531,352.4023132324219,0.041473958035908254,0.0032958984375,-0.00042724609375
112.599942,0.0801830664277076,0.07869496448976827,0.0802503749728202,0.079862780869007,-0.001488101937939329,6.730854511259599e-05,-0.00032028555870060316,112.599942,0.0757538527250289,0.07461058164004519,0.0760895758867263,0.07591105252504339,-0.0011432710849837019,0.0003357231616974016,0.00015719980001449585,112.599942,352.3995666503906,352.44097502204085,352.4027404785156,352.3994445800781,0.04140837165022049,0.003173828125,-0.0001220703125
112.699902,0.0799998790025711,0.07886190777659022,0.0801830664277076,0.080115757882595,-0.0011379712259808883,0.00018318742513649677,0.00011587888002390079,112.699902,0.0755399912595748,0.07426951106297877,0.0757538527250289,0.07541812956333149,-0.0012704801965960355,0.00021386146545408768,-0.00012186169624331389,112.699902,352.3965759277344,352.43802960911205,352.3995666503906,352.3963928222656,0.04145368137767491,0.00299072265625,-0.00018310546875
112.799862,0.0799792930483818,0.07854064742488986,0.0799998790025711,0.07981669157743461,-0.001438645623491941,2.0585954189300537e-05,-0.00016260147094719624,112.799862,0.0752680599689483,0.07414357846822354,0.0755399912595748,0.07532612979412072,-0.00112448150072475,0.000271931290626512,5.8069825172424316e-05,112.799862,352.3937683105469,352.435008064429,352.3965759277344,352.3935852050781,0.04123975388210965,0.0028076171875,-0.00018310546875
112.899822,0.0798991471529007,0.0786316316114431,0.0799792930483818,0.0799587070941925,-0.0012675155414575978,8.014589548110962e-05,5.955994129180908e-05,112.899822,0.0749585255980491,0.07385273428625273,0.0752680599689483,0.07499612867832178,-0.0011057913117963614,0.00030953437089920044,3.760308027268844e-05,112.899822,352.3913879394531,352.4322951869266,352.3937683105469,352.3909606933594,0.040907247473455755,0.00238037109375,-0.00042724609375
112.999782,0.0800845772027969,0.07845108604503173,0.0798991471529007,0.07981900125741959,-0.0016334911577651628,-0.0001854300498961986,-0.0002655759453773082,112.999782,0.0747988149523735,0.07349655185690211,0.0749585255980491,0.0746489912271499,-0.0013022630954713926,0.0001597106456755898,-0.00014982372522361065,112.999782,352.3890686035156,352.4299337833228,352.3913879394531,352.3890075683594,0.04086517980715598,0.0023193359375,-6.103515625e-05
113.099742,0.0801165327429771,0.07892096376473404,0.0800845772027969,0.08027000725269309,-0.001195568978243064,-3.19555401802063e-05,0.0001534745097159923,113.099742,0.0746375098824501,0.0735796335413722,0.0747988149523735,0.07463910430669791,-0.0010578763410779013,0.00016130506992340088,1.5944242478110882e-06,113.099742,352.38690185546875,352.4276944620946,352.3890686035156,352.3867492675781,0.04079260662587103,0.002166748046875,-0.000152587890625
113.199702,0.0803195014595985,0.07869540694750883,0.0801165327429771,0.08014848828315731,-0.0016240945120896688,-0.00020296871662139893,-0.00017101317644119263,113.199702,0.074700653553009,0.07325266107775878,0.0746375098824501,0.0744762048125267,-0.0014479924752502232,-6.314367055890169e-05,-0.00022444874048230257,113.199702,352.3848876953125,352.4255395754769,352.38690185546875,352.3847351074219,0.0406518801643756,0.00201416015625,-0.000152587890625
113.299662,0.0805740728974342,0.07917455977160165,0.0803195014595985,0.0805224701762199,-0.0013995131258325577,-0.00025457143783570724,-5.160272121430831e-05,113.299662,0.0746636167168617,0.0735869605442491,0.074700653553009,0.07476379722356791,-0.0010766561726126,3.703683614730835e-05,0.00010018050670621004,113.299662,352.3830261230469,352.42364428298885,352.3848876953125,352.38287353515625,0.040618159941971044,0.001861572265625,-0.000152587890625
113.399622,0.0808613821864128,0.07932618231015272,0.0805740728974342,0.08082864433526991,-0.0015351998762600794,-0.00028730928897859054,-3.27378511428833e-05,113.399622,0.0749945417046547,0.07334832537018038,0.0746636167168617,0.07462657988071439,-0.0016462163344743153,-0.0003309249877929965,-0.00036796182394030486,113.399622,352.3814697265625,352.42188417049874,352.3830261230469,352.38116455078125,0.040414443936242606,0.001556396484375,-0.00030517578125
113.499582,0.0811933726072311,0.0797766973737841,0.0808613821864128,0.08114869147539139,-0.001416675233447004,-0.0003319904208183011,-4.4681131839710564e-05,113.499582,0.0751213058829307,0.07403322575101459,0.0749945417046547,0.07532546669244769,-0.0010880801319161082,-0.0001267641782760065,0.00020416080951699,113.499582,352.3798522949219,352.4203712801761,352.3814697265625,352.3799133300781,0.04051898525420938,0.001617431640625,6.103515625e-05
113.599542,0.0815997421741485,0.07997891088211505,0.0811933726072311,0.0815253630280494,-0.001620831292033456,-0.00040636956691740556,-7.437914609910445e-05,113.599542,0.0755259469151496,0.07383376968292622,0.0751213058829307,0.0752480700612067,-0.0016921772322233825,-0.00040464103221890535,-0.00027787685394289885,113.599542,352.37823486328125,352.41887300529913,352.3798522949219,352.37823486328125,0.04063814201788318,0.001617431640625,0.0
113.699502,0.0819076150655746,0.0805864295430995,0.0815997421741485,0.08200611174106591,-0.0013211855224751073,-0.0003078728914261003,9.849667549130525e-05,113.699502,0.0755385160446167,0.07458220254249501,0.0755259469151496,0.07593058794736851,-0.0009563135021216917,-1.2569129467093765e-05,0.0003920719027518116,113.699502,352.3769836425781,352.41732860566805,352.37823486328125,352.3766174316406,0.04034496308992175,0.001251220703125,-0.0003662109375
113.799462,0.0823711305856704,0.08058298315355256,0.0819076150655746,0.0822154879570007,-0.0017881474321178453,-0.00046351552009579744,-0.00015564262866969714,113.799462,0.0757655203342437,0.0741088957628633,0.0755385160446167,0.07555108517408379,-0.0016566245713804106,-0.0002270042896270058,-0.00021443516015991204,113.799462,352.37579345703125,352.41610132720996,352.3769836425781,352.375732421875,0.04030787017870807,0.001190185546875,-6.103515625e-05
113.899422,0.0826674327254295,0.0813784833419943,0.0823711305856704,0.0828346461057662,-0.0012889493834351978,-0.0002963021397590915,0.00016721338033670596,113.899422,0.0760097801685333,0.07477170453496779,0.0757655203342437,0.07599252462387071,-0.0012380756335655108,-0.0002442598342895924,-1.7255544662586608e-05,113.899422,352.3747253417969,352.414921212597,352.37579345703125,352.3746032714844,0.04019587080011888,0.001068115234375,-0.0001220703125
113.999382,0.0830026343464851,0.08141972516726675,0.0826674327254295,0.08296373486518858,-0.001582909179218342,-0.00033520162105560303,-3.889948129651155e-05,113.999382,0.0764602422714233,0.07483346572413582,0.0760097801685333,0.07625404000282289,-0.0016267765472874757,-0.00045046210289000077,-0.00020620226860040836,113.999382,352.3739929199219,352.4137785638071,352.3747253417969,352.3736572265625,0.03978564388523864,0.000732421875,-0.000335693359375
114.099342,0.0831773206591606,0.08192976190605405,0.0830026343464851,0.0833378359675407,-0.0012475587531065452,-0.00017468631267550383,0.0001605153083800992,114.099342,0.0767059251666069,0.07548291704610076,0.0764602422714233,0.0769107043743133,-0.0012230081205061444,-0.00024568289518360487,0.0002047792077063959,114.099342,352.37322998046875,352.4131153202539,352.3739929199219,352.3732604980469,0.03988533978514397,0.000762939453125,3.0517578125e-05
114.199302,0.0835173204541206,0.08185609062172788,0.0831773206591606,0.0833520069718361,-0.0016612298323927105,-0.0003399997949599942,-0.0001653134822844904,114.199302,0.0772726014256477,0.07539983694799654,0.0767059251666069,0.07695160806179051,-0.0018727644776511537,-0.0005666762590407909,-0.000320993363857186,114.199302,352.37237548828125,352.4123762056293,352.37322998046875,352.3724670410156,0.04000071734805033,0.0008544921875,9.1552734375e-05
114.299262,0.0839971601963043,0.08255328809338167,0.0835173204541206,0.08385732024908059,-0.0014438721029226276,-0.0004798397421836992,-0.00013983994722370496,114.299262,0.0774711593985557,0.07639851488320053,0.0772726014256477,0.07783927768468848,-0.0010726445153551728,-0.00019855797290800614,0.00036811828613278474,114.299262,352.37158203125,352.41157183659396,352.37237548828125,352.37152099609375,0.039989805343964235,0.00079345703125,-6.103515625e-05
114.399222,0.0843730643391609,0.08287721087481578,0.0839971601963043,0.08447699993848799,-0.0014958534643451232,-0.0003759041428566118,0.0001039355993270874,114.399222,0.0781243816018104,0.0761661743751635,0.0774711593985557,0.0776697173714637,-0.001958207226646899,-0.0006532222032546997,-0.00045466423034669357,114.399222,352.3706970214844,352.41087858831133,352.37158203125,352.37078857421875,0.04018156682695917,0.000885009765625,9.1552734375e-05
114.500015,0.0850849226117134,0.08336351973354036,0.0843730643391609,0.08474896848201752,-0.0017214028781730312,-0.0007118582725524902,-0.00033595412969587846,114.500015,0.0785588473081588,0.07731663187650054,0.0781243816018104,0.0787776038050651,-0.0012422154316582695,-0.0004344657063484053,0.0002187564969062944,114.500015,352.3702697753906,352.40995064368184,352.3706970214844,352.36981201171875,0.039680868291213756,0.00042724609375,-0.000457763671875
114.599975,0.0856627598404884,0.08418699961463691,0.0850849226117134,0.08579678088426589,-0.0014757602258514968,-0.0005778372287750105,0.0001340210437774797,114.599975,0.0788996666669845,0.0774858961096423,0.0785588473081588,0.07899331301450721,-0.0014137705573422088,-0.00034081935882569747,9.364634752270784e-05,114.599975,352.3696594238281,352.4096599638595,352.3702697753906,352.3698425292969,0.040000540031371656,0.0006103515625,0.00018310546875
114.699935,0.0861020684242248,0.0845735681600035,0.0856627598404884,0.08624059706926342,-0.0015285002642212997,-0.0004393085837363919,0.00013852864503861861,114.699935,0.0792667791247367,0.07777869332888607,0.0788996666669845,0.0792404860258102,-0.0014880857958506355,-0.00036711245775220003,-2.6293098926502556e-05,114.699935,352.36895751953125,352.4090537064238,352.3696594238281,352.3690490722656,0.040096186892526475,0.000701904296875,9.1552734375e-05
114.799895,0.0865679159760475,0.08496200903621269,0.0861020684242248,0.08654137700796119,-0.0016059069398348114,-0.000465847551822704,-2.6538968086312065e-05,114.799895,0.0798186361789703,0.07819709687706447,0.0792667791247367,0.0796338915824889,-0.001621539301905825,-0.0005518570542335927,-0.00018474459648139263,114.799895,352.3683166503906,352.4082485753835,352.36895751953125,352.3682556152344,0.03993192499285669,0.000640869140625,-6.103515625e-05
114.899855,0.0869908928871154,0.08555618310299827,0.0865679159760475,0.0870337635278702,-0.0014347097841171247,-0.00042297691106789326,4.287064075481073e-05,114.899855,0.0802883431315422,0.0788945511560032,0.0798186361789703,0.08037049323320389,-0.0013937919755390021,-0.00046970695257191053,8.215010166168213e-05,114.899855,352.367919921875,352.40762732045914,352.3683166503906,352.36767578125,0.03970739858414163,0.000396728515625,-0.000244140625
114.999815,0.087327666580677,0.08587436041303888,0.0869908928871154,0.08741386979818329,-0.001453306167638127,-0.00033677369356160947,8.620321750628379e-05,114.999815,0.0808174610137939,0.0791833729022809,0.0802883431315422,0.08075805008411412,-0.001634088111512999,-0.0005291178822516979,-5.941092967978734e-05,114.999815,352.3676452636719,352.4072807171085,352.367919921875,352.3675231933594,0.039635453436630996,0.000274658203125,-0.0001220703125
115.099775,0.0877155289053917,0.08620962173554128,0.087327666580677,0.08766444027423861,-0.0015059071698504123,-0.0003878623247146884,-5.1088631153078934e-05,115.099775,0.0814937204122543,0.07978091903219116,0.0808174610137939,0.0813465788960456,-0.0017128013800631475,-0.0006762593984604021,-0.0001471415162087042,115.099775,352.36724853515625,352.40699528013664,352.3676452636719,352.36737060546875,0.03974674498039121,0.000396728515625,0.0001220703125
115.199735,0.0883702114224433,0.08670487692777744,0.0877155289053917,0.08810339123010638,-0.0016653344946658682,-0.0006546825170516135,-0.0002668201923369251,115.199735,0.0820374637842178,0.08056652552560611,0.0814937204122543,0.08216997981071471,-0.0014709382586116926,-0.000543743371963501,0.00013251602649690108,115.199735,352.3667907714844,352.40661369346935,352.36724853515625,352.3668518066406,0.039822921984978166,0.000457763671875,6.103515625e-05
115.299695,0.0890993922948837,0.08748056366831929,0.0883702114224433,0.08902489393949492,-0.0016188286265644142,-0.0007291808724403936,-7.449835538878014e-05,115.299695,0.0824527516961097,0.08101498243303963,0.0820374637842178,0.08258120715618131,-0.0014377692630700711,-0.0004152879118918956,0.00012845546007160535,115.299695,352.3666076660156,352.4062967263165,352.3667907714844,352.3663330078125,0.039689060300872825,0.00018310546875,-0.000274658203125
115.399655,0.0896323174238205,0.08815659869978508,0.0890993922948837,0.0898285731673241,-0.0014757187240354158,-0.0005329251289367953,0.0001962557435035983,115.399655,0.0829995721578598,0.08139362498540573,0.0824527516961097,0.0828680396080016,-0.0016059471724540753,-0.0005468204617500999,-0.00013153254985820428,115.399655,352.36627197265625,352.4061222922481,352.3666076660156,352.3664245605469,0.03985031959183516,0.000335693359375,0.000152587890625
115.499615,0.0900662094354629,0.08856173421137147,0.0896323174238205,0.09016524255275729,-0.001504475224091431,-0.00043389201164240054,9.903311729439479e-05,115.499615,0.083584725856781,0.08204476086335889,0.0829995721578598,0.0835463926196099,-0.0015399649934221132,-0.0005851536989212036,-3.833323717110371e-05,115.499615,352.3661499023437,352.40566663149684,352.36627197265625,352.3659362792969,0.0395167291531493,0.00012207031255684342,-0.00021362304681815658
115.599575,0.0906264781951904,0.08897074267902892,0.0900662094354629,0.0905001014471053,-0.00165573551616148,-0.0005602687597275058,-0.00012637674808510524,115.599575,0.0841991528868675,0.08258646030709446,0.083584725856781,0.08416987955570221,-0.001612692579773034,-0.0006144270300864896,-2.9273331165285965e-05,115.599575,352.3661193847656,352.40552312682615,352.3661499023437,352.36602783203114,0.03940374206052866,3.051757806815658e-05,-9.155273448868684e-05
115.699535,0.0913288369774818,0.08968512671621552,0.0906264781951904,0.09118674695491791,-0.001643710261266279,-0.0007023587822913985,-0.0001420900225638927,115.699535,0.0847477987408638,0.08325143526620943,0.0841991528868675,0.08481357991695399,-0.001496363474654372,-0.0005486458539963046,6.578117609018497e-05,115.699535,352.3658142089844,352.405568969089,352.3661193847656,352.36608886718756,0.03975476010464263,0.00030517578125,0.0002746582031818434
115.799495,0.0920023843646049,0.09042626182410608,0.0913288369774818,0.0920311957597732,-0.0015761225404988116,-0.000673547387123094,2.8811395168304443e-05,115.799495,0.0852930396795272,0.08376281269453031,0.0847477987408638,0.0852964445948601,-0.0015302269849968853,-0.0005452409386633994,3.4049153329052118e-06,115.799495,352.365966796875,352.40532207970085,352.3658142089844,352.3655090332031,0.0393552828258521,-0.000152587890625,-0.000457763671875
115.899455,0.092424564063549,0.0910336388727633,0.0920023843646049,0.09267593175172799,-0.001390925190785694,-0.0004221796989441057,0.00025136768817898836,115.899455,0.0859874859452247,0.08431700361803693,0.0852930396795272,0.0858382806181906,-0.0016704823271877778,-0.000694446265697507,-0.0001492053270341076,115.899455,352.365966796875,352.40543597807414,352.365966796875,352.3661193847656,0.03946918119913789,0.0,0.000152587890625
115.999415,0.0928666591644287,0.09131285241852671,0.092424564063549,0.0928467437624931,-0.0015538067459019839,-0.00044209510087969695,-1.991540193559127e-05,115.999415,0.0865615457296371,0.08505639947880946,0.0859874859452247,0.08668193221092221,-0.0015051462508276492,-0.0005740597844123979,0.00012038648128510909,115.999415,352.3658447265625,352.40535045864203,352.365966796875,352.365966796875,0.03950573207953312,0.0001220703125,0.0001220703125
116.099375,0.0933255329728126,0.09179828701304014,0.0928666591644287,0.0933087542653084,-0.0015272459597724525,-0.0004588738083839,-1.6778707504203072e-05,116.099375,0.0870275720953941,0.08549903567805996,0.0865615457296371,0.0871356055140495,-0.0015285364173341504,-0.0004660263657570024,0.00010803341865539551,116.099375,352.36572265625,352.4052818672329,352.3658447265625,352.36572265625,0.03955921098287263,0.0001220703125,0.0
116.199335,0.0938942953944206,0.09226532490362985,0.0933255329728126,0.0937844067811965,-0.0016289704907907487,-0.000568762421607999,-0.00010988861322409893,116.199335,0.0875947028398513,0.08593039416158102,0.0870275720953941,0.08749359846115111,-0.0016643086782702765,-0.0005671307444571894,-0.00010110437870018696,116.199335,352.3656921386719,352.40517752077204,352.36572265625,352.3656005859375,0.0394853821001675,3.0517578125e-05,-9.1552734375e-05
116.299295,0.0944147706031799,0.09296198209420585,0.0938942953944206,0.0944630578160286,-0.0014527885089740539,-0.0005204752087593079,4.8287212848691086e-05,116.299295,0.088026039302349,0.08666349144685566,0.0875947028398513,0.08816183358430849,-0.0013625478554933346,-0.0004313364624976973,0.00013579428195949206,116.299295,352.3658447265625,352.4051182148999,352.3656921386719,352.36566162109375,0.03927348833741462,-0.000152587890625,-0.00018310546875
116.399255,0.0951955690979957,0.09332752743590594,0.0944147706031799,0.09493524581193921,-0.0018680416620897589,-0.0007807984948157987,-0.0002603232860564908,116.399255,0.0886140540242195,0.08690897855625539,0.088026039302349,0.08845737576484669,-0.0017050754679641122,-0.0005880147218705056,-0.00015667825937280833,116.399255,352.3659362792969,352.4052456645509,352.3658447265625,352.3659973144531,0.03930938525400052,-9.1552734375e-05,6.103515625e-05
116.499215,0.0957112088799476,0.094418650832772,0.0951955690979957,0.0959763675928115,-0.0012925580471756098,-0.0005156397819519043,0.00026515871286389436,116.499215,0.0889347046613693,0.08779011993939446,0.0886140540242195,0.08920206874609,-0.0011445847219748312,-0.0003206506371497969,0.0002673640847207087,116.499215,352.3661804199219,352.40538367550914,352.3659362792969,352.36602783203125,0.03920325558726745,-0.000244140625,-0.000152587890625
116.600008,0.0964463576674461,0.09449262073757911,0.0957112088799476,0.09622684866189951,-0.0019537369298669865,-0.000735148787498488,-0.0002195090055465837,116.600008,0.0895406380295753,0.0876975289821445,0.0889347046613693,0.08925535529851909,-0.0018431090474308048,-0.0006059333682060103,-0.0002852827310562134,116.600008,352.3662414550781,352.40554633037493,352.3661804199219,352.3664245605469,0.03930487529680704,-6.103515625e-05,0.00018310546875
116.699968,0.0970029234886169,0.0956614537404801,0.0964463576674461,0.09718150645494458,-0.0013414697481368004,-0.0005565658211708069,0.00017858296632768111,116.699968,0.0898245349526405,0.08878428407057165,0.0895406380295753,0.09014657139778132,-0.001040250882068855,-0.0002838969230651994,0.00032203644514081087,116.699968,352.36651611328125,352.4056352066144,352.3662414550781,352.3663024902344,0.039119093333169985,-0.000274658203125,-0.000213623046875
116.799928,0.0978109613060951,0.09581124563462755,0.0970029234886169,0.09755948930978771,-0.0019997156714675474,-0.0008080378174781938,-0.0002514719963073869,116.799928,0.0902371108531951,0.08856729925660188,0.0898245349526405,0.0901084318757057,-0.0016698115965932125,-0.0004125759005545876,-0.00012867897748938817,116.799928,352.3668518066406,352.40586329841506,352.36651611328125,352.3667907714844,0.039011491774431306,-0.000335693359375,-6.103515625e-05
116.899888,0.0983539819717407,0.09701249305072027,0.0978109613060951,0.09861899912357329,-0.0013414889210204284,-0.0005430206656455994,0.00026501715183259444,116.899888,0.0909444540739059,0.08936647043847283,0.0902371108531951,0.09064968675374968,-0.0015779836354330723,-0.0007073432207108099,-0.0002947673201562223,116.899888,352.3672180175781,352.40623540592554,352.3668518066406,352.3671875,0.039017388347417636,-0.0003662109375,-3.0517578125e-05
116.999848,0.0990794450044632,0.09730398928743801,0.0983539819717407,0.0988970026373863,-0.0017754557170251845,-0.0007254630327225009,-0.00018244236707690153,116.999848,0.0916211903095245,0.0901006578573377,0.0909444540739059,0.09165179729461671,-0.001520532452186793,-0.0006767362356185913,3.06069850922186e-05,116.999848,352.3674011230469,352.4064625066496,352.3672180175781,352.3675842285156,0.03906138360270006,-0.00018310546875,0.00018310546875
117.099808,0.0996095612645149,0.09821018916346208,0.0990794450044632,0.0998049080371857,-0.0013993721010528148,-0.0005301162600516995,0.00019534677267080136,117.099808,0.092099905014038,0.09072209276607718,0.0916211903095245,0.09229792654514309,-0.0013778122479608246,-0.00047871470451350817,0.00019802153110508314,117.099808,352.36767578125,352.4068179307787,352.3674011230469,352.3675842285156,0.03914214952868633,-0.000274658203125,-9.1552734375e-05
117.199768,0.0999841019511222,0.09847921522160773,0.0996095612645149,0.1001396775245666,-0.0015048867295144736,-0.00037454068660730533,0.0001555755734443942,117.199768,0.0925251245498657,0.09096119984870121,0.092099905014038,0.09257861971855151,-0.001563924701164482,-0.00042521953582769223,5.349516868581594e-05,117.199768,352.3680725097656,352.40709060353157,352.36767578125,352.3679504394531,0.03901809376594656,-0.000396728515625,-0.0001220703125
117.299728,0.1004654169082641,0.09882427147032548,0.0999841019511222,0.1003586426377295,-0.0016411454379386264,-0.000481314957141904,-0.00010677427053459865,117.299728,0.093082845211029,0.09142465754457892,0.0925251245498657,0.09295034408569339,-0.001658187666450081,-0.0005577206611633023,-0.0001325011253356101,117.299728,352.3684387207031,352.4073771186326,352.3680725097656,352.36846923828125,0.038938397929484836,-0.0003662109375,3.0517578125e-05
117.399688,0.1009066179394722,0.09949775646959577,0.1004654169082641,0.10094673186540601,-0.0014088614698764268,-0.00044120103120809384,4.0113925933810135e-05,117.399688,0.0936897099018096,0.09215226553521888,0.093082845211029,0.0936405658721923,-0.001537444366590715,-0.000606864690780598,-4.914402961729569e-05,117.399688,352.3688659667969,352.4077015856398,352.3684387207031,352.3688049316406,0.0388356188429384,-0.00042724609375,-6.103515625e-05
117.499648,0.101286232471466,0.09985510858552217,0.1009066179394722,0.10134781897068029,-0.0014311238859438247,-0.0003796145319937966,6.158649921429726e-05,117.499648,0.0939993262290954,0.09269443343871622,0.0936897099018096,0.0942965745925902,-0.0013048927903791807,-0.00030961632728580823,0.0002972483634947898,117.499648,352.3691711425781,352.40812502072544,352.3688659667969,352.3692932128906,0.03895387814731066,-0.00030517578125,0.0001220703125
117.599608,0.1014982163906097,0.10009771695324444,0.101286232471466,0.10166584700345979,-0.0014004994373652546,-0.0002119839191437045,0.00016763061285009206,117.599608,0.094423159956932,0.09274292003984237,0.0939993262290954,0.09430894255638121,-0.0016802399170896265,-0.000423833727836595,-0.00011421740055078677,117.599608,352.3695373535156,352.40845729543753,352.3691711425781,352.3694763183594,0.038919941921903956,-0.0003662109375,-6.103515625e-05
117.699568,0.10187778621912,0.10030523666145745,0.1014982163906097,0.1017102003097534,-0.0015725495576625476,-0.0003795698285102983,-0.0001675859093665938,117.699568,0.0949097722768783,0.09334997453144082,0.094423159956932,0.0948469936847686,-0.0015597977454374773,-0.00048661231994630294,-6.277859210970793e-05,117.699568,352.3698425292969,352.40869647839173,352.3695373535156,352.3699035644531,0.0388539490948574,-0.00030517578125,6.103515625e-05
117.799528,0.102101944386959,0.1008617426278228,0.10187778621912,0.1022573560476303,-0.0012402017591362086,-0.00022415816783900866,0.00015541166067128964,117.799528,0.0953117460012435,0.0938981816053265,0.0949097722768783,0.0953963845968246,-0.0014135643959169997,-0.00040197372436519274,8.46385955811102e-05,117.799528,352.3702697753906,352.4090138861538,352.3698425292969,352.3701477050781,0.03874411076316164,-0.00042724609375,-0.0001220703125
117.899488,0.1023658588528633,0.10086769907715015,0.102101944386959,0.10232610255479802,-0.0014981597757131454,-0.00026391446590429135,-3.975629806528269e-05,117.899488,0.0956355556845665,0.09412127718668432,0.0953117460012435,0.09571371972560869,-0.0015142784978821738,-0.00032380968332300364,7.81640410421891e-05,117.899488,352.3706970214844,352.40942467028236,352.3702697753906,352.3706970214844,0.03872764879798751,-0.00042724609375,0.0
117.999448,0.1028861477971077,0.10121581654709504,0.1023658588528633,0.10262977331876759,-0.0016703312500126605,-0.0005202889442443986,-0.0002563744783401073,117.999448,0.0959410294890403,0.09447135921769716,0.0956355556845665,0.0959593653678895,-0.0014696702713431486,-0.00030547380447380756,1.8335878849196074e-05,117.999448,352.3708801269531,352.40984643270224,352.3706970214844,352.3711242675781,0.03896630574911342,-0.00018310546875,0.000244140625
118.099408,0.1031446456909179,0.10192978735687716,0.1028861477971077,0.1034064367413521,-0.0012148583340407387,-0.00025849789381020283,0.0002617910504341958,118.099408,0.0964498594403266,0.09487302191631944,0.0959410294890403,0.09624650329351411,-0.0015768375240071547,-0.0005088299512862882,-0.0002033561468124806,118.099408,352.3714904785156,352.41005601730103,352.3708801269531,352.3710632324219,0.038565538785405806,-0.0006103515625,-0.00042724609375
118.199368,0.1036053150892257,0.1019484548687132,0.1031446456909179,0.1034031435847281,-0.0016568602205124933,-0.0004606693983078003,-0.00020217150449759747,118.199368,0.0969890654087066,0.09542697728637982,0.0964498594403266,0.09695868939161288,-0.0015620881223267769,-0.0005392059683800021,-3.037601709371396e-05,118.199368,352.3719177246094,352.4105405344949,352.3714904785156,352.3721008300781,0.03862280988550992,-0.00042724609375,0.00018310546875
118.299328,0.1039460897445678,0.10263390066603362,0.1036053150892257,0.1040659844875335,-0.0013121890785341844,-0.00034077465534210205,0.00011989474296569824,118.299328,0.0971765890717506,0.09600915482288468,0.0969890654087066,0.0975282713770866,-0.0011674342488659228,-0.00018752366304400359,0.00035168230533599854,118.299328,352.3725891113281,352.4110761551122,352.3719177246094,352.3723449707031,0.038487043784073194,-0.00067138671875,-0.000244140625
118.399288,0.1042870804667472,0.10269563393841985,0.1039460897445678,0.1042868643999099,-0.0015914465283273505,-0.00034099072217939896,-2.1606683729691323e-07,118.399288,0.0975808799266815,0.09582982348898574,0.0971765890717506,0.0973641127347946,-0.0017510564376957694,-0.00040429085493090544,-0.00021676719188690186,118.399288,352.3730773925781,352.41173432121565,352.3725891113281,352.3732604980469,0.038656928637522014,-0.00048828125,0.00018310546875
118.499248,0.1043618768453598,0.10322704919256376,0.1042870804667472,0.1046280711889266,-0.0011348276527960444,-7.479637861260158e-05,0.0002661943435667974,118.499248,0.0977553054690361,0.09660505074536158,0.0975808799266815,0.09798517078161241,-0.0011502547236745264,-0.00017442554235459762,0.00022986531257630782,118.499248,352.373779296875,352.41212356904015,352.3730773925781,352.3735656738281,0.038344272165147686,-0.000701904296875,-0.000213623046875
118.599208,0.1047238260507583,0.10294869333756743,0.1043618768453598,0.1044366732239724,-0.00177513271319088,-0.00036194920539850406,-0.0002871528267859025,118.599208,0.0977471470832824,0.09638862326015746,0.0977553054690361,0.0979297310113907,-0.0013585238231249436,8.15838575370098e-06,0.0001825839281082986,118.599208,352.37469482421875,352.41270911710586,352.373779296875,352.3744812011719,0.03801429288711233,-0.00091552734375,-0.000213623046875
118.700001,0.1048805862665176,0.10364239936671273,0.1047238260507583,0.10508577525615681,-0.0012381868998048717,-0.00015676021575929122,0.00020518898963921284,118.700001,0.097672700881958,0.09648858874189283,0.0977471470832824,0.0977389886975287,-0.0011841121400651689,7.444620132440738e-05,6.62878155707064e-05,118.700001,352.3753967285156,352.4136681308742,352.37469482421875,352.3756103515625,0.03827140235858906,-0.000701904296875,0.000213623046875
118.799961,0.1051856204867363,0.1035298877556375,0.1048805862665176,0.10503734648227689,-0.0016557327310987996,-0.0003050342202187001,-0.00014827400445940886,118.799961,0.0980841889977455,0.09632788627282032,0.097672700881958,0.09759825468063359,-0.0017563027249251767,-0.0004114881157875061,-0.0004859343171119135,118.799961,352.3762512207031,352.41417531116855,352.3753967285156,352.3760986328125,0.03792409046542389,-0.0008544921875,-0.000152587890625
118.899921,0.1051331013441085,0.10419297460564106,0.1051856204867363,0.105490654706955,-0.0009401267384674394,5.251914262779933e-05,0.0003575533628464994,118.899921,0.0984823703765869,0.09723850778062067,0.0980841889977455,0.098495677113533,-0.001243862595966233,-0.00039818137884140015,1.3306736946105957e-05,118.899921,352.376953125,352.4149867364954,352.3762512207031,352.3771057128906,0.038033611495393416,-0.000701904296875,0.000152587890625
118.999881,0.1052252948284149,0.10369618879824853,0.1051331013441085,0.1050805822014807,-0.0015291060301663717,-9.219348430640484e-05,-0.00014471262693420417,118.999881,0.0987663641571998,0.0972337092991441,0.0984823703765869,0.0988805517554283,-0.0015326548580557042,-0.0002839937806129039,0.00011418759822849622,118.999881,352.3775634765625,352.4157030558307,352.376953125,352.3776550292969,0.038139579268204216,-0.0006103515625,9.1552734375e-05
119.099841,0.1053410246968269,0.10403671387101217,0.1052252948284149,0.10531748831272131,-0.0013043108258147251,-0.00011572986841199007,-2.353638410558523e-05,119.099841,0.0990044251084327,0.0975474001828973,0.0987663641571998,0.09905035793781271,-0.0014570249255353995,-0.00023806095123289628,4.5932829380007645e-05,119.099841,352.3783874511719,352.4164639310265,352.3775634765625,352.378173828125,0.03807647985462381,-0.000823974609375,-0.000213623046875
119.199801,0.1054349243640899,0.1041289182785285,0.1053410246968269,0.10545675456523888,-0.0013060060855613898,-9.389966726300325e-05,2.1830201148986816e-05,119.199801,0.0992723479866981,0.09777356099520886,0.0990044251084327,0.0992424860596656,-0.0014987869914892399,-0.00026792287826539474,-2.986192703249846e-05,119.199801,352.3792419433594,352.41723673971364,352.3783874511719,352.37921142578125,0.037994796354269056,-0.0008544921875,-3.0517578125e-05
119.299761,0.1055605635046958,0.10420586376966381,0.1054349243640899,0.1055288240313529,-0.0013546997350319806,-0.00012563914060589876,-3.173947334289551e-05,119.299761,0.0993071869015693,0.09808516603094898,0.0992723479866981,0.09954027086496349,-0.0012220208706203162,-3.483891487120194e-05,0.0002330839633941928,119.299761,352.37994384765625,352.41801901713296,352.3792419433594,352.3800964355469,0.038075169476712745,-0.000701904296875,0.000152587890625
119.399721,0.1057780534029007,0.10427667525521535,0.1055605635046958,0.1056862026453017,-0.0015013781476853477,-0.0002174898982049006,-9.185075759900185e-05,119.399721,0.0993880778551101,0.0979393950780365,0.0993071869015693,0.0993420258164405,-0.0014486827770735927,-8.0890953540802e-05,-4.605203866960006e-05,119.399721,352.3808288574219,352.4187097919934,352.37994384765625,352.3806457519531,0.03788093457154673,-0.000885009765625,-0.00018310546875
119.499681,0.105878546833992,0.10462040381530527,0.1057780534029007,0.1059955433011056,-0.001258143018686736,-0.0001004934310913086,0.00011699646711359202,119.499681,0.0996355786919593,0.09819699788152317,0.0993880778551101,0.0994689688086509,-0.0014385808104361297,-0.00024750083684919877,-0.00016660988330839677,119.499681,352.3817749023437,352.41953536398717,352.3808288574219,352.3817138671875,0.037760461643472354,-0.0009460449218181566,-6.103515619315658e-05
119.599641,0.1060552895069122,0.10462387671808528,0.105878546833992,0.10597904026508331,-0.0014314127888269274,-0.0001767426729201993,-7.62492418288907e-05,119.599641,0.0997512936592102,0.09849854856291652,0.0996355786919593,0.0998830795288085,-0.001252745096293681,-0.00011571496725090724,0.00013178586959829153,119.599641,352.3826599121094,352.42037930479836,352.3817749023437,352.3827209472655,0.0377193926889845,-0.0008850097656818434,6.103515613631316e-05
119.699601,0.1062768101692199,0.10482984700304215,0.1060552895069122,0.1062320321798324,-0.0014469631661777477,-0.00022152066230769762,-4.477798938749833e-05,119.699601,0.0999220311641693,0.09847795747760217,0.0997512936592102,0.09986700862646111,-0.0014440736865671266,-0.00017073750495909257,-5.5022537708185326e-05,119.699601,352.38360595703125,352.4213216173213,352.3826599121094,352.38354492187506,0.03771566029007545,-0.000946044921875,-6.103515619315658e-05
119.799561,0.1063274964690208,0.10511667849831767,0.1062768101692199,0.1064983308315276,-0.001210817970703132,-5.068629980090056e-05,0.00017083436250679707,119.799561,0.1000154986977577,0.09875815865627287,0.0999220311641693,0.10009276866912839,-0.0012573400414848251,-9.346753358839555e-05,7.726997137069702e-05,119.799561,352.384521484375,352.4222540287391,352.38360595703125,352.3845520019531,0.03773254436407569,-0.00091552734375,3.0517578125e-05
119.899521,0.1063407734036445,0.10496737048454925,0.1063274964690208,0.1063781827688217,-0.001373402919095254,-1.3276934623704384e-05,3.7409365177196174e-05,119.899521,0.0999990701675415,0.09870366938905568,0.1000154986977577,0.10010896623134609,-0.0012954007784858196,1.6428530216189285e-05,0.00010989606380458483,119.899521,352.3853454589844,352.42308612987904,352.384521484375,352.38543701171875,0.03774067089466371,-0.000823974609375,9.1552734375e-05
119.999481,0.1062589362263679,0.10499954270929032,0.1063407734036445,0.10635405033826821,-0.0012593935170775727,8.183717727661133e-05,9.511411190031571e-05,119.999481,0.1003531962633133,0.09865263872722423,0.0999990701675415,0.09998264163732531,-0.0017005575360890673,-0.00035412609577178955,-0.00037055462598797884,119.999481,352.38653564453125,352.42387977182074,352.3853454589844,352.38616943359375,0.03734412728948655,-0.001190185546875,-0.0003662109375
120.099441,0.1059863492846489,0.10500481444944144,0.1062589362263679,0.10617709904909128,-0.000981534835207451,0.00027258694171899966,0.00019074976444238834,120.099441,0.1004123091697692,0.09930805273600593,0.1003531962633133,0.10070732235908508,-0.0011042564337632732,-5.9112906455910386e-05,0.00029501318931587917,120.099441,352.38751220703125,352.4249586509178,352.38653564453125,352.3877258300781,0.037446443886551606,-0.0009765625,0.000213623046875
120.199401,0.1061389669775962,0.10443714207229192,0.1059863492846489,0.1057137623429299,-0.0017018249053042805,-0.00015261769294730443,-0.0004252046346663041,120.199401,0.1004298329353332,0.09890057349354293,0.1004123091697692,0.10047142207622511,-0.0015292594417902622,-1.75237655639926e-05,4.1589140891917786e-05,120.199401,352.38848876953125,352.42594545954654,352.38751220703125,352.38848876953125,0.03745669001528995,-0.0009765625,0.0
120.299361,0.1061161011457443,0.1050739510851337,0.1061389669775962,0.1062915846705435,-0.0010421500606105916,2.2865831851903717e-05,0.00017548352479920815,120.299361,0.1003119647502899,0.09920071131042348,0.1004298329353332,0.10044735670089719,-0.0011112534398664276,0.00011786818504329333,0.00013539195060728593,120.299361,352.3896484375,352.4270181944617,352.38848876953125,352.38946533203125,0.0373697569617093,-0.00115966796875,-0.00018310546875
120.399321,0.1061130389571189,0.10469292090453775,0.1061161011457443,0.10609323531389239,-0.0014201180525811596,3.0621886253912045e-06,-1.9803643226512513e-05,120.399321,0.1003927364945411,0.09886874325793353,0.1003119647502899,0.10019409656524661,-0.0015239932366075681,-8.077174425119571e-05,-0.00019863992929448904,120.399321,352.3908996582031,352.4280097696084,352.3896484375,352.39080810546875,0.03711011140529763,-0.001251220703125,-9.1552734375e-05
120.499281,0.1060642600059509,0.10485880986154263,0.1061130389571189,0.10610997676849351,-0.0012054501444082738,4.877895116800479e-05,4.571676254261359e-05,120.499281,0.1002248153090477,0.09922573157599254,0.1003927364945411,0.1004735082387923,-0.000999083733055156,0.00016792118549339985,0.00024869292974459556,120.499281,352.3918151855469,352.42918279610484,352.3908996582031,352.39215087890625,0.03736761055796478,-0.00091552734375,0.000335693359375
120.599241,0.1063503548502922,0.10463582323035724,0.1060642600059509,0.1060154810547829,-0.0017145316199349697,-0.00028609484434130583,-0.0003348737955093106,120.599241,0.100353330373764,0.0987369228484201,0.1002248153090477,0.1000568941235543,-0.0016164075253438936,-0.00012851506471629748,-0.00029643625020969733,120.599241,352.3929138183594,352.4300936199696,352.3918151855469,352.3927307128906,0.03717980161025025,-0.0010986328125,-0.00018310546875
120.699201,0.1063553318381309,0.10536890688185903,0.1063503548502922,0.10663644969463351,-0.0009864249562718669,-4.976987838689606e-06,0.0002811178565026162,120.699201,0.1003605052828788,0.09934164854058306,0.100353330373764,0.1004818454384803,-0.0010188567422957512,-7.174909114809891e-06,0.00012134015560148759,120.699201,352.3941650390625,352.43123409675434,352.3929138183594,352.3940124511719,0.03706905769183777,-0.001251220703125,-0.000152587890625
120.799994,0.1062927022576332,0.10490388503014059,0.1063553318381309,0.10636030882596959,-0.0013888172274926086,6.262958049770007e-05,6.760656833638967e-05,120.799994,0.1002425476908683,0.09896501230363274,0.1003605052828788,0.10036768019199362,-0.0012775353872355594,0.00011795759201051192,0.00012513250112532182,120.799994,352.3955078125,352.4323966578369,352.3941650390625,352.3954162597656,0.03688884533687542,-0.0013427734375,-9.1552734375e-05
120.899954,0.1061017662286758,0.10489503518526681,0.1062927022576332,0.1062300726771355,-0.0012067310434089873,0.0001909360289573947,0.00012830644845969463,120.899954,0.100233718752861,0.09884911793761215,0.1002425476908683,0.10012459009885778,-0.0013846008152488404,8.828938007299225e-06,-0.0001091286540032127,120.899954,352.3966064453125,352.4337189229566,352.3955078125,352.3968505859375,0.03711247764408654,-0.0010986328125,0.000244140625
120.999914,0.1062656044960022,0.10468981979113129,0.1061017662286758,0.1059108301997184,-0.0015757847048709084,-0.00016383826732639661,-0.0003547742962837913,120.999914,0.0999895930290222,0.09893262966052796,0.100233718752861,0.1002248898148537,-0.001056963368494243,0.00024412572383879227,0.00023529678583149305,120.999914,352.3978881835937,352.43469538734627,352.3966064453125,352.397705078125,0.036807203752573514,-0.0012817382811931566,-0.00018310546869315658
121.099874,0.1062760949134826,0.10507530448096976,0.1062656044960022,0.1064294427633286,-0.0012007904325128382,-1.0490417480399361e-05,0.00015334784984599725,121.099874,0.1000118851661682,0.09858222140974164,0.0999895930290222,0.09974546730518341,-0.001429663756426558,-2.2292137145996094e-05,-0.00026641786098478837,121.099874,352.3991394042969,352.43605103411454,352.3978881835937,352.3991699218749,0.03691162981766638,-0.0012512207031818434,3.0517578011313162e-05
121.199834,0.106172539293766,0.10497474730220835,0.1062760949134826,0.106286585330963,-0.0011977919915576452,0.00010355561971660265,0.00011404603719700201,121.199834,0.0999454110860824,0.09882632415004305,0.1000118851661682,0.1000341773033142,-0.0011190869360393485,6.647408008579603e-05,8.876621723179212e-05,121.199834,352.4002685546875,352.43717888264473,352.3991394042969,352.40039062500006,0.03691032795723004,-0.001129150390625,0.00012207031255684342
121.299794,0.1061741858720779,0.10473386320814651,0.106172539293766,0.10606898367404939,-0.0014403226639313899,-1.6465783119062882e-06,-0.00010520219802850894,121.299794,0.0999902784824371,0.09855789164822264,0.0999454110860824,0.09987893700599661,-0.001432386834214469,-4.486739635470305e-05,-0.00011134147644049908,121.299794,352.4013671875,352.43827592378557,352.4002685546875,352.4013977050781,0.03690873628556801,-0.0010986328125,3.0517578125e-05
121.399754,0.1059840396046638,0.10494057518271675,0.1061741858720779,0.1061758324503898,-0.0010434644219470407,0.0001901462674141069,0.00019179284572601318,121.399754,0.099754512310028,0.09877839169065174,0.0999902784824371,0.10003514587879181,-0.0009761206193762695,0.00023576617240909925,0.0002806335687638023,121.399754,352.40283203125,352.4394244831757,352.4013671875,352.4024658203125,0.036592451925685054,-0.00146484375,-0.0003662109375
121.499714,0.1058619394898414,0.1044373875229965,0.1059840396046638,0.10579389333724969,-0.0014245519668449058,0.0001221001148223877,-6.80461525917192e-05,121.499714,0.0997183546423912,0.09818303240495231,0.099754512310028,0.09951874613761891,-0.0015353222374388936,3.615766763680195e-05,-0.0001996085047722973,121.499714,352.40399169921875,352.44080564387673,352.40283203125,352.404296875,0.036813944657978936,-0.00115966796875,0.00030517578125
121.599674,0.105815939605236,0.1045751596903327,0.1058619394898414,0.10573983937501902,-0.0012407799149033033,4.5999884605407715e-05,-7.610023021697998e-05,121.599674,0.0998502075672149,0.09849821893003749,0.0997183546423912,0.0996821969747544,-0.0013519886371774065,-0.0001318529248236916,-0.00016801059246049355,121.599674,352.405517578125,352.44190645267145,352.40399169921875,352.4051513671875,0.03638887454644646,-0.00152587890625,-0.0003662109375
121.699634,0.1058291122317314,0.10456505790334383,0.105815939605236,0.10576993972063059,-0.0012640543283875677,-1.3172626495402961e-05,-5.9172511100810676e-05,121.699634,0.0999121442437172,0.09866143841737238,0.0998502075672149,0.09998206049203859,-0.0012507058263448168,-6.193667650229717e-05,6.991624832139443e-05,121.699634,352.40704345703125,352.4433920407502,352.405517578125,352.40704345703125,0.036348583718961436,-0.00152587890625,0.0
121.799594,0.105880469083786,0.10455031425095082,0.1058291122317314,0.1058422848582268,-0.0013301548328351759,-5.135685205459595e-05,-3.8184225559192986e-05,121.799594,0.0998321175575256,0.09860776515117523,0.0999121442437172,0.09997408092021949,-0.001224352406350368,8.002668619160047e-05,0.00014196336269389764,121.799594,352.40875244140625,352.44498981058155,352.40704345703125,352.4085693359375,0.03623736917529641,-0.001708984375,-0.00018310546875
121.899554,0.105703093111515,0.10458630034202933,0.105880469083786,0.10593182593584059,-0.001116792769485675,0.00017737597227099333,0.00022873282432558928,121.899554,0.0997500196099281,0.09846642605778262,0.0998321175575256,0.09975209087133399,-0.0012835935521454817,8.209794759748978e-05,2.071261405889313e-06,121.899554,352.41015625,352.4466680087912,352.40875244140625,352.41046142578125,0.03651175879122093,-0.00140380859375,0.00030517578125
121.999514,0.1057683527469635,0.10423605285062171,0.105703093111515,0.10552571713924401,-0.0015322998963417933,-6.525963544849744e-05,-0.00024263560771949078,121.999514,0.0995243117213249,0.09837398788612699,0.0997500196099281,0.09966792166233061,-0.0011503238351979195,0.00022570788860319657,0.0001436099410057068,121.999514,352.41168212890625,352.4479221801348,352.41015625,352.41156005859375,0.03624005122856033,-0.00152587890625,-0.0001220703125
122.099474,0.1059114038944244,0.10452425157335626,0.1057683527469635,0.105833612382412,-0.001387152321068133,-0.00014305114746089587,-7.779151201239842e-05,122.099474,0.0994385629892349,0.09814806655893854,0.0995243117213249,0.09929860383272171,-0.0012904964302963562,8.574873209001022e-05,-0.00013995915651318636,122.099474,352.4131774902344,352.44945318460015,352.41168212890625,352.4132080078125,0.03627569436577005,-0.001495361328125,3.0517578125e-05
122.199434,0.1059386655688285,0.10471538918303867,0.1059114038944244,0.10605445504188529,-0.001223276385789826,-2.7261674404102654e-05,0.00011578947305679321,122.199434,0.0993395522236824,0.09822534992993509,0.0994385629892349,0.09935281425714489,-0.0011142022937473128,9.9010765552493e-05,1.326203346248278e-05,122.199434,352.4143371582031,352.45089253591993,352.4131774902344,352.4146728515625,0.036555377716808835,-0.00115966796875,0.000335693359375
122.299394,0.1058061197400093,0.10457284543549612,0.1059386655688285,0.1059659272432326,-0.001233274304513171,0.0001325458288192055,0.00015980750322330817,122.299394,0.0992294773459434,0.0980109670026949,0.0993395522236824,0.09924054145812991,-0.0012185103432484912,0.00011007487773900815,1.1064112186515151e-05,122.299394,352.4156188964844,352.4520045437523,352.4143371582031,352.4154968261719,0.03638564726793447,-0.00128173828125,-0.0001220703125
122.399354,0.1057743281126022,0.104366465812303,0.1058061197400093,0.10567357391119009,-0.0014078623002992119,3.179162740708785e-05,-0.00010075420141211766,122.399354,0.0992143750190734,0.09786488239164054,0.0992294773459434,0.09911940246820439,-0.0013494926274328634,1.5102326869992355e-05,-9.497255086901579e-05,122.399354,352.4169616699219,352.4532533554228,352.4156188964844,352.4169006347656,0.03629168550094164,-0.0013427734375,-6.103515625e-05
122.499314,0.1056269705295562,0.10451329707358735,0.1057743281126022,0.10574253648519512,-0.0011136734559688555,0.0001473575830460011,0.00011556595563891325,122.499314,0.099222294986248,0.09797684527085744,0.0992143750190734,0.09919927269220341,-0.001245449715390562,-7.919967174599418e-06,-2.3022294044591773e-05,122.499314,352.4183349609375,352.4545976764247,352.4169616699219,352.4183044433594,0.036262715487225705,-0.001373291015625,-3.0517578125e-05
122.599274,0.1053495705127716,0.10422722190969376,0.1056269705295562,0.1054796129465102,-0.0011223486030778468,0.0002774000167845986,0.00013004243373859747,122.599274,0.0991010442376136,0.09789474241566298,0.099222294986248,0.0992302149534226,-0.0012063018219506116,0.00012125074863440777,0.00012917071580900719,122.599274,352.4198913574219,352.4559220893736,352.4183349609375,352.4197082519531,0.036030731951711914,-0.001556396484375,-0.00018310546875
122.699234,0.1054848358035087,0.10384957985346456,0.1053495705127716,0.10507217049598701,-0.0016352559500441427,-0.0001352652907370966,-0.00041266530752169517,122.699234,0.0991856753826141,0.09764059703408413,0.0991010442376136,0.09897979348897919,-0.0015450783485299602,-8.46311450004994e-05,-0.00020588189363490716,122.699234,352.4212646484375,352.4574308720058,352.4198913574219,352.42144775390625,0.036166223568272926,-0.001373291015625,0.00018310546875
122.799194,0.1055315360426902,0.10446235555575552,0.1054848358035087,0.1056201010942458,-0.001069180486934676,-4.67002391814908e-05,8.856505155560579e-05,122.799194,0.0990226417779922,0.09810080900559709,0.0991856753826141,0.0992703065276146,-0.0009218327723951175,0.0001630336046218872,0.0002476647496223866,122.799194,352.4226989746094,352.4588557694413,352.4212646484375,352.4226379394531,0.0361567948319248,-0.001434326171875,-6.103515625e-05
122.899987,0.1054476499557495,0.10414592284924187,0.1055315360426902,0.10557823628187168,-0.0013017271065076247,8.388608694069599e-05,0.0001305863261221868,122.899987,0.0990562960505485,0.09755228045101345,0.0990226417779922,0.09885960817337032,-0.001504015599535044,-3.3654272556291054e-05,-0.00019668787717817826,122.899987,352.424072265625,352.46024669983353,352.4226989746094,352.42413330078125,0.03617443420853306,-0.001373291015625,6.103515625e-05
122.999947,0.1055401191115379,0.10411678964376657,0.1054476499557495,0.1053637638688088,-0.0014233294677713365,-9.246915578840775e-05,-0.00017635524272910374,122.999947,0.0992483124136924,0.097857185241989,0.0990562960505485,0.09908995032310479,-0.0013911271717034074,-0.00019201636314390702,-0.00015836209058761597,122.999947,352.42535400390625,352.4615355228888,352.424072265625,352.4254455566406,0.03618151898257338,-0.00128173828125,9.1552734375e-05
123.099907,0.1054984107613563,0.1043985059626489,0.1055401191115379,0.10563258826732631,-0.0010999047987074045,4.1708350181607345e-05,0.0001341775059700151,123.099907,0.0991490557789802,0.09814196763174814,0.0992483124136924,0.09944032877683631,-0.001007088147232063,9.925663471220536e-05,0.0002912729978561124,123.099907,352.4267578125,352.4628415545793,352.42535400390625,352.4266357421875,0.0360837420793132,-0.00140380859375,-0.0001220703125
123.199867,0.1052365973591804,0.10406734077853666,0.1054984107613563,0.10545670241117469,-0.001169256580643735,0.0002618134021759033,0.00022010505199429597,123.199867,0.0988431572914123,0.09766683707656681,0.0991490557789802,0.099049799144268,-0.0011763202148454832,0.0003058984875679016,0.00020664185285569625,123.199867,352.4283142089844,352.46426515127064,352.4267578125,352.42816162109375,0.035950942286262944,-0.001556396484375,-0.000152587890625
123.299827,0.105166845023632,0.10368198852047951,0.1052365973591804,0.10497478395700449,-0.0014848565031524846,6.975233554840088e-05,-0.00019206106662750244,123.299827,0.0985481217503547,0.09730060483497499,0.0988431572914123,0.0985372588038444,-0.0012475169153797067,0.00029503554105760055,-1.0862946510301064e-05,123.299827,352.4300842285156,352.46567751078015,352.4283142089844,352.42987060546875,0.035593282264528625,-0.00177001953125,-0.000213623046875
123.399787,0.1051815673708915,0.10388063238493454,0.105166845023632,0.1050970926880836,-0.0013009349859569586,-1.4722347259507607e-05,-8.447468280790849e-05,123.399787,0.0983589515089988,0.09719637069901832,0.0985481217503547,0.0982530862092971,-0.0011625808099804819,0.000189170241355896,-0.00010586529970170455,123.399787,352.4317626953125,352.46732276500654,352.4300842285156,352.4318542480469,0.035560069694042795,-0.001678466796875,9.1552734375e-05
123.499747,0.1050275638699531,0.10391218291458097,0.1051815673708915,0.10519628971815101,-0.0011153809553721278,0.00015400350093840165,0.00016872584819790926,123.499747,0.0980163067579269,0.09707360807992825,0.0983589515089988,0.0981697812676429,-0.000942698677998649,0.0003426447510719022,0.00015347450971600618,123.499747,352.4336242675781,352.46892429667236,352.4317626953125,352.4334411621094,0.03530002909423047,-0.001861572265625,-0.00018310546875
123.599707,0.1049850508570671,0.10351633948699492,0.1050275638699531,0.1048735603690147,-0.0014687113700721788,4.251301288600573e-05,-0.00011149048805239592,123.599707,0.0980758816003799,0.09650408500088725,0.0980163067579269,0.097673662006855,-0.0015717965994926503,-5.957484245300293e-05,-0.0004022195935249051,123.599707,352.4352111816406,352.4707162308319,352.4336242675781,352.43548583984375,0.035505049191272064,-0.0015869140625,0.000274658203125
123.699667,0.1048898324370384,0.10380158122830006,0.1049850508570671,0.10494253784418109,-0.0010882512087383306,9.52184200287004e-05,5.270540714269467e-05,123.699667,0.0979658290743827,0.09701937624578565,0.0980758816003799,0.0981354564428329,-0.0009464528285970525,0.0001100525259972035,0.00016962736845020643,123.699667,352.4366455078125,352.47228691153384,352.4352111816406,352.4367980957031,0.03564140372134261,-0.001434326171875,0.000152587890625
123.799627,0.1051312759518623,0.10347446524399577,0.1048898324370384,0.1047946140170097,-0.001656810707866524,-0.0002414435148238997,-0.0003366619348526001,123.799627,0.0981360748410224,0.09653407512320364,0.0979658290743827,0.0978557765483855,-0.0016019997178187556,-0.0001702457666396956,-0.0002802982926368991,123.799627,352.43829345703125,352.47375929922435,352.4366455078125,352.4380798339844,0.03546584219310489,-0.00164794921875,-0.000213623046875
123.899587,0.1049455404281616,0.10415757127302633,0.1051312759518623,0.1053727194666862,-0.0007879691551352652,0.00018573552370070023,0.00042717903852459993,123.899587,0.0979706048965454,0.09714116880549303,0.0981360748410224,0.09830632060766209,-0.0008294360910523629,0.00016546994447699803,0.0003357157111166936,123.899587,352.4398803710937,352.4755129433105,352.43829345703125,352.43994140625,0.03563257221679805,-0.0015869140624431566,6.103515630684342e-05
123.999547,0.1050106212496757,0.10332195816452341,0.1049455404281616,0.1047598049044609,-0.001688663085152281,-6.508082151410188e-05,-0.0002508163452148021,123.999547,0.0980347320437431,0.09638503810877407,0.0979706048965454,0.0978051349520684,-0.0016496939349690404,-6.412714719770951e-05,-0.00022959709167470754,123.999547,352.4413452148437,352.47697837984884,352.4398803710937,352.44146728515614,0.03563316500515157,-0.00146484375,0.00012207031244315658
124.099507,0.1048775389790535,0.10391153466913076,0.1050106212496757,0.1050757020711898,-0.0009660043099227328,0.0001330822706221979,0.0001981630921362998,124.099507,0.0980477631092071,0.09695789064768723,0.0980347320437431,0.09809885919094082,-0.0010898724615198696,-1.303106546399202e-05,5.109608173371749e-05,124.099507,352.4429626464844,352.4784572643067,352.4413452148437,352.4428100585937,0.035494617822337204,-0.0016174316406818434,-0.00015258789068184342
124.199467,0.1049613282084465,0.10344622611724269,0.1048775389790535,0.1047444567084313,-0.0015151020912038127,-8.378922939300537e-05,-0.00021687150001520328,124.199467,0.0978300422430038,0.09668671215980507,0.0980477631092071,0.09806079417467109,-0.0011433300831987375,0.00021772086620329423,0.00023075193166728625,124.199467,352.44464111328125,352.479965061229,352.4429626464844,352.44458007812506,0.03532394794774518,-0.001678466796875,-6.103515619315658e-05
124.299427,0.1045958250761032,0.10372245724706317,0.1049613282084465,0.10504511743783951,-0.000873367829040031,0.0003655031323433061,0.0004492923617363115,124.299427,0.0979670137166976,0.09643528739861104,0.0978300422430038,0.09761232137680051,-0.0015317263180865542,-0.00013697147369379215,-0.00035469233989708637,124.299427,352.44635009765625,352.48170699319445,352.44464111328125,352.4463195800781,0.035356895538200206,-0.001708984375,-3.0517578125e-05
124.399387,0.1044531464576721,0.10308658883595721,0.1045958250761032,0.10423032194375989,-0.0013665576217148923,0.0001426786184310913,-0.0002228245139122148,124.399387,0.097769871354103,0.09676840876960431,0.0979670137166976,0.09810398519039139,-0.001001462584498694,0.00019714236259459061,0.00033411383628838276,124.399387,352.44781494140625,352.4831580504406,352.44635009765625,352.44805908203125,0.035343109034329245,-0.00146484375,0.000244140625
124.499347,0.1043064445257186,0.10309018183535393,0.1044531464576721,0.10431046783924101,-0.0012162626903646778,0.00014670193195349956,4.023313522408256e-06,124.499347,0.0976812914013862,0.0962795252968603,0.097769871354103,0.09757272899150841,-0.0014017661045259006,8.857995271679964e-05,-0.00010856240987779098,124.499347,352.4494934082031,352.4847201031583,352.44781494140625,352.44927978515625,0.03522669495515629,-0.001678466796875,-0.000213623046875
124.599307,0.1043566465377807,0.1029921908416069,0.1043064445257186,0.1041597425937651,-0.0013644556961737997,-5.020201206210051e-05,-0.00019690394401560007,124.599307,0.097615547478199,0.09638900605462325,0.0976812914013862,0.0975927114486694,-0.0012265414235757555,6.574392318720035e-05,-2.283602952959929e-05,124.599307,352.4513244628906,352.4863379048871,352.4494934082031,352.451171875,0.03501344199645473,-0.0018310546875,-0.000152587890625
124.699267,0.1039813235402107,0.10315884566132916,0.1043566465377807,0.1044068485498428,-0.000822477878881539,0.0003753229975700101,0.0004255250096321106,124.699267,0.0974812135100364,0.09636468488326548,0.097615547478199,0.0975498035550118,-0.0011165286267709185,0.000134333968162606,6.859004497540566e-05,124.699267,352.4532470703125,352.4881287563467,352.4513244628906,352.4531555175781,0.03488168603422537,-0.001922607421875,-9.1552734375e-05
124.799227,0.1037983745336532,0.10235174935520903,0.1039813235402107,0.10360600054264069,-0.0014466251784441692,0.00018294900655749236,-0.00019237399101251773,124.799227,0.0973368138074874,0.09599949303125847,0.0974812135100364,0.0973468795418738,-0.0013373207762289313,0.0001443997025489946,1.006573438638858e-05,124.799227,352.4552001953125,352.48990061662204,352.4532470703125,352.4551696777344,0.03470042130953743,-0.001953125,-3.0517578125e-05
124.90002,0.1037363708019256,0.10249682806804349,0.1037983745336532,0.10361542552709571,-0.001239542733882118,6.20037317276001e-05,-0.00012094527482989226,124.90002,0.0969326421618461,0.09601357103252453,0.0973368138074874,0.09719241410493841,-0.0009190711293215748,0.00040417164564129915,0.00025977194309230456,124.90002,352.4571838378906,352.49185131934433,352.4552001953125,352.4571533203125,0.03466748145370957,-0.001983642578125,-3.0517578125e-05
124.99998,0.1037329286336898,0.1023740872115798,0.1037363708019256,0.103674367070198,-0.0013588414221099993,3.442168235806564e-06,-5.8561563491793533e-05,124.99998,0.0968552008271217,0.09540398652822225,0.0969326421618461,0.0965284705162048,-0.001451214298899453,7.744133472439851e-05,-0.00032673031091690063,124.99998,352.4588928222656,352.4937939452491,352.4571838378906,352.45916748046875,0.034901122983455934,-0.001708984375,0.000274658203125
125.09994,0.1034485027194023,0.10252894835115844,0.1037329286336898,0.10372948646545399,-0.0009195543682438551,0.00028442591428749775,0.0002809837460516912,125.09994,0.0969883874058723,0.0957259602010939,0.0968552008271217,0.09677775949239731,-0.001262427204778399,-0.00013318657875059647,-0.000210627913474995,125.09994,352.46051025390625,352.4954020334666,352.4588928222656,352.4606018066406,0.03489177956032563,-0.001617431640625,9.1552734375e-05
125.1999,0.1032512485980987,0.1019843697929005,0.1034485027194023,0.1031640768051148,-0.0012668788051981988,0.00019725412130359998,-8.717179298389777e-05,125.1999,0.0968302711844444,0.0957603831085959,0.0969883874058723,0.0971215739846229,-0.001069888075848499,0.0001581162214279036,0.0002913028001785001,125.1999,352.46240234375,352.49694630227015,352.46051025390625,352.4621276855469,0.034543958520146134,-0.00189208984375,-0.000274658203125
